Main.Studies.MarkerTracking.t,Main.Studies.MarkerTracking.JointAngleOutputs.OutputFile_TrunkFull.PelvisPosX,Main.Studies.MarkerTracking.JointAngleOutputs.OutputFile_TrunkFull.PelvisPosY,Main.Studies.MarkerTracking.JointAngleOutputs.OutputFile_TrunkFull.PelvisPosZ,Main.Studies.MarkerTracking.JointAngleOutputs.OutputFile_TrunkFull.PelvisRotVec[0],Main.Studies.MarkerTracking.JointAngleOutputs.OutputFile_TrunkFull.PelvisRotVec[1],Main.Studies.MarkerTracking.JointAngleOutputs.OutputFile_TrunkFull.PelvisRotVec[2],Main.Studies.MarkerTracking.JointAngleOutputs.OutputFile_TrunkFull.SacrumPelvis[0],Main.Studies.MarkerTracking.JointAngleOutputs.OutputFile_TrunkFull.SacrumPelvis[1],Main.Studies.MarkerTracking.JointAngleOutputs.OutputFile_TrunkFull.SacrumPelvis[2],Main.Studies.MarkerTracking.JointAngleOutputs.OutputFile_TrunkFull.L5Sacrum[0],Main.Studies.MarkerTracking.JointAngleOutputs.OutputFile_TrunkFull.L5Sacrum[1],Main.Studies.MarkerTracking.JointAngleOutputs.OutputFile_TrunkFull.L5Sacrum[2],Main.Studies.MarkerTracking.JointAngleOutputs.OutputFile_TrunkFull.L4L5[0],Main.Studies.MarkerTracking.JointAngleOutputs.OutputFile_TrunkFull.L4L5[1],Main.Studies.MarkerTracking.JointAngleOutputs.OutputFile_TrunkFull.L4L5[2],Main.Studies.MarkerTracking.JointAngleOutputs.OutputFile_TrunkFull.L3L4[0],Main.Studies.MarkerTracking.JointAngleOutputs.OutputFile_TrunkFull.L3L4[1],Main.Studies.MarkerTracking.JointAngleOutputs.OutputFile_TrunkFull.L3L4[2],Main.Studies.MarkerTracking.JointAngleOutputs.OutputFile_TrunkFull.L2L3[0],Main.Studies.MarkerTracking.JointAngleOutputs.OutputFile_TrunkFull.L2L3[1],Main.Studies.MarkerTracking.JointAngleOutputs.OutputFile_TrunkFull.L2L3[2],Main.Studies.MarkerTracking.JointAngleOutputs.OutputFile_TrunkFull.L1L2[0],Main.Studies.MarkerTracking.JointAngleOutputs.OutputFile_TrunkFull.L1L2[1],Main.Studies.MarkerTracking.JointAngleOutputs.OutputFile_TrunkFull.L1L2[2],Main.Studies.MarkerTracking.JointAngleOutputs.OutputFile_TrunkFull.T12L1[0],Main.Studies.MarkerTracking.JointAngleOutputs.OutputFile_TrunkFull.T12L1[1],Main.Studies.MarkerTracking.JointAngleOutputs.OutputFile_TrunkFull.T12L1[2],Main.Studies.MarkerTracking.JointAngleOutputs.OutputFile_TrunkFull.T1C7[0],Main.Studies.MarkerTracking.JointAngleOutputs.OutputFile_TrunkFull.T1C7[1],Main.Studies.MarkerTracking.JointAngleOutputs.OutputFile_TrunkFull.T1C7[2],Main.Studies.MarkerTracking.JointAngleOutputs.OutputFile_TrunkFull.C7C6[0],Main.Studies.MarkerTracking.JointAngleOutputs.OutputFile_TrunkFull.C7C6[1],Main.Studies.MarkerTracking.JointAngleOutputs.OutputFile_TrunkFull.C7C6[2],Main.Studies.MarkerTracking.JointAngleOutputs.OutputFile_TrunkFull.C6C5[0],Main.Studies.MarkerTracking.JointAngleOutputs.OutputFile_TrunkFull.C6C5[1],Main.Studies.MarkerTracking.JointAngleOutputs.OutputFile_TrunkFull.C6C5[2],Main.Studies.MarkerTracking.JointAngleOutputs.OutputFile_TrunkFull.C5C4[0],Main.Studies.MarkerTracking.JointAngleOutputs.OutputFile_TrunkFull.C5C4[1],Main.Studies.MarkerTracking.JointAngleOutputs.OutputFile_TrunkFull.C5C4[2],Main.Studies.MarkerTracking.JointAngleOutputs.OutputFile_TrunkFull.C4C3[0],Main.Studies.MarkerTracking.JointAngleOutputs.OutputFile_TrunkFull.C4C3[1],Main.Studies.MarkerTracking.JointAngleOutputs.OutputFile_TrunkFull.C4C3[2],Main.Studies.MarkerTracking.JointAngleOutputs.OutputFile_TrunkFull.C3C2[0],Main.Studies.MarkerTracking.JointAngleOutputs.OutputFile_TrunkFull.C3C2[1],Main.Studies.MarkerTracking.JointAngleOutputs.OutputFile_TrunkFull.C3C2[2],Main.Studies.MarkerTracking.JointAngleOutputs.OutputFile_TrunkFull.C2C1,Main.Studies.MarkerTracking.JointAngleOutputs.OutputFile_TrunkFull.C1C0
  2.291666666666667e+00,  3.222702310268939e-02,  1.624397818231283e-01,  9.735343731419305e-01,  1.068631600214112e-02,  2.121717388492893e+00,  2.094287808921662e+00, -4.680924180880299e-04,  1.095477903436067e-15,  6.341414375144968e-04, -1.499846917865142e-03,  1.343609829820569e-03,  2.031895932925096e-03, -2.648560753807448e-03,  2.961542887478818e-03,  3.588099398456758e-03, -3.810764100644559e-03,  4.640871047129069e-03,  5.162577583902730e-03, -4.915770919963957e-03,  6.297527162395238e-03,  6.659569600406319e-03, -6.015632133500172e-03,  7.812675873411227e-03,  8.149590681849610e-03, -6.587640228348168e-03,  9.454563959788428e-03,  8.924510380450232e-03,  4.440892098500626e-16, -5.233660727022027e-15, -3.066991105526995e-15,  0.000000000000000e+00,  4.638650574761982e-15,  5.315192730392937e-15,  0.000000000000000e+00, -4.046242507715903e-15, -4.787836793695988e-15, -1.110223024625157e-16, -1.908195823574488e-17,  1.665334536937735e-16, -1.110223024625157e-16,  5.535502611841991e-15,  3.150257832373882e-15,  1.110223024625157e-16, -1.359155843427829e-15,  1.415534356397075e-15, -1.929879867024198e-15,  3.427813588530171e-15
  2.300000000000000e+00,  2.418618498661267e-02,  1.625233525182405e-01,  9.720746402991518e-01,  8.035295849049386e-03,  2.124657177447563e+00,  2.092062954410675e+00, -5.150787702096613e-04,  1.733422480457350e-15,  6.218050069768480e-04, -1.650399100913525e-03,  1.291681785827866e-03,  1.992367932454787e-03, -2.914418954848869e-03,  2.847084712250149e-03,  3.518297401017555e-03, -4.193282374743579e-03,  4.461509933098503e-03,  5.062146077609466e-03, -5.409207973139128e-03,  6.054139342307437e-03,  6.530015982020364e-03, -6.619471458251614e-03,  7.510730347686530e-03,  7.991050562215343e-03, -7.248896791067911e-03,  9.089162485096216e-03,  8.750895164828545e-03, -6.661338147750939e-16,  4.068793912903601e-15,  4.579669976578771e-15,  3.330669073875470e-16, -3.210973154033070e-15, -8.326672684688674e-16,  0.000000000000000e+00,  6.163472510145596e-15,  3.899658373995862e-15, -5.551115123125783e-16, -1.370084601326482e-14, -1.147693051706256e-14,  3.330669073875470e-16,  4.737529812892660e-15,  4.454769886308441e-15, -1.110223024625157e-16,  3.851086116668512e-16, -2.289834988289385e-15,  1.635844237846129e-15, -6.245004513516506e-16
  2.308333333333333e+00,  1.606187623188587e-02,  1.626221625987393e-01,  9.705096364048966e-01,  5.521772905353192e-03,  2.127793087762084e+00,  2.089890986285209e+00, -5.603597716727532e-04, -3.592178739948895e-15,  6.065844116668641e-04, -1.795487053331359e-03,  1.243442663525156e-03,  1.943598582495675e-03, -3.170627939943226e-03,  2.740757543166424e-03,  3.432176221077279e-03, -4.561917302696982e-03,  4.294890471802802e-03,  4.938234439808883e-03, -5.884735927916268e-03,  5.828041574744914e-03,  6.370173701134609e-03, -7.201394678781530e-03,  7.230234761378400e-03,  7.795444953891363e-03, -7.886153314123588e-03,  8.749718803549718e-03,  8.536690016352964e-03, -4.440892098500626e-16,  4.511148399277687e-15,  4.787836793695988e-15,  5.551115123125783e-16, -1.460203485903477e-15, -1.720845688168993e-15, -4.440892098500627e-16,  2.524022657546255e-16,  3.747002708109904e-16,  2.220446049250313e-16, -4.306451029112424e-16, -4.163336342344337e-16, -2.220446049250313e-16,  3.930016034825456e-15,  4.093947403305264e-15, -3.330669073875470e-16, -2.844079138863975e-15, -2.942091015256665e-15,  7.186091999233923e-16,  3.441691376337985e-15
  2.316666666666666e+00,  7.848754069088984e-03,  1.627445686182190e-01,  9.688562297095513e-01,  3.180272780467658e-03,  2.131029317287922e+00,  2.087846555247646e+00, -6.022974563949854e-04, -8.894794885955171e-16,  5.886879889770723e-04, -1.929862456013384e-03,  1.199217496339356e-03,  1.886255431048474e-03, -3.407919768583552e-03,  2.643277808773613e-03,  3.330914673236719e-03, -4.903334119607826e-03,  4.142135339020496e-03,  4.792538755566404e-03, -6.325153339183644e-03,  5.620757298132092e-03,  6.182230656429831e-03, -7.740351675458151e-03,  6.973079083426216e-03,  7.565451278952866e-03, -8.476358086267179e-03,  8.438520074179870e-03,  8.284826945004365e-03, -6.661338147750938e-16,  3.711224036417881e-15,  1.137978600240785e-15,  2.220446049250312e-16, -1.195224474948019e-15,  1.540434446667404e-15,  2.220446049250313e-16, -3.320477573454105e-15, -3.413935800722356e-15,  0.000000000000000e+00,  4.504209505373779e-15,  1.845745778439322e-15,  0.000000000000000e+00, -4.471032918895722e-15, -1.817990202823693e-15, -2.220446049250313e-16,  4.614798126967300e-15,  1.984523656517467e-15, -2.670389950831797e-15, -8.326672684688674e-16
  2.325000000000000e+00, -4.611963674019393e-04,  1.628982401971498e-01,  9.671332068668953e-01,  1.036841900058699e-03,  2.134270678021646e+00,  2.086015480111721e+00, -6.390958724868101e-04, -2.081668234622220e-17,  5.684063086613452e-04, -2.047770776731477e-03,  1.159080154261871e-03,  1.821269512594558e-03, -3.616132584891939e-03,  2.554808331034756e-03,  3.216156859558791e-03, -5.202911890116990e-03,  4.003499684089785e-03,  4.627424568162314e-03, -6.711599640671070e-03,  5.432632742682807e-03,  5.969238327465269e-03, -8.213261993483616e-03,  6.739692845043977e-03,  7.304803759129066e-03, -8.994236002717326e-03,  8.156086097162292e-03,  7.999395248240683e-03,  0.000000000000000e+00,  3.363195139050035e-15,  3.441691376337985e-15, -3.330669073875470e-16, -2.367463863839347e-15, -2.400857290751901e-15,  3.330669073875469e-16,  3.338150068865619e-15,  3.358424649491098e-15,  0.000000000000000e+00, -1.888680184469748e-15, -1.915134717478395e-15, -1.110223024625157e-16, -4.972151163018523e-16, -5.273559366969494e-16,  1.110223024625157e-16, -3.561604136614882e-15, -8.465450562766819e-16,  2.501471252358555e-15,  3.455569164145799e-15
  2.333333333333333e+00, -8.879132824782185e-03,  1.630890799445066e-01,  9.653603635742782e-01, -8.917837477605234e-04,  2.137434132125246e+00,  2.084485340436486e+00, -6.689949443210868e-04, -4.131081456086632e-15,  5.461208564523071e-04, -2.143572436841908e-03,  1.122800497456161e-03,  1.749863171644008e-03, -3.785307528079631e-03,  2.474841842839046e-03,  3.090061302750777e-03, -5.446321749339246e-03,  3.878188596629817e-03,  4.445997572225475e-03, -7.025591028223803e-03,  5.262589238122417e-03,  5.735202966788399e-03, -8.597506237439958e-03,  6.528737854124174e-03,  7.018405011327656e-03, -9.415016858797979e-03,  7.900797450001225e-03,  7.685763717823631e-03,  1.110223024625157e-16,  1.579248884442386e-15, -1.137978600240785e-15, -1.110223024625157e-16, -3.343137398859053e-15, -3.316791286067655e-15, -3.330669073875471e-16, -3.762181538524701e-16, -3.469446951953615e-16,  5.551115123125784e-16,  8.384135399830408e-16,  7.910339050454242e-16, -2.220446049250313e-16, -1.187743479957870e-15,  1.582067810090848e-15, -1.110223024625157e-16, -1.613401252875679e-15, -4.371503159461554e-15,  5.316276932565422e-15, -1.318389841742373e-15
  2.341666666666666e+00, -1.741937260706239e-02,  1.633204376238515e-01,  9.635577572290979e-01, -2.598745763417359e-03,  2.140456796398701e+00,  2.083337621015316e+00, -6.904184498810832e-04, -2.004256198646782e-15,  5.223105744054622e-04, -2.212216955620824e-03,  1.089845192581426e-03,  1.673571019140927e-03, -3.906526017938098e-03,  2.402202787526275e-03,  2.955337952968265e-03, -5.620731593938924e-03,  3.764359926393995e-03,  4.252156859245616e-03, -7.250574475007373e-03,  5.108127040121493e-03,  5.485154285012285e-03, -8.872827783949938e-03,  6.337112942202303e-03,  6.712410100335658e-03, -9.716517890655071e-03,  7.668901232196855e-03,  7.350672684902873e-03,  0.000000000000000e+00,  4.250072516143177e-17, -1.387778780781446e-17,  0.000000000000000e+00,  1.152290068917594e-15,  1.151856388048600e-15, -4.440892098500626e-16,  1.071191746415678e-16, -2.525757381022231e-15,  5.551115123125783e-16, -1.698294282981294e-15,  9.020562075079397e-16,  1.110223024625157e-16,  1.892583312290697e-15,  1.915134717478395e-15, -6.661338147750939e-16,  4.325966668217163e-16, -2.303712776097200e-15, -5.499073418846478e-16,  6.938893903907228e-17
  2.350000000000000e+00, -2.609892070501482e-02,  1.635927841092045e-01,  9.617452529249587e-01, -4.086045257382313e-03,  2.143299494812146e+00,  2.082642328947167e+00, -7.020598558178153e-04, -1.509209470661070e-16,  4.975398729516096e-04, -2.249517980244510e-03,  1.059444283714537e-03,  1.594201521155380e-03, -3.972395426821193e-03,  2.335194052249058e-03,  2.815180357624916e-03, -5.715504869705582e-03,  3.659354221165033e-03,  4.050497323205126e-03, -7.372829146430988e-03,  4.965637349246993e-03,  5.225019556961598e-03, -9.022435880394504e-03,  6.160341053584068e-03,  6.394072477488984e-03, -9.880351764261584e-03,  7.454979503684024e-03,  7.002065309337622e-03,  1.110223024625156e-16,  4.787836793695987e-16,  3.150257832373881e-15, -2.220446049250313e-16,  4.659033575604710e-15,  1.762479051592436e-15,  0.000000000000000e+00, -4.067926551165613e-16, -1.665334536937735e-16,  3.330669073875470e-16, -3.541004295337657e-15, -3.580469254416130e-15, -1.110223024625157e-16, -2.762547135493065e-16,  2.470246229790973e-15,  1.110223024625157e-16,  2.635044960008770e-15,  2.539635168830046e-15, -1.647553621308973e-15,  1.817990202823694e-15
  2.358333333333333e+00, -3.493650646402353e-02,  1.639037932106625e-01,  9.599423337534678e-01, -5.362383388883961e-03,  2.145946641248635e+00,  2.082454760625656e+00, -7.029162196805095e-04, -8.899131697724991e-16,  4.724245827290570e-04, -2.252261914243068e-03,  1.030701966512871e-03,  1.513727902761135e-03, -3.977240905257552e-03,  2.271841132960671e-03,  2.673073009949686e-03, -5.722476571316812e-03,  3.560077344198282e-03,  3.846032472558152e-03, -7.381822431541838e-03,  4.830921511871958e-03,  4.961266057556553e-03, -9.033441335240693e-03,  5.993213362781536e-03,  6.071306414513904e-03, -9.892403694210848e-03,  7.252728768108275e-03,  6.648608406780911e-03,  1.110223024625157e-16,  1.526122977990596e-15,  1.720845688168993e-15, -4.440892098500627e-16, -2.395653120323971e-15, -5.065392549852278e-15,  0.000000000000000e+00,  2.165368578888049e-15,  2.067790383364354e-15,  2.220446049250313e-16, -4.025859506873175e-15, -1.137978600240785e-15, -3.330669073875470e-16, -1.027823659516258e-16, -2.969846590872294e-15,  1.110223024625157e-16, -1.441988889405721e-15,  1.595945597898663e-15,  2.052611552949557e-15, -1.054711873393899e-15
  2.366666666666667e+00, -4.395111868282100e-02,  1.642486783251585e-01,  9.581680686345373e-01, -6.441541942692933e-03,  2.148403813255316e+00,  2.082813997884140e+00, -6.922897618062774e-04,  7.615436275179689e-16,  4.475798846740628e-04, -2.218212954090404e-03,  1.002702199830960e-03,  1.434121307209889e-03, -3.917114276004601e-03,  2.210124920402971e-03,  2.532496727000527e-03, -5.635966039164031e-03,  3.463365260373509e-03,  3.643770526449463e-03, -7.270226450526789e-03,  4.699686024246827e-03,  4.700354238647714e-03, -8.896876718969432e-03,  5.830403373813860e-03,  5.752017833465149e-03, -9.742853565487465e-03,  7.055703129399187e-03,  6.298959649292840e-03, -1.110223024625157e-16, -9.861902960928148e-16, -8.465450562766819e-16,  2.220446049250314e-16, -7.138387103644563e-15, -7.160938508832261e-15, -1.110223024625157e-16,  6.315260814293566e-15,  6.397660179402465e-15, -2.220446049250313e-16, -5.138250935843302e-15, -5.204170427930420e-15, -1.110223024625157e-16, -1.939420846142070e-15,  8.187894806610529e-16,  2.220446049250313e-16, -1.929879867024198e-15, -4.315992008230296e-15,  4.852021562307129e-15,  5.953570969552400e-15
  2.375000000000000e+00, -5.316012866576233e-02,  1.646207287250847e-01,  9.564411763567625e-01, -7.341953660544243e-03,  2.150693931293211e+00,  2.083743047278641e+00, -6.697730334715192e-04, -8.274631196926910e-16,  4.235544353155482e-04, -2.146065565481738e-03,  9.745779597995531e-04,  1.357139722442359e-03, -3.789710112498210e-03,  2.148134347542620e-03,  2.396555917454936e-03, -5.452656212547874e-03,  3.366223241605238e-03,  3.448178125534302e-03, -7.033762294985484e-03,  4.567867127408300e-03,  4.448045932177640e-03, -8.607505754444793e-03,  5.666869610722790e-03,  5.443257726316307e-03, -9.425967199347492e-03,  6.857801610412303e-03,  5.960840486149904e-03, -3.330669073875469e-16, -2.616830363511013e-15, -4.884981308350688e-15,  1.110223024625157e-16,  4.015017485148320e-15,  6.133982211053990e-15,  1.110223024625157e-16,  1.106753577673203e-15,  1.249000902703301e-15, -1.110223024625156e-16,  6.670011765130821e-16, -2.206568261442498e-15, -1.110223024625157e-16, -1.042568809062061e-15, -6.106226635438361e-16,  1.110223024625157e-16, -6.102757188486407e-15, -5.773159728050814e-15,  4.303848943898458e-15,  1.526556658859590e-15
  2.383333333333333e+00, -6.257724735934098e-02,  1.650121371087303e-01,  9.547801726365824e-01, -8.086328445547998e-03,  2.152851513569932e+00,  2.085250810967155e+00, -6.352140217978393e-04, -1.402957644171950e-15,  4.007608367506189e-04, -2.035332673556644e-03,  9.455717018316343e-04,  1.284105194987792e-03, -3.594168295385771e-03,  2.084199658272802e-03,  2.267585166659894e-03, -5.171309546909516e-03,  3.266034704885989e-03,  3.262614284326127e-03, -6.670833569709897e-03,  4.431914194218108e-03,  4.208674165682130e-03, -8.163374866841357e-03,  5.498207185992242e-03,  5.150328598046909e-03, -8.939605261499811e-03,  6.653693605921274e-03,  5.640057621339767e-03, -3.330669073875470e-16,  4.676814491233472e-15,  4.163336342344337e-15,  5.551115123125782e-16,  4.718447854656914e-16,  4.024558464266191e-16, -2.220446049250313e-16, -4.123437702396870e-15, -6.411537967210279e-15, -1.110223024625157e-16,  2.420806610725634e-15,  5.093148125467906e-15, -1.110223024625157e-16,  4.264817665688980e-15,  1.179611963664229e-15,  1.110223024625157e-16, -9.580010396081917e-15, -6.161737786669619e-15,  7.498342224909749e-15,  3.080868893334809e-15
  2.391666666666667e+00, -7.221066328704451e-02,  1.654151282771746e-01,  9.532034566189849e-01, -8.700305272559763e-03,  2.154913635152376e+00,  2.087335355637746e+00, -5.886462887164898e-04, -1.569924777842714e-16,  3.794345318321467e-04, -1.886121816396249e-03,  9.151366518466385e-04,  1.215772123428420e-03, -3.330678724809734e-03,  2.017115670181679e-03,  2.146916657508831e-03, -4.792199271638349e-03,  3.160911075105092e-03,  3.088995755051920e-03, -6.181792732383025e-03,  4.289264483175723e-03,  3.984711491860638e-03, -7.564915373200492e-03,  5.321236777270514e-03,  4.876256213607366e-03, -8.284240081606022e-03,  6.439531636923120e-03,  5.339924530564202e-03, -1.110223024625157e-16, -2.899590290095233e-15, -4.912736883966318e-15, -2.220446049250314e-16, -3.022755656889587e-15, -2.914335439641036e-15,  2.220446049250313e-16, -1.729519305548877e-15, -1.568190022283034e-15, -1.110223024625156e-16,  8.724791722425350e-15,  7.591149930874506e-15,  4.440892098500626e-16, -5.715046491605591e-15, -4.940492459581947e-15, -6.661338147750939e-16,  4.345482307321902e-15,  3.858025010572419e-15,  2.968111867396317e-15,  5.134781488891349e-16
  2.400000000000000e+00, -8.206164992907615e-02,  1.658231621998189e-01,  9.517291067251482e-01, -9.210918820691753e-03,  2.156907908332655e+00,  2.089987270204564e+00, -5.301867879529749e-04,  2.221313448977198e-15,  3.596524800256615e-04, -1.698807733421660e-03,  8.830711240462572e-04,  1.152387098833001e-03, -2.999903148389122e-03,  1.946437833761820e-03,  2.034985842105443e-03, -4.316277512931344e-03,  3.050155723191816e-03,  2.927949068664172e-03, -5.567867997121720e-03,  4.138972688801832e-03,  3.776966116694891e-03, -6.813630289920610e-03,  5.134785644072271e-03,  4.622029608113562e-03, -7.461517593306590e-03,  6.213896503340616e-03,  5.061524293250769e-03, -4.440892098500626e-16,  2.870099991003627e-15,  1.387778780781446e-17,  5.551115123125783e-16,  1.118896642005041e-16, -4.163336342344337e-17, -1.110223024625156e-16,  5.724587470723462e-17,  2.692290834716004e-15,  0.000000000000000e+00, -2.608156746131129e-15, -2.164934898019055e-15, -1.110223024625157e-16, -3.660266534311063e-16, -3.178013407989511e-15, -7.771561172376096e-16,  4.189357194483989e-15,  3.982925100842749e-15, -2.366162821232365e-15,  3.913536161803677e-15
  2.408333333333333e+00, -9.212373432610041e-02,  1.662319761961009e-01,  9.503744127017767e-01, -9.645800667146051e-03,  2.158840776026814e+00,  2.093192522884446e+00, -4.599378925554100e-04, -3.712308289339241e-16,  3.413907023971776e-04, -1.473718445125073e-03,  8.496144304325998e-04,  1.093873288671809e-03, -2.602420813368686e-03,  1.872693633012093e-03,  1.931657042808013e-03, -3.744377694979904e-03,  2.934595240303927e-03,  2.779279011398283e-03, -4.830134456034659e-03,  3.982160471337887e-03,  3.585186220366045e-03, -5.910835251668641e-03,  4.940245311580807e-03,  4.387340619200175e-03, -6.472878530949990e-03,  5.978472169077946e-03,  4.804519444847879e-03,  2.220446049250313e-16,  7.225123277443402e-16,  9.436895709313831e-16,  0.000000000000000e+00, -6.822667431016782e-15, -6.133982211053990e-15, -3.330669073875470e-16,  1.849215225391276e-15,  1.526556658859590e-15,  1.110223024625157e-16,  6.912873051767576e-15,  9.603429163007604e-15,  1.110223024625157e-16, -7.562526993520891e-15, -1.008915173628111e-14,  2.220446049250313e-16,  1.842276331487369e-15,  1.637578961322106e-15,  7.264154555652880e-15,  7.216449660063518e-16
  2.416666666666667e+00, -1.023824484354123e-01,  1.666403990928669e-01,  9.491553937376884e-01, -1.003225442479423e-02,  2.160689474101065e+00,  2.096935166950782e+00, -3.779286808131321e-04,  2.567390770994089e-15,  3.245686654655784e-04, -1.210947123231749e-03,  8.154602848679970e-04,  1.039972650098965e-03, -2.138396250527109e-03,  1.797412130420858e-03,  1.836474585022738e-03, -3.076736545592595e-03,  2.816625736240042e-03,  2.642329956114712e-03, -3.968897480863543e-03,  3.822079282127073e-03,  3.408526063577214e-03, -4.856903954471905e-03,  4.741649511591565e-03,  4.171154280744031e-03, -5.318732124180089e-03,  5.738140082657246e-03,  4.567776607442340e-03, -1.110223024625157e-16,  7.745540320236444e-15,  7.147060721024445e-15, -2.220446049250313e-16, -5.204170427930421e-15, -7.688294445529209e-15,  0.000000000000000e+00,  5.941427905220564e-16,  6.938893903907228e-16, -1.110223024625157e-16,  5.989132800809926e-15,  7.965850201685498e-15,  1.110223024625157e-16,  6.765421556309548e-17,  6.938893903907228e-17, -3.330669073875470e-16, -5.908468159177005e-15, -7.951972413877684e-15, -6.722053469410127e-16,  3.122502256758253e-15
  2.425000000000000e+00, -1.128157094158083e-01,  1.670508028460892e-01,  9.480863502364587e-01, -1.039585539702716e-02,  2.162398790925274e+00,  2.101199978608308e+00, -2.840990119979570e-04, -7.502679088692978e-16,  3.090684657323273e-04, -9.103010667313381e-04,  7.817033607041048e-04,  9.903074004824243e-04, -1.607489171577356e-03,  1.723006170844330e-03,  1.748771347174567e-03, -2.312864456070004e-03,  2.700028247476981e-03,  2.516142044498141e-03, -2.983525491131542e-03,  3.663859877822273e-03,  3.245747458034378e-03, -3.651063507187043e-03,  4.545363431208851e-03,  3.971955370505296e-03, -3.998231989994297e-03,  5.500603119496451e-03,  4.349636480982093e-03,  0.000000000000000e+00,  1.761611689854448e-15,  1.762479051592436e-15, -3.330669073875470e-16,  3.111226554164404e-15,  2.817190924986335e-15,  1.110223024625157e-16, -7.873909857458727e-15, -7.355227538141662e-15, -5.551115123125783e-16,  5.885049392251318e-15,  5.190292640122607e-15,  2.220446049250313e-16, -5.280498260873401e-15, -4.884981308350689e-15,  2.220446049250313e-16,  8.899998793499009e-15,  8.090750291955828e-15, -5.873773689657467e-15, -3.053113317719180e-15
  2.433333333333333e+00, -1.233947783611639e-01,  1.674689506020844e-01,  9.471792980689434e-01, -1.075970553974704e-02,  2.163883107065406e+00,  2.105973725236762e+00, -1.783326351322480e-04,  3.252606533540933e-15,  2.947533618221055e-04, -5.714077879095989e-04,  7.497393367544798e-04,  9.444393973737223e-04, -1.009041805168415e-03,  1.652552066043734e-03,  1.667773619057594e-03, -1.451815021292491e-03,  2.589623493087034e-03,  2.399602057979719e-03, -1.872797652740745e-03,  3.514043834110826e-03,  3.095414385289561e-03, -2.291819924646518e-03,  4.359502511530165e-03,  3.787986573378780e-03, -2.509742084736202e-03,  5.275682236912979e-03,  4.148174652554313e-03,  7.771561172376096e-16,  6.554652653978366e-15,  9.117706589734098e-15, -4.440892098500625e-16, -9.876648110473950e-15, -1.194877530252824e-14, -3.330669073875470e-16,  6.456640777585676e-15,  5.911937606128959e-15,  6.661338147750939e-16,  6.175615574477433e-16,  6.800116025829084e-16, -4.440892098500626e-16, -6.724655554624093e-15, -5.981326545168031e-15,  1.110223024625157e-16, -1.785030456780135e-15,  7.910339050454240e-16,  6.724655554624093e-15,  1.859623566247137e-15
  2.441666666666666e+00, -1.340856841110768e-01,  1.679032683915670e-01,  9.464432849352473e-01, -1.114375611283829e-02,  2.165034076852105e+00,  2.111243446903498e+00, -6.056128576473955e-05, -1.136243880689821e-15,  2.814912328898701e-04, -1.940485559830834e-04,  7.211360869309125e-04,  9.019453034047481e-04, -3.426678973609635e-04,  1.589505674754269e-03,  1.592733834526150e-03, -4.930324969253831e-04,  2.490826959273859e-03,  2.291634394164203e-03, -6.359970722338844e-04,  3.379979808451599e-03,  2.956139350675140e-03, -7.782959146863818e-04,  4.193183454570897e-03,  3.617549954733037e-03, -8.523016972057231e-04,  5.074410075211848e-03,  3.961531736159069e-03,  0.000000000000000e+00,  1.988860465207409e-15,  1.526556658859590e-15,  3.330669073875470e-16, -3.346281585159261e-15, -3.136380044566067e-15, -8.881784197001254e-16, -3.087807787238717e-16, -4.857225732735061e-16,  1.110223024625157e-16,  4.826868071905467e-15,  6.980527267330673e-15,  2.220446049250313e-16,  7.294512216482474e-16, -2.275957200481571e-15,  0.000000000000000e+00, -4.611762360884342e-15, -4.080069615497450e-15,  3.062654296837053e-15, -6.841749389252526e-15
  2.450000000000000e+00, -1.448510771095575e-01,  1.683638044167044e-01,  9.458837499829902e-01, -1.156250252121551e-02,  2.165732856827294e+00,  2.116992096521064e+00,  6.907170830881091e-05,  3.994200816288357e-15,  2.691683417840379e-04,  2.213173826687022e-04,  6.975036157722558e-04,  8.624606855492258e-04,  3.908215744485314e-04,  1.537415718798734e-03,  1.523008445897545e-03,  5.623162781992803e-04,  2.409199652963051e-03,  2.191313113075838e-03,  7.253710634375528e-04,  3.269213925601359e-03,  2.826727919468843e-03,  8.876665631845785e-04,  4.055767939215114e-03,  3.459183835433901e-03,  9.720720667786526e-04,  4.908115735070615e-03,  3.788107066020468e-03,  4.440892098500626e-16,  2.071259830316308e-15,  4.926614671774132e-15, -1.110223024625157e-16,  1.533495552763497e-15,  1.471045507628332e-15,  2.220446049250313e-16,  3.665470704738993e-15,  1.665334536937735e-16, -2.220446049250313e-16, -1.659263004771816e-15,  1.290634266126744e-15, -1.110223024625157e-16,  3.155462002801812e-15,  3.178013407989511e-15,  1.110223024625157e-16, -1.614160194396419e-15, -1.540434446667405e-15, -3.872770160118222e-15,  3.053113317719180e-15
  2.458333333333333e+00, -1.556524953749822e-01,  1.688609650063758e-01,  9.455020683166852e-01, -1.202236345926334e-02,  2.165865055899826e+00,  2.123194021213204e+00,  2.100433019275730e-04, -6.732461841269562e-15,  2.576895530461769e-04,  6.730141032842683e-04,  6.803524787454388e-04,  8.256807138416030e-04,  1.188467115868602e-03,  1.499611717395903e-03,  1.458059157777229e-03,  1.709973166912154e-03,  2.349959080652750e-03,  2.097863712234401e-03,  2.205813885567855e-03,  3.188826190312175e-03,  2.706181006828971e-03,  2.699345658409835e-03,  3.956039378493629e-03,  3.311665594018195e-03,  2.956018196413868e-03,  4.787428524796466e-03,  3.626561765387777e-03, -2.220446049250313e-16, -7.424616477180734e-16, -8.534839501805891e-16,  2.220446049250313e-16,  4.854623647521095e-15,  7.695233339433116e-15,  0.000000000000000e+00, -3.662001257787039e-15, -2.768618667658983e-15,  2.220446049250313e-16,  1.582067810090848e-15,  1.068589661201713e-15, -3.330669073875470e-16, -6.114900252818245e-16, -3.122502256758253e-16,  3.330669073875470e-16, -3.053113317719180e-16, -7.840950111415168e-16, -1.643650493488025e-15,  3.608224830031758e-16
  2.466666666666666e+00, -1.664529079295963e-01,  1.694040224316302e-01,  9.452953779958349e-01, -1.252170332281924e-02,  2.165337375823042e+00,  2.129812525758233e+00,  3.613175023296716e-04, -1.345278066356620e-15,  2.469668562256723e-04,  1.157722110630951e-03,  6.708959816387501e-04,  7.913233878822909e-04,  2.044406872135055e-03,  1.478768001347803e-03,  1.397387989222084e-03,  2.941504099629404e-03,  2.317296039147033e-03,  2.010569693893056e-03,  3.794451698405447e-03,  3.144503392047980e-03,  2.593574352199579e-03,  4.643427437442265e-03,  3.901052770647180e-03,  3.173864174685292e-03,  5.084956776855555e-03,  4.720886099468014e-03,  3.475657229761416e-03, -3.330669073875470e-16,  4.283899623924725e-15,  8.174017018802715e-15,  4.440892098500626e-16,  3.911801438327700e-16,  2.081668171172169e-16, -2.220446049250313e-16, -1.245097774882353e-14, -1.414146577616293e-14, -3.330669073875469e-16,  6.290974685629889e-15,  4.454769886308440e-15,  2.220446049250313e-16,  2.498001805406602e-16,  2.914335439641036e-16,  1.110223024625157e-16,  6.029031440757393e-15,  9.783840404509192e-15, -4.067926551165613e-16, -9.721390359374027e-15
  2.475000000000000e+00, -1.772192554242063e-01,  1.699996691609799e-01,  9.452567102551289e-01, -1.305318544037372e-02,  2.164094398533121e+00,  2.136799510011734e+00,  5.212476805029268e-04,  3.778227782284844e-15,  2.368972638848161e-04,  1.670165328122344e-03,  6.698365697790162e-04,  7.590587186350372e-04,  2.949323886152808e-03,  1.476432878792948e-03,  1.340412216789040e-03,  4.243503786111580e-03,  2.313636796951593e-03,  1.928592632237330e-03,  5.473992081271611e-03,  3.139537906725731e-03,  2.487826411603536e-03,  6.698750450084665e-03,  3.894892618170863e-03,  3.044456047253574e-03,  7.335714180210121e-03,  4.713431348196757e-03,  3.333944078575729e-03,  1.110223024625157e-16, -5.689893001203927e-15, -4.378442053365461e-15,  1.110223024625157e-16,  6.800116025829084e-16,  4.156397448440430e-15, -1.110223024625157e-16, -9.549652735252323e-16, -4.489464355827977e-15, -3.330669073875470e-16,  2.262079412673756e-15,  1.512678871051776e-15,  4.440892098500627e-16, -3.809452753245069e-15,  9.506284648352905e-16, -1.110223024625157e-16,  8.134985740593238e-15,  6.342149028171208e-15, -6.539040142694575e-15,  2.733924198139448e-15
  2.483333333333333e+00, -1.879245661863406e-01,  1.706510056245729e-01,  9.453752973737364e-01, -1.360604732478130e-02,  2.162132019378959e+00,  2.144095597121628e+00,  6.875180642885154e-04, -8.092485192242034e-16,  2.273489836024811e-04,  2.202923631860891e-03,  6.772597608116132e-04,  7.284644210324368e-04,  3.890115054731841e-03,  1.492794844961000e-03,  1.286386132549391e-03,  5.597119407830430e-03,  2.339276734633047e-03,  1.850859598539768e-03,  7.220115466061033e-03,  3.174330557153252e-03,  2.387553139251273e-03,  8.835553835275569e-03,  3.938056179596224e-03,  2.921747497736943e-03,  9.675699675991661e-03,  4.765666031786608e-03,  3.199567547692595e-03,  4.440892098500626e-16,  9.566999970012091e-16,  8.534839501805891e-16, -6.661338147750939e-16,  4.163336342344337e-15,  6.841749389252527e-15,  1.110223024625157e-16,  4.779163176316104e-16, -3.427813588530171e-15, -1.110223024625156e-16, -4.356758009915750e-15,  4.024558464266191e-16,  0.000000000000000e+00,  3.304648221735818e-15,  2.609024107869118e-15, -2.220446049250313e-16, -7.859164707912923e-15, -1.047079090099601e-14,  1.031379842642011e-14, -8.257283745649602e-16
  2.491666666666667e+00, -1.985492555763116e-01,  1.713571645120337e-01,  9.456372277340955e-01, -1.416754564239778e-02,  2.159502753464925e+00,  2.151631729176579e+00,  8.571858219406983e-04, -6.683889770823320e-15,  2.181653447860602e-04,  2.746567693465062e-03,  6.926910161695348e-04,  6.990384960932008e-04,  4.850129245815845e-03,  1.526807936823319e-03,  1.234423262868514e-03,  6.978393222385193e-03,  2.392576781007716e-03,  1.776095129552663e-03,  9.001917086619847e-03,  3.246657171355130e-03,  2.291109225949908e-03,  1.101601815281045e-02,  4.027784159998170e-03,  2.803725093246763e-03,  1.206349768888546e-02,  4.874250970334812e-03,  3.070322753059617e-03, -4.440892098500625e-16,  9.351894258990965e-15,  8.382183835919930e-15,  2.220446049250313e-16, -2.964642420444363e-15, -4.447830992404533e-15,  1.110223024625157e-16, -9.506284648352903e-16, -3.656797087359109e-15, -2.220446049250313e-16,  9.471590178833367e-15,  8.860967515289531e-15, -2.220446049250313e-16, -1.046732145404405e-14, -9.735268147181841e-15,  1.110223024625157e-16,  2.609024107869118e-15,  6.085409953726639e-15,  1.391248227733399e-15, -8.118505867571457e-16
  2.500000000000000e+00, -2.090810765114401e-01,  1.721134230181337e-01,  9.460260094837720e-01, -1.472668040911585e-02,  2.156312167946578e+00,  2.159330322424146e+00,  1.026813903193102e-03, -3.625572230679400e-16,  2.092176036299447e-04,  3.290084625202529e-03,  7.152424358727091e-04,  6.703684269168911e-04,  5.809918939873675e-03,  1.576515072865646e-03,  1.183795149329994e-03,  8.359344029356964e-03,  2.470470101226369e-03,  1.703251115196209e-03,  1.078330203712428e-02,  3.352356143593149e-03,  2.197142641319616e-03,  1.319597257397137e-02,  4.158913695278685e-03,  2.688734298276034e-03,  1.445073732091533e-02,  5.032938288026004e-03,  2.944397834440538e-03, -4.440892098500626e-16, -5.765353472408918e-15, -8.527900607901984e-15, -1.110223024625157e-16,  1.694824836029341e-15,  4.482525461924070e-15, -1.110223024625157e-16,  1.245531455751347e-15,  2.442490654175344e-15,  5.551115123125782e-16, -4.139050213680661e-15, -4.177214130152151e-15, -2.220446049250313e-16,  2.807649945868462e-15,  1.589006703994755e-15,  0.000000000000000e+00, -5.741934705483231e-15, -4.586608870482678e-15,  1.123320186868781e-14,  1.734723475976806e-15
  2.508333333333333e+00, -2.195139665030629e-01,  1.729119120531417e-01,  9.465238471006074e-01, -1.527788261314857e-02,  2.152704228418870e+00,  2.167110841358581e+00,  1.192770075748545e-03,  4.597884853332692e-15,  2.004452726502369e-04,  3.821836143258235e-03,  7.438385319360337e-04,  6.422604014851196e-04,  6.748932238312879e-03,  1.639545696084609e-03,  1.134159541792898e-03,  9.710401641524162e-03,  2.569241925740267e-03,  1.631835124048350e-03,  1.252612566663395e-02,  3.486386639450075e-03,  2.105018163586840e-03,  1.532873791218544e-02,  4.325191155360766e-03,  2.575997765688377e-03,  1.678630080416176e-02,  5.234160110986283e-03,  2.820941529136873e-03, -3.330669073875470e-16, -2.289834988289385e-16, -7.910339050454240e-16, -2.220446049250313e-16, -1.000935445638618e-15, -1.339206523454095e-15,  2.220446049250313e-16,  4.210173876195711e-15,  2.192690473634684e-15, -1.110223024625156e-16, -2.595146320061303e-15, -1.013078509970455e-15,  0.000000000000000e+00,  1.592476150946709e-15,  6.522560269672795e-16,  2.220446049250313e-16,  5.412337245047638e-16,  4.260480856999038e-15,  9.749145934989656e-16,  2.685351940812097e-15
  2.516666666666667e+00, -2.298460881667977e-01,  1.737424385054188e-01,  9.471130407797933e-01, -1.582501599147181e-02,  2.148842337994934e+00,  2.174893972529588e+00,  1.351552713441381e-03, -4.041906012866418e-16,  1.918981097097971e-04,  4.330602447841799e-03,  7.774438123149243e-04,  6.148738524144212e-04,  7.647356238209611e-03,  1.713617407133885e-03,  1.085797980212579e-03,  1.100305914278761e-02,  2.685315631991294e-03,  1.562252237395973e-03,  1.419361491192978e-02,  3.643895286114051e-03,  2.015258335447547e-03,  1.736931344948888e-02,  4.520595473916463e-03,  2.466154952592429e-03,  1.902090843976888e-02,  5.470630003965295e-03,  2.700654098263977e-03, -1.110223024625156e-16,  1.147519579358658e-14,  8.368306048112116e-15,  1.110223024625156e-16, -2.537553500658873e-14, -1.895011925157064e-14,  0.000000000000000e+00,  6.914607775243553e-15,  6.730727086790012e-15, -3.330669073875470e-16,  6.156533616241688e-15,  8.465450562766819e-16,  3.330669073875469e-16, -1.319257203480361e-14, -8.354428260304301e-15, -1.110223024625156e-16,  1.457167719820518e-14,  1.623701173514291e-14,  5.658667978636345e-15,  2.331468351712829e-15
  2.525000000000000e+00, -2.400777305960677e-01,  1.745933121350104e-01,  9.477772681986021e-01, -1.638472220291769e-02,  2.144889686000247e+00,  2.182604756570114e+00,  1.500097388599737e-03, -9.968589403403442e-15,  1.837628632795969e-04,  4.806564596749619e-03,  8.152376847827580e-04,  5.888071531982137e-04,  8.487851793374763e-03,  1.796921482255527e-03,  1.039767124858508e-03,  1.221236887214707e-02,  2.815856868453160e-03,  1.496022783968916e-03,  1.575358804167748e-02,  3.821035950891669e-03,  1.929824335179168e-03,  1.927831707058853e-02,  4.740355160871500e-03,  2.361605833902792e-03,  2.111143338732706e-02,  5.736573715148766e-03,  2.586163723040322e-03,  3.330669073875470e-16,  1.677304128921975e-14,  1.575128916186941e-14, -3.330669073875470e-16,  1.531760829287521e-15,  1.554312234475219e-15,  3.330669073875470e-16, -1.628905343942222e-15, -1.700029006457271e-15,  0.000000000000000e+00,  7.667477763817488e-16, -1.519617764955683e-15, -1.110223024625157e-16,  1.811051308919787e-15,  4.787836793695989e-16,  1.110223024625157e-16, -3.231789835744792e-15,  1.568190022283034e-15, -7.084610675889280e-15,  1.364186541508161e-14
  2.533333333333333e+00, -2.502097782985893e-01,  1.754518074474503e-01,  9.485031966747637e-01, -1.698517734114766e-02,  2.140997881886399e+00,  2.190171278119833e+00,  1.635931198229252e-03,  5.054984779232387e-15,  1.763211451813389e-04,  5.241798992443395e-03,  8.566987312548917e-04,  5.649626354142182e-04,  9.256426722864442e-03,  1.888308627950336e-03,  9.976603916735318e-04,  1.331819880100235e-02,  2.959064640451366e-03,  1.435439379591448e-03,  1.718007534530571e-02,  4.015364736352283e-03,  1.851673568139416e-03,  2.102396856685576e-02,  4.981438331202727e-03,  2.265969508862101e-03,  2.302307355518890e-02,  6.028322187847370e-03,  2.481433631846558e-03,  3.330669073875470e-16,  1.085069534223493e-14,  7.965850201685498e-15, -3.330669073875470e-16, -6.206840597045016e-15, -4.288236432614667e-15,  4.440892098500626e-16,  5.089678678515952e-15,  4.357625371653739e-15,  1.110223024625157e-16, -3.405262183342472e-15, -7.771561172376096e-15, -1.110223024625157e-16, -2.997602166487923e-15,  3.171074514085604e-15, -3.330669073875470e-16,  3.443426099813962e-15,  3.649858193455202e-15, -3.523223379708894e-15,  3.372302437298913e-15
  2.541666666666667e+00, -2.602427075172239e-01,  1.763047557094790e-01,  9.492812536087490e-01, -1.766352605833399e-02,  2.137298892029706e+00,  2.197523899383017e+00,  1.757265448800962e-03, -2.570860525271640e-15,  1.698947763470710e-04,  5.630574359695328e-03,  9.016187852189137e-04,  5.443714677230275e-04,  9.942960240042946e-03,  1.987320010099486e-03,  9.612987083784556e-04,  1.430598708465527e-02,  3.114219934226570e-03,  1.383121985265542e-03,  1.845429248171723e-02,  4.225905961694078e-03,  1.784185705113517e-03,  2.258328076338591e-02,  5.242634560949683e-03,  2.183381820362854e-03,  2.473065598816651e-02,  6.344410619041983e-03,  2.390992932178519e-03, -4.440892098500626e-16, -1.488392742388100e-15, -3.150257832373882e-15,  3.330669073875470e-16,  5.924080670460797e-15,  7.271960811294777e-15,  3.330669073875470e-16, -1.008741701280513e-14, -6.730727086790012e-15, -2.220446049250313e-16,  5.377642775528102e-16, -4.454769886308441e-15,  0.000000000000000e+00, -2.987193825632062e-15,  1.422473250300982e-15,  0.000000000000000e+00,  2.334937798664782e-15, -1.353084311261910e-15,  3.852820840144489e-15, -5.016820292524926e-15
  2.550000000000000e+00, -2.701763637836321e-01,  1.771389432923183e-01,  9.501059015687052e-01, -1.846134989568741e-02,  2.133903044096817e+00,  2.204593861854760e+00,  1.862990001106925e-03,  3.753942149132594e-15,  1.647771723987391e-04,  5.969333625586960e-03,  9.500361265395288e-04,  5.279738030312568e-04,  1.054117095470840e-02,  2.094040003993122e-03,  9.323422791406023e-04,  1.516669602357434e-02,  3.281454969662678e-03,  1.341459312083831e-03,  1.956458109070627e-02,  4.452839045471275e-03,  1.730442111469590e-03,  2.394198684274605e-02,  5.524166435771815e-03,  2.117613562647903e-03,  2.621855728070785e-02,  6.685108372301520e-03,  2.318970971601830e-03,  4.440892098500626e-16, -1.674181626665217e-14, -9.520162436160717e-15, -5.551115123125783e-16,  6.744604874597826e-15,  3.677613769070831e-16,  5.551115123125783e-16, -1.538699723191428e-15,  1.595945597898663e-16,  0.000000000000000e+00, -2.402592014227878e-15,  1.249000902703301e-16, -3.330669073875470e-16, -3.816391647148976e-17, -1.637578961322106e-15,  0.000000000000000e+00, -2.203098814490545e-16, -4.232725281383409e-16,  4.548444954011188e-15, -8.701372955499664e-15
  2.558333333333333e+00, -2.800102337204695e-01,  1.779415887601314e-01,  9.509751375252009e-01, -1.942100833745772e-02,  2.130897432166007e+00,  2.211314903862548e+00,  1.952655424252416e-03, -5.221518497882071e-15,  1.611922102476104e-04,  6.256636737848708e-03,  1.002118183305170e-03,  5.164869807563601e-04,  1.104851589672962e-02,  2.208837649345583e-03,  9.120578445388639e-04,  1.589666677803688e-02,  3.461348048684166e-03,  1.312273953583144e-03,  2.050622137922550e-02,  4.696948726591081e-03,  1.692793877995308e-03,  2.509431099902671e-02,  5.827007498132902e-03,  2.071541862636562e-03,  2.748045242315527e-02,  7.051593586863129e-03,  2.268518454294344e-03,  1.110223024625157e-16, -4.140784937156639e-15, -8.673617379884035e-15,  0.000000000000000e+00,  1.649722025653944e-15, -2.220446049250313e-16,  0.000000000000000e+00,  1.238592561847440e-15,  2.269018306577664e-15, -2.220446049250313e-16,  2.957703526540455e-15,  4.378442053365460e-15,  2.220446049250313e-16, -5.963979310408263e-15, -6.668277041654846e-15,  1.110223024625157e-16, -3.594347042223944e-15, -1.429412144204889e-15, -7.650130529057719e-16,  6.029898802495381e-15
  2.566666666666666e+00, -2.897439694793295e-01,  1.787006081004030e-01,  9.518894302518631e-01, -2.058313706689427e-02,  2.128346698719989e+00,  2.217624816613673e+00,  2.026399204600745e-03, -2.371367399897759e-15,  1.592888241355758e-04,  6.492924225946908e-03,  1.058022959233999e-03,  5.103882111831240e-04,  1.146577299152871e-02,  2.332061213128253e-03,  9.012881042852738e-04,  1.649701863151603e-02,  3.654444921222458e-03,  1.296778390765910e-03,  2.128065718924533e-02,  4.958975571887175e-03,  1.672805068672607e-03,  2.604202012134756e-02,  6.152076490990502e-03,  2.047080730126901e-03,  2.851827631271857e-02,  7.444978085878399e-03,  2.241731387376364e-03,  4.440892098500626e-16, -9.150666335777657e-15, -1.198000032509583e-14, -3.330669073875470e-16,  5.211109321834329e-15,  1.245531455751347e-15,  1.110223024625157e-16, -2.879640970121500e-16,  2.539635168830046e-15, -4.440892098500626e-16,  6.132247487578013e-15,  6.997874502090440e-15,  1.110223024625157e-16,  2.730454751187494e-15,  9.332812300755222e-16, -2.220446049250313e-16, -1.908195823574488e-17, -1.977584762613560e-16, -2.598615767013257e-15, -3.330669073875470e-16
  2.575000000000000e+00, -2.993778942670507e-01,  1.794049210541684e-01,  9.528504608516981e-01, -2.198456844938557e-02,  2.126293401259207e+00,  2.223467955213223e+00,  2.084859507556025e-03, -1.821459981582702e-15,  1.591589458950561e-04,  6.680240879274517e-03,  1.117806823008503e-03,  5.099720594219829e-04,  1.179655310690507e-02,  2.463834941354842e-03,  9.005532271632914e-04,  1.697294692089848e-02,  3.860940286365690e-03,  1.295721045373540e-03,  2.189459034888043e-02,  5.239183782332357e-03,  1.671441124975586e-03,  2.679331551388197e-02,  6.499701180647311e-03,  2.045411615859641e-03,  2.934101009054859e-02,  7.865658517981204e-03,  2.239903562124253e-03,  3.330669073875469e-16, -2.131975151975495e-14, -1.525168880078808e-14, -8.881784197001250e-16,  1.008568228932915e-14,  4.756611771128404e-15,  3.330669073875470e-16,  6.210310043996969e-16,  7.913808497406194e-15, -2.220446049250313e-16, -2.279426647433525e-15, -4.746203430272544e-15, -1.110223024625157e-16,  5.655198531684391e-15,  4.423544863740858e-15, -1.110223024625157e-16,  8.184425359658576e-15,  3.184952301893418e-15, -1.113345526881915e-14,  3.257810687884444e-15
  2.583333333333333e+00, -3.089132463810242e-01,  1.800448528783270e-01,  9.538599270085361e-01, -2.365592356284177e-02,  2.124757599014011e+00,  2.228797861694974e+00,  2.129082934572323e-03,  2.074729671369258e-15,  1.608621632029860e-04,  6.821940185108692e-03,  1.181398367728179e-03,  5.154294544126016e-04,  1.204677812374013e-02,  2.604001441188580e-03,  9.101903721535603e-04,  1.733297208168193e-02,  4.080587502603501e-03,  1.309587023808449e-03,  2.235901196331252e-02,  5.537238672473197e-03,  1.689327819489287e-03,  2.736164744650324e-02,  6.869466358194782e-03,  2.067300303553663e-03,  2.996338297162026e-02,  8.313132415244449e-03,  2.263873578287705e-03, -3.330669073875469e-16,  1.601496713021788e-14,  8.316264343832812e-15,  2.220446049250313e-16, -6.345618475123160e-15,  6.869504964868156e-16,  3.330669073875470e-16, -4.770489558936220e-15, -4.222316940527549e-15, -7.771561172376096e-16,  7.951972413877684e-15, -3.115563362854346e-15,  2.220446049250313e-16, -9.346690088563035e-15, -1.991462550421374e-15,  1.110223024625157e-16,  8.291978215169138e-16, -4.669875597329565e-15,  9.027500968983304e-15, -1.236163948981073e-14
  2.591666666666667e+00, -3.183521266216532e-01,  1.806126049227653e-01,  9.549186119472223e-01, -2.561956198849435e-02,  2.123736059783704e+00,  2.233579624567925e+00,  2.160429315248037e-03, -4.015885632409983e-15,  1.644497676476589e-04,  6.922379266419805e-03,  1.248622041619740e-03,  5.269247431221796e-04,  1.222414223052982e-02,  2.752173766861029e-03,  9.304897574833299e-04,  1.758816455553051e-02,  4.312780208336404e-03,  1.338793893516083e-03,  2.268820256887080e-02,  5.852317427380398e-03,  1.727003801774663e-03,  2.776449160199486e-02,  7.260351244174431e-03,  2.113405960924944e-03,  3.040453234804259e-02,  8.786164474310637e-03,  2.314363281856713e-03, -8.881784197001252e-16,  8.187894806610529e-15,  5.846018114041840e-15,  6.661338147750939e-16, -7.979727989493313e-15, -3.788636071533347e-15, -3.330669073875470e-16,  8.198303147466390e-15,  5.807854197570350e-15,  6.661338147750939e-16, -5.585809592645319e-16, -3.264749581788351e-15, -1.110223024625157e-16, -1.804459359711075e-14, -1.013772399360846e-14, -1.110223024625157e-16,  1.850949948867253e-14,  1.878011635092491e-14, -1.137978600240785e-14, -1.498801083243961e-14
  2.600000000000000e+00, -3.276972993939773e-01,  1.811026996531304e-01,  9.560257560030184e-01, -2.788918578594047e-02,  2.123201216722260e+00,  2.237792752733791e+00,  2.180494252023644e-03,  5.377643847348718e-15,  1.699879676416584e-04,  6.986670702080281e-03,  1.319245194462406e-03,  5.446700683226951e-04,  1.233767366581733e-02,  2.907839118031709e-03,  9.618260034093123e-04,  1.775151422280377e-02,  4.556714822408651e-03,  1.383880660325516e-03,  2.289891872000568e-02,  6.183329610731077e-03,  1.785164373058626e-03,  2.802235366889186e-02,  7.671003049538395e-03,  2.184579456832695e-03,  3.068691373166977e-02,  9.283117608174629e-03,  2.392304448213986e-03, -4.440892098500626e-16, -4.267419750902945e-16, -1.186550857568136e-15,  1.110223024625157e-16, -2.005340338229189e-15,  8.007483565108942e-15, -3.330669073875470e-16,  9.731798700229888e-15,  6.668277041654846e-15,  3.330669073875470e-16, -1.057140486260266e-14, -1.137631655545590e-14,  6.661338147750940e-16, -1.323594012170304e-14, -9.946904411251013e-15, -2.220446049250313e-16,  1.611211164487258e-14,  2.966377143920340e-15, -4.430483757644765e-15,  9.957312752106873e-16
  2.608333333333333e+00, -3.369520547366056e-01,  1.815120078936081e-01,  9.571789006188191e-01, -3.046970718409276e-02,  2.123104894564102e+00,  2.241431064596972e+00,  2.190982609101384e-03,  1.540434756803839e-15,  1.775569957424602e-04,  7.020277164028637e-03,  1.393008683314461e-03,  5.689225087036347e-04,  1.239701889307463e-02,  3.070426299871577e-03,  1.004653081951936e-03,  1.783690046937161e-02,  4.811496256807642e-03,  1.445500501677878e-03,  2.300906440647554e-02,  6.529060614107187e-03,  1.864652112611357e-03,  2.815714349976241e-02,  8.099914938121733e-03,  2.281851890375883e-03,  3.083452031606632e-02,  9.802168308534925e-03,  2.498826220518106e-03, -2.220446049250313e-16,  1.155325835000553e-15,  4.257011410047084e-15,  8.881784197001252e-16, -9.804657086220914e-15, -6.647460359943125e-15, -1.110223024625157e-16,  2.921274333544944e-15,  8.347489366400397e-15, -8.881784197001254e-16, -2.591676873109350e-15, -1.368002933155310e-14,  4.440892098500627e-16,  4.541506060107282e-15,  1.380145997487148e-14,  1.110223024625157e-16,  1.037711583329326e-14,  4.527628272299467e-15, -1.256980630692794e-14,  8.201772594418344e-15
  2.616666666666667e+00, -3.461201759188277e-01,  1.818397779683572e-01,  9.583740045602945e-01, -3.335670947940671e-02,  2.123382708454212e+00,  2.244502937519854e+00,  2.193610523177747e-03, -4.333340118140455e-15,  1.872227345163414e-04,  7.028697443176191e-03,  1.469662445599448e-03,  5.998931631358266e-04,  1.241188815781183e-02,  3.239384132341365e-03,  1.059343769998446e-03,  1.785829445105886e-02,  5.076260787518817e-03,  1.524189771028599e-03,  2.303666199852497e-02,  6.888338389096986e-03,  1.966158900174930e-03,  2.819091581426440e-02,  8.545632873453191e-03,  2.406069943448858e-03,  3.087150393685349e-02,  1.034155696307297e-02,  2.634855789052732e-03, -5.551115123125783e-16,  1.285430095698814e-14,  3.675879045594854e-15, -2.220446049250313e-16, -3.247402347028583e-15,  1.572526830972976e-14, -1.110223024625157e-16,  1.349267919614761e-14, -1.357421119951852e-14,  1.110223024625157e-15, -3.017031069418863e-14, -1.113518999229512e-14, -7.771561172376096e-16,  1.599415044850616e-14,  1.037711583329326e-14, -2.220446049250313e-16, -3.247402347028583e-15,  5.880712583561376e-15, -6.931955010003321e-15,  2.477185123694880e-15
  2.625000000000000e+00, -3.552060364787339e-01,  1.820872591029455e-01,  9.596059160288815e-01, -3.653557116093607e-02,  2.123963471605176e+00,  2.247028143438428e+00,  2.189960647535893e-03,  1.686498503140576e-14,  1.989863728860265e-04,  7.017002627110217e-03,  1.548965162282133e-03,  6.375858409719585e-04,  1.239123642963351e-02,  3.414180707484565e-03,  1.125904794358416e-03,  1.782858062846928e-02,  5.350174890918244e-03,  1.619958147050515e-03,  2.299833206228304e-02,  7.260031868384580e-03,  2.089697220949738e-03,  2.814400988640921e-02,  9.006753659908037e-03,  2.557248894672260e-03,  3.082013786751401e-02,  1.089958548483255e-02,  2.800409885229440e-03,  0.000000000000000e+00,  6.938893903907228e-18, -1.734723475976807e-18, -3.330669073875470e-16, -1.040834085586084e-17, -1.734723475976807e-17,  3.330669073875470e-16,  1.040834085586084e-17,  1.214306433183765e-17, -2.220446049250313e-16, -6.938893903907227e-18, -2.428612866367529e-17,  0.000000000000000e+00, -3.469446951953613e-18, -1.734723475976807e-18,  2.220446049250313e-16,  3.469446951953613e-18,  1.387778780781445e-17, -1.387778780781446e-17, -3.469446951953614e-18
  2.633333333333333e+00, -3.642146547664958e-01,  1.822573020838494e-01,  9.608686907725946e-01, -3.998254433113569e-02,  2.124775898659924e+00,  2.249037225649100e+00,  2.181423480059418e-03,  1.109182412554862e-14,  2.127460749725748e-04,  6.989648105155603e-03,  1.630680787234666e-03,  6.816742431282978e-04,  1.234293142435300e-02,  3.594295739722811e-03,  1.203759947582259e-03,  1.775907911533947e-02,  5.632423256069764e-03,  1.731976579163476e-03,  2.290867720354237e-02,  7.643034698659664e-03,  2.234197624670363e-03,  2.803429552869128e-02,  9.481904762031968e-03,  2.734080013603518e-03,  3.069999110646206e-02,  1.147459289049896e-02,  2.994055335370696e-03,  0.000000000000000e+00, -6.938893903907227e-18,  1.387778780781445e-17,  0.000000000000000e+00,  3.469446951953613e-18, -1.734723475976807e-17,  0.000000000000000e+00, -6.938893903907227e-18, -1.734723475976807e-18,  0.000000000000000e+00,  0.000000000000000e+00, -1.214306433183765e-17,  0.000000000000000e+00, -3.469446951953613e-18, -1.734723475976807e-18,  0.000000000000000e+00,  3.469446951953613e-18,  1.387778780781445e-17, -1.734723475976807e-17,  0.000000000000000e+00
  2.641666666666667e+00, -3.731515871583574e-01,  1.823536057682435e-01,  9.621558544896974e-01, -4.366791284991667e-02,  2.125756482573354e+00,  2.250568581485632e+00,  2.169132944348662e-03, -2.282896546898331e-15,  2.282806505095205e-04,  6.950267159445092e-03,  1.714529142793555e-03,  7.314496386776468e-04,  1.227338910905768e-02,  3.779111670302834e-03,  1.291657690734578e-03,  1.765902124118208e-02,  5.922038140557292e-03,  1.858444346079396e-03,  2.277960555934990e-02,  8.036033681691522e-03,  2.397337235186778e-03,  2.787634522080304e-02,  9.969457033481113e-03,  2.933720700452407e-03,  3.052702178599139e-02,  1.206460765742877e-02,  3.212679245713481e-03,  0.000000000000000e+00,  0.000000000000000e+00, -2.602085213965211e-18, -3.330669073875470e-16,  0.000000000000000e+00, -1.561251128379126e-17,  3.330669073875470e-16,  0.000000000000000e+00,  1.127570259384925e-17,  0.000000000000000e+00,  0.000000000000000e+00, -4.336808689942018e-18, -7.771561172376096e-16,  0.000000000000000e+00, -3.469446951953614e-17,  0.000000000000000e+00,  0.000000000000000e+00, -5.204170427930421e-18, -6.938893903907227e-18, -1.734723475976807e-17
  2.650000000000000e+00, -3.820226902085778e-01,  1.823800599192656e-01,  9.634603721711426e-01, -4.755998538260719e-02,  2.126853674889719e+00,  2.251665946974168e+00,  2.153958559705435e-03,  2.411266103782975e-15,  2.452622955967855e-04,  6.901645876214871e-03,  1.800135188163791e-03,  7.858616886079320e-04,  1.218752939829131e-02,  3.967801845947781e-03,  1.387743243375028e-03,  1.753548580669529e-02,  6.217724141572472e-03,  1.996692779400378e-03,  2.262024856941665e-02,  8.437270993299821e-03,  2.575673550395278e-03,  2.768133348308077e-02,  1.046722972796711e-02,  3.151958223346546e-03,  3.031346697746684e-02,  1.266699074021222e-02,  3.451668308402179e-03,  0.000000000000000e+00,  0.000000000000000e+00,  2.602085213965210e-18,  0.000000000000000e+00,  0.000000000000000e+00, -4.336808689942017e-18,  0.000000000000000e+00, -6.938893903907227e-18, -2.602085213965210e-18,  0.000000000000000e+00,  0.000000000000000e+00,  1.734723475976807e-18,  0.000000000000000e+00,  0.000000000000000e+00,  0.000000000000000e+00,  1.110223024625157e-16,  6.938893903907228e-18, -6.071532165918825e-18, -1.387778780781446e-17, -5.204170427930421e-18
  2.658333333333333e+00, -3.908337922017380e-01,  1.823402393008998e-01,  9.647745093179395e-01, -5.162844068195924e-02,  2.128029047206628e+00,  2.252375529790538e+00,  2.136526253761275e-03, -4.080070403302012e-15,  2.632875799081025e-04,  6.845789832981985e-03,  1.887000747895315e-03,  8.436177344345900e-04,  1.208889391608977e-02,  4.159268203886453e-03,  1.489733916201659e-03,  1.739356852045676e-02,  6.517760545068333e-03,  2.143437532668012e-03,  2.243717954433166e-02,  8.844411674838206e-03,  2.764969862652337e-03,  2.745730434749108e-02,  1.097232610907578e-02,  3.383607947689104e-03,  3.006813559529938e-02,  1.327823663321797e-02,  3.705344897852591e-03, -6.661338147750939e-16,  0.000000000000000e+00, -2.450296909817240e-17,  5.551115123125783e-16, -1.387778780781446e-17,  3.729655473350135e-17,  0.000000000000000e+00,  0.000000000000000e+00,  2.168404344971009e-18,  0.000000000000000e+00,  1.387778780781446e-17, -4.770489558936220e-18, -5.551115123125783e-16, -6.938893903907228e-18, -4.119968255444917e-18,  0.000000000000000e+00,  0.000000000000000e+00, -1.084202172485504e-17, -2.081668171172169e-17, -4.987329993433320e-18
  2.666666666666667e+00, -3.995902426391933e-01,  1.822371254617605e-01,  9.660896401892121e-01, -5.584694421536975e-02,  2.129254689378965e+00,  2.252744241875422e+00,  2.117282159774135e-03,  1.337818998990550e-14,  2.819181619620421e-04,  6.784128515817726e-03,  1.974520661625347e-03,  9.033132560115584e-04,  1.198000697388268e-02,  4.352176868440307e-03,  1.595149484718919e-03,  1.723690137593274e-02,  6.820057108156864e-03,  2.295110045304439e-03,  2.223508364628280e-02,  9.254619327165352e-03,  2.960622835949733e-03,  2.720999124073136e-02,  1.148122735648161e-02,  3.623036581058699e-03,  2.979730624022302e-02,  1.389408701159081e-02,  3.967540069016865e-03,  4.440892098500626e-16,  6.938893903907228e-18,  2.363560736018400e-17, -6.661338147750939e-16, -1.387778780781446e-17, -1.832301671500502e-17,  0.000000000000000e+00, -6.938893903907227e-18, -4.445228907190567e-18,  0.000000000000000e+00,  0.000000000000000e+00,  2.059984127722458e-18,  0.000000000000000e+00,  0.000000000000000e+00,  2.059984127722458e-18,  1.110223024625157e-16,  6.938893903907228e-18,  2.168404344971009e-18, -2.775557561562891e-17, -5.746271514173172e-18
  2.675000000000000e+00, -4.082963808194113e-01,  1.820730024854811e-01,  9.673960608797140e-01, -6.019530378541326e-02,  2.130508611848240e+00,  2.252818450696589e+00,  2.096574275561735e-03,  2.220446464294225e-16,  3.007250993300433e-04,  6.717776968320799e-03,  2.062022982995685e-03,  9.635738497661087e-04,  1.186283761308566e-02,  4.545046756560061e-03,  1.701562907182090e-03,  1.706831744098886e-02,  7.122292906685841e-03,  2.448218275656378e-03,  2.201761544749645e-02,  9.664744523800938e-03,  3.158127841924539e-03,  2.694386641393625e-02,  1.199002630981589e-02,  3.864731623355972e-03,  2.950587641608246e-02,  1.450981359809304e-02,  4.232217155036381e-03,  3.330669073875470e-16,  1.387778780781446e-17,  1.561251128379126e-17, -3.330669073875470e-16,  0.000000000000000e+00, -1.170938346284345e-17,  6.661338147750939e-16, -6.938893903907228e-18,  3.729655473350135e-17, -7.771561172376094e-16,  6.938893903907227e-18, -3.989863994746656e-17,  1.110223024625157e-16, -1.387778780781446e-17,  8.673617379884035e-18,  0.000000000000000e+00,  0.000000000000000e+00,  1.301042606982605e-18, -2.081668171172169e-17, -6.071532165918825e-18
  2.683333333333333e+00, -4.169551685229494e-01,  1.818495202629678e-01,  9.686829319812020e-01, -6.466068638835318e-02,  2.131770890409273e+00,  2.252642086419161e+00,  2.074708419158285e-03,  4.635181978826924e-15,  3.193308455928178e-04,  6.647715082964260e-03,  2.148814884344038e-03,  1.023189793360210e-03,  1.173911621346650e-02,  4.736350758984442e-03,  1.806837950009298e-03,  1.689030639575484e-02,  7.422074891871995e-03,  2.599688599055714e-03,  2.178798656035432e-02,  1.007153996700643e-02,  3.353519997199321e-03,  2.666286004997696e-02,  1.249469439025867e-02,  4.103841082914721e-03,  2.919815001484102e-02,  1.512054118007822e-02,  4.494062803143070e-03,  0.000000000000000e+00, -6.938893903907228e-18,  7.806255641895632e-18,  0.000000000000000e+00,  0.000000000000000e+00,  8.673617379884035e-19,  0.000000000000000e+00,  0.000000000000000e+00,  8.673617379884035e-19,  0.000000000000000e+00,  0.000000000000000e+00,  8.673617379884035e-19,  0.000000000000000e+00, -6.938893903907228e-18, -6.071532165918825e-18,  1.110223024625157e-16, -1.387778780781446e-17,  7.806255641895632e-18, -6.938893903907228e-18, -6.938893903907228e-18
  2.691666666666666e+00, -4.255682343316798e-01,  1.815679382940612e-01,  9.699384567051155e-01, -6.923725660048403e-02,  2.133021316927665e+00,  2.252254989147635e+00,  2.051974570127720e-03,  1.126876573041991e-14,  3.374406441621965e-04,  6.574872003089654e-03,  2.234244106957687e-03,  1.081216636973354e-03,  1.161048353752736e-02,  4.924651187471776e-03,  1.909306821272835e-03,  1.670522897854509e-02,  7.717150141484971e-03,  2.747121387014845e-03,  2.154924226618428e-02,  1.047194850679315e-02,  3.543703853393089e-03,  2.637069878553054e-02,  1.299143891516105e-02,  4.336576931516747e-03,  2.887820802767819e-02,  1.572168001630465e-02,  4.748928793084772e-03,  0.000000000000000e+00,  0.000000000000000e+00, -3.469446951953613e-18, -1.110223024625156e-16,  0.000000000000000e+00, -1.040834085586084e-17, -3.330669073875470e-16, -1.387778780781446e-17, -1.301042606982605e-17,  0.000000000000000e+00,  6.938893903907228e-18,  9.540979117872439e-18,  0.000000000000000e+00, -6.938893903907228e-18, -4.336808689942018e-18,  1.110223024625157e-16, -6.938893903907228e-18,  2.602085213965211e-18,  0.000000000000000e+00, -5.204170427930421e-18
  2.700000000000000e+00, -4.341361984947750e-01,  1.812294254448563e-01,  9.711501935287377e-01, -7.392588244105526e-02,  2.134238020912198e+00,  2.251693068327374e+00,  2.028665450718283e-03, -1.930400625217819e-14,  3.548610631409914e-04,  6.500185660062554e-03,  2.317746914093400e-03,  1.137034592499523e-03,  1.147859586644175e-02,  5.108705470881431e-03,  2.007875044767206e-03,  1.651546825602072e-02,  8.005571490562653e-03,  2.888941901054261e-03,  2.130445664920353e-02,  1.086332789695569e-02,  3.726648045297216e-03,  2.607114450456446e-02,  1.347698192909412e-02,  4.560453303565098e-03,  2.855017004462509e-02,  1.630926326624780e-02,  4.994092885893823e-03,  0.000000000000000e+00,  0.000000000000000e+00,  0.000000000000000e+00,  0.000000000000000e+00, -6.938893903907228e-18, -6.938893903907228e-18, -3.330669073875470e-16,  6.938893903907228e-18, -1.561251128379126e-17,  0.000000000000000e+00, -6.938893903907228e-18, -1.561251128379126e-17,  3.330669073875470e-16, -1.387778780781446e-17,  3.122502256758253e-17,  0.000000000000000e+00,  6.938893903907228e-18,  6.938893903907228e-18, -1.387778780781446e-17, -4.336808689942018e-17
  2.708333333333333e+00, -4.426589137420303e-01,  1.808353043315989e-01,  9.723052900561295e-01, -7.873614514641766e-02,  2.135397212424144e+00,  2.250989780927233e+00,  2.005082888815300e-03,  2.899070375361924e-14,  3.715102213924727e-04,  6.424623161259507e-03,  2.398824768416313e-03,  1.190381298477356e-03,  1.134516100291530e-02,  5.287414749161646e-03,  2.102079320067700e-03,  1.632348142431743e-02,  8.285616975902473e-03,  3.024483541858444e-03,  2.105679941842593e-02,  1.124334148339816e-02,  3.901492679811349e-03,  2.576807611106128e-02,  1.394842459248299e-02,  4.774417912331731e-03,  2.821828380279989e-02,  1.687978287906639e-02,  5.228402736109568e-03, -3.330669073875470e-16,  2.081668171172169e-17, -3.122502256758253e-17,  3.330669073875470e-16, -2.081668171172169e-17,  2.602085213965211e-17,  0.000000000000000e+00,  0.000000000000000e+00, -1.734723475976807e-18, -2.220446049250313e-16,  1.387778780781446e-17, -3.469446951953614e-17, -1.110223024625156e-16, -2.775557561562891e-17,  1.040834085586084e-17,  0.000000000000000e+00,  1.387778780781446e-17, -1.908195823574488e-17, -3.469446951953614e-17, -3.295974604355933e-17
  2.716666666666667e+00, -4.511355890004270e-01,  1.803872688543072e-01,  9.733906441021372e-01, -8.368857531592759e-02,  2.136473998545120e+00,  2.250177244727090e+00,  1.981522654438222e-03, -6.196433308685204e-15,  3.874165052136262e-04,  6.349132203590207e-03,  2.476980250292406e-03,  1.241347710037482e-03,  1.121185247298263e-02,  5.459682625048848e-03,  2.192080263338527e-03,  1.613167636209503e-02,  8.555568493761188e-03,  3.153977404996031e-03,  2.080937666481048e-02,  1.160965784916890e-02,  4.068535863192552e-03,  2.546529465695176e-02,  1.440287456296198e-02,  4.978835562809780e-03,  2.788671178455957e-02,  1.742973866656207e-02,  5.452257836918399e-03,  5.551115123125783e-16,  6.938893903907228e-18, -1.387778780781446e-17, -5.551115123125783e-16, -1.387778780781446e-17, -1.214306433183765e-17, -2.220446049250313e-16,  0.000000000000000e+00,  1.734723475976807e-17,  6.661338147750939e-16, -6.938893903907228e-18,  3.642919299551295e-17, -6.661338147750939e-16, -6.938893903907228e-18, -3.469446951953614e-17,  6.661338147750939e-16,  6.938893903907228e-18,  1.561251128379126e-17,  0.000000000000000e+00,  1.734723475976807e-18
  2.725000000000000e+00, -4.595650678272092e-01,  1.798875315203727e-01,  9.743931793802041e-01, -8.881305317431964e-02,  2.137443399793551e+00,  2.249286249610380e+00,  1.958254061574753e-03, -1.405820139054824e-14,  4.026983429236952e-04,  6.274575714440160e-03,  2.551694069678917e-03,  1.290313291034951e-03,  1.108019410921893e-02,  5.624364495781198e-03,  2.278547965120758e-03,  1.594224556823690e-02,  8.813632399920585e-03,  3.278387620352948e-03,  2.056501664587338e-02,  1.195984307135465e-02,  4.229021294147955e-03,  2.516626119790799e-02,  1.483731232973063e-02,  5.175228220455110e-03,  2.755924414679524e-02,  1.795547654677214e-02,  5.667324872825064e-03,  0.000000000000000e+00,  0.000000000000000e+00, -3.469446951953614e-18,  0.000000000000000e+00,  0.000000000000000e+00, -3.469446951953614e-18,  0.000000000000000e+00, -6.938893903907228e-18,  8.673617379884035e-18,  2.220446049250313e-16,  0.000000000000000e+00,  2.428612866367530e-17,  0.000000000000000e+00, -1.387778780781446e-17, -5.204170427930421e-18,  0.000000000000000e+00, -6.938893903907228e-18, -3.469446951953614e-18, -6.938893903907228e-18, -5.204170427930421e-18
  2.733333333333333e+00, -4.679463044379250e-01,  1.793388357244050e-01,  9.753002545987056e-01, -9.414319277951724e-02,  2.138281134508819e+00,  2.248345008805184e+00,  1.935500368805061e-03,  3.809453375534104e-15,  4.175307442749924e-04,  6.201669051891531e-03,  2.622454436731326e-03,  1.337838802108701e-03,  1.095144915343426e-02,  5.780332290325118e-03,  2.362472665763705e-03,  1.575700660215578e-02,  9.058040956380008e-03,  3.399138951393706e-03,  2.032606395852304e-02,  1.229149838070371e-02,  4.384786874431853e-03,  2.487384491411105e-02,  1.524876199354096e-02,  5.365845001719344e-03,  2.723902289127333e-02,  1.845339521450980e-02,  5.876066821856565e-03, -4.996003610813204e-15,  7.598782714168805e-14,  7.602772578163551e-14,  3.885780586188047e-15, -5.857814233678481e-14, -5.698393146236212e-14, -1.221245327087672e-15,  2.208649929613670e-14,  8.810660534486202e-15,  3.330669073875470e-16, -4.857225732735060e-15, -5.028963356856764e-15, -5.551115123125782e-16,  8.645861804268405e-15,  8.970255094276068e-15,  4.440892098500625e-16, -1.589006703994755e-15,  9.360567876370850e-15,  6.536438057480609e-15, -1.784856984432537e-14
  2.741666666666667e+00, -4.762788013958975e-01,  1.787444176588726e-01,  9.761000162576479e-01, -9.971011669450598e-02,  2.138963878234632e+00,  2.247377250175551e+00,  1.913420126399837e-03, -1.965788958150448e-14,  4.321184429206560e-04,  6.130920237679499e-03,  2.688799721584904e-03,  1.384580244759195e-03,  1.082651471481761e-02,  5.926568498234609e-03,  2.445012789689157e-03,  1.557725022958961e-02,  9.287199678429633e-03,  3.517898145707919e-03,  2.009418365169109e-02,  1.260246010788463e-02,  4.537982658371789e-03,  2.459008339478347e-02,  1.563453931866404e-02,  5.553317016913925e-03,  2.692827935534814e-02,  1.892024632341864e-02,  6.081364978701643e-03,  1.110223024625157e-16, -3.483324739761429e-15, -4.126907149348824e-15, -7.771561172376096e-16, -3.053113317719180e-15,  1.247439651574922e-14,  1.332267629550188e-15, -7.369105325949478e-15, -2.163373646890676e-14, -9.992007221626409e-16,  1.704192342799615e-14,  1.522913739560039e-14,  9.992007221626409e-16, -2.300937218535637e-14, -1.814867700566936e-14,  1.110223024625157e-16,  8.382183835919932e-15,  6.938893903907228e-17, -1.548761119352093e-14,  2.193731307720270e-14
  2.750000000000000e+00, -4.845628943611300e-01,  1.781079900653484e-01,  9.767815828603377e-01, -1.055382600011742e-01,  2.139468094176830e+00,  2.246401824678079e+00,  1.892118334833656e-03, -4.302114897941281e-16,  4.466874764944439e-04,  6.062665711036972e-03,  2.750349327894572e-03,  1.431261881123034e-03,  1.070598490714877e-02,  6.062234221127840e-03,  2.527447302580815e-03,  1.540383126479655e-02,  9.499793974515018e-03,  3.636505386224302e-03,  1.987047841001268e-02,  1.289094439042644e-02,  4.690982426559545e-03,  2.431632604071451e-02,  1.599243125555910e-02,  5.740549159485804e-03,  2.662849125021511e-02,  1.935335173607649e-02,  6.286400454127468e-03,  1.221245327087672e-15, -1.981748098955904e-14, -1.713559849569890e-14, -5.551115123125784e-16,  5.662137425588299e-15,  1.655967030167460e-14, -5.551115123125784e-16,  1.247613123922520e-14,  1.637232016626911e-14,  7.771561172376096e-16, -1.200428645375951e-14, -1.806194083187052e-14, -3.330669073875470e-16,  4.315992008230296e-15,  3.764349942869671e-15, -1.110223024625157e-15,  2.128852649718738e-14,  1.126876369994534e-14, -2.432776202709874e-14,  2.131281262585105e-14
  2.758333333333333e+00, -4.927999429602892e-01,  1.774337089497340e-01,  9.773351869501846e-01, -1.116428711863088e-01,  2.139768093894680e+00,  2.245434181634667e+00,  1.871684408884929e-03, -1.085243174610576e-14,  4.614837066759709e-04,  5.997191971937451e-03,  2.806812496097343e-03,  1.478671493891114e-03,  1.059036565713892e-02,  6.186688575593880e-03,  2.611167339640559e-03,  1.523747763796005e-02,  9.694819551522771e-03,  3.756962246186101e-03,  1.965588724151661e-02,  1.315558843157859e-02,  4.846368148053479e-03,  2.405372195484547e-02,  1.632074712657139e-02,  5.930701091838005e-03,  2.634091694350722e-02,  1.975066546722428e-02,  6.494633353233059e-03,  1.443289932012704e-15, -3.010092175514956e-14, -3.111053081816806e-14, -4.440892098500626e-16,  1.651456749129920e-15,  1.058181320345852e-14, -4.440892098500626e-16,  1.545985561790530e-14,  1.145611383535083e-14,  1.110223024625157e-15, -1.210143096841421e-14, -2.216629657603164e-14,  6.661338147750940e-16, -1.214306433183765e-14, -8.486267244478542e-15, -8.881784197001252e-16,  1.990074771640593e-14,  2.019912015427394e-14,  2.463307335887066e-14, -1.620231726562338e-15
  2.766666666666667e+00, -5.009926282349382e-01,  1.767260910294447e-01,  9.777522857310244e-01, -1.180265320814998e-01,  2.139834849781119e+00,  2.244488451156364e+00,  1.852229760776611e-03,  3.178013892378190e-15,  4.767529549001370e-04,  5.934856003920718e-03,  2.857998159326677e-03,  1.527596735911479e-03,  1.048028735749264e-02,  6.299510418406562e-03,  2.697563807507494e-03,  1.507909636166352e-02,  9.871616458871151e-03,  3.881269969730526e-03,  1.945158016510411e-02,  1.339549669778863e-02,  5.006721367662494e-03,  2.380370293769248e-02,  1.661837593780761e-02,  6.126931956983969e-03,  2.606712438128082e-02,  2.011084303986252e-02,  6.709523212257542e-03, -2.331468351712829e-15,  2.135791543622645e-14,  2.570513246702433e-14,  9.992007221626409e-16, -1.451616604697392e-14, -8.468920009718772e-15,  1.443289932012704e-15, -1.697253448895708e-14, -3.203340370738772e-14, -2.220446049250313e-15,  3.302913498259841e-14,  3.457303887621777e-14,  2.109423746787797e-15, -2.634004125923184e-14, -1.474168009885091e-14,  9.992007221626409e-16, -7.660538869913580e-15, -1.729172360853681e-14,  1.780520175742595e-14, -1.179611963664229e-14
  2.775000000000000e+00, -5.091452684002763e-01,  1.759897910309560e-01,  9.780257299494555e-01, -1.246755838332259e-01,  2.139637707567361e+00,  2.243577324407959e+00,  1.833873274821216e-03, -9.534041656400725e-15,  4.927109401529907e-04,  5.876038732329570e-03,  2.903812324005647e-03,  1.578728807467670e-03,  1.037642267948795e-02,  6.400492571500514e-03,  2.787857287708050e-03,  1.492965527911097e-02,  1.002986003939840e-02,  4.011184736513027e-03,  1.925880566936473e-02,  1.361022863861229e-02,  5.174307504257979e-03,  2.356779681636069e-02,  1.688477114498425e-02,  6.332014041689570e-03,  2.580878666705512e-02,  2.043322304968374e-02,  6.934105926315496e-03, -1.221245327087672e-15,  2.498001805406602e-14,  2.320019176771382e-14,  1.554312234475219e-15, -6.036837696399289e-15, -4.465178227164301e-15, -1.665334536937735e-15,  1.036670749243740e-14,  3.948230631323213e-15,  5.551115123125783e-16, -1.186550857568136e-14, -4.260480856999038e-15, -5.551115123125783e-16,  2.498001805406602e-16, -4.780897899792080e-15,  6.661338147750939e-16, -6.133982211053990e-15, -3.344546861683284e-15,  1.817990202823694e-15, -7.563394355258879e-15
  2.783333333333333e+00, -5.172641492129553e-01,  1.752293314327686e-01,  9.781498799248104e-01, -1.315569293528843e-01,  2.139147235890677e+00,  2.242711685242906e+00,  1.816714200258763e-03, -2.983724821271900e-15,  5.095070946393468e-04,  5.821058168449274e-03,  2.944258920663123e-03,  1.632546514301297e-03,  1.027933319523387e-02,  6.489643698543952e-03,  2.882893297338268e-03,  1.478996238340091e-02,  1.016956386962956e-02,  4.147923081561099e-03,  1.907860604108046e-02,  1.379980267668954e-02,  5.350695850959558e-03,  2.334727908027641e-02,  1.711995560323899e-02,  6.547867754993806e-03,  2.556730057265193e-02,  2.071783315496898e-02,  7.170484510251931e-03, -1.110223024625157e-16,  1.368349877850506e-14,  1.090447176999021e-14, -9.992007221626411e-16,  9.797718192317008e-15,  7.990136330349175e-15,  4.440892098500626e-16, -7.910339050454240e-15, -1.706620955665983e-14,  5.551115123125782e-16, -6.689093723366567e-15,  4.520689378395558e-15, -1.110223024625157e-16, -6.897260540483785e-15, -8.812395257962180e-16,  1.443289932012703e-15, -6.591949208711865e-15, -1.738539867623956e-14,  9.117706589734097e-15,  2.560451850541767e-15
  2.791666666666667e+00, -5.253577271395679e-01,  1.744488087661414e-01,  9.781206995913109e-01, -1.386162053011162e-01,  2.138338399539093e+00,  2.241900319991168e+00,  1.800803765293933e-03, -1.706968150775110e-15,  5.271905849430563e-04,  5.770078456064216e-03,  2.979442321239035e-03,  1.689207394534851e-03,  1.018930876417648e-02,  6.567193852818376e-03,  2.982950030963327e-03,  1.466043472594675e-02,  1.029108845306707e-02,  4.291885272341014e-03,  1.891151926398174e-02,  1.396470800540946e-02,  5.536402741409847e-03,  2.314280808239258e-02,  1.732453620281067e-02,  6.775124955448623e-03,  2.534338705179200e-02,  2.096540778817709e-02,  7.419350904137772e-03,  0.000000000000000e+00,  5.384581669432009e-15, -3.080868893334809e-15,  1.776356839400251e-15, -1.464106613724426e-14, -1.271552307891000e-14, -1.221245327087672e-15,  1.505739977147869e-14,  1.865868570760654e-14,  3.330669073875470e-16, -2.479960681256443e-14, -1.931788062847772e-14,  1.554312234475219e-15, -3.427813588530171e-15, -6.512151928816934e-15, -1.443289932012703e-15,  8.729128531115292e-15,  1.617456169000775e-14,  1.777744618181032e-14, -1.405819904931604e-14
  2.800000000000000e+00, -5.334366734840715e-01,  1.736515605249778e-01,  9.779357815222650e-01, -1.457776891856510e-01,  2.137192992214759e+00,  2.241149883599072e+00,  1.786129220587363e-03,  8.715252009936980e-15,  5.456904072680871e-04,  5.723058744147860e-03,  3.009572686482387e-03,  1.748483939955275e-03,  1.010627724798300e-02,  6.633606264416386e-03,  3.087625734927813e-03,  1.454096851371973e-02,  1.039515969212712e-02,  4.442493263496281e-03,  1.875741144820640e-02,  1.410592965285782e-02,  5.730682514123736e-03,  2.295421997613034e-02,  1.749973496408256e-02,  7.012873146463953e-03,  2.513686667823534e-02,  2.117742578572805e-02,  7.679705844829772e-03,  8.881784197001250e-16, -2.492450690283476e-14, -6.578071420904051e-15, -2.331468351712829e-15,  1.940114735532461e-14,  1.306940666800926e-14,  1.332267629550188e-15, -7.438494264988549e-15, -8.448103328007051e-15,  2.442490654175344e-15, -3.018418848199644e-14, -3.156502836887398e-14, -3.108624468950438e-15,  2.794986464493832e-14,  3.593653152833554e-14,  1.443289932012703e-15, -1.082467449009527e-14, -1.755193212993333e-14,  1.386391002000664e-14, -2.944172683427837e-14
  2.808333333333333e+00, -5.415138223151157e-01,  1.728400031504923e-01,  9.775942056786260e-01, -1.529453013977503e-01,  2.135699303084134e+00,  2.240466605915974e+00,  1.772641067387537e-03, -1.162958786016269e-14,  5.648128076783884e-04,  5.679840430363191e-03,  3.034985573349208e-03,  1.809755330479463e-03,  1.002995857280980e-02,  6.689620557152992e-03,  3.195824110592135e-03,  1.443116077487762e-02,  1.048293661090680e-02,  4.598169694646661e-03,  1.861576277221265e-02,  1.422504038106372e-02,  5.931500421691794e-03,  2.278087863438554e-02,  1.764750304649203e-02,  7.258622323460502e-03,  2.494704283748593e-02,  2.135624835674761e-02,  7.948822560830347e-03, -1.665334536937735e-15,  1.475208843970677e-14,  1.249694792093692e-14,  7.771561172376096e-16, -9.520162436160717e-15, -1.061997711993001e-14,  2.220446049250313e-16, -1.901256929670580e-15, -5.394990010287868e-15, -1.554312234475219e-15,  8.229528170033973e-15,  1.427330476033717e-14,  1.110223024625157e-15, -1.054711873393899e-14, -2.716576963379680e-15,  2.664535259100376e-15, -2.392530618067212e-14, -3.564856743132339e-14,  4.712896739533788e-14, -8.111566973667548e-15
  2.816666666666666e+00, -5.496038476052421e-01,  1.720156671441645e-01,  9.770963293020224e-01, -1.600056219145216e-01,  2.133851371952702e+00,  2.239857346901135e+00,  1.760268141630541e-03, -1.987299498916970e-14,  5.842565556309144e-04,  5.640195493068796e-03,  3.056150461562570e-03,  1.872056372565354e-03,  9.959950078104298e-03,  6.736271543764058e-03,  3.305840734978573e-03,  1.433043215916148e-02,  1.055604080739820e-02,  4.756462232291381e-03,  1.848582589161457e-02,  1.432424065151621e-02,  6.135693027867335e-03,  2.262186950092800e-02,  1.777057032982281e-02,  7.508501258661760e-03,  2.477291401095831e-02,  2.150517908424541e-02,  8.222461721129950e-03, -2.664535259100376e-15,  2.592370762499741e-14,  2.104566521055062e-14, -4.440892098500627e-16, -3.580469254416131e-15,  4.000272335602518e-15, -1.554312234475219e-15,  1.382227665658320e-14,  1.031466578815810e-14,  1.887379141862766e-15, -2.084443728733731e-14, -1.139019434326372e-14,  3.330669073875469e-16, -2.858824288409777e-15, -1.709049568532350e-14, -6.661338147750939e-16,  9.853229343548264e-15,  1.091488011084607e-14, -1.025568518997489e-14, -4.489464355827977e-15
  2.825000000000000e+00, -5.577227069197853e-01,  1.711795750526822e-01,  9.764433400585952e-01, -1.668329721078857e-01,  2.131646940739015e+00,  2.239332162768542e+00,  1.748950015779036e-03, -1.007527538554285e-14,  6.036328889362875e-04,  5.603930312266979e-03,  3.073674228961847e-03,  1.934141406750130e-03,  9.895909852763863e-03,  6.774896885401700e-03,  3.415475913723604e-03,  1.423829072296112e-02,  1.061656845678862e-02,  4.914205943695645e-03,  1.836696621395895e-02,  1.440637491308526e-02,  6.339177664848284e-03,  2.247641599874103e-02,  1.787246562093692e-02,  7.757513822643811e-03,  2.461362977929081e-02,  2.162848837836369e-02,  8.495152129627960e-03, -1.221245327087672e-15,  1.339206523454095e-14,  1.323940956865499e-14, -5.551115123125783e-16, -9.436895709313831e-15, -1.759009604640482e-15,  1.110223024625157e-15,  9.853229343548264e-16, -6.140921104957897e-16,  2.220446049250313e-16, -9.034439862887210e-15, -4.232725281383409e-15, -2.220446049250313e-16, -1.804112415015879e-16,  9.797718192317005e-15,  0.000000000000000e+00,  5.356826093816380e-15, -1.159489171342898e-14,  9.992007221626409e-16, -8.611167334748869e-15
  2.833333333333333e+00, -5.658868961648847e-01,  1.703325026691523e-01,  9.756367689549682e-01, -1.732972184066275e-01,  2.129087016349553e+00,  2.238905839333794e+00,  1.738644184767986e-03, -5.148660008320220e-15,  6.224950496868895e-04,  5.570908694568836e-03,  3.088256588554350e-03,  1.994578945495949e-03,  9.837597394589011e-03,  6.807038867687104e-03,  3.522201801086125e-03,  1.415439043035466e-02,  1.066693639021177e-02,  5.067763750358669e-03,  1.825873736334727e-02,  1.447472273519763e-02,  6.537262610691065e-03,  2.234397187916808e-02,  1.795725753482506e-02,  7.999918561347042e-03,  2.446859195271928e-02,  2.173109990174133e-02,  8.760606394902795e-03,  1.887379141862766e-15, -2.102484852883890e-14, -4.531097719251420e-15, -2.553512956637860e-15,  2.861599845971341e-14,  1.958155859682620e-14, -4.440892098500626e-16,  6.147859998861804e-15,  7.507883204027621e-15,  1.887379141862766e-15, -1.407207683712386e-14, -1.831521045936313e-14, -1.776356839400250e-15,  3.291811268013589e-14,  2.132322096670691e-14,  1.776356839400250e-15, -2.467470672229410e-14, -1.983135877736686e-14,  5.412337245047638e-15,  1.701416785238052e-14
  2.841666666666667e+00, -5.741128510449752e-01,  1.694750279804557e-01,  9.746781143093883e-01, -1.792714686484481e-01,  2.126175451307111e+00,  2.238599456839037e+00,  1.729349293131114e-03, -1.039446454091669e-14,  6.403728384290986e-04,  5.541126296829765e-03,  3.100636810945621e-03,  2.051862390665394e-03,  9.785005034087246e-03,  6.834326967750079e-03,  3.623357914307151e-03,  1.407872024643127e-02,  1.070969807168457e-02,  5.213307734706171e-03,  1.816112510506741e-02,  1.453274909442263e-02,  6.725009967093915e-03,  2.222451972261054e-02,  1.802924470139318e-02,  8.229672764420163e-03,  2.433778145526004e-02,  2.181821567126307e-02,  9.012207223774242e-03, -9.992007221626411e-16,  7.799316747991726e-15,  2.598615767013257e-15,  3.330669073875470e-16, -9.284240043427873e-15, -1.119243586700236e-14,  2.109423746787798e-15, -7.258083023486962e-15, -9.409140133698203e-15, -1.554312234475219e-15,  5.703770789011742e-15,  8.257283745649602e-15,  1.110223024625157e-16,  4.329869796038111e-15,  4.673345044281518e-15,  2.220446049250313e-16, -4.371503159461554e-15, -8.704842402451618e-15, -1.992850329202156e-14,  1.457514664515713e-14
  2.850000000000000e+00, -5.824164342542868e-01,  1.686074628540787e-01,  9.735687050246907e-01, -1.846385692575785e-01,  2.122917719123580e+00,  2.238441259371752e+00,  1.721146169510236e-03,  4.468648306011435e-15,  6.568165995630877e-04,  5.514842107634703e-03,  3.111569007829470e-03,  2.104550969826621e-03,  9.738590115929790e-03,  6.858423375219941e-03,  3.716400011658733e-03,  1.401193820127345e-02,  1.074745822715389e-02,  5.347177227409800e-03,  1.807497827811377e-02,  1.458398852815185e-02,  6.897697580844740e-03,  2.211909828843915e-02,  1.809281204735223e-02,  8.440997737730329e-03,  2.422233581874547e-02,  2.189514213640172e-02,  9.243626443674588e-03,  1.887379141862766e-15,  1.318389841742373e-15, -1.292368989602721e-15,  0.000000000000000e+00, -1.776356839400250e-15, -9.527101330064625e-15,  2.220446049250313e-15, -1.589006703994756e-14, -1.594384346770284e-14, -4.107825191113080e-15,  2.672861931785065e-14,  2.247334263127954e-14,  2.664535259100376e-15, -2.174649349484525e-14, -8.229528170033973e-15,  1.332267629550188e-15, -1.705580121580396e-14, -1.598721155460225e-14,  3.924638392049928e-14, -7.886052921790565e-15
  2.858333333333333e+00, -5.908123403259070e-01,  1.677298679950669e-01,  9.723097895540789e-01, -1.892968514932891e-01,  2.119319183621746e+00,  2.238466155071147e+00,  1.714231044822808e-03,  1.221245499559371e-14,  6.714444650625311e-04,  5.492684883873601e-03,  3.121825836976039e-03,  2.151421113665463e-03,  9.699462953968630e-03,  6.881031158192627e-03,  3.799167407490541e-03,  1.395564182070923e-02,  1.078288564091569e-02,  5.466263421719772e-03,  1.800235764267322e-02,  1.463206249929883e-02,  7.051315185020670e-03,  2.203022941411369e-02,  1.815245233863804e-02,  8.628985951763072e-03,  2.412501667446479e-02,  2.196731624903051e-02,  9.449489883052135e-03, -1.110223024625157e-15,  2.223221606811876e-14,  1.529505688768751e-14,  2.997602166487923e-15, -4.908573547623973e-14, -3.114696001116357e-14, -3.441691376337985e-15,  3.688715999317083e-14,  3.978588292152807e-14, -8.881784197001252e-16, -1.429412144204889e-15, -1.010823369451685e-14,  2.109423746787797e-15,  4.579669976578771e-16, -9.136788547969843e-15, -2.109423746787797e-15,  1.926236947724647e-14,  2.623248840372128e-14,  1.734723475976807e-15, -5.693362448155879e-15
  2.866666666666667e+00, -5.993131604889691e-01,  1.668414578291255e-01,  9.709029789830447e-01, -1.931675393084384e-01,  2.115391407415637e+00,  2.238705274453871e+00,  1.708759969862510e-03,  1.050548685342045e-14,  6.840074186680692e-04,  5.475154638566087e-03,  3.132123570428334e-03,  2.191674932164806e-03,  9.668506514893498e-03,  6.903729101187901e-03,  3.870251117881508e-03,  1.391110152215957e-02,  1.081845433952026e-02,  5.568539063782713e-03,  1.794490199897464e-02,  1.468032818982351e-02,  7.183247683026805e-03,  2.195991856722798e-02,  1.821233047589160e-02,  8.790437204750012e-03,  2.404802018379670e-02,  2.203977819262286e-02,  9.626293042803167e-03, -1.110223024625157e-16,  1.387778780781446e-17, -8.673617379884035e-18,  1.110223024625157e-16, -1.387778780781446e-17,  1.040834085586084e-17,  0.000000000000000e+00,  1.387778780781446e-17,  8.673617379884035e-18,  0.000000000000000e+00,  0.000000000000000e+00, -3.469446951953614e-18,  0.000000000000000e+00,  0.000000000000000e+00, -3.469446951953614e-18, -1.110223024625157e-16,  0.000000000000000e+00, -1.908195823574488e-17,  2.775557561562891e-17, -3.469446951953614e-18
  2.875000000000000e+00, -6.079287675849516e-01,  1.659402142664801e-01,  9.693509432359713e-01, -1.961999758884216e-01,  2.111158512535364e+00,  2.239176953229393e+00,  1.704689409131960e-03,  1.387778976700142e-17,  6.944183643268978e-04,  5.462111876639999e-03,  3.143028717669949e-03,  2.225033354955060e-03,  9.645474466134507e-03,  6.927765886571175e-03,  3.929158335822302e-03,  1.387796288092890e-02,  1.085612106454376e-02,  5.653295100158149e-03,  1.790215414984339e-02,  1.473144084110618e-02,  7.292580417245002e-03,  2.190760625668435e-02,  1.827574053635745e-02,  8.924232192425536e-03,  2.399073365534885e-02,  2.211651431757927e-02,  9.772810187369906e-03,  0.000000000000000e+00,  0.000000000000000e+00,  1.734723475976807e-18,  5.551115123125783e-16,  1.387778780781446e-17,  6.071532165918825e-17,  0.000000000000000e+00,  1.387778780781446e-17,  8.673617379884035e-18,  0.000000000000000e+00, -1.387778780781446e-17,  1.040834085586084e-17,  2.220446049250313e-16,  0.000000000000000e+00,  1.040834085586084e-17, -7.771561172376096e-16,  2.775557561562891e-17, -7.459310946700271e-17, -1.387778780781446e-17,  1.734723475976807e-18
  2.883333333333333e+00, -6.166658978467986e-01,  1.650223888542681e-01,  9.676584794248424e-01, -1.983752027550394e-01,  2.106667535570301e+00,  2.239875026297859e+00,  1.701536878440727e-03, -9.742208416803106e-15,  7.027531081801539e-04,  5.452010637525275e-03,  3.154824073785933e-03,  2.251739277553045e-03,  9.627636815393210e-03,  6.953764842713200e-03,  3.976317987700721e-03,  1.385229796877698e-02,  1.089686259937481e-02,  5.721148672343331e-03,  1.786904718611457e-02,  1.478672592015452e-02,  7.380109481889139e-03,  2.186709189626605e-02,  1.834432688641574e-02,  9.031345127896457e-03,  2.394636690807754e-02,  2.219951456541869e-02,  9.890108164916181e-03,  0.000000000000000e+00, -1.387778780781446e-17, -1.734723475976807e-17,  0.000000000000000e+00, -1.387778780781446e-17,  3.642919299551295e-17,  0.000000000000000e+00,  0.000000000000000e+00, -3.469446951953614e-18,  0.000000000000000e+00,  0.000000000000000e+00, -3.469446951953614e-18,  0.000000000000000e+00,  1.387778780781446e-17,  1.040834085586084e-17,  0.000000000000000e+00,  0.000000000000000e+00, -5.204170427930421e-18, -1.387778780781446e-17,  5.030698080332741e-17
  2.891666666666667e+00, -6.255281255162958e-01,  1.640823276443277e-01,  9.658335337702627e-01, -1.997064416448444e-01,  2.101995723525868e+00,  2.240762170073150e+00,  1.698221434182936e-03, -3.885781134559470e-16,  7.092149136325103e-04,  5.441387395923912e-03,  3.167411119678105e-03,  2.272443990131881e-03,  9.608877367042285e-03,  6.981508816802418e-03,  4.012880178527508e-03,  1.382530676903954e-02,  1.094033865592899e-02,  5.773754558017625e-03,  1.783422935135772e-02,  1.484572166558687e-02,  7.447969490024581e-03,  2.182448387221537e-02,  1.841751666794898e-02,  9.114388225785424e-03,  2.389970741709394e-02,  2.228808568776305e-02,  9.981047577456418e-03, -1.110223024625157e-16, -2.775557561562891e-17,  5.204170427930421e-18,  1.110223024625157e-16,  2.775557561562891e-17,  6.938893903907228e-18,  2.220446049250313e-16,  0.000000000000000e+00,  2.255140518769849e-17, -1.110223024625157e-16,  0.000000000000000e+00, -1.908195823574488e-17,  0.000000000000000e+00,  1.387778780781446e-17,  8.673617379884035e-18, -3.330669073875469e-16, -4.163336342344336e-17, -3.469446951953614e-17,  1.387778780781445e-17,  2.081668171172168e-17
  2.900000000000000e+00, -6.345160303417968e-01,  1.631127287149300e-01,  9.638877275602599e-01, -2.002373439676313e-01,  2.097250104937724e+00,  2.241771471804710e+00,  1.693077228323006e-03, -9.062196713414421e-15,  7.140869722457682e-04,  5.424904494246154e-03,  3.180305660997037e-03,  2.288054886256483e-03,  9.579770418877115e-03,  7.009930562652006e-03,  4.040447263066091e-03,  1.378342752840499e-02,  1.098487681136047e-02,  5.813418234212426e-03,  1.778020639222616e-02,  1.490615864839286e-02,  7.499134437790224e-03,  2.175837374336930e-02,  1.849249444019746e-02,  9.177000887905925e-03,  2.382731107792111e-02,  2.237882055950147e-02,  1.004961388648398e-02,  0.000000000000000e+00, -1.387778780781446e-17, -1.908195823574488e-17, -7.771561172376096e-16,  1.387778780781446e-17, -6.245004513516506e-17,  5.551115123125783e-16, -1.387778780781446e-17,  6.158268339717665e-17, -5.551115123125783e-16,  1.387778780781446e-17, -5.030698080332741e-17,  5.551115123125783e-16,  0.000000000000000e+00,  7.546047120499111e-17, -4.440892098500626e-16,  0.000000000000000e+00, -4.943961906533900e-17,  0.000000000000000e+00,  6.071532165918825e-17
  2.908333333333333e+00, -6.436273175702740e-01,  1.621053811533203e-01,  9.618362059268786e-01, -2.000384596820120e-01,  2.092557875448782e+00,  2.242816382058412e+00,  1.684060275890643e-03, -2.248201938783299e-15,  7.176844372095661e-04,  5.396012660517418e-03,  3.192755488753810e-03,  2.299581769653470e-03,  9.528750694126663e-03,  7.037372084749735e-03,  4.060802441057960e-03,  1.371002006164038e-02,  1.102787891206086e-02,  5.842705378758158e-03,  1.768551297093663e-02,  1.496451124951290e-02,  7.536913972156455e-03,  2.164249348832473e-02,  1.856488634057128e-02,  9.223233266252096e-03,  2.370041212318467e-02,  2.246642612044112e-02,  1.010024236055063e-02,  4.440892098500626e-16,  0.000000000000000e+00,  5.724587470723463e-17, -4.440892098500626e-16, -1.387778780781446e-17, -3.903127820947816e-17,  0.000000000000000e+00,  1.387778780781446e-17,  1.474514954580286e-17,  3.330669073875470e-16,  2.775557561562891e-17,  4.336808689942018e-17,  0.000000000000000e+00, -1.387778780781446e-17, -1.127570259384925e-17, -3.330669073875470e-16,  0.000000000000000e+00, -3.903127820947816e-17, -1.387778780781446e-17,  1.474514954580286e-17
  2.916666666666667e+00, -6.528568718620881e-01,  1.610521733405243e-01,  9.596970615402828e-01, -1.992019552418108e-01,  2.088052110462171e+00,  2.243804948655657e+00,  1.669051668831734e-03, -9.658941644180731e-15,  7.203000173647103e-04,  5.347922556571054e-03,  3.203927527046026e-03,  2.307962528886887e-03,  9.443828986158359e-03,  7.061997143143824e-03,  4.075601918049726e-03,  1.358783423085615e-02,  1.106646748727594e-02,  5.863998949423887e-03,  1.752789692912884e-02,  1.501687482482823e-02,  7.564382037028040e-03,  2.144961222080936e-02,  1.862984829009401e-02,  9.256847073003888e-03,  2.348919036477769e-02,  2.254504027474379e-02,  1.013705240156122e-02,  0.000000000000000e+00,  0.000000000000000e+00, -8.673617379884034e-19,  0.000000000000000e+00,  1.387778780781445e-17,  1.301042606982605e-17,  0.000000000000000e+00, -1.387778780781445e-17,  2.688821387764050e-17,  0.000000000000000e+00,  0.000000000000000e+00, -8.673617379884034e-19,  0.000000000000000e+00,  0.000000000000000e+00, -8.673617379884034e-19,  0.000000000000000e+00,  1.387778780781445e-17,  1.301042606982605e-17, -1.387778780781445e-17, -8.673617379884034e-19
  2.925000000000000e+00, -6.621968834132165e-01,  1.599460078531937e-01,  9.574906831633878e-01, -1.978352528811282e-01,  2.083858575927020e+00,  2.244653323762718e+00,  1.646139640090515e-03, -3.608225315829856e-16,  7.221464973933780e-04,  5.274508558910033e-03,  3.213088068369153e-03,  2.313878961746463e-03,  9.314188133699842e-03,  7.082188522698472e-03,  4.086049672237207e-03,  1.340130624360225e-02,  1.109810828814017e-02,  5.879031236874155e-03,  1.728728144328463e-02,  1.505981047226439e-02,  7.583773235143061e-03,  2.115516110174695e-02,  1.868311400660717e-02,  9.280576883885880e-03,  2.316674078771207e-02,  2.260950015147112e-02,  1.016303860772823e-02,  3.330669073875470e-16,  0.000000000000000e+00,  3.729655473350135e-17,  0.000000000000000e+00,  1.387778780781446e-17,  9.540979117872439e-18,  0.000000000000000e+00,  0.000000000000000e+00, -3.469446951953614e-18,  0.000000000000000e+00,  0.000000000000000e+00, -3.469446951953614e-18, -3.330669073875470e-16, -2.775557561562891e-17, -3.165870343657673e-17,  3.330669073875470e-16, -1.387778780781446e-17,  2.471980953266950e-17,  0.000000000000000e+00, -4.640385298237959e-17
  2.933333333333333e+00, -6.716371118972454e-01,  1.587813815761712e-01,  9.552392642691715e-01, -1.960544188354800e-01,  2.080086329812914e+00,  2.245295679966462e+00,  1.613826925038088e-03,  5.356826791902784e-15,  7.233079578833332e-04,  5.170973179556146e-03,  3.219746715203262e-03,  2.317600476681567e-03,  9.131356313250802e-03,  7.096865304410211e-03,  4.092621448532316e-03,  1.313824679260923e-02,  1.112110746589111e-02,  5.888486745527689e-03,  1.694794267414354e-02,  1.509101968816431e-02,  7.595970556515057e-03,  2.073989821886253e-02,  1.872183197989488e-02,  9.295503250440321e-03,  2.271199182502526e-02,  2.265635497567779e-02,  1.017938427688669e-02,  4.440892098500626e-16,  1.387778780781446e-17,  4.141652298894627e-17,  0.000000000000000e+00, -1.387778780781445e-17, -1.409462824231155e-17, -4.440892098500626e-16,  0.000000000000000e+00, -2.840609691912022e-17,  0.000000000000000e+00,  0.000000000000000e+00, -4.336808689942018e-19,  0.000000000000000e+00,  0.000000000000000e+00, -4.336808689942018e-19,  0.000000000000000e+00, -1.387778780781446e-17,  1.344410693882025e-17,  0.000000000000000e+00, -4.336808689942018e-19
  2.941666666666666e+00, -6.811652687420179e-01,  1.575546596751536e-01,  9.529666980802902e-01, -1.939775126289609e-01,  2.076822475303259e+00,  2.245690235768018e+00,  1.571157709420190e-03, -1.268429963779699e-14,  7.236976847382913e-04,  5.034253828715386e-03,  3.223752377886050e-03,  2.318849227206793e-03,  8.889925336128875e-03,  7.105694461116243e-03,  4.094826601279763e-03,  1.279087454558825e-02,  1.113494315204458e-02,  5.891659531758780e-03,  1.649984293739986e-02,  1.510979431223529e-02,  7.600063355173510e-03,  2.019154004284693e-02,  1.874512367024092e-02,  9.300511777415147e-03,  2.211149194410690e-02,  2.268454157640931e-02,  1.018486904933845e-02,  0.000000000000000e+00,  0.000000000000000e+00,  6.640738306473715e-18,  0.000000000000000e+00, -1.387778780781446e-17,  2.051852611428817e-17,  2.220446049250313e-16,  2.775557561562891e-17,  2.051852611428817e-17,  0.000000000000000e+00, -1.387778780781445e-17, -7.047314121155777e-18, -7.771561172376094e-16, -1.387778780781445e-17, -7.676151381197370e-17,  7.771561172376094e-16,  0.000000000000000e+00,  1.037852529611749e-16,  0.000000000000000e+00,  6.586528197849438e-18
  2.950000000000000e+00, -6.907674295216574e-01,  1.562641813812427e-01,  9.506989421851709e-01, -1.917182488233721e-01,  2.074131133010039e+00,  2.245821122131044e+00,  1.517754658716610e-03,  1.081079797541376e-14,  7.230246514566557e-04,  4.863141463073730e-03,  3.225318728790282e-03,  2.316692715144130e-03,  8.587760167976070e-03,  7.109146963018230e-03,  4.091018443908589e-03,  1.235611760312924e-02,  1.114035337792189e-02,  5.886180333484569e-03,  1.593901957532076e-02,  1.511713583155186e-02,  7.592995354415171e-03,  1.950523730558503e-02,  1.875423151672635e-02,  9.291862372608857e-03,  2.135993077472295e-02,  2.269556350016625e-02,  1.017539719909740e-02,  0.000000000000000e+00,  0.000000000000000e+00,  0.000000000000000e+00,  0.000000000000000e+00,  1.387778780781446e-17,  1.387778780781446e-17,  0.000000000000000e+00, -1.387778780781446e-17, -1.366094737331736e-17, -4.440892098500626e-16,  0.000000000000000e+00, -1.376936759056591e-17,  0.000000000000000e+00, -1.387778780781446e-17, -1.355252715606881e-17,  0.000000000000000e+00,  0.000000000000000e+00,  1.084202172485504e-19,  0.000000000000000e+00,  3.252606517456513e-19
  2.958333333333333e+00, -7.004283350338274e-01,  1.549102108707496e-01,  9.484645745395309e-01, -1.893809801994164e-01,  2.072056036081623e+00,  2.245694938049798e+00,  1.453761077865431e-03, -6.189494041315540e-15,  7.207945351458232e-04,  4.658095255751730e-03,  3.224981538350511e-03,  2.309547047083650e-03,  8.225671656836204e-03,  7.108403738321523e-03,  4.078399998766806e-03,  1.183514261793004e-02,  1.113918871138176e-02,  5.868024843718294e-03,  1.526697753476829e-02,  1.511555541289809e-02,  7.569575319405115e-03,  1.868283167277152e-02,  1.875227085844050e-02,  9.263202307369045e-03,  2.045932510094569e-02,  2.269319079595533e-02,  1.014401193577837e-02,  0.000000000000000e+00, -1.387778780781446e-17,  3.599551212651875e-17,  0.000000000000000e+00, -1.387778780781446e-17,  9.107298248878237e-18, -1.110223024625156e-16,  1.387778780781445e-17, -4.770489558936219e-18,  3.330669073875470e-16, -1.387778780781446e-17,  8.673617379884035e-18,  0.000000000000000e+00,  0.000000000000000e+00, -5.204170427930421e-18,  0.000000000000000e+00,  2.775557561562891e-17,  2.255140518769849e-17, -1.387778780781446e-17,  8.239936510889834e-18
  2.966666666666667e+00, -7.101315858881434e-01,  1.534946847697762e-01,  9.462951488067821e-01, -1.870574659654243e-01,  2.070625175331597e+00,  2.245332871274595e+00,  1.379717936965056e-03,  2.595146581391481e-15,  7.163577795258832e-04,  4.420848566042832e-03,  3.223515766193755e-03,  2.295330935055518e-03,  7.806720720011137e-03,  7.105172929059102e-03,  4.053295945874247e-03,  1.123235365502471e-02,  1.113412588778010e-02,  5.831904991264901e-03,  1.448939792698871e-02,  1.510868530836351e-02,  7.522981797568730e-03,  1.773127535513641e-02,  1.874374784642899e-02,  9.206183888177753e-03,  1.941728819801340e-02,  2.268287661376791e-02,  1.008157180915466e-02,  8.881784197001252e-16, -1.387778780781446e-17,  1.131907068074867e-16,  0.000000000000000e+00,  2.775557561562891e-17, -1.084202172485504e-17,  0.000000000000000e+00, -1.387778780781445e-17,  3.079134169858832e-17, -4.440892098500626e-16, -2.775557561562891e-17, -3.816391647148976e-17,  2.220446049250313e-16,  0.000000000000000e+00,  1.734723475976807e-17,  0.000000000000000e+00,  1.387778780781446e-17,  1.821459649775647e-17, -1.387778780781445e-17,  3.035766082959412e-18
  2.975000000000000e+00, -7.198599170068275e-01,  1.520208391713690e-01,  9.442250863410554e-01, -1.848246011702170e-01,  2.069855519290823e+00,  2.244762083785347e+00,  1.296432290566590e-03,  9.034440684793210e-15,  7.089833666197026e-04,  4.153987332611680e-03,  3.221831333739552e-03,  2.271702074483599e-03,  7.335473833970900e-03,  7.101460155591716e-03,  4.011570039048167e-03,  1.055432098642079e-02,  1.112830780459474e-02,  5.771869521989104e-03,  1.361475620499110e-02,  1.510079033853354e-02,  7.445537850300733e-03,  1.666094011498932e-02,  1.873395339237293e-02,  9.111412527701007e-03,  1.824517804743216e-02,  2.267102378722034e-02,  9.977788929386933e-03,  1.110223024625156e-16,  2.775557561562891e-17, -1.387778780781445e-17,  1.110223024625156e-16,  2.775557561562891e-17,  8.673617379884034e-19,  0.000000000000000e+00,  1.387778780781446e-17,  1.431146867680866e-17, -2.220446049250313e-16, -5.551115123125783e-17,  4.336808689942018e-19,  0.000000000000000e+00, -1.387778780781446e-17,  1.387778780781446e-17,  0.000000000000000e+00,  2.775557561562891e-17,  0.000000000000000e+00, -2.775557561562891e-17,  1.387778780781446e-17
  2.983333333333333e+00, -7.295956213370756e-01,  1.504928711460310e-01,  9.422908616288054e-01, -1.827426325975454e-01,  2.069755468801477e+00,  2.244009656715752e+00,  1.204893531463556e-03,  2.400857484710728e-15,  6.979449450872149e-04,  3.860681736535218e-03,  3.220857498624682e-03,  2.236333113449563e-03,  6.817529181497774e-03,  7.099313658558756e-03,  3.949112436848319e-03,  9.809099308976055e-03,  1.112494414710003e-02,  5.682005172857939e-03,  1.265344268513996e-02,  1.509622595307016e-02,  7.329615546415371e-03,  1.548454101207390e-02,  1.872829084209104e-02,  8.969553611249665e-03,  1.695691874517488e-02,  2.266417121263525e-02,  9.822441081584072e-03,  0.000000000000000e+00,  0.000000000000000e+00,  0.000000000000000e+00,  1.110223024625156e-16,  5.551115123125781e-17,  0.000000000000000e+00,  0.000000000000000e+00, -1.387778780781445e-17, -1.387778780781445e-17,  0.000000000000000e+00, -2.775557561562891e-17,  1.387778780781445e-17,  0.000000000000000e+00,  0.000000000000000e+00,  0.000000000000000e+00,  3.330669073875469e-16,  4.163336342344336e-17, -8.673617379884034e-19, -2.775557561562891e-17,  0.000000000000000e+00
  2.991666666666667e+00, -7.393209980812433e-01,  1.489156879804963e-01,  9.405293701321282e-01, -1.808546133190728e-01,  2.070323837168972e+00,  2.243099754914104e+00,  1.106253992559851e-03,  2.498001981284023e-16,  6.826242502037064e-04,  3.544624046452472e-03,  3.221422742832340e-03,  2.187243027588700e-03,  6.259406893204851e-03,  7.100559552194174e-03,  3.862424873399376e-03,  9.006069823266414e-03,  1.112689651854083e-02,  5.557278619305548e-03,  1.161755883364152e-02,  1.509887526439409e-02,  7.168722048758979e-03,  1.421688711096506e-02,  1.873157756243709e-02,  8.772661585492007e-03,  1.556872750455050e-02,  2.266814866005322e-02,  9.606827194152819e-03,  0.000000000000000e+00,  0.000000000000000e+00,  0.000000000000000e+00,  0.000000000000000e+00,  0.000000000000000e+00,  4.163336342344336e-17, -1.110223024625157e-16, -1.387778780781446e-17,  0.000000000000000e+00, -6.661338147750939e-16, -2.775557561562891e-17, -2.602085213965211e-17,  0.000000000000000e+00, -1.387778780781446e-17,  2.775557561562891e-17, -1.110223024625156e-16,  0.000000000000000e+00,  1.474514954580286e-17, -1.387778780781445e-17,  1.734723475976807e-18
  3.000000000000000e+00, -7.490187487398956e-01,  1.472947539138598e-01,  9.389757651527775e-01, -1.791872886163113e-01,  2.071546383395913e+00,  2.242053194804668e+00,  1.001844270583330e-03,  1.873501466680141e-15,  6.626187319076717e-04,  3.210077718315991e-03,  3.224138495409976e-03,  2.123141978740158e-03,  5.668635752176992e-03,  7.106545529344834e-03,  3.749229639796120e-03,  8.156064984714271e-03,  1.113627681427099e-02,  5.394412680904307e-03,  1.052107819175188e-02,  1.511160405311194e-02,  6.958629893286829e-03,  1.287507841187629e-02,  1.874736882432185e-02,  8.515563127919861e-03,  1.409933031258846e-02,  2.268725856526229e-02,  9.325282029094585e-03,  0.000000000000000e+00,  0.000000000000000e+00,  1.734723475976807e-18,  1.110223024625157e-16,  1.387778780781446e-17,  8.673617379884035e-19,  0.000000000000000e+00,  4.163336342344337e-17, -1.387778780781446e-17,  3.330669073875470e-16,  1.387778780781446e-17, -8.673617379884035e-19, -3.330669073875470e-16, -4.163336342344337e-17,  1.474514954580286e-17,  0.000000000000000e+00,  0.000000000000000e+00,  0.000000000000000e+00, -1.387778780781446e-17, -2.862293735361732e-17
  3.008333333333333e+00, -7.586723746066785e-01,  1.456359942128050e-01,  9.376612686835145e-01, -1.777524042194015e-01,  2.073392874430032e+00,  2.240887597598576e+00,  8.931677013552483e-04, -5.620504344259509e-15,  6.378229084267288e-04,  2.861859693187672e-03,  3.229300691877192e-03,  2.043691985582435e-03,  5.053721933879446e-03,  7.117923881868224e-03,  3.608929899070431e-03,  7.271323526405430e-03,  1.115410720491999e-02,  5.192548625250553e-03,  9.379788356540129e-03,  1.513579937516475e-02,  6.698231341110059e-03,  1.147843485014284e-02,  1.877738540127758e-02,  8.196902652560579e-03,  1.256988417828633e-02,  2.272358333433967e-02,  8.976321102000697e-03,  2.220446049250313e-16,  2.775557561562891e-17,  1.301042606982605e-17, -2.220446049250313e-16, -2.775557561562891e-17,  1.474514954580286e-17,  0.000000000000000e+00,  0.000000000000000e+00,  8.673617379884034e-19,  0.000000000000000e+00,  0.000000000000000e+00,  8.673617379884034e-19,  2.220446049250313e-16,  2.775557561562891e-17,  1.301042606982605e-17, -2.220446049250313e-16, -1.387778780781446e-17,  8.673617379884035e-19, -1.387778780781446e-17,  8.673617379884035e-19
  3.016666666666667e+00, -7.682666353418994e-01,  1.439455897181525e-01,  9.366113518764282e-01, -1.765476950261665e-01,  2.075818008037294e+00,  2.239615923082384e+00,  7.818245015211431e-04,  8.326673025206656e-16,  6.084625585377508e-04,  2.505097334639461e-03,  3.236824334449705e-03,  1.949616481257862e-03,  4.423719784976621e-03,  7.134507260157934e-03,  3.442803152580864e-03,  6.364872893198721e-03,  1.118009410539968e-02,  4.953524528602405e-03,  8.210494339534788e-03,  1.517106284400743e-02,  6.389897455192680e-03,  1.004752141322231e-02,  1.882113305733048e-02,  7.819581727278370e-03,  1.100290955099287e-02,  2.277652486407167e-02,  8.563121881813757e-03,  0.000000000000000e+00, -1.387778780781446e-17,  2.775557561562891e-17,  0.000000000000000e+00,  0.000000000000000e+00,  0.000000000000000e+00,  0.000000000000000e+00,  0.000000000000000e+00,  0.000000000000000e+00,  2.220446049250313e-16,  1.387778780781446e-17, -1.387778780781446e-17,  0.000000000000000e+00,  0.000000000000000e+00,  0.000000000000000e+00,  0.000000000000000e+00,  1.387778780781446e-17,  1.474514954580286e-17, -2.775557561562891e-17,  1.474514954580286e-17
  3.025000000000000e+00, -7.777880502616294e-01,  1.422296188792747e-01,  9.358444940601922e-01, -1.755577082820887e-01,  2.078765776712105e+00,  2.238244304687767e+00,  6.693924974076177e-04,  3.747002829699925e-16,  5.750758963699610e-04,  2.144846263864766e-03,  3.246231704173989e-03,  1.842639994556804e-03,  3.787556963152675e-03,  7.155242691146885e-03,  3.253894724065515e-03,  5.449558249164986e-03,  1.121258745935546e-02,  4.681722019758982e-03,  7.029766015524952e-03,  1.521515538118346e-02,  6.039280404733019e-03,  8.602615342025357e-03,  1.887583400464911e-02,  7.390517145247647e-03,  9.420611772547485e-03,  2.284272159528480e-02,  8.093258858511334e-03,  1.110223024625157e-16,  2.775557561562891e-17, -2.949029909160572e-17,  0.000000000000000e+00,  0.000000000000000e+00,  0.000000000000000e+00, -7.771561172376094e-16, -9.714451465470117e-17,  1.561251128379126e-17,  7.771561172376094e-16,  8.326672684688673e-17,  2.341876692568689e-17, -1.110223024625157e-16, -2.775557561562891e-17,  0.000000000000000e+00,  0.000000000000000e+00,  0.000000000000000e+00,  2.602085213965211e-17, -1.387778780781446e-17, -1.734723475976807e-18
  3.033333333333333e+00, -7.872253346333510e-01,  1.404937195185892e-01,  9.353715267902605e-01, -1.747551911939877e-01,  2.082173499887278e+00,  2.236772300030077e+00,  5.573466110459792e-04,  1.554312273369704e-15,  5.384525062760766e-04,  1.785832379371779e-03,  3.256705070369203e-03,  1.725292486590836e-03,  3.153578872979516e-03,  7.178327758330422e-03,  3.046672239945169e-03,  4.537387009313817e-03,  1.124876279902039e-02,  4.383569144749764e-03,  5.853092588235330e-03,  1.526424426597236e-02,  5.654672175539653e-03,  7.162671415616900e-03,  1.893673339193782e-02,  6.919856152260023e-03,  7.843747974081305e-03,  2.291641941175721e-02,  7.577844148589407e-03,  0.000000000000000e+00,  1.387778780781445e-17,  1.387778780781445e-17,  0.000000000000000e+00,  0.000000000000000e+00,  0.000000000000000e+00,  2.220446049250313e-16,  5.551115123125781e-17, -4.163336342344336e-17, -5.551115123125783e-16, -8.326672684688674e-17,  4.250072516143177e-17,  0.000000000000000e+00,  0.000000000000000e+00,  0.000000000000000e+00,  1.110223024625157e-16,  2.775557561562891e-17,  0.000000000000000e+00, -4.163336342344337e-17,  0.000000000000000e+00
  3.041666666666667e+00, -7.965696362305554e-01,  1.387428893091307e-01,  9.351954767230504e-01, -1.741036909476577e-01,  2.085973962608383e+00,  2.235195892181924e+00,  4.470408171860945e-04,  1.215694234728293e-14,  4.995517853909500e-04,  1.432394044229222e-03,  3.267186433991221e-03,  1.600648027322756e-03,  2.529446575076292e-03,  7.201430453169632e-03,  2.826564161532768e-03,  3.639381950720050e-03,  1.128496576206104e-02,  4.066876404302928e-03,  4.694693108127741e-03,  1.531337063484899e-02,  5.246148078247721e-03,  5.745090073966150e-03,  1.899767928181308e-02,  6.419928322625497e-03,  6.291373150292070e-03,  2.299017350360219e-02,  7.030379707862066e-03,  2.220446049250313e-16,  4.163336342344337e-17, -2.775557561562891e-17,  0.000000000000000e+00, -1.387778780781446e-17, -1.387778780781446e-17,  0.000000000000000e+00,  1.387778780781446e-17,  1.387778780781446e-17,  5.551115123125782e-16,  5.551115123125781e-17, -8.673617379884034e-19, -6.661338147750939e-16, -9.714451465470120e-17,  2.862293735361732e-17,  0.000000000000000e+00,  2.775557561562891e-17, -1.387778780781446e-17, -4.163336342344337e-17, -4.076600168545496e-17
  3.050000000000000e+00, -8.058145362034085e-01,  1.369814041802364e-01,  9.353118801448352e-01, -1.735615269320148e-01,  2.090097026872908e+00,  2.233511175357673e+00,  3.397128086539620e-04, -1.845745803546790e-15,  4.594175116273758e-04,  1.088497034625020e-03,  3.276490753756676e-03,  1.472051057005828e-03,  1.922163183588945e-03,  7.221938744666756e-03,  2.599476393743634e-03,  2.765619193395602e-03,  1.131710317819579e-02,  3.740141247484965e-03,  3.567565466539104e-03,  1.535698017474201e-02,  4.824669566338709e-03,  4.365777374147581e-03,  1.905178102547001e-02,  5.904147640186930e-03,  4.780905816664039e-03,  2.305564510436261e-02,  6.465555014907368e-03,  0.000000000000000e+00,  2.775557561562891e-17, -2.775557561562891e-17,  0.000000000000000e+00, -2.775557561562891e-17,  2.775557561562891e-17,  0.000000000000000e+00,  0.000000000000000e+00,  0.000000000000000e+00,  0.000000000000000e+00,  0.000000000000000e+00,  0.000000000000000e+00,  0.000000000000000e+00,  1.387778780781446e-17,  1.387778780781446e-17, -4.440892098500625e-16, -6.938893903907227e-17,  1.561251128379126e-17,  6.938893903907227e-17, -1.387778780781446e-17
  3.058333333333333e+00, -8.149558635258782e-01,  1.352127884872622e-01,  9.357094925152232e-01, -1.730872074368903e-01,  2.094471694971558e+00,  2.231717205506899e+00,  2.364820904606061e-04,  4.996003659018694e-16,  4.191033895412369e-04,  7.577284331075893e-04,  3.283397535443945e-03,  1.342877822362559e-03,  1.338063082352001e-03,  7.237162457452114e-03,  2.371371007998863e-03,  1.925212684396241e-03,  1.134095942155544e-02,  3.411941936229156e-03,  2.483466380691943e-03,  1.538935240382202e-02,  4.401302339321882e-03,  3.039120497150058e-03,  1.909194182612861e-02,  5.386055658964739e-03,  3.328101187294328e-03,  2.310424597616846e-02,  5.898199248847481e-03,  1.110223024625157e-16,  4.163336342344337e-17,  0.000000000000000e+00,  0.000000000000000e+00,  0.000000000000000e+00,  0.000000000000000e+00, -3.330669073875470e-16, -1.387778780781446e-17, -1.301042606982605e-17,  3.330669073875470e-16,  1.387778780781446e-17,  1.474514954580286e-17, -5.551115123125783e-16, -4.163336342344337e-17, -1.301042606982605e-17,  3.330669073875470e-16,  5.551115123125783e-17,  1.301042606982605e-17, -4.163336342344337e-17,  0.000000000000000e+00
  3.066666666666666e+00, -8.239913747560166e-01,  1.334398490013228e-01,  9.363712538148466e-01, -1.726453991971381e-01,  2.099028173418433e+00,  2.229817452245202e+00,  1.383393835296698e-04, -1.555700023838041e-14,  3.796219434340950e-04,  4.432626763144279e-04,  3.286714402059922e-03,  1.216372621824853e-03,  7.827519689730734e-04,  7.244473391385804e-03,  2.147977070023494e-03,  1.126227932955676e-03,  1.135241598422682e-02,  3.090521482558427e-03,  1.452800114586638e-03,  1.540489862645687e-02,  3.986679634377654e-03,  1.777851571024031e-03,  1.911122838025869e-02,  4.878664710995317e-03,  1.946902049429052e-03,  2.312758573357676e-02,  5.342562044590545e-03, -2.220446049250313e-16,  2.775557561562891e-17, -1.301042606982605e-17,  2.220446049250313e-16, -2.775557561562891e-17,  1.301042606982605e-17,  0.000000000000000e+00,  4.163336342344337e-17, -1.344410693882025e-17, -4.440892098500626e-16, -5.551115123125783e-17,  8.673617379884035e-19,  0.000000000000000e+00,  0.000000000000000e+00,  8.673617379884034e-19,  0.000000000000000e+00,  1.387778780781445e-17,  1.474514954580286e-17,  2.775557561562891e-17,  8.673617379884035e-19
  3.075000000000000e+00, -8.329203944532748e-01,  1.316649050725053e-01,  9.372754745155950e-01, -1.722109651245375e-01,  2.103698925012834e+00,  2.227820385271809e+00,  4.613863948434079e-05,  4.912736908331616e-15,  3.419094325010913e-04,  1.478359690352805e-04,  3.285345257424178e-03,  1.095535387262411e-03,  2.610616729811957e-04,  7.241455565472267e-03,  1.934592121699817e-03,  3.756170025599666e-04,  1.134768691515095e-02,  2.783502019441265e-03,  4.845346207369131e-04,  1.539848141715193e-02,  3.590633773558758e-03,  5.929450500751695e-04,  1.910326722740513e-02,  4.394007015284157e-03,  6.493263847267143e-04,  2.311795148916612e-02,  4.811819728185078e-03,  0.000000000000000e+00,  0.000000000000000e+00,  4.336808689942018e-19, -3.330669073875470e-16, -1.387778780781446e-17, -1.301042606982605e-17,  0.000000000000000e+00, -2.775557561562891e-17,  2.775557561562891e-17,  0.000000000000000e+00,  1.387778780781446e-17,  1.387778780781446e-17,  0.000000000000000e+00,  0.000000000000000e+00,  0.000000000000000e+00,  1.110223024625157e-16,  4.163336342344337e-17, -2.775557561562891e-17, -1.387778780781446e-17,  1.257674520083185e-17
  3.083333333333333e+00, -8.417435431458704e-01,  1.298901981673191e-01,  9.383972228035043e-01, -1.717695300154005e-01,  2.108419195511386e+00,  2.225739535149327e+00, -3.941198771652487e-05, -2.123301543059973e-15,  3.067908950791944e-04, -1.262826442376105e-04,  3.278371075548462e-03,  9.830096806500781e-04, -2.230009285819234e-04,  7.226083291322976e-03,  1.735884395794265e-03, -3.208549895737140e-04,  1.132359786938471e-02,  2.497600226393368e-03, -4.138932732679276e-04,  1.536579328197444e-02,  3.221829071094354e-03, -5.064983122789398e-04,  1.906271451546631e-02,  3.942685451460635e-03, -5.546596905398822e-04,  2.306887634322877e-02,  4.317583374665721e-03, -2.220446049250313e-16, -1.387778780781446e-17,  0.000000000000000e+00, -4.440892098500626e-16, -6.938893903907228e-17,  1.474514954580286e-17,  0.000000000000000e+00,  1.387778780781446e-17,  1.387778780781446e-17,  4.440892098500626e-16,  5.551115123125783e-17, -4.336808689942018e-19, -4.440892098500626e-16, -4.163336342344337e-17, -1.301042606982605e-17,  0.000000000000000e+00,  0.000000000000000e+00,  4.336808689942018e-19, -2.775557561562891e-17,  1.387778780781446e-17
  3.091666666666667e+00, -8.504626150571433e-01,  1.281182097202837e-01,  9.397097843448116e-01, -1.713154428988748e-01,  2.113128858068643e+00,  2.223592229117416e+00, -1.177810981688126e-04,  4.413136539336137e-15,  2.749436181971274e-04, -3.773904687299483e-04,  3.265107183593040e-03,  8.809656435406036e-04, -6.664290684815043e-04,  7.196847434293636e-03,  1.555686117788901e-03, -9.588618898550118e-04,  1.127778396507055e-02,  2.238329931070075e-03, -1.236902959598973e-03,  1.530362514506128e-02,  2.887378198676839e-03, -1.513649295484954e-03,  1.898558908335781e-02,  3.533404089855747e-03, -1.657577586075601e-03,  2.297554246601876e-02,  3.869384697884492e-03,  0.000000000000000e+00,  1.387778780781446e-17, -1.387778780781446e-17,  0.000000000000000e+00, -1.387778780781446e-17,  1.387778780781446e-17,  1.110223024625157e-16,  0.000000000000000e+00, -1.431146867680866e-17, -3.330669073875470e-16, -2.775557561562891e-17,  1.431146867680866e-17,  1.110223024625157e-16,  4.163336342344337e-17,  1.387778780781446e-17,  0.000000000000000e+00,  0.000000000000000e+00,  0.000000000000000e+00,  0.000000000000000e+00, -1.387778780781446e-17
  3.100000000000000e+00, -8.590805846345447e-01,  1.263517450228914e-01,  9.411860380360590e-01, -1.708488723489699e-01,  2.117774937897696e+00,  2.221398174286469e+00, -1.886406322910583e-04,  5.204170448861638e-15,  2.468661840837095e-04, -6.044363463106654e-04,  3.245116228335801e-03,  7.910008173611116e-04, -1.067366519840711e-03,  7.152783994135156e-03,  1.396818366034935e-03, -1.535732948615863e-03,  1.120873457041044e-02,  2.009750116822818e-03, -1.981049251608658e-03,  1.520992712284030e-02,  2.592517122483708e-03, -2.424291882201703e-03,  1.886934785748929e-02,  3.172570398969341e-03, -2.654810396315213e-03,  2.283487233926125e-02,  3.474240432821889e-03,  0.000000000000000e+00,  1.387778780781445e-17,  1.387778780781445e-17,  0.000000000000000e+00,  0.000000000000000e+00,  0.000000000000000e+00,  0.000000000000000e+00,  0.000000000000000e+00,  0.000000000000000e+00,  0.000000000000000e+00,  0.000000000000000e+00,  0.000000000000000e+00,  0.000000000000000e+00,  1.387778780781445e-17,  1.387778780781445e-17,  0.000000000000000e+00, -1.387778780781445e-17, -1.387778780781445e-17, -2.775557561562891e-17,  1.387778780781445e-17
  3.108333333333333e+00, -8.676016567298312e-01,  1.245939169801634e-01,  9.427996088102032e-01, -1.703730460060783e-01,  2.122312488389323e+00,  2.219180182549088e+00, -2.518418783160417e-04, -1.831867999263407e-15,  2.228574794528759e-04, -8.069437794479396e-04,  3.218186360720131e-03,  7.140728855371584e-04, -1.424971841668115e-03,  7.093426019681573e-03,  1.260972301544385e-03, -2.050257495833100e-03,  1.111571795189163e-02,  1.814294035632883e-03, -2.644770421436646e-03,  1.508370627426208e-02,  2.340384664360562e-03, -3.236514921452206e-03,  1.871275900073608e-02,  2.864025484646445e-03, -3.544265244795497e-03,  2.264537524702310e-02,  3.136356924649329e-03,  3.330669073875470e-16,  1.387778780781446e-17,  2.732189474663471e-17, -3.330669073875470e-16, -4.163336342344337e-17, -1.344410693882025e-17,  0.000000000000000e+00,  1.387778780781446e-17,  1.387778780781446e-17,  2.220446049250313e-16,  4.163336342344336e-17, -2.775557561562891e-17,  0.000000000000000e+00,  0.000000000000000e+00,  0.000000000000000e+00,  0.000000000000000e+00, -2.775557561562891e-17,  1.387778780781445e-17, -1.387778780781445e-17,  0.000000000000000e+00
  3.116666666666666e+00, -8.760312554508629e-01,  1.228481789690342e-01,  9.445256935410873e-01, -1.698910881578963e-01,  2.126703970664287e+00,  2.216965749549701e+00, -3.073665784101274e-04, -4.024558487019332e-16,  2.030063284758676e-04, -9.848542669528568e-04,  3.184300840255077e-03,  6.504664555573382e-04, -1.739141727468799e-03,  7.018736612187532e-03,  1.148650509163555e-03, -2.502286893528704e-03,  1.099867628748320e-02,  1.652684809365038e-03, -3.227874730562106e-03,  1.492488413647766e-02,  2.131913629680428e-03, -3.950083774907299e-03,  1.851572517274832e-02,  2.608910859654685e-03, -4.325685182110669e-03,  2.240693339181939e-02,  2.856984228735380e-03,  0.000000000000000e+00,  0.000000000000000e+00,  0.000000000000000e+00,  0.000000000000000e+00,  0.000000000000000e+00,  0.000000000000000e+00, -3.330669073875470e-16,  0.000000000000000e+00, -1.322726650432315e-17,  3.330669073875470e-16,  0.000000000000000e+00,  1.409462824231156e-17,  0.000000000000000e+00,  1.387778780781446e-17,  1.387778780781446e-17, -1.110223024625157e-16, -1.387778780781446e-17, -4.119968255444917e-17, -1.387778780781446e-17,  0.000000000000000e+00
  3.125000000000000e+00, -8.843759095270146e-01,  1.211184091277158e-01,  9.463415336261759e-01, -1.694020272973996e-01,  2.130918343941050e+00,  2.214786987556523e+00, -3.552983733017830e-04, -4.427014340442171e-15,  1.871953840960342e-04, -1.138435807819548e-03,  3.143621578186840e-03,  5.998055277767089e-04, -2.010349433268360e-03,  6.929072651280546e-03,  1.059189015802671e-03, -2.892502065144372e-03,  1.085816882364305e-02,  1.523967109835944e-03, -3.731240549728218e-03,  1.473421959076550e-02,  1.965871673931969e-03, -4.566073341134076e-03,  1.827918783708575e-02,  2.405718452850516e-03, -5.000247315677393e-03,  2.212068609252027e-02,  2.634470876261877e-03, -5.551115123125784e-16, -8.326672684688675e-17,  1.431146867680866e-17, -2.220446049250313e-16,  0.000000000000000e+00, -1.344410693882025e-17,  0.000000000000000e+00,  1.387778780781446e-17,  1.452830911130576e-17,  0.000000000000000e+00, -1.387778780781446e-17, -1.344410693882025e-17,  1.110223024625156e-15,  1.249000902703301e-16,  2.775557561562891e-17, -1.110223024625156e-15, -1.387778780781445e-16,  1.474514954580286e-17,  9.714451465470120e-17,  0.000000000000000e+00
  3.133333333333333e+00, -8.926430350760499e-01,  1.194089554972757e-01,  9.482265520768323e-01, -1.688975206193539e-01,  2.134929794369143e+00,  2.212679184943630e+00, -3.958087423800833e-04, -1.776356853265727e-15,  1.751259668389640e-04, -1.268237850868261e-03,  3.096469831862297e-03,  5.611330828191193e-04, -2.239565223819238e-03,  6.825142242432373e-03,  9.908978330565030e-04, -3.222299033052795e-03,  1.069530519353505e-02,  1.425709372218070e-03, -4.156668705742101e-03,  1.451321837699211e-02,  1.839122151662771e-03, -5.086687366375965e-03,  1.800501500601587e-02,  2.250609821558116e-03, -5.570364939232487e-03,  2.178889393713835e-02,  2.464613438751270e-03, -3.330669073875470e-16, -5.551115123125783e-17,  1.409462824231156e-17,  3.330669073875470e-16,  2.775557561562891e-17, -2.168404344971009e-19, -4.440892098500626e-16,  0.000000000000000e+00, -1.366094737331736e-17,  2.220446049250313e-16,  0.000000000000000e+00, -4.336808689942018e-19, -1.110223024625157e-16,  0.000000000000000e+00,  1.409462824231156e-17,  0.000000000000000e+00,  0.000000000000000e+00, -2.168404344971008e-19,  0.000000000000000e+00, -2.168404344971008e-19
  3.141666666666667e+00, -9.008406081959084e-01,  1.177246773291791e-01,  9.501623155648746e-01, -1.683607115062126e-01,  2.138715146969685e+00,  2.210680024738474e+00, -4.291233143521898e-04,  2.359223948150834e-15,  1.663605025643254e-04, -1.374983348467484e-03,  3.043289684529742e-03,  5.330470594780565e-04, -2.428065751587006e-03,  6.707924220045715e-03,  9.413010786924943e-04, -3.493514652002766e-03,  1.051161927475948e-02,  1.354349283243511e-03, -4.506528685909037e-03,  1.426396192253682e-02,  1.747069786062424e-03, -5.514825490218445e-03,  1.769578888630637e-02,  2.137961535554857e-03, -6.039213410236526e-03,  2.141468180110873e-02,  2.341253771135600e-03, -3.330669073875470e-16, -4.163336342344337e-17,  2.168404344971009e-19,  0.000000000000000e+00, -2.775557561562891e-17,  2.775557561562891e-17,  3.330669073875470e-16,  6.938893903907228e-17, -1.387778780781446e-17, -5.551115123125781e-16, -6.938893903907226e-17,  4.336808689942016e-19,  6.661338147750939e-16,  6.938893903907228e-17,  2.732189474663471e-17,  0.000000000000000e+00,  4.163336342344336e-17, -4.163336342344336e-17, -1.387778780781445e-17, -1.387778780781445e-17
  3.150000000000000e+00, -9.089767577080402e-01,  1.160708207837245e-01,  9.521321504047904e-01, -1.677671736572246e-01,  2.142253689679329e+00,  2.208826212301539e+00, -4.555385497505530e-04, -1.559863364757397e-14,  1.603784837950439e-04, -1.459622210086066e-03,  2.984591594228217e-03,  5.138796642285986e-04, -2.577528449717539e-03,  6.578543719861451e-03,  9.074536171965841e-04, -3.708562422234226e-03,  1.030887420566724e-02,  1.305649365381813e-03, -4.783933832849930e-03,  1.398884275487263e-02,  1.684248358725851e-03, -5.854297638761915e-03,  1.735447763381323e-02,  2.061084357381908e-03, -6.410964929031821e-03,  2.100164161881242e-02,  2.257066576770792e-03, -3.330669073875470e-16, -4.163336342344337e-17,  8.673617379884035e-19,  4.440892098500626e-16,  4.163336342344337e-17, -1.387778780781446e-17, -2.220446049250313e-16,  0.000000000000000e+00,  1.344410693882025e-17, -3.330669073875470e-16, -5.551115123125783e-17, -1.301042606982605e-17,  3.330669073875470e-16,  1.387778780781446e-17,  2.797241605012601e-17,  0.000000000000000e+00,  1.387778780781445e-17,  1.387778780781445e-17, -1.387778780781445e-17,  1.409462824231156e-17
  3.158333333333333e+00, -9.170593914063125e-01,  1.144528925004210e-01,  9.541208270801766e-01, -1.670870425312285e-01,  2.145526982205679e+00,  2.207150800287538e+00, -4.754251681514822e-04,  4.260480901478916e-15,  1.566316684981678e-04, -1.523342283645301e-03,  2.920924018585809e-03,  5.018742371332526e-04, -2.690050923876885e-03,  6.438209635046674e-03,  8.862533849153541e-04, -3.870460390565027e-03,  1.008896437627069e-02,  1.275146352013358e-03, -4.992777336070776e-03,  1.369043150625036e-02,  1.644900390148523e-03, -6.109868068973012e-03,  1.698427036000391e-02,  2.012932621250470e-03, -6.690836771238782e-03,  2.055363271568221e-02,  2.204336239056317e-03,  0.000000000000000e+00,  2.775557561562891e-17, -1.431146867680866e-17, -4.440892098500626e-16, -1.387778780781446e-17, -4.163336342344337e-17,  1.110223024625157e-15,  1.110223024625157e-16,  1.366094737331736e-17, -6.661338147750939e-16, -4.163336342344337e-17, -2.168404344971009e-19,  0.000000000000000e+00,  0.000000000000000e+00, -6.505213034913027e-19,  6.661338147750939e-16,  8.326672684688674e-17,  1.279358563532895e-17,  6.938893903907228e-17,  2.168404344971009e-19
  3.166666666666667e+00, -9.250959475821343e-01,  1.128764229249209e-01,  9.561141913169473e-01, -1.662873536278653e-01,  2.148520292556873e+00,  2.205680016690764e+00, -4.892502481647317e-04,  6.453171401420473e-15,  1.545875537976550e-04, -1.567640167770169e-03,  2.852866122692408e-03,  4.953245494611746e-04, -2.768275998749407e-03,  6.288198543286249e-03,  8.746873741262790e-04, -3.983011068031942e-03,  9.853890241251757e-03,  1.258505110638466e-03, -5.137964320302842e-03,  1.337144273554199e-02,  1.623433689991424e-03, -6.287539384808694e-03,  1.658853473096454e-02,  1.986662932610149e-03, -6.885402310110673e-03,  2.007473049618233e-02,  2.175568645893529e-03,  7.771561172376096e-16,  2.498001805406602e-16, -5.594483210025203e-17, -4.440892098500626e-16,  5.551115123125783e-17, -4.141652298894627e-17,  0.000000000000000e+00,  1.387778780781446e-16, -1.387778780781446e-17,  2.220446049250313e-16,  1.526556658859590e-16, -4.185020385794047e-17,  4.440892098500626e-16,  1.942890293094024e-16, -1.409462824231156e-17,  0.000000000000000e+00,  1.249000902703301e-16, -1.387778780781445e-17,  1.207367539279858e-15, -8.391724815037804e-17
  3.175000000000000e+00, -9.330932466235470e-01,  1.113464797276331e-01,  9.580987471931958e-01, -1.653346277383138e-01,  2.151226831088877e+00,  2.204427816911577e+00, -4.976581694872741e-04, -1.958155881818614e-14,  1.537680288669106e-04, -1.594580563186003e-03,  2.780932689643321e-03,  4.926986536899930e-04, -2.815849703148363e-03,  6.129645113304917e-03,  8.700503378581306e-04, -4.051460381316945e-03,  9.605429877667134e-03,  1.251833316782796e-03, -5.226261872914788e-03,  1.303428924159379e-02,  1.614827276868993e-03, -6.395592750898181e-03,  1.617026405112693e-02,  1.976130909057310e-03, -7.003730140897509e-03,  1.956855732848356e-02,  2.164035164391424e-03,  0.000000000000000e+00,  1.387778780781445e-17,  1.387778780781445e-17,  0.000000000000000e+00,  1.387778780781445e-17,  1.366094737331735e-17,  0.000000000000000e+00,  4.163336342344336e-17,  0.000000000000000e+00,  7.771561172376094e-16,  8.326672684688673e-17, -1.474514954580286e-17,  0.000000000000000e+00,  0.000000000000000e+00,  0.000000000000000e+00, -5.551115123125783e-16, -4.163336342344337e-17,  6.505213034913027e-19,  1.387778780781446e-16, -2.168404344971009e-19
  3.183333333333333e+00, -9.410574574286732e-01,  1.098676025241813e-01,  9.600613626550218e-01, -1.641947828410207e-01,  2.153647648154172e+00,  2.203395249024417e+00, -5.014445773219569e-04,  1.859623587562078e-15,  1.537546886638031e-04, -1.606712851383293e-03,  2.705757970058009e-03,  4.926559093668602e-04, -2.837273957846795e-03,  5.963947340693353e-03,  8.699748562058355e-04, -4.082285719406047e-03,  9.345774007492105e-03,  1.251724713367362e-03, -5.266025630674687e-03,  1.268194377054249e-02,  1.614687181737663e-03, -6.444253305429695e-03,  1.573314629203462e-02,  1.975959468821828e-03, -7.057017679007693e-03,  1.903957623697342e-02,  2.163847422445019e-03, -2.220446049250313e-16,  1.387778780781446e-17, -4.076600168545497e-17,  0.000000000000000e+00,  1.387778780781446e-17,  1.387778780781446e-17, -6.661338147750939e-16, -6.938893903907228e-17,  4.336808689942018e-19,  7.771561172376096e-16,  2.775557561562891e-17,  1.301042606982605e-17, -3.330669073875470e-16, -1.387778780781446e-17, -2.688821387764051e-17,  3.330669073875470e-16,  5.551115123125783e-17,  1.431146867680866e-17, -2.775557561562891e-17,  4.336808689942017e-19
  3.191666666666666e+00, -9.489939533192691e-01,  1.084435548389740e-01,  9.619890765343700e-01, -1.628352302092980e-01,  2.155791559488444e+00,  2.202568142783822e+00, -5.015681512299422e-04,  3.469446991759579e-16,  1.542345919008721e-04, -1.607108802989059e-03,  2.627999620751048e-03,  4.941936001340555e-04, -2.837973163789665e-03,  5.792554811964546e-03,  8.726902449310721e-04, -4.083291740849824e-03,  9.077194198106913e-03,  1.255631629944836e-03, -5.267323368034982e-03,  1.231748877320032e-02,  1.619726986404233e-03, -6.445841400301991e-03,  1.528100552458255e-02,  1.982126886249649e-03, -7.058756780969309e-03,  1.849241494752852e-02,  2.170601280739750e-03,  0.000000000000000e+00,  0.000000000000000e+00,  0.000000000000000e+00,  0.000000000000000e+00, -1.387778780781445e-17, -1.387778780781445e-17,  0.000000000000000e+00,  0.000000000000000e+00,  0.000000000000000e+00, -1.332267629550188e-15, -1.387778780781446e-16, -1.257674520083185e-17,  1.332267629550188e-15,  1.387778780781446e-16,  1.301042606982605e-17, -7.771561172376096e-16, -6.938893903907228e-17,  8.673617379884035e-19, -2.775557561562891e-17, -1.301042606982605e-18
  3.200000000000000e+00, -9.569072325197097e-01,  1.070773503551113e-01,  9.638688747147234e-01, -1.612254704187401e-01,  2.157672589978977e+00,  2.201918111980657e+00, -4.990877622707510e-04,  6.480926980002300e-15,  1.550206673931165e-04, -1.599161219152675e-03,  2.548468737201536e-03,  4.967123183425499e-04, -2.823938625739323e-03,  5.617255318532198e-03,  8.771380176321209e-04, -4.063098768613141e-03,  8.802491999105757e-03,  1.262031110312285e-03, -5.241275042008079e-03,  1.194472587113097e-02,  1.627982123375411e-03, -6.413964986688397e-03,  1.481855801834730e-02,  1.992229038656629e-03, -7.023849336500456e-03,  1.793278088661425e-02,  2.181664015993843e-03,  1.332267629550188e-15,  1.387778780781445e-16, -1.734723475976807e-18, -1.221245327087672e-15, -1.249000902703301e-16, -1.214306433183765e-17,  8.881784197001250e-16,  8.326672684688673e-17, -1.431146867680866e-17, -7.771561172376094e-16, -8.326672684688673e-17, -1.301042606982605e-17,  1.110223024625157e-15,  1.387778780781446e-16,  1.257674520083185e-17, -1.110223024625157e-15, -1.387778780781446e-16, -1.257674520083185e-17,  4.163336342344337e-17,  0.000000000000000e+00
  3.208333333333333e+00, -9.648008119724637e-01,  1.057713801474839e-01,  9.656877680679484e-01, -1.593387937238778e-01,  2.159305521053285e+00,  2.201405989014945e+00, -4.950648752779392e-04,  2.353672838630039e-14,  1.560736885650970e-04, -1.586271211908311e-03,  2.468169089751413e-03,  5.000863753882672e-04, -2.801176324539233e-03,  5.440261339743468e-03,  8.830962224333899e-04, -4.030348241696794e-03,  8.525134465264863e-03,  1.270603808895918e-03, -5.199027848643146e-03,  1.156835975682149e-02,  1.639040646351830e-03, -6.362265349313375e-03,  1.435164038778130e-02,  2.005761810451160e-03, -6.967233738440007e-03,  1.736773727370753e-02,  2.196483577757678e-03, -6.661338147750939e-16, -6.938893903907228e-17,  1.301042606982605e-18,  0.000000000000000e+00,  0.000000000000000e+00,  8.673617379884034e-19,  6.661338147750939e-16,  6.938893903907228e-17, -4.336808689942018e-19,  0.000000000000000e+00,  0.000000000000000e+00,  0.000000000000000e+00,  2.220446049250313e-16,  2.775557561562891e-17,  0.000000000000000e+00, -2.220446049250313e-16, -1.387778780781446e-17, -2.775557561562891e-17,  5.551115123125783e-17, -2.732189474663471e-17
  3.216666666666666e+00, -9.726773466957649e-01,  1.045275368496349e-01,  9.674330953997170e-01, -1.571536262152833e-01,  2.160703535477813e+00,  2.200986204083736e+00, -4.904861022861787e-04,  6.064593339074003e-15,  1.574889589818741e-04, -1.571600052341937e-03,  2.388288082989349e-03,  5.046211401575662e-04, -2.775268708917861e-03,  5.264190115673154e-03,  8.911041063465757e-04, -3.993072218704041e-03,  8.249222929557869e-03,  1.282125597237623e-03, -5.150942901635913e-03,  1.119395581995047e-02,  1.653903406301186e-03, -6.303421811432454e-03,  1.388715702330043e-02,  2.023949984393917e-03, -6.902794948181184e-03,  1.680563950477374e-02,  2.216401209617788e-03, -1.110223024625157e-16, -1.387778780781446e-17, -1.301042606982605e-17,  1.110223024625157e-16,  1.387778780781446e-17, -2.862293735361732e-17,  0.000000000000000e+00, -1.387778780781446e-17,  2.775557561562891e-17,  0.000000000000000e+00, -1.387778780781446e-17, -1.387778780781446e-17,  0.000000000000000e+00,  1.387778780781446e-17,  1.387778780781446e-17,  0.000000000000000e+00,  1.387778780781446e-17, -2.775557561562891e-17,  1.387778780781446e-17, -2.775557561562891e-17
  3.225000000000000e+00, -9.805388686146286e-01,  1.033473462391507e-01,  9.690930401125925e-01, -1.546546706315758e-01,  2.161876585774731e+00,  2.200612474311022e+00, -4.861850819772870e-04, -1.068589672858393e-15,  1.594597125443150e-04, -1.557818859134706e-03,  2.310153214306975e-03,  5.109357664182969e-04, -2.750932673659080e-03,  5.091967674656316e-03,  9.022550251742299e-04, -3.958057394380405e-03,  7.979342610259793e-03,  1.298169601969132e-03, -5.105774832807897e-03,  1.082773606848543e-02,  1.674599689184377e-03, -6.248147777985223e-03,  1.343282691199763e-02,  2.049276881509786e-03, -6.842265075636364e-03,  1.625582876569838e-02,  2.244136364068095e-03,  5.551115123125782e-16,  6.938893903907227e-17, -1.561251128379126e-17,  0.000000000000000e+00,  0.000000000000000e+00,  0.000000000000000e+00,  0.000000000000000e+00, -1.387778780781445e-17, -1.387778780781445e-17, -2.220446049250313e-16,  1.387778780781446e-17,  0.000000000000000e+00,  0.000000000000000e+00,  0.000000000000000e+00,  0.000000000000000e+00, -3.330669073875470e-16, -5.551115123125783e-17, -2.688821387764051e-17,  0.000000000000000e+00, -1.474514954580286e-17
  3.233333333333333e+00, -9.883871137775234e-01,  1.022317964656150e-01,  9.706570117602715e-01, -1.518336528870393e-01,  2.162834198848859e+00,  2.200240136681185e+00, -4.828474171385808e-04, -3.469446989461077e-15,  1.622261671188147e-04, -1.547124419051233e-03,  2.235119723601933e-03,  5.197999526548168e-04, -2.732047496808829e-03,  4.926581194283592e-03,  9.179081798322710e-04, -3.930885295771126e-03,  7.720174549045150e-03,  1.320691448865733e-03, -5.070723643952225e-03,  1.047605254001923e-02,  1.703652193418909e-03, -6.205254188876841e-03,  1.299653035509171e-02,  2.084829632195606e-03, -6.795292866085110e-03,  1.572784145768929e-02,  2.283069717279042e-03,  3.330669073875470e-16,  0.000000000000000e+00, -8.673617379884035e-19,  0.000000000000000e+00,  0.000000000000000e+00, -2.602085213965211e-18,  0.000000000000000e+00,  0.000000000000000e+00, -2.602085213965211e-18,  0.000000000000000e+00,  1.387778780781446e-17,  1.127570259384925e-17, -4.440892098500626e-16, -6.938893903907228e-17, -8.673617379884035e-19,  4.440892098500626e-16,  5.551115123125783e-17, -1.387778780781446e-17, -2.775557561562891e-17,  1.474514954580286e-17
  3.241666666666667e+00, -9.962236698570613e-01,  1.011813326567826e-01,  9.721159662487328e-01, -1.486896072052478e-01,  2.163586432294835e+00,  2.199828312319930e+00, -4.810044984083642e-04, -1.176836418799419e-14,  1.660359207272232e-04, -1.541219397156736e-03,  2.164473698746541e-03,  5.320070446757029e-04, -2.721619893130540e-03,  4.770865429335392e-03,  9.394645296435607e-04, -3.915882000983385e-03,  7.476160934325834e-03,  1.351706846151562e-03, -5.051369845535876e-03,  1.014493315510094e-02,  1.743661121841042e-03, -6.181570145503371e-03,  1.258574555600423e-02,  2.133790212144902e-03, -6.769356779335180e-03,  1.523072738063104e-02,  2.336685809361279e-03,  2.220446049250313e-16,  0.000000000000000e+00,  1.474514954580286e-17,  0.000000000000000e+00,  0.000000000000000e+00,  8.673617379884035e-19,  0.000000000000000e+00,  1.387778780781446e-17, -2.688821387764051e-17, -3.330669073875470e-16, -1.387778780781446e-17, -1.301042606982605e-17,  0.000000000000000e+00,  0.000000000000000e+00,  0.000000000000000e+00,  0.000000000000000e+00, -2.775557561562891e-17,  1.387778780781445e-17,  4.163336342344336e-17, -1.387778780781445e-17
  3.250000000000000e+00, -1.004050017064926e+00,  1.001958992219576e-01,  9.734625898865118e-01, -1.452288276522974e-01,  2.164145091289734e+00,  2.199340692645175e+00, -4.810479054200729e-04, -1.944278092993328e-14,  1.711085453969314e-04, -1.541358480529328e-03,  2.099326293639797e-03,  5.482605881880954e-04, -2.721865498703703e-03,  4.627269550557660e-03,  9.681664571115071e-04, -3.916235379665096e-03,  7.251139726989693e-03,  1.393003340795631e-03, -5.051825693388159e-03,  9.839585915032333e-03,  1.796932356095390e-03, -6.182127985377190e-03,  1.220693353133893e-02,  2.198980424283536e-03, -6.769967662490254e-03,  1.477230537839240e-02,  2.408074759681831e-03,  0.000000000000000e+00,  0.000000000000000e+00,  0.000000000000000e+00,  1.110223024625157e-16,  1.387778780781446e-17, -2.775557561562891e-17,  0.000000000000000e+00,  0.000000000000000e+00, -1.734723475976807e-18, -2.220446049250313e-16, -2.775557561562891e-17,  2.949029909160572e-17, -2.220446049250313e-16, -1.387778780781446e-17, -3.989863994746656e-17, -3.330669073875470e-16, -2.775557561562891e-17,  2.862293735361732e-17,  1.387778780781446e-17,  8.673617379884035e-19
  3.258333333333333e+00, -1.011867514662708e+00,  9.927496839775285e-02,  9.746913804152794e-01, -1.414651591782956e-01,  2.164524257575024e+00,  2.198746584335282e+00, -4.832342312060862e-04, -7.591150014712606e-15,  1.776097701814556e-04, -1.548363836444656e-03,  2.040522350258669e-03,  5.690916069242608e-04, -2.734236168357910e-03,  4.497655732388324e-03,  1.004951690403295e-03, -3.934034368696600e-03,  7.048029038022347e-03,  1.445930141165121e-03, -5.074785853184754e-03,  9.563970611896466e-03,  1.865206334604541e-03, -6.210225282280165e-03,  1.186500677599371e-02,  2.282530114782388e-03, -6.800736645585509e-03,  1.435852034108504e-02,  2.499568935208145e-03,  0.000000000000000e+00,  1.387778780781445e-17,  1.647987302177966e-17,  0.000000000000000e+00, -1.387778780781445e-17, -1.127570259384924e-17,  0.000000000000000e+00,  0.000000000000000e+00,  2.602085213965210e-18,  0.000000000000000e+00,  0.000000000000000e+00,  2.602085213965210e-18,  2.220446049250313e-16,  0.000000000000000e+00,  1.734723475976807e-18,  0.000000000000000e+00,  2.775557561562891e-17,  0.000000000000000e+00,  0.000000000000000e+00, -1.474514954580286e-17
  3.266666666666667e+00, -1.019677472059017e+00,  9.841735298420412e-02,  9.757986388127220e-01, -1.374201217609103e-01,  2.164741877071972e+00,  2.198020856158998e+00, -4.877117910938121e-04,  4.538036664647548e-15,  1.856355331035436e-04, -1.562710692187598e-03,  1.988574940303910e-03,  5.948075025605711e-04, -2.759571099944395e-03,  4.383154871261221e-03,  1.050363066104391e-03, -3.970486410679226e-03,  6.868601033300566e-03,  1.511268283811074e-03, -5.121807889503269e-03,  9.320492023065029e-03,  1.949490570810774e-03, -6.267768092406974e-03,  1.156294864307967e-02,  2.385672219612308e-03, -6.863751025854315e-03,  1.399298259401694e-02,  2.612518507905970e-03,  0.000000000000000e+00,  1.387778780781445e-17, -2.602085213965210e-17,  0.000000000000000e+00, -1.387778780781445e-17,  1.734723475976807e-18,  0.000000000000000e+00,  1.387778780781445e-17,  1.734723475976807e-18,  6.661338147750939e-16,  4.163336342344337e-17,  0.000000000000000e+00,  0.000000000000000e+00,  0.000000000000000e+00,  0.000000000000000e+00,  0.000000000000000e+00,  1.387778780781445e-17, -1.387778780781445e-17,  1.387778780781445e-17, -2.775557561562891e-17
  3.275000000000000e+00, -1.027481338222784e+00,  9.762097403782014e-02,  9.767824294975495e-01, -1.331216442059237e-01,  2.164822054411379e+00,  2.197142593224092e+00, -4.945706108861073e-04,  8.527900708354574e-15,  1.951994000242461e-04, -1.584687505585948e-03,  1.943643552452917e-03,  6.254517423622958e-04, -2.798379677518346e-03,  4.284118507318137e-03,  1.104477342642942e-03, -4.026324410241319e-03,  6.713406591918291e-03,  1.589128209072732e-03, -5.193837227253429e-03,  9.109897675597224e-03,  2.049927529507522e-03, -6.355913371295894e-03,  1.130168651024640e-02,  2.508581078825965e-03, -6.960277770224130e-03,  1.367681440981532e-02,  2.747114395337132e-03,  4.440892098500626e-16, -2.775557561562891e-17,  1.214306433183765e-17,  0.000000000000000e+00,  1.387778780781446e-17, -3.469446951953614e-18,  0.000000000000000e+00,  0.000000000000000e+00, -3.469446951953614e-18,  0.000000000000000e+00,  0.000000000000000e+00, -3.469446951953614e-18,  0.000000000000000e+00, -1.387778780781446e-17, -1.734723475976807e-17,  0.000000000000000e+00,  2.775557561562891e-17,  2.428612866367530e-17,  0.000000000000000e+00, -4.510281037539698e-17
  3.283333333333333e+00, -1.035280847299221e+00,  9.688289936824454e-02,  9.776424916195510e-01, -1.286021829362856e-01,  2.164795155389732e+00,  2.196094537907627e+00, -5.038665472645227e-04,  1.193489766212263e-15,  2.062304185610348e-04, -1.614473250854204e-03,  1.905559242597241e-03,  6.607969830315454e-04, -2.850977949378688e-03,  4.200174259130284e-03,  1.166893057289625e-03, -4.102003099462576e-03,  6.581862175469641e-03,  1.678932290171391e-03, -5.291460457109584e-03,  8.931395724707161e-03,  2.165772089449911e-03, -6.475378954226177e-03,  1.108023801960229e-02,  2.650344856828399e-03, -7.091102970727873e-03,  1.340882698111257e-02,  2.902358058217068e-03,  4.440892098500626e-16,  4.163336342344337e-17,  2.255140518769849e-17, -4.440892098500626e-16, -4.163336342344337e-17, -2.602085213965211e-17,  0.000000000000000e+00,  0.000000000000000e+00, -3.469446951953614e-18, -2.220446049250313e-16, -2.775557561562891e-17,  1.040834085586084e-17,  2.220446049250313e-16,  0.000000000000000e+00,  1.214306433183765e-17,  0.000000000000000e+00,  1.387778780781446e-17,  1.040834085586084e-17, -1.387778780781446e-17, -3.469446951953614e-18
  3.291666666666667e+00, -1.043078139045490e+00,  9.619938825382793e-02,  9.783799083900648e-01, -1.238976574443396e-01,  2.164698190190446e+00,  2.194862195413860e+00, -5.156512369236792e-04,  7.070732980493905e-15,  2.185792283562372e-04, -1.652233380646729e-03,  1.873835522619151e-03,  7.003646486986868e-04, -2.917658086292652e-03,  4.130249824863719e-03,  1.236765099010789e-03, -4.197942855273319e-03,  6.472287438636694e-03,  1.779464576559903e-03, -5.415219852660827e-03,  8.782705990681613e-03,  2.295455711093780e-03, -6.626828443802494e-03,  1.089577439323944e-02,  2.809044066857269e-03, -7.256953329916812e-03,  1.318559704271281e-02,  3.076147491631729e-03,  5.551115123125782e-16,  0.000000000000000e+00,  5.204170427930421e-18,  0.000000000000000e+00,  1.387778780781445e-17, -3.469446951953613e-18,  0.000000000000000e+00, -1.387778780781445e-17, -1.387778780781445e-17,  0.000000000000000e+00,  0.000000000000000e+00,  0.000000000000000e+00,  5.551115123125782e-16,  4.163336342344336e-17, -3.469446951953613e-18, -8.881784197001250e-16, -6.938893903907227e-17, -1.561251128379126e-17,  4.163336342344336e-17, -2.081668171172168e-17
  3.300000000000000e+00, -1.050875702378908e+00,  9.556608659180599e-02,  9.789967196098494e-01, -1.190476218178220e-01,  2.164571911326025e+00,  2.193435128578717e+00, -5.299419449480456e-04,  1.387778800134155e-15,  2.320427971254400e-04, -1.698023215210718e-03,  1.847712832761601e-03,  7.435041898352106e-04, -2.998517777576596e-03,  4.072671006494505e-03,  1.312944670564580e-03, -4.314284233618309e-03,  6.382058837764909e-03,  1.889072172309946e-03, -5.565296726840497e-03,  8.660268401081991e-03,  2.436846208577386e-03, -6.810483720160059e-03,  1.074387902581818e-02,  2.982069464878275e-03, -7.458071825832779e-03,  1.300177980903699e-02,  3.265625346513139e-03,  0.000000000000000e+00,  0.000000000000000e+00,  5.204170427930421e-18, -3.330669073875469e-16, -1.387778780781445e-17, -5.204170427930421e-18,  0.000000000000000e+00,  0.000000000000000e+00, -5.204170427930421e-18,  0.000000000000000e+00,  0.000000000000000e+00, -5.204170427930421e-18,  0.000000000000000e+00,  0.000000000000000e+00,  0.000000000000000e+00, -2.220446049250313e-16,  0.000000000000000e+00,  1.387778780781445e-17,  0.000000000000000e+00,  6.938893903907228e-18
  3.308333333333333e+00, -1.058676352760902e+00,  9.497818287292041e-02,  9.794955287265058e-01, -1.140953544435572e-01,  2.164458440675366e+00,  2.191807845633632e+00, -5.466989877054925e-04, -1.778438534217362e-14,  2.463874022546454e-04, -1.751715601505005e-03,  1.826213147286405e-03,  7.894667198702900e-04, -3.093332485277791e-03,  4.025282070216806e-03,  1.394109322601568e-03, -4.450704168032337e-03,  6.307798240954396e-03,  2.005852329908979e-03, -5.741274333634456e-03,  8.559498928934952e-03,  2.587489094733365e-03, -7.025834793967626e-03,  1.061886499992255e-02,  3.166417393518633e-03, -7.693899975819317e-03,  1.285049321752959e-02,  3.467502356913552e-03,  0.000000000000000e+00,  0.000000000000000e+00,  3.469446951953613e-18,  0.000000000000000e+00,  0.000000000000000e+00, -1.040834085586084e-17,  0.000000000000000e+00,  1.387778780781445e-17,  1.040834085586084e-17, -1.110223024625156e-16, -1.387778780781445e-17, -1.734723475976807e-18,  0.000000000000000e+00, -1.387778780781445e-17,  8.673617379884034e-18,  0.000000000000000e+00,  1.387778780781445e-17, -3.295974604355933e-17,  1.387778780781445e-17,  3.469446951953613e-18
  3.316666666666666e+00, -1.066483227538272e+00,  9.443061022855274e-02,  9.798791879805394e-01, -1.090876295454765e-01,  2.164398717432013e+00,  2.189980543848215e+00, -5.658071527602563e-04,  2.352285071497704e-15,  2.613747429116467e-04, -1.812941379480509e-03,  1.808208594733947e-03,  8.374886825980796e-04, -3.201450314328440e-03,  3.985596996973124e-03,  1.478910700879214e-03, -4.606264708222203e-03,  6.245609944391892e-03,  2.127865029669360e-03, -5.941942745421182e-03,  8.475111217518155e-03,  2.744881802761451e-03, -7.271401026764633e-03,  1.051417409183797e-02,  3.359025358197927e-03, -7.962816352019180e-03,  1.272380078814217e-02,  3.678424824973196e-03,  0.000000000000000e+00,  1.387778780781445e-17, -2.775557561562891e-17,  0.000000000000000e+00,  1.387778780781445e-17,  1.387778780781445e-17,  0.000000000000000e+00,  0.000000000000000e+00,  3.469446951953613e-18,  0.000000000000000e+00,  0.000000000000000e+00,  3.469446951953613e-18,  0.000000000000000e+00,  1.387778780781445e-17,  3.469446951953613e-18,  0.000000000000000e+00, -1.387778780781445e-17, -1.387778780781445e-17,  0.000000000000000e+00,  0.000000000000000e+00
  3.325000000000000e+00, -1.074299742997079e+00,  9.391824321157383e-02,  9.801505438674939e-01, -1.040743687410656e-01,  2.164430094304371e+00,  2.187959394941925e+00, -5.870672948555665e-04, -8.291978360714396e-15,  2.767903270539819e-04, -1.881062454217312e-03,  1.792492036397553e-03,  8.868828096721062e-04, -3.321744460954793e-03,  3.950955049151938e-03,  1.566135166811348e-03, -4.779344602584188e-03,  6.191324452438840e-03,  2.253364081587708e-03, -6.165210596449031e-03,  8.401447382257479e-03,  2.906771800005611e-03, -7.544623127815509e-03,  1.042278716274799e-02,  3.557136841730008e-03, -8.262018308555812e-03,  1.261320826128332e-02,  3.895374124660210e-03,  0.000000000000000e+00,  0.000000000000000e+00, -5.204170427930421e-18, -6.661338147750938e-16, -4.163336342344336e-17,  2.949029909160571e-17,  5.551115123125783e-16,  2.775557561562891e-17,  3.469446951953614e-18,  0.000000000000000e+00,  2.775557561562891e-17, -1.908195823574487e-17,  2.220446049250313e-16,  1.387778780781445e-17, -2.775557561562891e-17,  0.000000000000000e+00, -2.775557561562891e-17,  2.081668171172168e-17,  2.775557561562891e-17,  8.673617379884034e-18
  3.333333333333333e+00, -1.082129488969765e+00,  9.343603409368408e-02,  9.803122135951978e-01, -9.910829821168865e-02,  2.164584816055343e+00,  2.185755978219258e+00, -6.102054178892347e-04,  9.069134505433518e-15,  2.924666864813950e-04, -1.955200896059649e-03,  1.777840376715969e-03,  9.371125045703999e-04, -3.452664600254144e-03,  3.918660317813433e-03,  1.654835151493056e-03, -4.967713234934096e-03,  6.140717154337617e-03,  2.380986118097755e-03, -6.408200459029499e-03,  8.332774749225644e-03,  3.071400383486018e-03, -7.841979869871068e-03,  1.033759229032962e-02,  3.758599646463294e-03, -8.587649795435158e-03,  1.251010909484692e-02,  4.115993412478046e-03,  7.771561172376096e-16, -9.332812300755222e-15, -4.433953204596719e-15,  1.110223024625157e-16,  1.063038546078587e-14,  2.277691923957548e-15,  1.554312234475219e-15, -2.149669331430459e-14, -2.871661242132006e-14, -1.443289932012704e-15,  1.372513214192850e-14,  2.174302404789330e-14,  0.000000000000000e+00,  1.144917494144693e-15,  2.959438250016433e-15,  1.665334536937735e-15, -3.110012247731220e-14, -2.286365541337432e-14,  2.584737979205443e-14, -1.396452398161330e-15
  3.341666666666667e+00, -1.089976139053240e+00,  9.297915693546335e-02,  9.803663874561392e-01, -9.424389601362951e-02,  2.164889226718978e+00,  2.183386313083207e+00, -6.348920511635911e-04,  1.307287638629597e-14,  3.082942036516003e-04, -2.034301025433868e-03,  1.763075619244889e-03,  9.878265343625299e-04, -3.592346520981123e-03,  3.886116299853386e-03,  1.744390417018904e-03, -5.168688367653624e-03,  6.089719212886610e-03,  2.509838737543011e-03, -6.667452327413942e-03,  8.263572024556807e-03,  3.237616381920927e-03, -8.159237100833445e-03,  1.025173978922169e-02,  3.962005036464722e-03, -8.935074047957072e-03,  1.240621409448256e-02,  4.338740000040367e-03,  6.661338147750939e-16, -1.283695372222837e-14, -8.982398158607907e-15, -9.992007221626409e-16,  2.121219866424440e-14,  3.062133879794260e-14,  6.661338147750939e-16, -8.541778395709798e-15, -4.458239333260394e-15, -2.220446049250313e-16, -4.884981308350689e-15, -2.562880463408135e-14,  1.554312234475219e-15, -2.515349040166370e-14, -1.740968480490324e-14, -1.221245327087672e-15,  3.716471574932712e-14,  3.304648221735818e-14, -1.949829186997931e-15, -3.923597557964342e-14
  3.350000000000000e+00, -1.097843528116044e+00,  9.254320279582344e-02,  9.803147273518985e-01, -8.953406035181073e-02,  2.165363960521766e+00,  2.180869404946576e+00, -6.607755728413679e-04,  5.224987227582493e-15,  3.242106655831860e-04, -2.117236186766222e-03,  1.747138327618739e-03,  1.038825558195011e-03, -3.738800676265453e-03,  3.850987818612870e-03,  1.834448949906598e-03, -5.379407429524355e-03,  6.034671301133121e-03,  2.639415460885951e-03, -6.939273570940539e-03,  8.188873607817643e-03,  3.404766452536898e-03, -8.491875995884425e-03,  1.015906936429251e-02,  4.166553489254378e-03, -9.299342560044038e-03,  1.229406833624125e-02,  4.562738340771925e-03,  4.440892098500625e-16, -7.632783294297950e-15, -2.188874081987535e-14, -1.221245327087672e-15,  4.808653475407709e-15,  1.400962679198869e-14,  2.220446049250313e-15, -3.440997486947595e-14, -2.853273173286652e-14, -1.332267629550188e-15,  2.652739139463733e-14,  2.000830057191649e-14,  1.221245327087672e-15, -1.282307593442055e-14, -9.992007221626407e-15, -4.440892098500626e-16,  1.394717674685353e-15, -2.529226827974185e-15,  2.046279812262242e-14,  1.695171780724536e-14
  3.358333333333333e+00, -1.105735831162546e+00,  9.212457251709170e-02,  9.801585762688617e-01, -8.502417783347434e-02,  2.166022738401178e+00,  2.178226489017683e+00, -6.874929247081674e-04,  4.322931008112096e-15,  3.401769436857777e-04, -2.202843080409372e-03,  1.729216236726120e-03,  1.089984201390923e-03, -3.889972809940219e-03,  3.811484504760019e-03,  1.924789352627401e-03, -5.596914745225290e-03,  5.972767829727191e-03,  2.769397740170259e-03, -7.219851457464377e-03,  8.104872395823737e-03,  3.572439678096532e-03, -8.835230757037432e-03,  1.005485794518673e-02,  4.371742148340225e-03, -9.675345877232903e-03,  1.216795616377136e-02,  4.787437763051441e-03,  4.440892098500626e-16,  1.727784582072900e-15, -3.785166624581393e-15,  1.443289932012704e-15, -1.333655408330969e-14, -4.444361545452580e-15, -1.665334536937735e-15,  1.519617764955683e-14,  1.647987302177967e-15,  9.992007221626409e-16, -4.718447854656915e-15,  2.654126918244515e-15,  0.000000000000000e+00,  2.317590563905014e-15, -4.451300439356487e-15, -1.110223024625157e-16, -2.615963001773025e-15,  1.101549407245273e-14,  4.489464355827976e-15, -1.036670749243740e-14
  3.366666666666666e+00, -1.113657819288335e+00,  9.172068665631934e-02,  9.798991953408163e-01, -8.074576302596251e-02,  2.166873857563747e+00,  2.175478192996529e+00, -7.147261784592880e-04,  5.065392684437549e-16,  3.561404379261195e-04, -2.290103010550547e-03,  1.708845747523020e-03,  1.141133924651529e-03, -4.044064019915015e-03,  3.766584507667195e-03,  2.015114003737150e-03, -5.818622044312532e-03,  5.902407512697399e-03,  2.899357355942914e-03, -7.505847196064739e-03,  8.009395490052041e-03,  3.740083668397128e-03, -9.185215567800437e-03,  9.936409846610327e-03,  4.576895031081989e-03, -1.005860967520177e-02,  1.202461537472048e-02,  5.012098007056446e-03, -1.776356839400250e-15,  4.352074256530614e-14,  4.185540802836840e-14,  2.220446049250313e-15, -4.559547184257439e-14, -3.284178484719291e-14, -1.665334536937735e-15,  1.085936895961481e-14,  1.688926776211019e-14,  6.661338147750939e-16, -3.011479954295737e-15, -1.693784001943754e-14,  1.110223024625157e-16, -2.588207426157396e-15,  6.696032617270475e-16,  7.771561172376096e-16, -1.526556658859590e-15,  3.226585665316861e-15,  2.544492394562781e-14, -2.273875532310399e-14
  3.375000000000000e+00, -1.121614664988555e+00,  9.133001032724566e-02,  9.795377915559211e-01, -7.671547727246468e-02,  2.167920726412260e+00,  2.172642855960962e+00, -7.422277068933389e-04,  7.077671985263856e-16,  3.720272759753172e-04, -2.378222537943772e-03,  1.685931618576279e-03,  1.192038028552487e-03, -4.199673181836394e-03,  3.716077899219085e-03,  2.105004918751226e-03, -6.042513381192128e-03,  5.823261383192101e-03,  3.028692909722133e-03, -7.794660277643044e-03,  7.901996492057486e-03,  3.906922637555334e-03, -9.538648077654113e-03,  9.803171269180799e-03,  4.781062776148069e-03, -1.044564900344788e-02,  1.186337578504711e-02,  5.235679439740315e-03,  0.000000000000000e+00, -8.923417560424696e-15, -5.367234434672241e-15, -3.330669073875470e-16,  1.278144257099711e-14,  7.702172233337023e-15,  0.000000000000000e+00, -3.747002708109903e-16, -9.242606680004428e-15,  1.110223024625157e-15, -1.196265309033606e-14, -1.050548537051554e-14, -1.332267629550188e-15,  2.604860771526773e-14,  2.636432738789551e-14,  8.881784197001250e-16, -1.380145997487147e-14, -6.349087922075112e-15,  7.632783294297951e-17, -9.957312752106873e-16
  3.383333333333333e+00, -1.129611333178484e+00,  9.095191883046826e-02,  9.790753046302939e-01, -7.294002564468798e-02,  2.169162027880124e+00,  2.169736598296655e+00, -7.698153121940312e-04,  1.201816461361566e-14,  3.877581888058800e-04, -2.466617870113057e-03,  1.660658902290402e-03,  1.242442521738635e-03, -4.355769383932921e-03,  3.660372566111122e-03,  2.194013577499149e-03, -6.267105474214401e-03,  5.735968618103318e-03,  3.156759068275872e-03, -8.084377313537814e-03,  7.783542746234561e-03,  4.072124125052460e-03, -9.893186793784566e-03,  9.656218235389190e-03,  4.983226667221302e-03, -1.083389972374809e-02,  1.168553955074168e-02,  5.457066478050334e-03,  9.992007221626409e-16, -1.017935735703190e-14, -1.897093593328236e-14,  2.220446049250313e-16, -5.023759186428833e-15, -4.930084118726086e-15, -3.330669073875470e-16,  9.596490269103697e-15,  1.480066069703412e-14,  1.110223024625157e-16, -3.171074514085603e-15, -9.554856905680253e-15,  0.000000000000000e+00, -3.136380044566067e-15, -4.732325642464730e-15, -3.330669073875470e-16,  5.412337245047638e-15,  7.754213937616328e-15, -9.298117831235686e-15,  4.760081218080358e-15
  3.391666666666667e+00, -1.137652173153709e+00,  9.058663135236013e-02,  9.785123440832862e-01, -6.942043848823422e-02,  2.170593193183343e+00,  2.166774078232396e+00, -7.973753468054562e-04,  4.184153163251101e-15,  4.032434255774545e-04, -2.554924861149046e-03,  1.633375579395541e-03,  1.292059827551404e-03, -4.511709585533519e-03,  3.600235516570854e-03,  2.281632151956521e-03, -6.491473112849853e-03,  5.641731153847432e-03,  3.282825165749633e-03, -8.373804810030179e-03,  7.655665245457771e-03,  4.234745594003042e-03, -1.024737118857663e-02,  9.497574145532763e-03,  5.182233282912329e-03, -1.122176243137473e-02,  1.149355530377210e-02,  5.674996025285299e-03, -5.551115123125783e-16,  5.676015213396113e-15,  4.659467256473704e-15,  9.992007221626409e-16, -2.434857870881046e-14, -2.327305015370484e-14, -9.992007221626409e-16,  1.253164239045645e-14,  1.619884781867142e-14,  9.992007221626409e-16, -1.001282390333813e-14, -2.341529747873494e-14, -1.554312234475219e-15,  2.792904796322659e-14,  3.395894676572198e-14,  1.776356839400250e-15, -3.142625049079584e-14, -2.402245069532682e-14,  7.889522368742519e-15, -2.969846590872294e-15
  3.400000000000000e+00, -1.145740838578556e+00,  9.023539723853422e-02,  9.778494816818785e-01, -6.615289798035651e-02,  2.172206246526635e+00,  2.163770840780550e+00, -8.248312750912652e-04,  1.540434501569235e-15,  4.183598663254795e-04, -2.642898277988853e-03,  1.604540320572454e-03,  1.340495448804014e-03, -4.667060732672897e-03,  3.536677738324096e-03,  2.367164004615781e-03, -6.714993216610477e-03,  5.542133253615330e-03,  3.405888876098633e-03, -8.662139012064423e-03,  7.520513788866610e-03,  4.393494074048855e-03, -1.060021767373231e-02,  9.329906028013275e-03,  5.376500361888714e-03, -1.160816001162272e-02,  1.129065056709881e-02,  5.887735367754976e-03,  5.551115123125783e-16, -5.211109321834329e-15, -3.334138520827423e-15, -1.887379141862766e-15,  2.248201624865942e-14,  3.286260152890463e-14,  5.551115123125783e-16,  8.743006318923108e-16, -1.244837566360957e-14,  9.992007221626409e-16, -6.696032617270475e-15, -3.330669073875470e-16, -7.771561172376096e-16, -1.179611963664229e-16,  1.956768080901838e-15,  2.220446049250313e-16, -1.183081410616182e-14, -7.327471962526033e-15,  4.989064716909297e-15,  1.056099652174680e-14
  3.408333333333333e+00, -1.153880527109083e+00,  8.990044822547702e-02,  9.770876205671910e-01, -6.312729549637923e-02,  2.173992393257283e+00,  2.160743454255270e+00, -8.521549825785420e-04,  4.572731256740185e-15,  4.329139611737045e-04, -2.730448037129915e-03,  1.574665817731544e-03,  1.387129219072337e-03, -4.821663748022628e-03,  3.470829290731140e-03,  2.449513991297896e-03, -6.937436904149568e-03,  5.438945771446237e-03,  3.524374499847290e-03, -8.949084669589151e-03,  7.380491373864121e-03,  4.546336960220148e-03, -1.095136493955890e-02,  9.156195027594285e-03,  5.563540521482022e-03, -1.199269679896244e-02,  1.108043299369370e-02,  6.092560605134083e-03, -5.551115123125783e-16,  2.269712195968054e-14,  2.409877852826980e-14,  5.551115123125782e-16, -1.835337437583462e-14, -2.385591724163304e-14, -1.554312234475219e-15,  2.125383202766784e-14,  2.289141098898995e-14,  2.331468351712829e-15, -1.906114155403316e-14, -2.114280972520532e-14, -2.220446049250313e-16, -1.309369279667294e-14, -1.261143967035139e-14, -1.332267629550188e-15,  3.620714839058792e-14,  3.286607097585659e-14, -3.181482854941464e-14, -1.922767500772693e-14
  3.416666666666667e+00, -1.162074100670486e+00,  8.958486740704871e-02,  9.762283021069986e-01, -6.032603618065648e-02,  2.175943221594884e+00,  2.157709258074838e+00, -8.793607976166952e-04,  1.637579027695152e-15,  4.466244963415433e-04, -2.817620049016600e-03,  1.544283208237038e-03,  1.431060082144910e-03, -4.975599704260186e-03,  3.403860890323959e-03,  2.527090948246494e-03, -7.158920823287847e-03,  5.334003272803512e-03,  3.635992661610437e-03, -9.234792254784496e-03,  7.238087452488318e-03,  4.690321027250537e-03, -1.130099712508311e-02,  8.979529544130822e-03,  5.739739777799525e-03, -1.237557444163800e-02,  1.086664003209275e-02,  6.285514110818556e-03, -4.440892098500626e-16, -1.201122534766341e-14, -7.251144129583054e-16,  2.220446049250313e-16,  7.674416657721395e-15,  2.619432448724979e-15,  4.440892098500626e-16, -2.685351940812097e-15,  1.949829186997931e-15,  7.771561172376096e-16, -3.083644450896372e-14, -4.374972606413507e-14, -8.881784197001252e-16,  2.252364961208286e-14,  3.702593787124897e-14,  9.992007221626409e-16, -2.167710455580618e-14, -3.135339210480481e-14,  3.193972863968497e-14, -3.932271175344226e-14
  3.425000000000000e+00, -1.170324155177344e+00,  8.929239606357996e-02,  9.752739618449020e-01, -5.772304232688479e-02,  2.178051253898042e+00,  2.154685462540965e+00, -9.064985278964164e-04,  1.495331700624392e-15,  4.591209366432320e-04, -2.904573905872480e-03,  1.513918577343884e-03,  1.471100780832706e-03, -5.129150423282547e-03,  3.336932117803399e-03,  2.597798312993878e-03, -7.379850460955269e-03,  5.229122872844619e-03,  3.737726815491564e-03, -9.519784833573743e-03,  7.095767797196809e-03,  4.821555021775055e-03, -1.164975432770559e-02,  8.802968600700123e-03,  5.900336243230435e-03, -1.275749390195905e-02,  1.065297358032800e-02,  6.461381203838820e-03,  1.110223024625157e-16,  7.868705687030797e-15,  7.324002515574080e-15,  0.000000000000000e+00, -3.906597267899770e-15,  1.422473250300982e-15,  2.220446049250313e-16, -1.032507412901396e-14, -5.856426454897701e-15, -4.440892098500625e-16,  1.479372180313021e-14,  1.043956587842842e-14,  1.110223024625157e-16, -2.886579864025407e-15, -3.497202527569243e-15, -3.330669073875470e-16, -4.898859096158504e-15, -1.139713323716762e-14, -2.248201624865942e-15,  3.361894096443052e-15
  3.433333333333333e+00, -1.178633112555419e+00,  8.902726963514891e-02,  9.742281946175106e-01, -5.528359461978915e-02,  2.180308766155165e+00,  2.151689449304404e+00, -9.336165356896712e-04, -7.587680829320007e-15,  4.699572950179223e-04, -2.991464568561674e-03,  1.484079558836877e-03,  1.505822297559775e-03, -5.282589548522216e-03,  3.271161883745991e-03,  2.659112601441407e-03, -7.600619536860464e-03,  5.126057954733951e-03,  3.825946158312328e-03, -9.804570292526337e-03,  6.955911698077664e-03,  4.935355317113926e-03, -1.199825806921856e-02,  8.629463930831877e-03,  6.039598370087337e-03, -1.313913580032951e-02,  1.044300569926231e-02,  6.613885341198369e-03,  1.221245327087672e-15, -3.457650832316972e-14, -3.047215257900859e-14, -8.881784197001250e-16,  3.460426389878534e-14,  3.035072193569021e-14,  1.110223024625157e-16, -3.198830089701232e-15, -5.075800890708138e-15, -3.330669073875470e-16, -1.797173521111972e-15,  2.199629367538591e-15,  1.110223024625156e-16,  1.679212324745549e-15,  6.994405055138485e-15,  8.881784197001252e-16, -7.042977312465837e-15, -1.454392162258955e-14,  9.846290449644357e-15, -2.188180192597144e-14
  3.441666666666666e+00, -1.187003311702851e+00,  8.879417596915005e-02,  9.730959915170155e-01, -5.296522499123952e-02,  2.182704359433840e+00,  2.148741289866392e+00, -9.606820754026126e-04,  1.353084376210086e-16,  4.786357831710217e-04, -3.078187114686061e-03,  1.455252616914983e-03,  1.533629634701102e-03, -5.435731798841446e-03,  3.207622437329461e-03,  2.708217227375388e-03, -7.820961467462029e-03,  5.026488781373751e-03,  3.896598170146693e-03, -1.008880474690148e-02,  6.820799222966880e-03,  5.026494284517823e-03, -1.234608752364709e-02,  8.461844173534808e-03,  6.151128892943660e-03, -1.352003929571495e-02,  1.024015948603979e-02,  6.736020961004195e-03,  1.554312234475219e-15, -3.455569164145799e-14, -3.061093045708673e-14, -1.110223024625157e-16,  5.148659276699163e-15,  5.447031714567174e-16, -9.992007221626407e-16,  3.510039481291471e-14,  3.471181675429590e-14,  7.771561172376094e-16, -3.680736271327589e-14, -3.014602456552495e-14, -6.661338147750939e-16,  1.958502804377815e-14,  1.760744328116459e-14,  5.551115123125783e-16, -1.732988752500830e-14, -1.829092433069945e-14,  1.703151508714029e-14,  6.310924005603624e-15
  3.450000000000000e+00, -1.195437101799012e+00,  8.859830935084126e-02,  9.718839232767191e-01, -5.071977178653667e-02,  2.185218060256422e+00,  2.145868180680029e+00, -9.874727457077838e-04, -7.008283196272712e-15,  4.846345663697615e-04, -3.164028932955518e-03,  1.427900005565845e-03,  1.552850746124625e-03, -5.587318782946897e-03,  3.147332664280273e-03,  2.742159545522403e-03, -8.039065672292870e-03,  4.932011992509959e-03,  3.945434568311631e-03, -1.037015260242696e-02,  6.692596965685754e-03,  5.089491767358491e-03, -1.269038452770641e-02,  8.302797192611512e-03,  6.228221517514336e-03, -1.389707445080763e-02,  1.004768767760413e-02,  6.820444087857595e-03,  0.000000000000000e+00,  1.232694502029119e-14,  2.201364091014568e-14, -2.220446049250313e-16, -2.116362640691705e-15, -9.294648384283732e-15,  7.771561172376096e-16, -4.402728182029136e-15, -5.637851296924623e-15, -7.771561172376096e-16,  1.487004963607319e-14,  1.591782261556318e-14,  2.220446049250313e-16, -2.088607065076076e-14, -1.338859578758900e-14,  0.000000000000000e+00,  1.067895771811322e-14,  8.076872504148014e-15,  6.106226635438360e-16, -1.120284420785822e-14
  3.458333333333333e+00, -1.203936973715624e+00,  8.844527825220076e-02,  9.706000998124054e-01, -4.849758917017423e-02,  2.187817790275576e+00,  2.143107927825385e+00, -1.013495974853103e-03, -4.399258966915338e-15,  4.874532704529146e-04, -3.247411740529961e-03,  1.402429887738109e-03,  1.561882348542279e-03, -5.734563431089093e-03,  3.091192224874352e-03,  2.758108338342804e-03, -8.250922099728978e-03,  4.844037396243353e-03,  3.968381781066957e-03, -1.064344101327904e-02,  6.573217994778694e-03,  5.119092980676188e-03, -1.302481885607664e-02,  8.154696329898873e-03,  6.264445746228987e-03, -1.426330911849029e-02,  9.868462390204360e-03,  6.860112767930350e-03,  1.110223024625157e-15, -1.326022625036671e-14, -2.180200464607651e-14, -2.220446049250313e-16,  7.834011217511261e-15,  1.149427775182232e-14, -1.110223024625157e-16, -1.260797022339943e-14, -4.739264536368637e-15, -1.110223024625157e-16,  1.819724926299671e-14,  1.300001772897019e-14, -3.330669073875470e-16, -5.221517662690189e-15, -7.095019016745141e-15,  4.440892098500626e-16, -1.238592561847440e-14, -7.834011217511261e-15, -1.838806884535416e-16,  2.933764342571976e-14
  3.466666666666667e+00, -1.212506012594010e+00,  8.834080224994599e-02,  9.692542631207605e-01, -4.625218231541170e-02,  2.190459219686336e+00,  2.140511932092622e+00, -1.037946097062417e-03, -6.706441325346224e-15,  4.866405562322216e-04, -3.325754048631889e-03,  1.379121930033651e-03,  1.559278275390678e-03, -5.872907124788416e-03,  3.039817551319945e-03,  2.753509838384838e-03, -8.449971783878950e-03,  4.763530969640307e-03,  3.961765433462715e-03, -1.090020911099681e-02,  6.463973113165850e-03,  5.110558091568248e-03, -1.333903659417659e-02,  8.019167759874459e-03,  6.254001249498932e-03, -1.460740486205168e-02,  9.704451550096107e-03,  6.848675135909725e-03, -4.440892098500626e-16, -1.368349877850505e-14, -1.174407793236298e-14, -1.110223024625157e-16,  9.030970415935258e-15,  8.264222639553509e-15,  5.551115123125783e-16, -8.864436962241484e-15, -7.348288644237755e-15, -1.110223024625157e-16,  4.437422651548673e-15,  8.416878305439468e-15,  0.000000000000000e+00, -1.841235497401783e-14, -1.727437637377705e-14, -3.330669073875470e-16,  2.289141098898995e-14,  1.965441698281722e-14, -4.361094818605693e-15, -3.462508058049708e-15
  3.475000000000000e+00, -1.221148269957488e+00,  8.829020331272645e-02,  9.678574924110377e-01, -4.394521708044579e-02,  2.193090539213783e+00,  2.138142305363703e+00, -1.059776832144573e-03, -6.199902053253567e-15,  4.818386944626312e-04, -3.395703399362673e-03,  1.358037621077364e-03,  1.543892301806443e-03, -5.996429800930111e-03,  2.993344175015252e-03,  2.726339941699651e-03, -8.627696904658129e-03,  4.690705096541091e-03,  3.922673233412105e-03, -1.112946916420405e-02,  6.365150519433815e-03,  5.060130330825237e-03, -1.361959160079789e-02,  7.896569020128027e-03,  6.192290713601969e-03, -1.491463698776420e-02,  9.556087833800289e-03,  6.781096733506083e-03,  2.220446049250314e-16,  4.281297538710761e-15,  6.425415755018094e-15, -1.110223024625157e-16,  1.249000902703301e-16, -7.060324547225605e-15,  0.000000000000000e+00,  1.249000902703301e-16,  2.550043509685906e-15,  2.220446049250313e-16, -1.308328445581708e-14, -1.450575770611806e-14,  2.220446049250313e-16,  4.281297538710760e-15,  5.502542865798432e-15,  0.000000000000000e+00,  8.860967515289531e-15,  2.192690473634684e-15, -1.322206233389522e-14, -2.463307335887066e-16
  3.483333333333333e+00, -1.229869116484795e+00,  8.829789093768367e-02,  9.664218471937487e-01, -4.155058817153651e-02,  2.195659082467620e+00,  2.136066648294839e+00, -1.077823176409014e-03, -7.129713897787633e-15,  4.728248333676694e-04, -3.453526924755428e-03,  1.338923524678733e-03,  1.515010373225445e-03, -6.098539635058585e-03,  2.951213479781936e-03,  2.675337708327703e-03, -8.774613107982256e-03,  4.624684400212162e-03,  3.849290933357373e-03, -1.131898664177401e-02,  6.275562352848979e-03,  4.965469373822341e-03, -1.385151197432474e-02,  7.785426457407579e-03,  6.076450186443557e-03, -1.516860996159583e-02,  9.421587889782370e-03,  6.654241284283679e-03, -3.330669073875470e-16, -2.220446049250313e-16,  5.204170427930421e-15,  6.661338147750939e-16, -2.019565070732199e-14, -1.465841337200402e-14, -7.771561172376096e-16,  1.997360610239696e-14,  1.923808334858279e-14,  0.000000000000000e+00, -8.111566973667550e-15, -1.347186251443588e-14,  6.661338147750939e-16, -1.602190602412179e-14, -1.812092143005373e-14, -2.220446049250313e-16,  1.983135877736686e-14,  2.786312847113947e-14,  2.879640970121500e-16, -2.042463420615093e-14
  3.491666666666667e+00, -1.238675432923307e+00,  8.836691730640246e-02,  9.649598328091382e-01, -3.905772559328072e-02,  2.198117791120116e+00,  2.134351354760166e+00, -1.090941944494707e-03,  7.840950569244214e-16,  4.595577042215438e-04, -3.495561666441637e-03,  1.321140715226138e-03,  1.472500257694692e-03, -6.172768255194323e-03,  2.912017165760437e-03,  2.600269631536312e-03, -8.881413663885913e-03,  4.563262011308190e-03,  3.741282562467966e-03, -1.145675614234713e-02,  6.192213955873922e-03,  4.826141828326834e-03, -1.402010620870927e-02,  7.682024916836441e-03,  5.905949308029119e-03, -1.535323530703793e-02,  9.296455797443518e-03,  6.467527997865249e-03, -4.440892098500626e-16,  8.094219738907782e-15,  1.029731855339833e-14,  4.440892098500626e-16, -8.496675585334401e-15, -7.122774592360770e-15,  0.000000000000000e+00,  3.816391647148976e-17,  7.459310946700271e-16,  0.000000000000000e+00, -3.833738881908744e-15, -6.196432256189155e-15,  0.000000000000000e+00, -1.148386941096646e-15,  9.998946115530316e-15,  2.220446049250313e-16,  1.314920394790420e-15, -6.557254739192331e-15, -4.014150123410332e-15,  1.627170620466245e-15
  3.500000000000000e+00, -1.247575662231625e+00,  8.849864223142158e-02,  9.634837956588538e-01, -3.647325633266806e-02,  2.200430564576167e+00,  2.133055175999999e+00, -1.098129312759099e-03, -6.054185284684633e-15,  4.422194637369918e-04, -3.518591204461638e-03,  1.303668007805861e-03,  1.416945616028376e-03, -6.213435825899494e-03,  2.873504368961475e-03,  2.502166390599171e-03, -8.939926393216058e-03,  4.502910724696291e-03,  3.600131067939254e-03, -1.153223580093902e-02,  6.110319013524797e-03,  4.644060651464704e-03, -1.411247378788382e-02,  7.580426523774340e-03,  5.683129043198260e-03, -1.545438583733203e-02,  9.173505796523521e-03,  6.223520434228598e-03, -2.220446049250313e-16,  1.131039706336878e-14,  1.383615444439101e-14, -5.551115123125783e-16,  1.286470929784400e-14,  1.475208843970677e-14,  7.771561172376096e-16, -3.219299826717759e-14, -3.061786935099065e-14, -3.330669073875470e-16,  2.044892033481460e-14,  2.099709295322327e-14,  4.440892098500626e-16, -9.374445664178666e-15, -1.027997131863856e-14,  3.330669073875470e-16, -4.173744683200198e-15, -3.448630270241893e-15, -8.999745393367677e-15,  2.132322096670691e-14
  3.508333333333333e+00, -1.256579766995093e+00,  8.869250006827846e-02,  9.620053359139531e-01, -3.382125203439391e-02,  2.202575953874296e+00,  2.132224466447297e+00, -1.098587289010246e-03, -3.965578094822011e-15,  4.212518702794143e-04, -3.520058637478318e-03,  1.285183586943565e-03,  1.349761916392816e-03, -6.216027147353877e-03,  2.832761584917336e-03,  2.383527542827144e-03, -8.943654801091182e-03,  4.439064947671459e-03,  3.429432826881705e-03, -1.153704533480748e-02,  6.023682149245685e-03,  4.423865061457627e-03, -1.411835941334547e-02,  7.472945329678513e-03,  5.413666595000590e-03, -1.546083110895158e-02,  9.043436683142477e-03,  5.928435624478150e-03,  0.000000000000000e+00,  2.428612866367530e-17,  2.775557561562892e-16,  1.110223024625157e-16,  9.749145934989656e-16, -9.669348655094723e-15, -3.330669073875470e-16, -2.151057110211241e-15,  7.528699885739343e-15,  3.330669073875470e-16,  6.241535066564552e-15,  5.207639874882375e-15, -3.330669073875470e-16, -1.797173521111972e-15,  1.321859288694327e-15, -3.330669073875470e-16,  7.879114027886658e-15,  2.754740879851170e-15, -1.050548537051554e-14,  4.961309141293668e-16
  3.516666666666667e+00, -1.265699105369746e+00,  8.894587107011073e-02,  9.605348491303729e-01, -3.114279434257741e-02,  2.204549188113245e+00,  2.131890771371639e+00, -1.091749915090818e-03,  1.312491855741849e-14,  3.973684082542528e-04, -3.498150540264817e-03,  1.264164427519657e-03,  1.273235282883221e-03, -6.177339914823573e-03,  2.786431809176098e-03,  2.248390125977038e-03, -8.887991393458760e-03,  4.366464103111266e-03,  3.234996351886875e-03, -1.146524121539353e-02,  5.925164912753052e-03,  4.173047864645263e-03, -1.403048974343927e-02,  7.350725414294250e-03,  5.106731220368050e-03, -1.536460618038633e-02,  8.895531403868043e-03,  5.592314702098453e-03,  2.220446049250314e-16,  4.874572967494829e-15,  9.749145934989657e-15, -3.330669073875470e-16, -2.344999194825448e-14, -2.037259250187162e-14,  1.110223024625157e-16,  1.649375080958748e-14,  1.428371310119303e-14, -2.220446049250313e-16, -1.439820485060750e-15, -2.289834988289385e-15, -1.110223024625157e-16,  8.295447662121092e-15,  7.539108226595204e-15,  4.440892098500626e-16, -4.198030811863873e-15, -4.270889197854899e-15,  1.625782841685463e-14, -3.185646191283809e-14
  3.525000000000000e+00, -1.274946177606095e+00,  8.925410982759736e-02,  9.590813695607419e-01, -2.849444202429199e-02,  2.206362604391796e+00,  2.132070599093737e+00, -1.077291372219234e-03,  1.562465519353487e-14,  3.715164387401294e-04, -3.451822934596129e-03,  1.238964396542168e-03,  1.190401219997139e-03, -6.095530580329553e-03,  2.730886686737116e-03,  2.102114499166077e-03, -8.770283663122762e-03,  4.279422395341408e-03,  3.024534157781948e-03, -1.131340178829742e-02,  5.807051844458008e-03,  3.901557972789075e-03, -1.384467755820112e-02,  7.204195023034922e-03,  4.774497814058189e-03, -1.516112568170647e-02,  8.718206633392463e-03,  5.228490235458242e-03,  0.000000000000000e+00, -9.714451465470120e-16,  2.584737979205443e-15, -2.220446049250313e-16, -2.099015405931937e-15,  9.645062526431047e-16, -7.771561172376094e-16,  8.222589276130064e-15,  1.053324094613117e-14,  8.881784197001252e-16, -1.289940376736354e-14, -1.813479921786154e-14,  1.110223024625157e-16,  8.743006318923108e-15,  1.089753287608630e-14, -1.110223024625156e-16, -3.642919299551294e-16,  6.453171330633721e-16,  1.824929096727601e-15, -3.462508058049707e-15
  3.533333333333333e+00, -1.284334146061426e+00,  8.961080434849006e-02,  9.576526199429212e-01, -2.594481413676441e-02,  2.208044244491812e+00,  2.132765667933924e+00, -1.055127988499654e-03, -7.093284657447369e-15,  3.448119751960710e-04, -3.380807721622160e-03,  1.207912340684907e-03,  1.104835622763313e-03, -5.970125711497903e-03,  2.662442713553381e-03,  1.951015290310797e-03, -8.589850432921375e-03,  4.172167607692742e-03,  2.807131766728331e-03, -1.108064835549604e-02,  5.661510214061573e-03,  3.621115435868470e-03, -1.355984755852544e-02,  7.023636915890884e-03,  4.431308685844243e-03, -1.484921206690040e-02,  8.499702986202111e-03,  4.852668300708827e-03,  2.220446049250314e-16, -5.117434254131582e-15,  8.517492267046124e-15, -4.440892098500626e-16,  6.539907504432563e-15, -2.546574062733953e-15, -2.220446049250313e-16,  1.201122534766341e-14,  9.214851104388799e-15,  2.220446049250313e-16, -1.256286741302404e-14, -3.434752482434078e-15,  3.330669073875470e-16, -6.626643678231403e-16, -1.061650767297806e-14, -6.661338147750939e-16,  4.461708780212348e-15,  1.251429515569669e-14,  8.985867605559861e-16, -5.061923102900323e-15
  3.541666666666667e+00, -1.293876296982907e+00,  9.000836451127772e-02,  9.562554174179360e-01, -2.356784131739448e-02,  2.209633342011418e+00,  2.133964924215025e+00, -1.025374153047953e-03,  2.197894749635390e-15,  3.184556894735295e-04, -3.285471423334053e-03,  1.169476698847398e-03,  1.020385645823847e-03, -5.801772544882932e-03,  2.577724070397246e-03,  1.801886141231339e-03, -8.347622950451163e-03,  4.039409679430362e-03,  2.592563908748618e-03, -1.076818219834317e-02,  5.481361562940447e-03,  3.344329361299535e-03, -1.317746980207547e-02,  6.800145538389913e-03,  4.092594121741211e-03, -1.443047517692491e-02,  8.229243343795637e-03,  4.481746402761401e-03, -3.330669073875470e-16,  6.186023915333294e-15, -3.601285936127852e-15,  0.000000000000000e+00,  1.557781681427172e-15,  8.416878305439465e-15,  3.330669073875469e-16, -1.646599523397185e-14, -1.471739397018723e-14, -6.661338147750939e-16,  2.138914045879403e-14,  1.357941536994645e-14,  3.330669073875470e-16, -1.824582152032406e-14, -1.497760249158375e-14, -1.110223024625157e-16,  1.095998292122147e-14,  1.254898962521622e-14,  8.638922910364499e-16, -1.459943277382081e-14
  3.550000000000000e+00, -1.303585234715912e+00,  9.043881045226927e-02,  9.548959450875665e-01, -2.143460064905249e-02,  2.211174022148142e+00,  2.135645368138435e+00, -9.883012552745539e-04, -7.492271024582119e-15,  2.936640933809406e-04, -3.166683617096026e-03,  1.122471144549709e-03,  9.409491979332303e-04, -5.592006656186337e-03,  2.474115893388788e-03,  1.661610319846801e-03, -8.045810610661615e-03,  3.877051001180204e-03,  2.390734268451915e-03, -1.037885336978289e-02,  5.261045554151084e-03,  3.083975203862514e-03, -1.270103201648249e-02,  6.526822768670153e-03,  3.773987974073983e-03, -1.390873437678616e-02,  7.898479896068624e-03,  4.132844969186107e-03, -6.661338147750938e-16,  7.230327447871330e-15,  1.388472670171836e-14,  1.110223024625157e-16, -4.857225732735060e-17, -2.428612866367530e-16, -8.881784197001254e-16,  9.339751194659131e-15,  3.219646771412954e-15,  7.771561172376097e-16, -3.844147222764605e-15, -2.289834988289386e-15, -4.440892098500626e-16,  2.834538159746103e-15,  6.633582572135310e-15,  2.220446049250313e-16, -1.387431836086250e-14, -1.105712743587617e-14,  3.989863994746657e-16,  4.603956105242446e-15
  3.558333333333333e+00, -1.313471804878481e+00,  9.089462894544888e-02,  9.535801090834151e-01, -1.960600186881556e-02,  2.212707059776009e+00,  2.137775340363197e+00, -9.442490397581235e-04, -7.278899997982219e-15,  2.715880821649812e-04, -3.025532901738610e-03,  1.066224946427911e-03,  8.702139411701889e-04, -5.342750388354664e-03,  2.350139777512907e-03,  1.536699822178276e-03, -7.687179291386769e-03,  3.682774845573207e-03,  2.211012342211875e-03, -9.916229768919727e-03,  4.997418456051258e-03,  2.852139331786881e-03, -1.213490038741110e-02,  6.199768511395210e-03,  3.490280831408630e-03, -1.328877101941121e-02,  7.502692915517621e-03,  3.822160980416304e-03,  2.220446049250313e-16, -1.347533196138784e-14, -1.474861899275481e-14, -2.220446049250313e-16,  1.698120810633696e-14,  1.546332506485726e-14,  3.330669073875469e-16,  3.585673424844059e-15,  1.437044927499187e-14,  3.330669073875470e-16, -2.662106646234008e-14, -2.718658631550852e-14, -6.661338147750939e-16,  8.697903508547711e-15, -5.134781488891349e-16,  1.110223024625157e-16, -4.140784937156639e-15,  5.755812493291046e-15,  1.229398527424763e-14,  5.506012312750384e-15
  3.566666666666666e+00, -1.323543559221395e+00,  9.136952373754537e-02,  9.523138167244986e-01, -1.812932176698489e-02,  2.214260881293935e+00,  2.140320284434631e+00, -8.934879990954611e-04,  7.856562905026585e-15,  2.532299902317423e-04, -2.862885981078555e-03,  1.000684858674890e-03,  8.113915237048725e-04, -5.055534242722337e-03,  2.205678359947111e-03,  1.432826057166899e-03, -7.273931086554977e-03,  3.456397299947399e-03,  2.061558185250616e-03, -9.383152030600854e-03,  4.690230704401452e-03,  2.659347970429806e-03, -1.148255111717381e-02,  5.818673158538668e-03,  3.254354070897826e-03, -1.257439184858226e-02,  7.041507727932075e-03,  3.563800664512388e-03,  1.110223024625157e-16,  1.968737672886078e-14,  1.732641807805635e-14, -4.440892098500626e-16, -5.422745585903499e-15, -4.451300439356487e-15,  2.220446049250313e-16, -1.200428645375951e-15, -1.039099362110107e-14,  0.000000000000000e+00, -3.863229181000349e-15,  3.667205428214970e-15,  0.000000000000000e+00,  2.543104615781999e-15,  5.585809592645319e-16, -1.110223024625156e-16,  2.934111287267171e-14,  2.895600426100486e-14, -3.686460858798313e-14,  3.403527459866496e-15
  3.575000000000000e+00, -1.333803003987692e+00,  9.185902016892611e-02,  9.511032017056262e-01, -1.703771131362682e-02,  2.215842828768470e+00,  2.143249871155913e+00, -8.360565403459073e-04, -4.786102221039661e-15,  2.393688823622683e-04, -2.678865917804598e-03,  9.264716571546384e-04,  7.669782004262118e-04, -4.730575534141480e-03,  2.042099935414455e-03,  1.354397129782137e-03, -6.806378669991725e-03,  3.200062543624010e-03,  1.948714203651225e-03, -8.780023494645352e-03,  4.342391888328059e-03,  2.513782632722549e-03, -1.074447778938775e-02,  5.387146329680399e-03,  3.076219748291302e-03, -1.176613738127417e-02,  6.519292539446046e-03,  3.368728092974528e-03,  9.992007221626409e-16, -3.059184849885099e-14, -2.503552920529728e-14, -4.440892098500626e-16,  2.265548859625710e-14,  3.043051921558515e-14,  1.110223024625157e-16,  7.159203785356283e-15, -8.243405957841787e-15, -3.330669073875470e-16,  4.893654925730573e-15,  1.270164529110218e-14,  7.771561172376096e-16, -3.825932626266848e-14, -3.552019789410110e-14, -4.440892098500626e-16,  2.626718287324081e-14,  2.161465451067102e-14,  9.697104230710350e-15, -5.134781488891347e-15
  3.583333333333333e+00, -1.344246242335089e+00,  9.236088793086999e-02,  9.499548422420060e-01, -1.634979242642715e-02,  2.217432440762323e+00,  2.146543535640844e+00, -7.716466949026009e-04, -1.630119694427317e-14,  2.305013127809909e-04, -2.472485928651652e-03,  8.448879036738597e-04,  7.385650145326864e-04, -4.366131714486890e-03,  1.862275570116707e-03,  1.304222643194986e-03, -6.282014853665471e-03,  2.918269666678992e-03,  1.876522870322069e-03, -8.103609963998223e-03,  3.960007142270958e-03,  2.420657986914275e-03, -9.916722583390710e-03,  4.912762019323011e-03,  2.962259268667441e-03, -1.085967345973624e-02,  5.945213072137215e-03,  3.243931459260955e-03, -4.440892098500626e-16,  1.322032761041925e-14,  9.568734693488068e-15, -1.110223024625156e-16, -1.420565054477407e-14, -1.284389261613228e-14, -3.330669073875469e-16, -1.762479051592436e-15,  5.703770789011740e-15,  8.881784197001252e-16, -5.447031714567174e-15, -6.706440958126336e-15, -8.881784197001250e-16,  1.784510039737341e-14,  2.214547989431991e-14,  7.771561172376094e-16, -1.486137601869330e-14, -1.359676260470621e-14,  8.855763344861600e-15,  5.932754287840680e-15
  3.591666666666667e+00, -1.354862453062792e+00,  9.287532919573589e-02,  9.488759623432009e-01, -1.606779232791465e-02,  2.218978595872116e+00,  2.150192124105831e+00, -6.995959708378762e-04,  1.025915486813100e-14,  2.268005378553392e-04, -2.241623277938989e-03,  7.578548019955930e-04,  7.267071085179025e-04, -3.958454271598862e-03,  1.670439921438224e-03,  1.283282916527499e-03, -5.695446257206664e-03,  2.617654567855062e-03,  1.846394673865352e-03, -7.346954140419032e-03,  3.552081188103236e-03,  2.381793520900860e-03, -8.990771565648648e-03,  4.406691433478096e-03,  2.914699214614357e-03, -9.845676586492666e-03,  5.332788238528932e-03,  3.191849064884836e-03,  2.220446049250313e-16, -1.787285597298904e-14, -1.153591111524577e-14, -1.110223024625156e-16,  2.149322386735264e-15, -3.989863994746656e-15, -2.220446049250313e-16,  6.661338147750939e-16, -8.618106228652778e-15,  1.110223024625157e-16,  7.233796894823286e-15,  1.088018564132653e-14, -1.110223024625157e-16,  4.041905699025961e-15,  1.415534356397075e-15,  4.440892098500626e-16, -6.909403604815623e-15,  8.326672684688674e-16, -6.123573870198129e-15,  1.812439087700568e-14
  3.600000000000000e+00, -1.365634128782199e+00,  9.340498457888323e-02,  9.478745435992447e-01, -1.617420554804258e-02,  2.220400471907775e+00,  2.154195734209293e+00, -6.189649133078166e-04,  1.338512658332546e-14,  2.281036039898340e-04, -1.983267794176114e-03,  6.678265271055584e-04,  7.308823517522580e-04, -3.502227581612893e-03,  1.472002405433087e-03,  1.290655925936210e-03, -5.039024731115524e-03,  2.306694045722143e-03,  1.857003001265331e-03, -6.500190141396535e-03,  3.130116795024828e-03,  2.395477943726230e-03, -7.954551447798813e-03,  3.883204841367734e-03,  2.931445408689540e-03, -8.710925461043363e-03,  4.699287303882990e-03,  3.210187603350857e-03,  2.220446049250313e-16, -1.007874339542525e-14, -7.393391454613152e-15, -4.440892098500626e-16,  4.031497358170100e-14,  2.986499936241671e-14,  5.551115123125783e-16, -1.620752143605131e-14, -1.466535226590793e-14, -5.551115123125783e-16,  1.325502207993878e-14,  1.715294573045867e-14,  0.000000000000000e+00,  5.134781488891349e-16,  1.530026105811544e-15,  2.220446049250313e-16, -1.348747502571968e-14, -1.782601843913767e-14,  6.349087922075114e-16, -1.223326995258844e-14
  3.608333333333333e+00, -1.376537662741325e+00,  9.395472817063960e-02,  9.469592689633979e-01, -1.662942622721051e-02,  2.221591276494908e+00,  2.158559462678487e+00, -5.286474947410004e-04,  6.418476950490247e-16,  2.339385018468327e-04, -1.693875578807639e-03,  5.777100585009559e-04,  7.495783469414817e-04, -2.991193518767878e-03,  1.273370495524426e-03,  1.323670947990915e-03, -4.303746048874487e-03,  1.995428899532562e-03,  1.904505200558064e-03, -5.551702785902218e-03,  2.707739036064080e-03,  2.456754350235083e-03, -6.793848252547118e-03,  3.359205429784912e-03,  3.006431880930933e-03, -7.439854542390000e-03,  4.065165777396500e-03,  3.292304310405003e-03, -3.330669073875470e-16,  1.279185091185298e-14,  1.443289932012704e-15, -1.110223024625157e-16,  9.455977667549575e-15,  9.388323451986480e-15,  2.220446049250313e-16, -2.397908260842740e-14, -1.572006413930183e-14, -2.220446049250313e-16, -1.550669315175668e-14, -1.599068100155421e-14,  0.000000000000000e+00,  1.921726666687107e-14,  1.382921555048711e-14,  4.440892098500626e-16, -2.222354245073888e-14, -2.343611416044666e-14,  7.794112577563793e-15, -4.680283938185426e-15
  3.616666666666666e+00, -1.387543951265146e+00,  9.453112301836880e-02,  9.461392588059884e-01, -1.737438703104731e-02,  2.222424720955388e+00,  2.163289107951781e+00, -4.274922989898184e-04, -2.172567703227778e-14,  2.435885695609079e-04, -1.369757300642282e-03,  4.907198296316815e-04,  7.804987887081242e-04, -2.418837139649900e-03,  1.081629345669065e-03,  1.378272966007417e-03, -3.480236473275016e-03,  1.694961884717916e-03,  1.983066891097231e-03, -4.489400235251228e-03,  2.300014027469899e-03,  2.558096564874767e-03, -5.493864696917013e-03,  2.853384135947025e-03,  3.130448539376487e-03, -6.016259519089867e-03,  3.453042626179825e-03,  3.428113334268893e-03, -1.110223024625157e-16, -2.111765623480366e-14, -3.027439410274724e-14, -1.110223024625157e-16,  1.173713903845908e-14,  1.349441391962358e-14, -1.110223024625157e-16,  2.564701923057911e-14,  3.025184269755955e-14,  1.110223024625157e-16, -2.123128062248015e-14, -2.261385523283366e-14,  4.440892098500626e-16, -2.330600989974840e-14, -2.208996874308866e-14, -1.110223024625157e-16,  1.050461800877756e-14,  1.188632525739308e-14,  1.326196097384269e-14, -2.404326737703855e-14
  3.625000000000000e+00, -1.398619122041970e+00,  9.514170004924222e-02,  9.454236566642106e-01, -1.833759631556124e-02,  2.222764044342414e+00,  2.168388036796614e+00, -3.144355011755389e-04, -1.078998009452889e-14,  2.561703858140931e-04, -1.007504285654315e-03,  4.101486920111686e-04,  8.208130462578161e-04, -1.779139109792626e-03,  9.040369567866696e-04,  1.449463405023105e-03, -2.559835352050608e-03,  1.416666615205651e-03,  2.085496094824905e-03, -3.302110508855584e-03,  1.922375433191060e-03,  2.690227152895202e-03, -4.040929166321728e-03,  2.384887874061185e-03,  3.292142203244068e-03, -4.425168784461588e-03,  2.886088621600868e-03,  3.605181955038474e-03,  0.000000000000000e+00, -6.071532165918823e-18,  1.734723475976807e-18,  0.000000000000000e+00,  2.602085213965210e-18,  1.734723475976807e-18,  2.220446049250313e-16, -1.734723475976807e-18,  6.938893903907228e-18, -2.220446049250313e-16, -3.469446951953614e-18, -5.204170427930421e-18,  6.661338147750939e-16,  1.301042606982605e-17,  1.561251128379126e-17, -3.330669073875470e-16, -8.673617379884037e-18,  1.734723475976807e-18, -2.081668171172169e-17,  6.938893903907228e-18
  3.633333333333333e+00, -1.409725733435499e+00,  9.579440656333532e-02,  9.448211944813054e-01, -1.944146241152829e-02,  2.222472709481943e+00,  2.173854425802233e+00, -1.886554913208856e-04,  4.319461474776455e-15,  2.707016385824671e-04, -6.044839571474047e-04,  3.391399990113361e-04,  8.673736266253408e-04, -1.067450595215203e-03,  7.475218100528471e-04,  1.531684146598884e-03, -1.535853916739461e-03,  1.171400333228741e-03,  2.203795759993194e-03, -1.981205296844058e-03,  1.589556215121165e-03,  2.842830158026473e-03, -2.424482841205841e-03,  1.971994271901113e-03,  3.478888810575498e-03, -2.655019513033542e-03,  2.386422561773884e-03,  3.809685727116183e-03,  0.000000000000000e+00,  0.000000000000000e+00,  6.938893903907228e-18,  0.000000000000000e+00, -3.469446951953614e-18,  6.938893903907228e-18, -2.220446049250313e-16,  2.602085213965211e-18,  3.469446951953614e-18,  0.000000000000000e+00, -8.673617379884035e-19,  0.000000000000000e+00,  3.330669073875470e-16,  8.673617379884035e-19,  5.204170427930421e-18,  0.000000000000000e+00, -3.469446951953614e-18,  3.469446951953614e-18, -1.387778780781446e-17,  3.469446951953614e-18
  3.641666666666667e+00, -1.420824459106584e+00,  9.649720269652491e-02,  9.443397799158418e-01, -2.060665523392393e-02,  2.221427244536438e+00,  2.179677074480260e+00, -4.976690308552471e-05,  2.173608523039513e-15,  2.861590531110068e-04, -1.594615364830686e-04,  2.804913512745427e-04,  9.169017852370925e-04, -2.815911158936180e-04,  6.182502896133454e-04,  1.619145297163158e-03, -4.051548804248946e-04,  9.688260402508482e-04,  2.329635355030381e-03, -5.226375935833485e-04,  1.314668785739520e-03,  3.005159445721156e-03, -6.395732334407638e-04,  1.630970512550071e-03,  3.677537871939981e-03, -7.003882996978624e-04,  1.973730291295675e-03,  4.027223721273347e-03,  2.220446049250313e-16, -2.602085213965211e-18,  6.938893903907228e-18,  2.220446049250313e-16, -3.469446951953614e-18,  1.734723475976807e-18, -2.220446049250313e-16,  0.000000000000000e+00,  1.734723475976807e-18, -2.220446049250313e-16, -3.469446951953614e-18,  0.000000000000000e+00,  2.220446049250313e-16,  8.673617379884035e-19,  3.469446951953614e-18,  0.000000000000000e+00, -1.734723475976807e-18,  1.734723475976807e-18, -1.387778780781445e-17,  5.204170427930421e-18
  3.650000000000000e+00, -1.431875971672558e+00,  9.725747001327030e-02,  9.439860532779774e-01, -2.175776623559640e-02,  2.219532922793369e+00,  2.185829725149190e+00,  1.019511116359912e-04,  2.625157047278195e-14,  3.015386462137029e-04,  3.266685266672925e-04,  2.364393708990670e-04,  9.661805908754908e-04,  5.768598307796665e-04,  5.211522882596960e-04,  1.706166118505065e-03,  8.299891671650472e-04,  8.166691004044848e-04,  2.454841401980667e-03,  1.070661028623118e-03,  1.108196239447434e-03,  3.166671475326771e-03,  1.310212170732066e-03,  1.374821862595097e-03,  3.875186820861831e-03,  1.434796246187385e-03,  1.663750223842919e-03,  4.243666505355068e-03,  0.000000000000000e+00, -8.673617379884034e-19,  8.673617379884034e-19, -5.551115123125781e-16, -6.938893903907225e-18,  5.204170427930419e-18,  0.000000000000000e+00, -2.602085213965210e-18, -8.673617379884034e-19,  0.000000000000000e+00, -8.673617379884034e-19,  2.602085213965210e-18,  0.000000000000000e+00, -4.336808689942017e-18, -8.673617379884034e-19,  0.000000000000000e+00,  8.673617379884034e-19,  3.469446951953613e-18, -1.387778780781445e-17,  6.938893903907227e-18
  3.658333333333333e+00, -1.442842937764552e+00,  9.808113944340899e-02,  9.437649483201120e-01, -2.283016963536903e-02,  2.216740208138726e+00,  2.192265715181824e+00,  2.653372783106155e-04, -1.891889436317494e-14,  3.159160785457182e-04,  8.501853131802989e-04,  2.084469795488624e-04,  1.012248304863823e-03,  1.501331520658289e-03,  4.594523320618034e-04,  1.787516513470149e-03,  2.160124231194582e-03,  7.199824910738030e-04,  2.571888807587866e-03,  2.786495201163716e-03,  9.769953200135372e-04,  3.317659103457368e-03,  3.409949394487137e-03,  1.212054758682895e-03,  4.059956624444427e-03,  3.734191072399756e-03,  1.466776482781631e-03,  4.446005505488771e-03,  0.000000000000000e+00, -1.734723475976807e-18,  1.734723475976807e-18,  0.000000000000000e+00, -3.903127820947816e-18,  3.469446951953614e-18, -6.661338147750939e-16, -3.469446951953614e-18, -1.734723475976807e-18,  2.220446049250313e-16,  1.734723475976807e-18,  1.734723475976807e-18,  0.000000000000000e+00, -3.035766082959412e-18,  3.469446951953614e-18,  0.000000000000000e+00, -3.469446951953614e-18,  3.469446951953614e-18, -9.974659986866641e-18,  6.938893903907228e-18
  3.666666666666667e+00, -1.453692251998603e+00,  9.897176423972118e-02,  9.436793376946900e-01, -2.377378662305643e-02,  2.213058354301577e+00,  2.198914048860642e+00,  4.381929736854892e-04,  2.037085803296703e-14,  3.284982681072679e-04,  1.404044063983502e-03,  1.971030092055693e-04,  1.052563758494254e-03,  2.479383702556740e-03,  4.344483063633371e-04,  1.858709064519138e-03,  3.567351208328055e-03,  6.808000569638548e-04,  2.674321050195254e-03,  4.601775619811709e-03,  9.238258954740530e-04,  3.449793611462984e-03,  5.631383101532568e-03,  1.146093077281397e-03,  4.221655085427378e-03,  6.166854128980290e-03,  1.386952495993112e-03,  4.623079379488017e-03, -4.440892098500626e-16, -5.637851296924623e-18,  6.071532165918825e-18,  0.000000000000000e+00,  0.000000000000000e+00,  5.204170427930421e-18,  6.661338147750938e-16,  2.168404344971008e-18,  1.040834085586084e-17, -6.661338147750938e-16, -4.770489558936219e-18,  0.000000000000000e+00,  1.110223024625157e-16, -2.602085213965211e-18,  8.673617379884035e-18,  4.440892098500626e-16,  8.673617379884035e-19,  6.938893903907228e-18, -1.517883041479706e-17,  1.561251128379126e-17
  3.675000000000000e+00, -1.464397348254560e+00,  9.992982130985194e-02,  9.437299945168716e-01, -2.455219136044023e-02,  2.208562381508238e+00,  2.205679304025377e+00,  6.172618755534634e-04,  6.012551691920001e-15,  3.386566842179047e-04,  1.977810974477743e-03,  2.021816652655655e-04,  1.085113034078086e-03,  3.492591452537675e-03,  4.456425217028307e-04,  1.916187419709853e-03,  5.025160214435735e-03,  6.983418964086583e-04,  2.757021230734813e-03,  6.482305332441722e-03,  9.476296618920422e-04,  3.556474353654150e-03,  7.932665067574542e-03,  1.175623892599016e-03,  4.352204720713398e-03,  8.686957971739970e-03,  1.422689417212905e-03,  4.766042581047006e-03, -1.554312234475219e-15, -7.806255641895632e-18,  4.336808689942018e-19,  7.771561172376096e-16,  1.301042606982605e-18,  7.806255641895632e-18,  1.110223024625156e-16, -3.035766082959412e-18,  6.938893903907227e-18,  0.000000000000000e+00, -8.673617379884034e-19,  5.204170427930421e-18,  1.110223024625156e-16, -8.673617379884034e-19,  5.637851296924622e-18, -1.110223024625157e-16, -2.602085213965211e-18,  5.204170427930421e-18, -1.647987302177967e-17,  1.691355389077387e-17
  3.683333333333333e+00, -1.474939664386821e+00,  1.009523094802360e-01,  9.439153376076277e-01, -2.514264314414097e-02,  2.203392363806348e+00,  2.212444063962753e+00,  7.983388383023630e-04, -9.887924124970186e-17,  3.459848894387433e-04,  2.558012050123586e-03,  2.227943215657795e-04,  1.108593837457498e-03,  4.517161213602084e-03,  4.910762959301919e-04,  1.957651874220464e-03,  6.499316945959888e-03,  7.695386662628278e-04,  2.816680520964399e-03,  8.383923118507533e-03,  1.044241609838515e-03,  3.633433041274517e-03,  1.025975338103464e-02,  1.295480117962020e-03,  4.446382248864907e-03,  1.123532200871156e-02,  1.567734260622721e-03,  4.869175162842093e-03,  0.000000000000000e+00, -3.469446951953614e-18,  5.204170427930421e-18,  3.330669073875470e-16, -2.602085213965211e-18,  6.722053469410127e-18, -5.551115123125783e-16, -2.602085213965211e-18,  4.553649124439119e-18,  0.000000000000000e+00, -1.734723475976807e-18,  3.035766082959412e-18,  1.110223024625157e-16, -1.734723475976807e-18,  7.155734338404329e-18,  0.000000000000000e+00, -2.602085213965211e-18,  7.372574772901430e-18, -2.081668171172169e-17,  1.496198998029996e-17
  3.691666666666666e+00, -1.485308958449844e+00,  1.020330190030660e-01,  9.442317605427161e-01, -2.553697934917578e-02,  2.197740018855232e+00,  2.219079972759724e+00,  9.766164083731075e-04,  4.336808884468863e-17,  3.503376091867500e-04,  3.129243400304094e-03,  2.576183714572102e-04,  1.122540684375706e-03,  5.525891449610426e-03,  5.678343807401988e-04,  1.982280435273759e-03,  7.950683679794153e-03,  8.898220411662258e-04,  2.852116233049907e-03,  1.025614249392733e-02,  1.207462654540338e-03,  3.679144042637495e-03,  1.255086564381459e-02,  1.497971204557317e-03,  4.502320691304764e-03,  1.374428914217399e-02,  1.812780255172862e-03,  4.930432621002821e-03,  0.000000000000000e+00, -3.469446951953614e-18,  4.987329993433320e-18, -6.661338147750939e-16, -4.336808689942018e-18,  2.547875105340935e-18,  6.661338147750939e-16, -3.469446951953614e-18,  8.565197162635485e-18,  0.000000000000000e+00, -1.734723475976807e-18,  5.908901840045999e-18, -6.661338147750939e-16, -4.336808689942018e-18,  9.757819552369540e-19,  3.330669073875470e-16, -5.204170427930421e-18,  7.860465750519907e-18, -2.602085213965211e-17,  1.767249541151372e-17
  3.700000000000000e+00, -1.495502443170596e+00,  1.031633748665099e-01,  9.446742238484641e-01, -2.574248260697630e-02,  2.191826154431853e+00,  2.225461017147904e+00,  1.147153544331827e-03,  4.683753666117581e-17,  3.518637619266900e-04,  3.675673096380314e-03,  3.051794337515233e-04,  1.127430734704200e-03,  6.490824757470572e-03,  6.726669910950840e-04,  1.990915713467462e-03,  9.339035147217680e-03,  1.054099461644283e-03,  2.864540719855288e-03,  1.204707407352965e-02,  1.430382340763794e-03,  3.695171256424423e-03,  1.474250266973671e-02,  1.774524081481477e-03,  4.521933855513626e-03,  1.614432224218719e-02,  2.147452639577929e-03,  4.951910741120500e-03, -2.220446049250313e-16,  1.734723475976807e-18,  7.589415207398531e-19,  4.440892098500626e-16,  1.734723475976807e-18,  4.228388472693467e-18,  0.000000000000000e+00,  0.000000000000000e+00,  2.602085213965210e-18,  0.000000000000000e+00,  2.602085213965210e-18,  1.951563910473908e-18, -3.330669073875469e-16,  1.734723475976807e-18,  2.710505431213761e-19,  0.000000000000000e+00,  2.602085213965210e-18,  2.005774019098183e-18,  1.474514954580286e-17,  5.095750210681870e-18
  3.708333333333333e+00, -1.505523286535551e+00,  1.043338894215895e-01,  9.452370224550753e-01, -2.577997892146852e-02,  2.185871308498926e+00,  2.231477779727568e+00,  1.305417469887333e-03,  9.887924565919334e-17,  3.510110538959097e-04,  4.182777359940461e-03,  3.641677365871549e-04,  1.124698514607961e-03,  7.386313780088027e-03,  8.026871687016060e-04,  1.986090920462780e-03,  1.062746978667490e-02,  1.257846934067134e-03,  2.857598780559157e-03,  1.370911595427514e-02,  1.706861740605497e-03,  3.686216363804836e-03,  1.677641204180184e-02,  2.117522830187190e-03,  4.510975383145506e-03,  1.837162984725293e-02,  2.562534957122472e-03,  4.939910261069305e-03,  8.881784197001252e-16,  1.734723475976807e-18,  7.806255641895632e-18, -8.881784197001252e-16,  4.336808689942018e-18, -4.553649124439119e-18,  8.881784197001252e-16,  2.602085213965211e-18,  8.239936510889834e-18,  0.000000000000000e+00,  3.469446951953614e-18,  2.385244779468110e-18,  0.000000000000000e+00,  3.469446951953614e-18,  1.517883041479706e-18,  0.000000000000000e+00,  2.602085213965211e-18,  8.673617379884035e-19,  2.515349040166370e-17,  3.469446951953614e-18
  3.716666666666667e+00, -1.515379347229952e+00,  1.055353379957175e-01,  9.459151722645418e-01, -2.567518000619212e-02,  2.180072473349044e+00,  2.237045002605686e+00,  1.447696709359775e-03,  1.786765345326748e-16,  3.484517279437657e-04,  4.638663998032535e-03,  4.337102771032611e-04,  1.116498003357372e-03,  8.191358243927428e-03,  9.559706678778249e-04,  1.971609741083525e-03,  1.178577228655651e-02,  1.498049078812709e-03,  2.836763178266956e-03,  1.520329129419585e-02,  2.032809071535465e-03,  3.659339064359720e-03,  1.860489618686393e-02,  2.521891208869112e-03,  4.478084520484053e-03,  2.037397896761121e-02,  3.051884158536138e-03,  4.903891906687745e-03,  0.000000000000000e+00,  4.336808689942018e-18,  1.951563910473908e-18,  0.000000000000000e+00,  1.734723475976807e-18,  1.734723475976807e-18,  0.000000000000000e+00,  3.469446951953614e-18,  3.469446951953614e-18,  0.000000000000000e+00,  3.469446951953614e-18,  1.084202172485504e-18, -6.661338147750938e-16,  3.469446951953613e-18, -1.734723475976807e-18, -1.110223024625156e-16,  4.336808689942017e-18,  8.673617379884034e-19,  3.469446951953614e-17,  7.155734338404329e-18
  3.725000000000000e+00, -1.525082274816055e+00,  1.067595939099199e-01,  9.467051620957490e-01, -2.544827495161108e-02,  2.174585127278591e+00,  2.242104573523902e+00,  1.571406635813444e-03,  2.428613128287099e-17,  3.449904998862652e-04,  5.035051430795859e-03,  5.135441130812167e-04,  1.105407645910833e-03,  8.891333811577758e-03,  1.131937919585431e-03,  1.952025418757391e-03,  1.279290106798591e-02,  1.773797685103128e-03,  2.808585145216669e-03,  1.650245709025696e-02,  2.406991917917717e-03,  3.622990250370568e-03,  2.019473908979233e-02,  2.986100289797688e-03,  4.433602973844087e-03,  2.211499517865274e-02,  3.613650001310198e-03,  4.855180745572537e-03, -1.110223024625156e-16,  1.734723475976807e-18, -8.673617379884034e-19,  0.000000000000000e+00, -1.734723475976807e-18,  0.000000000000000e+00,  0.000000000000000e+00, -1.734723475976807e-18,  1.301042606982605e-18,  0.000000000000000e+00,  0.000000000000000e+00,  4.336808689942017e-19,  0.000000000000000e+00,  0.000000000000000e+00,  4.336808689942017e-19,  0.000000000000000e+00, -3.469446951953613e-18,  4.336808689942017e-19, -1.040834085586084e-17,  4.336808689942017e-18
  3.733333333333333e+00, -1.534646813049724e+00,  1.079994973429482e-01,  9.476053257202911e-01, -2.510566563878118e-02,  2.169518464373893e+00,  2.246621201188183e+00,  1.675172858382969e-03,  3.469447374472985e-17,  3.414464154858552e-04,  5.367535878492202e-03,  6.039842086302608e-04,  1.094051802792713e-03,  9.478463903943614e-03,  1.331283157891567e-03,  1.931972278633059e-03,  1.363766714525337e-02,  2.086180648979172e-03,  2.779732574483225e-03,  1.759217988787037e-02,  2.830886523068847e-03,  3.585771303085529e-03,  2.152827793541088e-02,  3.511981491916775e-03,  4.388056609111415e-03,  2.357533616202807e-02,  4.250048789796766e-03,  4.805303516062925e-03,  0.000000000000000e+00,  0.000000000000000e+00, -4.336808689942018e-19,  0.000000000000000e+00, -1.734723475976807e-18,  1.301042606982605e-18,  0.000000000000000e+00,  0.000000000000000e+00, -4.336808689942018e-19, -1.110223024625156e-16, -5.204170427930421e-18,  2.168404344971008e-18,  1.110223024625156e-16,  1.734723475976807e-18,  1.301042606982605e-18,  0.000000000000000e+00, -3.469446951953614e-18, -4.336808689942018e-19, -8.673617379884035e-18, -2.168404344971009e-18
  3.741666666666667e+00, -1.544089628397180e+00,  1.092484307381614e-01,  9.486152857297155e-01, -2.464059495951809e-02,  2.164936890943909e+00,  2.250577861540643e+00,  1.758794823594440e-03,  3.816392157270141e-17,  3.385564094447205e-04,  5.635474734030266e-03,  7.056700321657479e-04,  1.084791736861474e-03,  9.951613749266570e-03,  1.555415879136254e-03,  1.915620045007725e-03,  1.431843780237165e-02,  2.437406714667762e-03,  2.756204888824064e-03,  1.847035353258695e-02,  3.307490088725933e-03,  3.555421297175248e-03,  2.260293533543405e-02,  4.103253126413359e-03,  4.350916051958025e-03,  2.475217945346772e-02,  4.965580264098999e-03,  4.764631376713782e-03,  3.330669073875469e-16, -5.204170427930421e-18,  3.469446951953613e-18, -2.220446049250313e-16, -5.204170427930421e-18,  0.000000000000000e+00, -2.220446049250313e-16,  6.938893903907228e-18, -5.204170427930421e-18,  3.330669073875469e-16, -5.204170427930421e-18,  8.673617379884034e-18, -3.330669073875469e-16,  1.734723475976807e-18, -3.469446951953613e-18,  0.000000000000000e+00, -3.469446951953613e-18,  0.000000000000000e+00, -1.387778780781445e-17,  1.734723475976807e-18
  3.750000000000000e+00, -1.553427833027356e+00,  1.104996085999441e-01,  9.497348125231176e-01, -2.404011176964397e-02,  2.160868622123896e+00,  2.253969362521119e+00,  1.823055340547028e-03,  4.510281683456973e-17,  3.369102192768933e-04,  5.841376249557714e-03,  8.191588030948880e-04,  1.079517066403226e-03,  1.031521263837889e-02,  1.805564288960409e-03,  1.906305570978036e-03,  1.484158592788588e-02,  2.829400535707752e-03,  2.742803171231708e-03,  1.914519885870113e-02,  3.839414313817090e-03,  3.538133485104428e-03,  2.342877146470096e-02,  4.763155251913302e-03,  4.329760241505446e-03,  2.565654181912693e-02,  5.764165403662090e-03,  4.741463924830451e-03,  0.000000000000000e+00, -1.734723475976807e-18,  0.000000000000000e+00,  0.000000000000000e+00, -1.734723475976807e-18, -2.602085213965210e-18,  0.000000000000000e+00,  1.734723475976807e-18, -1.734723475976807e-18,  0.000000000000000e+00,  0.000000000000000e+00,  3.469446951953613e-18,  0.000000000000000e+00, -1.734723475976807e-18,  0.000000000000000e+00,  0.000000000000000e+00, -5.204170427930421e-18,  5.204170427930421e-18, -1.040834085586084e-17,  6.071532165918823e-18
  3.758333333333333e+00, -1.562677775598174e+00,  1.117457100815533e-01,  9.509624899597346e-01, -2.329261376788405e-02,  2.157313947096424e+00,  2.256797929023622e+00,  1.869492552091489e-03,  3.642919847282876e-17,  3.369275594646556e-04,  5.990168893740043e-03,  9.445535283311453e-04,  1.079572627284317e-03,  1.057796369193379e-02,  2.081955431990619e-03,  1.906403685237107e-03,  1.521963362071424e-02,  3.262517901251555e-03,  2.742944338579170e-03,  1.963286899667803e-02,  4.427141993884011e-03,  3.538315586731088e-03,  2.402555357687255e-02,  5.492286821780896e-03,  4.329983086795581e-03,  2.631007012046809e-02,  6.646529036059017e-03,  4.741707959798907e-03,  0.000000000000000e+00,  0.000000000000000e+00,  0.000000000000000e+00, -1.110223024625157e-15,  3.469446951953614e-18, -1.040834085586084e-17,  3.330669073875469e-16,  0.000000000000000e+00,  4.336808689942017e-18, -3.330669073875469e-16,  1.734723475976807e-18,  0.000000000000000e+00,  0.000000000000000e+00,  1.734723475976807e-18, -1.734723475976807e-18,  3.330669073875469e-16, -5.204170427930421e-18,  9.540979117872437e-18, -1.387778780781445e-17,  5.204170427930421e-18
  3.766666666666667e+00, -1.571854373399318e+00,  1.129788665366159e-01,  9.522945429955963e-01, -2.239288639973984e-02,  2.154252661756765e+00,  2.259069475650559e+00,  1.900147032894071e-03,  2.255140868823887e-17,  3.388794147952991e-04,  6.088391011371546e-03,  1.081274848266900e-03,  1.085826700387506e-03,  1.075141289052472e-02,  2.383312301846460e-03,  1.917447674043734e-03,  1.546919330263626e-02,  3.734757684804342e-03,  2.758834491754538e-03,  1.995479347029917e-02,  5.067957658419455e-03,  3.558813405759035e-03,  2.441950586627040e-02,  6.287279038967735e-03,  4.355067115489938e-03,  2.674148213039368e-02,  7.608594388148544e-03,  4.769177152204426e-03, -7.771561172376096e-16, -1.734723475976807e-18, -5.204170427930421e-18,  6.661338147750939e-16, -6.938893903907228e-18,  0.000000000000000e+00,  0.000000000000000e+00,  1.734723475976807e-18,  0.000000000000000e+00,  0.000000000000000e+00, -5.204170427930421e-18,  1.734723475976807e-18,  4.440892098500626e-16,  5.204170427930421e-18,  8.673617379884035e-19, -4.440892098500626e-16, -6.938893903907228e-18,  8.673617379884035e-19, -6.938893903907228e-18,  0.000000000000000e+00
  3.775000000000000e+00, -1.580970845732182e+00,  1.141908981631969e-01,  9.537240603334394e-01, -2.134496923842116e-02,  2.151650801279025e+00,  2.260790709997398e+00,  1.917305637949387e-03,  7.618906710806764e-15,  3.429384962454361e-04,  6.143370070872636e-03,  1.227994242248591e-03,  1.098832680738837e-03,  1.084849971821429e-02,  2.706706614763822e-03,  1.940414770709869e-03,  1.560888237606167e-02,  4.241531133862802e-03,  2.791879679540213e-03,  2.013498816796225e-02,  5.755634503610571e-03,  3.601440702771234e-03,  2.464001756854248e-02,  7.140406966579883e-03,  4.407231901409747e-03,  2.698296161724938e-02,  8.641013073906197e-03,  4.826302128366915e-03,  0.000000000000000e+00, -1.734723475976807e-18,  0.000000000000000e+00,  0.000000000000000e+00, -1.734723475976807e-18,  3.469446951953613e-18, -2.220446049250313e-16,  1.734723475976807e-18, -5.204170427930421e-18,  2.220446049250313e-16, -1.734723475976807e-18,  5.204170427930421e-18,  0.000000000000000e+00, -6.938893903907227e-18,  5.204170427930421e-18,  0.000000000000000e+00, -1.734723475976807e-18,  0.000000000000000e+00, -8.673617379884034e-18, -1.734723475976807e-18
  3.783333333333333e+00, -1.590038534944995e+00,  1.153736360922751e-01,  9.552407395750731e-01, -2.016343197637909e-02,  2.149466924681388e+00,  2.261967637673277e+00,  1.923266001175736e-03,  7.757684619628373e-15,  3.492300215398411e-04,  6.162468078166635e-03,  1.382698118800982e-03,  1.118991787070273e-03,  1.088222464840092e-02,  3.047700075126895e-03,  1.976013482292181e-03,  1.565740599518873e-02,  4.775883239364210e-03,  2.843099305872028e-03,  2.019758217523398e-02,  6.480734784249024e-03,  3.667512478143188e-03,  2.471661644339910e-02,  8.039962192349020e-03,  4.488086664887612e-03,  2.706684404527137e-02,  9.729616076921714e-03,  4.914845124467712e-03,  0.000000000000000e+00,  0.000000000000000e+00, -3.469446951953614e-18,  0.000000000000000e+00, -1.734723475976807e-18,  0.000000000000000e+00,  2.220446049250313e-16, -3.469446951953614e-18,  1.214306433183765e-17,  0.000000000000000e+00, -3.469446951953614e-18,  3.469446951953614e-18,  0.000000000000000e+00, -3.469446951953614e-18, -1.734723475976807e-18, -4.440892098500626e-16,  0.000000000000000e+00, -8.673617379884035e-18, -6.938893903907228e-18, -3.469446951953614e-18
  3.791666666666667e+00, -1.599066523458998e+00,  1.165193435678332e-01,  9.568310833834412e-01, -1.887264239796223e-02,  2.147657234295229e+00,  2.262605505605254e+00,  1.920144207563210e-03,  2.839742781576930e-15,  3.578607126590297e-04,  6.152465325831571e-03,  1.542865236749628e-03,  1.146645974499279e-03,  1.086456091422307e-02,  3.400735441796050e-03,  2.024847663046004e-03,  1.563199131516066e-02,  5.329105554229868e-03,  2.913362199646914e-03,  2.016479800342182e-02,  7.231441390688227e-03,  3.758149494985214e-03,  2.467649709678060e-02,  8.971284478208765e-03,  4.599002930083211e-03,  2.702290987246207e-02,  1.085666220829776e-02,  5.036308078711807e-03,  0.000000000000000e+00,  0.000000000000000e+00,  0.000000000000000e+00,  0.000000000000000e+00,  6.938893903907228e-18, -1.734723475976807e-18, -4.440892098500625e-16,  1.387778780781445e-17, -6.938893903907227e-18,  0.000000000000000e+00, -3.469446951953613e-18,  0.000000000000000e+00,  0.000000000000000e+00, -3.469446951953613e-18,  1.040834085586084e-17,  0.000000000000000e+00, -3.469446951953613e-18, -8.673617379884034e-18, -1.040834085586084e-17,  0.000000000000000e+00
  3.800000000000000e+00, -1.608060965810700e+00,  1.176212527155539e-01,  9.584788861541464e-01, -1.750388192946017e-02,  2.146178541001158e+00,  2.262710472040014e+00,  1.909754493315491e-03,  1.278491403331082e-15,  3.689175538960487e-04,  6.119174932119065e-03,  1.705732241510610e-03,  1.182073955458113e-03,  1.080577382787699e-02,  3.759721814821386e-03,  2.087409487726569e-03,  1.554740812487244e-02,  5.891653363990165e-03,  3.003376504677359e-03,  2.005568823536536e-02,  7.994802422730964e-03,  3.874265237488028e-03,  2.454297496210774e-02,  9.918305771481364e-03,  4.741098565371742e-03,  2.687669152562398e-02,  1.200270660250904e-02,  5.191915154165536e-03,  0.000000000000000e+00, -3.469446951953613e-18,  6.938893903907227e-18,  0.000000000000000e+00,  0.000000000000000e+00, -3.469446951953613e-18,  0.000000000000000e+00, -1.040834085586084e-17, -1.734723475976807e-18,  0.000000000000000e+00,  1.387778780781445e-17, -1.387778780781445e-17, -2.220446049250313e-16, -1.040834085586084e-17,  1.734723475976807e-18,  2.220446049250313e-16, -3.469446951953613e-18,  1.561251128379126e-17, -2.428612866367530e-17,  0.000000000000000e+00
  3.808333333333333e+00, -1.617024213787438e+00,  1.186740139601520e-01,  9.601659243489634e-01, -1.609171805205233e-02,  2.144988962847691e+00,  2.262293741650891e+00,  1.893586548568322e-03,  8.715252098504114e-15,  3.824410067851717e-04,  6.067370115036091e-03,  1.868574209125594e-03,  1.225405375348130e-03,  1.071429235483582e-02,  4.118653001725235e-03,  2.163927895571146e-03,  1.541578406722533e-02,  6.454114694646172e-03,  3.113471620003149e-03,  1.988589716515912e-02,  8.758046105141970e-03,  4.016284620492341e-03,  2.433519460892615e-02,  1.086518148147769e-02,  4.914893556613337e-03,  2.664915397297646e-02,  1.314857481811182e-02,  5.382235780564393e-03,  1.332267629550188e-15, -2.367550600013146e-14, -1.955553774468655e-14, -2.220446049250313e-16,  2.374836438612249e-14,  2.004993393533994e-14,  1.110223024625157e-16, -1.897787482718627e-15, -4.184153024056059e-15,  0.000000000000000e+00, -9.593020822151743e-15, -1.214306433183765e-15, -3.330669073875470e-16, -1.464106613724425e-15, -1.704539287494811e-14,  1.110223024625157e-16, -7.788908407135864e-15,  8.885253643953206e-15,  6.689093723366568e-15,  8.134118378855248e-15
  3.816666666666666e+00, -1.625953748961042e+00,  1.196738253017230e-01,  9.618727750743058e-01, -1.467117899758784e-02,  2.144047999641025e+00,  2.261376464138654e+00,  1.872849154153191e-03,  3.411767917564374e-14,  3.983888144521801e-04,  6.000924011884385e-03,  2.028928591069074e-03,  1.276504836067116e-03,  1.059695601940131e-02,  4.472101129879956e-03,  2.254163788692418e-03,  1.524695988823278e-02,  7.007983825357647e-03,  3.243303530281500e-03,  1.966811905878627e-02,  9.509630421889547e-03,  4.183763874566783e-03,  2.406869053540281e-02,  1.179759264968339e-02,  5.119844844805639e-03,  2.635730884069571e-02,  1.427693866799500e-02,  5.606675261047679e-03, -1.110223024625157e-16,  1.850603004172058e-14,  3.670674875166925e-15, -3.330669073875470e-16,  1.388125725476641e-14,  1.827704654289164e-14,  1.110223024625157e-16, -6.435824095873954e-15, -6.366435156834882e-15,  0.000000000000000e+00, -5.100087019371813e-16,  1.464106613724425e-15,  0.000000000000000e+00, -1.984523656517467e-14, -1.199387811290364e-14,  6.661338147750938e-16,  4.964778588245621e-15, -5.110495360227673e-15, -6.133982211053990e-15,  7.896461262646426e-15
  3.825000000000000e+00, -1.634840875356597e+00,  1.206182532645587e-01,  9.635796222790295e-01, -1.327551880622940e-02,  2.143317561262107e+00,  2.259992452992503e+00,  1.848521111632986e-03,  2.665403019603614e-15,  4.166036322861982e-04,  5.922972867661356e-03,  2.184748937990564e-03,  1.334868179252081e-03,  1.045930307706338e-02,  4.815555479443674e-03,  2.357226880262845e-03,  1.504890406102261e-02,  7.546192255015440e-03,  3.391591285754120e-03,  1.941263300658792e-02,  1.023996362235607e-02,  4.375050613101896e-03,  2.375604168941789e-02,  1.270363980560764e-02,  5.353930336131344e-03,  2.601493117041010e-02,  1.537339792538559e-02,  5.863019227120263e-03, -4.440892098500626e-16, -7.299716386910404e-15,  1.274327865452562e-14,  5.551115123125782e-16, -7.958911307781589e-15, -1.461678000858057e-14, -1.110223024625156e-16, -1.679212324745549e-15, -1.370431546021677e-15, -2.220446049250313e-16,  1.203204202937513e-14,  3.670674875166923e-15,  2.220446049250313e-16, -1.352043477176323e-14, -1.319083731132764e-14, -5.551115123125783e-16,  2.155567391248780e-14,  2.856048730848215e-14,  1.346145417358002e-15, -1.580680031310067e-14
  3.833333333333333e+00, -1.643669275480236e+00,  1.215058687935363e-01,  9.652669622820924e-01, -1.193302154760260e-02,  2.142763424259393e+00,  2.258188142079488e+00,  1.821398418595863e-03, -3.295107724290783e-15,  4.367884892483935e-04,  5.836067192661122e-03,  2.334503556887184e-03,  1.399543859408213e-03,  1.030583744177141e-02,  5.145639940451829e-03,  2.471436848049108e-03,  1.482809684230619e-02,  8.063449467366646e-03,  3.555917229412509e-03,  1.912779834455837e-02,  1.094186662970217e-02,  4.587026131363428e-03,  2.340747773606264e-02,  1.357441662793248e-02,  5.613333542654007e-03,  2.563322333483863e-02,  1.642717454363945e-02,  6.147088292648948e-03, -1.110223024625157e-16, -8.198303147466390e-15, -5.891120924417237e-15, -1.110223024625157e-16, -8.916478666520788e-16,  3.035766082959412e-15,  1.110223024625157e-16,  5.526828994462107e-15, -5.283967707825354e-15, -8.881784197001252e-16,  3.289035710452026e-15,  1.409289351883558e-14,  3.330669073875470e-16,  7.629313847345998e-15, -3.469446951953614e-18, -7.771561172376096e-16, -5.693362448155881e-15,  3.365363543395006e-15, -1.192101972691262e-14, -3.465977505001660e-15
  3.841666666666667e+00, -1.652413680246514e+00,  1.223358882526154e-01,  9.669161376890442e-01, -1.066222861811454e-02,  2.142353677853551e+00,  2.256022904980521e+00,  1.792201012724357e-03,  2.008810071620933e-14,  4.584956290015223e-04,  5.742513788430546e-03,  2.477236398318040e-03,  1.469097189791884e-03,  1.014063266528754e-02,  5.460247218551064e-03,  2.594260196902393e-03,  1.459039928125174e-02,  8.556453237213374e-03,  3.732636154133606e-03,  1.882117564960335e-02,  1.161085842030967e-02,  4.814988221964022e-03,  2.303225086592124e-02,  1.440436398460392e-02,  5.892300178765460e-03,  2.522231728712224e-02,  1.743154110050310e-02,  6.452581014546820e-03, -9.992007221626411e-16,  6.102757188486409e-15,  8.718720190259434e-15,  0.000000000000000e+00, -3.226585665316861e-15, -5.755812493291046e-15, -1.110223024625157e-16,  8.937295348232510e-15,  7.854827899222983e-15,  1.110223024625157e-16, -1.782948788608962e-14, -8.066464163292153e-15,  3.330669073875470e-16,  7.910339050454240e-15, -4.475586568020162e-16,  0.000000000000000e+00,  4.649058915617843e-15,  8.468920009718772e-15, -1.087324674742262e-14,  8.170547571850761e-15
  3.850000000000000e+00, -1.661038512555447e+00,  1.231076879144369e-01,  9.685098180249794e-01, -9.469512115620337e-03,  2.142058374445784e+00,  2.253566809794318e+00,  1.761645513093342e-03,  5.582340921381846e-15,  4.811452080117942e-04,  5.644608823142801e-03,  2.612511308040430e-03,  1.541670254363180e-03,  9.967743522017212e-03,  5.758415956117978e-03,  2.722416056197994e-03,  1.434164541007220e-02,  9.023697073894794e-03,  3.917027524863339e-03,  1.850029064757281e-02,  1.224489473011660e-02,  5.052847536847824e-03,  2.263957062088933e-02,  1.519094577341801e-02,  6.183378457465648e-03,  2.479229827637632e-02,  1.838342851430830e-02,  6.771337038175699e-03,  9.992007221626409e-16, -3.663735981263017e-14, -3.846575835630972e-14, -5.551115123125782e-16,  1.129304982860901e-14,  7.879114027886656e-15,  3.330669073875470e-16,  1.918604164430349e-15,  5.211109321834329e-15, -6.661338147750939e-16,  1.762479051592436e-15, -9.367506770274758e-17,  2.220446049250313e-16, -4.080069615497450e-15,  1.977584762613560e-16, -8.881784197001252e-16,  3.125277814319816e-14,  1.993891163287742e-14,  8.375244942016025e-15, -1.820765760385257e-14
  3.858333333333333e+00, -1.669496468321582e+00,  1.238206492531972e-01,  9.700320731600267e-01, -8.352055341134012e-03,  2.141848118085900e+00,  2.250899782819300e+00,  1.730511744482153e-03,  9.264291977516956e-15,  5.040776219145515e-04,  5.544850986676968e-03,  2.740231298472977e-03,  1.615149569509846e-03,  9.791582416907623e-03,  6.039932376187832e-03,  2.852172252020782e-03,  1.408818382180622e-02,  9.464845979286261e-03,  4.103721468744662e-03,  1.817333283228366e-02,  1.284352097641584e-02,  5.293677101770328e-03,  2.223945882317255e-02,  1.593359804169031e-02,  6.478091553952943e-03,  2.435414106929003e-02,  1.928215431373842e-02,  7.094073503269554e-03, -5.551115123125782e-16,  9.141992718397772e-15, -2.605554660917164e-15,  0.000000000000000e+00, -1.144917494144693e-14, -2.397387843799947e-15, -4.440892098500626e-16,  1.802030746844707e-14,  1.214306433183765e-14, -1.110223024625157e-16, -8.663209039028175e-15, -7.285838599102590e-15,  7.771561172376096e-16,  5.898059818321144e-16,  1.283695372222837e-16, -6.661338147750939e-16,  1.415881301092270e-14,  1.230612833857947e-14, -1.054364928698703e-14,  2.602085213965210e-15
  3.866666666666666e+00, -1.677727279738167e+00,  1.244740561757677e-01,  9.714683462404222e-01, -7.304330850841425e-03,  2.141696571591845e+00,  2.248107640838861e+00,  1.699598170651512e-03,  2.840610066631827e-16,  5.266235299637656e-04,  5.445798691364401e-03,  2.860364842713684e-03,  1.687390454876860e-03,  9.616667218018472e-03,  6.304726988090833e-03,  2.979741520244586e-03,  1.383651485041270e-02,  9.879791058500580e-03,  4.287268849031406e-03,  1.784868743877181e-02,  1.340658939191591e-02,  5.530447694342903e-03,  2.184217683159984e-02,  1.663213747017135e-02,  6.767837518144077e-03,  2.391908274597436e-02,  2.012749665380260e-02,  7.411370526646163e-03, -2.220446049250312e-16,  2.078892613610605e-14,  6.956241138666993e-15,  0.000000000000000e+00,  1.509209424099822e-15,  9.780370957557237e-15,  1.110223024625157e-16, -1.870031907102998e-15, -4.937023012629993e-15,  1.110223024625157e-16, -2.949029909160572e-16, -2.442490654175344e-15,  1.110223024625156e-16, -8.024830799868708e-15,  3.434752482434077e-16, -5.551115123125782e-16,  4.822531263215523e-15,  4.666406150377610e-15, -3.178013407989510e-15,  7.216449660063516e-15
  3.875000000000000e+00, -1.685657219252486e+00,  1.250670945986570e-01,  9.728054565172930e-01, -6.322972396606756e-03,  2.141582797485916e+00,  2.245277778648614e+00,  1.669659565294791e-03, -1.578815406730686e-14,  5.481660698347713e-04,  5.349870359193753e-03,  2.972731203404395e-03,  1.756416379704796e-03,  9.447268586239349e-03,  6.552401416286611e-03,  3.101633530224978e-03,  1.359278314678693e-02,  1.026790803886660e-02,  4.462647758109394e-03,  1.753428088163230e-02,  1.393325285690320e-02,  5.756681205155123e-03,  2.145742452745230e-02,  1.728551312703062e-02,  7.044688819694685e-03,  2.349774551981061e-02,  2.091818374202570e-02,  7.714546773286151e-03, -7.771561172376096e-16,  1.304165109239364e-14,  6.862566070964249e-15, -3.330669073875470e-16,  8.777700788442644e-16,  4.805184028455756e-15,  4.440892098500625e-16, -6.009082120783658e-15, -1.421085471520200e-14, -4.440892098500625e-16,  9.943434964299057e-15,  6.952771691715041e-15,  4.440892098500626e-16, -8.409939411535561e-15, -4.676814491233472e-15, -2.220446049250313e-16,  6.303985111699717e-15,  9.527101330064625e-15, -7.160938508832260e-15, -7.011752289898253e-15
  3.883333333333333e+00, -1.693199581755679e+00,  1.255989581738202e-01,  9.740316748683431e-01, -5.408513139926476e-03,  2.141491327300312e+00,  2.242495890094312e+00,  1.641381409649660e-03, -1.917867148042189e-14,  5.681837216917276e-04,  5.259262387456898e-03,  3.076912226462920e-03,  1.820556306519781e-03,  9.287265111840772e-03,  6.782033978479569e-03,  3.214897417928313e-03,  1.336256924841113e-02,  1.062775260300306e-02,  4.625612476464546e-03,  1.723731188614706e-02,  1.442155147450228e-02,  5.966900783757360e-03,  2.109401128851500e-02,  1.789129357550913e-02,  7.301943210251157e-03,  2.309977642542274e-02,  2.165127315832206e-02,  7.996262698490362e-03,  6.661338147750939e-16, -9.069134332406747e-15, -1.394717674685353e-14, -6.661338147750939e-16,  2.657596365196468e-15, -2.407796184655808e-15,  1.110223024625157e-16,  1.658048698338632e-14,  1.613986722048821e-14, -3.330669073875470e-16, -5.797445856714489e-15,  2.477185123694881e-15, -2.220446049250313e-16,  7.781969513231955e-15, -4.891920202254595e-15,  6.661338147750939e-16, -4.905797990062410e-15,  2.463307335887066e-15,  3.823330541052883e-15,  8.326672684688673e-17
  3.891666666666667e+00, -1.700256316039976e+00,  1.260690274076014e-01,  9.751368141981691e-01, -4.565184249212322e-03,  2.141410812242852e+00,  2.239843176901255e+00,  1.615376554504888e-03, -4.815159280939937e-15,  5.862752293945134e-04,  5.175938453268867e-03,  3.172270231978739e-03,  1.878524543123628e-03,  9.140124427473134e-03,  6.992219120615985e-03,  3.317262795787985e-03,  1.315086240463720e-02,  1.095712218424408e-02,  4.772896357556262e-03,  1.696421643371218e-02,  1.486849642587573e-02,  6.156892554583559e-03,  2.075981309133982e-02,  1.844577090416329e-02,  7.534443996025928e-03,  2.273380034193061e-02,  2.232227774792614e-02,  8.250871274205563e-03,  1.110223024625156e-16, -1.508862479404626e-14, -4.291705879566620e-15,  2.220446049250313e-16, -7.941564073021823e-15, -6.793177131925177e-15,  2.220446049250313e-16,  3.712308238590367e-16, -9.291178937331779e-15, -1.110223024625156e-16, -2.931682674400803e-15,  2.376571162088225e-15,  0.000000000000000e+00,  2.456368441983158e-15,  4.607425552194399e-15,  2.220446049250313e-16, -3.261280134836397e-16, -2.321060010856968e-15, -2.022687572988957e-15,  2.237793284010081e-15
  3.900000000000000e+00, -1.706695826595094e+00,  1.264748366382403e-01,  9.761077461293201e-01, -3.804251155478080e-03,  2.141332901941663e+00,  2.237403118593914e+00,  1.592287955692408e-03,  1.224411345273586e-14,  6.020905733209299e-04,  5.101958695367293e-03,  3.257624275200935e-03,  1.929199567778235e-03,  9.009484506145412e-03,  7.180353840936739e-03,  3.406749182603072e-03,  1.296289695147862e-02,  1.125193776167149e-02,  4.901649873892405e-03,  1.672174666014698e-02,  1.526855259804288e-02,  6.322980712967037e-03,  2.046309280371728e-02,  1.894207828386132e-02,  7.737692942915574e-03,  2.240886582799543e-02,  2.292288756984436e-02,  8.473446542964589e-03, -3.330669073875470e-16, -4.846817391879199e-15,  2.411265631607762e-15,  1.110223024625157e-16, -8.833211939673902e-15, -1.132774429812855e-14, -2.220446049250313e-16,  2.824129818890242e-15,  9.155870506205588e-15, -1.110223024625157e-16,  5.689893001203927e-16,  2.269018306577664e-15,  0.000000000000000e+00,  1.506086921843064e-14,  8.902600878712972e-15,  9.992007221626409e-16, -3.091971123581061e-14, -3.384445501630751e-14,  1.249347847398497e-14,  2.185751579730777e-15
  3.908333333333333e+00, -1.712443413729922e+00,  1.268198668050705e-01,  9.769447073652177e-01, -3.128339440076576e-03,  2.141255569932587e+00,  2.235224478423027e+00,  1.572306816251010e-03,  9.825474935153325e-15,  6.155807579827368e-04,  5.037935760478685e-03,  3.332677692476909e-03,  1.972424390725598e-03,  8.896427212982352e-03,  7.345784242805354e-03,  3.483079352199465e-03,  1.280022948255819e-02,  1.151117464992372e-02,  5.011474151057233e-03,  1.651191052434381e-02,  1.562032952272735e-02,  6.464650722795728e-03,  2.020630764796739e-02,  1.937849070759981e-02,  7.911060391794712e-03,  2.212766375570777e-02,  2.345101509490139e-02,  8.663298973306021e-03,  1.110223024625157e-16, -9.943434964299058e-15, -8.975459264704000e-15,  0.000000000000000e+00, -5.228456556594097e-15, -1.134509153288832e-14,  0.000000000000000e+00, -4.798245134551848e-15,  1.283695372222837e-16, -1.110223024625157e-16, -1.307981500886513e-15, -2.286365541337432e-15,  2.220446049250313e-16, -2.203098814490545e-15, -2.234323837058127e-15, -5.551115123125783e-16,  2.294692214022120e-14,  1.781907954523376e-14, -2.059810655374861e-14,  1.789887682512870e-14
  3.916666666666667e+00, -1.717595236907515e+00,  1.271177810587668e-01,  9.776739089508345e-01, -2.519353690331617e-03,  2.141181168539410e+00,  2.233275748668845e+00,  1.554837944216804e-03,  2.622034841031109e-15,  6.271793878761117e-04,  4.981962553335358e-03,  3.399318967956517e-03,  2.009588353729694e-03,  8.797584832511134e-03,  7.492672864079605e-03,  3.548706725716495e-03,  1.265801450992519e-02,  1.174135573304540e-02,  5.105899184944071e-03,  1.632845749277520e-02,  1.593267856429281e-02,  6.586456172752535e-03,  1.998180858776812e-02,  1.976598912688391e-02,  8.060118757317334e-03,  2.188181776523270e-02,  2.391994899777915e-02,  8.826530843724442e-03, -5.551115123125783e-16,  2.632269402447207e-14,  3.144706717250756e-14,  5.551115123125783e-16, -2.550390454381102e-14, -2.921621278240139e-14, -1.110223024625156e-16,  4.735795089416683e-15,  4.451300439356486e-15, -1.110223024625157e-16, -1.058528265041048e-14,  2.393918396847994e-16, -2.220446049250314e-16,  8.142791996235134e-15,  2.081668171172169e-15, -1.110223024625157e-16,  4.989064716909297e-15, -2.362693374280411e-15, -8.517492267046123e-15,  2.161465451067102e-15
