Main.Studies.MarkerTracking.t,Main.Studies.MarkerTracking.JointAngleOutputs.OutputFile_TrunkFull.PelvisPosX,Main.Studies.MarkerTracking.JointAngleOutputs.OutputFile_TrunkFull.PelvisPosY,Main.Studies.MarkerTracking.JointAngleOutputs.OutputFile_TrunkFull.PelvisPosZ,Main.Studies.MarkerTracking.JointAngleOutputs.OutputFile_TrunkFull.PelvisRotVec[0],Main.Studies.MarkerTracking.JointAngleOutputs.OutputFile_TrunkFull.PelvisRotVec[1],Main.Studies.MarkerTracking.JointAngleOutputs.OutputFile_TrunkFull.PelvisRotVec[2],Main.Studies.MarkerTracking.JointAngleOutputs.OutputFile_TrunkFull.SacrumPelvis[0],Main.Studies.MarkerTracking.JointAngleOutputs.OutputFile_TrunkFull.SacrumPelvis[1],Main.Studies.MarkerTracking.JointAngleOutputs.OutputFile_TrunkFull.SacrumPelvis[2],Main.Studies.MarkerTracking.JointAngleOutputs.OutputFile_TrunkFull.L5Sacrum[0],Main.Studies.MarkerTracking.JointAngleOutputs.OutputFile_TrunkFull.L5Sacrum[1],Main.Studies.MarkerTracking.JointAngleOutputs.OutputFile_TrunkFull.L5Sacrum[2],Main.Studies.MarkerTracking.JointAngleOutputs.OutputFile_TrunkFull.L4L5[0],Main.Studies.MarkerTracking.JointAngleOutputs.OutputFile_TrunkFull.L4L5[1],Main.Studies.MarkerTracking.JointAngleOutputs.OutputFile_TrunkFull.L4L5[2],Main.Studies.MarkerTracking.JointAngleOutputs.OutputFile_TrunkFull.L3L4[0],Main.Studies.MarkerTracking.JointAngleOutputs.OutputFile_TrunkFull.L3L4[1],Main.Studies.MarkerTracking.JointAngleOutputs.OutputFile_TrunkFull.L3L4[2],Main.Studies.MarkerTracking.JointAngleOutputs.OutputFile_TrunkFull.L2L3[0],Main.Studies.MarkerTracking.JointAngleOutputs.OutputFile_TrunkFull.L2L3[1],Main.Studies.MarkerTracking.JointAngleOutputs.OutputFile_TrunkFull.L2L3[2],Main.Studies.MarkerTracking.JointAngleOutputs.OutputFile_TrunkFull.L1L2[0],Main.Studies.MarkerTracking.JointAngleOutputs.OutputFile_TrunkFull.L1L2[1],Main.Studies.MarkerTracking.JointAngleOutputs.OutputFile_TrunkFull.L1L2[2],Main.Studies.MarkerTracking.JointAngleOutputs.OutputFile_TrunkFull.T12L1[0],Main.Studies.MarkerTracking.JointAngleOutputs.OutputFile_TrunkFull.T12L1[1],Main.Studies.MarkerTracking.JointAngleOutputs.OutputFile_TrunkFull.T12L1[2],Main.Studies.MarkerTracking.JointAngleOutputs.OutputFile_TrunkFull.T1C7[0],Main.Studies.MarkerTracking.JointAngleOutputs.OutputFile_TrunkFull.T1C7[1],Main.Studies.MarkerTracking.JointAngleOutputs.OutputFile_TrunkFull.T1C7[2],Main.Studies.MarkerTracking.JointAngleOutputs.OutputFile_TrunkFull.C7C6[0],Main.Studies.MarkerTracking.JointAngleOutputs.OutputFile_TrunkFull.C7C6[1],Main.Studies.MarkerTracking.JointAngleOutputs.OutputFile_TrunkFull.C7C6[2],Main.Studies.MarkerTracking.JointAngleOutputs.OutputFile_TrunkFull.C6C5[0],Main.Studies.MarkerTracking.JointAngleOutputs.OutputFile_TrunkFull.C6C5[1],Main.Studies.MarkerTracking.JointAngleOutputs.OutputFile_TrunkFull.C6C5[2],Main.Studies.MarkerTracking.JointAngleOutputs.OutputFile_TrunkFull.C5C4[0],Main.Studies.MarkerTracking.JointAngleOutputs.OutputFile_TrunkFull.C5C4[1],Main.Studies.MarkerTracking.JointAngleOutputs.OutputFile_TrunkFull.C5C4[2],Main.Studies.MarkerTracking.JointAngleOutputs.OutputFile_TrunkFull.C4C3[0],Main.Studies.MarkerTracking.JointAngleOutputs.OutputFile_TrunkFull.C4C3[1],Main.Studies.MarkerTracking.JointAngleOutputs.OutputFile_TrunkFull.C4C3[2],Main.Studies.MarkerTracking.JointAngleOutputs.OutputFile_TrunkFull.C3C2[0],Main.Studies.MarkerTracking.JointAngleOutputs.OutputFile_TrunkFull.C3C2[1],Main.Studies.MarkerTracking.JointAngleOutputs.OutputFile_TrunkFull.C3C2[2],Main.Studies.MarkerTracking.JointAngleOutputs.OutputFile_TrunkFull.C2C1,Main.Studies.MarkerTracking.JointAngleOutputs.OutputFile_TrunkFull.C1C0
  2.066666666666667e+00,  8.651344027798699e-01,  1.546160905901507e-01,  9.468004107707463e-01, -2.586576374680899e-01, -2.128083431130161e+00, -2.084709172311106e+00,  1.201782739808622e-03, -4.204989268112916e-15, -1.049800311641349e-02,  3.850714236323148e-03, -2.211787343161897e-03, -3.363736947974470e-02,  6.799927698600174e-03, -4.875152688955446e-03, -5.939980647635952e-02,  9.783774196439899e-03, -7.639583765657577e-03, -8.546477545587346e-02,  1.262077405269333e-02, -1.036669318863793e-02, -1.102469863710800e-01,  1.544456305575610e-02, -1.286085977457294e-02, -1.349137957470946e-01,  1.691313940703830e-02, -1.556365876256591e-02, -1.477423367152431e-01, -6.661338147750939e-16,  8.604228440844963e-16,  2.775557561562891e-17,  2.220446049250313e-16, -1.110223024625157e-16,  1.110223024625157e-15, -4.440892098500626e-16, -2.498001805406602e-16, -2.775557561562891e-16, -6.661338147750940e-16,  3.358424649491099e-15,  2.525757381022232e-15,  1.110223024625157e-16, -3.885780586188048e-16, -9.159339953157541e-16,  3.330669073875470e-16, -3.164135620181696e-15, -1.665334536937735e-15,  8.604228440844963e-16,  1.110223024625157e-15
  2.075000000000000e+00,  8.535325354803183e-01,  1.549669248138795e-01,  9.454239737778507e-01, -2.603077799280007e-01, -2.127895672360339e+00, -2.084464929505116e+00,  1.285712362500004e-03, -3.899676445906182e-15, -1.046747731497143e-02,  4.119638878227407e-03, -2.357273191686150e-03, -3.353955967243921e-02,  7.274818331633169e-03, -5.195828059431236e-03, -5.922708537139366e-02,  1.046704950869993e-02, -8.142096509478487e-03, -8.521626335912830e-02,  1.350217862711151e-02, -1.104858838062686e-02, -1.099264132507948e-01,  1.652317427804523e-02, -1.370681501656677e-02, -1.345214971646491e-01,  1.809431247763546e-02, -1.658739737302127e-02, -1.473127356582177e-01, -2.220446049250313e-16,  3.608224830031759e-16,  5.828670879282072e-16,  4.440892098500625e-16, -2.386979502944086e-15, -2.525757381022231e-15, -3.330669073875470e-16,  1.332267629550188e-15,  1.693090112553364e-15,  3.330669073875470e-16,  1.387778780781446e-16, -7.216449660063518e-16, -4.440892098500627e-16,  3.330669073875470e-16,  7.771561172376097e-16,  3.330669073875470e-16, -8.881784197001252e-16, -1.443289932012704e-15, -7.216449660063518e-16,  1.582067810090848e-15
  2.083333333333333e+00,  8.418300758955303e-01,  1.553736825911274e-01,  9.442824502638860e-01, -2.618118235405039e-01, -2.127775371481707e+00, -2.084449099176839e+00,  1.371806943078287e-03, -1.484930148369097e-15, -1.043446121795454e-02,  4.395500409701810e-03, -2.504141887160467e-03, -3.343377053885598e-02,  7.761958730458629e-03, -5.519551458009831e-03, -5.904027367477083e-02,  1.116794985284057e-02, -8.649385650578861e-03, -8.494747763992676e-02,  1.440631896183718e-02, -1.173696500495229e-02, -1.095796877681367e-01,  1.762960819030918e-02, -1.456081108610718e-02, -1.340971948549827e-01,  1.930595381285732e-02, -1.762086664677563e-02, -1.468480877372620e-01, -4.440892098500626e-16,  3.969047313034935e-15,  2.192690473634684e-15,  9.992007221626409e-16, -3.275157922644212e-15, -2.581268532253489e-15, -2.220446049250313e-16,  2.775557561562891e-17, -4.718447854656915e-16,  1.110223024625157e-16, -4.163336342344338e-16,  2.220446049250314e-16,  2.220446049250313e-16, -3.608224830031759e-16,  8.049116928532385e-16, -4.440892098500626e-16,  3.663735981263017e-15,  2.914335439641036e-15, -2.498001805406602e-15, -1.110223024625157e-15
  2.091666666666667e+00,  8.300442542117128e-01,  1.558408481389161e-01,  9.433908014899446e-01, -2.632591964711253e-01, -2.127746384687871e+00, -2.084718252062789e+00,  1.459545350402771e-03,  1.082472423208765e-15, -1.039976760512703e-02,  4.676629038829954e-03, -2.648698985616621e-03, -3.332260636218846e-02,  8.258400230598041e-03, -5.838179706506172e-03, -5.884397025735728e-02,  1.188223267383326e-02, -9.148690462112564e-03, -8.466503517950803e-02,  1.532772228865772e-02, -1.241450712601953e-02, -1.092153455005751e-01,  1.875716753979587e-02, -1.540136593345887e-02, -1.336513341572685e-01,  2.054072933863470e-02, -1.863806993212766e-02, -1.463598315069208e-01, -4.440892098500626e-16,  3.053113317719180e-15,  2.137179322403426e-15,  2.220446049250314e-16, -2.747801985947263e-15, -2.747801985947263e-15, -1.110223024625157e-16,  2.192690473634684e-15,  2.525757381022231e-15,  1.110223024625157e-16, -1.054711873393899e-15, -8.049116928532385e-16,  3.330669073875470e-16, -1.110223024625157e-15, -1.582067810090848e-15,  2.220446049250313e-16,  1.110223024625157e-15,  7.494005416219807e-16,  1.110223024625157e-15,  2.498001805406602e-16
  2.100000000000000e+00,  8.181945039306228e-01,  1.563726385051088e-01,  9.427623085394397e-01, -2.647512596591375e-01, -2.127818872491182e+00, -2.085336681111970e+00,  1.548520376815008e-03,  3.455584976050649e-15, -1.036437735753253e-02,  4.961720003718695e-03, -2.787305037241352e-03, -3.320921005042198e-02,  8.761838769474587e-03, -6.143690843188542e-03, -5.864372514075609e-02,  1.260658287349437e-02, -9.627440168801517e-03, -8.437692138010135e-02,  1.626211223076085e-02, -1.306415656710185e-02, -1.088436873765581e-01,  1.990061914737689e-02, -1.620731728288271e-02, -1.331965207434802e-01,  2.179290826881117e-02, -1.961339755419273e-02, -1.458617712740873e-01, -4.440892098500626e-16,  1.304512053934559e-15,  9.714451465470120e-16, -4.440892098500626e-16,  1.137978600240785e-15,  5.273559366969494e-16,  3.330669073875470e-16, -1.720845688168993e-15, -1.748601263784622e-15, -1.110223024625157e-16,  7.771561172376096e-16,  1.554312234475219e-15, -1.110223024625157e-16, -1.415534356397075e-15, -1.221245327087672e-15,  2.220446049250313e-16,  2.692290834716005e-15,  1.609823385706477e-15, -8.326672684688674e-17, -2.053912595556540e-15
  2.108333333333333e+00,  8.063017712820789e-01,  1.569727836794942e-01,  9.424077089501472e-01, -2.663913801917926e-01, -2.127988807423516e+00, -2.086368740196741e+00,  1.638388190498779e-03, -2.872715168658424e-15, -1.032938429868105e-02,  5.249671609347520e-03, -2.916644826036788e-03, -3.309708639824260e-02,  9.270328877750990e-03, -6.428777572295001e-03, -5.844572739765358e-02,  1.333820129960053e-02, -1.007418390926895e-02, -8.409204111436519e-02,  1.720587796607568e-02, -1.367037484199683e-02, -1.084762004135737e-01,  2.105554430078681e-02, -1.695938817801878e-02, -1.327468117518934e-01,  2.305765172926472e-02, -2.052352137037191e-02, -1.453693008273962e-01,  0.000000000000000e+00, -9.714451465470120e-17, -6.106226635438361e-16, -4.440892098500625e-16,  1.096345236817342e-15,  1.249000902703301e-15, -1.110223024625157e-16,  1.249000902703301e-16, -5.551115123125783e-17,  5.551115123125784e-16, -7.494005416219808e-16, -1.637578961322106e-15,  0.000000000000000e+00, -1.804112415015880e-16,  1.137978600240786e-15,  0.000000000000000e+00,  9.298117831235686e-16,  5.551115123125783e-17, -2.775557561562891e-16, -2.498001805406602e-16
  2.116666666666667e+00,  7.943874819370961e-01,  1.576443251123833e-01,  9.423343963904488e-01, -2.682762717105341e-01, -2.128238993168293e+00, -2.087870381024417e+00,  1.728807383319298e-03,  3.955187487501965e-15, -1.029592659924920e-02,  5.539389926557200e-03, -3.033912052862965e-03, -3.298988229619682e-02,  9.781938799724813e-03, -6.687254336756667e-03, -5.825641702606085e-02,  1.407430853119570e-02, -1.047922863700005e-02, -8.381966028756130e-02,  1.815543412528114e-02, -1.422000876825424e-02, -1.081248373503682e-01,  2.221755543533213e-02, -1.764126085664261e-02, -1.323168342432047e-01,  2.433015495516790e-02, -2.134869432734929e-02, -1.448984380700364e-01,  1.110223024625157e-16, -3.191891195797325e-16,  3.608224830031759e-16,  6.661338147750939e-16, -5.551115123125783e-16, -2.775557561562891e-16,  1.110223024625157e-16, -1.651456749129920e-15, -1.970645868709653e-15, -2.220446049250313e-16,  2.164934898019055e-15,  1.554312234475219e-15,  1.110223024625157e-16, -1.804112415015879e-15, -1.082467449009528e-15,  4.440892098500625e-16,  5.412337245047637e-16,  1.387778780781445e-16,  3.469446951953613e-16,  2.498001805406602e-16
  2.125000000000000e+00,  7.824722474057286e-01,  1.583893922979281e-01,  9.425457724952814e-01, -2.704890274604795e-01, -2.128542171489480e+00, -2.089880598863027e+00,  1.819366868398451e-03,  3.858042481427402e-15, -1.026509841047826e-02,  5.829557763784986e-03, -3.136898459978841e-03, -3.289110358898398e-02,  1.029434252342882e-02, -6.914253763771845e-03, -5.808198495294817e-02,  1.481155788917813e-02, -1.083494695971427e-02, -8.356868644025912e-02,  1.910646359313090e-02, -1.470270819615662e-02, -1.078010886459918e-01,  2.338136951858656e-02, -1.824009498268393e-02, -1.319206495672032e-01,  2.560463256666685e-02, -2.207337760331208e-02, -1.444645814026870e-01,  3.330669073875470e-16, -1.776356839400251e-15, -1.609823385706477e-15, -1.110223024625157e-16, -4.718447854656915e-16,  1.942890293094024e-16,  2.220446049250313e-16,  1.332267629550188e-15,  6.938893903907228e-16,  4.440892098500626e-16, -8.465450562766819e-16, -4.440892098500626e-16, -9.992007221626409e-16,  2.386979502944087e-15,  1.859623566247137e-15,  4.440892098500627e-16,  9.575673587391977e-16,  6.106226635438362e-16, -3.663735981263017e-15,  8.326672684688674e-17
  2.133333333333334e+00,  7.705748569973881e-01,  1.592090026733180e-01,  9.430406959225072e-01, -2.730923320822383e-01, -2.128864525370178e+00, -2.092414679944913e+00,  1.909531294017878e-03,  4.718469178216785e-16, -1.023786571805974e-02,  6.118459763991696e-03, -3.224027001611375e-03, -3.280384545742333e-02,  1.080451092150042e-02, -7.106299778231533e-03, -5.792789691909333e-02,  1.554559104808077e-02, -1.113589171115272e-02, -8.334698371096194e-02,  2.005334426102815e-02, -1.511108147940802e-02, -1.075150988023014e-01,  2.454010654379159e-02, -1.874672052236057e-02, -1.315706719702741e-01,  2.687355035816762e-02, -2.268647401818904e-02, -1.440813255044892e-01,  0.000000000000000e+00,  1.804112415015880e-16, -2.220446049250314e-16,  2.220446049250313e-16, -1.804112415015879e-16, -5.273559366969494e-16, -1.110223024625157e-16, -4.996003610813204e-16,  4.718447854656915e-16, -1.110223024625157e-16,  2.178812685826870e-15,  1.665334536937735e-15,  2.220446049250313e-16, -1.124100812432971e-15, -1.026956297778270e-15,  5.551115123125783e-16, -1.831867990631508e-15, -1.665334536937735e-15,  4.024558464266191e-16, -6.938893903907226e-16
  2.141666666666667e+00,  7.587119130110866e-01,  1.601029892111361e-01,  9.438131336196603e-01, -2.761192845839163e-01, -2.129167965012782e+00, -2.095463020484448e+00,  1.998664861975085e-03,  8.687534384667297e-15, -1.021496343917063e-02,  6.404058722682119e-03, -3.294375531482634e-03, -3.273046269995733e-02,  1.130884652022961e-02, -7.261359813986526e-03, -5.779831123327307e-02,  1.627123194250154e-02, -1.137887776873307e-02, -8.316053509780758e-02,  2.098939916050354e-02, -1.544080649914950e-02, -1.072745857066479e-01,  2.568559562855611e-02, -1.915577548000090e-02, -1.312763461503192e-01,  2.812796050300657e-02, -2.318149471566905e-02, -1.437590131408445e-01,  1.110223024625156e-16, -2.428612866367530e-15, -1.304512053934559e-15, -4.440892098500625e-16,  1.207367539279858e-15, -5.551115123125781e-17,  4.440892098500626e-16, -6.522560269672795e-16, -3.885780586188048e-16, -4.440892098500626e-16,  1.720845688168993e-15,  1.582067810090848e-15,  0.000000000000000e+00, -1.054711873393899e-15, -1.165734175856414e-15,  0.000000000000000e+00, -5.551115123125781e-17, -4.163336342344336e-16,  6.383782391594650e-16, -1.498801083243961e-15
  2.150000000000000e+00,  7.468980570154354e-01,  1.610699632435096e-01,  9.448516098088119e-01, -2.795629756131628e-01, -2.129415713890999e+00, -2.098993425284403e+00,  2.086029403786621e-03, -1.443296446396594e-15, -1.019675022625644e-02,  6.683989423769470e-03, -3.347677200558754e-03, -3.267210449928162e-02,  1.180317261434521e-02, -7.378845690806358e-03, -5.769525722281689e-02,  1.698247110541683e-02, -1.156298342746868e-02, -8.301226040827223e-02,  2.190687626007015e-02, -1.569063252854560e-02, -1.070833158227812e-01,  2.680835029140835e-02, -1.946570821106583e-02, -1.310422812847468e-01,  2.935747447916725e-02, -2.355656196235365e-02, -1.435026917617687e-01, -2.220446049250313e-16,  2.428612866367530e-15,  1.693090112553363e-15,  1.110223024625157e-16, -1.720845688168993e-15, -1.360023205165817e-15,  2.220446049250314e-16,  0.000000000000000e+00, -5.273559366969495e-16, -7.771561172376096e-16,  5.134781488891349e-16,  6.383782391594650e-16,  4.440892098500626e-16, -8.604228440844963e-16, -1.249000902703301e-15,  1.110223024625157e-16, -4.163336342344337e-17,  9.436895709313831e-16, -5.551115123125783e-17, -1.026956297778270e-15
  2.158333333333334e+00,  7.351464244368932e-01,  1.621073013659216e-01,  9.461392091270693e-01, -2.833718374772268e-01, -2.129575015095688e+00, -2.102956023070695e+00,  2.170849956616019e-03,  2.470257388049349e-15, -1.018315200852875e-02,  6.955768755831610e-03, -3.384259639766811e-03, -3.262853352023891e-02,  1.228310430872255e-02, -7.459479562488459e-03, -5.761831578050172e-02,  1.767299952507243e-02, -1.168934033490115e-02, -8.290155662855800e-02,  2.279763712458516e-02, -1.586209518041287e-02, -1.069405112810490e-01,  2.789841119275693e-02, -1.967842378797896e-02, -1.308675254623130e-01,  3.055118594385034e-02, -2.381398119485262e-02, -1.433113189416725e-01,  2.220446049250313e-16, -8.326672684688674e-17, -6.938893903907228e-16, -2.220446049250313e-16, -5.551115123125783e-16, -1.942890293094024e-16,  2.220446049250313e-16,  9.020562075079397e-16,  6.383782391594650e-16, -3.330669073875469e-16,  6.938893903907227e-17, -5.551115123125781e-17,  5.551115123125782e-16, -2.928213227448850e-15, -2.664535259100375e-15, -2.220446049250313e-16,  2.817190924986335e-15,  2.081668171172169e-15,  4.302114220422481e-16, -2.220446049250312e-16
  2.166666666666667e+00,  7.234692321232553e-01,  1.632110170448168e-01,  9.476535674203351e-01, -2.874476971148128e-01, -2.129622705215029e+00, -2.107288131195685e+00,  2.252330646439221e-03,  3.524974050062167e-15, -1.017361474720506e-02,  7.216846604505733e-03, -3.404951439046068e-03, -3.259797452922000e-02,  1.274413838856640e-02, -7.505087781215562e-03, -5.756435204372492e-02,  1.833633795071319e-02, -1.176081046713365e-02, -8.282391330074611e-02,  2.365332371570882e-02, -1.595907807316693e-02, -1.068403537265784e-01,  2.894555025549454e-02, -1.979874020531438e-02, -1.307449585215492e-01,  3.169789426332388e-02, -2.395958294278498e-02, -1.431770974846991e-01,  2.220446049250313e-16, -1.193489751472043e-15, -1.276756478318930e-15,  3.330669073875470e-16, -2.470246229790973e-15, -1.831867990631508e-15, -3.330669073875470e-16,  1.970645868709653e-15,  8.604228440844963e-16,  5.551115123125783e-16, -1.360023205165817e-15, -6.106226635438361e-16, -8.881784197001252e-16,  2.206568261442499e-15,  1.221245327087672e-15,  4.440892098500626e-16, -1.096345236817342e-15, -7.771561172376096e-16,  2.192690473634684e-15, -2.553512956637860e-15
  2.175000000000000e+00,  7.118784419095084e-01,  1.643756200306775e-01,  9.493674680023892e-01, -2.916508125429039e-01, -2.129547847240763e+00, -2.111918245663340e+00,  2.329687040379456e-03, -9.131625773837326e-15, -1.016718415736012e-02,  7.464709514796297e-03, -3.410969702006694e-03, -3.257736983662895e-02,  1.318183637540723e-02, -7.518353048771330e-03, -5.752796647698534e-02,  1.896610027455971e-02, -1.178159773867651e-02, -8.277156154280649e-02,  2.446569814673940e-02, -1.598728579662250e-02, -1.067728215355134e-01,  2.993968643704410e-02, -1.983373454434844e-02, -1.306623165870200e-01,  3.278655981944412e-02, -2.400193158515416e-02, -1.430865973808964e-01, -4.440892098500626e-16,  4.066191827689636e-15,  3.580469254416130e-15,  5.551115123125783e-16, -3.691491556878645e-15, -3.913536161803677e-15,  3.330669073875470e-16,  2.081668171172169e-16,  7.494005416219807e-16, -1.110223024625156e-16,  2.359223927328457e-16, -1.110223024625156e-16, -1.110223024625157e-16,  1.693090112553364e-15,  1.082467449009528e-15,  1.110223024625157e-16, -3.427813588530171e-15, -2.692290834716005e-15,  3.524958103184872e-15,  3.330669073875470e-16
  2.183333333333334e+00,  7.003863200885981e-01,  1.655939818093388e-01,  9.512498207217792e-01, -2.958084389631718e-01, -2.129352881340668e+00, -2.116769289388637e+00,  2.402166629316768e-03,  9.436938588233148e-16, -1.016264290403510e-02,  7.696946320762312e-03, -3.403827856588880e-03, -3.256281889641557e-02,  1.359194042172367e-02, -7.502611215794953e-03, -5.750227115519584e-02,  1.955616028167368e-02, -1.175692957763850e-02, -8.273459096937444e-02,  2.522685778491093e-02, -1.595381181887158e-02, -1.067251306092463e-01,  3.087114895892670e-02, -1.979220692061328e-02, -1.306039552285918e-01,  3.380659226893312e-02, -2.395167664293636e-02, -1.430226866190770e-01, -3.330669073875470e-16,  2.650657471292561e-15,  1.110223024625157e-15,  2.220446049250313e-16, -3.066991105526994e-15, -2.081668171172168e-15, -1.110223024625157e-16,  9.020562075079399e-16,  8.326672684688675e-16, -4.440892098500627e-16,  1.443289932012704e-15,  7.771561172376097e-16,  3.330669073875470e-16, -2.040034807748726e-15, -1.998401444325282e-15,  1.110223024625157e-16,  1.748601263784622e-15,  2.026157019940911e-15, -1.068589661201713e-15, -4.996003610813204e-16
  2.191666666666667e+00,  6.890056854634294e-01,  1.668572631752715e-01,  9.532669251219813e-01, -2.997250484641082e-01, -2.129052651318832e+00, -2.121761909175865e+00,  2.469076159119944e-03,  6.161765846993537e-15, -1.015866225498391e-02,  7.911335719461812e-03, -3.385284232359502e-03, -3.255006422667223e-02,  1.397052795666760e-02, -7.461737937542520e-03, -5.747974784477870e-02,  2.010087415506340e-02, -1.169287931029554e-02, -8.270218430373825e-02,  2.592952227628167e-02, -1.586689746717549e-02, -1.066833269865685e-01,  3.173102855099485e-02, -1.968438147724125e-02, -1.305527984070252e-01,  3.474823518634131e-02, -2.382119093387866e-02, -1.429666654515103e-01,  6.661338147750938e-16,  1.249000902703301e-16,  2.775557561562891e-17, -4.440892098500625e-16, -4.579669976578770e-16, -8.049116928532383e-16, -3.330669073875469e-16,  2.400857290751901e-15,  1.609823385706477e-15,  4.440892098500625e-16, -2.359223927328457e-15, -1.693090112553363e-15, -3.330669073875470e-16,  2.498001805406602e-16, -5.273559366969494e-16, -3.330669073875470e-16,  8.049116928532385e-16,  6.938893903907228e-16, -1.276756478318930e-15, -8.326672684688674e-17
  2.200000000000000e+00,  6.777497836159363e-01,  1.681549309657690e-01,  9.553838300072481e-01, -3.031933142506615e-01, -2.128671657737697e+00, -2.126817885954052e+00,  2.529817624035716e-03,  3.497218483959478e-15, -1.015393734062682e-02,  8.105961599777653e-03, -3.357319938542494e-03, -3.253492480556024e-02,  1.431421534378473e-02, -7.400099913178371e-03, -5.745301333201510e-02,  2.059537349958439e-02, -1.159628975085514e-02, -8.266371853647558e-02,  2.656741153773410e-02, -1.573582824161165e-02, -1.066337073052908e-01,  3.251164001586703e-02, -1.952177775199873e-02, -1.304920767513463e-01,  3.560307261233030e-02, -2.362441490666401e-02, -1.429001699589783e-01, -2.220446049250313e-16,  1.845745778439323e-15,  2.053912595556540e-15,  4.440892098500626e-16, -2.220446049250313e-15, -2.331468351712829e-15,  0.000000000000000e+00,  1.387778780781446e-17, -2.775557561562891e-17,  1.110223024625157e-16,  1.817990202823694e-15,  1.110223024625157e-15, -5.551115123125782e-16, -1.193489751472043e-15, -3.053113317719180e-16,  0.000000000000000e+00,  2.081668171172169e-16, -8.326672684688674e-16,  1.124100812432971e-15, -1.665334536937734e-15
  2.208333333333333e+00,  6.666318226729959e-01,  1.694748746226306e-01,  9.575656833636477e-01, -3.060058806820496e-01, -2.128240121023003e+00, -2.131862728902722e+00,  2.583923672128390e-03, -2.525768920025439e-15, -1.014730278497735e-02,  8.279326487429246e-03, -3.322113752085087e-03, -3.251366657221205e-02,  1.462035821213678e-02, -7.322499534840541e-03, -5.741547368587730e-02,  2.103585357945411e-02, -1.147468646411302e-02, -8.260970628262014e-02,  2.713561757470685e-02, -1.557081611485897e-02, -1.065640331244786e-01,  3.320697723765804e-02, -1.931706465937017e-02, -1.304068135754121e-01,  3.636452732779327e-02, -2.337667993607001e-02, -1.428067993679269e-01, -1.110223024625157e-16,  5.828670879282072e-16,  2.498001805406602e-16, -3.330669073875469e-16, -6.245004513516505e-16, -9.159339953157539e-16,  1.110223024625156e-16,  1.734723475976807e-15,  1.110223024625156e-15, -2.220446049250313e-16, -1.096345236817342e-15, -5.828670879282072e-16,  3.330669073875469e-16, -1.387778780781445e-17,  2.775557561562891e-17, -2.220446049250313e-16,  1.526556658859590e-15,  4.718447854656914e-16, -6.800116025829082e-16, -6.661338147750939e-16
  2.216666666666667e+00,  6.556642370117671e-01,  1.708036849206158e-01,  9.597790289818785e-01, -3.079673609584765e-01, -2.127789410307787e+00, -2.136826757562764e+00,  2.631081653818683e-03, -4.996026446401665e-15, -1.013782829510042e-02,  8.430428600511963e-03, -3.281989528897074e-03, -3.248330871145551e-02,  1.488718752769186e-02, -7.234058973339462e-03, -5.736186512248798e-02,  2.141976909856890e-02, -1.133609612227736e-02, -8.253257398031265e-02,  2.763085703187022e-02, -1.538275304793608e-02, -1.064645347775018e-01,  3.381302223869842e-02, -1.908375470329479e-02, -1.302850533341159e-01,  3.702819929782838e-02, -2.309433827262428e-02, -1.426734613170112e-01,  2.220446049250313e-16,  6.938893903907228e-16, -1.942890293094024e-16,  0.000000000000000e+00, -1.221245327087672e-15, -9.992007221626409e-16,  3.330669073875469e-16, -1.249000902703301e-16, -5.551115123125782e-16, -5.551115123125783e-16,  1.706967900361178e-15,  1.304512053934559e-15,  2.220446049250314e-16, -1.679212324745549e-15, -5.273559366969495e-16,  3.330669073875469e-16, -1.387778780781445e-16, -3.885780586188047e-16, -6.383782391594650e-16,  1.415534356397075e-15
  2.225000000000000e+00,  6.448577828435037e-01,  1.721271665058877e-01,  9.619930256567957e-01, -3.089056280656590e-01, -2.127347298127737e+00, -2.141645216926192e+00,  2.671145431146146e-03, -6.328300152337553e-15, -1.012489192651586e-02,  8.558799688405887e-03, -3.239303501665185e-03, -3.244185840847340e-02,  1.511387641257956e-02, -7.139971763270215e-03, -5.728866855530926e-02,  2.174593034041391e-02, -1.118865722778116e-02, -8.242725834793237e-02,  2.805159521075527e-02, -1.518268275227984e-02, -1.063286807836346e-01,  3.432789694500724e-02, -1.883554864847956e-02, -1.301188031844562e-01,  3.759203186813230e-02, -2.279396999183056e-02, -1.424914029481482e-01,  3.330669073875470e-16, -2.942091015256665e-15, -2.553512956637860e-15, -5.551115123125782e-16,  3.289035710452025e-15,  2.525757381022231e-15,  6.661338147750938e-16, -2.539635168830045e-15, -2.442490654175344e-15, -4.440892098500626e-16,  1.568190022283034e-15,  1.415534356397075e-15, -1.110223024625157e-16,  9.436895709313831e-16,  9.436895709313831e-16,  2.220446049250313e-16, -1.929012505286209e-15, -1.165734175856414e-15,  1.221245327087672e-15, -8.326672684688674e-17
  2.233333333333333e+00,  6.342206334597554e-01,  1.734310544470819e-01,  9.641805560174002e-01, -3.086815832381662e-01, -2.126933532808791e+00, -2.146258125640557e+00,  2.704134929514667e-03,  9.159381738479187e-16, -1.010823358648564e-02,  8.664503595444304e-03, -3.196268502930426e-03, -3.238848228238643e-02,  1.530053760872065e-02, -7.045115361030132e-03, -5.719441232748668e-02,  2.201449951867803e-02, -1.104001297462573e-02, -8.229164195753640e-02,  2.839804136214516e-02, -1.498097681983517e-02, -1.061537397243831e-01,  3.475185742541834e-02, -1.858531343215064e-02, -1.299047205767542e-01,  3.805630545634573e-02, -2.249114610714634e-02, -1.422569638788410e-01,  3.330669073875470e-16, -9.298117831235686e-16, -3.053113317719180e-16,  1.110223024625157e-16, -1.651456749129920e-15, -2.053912595556540e-15,  2.220446049250313e-16, -8.465450562766819e-16, -5.551115123125783e-16, -4.440892098500625e-16,  2.636779683484746e-15,  1.887379141862766e-15, -2.220446049250312e-16, -1.665334536937734e-16,  2.498001805406601e-16,  4.440892098500626e-16, -1.443289932012704e-15, -2.026157019940911e-15,  1.637578961322106e-15,  5.551115123125783e-16
  2.241666666666667e+00,  6.237576670436057e-01,  1.747018119570484e-01,  9.663190966191095e-01, -3.071963072201804e-01, -2.126556521123691e+00, -2.150609903063499e+00,  2.730219724172592e-03, -7.993642155490701e-15, -1.008798392410816e-02,  8.748083669299356e-03, -3.154787330692233e-03, -3.232359895475641e-02,  1.544813060689275e-02, -6.953683854772448e-03, -5.707983567765889e-02,  2.222685715410222e-02, -1.089673568760560e-02, -8.212678842965940e-02,  2.867197631620582e-02, -1.478655370455175e-02, -1.059410836384013e-01,  3.508708295544596e-02, -1.834411323676294e-02, -1.296444845313672e-01,  3.842340655863535e-02, -2.219925601579317e-02, -1.419719827823552e-01,  3.330669073875470e-16,  2.164934898019055e-15,  1.887379141862766e-15, -1.110223024625157e-16, -3.885780586188048e-16, -9.436895709313831e-16,  3.330669073875470e-16, -1.235123114895487e-15, -8.049116928532385e-16, -2.220446049250313e-16, -8.326672684688674e-17,  2.498001805406602e-16, -2.220446049250313e-16,  1.665334536937735e-16, -2.220446049250313e-16,  1.110223024625157e-16,  2.775557561562892e-17, -3.885780586188049e-16,  8.743006318923108e-16, -5.551115123125783e-16
  2.250000000000000e+00,  6.134700758477563e-01,  1.759273670170889e-01,  9.683911914198694e-01, -3.043950570792517e-01, -2.126212157960636e+00, -2.154648829995565e+00,  2.749686265127965e-03,  3.524974091584904e-15, -1.006465922780996e-02,  8.810457744000752e-03, -3.116340099228567e-03, -3.224886270079754e-02,  1.555827619864831e-02, -6.868939666115748e-03, -5.694785986947636e-02,  2.238533525067126e-02, -1.076393772842324e-02, -8.193690089500925e-02,  2.887640828785060e-02, -1.460635073258371e-02, -1.056961344375613e-01,  3.533725481206151e-02, -1.812055446917329e-02, -1.293447300660865e-01,  3.869736649336378e-02, -2.192871482078321e-02, -1.416437255800631e-01, -5.551115123125783e-16, -1.526556658859590e-16, -5.551115123125783e-17,  0.000000000000000e+00,  8.187894806610529e-16,  4.163336342344337e-16,  1.110223024625157e-16, -8.326672684688674e-16, -2.775557561562891e-16,  0.000000000000000e+00, -1.956768080901838e-15, -2.275957200481571e-15, -1.110223024625157e-16,  2.220446049250313e-15,  1.720845688168993e-15,  0.000000000000000e+00, -6.938893903907228e-17,  3.885780586188048e-16, -1.387778780781446e-17, -2.636779683484747e-15
  2.258333333333334e+00,  6.033553351448807e-01,  1.770976614041018e-01,  9.703844625924659e-01, -3.002684414162586e-01, -2.125885410710355e+00, -2.158326790705924e+00,  2.762891113699416e-03, -9.187137030642451e-15, -1.003911894205977e-02,  8.852768302069065e-03, -3.081894732470672e-03, -3.216702732511905e-02,  1.563299187945471e-02, -6.793016262871074e-03, -5.680334781179889e-02,  2.249283659220550e-02, -1.064496233710259e-02, -8.172897613411120e-02,  2.901508178078316e-02, -1.444490458363055e-02, -1.054279177581432e-01,  3.550695529927583e-02, -1.792026530798958e-02, -1.290165022251666e-01,  3.888320328183994e-02, -2.168633350156956e-02, -1.412842875557799e-01, -4.440892098500626e-16,  2.137179322403426e-15,  2.026157019940911e-15,  1.110223024625156e-16, -2.234323837058127e-15, -2.220446049250313e-15,  3.330669073875469e-16, -1.665334536937735e-16, -5.273559366969493e-16, -4.440892098500626e-16,  4.371503159461554e-15,  3.719247132494274e-15,  3.330669073875470e-16, -3.927413949611491e-15, -4.246603069191224e-15, -1.110223024625157e-16,  7.910339050454240e-16,  3.885780586188048e-16, -1.942890293094024e-16,  2.220446049250313e-16
  2.266666666666667e+00,  5.934074945319427e-01,  1.782049503018026e-01,  9.722911509397703e-01, -2.948507227302850e-01, -2.125554122634724e+00, -2.161599984841765e+00,  2.770213941107818e-03,  1.748609126969680e-15, -1.001248235753587e-02,  8.876231873989490e-03, -3.051834411312937e-03, -3.208167922368804e-02,  1.567442590515451e-02, -6.726758240355196e-03, -5.665263267601480e-02,  2.255245210129090e-02, -1.054113303259992e-02, -8.151212634953567e-02,  2.909198399204516e-02, -1.430401123437138e-02, -1.051481880669963e-01,  3.560106371497391e-02, -1.774547383155683e-02, -1.286741854357435e-01,  3.898626017948940e-02, -2.147480838260877e-02, -1.409094209078909e-01, -2.220446049250313e-16, -1.387778780781446e-15, -1.360023205165817e-15,  1.110223024625157e-16,  2.498001805406602e-16,  3.608224830031759e-16,  1.110223024625157e-16, -1.360023205165817e-15, -1.193489751472043e-15, -3.330669073875470e-16,  8.326672684688674e-17, -5.551115123125783e-17,  3.330669073875470e-16,  2.636779683484747e-16, -2.498001805406602e-16, -1.110223024625157e-16,  3.039235529911366e-15,  2.359223927328458e-15, -1.498801083243961e-15, -3.330669073875470e-16
  2.275000000000000e+00,  5.836176772964897e-01,  1.792438682703208e-01,  9.741072603297370e-01, -2.882150041268599e-01, -2.125193612784658e+00, -2.164430865426686e+00,  2.772031414619951e-03, -3.941309375498982e-15, -9.986008797550835e-03,  8.882055365126625e-03, -3.025931726042344e-03, -3.199685348023943e-02,  1.568470953469640e-02, -6.669664349275394e-03, -5.650283996563351e-02,  2.256724824528445e-02, -1.045166433465770e-02, -8.129660375585247e-02,  2.911107057217808e-02, -1.418260481090234e-02, -1.048701704120585e-01,  3.562442075228148e-02, -1.759485772289546e-02, -1.283339637358613e-01,  3.901183816616859e-02, -2.129253925282313e-02, -1.405368485652047e-01,  0.000000000000000e+00,  2.914335439641036e-16,  5.828670879282072e-16,  0.000000000000000e+00, -2.775557561562891e-17, -4.718447854656915e-16, -2.220446049250313e-16,  1.387778780781446e-17, -3.330669073875470e-16,  1.110223024625157e-16, -9.298117831235686e-16, -1.110223024625157e-15, -1.110223024625157e-16,  9.992007221626409e-16,  6.383782391594650e-16,  1.110223024625157e-16, -2.775557561562891e-17, -6.106226635438361e-16, -1.804112415015879e-16,  2.775557561562891e-16
  2.283333333333334e+00,  5.739746657321005e-01,  1.802113046940516e-01,  9.758315123051609e-01, -2.804657473673466e-01, -2.124780697977039e+00, -2.166790782137709e+00,  2.768718012250494e-03,  2.359234434421600e-15, -9.960964370388422e-03,  8.871438666078325e-03, -3.003384439965747e-03, -3.191660691903780e-02,  1.566596163976720e-02, -6.619966324386483e-03, -5.636113357537867e-02,  2.254027366867402e-02, -1.037378529202935e-02, -8.109271580499045e-02,  2.907627418075333e-02, -1.407692521296997e-02, -1.046071610960098e-01,  3.558183896932374e-02, -1.746375222327641e-02, -1.280121083608342e-01,  3.896520741146504e-02, -2.113388102205137e-02, -1.401843889451328e-01,  6.661338147750939e-16, -4.579669976578771e-16, -5.551115123125783e-16, -6.661338147750939e-16,  2.289834988289385e-15,  7.494005416219807e-16,  1.110223024625157e-16,  2.359223927328458e-16,  8.326672684688674e-16,  3.330669073875470e-16, -1.471045507628332e-15, -1.387778780781446e-15,  1.110223024625157e-16, -9.853229343548264e-16, -8.604228440844963e-16, -2.220446049250313e-16,  1.249000902703301e-16, -5.273559366969494e-16,  2.262079412673757e-15, -1.970645868709653e-15
  2.291666666666667e+00,  5.644655420045576e-01,  1.811061682475283e-01,  9.774643302051430e-01, -2.717297592271435e-01, -2.124296376146740e+00, -2.168662758037968e+00,  2.760663468756463e-03,  4.857247265522005e-15, -9.938505514423043e-03,  8.845630552624354e-03, -2.982918811909485e-03, -3.184464496322640e-02,  1.562038741775214e-02, -6.574856625255246e-03, -5.623405686534202e-02,  2.247470122185987e-02, -1.030309636242699e-02, -8.090987712024410e-02,  2.899168769922698e-02, -1.398100238949021e-02, -1.043713046993020e-01,  3.547832699437415e-02, -1.734475092175159e-02, -1.277234811359152e-01,  3.885185279882267e-02, -2.098987077066292e-02, -1.398683170385292e-01, -4.440892098500625e-16,  8.465450562766817e-16,  3.053113317719180e-16,  2.220446049250312e-16,  1.582067810090847e-15,  1.415534356397074e-15,  3.330669073875469e-16, -1.817990202823693e-15, -2.192690473634684e-15,  0.000000000000000e+00,  4.718447854656915e-16,  1.082467449009528e-15,  3.330669073875470e-16, -2.498001805406602e-16, -6.938893903907228e-16, -1.110223024625157e-16, -2.081668171172169e-16, -8.881784197001252e-16,  8.326672684688674e-16, -1.554312234475219e-15
  2.300000000000000e+00,  5.550763877381201e-01,  1.819291412796094e-01,  9.790069554060156e-01, -2.621472332144862e-01, -2.123727392253223e+00, -2.170043833710965e+00,  2.748288373543968e-03,  3.885797740579132e-16, -9.919595141419034e-03,  8.805978664035197e-03, -2.962942258822862e-03, -3.178405294429954e-02,  1.555036664784902e-02, -6.530824929880163e-03, -5.612705818337595e-02,  2.237395494452263e-02, -1.023409671325673e-02, -8.075592681517470e-02,  2.886172803566807e-02, -1.388737187049564e-02, -1.041727134423335e-01,  3.531928998046605e-02, -1.722859343993715e-02, -1.274804568033514e-01,  3.867769344077597e-02, -2.084930198744044e-02, -1.396021842640913e-01, -5.551115123125782e-16,  2.192690473634684e-15,  1.859623566247137e-15,  4.440892098500625e-16, -9.714451465470118e-16, -9.992007221626407e-16,  3.330669073875470e-16, -1.817990202823694e-15, -1.637578961322106e-15,  0.000000000000000e+00,  1.068589661201713e-15,  5.828670879282072e-16, -7.771561172376096e-16,  8.604228440844963e-16,  9.159339953157541e-16,  5.551115123125783e-16, -1.068589661201713e-15, -1.609823385706477e-15,  1.457167719820518e-15,  2.775557561562891e-16
  2.308333333333334e+00,  5.457929587032317e-01,  1.826824507342319e-01,  9.804606919605990e-01, -2.518639035698048e-01, -2.123067610338184e+00, -2.170946339566306e+00,  2.732041303806501e-03,  5.773185123273005e-15, -9.904940827335394e-03,  8.753920317160293e-03, -2.941694855881228e-03, -3.173709805470108e-02,  1.545843746974444e-02, -6.483992066893841e-03, -5.604414113611558e-02,  2.224168672631822e-02, -1.016070750830861e-02, -8.063662530145546e-02,  2.869110601774346e-02, -1.378778485184563e-02, -1.040188180826949e-01,  3.511049276220225e-02, -1.710504635901056e-02, -1.272921286884420e-01,  3.844904233245169e-02, -2.069979062955280e-02, -1.393959486036749e-01,  0.000000000000000e+00, -1.443289932012704e-15, -1.665334536937735e-15, -1.110223024625157e-16,  1.693090112553364e-15,  1.387778780781446e-15,  3.330669073875469e-16, -2.067790383364354e-15, -8.881784197001250e-16,  1.110223024625157e-16,  4.857225732735060e-16, -3.885780586188048e-16,  4.440892098500626e-16, -4.163336342344337e-16,  2.775557561562891e-17, -2.220446049250313e-16,  7.910339050454240e-16, -3.885780586188048e-16,  2.081668171172169e-16, -1.249000902703301e-15
  2.316666666666667e+00,  5.366012224226032e-01,  1.833696113398139e-01,  9.818262877321888e-01, -2.410243660017577e-01, -2.122319382634931e+00, -2.171398073461831e+00,  2.712379727020598e-03,  3.413950774709583e-15, -9.894945204404844e-03,  8.690921314826874e-03, -2.917372155911740e-03, -3.170507039590172e-02,  1.534718832616926e-02, -6.430380730105655e-03, -5.598758389740846e-02,  2.208162083318381e-02, -1.007669612980956e-02, -8.055525042857344e-02,  2.848462583635277e-02, -1.367378385223506e-02, -1.039138469473885e-01,  3.485781442663301e-02, -1.696361737649111e-02, -1.271636711698169e-01,  3.817233758533761e-02, -2.052863936426361e-02, -1.392552764517642e-01, -2.220446049250313e-16, -5.412337245047638e-16, -2.775557561562891e-16,  3.330669073875470e-16, -2.081668171172169e-16,  1.942890293094024e-16, -3.330669073875470e-16,  1.276756478318930e-15,  1.137978600240785e-15,  4.440892098500626e-16, -1.665334536937735e-15, -2.498001805406602e-15,  0.000000000000000e+00,  1.984523656517468e-15,  1.831867990631509e-15, -5.551115123125783e-16,  5.689893001203927e-16,  8.326672684688674e-16, -4.302114220422481e-16, -1.887379141862766e-15
  2.325000000000000e+00,  5.274877225094031e-01,  1.839951309953028e-01,  9.831035385329144e-01, -2.297664690040067e-01, -2.121493813062663e+00, -2.171441653491569e+00,  2.689752962756383e-03,  1.404438272937040e-14, -9.889683823441801e-03,  8.618421352569119e-03, -2.888238852026498e-03, -3.168821204550720e-02,  1.521916155729837e-02, -6.366166010232796e-03, -5.595781394913493e-02,  2.189741519847541e-02, -9.976068772427059e-03, -8.051241725956172e-02,  2.824700611535244e-02, -1.353723545223037e-02, -1.038585934494417e-01,  3.456702934887348e-02, -1.679421621905250e-02, -1.270960551797349e-01,  3.785390264225192e-02, -2.032363737725015e-02, -1.391812310635963e-01,  5.551115123125783e-16, -1.179611963664229e-15, -6.661338147750939e-16, -3.330669073875470e-16,  4.996003610813204e-16,  2.775557561562891e-17,  1.110223024625157e-16, -4.163336342344338e-17,  5.551115123125784e-17,  2.220446049250313e-16, -8.049116928532385e-16, -1.110223024625157e-15, -1.110223024625157e-16,  1.484923295436147e-15,  9.159339953157541e-16,  2.220446049250313e-16,  3.747002708109903e-16,  6.661338147750939e-16, -3.747002708109902e-16, -9.159339953157541e-16
  2.333333333333333e+00,  5.184397417766491e-01,  1.845642428614832e-01,  9.842912053597507e-01, -2.182170567281674e-01, -2.120608605725558e+00, -2.171132915368793e+00,  2.664604528492868e-03,  4.926636203405205e-15, -9.888927537650949e-03,  8.537841535084120e-03, -2.852756204713355e-03, -3.168578877845708e-02,  1.507686667400658e-02, -6.287956265501216e-03, -5.595353473240075e-02,  2.169268052052412e-02, -9.853510581105250e-03, -8.050626029851078e-02,  2.798290454684786e-02, -1.337092754773220e-02, -1.038506511550908e-01,  3.424383733934607e-02, -1.658789559199800e-02, -1.270863358657434e-01,  3.749997929118995e-02, -2.007395703772595e-02, -1.391705875697129e-01, -2.220446049250313e-16, -1.137978600240785e-15, -2.220446049250313e-16,  4.440892098500626e-16, -7.216449660063518e-16, -1.415534356397075e-15,  5.551115123125783e-16, -8.604228440844963e-16, -2.775557561562891e-17, -4.440892098500626e-16,  6.661338147750939e-16,  1.942890293094024e-16,  0.000000000000000e+00,  9.714451465470118e-16, -1.387778780781445e-16, -2.220446049250313e-16, -7.771561172376096e-16,  1.110223024625157e-16,  5.551115123125783e-17, -7.216449660063516e-16
  2.341666666666667e+00,  5.094452144740674e-01,  1.850827121159415e-01,  9.853872508701443e-01, -2.064897940114756e-01, -2.119683478964383e+00, -2.170538070844680e+00,  2.637395298468744e-03,  4.080087433845596e-15, -9.892211577163974e-03,  8.450658581006253e-03, -2.809720541414076e-03, -3.169631139398057e-02,  1.492291139508881e-02, -6.193098398474143e-03, -5.597211648641735e-02,  2.147116879980533e-02, -9.704864032556226e-03, -8.053299583065665e-02,  2.769716109845254e-02, -1.316921850051437e-02, -1.038851391863422e-01,  3.389416126654027e-02, -1.633765651148961e-02, -1.271285402956165e-01,  3.711705358812351e-02, -1.977112847677285e-02, -1.392168050899716e-01, -1.110223024625157e-16,  1.665334536937735e-16, -7.771561172376096e-16,  2.220446049250313e-16, -1.165734175856414e-15, -1.249000902703301e-15,  0.000000000000000e+00,  0.000000000000000e+00,  1.110223024625156e-16,  0.000000000000000e+00,  4.163336342344337e-16,  6.106226635438361e-16,  0.000000000000000e+00, -8.326672684688674e-17, -8.326672684688674e-17, -2.220446049250313e-16,  1.387778780781446e-15,  4.996003610813204e-16, -1.221245327087672e-15, -3.330669073875470e-16
  2.350000000000000e+00,  5.004925176008056e-01,  1.855566881839330e-01,  9.863892408885661e-01, -1.946856983210457e-01, -2.118735651323592e+00, -2.169729835292565e+00,  2.608619094113623e-03, -6.009108358960317e-15, -9.898932636105815e-03,  8.358454777352912e-03, -2.758373441996558e-03, -3.171784679839862e-02,  1.476008986123693e-02, -6.079920723176323e-03, -5.601014558544766e-02,  2.123690026164924e-02, -9.527509519549889e-03, -8.058771231208212e-02,  2.739496173976270e-02, -1.292855357975142e-02, -1.039557217995103e-01,  3.352434741588197e-02, -1.603908899891863e-02, -1.272149151577923e-01,  3.671207526738808e-02, -1.940981492818423e-02, -1.393113930741177e-01,  2.220446049250313e-16, -2.775557561562891e-17,  6.106226635438361e-16, -2.220446049250313e-16,  2.498001805406602e-16, -4.718447854656914e-16,  1.110223024625156e-16,  1.665334536937734e-16, -2.775557561562890e-17, -1.110223024625156e-16, -7.216449660063516e-16, -6.383782391594649e-16,  4.440892098500626e-16, -2.220446049250313e-16, -9.992007221626409e-16, -2.220446049250313e-16,  1.110223024625157e-15,  2.053912595556540e-15,  5.551115123125783e-17, -9.159339953157541e-16
  2.358333333333333e+00,  4.915704597359564e-01,  1.859925621152698e-01,  9.872946520936973e-01, -1.828959053175879e-01, -2.117778973765447e+00, -2.168783430534081e+00,  2.578772237501578e-03,  5.898085579929651e-15, -9.908434231134144e-03,  8.262820423602107e-03, -2.698410754131083e-03, -3.174829150862921e-02,  1.459121036223932e-02, -5.947752836482252e-03, -5.606390751524436e-02,  2.099391548918855e-02, -9.320396490261215e-03, -8.066506527886058e-02,  2.708151870132858e-02, -1.264750721703584e-02, -1.040555047969937e-01,  3.314077420941643e-02, -1.569042450242462e-02, -1.273370237376734e-01,  3.629202925570364e-02, -1.898787616660669e-02, -1.394451125860820e-01, -8.881784197001252e-16,  2.164934898019055e-15,  2.553512956637860e-15,  1.110223024625157e-15, -2.942091015256665e-15, -2.664535259100376e-15, -3.330669073875470e-16,  3.358424649491099e-15,  2.747801985947262e-15, -3.330669073875470e-16, -1.554312234475219e-15, -1.471045507628332e-15,  1.110223024625156e-16,  4.440892098500625e-16,  0.000000000000000e+00, -5.551115123125782e-16, -1.665334536937735e-16,  0.000000000000000e+00, -2.775557561562891e-16, -6.661338147750939e-16
  2.366666666666667e+00,  4.826685466979259e-01,  1.863968006865473e-01,  9.881009926503729e-01, -1.712050252888620e-01, -2.116826916703483e+00, -2.167773200175208e+00,  2.548283347560347e-03,  9.881028107977404e-15, -9.920059030394182e-03,  8.165128886968296e-03, -2.629874953547884e-03, -3.178553932267079e-02,  1.441869810994128e-02, -5.796688362045024e-03, -5.612968296021074e-02,  2.074570389085494e-02, -9.083671657215220e-03, -8.075970335884121e-02,  2.676133321493749e-02, -1.232627849703354e-02, -1.041775850699080e-01,  3.274894999059512e-02, -1.529191000524864e-02, -1.274864184154629e-01,  3.586294766808996e-02, -1.850561108054282e-02, -1.396087127476996e-01,  0.000000000000000e+00, -3.608224830031758e-16,  2.498001805406602e-16,  0.000000000000000e+00,  8.326672684688674e-17, -4.440892098500626e-16, -2.220446049250313e-16,  0.000000000000000e+00, -6.938893903907228e-16,  1.110223024625157e-16,  6.106226635438361e-16,  1.249000902703301e-15, -3.330669073875470e-16,  1.110223024625157e-15, -2.775557561562891e-16,  4.440892098500626e-16, -8.326672684688674e-16, -3.053113317719180e-16,  1.304512053934559e-15, -2.053912595556540e-15
  2.375000000000000e+00,  4.737772541759618e-01,  1.867757323136955e-01,  9.888058630740070e-01, -1.596933600620722e-01, -2.115895719365514e+00, -2.166770078697493e+00,  2.517459458012935e-03,  3.497217828708009e-15, -9.933181748971478e-03,  8.066363955197527e-03, -2.553021993292394e-03, -3.182758672240204e-02,  1.424429036270609e-02, -5.627291463648491e-03, -5.620393393302420e-02,  2.049476504375341e-02, -8.818219090381075e-03, -8.086653607588738e-02,  2.643762965977278e-02, -1.196606707701183e-02, -1.043153960573874e-01,  3.235282056554921e-02, -1.484503379527916e-02, -1.276550634190879e-01,  3.542915150533466e-02, -1.796482073192683e-02, -1.397933936898803e-01,  1.110223024625157e-16, -1.360023205165817e-15, -9.992007221626409e-16,  2.220446049250313e-16, -3.330669073875470e-16, -8.881784197001252e-16,  2.220446049250313e-16,  1.026956297778270e-15,  6.938893903907228e-16, -3.330669073875470e-16, -6.106226635438362e-16, -5.828670879282073e-16,  2.220446049250314e-16,  1.249000902703301e-15,  5.828670879282073e-16, -2.220446049250313e-16, -4.718447854656915e-16,  3.608224830031759e-16,  1.110223024625156e-15, -2.664535259100375e-15
  2.383333333333334e+00,  4.648881208192201e-01,  1.871353113268853e-01,  9.894070617188431e-01, -1.484374864965552e-01, -2.115005248360223e+00, -2.165840113275696e+00,  2.486482112179147e-03, -4.690712826305700e-15, -9.947234906404997e-03,  7.967107323651032e-03, -2.468245747916333e-03, -3.187261540482797e-02,  1.406901432903798e-02, -5.440430307276166e-03, -5.628344951534825e-02,  2.024257690125092e-02, -8.525399245010463e-03, -8.098094354273995e-02,  2.611231455116559e-02, -1.156871905525410e-02, -1.044629782439977e-01,  3.195471901592250e-02, -1.435208613137728e-02, -1.278356658430991e-01,  3.499319569468901e-02, -1.736827669340058e-02, -1.399911690470370e-01,  4.440892098500625e-16, -4.163336342344336e-16, -8.604228440844961e-16, -2.220446049250313e-16,  1.304512053934559e-15,  1.221245327087672e-15, -4.440892098500626e-16,  2.220446049250313e-16,  3.885780586188048e-16,  8.881784197001252e-16, -8.604228440844963e-16, -8.326672684688674e-16,  0.000000000000000e+00, -1.249000902703301e-15, -1.609823385706477e-15, -3.330669073875469e-16,  1.720845688168992e-15,  1.498801083243961e-15, -3.053113317719180e-16, -3.053113317719180e-16
  2.391666666666667e+00,  4.559936787904943e-01,  1.874809299651397e-01,  9.899026859111646e-01, -1.375098890557715e-01, -2.114178462109845e+00, -2.165043737434415e+00,  2.455427008579938e-03,  9.714494073608765e-17, -9.961722992428437e-03,  7.867601543125744e-03, -2.376057411311661e-03, -3.191903767176589e-02,  1.389329832633374e-02, -5.237231650549237e-03, -5.636542601097788e-02,  1.998975572882468e-02, -8.206977800961367e-03, -8.109889178544870e-02,  2.578618285302220e-02, -1.113663040794164e-02, -1.046151279247927e-01,  3.155561817191469e-02, -1.381603944782514e-02, -1.280218576986282e-01,  3.455614556981506e-02, -1.671957607697800e-02, -1.401950653176997e-01,  5.551115123125783e-16, -2.081668171172169e-15, -1.193489751472043e-15, -8.881784197001250e-16,  3.885780586188047e-15,  2.275957200481571e-15,  0.000000000000000e+00, -1.026956297778270e-15, -9.714451465470118e-16,  1.110223024625157e-15, -2.997602166487923e-15, -2.109423746787797e-15, -9.992007221626407e-16,  1.665334536937734e-15,  1.332267629550188e-15,  2.220446049250313e-16,  3.608224830031758e-16, -5.551115123125782e-16, -8.326672684688672e-16,  1.193489751472043e-15
  2.400000000000000e+00,  4.470872547000486e-01,  1.878172810667512e-01,  9.902911155509304e-01, -1.269783403529656e-01, -2.113440649683350e+00, -2.164435005369163e+00,  2.424275146839665e-03, -5.342971771000402e-16, -9.976222178418048e-03,  7.767785733228355e-03, -2.277086430218319e-03, -3.196549550481765e-02,  1.371703484666804e-02, -5.019082900411231e-03, -5.644746531240914e-02,  1.973614684347201e-02, -7.865128887346208e-03, -8.121693039342653e-02,  2.545903502892967e-02, -1.067275136524726e-02, -1.047673941741645e-01,  3.115527385256452e-02, -1.324055378309695e-02, -1.282081922039016e-01,  3.411773373132307e-02, -1.602314810360618e-02, -1.403991178022289e-01,  4.440892098500625e-16, -2.220446049250313e-16, -1.110223024625156e-15, -5.551115123125783e-16,  2.220446049250313e-16, -1.387778780781446e-16,  2.220446049250314e-16,  5.551115123125784e-17,  2.775557561562892e-17,  2.220446049250313e-16, -1.110223024625157e-15, -1.082467449009528e-15,  3.330669073875470e-16,  6.938893903907228e-16,  1.332267629550188e-15, -3.330669073875470e-16,  1.026956297778270e-15,  5.551115123125783e-17, -1.859623566247137e-15,  2.220446049250313e-15
  2.408333333333334e+00,  4.381627228305640e-01,  1.881481324857072e-01,  9.905708745459906e-01, -1.169051011229633e-01, -2.112818235883329e+00, -2.164060537807543e+00,  2.392927158930804e-03, -4.093965405413682e-15, -9.990373576927404e-03,  7.667341502067771e-03, -2.172086933566421e-03, -3.201083896823140e-02,  1.353966164582263e-02, -4.787646284161147e-03, -5.652753676247259e-02,  1.948094128504531e-02, -7.502457289390413e-03, -8.133213764593505e-02,  2.512982754465477e-02, -1.018061654482840e-02, -1.049160080601187e-01,  3.075240904189193e-02, -1.263001416353799e-02, -1.283900571610865e-01,  3.367656173568271e-02, -1.528429934338493e-02, -1.405982757429940e-01, -4.440892098500625e-16, -1.387778780781445e-16, -7.771561172376094e-16,  9.992007221626409e-16, -3.552713678800501e-15, -3.219646771412954e-15, -5.551115123125782e-16,  2.414735078559715e-15,  1.776356839400250e-15,  3.330669073875470e-16,  2.775557561562891e-16,  7.216449660063518e-16, -3.330669073875470e-16, -8.049116928532385e-16, -1.054711873393899e-15, -1.110223024625157e-16,  4.718447854656915e-16,  1.110223024625157e-16,  2.775557561562891e-17, -1.471045507628332e-15
  2.416666666666667e+00,  4.292143192840408e-01,  1.884758942967092e-01,  9.907405045442781e-01, -1.073456463270861e-01, -2.112336584863230e+00, -2.163958611149564e+00,  2.361251834330962e-03,  1.700036490373104e-15, -1.000388143783205e-02,  7.565848429033383e-03, -2.061949064683389e-03, -3.205412042883850e-02,  1.336043630834350e-02, -4.544883828127079e-03, -5.660396694782546e-02,  1.922307086201906e-02, -7.122037590485216e-03, -8.144210582623720e-02,  2.479718246530789e-02, -9.664398067165021e-03, -1.050578637007711e-01,  3.034533750398824e-02, -1.198959649771869e-02, -1.285636517740563e-01,  3.323078300796012e-02, -1.450929345799442e-02, -1.407883769377444e-01, -7.771561172376096e-16,  1.665334536937735e-15,  1.693090112553364e-15,  7.771561172376096e-16, -2.386979502944087e-15, -2.192690473634684e-15,  0.000000000000000e+00,  1.165734175856414e-15,  9.992007221626409e-16, -5.551115123125783e-16, -5.551115123125783e-17, -4.163336342344337e-16,  8.881784197001252e-16, -1.110223024625157e-15, -1.276756478318930e-15, -5.551115123125783e-16,  9.992007221626409e-16,  2.026157019940911e-15,  5.273559366969495e-16, -8.326672684688674e-17
  2.425000000000000e+00,  4.202364449215124e-01,  1.888011801366932e-01,  9.907985401520919e-01, -9.834760889221716e-02, -2.112016815857015e+00, -2.164158743037264e+00,  2.329162989433293e-03,  1.026960823063916e-15, -1.001652320526072e-02,  7.463030367345357e-03, -1.947707045855800e-03, -3.209462678011123e-02,  1.317887119011079e-02, -4.293075132774832e-03, -5.667549660258874e-02,  1.896183394929317e-02, -6.727442027306068e-03, -8.154502309565480e-02,  2.446019471563625e-02, -9.128943353545350e-03, -1.051906238786630e-01,  2.993295166084738e-02, -1.132531446852431e-02, -1.287261158931667e-01,  3.277918465394005e-02, -1.370540794756385e-02, -1.409662892739690e-01,  5.551115123125783e-16, -2.747801985947262e-15, -2.053912595556540e-15, -2.220446049250313e-16,  1.110223024625157e-16, -4.718447854656915e-16,  1.110223024625157e-16, -1.942890293094024e-16,  3.330669073875470e-16, -8.881784197001252e-16,  3.025357742103552e-15,  2.164934898019055e-15,  9.992007221626409e-16, -2.775557561562891e-15, -2.969846590872294e-15, -4.440892098500626e-16,  1.665334536937735e-16, -3.330669073875470e-16, -6.383782391594650e-16,  7.216449660063518e-16
  2.433333333333334e+00,  4.112233040552168e-01,  1.891227280156345e-01,  9.907435435752020e-01, -8.995146251310322e-02, -2.111872605641899e+00, -2.164681553189265e+00,  2.296674626978563e-03,  2.824142273207965e-15, -1.002816800309821e-02,  7.358932184136882e-03, -1.830526598598083e-03, -3.213193867298039e-02,  1.299504552143547e-02, -4.034789645085957e-03, -5.674138520356431e-02,  1.869734454388255e-02, -6.322697038877194e-03, -8.163982398507823e-02,  2.411901134835737e-02, -8.579716164800102e-03, -1.053129141709056e-01,  2.951543146695873e-02, -1.064394638612773e-02, -1.288757675802706e-01,  3.232196373943533e-02, -1.288084563120467e-02, -1.411301708831359e-01,  1.110223024625157e-16, -1.665334536937735e-15, -2.081668171172169e-15,  2.220446049250314e-16,  6.661338147750940e-16,  1.110223024625157e-15,  0.000000000000000e+00, -3.053113317719180e-16,  1.387778780781446e-16,  0.000000000000000e+00, -5.828670879282072e-16, -1.443289932012704e-15, -1.110223024625157e-16,  1.360023205165817e-15,  6.106226635438361e-16, -6.661338147750939e-16,  1.110223024625157e-16,  1.193489751472043e-15, -3.885780586188048e-16, -1.720845688168993e-15
  2.441666666666667e+00,  4.021684686205664e-01,  1.894377070721303e-01,  9.905741593538637e-01, -8.219273049764868e-02, -2.111908203943103e+00, -2.165538591093185e+00,  2.263905232317328e-03,  2.588218846934973e-15, -1.003878986574174e-02,  7.253933526429274e-03, -1.711674430463083e-03, -3.216597290921928e-02,  1.280962971619552e-02, -3.772819402404853e-03, -5.680148583206256e-02,  1.843056724104634e-02, -5.912177873489261e-03, -8.172629710721996e-02,  2.377487666230596e-02, -8.022653585704188e-03, -1.054244618940996e-01,  2.909429962225303e-02, -9.952857763642513e-03, -1.290122731414588e-01,  3.186078775326449e-02, -1.204451993576815e-02, -1.412796563414221e-01,  4.440892098500627e-16, -2.498001805406603e-16, -3.330669073875470e-16, -4.440892098500626e-16,  1.609823385706477e-15,  1.859623566247137e-15,  7.771561172376096e-16, -1.693090112553364e-15, -1.276756478318930e-15, -6.661338147750939e-16,  8.604228440844963e-16,  9.992007221626409e-16,  3.330669073875470e-16,  5.551115123125783e-17, -1.637578961322106e-15, -1.110223024625157e-16,  1.665334536937735e-16,  6.383782391594650e-16, -8.326672684688674e-17,  3.053113317719180e-16
  2.450000000000000e+00,  3.930646083225957e-01,  1.897421662732529e-01,  9.902892103320716e-01, -7.510409687998121e-02, -2.112117779706381e+00, -2.166732572075595e+00,  2.231057085198798e-03,  4.905819647042785e-15, -1.004846736936245e-02,  7.148682532583770e-03, -1.592477729299980e-03, -3.219698126019545e-02,  1.262376831375695e-02, -3.510089750771102e-03, -5.685624308792202e-02,  1.816314881045477e-02, -5.500468680036544e-03, -8.180508215473847e-02,  2.342991494075813e-02, -7.463976173138503e-03, -1.055260922326150e-01,  2.867215570001798e-02, -9.259765788066074e-03, -1.291366423889380e-01,  3.139850345419779e-02, -1.120576986865912e-02, -1.414158514809633e-01, -1.110223024625157e-16,  6.938893903907228e-16,  2.220446049250313e-16, -2.220446049250313e-16,  5.551115123125783e-16,  6.938893903907228e-16, -1.110223024625157e-16,  8.049116928532386e-16,  2.220446049250314e-16,  1.110223024625157e-16, -1.304512053934559e-15, -8.604228440844963e-16, -5.551115123125783e-16,  7.494005416219807e-16,  8.881784197001252e-16, -1.110223024625157e-16, -1.387778780781446e-16, -1.360023205165817e-15, -1.137978600240785e-15,  4.996003610813204e-16
  2.458333333333333e+00,  3.839034447176388e-01,  1.900314849613170e-01,  9.898878429391271e-01, -6.871695109673452e-02, -2.112485415816717e+00, -2.168258369440517e+00,  2.198397290870513e-03,  5.023781371373875e-15, -1.005737732474617e-02,  7.044035052790545e-03, -1.474277843088469e-03, -3.222553025736460e-02,  1.243897264916943e-02, -3.249557247521049e-03, -5.690665740189577e-02,  1.789726376947221e-02, -5.092202517087524e-03, -8.187761855308405e-02,  2.308693124563020e-02, -6.909970852930633e-03, -1.056196620019181e-01,  2.825243237049529e-02, -8.572469983301348e-03, -1.292511475845650e-01,  3.093886991461555e-02, -1.037403407790276e-02, -1.415412446260693e-01,  0.000000000000000e+00, -4.996003610813203e-16,  1.942890293094023e-16,  0.000000000000000e+00, -8.604228440844963e-16, -1.304512053934559e-15,  1.110223024625157e-16,  8.326672684688674e-16,  1.665334536937735e-16,  4.440892098500626e-16, -2.192690473634684e-15, -2.081668171172169e-15, -6.661338147750939e-16,  3.719247132494274e-15,  2.997602166487923e-15, -2.220446049250313e-16,  8.326672684688674e-17,  7.216449660063518e-16, -2.636779683484747e-15, -7.771561172376094e-16
  2.466666666666667e+00,  3.746758194731708e-01,  1.903007498393926e-01,  9.893696958943689e-01, -6.306263357415356e-02, -2.112985474630935e+00, -2.170104013670557e+00,  2.166238351687511e-03, -3.292519701098398e-15, -1.006579255803688e-02,  6.940992397214739e-03, -1.358406857437375e-03, -3.225249408163763e-02,  1.225701092342315e-02, -2.994158034351077e-03, -5.695427247911130e-02,  1.763545621562670e-02, -4.691980450721230e-03, -8.194612739379442e-02,  2.274920738609928e-02, -6.366881137987526e-03, -1.057080363430973e-01,  2.783914571928599e-02, -7.898716015527236e-03, -1.293592949200292e-01,  3.048628509743815e-02, -9.558686035230520e-03, -1.416596753615089e-01, -8.881784197001252e-16,  2.414735078559715e-15,  3.053113317719180e-15,  3.330669073875470e-16, -1.970645868709653e-15, -2.220446049250313e-15, -4.440892098500626e-16,  4.996003610813204e-16,  9.436895709313831e-16,  6.661338147750938e-16, -2.775557561562891e-16, -1.554312234475219e-15,  4.440892098500626e-16, -1.804112415015879e-15, -9.992007221626409e-16, -7.771561172376096e-16,  2.386979502944087e-15,  1.998401444325282e-15,  1.193489751472043e-15, -2.386979502944086e-15
  2.475000000000000e+00,  3.653718034457706e-01,  1.905449749433616e-01,  9.887351368442837e-01, -5.817460369263878e-02, -2.113582526527865e+00, -2.172250523452941e+00,  2.134921140640748e-03, -1.872815739821279e-14, -1.007411509014200e-02,  6.840646780230215e-03, -1.246199222646050e-03, -3.227916087574179e-02,  1.207981186408581e-02, -2.746833464810696e-03, -5.700136303444512e-02,  1.738050121298045e-02, -4.304411714571878e-03, -8.201388154951966e-02,  2.242032311125520e-02, -5.840961624554730e-03, -1.057954371634352e-01,  2.743667643339058e-02, -7.246263300683006e-03, -1.294662509177121e-01,  3.004554623587146e-02, -8.769115851704423e-03, -1.417768014784825e-01, -2.220446049250313e-16, -1.665334536937735e-16, -6.106226635438361e-16,  9.992007221626407e-16, -2.914335439641035e-15, -3.080868893334809e-15,  4.440892098500626e-16,  2.137179322403426e-15,  1.776356839400250e-15, -3.330669073875470e-16,  8.881784197001252e-16,  3.608224830031759e-16,  4.440892098500625e-16, -7.216449660063516e-16, -1.026956297778270e-15,  2.220446049250313e-16,  9.159339953157541e-16,  6.106226635438361e-16, -8.881784197001252e-16, -8.326672684688672e-16
  2.483333333333333e+00,  3.559808575633192e-01,  1.907591783163209e-01,  9.879851521321538e-01, -5.408236441883527e-02, -2.114235546622298e+00, -2.174674094289327e+00,  2.104789337925698e-03, -1.931449656087603e-14, -1.008273415970014e-02,  6.744099411155820e-03, -1.139002718576823e-03, -3.230677782576106e-02,  1.190932008283167e-02, -2.510554273364215e-03, -5.705013145814159e-02,  1.713519667973430e-02, -3.934151583161436e-03, -8.208404983165901e-02,  2.210388765126760e-02, -5.338529384758537e-03, -1.058859521341438e-01,  2.704944127693057e-02, -6.622948762012846e-03, -1.295770178300062e-01,  2.962149007053632e-02, -8.014807434387150e-03, -1.418981008783058e-01,  4.440892098500627e-16,  3.608224830031760e-16, -5.551115123125784e-16,  5.551115123125783e-16, -2.775557561562891e-16,  5.551115123125783e-16,  4.440892098500627e-16, -3.608224830031759e-16, -1.137978600240786e-15, -2.220446049250314e-16, -2.220446049250314e-16, -3.608224830031760e-16,  5.551115123125783e-16,  3.885780586188048e-16, -8.881784197001252e-16,  1.110223024625157e-16, -6.383782391594650e-16, -5.828670879282072e-16, -1.942890293094024e-16, -1.054711873393899e-15
  2.491666666666667e+00,  3.464920296416276e-01,  1.909384360956696e-01,  9.871218630997807e-01, -5.081903305193784e-02, -2.114894253229614e+00, -2.177343745020903e+00,  2.076202740328129e-03, -1.839508910899120e-14, -1.009218965510007e-02,  6.652503139450537e-03, -1.038134222218879e-03, -3.233707482503411e-02,  1.174757138197273e-02, -2.288223079144545e-03, -5.710363254697744e-02,  1.690247173971362e-02, -3.585748591464422e-03, -8.216102749904561e-02,  2.180367948767586e-02, -4.865756648453775e-03, -1.059852510067149e-01,  2.668206413404182e-02, -6.036429632280821e-03, -1.296985339662063e-01,  2.921918015666677e-02, -7.305027236720571e-03, -1.420311716129338e-01,  1.110223024625156e-16,  1.360023205165816e-15,  1.415534356397074e-15,  4.440892098500626e-16, -1.332267629550188e-15, -1.526556658859590e-15,  2.220446049250313e-16, -1.915134717478395e-15, -1.804112415015879e-15, -2.220446049250313e-16,  1.859623566247137e-15,  9.436895709313831e-16,  3.330669073875470e-16,  8.326672684688674e-17, -5.273559366969494e-16,  3.330669073875469e-16,  5.273559366969493e-16,  1.054711873393899e-15, -1.471045507628332e-15, -1.110223024625157e-16
  2.500000000000000e+00,  3.368943143583765e-01,  1.910779209870081e-01,  9.861482437121289e-01, -4.841090219973097e-02, -2.115503668599040e+00, -2.180225240286362e+00,  2.049539611112359e-03, -3.480911540115102e-14, -1.010295806784342e-02,  6.567069984293214e-03, -9.448469609329944e-04, -3.237157863242102e-02,  1.159670605089447e-02, -2.082602206923453e-03, -5.716456238524492e-02,  1.668540585330895e-02, -3.263531426646207e-03, -8.224869369283111e-02,  2.152367103164715e-02, -4.428517318382613e-03, -1.060983377564412e-01,  2.633940620852234e-02, -5.493993041373261e-03, -1.298369228977913e-01,  2.884393993508062e-02, -6.648593829519009e-03, -1.421827195255472e-01,  0.000000000000000e+00,  7.216449660063518e-16,  2.775557561562892e-16,  0.000000000000000e+00, -1.387778780781445e-15, -1.360023205165816e-15,  4.440892098500625e-16,  2.775557561562891e-16,  4.440892098500625e-16,  3.330669073875470e-16, -5.551115123125783e-16, -1.110223024625157e-15,  1.110223024625157e-16, -2.775557561562891e-16, -2.498001805406602e-16, -1.110223024625157e-16,  5.273559366969494e-16,  0.000000000000000e+00, -6.661338147750938e-16, -2.775557561562891e-16
  2.508333333333334e+00,  3.271771806783108e-01,  1.911729183827757e-01,  9.850680869055181e-01, -4.687179178712476e-02, -2.116004225617999e+00, -2.183282991291670e+00,  2.025236762537045e-03, -2.944532684970758e-14, -1.011538407822501e-02,  6.489199565711947e-03, -8.603111435175864e-04, -3.241139366181515e-02,  1.145919566094446e-02, -1.896270994358666e-03, -5.723487124343393e-02,  1.648755513127741e-02, -2.971542027089314e-03, -8.234985447324168e-02,  2.126844955894939e-02, -4.032296187410484e-03, -1.062288321164819e-01,  2.602708113940701e-02, -5.002443391694563e-03, -1.299966142418952e-01,  2.850191682861284e-02, -6.053741607608336e-03, -1.423575954320524e-01,  1.110223024625157e-16,  1.082467449009528e-15,  7.216449660063518e-16,  2.220446049250313e-16, -1.165734175856414e-15, -6.661338147750939e-16,  6.661338147750939e-16,  1.665334536937735e-16, -1.054711873393899e-15, -1.110223024625157e-16,  5.551115123125783e-16,  7.771561172376096e-16, -5.551115123125783e-16, -7.494005416219807e-16, -3.053113317719180e-16,  7.771561172376096e-16, -6.383782391594650e-16, -1.720845688168993e-15, -1.387778780781446e-16, -1.276756478318930e-15
  2.516666666666667e+00,  3.173312041122412e-01,  1.912187690699745e-01,  9.838858511590463e-01, -4.619424500286454e-02, -2.116332223691517e+00, -2.186482323782788e+00,  2.003837645156106e-03, -3.106209655886384e-14, -1.012957929451704e-02,  6.420633190771914e-03, -7.856211226240673e-04, -3.245687752477958e-02,  1.133811516430906e-02, -1.731641579441846e-03, -5.731519062331503e-02,  1.631334383210536e-02, -2.713560321550213e-03, -8.246541844852712e-02,  2.104372222978333e-02, -3.682222509049615e-03, -1.063779061640799e-01,  2.575207301461733e-02, -4.568144005570176e-03, -1.301790423179302e-01,  2.820075902078610e-02, -5.528171189693581e-03, -1.425573700369204e-01,  6.661338147750940e-16,  1.665334536937735e-16, -3.330669073875470e-16, -1.110223024625156e-16,  1.082467449009527e-15,  8.881784197001250e-16, -1.110223024625156e-16, -5.551115123125782e-16, -1.387778780781445e-16,  5.551115123125782e-16, -9.436895709313829e-16, -1.276756478318930e-15,  2.220446049250313e-16,  3.053113317719180e-16,  1.942890293094023e-16,  3.330669073875470e-16, -4.718447854656915e-16, -8.049116928532385e-16, -1.387778780781446e-16, -2.775557561562891e-16
  2.525000000000000e+00,  3.073486632139602e-01,  1.912107815865844e-01,  9.826065370641036e-01, -4.634124675050538e-02, -2.116420066168296e+00, -2.189791652952676e+00,  1.986040662481192e-03, -2.631240285300532e-14, -1.014534482819641e-02,  6.363608661915330e-03, -7.218071169361413e-04, -3.250739294902569e-02,  1.123741626809308e-02, -1.590984738137955e-03, -5.740439517385319e-02,  1.616845769418331e-02, -2.493144718128826e-03, -8.259376645721550e-02,  2.085682347544739e-02, -3.383124939827585e-03, -1.065434712298411e-01,  2.552335728098768e-02, -4.197085286390328e-03, -1.303816511347405e-01,  2.795029540627191e-02, -5.079131904024124e-03, -1.427792443075878e-01,  3.330669073875470e-16, -2.581268532253489e-15, -2.331468351712829e-15, -5.551115123125783e-16,  1.970645868709653e-15,  1.887379141862766e-15,  9.992007221626409e-16, -2.109423746787797e-15, -2.081668171172169e-15, -3.330669073875470e-16,  2.248201624865942e-15,  1.693090112553364e-15,  2.220446049250313e-16,  5.551115123125783e-17,  4.996003610813204e-16, -5.551115123125783e-16,  1.665334536937735e-16, -4.718447854656915e-16, -3.247402347028583e-15,  2.803313137178520e-15
  2.533333333333334e+00,  2.972239734105439e-01,  1.911441766188801e-01,  9.812356541458888e-01, -4.724033450928371e-02, -2.116196846509210e+00, -2.193184536688592e+00,  1.972734756270026e-03, -2.103882025534258e-14, -1.016212948616336e-02,  6.320974298198284e-03, -6.698311942940692e-04, -3.256117381910505e-02,  1.116212878298929e-02, -1.476421030285979e-03, -5.749936613393309e-02,  1.606013363741565e-02, -2.313618229786102e-03, -8.273041120846883e-02,  2.071708870464543e-02, -3.139512711592874e-03, -1.067197388435800e-01,  2.535235806415796e-02, -3.894861361189247e-03, -1.305973571020200e-01,  2.776303639594412e-02, -4.713393522304985e-03, -1.430154610967958e-01,  2.220446049250313e-16,  1.110223024625157e-15,  9.159339953157541e-16, -3.330669073875470e-16,  4.996003610813204e-16, -8.326672684688674e-17,  4.440892098500625e-16, -1.026956297778270e-15, -7.494005416219805e-16, -3.330669073875470e-16,  1.665334536937735e-16,  2.220446049250313e-16,  7.771561172376096e-16,  2.775557561562891e-17, -6.383782391594650e-16,  3.330669073875470e-16, -1.387778780781446e-15, -7.771561172376096e-16,  1.554312234475219e-15,  1.110223024625157e-16
  2.541666666666667e+00,  2.869537320552488e-01,  1.910141053827954e-01,  9.797793847935155e-01, -4.878343295925164e-02, -2.115591111602977e+00, -2.196639464498265e+00,  1.964964730785928e-03, -1.642790488298827e-14, -1.017904714526239e-02,  6.296077828380736e-03, -6.305250194728848e-04, -3.261538084716956e-02,  1.111816442098669e-02, -1.389783585508683e-03, -5.759508964105807e-02,  1.599687746623879e-02, -2.177853453001051e-03, -8.286813872859161e-02,  2.063549014893184e-02, -2.955283854357337e-03, -1.068974031965299e-01,  2.525250253756989e-02, -3.666308103586438e-03, -1.308147723168758e-01,  2.765368591216994e-02, -4.436808210533894e-03, -1.432535496606953e-01,  3.330669073875470e-16, -2.886579864025407e-15, -2.664535259100376e-15, -1.110223024625156e-16,  1.332267629550188e-15,  9.714451465470118e-16, -3.330669073875469e-16,  1.276756478318930e-15,  8.326672684688672e-16,  1.110223024625156e-16, -1.110223024625156e-15, -4.718447854656914e-16,  2.220446049250313e-16,  7.216449660063518e-16,  5.551115123125783e-16,  2.220446049250313e-16, -3.608224830031758e-16, -5.828670879282071e-16, -7.216449660063516e-16,  4.163336342344337e-16
  2.550000000000000e+00,  2.765361698985852e-01,  1.908157609460161e-01,  9.782451191190487e-01, -5.083596716632590e-02, -2.114538129670092e+00, -2.200134304444126e+00,  1.963749915241817e-03,  7.674451126870559e-15, -1.019498920197556e-02,  6.292185354882531e-03, -6.044394403958619e-04, -3.266646188102033e-02,  1.111129075114651e-02, -1.332286565529708e-03, -5.768529299437462e-02,  1.598698759143980e-02, -2.087753033933406e-03, -8.299792382039484e-02,  2.062273250829838e-02, -2.833020203743444e-03, -1.070648220562015e-01,  2.523689048521682e-02, -3.514628523860966e-03, -1.310196496979299e-01,  2.763658935741354e-02, -4.253252113880117e-03, -1.434779082064634e-01, -1.110223024625157e-16,  2.220446049250314e-16,  4.163336342344338e-16,  0.000000000000000e+00, -1.387778780781446e-15, -9.159339953157543e-16,  0.000000000000000e+00,  1.082467449009528e-15,  8.604228440844964e-16, -2.220446049250314e-16, -5.273559366969495e-16,  1.387778780781446e-16,  1.110223024625157e-16,  4.996003610813204e-16, -1.665334536937735e-16,  2.220446049250313e-16, -4.163336342344336e-16, -3.053113317719180e-16, -8.604228440844963e-16,  1.387778780781446e-16
  2.558333333333334e+00,  2.659702973155805e-01,  1.905445663701539e-01,  9.766422021613774e-01, -5.325221792071880e-02, -2.112989609781303e+00, -2.203637200852413e+00,  1.969808091358317e-03,  8.930396678232861e-15, -1.020880787299146e-02,  6.311596771179141e-03, -5.916726304265120e-04, -3.271073922948233e-02,  1.114556912634801e-02, -1.304146361173011e-03, -5.776348180555763e-02,  1.603630751036873e-02, -2.043656066704438e-03, -8.311042232142704e-02,  2.068635371833270e-02, -2.773181900552627e-03, -1.072099417343758e-01,  2.531474639055698e-02, -3.440393470090038e-03, -1.311972386485653e-01,  2.772184834310414e-02, -4.163416048086285e-03, -1.436723835482652e-01, -2.220446049250313e-16,  9.159339953157539e-16, -2.498001805406602e-16, -1.110223024625156e-16,  3.053113317719180e-16,  8.326672684688672e-16,  4.440892098500625e-16, -6.661338147750938e-16, -5.828670879282071e-16,  1.110223024625156e-16, -9.992007221626407e-16, -2.775557561562891e-16, -3.330669073875470e-16,  1.720845688168993e-15,  1.165734175856414e-15,  3.330669073875470e-16, -1.193489751472043e-15, -6.661338147750939e-16,  8.049116928532385e-16,  6.661338147750939e-16
  2.566666666666667e+00,  2.552553689945438e-01,  1.901963967420345e-01,  9.749823713310724e-01, -5.588845788098576e-02, -2.110919791807399e+00, -2.207100331672336e+00,  1.983357678065049e-03,  1.588666932880233e-14, -1.021947950660613e-02,  6.355011928284205e-03, -5.917953182095575e-04, -3.274493294029975e-02,  1.122223540466798e-02, -1.304416785761430e-03, -5.782386404817091e-02,  1.614661538257105e-02, -2.044079834245975e-03, -8.319730063153027e-02,  2.082864755129352e-02, -2.773756940795546e-03, -1.073220121378593e-01,  2.548887723754964e-02, -3.441106861733653e-03, -1.313343838352393e-01,  2.791253676073786e-02, -4.164279363959737e-03, -1.438225694520544e-01, -1.110223024625157e-16,  4.440892098500626e-16,  4.996003610813204e-16, -3.330669073875470e-16,  1.471045507628332e-15,  1.582067810090848e-15,  1.110223024625156e-16, -4.718447854656914e-16, -7.771561172376094e-16, -4.440892098500626e-16, -1.110223024625157e-16,  3.330669073875470e-16,  8.881784197001250e-16, -1.582067810090848e-15, -1.942890293094024e-15, -4.440892098500625e-16,  1.720845688168992e-15,  1.582067810090848e-15, -4.718447854656915e-16, -1.498801083243961e-15
  2.575000000000000e+00,  2.443908672720624e-01,  1.897677900389916e-01,  9.732796817910832e-01, -5.861054461648948e-02, -2.108325615780811e+00, -2.210459252134350e+00,  2.004071256464058e-03,  2.786672400492300e-14, -1.022619929116812e-02,  6.421381720928229e-03, -6.038955060805079e-04, -3.276646426142740e-02,  1.133943698433902e-02, -1.331087642545597e-03, -5.786188593656071e-02,  1.631524567421030e-02, -2.085874267676353e-03, -8.325200673826590e-02,  2.104617554881460e-02, -2.830470772584080e-03, -1.073925813679553e-01,  2.575507524251194e-02, -3.511465714325179e-03, -1.314207423200099e-01,  2.820404672132256e-02, -4.249424618032229e-03, -1.439171395015086e-01,  2.220446049250313e-16, -1.776356839400250e-15, -8.049116928532383e-16, -2.220446049250313e-16,  9.992007221626409e-16,  9.992007221626409e-16,  3.330669073875470e-16,  6.383782391594650e-16,  9.714451465470120e-16,  2.220446049250313e-16, -7.494005416219807e-16, -1.221245327087672e-15, -6.661338147750939e-16,  1.137978600240785e-15,  1.776356839400250e-15,  3.330669073875470e-16, -1.471045507628332e-15, -1.526556658859590e-15,  1.776356839400250e-15,  1.942890293094024e-16
  2.583333333333333e+00,  2.333767704483656e-01,  1.892561041335478e-01,  9.715501614322027e-01, -6.129860793096314e-02, -2.105223785856507e+00, -2.213635596221353e+00,  2.031115178988473e-03,  3.611016749407388e-14, -1.022842578692787e-02,  6.508035001941754e-03, -6.266677105789943e-04, -3.277359832868452e-02,  1.149245692026585e-02, -1.381281425611280e-03, -5.787448389596493e-02,  1.653541161816877e-02, -2.164530185694121e-03, -8.327013275305650e-02,  2.133018298570888e-02, -2.937204567881960e-03, -1.074159633811488e-01,  2.610262688624612e-02, -3.643879045133444e-03, -1.314493558563477e-01,  2.858464598982660e-02, -4.409665529830051e-03, -1.439484738116672e-01, -3.330669073875470e-16, -5.551115123125784e-16,  3.053113317719181e-16, -5.551115123125782e-16,  3.330669073875469e-16,  4.440892098500625e-16, -2.220446049250313e-16,  9.992007221626407e-16,  4.163336342344336e-16,  7.771561172376097e-16, -1.082467449009528e-15, -2.775557561562892e-16,  1.110223024625157e-16, -1.693090112553364e-15, -9.436895709313831e-16, -7.771561172376094e-16,  2.997602166487922e-15,  1.637578961322106e-15, -5.551115123125782e-16,  8.881784197001252e-16
  2.591666666666667e+00,  2.222139503827379e-01,  1.886596200668886e-01,  9.698114053753140e-01, -6.385069935309509e-02, -2.101647297874174e+00, -2.216541231397253e+00,  2.063217066398380e-03,  5.221194393010293e-14, -1.022589985828726e-02,  6.610894854011349e-03, -6.584859136808175e-04, -3.276550482807176e-02,  1.167409583559308e-02, -1.451414116677979e-03, -5.786019168533045e-02,  1.679675471055575e-02, -2.274431270312498e-03, -8.324956904006729e-02,  2.166730770392801e-02, -3.086337146336797e-03, -1.073894368106961e-01,  2.651518034344293e-02, -3.828892061780298e-03, -1.314168941952649e-01,  2.903642789579245e-02, -4.633560316698487e-03, -1.439129254703323e-01, -2.220446049250313e-16, -1.776356839400250e-15, -1.831867990631508e-15,  3.330669073875470e-16,  8.326672684688674e-17,  1.665334536937735e-16, -1.110223024625157e-15,  1.498801083243961e-15,  1.998401444325282e-15,  4.440892098500626e-16, -8.881784197001252e-16, -3.330669073875470e-16, -3.330669073875470e-16,  1.693090112553364e-15,  1.776356839400250e-15,  2.220446049250313e-16, -1.915134717478395e-15, -1.193489751472043e-15,  2.498001805406602e-16,  2.026157019940911e-15
  2.600000000000000e+00,  2.109047007775185e-01,  1.879776485976711e-01,  9.680821954758546e-01, -6.618551093045447e-02, -2.097642400939319e+00, -2.219083005803554e+00,  2.098738526999959e-03,  6.471241797930177e-14, -1.021865205767529e-02,  6.724711594303680e-03, -6.974477046941391e-04, -3.274228165466193e-02,  1.187508338162130e-02, -1.537292481416331e-03, -5.781918217630945e-02,  1.708593672155395e-02, -2.409006534527439e-03, -8.319056432799071e-02,  2.204034378871719e-02, -3.268951869529456e-03, -1.073133225091624e-01,  2.697168002478632e-02, -4.055442834077080e-03, -1.313237499772981e-01,  2.953633473819242e-02, -4.907722307003402e-03, -1.438109244530357e-01,  2.220446049250313e-16,  1.137978600240785e-15,  9.436895709313831e-16, -3.330669073875470e-16, -1.304512053934559e-15, -1.110223024625157e-16,  1.110223024625157e-16,  1.276756478318930e-15,  1.082467449009528e-15, -3.330669073875468e-16, -8.326672684688670e-17,  1.387778780781445e-16,  4.440892098500625e-16, -2.220446049250313e-15, -1.526556658859590e-15, -6.661338147750939e-16,  2.137179322403426e-15,  2.053912595556540e-15, -3.330669073875469e-16,  1.082467449009527e-15
  2.608333333333333e+00,  1.994533847890831e-01,  1.872106765961775e-01,  9.663822143095182e-01, -6.824383073441789e-02, -2.093266435591577e+00, -2.221167295635228e+00,  2.135738329126855e-03,  7.090193916726175e-14, -1.020700359454122e-02,  6.843265189730610e-03, -7.414032366051570e-04, -3.270495801758101e-02,  1.208443568037270e-02, -1.634177894189886e-03, -5.775327283642453e-02,  1.738715398578864e-02, -2.560830338549503e-03, -8.309573359924995e-02,  2.242890498771257e-02, -3.474972360107497e-03, -1.071909937251679e-01,  2.744717843031342e-02, -4.311030666345468e-03, -1.311740511862281e-01,  3.005704683545482e-02, -5.217023697060233e-03, -1.436469912609258e-01, -6.661338147750939e-16, -1.110223024625157e-16,  9.714451465470120e-16,  7.771561172376096e-16, -1.387778780781446e-15, -1.776356839400250e-15, -7.771561172376096e-16,  1.387778780781446e-15,  1.998401444325282e-15,  3.330669073875470e-16, -6.106226635438361e-16, -1.387778780781446e-16, -1.110223024625157e-16, -2.775557561562892e-17, -4.163336342344338e-16,  0.000000000000000e+00, -2.220446049250313e-16,  4.718447854656915e-16,  3.608224830031759e-16,  1.110223024625157e-15
  2.616666666666667e+00,  1.878671032568811e-01,  1.863605520264096e-01,  9.647319232235257e-01, -6.998953456926074e-02, -2.088584775133774e+00, -2.222704291918472e+00,  2.172051518549129e-03,  9.506327658984391e-16, -1.019158727332463e-02,  6.959618762557031e-03, -7.880071397938513e-04, -3.265556152883499e-02,  1.228990298703130e-02, -1.736900764143032e-03, -5.766604419996526e-02,  1.768278150163380e-02, -2.721801700763077e-03, -8.297022854678134e-02,  2.281025557973769e-02, -3.693405821290335e-03, -1.070290959873578e-01,  2.791385291807380e-02, -4.582017958257263e-03, -1.309759302302376e-01,  3.056809597569235e-02, -5.544960849922007e-03, -1.434300315880389e-01,  3.330669073875470e-16, -2.359223927328458e-15, -1.443289932012704e-15, -4.440892098500626e-16,  1.110223024625157e-16, -3.608224830031759e-16,  4.440892098500627e-16,  4.163336342344338e-16,  6.938893903907229e-16, -4.440892098500627e-16,  6.106226635438362e-16, -3.330669073875471e-16,  1.110223024625157e-16, -4.440892098500626e-16,  1.665334536937735e-16,  0.000000000000000e+00, -2.498001805406602e-16, -8.326672684688674e-16, -2.081668171172169e-15,  1.387778780781446e-16
  2.625000000000000e+00,  1.761564300148208e-01,  1.854306673694620e-01,  9.631520311815894e-01, -7.140125240294384e-02, -2.083674181600318e+00, -2.223614100002677e+00,  2.205324712550097e-03, -1.720853457597902e-15, -1.017317842922869e-02,  7.066231678169890e-03, -8.347322837192207e-04, -3.259657649295897e-02,  1.247816938993805e-02, -1.839890869307978e-03, -5.756188326913722e-02,  1.795366026041700e-02, -2.883191832655070e-03, -8.282036121400131e-02,  2.315968102043321e-02, -3.912407540770044e-03, -1.068357716416398e-01,  2.834145927799834e-02, -4.853710228251314e-03, -1.307393512347627e-01,  3.103636211897222e-02, -5.873751137099825e-03, -1.431709570181212e-01,  1.110223024625157e-16, -6.938893903907228e-16, -6.383782391594650e-16, -2.220446049250314e-16,  1.859623566247138e-15,  5.551115123125784e-16,  1.110223024625157e-16, -1.665334536937735e-15, -9.436895709313831e-16, -8.881784197001252e-16,  2.775557561562891e-16,  4.996003610813204e-16,  5.551115123125783e-16,  3.608224830031759e-16,  2.220446049250313e-16, -1.110223024625156e-16,  2.220446049250313e-16, -2.775557561562891e-17,  8.326672684688673e-17, -2.775557561562891e-16
  2.633333333333334e+00,  1.643358015520720e-01,  1.844260997962071e-01,  9.616637129664418e-01, -7.247571506044047e-02, -2.078612683485100e+00, -2.223830254863899e+00,  2.233211501996945e-03, -3.552729675994341e-15, -1.015282522675903e-02,  7.155585646710440e-03, -8.790226892520983e-04, -3.253136140548422e-02,  1.263595843590688e-02, -1.937514400015740e-03, -5.744672076876740e-02,  1.818068802671774e-02, -3.036172300735555e-03, -8.265466476109655e-02,  2.345254000149964e-02, -4.119997590834474e-03, -1.066220282077231e-01,  2.869984292235034e-02, -5.111245246984612e-03, -1.304777845567606e-01,  3.142882336998062e-02, -6.185408928359440e-03, -1.428845187632304e-01, -4.440892098500626e-16,  2.636779683484747e-15,  2.858824288409778e-15, -1.110223024625157e-16, -8.049116928532385e-16, -1.082467449009528e-15,  5.551115123125783e-16, -1.665334536937735e-15, -1.720845688168993e-15, -4.440892098500626e-16,  4.163336342344337e-16,  9.159339953157541e-16, -2.220446049250313e-16, -5.551115123125783e-17,  0.000000000000000e+00, -2.220446049250313e-16,  9.714451465470118e-16,  2.498001805406602e-16,  2.498001805406602e-16, -1.054711873393899e-15
  2.641666666666667e+00,  1.524238900841287e-01,  1.833535367382495e-01,  9.602879986833870e-01, -7.321684006037654e-02, -2.073482080048943e+00, -2.223304343126601e+00,  2.253458790504559e-03, -1.297578984447533e-15, -1.013165284547199e-02,  7.220461368013039e-03, -9.183323278610604e-04, -3.246352153114443e-02,  1.275052165383986e-02, -2.024159479613071e-03, -5.732692319039100e-02,  1.834552222866032e-02, -3.171949041600285e-03, -8.248229933191240e-02,  2.366517115764525e-02, -4.304242682976579e-03, -1.063996819952584e-01,  2.896004846006329e-02, -5.339818645568425e-03, -1.302056903029346e-01,  3.171377105790785e-02, -6.462018613873134e-03, -1.425865518974594e-01,  6.661338147750939e-16,  3.053113317719180e-16, -6.661338147750939e-16, -4.440892098500626e-16, -1.332267629550188e-15, -9.159339953157541e-16, -3.330669073875470e-16,  4.440892098500626e-16,  8.881784197001252e-16,  4.440892098500626e-16, -7.771561172376096e-16, -1.249000902703301e-15, -6.661338147750939e-16,  2.220446049250313e-16,  5.273559366969494e-16,  9.992007221626409e-16, -2.220446049250313e-16,  4.440892098500626e-16,  7.771561172376096e-16, -6.106226635438361e-16
  2.650000000000000e+00,  1.404434440948879e-01,  1.822210462010476e-01,  9.590455606164910e-01, -7.363372358376170e-02, -2.068364727697642e+00, -2.222007594628382e+00,  2.264050198091276e-03, -4.447850888155545e-15, -1.011083548371851e-02,  7.254398021140304e-03, -9.501985494400543e-04, -3.239681919919473e-02,  1.281044996152961e-02, -2.094398011484364e-03, -5.720913438372940e-02,  1.843174741463272e-02, -3.282015983507985e-03, -8.231282413478874e-02,  2.377639905068348e-02, -4.453600324984224e-03, -1.061810640951332e-01,  2.909616263185475e-02, -5.525110874723768e-03, -1.299381585390470e-01,  3.186282791076238e-02, -6.686251291665011e-03, -1.422935813548745e-01, -1.110223024625157e-16, -7.771561172376096e-16, -1.332267629550188e-15, -1.110223024625157e-16,  1.026956297778270e-15,  1.387778780781446e-15,  0.000000000000000e+00, -3.330669073875470e-16, -9.992007221626411e-16, -1.110223024625157e-16, -8.049116928532385e-16, -2.498001805406602e-16,  2.220446049250313e-16,  5.551115123125783e-16,  3.885780586188048e-16, -1.221245327087672e-15,  2.081668171172169e-15,  2.831068712794149e-15, -1.471045507628332e-15, -1.137978600240785e-15
  2.658333333333334e+00,  1.284205126435076e-01,  1.810376973634532e-01,  9.579565704955842e-01, -7.374228129482580e-02, -2.063342944312483e+00, -2.219929411058292e+00,  2.263283323904573e-03, -2.629852510208307e-15, -1.009157997113024e-02,  7.251940827124582e-03, -9.722820835079846e-04, -3.233512129490346e-02,  1.280611083361219e-02, -2.143073848612449e-03, -5.710018283278252e-02,  1.842550425299238e-02, -3.358293211924029e-03, -8.215606403086469e-02,  2.376834556019270e-02, -4.557106307539482e-03, -1.059788482822280e-01,  2.908630724254483e-02, -5.653519799678449e-03, -1.296906986875323e-01,  3.185203540257089e-02, -6.841646243873878e-03, -1.420225913015350e-01,  4.440892098500626e-16, -2.498001805406602e-15, -1.887379141862766e-15, -4.440892098500626e-16,  4.718447854656915e-16, -8.326672684688674e-17, -1.110223024625157e-16, -1.387778780781446e-15,  1.665334536937735e-16,  4.440892098500626e-16,  8.604228440844963e-16,  4.163336342344337e-16, -5.551115123125783e-16,  3.885780586188048e-16, -3.885780586188048e-16,  1.110223024625157e-16, -7.216449660063518e-16, -1.665334536937735e-16,  6.938893903907228e-16,  1.054711873393899e-15
  2.666666666666667e+00,  1.163831448659392e-01,  1.798131042815160e-01,  9.570405716981560e-01, -7.357050197430968e-02, -2.058499126959049e+00, -2.217073614700265e+00,  2.249797818669830e-03, -8.777739765202386e-15, -1.007513680580409e-02,  7.208730997866804e-03, -9.824003668102925e-04, -3.228243462472730e-02,  1.272980714115539e-02, -2.165376253116490e-03, -5.700714410645891e-02,  1.831571807136788e-02, -3.393242083945942e-03, -8.202219938845196e-02,  2.362672469236044e-02, -4.604530911418184e-03, -1.058061669252058e-01,  2.891299993079424e-02, -5.712354489670391e-03, -1.294793813708309e-01,  3.166224882762497e-02, -6.912845452523017e-03, -1.417911804663065e-01, -3.330669073875470e-16,  1.054711873393899e-15,  1.026956297778270e-15,  4.440892098500626e-16, -1.942890293094024e-16, -1.110223024625157e-16,  2.220446049250313e-16,  3.608224830031759e-16,  4.440892098500626e-16, -8.881784197001252e-16, -6.661338147750939e-16, -1.665334536937735e-16,  5.551115123125783e-16,  2.220446049250313e-16, -8.881784197001252e-16, -2.220446049250313e-16,  0.000000000000000e+00,  1.054711873393899e-15,  1.665334536937735e-16,  1.360023205165816e-15
  2.675000000000000e+00,  1.043600101604222e-01,  1.785569870084237e-01,  9.563159689812780e-01, -7.316206696667105e-02, -2.053913942500686e+00, -2.213456758059554e+00,  2.222629113252144e-03, -2.151066628628131e-16, -1.006277646174534e-02,  7.121677891449628e-03, -9.786054515180443e-04, -3.224283000136349e-02,  1.257608115858486e-02, -2.157011619163653e-03, -5.693720680160448e-02,  1.809453626352256e-02, -3.380134325941957e-03, -8.192157320111555e-02,  2.334140682163306e-02, -4.586744064627047e-03, -1.056763621740696e-01,  2.856384465498155e-02, -5.690288230161980e-03, -1.293205339297007e-01,  3.127989344254864e-02, -6.886141815347351e-03, -1.416172287069266e-01, -6.661338147750941e-16,  1.443289932012704e-15,  7.216449660063519e-16, -1.110223024625157e-16,  3.053113317719180e-16,  3.885780586188048e-16, -6.661338147750939e-16,  9.436895709313831e-16,  3.885780586188048e-16,  1.110223024625157e-16,  3.608224830031759e-16,  1.748601263784622e-15, -2.220446049250313e-16, -1.276756478318930e-15, -1.554312234475219e-15,  0.000000000000000e+00, -1.221245327087672e-15, -6.661338147750939e-16,  2.775557561562891e-17,  1.110223024625157e-15
  2.683333333333334e+00,  9.237925789175792e-02,  1.772787624237796e-01,  9.557990014029206e-01, -7.257495457181297e-02, -2.049661655206100e+00, -2.209110977232293e+00,  2.181328953964233e-03, -4.454789538424418e-15, -1.005569146749761e-02,  6.989345227597569e-03, -9.593360522896184e-04, -3.222012848689283e-02,  1.234239657667766e-02, -2.114538610315042e-03, -5.689711848358102e-02,  1.775830957348823e-02, -3.313577208732139e-03, -8.186389390377928e-02,  2.290768451772484e-02, -4.496427990508484e-03, -1.056019576176615e-01,  2.803308073801138e-02, -5.578242629551401e-03, -1.292294819975114e-01,  3.069866080504663e-02, -6.750549053718799e-03, -1.415175189244750e-01,  2.220446049250313e-16,  6.106226635438360e-16,  1.387778780781445e-16,  0.000000000000000e+00,  0.000000000000000e+00,  0.000000000000000e+00, -8.881784197001250e-16, -1.387778780781445e-16,  3.053113317719180e-16,  1.110223024625156e-15, -2.720046410331633e-15, -2.137179322403426e-15, -1.110223024625156e-16,  3.885780586188047e-16,  5.273559366969493e-16, -8.881784197001252e-16,  1.998401444325282e-15,  1.970645868709653e-15,  1.026956297778270e-15, -1.609823385706477e-15
  2.691666666666667e+00,  8.046761755548466e-02,  1.759871582360613e-01,  9.555025315329132e-01, -7.187654860230298e-02, -2.045805310618967e+00, -2.204088757174432e+00,  2.126086614209294e-03, -5.308277197361361e-15, -1.005485090470689e-02,  6.812339470151198e-03, -9.235955189262319e-04, -3.221743518220108e-02,  1.202982434228259e-02, -2.035760441212816e-03, -5.689236241079446e-02,  1.730857888561228e-02, -3.190128270765543e-03, -8.185705083950283e-02,  2.232754547503318e-02, -4.328911368732685e-03, -1.055931302708543e-01,  2.732314060370814e-02, -5.370422474801325e-03, -1.292186796082199e-01,  2.992121463070440e-02, -6.499054050340667e-03, -1.415056893689688e-01, -1.110223024625157e-16,  5.551115123125784e-16, -1.387778780781446e-16,  2.220446049250313e-16, -2.775557561562891e-16, -1.942890293094024e-16,  0.000000000000000e+00, -2.220446049250313e-16,  2.498001805406602e-16,  2.220446049250313e-16, -1.471045507628332e-15, -1.249000902703301e-15, -4.440892098500626e-16,  1.387778780781446e-15,  1.360023205165817e-15,  1.110223024625157e-16, -6.106226635438361e-16, -2.498001805406602e-16,  1.276756478318930e-15, -4.996003610813204e-16
  2.700000000000000e+00,  6.864961459559550e-02,  1.746898808932456e-01,  9.554350539912470e-01, -7.113835404473987e-02, -2.042394900105355e+00, -2.198465644874916e+00,  2.057758391630105e-03, -9.041418484465493e-15, -1.006086100272517e-02,  6.593404340940892e-03, -8.710900429785653e-04, -3.223669254811787e-02,  1.164320955916808e-02, -1.920029508460782e-03, -5.692636875036181e-02,  1.675231536243257e-02, -3.008772688425934e-03, -8.190597935204537e-02,  2.160998228327668e-02, -4.082817113077656e-03, -1.056562465784223e-01,  2.644502885594462e-02, -5.065119360732580e-03, -1.292959176435633e-01,  2.895960591757330e-02, -6.129589366797746e-03, -1.415902717332861e-01, -3.330669073875470e-16, -4.163336342344337e-16,  2.220446049250313e-16, -2.220446049250313e-16,  5.551115123125783e-17,  3.330669073875470e-16, -3.330669073875470e-16,  8.326672684688674e-17, -7.494005416219807e-16,  2.220446049250313e-16,  3.885780586188048e-16,  6.661338147750939e-16,  0.000000000000000e+00, -2.775557561562891e-16, -1.387778780781445e-16, -5.551115123125783e-16,  1.915134717478395e-15,  1.387778780781446e-15, -2.831068712794149e-15,  6.938893903907229e-16
  2.708333333333333e+00,  5.694684268278526e-02,  1.733933253107225e-01,  9.556000710220013e-01, -7.043150113976784e-02, -2.039468551274361e+00, -2.192339415597873e+00,  1.977787435273318e-03, -2.803325447789681e-15, -1.007386952952906e-02,  6.337163932476736e-03, -8.023266413696773e-04, -3.227837405820014e-02,  1.119071785397234e-02, -1.768463362974144e-03, -5.699997360326153e-02,  1.610126775345419e-02, -2.771261714222816e-03, -8.201188242814170e-02,  2.077015047548526e-02, -3.760521622391278e-03, -1.057928583570844e-01,  2.541729194713304e-02, -4.665281433967348e-03, -1.294630951257495e-01,  2.783414464361541e-02, -5.645722723243572e-03, -1.417733456119011e-01,  6.661338147750938e-16, -1.831867990631508e-15, -1.387778780781445e-15, -7.771561172376094e-16,  1.720845688168992e-15,  9.714451465470118e-16,  1.110223024625157e-16,  1.054711873393899e-15,  3.885780586188048e-16,  0.000000000000000e+00, -2.303712776097200e-15, -9.992007221626409e-16, -2.220446049250313e-16,  4.996003610813204e-16, -6.938893903907228e-16,  4.440892098500626e-16, -1.304512053934559e-15, -6.661338147750939e-16,  9.159339953157541e-16, -6.938893903907228e-16
  2.716666666666667e+00,  4.537732849281893e-02,  1.721023625546215e-01,  9.559958004399921e-01, -6.982302569319815e-02, -2.037054667014128e+00, -2.185826281864346e+00,  1.888053153540107e-03, -8.659777638797098e-15, -1.009353062692730e-02,  6.049640185707979e-03, -7.186888477969391e-04, -3.234137152446736e-02,  1.068298329626215e-02, -1.584111546565919e-03, -5.711122003433385e-02,  1.537073641774808e-02, -2.482374117540192e-03, -8.217194441849694e-02,  1.982778705404406e-02, -3.368509547813759e-03, -1.059993335040100e-01,  2.426408286319763e-02, -4.178953515393912e-03, -1.297157673004459e-01,  2.657128042844312e-02, -5.057189615493102e-03, -1.420500436123206e-01,  5.551115123125783e-16, -8.326672684688674e-17,  7.771561172376096e-16, -4.440892098500627e-16, -1.942890293094024e-16, -9.436895709313833e-16, -3.330669073875470e-16,  3.330669073875470e-16,  5.551115123125783e-16,  4.440892098500626e-16, -2.220446049250313e-16,  2.220446049250313e-16, -3.330669073875470e-16,  1.221245327087672e-15,  7.494005416219807e-16, -2.220446049250313e-16, -8.326672684688674e-16,  3.885780586188048e-16, -1.110223024625157e-16,  4.440892098500626e-16
  2.725000000000000e+00,  3.395507559523647e-02,  1.708202932266708e-01,  9.566151764358776e-01, -6.937281111888065e-02, -2.035173425542646e+00, -2.179055355663630e+00,  1.790704567607574e-03,  2.615974512189284e-15, -1.011902636550720e-02,  5.737718926302602e-03, -6.224484550199653e-04, -3.242306416350283e-02,  1.013216547872548e-02, -1.371981473986074e-03, -5.725548003516175e-02,  1.457821664562615e-02, -2.149956742717455e-03, -8.237950651859439e-02,  1.880546041655044e-02, -2.917428829159159e-03, -1.062670823619530e-01,  2.301301948543379e-02, -3.619345377660756e-03, -1.300434226488457e-01,  2.520125725337648e-02, -4.379975941670566e-03, -1.424088547075294e-01, -4.440892098500627e-16,  1.387778780781446e-16, -5.828670879282073e-16,  0.000000000000000e+00, -5.551115123125783e-17,  5.828670879282072e-16,  0.000000000000000e+00, -3.608224830031759e-16, -2.498001805406602e-16, -1.110223024625157e-16,  3.330669073875470e-16,  0.000000000000000e+00, -2.220446049250313e-16,  3.053113317719180e-16,  7.771561172376096e-16,  4.440892098500626e-16, -1.221245327087672e-15, -2.775557561562891e-17,  1.748601263784622e-15,  1.387778780781445e-15
  2.733333333333333e+00,  2.268989287757975e-02,  1.695489419215896e-01,  9.574461531889078e-01, -6.913054112373324e-02, -2.033837153159658e+00, -2.172162424675279e+00,  1.688028382296090e-03, -2.192700144727530e-15, -1.014912643350830e-02,  5.408727141509693e-03, -5.166523831054980e-04, -3.251950984916149e-02,  9.551203035729441e-03, -1.138789071424208e-03, -5.742579225492239e-02,  1.374232461694338e-02, -1.784533748511525e-03, -8.262455269776214e-02,  1.772718487434736e-02, -2.421560444014784e-03, -1.065831845529272e-01,  2.169348911958803e-02, -3.004173919233842e-03, -1.304302499702565e-01,  2.375625677334800e-02, -3.635521929474244e-03, -1.428324642580038e-01,  0.000000000000000e+00, -1.221245327087672e-15, -5.273559366969493e-16, -3.330669073875469e-16,  1.609823385706477e-15,  9.436895709313829e-16,  2.220446049250313e-16, -2.581268532253489e-15, -2.192690473634684e-15, -3.330669073875470e-16,  1.887379141862766e-15,  1.915134717478395e-15,  1.221245327087672e-15, -4.440892098500626e-15, -4.163336342344337e-15, -9.992007221626409e-16,  3.913536161803677e-15,  4.385380947269368e-15, -2.220446049250313e-16,  1.804112415015880e-15
  2.741666666666667e+00,  1.158752925213015e-02,  1.682887958191133e-01,  9.584723206765590e-01, -6.913248757471105e-02, -2.033049610323174e+00, -2.165283567713636e+00,  1.582369695785661e-03, -4.253560781997866e-15, -1.018227552326770e-02,  5.070178920725314e-03, -4.048909688172842e-04, -3.262572511387754e-02,  8.953365002955318e-03, -8.924480472631478e-04, -5.761335645114735e-02,  1.288215189482610e-02, -1.398506272229788e-03, -8.289442111761829e-02,  1.661758796888444e-02, -1.897732375376708e-03, -1.069313066868346e-01,  2.033562950643283e-02, -2.354315838726328e-03, -1.308562614197513e-01,  2.226928243489934e-02, -2.849091660722275e-03, -1.432989838357059e-01, -2.220446049250313e-16, -1.054711873393899e-15, -2.442490654175344e-15, -2.220446049250313e-16,  1.859623566247137e-15,  1.582067810090848e-15,  1.110223024625157e-16,  4.440892098500626e-16,  8.049116928532385e-16, -3.330669073875470e-16, -8.326672684688674e-17,  2.220446049250313e-16,  2.220446049250313e-16, -6.938893903907228e-16, -1.665334536937735e-16, -3.330669073875469e-16, -1.193489751472043e-15, -1.054711873393899e-15,  1.276756478318930e-15,  9.436895709313831e-16
  2.750000000000000e+00,  6.500368667314571e-04,  1.670391239901762e-01,  9.596737669200793e-01, -6.939891684131308e-02, -2.032804358885302e+00, -2.158549062385104e+00,  1.476095282441828e-03,  1.110227954031620e-16, -1.021670996304609e-02,  4.729657807501187e-03, -2.910322335950808e-04, -3.273605885648444e-02,  8.352043064306447e-03, -6.414841736816001e-04, -5.780819341551589e-02,  1.201696650935360e-02, -1.005234582741139e-03, -8.317475363715157e-02,  1.550152487865913e-02, -1.364074119948151e-03, -1.072929271941643e-01,  1.896985695562432e-02, -1.692262485226916e-03, -1.312987913870230e-01,  2.077364274170808e-02, -2.047903197634145e-03, -1.437835926265673e-01, -2.220446049250313e-16, -4.440892098500626e-16, -7.216449660063518e-16,  3.330669073875470e-16,  2.775557561562891e-16,  3.053113317719180e-16,  0.000000000000000e+00, -7.216449660063518e-16, -9.159339953157541e-16, -4.440892098500626e-16,  3.080868893334809e-15,  3.635980405647388e-15, -1.110223024625157e-16, -2.609024107869118e-15, -1.637578961322106e-15,  2.220446049250313e-16,  1.304512053934559e-15, -1.387778780781446e-16, -1.942890293094024e-16,  1.526556658859590e-15
  2.758333333333334e+00, -1.012369757344184e-02,  1.657981101923686e-01,  9.610280287165829e-01, -6.993204789641903e-02, -2.033083480650887e+00, -2.152078439988641e+00,  1.371568044873549e-03,  2.492461797878546e-14, -1.025057839222696e-02,  4.394734939534641e-03, -1.789970276085639e-04, -3.284457900585584e-02,  7.760606996301544e-03, -3.945396664009256e-04, -5.799982777847310e-02,  1.116600497009246e-02, -6.182614212471452e-04, -8.345047823580662e-02,  1.440381012161341e-02, -8.389627839473741e-04, -1.076486036223885e-01,  1.762653801872351e-02, -1.040812390565960e-03, -1.317340473388291e-01,  1.930259170795160e-02, -1.259546341942212e-03, -1.442602357381178e-01, -7.771561172376094e-16,  2.109423746787797e-15,  1.332267629550188e-15,  1.221245327087672e-15, -2.969846590872294e-15, -2.720046410331634e-15,  1.110223024625157e-16, -9.436895709313831e-16,  5.551115123125783e-17, -9.992007221626409e-16,  3.413935800722356e-15,  3.830269434956790e-15,  4.440892098500626e-16, -2.414735078559715e-15, -1.915134717478395e-15,  2.220446049250313e-16,  2.248201624865942e-15,  1.360023205165817e-15,  3.053113317719181e-16, -1.304512053934559e-15
  2.766666666666667e+00, -2.073736624062497e-02,  1.645630433567778e-01,  9.625113656353769e-01, -7.071958091544765e-02, -2.033852517718152e+00, -2.145974663959306e+00,  1.271150753365969e-03,  2.334254349129790e-14, -1.028218462344408e-02,  4.072981030848947e-03, -7.269219277622689e-05, -3.294585069205899e-02,  7.192425827444767e-03, -1.602258644757304e-04, -5.817866217171917e-02,  1.034850271050222e-02, -2.510811437431669e-04, -8.370778616607076e-02,  1.334925682770857e-02, -3.407098164727935e-04, -1.079805231030190e-01,  1.633603754901319e-02, -4.226826330547656e-04, -1.321402309315713e-01,  1.788938148828717e-02, -5.115123235597924e-04, -1.447050420886667e-01, -1.110223024625156e-16, -3.608224830031758e-16, -4.163336342344336e-16, -1.110223024625157e-16, -3.885780586188048e-16,  1.942890293094024e-16,  1.110223024625157e-16, -1.387778780781446e-16,  8.881784197001254e-16, -7.771561172376096e-16,  1.110223024625157e-15,  8.881784197001252e-16,  6.661338147750939e-16, -6.383782391594650e-16, -1.276756478318930e-15,  6.661338147750939e-16, -3.885780586188048e-15, -3.608224830031759e-15,  4.218847493575594e-15,  1.110223024625157e-16
  2.775000000000000e+00, -3.119663027438757e-02,  1.633307858069881e-01,  9.640994593297906e-01, -7.173248675472220e-02, -2.035065566661002e+00, -2.140323024595102e+00,  1.177090526682796e-03,  1.287170594341099e-14, -1.030998246861757e-02,  3.771596228151524e-03,  2.418557485020093e-05, -3.303491966814952e-02,  6.660214205920008e-03,  5.330908986458083e-05, -5.833594795311998e-02,  9.582753637801091e-03,  8.353774404263016e-05, -8.393408983248074e-02,  1.236146358621974e-02,  1.133582913270475e-04, -1.082724480170130e-01,  1.512723411585899e-02,  1.406316423734044e-04, -1.324974715194256e-01,  1.656563662696956e-02,  1.701863585449744e-04, -1.450962515934153e-01, -5.551115123125783e-16,  1.082467449009528e-15,  1.609823385706477e-15,  0.000000000000000e+00, -8.049116928532383e-16,  2.775557561562891e-17,  5.551115123125783e-16,  6.661338147750939e-16, -4.163336342344337e-16,  2.220446049250313e-16, -8.049116928532385e-16, -8.049116928532385e-16, -3.330669073875470e-16, -6.938893903907228e-16,  2.775557561562891e-16, -3.330669073875470e-16,  1.665334536937735e-15,  2.137179322403426e-15, -6.938893903907228e-16,  2.248201624865942e-15
  2.783333333333333e+00, -4.150870460809229e-02,  1.620981995539685e-01,  9.657685439849997e-01, -7.293271397043428e-02, -2.036663322983414e+00, -2.135187630354643e+00,  1.091473345914142e-03,  3.740080637916590e-15, -1.033277039998307e-02,  3.497264366060326e-03,  1.081855832850916e-04, -3.310793603690595e-02,  6.175775030971535e-03,  2.384592889783777e-04, -5.846488663771144e-02,  8.885739829767795e-03,  3.736764423560077e-04, -8.411960753667171e-02,  1.146233676603341e-02,  5.070680744629741e-04, -1.085117602681225e-01,  1.402693544864518e-02,  6.290657284233640e-04, -1.327903278162305e-01,  1.536071391853805e-02,  7.612682594765991e-04, -1.454169547014546e-01,  7.771561172376096e-16, -1.831867990631508e-15, -9.714451465470120e-16, -3.330669073875470e-16,  4.996003610813204e-16,  2.775557561562891e-17,  3.330669073875470e-16, -1.942890293094024e-16,  9.714451465470120e-16,  0.000000000000000e+00,  2.775557561562891e-16, -1.110223024625157e-15, -6.661338147750939e-16,  6.661338147750939e-16,  3.330669073875470e-16,  7.771561172376098e-16, -1.665334536937735e-16,  7.494005416219809e-16,  4.329869796038111e-15, -3.330669073875469e-15
  2.791666666666667e+00, -5.168202106092230e-02,  1.608625836997342e-01,  9.674960789619654e-01, -7.427716755288226e-02, -2.038578517137084e+00, -2.130610516034191e+00,  1.016106351393250e-03, -1.267047736429385e-14, -1.034971384413828e-02,  3.255775826287110e-03,  1.762250491110929e-04, -3.316222568496995e-02,  5.749333464520522e-03,  3.884297577982945e-04, -5.856075604261383e-02,  8.272173306747935e-03,  6.086869193435321e-04, -8.425754497548212e-02,  1.067085443020229e-02,  8.259704629863192e-04, -1.086896954099712e-01,  1.305836578783183e-02,  1.024694191933569e-03, -1.330080744065519e-01,  1.430004592568407e-02,  1.240040791633478e-03, -1.456554061497538e-01, -1.110223024625156e-15, -1.887379141862766e-15, -2.498001805406602e-15, -4.440892098500626e-16, -1.332267629550188e-15, -2.275957200481571e-15, -1.776356839400250e-15,  2.720046410331634e-15,  2.664535259100376e-15, -1.665334536937735e-15,  4.996003610813204e-16,  7.494005416219807e-16, -9.992007221626409e-16,  5.828670879282072e-16, -1.387778780781446e-16, -1.332267629550188e-15,  1.165734175856414e-15,  2.442490654175344e-15,  3.330669073875470e-16, -5.551115123125783e-17
  2.800000000000000e+00, -6.172597414778038e-02,  1.596221609422659e-01,  9.692616569243628e-01, -7.572931351622766e-02, -2.040735668686689e+00, -2.126612407989071e+00,  9.524469356277123e-04,  1.097737966704285e-14, -1.036048858146827e-02,  3.051800340345626e-03,  2.257368541237478e-04, -3.319674975717662e-02,  5.389135726879856e-03,  4.975621344245542e-04, -5.862172166612750e-02,  7.753918777225626e-03,  7.797022672236985e-04, -8.434526265720627e-02,  1.000232169567053e-02,  1.058033321063623e-03, -1.088028485775748e-01,  1.224025463793938e-02,  1.312590035422475e-03, -1.331465446165674e-01,  1.340414308395367e-02,  1.588439946106852e-03, -1.458070430697260e-01, -1.998401444325282e-15,  3.275157922644213e-15,  3.164135620181697e-15, -3.330669073875470e-16, -2.858824288409778e-15, -2.997602166487923e-15, -1.665334536937735e-15,  6.106226635438361e-16, -1.942890293094024e-16, -2.220446049250314e-16,  3.608224830031759e-16,  1.165734175856415e-15, -4.440892098500626e-16, -6.938893903907228e-16, -1.026956297778270e-15, -1.110223024625157e-15, -8.326672684688674e-17, -2.775557561562891e-16,  1.693090112553364e-15, -7.216449660063518e-16
  2.808333333333334e+00, -7.165057063153057e-02,  1.583764158544362e-01,  9.710470781630182e-01, -7.725685910636848e-02, -2.043062534888128e+00, -2.123195309295993e+00,  9.014851273923847e-04, -5.155621424125243e-15, -1.036509734497077e-02,  2.888510126560890e-03,  2.547729095119792e-04, -3.321151701137773e-02,  5.100783598013862e-03,  5.615625022618497e-04, -5.864779897400055e-02,  7.339036113301159e-03,  8.799937252066294e-04, -8.438278283429779e-02,  9.467135554318634e-03,  1.194125915373415e-03, -1.088512484759380e-01,  1.158532522772662e-02,  1.481425722879152e-03, -1.332057735734240e-01,  1.268693843555723e-02,  1.792757625649224e-03, -1.458719039273872e-01, -1.110223024625157e-16,  2.164934898019055e-15,  2.220446049250313e-15,  1.110223024625157e-16, -1.915134717478395e-15, -2.220446049250313e-15,  0.000000000000000e+00, -6.661338147750939e-16, -1.137978600240785e-15,  6.661338147750938e-16,  4.440892098500625e-16,  4.996003610813203e-16,  4.440892098500625e-16, -2.220446049250313e-16, -3.053113317719180e-16, -2.220446049250313e-16,  4.996003610813204e-16, -8.326672684688674e-17,  1.748601263784622e-15, -2.192690473634684e-15
  2.816666666666667e+00, -8.146614111293213e-02,  1.571261820570707e-01,  9.728370661610978e-01, -7.884193839803787e-02, -2.045485171126463e+00, -2.120342563932795e+00,  8.637796287873790e-04, -9.867151599097810e-15, -1.036404806477961e-02,  2.767695360734237e-03,  2.620371662730850e-04, -3.320815494098958e-02,  4.887438326940192e-03,  5.775741504893882e-04, -5.864186193631434e-02,  7.032073738023575e-03,  9.050846989117246e-04, -8.437424059110057e-02,  9.071163335080991e-03,  1.228173637648426e-03, -1.088402292394757e-01,  1.110075765027009e-02,  1.523665130754922e-03, -1.331922888781457e-01,  1.215629480646790e-02,  1.843873938399948e-03, -1.458571370136084e-01,  1.110223024625157e-16,  1.942890293094024e-16, -2.220446049250313e-16, -4.440892098500626e-16,  1.415534356397075e-15,  2.803313137178520e-15,  3.330669073875469e-16, -2.803313137178519e-15, -4.329869796038110e-15,  4.440892098500626e-16, -1.582067810090848e-15, -1.998401444325282e-15, -1.110223024625157e-16,  2.164934898019055e-15,  2.636779683484747e-15, -2.220446049250313e-16, -3.885780586188048e-16, -3.608224830031759e-16, -1.137978600240785e-15,  2.525757381022231e-15
  2.825000000000000e+00, -9.118304967326309e-02,  1.558739997535412e-01,  9.746188165930707e-01, -8.048183569600385e-02, -2.047934517243222e+00, -2.118030417710855e+00,  8.394574806857277e-04, -1.611218414672364e-14, -1.035813794155288e-02,  2.689763103205430e-03,  2.471334171314341e-04, -3.318921791110043e-02,  4.749818736366244e-03,  5.447237713823174e-04, -5.860842127411172e-02,  6.834065897517293e-03,  8.536066758024998e-04, -8.432612597833837e-02,  8.815739184281040e-03,  1.158319456057927e-03, -1.087781628381088e-01,  1.078818455558151e-02,  1.437004436022703e-03, -1.331163356564449e-01,  1.181400009044035e-02,  1.739000896893130e-03, -1.457739616319421e-01,  3.330669073875470e-16, -1.637578961322106e-15, -2.192690473634684e-15,  4.440892098500626e-16,  8.326672684688674e-16,  1.054711873393899e-15,  5.551115123125783e-16, -1.221245327087672e-15, -1.804112415015879e-15, -1.221245327087672e-15,  1.693090112553364e-15,  2.386979502944087e-15,  1.110223024625157e-15, -1.554312234475219e-15, -1.415534356397075e-15,  2.220446049250313e-16,  3.608224830031759e-16, -1.387778780781446e-15,  1.082467449009528e-15, -2.359223927328458e-15
  2.833333333333333e+00, -1.008113966849451e-01,  1.546237837222528e-01,  9.763815494775575e-01, -8.218708784027641e-02, -2.050349854413434e+00, -2.116228228785457e+00,  8.282276427170034e-04, -1.345457569913509e-14, -1.034839084343435e-02,  2.653780811628961e-03,  2.104689981172638e-04, -3.315798656769345e-02,  4.686278061531640e-03,  4.639092023707521e-04, -5.855327023871114e-02,  6.742643217383288e-03,  7.269666075101298e-04, -8.424677435860242e-02,  8.697806680308092e-03,  9.864725631462670e-04, -1.086758016385058e-01,  1.064386567415629e-02,  1.223812171899659e-03, -1.329910720240350e-01,  1.165595836716152e-02,  1.481004798064305e-03, -1.456367870631340e-01,  4.440892098500626e-16, -5.551115123125783e-16, -4.996003610813204e-16,  0.000000000000000e+00,  2.164934898019055e-15,  1.054711873393899e-15, -4.440892098500626e-16, -2.359223927328458e-15, -1.387778780781446e-15,  2.220446049250314e-16,  1.471045507628333e-15,  8.326672684688675e-17,  1.110223024625157e-16, -1.193489751472043e-15, -1.942890293094024e-16, -1.110223024625157e-16,  1.804112415015879e-15,  4.163336342344337e-16, -1.193489751472043e-15,  1.110223024625157e-16
  2.841666666666667e+00, -1.103608088677793e-01,  1.533805781115194e-01,  9.781157951045050e-01, -8.397958238459637e-02, -2.052682806911691e+00, -2.114900900152743e+00,  8.293810609663404e-04, -1.626484017701434e-14, -1.033595350435253e-02,  2.657476557879466e-03,  1.532185263697862e-04, -3.311813523926762e-02,  4.692804333212531e-03,  3.377194978677723e-04, -5.848289728050868e-02,  6.752033253757663e-03,  5.292216588990489e-04, -8.414552135077173e-02,  8.709919544423026e-03,  7.181384137296536e-04, -1.085451883078699e-01,  1.065868868681833e-02,  8.909183738941419e-04, -1.328312350906982e-01,  1.167219085484246e-02,  1.078151056783645e-03, -1.454617517237707e-01,  0.000000000000000e+00,  5.273559366969494e-16,  8.604228440844963e-16,  1.110223024625157e-16, -5.273559366969494e-16,  0.000000000000000e+00,  3.330669073875470e-16, -2.414735078559716e-15, -2.414735078559716e-15, -6.661338147750940e-16,  1.804112415015880e-15,  4.163336342344338e-16,  6.661338147750941e-16,  2.442490654175345e-15,  2.081668171172169e-15, -3.330669073875470e-16, -1.276756478318930e-15, -1.165734175856414e-15, -1.360023205165817e-15, -6.661338147750939e-16
  2.850000000000000e+00, -1.198402942972711e-01,  1.521502025736839e-01,  9.798126718639020e-01, -8.588937609143267e-02, -2.054900648795192e+00, -2.114010061349233e+00,  8.418018117346022e-04, -1.831182284502322e-14, -1.032199984940244e-02,  2.697274734551147e-03,  7.724187462140721e-05, -3.307342537950328e-02,  4.763083431391403e-03,  1.702541313576799e-04, -5.840394470311791e-02,  6.853151215265786e-03,  2.667958895202073e-04, -8.403192393860504e-02,  8.840358669365438e-03,  3.620342699230812e-04, -1.083986510674201e-01,  1.081831243744081e-02,  4.491376271101620e-04, -1.326519114105077e-01,  1.184699274060623e-02,  5.435270183364131e-04, -1.452653767022667e-01, -2.220446049250313e-16, -4.718447854656915e-16, -2.775557561562891e-17,  8.881784197001252e-16, -2.359223927328458e-15, -2.470246229790973e-15, -7.771561172376096e-16,  1.637578961322106e-15,  1.942890293094024e-16,  9.992007221626411e-16, -1.304512053934559e-15, -3.330669073875470e-16, -8.881784197001252e-16,  2.553512956637860e-15,  2.081668171172169e-15,  5.551115123125783e-16, -1.110223024625157e-15, -1.831867990631508e-15, -2.498001805406602e-16, -8.326672684688674e-17
  2.858333333333333e+00, -1.292581302903955e-01,  1.509389311670482e-01,  9.814632394176188e-01, -8.795124028639523e-02, -2.056987705688590e+00, -2.113516543126025e+00,  8.640316448240467e-04, -2.192006356378938e-14, -1.030764071438602e-02,  2.768502862482627e-03, -1.499237856528602e-05, -3.302741629333314e-02,  4.888864284061691e-03, -3.304573325395980e-05, -5.832269783818003e-02,  7.034125413120993e-03, -5.178415183751185e-05, -8.391502549264696e-02,  9.073809934141124e-03, -7.026958929251462e-05, -1.082478555928008e-01,  1.110399640295645e-02, -8.717604708660422e-05, -1.324673767530775e-01,  1.215984152225496e-02, -1.054966986675053e-04, -1.450632952076168e-01,  3.330669073875470e-16, -1.443289932012704e-15, -1.276756478318930e-15,  9.992007221626409e-16, -7.216449660063518e-16, -7.216449660063518e-16, -3.330669073875470e-16,  1.137978600240785e-15, -8.326672684688674e-16,  3.330669073875470e-16, -1.720845688168993e-15, -1.942890293094024e-16, -4.440892098500626e-16,  1.915134717478395e-15,  3.885780586188048e-16,  3.330669073875470e-16, -1.360023205165817e-15, -3.330669073875470e-16,  6.106226635438361e-16, -1.221245327087672e-15
  2.866666666666667e+00, -1.386217606192261e-01,  1.497532388075195e-01,  9.830580007140707e-01, -9.020091152210034e-02, -2.058944140748584e+00, -2.113383981245073e+00,  8.943863074967923e-04, -2.348132142654111e-14, -1.029384551819137e-02,  2.865764312336588e-03, -1.205198107808757e-04, -3.298321416210759e-02,  5.060617051538523e-03, -2.656460085542322e-04, -5.824464185220379e-02,  7.281244260418294e-03, -4.162792559626887e-04, -8.380271810124365e-02,  9.392585804604812e-03, -5.648788545446127e-04, -1.081029824402878e-01,  1.149409561647864e-02, -7.007854486520187e-04, -1.322900894861138e-01,  1.258703407908247e-02, -8.480603768877890e-04, -1.448691502356539e-01,  1.110223024625157e-16, -1.471045507628332e-15, -3.108624468950438e-15, -5.551115123125784e-16,  1.443289932012704e-15,  1.720845688168993e-15,  8.881784197001254e-16, -1.720845688168993e-15, -1.609823385706477e-15, -5.551115123125784e-16,  1.304512053934559e-15, -8.326672684688675e-17,  8.881784197001250e-16, -1.193489751472043e-15,  8.326672684688672e-16,  2.220446049250313e-16,  2.775557561562891e-17, -8.049116928532383e-16,  5.551115123125783e-16, -1.110223024625157e-16
  2.875000000000000e+00, -1.479376899230967e-01,  1.485995762197987e-01,  9.845865960485207e-01, -9.267091025172100e-02, -2.060782358307525e+00, -2.113582392693635e+00,  9.310851874724682e-04, -2.838714101579917e-14, -1.028137913214673e-02,  2.983353702574052e-03, -2.360938093408861e-04, -3.294326976230723e-02,  5.268266672531911e-03, -5.203906121022270e-04, -5.817410454044976e-02,  7.580011702340139e-03, -8.154755195075787e-04, -8.370122862059232e-02,  9.777986806615617e-03, -1.106576584829746e-03, -1.079720640668303e-01,  1.196572675831569e-02, -1.372812528315487e-03, -1.321298792592739e-01,  1.310351118638208e-02, -1.661318613916099e-03, -1.446937061074404e-01,  4.440892098500626e-16, -4.440892098500626e-16, -9.436895709313831e-16, -1.110223024625157e-16,  1.054711873393899e-15,  1.026956297778270e-15,  6.661338147750939e-16, -9.714451465470120e-16, -1.026956297778270e-15, -3.330669073875470e-16,  1.082467449009528e-15,  1.332267629550188e-15,  2.220446049250313e-16, -9.714451465470120e-16, -2.081668171172169e-15, -1.110223024625157e-16,  1.609823385706477e-15,  6.383782391594650e-16, -1.804112415015879e-15,  1.498801083243961e-15
  2.883333333333334e+00, -1.572114231081649e-01,  1.474841544536077e-01,  9.860376794579071e-01, -9.538646362756970e-02, -2.062522288430266e+00, -2.114090602439013e+00,  9.723631190336283e-04, -2.402255722920261e-14, -1.027075906815457e-02,  3.115615145040445e-03, -3.584620409963451e-04, -3.290924128925699e-02,  5.501825485488298e-03, -7.901108523361905e-04, -5.811401408909723e-02,  7.916057435299348e-03, -1.238139280008782e-03, -8.361477014140720e-02,  1.021147568135030e-02, -1.680119026636538e-03, -1.078605352326221e-01,  1.249620501834587e-02, -2.084345973347310e-03, -1.319933968132505e-01,  1.368443100470364e-02, -2.522385753363392e-03, -1.445442459623211e-01,  1.110223024625157e-16, -1.471045507628332e-15,  2.498001805406602e-16, -7.771561172376096e-16,  4.218847493575595e-15,  3.413935800722356e-15, -1.110223024625156e-16,  7.216449660063516e-16, -5.828670879282071e-16,  1.110223024625157e-15, -9.714451465470120e-16, -1.693090112553364e-15,  5.551115123125783e-16, -3.136380044566067e-15, -2.137179322403426e-15, -5.551115123125783e-16,  2.303712776097200e-15,  2.692290834716005e-15,  5.828670879282072e-16, -4.718447854656915e-16
  2.891666666666667e+00, -1.664475543498411e-01,  1.464127413887313e-01,  9.873990034586180e-01, -9.836252995601649e-02, -2.064186951612784e+00, -2.114896482215840e+00,  1.016557814965515e-03, -3.010799406136751e-14, -1.026224997695277e-02,  3.257222391634799e-03, -4.845925190107706e-04, -3.288197672840763e-02,  5.751887936072510e-03, -1.068123718682741e-03, -5.806586794499429e-02,  8.275848694848207e-03, -1.673797959020513e-03, -8.354549719864023e-02,  1.067559557023071e-02, -2.271295195185285e-03, -1.077711752227341e-01,  1.306416771693972e-02, -2.817755718182872e-03, -1.318840432743280e-01,  1.430639954240912e-02, -3.409926648875118e-03, -1.444244943291969e-01, -7.771561172376096e-16,  2.858824288409778e-15,  3.663735981263017e-15,  2.220446049250313e-16, -1.082467449009528e-15, -1.665334536937735e-15,  1.110223024625157e-16,  1.304512053934559e-15,  6.383782391594650e-16,  2.220446049250313e-16,  5.551115123125783e-16,  4.440892098500626e-16,  3.330669073875470e-16, -1.360023205165817e-15, -1.804112415015879e-15, -5.551115123125783e-16,  8.326672684688674e-16,  1.110223024625157e-15, -1.665334536937735e-16,  6.938893903907228e-16
  2.900000000000000e+00, -1.756500500287916e-01,  1.453904421730926e-01,  9.886577723958235e-01, -1.016026542134152e-01, -2.065799074886627e+00, -2.115994569474688e+00,  1.062178357266129e-03, -3.275866322991675e-14, -1.025590728682440e-02,  3.403398290053877e-03, -6.117880492536831e-04, -3.286165368134852e-02,  6.010018111286453e-03, -1.348484139970725e-03, -5.802997973255882e-02,  8.647247841943859e-03, -2.113135362281815e-03, -8.349386103683946e-02,  1.115468928445203e-02, -2.867463285699067e-03, -1.077045661291458e-01,  1.365045450474340e-02, -3.557358412567391e-03, -1.318025309723454e-01,  1.494843455102732e-02, -4.304961985299261e-03, -1.443352312712583e-01,  3.330669073875470e-16,  1.110223024625157e-15, -5.551115123125783e-17, -2.220446049250313e-16,  9.159339953157541e-16,  4.440892098500626e-16,  4.440892098500626e-16, -1.387778780781446e-16,  2.775557561562891e-16,  1.332267629550188e-15, -2.858824288409777e-15, -2.803313137178519e-15, -8.881784197001252e-16,  2.053912595556540e-15,  6.106226635438361e-16,  0.000000000000000e+00,  3.608224830031758e-16, -2.775557561562891e-17, -9.436895709313829e-16,  3.330669073875469e-16
  2.908333333333334e+00, -1.848226748640069e-01,  1.444214764509895e-01,  9.898012453764509e-01, -1.050999936028807e-01, -2.067379070825477e+00, -2.117381498794419e+00,  1.107948855105471e-03, -4.085638830675210e-14, -1.025166101083542e-02,  3.550054671269390e-03, -7.377066265717802e-04, -3.284804789813032e-02,  6.268996765009045e-03, -1.626029941417659e-03, -5.800595345158695e-02,  9.019867784689401e-03, -2.548062129581460e-03, -8.345929188875638e-02,  1.163535778829202e-02, -3.457646271342851e-03, -1.076599729692270e-01,  1.423866842771583e-02, -4.289536020340924e-03, -1.317479604786815e-01,  1.559257994022326e-02, -5.191011801636620e-03, -1.442754718359723e-01,  5.551115123125783e-16, -1.498801083243961e-15, -1.609823385706477e-15,  6.661338147750939e-16, -1.526556658859590e-15, -1.054711873393899e-15, -5.551115123125783e-16,  2.386979502944087e-15,  3.080868893334809e-15, -4.440892098500627e-16,  4.163336342344338e-16, -9.436895709313833e-16,  1.110223024625157e-15, -3.663735981263017e-15, -3.969047313034935e-15, -4.440892098500627e-16,  3.053113317719181e-15,  2.386979502944087e-15, -3.358424649491099e-15,  3.302913498259841e-15
  2.916666666666667e+00, -1.939694581594981e-01,  1.435090182005494e-01,  9.908174315344496e-01, -1.088398047880551e-01, -2.068944246606257e+00, -2.119050417566425e+00,  1.152811345437378e-03, -4.495035395038305e-14, -1.024940623679043e-02,  3.693801643554179e-03, -8.603668941659574e-04, -3.284082322247261e-02,  6.522837730201464e-03, -1.896393878171810e-03, -5.799319548796299e-02,  9.385095592296406e-03, -2.971734591497691e-03, -8.344093565897204e-02,  1.210649066043772e-02, -4.032557491627375e-03, -1.076362939856463e-01,  1.481521320390659e-02, -5.002767564155453e-03, -1.317189835274262e-01,  1.622394659908665e-02, -6.054133907062831e-03, -1.442437395548632e-01,  2.220446049250313e-16, -4.996003610813204e-16, -2.220446049250313e-16,  2.220446049250313e-16,  5.273559366969494e-16, -2.775557561562891e-16,  3.330669073875469e-16,  5.828670879282071e-16,  8.604228440844961e-16, -5.551115123125784e-16,  9.992007221626411e-16,  9.436895709313833e-16,  2.220446049250313e-16, -8.049116928532385e-16, -1.776356839400250e-15,  3.330669073875470e-16, -6.661338147750939e-16, -1.498801083243961e-15,  6.938893903907228e-16,  3.885780586188047e-16
  2.925000000000000e+00, -2.030950849010611e-01,  1.426551227223936e-01,  9.916956836018294e-01, -1.128019843464439e-01, -2.070508631812100e+00, -2.120985882365261e+00,  1.195885739646721e-03, -4.810756485957207e-14, -1.024906293085288e-02,  3.831819254812497e-03, -9.782180991506171e-04, -3.283972321243953e-02,  6.766561289022717e-03, -2.156157829116261e-03, -5.799125299414472e-02,  9.735766418745469e-03, -3.378796398376332e-03, -8.343814078790585e-02,  1.255884546530885e-02, -4.584928535730009e-03, -1.076326886862240e-01,  1.536877848272364e-02, -5.688035895316634e-03, -1.317145715733736e-01,  1.683014871033018e-02, -6.883416136560933e-03, -1.442389080815954e-01,  1.110223024625157e-16,  1.276756478318930e-15,  8.604228440844963e-16,  1.110223024625157e-15, -2.664535259100376e-15, -2.831068712794150e-15, -6.661338147750939e-16,  1.498801083243961e-15,  1.748601263784622e-15,  0.000000000000000e+00,  6.661338147750939e-16,  5.551115123125783e-17,  5.551115123125782e-16, -1.332267629550188e-15, -2.275957200481571e-15, -5.551115123125783e-16,  2.248201624865942e-15,  3.164135620181696e-15, -7.771561172376096e-16,  1.859623566247137e-15
  2.933333333333334e+00, -2.122051481822687e-01,  1.418607367071391e-01,  9.924270806492999e-01, -1.169631472326518e-01, -2.072082972429167e+00, -2.123160321425363e+00,  1.236407829272364e-03, -4.654630705713026e-14, -1.025060046508942e-02,  3.961658852464044e-03, -1.090235394279987e-03, -3.284464973101613e-02,  6.995843396772413e-03, -2.403062857866301e-03, -5.799995267115477e-02,  1.006565880421499e-02, -3.765707695247625e-03, -8.345065793211247e-02,  1.298439670710093e-02, -5.109955923172080e-03, -1.076488354252248e-01,  1.588954313312908e-02, -6.339381843831883e-03, -1.317343310055692e-01,  1.740043128153661e-02, -7.671646959107040e-03, -1.442605463778630e-01,  5.551115123125783e-16, -1.804112415015879e-15, -1.332267629550188e-15,  3.330669073875470e-16,  3.608224830031759e-16,  5.551115123125783e-17, -1.221245327087672e-15,  4.218847493575595e-15,  3.524958103184872e-15,  2.220446049250313e-16, -8.049116928532385e-16, -1.332267629550188e-15,  4.440892098500626e-16, -2.609024107869118e-15, -1.637578961322106e-15,  4.440892098500626e-16,  1.748601263784622e-15,  1.276756478318930e-15,  1.082467449009528e-15, -4.329869796038111e-15
  2.941666666666667e+00, -2.213062651736756e-01,  1.411257819884664e-01,  9.930045617456230e-01, -1.212982861228745e-01, -2.073674745360549e+00, -2.125532605160863e+00,  1.273679110790419e-03, -5.735021324671128e-14, -1.025404499569958e-02,  4.081082313620950e-03, -1.195938953870925e-03, -3.285568658700232e-02,  7.206731780471952e-03, -2.636051347615151e-03, -5.801944251592276e-02,  1.036908619612586e-02, -4.130811148907567e-03, -8.347870003031423e-02,  1.337580890426021e-02, -5.605390701082517e-03, -1.076850088873720e-01,  1.636853042302282e-02, -6.954015371622286e-03, -1.317785979669057e-01,  1.792496401056178e-02, -8.415449990800539e-03, -1.443090225494147e-01,  2.220446049250313e-16, -6.106226635438361e-16, -1.387778780781446e-16,  1.110223024625157e-16,  6.661338147750940e-16, -7.216449660063518e-16,  7.771561172376096e-16, -5.551115123125783e-16,  5.551115123125783e-17, -7.771561172376096e-16,  8.604228440844963e-16, -6.383782391594650e-16,  4.440892098500626e-16, -8.049116928532385e-16,  4.440892098500626e-16, -1.110223024625157e-16,  4.718447854656915e-16, -4.996003610813204e-16,  6.106226635438361e-16,  1.970645868709653e-15
  2.950000000000000e+00, -2.304060728617437e-01,  1.404492685704782e-01,  9.934228435332888e-01, -1.257818809787284e-01, -2.075288135821945e+00, -2.128048635635253e+00,  1.307048389969334e-03, -5.267337838351557e-14, -1.025947858360868e-02,  4.188003102322648e-03, -1.295327141627169e-03, -3.287309671752013e-02,  7.395541852586019e-03, -2.855119691720889e-03, -5.805018684579231e-02,  1.064074718922343e-02, -4.474101107588233e-03, -8.352293514495063e-02,  1.372624340366617e-02, -6.071225200129211e-03, -1.077420708530124e-01,  1.679737160981672e-02, -7.531926964190565e-03, -1.318484270536716e-01,  1.839458239663106e-02, -9.114813717568820e-03, -1.443854914708564e-01,  3.330669073875470e-16, -1.415534356397075e-15, -1.720845688168993e-15,  2.220446049250313e-16, -3.885780586188048e-16, -1.332267629550188e-15,  0.000000000000000e+00,  7.216449660063518e-16,  1.443289932012704e-15,  1.110223024625157e-16, -9.436895709313833e-16, -8.604228440844964e-16, -3.330669073875470e-16,  2.331468351712829e-15,  1.443289932012704e-15,  2.220446049250313e-16,  1.304512053934559e-15,  1.942890293094024e-16, -2.803313137178520e-15,  2.775557561562891e-17
  2.958333333333333e+00, -2.395131407422301e-01,  1.398294178435509e-01,  9.936782203669673e-01, -1.303887296030511e-01, -2.076924072948268e+00, -2.130643269633714e+00,  1.335917554643268e-03, -5.351992772867167e-14, -1.026703225591023e-02,  4.280504766490719e-03, -1.388768753201737e-03, -3.289729995535330e-02,  7.558889374563621e-03, -3.061080778048465e-03, -5.809292703819464e-02,  1.087577252205501e-02, -4.796851403185930e-03, -8.358442997402298e-02,  1.402941900469512e-02, -6.509187973183737e-03, -1.078213973304583e-01,  1.716838012859330e-02, -8.075261054254100e-03, -1.319455021441329e-01,  1.880086898283530e-02, -9.772333239595367e-03, -1.444917971353224e-01,  3.330669073875470e-16, -7.494005416219807e-16,  6.661338147750939e-16,  1.110223024625157e-16, -2.498001805406602e-16, -7.216449660063518e-16,  1.110223024625156e-16,  1.804112415015879e-15,  1.082467449009527e-15,  6.661338147750939e-16, -2.386979502944087e-15, -2.248201624865942e-15, -1.110223024625157e-16,  5.273559366969494e-16, -1.249000902703301e-15, -2.220446049250314e-16,  9.159339953157543e-16,  1.526556658859590e-15, -1.942890293094024e-16, -1.665334536937735e-15
  2.966666666666667e+00, -2.486368665924042e-01,  1.392638339625799e-01,  9.937683040100798e-01, -1.350949453239746e-01, -2.078580471028283e+00, -2.133242953017272e+00,  1.359751697684682e-03, -5.866167172843745e-14, -1.027687468778175e-02,  4.356873373635366e-03, -1.476871713141077e-03, -3.292883676417898e-02,  7.693747734639144e-03, -3.255274574899786e-03, -5.814861749108968e-02,  1.106980748859626e-02, -5.101161826418650e-03, -8.366455771074331e-02,  1.427971826772756e-02, -6.922128375137396e-03, -1.079247596975195e-01,  1.747468168622160e-02, -8.587552535134543e-03, -1.320719909466115e-01,  1.913629582049468e-02, -1.039228633254681e-02, -1.446303133718726e-01,  0.000000000000000e+00,  1.887379141862766e-15,  9.992007221626409e-16,  3.330669073875470e-16,  5.551115123125783e-17,  9.714451465470120e-16,  6.661338147750939e-16, -4.996003610813204e-16, -1.609823385706477e-15, -3.330669073875470e-16,  1.387778780781446e-16,  8.326672684688674e-17,  3.330669073875470e-16,  3.608224830031759e-16, -4.440892098500626e-16, -1.110223024625157e-16,  6.106226635438361e-16,  6.106226635438361e-16, -9.436895709313831e-16, -2.220446049250313e-16
  2.975000000000000e+00, -2.577873627597196e-01,  1.387497220974459e-01,  9.936916949794760e-01, -1.398788185287354e-01, -2.080252664319147e+00, -2.135768989546098e+00,  1.378087572075338e-03, -5.884208452180657e-14, -1.028918991070067e-02,  4.415624602304115e-03, -1.560338766338059e-03, -3.296829681187204e-02,  7.797495788284758e-03, -3.439250050704606e-03, -5.821829949158266e-02,  1.121908077137141e-02, -5.389459680397925e-03, -8.376481656471797e-02,  1.447227630680587e-02, -7.313340186058893e-03, -1.080540905996664e-01,  1.771032292058821e-02, -9.072887651221530e-03, -1.322302585191561e-01,  1.939434346046726e-02, -1.097961799344717e-02, -1.448036301247154e-01,  4.440892098500626e-16,  6.938893903907228e-16, -1.942890293094024e-16,  4.440892098500626e-16, -8.604228440844963e-16, -5.828670879282072e-16, -1.110223024625157e-16,  6.106226635438361e-16, -4.163336342344337e-16,  5.551115123125783e-16,  3.330669073875470e-16, -8.326672684688674e-17,  1.110223024625157e-16,  1.026956297778270e-15,  1.110223024625157e-15,  3.330669073875470e-16, -1.471045507628332e-15, -1.526556658859590e-15,  6.106226635438361e-16, -8.049116928532385e-16
  2.983333333333333e+00, -2.669752793146274e-01,  1.382840765799181e-01,  9.934475854892801e-01, -1.447208501657630e-01, -2.081933784127010e+00, -2.138141579413870e+00,  1.390553568078898e-03, -6.289441765491514e-14, -1.030413841192827e-02,  4.455567752343436e-03, -1.639824993613558e-03, -3.301619432659129e-02,  7.868030893114778e-03, -3.614451114151573e-03, -5.830288110866546e-02,  1.132056707669385e-02, -5.664007635184929e-03, -8.388651307083574e-02,  1.460319058418285e-02, -7.685893783256844e-03, -1.082110754273970e-01,  1.787052813489826e-02, -9.535075494971210e-03, -1.324223673438693e-01,  1.956978209953060e-02, -1.153893782202644e-02, -1.450140059911044e-01,  3.330669073875470e-16, -2.220446049250313e-16, -8.326672684688674e-17, -2.220446049250313e-16,  1.471045507628332e-15,  1.443289932012703e-15, -2.220446049250313e-16, -6.661338147750939e-16, -1.082467449009528e-15,  4.440892098500625e-16,  1.859623566247137e-15,  1.387778780781445e-15, -2.220446049250313e-16, -1.471045507628332e-15, -1.637578961322106e-15,  8.881784197001252e-16, -4.440892098500626e-16, -6.661338147750939e-16,  2.498001805406602e-16,  4.440892098500626e-16
  2.991666666666667e+00, -2.762115565963019e-01,  1.378637620100069e-01,  9.930353299750954e-01, -1.496029705387299e-01, -2.083615261825286e+00, -2.140283712817755e+00,  1.396893605652831e-03, -6.351892193097728e-14, -1.032181303143282e-02,  4.475882300181955e-03, -1.715819630234483e-03, -3.307282678328535e-02,  7.903904096906797e-03, -3.781956122366192e-03, -5.840288764961274e-02,  1.137218164396259e-02, -5.926495524882665e-03, -8.403040304406581e-02,  1.466977182147049e-02, -8.042082222546333e-03, -1.083966891592953e-01,  1.795200634798826e-02, -9.976960818261068e-03, -1.326495105424184e-01,  1.965900782716986e-02, -1.207368841447044e-02, -1.452627475429598e-01,  2.220446049250313e-16,  1.554312234475219e-15,  3.053113317719180e-16,  3.330669073875470e-16, -1.054711873393899e-15, -8.881784197001252e-16,  2.220446049250313e-16,  0.000000000000000e+00, -1.165734175856414e-15,  0.000000000000000e+00,  1.137978600240785e-15,  2.081668171172169e-15,  3.330669073875469e-16,  2.775557561562891e-17, -7.771561172376094e-16,  4.440892098500626e-16, -4.996003610813204e-16, -9.159339953157541e-16,  2.775557561562891e-17,  5.828670879282073e-16
  3.000000000000000e+00, -2.855071529717153e-01,  1.374854868644179e-01,  9.924540694039774e-01, -1.545076761877983e-01, -2.085288449717123e+00, -2.142123105593493e+00,  1.396954933590413e-03, -6.700226359403571e-14, -1.034220725727412e-02,  4.476078805229810e-03, -1.788587095486712e-03, -3.313817331652723e-02,  7.904251102696944e-03, -3.942347900076784e-03, -5.851828226840911e-02,  1.137268091784507e-02, -6.177836662167527e-03, -8.419643347026923e-02,  1.467041586974365e-02, -8.383144842676859e-03, -1.086108634086990e-01,  1.795279449649315e-02, -1.040008113754436e-02, -1.329116044271423e-01,  1.965987091831285e-02, -1.258573040701160e-02, -1.455497631350507e-01,  4.440892098500625e-16,  2.164934898019055e-15,  1.193489751472043e-15,  3.330669073875470e-16, -1.276756478318930e-15, -1.360023205165817e-15, -2.220446049250314e-16,  2.775557561562892e-15,  2.886579864025407e-15,  3.330669073875470e-16, -1.082467449009528e-15, -1.970645868709653e-15,  4.440892098500625e-16, -1.026956297778270e-15, -7.494005416219805e-16,  0.000000000000000e+00,  2.775557561562891e-16,  4.996003610813204e-16,  1.942890293094024e-15, -1.665334536937735e-15
  3.008333333333334e+00, -2.948727891249148e-01,  1.371457578509136e-01,  9.917025131802285e-01, -1.594176624234168e-01, -2.086947668496063e+00, -2.143591914694858e+00,  1.390624761580296e-03, -6.568386902405104e-14, -1.036519828722079e-02,  4.455795868342174e-03, -1.858182485906699e-03, -3.321184044736621e-02,  7.868433720291411e-03, -4.095747889358298e-03, -5.864837012554078e-02,  1.132114666670724e-02, -6.418221352155361e-03, -8.438360461036618e-02,  1.460393823784716e-02, -8.709339882198660e-03, -1.088523085423275e-01,  1.787144306960724e-02, -1.080475682207661e-02, -1.332070708205047e-01,  1.957078403260176e-02, -1.307545149673228e-02, -1.458733245257419e-01, -2.220446049250313e-16, -2.775557561562891e-16, -1.831867990631508e-15,  1.110223024625157e-16,  7.216449660063518e-16,  3.885780586188048e-16,  9.992007221626409e-16, -1.165734175856414e-15, -4.718447854656915e-16, -6.661338147750939e-16,  1.859623566247137e-15,  9.714451465470120e-16,  6.661338147750939e-16, -2.331468351712829e-15, -2.803313137178520e-15,  4.440892098500625e-16,  1.554312234475219e-15,  1.942890293094024e-15, -1.054711873393899e-15,  1.415534356397075e-15
  3.016666666666667e+00, -3.043187344747770e-01,  1.368409240101425e-01,  9.907788965881662e-01, -1.643158215654403e-01, -2.088593355194616e+00, -2.144626069005850e+00,  1.377750109407763e-03, -6.869536410531779e-14, -1.039053490909088e-02,  4.414543315153104e-03, -1.924517897151066e-03, -3.329302324964214e-02,  7.795586356963523e-03, -4.241962334191651e-03, -5.879172981206009e-02,  1.121633347086247e-02, -6.647345970477531e-03, -8.458987133318074e-02,  1.446873237189731e-02, -9.020255331645726e-03, -1.091183864025597e-01,  1.770598606091570e-02, -1.119047673530659e-02, -1.335326812999413e-01,  1.938959422206726e-02, -1.354223312817096e-02, -1.462298963116184e-01,  7.771561172376096e-16, -5.273559366969494e-16, -9.436895709313831e-16,  7.771561172376096e-16, -2.442490654175344e-15, -1.471045507628332e-15, -2.220446049250313e-16,  8.881784197001252e-16,  5.551115123125783e-17, -3.330669073875470e-16,  1.859623566247137e-15,  1.804112415015879e-15,  1.221245327087672e-15, -2.914335439641036e-15, -3.080868893334809e-15, -5.551115123125783e-16,  2.942091015256665e-15,  2.303712776097200e-15, -6.106226635438361e-16,  1.665334536937735e-16
  3.025000000000000e+00, -3.138546407210315e-01,  1.365673497246547e-01,  9.896810689733206e-01, -1.691851821202873e-01, -2.090233915921418e+00, -2.145165728095709e+00,  1.358081631591397e-03, -6.751574818808550e-14, -1.041782636583615e-02,  4.351522200760429e-03, -1.987436874656657e-03, -3.338046967198438e-02,  7.684298165984462e-03, -4.380646382352255e-03, -5.894615034627228e-02,  1.105621139611088e-02, -6.864670118113375e-03, -8.481205246580763e-02,  1.426217971791246e-02, -9.315157885277420e-03, -1.094049933721680e-01,  1.745321903763314e-02, -1.155633114234363e-02, -1.338834140993428e-01,  1.911279235420024e-02, -1.398497437934604e-02, -1.466139792221818e-01,  9.992007221626409e-16, -1.110223024625157e-15, -1.249000902703301e-15, -4.440892098500626e-16,  1.498801083243961e-15,  1.998401444325282e-15,  3.330669073875469e-16,  4.440892098500625e-16, -8.881784197001250e-16,  4.440892098500625e-16, -6.938893903907226e-16, -7.771561172376094e-16,  7.771561172376094e-16, -3.635980405647387e-15, -3.608224830031758e-15,  1.110223024625157e-16,  3.497202527569243e-15,  3.635980405647388e-15, -1.387778780781446e-16, -1.221245327087672e-15
  3.033333333333333e+00, -3.234893751515128e-01,  1.363216639119575e-01,  9.884067400426452e-01, -1.740086878395316e-01, -2.091886091061753e+00, -2.145157027977927e+00,  1.331259180460253e-03, -6.607245306888211e-14, -1.044653591603926e-02,  4.265578551390568e-03, -2.046770588838542e-03, -3.347245990449960e-02,  7.532531359624549e-03, -4.511427904868933e-03, -5.910859473754821e-02,  1.083784846201145e-02, -7.069610652315798e-03, -8.504577836911718e-02,  1.398049810942215e-02, -9.593256235282257e-03, -1.097064927482366e-01,  1.710851360627028e-02, -1.190133835128579e-02, -1.342523713523187e-01,  1.873530993570260e-02, -1.440248724899558e-02, -1.470180194939714e-01,  9.992007221626407e-16, -4.440892098500625e-16, -1.304512053934559e-15,  0.000000000000000e+00,  5.551115123125782e-16,  5.273559366969493e-16,  0.000000000000000e+00, -2.498001805406602e-16, -1.387778780781446e-16,  4.440892098500626e-16,  1.110223024625157e-16,  0.000000000000000e+00,  0.000000000000000e+00,  8.881784197001254e-16,  2.775557561562892e-16,  6.661338147750939e-16, -9.992007221626409e-16, -1.276756478318930e-15,  2.803313137178520e-15, -1.304512053934559e-15
  3.041666666666667e+00, -3.332307835936176e-01,  1.361010062795600e-01,  9.869539818938285e-01, -1.787689545917339e-01, -2.093573719808340e+00, -2.144555397946247e+00,  1.296854057462769e-03, -7.052724508519517e-14, -1.047598212428089e-02,  4.155338744709635e-03, -2.102376400607917e-03, -3.356681051340386e-02,  7.337860275533383e-03, -4.633992501128171e-03, -5.927520728768913e-02,  1.055775461193769e-02, -7.261674893112404e-03, -8.528550144284071e-02,  1.361918547849291e-02, -9.853881829275039e-03, -1.100157282935166e-01,  1.666636040014272e-02, -1.222466895991023e-02, -1.346307956754422e-01,  1.825111373102765e-02, -1.479376803024001e-02, -1.474324270307046e-01,  2.220446049250313e-16, -1.471045507628332e-15, -2.026157019940911e-15,  2.220446049250313e-16,  2.414735078559715e-15,  1.970645868709652e-15,  9.992007221626409e-16, -2.498001805406602e-15, -2.498001805406602e-15,  4.440892098500626e-16, -6.938893903907228e-16, -1.332267629550188e-15, -2.220446049250313e-16,  1.415534356397075e-15,  1.471045507628332e-15,  4.440892098500625e-16, -2.775557561562891e-16, -4.996003610813203e-16,  8.326672684688674e-17,  7.494005416219807e-16
  3.050000000000000e+00, -3.430853985977518e-01,  1.359032555292989e-01,  9.853220801201227e-01, -1.834482172133822e-01, -2.095323851370529e+00, -2.143331364579883e+00,  1.254491457189358e-03, -7.581470839409195e-14, -1.050535442692306e-02,  4.019601841084771e-03, -2.154161989550577e-03, -3.366092431630769e-02,  7.098164189551981e-03, -4.748136681414324e-03, -5.944140166513938e-02,  1.021287853605523e-02, -7.440543962907975e-03, -8.552462284731237e-02,  1.317430572733340e-02, -1.009660195965918e-02, -1.103241877036047e-01,  1.612194265362984e-02, -1.252578615364554e-02, -1.350082702098259e-01,  1.765492896302223e-02, -1.515816709322029e-02, -1.478457944661976e-01, -2.220446049250313e-16,  2.414735078559715e-15,  1.415534356397075e-15,  7.771561172376094e-16, -1.915134717478395e-15, -2.026157019940910e-15, -2.220446049250313e-16,  1.720845688168993e-15,  1.804112415015879e-15,  6.661338147750940e-16, -1.360023205165817e-15, -1.859623566247138e-15,  3.330669073875471e-16, -9.436895709313833e-16, -9.714451465470122e-16,  5.551115123125783e-16, -6.661338147750939e-16, -1.804112415015879e-15,  3.691491556878645e-15, -2.997602166487923e-15
  3.058333333333334e+00, -3.530581785125748e-01,  1.357272900010875e-01,  9.835127796593047e-01, -1.880286800194224e-01, -2.097159440971269e+00, -2.141478952653749e+00,  1.204057119880520e-03, -5.953598854606510e-14, -1.053375254678507e-02,  3.858001732991325e-03, -2.202083579451777e-03, -3.375191667362702e-02,  6.812796597037128e-03, -4.853763955481965e-03, -5.960208392118991e-02,  9.802290039839416e-03, -7.606066657206647e-03, -8.575581338053613e-02,  1.264465893302874e-02, -1.032121144628161e-02, -1.106224165286300e-01,  1.547379197144829e-02, -1.280443538721319e-02, -1.353732251542542e-01,  1.694514761117163e-02, -1.549537639817574e-02, -1.482454518621464e-01,  0.000000000000000e+00, -5.551115123125783e-17, -8.326672684688674e-17,  4.440892098500626e-16,  8.326672684688674e-17, -1.665334536937735e-16, -1.110223024625156e-16,  3.608224830031758e-16, -2.775557561562891e-16,  6.661338147750939e-16,  2.026157019940911e-15,  1.804112415015879e-15,  1.110223024625156e-16, -2.664535259100375e-15, -2.581268532253489e-15,  1.110223024625157e-16,  2.720046410331634e-15,  1.831867990631508e-15,  2.220446049250313e-16, -1.582067810090848e-15
  3.066666666666667e+00, -3.631522816350397e-01,  1.355732542029401e-01,  9.815317977051791e-01, -1.924931083979936e-01, -2.099089627325358e+00, -2.139025273680542e+00,  1.145960870788873e-03, -5.899475332491787e-14, -1.056025053948383e-02,  3.671851569564711e-03, -2.246105173295726e-03, -3.383682070355763e-02,  6.484076371473298e-03, -4.950794979879962e-03, -5.975201487670134e-02,  9.329325531506099e-03, -7.758118641209192e-03, -8.597153488209167e-02,  1.203454896168991e-02, -1.052754157046599e-02, -1.109006907686925e-01,  1.472717517251743e-02, -1.306040734919534e-02, -1.357137608480090e-01,  1.612753730012588e-02, -1.580514264543989e-02, -1.486183680553980e-01,  2.220446049250313e-16,  4.718447854656914e-16,  2.775557561562891e-17,  2.220446049250313e-16,  6.106226635438361e-16, -2.498001805406602e-16,  9.992007221626409e-16, -3.053113317719180e-15, -2.137179322403426e-15, -1.110223024625156e-16,  2.137179322403426e-15,  1.415534356397074e-15,  2.220446049250313e-16,  6.661338147750939e-16,  6.661338147750939e-16,  8.881784197001254e-16, -3.302913498259841e-15, -4.385380947269369e-15,  2.775557561562891e-15, -2.470246229790973e-15
  3.075000000000000e+00, -3.733687882800530e-01,  1.354426859593901e-01,  9.793900807918227e-01, -1.968234338544288e-01, -2.101101226268208e+00, -2.136039049447800e+00,  1.081389204495064e-03, -1.193495380248367e-15, -1.058394195135759e-02,  3.464953079139857e-03, -2.286152786283161e-03, -3.391273197599100e-02,  6.118716936963230e-03, -5.039066679638333e-03, -5.988606563516592e-02,  8.803644323380030e-03, -7.896444369253370e-03, -8.616440786693405e-02,  1.135643603529330e-02, -1.071524556417510e-02, -1.111494911103150e-01,  1.389734034564188e-02, -1.329327184120272e-02, -1.360182281135250e-01,  1.521879601283672e-02, -1.608694522768080e-02, -1.489517861837444e-01, -6.661338147750939e-16,  1.748601263784622e-15,  1.693090112553364e-15,  2.220446049250313e-16, -1.304512053934559e-15, -1.471045507628332e-15, -2.220446049250313e-16,  1.998401444325282e-15,  1.720845688168993e-15, -1.110223024625157e-16,  1.137978600240785e-15,  3.053113317719180e-16,  9.992007221626409e-16, -2.414735078559715e-15, -2.470246229790973e-15, -4.440892098500626e-16,  8.604228440844963e-16,  1.387778780781446e-15, -5.551115123125783e-17,  2.775557561562891e-17
  3.083333333333333e+00, -3.837063888916209e-01,  1.353384676324195e-01,  9.771047400960824e-01, -2.010021878541313e-01, -2.103148008556976e+00, -2.132634573255293e+00,  1.012541251215107e-03, -7.438529434274111e-15, -1.060408684749233e-02,  3.244352645261421e-03, -2.322087767378301e-03, -3.397727961486876e-02,  5.729161413338340e-03, -5.118273444406565e-03, -6.000004949651699e-02,  8.243149646222714e-03, -8.020564935844290e-03, -8.632840848733073e-02,  1.063341478233575e-02, -1.088367356652838e-02, -1.113610469713950e-01,  1.301254934270176e-02, -1.350222264942553e-02, -1.362771177682024e-01,  1.424987293454799e-02, -1.633980849920628e-02, -1.492352928653316e-01,  2.220446049250313e-16, -8.049116928532383e-16, -4.163336342344336e-16,  5.551115123125783e-16, -1.165734175856414e-15, -9.436895709313831e-16,  3.330669073875470e-16,  4.440892098500627e-16, -2.220446049250314e-16, -3.330669073875470e-16,  5.828670879282072e-16,  1.387778780781446e-16,  7.771561172376096e-16, -1.554312234475219e-15, -9.436895709313831e-16,  0.000000000000000e+00,  8.326672684688673e-17, -3.608224830031758e-16, -2.775557561562891e-16,  1.110223024625157e-15
  3.091666666666667e+00, -3.941614331090564e-01,  1.352644966339531e-01,  9.746982773080669e-01, -2.050039238708596e-01, -2.105158732535144e+00, -2.128967085086175e+00,  9.424920974029843e-04,  3.524974798663613e-15, -1.061998246026740e-02,  3.019903362622129e-03, -2.353821378610722e-03, -3.402821183450278e-02,  5.332809256238755e-03, -5.188219680653551e-03, -6.008999006069091e-02,  7.672875934616914e-03, -8.130173837385788e-03, -8.645781547666326e-02,  9.897778869466743e-03, -1.103240966103875e-02, -1.115279780902401e-01,  1.211232125883525e-02, -1.368674379034219e-02, -1.364813982806305e-01,  1.326404491043084e-02, -1.656310803924347e-02, -1.494589977880759e-01, -7.771561172376094e-16,  2.303712776097199e-15,  1.665334536937734e-15,  7.771561172376097e-16, -2.803313137178521e-15, -3.413935800722357e-15, -3.330669073875470e-16,  1.554312234475219e-15,  2.026157019940911e-15,  2.220446049250313e-16,  1.415534356397075e-15,  8.326672684688674e-16, -5.551115123125783e-16, -2.053912595556540e-15, -1.082467449009528e-15, -6.661338147750939e-16,  1.110223024625157e-15,  1.498801083243961e-15, -2.470246229790973e-15,  2.220446049250313e-15
  3.100000000000000e+00, -4.047285138774474e-01,  1.352250821638747e-01,  9.721977702373870e-01, -2.088005475380675e-01, -2.107044483433876e+00, -2.125214267491261e+00,  8.748810923407351e-04,  2.761692867109171e-15, -1.063109621473662e-02,  2.803266319087181e-03, -2.381409141688776e-03, -3.406382217499544e-02,  4.950252633630309e-03, -5.249027767747588e-03, -6.015287391180980e-02,  7.122451315584138e-03, -8.225462847707496e-03, -8.654829311511407e-02,  9.187747688208606e-03, -1.116171407925976e-02, -1.116446915189046e-01,  1.124342674375234e-02, -1.384715810576836e-02, -1.366242253291986e-01,  1.231252986849819e-02, -1.675723453696818e-02, -1.496154058246555e-01,  4.440892098500626e-16, -5.551115123125783e-16,  3.053113317719180e-16, -1.110223024625157e-16,  5.551115123125783e-16,  2.775557561562891e-17,  1.110223024625157e-16,  4.440892098500626e-16,  6.661338147750939e-16, -6.661338147750939e-16,  1.637578961322106e-15,  8.049116928532385e-16,  3.330669073875470e-16, -1.415534356397075e-15, -1.193489751472043e-15,  0.000000000000000e+00,  2.220446049250313e-16,  4.996003610813204e-16, -1.249000902703301e-15,  9.159339953157541e-16
  3.108333333333333e+00, -4.154016793310167e-01,  1.352241511817404e-01,  9.696336590694326e-01, -2.123631959420636e-01, -2.108715214511669e+00, -2.121553527793228e+00,  8.134313768483583e-04, -4.177233938651103e-15, -1.063704897176124e-02,  2.606371084680148e-03, -2.405169379500286e-03, -3.408289581071328e-02,  4.602557822744694e-03, -5.301399342983481e-03, -6.018655580452408e-02,  6.622186067223537e-03, -8.307531464120645e-03, -8.659675481170781e-02,  8.542420584453881e-03, -1.127307880708078e-02, -1.117072056479613e-01,  1.045371328371240e-02, -1.398531654475627e-02, -1.367007264537879e-01,  1.144772496640920e-02, -1.692442793128773e-02, -1.496991812076340e-01,  0.000000000000000e+00,  8.326672684688672e-16,  1.110223024625156e-16,  4.440892098500625e-16, -1.942890293094024e-15, -1.582067810090848e-15, -1.110223024625157e-16,  5.551115123125783e-17, -5.828670879282072e-16, -1.110223024625157e-16,  2.109423746787797e-15,  2.692290834716005e-15,  0.000000000000000e+00,  4.440892098500626e-16,  2.775557561562891e-17, -3.330669073875470e-16, -9.992007221626409e-16, -1.304512053934559e-15, -4.718447854656916e-16,  3.330669073875470e-16
  3.116666666666667e+00, -4.261756111552815e-01,  1.352643397298809e-01,  9.670383565219702e-01, -2.156667365714982e-01, -2.110095216848964e+00, -2.118137811838659e+00,  7.614628045294023e-04, -4.496424558882557e-15, -1.063764590028465e-02,  2.439855029288919e-03, -2.425762951193742e-03, -3.408480847019575e-02,  4.308509220894241e-03, -5.346791051513296e-03, -6.018993334578450e-02,  6.199107285977444e-03, -8.378662315142817e-03, -8.660161443705774e-02,  7.996661698630362e-03, -1.136960130508432e-02, -1.117134744183033e-01,  9.785845568932743e-03, -1.410506179903629e-02, -1.367083978072612e-01,  1.071635174951889e-02, -1.706933848226812e-02, -1.497075820066849e-01,  0.000000000000000e+00, -3.608224830031759e-16, -2.775557561562891e-16,  1.110223024625157e-16,  1.609823385706477e-15,  1.304512053934559e-15, -1.110223024625157e-16, -1.165734175856414e-15, -1.360023205165817e-15,  2.220446049250313e-16, -4.440892098500626e-16, -3.053113317719180e-16, -1.110223024625156e-16,  5.551115123125781e-17, -2.498001805406602e-16, -5.551115123125783e-16,  4.718447854656915e-16,  9.159339953157541e-16,  3.608224830031759e-16, -8.326672684688674e-17
  3.125000000000000e+00, -4.370465666053495e-01,  1.353463271276018e-01,  9.644451457771258e-01, -2.186914113921269e-01, -2.111132546305912e+00, -2.115079028182520e+00,  7.215788730482222e-04, -1.373907494909911e-15, -1.063287690619490e-02,  2.312060197768743e-03, -2.444231379133296e-03, -3.406952781020210e-02,  4.082837939864827e-03, -5.387498584472319e-03, -6.016294942106250e-02,  5.874410178290690e-03, -8.442452852119482e-03, -8.656278981447370e-02,  7.577812208709817e-03, -1.145616321022398e-02, -1.116633918244713e-01,  9.273282129404904e-03, -1.421244999924974e-02, -1.366471096663438e-01,  1.015505021729739e-02, -1.719929505847401e-02, -1.496404661635621e-01,  7.771561172376096e-16, -1.915134717478395e-15, -1.942890293094024e-15, -2.220446049250313e-16,  1.637578961322106e-15,  1.276756478318930e-15,  0.000000000000000e+00, -1.665334536937735e-16, -4.996003610813204e-16,  0.000000000000000e+00, -1.193489751472043e-15, -9.159339953157541e-16,  4.440892098500626e-16, -4.718447854656915e-16,  2.220446049250313e-16, -5.551115123125783e-16,  1.082467449009528e-15,  1.304512053934559e-15,  1.221245327087672e-15,  2.220446049250314e-16
  3.133333333333334e+00, -4.480131302438123e-01,  1.354685932787620e-01,  9.618875093219577e-01, -2.214226594357220e-01, -2.111800212482202e+00, -2.112440708562053e+00,  6.955648351706797e-04, -6.758514576659888e-15, -1.062291379878379e-02,  2.228706840563761e-03, -2.461988355631061e-03, -3.403760433661333e-02,  3.935645297762241e-03, -5.426637958320899e-03, -6.010657616170613e-02,  5.662628577435085e-03, -8.503786013192191e-03, -8.648167965204531e-02,  7.304620321893346e-03, -1.153939052765613e-02, -1.115587621577550e-01,  8.938965921487739e-03, -1.431570132919332e-02, -1.365190700169115e-01,  9.788944901783891e-03, -1.732424537238924e-02, -1.495002516147533e-01,  0.000000000000000e+00,  3.608224830031759e-16,  8.326672684688674e-16,  0.000000000000000e+00, -8.326672684688673e-17, -9.992007221626407e-16,  0.000000000000000e+00, -7.494005416219805e-16, -3.330669073875469e-16,  1.110223024625157e-16,  1.637578961322106e-15,  1.942890293094024e-15,  4.440892098500625e-16, -1.637578961322106e-15, -2.442490654175344e-15,  1.110223024625157e-16, -1.110223024625157e-15, -1.082467449009528e-15,  5.828670879282071e-16,  1.443289932012704e-15
  3.141666666666667e+00, -4.590766848762081e-01,  1.356275128851753e-01,  9.593984997343021e-01, -2.238496946006132e-01, -2.112093779220391e+00, -2.110236981795136e+00,  6.843912660384843e-04,  2.844959895592267e-15, -1.060808756754879e-02,  2.192904843822531e-03, -2.480767008660535e-03, -3.399009859554684e-02,  3.872423003308013e-03, -5.468029279728032e-03, -6.002268637278164e-02,  5.571663984790439e-03, -8.568648077450435e-03, -8.636097855215273e-02,  7.187278736988383e-03, -1.162740646417712e-02, -1.114030613740887e-01,  8.795370172165341e-03, -1.442489339237973e-02, -1.363285325299999e-01,  9.631695071030249e-03, -1.745638490587528e-02, -1.492915964998774e-01, -1.110223024625157e-16, -5.551115123125784e-16, -3.608224830031759e-16, -1.110223024625157e-16,  6.383782391594650e-16,  2.775557561562891e-16,  2.220446049250313e-16,  1.665334536937735e-16,  1.942890293094024e-16, -2.220446049250313e-16,  1.110223024625157e-15,  4.440892098500626e-16,  2.220446049250314e-16, -3.885780586188048e-16,  9.992007221626411e-16,  1.110223024625157e-16, -6.661338147750939e-16, -1.859623566247137e-15,  5.828670879282072e-16,  6.106226635438361e-16
  3.150000000000000e+00, -4.702415353465110e-01,  1.358178740731191e-01,  9.570103622740959e-01, -2.259651245306454e-01, -2.112024211338066e+00, -2.108438403313603e+00,  6.883383990728361e-04, -3.830287405077718e-15, -1.058888101798139e-02,  2.205552122623385e-03, -2.502492695947788e-03, -3.392855757700269e-02,  3.894756673415416e-03, -5.515916362141785e-03, -5.991401186437694e-02,  5.603797794882079e-03, -8.643689291708230e-03, -8.620461705860773e-02,  7.228730384222966e-03, -1.172923521146451e-02, -1.112013597565857e-01,  8.846096266842195e-03, -1.455122154891242e-02, -1.360817019206387e-01,  9.687244555192079e-03, -1.760926180173727e-02, -1.490212955214110e-01,  0.000000000000000e+00, -3.885780586188048e-16, -8.326672684688674e-17,  4.440892098500626e-16, -2.775557561562891e-16, -5.551115123125783e-17, -1.110223024625157e-16,  5.551115123125783e-16, -4.996003610813204e-16, -1.110223024625157e-16,  9.436895709313831e-16,  1.776356839400250e-15, -7.771561172376096e-16,  1.471045507628332e-15, -1.110223024625157e-16,  7.771561172376096e-16, -2.026157019940911e-15, -1.026956297778270e-15,  6.938893903907228e-16, -1.526556658859590e-15
  3.158333333333333e+00, -4.815143048454602e-01,  1.360334514676968e-01,  9.547539082699416e-01, -2.277631317785228e-01, -2.111614029910239e+00, -2.106980481678467e+00,  7.070976986014541e-04, -7.549551841947807e-15, -1.056587322183692e-02,  2.265660076724683e-03, -2.529109591016265e-03, -3.385483672443570e-02,  4.000900551383743e-03, -5.574584492255456e-03, -5.978382914073891e-02,  5.756518203159518e-03, -8.735624893077011e-03, -8.601730942402440e-02,  7.425735111376305e-03, -1.185398915118635e-02, -1.109597385491838e-01,  9.087179097268793e-03, -1.470599056695165e-02, -1.357860200585213e-01,  9.951251215978126e-03, -1.779655660363791e-02, -1.486974981736888e-01, -9.992007221626409e-16,  3.830269434956790e-15,  2.997602166487923e-15,  6.661338147750939e-16, -3.358424649491099e-15, -3.580469254416130e-15, -1.110223024625157e-16,  5.828670879282073e-16,  1.249000902703301e-15, -2.220446049250313e-16,  3.885780586188048e-16,  7.494005416219807e-16,  7.771561172376096e-16, -1.720845688168993e-15, -1.082467449009528e-15, -1.110223024625157e-16,  8.326672684688674e-17, -5.273559366969494e-16,  4.163336342344337e-16, -9.992007221626409e-16
  3.166666666666667e+00, -4.929028103337995e-01,  1.362677609768830e-01,  9.526581580049444e-01, -2.292394993709209e-01, -2.110891678835575e+00, -2.105776178602900e+00,  7.399387281635442e-04, -1.026961074553829e-15, -1.053971146253790e-02,  2.370888264712783e-03, -2.562336208758079e-03, -3.377101004294599e-02,  4.186721681248539e-03, -5.647821566924132e-03, -5.963580066123977e-02,  6.023878689343919e-03, -8.850390686572250e-03, -8.580432521563443e-02,  7.770622086383274e-03, -1.200972299823366e-02, -1.106849953348630e-01,  9.509231549072711e-03, -1.489919307932283e-02, -1.354498054269924e-01,  1.041343534696760e-02, -1.803036196558867e-02, -1.483293139192554e-01, -4.440892098500627e-16,  4.718447854656916e-16,  3.330669073875470e-16,  0.000000000000000e+00,  9.436895709313831e-16,  4.440892098500626e-16,  6.661338147750939e-16, -4.274358644806853e-15, -3.747002708109903e-15, -5.551115123125783e-16,  1.637578961322106e-15,  1.026956297778270e-15, -2.220446049250312e-16,  2.331468351712828e-15,  3.025357742103550e-15,  0.000000000000000e+00,  8.326672684688673e-17, -7.216449660063516e-16, -3.830269434956790e-15,  9.159339953157541e-16
  3.175000000000000e+00, -5.044145390037027e-01,  1.365146444357187e-01,  9.507497713053801e-01, -2.303910659473469e-01, -2.109889776177579e+00, -2.104727086227769e+00,  7.858176673846415e-04, -2.317601292462454e-15, -1.051106992339153e-02,  2.517892110378308e-03, -2.603458904125661e-03, -3.367923772930465e-02,  4.446313918063359e-03, -5.738462929652972e-03, -5.947374109013744e-02,  6.397381458891013e-03, -8.992429783064484e-03, -8.557115299377073e-02,  8.252429410209776e-03, -1.220246592497990e-02, -1.103842101911688e-01,  1.009883909315074e-02, -1.513830884251527e-02, -1.350817222097158e-01,  1.105910687243708e-02, -1.831972956683790e-02, -1.479262307925365e-01,  0.000000000000000e+00,  2.775557561562891e-16, -4.718447854656915e-16,  3.330669073875470e-16, -6.938893903907228e-16,  1.665334536937735e-16, -3.330669073875470e-16,  3.053113317719180e-16, -6.938893903907228e-16, -3.330669073875469e-16,  9.159339953157539e-16,  1.776356839400250e-15,  1.110223024625157e-16, -6.383782391594650e-16, -7.216449660063518e-16, -3.330669073875470e-16, -2.220446049250313e-16, -2.775557561562891e-17,  1.137978600240785e-15, -5.828670879282071e-16
  3.183333333333334e+00, -5.160553140619937e-01,  1.367688549352120e-01,  9.490528185988287e-01, -2.312165904526744e-01, -2.108641324896297e+00, -2.103735075125575e+00,  8.435223526969637e-04, -7.771596971989970e-16, -1.048064207282279e-02,  2.702787637555541e-03, -2.653212150873081e-03, -3.358174177309323e-02,  4.772818597309468e-03, -5.848127484638382e-03, -5.930157421086501e-02,  6.867158226737341e-03, -9.164279078322651e-03, -8.532343832007393e-02,  8.858427292329010e-03, -1.243566042527717e-02, -1.100646657226089e-01,  1.084042375847855e-02, -1.542760859448759e-02, -1.346906824308892e-01,  1.187120655965707e-02, -1.866982767061917e-02, -1.474980082349429e-01,  3.330669073875469e-16, -1.526556658859590e-15, -1.887379141862766e-15, -1.110223024625157e-16,  6.661338147750939e-16,  6.938893903907228e-16, -7.771561172376096e-16,  1.054711873393899e-15,  1.526556658859590e-15,  7.771561172376096e-16, -1.498801083243961e-15, -1.304512053934559e-15,  1.110223024625156e-16,  4.163336342344336e-16,  9.159339953157539e-16, -3.330669073875470e-16,  3.053113317719180e-16, -1.415534356397075e-15, -3.885780586188048e-16, -6.383782391594650e-16
  3.191666666666667e+00, -5.278279493493974e-01,  1.370265325296507e-01,  9.475885055940870e-01, -2.317197678134083e-01, -2.107178496767435e+00, -2.102712450005175e+00,  9.117574380688179e-04,  1.457174399484347e-15, -1.044913683870451e-02,  2.921424339478381e-03, -2.711714191947174e-03, -3.348079369862256e-02,  5.158906391443469e-03, -5.977075859203938e-03, -5.912331127944459e-02,  7.422663515207853e-03, -9.366346987153086e-03, -8.506695261232217e-02,  9.575012384147012e-03, -1.270986070611819e-02, -1.097338068842543e-01,  1.171733856490615e-02, -1.576777988130469e-02, -1.342857967899473e-01,  1.283150451795252e-02, -1.908148831552010e-02, -1.470546232544455e-01, -2.220446049250313e-16, -1.054711873393899e-15, -1.249000902703301e-15,  3.330669073875470e-16,  1.609823385706477e-15,  1.415534356397075e-15, -2.220446049250313e-16, -2.498001805406602e-16, -7.771561172376096e-16,  2.220446049250313e-16, -1.276756478318930e-15,  0.000000000000000e+00,  1.110223024625157e-16,  5.551115123125783e-17, -6.661338147750939e-16, -1.110223024625156e-16, -2.498001805406602e-16, -1.387778780781445e-16,  1.443289932012704e-15, -8.881784197001252e-16
  3.200000000000000e+00, -5.397309935266308e-01,  1.372855629457208e-01,  9.463748099633624e-01, -2.319141806990438e-01, -2.105533673883674e+00, -2.101590110856665e+00,  9.891661734474076e-04,  1.332273707937840e-15, -1.041727882078084e-02,  3.169454960543374e-03, -2.778424947426408e-03, -3.337871524541035e-02,  5.596900536624250e-03, -6.124117626140299e-03, -5.894305222651833e-02,  8.052851953344981e-03, -9.596768056421187e-03, -8.480759487368228e-02,  1.038793648977865e-02, -1.302253540183250e-02, -1.093992432125551e-01,  1.271214740599239e-02, -1.615568230530950e-02, -1.338763773912727e-01,  1.392090669475048e-02, -1.955091112752945e-02, -1.466062734150277e-01,  4.440892098500626e-16, -2.664535259100376e-15, -2.164934898019055e-15, -3.330669073875470e-16,  2.886579864025407e-15,  2.109423746787797e-15,  1.443289932012704e-15, -5.218048215738236e-15, -3.858025010572419e-15, -6.661338147750938e-16,  4.163336342344336e-15,  3.580469254416129e-15,  0.000000000000000e+00, -2.886579864025407e-15, -3.469446951953615e-15, -2.220446049250314e-16,  2.359223927328458e-15,  2.942091015256665e-15, -9.436895709313831e-16,  2.248201624865942e-15
