Main.Studies.MarkerTracking.t,Main.Studies.MarkerTracking.JointAngleOutputs.OutputFile_TrunkFull.PelvisPosX,Main.Studies.MarkerTracking.JointAngleOutputs.OutputFile_TrunkFull.PelvisPosY,Main.Studies.MarkerTracking.JointAngleOutputs.OutputFile_TrunkFull.PelvisPosZ,Main.Studies.MarkerTracking.JointAngleOutputs.OutputFile_TrunkFull.PelvisRotVec[0],Main.Studies.MarkerTracking.JointAngleOutputs.OutputFile_TrunkFull.PelvisRotVec[1],Main.Studies.MarkerTracking.JointAngleOutputs.OutputFile_TrunkFull.PelvisRotVec[2],Main.Studies.MarkerTracking.JointAngleOutputs.OutputFile_TrunkFull.SacrumPelvis[0],Main.Studies.MarkerTracking.JointAngleOutputs.OutputFile_TrunkFull.SacrumPelvis[1],Main.Studies.MarkerTracking.JointAngleOutputs.OutputFile_TrunkFull.SacrumPelvis[2],Main.Studies.MarkerTracking.JointAngleOutputs.OutputFile_TrunkFull.L5Sacrum[0],Main.Studies.MarkerTracking.JointAngleOutputs.OutputFile_TrunkFull.L5Sacrum[1],Main.Studies.MarkerTracking.JointAngleOutputs.OutputFile_TrunkFull.L5Sacrum[2],Main.Studies.MarkerTracking.JointAngleOutputs.OutputFile_TrunkFull.L4L5[0],Main.Studies.MarkerTracking.JointAngleOutputs.OutputFile_TrunkFull.L4L5[1],Main.Studies.MarkerTracking.JointAngleOutputs.OutputFile_TrunkFull.L4L5[2],Main.Studies.MarkerTracking.JointAngleOutputs.OutputFile_TrunkFull.L3L4[0],Main.Studies.MarkerTracking.JointAngleOutputs.OutputFile_TrunkFull.L3L4[1],Main.Studies.MarkerTracking.JointAngleOutputs.OutputFile_TrunkFull.L3L4[2],Main.Studies.MarkerTracking.JointAngleOutputs.OutputFile_TrunkFull.L2L3[0],Main.Studies.MarkerTracking.JointAngleOutputs.OutputFile_TrunkFull.L2L3[1],Main.Studies.MarkerTracking.JointAngleOutputs.OutputFile_TrunkFull.L2L3[2],Main.Studies.MarkerTracking.JointAngleOutputs.OutputFile_TrunkFull.L1L2[0],Main.Studies.MarkerTracking.JointAngleOutputs.OutputFile_TrunkFull.L1L2[1],Main.Studies.MarkerTracking.JointAngleOutputs.OutputFile_TrunkFull.L1L2[2],Main.Studies.MarkerTracking.JointAngleOutputs.OutputFile_TrunkFull.T12L1[0],Main.Studies.MarkerTracking.JointAngleOutputs.OutputFile_TrunkFull.T12L1[1],Main.Studies.MarkerTracking.JointAngleOutputs.OutputFile_TrunkFull.T12L1[2],Main.Studies.MarkerTracking.JointAngleOutputs.OutputFile_TrunkFull.T1C7[0],Main.Studies.MarkerTracking.JointAngleOutputs.OutputFile_TrunkFull.T1C7[1],Main.Studies.MarkerTracking.JointAngleOutputs.OutputFile_TrunkFull.T1C7[2],Main.Studies.MarkerTracking.JointAngleOutputs.OutputFile_TrunkFull.C7C6[0],Main.Studies.MarkerTracking.JointAngleOutputs.OutputFile_TrunkFull.C7C6[1],Main.Studies.MarkerTracking.JointAngleOutputs.OutputFile_TrunkFull.C7C6[2],Main.Studies.MarkerTracking.JointAngleOutputs.OutputFile_TrunkFull.C6C5[0],Main.Studies.MarkerTracking.JointAngleOutputs.OutputFile_TrunkFull.C6C5[1],Main.Studies.MarkerTracking.JointAngleOutputs.OutputFile_TrunkFull.C6C5[2],Main.Studies.MarkerTracking.JointAngleOutputs.OutputFile_TrunkFull.C5C4[0],Main.Studies.MarkerTracking.JointAngleOutputs.OutputFile_TrunkFull.C5C4[1],Main.Studies.MarkerTracking.JointAngleOutputs.OutputFile_TrunkFull.C5C4[2],Main.Studies.MarkerTracking.JointAngleOutputs.OutputFile_TrunkFull.C4C3[0],Main.Studies.MarkerTracking.JointAngleOutputs.OutputFile_TrunkFull.C4C3[1],Main.Studies.MarkerTracking.JointAngleOutputs.OutputFile_TrunkFull.C4C3[2],Main.Studies.MarkerTracking.JointAngleOutputs.OutputFile_TrunkFull.C3C2[0],Main.Studies.MarkerTracking.JointAngleOutputs.OutputFile_TrunkFull.C3C2[1],Main.Studies.MarkerTracking.JointAngleOutputs.OutputFile_TrunkFull.C3C2[2],Main.Studies.MarkerTracking.JointAngleOutputs.OutputFile_TrunkFull.C2C1,Main.Studies.MarkerTracking.JointAngleOutputs.OutputFile_TrunkFull.C1C0
  4.575000000000000e+00,  5.922099530092251e-01,  1.460114397481745e-01,  9.973820689571155e-01, -6.512565040007429e-02,  2.242266666869470e+00,  2.125511189079744e+00, -1.059451418069390e-03,  4.583143397445350e-15, -4.437036456569420e-03, -3.394660717879135e-03, -1.352638351283694e-03, -1.421701184785628e-02, -5.994588542849835e-03, -2.981443272942101e-03, -2.510564189460142e-02, -8.625047692183160e-03, -4.672055847144072e-03, -3.612213868156160e-02, -1.112605175989726e-02, -6.339844029898547e-03, -4.659647099848203e-02, -1.361540958184367e-02, -7.865173935159633e-03, -5.702202824541566e-02, -1.491005731339542e-02, -9.518094853748712e-03, -6.244407883248054e-02,  0.000000000000000e+00,  6.938893903907228e-16, -3.053113317719180e-16,  3.330669073875470e-16, -5.828670879282072e-16, -1.942890293094024e-16,  4.440892098500626e-16, -1.665334536937735e-15, -2.275957200481571e-15, -4.440892098500626e-16,  1.249000902703301e-15,  2.303712776097200e-15, -1.110223024625156e-16, -4.718447854656914e-16, -1.471045507628332e-15,  2.220446049250313e-16,  1.110223024625157e-16, -4.718447854656915e-16, -3.885780586188047e-16,  3.608224830031759e-16
  4.583333333333334e+00,  5.821070043465274e-01,  1.472064512691350e-01,  9.959348066483783e-01, -6.730429938783890e-02,  2.243773705046496e+00,  2.126758263611688e+00, -1.011833381568823e-03, -3.667208547964797e-15, -4.403789474112134e-03, -3.242084511724884e-03, -1.354645260284596e-03, -1.411048291841638e-02, -5.725156144936483e-03, -2.985866839165903e-03, -2.491752380180688e-02, -8.237386843533550e-03, -4.678987774605394e-03, -3.585147331222011e-02, -1.062598094043130e-02, -6.349250454033632e-03, -4.624732082372522e-02, -1.300345224298921e-02, -7.876843490687367e-03, -5.659475873980391e-02, -1.423991081939332e-02, -9.532216847400098e-03, -6.197618157396135e-02,  0.000000000000000e+00,  2.775557561562891e-16,  4.718447854656915e-16,  6.661338147750939e-16, -8.049116928532385e-16, -8.326672684688674e-17,  0.000000000000000e+00,  6.383782391594650e-16,  3.053113317719180e-16, -2.220446049250313e-16,  2.498001805406602e-16,  1.665334536937735e-16,  5.551115123125783e-16, -1.637578961322106e-15, -1.609823385706477e-15, -3.330669073875470e-16,  1.387778780781446e-16, -2.220446049250313e-16,  9.159339953157541e-16,  3.885780586188048e-16
  4.591666666666667e+00,  5.719242107864390e-01,  1.484592718086033e-01,  9.946290294720419e-01, -6.925696045103759e-02,  2.244872472225529e+00,  2.128502945027694e+00, -9.537699413238052e-04,  5.929289787846428e-15, -4.371972099967180e-03, -3.056039473339912e-03, -1.344825843402574e-03, -1.400853469477524e-02, -5.396621558347474e-03, -2.964223186677667e-03, -2.473749471961008e-02, -7.764689433592905e-03, -4.645071196659996e-03, -3.559244645677302e-02, -1.001621551797033e-02, -6.303226643272933e-03, -4.591318398138888e-02, -1.225725708276433e-02, -7.819746616515589e-03, -5.618586166984453e-02, -1.342276223939230e-02, -9.463120668643753e-03, -6.152840372991673e-02,  2.220446049250313e-16, -2.220446049250313e-16,  6.383782391594650e-16, -2.220446049250313e-16,  5.551115123125783e-16,  8.049116928532385e-16,  1.110223024625157e-16, -1.110223024625157e-15, -1.165734175856415e-15,  2.220446049250313e-16, -7.216449660063518e-16, -6.106226635438361e-16,  2.220446049250313e-16,  6.938893903907228e-16,  1.942890293094024e-16, -9.992007221626409e-16,  2.026157019940911e-15,  1.942890293094024e-15, -1.360023205165817e-15,  1.165734175856414e-15
  4.600000000000001e+00,  5.616788676553155e-01,  1.497673616759279e-01,  9.934796491001031e-01, -7.098870407113410e-02,  2.245551674212826e+00,  2.130824560867418e+00, -8.843929370457392e-04, -6.897266185930484e-15, -4.343037346869607e-03, -2.833743870983223e-03, -1.322328522476859e-03, -1.391582287418380e-02, -5.004072558089390e-03, -2.914635293526156e-03, -2.457377608510048e-02, -7.199887725430499e-03, -4.567364735372231e-03, -3.535688716512712e-02, -9.287638324735156e-03, -6.197781233194176e-03, -4.560931958956263e-02, -1.136566704597789e-02, -7.688931648996750e-03, -5.581401024930448e-02, -1.244639362788260e-02, -9.304814027315433e-03, -6.112119409299895e-02,  3.330669073875470e-16, -7.216449660063518e-16, -8.326672684688674e-16, -3.330669073875470e-16,  5.828670879282072e-16,  1.942890293094024e-16,  0.000000000000000e+00, -7.771561172376096e-16,  5.828670879282072e-16, -3.330669073875469e-16,  2.081668171172168e-15,  1.804112415015879e-15,  4.440892098500626e-16, -1.748601263784622e-15, -3.191891195797325e-15,  1.110223024625157e-16, -5.828670879282072e-16, -4.718447854656915e-16, -1.748601263784622e-15,  9.714451465470120e-16
  4.608333333333333e+00,  5.513914057712298e-01,  1.511278257443902e-01,  9.924999311338983e-01, -7.249882548623196e-02,  2.245787393695146e+00,  2.133810456948027e+00, -8.026368411634887e-04,  7.577278234515486e-15, -4.318520086357873e-03, -2.571783574923803e-03, -1.286265644131542e-03, -1.383726544370455e-02, -4.541480175537947e-03, -2.835146621627128e-03, -2.443505250947864e-02, -6.534307205093423e-03, -4.442802407580229e-03, -3.515729090474751e-02, -8.429059498979083e-03, -6.028753773754143e-03, -4.535184642497078e-02, -1.031498863613004e-02, -7.479237157770133e-03, -5.549892969171712e-02, -1.129580941559051e-02, -9.051050782625832e-03, -6.077615348707428e-02,  3.330669073875471e-16, -3.108624468950439e-15, -4.024558464266193e-15, -3.330669073875470e-16,  4.135580766728708e-15,  3.996802888650564e-15,  0.000000000000000e+00, -1.942890293094023e-16, -8.326672684688673e-17, -4.440892098500625e-16,  6.383782391594649e-16,  9.714451465470118e-16,  0.000000000000000e+00, -8.604228440844961e-16, -1.221245327087672e-15,  4.440892098500625e-16,  0.000000000000000e+00, -5.273559366969493e-16,  3.330669073875470e-16,  9.992007221626409e-16
  4.616666666666667e+00,  5.410848051298782e-01,  1.525373313188833e-01,  9.917008020422673e-01, -7.378369601347859e-02,  2.245547258164793e+00,  2.137551305993138e+00, -7.073488051583349e-04, -4.211911932356958e-15, -4.299967313603737e-03, -2.266464664405300e-03, -1.236030909316851e-03, -1.377781923613106e-02, -4.002321362621488e-03, -2.724420785700946e-03, -2.433007720137683e-02, -5.758562474354454e-03, -4.269290037285053e-03, -3.500625184135289e-02, -7.428372159649993e-03, -5.793302528974705e-03, -4.515701058208880e-02, -9.090406162280438e-03, -7.187137701567431e-03, -5.526050101463553e-02, -9.954785132748434e-03, -8.697564597361093e-03, -6.051505335498509e-02, -3.330669073875470e-16,  2.442490654175344e-15,  2.942091015256665e-15,  1.110223024625157e-16,  2.775557561562891e-17,  1.942890293094024e-16,  3.330669073875470e-16, -2.803313137178520e-15, -2.747801985947262e-15,  6.661338147750939e-16, -8.604228440844963e-16, -1.026956297778270e-15, -3.330669073875470e-16,  1.554312234475219e-15,  1.387778780781446e-16, -3.330669073875470e-16,  0.000000000000000e+00,  6.383782391594650e-16,  1.582067810090848e-15,  2.220446049250313e-16
  4.625000000000000e+00,  5.307833626912044e-01,  1.539925883253387e-01,  9.910906898354602e-01, -7.483779020492630e-02,  2.244795723381721e+00,  2.142134422721837e+00, -5.974736681014014e-04, -3.858028024855494e-15, -4.288853641998039e-03, -1.914406226164432e-03, -1.171524115183620e-03, -1.374220916118163e-02, -3.380625807254188e-03, -2.582236921611426e-03, -2.426719381914643e-02, -4.864063414621295e-03, -4.046481520501943e-03, -3.491577487754256e-02, -6.274495312477376e-03, -5.490957845776722e-03, -4.504029802367749e-02, -7.678359353555661e-03, -6.812050631535838e-03, -5.511767503106428e-02, -8.408471103726748e-03, -8.243650374940016e-03, -6.035864648465412e-02, -6.661338147750938e-16,  5.079270337660090e-15,  3.358424649491098e-15, -4.440892098500626e-16,  6.106226635438361e-16,  9.714451465470120e-16,  1.110223024625157e-16, -1.665334536937735e-15, -1.221245327087672e-15,  1.110223024625157e-16,  0.000000000000000e+00,  1.082467449009528e-15, -3.330669073875469e-16,  2.081668171172168e-15,  9.992007221626407e-16, -1.110223024625157e-16, -1.471045507628332e-15, -9.992007221626409e-16,  1.193489751472043e-15,  5.273559366969493e-16
  4.633333333333334e+00,  5.205114263770912e-01,  1.554911226876817e-01,  9.906750699036571e-01, -7.565291768617288e-02,  2.243505009552508e+00,  2.147622432709863e+00, -4.725349037018119e-04,  1.507822813664077e-14, -4.286403018166709e-03, -1.514081389731630e-03, -1.093186282737765e-03, -1.373435694986262e-02, -2.673697228126748e-03, -2.409567114284002e-03, -2.425332769825884e-02, -3.846930601194093e-03, -3.775900157973060e-03, -3.489582422482846e-02, -4.962424616435090e-03, -5.123786799055759e-03, -4.501456228255909e-02, -6.072724190922666e-03, -6.356540348813670e-03, -5.508618114050914e-02, -6.650160995218007e-03, -7.692411443212890e-03, -6.032415793619116e-02,  2.220446049250313e-16, -2.414735078559715e-15, -2.386979502944086e-15, -6.661338147750938e-16,  1.970645868709652e-15,  1.276756478318930e-15,  8.881784197001250e-16, -4.551914400963141e-15, -4.857225732735059e-15, -3.330669073875470e-16,  2.220446049250313e-15,  1.776356839400250e-15,  1.110223024625157e-16,  1.082467449009528e-15,  1.831867990631508e-15,  0.000000000000000e+00, -2.969846590872294e-15, -2.192690473634684e-15,  7.771561172376096e-16,  2.553512956637860e-15
  4.641666666666667e+00,  5.102917379794298e-01,  1.570320737726691e-01,  9.904565895660536e-01, -7.621641302977898e-02,  2.241665887235279e+00,  2.154036428393103e+00, -3.330555363763075e-04,  1.547374536229256e-14, -4.293472225283768e-03, -1.067166013396172e-03, -1.002015065853864e-03, -1.375700787972023e-02, -1.884495002262976e-03, -2.208610361084959e-03, -2.429332668953203e-02, -2.711422002362425e-03, -3.460991877741330e-03, -3.495337499834836e-02, -3.497652722380639e-03, -4.696465412962478e-03, -4.508880104710719e-02, -4.280222258348742e-03, -5.826407902036561e-03, -5.517703018634662e-02, -4.687215526086472e-03, -7.050867981482938e-03, -6.042364554044955e-02, -2.220446049250313e-16, -1.165734175856414e-15, -9.714451465470120e-16,  0.000000000000000e+00, -3.608224830031759e-16,  7.494005416219807e-16, -2.220446049250313e-16,  2.498001805406602e-15,  1.276756478318930e-15,  7.771561172376096e-16, -9.714451465470120e-16, -1.304512053934559e-15, -1.110223024625157e-16,  9.992007221626409e-16,  1.332267629550188e-15, -1.110223024625157e-16, -1.082467449009528e-15, -1.970645868709653e-15,  3.691491556878645e-15, -3.191891195797324e-15
  4.650000000000000e+00,  5.001441726682372e-01,  1.586161538477388e-01,  9.904349068999480e-01, -7.651320493556282e-02,  2.239297287488343e+00,  2.161345225032447e+00, -1.808081772392499e-04, -2.573637744912166e-14, -4.310477512781120e-03, -5.793398416242054e-04, -8.996224141834771e-04, -1.381149568378954e-02, -1.023048918768820e-03, -1.982919671350344e-03, -2.438954601551033e-02, -1.471968535077501e-03, -3.107324405282672e-03, -3.509181590542545e-02, -1.898795078555327e-03, -4.216548929264790e-03, -4.526738564777624e-02, -2.323634049564175e-03, -5.231026280527194e-03, -5.539557154635583e-02, -2.544581317668501e-03, -6.330362777848235e-03, -6.066296733120240e-02,  6.661338147750939e-16, -4.440892098500626e-15, -4.024558464266192e-15, -2.220446049250313e-16,  1.471045507628332e-15,  1.887379141862766e-15,  0.000000000000000e+00, -7.494005416219805e-16, -7.216449660063516e-16,  3.330669073875469e-16, -1.026956297778270e-15, -1.804112415015879e-15,  0.000000000000000e+00, -3.330669073875470e-16,  1.221245327087672e-15, -5.551115123125783e-16,  3.663735981263017e-15,  3.275157922644212e-15, -1.443289932012704e-15, -2.775557561562891e-16
  4.658333333333333e+00,  4.900849708391483e-01,  1.602449405464254e-01,  9.906062993848861e-01, -7.653063145880851e-02,  2.236451223941764e+00,  2.169462877130299e+00, -1.882980733974699e-05,  2.331470179297946e-14, -4.337359833531025e-03, -6.033387298931505e-05, -7.882485619813078e-04, -1.389763116566653e-02, -1.065428252862884e-04, -1.737432899391136e-03, -2.454165157646462e-02, -1.532944159192749e-04, -2.722635580657550e-03, -3.531066624153210e-02, -1.977451797244253e-04, -3.694537372056287e-03, -4.554969599018108e-02, -2.419889528551161e-04, -4.583421753617954e-03, -5.574104638539835e-02, -2.649989436297419e-04, -5.546659662620059e-03, -6.104129231801873e-02,  0.000000000000000e+00,  1.221245327087672e-15,  5.273559366969494e-16,  5.551115123125784e-16, -7.216449660063518e-16, -6.661338147750940e-16,  0.000000000000000e+00,  3.330669073875470e-16, -2.775557561562891e-16, -5.551115123125783e-16,  3.608224830031759e-16,  6.106226635438361e-16, -2.220446049250313e-16, -8.326672684688674e-16, -1.387778780781446e-16,  5.551115123125783e-16,  1.249000902703301e-15,  1.665334536937735e-16, -2.720046410331634e-15,  6.106226635438362e-16
  4.666666666666667e+00,  4.801262890611995e-01,  1.619199854400645e-01,  9.909636961882872e-01, -7.626285125397471e-02,  2.233210478319976e+00,  2.178255221369294e+00,  1.488042793202768e-04, -1.924156814908087e-14, -4.373595044427233e-03,  4.767939643496624e-04, -6.706353785349229e-04, -1.401373488195825e-02,  8.419644475633030e-04, -1.478193588147024e-03, -2.474667766459944e-02,  1.211423179996551e-03, -2.316395907791039e-03, -3.560565892963756e-02,  1.562699417419522e-03, -3.143281939968416e-03, -4.593022767345740e-02,  1.912339892051841e-03, -3.899537444229426e-03, -5.620671874056752e-02,  2.094178454329008e-03, -4.719052316686126e-03, -6.155124403581565e-02,  2.220446049250313e-16, -1.609823385706477e-15, -1.221245327087672e-15, -4.440892098500625e-16,  2.775557561562891e-16,  5.273559366969493e-16,  0.000000000000000e+00,  5.551115123125783e-17,  8.326672684688674e-16,  6.661338147750940e-16, -3.608224830031759e-16, -7.771561172376097e-16,  2.220446049250314e-16,  5.551115123125784e-17, -9.992007221626411e-16,  1.110223024625157e-16,  0.000000000000000e+00,  1.221245327087672e-15,  3.053113317719180e-16, -9.992007221626409e-16
  4.675000000000000e+00,  4.702764899179349e-01,  1.636416533406264e-01,  9.914966392074074e-01, -7.571541448168281e-02,  2.229683347961675e+00,  2.187545664782167e+00,  3.172686220779861e-04,  1.935952981915278e-14, -4.418187614796672e-03,  1.016582082027201e-03, -5.497427556741496e-04, -1.415661698537433e-02,  1.795169475901988e-03, -1.211725838707822e-03, -2.499899136869395e-02,  2.582899932918520e-03, -1.898828946803096e-03, -3.596868930541462e-02,  3.331863123531802e-03, -2.576655707043924e-03, -4.639852592471901e-02,  4.077338671121957e-03, -3.196584207960313e-03, -5.677979467396251e-02,  4.465040357919675e-03, -3.868368576484528e-03, -6.217881201021307e-02,  3.330669073875470e-16,  1.637578961322106e-15,  2.498001805406603e-16, -4.440892098500627e-16, -4.440892098500627e-16,  3.885780586188048e-16,  2.220446049250313e-16,  1.582067810090848e-15, -1.387778780781446e-16, -6.661338147750938e-16,  2.636779683484746e-15,  3.275157922644211e-15,  5.551115123125783e-16, -6.800116025829084e-15, -6.633582572135310e-15, -2.220446049250313e-16,  5.828670879282072e-15,  5.107025913275720e-15,  4.163336342344336e-16, -2.636779683484747e-15
  4.683333333333334e+00,  4.605407583606196e-01,  1.654079905648564e-01,  9.921918275072690e-01, -7.490867878655666e-02,  2.225993686707086e+00,  2.197126206343559e+00,  4.814145137840199e-04, -2.775559898813166e-17, -4.469700652445206e-03,  1.542533155448476e-03, -4.284074520762038e-04, -1.432167343092512e-02,  2.723939842329407e-03, -9.442823463266526e-04, -2.529046246400321e-02,  3.919219956929154e-03, -1.479732952661431e-03, -3.638805955572052e-02,  5.055675708175543e-03, -2.007954620567856e-03, -4.693950091733640e-02,  6.186839407658807e-03, -2.491056920355971e-03, -5.744180814081241e-02,  6.775127079539254e-03, -3.014569830177515e-03, -6.290377431661455e-02, -5.551115123125783e-16, -8.881784197001252e-16, -4.440892098500626e-16, -2.220446049250313e-16,  1.665334536937735e-15,  2.775557561562891e-16,  4.440892098500626e-16, -2.470246229790973e-15, -9.992007221626409e-16,  2.220446049250313e-16,  2.137179322403426e-15,  1.942890293094023e-16, -7.771561172376096e-16, -1.387778780781446e-16,  2.775557561562891e-17,  0.000000000000000e+00, -8.604228440844961e-16, -1.110223024625156e-16,  1.221245327087672e-15, -1.859623566247137e-15
  4.691666666666666e+00,  4.509220600180551e-01,  1.672137222179092e-01,  9.930337782215093e-01, -7.387983862266848e-02,  2.222269626150650e+00,  2.206768683621359e+00,  6.362043650709029e-04, -1.318390989409654e-16, -4.526300223749391e-03,  2.038505900142812e-03, -3.090284790470476e-04, -1.450302798676851e-02,  3.599771856189018e-03, -6.811509367378206e-04, -2.561071418661153e-02,  5.179371981692508e-03, -1.067394186444188e-03, -3.684883953443736e-02,  6.681233867759860e-03, -1.448422896006167e-03, -4.753389321241218e-02,  8.176102141599959e-03, -1.796905090254828e-03, -5.816919056941474e-02,  8.953542733961223e-03, -2.174537172765253e-03, -6.370032131977577e-02,  8.881784197001254e-16, -1.054711873393899e-15, -1.942890293094024e-15,  0.000000000000000e+00,  1.360023205165817e-15,  2.248201624865942e-15, -3.330669073875470e-16,  1.665334536937735e-16,  8.326672684688674e-17, -2.220446049250313e-16, -5.273559366969494e-16, -1.942890293094024e-16, -2.220446049250313e-16,  1.387778780781446e-15,  5.551115123125783e-16,  8.881784197001252e-16, -3.747002708109903e-15, -2.914335439641036e-15,  2.331468351712829e-15, -9.436895709313831e-16
  4.700000000000000e+00,  4.414220511084545e-01,  1.690497470849232e-01,  9.940057285453681e-01, -7.268248070036314e-02,  2.218632102646028e+00,  2.216237731356813e+00,  7.771218245728115e-04, -7.632790174566562e-17, -4.585838254332167e-03,  2.490029165934323e-03, -1.933422184175961e-04, -1.469379786086796e-02,  4.397111095921508e-03, -4.261588886076516e-04, -2.594759230099738e-02,  6.326588161813429e-03, -6.678101661139283e-04, -3.733354165905081e-02,  8.161108189082724e-03, -9.061989910261261e-04, -4.815914435526648e-02,  9.987085538880246e-03, -1.124225241301708e-03, -5.893433624599869e-02,  1.093672701385680e-02, -1.360488982428761e-03, -6.453822236287714e-02,  1.110223024625157e-16, -6.383782391594650e-16, -9.159339953157541e-16,  1.110223024625157e-16, -6.106226635438361e-16,  1.304512053934559e-15, -3.330669073875470e-16,  1.942890293094024e-15,  5.273559366969494e-16, -7.771561172376096e-16,  4.468647674116255e-15,  3.885780586188048e-15,  3.330669073875469e-16, -1.332267629550188e-15, -2.775557561562891e-16,  4.440892098500625e-16, -3.747002708109903e-15, -5.273559366969493e-15,  3.885780586188048e-16,  3.608224830031759e-16
  4.708333333333334e+00,  4.320416883011801e-01,  1.709033425807358e-01,  9.950906897588532e-01, -7.138391445767529e-02,  2.215185647919280e+00,  2.225304680593677e+00,  9.004936795860249e-04, -4.857230265335907e-17, -4.645976218472074e-03,  2.885333360879276e-03, -8.233201041219945e-05, -1.488649002309189e-02,  5.095173787571294e-03, -1.814736498929301e-04, -2.628786495973197e-02,  7.330964686504004e-03, -2.843773801647124e-04, -3.782312787316727e-02,  9.456723656838445e-03, -3.858918418113396e-04, -4.879069582647532e-02,  1.157258375826286e-02, -4.787351931230827e-04, -5.970719189489430e-02,  1.267298541865709e-02, -5.793447183116401e-04, -6.538456649602356e-02,  4.440892098500626e-16,  1.942890293094024e-16,  8.881784197001252e-16, -5.551115123125783e-16,  1.776356839400250e-15,  2.220446049250313e-16,  1.110223024625157e-16, -4.440892098500626e-16, -3.885780586188048e-16, -5.551115123125783e-16,  4.052314039881821e-15,  3.330669073875470e-15,  3.330669073875470e-16, -5.107025913275720e-15, -4.468647674116255e-15, -2.220446049250313e-16,  2.053912595556540e-15,  1.554312234475219e-15,  9.714451465470120e-16, -2.914335439641035e-15
  4.716666666666667e+00,  4.227815635695846e-01,  1.727589636998690e-01,  9.962722292631545e-01, -7.006122294526400e-02,  2.212014677334201e+00,  2.233758591644356e+00,  1.003640053238396e-03, -1.387780118716869e-17, -4.704328735884078e-03,  3.215831708286742e-03,  2.374023558187978e-05, -1.507346131339480e-02,  5.678796650486531e-03,  5.232748695305532e-05, -2.661803520288995e-02,  8.170684542323501e-03,  8.199952807507940e-05, -3.829817867499587e-02,  1.053993698076384e-02,  1.112709769572579e-04, -4.940349705359011e-02,  1.289815669177088e-02,  1.380421322021280e-04, -6.045710209479257e-02,  1.412460303565773e-02,  1.670526448608964e-04, -6.620578336747412e-02,  0.000000000000000e+00, -7.216449660063518e-16,  5.551115123125783e-16, -2.220446049250313e-16,  1.137978600240785e-15, -5.273559366969494e-16,  2.220446049250313e-16, -9.159339953157539e-16, -8.326672684688673e-17,  3.330669073875470e-16,  8.326672684688674e-16,  5.273559366969494e-16,  2.220446049250313e-16, -1.443289932012704e-15, -1.804112415015879e-15, -4.440892098500625e-16,  3.053113317719180e-15,  2.720046410331633e-15, -2.192690473634684e-15, -2.414735078559715e-15
  4.725000000000001e+00,  4.136417448934226e-01,  1.745995179841718e-01,  9.975353473531779e-01, -6.879533028393821e-02,  2.209183325066754e+00,  2.241418285724840e+00,  1.084932589055707e-03,  3.469450395654486e-17, -4.758655846626791e-03,  3.476306679849195e-03,  1.251806556680142e-04, -1.524753452299007e-02,  6.138766117246741e-03,  2.759192975751129e-04, -2.692542888801733e-02,  8.832491196673458e-03,  4.323779624531753e-04, -3.874045843708650e-02,  1.139364763305723e-02,  5.867243315434569e-04, -4.997402462643510e-02,  1.394287771646115e-02,  7.278868214904107e-04, -6.115528027600796e-02,  1.526866339322507e-02,  8.808572915111091e-04, -6.697034918052425e-02,  4.440892098500626e-16, -7.494005416219807e-16, -1.609823385706477e-15, -5.551115123125783e-16, -3.608224830031759e-16, -1.221245327087672e-15,  3.330669073875470e-16,  2.609024107869118e-15,  2.484124017598788e-15,  2.220446049250314e-16, -1.637578961322106e-15,  1.804112415015880e-16, -5.551115123125783e-16,  2.775557561562891e-15,  9.575673587391975e-16,  5.551115123125783e-16, -2.525757381022231e-15, -1.318389841742373e-15,  1.165734175856414e-15,  4.302114220422481e-16
  4.733333333333333e+00,  4.046214057970796e-01,  1.764077345673501e-01,  9.988669045179858e-01, -6.766383977781393e-02,  2.206740125054079e+00,  2.248140223577515e+00,  1.143696645994324e-03,  2.081670288916432e-17, -4.807064553985260e-03,  3.664596612083590e-03,  2.226089701125562e-04, -1.540264417169120e-02,  6.471264933566193e-03,  4.906677500625712e-04, -2.719933506016414e-02,  9.310892362635865e-03,  7.688984564264004e-04, -3.913455617727824e-02,  1.201077072900081e-02,  1.043372863729135e-03, -5.048239884208287e-02,  1.469807676595567e-02,  1.294402356549106e-03, -6.177739882412762e-02,  1.609567201484035e-02,  1.566430000168131e-03, -6.765162308215947e-02, -5.551115123125783e-16,  6.661338147750939e-16,  2.914335439641036e-16,  1.110223024625157e-16, -2.775557561562891e-16,  2.289834988289385e-15,  1.110223024625157e-16,  1.165734175856414e-15, -1.068589661201713e-15,  2.220446049250313e-16, -1.221245327087672e-15, -3.469446951953614e-16,  1.110223024625156e-16,  1.137978600240785e-15,  1.346145417358002e-15, -4.440892098500626e-16,  2.386979502944087e-15,  2.761679773755077e-15, -1.998401444325282e-15, -5.190292640122607e-15
  4.741666666666667e+00,  3.957181624415633e-01,  1.781674979014410e-01,  1.000255997171197e+00, -6.673299861757746e-02,  2.204722463238771e+00,  2.253826760808834e+00,  1.180110524780754e-03,  1.040835165358827e-17, -4.848214657861757e-03,  3.781272810535339e-03,  3.167259042762601e-04, -1.553449603274245e-02,  6.677301960706176e-03,  6.981173613571166e-04, -2.743217059849010e-02,  9.607339595456670e-03,  1.093981337742706e-03, -3.946956125857950e-02,  1.239317873115631e-02,  1.484500887790556e-03, -5.091454530755368e-02,  1.516604525011155e-02,  1.841663238757952e-03, -6.230623432244668e-02,  1.660813819352325e-02,  2.228701556987845e-03, -6.823074393355297e-02, -1.221245327087672e-15,  2.498001805406602e-15,  3.344546861683283e-15,  1.665334536937734e-15, -5.967448757360215e-15, -4.399258735077182e-15, -3.330669073875470e-16,  4.024558464266192e-15,  2.609024107869118e-15, -4.440892098500626e-16, -1.582067810090848e-15, -1.526556658859590e-16,  5.551115123125783e-16,  1.720845688168993e-15,  1.165734175856414e-15, -1.110223024625156e-16, -2.831068712794148e-15, -2.081668171172168e-15, -4.163336342344337e-16,  2.595146320061303e-15
  4.750000000000000e+00,  3.869275086447803e-01,  1.798649196870316e-01,  1.001693788980662e+00, -6.605132345447667e-02,  2.203159802997408e+00,  2.258430868823285e+00,  1.195077778326053e-03, -6.800123182045463e-16, -4.881452020929315e-03,  3.829230410852319e-03,  4.081260567396051e-04, -1.564099414000904e-02,  6.761989682191281e-03,  8.995787271773263e-04, -2.762023426278423e-02,  9.729188765175980e-03,  1.409680368710317e-03, -3.974014831591369e-02,  1.255036049032619e-02,  1.912895299631049e-03, -5.126359446216540e-02,  1.535839506800643e-02,  2.373126875109905e-03, -6.273338020551324e-02,  1.681877796839148e-02,  2.871855967009018e-03, -6.869850581465826e-02, -5.551115123125783e-16,  1.165734175856414e-15,  7.910339050454240e-16,  1.110223024625157e-16, -2.053912595556540e-15, -6.383782391594650e-16, -3.330669073875469e-16,  2.109423746787797e-15,  2.373101715136272e-15,  1.110223024625157e-16,  2.775557561562891e-16, -2.706168622523819e-15, -5.551115123125783e-16, -8.326672684688674e-16, -3.885780586188048e-16,  1.110223024625157e-16,  6.106226635438361e-16,  1.360023205165817e-15,  5.273559366969494e-16, -1.679212324745549e-15
  4.758333333333334e+00,  3.782426612680592e-01,  1.814891009748905e-01,  1.003172752911998e+00, -6.564705170460002e-02,  2.202074819158951e+00,  2.261956306342145e+00,  1.190089193137345e-03, -5.481732006894779e-16, -4.906830713085730e-03,  3.813246144010256e-03,  4.972157165309383e-04, -1.572231174255903e-02,  6.733763266990751e-03,  1.095947377098178e-03, -2.776383199142087e-02,  9.688576440319218e-03,  1.717398884573433e-03, -3.994675753506537e-02,  1.249797181439508e-02,  2.330460384339832e-03, -5.153011413236714e-02,  1.529428487908640e-02,  2.891155710700146e-03, -6.305953134606775e-02,  1.674857173732366e-02,  3.498752159605522e-03, -6.905566967148134e-02,  2.220446049250313e-16, -6.106226635438360e-16,  1.249000902703301e-16, -2.220446049250313e-16, -6.383782391594650e-16, -8.049116928532385e-16, -4.440892098500626e-16,  2.359223927328458e-15,  2.248201624865942e-15,  2.220446049250313e-16, -3.275157922644212e-15, -2.359223927328458e-15,  2.220446049250314e-16, -2.553512956637860e-15, -2.844946500601964e-15,  1.110223024625157e-16,  4.107825191113079e-15,  2.414735078559715e-15, -5.551115123125783e-16,  5.412337245047638e-16
  4.766666666666667e+00,  3.696549074445835e-01,  1.830325768998491e-01,  1.004685760872924e+00, -6.552999769087656e-02,  2.201481692095109e+00,  2.264454725217737e+00,  1.167093227266880e-03, -4.128646279822036e-16, -4.925034801362346e-03,  3.739563197645908e-03,  5.841105621054611e-04, -1.578064070632678e-02,  6.603647481413204e-03,  1.287478285966173e-03, -2.786683437280116e-02,  9.501365116624118e-03,  2.017536442385208e-03, -4.009495794038411e-02,  1.225647484512860e-02,  2.737738329263235e-03, -5.172128819185613e-02,  1.499875505230425e-02,  3.396422379989552e-03, -6.329347894737362e-02,  1.642494088151592e-02,  4.110204128047783e-03, -6.931186263598525e-02, -7.771561172376097e-16,  2.664535259100376e-15,  1.859623566247138e-15, -4.440892098500627e-16,  3.885780586188048e-16,  3.108624468950439e-15,  3.330669073875470e-16, -1.693090112553364e-15, -2.692290834716005e-15, -2.220446049250313e-16,  1.054711873393899e-15,  1.637578961322106e-15,  4.440892098500626e-16,  1.471045507628332e-15,  2.012279232133096e-15, -1.110223024625157e-16, -3.996802888650564e-15, -6.036837696399289e-15,  1.332267629550188e-15,  7.771561172376096e-16
  4.775000000000000e+00,  3.611545502771289e-01,  1.844912198080525e-01,  1.006224777277756e+00, -6.569692571220215e-02,  2.201384138569892e+00,  2.266014668698251e+00,  1.128338422828154e-03, -2.983727567400228e-16, -4.937179846201682e-03,  3.615386279276261e-03,  6.687053252867578e-04, -1.581955547479140e-02,  6.384365027581380e-03,  1.473939424949345e-03, -2.793555347157817e-02,  9.185860289422572e-03,  2.309729442506031e-03, -4.019383136599881e-02,  1.184948312018286e-02,  3.134235740295587e-03, -5.184883193306498e-02,  1.450070245007881e-02,  3.888314781079464e-03, -6.344955949723260e-02,  1.587952997781889e-02,  4.705471132944213e-03, -6.948278440885149e-02, -6.661338147750939e-16,  1.609823385706477e-15,  6.106226635438361e-16,  2.220446049250313e-16, -2.831068712794149e-15, -1.540434446667405e-15, -4.440892098500626e-16,  2.081668171172169e-15,  3.066991105526995e-15, -4.440892098500626e-16,  2.692290834716005e-15,  8.881784197001252e-16,  3.330669073875469e-16,  0.000000000000000e+00,  3.053113317719180e-16,  6.661338147750939e-16, -3.497202527569243e-15, -3.927413949611491e-15, -2.498001805406602e-16,  1.970645868709653e-15
  4.783333333333333e+00,  3.527319665362049e-01,  1.858635938428929e-01,  1.007779742937672e+00, -6.613698560166434e-02,  2.201771358710140e+00,  2.266747335282027e+00,  1.076258071857598e-03, -2.081670392222586e-16, -4.944554311377803e-03,  3.448512066265793e-03,  7.508075673701849e-04, -1.584318450281704e-02,  6.089683959706919e-03,  1.654906626655701e-03, -2.797727967412204e-02,  8.761871512507353e-03,  2.593313195555205e-03, -4.025386726078338e-02,  1.130255036735147e-02,  3.519050653175974e-03, -5.192627642920136e-02,  1.383139822570143e-02,  4.365713942397697e-03, -6.354433152934233e-02,  1.514658365802170e-02,  5.283199043077937e-03, -6.958656802418081e-02, -5.551115123125783e-16,  2.525757381022231e-15,  3.330669073875470e-16, -4.440892098500627e-16,  1.970645868709653e-15,  3.441691376337986e-15, -5.551115123125784e-16,  5.551115123125784e-17,  1.804112415015880e-16,  3.330669073875470e-16,  9.436895709313831e-16, -6.522560269672795e-16,  3.330669073875470e-16, -2.414735078559715e-15, -1.193489751472043e-15, -9.992007221626411e-16,  3.136380044566068e-15,  4.787836793695988e-15, -6.217248937900877e-15,  2.012279232133096e-15
  4.791666666666667e+00,  3.443786515117703e-01,  1.871499108492471e-01,  1.009337685453463e+00, -6.683621282704744e-02,  2.202613331357178e+00,  2.266771443041760e+00,  1.013395016464458e-03,  1.193491020211374e-15, -4.948354530823308e-03,  3.247088252848964e-03,  8.302995254113187e-04, -1.585536104575737e-02,  5.733992188271203e-03,  1.830120321674083e-03, -2.799878207771670e-02,  8.250100192349947e-03,  2.867880944589209e-03, -4.028480503994083e-02,  1.064238077751158e-02,  3.891631110571002e-03, -5.196618523255502e-02,  1.302352140172498e-02,  4.827935108765246e-03, -6.359316958217101e-02,  1.426188829315588e-02,  5.842559197265020e-03, -6.964004993832179e-02,  0.000000000000000e+00, -3.885780586188048e-16, -1.151856388048600e-15, -1.110223024625157e-16,  2.053912595556540e-15,  2.414735078559715e-15, -4.440892098500626e-16, -1.360023205165817e-15, -2.164934898019055e-15,  3.330669073875470e-16,  7.216449660063518e-16, -6.938893903907228e-16, -7.771561172376096e-16,  8.049116928532385e-16,  2.470246229790973e-15,  3.330669073875470e-16, -1.443289932012704e-15, -2.442490654175344e-15, -1.498801083243961e-15,  1.262878690511116e-15
  4.800000000000000e+00,  3.360880360215142e-01,  1.883510104522365e-01,  1.010882425629087e+00, -6.778101616627455e-02,  2.203856819116552e+00,  2.266202288787859e+00,  9.424032717827815e-04,  2.058771998915188e-14, -4.949486425084497e-03,  3.019618750381471e-03,  9.073750715719307e-04, -1.585898782561217e-02,  5.332306663070381e-03,  2.000007836981697e-03, -2.800518656251360e-02,  7.672152800739704e-03,  3.134102330220557e-03, -4.029401984864248e-02,  9.896846048543807e-03,  4.252885795304013e-03, -5.197807205830985e-02,  1.211117972729551e-02,  5.276105586953799e-03, -6.360771598231386e-02,  1.326279483413614e-02,  6.384915813559796e-03, -6.965597951124747e-02, -4.440892098500624e-16, -8.881784197001248e-16,  8.049116928532381e-16,  3.330669073875469e-16, -1.970645868709652e-15, -1.873501354054951e-15, -3.330669073875470e-16,  2.525757381022231e-15,  1.484923295436147e-15, -2.220446049250313e-16, -8.049116928532383e-16,  1.498801083243961e-15,  2.220446049250313e-16, -1.165734175856414e-15, -3.538835890992686e-15,  2.220446049250313e-16,  6.661338147750939e-16,  1.831867990631508e-15, -1.582067810090848e-15,  8.187894806610529e-16
  4.808333333333334e+00,  3.278559160762030e-01,  1.894676226753219e-01,  1.012394882982265e+00, -6.896060823826708e-02,  2.205426659631593e+00,  2.265144239529759e+00,  8.659406515038339e-04, -5.533773707417631e-15, -4.948475143379155e-03,  2.774619641415919e-03,  9.823103739589297e-04, -1.585574750855723e-02,  4.899665826876982e-03,  2.165177893713323e-03, -2.799946452747194e-02,  7.049666733668606e-03,  3.392931245862446e-03, -4.028578695243876e-02,  9.093857769605460e-03,  4.604109113093988e-03, -5.196745187008818e-02,  1.112852976813720e-02,  5.711831209180961e-03, -6.359471961862467e-02,  1.218670769015648e-02,  6.912212201041213e-03, -6.964174736272954e-02, -1.110223024625157e-15,  3.635980405647388e-15,  5.259681579161679e-15,  2.220446049250313e-16, -3.497202527569242e-15, -4.427014310692811e-15, -5.551115123125783e-16, -1.942890293094024e-15, -2.622901895676932e-15, -1.110223024625157e-16, -4.163336342344337e-16,  1.276756478318930e-15, -1.110223024625157e-15,  1.942890293094024e-15,  1.929012505286209e-15, -8.881784197001252e-16,  1.998401444325282e-15,  9.298117831235686e-16, -7.521760991835436e-15,  3.164135620181697e-15
  4.816666666666666e+00,  3.196800888895193e-01,  1.905001969086248e-01,  1.013854391317962e+00, -7.036734055882188e-02,  2.207231991999072e+00,  2.263690980665156e+00,  7.866975067187817e-04, -1.873503311642353e-15, -4.945528389345418e-03,  2.520711263743965e-03,  1.055758808076112e-03, -1.584630561257289e-02,  4.451292225433688e-03,  2.327070641757301e-03, -2.798279120246426e-02,  6.404544275517826e-03,  3.646624471171289e-03, -4.026179727873543e-02,  8.261669227919755e-03,  4.948363448421492e-03, -5.193650591344824e-02,  1.011014624010678e-02,  6.138911151871788e-03, -6.355684977195529e-02,  1.107148918140412e-02,  7.429045959343880e-03, -6.960027658795132e-02,  9.992007221626409e-16, -4.635181127810029e-15, -4.718447854656915e-15, -1.110223024625157e-15,  4.052314039881821e-15,  3.330669073875470e-15, -3.330669073875470e-16, -2.248201624865942e-15, -3.747002708109903e-16, -4.440892098500627e-16, -1.249000902703301e-15, -2.484124017598788e-15, -1.110223024625157e-16, -2.942091015256665e-15, -4.163336342344337e-17, -9.992007221626409e-16,  2.664535259100376e-15,  2.192690473634684e-15, -3.191891195797325e-15, -8.604228440844963e-16
  4.825000000000000e+00,  3.115593005039988e-01,  1.914491323611166e-01,  1.015240686518166e+00, -7.199531210529855e-02,  2.209177000309657e+00,  2.261931011381241e+00,  7.071996826773474e-04, -1.259410550767457e-14, -4.940722184427440e-03,  2.265986850856916e-03,  1.127873272657338e-03, -1.583090572280864e-02,  4.001477597697764e-03,  2.486023095749901e-03, -2.795559673138955e-02,  5.757348460633229e-03,  3.895710123359989e-03, -4.022266972088702e-02,  7.426806118499374e-03,  5.286365440818344e-03, -5.188603254224992e-02,  9.088489732948145e-03,  6.558234474018368e-03, -6.349508342064937e-02,  9.952686475931404e-03,  7.936492989427328e-03, -6.953263706285667e-02, -2.220446049250313e-16,  0.000000000000000e+00, -1.110223024625157e-16, -1.221245327087672e-15,  4.857225732735060e-15,  5.301314942585122e-15,  1.110223024625156e-16, -4.996003610813204e-15, -5.259681579161678e-15, -1.332267629550188e-15,  5.606626274357041e-15,  5.731526364627371e-15, -2.220446049250313e-16, -6.106226635438361e-16,  1.526556658859590e-16, -6.661338147750938e-16, -6.938893903907226e-16,  1.276756478318930e-15, -7.688294445529207e-15,  3.774758283725532e-15
  4.833333333333334e+00,  3.034921109008035e-01,  1.923150966633640e-01,  1.016535549957268e+00, -7.383861920015430e-02,  2.211171066656209e+00,  2.259953033250409e+00,  6.297994857053268e-04,  9.672828074231463e-15, -4.934178481864305e-03,  2.017983588275180e-03,  1.198408536744649e-03, -1.580993859817991e-02,  3.563531764512898e-03,  2.641494725261170e-03, -2.791857115048719e-02,  5.127229534067339e-03,  4.139341166852707e-03, -4.016939710696740e-02,  6.613971680698568e-03,  5.616965687717365e-03, -5.181731247472120e-02,  8.093790622095540e-03,  6.968375233421978e-03, -6.341098783253579e-02,  8.863404463286735e-03,  8.432827677434716e-03, -6.944054508201830e-02, -4.440892098500627e-16, -3.053113317719181e-16, -1.401656568589261e-15,  0.000000000000000e+00, -9.436895709313831e-16, -6.522560269672795e-16, -4.440892098500625e-16, -2.858824288409777e-15, -2.206568261442498e-15, -7.771561172376096e-16,  2.248201624865942e-15,  3.524958103184872e-15, -6.661338147750938e-16,  9.714451465470118e-16,  6.522560269672794e-16,  1.110223024625157e-16, -4.746203430272544e-15, -5.134781488891349e-15,  3.330669073875470e-16, -4.177214130152151e-15
  4.841666666666667e+00,  2.954760912241084e-01,  1.930991209633991e-01,  1.017723832397032e+00, -7.588938400992958e-02,  2.213134067003514e+00,  2.257848993291033e+00,  5.566265547563498e-04, -1.374596290005084e-14, -4.926167405946820e-03,  1.783525197755624e-03,  1.266544338925943e-03, -1.578426976208409e-02,  3.149504650049884e-03,  2.791677535665541e-03, -2.787324287660696e-02,  4.531524994449260e-03,  4.374684392712046e-03, -4.010417853168886e-02,  5.845530765601404e-03,  5.936319606828205e-03, -5.173318247687968e-02,  7.153417700568042e-03,  7.364563863480402e-03, -6.330803447550304e-02,  7.833614351461649e-03,  8.912278099225925e-03, -6.932780220458132e-02, -7.771561172376094e-16,  3.053113317719180e-16, -1.207367539279858e-15, -4.440892098500626e-16, -6.106226635438361e-16,  1.221245327087672e-15, -4.440892098500626e-16, -2.969846590872294e-15, -4.107825191113079e-15, -2.220446049250313e-16,  2.720046410331634e-15,  3.178013407989511e-15, -8.881784197001252e-16, -1.443289932012704e-15, -1.873501354054952e-15, -4.440892098500626e-16,  3.774758283725532e-15,  6.425415755018093e-15, -5.412337245047638e-15,  1.179611963664229e-15
  4.850000000000001e+00,  2.875076852630941e-01,  1.938024130982481e-01,  1.018793621338047e+00, -7.813556130207645e-02,  2.214997158800604e+00,  2.255711812046477e+00,  4.895702800716917e-04,  7.993613910027459e-15, -4.917112880083954e-03,  1.568665603742139e-03,  1.331020007009188e-03, -1.575525753682589e-02,  2.770086803130451e-03,  2.933792792630779e-03, -2.782201055397283e-02,  3.985616463520764e-03,  4.597385399054131e-03, -4.003046517790149e-02,  5.141325201984645e-03,  6.238518401506514e-03, -5.163809447052052e-02,  6.291652234678193e-03,  7.739469945029586e-03, -6.319167135042826e-02,  6.889906238251927e-03,  9.365973297196021e-03, -6.920037446515841e-02,  3.330669073875469e-16, -9.714451465470118e-16, -5.689893001203926e-16, -2.220446049250313e-16, -5.773159728050814e-15, -3.927413949611491e-15,  0.000000000000000e+00,  2.775557561562891e-16, -2.220446049250313e-16, -1.665334536937735e-15,  4.857225732735060e-15,  6.453171330633722e-15,  5.551115123125783e-16, -7.299716386910404e-15, -7.827072323607354e-15, -1.665334536937735e-15,  9.658940314238863e-15,  9.922618282587338e-15, -6.467049118441537e-15,  6.661338147750939e-16
  4.858333333333333e+00,  2.795825398294227e-01,  1.944260953749447e-01,  1.019735898410564e+00, -8.055824133680575e-02,  2.216701013334429e+00,  2.253629297136569e+00,  4.302553391916481e-04,  2.541025517122283e-14, -4.907538849556112e-03,  1.378610546614249e-03,  1.390423433830923e-03, -1.572458073112733e-02,  2.434470975025647e-03,  3.064727973582777e-03, -2.776783876973091e-02,  3.502730523484723e-03,  4.802566722918048e-03, -3.995252251022367e-02,  4.518416882552716e-03,  6.516943496080849e-03, -5.153755077664067e-02,  5.529373567996607e-03,  8.084882511414591e-03, -6.306863187490826e-02,  6.055144820273728e-03,  9.783976712957256e-03, -6.906563554153626e-02, -1.332267629550188e-15,  7.771561172376096e-16,  1.290634266126744e-15, -3.330669073875470e-16, -1.665334536937735e-15, -1.595945597898663e-15, -5.551115123125783e-16,  9.159339953157541e-16,  4.482525461924070e-15,  6.661338147750939e-16, -2.664535259100376e-15, -3.635980405647388e-15, -1.443289932012704e-15,  2.220446049250313e-15,  2.900457651833221e-15, -4.440892098500626e-16, -3.608224830031759e-16,  2.220446049250313e-16, -4.662936703425657e-15,  1.096345236817342e-15
  4.866666666666667e+00,  2.716958973375532e-01,  1.949711680999340e-01,  1.020544082326316e+00, -8.312884230240375e-02,  2.218193439578485e+00,  2.251677035955694e+00,  3.799967410932017e-04, -4.565796780200461e-15, -4.897994237697937e-03,  1.217573536531851e-03,  1.443520719680540e-03, -1.569399818763470e-02,  2.150097750179362e-03,  3.181763355257782e-03, -2.771383344192483e-02,  3.093572729060906e-03,  4.985966435473894e-03, -3.987481934100554e-02,  3.990615650468826e-03,  6.765811577053913e-03, -5.143731602852735e-02,  4.883481376621023e-03,  8.393626817166553e-03, -6.294597046913220e-02,  5.347836712231350e-03,  1.015760577850078e-02, -6.893131063715024e-02, -3.330669073875470e-16, -1.276756478318930e-15, -2.331468351712829e-15,  3.330669073875470e-16, -8.604228440844963e-16,  1.110223024625157e-15, -9.992007221626409e-16,  8.604228440844963e-16, -4.163336342344337e-17, -9.992007221626409e-16,  1.998401444325282e-15,  2.164934898019055e-15,  2.220446049250313e-16, -3.080868893334809e-15, -4.496403249731884e-15, -3.330669073875470e-16, -2.775557561562892e-17,  1.637578961322106e-15, -4.524158825347513e-15, -9.020562075079397e-16
  4.875000000000000e+00,  2.638427298036365e-01,  1.954388792186448e-01,  1.021213701243498e+00, -8.580635032452065e-02,  2.219427242080008e+00,  2.249912806283099e+00,  3.397400680105921e-04,  1.922075534868046e-15, -4.888986855615824e-03,  1.088584378185749e-03,  1.489542423778654e-03, -1.566513701890903e-02,  1.922317422479007e-03,  3.283202960284664e-03, -2.766286786810237e-02,  2.765841113173745e-03,  5.144926863840884e-03, -3.980148978688874e-02,  3.567851736363644e-03,  6.981516259471426e-03, -5.134272311221644e-02,  4.366127694368440e-03,  8.661228801988843e-03, -6.283021320618040e-02,  4.781289447736584e-03,  1.048144617868390e-02, -6.880454636945521e-02, -1.332267629550188e-15, -1.915134717478395e-15,  2.359223927328458e-16, -3.330669073875470e-16, -1.110223024625157e-16, -1.096345236817342e-15,  1.110223024625157e-16,  3.053113317719180e-16, -1.040834085586084e-15, -3.330669073875470e-16,  2.775557561562891e-17,  2.331468351712829e-15, -9.992007221626409e-16, -1.221245327087672e-15, -1.193489751472043e-15, -1.221245327087672e-15,  3.136380044566067e-15,  4.635181127810029e-15, -8.604228440844963e-16, -5.870304242705515e-15
  4.883333333333334e+00,  2.560176278989199e-01,  1.958314591908490e-01,  1.021742217614300e+00, -8.853450304802316e-02,  2.220358941709095e+00,  2.248372322365272e+00,  3.099782395872906e-04, -2.588210005698864e-15, -4.880936269616694e-03,  9.932224690944594e-04,  1.528397550198773e-03, -1.563934158589122e-02,  1.753919030080747e-03,  3.368846218280026e-03, -2.761731603829258e-02,  2.523548559596969e-03,  5.279133705169751e-03, -3.973594955811661e-02,  3.255301639446035e-03,  7.163631043571391e-03, -5.125817819093925e-02,  3.983647217362142e-03,  8.887159352689439e-03, -6.272675209026174e-02,  4.362440069828231e-03,  1.075485760352084e-02, -6.869124745185180e-02,  1.110223024625157e-16, -3.969047313034935e-15, -4.066191827689636e-15, -9.992007221626409e-16,  2.831068712794149e-15,  4.746203430272544e-15, -9.992007221626409e-16, -2.303712776097200e-15, -2.192690473634684e-15, -7.771561172376097e-16,  2.026157019940911e-15,  1.998401444325282e-15,  1.665334536937735e-15, -8.548717289613705e-15, -8.673617379884035e-15, -2.109423746787797e-15,  7.355227538141661e-15,  5.898059818321143e-15, -3.802513859341160e-15,  9.714451465470120e-17
  4.891666666666667e+00,  2.482147108014610e-01,  1.961529459989547e-01,  1.022128858341114e+00, -9.124028314795880e-02,  2.220949225384979e+00,  2.247064729786520e+00,  2.906513158464743e-04,  1.006140615568955e-15, -4.874134204829336e-03,  9.312957514310550e-04,  1.560879657476745e-03, -1.561754662517278e-02,  1.644563420469547e-03,  3.440442266207722e-03, -2.757882859209716e-02,  2.366207093778077e-03,  5.391327935859082e-03, -3.968057360419538e-02,  3.052335887233948e-03,  7.315875354608580e-03, -5.118674487823835e-02,  3.735269634094691e-03,  9.076032766797930e-03, -6.263933619208459e-02,  4.090445020438645e-03,  1.098342407712249e-02, -6.859551944306212e-02, -5.551115123125783e-16,  7.771561172376096e-16, -3.885780586188048e-16, -1.110223024625157e-16,  6.661338147750939e-16,  2.123301534595612e-15, -6.661338147750939e-16,  3.330669073875470e-16,  5.551115123125783e-16,  2.220446049250313e-16, -1.859623566247137e-15, -2.636779683484747e-15, -6.661338147750939e-16,  1.249000902703301e-15,  2.178812685826870e-15,  0.000000000000000e+00,  3.580469254416130e-15,  2.442490654175344e-15, -5.023759186428833e-15, -4.579669976578771e-16
  4.900000000000000e+00,  2.404276367680875e-01,  1.964095598030042e-01,  1.022374482544759e+00, -9.383660693056578e-02,  2.221163607775023e+00,  2.245973671884979e+00,  2.810685445139715e-04, -2.706171304289083e-16, -4.868732863038227e-03,  9.005909386890743e-04,  1.588267017614078e-03, -1.560023981667028e-02,  1.590342178949579e-03,  3.500808631370957e-03, -2.754826671725971e-02,  2.288193266688872e-03,  5.485924748067991e-03, -3.963660100686556e-02,  2.951700399862838e-03,  7.444240480039794e-03, -5.113002155206884e-02,  3.612117827085138e-03,  9.235281801053189e-03, -6.256992151240857e-02,  3.955583084068699e-03,  1.117614040173718e-02, -6.851950433344281e-02,  0.000000000000000e+00,  2.775557561562892e-17,  1.387778780781446e-16,  3.330669073875470e-16, -1.859623566247138e-15, -7.077671781985374e-16, -9.992007221626409e-16,  5.551115123125783e-15,  6.161737786669619e-15,  4.440892098500626e-16, -4.884981308350689e-15, -6.120104423246175e-15,  6.661338147750939e-16, -1.332267629550188e-15, -1.249000902703301e-16, -8.881784197001252e-16,  1.360023205165817e-15, -1.387778780781446e-16,  2.775557561562892e-17,  4.482525461924070e-15
  4.908333333333333e+00,  2.326500214520743e-01,  1.966091217769445e-01,  1.022481036726125e+00, -9.623155117613141e-02,  2.220970902895583e+00,  2.245067789370690e+00,  2.802102299902407e-04, -3.469450384468316e-16, -4.864769868677956e-03,  8.978407544442442e-04,  1.612468239616563e-03, -1.558754171551052e-02,  1.585485663280730e-03,  3.554152210213007e-03, -2.752584330059014e-02,  2.281205684646895e-03,  5.569516537878218e-03, -3.960433806891677e-02,  2.942686629472513e-03,  7.557672109939878e-03, -5.108840333378015e-02,  3.601087303559404e-03,  9.376004426799272e-03, -6.251899157786420e-02,  3.943503701730149e-03,  1.134643686449442e-02, -6.846373162687765e-02,  0.000000000000000e+00, -2.081668171172169e-15, -4.857225732735060e-16, -4.440892098500627e-16,  1.831867990631509e-15,  3.053113317719181e-15, -4.440892098500627e-16, -7.216449660063518e-16, -2.706168622523819e-15,  4.440892098500626e-16,  1.304512053934559e-15,  8.465450562766819e-16, -1.110223024625157e-16, -1.665334536937735e-15, -1.179611963664229e-15, -1.110223024625157e-16,  1.387778780781446e-16,  1.498801083243961e-15, -3.885780586188048e-16,  2.553512956637860e-15
  4.916666666666667e+00,  2.248754958045241e-01,  1.967600268195346e-01,  1.022451378566862e+00, -9.833661642244210e-02,  2.220339223311153e+00,  2.244320676664013e+00,  2.870961421178531e-04, -4.440896488338831e-16, -4.862267766339883e-03,  9.199043762451977e-04,  1.635433085551369e-03, -1.557952455835283e-02,  1.624447534717236e-03,  3.604770607481982e-03, -2.751168590389034e-02,  2.337264244283699e-03,  5.648837845463226e-03, -3.958396832697680e-02,  3.015000483069992e-03,  7.665308819540446e-03, -5.106212698012948e-02,  3.689580756261087e-03,  9.509537907870742e-03, -6.248683611743156e-02,  4.040411726695854e-03,  1.150803333386759e-02, -6.842851860188452e-02,  2.220446049250313e-16, -1.110223024625157e-15, -4.857225732735060e-16, -4.440892098500625e-16,  2.220446049250313e-16,  1.387778780781445e-15, -6.661338147750939e-16, -1.665334536937735e-16, -2.914335439641036e-16,  5.551115123125783e-16,  1.026956297778270e-15, -4.579669976578771e-16,  0.000000000000000e+00, -8.326672684688674e-16,  3.053113317719180e-16, -7.771561172376096e-16,  2.053912595556540e-15,  3.663735981263017e-15, -5.440092820663267e-15,  2.706168622523818e-15
  4.925000000000000e+00,  2.170973326346267e-01,  1.968705227769587e-01,  1.022289234808705e+00, -1.000674803472066e-01,  2.219236596334292e+00,  2.243718441233955e+00,  3.009564552670050e-04, -6.314399694040604e-16, -4.861305948926027e-03,  9.643151531704328e-04,  1.658993809548173e-03, -1.557644273342221e-02,  1.702871965508541e-03,  3.656702420593262e-03, -2.750624374811824e-02,  2.450101756144334e-03,  5.730217334828407e-03, -3.957613812265386e-02,  3.160557475013538e-03,  7.775738421961475e-03, -5.105202625240277e-02,  3.867704865831155e-03,  9.646536235703367e-03, -6.247447543922965e-02,  4.235473114062714e-03,  1.167382281160403e-02, -6.841498258454465e-02,  8.881784197001252e-16, -1.443289932012704e-15, -1.401656568589260e-15, -1.110223024625157e-16, -1.387778780781446e-15, -1.249000902703301e-16, -2.220446049250313e-16, -8.049116928532385e-16, -1.665334536937735e-16,  1.110223024625157e-16,  3.053113317719180e-16,  9.992007221626409e-16, -7.771561172376096e-16,  2.498001805406602e-15,  1.096345236817342e-15,  8.881784197001252e-16, -3.608224830031759e-15, -3.386180225106727e-15,  5.107025913275719e-15, -2.345346139520643e-15
  4.933333333333334e+00,  2.093077643520322e-01,  1.969485304629662e-01,  1.021999472990445e+00, -1.013399199358104e-01,  2.217636580219683e+00,  2.243254153886610e+00,  3.211296462138178e-04,  6.938900768372603e-18, -4.862039546742505e-03,  1.028953453414388e-03,  1.684912397385823e-03, -1.557879330434150e-02,  1.817015924589239e-03,  3.713831363653506e-03, -2.751039459165656e-02,  2.614332726094161e-03,  5.819740960801654e-03, -3.958211037968483e-02,  3.372410480056361e-03,  7.897219381179144e-03, -5.105973028405776e-02,  4.126958147865310e-03,  9.797244812975803e-03, -6.248390318135849e-02,  4.519377999228645e-03,  1.185620384291316e-02, -6.842530678189052e-02,  2.220446049250313e-16, -1.026956297778270e-15, -1.096345236817342e-15, -3.330669073875470e-16,  1.693090112553364e-15,  9.714451465470120e-16, -4.440892098500626e-16, -4.440892098500626e-16, -1.040834085586084e-15,  7.771561172376098e-16, -2.026157019940911e-15, -9.714451465470122e-17, -1.776356839400251e-15,  6.744604874597828e-15,  5.856426454897702e-15,  1.221245327087672e-15, -5.634381849972670e-15, -4.635181127810029e-15,  2.498001805406602e-16,  8.604228440844963e-16
  4.941666666666666e+00,  2.014977134390509e-01,  1.970015881771835e-01,  1.021588274666661e+00, -1.020699789109994e-01,  2.215523812402267e+00,  2.242921221810366e+00,  3.469196605281446e-04,  4.163340468464646e-17, -4.864678244453738e-03,  1.111589001407744e-03,  1.714814552052636e-03, -1.558724813607232e-02,  1.962940996459678e-03,  3.779740760494947e-03, -2.752532487236425e-02,  2.824290539774446e-03,  5.923023953213675e-03, -3.960359215147683e-02,  3.643249736344403e-03,  8.037371400781340e-03, -5.108744112273977e-02,  4.458395344526077e-03,  9.971116600111738e-03, -6.251781408042185e-02,  4.882330547096037e-03,  1.206661599349993e-02, -6.846244216481548e-02,  1.443289932012704e-15, -4.718447854656915e-15, -5.551115123125783e-15, -7.771561172376094e-16,  1.276756478318930e-15,  2.178812685826869e-15,  6.661338147750939e-16, -2.331468351712829e-15, -1.457167719820518e-15, -1.110223024625157e-16,  9.159339953157541e-16, -3.885780586188048e-16, -4.440892098500626e-16,  1.110223024625157e-15,  6.383782391594650e-16, -2.220446049250313e-16,  1.026956297778270e-15,  1.151856388048600e-15,  1.693090112553364e-15, -3.400058012914542e-15
  4.950000000000000e+00,  1.936572194449241e-01,  1.970366446427935e-01,  1.021062769796098e+00, -1.021804543829184e-01,  2.212896887277660e+00,  2.242709421387164e+00,  3.775368486240120e-04, -6.938900800546427e-18, -4.869425044017856e-03,  1.209691626927581e-03,  1.750075747766622e-03, -1.560245768106990e-02,  2.136179185439768e-03,  3.857462388495191e-03, -2.755218321602858e-02,  3.073546619883751e-03,  6.044817243669351e-03, -3.964223608733374e-02,  3.964782572767345e-03,  8.202641357034652e-03, -5.113729063610892e-02,  4.851868371292683e-03,  1.017614955454977e-02, -6.257881699114545e-02,  5.313217722768695e-03,  1.231473804707812e-02, -6.852924565607821e-02,  2.220446049250313e-16, -2.275957200481571e-15, -2.498001805406602e-15, -6.661338147750939e-16,  2.803313137178520e-15,  4.649058915617843e-15,  2.220446049250313e-16, -1.137978600240785e-15, -7.077671781985373e-16,  6.661338147750941e-16, -2.525757381022232e-15, -3.400058012914543e-15, -6.661338147750939e-16,  3.136380044566067e-15,  2.456368441983159e-15, -5.551115123125783e-16,  0.000000000000000e+00,  1.179611963664229e-15,  3.330669073875470e-16, -1.651456749129920e-15
  4.958333333333334e+00,  1.857758300249804e-01,  1.970598821306173e-01,  1.020430672477520e+00, -1.016078809704183e-01,  2.209768447821556e+00,  2.242604708281653e+00,  4.121011019245931e-04, -6.938900828152878e-18, -4.876421956410798e-03,  1.320441313909414e-03,  1.791629402523083e-03, -1.562487696641095e-02,  2.331750660729057e-03,  3.949053658503857e-03, -2.759177314922088e-02,  3.354935957875515e-03,  6.188344887620223e-03, -3.969919830574719e-02,  4.327766344096002e-03,  8.397404199420139e-03, -5.121077018234037e-02,  5.296066621025346e-03,  1.041777121342915e-02, -6.266873695010912e-02,  5.799653428005125e-03,  1.260713817539327e-02, -6.862771582943954e-02,  4.440892098500625e-16,  0.000000000000000e+00,  3.191891195797325e-16, -3.330669073875470e-16,  2.775557561562891e-16, -1.068589661201713e-15, -1.110223024625157e-16,  7.771561172376096e-16,  1.471045507628332e-15,  0.000000000000000e+00, -3.608224830031759e-16, -8.604228440844963e-16,  7.771561172376096e-16, -3.608224830031759e-16, -7.216449660063518e-16,  0.000000000000000e+00, -1.082467449009528e-15, -1.110223024625157e-15,  2.775557561562891e-17,  1.498801083243961e-15
  4.966666666666667e+00,  1.778429981810559e-01,  1.970765260623680e-01,  1.019699883590492e+00, -1.003077736874114e-01,  2.206164747110513e+00,  2.242588415625148e+00,  4.496403624622249e-04, -3.469450431851703e-17, -4.885703908821074e-03,  1.440723424964981e-03,  1.839855330242888e-03, -1.565461790468809e-02,  2.544155323453514e-03,  4.055351744468651e-03, -2.764429229700971e-02,  3.660544980566189e-03,  6.354918774426983e-03, -3.977476315074479e-02,  4.721992779255360e-03,  8.623440123699155e-03, -5.130824655661261e-02,  5.778497810320748e-03,  1.069819007730571e-02, -6.278802281978596e-02,  6.327957526308671e-03,  1.294648901075421e-02, -6.875834422830011e-02, -2.220446049250313e-16,  1.054711873393899e-15,  7.216449660063518e-16, -1.110223024625157e-16, -1.304512053934559e-15, -2.498001805406603e-16,  7.771561172376097e-16, -1.776356839400251e-15, -4.024558464266193e-16,  0.000000000000000e+00, -1.360023205165817e-15, -3.400058012914542e-15, -6.661338147750938e-16,  6.106226635438360e-16,  1.401656568589260e-15,  9.992007221626409e-16, -8.604228440844963e-16, -6.383782391594650e-16, -3.053113317719180e-16,  4.177214130152151e-15
  4.975000000000001e+00,  1.698485399588942e-01,  1.970905451900077e-01,  1.018878175738751e+00, -9.825879987446072e-02,  2.202124094435654e+00,  2.242638849996667e+00,  4.891373431166634e-04, -2.081670272067477e-17, -4.897183001862741e-03,  1.567278400884756e-03,  1.894503102254839e-03, -1.569139885146936e-02,  2.767637159117248e-03,  4.175804659408365e-03, -2.770924330696822e-02,  3.982091901955388e-03,  6.543673915448960e-03, -3.986821502902399e-02,  5.136778623729028e-03,  8.879575365457909e-03, -5.142879666506683e-02,  6.286088398886844e-03,  1.101594998086339e-02, -6.293554497202121e-02,  6.883813354351744e-03,  1.333102836457514e-02, -6.891989381163890e-02,  1.110223024625157e-16, -2.359223927328458e-15, -2.622901895676932e-15,  4.440892098500626e-16, -6.938893903907228e-16, -1.373900992973631e-15, -8.881784197001252e-16,  2.498001805406602e-15,  3.511080315377058e-15,  9.992007221626409e-16, -2.775557561562891e-15, -2.456368441983159e-15,  2.220446049250313e-16, -4.440892098500626e-16, -4.718447854656915e-16, -8.881784197001252e-16,  8.881784197001252e-16, -4.163336342344337e-16,  3.025357742103552e-15, -2.206568261442499e-15
  4.983333333333333e+00,  1.617831495716096e-01,  1.971043439064833e-01,  1.017972882366151e+00, -9.546600665947776e-02,  2.197693900274217e+00,  2.242734178808723e+00,  5.296117534484932e-04, -1.387780191394405e-17, -4.910639903677453e-03,  1.696965226055891e-03,  1.954691766576156e-03, -1.573451703055297e-02,  2.996649487870207e-03,  4.308470636364108e-03, -2.778538515553451e-02,  4.311596127887480e-03,  6.751567474582149e-03, -3.997776834876141e-02,  5.561829151405937e-03,  9.161680884514578e-03, -5.157011714805788e-02,  6.806240304723284e-03,  1.136592846058696e-02, -6.310848469043980e-02,  7.453424916974751e-03,  1.375455725209639e-02, -6.910927783990957e-02,  5.551115123125782e-16, -1.693090112553363e-15, -3.774758283725531e-15, -1.110223024625157e-16,  2.386979502944087e-15,  2.012279232133096e-15, -3.330669073875470e-16, -1.554312234475219e-15,  6.522560269672795e-16,  7.771561172376096e-16, -2.498001805406602e-15, -3.039235529911366e-15, -1.110223024625157e-16, -2.220446049250313e-16,  8.326672684688674e-17,  7.771561172376096e-16, -1.304512053934559e-15, -1.762479051592436e-15,  2.969846590872293e-15, -6.800116025829082e-16
  4.991666666666667e+00,  1.536387957729943e-01,  1.971186974389647e-01,  1.016990587742221e+00, -9.196142428603281e-02,  2.192927258244677e+00,  2.242853094054461e+00,  5.701625112418933e-04,  0.000000000000000e+00, -4.925700218348951e-03,  1.826896681345320e-03,  2.019035275678295e-03, -1.578277281438814e-02,  3.226093805866406e-03,  4.450294592616714e-03, -2.787059943553835e-02,  4.641721902371178e-03,  6.973811999626697e-03, -4.010037513381723e-02,  5.987681457996924e-03,  9.463260247287284e-03, -5.172827620820690e-02,  7.327373380564488e-03,  1.174006607853654e-02, -6.330203047194569e-02,  8.024110946067376e-03,  1.420732248846719e-02, -6.932122729893472e-02, -5.551115123125784e-16,  2.525757381022232e-15,  3.566591466608316e-15,  3.330669073875470e-16,  5.828670879282072e-16,  2.026157019940911e-15,  1.221245327087672e-15, -5.634381849972669e-15, -6.578071420904053e-15, -4.440892098500627e-16,  2.609024107869118e-15,  6.938893903907230e-16, -1.110223024625157e-16, -4.163336342344338e-16, -6.938893903907230e-17, -4.440892098500626e-16,  1.554312234475219e-15,  2.511879593214417e-15,  1.249000902703301e-15, -5.176414852314792e-15
  5.000000000000000e+00,  1.454089532685258e-01,  1.971328851369123e-01,  1.015936906996385e+00, -8.780192063557202e-02,  2.187880638311344e+00,  2.242973121575421e+00,  6.099532952830222e-04, -5.204175804190858e-16, -4.941817898618877e-03,  1.954393052785429e-03,  2.085845817616009e-03, -1.583441657561073e-02,  3.451238040006263e-03,  4.597556305726466e-03, -2.796179650207646e-02,  4.965660692032916e-03,  7.204577734414469e-03, -4.023158998583447e-02,  6.405552740501492e-03,  9.776402644136534e-03, -5.189753941542713e-02,  7.838739747230912e-03,  1.212854872984840e-02, -6.350916485738427e-02,  8.584101579421759e-03,  1.467744746660876e-02, -6.954805746072236e-02,  2.220446049250314e-16, -2.192690473634685e-15, -5.689893001203928e-16, -3.330669073875470e-16,  1.637578961322106e-15,  5.412337245047638e-16,  2.220446049250313e-16, -2.109423746787797e-15, -2.164934898019055e-15, -7.771561172376096e-16,  1.443289932012704e-15,  2.539635168830046e-15,  4.440892098500627e-16, -1.942890293094024e-16, -1.817990202823694e-15,  2.220446049250313e-16, -1.110223024625157e-16,  9.853229343548264e-16,  1.221245327087672e-15,  3.747002708109903e-16
  5.008333333333334e+00,  1.370888368605687e-01,  1.971448253216390e-01,  1.014816329008591e+00, -8.306567768348129e-02,  2.182613339375517e+00,  2.243067668736840e+00,  6.481668735572841e-04, -4.440896725301707e-16, -4.958283273494776e-03,  2.076835791399790e-03,  2.153372244658705e-03, -1.588717440889246e-02,  3.667458127682382e-03,  4.746395950407633e-03, -2.805496089444722e-02,  5.276759369593671e-03,  7.437816159134004e-03, -4.036563543721854e-02,  6.806860665109324e-03,  1.009290040931418e-02, -5.207045401066666e-02,  8.329836847969611e-03,  1.252119403177093e-02, -6.372076759727996e-02,  9.121895604232577e-03,  1.515260990527212e-02, -6.977978085917219e-02,  0.000000000000000e+00, -1.387778780781446e-16, -1.706967900361178e-15, -2.220446049250313e-16,  3.275157922644212e-15,  4.302114220422482e-15,  0.000000000000000e+00, -2.331468351712829e-15, -3.247402347028583e-15,  7.771561172376097e-16, -1.498801083243962e-15, -1.970645868709653e-15, -1.554312234475219e-15,  3.802513859341160e-15,  6.106226635438359e-15,  7.771561172376094e-16, -1.387778780781445e-15, -2.303712776097199e-15, -2.331468351712829e-15,  1.457167719820518e-15
  5.016666666666667e+00,  1.286754101807410e-01,  1.971512591676911e-01,  1.013632392034296e+00, -7.784723574218551e-02,  2.177186968792069e+00,  2.243105703336446e+00,  6.839861749502323e-04, -3.608228620356869e-16, -4.974271702077806e-03,  2.191606863771802e-03,  2.219992522965046e-03, -1.593840402599062e-02,  3.870130916708263e-03,  4.893238290426879e-03, -2.814542662901630e-02,  5.568366117708599e-03,  7.667924717438224e-03, -4.049579804466923e-02,  7.183024587775219e-03,  1.040515103671578e-02, -5.223835985414255e-02,  8.790164193871743e-03,  1.290857035906018e-02, -6.392624092057107e-02,  9.625994072152196e-03,  1.562139605770389e-02, -7.000479201348747e-02, -2.220446049250313e-16,  1.665334536937735e-16, -8.187894806610528e-16,  6.661338147750938e-16, -1.054711873393899e-15, -2.914335439641035e-16,  1.110223024625157e-16, -1.332267629550188e-15, -8.604228440844963e-16,  1.110223024625157e-16, -4.163336342344337e-16, -5.273559366969494e-16, -4.440892098500626e-16,  2.359223927328458e-15,  2.678413046908190e-15,  3.330669073875470e-16, -1.193489751472043e-15, -3.233524559220768e-15,  3.330669073875470e-16, -5.273559366969494e-16
  5.025000000000000e+00,  1.201673840117932e-01,  1.971479271289184e-01,  1.012387880409668e+00, -7.225200665528725e-02,  2.171665515848146e+00,  2.243050566620703e+00,  7.165627262923687e-04, -5.412342973675135e-16, -4.988892579745394e-03,  2.295987619019207e-03,  2.284419122141545e-03, -1.598525177971300e-02,  4.054455575786348e-03,  5.035245391196883e-03, -2.822815448641539e-02,  5.833573473311949e-03,  7.890456238178264e-03, -4.061482735090714e-02,  7.525134089176754e-03,  1.070711984432719e-02, -5.239190407434883e-02,  9.208817736380494e-03,  1.328319112003551e-02, -6.411413933161046e-02,  1.008445610194104e-02,  1.607474597296870e-02, -7.021055711082776e-02,  4.440892098500626e-16, -2.275957200481571e-15, -5.828670879282072e-16, -2.220446049250313e-16, -4.996003610813204e-16, -1.262878690511116e-15,  4.440892098500626e-16,  6.383782391594650e-16,  2.636779683484747e-16, -5.551115123125783e-16,  1.665334536937735e-16, -2.775557561562891e-17, -3.330669073875470e-16, -1.387778780781446e-16,  8.881784197001252e-16,  6.661338147750940e-16, -1.665334536937735e-16, -1.637578961322106e-15,  8.326672684688674e-16, -2.262079412673757e-15
  5.033333333333333e+00,  1.115649780910308e-01,  1.971298466282057e-01,  1.011085265851170e+00, -6.638980922543709e-02,  2.166114638139813e+00,  2.242861131742404e+00,  7.450141384584091e-04,  5.953577312003219e-15, -5.001258342391035e-03,  2.387150733816148e-03,  2.345824741536588e-03, -1.602487376517474e-02,  4.215439370310391e-03,  5.170593742636636e-03, -2.829812245073650e-02,  6.065197861794194e-03,  8.102553198880957e-03, -4.071549765130929e-02,  7.823922574420170e-03,  1.099492925718331e-02, -5.252176572991663e-02,  9.574457560169615e-03,  1.364024581750170e-02, -6.427305640911668e-02,  1.048486350033472e-02,  1.650683819452100e-02, -7.038458512807724e-02,  1.554312234475219e-15, -3.441691376337985e-15, -4.801714581503802e-15, -1.110223024625157e-16, -1.054711873393899e-15,  9.714451465470122e-16, -8.881784197001252e-16,  3.219646771412954e-15,  1.026956297778270e-15,  6.661338147750939e-16, -4.468647674116255e-15, -2.359223927328458e-15,  0.000000000000000e+00, -1.110223024625157e-16, -2.498001805406602e-16, -3.330669073875470e-16,  8.604228440844963e-16, -2.775557561562891e-17,  1.776356839400250e-15,  2.331468351712829e-15
  5.041666666666667e+00,  1.028695561145938e-01,  1.970916500717658e-01,  1.009727202884825e+00, -6.036769944802105e-02,  2.160600063299098e+00,  2.242494086128089e+00,  7.684448061841202e-04, -1.500537413306356e-14, -5.010556577432245e-03,  2.462226538110502e-03,  2.403920544395115e-03, -1.605466687567762e-02,  4.348014786137991e-03,  5.298646699586140e-03, -2.835073372882171e-02,  6.255948115317314e-03,  8.303217948012604e-03, -4.079119505390417e-02,  8.069984656590022e-03,  1.126722549104771e-02, -5.261941309950451e-02,  9.875573904363562e-03,  1.397805495464863e-02, -6.439255153281169e-02,  1.081461207844257e-02,  1.691564026758601e-02, -7.051544267829796e-02,  3.330669073875470e-16, -1.137978600240785e-15,  2.775557561562891e-17,  2.220446049250313e-16,  9.992007221626409e-16, -6.938893903907228e-16, -3.330669073875469e-16, -8.326672684688672e-16, -9.436895709313829e-16,  3.330669073875470e-16,  5.551115123125783e-17,  8.326672684688674e-16, -3.330669073875471e-16,  3.053113317719181e-16, -1.942890293094024e-16, -2.220446049250314e-16, -1.360023205165817e-15, -1.304512053934559e-15,  9.992007221626409e-16,  2.192690473634684e-15
  5.050000000000000e+00,  9.408311651878359e-02,  1.970278592809747e-01,  1.008317049028457e+00, -5.428254357944796e-02,  2.155185471999264e+00,  2.241906966316022e+00,  7.859903437016169e-04,  2.501473939273308e-15, -5.016115063397209e-03,  2.518445394369626e-03,  2.458993640923704e-03, -1.607247720063310e-02,  4.447290955284901e-03,  5.420037101516803e-03, -2.838218475699650e-02,  6.398787225535415e-03,  8.493442173402876e-03, -4.083644697003155e-02,  8.254242806843943e-03,  1.152535423761514e-02, -5.267778670844091e-02,  1.010105822159243e-02,  1.429828798873740e-02, -6.446398573173118e-02,  1.106153701102816e-02,  1.730317249751512e-02, -7.059366933710251e-02, -1.110223024625157e-16,  1.693090112553364e-15,  2.275957200481571e-15,  9.992007221626409e-16, -2.803313137178520e-15, -1.998401444325282e-15, -6.661338147750939e-16,  4.718447854656915e-16, -9.992007221626409e-16,  2.220446049250313e-16, -1.221245327087672e-15, -4.163336342344337e-16, -7.771561172376094e-16,  4.080069615497449e-15,  4.551914400963141e-15,  5.551115123125783e-16, -2.636779683484747e-15, -4.024558464266192e-15,  2.692290834716005e-15, -6.050715484207103e-15
  5.058333333333334e+00,  8.520768037526247e-02,  1.969329256632174e-01,  1.006859443803355e+00, -4.821449266535818e-02,  2.149931012674184e+00,  2.241061450508689e+00,  7.968760566457765e-04, -1.549109729978605e-14, -5.017458198853113e-03,  2.553325051413236e-03,  2.511879388199833e-03, -1.607678083270387e-02,  4.508884501702046e-03,  5.536606216478428e-03, -2.838978448658751e-02,  6.487408366349916e-03,  8.676111225008099e-03, -4.084738150370142e-02,  8.368561409465946e-03,  1.177323083287830e-02, -5.269189192756236e-02,  1.024095462250052e-02,  1.460580226307263e-02, -6.448124687158559e-02,  1.121473573361684e-02,  1.767531303199305e-02, -7.061257178605133e-02,  2.220446049250313e-16,  8.326672684688674e-16,  1.332267629550188e-15,  2.220446049250314e-16, -1.054711873393899e-15, -9.714451465470122e-16, -4.440892098500626e-16, -7.494005416219807e-16, -2.775557561562891e-16, -1.110223024625157e-16,  3.330669073875470e-16, -1.110223024625157e-15,  8.881784197001252e-16, -8.049116928532385e-16,  3.608224830031759e-16, -5.551115123125783e-16,  1.942890293094024e-16,  8.881784197001252e-16,  1.498801083243961e-15, -1.387778780781446e-15
  5.066666666666666e+00,  7.624465657328648e-02,  1.968010735087798e-01,  1.005360904218473e+00, -4.222250779809694e-02,  2.144892934722702e+00,  2.239926421361317e+00,  8.004714726465012e-04,  2.057384252864398e-15, -5.014350766378221e-03,  2.564845369621936e-03,  2.563844099982143e-03, -1.606682409590280e-02,  4.529228086313823e-03,  5.651145213692904e-03, -2.837220201067384e-02,  6.516678830246437e-03,  8.855598990711417e-03, -4.082208373854319e-02,  8.406319426343352e-03,  1.201679051561918e-02, -5.265925857238221e-02,  1.028716066898435e-02,  1.490796100061741e-02, -6.444131208553432e-02,  1.126533537200163e-02,  1.804097252643997e-02, -7.056883972310299e-02,  1.110223024625157e-16, -2.720046410331634e-15, -3.386180225106727e-15,  4.440892098500626e-16,  9.436895709313831e-16,  1.665334536937735e-15, -4.440892098500626e-16, -1.221245327087672e-15, -1.387778780781446e-15, -1.110223024625156e-16, -2.498001805406602e-16, -2.498001805406602e-16, -4.440892098500625e-16,  2.525757381022231e-15,  2.692290834716004e-15,  4.440892098500625e-16, -6.938893903907226e-16,  4.996003610813203e-16, -8.881784197001250e-16,  1.831867990631508e-15
  5.075000000000000e+00,  6.719425502530996e-02,  1.966262893384493e-01,  1.003830264728790e+00, -3.634200767953158e-02,  2.140122776101930e+00,  2.238480473268995e+00,  7.963311556698366e-04, -1.152898456806675e-14, -5.006811656926504e-03,  2.551579096944442e-03,  2.616422701795290e-03, -1.604266751987950e-02,  4.505801342727782e-03,  5.767037328210827e-03, -2.832954421775913e-02,  6.482972299887877e-03,  9.037207152163168e-03, -4.076070746630269e-02,  8.362839017331930e-03,  1.226322751375900e-02, -5.258008502969755e-02,  1.023395189463439e-02,  1.521368931906249e-02, -6.434442414764452e-02,  1.120706713773746e-02,  1.841095177399336e-02, -7.046273900698891e-02,  0.000000000000000e+00,  6.106226635438361e-16,  4.440892098500626e-16,  7.771561172376096e-16, -2.525757381022231e-15, -2.636779683484747e-15, -2.220446049250313e-16,  6.938893903907228e-16,  9.436895709313831e-16, -2.220446049250313e-16,  1.276756478318930e-15,  1.276756478318930e-15, -1.110223024625157e-16,  8.604228440844963e-16, -1.387778780781446e-16,  1.110223024625157e-16, -2.831068712794149e-15, -2.914335439641036e-15, -1.942890293094024e-16,  3.885780586188048e-16
  5.083333333333333e+00,  5.805505688664023e-02,  1.964026763392424e-01,  1.002278869873448e+00, -3.058437916818657e-02,  2.135664605235661e+00,  2.236713766644846e+00,  7.842265625639625e-04,  7.584219116040540e-15, -4.995091114839474e-03,  2.512793942646290e-03,  2.671266732933385e-03, -1.600511292978498e-02,  4.437311127970647e-03,  5.887922831456745e-03, -2.826322704074853e-02,  6.384428193899780e-03,  9.226640178568463e-03, -4.066528993924648e-02,  8.235720088488278e-03,  1.252028262627428e-02, -5.245699929351832e-02,  1.007839120525755e-02,  1.553259040896236e-02, -6.419379904289046e-02,  1.103671465730798e-02,  1.879687214239414e-02, -7.029779142086179e-02,  7.771561172376096e-16, -1.970645868709653e-15, -6.383782391594650e-16,  0.000000000000000e+00,  1.665334536937735e-16,  7.216449660063518e-16,  0.000000000000000e+00, -4.163336342344337e-16, -1.526556658859590e-15, -5.551115123125783e-16,  4.996003610813204e-16,  1.831867990631508e-15,  5.551115123125782e-16, -8.326672684688673e-17, -1.831867990631508e-15,  1.110223024625156e-16, -4.718447854656914e-16,  2.775557561562891e-16, -5.551115123125783e-17, -8.604228440844961e-16
  5.091666666666667e+00,  4.882387146161436e-02,  1.961249673349049e-01,  1.000720604856311e+00, -2.493890206351123e-02,  2.131552288500898e+00,  2.234628150127814e+00,  7.641453287465720e-04,  3.396592157938329e-15, -4.979623675014271e-03,  2.448450288522734e-03,  2.729973292415275e-03, -1.595555264837368e-02,  4.323687480758480e-03,  6.017321999056448e-03, -2.817570916501034e-02,  6.220945851590191e-03,  9.429414500373766e-03, -4.053936872765658e-02,  8.024832790552879e-03,  1.279544148901959e-02, -5.229456472296509e-02,  9.820319698943918e-03,  1.587395090695647e-02, -6.399502114251317e-02,  1.075410391930945e-02,  1.920997191946158e-02, -7.008011233677497e-02, -4.440892098500626e-16,  6.661338147750939e-16,  1.137978600240785e-15,  5.551115123125783e-16, -6.938893903907228e-16, -5.273559366969494e-16, -2.220446049250313e-16,  1.165734175856414e-15,  8.326672684688674e-16,  2.220446049250313e-16, -2.220446049250313e-16, -5.828670879282072e-16, -6.661338147750939e-16, -1.387778780781446e-16,  1.665334536937735e-16,  0.000000000000000e+00,  2.775557561562891e-17, -3.053113317719180e-16, -1.526556658859590e-15,  5.828670879282072e-16
  5.100000000000000e+00,  3.949595208699776e-02,  1.957889061811471e-01,  9.991718457779072e-01, -1.937773040797970e-02,  2.127809991876123e+00,  2.232234300113691e+00,  7.362184121834771e-04, -1.706969689348792e-15, -4.960963885776297e-03,  2.358967745942589e-03,  2.793838812715425e-03, -1.589576354198267e-02,  4.165671387512764e-03,  6.158092387342749e-03, -2.807012833616373e-02,  5.993591408388760e-03,  9.650008036947542e-03, -4.038745843763403e-02,  7.731552406122100e-03,  1.309478050841636e-02, -5.209860502395668e-02,  9.461420365872299e-03,  1.624530916782699e-02, -6.375521715624678e-02,  1.036107794431626e-02,  1.965937369758111e-02, -6.981750612153713e-02, -1.110223024625157e-16,  7.771561172376097e-16,  1.304512053934559e-15,  8.881784197001254e-16, -1.637578961322106e-15, -1.304512053934559e-15, -3.330669073875470e-16,  1.110223024625157e-15,  6.661338147750940e-16,  3.330669073875470e-16, -2.498001805406602e-16,  5.551115123125783e-16, -2.220446049250313e-16, -4.718447854656915e-16, -2.220446049250313e-16, -3.330669073875470e-16,  1.110223024625157e-16, -1.165734175856414e-15, -4.163336342344336e-16,  3.608224830031759e-16
  5.108333333333333e+00,  3.006557739667015e-02,  1.953914181377011e-01,  9.976513117181410e-01, -1.386376789010115e-02,  2.124455776064189e+00,  2.229547176347757e+00,  7.005993238797499e-04, -8.265965936068535e-16, -4.939711175755247e-03,  2.244838190012540e-03,  2.863554847973607e-03, -1.582766628087714e-02,  3.964131444279166e-03,  6.311758298237426e-03, -2.794987624170531e-02,  5.703614605169926e-03,  9.890809438045199e-03, -4.021443904819390e-02,  7.357491063283447e-03,  1.342154101281993e-02, -5.187541522244525e-02,  9.003666033842722e-03,  1.665068636482251e-02, -6.348209056761960e-02,  9.859797150301311e-03,  2.014994372749386e-02, -6.951840875939945e-02,  3.330669073875470e-16,  1.026956297778270e-15, -2.220446049250313e-16, -3.330669073875469e-16,  7.494005416219805e-16,  0.000000000000000e+00,  0.000000000000000e+00, -1.887379141862766e-15,  0.000000000000000e+00, -1.110223024625157e-16,  7.494005416219807e-16,  4.440892098500626e-16,  9.992007221626407e-16, -4.191091917959965e-15, -4.690692279041286e-15, -1.110223024625157e-16,  9.436895709313831e-16,  1.609823385706477e-15,  3.802513859341161e-15, -6.661338147750939e-16
  5.116666666666667e+00,  2.052695265091502e-02,  1.949306183238827e-01,  9.961797953760152e-01, -8.360250225945987e-03,  2.121505595790589e+00,  2.226582541203383e+00,  6.573685996519148e-04, -1.402265159335491e-14, -4.916445005231389e-03,  2.106319671053405e-03,  2.938933407615996e-03, -1.575311755324812e-02,  3.719523338865370e-03,  6.477905368725890e-03, -2.781823158396823e-02,  5.351671088111369e-03,  1.015116937824340e-02, -4.002502797461602e-02,  6.903494525861143e-03,  1.377484188645382e-02, -5.163108064207775e-02,  8.448091699017004e-03,  1.708898939080502e-02, -6.318308823881040e-02,  9.251394948053942e-03,  2.068035917797522e-02, -6.919097521195307e-02, -1.110223024625157e-15,  4.191091917959966e-15,  3.025357742103552e-15,  5.551115123125783e-16, -3.108624468950438e-15, -2.553512956637860e-15,  8.881784197001250e-16, -9.159339953157539e-16, -2.581268532253489e-15, -2.220446049250313e-16, -5.828670879282072e-16,  1.110223024625157e-15, -6.661338147750939e-16,  5.828670879282072e-16,  4.718447854656915e-16,  0.000000000000000e+00, -8.326672684688674e-17, -7.771561172376096e-16,  1.110223024625156e-15, -6.106226635438361e-16
  5.125000000000000e+00,  1.087533199383167e-02,  1.944057188803173e-01,  9.947797979959515e-01, -2.840164808960243e-03,  2.118975977135824e+00,  2.223355646259430e+00,  6.065044990321969e-04,  1.041073663995925e-14, -4.891684989352833e-03,  1.943342528939891e-03,  3.018742815606584e-03, -1.567378229375961e-02,  3.431724059333159e-03,  6.653818777045384e-03, -2.767813444991992e-02,  4.937583866945701e-03,  1.042683360952505e-02, -3.982345543062594e-02,  6.369334481739733e-03,  1.414891023839103e-02, -5.137105813116246e-02,  7.794417966419360e-03,  1.755305643059450e-02, -6.286488794070721e-02,  8.535565375781151e-03,  2.124195312867710e-02, -6.884251821891438e-02,  1.110223024625157e-16, -1.165734175856414e-15, -1.582067810090848e-15,  0.000000000000000e+00,  3.053113317719180e-16,  1.387778780781446e-16, -5.551115123125783e-16,  1.942890293094024e-15,  2.636779683484747e-15, -2.220446049250313e-16,  2.498001805406602e-16,  0.000000000000000e+00, -1.110223024625156e-16, -2.775557561562891e-16, -5.551115123125782e-16,  8.881784197001252e-16, -1.582067810090848e-15, -1.554312234475219e-15,  2.775557561562891e-17, -3.608224830031759e-16
  5.133333333333334e+00,  1.108198861494242e-03,  1.938168886451913e-01,  9.934750926271290e-01,  2.706185461488518e-03,  2.116885047364441e+00,  2.219881854841463e+00,  5.479190533559427e-04,  1.184470372728506e-14, -4.865872652133929e-03,  1.755624897264085e-03,  3.100679864731930e-03, -1.559107521941531e-02,  3.100235861349869e-03,  6.834421865600140e-03, -2.753208307055578e-02,  4.460636784328381e-03,  1.070984678088045e-02, -3.961331588501430e-02,  5.754087109515512e-03,  1.453295088848193e-02, -5.109998444615562e-02,  7.041514317598971e-03,  1.802949504593771e-02, -6.253316386393690e-02,  7.711070417483893e-03,  2.181851862744991e-02, -6.847925151237998e-02,  0.000000000000000e+00, -5.551115123125782e-16, -1.082467449009527e-15, -4.440892098500625e-16,  2.275957200481571e-15,  1.304512053934559e-15,  1.110223024625157e-16, -7.216449660063518e-16, -7.216449660063518e-16,  0.000000000000000e+00, -1.110223024625157e-16, -6.661338147750939e-16, -1.110223024625156e-16, -2.775557561562891e-16,  4.163336342344336e-16, -1.110223024625157e-16, -4.440892098500626e-16,  2.775557561562891e-17, -7.216449660063518e-16,  1.526556658859590e-15
  5.141666666666667e+00, -8.773692567905472e-03,  1.931651443833085e-01,  9.922901884594734e-01,  8.266700810386256e-03,  2.115251592684668e+00,  2.216179280548865e+00,  4.815454891698540e-04,  1.822328807376820e-15, -4.839376994942053e-03,  1.542952822637026e-03,  3.181483382398774e-03, -1.550617867278982e-02,  2.724680927322097e-03,  7.012526459425251e-03, -2.738216532974220e-02,  3.920286234183729e-03,  1.098894469849985e-02, -3.939761339681828e-02,  5.057051173720454e-03,  1.491167865301750e-02, -5.082173473275313e-02,  6.188522621719922e-03,  1.849934252611071e-02, -6.219265818449769e-02,  6.776970345285890e-03,  2.238710781822133e-02, -6.810636818739217e-02, -1.110223024625157e-16,  1.582067810090848e-15,  9.714451465470120e-16, -6.661338147750939e-16,  1.831867990631508e-15,  2.414735078559715e-15,  3.330669073875470e-16, -2.692290834716005e-15, -2.220446049250313e-15,  2.220446049250313e-16, -2.164934898019055e-15, -1.471045507628332e-15,  3.330669073875470e-16, -5.551115123125784e-17,  2.220446049250314e-16, -6.661338147750939e-16,  1.054711873393899e-15,  1.110223024625157e-16,  1.165734175856414e-15, -1.942890293094024e-16
  5.150000000000000e+00, -1.876555581001228e-02,  1.924523533267420e-01,  9.912496575759334e-01,  1.380684802853163e-02,  2.114091604242468e+00,  2.212273741833197e+00,  4.074651459513247e-04,  5.305656908042955e-15, -4.812533988306477e-03,  1.305586930438626e-03,  3.257204506119211e-03, -1.542016916014572e-02,  2.305519492325828e-03,  7.179428599029370e-03, -2.723028221624536e-02,  3.317194405323988e-03,  1.125048786597978e-02, -3.917908311934729e-02,  4.279080877979569e-03,  1.526658513169459e-02, -5.053983725635638e-02,  5.236488203078201e-03,  1.893963745644829e-02, -6.184768858665249e-02,  5.734409880177209e-03,  2.291993378560367e-02, -6.772859648361736e-02,  5.551115123125783e-16, -6.383782391594650e-16,  1.665334536937735e-16, -1.110223024625157e-16, -8.326672684688675e-17, -1.415534356397075e-15,  0.000000000000000e+00, -1.054711873393899e-15, -7.494005416219807e-16, -4.440892098500626e-16,  2.137179322403426e-15,  2.886579864025407e-15,  1.110223024625157e-16,  3.608224830031759e-16, -4.996003610813205e-16,  0.000000000000000e+00, -3.608224830031759e-16,  5.273559366969494e-16, -1.859623566247137e-15,  2.831068712794149e-15
  5.158333333333333e+00, -2.885812850449423e-02,  1.916813264100126e-01,  9.903773299417430e-01,  1.927251433294572e-02,  2.113412979393499e+00,  2.208205009807779e+00,  3.260527586715955e-04, -1.002150712856768e-14, -4.785712997846948e-03,  1.044727934609509e-03,  3.323616857506702e-03, -1.533423019092485e-02,  1.844871881959296e-03,  7.325812632934710e-03, -2.707852367450839e-02,  2.654412034141415e-03,  1.147987823798576e-02, -3.896073207643896e-02,  3.424111580359429e-03,  1.557786120117419e-02, -5.025817098714900e-02,  4.190226922056691e-03,  1.932580475280357e-02, -6.150300192659582e-02,  4.588662808006539e-03,  2.338725682084939e-02, -6.735113462133001e-02,  5.551115123125783e-16, -3.164135620181696e-15, -2.220446049250313e-15,  4.440892098500626e-16, -2.109423746787797e-15, -1.859623566247137e-15, -5.551115123125783e-16,  6.106226635438361e-16,  0.000000000000000e+00, -1.221245327087672e-15,  6.411537967210279e-15,  5.273559366969494e-15,  3.330669073875470e-16, -1.415534356397075e-15,  1.110223024625157e-16,  5.551115123125783e-16, -3.524958103184872e-15, -3.858025010572419e-15,  3.885780586188048e-16, -2.775557561562891e-17
  5.166666666666667e+00, -3.903755348288464e-02,  1.908558738891875e-01,  9.896953676004627e-01,  2.459473450323487e-02,  2.113211020158164e+00,  2.204030981335450e+00,  2.380811301426427e-04,  2.567393173663558e-15, -4.759376087214305e-03,  7.628520254703893e-04,  3.376685561233592e-03, -1.524984229509438e-02,  1.347110769476647e-03,  7.442785014801900e-03, -2.692950415367665e-02,  1.938230547491087e-03,  1.166317922701568e-02, -3.874632195220529e-02,  2.500259032021977e-03,  1.582659531715402e-02, -4.998158838433421e-02,  3.059670358929368e-03,  1.963438286239061e-02, -6.116453635931351e-02,  3.350605072695086e-03,  2.376068476293629e-02, -6.698048539654296e-02, -4.440892098500626e-16,  1.415534356397075e-15,  2.581268532253489e-15,  6.661338147750939e-16, -1.748601263784622e-15, -3.191891195797325e-15, -4.440892098500626e-16,  3.330669073875470e-16,  1.859623566247137e-15, -1.110223024625157e-16,  6.661338147750939e-16,  1.110223024625157e-16, -2.220446049250313e-16,  6.661338147750939e-16,  1.582067810090848e-15,  6.661338147750939e-16, -9.159339953157541e-16, -2.137179322403426e-15,  2.498001805406602e-16, -6.383782391594650e-16
  5.175000000000000e+00, -4.928562738918597e-02,  1.899807179139354e-01,  9.892232276684561e-01,  2.969491645455800e-02,  2.113466984007025e+00,  2.199826453122197e+00,  1.447280377593016e-04, -5.365504726280600e-15, -4.734091604840745e-03,  4.637330000953548e-04,  3.413007560027233e-03, -1.516882655654179e-02,  8.189002555311749e-04,  7.522844831855234e-03, -2.678643948287470e-02,  1.178238290853351e-03,  1.178863656499917e-02, -3.854047969966601e-02,  1.519891909862141e-03,  1.599683727943355e-02, -4.971605807795730e-02,  1.859954575036022e-03,  1.984558405882660e-02, -6.083959594418124e-02,  2.036811977442763e-03,  2.401627135739947e-02, -6.662464738931630e-02,  4.440892098500626e-16, -3.136380044566067e-15, -2.386979502944087e-15,  0.000000000000000e+00,  3.885780586188048e-16,  8.049116928532385e-16, -2.220446049250313e-16,  3.053113317719180e-16, -2.498001805406602e-16, -2.220446049250313e-16,  3.330669073875470e-16,  1.110223024625157e-16, -4.440892098500626e-16,  2.775557561562891e-15,  3.858025010572419e-15, -3.330669073875469e-16, -1.110223024625156e-15, -2.609024107869117e-15, -2.026157019940910e-15, -1.443289932012704e-15
  5.183333333333334e+00, -5.958046525781416e-02,  1.890612480043383e-01,  9.889766219214466e-01,  3.449077261501384e-02,  2.114149722073007e+00,  2.195676519336335e+00,  4.749007606760144e-05,  7.188700731316529e-15, -4.710499445179448e-03,  1.521661993792785e-04,  3.430179547126783e-03, -1.509323330493241e-02,  2.687083721221764e-04,  7.560694790315390e-03, -2.665295031335882e-02,  3.866191162701452e-04,  1.184794915409798e-02, -3.834841473218881e-02,  4.987270160709756e-04,  1.607732273939809e-02, -4.946830005440284e-02,  6.103128710771648e-04,  1.994543385622742e-02, -6.053640420637310e-02,  6.683456588035212e-04,  2.413710528308165e-02, -6.629262607476001e-02,  2.220446049250313e-16, -6.661338147750939e-16,  2.498001805406602e-16, -5.551115123125782e-16,  3.441691376337984e-15,  3.386180225106727e-15,  1.110223024625156e-16, -3.858025010572418e-15, -3.858025010572418e-15,  0.000000000000000e+00,  1.360023205165817e-15,  1.637578961322106e-15,  1.110223024625157e-16, -6.938893903907228e-16, -5.551115123125783e-16, -5.551115123125782e-16,  3.830269434956789e-15,  2.303712776097199e-15,  6.383782391594650e-16, -8.326672684688674e-16
  5.191666666666666e+00, -6.989757142995270e-02,  1.881031477289251e-01,  9.889666067611426e-01,  3.890380377699334e-02,  2.115219480492176e+00,  2.191667198999093e+00, -5.195473199609291e-05,  3.375774977564797e-15, -4.689259641148214e-03, -1.664717086663829e-04,  3.427074090417373e-03, -1.502517739675840e-02, -2.939702905270329e-04,  7.553849839504571e-03, -2.653277124353429e-02, -4.229661064737117e-04,  1.183722280797223e-02, -3.817550041098720e-02, -5.456135387600644e-04,  1.606276739938996e-02, -4.924524578774268e-02, -6.676898475698538e-04,  1.992737658535976e-02, -6.026344347736434e-02, -7.311784368285043e-04,  2.411525315135369e-02, -6.599371034332652e-02, -2.220446049250313e-16,  1.276756478318930e-15,  1.498801083243961e-15,  5.551115123125782e-16, -1.249000902703301e-15, -1.609823385706477e-15, -2.220446049250313e-16,  1.942890293094024e-16,  1.387778780781446e-16,  0.000000000000000e+00,  8.326672684688674e-17, -1.942890293094024e-16,  1.110223024625157e-16,  3.053113317719180e-16,  6.938893903907228e-16, -2.220446049250313e-16,  2.775557561562891e-15,  4.052314039881821e-15, -4.302114220422482e-15,  8.326672684688674e-17
  5.200000000000000e+00, -8.021132226478014e-02,  1.871119713096310e-01,  9.891989403750674e-01,  4.286825148653693e-02,  2.116632028316711e+00,  2.187877329686686e+00, -1.518734462074023e-04,  8.083818754810165e-16, -4.671014335351923e-03, -4.866280917960086e-04,  3.403969857532744e-03, -1.496671636511343e-02, -8.593304091749972e-04,  7.502924209859731e-03, -2.642953564516087e-02, -1.236409423182188e-03,  1.175742005342116e-02, -3.802696445173059e-02, -1.594930918609770e-03,  1.595447738026028e-02, -4.905363887381662e-02, -1.951782912775019e-03,  1.979303261225599e-02, -6.002896617416075e-02, -2.137371991480657e-03,  2.395267585940552e-02, -6.573693730918577e-02,  0.000000000000000e+00,  8.326672684688674e-17, -7.216449660063518e-16,  1.110223024625157e-16,  2.775557561562891e-17,  8.326672684688674e-17, -6.661338147750939e-16, -1.609823385706477e-15, -4.440892098500626e-16,  4.440892098500626e-16,  2.164934898019055e-15,  1.582067810090848e-15,  6.661338147750939e-16, -3.969047313034935e-15, -3.358424649491099e-15, -2.220446049250313e-16,  2.026157019940910e-15,  2.720046410331633e-15, -3.302913498259839e-15,  7.494005416219807e-16
  5.208333333333334e+00, -9.049647901451185e-02,  1.860926924405494e-01,  9.896733691757321e-01,  4.633960969498874e-02,  2.118343080450299e+00,  2.184370718598564e+00, -2.505993435987681e-04,  3.223119138560564e-15, -4.656347934452883e-03, -8.029624890107470e-04,  3.362580027371003e-03, -1.491972274733979e-02, -1.417941331106075e-03,  7.411694036932334e-03, -2.634655020828557e-02, -2.040141957715283e-03,  1.161445826483025e-02, -3.790756453868224e-02, -2.631721681915603e-03,  1.576048238715108e-02, -4.889961658197669e-02, -3.220546639360862e-03,  1.955236354276047e-02, -5.984048272708980e-02, -3.526778587503936e-03,  2.366142851375212e-02, -6.553053154652995e-02,  0.000000000000000e+00,  6.938893903907228e-16,  2.498001805406602e-16, -2.220446049250313e-16, -1.054711873393899e-15,  3.885780586188048e-16,  3.330669073875470e-16, -1.665334536937735e-15, -1.720845688168993e-15,  7.771561172376096e-16,  2.498001805406602e-16,  0.000000000000000e+00, -8.881784197001252e-16,  1.443289932012704e-15,  4.718447854656915e-16,  3.330669073875470e-16,  1.110223024625157e-16,  3.608224830031759e-16,  3.330669073875470e-16,  5.551115123125783e-16
  5.216666666666667e+00, -1.007298155025271e-01,  1.850494652213883e-01,  9.903832705897676e-01,  4.930100731250565e-02,  2.120310422951633e+00,  2.181193332949928e+00, -3.465820385544169e-04, -3.084341129456814e-15, -4.645760394551415e-03, -1.110507203784932e-03,  3.305884702540610e-03, -1.488579848692673e-02, -1.961030663693154e-03,  7.286727969936894e-03, -2.628664378474119e-02, -2.821541942256859e-03,  1.141863081129635e-02, -3.782137083974808e-02, -3.639704128332182e-03,  1.549475022280255e-02, -4.878842930628676e-02, -4.454056437395952e-03,  1.922269775241900e-02, -5.970441826040482e-02, -4.877579066531209e-03,  2.326248116833001e-02, -6.538152912509555e-02,  0.000000000000000e+00,  3.330669073875470e-16,  1.665334536937735e-16,  5.551115123125783e-16, -5.273559366969494e-16, -1.332267629550188e-15, -4.440892098500626e-16,  1.498801083243961e-15,  1.804112415015879e-15, -2.220446049250313e-16,  1.221245327087672e-15,  1.137978600240785e-15,  4.440892098500626e-16, -2.775557561562891e-15, -2.275957200481571e-15, -3.330669073875470e-16,  2.775557561562891e-17,  1.110223024625157e-16,  1.942890293094024e-15,  9.159339953157541e-16
  5.225000000000000e+00, -1.108912976829419e-01,  1.839856416457849e-01,  9.913152736346744e-01,  5.176483137132126e-02,  2.122495346949647e+00,  2.178370559194772e+00, -4.384789404323331e-04,  5.769695502242225e-15, -4.639606559667181e-03, -1.404960349606109e-03,  3.237720514269618e-03, -1.486608056388459e-02, -2.481001759785810e-03,  7.136482591788196e-03, -2.625182415316438e-02, -3.569679278170094e-03,  1.118318953898422e-02, -3.777127215810512e-02, -4.604778759792661e-03,  1.517526325743736e-02, -4.872380351579086e-02, -5.635058168103395e-03,  1.882634406599379e-02, -5.962533300840978e-02, -6.170878646407349e-03,  2.278283100240874e-02, -6.529492389791723e-02,  4.440892098500626e-16, -4.163336342344337e-16,  5.273559366969494e-16,  2.220446049250313e-16,  3.053113317719180e-16, -2.498001805406602e-16, -5.551115123125783e-16,  9.159339953157541e-16,  4.996003610813204e-16,  0.000000000000000e+00,  2.775557561562891e-17,  4.163336342344337e-16,  3.330669073875469e-16, -2.775557561562891e-16,  8.326672684688673e-17,  1.110223024625157e-16, -1.748601263784622e-15, -2.081668171172169e-15,  3.191891195797325e-15, -1.887379141862766e-15
  5.233333333333333e+00, -1.209649703346713e-01,  1.829040431692213e-01,  9.924494597279343e-01,  5.376771134179867e-02,  2.124863480181945e+00,  2.175905108385547e+00, -5.252183635469615e-04,  1.987994908137095e-15, -4.637988776614421e-03, -1.682888065133213e-03,  3.162447958662044e-03, -1.486089691459126e-02, -2.971790806966996e-03,  6.970569172027802e-03, -2.624267041225906e-02, -4.275829318071917e-03,  1.092319574003031e-02, -3.775810170422857e-02, -5.515691043944531e-03,  1.482245922682515e-02, -4.870681402695023e-02, -6.749779194887905e-03,  1.838865742060091e-02, -5.960454226842409e-02, -7.391595092566807e-03,  2.225316146916345e-02, -6.527215622994255e-02,  0.000000000000000e+00,  1.387778780781446e-16,  8.326672684688674e-17, -5.551115123125783e-16,  1.332267629550188e-15,  1.831867990631508e-15, -4.440892098500625e-16,  3.969047313034934e-15,  3.191891195797324e-15,  1.332267629550188e-15, -5.884182030513328e-15, -5.662137425588297e-15, -5.551115123125783e-16,  7.771561172376096e-16,  2.220446049250313e-16,  3.330669073875470e-16,  1.498801083243962e-15,  1.998401444325282e-15,  9.159339953157541e-16, -1.831867990631508e-15
  5.241666666666667e+00, -1.309391213457293e-01,  1.818073404774174e-01,  9.937597907606391e-01,  5.535953081427792e-02,  2.127386610977382e+00,  2.173772465016963e+00, -6.061495169291466e-04,  5.719735464885168e-14, -4.640609518216277e-03, -1.942205106721074e-03,  3.084425608238593e-03, -1.486929421191679e-02, -3.429715499859666e-03,  6.798594740239680e-03, -2.625749909366310e-02, -4.934693940320448e-03,  1.065370406227059e-02, -3.777943729438559e-02, -6.365606563440361e-03,  1.445676685059360e-02, -4.873433629560957e-02, -7.789855958642650e-03,  1.793498156782093e-02, -5.963822240642615e-02, -8.530569580472122e-03,  2.170414248532677e-02, -6.530903890923660e-02,  3.330669073875470e-16,  1.415534356397075e-15,  1.221245327087672e-15,  4.440892098500626e-16,  2.192690473634684e-15,  2.026157019940911e-15, -1.110223024625156e-16,  1.387778780781445e-16, -7.216449660063516e-16,  1.221245327087672e-15, -1.082467449009528e-15, -3.330669073875470e-16,  1.110223024625157e-16,  1.942890293094024e-15,  2.137179322403427e-15,  1.110223024625157e-16, -3.608224830031759e-16, -9.159339953157541e-16, -1.221245327087672e-15,  3.552713678800500e-15
  5.250000000000000e+00, -1.408061699367674e-01,  1.806985502065424e-01,  9.952155651960207e-01,  5.659131154287093e-02,  2.130041147340824e+00,  2.171923470106070e+00, -6.811169036491577e-04,  4.923149749146184e-14, -4.646701959780422e-03, -2.182413235634480e-03,  3.007225544101252e-03, -1.488881542045282e-02, -3.853896004818851e-03,  6.628432766285852e-03, -2.629197134960074e-02, -5.545007235257102e-03,  1.038705258761220e-02, -3.782903617000425e-02, -7.152892332931447e-03,  1.409492854749058e-02, -4.879831735140822e-02, -8.753290107697221e-03,  1.748608705610906e-02, -5.971651866994172e-02, -9.585613741575226e-03,  2.116090967486613e-02, -6.539478012546544e-02,  0.000000000000000e+00,  9.992007221626409e-16,  9.159339953157541e-16,  1.110223024625157e-16, -3.608224830031759e-16,  9.714451465470120e-16,  5.551115123125783e-16,  5.273559366969494e-16, -1.942890293094024e-16,  3.330669073875470e-16,  8.049116928532385e-16, -2.220446049250313e-16, -1.110223024625157e-16,  9.714451465470120e-16,  9.159339953157541e-16,  9.992007221626409e-16, -1.165734175856414e-15, -9.714451465470120e-16,  2.386979502944087e-15,  2.775557561562891e-17
  5.258333333333334e+00, -1.505618990696281e-01,  1.795813255336739e-01,  9.967830131083020e-01,  5.750236512621695e-02,  2.132805053882316e+00,  2.170290162173869e+00, -7.503014147205918e-04,  3.838946608474543e-14, -4.654998854398543e-03, -2.404092057314933e-03,  2.933739416752519e-03, -1.491540006769764e-02, -4.245355839850553e-03,  6.466456935985360e-03, -2.633891684285956e-02, -6.108241846365309e-03,  1.013322916864121e-02, -3.789658160959059e-02, -7.879448018164037e-03,  1.375049754323558e-02, -4.888544893420393e-02, -9.642406341558609e-03,  1.705878793893770e-02, -5.982314519058176e-02, -1.055927332381330e-02,  2.064381068106994e-02, -6.551154543649410e-02,  5.551115123125783e-16, -6.106226635438361e-16, -1.082467449009528e-15, -2.220446049250313e-16, -1.554312234475219e-15, -4.718447854656915e-16,  6.661338147750939e-16,  8.881784197001252e-16,  1.026956297778270e-15,  4.440892098500626e-16,  6.106226635438361e-16, -3.053113317719180e-16,  0.000000000000000e+00, -1.942890293094024e-16,  8.326672684688674e-17,  5.551115123125783e-16,  1.804112415015879e-15,  3.358424649491099e-15,  1.110223024625156e-15,  2.664535259100375e-15
  5.266666666666667e+00, -1.602048189208705e-01,  1.784603772781431e-01,  9.984279221101429e-01,  5.811781488071242e-02,  2.135651565882222e+00,  2.168802309519751e+00, -8.140328856662990e-04,  3.841028307868545e-14, -4.663942391036693e-03, -2.608298420328594e-03,  2.865700874917651e-03, -1.494405666490879e-02, -4.605961280505881e-03,  6.316488503845068e-03, -2.638952116637552e-02, -6.627082981405720e-03,  9.898221883183447e-03, -3.796939139474596e-02, -8.548737456278925e-03,  1.343159948544216e-02, -4.897937136421752e-02, -1.046144350095766e-02,  1.666316484785982e-02, -5.993808195176674e-02, -1.145619022633937e-02,  2.016504465022393e-02, -6.563741118345374e-02, -4.440892098500626e-16,  1.970645868709653e-15,  3.247402347028583e-15,  7.771561172376094e-16, -6.383782391594649e-16, -1.360023205165816e-15, -2.220446049250313e-16,  5.551115123125783e-16,  5.551115123125783e-17,  7.771561172376096e-16,  7.771561172376096e-16,  6.383782391594650e-16,  1.110223024625157e-16, -4.163336342344337e-16, -1.665334536937735e-16,  0.000000000000000e+00,  1.665334536937735e-16,  5.551115123125783e-17,  4.996003610813205e-16, -7.216449660063518e-16
  5.275000000000000e+00, -1.697354156650689e-01,  1.773416416186449e-01,  1.000118060532454e+00,  5.845078267406060e-02,  2.138546688889832e+00,  2.167401246535237e+00, -8.725825736075400e-04,  1.870727557199502e-14, -4.671949835918809e-03, -2.795901478164542e-03,  2.803817051588893e-03, -1.496971386643675e-02, -4.937247153974611e-03,  6.180086110261632e-03, -2.643482889493578e-02, -7.103738958367366e-03,  9.684473190987938e-03, -3.803458040926724e-02, -9.163609310973136e-03,  1.314154872097312e-02, -4.906346322964927e-02, -1.121388761345139e-02,  1.630332954250263e-02, -6.004098864457365e-02, -1.228018195242548e-02,  1.972958745677351e-02, -6.575010295955977e-02,  1.110223024625157e-16,  1.110223024625157e-15,  1.776356839400250e-15,  0.000000000000000e+00,  8.326672684688674e-17, -4.163336342344337e-16,  3.330669073875470e-16,  2.775557561562891e-17, -8.326672684688674e-17,  4.440892098500626e-16, -1.221245327087672e-15, -6.106226635438361e-16,  2.220446049250313e-16,  1.887379141862766e-15,  1.165734175856414e-15,  4.440892098500626e-16, -4.718447854656915e-16, -1.387778780781446e-16, -3.330669073875470e-16,  1.637578961322106e-15
  5.283333333333333e+00, -1.791556153406474e-01,  1.762321849210748e-01,  1.001825317717894e+00,  5.850771904787842e-02,  2.141449482128915e+00,  2.166050433056935e+00, -9.260296452514576e-04,  1.771848237060709e-14, -4.677685217192009e-03, -2.967154894283302e-03,  2.747952318777379e-03, -1.498809099367921e-02, -5.239661401366016e-03,  6.056950808294571e-03, -2.646728083213576e-02, -7.538854277435117e-03,  9.491514628681547e-03, -3.808127243893896e-02, -9.724894968077314e-03,  1.287970955868577e-02, -4.912369454168632e-02, -1.190075608025302e-02,  1.597849338807310e-02, -6.011469619160516e-02, -1.303236264486079e-02,  1.933648472885621e-02, -6.583081913223789e-02, -7.771561172376096e-16,  1.915134717478395e-15,  2.386979502944087e-15,  9.992007221626409e-16, -5.273559366969494e-16, -2.192690473634684e-15,  2.220446049250313e-16, -1.249000902703301e-15, -4.440892098500625e-16,  2.220446049250313e-16,  1.221245327087672e-15,  1.387778780781446e-15, -2.220446049250313e-16,  5.551115123125783e-16, -2.775557561562891e-17, -1.110223024625157e-16, -9.714451465470120e-16, -1.665334536937735e-16,  6.938893903907228e-16,  9.436895709313831e-16
  5.291666666666667e+00, -1.884685048321775e-01,  1.751396697977397e-01,  1.003527158099721e+00,  5.829257905021255e-02,  2.144314294710581e+00,  2.164741262897356e+00, -9.741802888086694e-04,  6.588486035574190e-15, -4.680247713319296e-03, -3.121437663087760e-03,  2.697313886543672e-03, -1.499630166269243e-02, -5.512107396726614e-03,  5.945335155108721e-03, -2.648177994896748e-02, -7.930851107027296e-03,  9.316607874683618e-03, -3.810213384974066e-02, -1.023055907236667e-02,  1.264236617573841e-02, -4.915060513333890e-02, -1.251955815302077e-02,  1.568404655620232e-02, -6.014762779532720e-02, -1.371000471764438e-02,  1.898015785065075e-02, -6.586688210164132e-02,  2.220446049250313e-16,  1.582067810090848e-15,  1.554312234475219e-15, -1.110223024625157e-16, -1.859623566247137e-15, -6.106226635438361e-16, -1.110223024625157e-16,  6.383782391594650e-16,  7.216449660063518e-16,  0.000000000000000e+00,  3.053113317719180e-16,  1.665334536937735e-16,  3.330669073875470e-16,  7.771561172376096e-16,  1.221245327087672e-15, -1.110223024625157e-16, -2.775557561562891e-16, -1.332267629550188e-15,  1.443289932012704e-15,  1.193489751472043e-15
  5.300000000000000e+00, -1.976782517874570e-01,  1.740715476624415e-01,  1.005207180468698e+00,  5.780868817687031e-02,  2.147093153485921e+00,  2.163494012975239e+00, -1.016527380415545e-03, -1.849216992052511e-15, -4.679234078581493e-03, -3.257124874335908e-03,  2.650607068992847e-03, -1.499305380632282e-02, -5.751715731558612e-03,  5.842385444394628e-03, -2.647604460036673e-02, -8.275600926063335e-03,  9.155281042730100e-03, -3.809388179792464e-02, -1.067527595599278e-02,  1.242345035241516e-02, -4.913996023503215e-02, -1.306377659179798e-02,  1.541246084851426e-02, -6.013460119312586e-02, -1.430597122636625e-02,  1.865149652060524e-02, -6.585261683961902e-02, -1.110223024625157e-16, -7.216449660063518e-16,  2.775557561562891e-16, -1.110223024625157e-16, -8.049116928532385e-16, -7.771561172376096e-16,  0.000000000000000e+00,  2.081668171172169e-15,  1.443289932012704e-15,  2.220446049250313e-16, -1.498801083243961e-15, -4.996003610813204e-16, -6.661338147750940e-16,  1.998401444325282e-15,  1.360023205165817e-15,  4.440892098500626e-16, -1.915134717478395e-15, -1.443289932012704e-15, -5.551115123125783e-17,  0.000000000000000e+00
  5.308333333333334e+00, -2.067900516079072e-01,  1.730343993438144e-01,  1.006854793022088e+00,  5.705993116641796e-02,  2.149737225322064e+00,  2.162353784871589e+00, -1.052273169024217e-03, -1.401657909506823e-15, -4.674686760470806e-03, -3.371660399354957e-03,  2.606233612362690e-03, -1.497848343348618e-02, -5.953972570480346e-03,  5.744578855026780e-03, -2.645031496277753e-02, -8.566609202825048e-03,  9.002013713497023e-03, -3.805686185072226e-02, -1.105066786863471e-02,  1.221547104008746e-02, -4.909220561809556e-02, -1.352315919710963e-02,  1.515444291328868e-02, -6.007616189379855e-02, -1.480903512120777e-02,  1.833925432462051e-02, -6.578862072573168e-02, -6.661338147750938e-16,  3.552713678800500e-15,  4.329869796038110e-15,  1.443289932012704e-15, -5.356826093816380e-15, -5.301314942585122e-15, -1.110223024625157e-15,  3.025357742103552e-15,  3.108624468950438e-15,  0.000000000000000e+00, -2.775557561562891e-17, -1.665334536937735e-16, -1.110223024625156e-16,  6.106226635438360e-16,  1.471045507628332e-15,  2.220446049250313e-16, -7.216449660063516e-16, -1.387778780781445e-16, -6.106226635438361e-16,  1.054711873393899e-15
  5.316666666666666e+00, -2.158100093295516e-01,  1.720335871077415e-01,  1.008464291157547e+00,  5.605278899738436e-02,  2.152198885486027e+00,  2.161381904022140e+00, -1.080443201486529e-03, -6.345624542636316e-15, -4.666989890891810e-03, -3.461921926195841e-03,  2.562544784960648e-03, -1.495382136748288e-02, -6.113364262202212e-03,  5.648281304070943e-03, -2.640676453149347e-02, -8.795942864843895e-03,  8.851111115390310e-03, -3.799420124539449e-02, -1.134650138572960e-02,  1.201070059920069e-02, -4.901137532438252e-02, -1.388518290418725e-02,  1.490040588544715e-02, -5.997724652118840e-02, -1.520548255739843e-02,  1.803182965135350e-02, -6.568029979230811e-02,  1.554312234475219e-15, -4.246603069191224e-15, -4.829470157119431e-15, -6.661338147750939e-16,  1.859623566247137e-15,  1.137978600240785e-15,  0.000000000000000e+00, -1.998401444325282e-15, -5.551115123125783e-16, -2.220446049250313e-16,  1.915134717478395e-15,  1.249000902703301e-15,  4.440892098500627e-16,  1.887379141862767e-15,  3.136380044566068e-15, -5.551115123125783e-16, -2.053912595556540e-15, -1.693090112553364e-15,  5.551115123125783e-17,  1.165734175856414e-15
  5.325000000000000e+00, -2.247449837959069e-01,  1.710730484466675e-01,  1.010033698247567e+00,  5.479885472889755e-02,  2.154436551429110e+00,  2.160644019288399e+00, -1.100089662256113e-03, -6.133988062793900e-15, -4.656766890685482e-03, -3.524872494266326e-03,  2.518077130104328e-03, -1.492106515363465e-02, -6.224527876323071e-03,  5.550267085933085e-03, -2.634892074663530e-02, -8.955885697710848e-03,  8.697518422513529e-03, -3.791097528258770e-02, -1.155282282308240e-02,  1.180227977787218e-02, -4.890401633890160e-02, -1.413766697810988e-02,  1.464184021668114e-02, -5.984586689154579e-02, -1.548197457112237e-02,  1.771892461182238e-02, -6.553642767475187e-02, -1.110223024625157e-16, -6.106226635438361e-16, -1.332267629550188e-15,  0.000000000000000e+00, -1.082467449009528e-15,  5.551115123125783e-17,  3.330669073875470e-16, -5.551115123125783e-16,  6.661338147750939e-16, -3.330669073875470e-16,  9.992007221626411e-16,  8.049116928532386e-16, -2.220446049250313e-16,  1.193489751472043e-15,  7.494005416219807e-16,  0.000000000000000e+00, -1.748601263784622e-15,  0.000000000000000e+00, -8.049116928532385e-16,  2.692290834716004e-15
  5.333333333333333e+00, -2.336024123650256e-01,  1.701551255973330e-01,  1.011563534793225e+00,  5.331621731601888e-02,  2.156420734633062e+00,  2.160197782495098e+00, -1.110517622972473e-03, -1.302778568491630e-14, -4.644782507489727e-03, -3.558285436098070e-03,  2.471724289036234e-03, -1.488266517211466e-02, -6.283531368843830e-03,  5.448097599118781e-03, -2.628111070364311e-02, -9.040780254419295e-03,  8.537414236526245e-03, -3.781340981156308e-02, -1.166233424444154e-02,  1.158502304960732e-02, -4.877815981967523e-02, -1.427168063253314e-02,  1.437231277273870e-02, -5.969185106500974e-02, -1.562873117482180e-02,  1.739275410393001e-02, -6.536776695345221e-02,  1.110223024625157e-16, -1.221245327087672e-15,  3.885780586188048e-16, -8.881784197001250e-16,  3.136380044566066e-15,  3.413935800722356e-15, -1.110223024625156e-16, -8.326672684688673e-17, -4.718447854656914e-16,  4.440892098500625e-16, -2.359223927328457e-15, -1.137978600240785e-15, -3.330669073875469e-16, -8.326672684688672e-16, -1.665334536937735e-16,  2.220446049250313e-16,  0.000000000000000e+00, -1.859623566247137e-15,  5.273559366969494e-16,  1.276756478318930e-15
  5.341666666666667e+00, -2.423900128124584e-01,  1.692805672069974e-01,  1.013055495492646e+00,  5.162805417995556e-02,  2.158137510367292e+00,  2.160083757594299e+00, -1.111445874224917e-03, -1.485271644280681e-14, -4.631831896331164e-03, -3.561259709390154e-03,  2.422823087091717e-03, -1.484116923353260e-02, -6.288783600533765e-03,  5.340311094748453e-03, -2.620783354911796e-02, -9.048337194896354e-03,  8.368507931140445e-03, -3.770797822972043e-02, -1.167208247006070e-02,  1.135582210105855e-02, -4.864215625441828e-02, -1.428360993929060e-02,  1.408796739800640e-02, -5.952541787867831e-02, -1.564179480294082e-02,  1.704865157420326e-02, -6.518550814351021e-02,  1.110223024625156e-16, -5.273559366969493e-16, -2.220446049250313e-16,  4.440892098500625e-16, -6.383782391594649e-16,  3.330669073875469e-16, -6.661338147750939e-16,  2.275957200481571e-15,  2.858824288409778e-15, -2.220446049250313e-16,  1.387778780781446e-15,  4.996003610813204e-16, -3.330669073875471e-16, -1.360023205165817e-15, -3.608224830031760e-16,  2.220446049250314e-16,  5.551115123125784e-16,  4.718447854656916e-16, -2.386979502944087e-15,  1.776356839400250e-15
  5.350000000000000e+00, -2.511152806064753e-01,  1.684488564663087e-01,  1.014511119370028e+00,  4.975878452063193e-02,  2.159588567077111e+00,  2.160320909450268e+00, -1.103081120205849e-03, -1.093917651712334e-14, -4.618634300832011e-03, -3.534457629178833e-03,  2.371135307553430e-03, -1.479888191558421e-02, -6.241454145157720e-03,  5.226382502937880e-03, -2.613315890774230e-02, -8.980239308453116e-03,  8.189976698170747e-03, -3.760053593595550e-02, -1.158423824747068e-02,  1.111356040545766e-02, -4.850355893132998e-02, -1.417611133189345e-02,  1.378741893582418e-02, -5.935581060363409e-02, -1.552407448113860e-02,  1.668494076567918e-02, -6.499977343044877e-02, -2.220446049250313e-16, -1.165734175856414e-15, -1.609823385706477e-15, -4.440892098500626e-16,  1.637578961322106e-15,  2.331468351712829e-15,  4.440892098500627e-16, -3.191891195797326e-15, -2.692290834716005e-15, -8.881784197001252e-16,  5.745404152435185e-15,  5.995204332975845e-15,  8.881784197001252e-16, -5.051514762044462e-15, -5.134781488891349e-15, -5.551115123125783e-16,  1.165734175856414e-15,  1.471045507628332e-15, -8.326672684688674e-17, -7.216449660063518e-16
  5.358333333333333e+00, -2.597849706593161e-01,  1.676587447849983e-01,  1.015930732975296e+00,  4.772976055142785e-02,  2.160789310623752e+00,  2.160906168634021e+00, -1.086151066435100e-03, -4.893763575122736e-13, -4.605733739738624e-03, -3.480210884726575e-03,  2.316565853215333e-03, -1.475754634654286e-02, -6.145660502815178e-03,  5.106102214032716e-03, -2.606016494811928e-02, -8.842410877169462e-03,  8.001492070192706e-03, -3.749551181679599e-02, -1.140644372198511e-02,  1.085779224242482e-02, -4.836808098074862e-02, -1.395853681884922e-02,  1.347011442867900e-02, -5.919002063327421e-02, -1.528581147350266e-02,  1.630095251493760e-02, -6.481821899739731e-02, -4.440892098500626e-16,  2.775557561562891e-16,  3.025357742103552e-15, -3.330669073875470e-16, -2.053912595556540e-15,  2.498001805406602e-16,  2.220446049250313e-16, -1.026956297778270e-15,  3.219646771412954e-15, -7.771561172376096e-16, -2.220446049250313e-16,  1.776356839400250e-15, -2.220446049250313e-16, -8.881784197001252e-16,  2.414735078559715e-15, -6.661338147750939e-16, -8.049116928532385e-16,  6.661338147750939e-16, -4.135580766728708e-15,  5.107025913275720e-15
  5.366666666666667e+00, -2.684049893488553e-01,  1.669089653831186e-01,  1.017313167673261e+00,  4.556428886030309e-02,  2.161766918642284e+00,  2.161816570183751e+00, -1.061752163033048e-03, -5.322934527288766e-13, -4.593680320680658e-03, -3.402032690291593e-03,  2.259845062238045e-03, -1.471892516259336e-02, -6.007606615377558e-03,  4.981080015398448e-03, -2.599196428660348e-02, -8.643778167903012e-03,  7.805576655900191e-03, -3.739738432167449e-02, -1.115021350930365e-02,  1.059194071795248e-02, -4.824149946736028e-02, -1.364497731282185e-02,  1.314030056099415e-02, -5.903511760119697e-02, -1.494243655143334e-02,  1.590182597299701e-02, -6.464858670865149e-02, -5.551115123125783e-16, -5.273559366969494e-16,  1.609823385706477e-15, -1.110223024625157e-16, -3.941291737419306e-15, -1.054711873393899e-15, -4.440892098500626e-16,  1.887379141862766e-15,  4.468647674116255e-15,  2.220446049250313e-16, -4.579669976578770e-15, -2.026157019940910e-15, -9.992007221626409e-16,  2.109423746787797e-15,  4.690692279041286e-15,  0.000000000000000e+00, -1.026956297778270e-15,  1.998401444325282e-15, -8.076872504148014e-15,  9.270362255620057e-15
  5.375000000000000e+00, -2.769803183971201e-01,  1.661985747187890e-01,  1.018655491745090e+00,  4.328146717283476e-02,  2.162554261665339e+00,  2.163016186305450e+00, -1.031351294590435e-03, -5.476110714770870e-13, -4.582790089920398e-03, -3.304623189370624e-03,  2.201384859423615e-03, -1.468403102983346e-02, -5.835592406398333e-03,  4.852223859437933e-03, -2.593034517775276e-02, -8.396283157113200e-03,  7.603653257832383e-03, -3.730872640151121e-02, -1.083095239926253e-02,  1.031793653406622e-02, -4.812713342045426e-02, -1.325428429148541e-02,  1.280037255104871e-02, -5.889516314053531e-02, -1.451459372355174e-02,  1.549045973149784e-02, -6.449532440534633e-02, -5.551115123125783e-16, -3.330669073875470e-16,  1.915134717478395e-15,  3.330669073875470e-16, -4.773959005888173e-15, -2.081668171172169e-15, -1.776356839400251e-15,  3.247402347028583e-15,  7.049916206369745e-15,  5.551115123125783e-16, -5.162537064506978e-15, -2.109423746787797e-15, -8.881784197001252e-16,  1.942890293094024e-15,  3.108624468950438e-15,  0.000000000000000e+00, -2.886579864025408e-15, -2.220446049250314e-16, -4.635181127810029e-15,  1.915134717478395e-15
  5.383333333333334e+00, -2.855152393644488e-01,  1.655275249851325e-01,  1.019953423791987e+00,  4.090287168660977e-02,  2.163186605305560e+00,  2.164461391554671e+00, -9.965268864595776e-04, -9.967730192208393e-15, -4.573382699095621e-03, -3.193039924258013e-03,  2.142172821550928e-03, -1.465388816486695e-02, -5.638548926537344e-03,  4.721710531320211e-03, -2.587711627225390e-02, -8.112775890853435e-03,  7.399132995977055e-03, -3.723214035275322e-02, -1.046523656440295e-02,  1.004040848092080e-02, -4.802833972405732e-02, -1.280674270349103e-02,  1.245607284820567e-02, -5.877426521013905e-02, -1.402449677030457e-02,  1.507380305284291e-02, -6.436293066078297e-02, -4.440892098500626e-16,  1.498801083243961e-15,  2.525757381022231e-15,  1.110223024625157e-16, -1.831867990631508e-15, -8.326672684688674e-16, -6.661338147750940e-16,  2.081668171172169e-15,  3.053113317719181e-15, -7.771561172376098e-16, -4.718447854656916e-16, -4.163336342344338e-16,  3.330669073875470e-16, -8.604228440844963e-16, -1.026956297778270e-15,  1.110223024625157e-16, -2.026157019940911e-15, -9.992007221626409e-16, -1.942890293094024e-15, -1.609823385706477e-15
  5.391666666666667e+00, -2.940133578677090e-01,  1.648967584897445e-01,  1.021201436494468e+00,  3.844651272667231e-02,  2.163697651845635e+00,  2.166106351117367e+00, -9.590186219769928e-04, -2.308919040353788e-14, -4.565581858505665e-03, -3.072857129779130e-03,  2.082483711812074e-03, -1.462889295820220e-02, -5.426319645703312e-03,  4.590145656985695e-03, -2.583297755208870e-02, -7.807419208607159e-03,  7.192964914234607e-03, -3.716863331406650e-02, -1.007133564081857e-02,  9.760644384558013e-03, -4.794641755682084e-02, -1.232470985616577e-02,  1.210899912394832e-02, -5.867401366673043e-02, -1.349662889109295e-02,  1.465378937535073e-02, -6.425314650413202e-02,  2.220446049250313e-16, -1.387778780781445e-16,  6.938893903907226e-16, -4.440892098500626e-16, -6.383782391594650e-16, -6.938893903907228e-16, -3.330669073875470e-16,  6.383782391594650e-16,  4.163336342344337e-16,  3.330669073875470e-16, -1.748601263784622e-15, -7.771561172376097e-16, -1.110223024625157e-16, -8.326672684688675e-17,  1.110223024625157e-15, -4.440892098500626e-16, -5.551115123125783e-17,  3.885780586188048e-16, -3.996802888650564e-15,  1.304512053934559e-15
  5.400000000000000e+00, -3.024779730668183e-01,  1.643082848362392e-01,  1.022393265487305e+00,  3.593297902941971e-02,  2.164121120546421e+00,  2.167903294241130e+00, -9.204614221737186e-04, -1.724663634675773e-14, -4.559583903943148e-03, -2.949313369932644e-03,  2.023231500504823e-03, -1.460967450196141e-02, -5.208155278518953e-03,  4.459543780569127e-03, -2.579903992261507e-02, -7.493523090759204e-03,  6.988305893559866e-03, -3.711980366203756e-02, -9.666419102492262e-03,  9.482928040247572e-03, -4.788342877629704e-02, -1.182919674560423e-02,  1.176446582906684e-02, -5.859693169151024e-02, -1.295399895156424e-02,  1.423685001609458e-02, -6.416873503919616e-02, -3.330669073875470e-16,  1.332267629550188e-15,  1.360023205165817e-15, -7.771561172376096e-16, -1.942890293094024e-15, -1.360023205165817e-15,  3.330669073875470e-16, -2.220446049250313e-16,  6.938893903907228e-16, -1.110223024625157e-16, -6.383782391594650e-16, -8.604228440844963e-16, -9.992007221626409e-16,  3.885780586188048e-16,  2.386979502944087e-15,  5.551115123125782e-16,  3.330669073875469e-16,  4.996003610813203e-16, -2.109423746787797e-15, -2.969846590872294e-15
  5.408333333333333e+00, -3.109122012803031e-01,  1.637647962294989e-01,  1.023522079363832e+00,  3.337975466031166e-02,  2.164489399343463e+00,  2.169804664790175e+00, -8.824479954154999e-04, -1.468618212303163e-14, -4.555480997290668e-03, -2.827511950473342e-03,  1.964901156103023e-03, -1.459652809828637e-02, -4.993067688249075e-03,  4.330973854419985e-03, -2.577582485419491e-02, -7.184053856829873e-03,  6.786831030486573e-03, -3.708640169108370e-02, -9.267213111096486e-03,  9.209532505249427e-03, -4.784034123974946e-02, -1.134067186744251e-02,  1.142529290530184e-02, -5.854420369141873e-02, -1.241902173412240e-02,  1.382639754717262e-02, -6.411099329452948e-02, -5.551115123125782e-16,  6.661338147750938e-16,  1.304512053934559e-15,  0.000000000000000e+00, -5.273559366969494e-16, -6.661338147750939e-16, -3.330669073875470e-16, -4.163336342344337e-16,  7.216449660063518e-16, -5.551115123125783e-16,  5.551115123125783e-16,  1.304512053934559e-15,  2.220446049250314e-16, -9.992007221626411e-16, -1.471045507628333e-15, -1.110223024625157e-16,  1.387778780781446e-16, -4.718447854656915e-16, -3.441691376337986e-15,  1.831867990631508e-15
  5.416666666666667e+00, -3.193191610787928e-01,  1.632692437501873e-01,  1.024580749529639e+00,  3.080050627439976e-02,  2.164833757755575e+00,  2.171763581060588e+00, -8.464437942496032e-04, -1.592130629143626e-14, -4.553286017608532e-03, -2.712148428096215e-03,  1.907705534053810e-03, -1.458949501383112e-02, -4.789348699228976e-03,  4.204905047898062e-03, -2.576340521907759e-02, -6.890941830285058e-03,  6.589275534471148e-03, -3.706853225025766e-02, -8.889107424590760e-03,  8.941455437470311e-03, -4.781729019925934e-02, -1.087796830483797e-02,  1.109271804128756e-02, -5.851599518003676e-02, -1.191232110230593e-02,  1.342392976607151e-02, -6.408010252190481e-02, -7.771561172376096e-16, -2.525757381022231e-15, -1.471045507628332e-15,  1.110223024625157e-16, -1.498801083243961e-15, -1.970645868709653e-15, -6.661338147750939e-16,  2.803313137178520e-15,  4.052314039881821e-15,  0.000000000000000e+00, -2.220446049250313e-15, -1.443289932012704e-15, -6.661338147750939e-16,  1.609823385706477e-15,  2.942091015256665e-15, -1.110223024625157e-16, -4.163336342344337e-15, -6.217248937900877e-15, -3.330669073875470e-16,  2.414735078559715e-15
  5.425000000000000e+00, -3.277021068653149e-01,  1.628243649414307e-01,  1.025562043202577e+00,  2.820336013840293e-02,  2.165184159984274e+00,  2.173734790133151e+00, -8.137375220862847e-04, -1.365055119921189e-14, -4.552917940855244e-03, -2.607352025496288e-03,  1.851550850274997e-03, -1.458831563395099e-02, -4.604290053737447e-03,  4.081130645055171e-03, -2.576132256702587e-02, -6.624678410900042e-03,  6.395315472288400e-03, -3.706553571879810e-02, -8.545635632715308e-03,  8.678257268957830e-03, -4.781342476390604e-02, -1.045764767114604e-02,  1.076619591156397e-02, -5.851126488695373e-02, -1.145203346272370e-02,  1.302878674339792e-02, -6.407492243968047e-02, -1.332267629550188e-15,  3.164135620181696e-15,  4.635181127810029e-15,  7.771561172376094e-16, -2.775557561562891e-15, -1.221245327087672e-15, -1.110223024625156e-15,  2.109423746787797e-15,  1.915134717478395e-15, -2.220446049250313e-16,  2.220446049250313e-16,  1.387778780781446e-16, -4.440892098500626e-16, -2.969846590872294e-15, -2.026157019940911e-15,  2.220446049250313e-16,  1.026956297778270e-15, -2.775557561562891e-16, -3.441691376337985e-15,  8.326672684688674e-17
  5.433333333333334e+00, -3.360645365827374e-01,  1.624322976170748e-01,  1.026458817675284e+00,  2.558963411328688e-02,  2.165569601076712e+00,  2.175675482866689e+00, -7.854043260787674e-04, -1.866564121204992e-14, -4.554198823712379e-03, -2.516567695171094e-03,  1.796043557901600e-03, -1.459241979824566e-02, -4.443975149932471e-03,  3.958783202136159e-03, -2.576857005900890e-02, -6.394016426146949e-03,  6.203591520612713e-03, -3.707596345098088e-02, -8.248088619294019e-03,  8.418093437387419e-03, -4.782687622437304e-02, -1.009352708775946e-02,  1.044343816274537e-02, -5.852772599531683e-02, -1.105328976466149e-02,  1.263819921242347e-02, -6.409294878457034e-02, -7.771561172376097e-16,  9.436895709313833e-16,  1.609823385706477e-15, -6.661338147750939e-16, -1.859623566247137e-15, -2.026157019940911e-15,  0.000000000000000e+00,  5.273559366969494e-16,  2.525757381022231e-15, -4.440892098500626e-16,  0.000000000000000e+00, -6.938893903907228e-16, -3.330669073875470e-16, -6.938893903907228e-16, -7.494005416219807e-16,  1.110223024625157e-16,  8.326672684688674e-17,  1.998401444325282e-15, -3.552713678800501e-15,  1.110223024625157e-16
  5.441666666666666e+00, -3.444101891533204e-01,  1.620942665414547e-01,  1.027264167667682e+00,  2.295329850870444e-02,  2.166019273084787e+00,  2.177544575353204e+00, -7.623037273175925e-04, -1.367830677380788e-14, -4.556855065826848e-03, -2.442549487412088e-03,  1.740532072758805e-03, -1.460093084524411e-02, -4.313267330485228e-03,  3.836426517671574e-03, -2.578359960953318e-02, -6.205953280790325e-03,  6.011853086993838e-03, -3.709758805276334e-02, -8.005492825736588e-03,  8.157909954259607e-03, -4.785477130939915e-02, -9.796652584258801e-03,  1.012065603432106e-02, -5.856186236425755e-02, -1.072818637093185e-02,  1.224758217831229e-02, -6.413033107659782e-02, -3.330669073875469e-16, -1.804112415015879e-15, -1.332267629550188e-15, -5.551115123125782e-16,  3.053113317719180e-16,  0.000000000000000e+00,  0.000000000000000e+00,  1.720845688168993e-15,  2.414735078559715e-15, -7.771561172376096e-16, -2.636779683484747e-15, -1.082467449009528e-15, -6.661338147750938e-16, -3.330669073875469e-16,  2.220446049250313e-16, -2.220446049250313e-16, -4.163336342344337e-16,  3.053113317719180e-16, -1.304512053934559e-15,  1.249000902703301e-15
  5.450000000000000e+00, -3.527427651315850e-01,  1.618102301146088e-01,  1.027971305469918e+00,  2.028122687448874e-02,  2.166562717118071e+00,  2.179299556069092e+00, -7.451008587768495e-04, -3.828017700303570e-14, -4.560495663894672e-03, -2.387428600247296e-03,  1.684214413886430e-03, -1.461259593430577e-02, -4.215930051111881e-03,  3.712292890190682e-03, -2.580419884319355e-02, -6.065903856076940e-03,  5.817330103656457e-03, -3.712722634594694e-02, -7.824833285763014e-03,  7.893947918073581e-03, -4.789300381497438e-02, -9.575572035227957e-03,  9.793186254761917e-03, -5.860864906217866e-02, -1.048608394741445e-02,  1.185129235061281e-02, -6.418156657878223e-02, -2.220446049250313e-16, -1.609823385706477e-15, -8.049116928532385e-16,  0.000000000000000e+00, -1.776356839400250e-15, -7.216449660063518e-16, -6.661338147750938e-16,  1.859623566247137e-15,  2.275957200481571e-15, -4.440892098500625e-16, -1.165734175856414e-15, -7.494005416219805e-16, -7.771561172376096e-16, -3.053113317719180e-16, -6.383782391594650e-16,  1.110223024625156e-16,  2.775557561562891e-16,  1.720845688168992e-15, -4.107825191113079e-15,  4.718447854656915e-16
  5.458333333333334e+00, -3.610653595560400e-01,  1.615785429267728e-01,  1.028573110121312e+00,  1.755363988618494e-02,  2.167227122801381e+00,  2.180892496385371e+00, -7.342746217251308e-04, -2.267806019846727e-14, -4.564557500613717e-03, -2.352739513973504e-03,  1.626317133203295e-03, -1.462561074312220e-02, -4.154673031214118e-03,  3.584677509618516e-03, -2.582718152988978e-02, -5.977766911509475e-03,  5.617351056469222e-03, -3.716029396474717e-02, -7.711139281715509e-03,  7.622582161762825e-03, -4.793566004733932e-02, -9.436439981420517e-03,  9.456531462742154e-03, -5.866084925745350e-02, -1.033372225135424e-02,  1.144388721629717e-02, -6.423873033126364e-02, -5.551115123125783e-16, -1.526556658859590e-15, -4.718447854656915e-16, -4.440892098500625e-16,  1.110223024625156e-15,  2.775557561562891e-16, -3.330669073875470e-16, -7.771561172376096e-16, -7.216449660063518e-16, -3.330669073875470e-16,  4.996003610813204e-16,  2.081668171172169e-15, -2.220446049250313e-16, -1.110223024625157e-16,  1.137978600240785e-15, -8.881784197001252e-16,  6.661338147750939e-16,  4.440892098500626e-16, -5.551115123125783e-15,  1.748601263784621e-15
  5.466666666666667e+00, -3.693800580495089e-01,  1.613959904107717e-01,  1.029061842436493e+00,  1.474453748256649e-02,  2.168034443472617e+00,  2.182269469175038e+00, -7.301206031924558e-04, -2.651093516304987e-14, -4.568282866845842e-03, -2.339429339201975e-03,  1.566221074193140e-03, -1.463754744375116e-02, -4.131168761472152e-03,  3.452215650381250e-03, -2.584826039898279e-02, -5.943948836083017e-03,  5.409777358991248e-03, -3.719062236009583e-02, -7.667514982921874e-03,  7.340910685706518e-03, -4.797478276391661e-02, -9.383055123194182e-03,  9.107091454239900e-03, -5.870872534337310e-02, -1.027526118993065e-02,  1.102100996347826e-02, -6.429115880802555e-02, -2.220446049250313e-16,  2.720046410331634e-15,  1.859623566247137e-15, -5.551115123125783e-16, -3.552713678800501e-15, -1.748601263784622e-15, -7.771561172376096e-16,  2.692290834716005e-15,  2.109423746787797e-15, -3.330669073875470e-16, -2.164934898019055e-15, -1.137978600240785e-15, -9.992007221626407e-16,  1.637578961322106e-15,  1.776356839400250e-15,  2.220446049250313e-16, -1.748601263784622e-15, -6.383782391594650e-16, -6.938893903907228e-16,  1.942890293094023e-16
  5.475000000000000e+00, -3.776882001673438e-01,  1.612584144319245e-01,  1.029429580096511e+00,  1.182292046870121e-02,  2.169002700578737e+00,  2.183376108506657e+00, -7.327825598769369e-04, -1.770286887898907e-14, -4.570809788845311e-03, -2.347958696595284e-03,  1.503415090930375e-03, -1.464564412731871e-02, -4.146230646106630e-03,  3.313780660653627e-03, -2.586255823035521e-02, -5.965619960357819e-03,  5.192843497089170e-03, -3.721119416026118e-02, -7.695470080560150e-03,  7.046537738498191e-03, -4.800131976656243e-02, -9.417264932066014e-03,  8.741894073879075e-03, -5.874119977076001e-02, -1.031272390508711e-02,  1.057906381770074e-02, -6.432672112954979e-02, -1.110223024625156e-16, -1.415534356397074e-15, -8.604228440844961e-16, -3.330669073875470e-16,  5.551115123125783e-17,  1.110223024625157e-16, -6.661338147750939e-16,  1.748601263784622e-15,  2.248201624865942e-15, -3.330669073875470e-16, -2.442490654175344e-15, -1.110223024625157e-15, -8.881784197001252e-16,  4.440892098500626e-16, -2.498001805406602e-16,  0.000000000000000e+00, -1.193489751472043e-15,  5.273559366969494e-16, -3.552713678800500e-15,  1.110223024625157e-16
  5.483333333333333e+00, -3.859911888770644e-01,  1.611615983536320e-01,  1.029669179083498e+00,  8.755891976703744e-03,  2.170150971565982e+00,  2.184166255274481e+00, -7.423097701853177e-04, -2.862383029584729e-14, -4.571351856499832e-03, -2.378485482463247e-03,  1.437359976002418e-03, -1.464738100331838e-02, -4.200137512215693e-03,  3.168184036219954e-03, -2.586562535778709e-02, -6.043181462334363e-03,  4.964687031144293e-03, -3.721560716045740e-02, -7.795522082165925e-03,  6.736936043704927e-03, -4.800701240389967e-02, -9.539702703405499e-03,  8.357803997102094e-03, -5.874816608643794e-02, -1.044680391031396e-02,  1.011425454415470e-02, -6.433434985090758e-02, -1.221245327087672e-15,  8.326672684688674e-17,  4.996003610813204e-16, -2.220446049250313e-16,  3.386180225106727e-15,  3.635980405647388e-15, -3.330669073875470e-16, -3.247402347028583e-15, -2.275957200481571e-15, -4.440892098500626e-16, -1.054711873393899e-15, -5.828670879282072e-16, -8.881784197001252e-16, -1.942890293094024e-16,  1.637578961322106e-15,  1.110223024625156e-16,  1.942890293094023e-16, -1.026956297778270e-15, -3.663735981263017e-15,  8.049116928532385e-16
