Main.Studies.MarkerTracking.t,Main.HumanModel.BodyModel.Interface.Trunk.PelvisPosX.Pos[0],Main.HumanModel.BodyModel.Interface.Trunk.PelvisPosY.Pos[0],Main.HumanModel.BodyModel.Interface.Trunk.PelvisPosZ.Pos[0],Main.HumanModel.BodyModel.Interface.Trunk.PelvisRotVec.Pos[0],Main.HumanModel.BodyModel.Interface.Trunk.PelvisRotVec.Pos[1],Main.HumanModel.BodyModel.Interface.Trunk.PelvisRotVec.Pos[2],Main.HumanModel.BodyModel.Trunk.JointsLumbar.SacrumPelvisJnt.Pos[0],Main.HumanModel.BodyModel.Trunk.JointsLumbar.SacrumPelvisJnt.Pos[1],Main.HumanModel.BodyModel.Trunk.JointsLumbar.SacrumPelvisJnt.Pos[2],Main.HumanModel.BodyModel.Trunk.JointsLumbar.L5SacrumJnt.Pos[0],Main.HumanModel.BodyModel.Trunk.JointsLumbar.L5SacrumJnt.Pos[1],Main.HumanModel.BodyModel.Trunk.JointsLumbar.L5SacrumJnt.Pos[2],Main.HumanModel.BodyModel.Trunk.JointsLumbar.L4L5Jnt.Pos[0],Main.HumanModel.BodyModel.Trunk.JointsLumbar.L4L5Jnt.Pos[1],Main.HumanModel.BodyModel.Trunk.JointsLumbar.L4L5Jnt.Pos[2],Main.HumanModel.BodyModel.Trunk.JointsLumbar.L3L4Jnt.Pos[0],Main.HumanModel.BodyModel.Trunk.JointsLumbar.L3L4Jnt.Pos[1],Main.HumanModel.BodyModel.Trunk.JointsLumbar.L3L4Jnt.Pos[2],Main.HumanModel.BodyModel.Trunk.JointsLumbar.L2L3Jnt.Pos[0],Main.HumanModel.BodyModel.Trunk.JointsLumbar.L2L3Jnt.Pos[1],Main.HumanModel.BodyModel.Trunk.JointsLumbar.L2L3Jnt.Pos[2],Main.HumanModel.BodyModel.Trunk.JointsLumbar.L1L2Jnt.Pos[0],Main.HumanModel.BodyModel.Trunk.JointsLumbar.L1L2Jnt.Pos[1],Main.HumanModel.BodyModel.Trunk.JointsLumbar.L1L2Jnt.Pos[2],Main.HumanModel.BodyModel.Trunk.JointsLumbar.T12L1Jnt.Pos[0],Main.HumanModel.BodyModel.Trunk.JointsLumbar.T12L1Jnt.Pos[1],Main.HumanModel.BodyModel.Trunk.JointsLumbar.T12L1Jnt.Pos[2],Main.HumanModel.BodyModel.Trunk.JointsCervicalSpine.T1C7Jnt.Pos[0],Main.HumanModel.BodyModel.Trunk.JointsCervicalSpine.T1C7Jnt.Pos[1],Main.HumanModel.BodyModel.Trunk.JointsCervicalSpine.T1C7Jnt.Pos[2],Main.HumanModel.BodyModel.Trunk.JointsCervicalSpine.C7C6Jnt.Pos[0],Main.HumanModel.BodyModel.Trunk.JointsCervicalSpine.C7C6Jnt.Pos[1],Main.HumanModel.BodyModel.Trunk.JointsCervicalSpine.C7C6Jnt.Pos[2],Main.HumanModel.BodyModel.Trunk.JointsCervicalSpine.C6C5Jnt.Pos[0],Main.HumanModel.BodyModel.Trunk.JointsCervicalSpine.C6C5Jnt.Pos[1],Main.HumanModel.BodyModel.Trunk.JointsCervicalSpine.C6C5Jnt.Pos[2],Main.HumanModel.BodyModel.Trunk.JointsCervicalSpine.C5C4Jnt.Pos[0],Main.HumanModel.BodyModel.Trunk.JointsCervicalSpine.C5C4Jnt.Pos[1],Main.HumanModel.BodyModel.Trunk.JointsCervicalSpine.C5C4Jnt.Pos[2],Main.HumanModel.BodyModel.Trunk.JointsCervicalSpine.C4C3Jnt.Pos[0],Main.HumanModel.BodyModel.Trunk.JointsCervicalSpine.C4C3Jnt.Pos[1],Main.HumanModel.BodyModel.Trunk.JointsCervicalSpine.C4C3Jnt.Pos[2],Main.HumanModel.BodyModel.Trunk.JointsCervicalSpine.C3C2Jnt.Pos[0],Main.HumanModel.BodyModel.Trunk.JointsCervicalSpine.C3C2Jnt.Pos[1],Main.HumanModel.BodyModel.Trunk.JointsCervicalSpine.C3C2Jnt.Pos[2],Main.HumanModel.BodyModel.Trunk.JointsCervicalSpine.C2C1Jnt.Pos[0],Main.HumanModel.BodyModel.Trunk.JointsCervicalSpine.C1C0Jnt.Pos[0]
  2.583333333333334e-01,  4.583527020670393e-01,  4.693339194560280e-01,  1.050415462856254e+00,  1.583715636315981e+00, -1.775471204282728e-01,  1.423574272630418e-01,  6.857369561641721e-04, -1.670885767384631e-14, -1.089143640193753e-03,  2.197216661584472e-03,  5.342078044690156e-03, -3.489799596689441e-03,  3.880037187923623e-03,  1.177484183764915e-02, -6.162593088897788e-03,  5.582619316427299e-03,  1.845170731780664e-02, -8.866773577419572e-03,  7.201410784868989e-03,  2.503843068395377e-02, -1.143787087172245e-02,  8.812664143501330e-03,  3.106253268443912e-02, -1.399699552217078e-02,  9.650633473301846e-03,  3.759053962766651e-02, -1.532792709586991e-02, -1.344410693882025e-16, -2.775557561562891e-17,  3.747002708109902e-16, -3.543172699682628e-16,  0.000000000000000e+00,  3.469446951953613e-16, -2.298508605669269e-17,  2.775557561562891e-17,  4.024558464266191e-16, -2.645453300864631e-17, -5.551115123125783e-17,  3.747002708109903e-16, -5.741934705483231e-16,  2.775557561562891e-17,  3.191891195797325e-16, -1.348747502571968e-16, -5.551115123125783e-17,  3.608224830031759e-16, -1.387778780781445e-16,  1.040834085586084e-15
  2.666666666666667e-01,  4.583777027068411e-01,  4.693260530749441e-01,  1.050424691151477e+00,  1.583729315773340e+00, -1.776045620905636e-01,  1.424043900784993e-01,  6.855905496898369e-04, -1.484923398157643e-15, -1.090961354678042e-03,  2.196747550579559e-03,  5.333291236347243e-03, -3.495623859937032e-03,  3.879208790709787e-03,  1.175547422868067e-02, -6.172878081903172e-03,  5.581427413854458e-03,  1.842135740250628e-02, -8.881571683170497e-03,  7.199873266438388e-03,  2.499724673073193e-02, -1.145695998246384e-02,  8.810782618617771e-03,  3.101144010960306e-02, -1.402035565628842e-02,  9.648573039963023e-03,  3.752870959343565e-02, -1.535350847382451e-02,  3.222248856626919e-16, -2.775557561562891e-17,  1.942890293094023e-16, -1.235990476633475e-16, -2.775557561562891e-17,  1.665334536937735e-16, -8.673617379884035e-18,  5.551115123125783e-17,  2.220446049250313e-16, -1.301042606982605e-17, -2.775557561562891e-17,  1.942890293094024e-16, -1.240327285323417e-16,  0.000000000000000e+00,  2.081668171172169e-16,  1.001802807376606e-16, -2.775557561562891e-17,  1.387778780781446e-16, -1.942890293094024e-16,  6.245004513516505e-16
  2.750000000000000e-01,  4.584019390482684e-01,  4.693179689537170e-01,  1.050433881516670e+00,  1.583735182434417e+00, -1.776506011818768e-01,  1.424654211169353e-01,  6.855402907287987e-04, -1.568190131044489e-15, -1.092954194873228e-03,  2.196586512404072e-03,  5.323449400586058e-03, -3.502009255446598e-03,  3.878924415425550e-03,  1.173378116120583e-02, -6.184153971290900e-03,  5.581018253096891e-03,  1.838736338905048e-02, -8.897795496205506e-03,  7.199345461383544e-03,  2.495111784222758e-02, -1.147788821266212e-02,  8.810136721749408e-03,  3.095421287659712e-02, -1.404596639692849e-02,  9.647865726732397e-03,  3.745945566002515e-02, -1.538155446160701e-02,  2.090341788552052e-16, -2.775557561562891e-17,  2.359223927328457e-16, -4.588343593958655e-16,  0.000000000000000e+00,  1.942890293094024e-16,  3.222248856626919e-16, -5.551115123125783e-17,  1.942890293094024e-16, -1.301042606982605e-17,  0.000000000000000e+00,  2.081668171172169e-16, -9.107298248878237e-18,  2.775557561562891e-17,  1.804112415015879e-16, -1.344410693882025e-17, -2.775557561562891e-17,  1.942890293094024e-16, -1.665334536937735e-16,  5.412337245047638e-16
  2.833333333333334e-01,  4.584250874978783e-01,  4.693096743048387e-01,  1.050443080394884e+00,  1.583733284154833e+00, -1.776859056712660e-01,  1.425404882399892e-01,  6.856158152720334e-04, -1.665334652782388e-15, -1.095184124326735e-03,  2.196828505752018e-03,  5.313111532643327e-03, -3.509154324858111e-03,  3.879351748426018e-03,  1.171099475506486e-02, -6.196771359239672e-03,  5.581633102219231e-03,  1.835165606467793e-02, -8.915949464911043e-03,  7.200138598233306e-03,  2.490266404059247e-02, -1.150130628554415e-02,  8.811107316107493e-03,  3.089410136977122e-02, -1.407462406101172e-02,  9.648928611946101e-03,  3.738671130262297e-02, -1.541293709548051e-02, -1.214306433183765e-17, -2.775557561562891e-17,  1.942890293094023e-16, -1.125835535908948e-15,  0.000000000000000e+00,  9.714451465470120e-17,  6.574601973952099e-16,  5.551115123125783e-17,  3.053113317719180e-16, -1.257674520083185e-17, -2.775557561562891e-17,  1.526556658859590e-16,  6.539907504432563e-16,  0.000000000000000e+00,  3.053113317719180e-16, -1.170938346284345e-17,  0.000000000000000e+00,  2.081668171172169e-16, -1.665334536937735e-16,  6.661338147750939e-16
  2.916666666666667e-01,  4.584468756858137e-01,  4.693012406217494e-01,  1.050452222012322e+00,  1.583724661163194e+00, -1.777108764250764e-01,  1.426275789961828e-01,  6.858346826341288e-04, -1.554312342968987e-15, -1.097667314088437e-03,  2.197529793630370e-03,  5.302961578160126e-03, -3.517110882935780e-03,  3.880590143843873e-03,  1.168862254191133e-02, -6.210821744788515e-03,  5.583414912507971e-03,  1.831659779936496e-02, -8.936165238618744e-03,  7.202437079842230e-03,  2.485509099324165e-02, -1.152738402478283e-02,  8.813920063089902e-03,  3.083508252163008e-02, -1.410653646878838e-02,  9.652008814452924e-03,  3.731528923371573e-02, -1.544788395668930e-02, -5.689893001203926e-16, -2.775557561562891e-17,  1.249000902703301e-16,  3.213575239247035e-16,  0.000000000000000e+00,  2.359223927328457e-16,  3.204901621867151e-16, -5.551115123125783e-17,  2.359223927328458e-16, -3.430415673744136e-16,  5.551115123125783e-17,  1.665334536937735e-16, -9.974659986866641e-18, -2.775557561562891e-17,  1.249000902703301e-16,  2.090341788552052e-16, -2.775557561562891e-17,  2.081668171172168e-16, -1.665334536937735e-16,  5.134781488891348e-16
  3.000000000000000e-01,  4.584671221882902e-01,  4.692927848642834e-01,  1.050461237482320e+00,  1.583710863513759e+00, -1.777267471510544e-01,  1.427236832164325e-01,  6.862028138279040e-04, -1.471045610710175e-15, -1.100408265299065e-03,  2.198709347955805e-03,  5.293614180839634e-03, -3.525893352094876e-03,  3.882673103946804e-03,  1.166801930022864e-02, -6.226330596298109e-03,  5.586411887213869e-03,  1.828431159199396e-02, -8.958479461348784e-03,  7.206303086951107e-03,  2.481127954797058e-02, -1.155616870006106e-02,  8.818651055842241e-03,  3.078073029533178e-02, -1.414176146612348e-02,  9.657189662862338e-03,  3.724951450963696e-02, -1.548645839148515e-02,  3.235259282696745e-16, -2.775557561562891e-17,  1.942890293094024e-16, -7.892991815694472e-16,  0.000000000000000e+00,  1.249000902703301e-16,  4.323798263872191e-16,  2.775557561562891e-17,  2.775557561562891e-16,  1.010476424756490e-16, -2.775557561562891e-17,  1.665334536937735e-16, -1.244664094013359e-16, -5.551115123125781e-17,  1.387778780781445e-16,  9.757819552369537e-17, -2.775557561562891e-17,  2.220446049250313e-16, -1.387778780781445e-16,  5.551115123125782e-16
  3.083333333333333e-01,  4.584857394450710e-01,  4.692844267317163e-01,  1.050470093866336e+00,  1.583693600884655e+00, -1.777356275518873e-01,  1.428251402298010e-01,  6.867046863503896e-04, -1.401656667234977e-15, -1.103407183363225e-03,  2.200317432010491e-03,  5.285388788173765e-03, -3.535502390484929e-03,  3.885512799296804e-03,  1.164988914621625e-02, -6.243299075986523e-03,  5.590497656844116e-03,  1.825590082435226e-02, -8.982893805307901e-03,  7.211573606721437e-03,  2.477272696180435e-02, -1.158766246847463e-02,  8.825100808812356e-03,  3.073290217930559e-02, -1.418030169274478e-02,  9.664252703152755e-03,  3.719163498290767e-02, -1.552866329059889e-02, -1.301042606982605e-17,  0.000000000000000e+00,  2.081668171172169e-16, -5.659535340374332e-16,  2.775557561562891e-17,  9.714451465470117e-17, -1.301042606982605e-17, -2.775557561562891e-17,  1.942890293094023e-16,  9.900934239137625e-16, -2.775557561562891e-17,  2.636779683484746e-16, -7.914675859144180e-16,  0.000000000000000e+00,  1.110223024625156e-16, -3.434752482434077e-16,  0.000000000000000e+00,  1.249000902703301e-16, -1.665334536937735e-16,  5.967448757360216e-16
  3.166666666666667e-01,  4.585027221392670e-01,  4.692762627814361e-01,  1.050478814350824e+00,  1.583674506437448e+00, -1.777402510990243e-01,  1.429280279920377e-01,  6.873052975623195e-04, -1.304512146179434e-15, -1.106663166916867e-03,  2.202241891455478e-03,  5.278248292343065e-03, -3.545935109984026e-03,  3.888911177955432e-03,  1.163415028797657e-02, -6.261722083755986e-03,  5.595387263160165e-03,  1.823123732485340e-02, -9.009400932445972e-03,  7.217881051608325e-03,  2.473925930962437e-02, -1.162185586415991e-02,  8.832819489922620e-03,  3.069138240305249e-02, -1.422214556488355e-02,  9.672705330085067e-03,  3.714138953736042e-02, -1.557448596879698e-02,  7.632783294297951e-16, -8.326672684688674e-17,  2.636779683484747e-16, -2.346213501258632e-16, -5.551115123125783e-17,  1.387778780781446e-16, -5.637851296924622e-18,  8.326672684688673e-17,  2.081668171172168e-16, -4.579669976578771e-16, -1.110223024625157e-16,  6.938893903907228e-17,  4.341145498631960e-16,  0.000000000000000e+00,  2.220446049250313e-16, -6.774095173689430e-16,  5.551115123125781e-17,  1.249000902703301e-16, -1.665334536937735e-16,  5.551115123125782e-16
  3.250000000000000e-01,  4.585181327101634e-01,  4.692683735036731e-01,  1.050487471995833e+00,  1.583655027436135e+00, -1.777436363312875e-01,  1.430285163106766e-01,  6.879654618192257e-04, -9.853230043860476e-16, -1.110175061569320e-03,  2.204357168886483e-03,  5.271922758439718e-03, -3.557187811729765e-03,  3.892646519688754e-03,  1.162020774340310e-02, -6.281593087831875e-03,  5.600761693842173e-03,  1.820938872974808e-02, -9.037991444809029e-03,  7.224813905324835e-03,  2.470961140091444e-02, -1.165873676403975e-02,  8.841303509677299e-03,  3.065460137851606e-02, -1.426727824702879e-02,  9.681996069378546e-03,  3.709687872510890e-02, -1.562391017990478e-02, -9.974659986866639e-18, -2.775557561562891e-17,  1.249000902703301e-16, -8.239936510889832e-18,  0.000000000000000e+00,  1.804112415015879e-16,  3.235259282696745e-16,  0.000000000000000e+00,  1.942890293094024e-16, -2.341876692568690e-16, -5.551115123125783e-17,  1.526556658859590e-16, -3.430415673744135e-16, -2.775557561562891e-17,  8.326672684688673e-17,  3.243932900076629e-16, -2.775557561562891e-17,  1.804112415015879e-16, -1.110223024625156e-16,  4.857225732735059e-16
  3.333333333333334e-01,  4.585320822075717e-01,  4.692608348075717e-01,  1.050496172145117e+00,  1.583636403749090e+00, -1.777488249753181e-01,  1.431231457143421e-01,  6.886515566336220e-04, -8.743006943723735e-16, -1.113942844702980e-03,  2.206555532185015e-03,  5.266058339925050e-03, -3.569260423252222e-03,  3.896528581708032e-03,  1.160728157498985e-02, -6.302911960240445e-03,  5.606347226497915e-03,  1.818913284184751e-02, -9.068665158268065e-03,  7.232019074229357e-03,  2.468212474960247e-02, -1.169830493059296e-02,  8.850120772786543e-03,  3.062050159744148e-02, -1.431569944851607e-02,  9.691651739120051e-03,  3.705561263825140e-02, -1.567693560561942e-02, -2.311519031739095e-16, -2.775557561562891e-17,  1.249000902703301e-16,  2.129373066761531e-16,  2.775557561562891e-17,  2.220446049250313e-16, -6.761084747619606e-16, -5.551115123125783e-17,  0.000000000000000e+00,  2.090341788552053e-16, -5.551115123125783e-17,  2.220446049250313e-16, -1.188285581044113e-16,  0.000000000000000e+00,  1.249000902703301e-16,  4.341145498631960e-16, -2.775557561562891e-17,  2.081668171172169e-16, -1.665334536937735e-16,  4.024558464266192e-16
  3.416666666666667e-01,  4.585447027151967e-01,  4.692537188371479e-01,  1.050505034100132e+00,  1.583619684071083e+00, -1.777585991062335e-01,  1.432090198699308e-01,  6.893368580472107e-04, -6.106227074332912e-16, -1.117967798674517e-03,  2.208751353294589e-03,  5.260300431273590e-03, -3.582157053437858e-03,  3.900406154508411e-03,  1.159459017229569e-02, -6.325685956812394e-03,  5.611926300040096e-03,  1.816924484239926e-02, -9.101432512552805e-03,  7.239215911072067e-03,  2.465513731223071e-02, -1.174057383075636e-02,  8.858927839606755e-03,  3.058702113830149e-02, -1.436742564939313e-02,  9.701296243038516e-03,  3.701509602813365e-02, -1.573358029302617e-02, -9.107298248878236e-18,  0.000000000000000e+00,  1.387778780781445e-16, -9.540979117872437e-18, -2.775557561562891e-17,  1.526556658859590e-16, -6.071532165918823e-18,  0.000000000000000e+00,  1.249000902703301e-16, -9.540979117872437e-18, -2.775557561562891e-17,  1.249000902703301e-16, -8.673617379884034e-18, -2.775557561562891e-17,  1.249000902703301e-16, -8.239936510889832e-18,  0.000000000000000e+00,  9.714451465470117e-17, -1.665334536937735e-16,  3.747002708109903e-16
  3.500000000000000e-01,  4.585561038977827e-01,  4.692470910968032e-01,  1.050514170912566e+00,  1.583605738890208e+00, -1.777750698641832e-01,  1.432839740195208e-01,  6.900022708969231e-04, -4.440892419641822e-16, -1.122250607788541e-03,  2.210883448097624e-03,  5.254327808531950e-03, -3.595879894913889e-03,  3.904171193827289e-03,  1.158142550349957e-02, -6.349918949480748e-03,  5.617343459777099e-03,  1.814861521366038e-02, -9.136299078622146e-03,  7.246203883982284e-03,  2.462714350546110e-02, -1.178555065089963e-02,  8.867479310998974e-03,  3.055229218309130e-02, -1.442246564391679e-02,  9.710660847738103e-03,  3.697306854182682e-02, -1.579385387260123e-02, -4.531965080989409e-16,  0.000000000000000e+00,  1.110223024625157e-16, -1.205632815803881e-16, -5.551115123125783e-17,  1.110223024625157e-16, -5.637851296924623e-18,  2.775557561562891e-17,  1.249000902703301e-16, -1.084202172485504e-17, -2.775557561562891e-17,  1.526556658859590e-16,  4.375839968151495e-16,  0.000000000000000e+00,  1.526556658859590e-16,  1.001802807376606e-16, -5.551115123125783e-17,  1.249000902703301e-16, -8.326672684688674e-17,  3.469446951953614e-16
  3.583333333333334e-01,  4.585663375375396e-01,  4.692410115153556e-01,  1.050523669281747e+00,  1.583595265518193e+00, -1.777993452012537e-01,  1.433466591099378e-01,  6.906370615101449e-04, -2.359224099024205e-16, -1.126788883125380e-03,  2.212917424098799e-03,  5.247871093609419e-03, -3.610421293179304e-03,  3.907762966393066e-03,  1.156719381381453e-02, -6.375597421258304e-03,  5.622511322335092e-03,  1.812631351514622e-02, -9.173245408159116e-03,  7.252870271038387e-03,  2.459688074859142e-02, -1.183321030327919e-02,  8.875637244483460e-03,  3.051474838147428e-02, -1.448078873117902e-02,  9.719594494213356e-03,  3.692763464959432e-02, -1.585772272418016e-02, -6.505213034913025e-18,  0.000000000000000e+00,  9.714451465470117e-17,  6.587612400021924e-16, -2.775557561562891e-17,  1.804112415015879e-16,  3.261280134836397e-16,  2.775557561562891e-17,  1.665334536937735e-16, -2.294171796979327e-16, -2.775557561562891e-17,  6.938893903907228e-17, -2.311519031739095e-16,  0.000000000000000e+00,  1.387778780781445e-16, -5.637851296924622e-18, -2.775557561562891e-17,  9.714451465470117e-17, -1.387778780781446e-16,  3.885780586188047e-16
  3.666666666666667e-01,  4.585754124910854e-01,  4.692355423653365e-01,  1.050533575958677e+00,  1.583588778687025e+00, -1.778315680526169e-01,  1.433964220250528e-01,  6.912396440135739e-04,  4.163336647355940e-17, -1.131574056876648e-03,  2.214848199896995e-03,  5.240729431546615e-03, -3.625753795533188e-03,  3.911172499021072e-03,  1.155145238500214e-02, -6.402672893767104e-03,  5.627416977045507e-03,  1.810164598744438e-02, -9.212201750201212e-03,  7.259198417871719e-03,  2.456340763025683e-02, -1.188346281125407e-02,  8.883381259419884e-03,  3.047322182394153e-02, -1.454228480304320e-02,  9.728074863890013e-03,  3.687738099763380e-02, -1.592506626978046e-02, -8.673617379884035e-18, -8.326672684688674e-17,  8.326672684688674e-17, -3.469446951953614e-18,  5.551115123125783e-17,  8.326672684688674e-17, -7.372574772901430e-18, -2.775557561562891e-17,  1.110223024625157e-16, -9.540979117872437e-18, -5.551115123125781e-17,  1.249000902703301e-16,  1.040834085586084e-16, -5.551115123125781e-17,  9.714451465470117e-17, -1.175275154974287e-16,  2.775557561562891e-17,  1.249000902703301e-16, -1.387778780781445e-16,  2.498001805406602e-16
  3.750000000000000e-01,  4.585833435537049e-01,  4.692307583624504e-01,  1.050543892500595e+00,  1.583586610124212e+00, -1.778712325138775e-01,  1.434331140665536e-01,  6.918169823177492e-04,  3.191891431258195e-16, -1.136587874461928e-03,  2.216698089025837e-03,  5.232773879201719e-03, -3.641818911227307e-03,  3.914439194901259e-03,  1.153391700461054e-02, -6.431042078932478e-03,  5.632117117440174e-03,  1.807416725684561e-02, -9.253019493285827e-03,  7.265261457425804e-03,  2.452611979127573e-02, -1.193611647051329e-02,  8.890800851617883e-03,  3.042696274597791e-02, -1.460671926301794e-02,  9.736199962459918e-03,  3.682140025321089e-02, -1.599562760584600e-02, -3.378373969464831e-16,  2.775557561562891e-17,  2.775557561562891e-17,  2.181414771040835e-16,  0.000000000000000e+00,  1.110223024625157e-16,  6.591949208711867e-16, -5.551115123125783e-17,  1.526556658859590e-16, -6.730727086790012e-16, -2.775557561562891e-17,  1.387778780781446e-17,  3.256943326146455e-16, -2.775557561562891e-17,  1.110223024625157e-16,  6.626643678231403e-16,  2.775557561562891e-17,  1.526556658859590e-16, -1.665334536937735e-16,  2.359223927328458e-16
  3.833333333333334e-01,  4.585901567851179e-01,  4.692267590695189e-01,  1.050554469271483e+00,  1.583589109153694e+00, -1.779161444493562e-01,  1.434558316344310e-01,  6.923794302297662e-04, -6.096512636899498e-14, -1.141768996261460e-03,  2.218500266635625e-03,  5.223913996631399e-03, -3.658420097797670e-03,  3.917621637540908e-03,  1.151438832783511e-02, -6.460357904899149e-03,  5.636696033771081e-03,  1.804356494112949e-02, -9.295199268478330e-03,  7.271168121581401e-03,  2.448459333808665e-02, -1.199052711016908e-02,  8.898029080772758e-03,  3.037544526762394e-02, -1.467330381253864e-02,  9.744115501916430e-03,  3.675905601893484e-02, -1.606854347683600e-02,  2.944693100470630e-16,  1.665334536937735e-16,  9.020562075079397e-16, -1.044737213407032e-15,  8.326672684688674e-17,  7.771561172376096e-16, -4.293440603042598e-17,  1.110223024625157e-16,  8.743006318923108e-16, -8.196568423990412e-16,  5.551115123125781e-17,  7.216449660063516e-16, -2.641116492174688e-16,  1.665334536937735e-16,  9.020562075079395e-16, -8.213915658750180e-16,  5.551115123125781e-17,  7.355227538141660e-16,  8.604228440844963e-16,  2.345346139520643e-15
  3.916666666666667e-01,  4.585959764089115e-01,  4.692236395690210e-01,  1.050565437087951e+00,  1.583596208557384e+00, -1.779675952553681e-01,  1.434677808709360e-01,  6.929335450347026e-04, -5.892509144177607e-14, -1.147143766379772e-03,  2.220275743776017e-03,  5.214161411438148e-03, -3.675641766179877e-03,  3.920756930231086e-03,  1.149289198367450e-02, -6.490769431868054e-03,  5.641207110520342e-03,  1.800987920195877e-02, -9.338955544429643e-03,  7.276987274727007e-03,  2.443888276882277e-02, -1.204697138832454e-02,  8.905150219088831e-03,  3.031873699904626e-02, -1.474237700959041e-02,  9.751913767537382e-03,  3.669043011392367e-02, -1.614418463332225e-02, -5.971785566050157e-16,  8.326672684688673e-17,  7.910339050454238e-16, -5.967448757360215e-16,  1.110223024625156e-16,  8.049116928532383e-16,  1.804112415015879e-16,  1.110223024625156e-16,  9.159339953157539e-16, -1.040834085586084e-15,  1.387778780781445e-16,  7.910339050454238e-16, -1.039533042979101e-15,  1.387778780781445e-16,  7.771561172376094e-16, -4.380176776841437e-17,  8.326672684688673e-17,  8.604228440844961e-16,  9.159339953157539e-16,  2.484124017598787e-15
  4.000000000000000e-01,  4.586008634020369e-01,  4.692215125479058e-01,  1.050576567009106e+00,  1.583608273889519e+00, -1.780227099507947e-01,  1.434689310090481e-01,  6.934803278863994e-04, -5.398459864256129e-14, -1.152632865305863e-03,  2.222027728103100e-03,  5.203522627108701e-03, -3.693229763311077e-03,  3.923850737262044e-03,  1.146944230700814e-02, -6.521827854154129e-03,  5.645658497467560e-03,  1.797313250280074e-02, -9.383642576999401e-03,  7.282729429826951e-03,  2.438901856579460e-02, -1.210461631448565e-02,  8.912177131711245e-03,  3.025687575637967e-02, -1.481291948925090e-02,  9.759608847835291e-03,  3.661556830153911e-02, -1.622143478201305e-02, -1.373467312104637e-15,  1.387778780781446e-16,  7.494005416219807e-16, -1.504872615409880e-16,  1.110223024625157e-16,  8.049116928532385e-16, -1.483622252829164e-15,  1.942890293094024e-16,  7.355227538141662e-16,  6.808789643208967e-17,  2.775557561562891e-17,  8.326672684688672e-16, -1.148820621965640e-15,  1.665334536937735e-16,  7.355227538141660e-16, -3.742665899419961e-16,  1.110223024625157e-16,  8.187894806610529e-16,  9.714451465470120e-16,  2.275957200481571e-15
  4.083333333333333e-01,  4.586049074474667e-01,  4.692204456946619e-01,  1.050587701709205e+00,  1.583625473236352e+00, -1.780797556617757e-01,  1.434605673144919e-01,  6.940171948385416e-04, -4.811429398444246e-14, -1.158177095469330e-03,  2.223747940222768e-03,  5.192098612316578e-03, -3.710994410208366e-03,  3.926888438150962e-03,  1.144426184984177e-02, -6.553198220033872e-03,  5.650029158585393e-03,  1.793367359267059e-02, -9.428778435765063e-03,  7.288367451036711e-03,  2.433547397128599e-02, -1.216284021292199e-02,  8.919076611387173e-03,  3.019044864127301e-02, -1.488417048122380e-02,  9.767164377975071e-03,  3.653518106691783e-02, -1.629946081328850e-02, -7.047314121155779e-16,  1.110223024625157e-16,  7.355227538141662e-16, -7.077671781985371e-16,  8.326672684688673e-17,  7.632783294297949e-16, -4.796510411075872e-16,  1.665334536937735e-16,  7.910339050454240e-16, -9.298117831235686e-16,  8.326672684688674e-17,  7.355227538141662e-16, -8.148863528401051e-16,  1.387778780781446e-16,  7.216449660063518e-16, -8.183557997920585e-16,  1.387778780781445e-16,  8.049116928532383e-16,  1.082467449009528e-15,  2.262079412673756e-15
  4.166666666666667e-01,  4.586082281801093e-01,  4.692204276116042e-01,  1.050598681416383e+00,  1.583647782768085e+00, -1.781374786062466e-01,  1.434438678409204e-01,  6.945376771952227e-04, -4.148071093186696e-14, -1.163708032489242e-03,  2.225415653341072e-03,  5.180111824200953e-03, -3.728716463635516e-03,  3.929833431715789e-03,  1.141784094526470e-02, -6.584493370641885e-03,  5.654266431885431e-03,  1.789227084559703e-02, -9.473806074374612e-03,  7.293833405976989e-03,  2.427929164652773e-02, -1.222092451061666e-02,  8.925765526456363e-03,  3.012074917323551e-02, -1.495525063799697e-02,  9.774489321560951e-03,  3.645083377167650e-02, -1.637729976516765e-02, -1.148386941096646e-15,  1.387778780781445e-16,  7.077671781985371e-16, -7.025630077706069e-16,  1.110223024625157e-16,  7.077671781985373e-16, -4.805184028455755e-16,  1.665334536937735e-16,  7.771561172376094e-16, -2.589074787895384e-16,  1.110223024625156e-16,  7.355227538141660e-16, -9.254749744336264e-16,  1.387778780781445e-16,  7.077671781985371e-16, -9.224392083506670e-16,  1.387778780781445e-16,  6.800116025829082e-16,  1.082467449009528e-15,  2.081668171172169e-15
  4.250000000000000e-01,  4.586109993451638e-01,  4.692213709813343e-01,  1.050609359103942e+00,  1.583674995018974e+00, -1.781952708634243e-01,  1.434196684169287e-01,  6.950269913461555e-04, -3.420874958315101e-14, -1.169150213267985e-03,  2.226983498282362e-03,  5.167928071276366e-03, -3.746154127122630e-03,  3.932602069329036e-03,  1.139098589699694e-02, -6.615286320641890e-03,  5.658249963248685e-03,  1.785018777581366e-02, -9.518111143926934e-03,  7.298972041465225e-03,  2.422218614362103e-02, -1.227807671598920e-02,  8.932053887175665e-03,  3.004990441571502e-02, -1.502519015485634e-02,  9.781375623305605e-03,  3.636510049641675e-02, -1.645388961716922e-02, -1.258541881821174e-15,  1.387778780781446e-16,  6.522560269672795e-16, -2.580401170515501e-16,  1.110223024625157e-16,  7.355227538141662e-16, -8.114169058881515e-16,  1.665334536937735e-16,  6.938893903907228e-16,  7.329206686002009e-17,  8.326672684688673e-17,  7.910339050454238e-16, -1.143616451537710e-15,  1.665334536937735e-16,  6.522560269672795e-16, -9.194034422677078e-16,  1.665334536937735e-16,  6.661338147750939e-16,  1.193489751472043e-15,  1.984523656517467e-15
  4.333333333333333e-01,  4.586134685926779e-01,  4.692231508747078e-01,  1.050619604735310e+00,  1.583706745837456e+00, -1.782530597355414e-01,  1.433884623685225e-01,  6.954647954382794e-04, -2.656208792598807e-14, -1.174428712762681e-03,  2.228386296326088e-03,  5.156017805000958e-03, -3.763067328216753e-03,  3.935079252707750e-03,  1.136473365947297e-02, -6.645153129117501e-03,  5.661814148621869e-03,  1.780904933760762e-02, -9.561083675848297e-03,  7.303569733254948e-03,  2.416636247831846e-02, -1.233350998795112e-02,  8.937680272725110e-03,  2.998064989853512e-02, -1.509302614182747e-02,  9.787537004677013e-03,  3.628129166155045e-02, -1.652817592105296e-02, -4.727121472036798e-16,  1.942890293094023e-16,  6.800116025829082e-16, -7.003946034256357e-16,  1.387778780781445e-16,  6.938893903907226e-16, -8.053453737222325e-16,  1.665334536937735e-16,  6.245004513516505e-16, -9.215718466126788e-16,  1.387778780781446e-16,  6.245004513516506e-16, -3.638582490861353e-16,  1.110223024625157e-16,  6.800116025829084e-16, -4.779163176316103e-16,  1.110223024625156e-16,  7.077671781985371e-16,  1.165734175856414e-15,  1.845745778439322e-15
  4.416666666666667e-01,  4.586159732422938e-01,  4.692256292353978e-01,  1.050629303498132e+00,  1.583742464420775e+00, -1.783112348985687e-01,  1.433504161437531e-01,  6.958376813508225e-04, -1.910971530458885e-14, -1.179476121272001e-03,  2.229581085595762e-03,  5.144876638820078e-03, -3.779240074885829e-03,  3.937189116016693e-03,  1.134017664839398e-02, -6.673712378463761e-03,  5.664849831814363e-03,  1.777056739556906e-02, -9.602174884344410e-03,  7.307485673144185e-03,  2.411414360112785e-02, -1.238651640935646e-02,  8.942472370286890e-03,  2.991586746069639e-02, -1.515789229142761e-02,  9.792784768161329e-03,  3.620289474455517e-02, -1.659920999480188e-02, -9.168013570537424e-16,  1.942890293094023e-16,  6.106226635438360e-16, -2.563053935755732e-16,  8.326672684688673e-17,  6.522560269672794e-16, -5.837344496661955e-16,  1.387778780781445e-16,  6.245004513516505e-16, -1.472346550235315e-15,  1.665334536937735e-16,  4.996003610813203e-16, -4.731458280726740e-16,  8.326672684688673e-17,  5.828670879282071e-16, -6.934557095217284e-16,  1.942890293094023e-16,  6.661338147750938e-16,  1.054711873393899e-15,  1.804112415015879e-15
  4.500000000000001e-01,  4.586189401782822e-01,  4.692286474502804e-01,  1.050638363728645e+00,  1.583781338040455e+00, -1.783707662458437e-01,  1.433053546135560e-01,  6.961493148046014e-04, -1.300348819834454e-14, -1.184237679717411e-03,  2.230579611664342e-03,  5.134952731604490e-03, -3.794496909823488e-03,  3.938952400613415e-03,  1.131830268156903e-02, -6.700654230836894e-03,  5.667386855605310e-03,  1.773628990468131e-02, -9.640938972984545e-03,  7.310758357428435e-03,  2.406763004198229e-02, -1.243652091623405e-02,  8.946477289364386e-03,  2.985816300751728e-02, -1.521908487409797e-02,  9.797170502758096e-03,  3.613306329984667e-02, -1.666622119336079e-02, -1.138412281109780e-15,  1.387778780781446e-16,  5.134781488891349e-16, -5.833007687972014e-16,  1.110223024625157e-16,  5.967448757360216e-16, -6.912873051767574e-16,  1.110223024625156e-16,  5.551115123125782e-16, -8.036106502462559e-16,  1.387778780781446e-16,  5.412337245047638e-16, -3.634245682171411e-16,  5.551115123125783e-17,  6.383782391594650e-16, -3.569193551822280e-16,  1.387778780781445e-16,  5.551115123125782e-16,  1.026956297778270e-15,  1.623701173514291e-15
  4.583333333333334e-01,  4.586228663192083e-01,  4.692320163909302e-01,  1.050646726298524e+00,  1.583822374266095e+00, -1.784332054127321e-01,  1.432527444025282e-01,  6.964175894370089e-04, -8.215651031926555e-15, -1.188672451937413e-03,  2.231439208769892e-03,  5.126575219836271e-03, -3.808706666675820e-03,  3.940470352302256e-03,  1.129983723136865e-02, -6.725747061226492e-03,  5.669570893030468e-03,  1.770735371281277e-02, -9.677042678401240e-03,  7.313575699929268e-03,  2.402836447040671e-02, -1.248309360887805e-02,  8.949924987876664e-03,  2.980945036591081e-02, -1.527607780379140e-02,  9.800946032382917e-03,  3.607411335835250e-02, -1.672863340676441e-02, -1.366094737331735e-16,  9.714451465470117e-17,  5.828670879282071e-16, -1.023053169957322e-15,  1.249000902703301e-16,  4.579669976578771e-16, -5.798313218452478e-16,  1.387778780781446e-16,  5.689893001203927e-16, -5.819997261902187e-16,  4.163336342344336e-17,  4.718447854656914e-16, -5.828670879282071e-16,  1.665334536937735e-16,  6.106226635438360e-16, -5.802650027142419e-16,  9.714451465470117e-17,  4.996003610813203e-16,  9.853229343548262e-16,  1.540434446667405e-15
  4.666666666666667e-01,  4.586282918180697e-01,  4.692355215764985e-01,  1.050654363165681e+00,  1.583864492862097e+00, -1.785004096758208e-01,  1.431917031830290e-01,  6.966603963762709e-04, -4.565792551749098e-15, -1.192749725528785e-03,  2.232217203096134e-03,  5.119861735771760e-03, -3.821770937731389e-03,  3.941844202674153e-03,  1.128503957914296e-02, -6.748817092696430e-03,  5.671547596666228e-03,  1.768416512551340e-02, -9.710235969362269e-03,  7.316125588088067e-03,  2.399689823122561e-02, -1.252591195452797e-02,  8.953045391449286e-03,  2.977041353108597e-02, -1.532847638383324e-02,  9.804363145592784e-03,  3.602687266162342e-02, -1.678601440783459e-02, -9.094287822808409e-16,  1.110223024625156e-16,  4.163336342344336e-16, -3.603888021341816e-16,  5.551115123125781e-17,  5.273559366969493e-16, -2.432949675057472e-16,  1.526556658859590e-16,  5.828670879282072e-16, -6.882515390937980e-16,  9.714451465470117e-17,  4.579669976578770e-16, -8.014422459012849e-16,  8.326672684688674e-17,  4.718447854656915e-16, -5.806986835832362e-16,  9.714451465470120e-17,  5.134781488891349e-16,  8.743006318923106e-16,  1.498801083243962e-15
  4.750000000000000e-01,  4.586357718106174e-01,  4.692389293838994e-01,  1.050661275860268e+00,  1.583906555064135e+00, -1.785742322255658e-01,  1.431211308734656e-01,  6.968840899767314e-04, -1.929012659376496e-15, -1.196445573787943e-03,  2.232933955059153e-03,  5.114690108168815e-03, -3.833613057804569e-03,  3.943109905928632e-03,  1.127364043884963e-02, -6.769728943161643e-03,  5.673368697624710e-03,  1.766630215942948e-02, -9.740324057362039e-03,  7.318474753476161e-03,  2.397265870528929e-02, -1.256472468187870e-02,  8.955920162269303e-03,  2.974034211502789e-02, -1.537597312313690e-02,  9.807511269580968e-03,  3.599048152867004e-02, -1.683802746709538e-02, -7.958043946043601e-16,  1.526556658859590e-16,  4.440892098500625e-16,  8.803721640582296e-17,  8.326672684688674e-17,  5.551115123125783e-16, -1.464540294593419e-15,  9.714451465470120e-17,  3.191891195797325e-16,  2.033963275582806e-16,  1.387778780781446e-16,  5.551115123125783e-16, -8.018759267702791e-16,  6.938893903907228e-17,  4.302114220422482e-16, -9.115971866258119e-16,  8.326672684688673e-17,  4.163336342344336e-16,  7.910339050454238e-16,  1.484923295436146e-15
  4.833333333333334e-01,  4.586458482115000e-01,  4.692419876578968e-01,  1.050667502402711e+00,  1.583947326513645e+00, -1.786563707734926e-01,  1.430399502260783e-01,  6.970865505698619e-04,  5.551115568443493e-17, -1.199742306382133e-03,  2.233582672894362e-03,  5.110822344609941e-03, -3.844176344088560e-03,  3.944255468571009e-03,  1.126511523502345e-02, -6.788382517169728e-03,  5.675016939595297e-03,  1.765294278118818e-02, -9.767162924500793e-03,  7.320600935975790e-03,  2.395453041719599e-02, -1.259934601217639e-02,  8.958522059710032e-03,  2.971785226538745e-02, -1.541834067655950e-02,  9.810360573491744e-03,  3.596326528096242e-02, -1.688442362184783e-02, -1.244664094013359e-15,  2.775557561562891e-17,  3.053113317719180e-16, -3.551846317062512e-16,  5.551115123125781e-17,  4.718447854656914e-16, -6.826136877968734e-16,  1.526556658859590e-16,  3.885780586188047e-16, -8.010085650322905e-16,  4.163336342344336e-17,  3.747002708109902e-16, -5.772292366312825e-16,  8.326672684688673e-17,  4.302114220422481e-16, -1.353084311261909e-16,  5.551115123125781e-17,  4.857225732735059e-16,  7.494005416219805e-16,  1.346145417358002e-15
  4.916666666666667e-01,  4.586590245835490e-01,  4.692444250436713e-01,  1.050673119507187e+00,  1.583985457160609e+00, -1.787483448627512e-01,  1.429473114754982e-01,  6.972670562984386e-04,  1.776356982433892e-15, -1.202629332064397e-03,  2.234161043647255e-03,  5.108045832859291e-03, -3.853426860445451e-03,  3.945276806191190e-03,  1.125899533440366e-02, -6.804717887321288e-03,  5.676486445904223e-03,  1.764335262136968e-02, -9.790666346899570e-03,  7.322496554855584e-03,  2.394151684898136e-02, -1.262966471921375e-02,  8.960841806915410e-03,  2.970170770772604e-02, -1.545544293199218e-02,  9.812900898362504e-03,  3.594372783240381e-02, -1.692505381749795e-02, -2.419939248987645e-16,  6.938893903907227e-17,  4.163336342344336e-16, -5.789639601072593e-16,  4.163336342344336e-17,  4.302114220422481e-16, -2.255140518769849e-17,  5.551115123125781e-17,  4.857225732735059e-16, -1.575562597055935e-15,  6.938893903907227e-17,  3.053113317719180e-16,  2.016616040823038e-16,  6.938893903907227e-17,  4.996003610813203e-16, -3.547509508372571e-16,  6.938893903907228e-17,  4.302114220422482e-16,  6.106226635438360e-16,  1.221245327087672e-15
  5.000000000000000e-01,  4.586757452574780e-01,  4.692459468101524e-01,  1.050678231433898e+00,  1.584019528717025e+00, -1.788515335487853e-01,  1.428427140253977e-01,  6.974289445047540e-04,  3.233524820420250e-15, -1.205105131657891e-03,  2.234679760730886e-03,  5.106156709364248e-03, -3.861359739174619e-03,  3.946192802149183e-03,  1.125483138730509e-02, -6.818726457805750e-03,  5.677804386039421e-03,  1.763682752878527e-02, -9.810821956857193e-03,  7.324196657936664e-03,  2.393266248794261e-02, -1.265566484902862e-02,  8.962922293354643e-03,  2.969072303849597e-02, -1.548726036591156e-02,  9.815179211890323e-03,  3.593043465865938e-02, -1.695989667408907e-02, -3.517151847542977e-16,  5.551115123125784e-17,  3.747002708109904e-16, -9.102961440188293e-16,  5.551115123125781e-17,  3.885780586188047e-16, -3.556183125752454e-16,  5.551115123125781e-17,  4.440892098500625e-16, -3.543172699682628e-16,  5.551115123125781e-17,  4.302114220422481e-16, -1.951563910473908e-17,  5.551115123125783e-17,  4.024558464266192e-16, -4.653395724307785e-16,  8.326672684688674e-17,  4.302114220422482e-16,  4.718447854656914e-16,  1.124100812432971e-15
  5.083333333333333e-01,  4.586963838695434e-01,  4.692462307669981e-01,  1.050682956594900e+00,  1.584048141334511e+00, -1.789671952339165e-01,  1.427260692882975e-01,  6.975762342598293e-04,  4.440892458193206e-15, -1.207178915847332e-03,  2.235151701927209e-03,  5.104879026471628e-03, -3.868004492862377e-03,  3.947026197161804e-03,  1.125201515851535e-02, -6.830460344525693e-03,  5.679003479472781e-03,  1.763241437147164e-02, -9.827704739027159e-03,  7.325743452353162e-03,  2.392667396170055e-02, -1.267744312956496e-02,  8.964815169637104e-03,  2.968329370738391e-02, -1.551391134830229e-02,  9.817252075990291e-03,  3.592144400202515e-02, -1.698908181704535e-02, -7.984064798183253e-16,  5.551115123125781e-17,  3.747002708109902e-16,  8.977193988179974e-17,  0.000000000000000e+00,  4.302114220422481e-16, -4.653395724307784e-16,  8.326672684688673e-17,  4.302114220422481e-16, -1.244230413144365e-15,  4.163336342344337e-17,  2.914335439641036e-16,  9.020562075079397e-17,  1.387778780781446e-17,  4.440892098500626e-16, -3.564856743132339e-16,  2.775557561562892e-17,  4.024558464266193e-16,  4.163336342344337e-16,  1.151856388048600e-15
  5.166666666666667e-01,  4.587212476213339e-01,  4.692449318931890e-01,  1.050687418182329e+00,  1.584070013266116e+00, -1.790964398307356e-01,  1.425976900818339e-01,  6.977125584824491e-04,  5.190293061438011e-15, -1.208869952356163e-03,  2.235588507716034e-03,  5.103880121265623e-03, -3.873422858536477e-03,  3.947797547006878e-03,  1.124981340280922e-02, -6.840028568120085e-03,  5.680113301968848e-03,  1.762896412114724e-02, -9.841471552917650e-03,  7.327175089953238e-03,  2.392199207226405e-02, -1.269520190486388e-02,  8.966567123764849e-03,  2.967748538235563e-02, -1.553564349593309e-02,  9.819170618075950e-03,  3.591441501715800e-02, -1.701288040825897e-02, -1.020451084743357e-15,  5.551115123125781e-17,  3.469446951953613e-16, -2.385244779468109e-17, -2.775557561562891e-17,  4.302114220422481e-16, -3.547509508372571e-16,  5.551115123125783e-17,  4.302114220422482e-16, -3.551846317062513e-16,  2.775557561562891e-17,  4.163336342344337e-16, -6.873841773558098e-16,  1.110223024625157e-16,  4.579669976578771e-16, -4.679416576447436e-16,  0.000000000000000e+00,  3.747002708109902e-16,  2.220446049250313e-16,  1.179611963664229e-15
  5.250000000000000e-01,  4.587505927138162e-01,  4.692416969236460e-01,  1.050691729434525e+00,  1.584084042365917e+00, -1.792402175777374e-01,  1.424582507985723e-01,  6.978432480017559e-04,  5.939693664736787e-15, -1.210206236772915e-03,  2.236007258984448e-03,  5.102843509816419e-03, -3.877704538776673e-03,  3.948537014608047e-03,  1.124752853617844e-02, -6.847589533242756e-03,  5.681177252118074e-03,  1.762538363226250e-02, -9.852350312034276e-03,  7.328547553608222e-03,  2.391713345288617e-02, -1.270923517648378e-02,  8.968246664288807e-03,  2.967145780718141e-02, -1.555281659066723e-02,  9.821009860969669e-03,  3.590712070520256e-02, -1.703168644015211e-02, -2.211772431870429e-17,  4.163336342344337e-17,  4.440892098500626e-16, -3.582203977892106e-16,  1.387778780781445e-17,  4.302114220422481e-16, -5.793976409762535e-16,  4.163336342344336e-17,  4.302114220422481e-16, -5.802650027142419e-16, -1.387778780781445e-17,  3.885780586188047e-16, -2.385244779468109e-17,  1.387778780781445e-17,  4.440892098500625e-16, -2.558717127065790e-17,  0.000000000000000e+00,  4.857225732735059e-16,  1.665334536937735e-16,  1.207367539279858e-15
  5.333333333333334e-01,  4.587846520150769e-01,  4.692361527345976e-01,  1.050696041707936e+00,  1.584089099922231e+00, -1.794005065003247e-01,  1.423091991563128e-01,  6.979810571648738e-04, -7.771561805206343e-16, -1.211246339382344e-03,  2.236448822646166e-03,  5.101545224517595e-03, -3.881037202691980e-03,  3.949316766273713e-03,  1.124466689621828e-02, -6.853474642428302e-03,  5.682299163183147e-03,  1.762089931360771e-02, -9.860817840217395e-03,  7.329994785085913e-03,  2.391104836278546e-02, -1.272015803281943e-02,  8.970017701288593e-03,  2.966390867953218e-02, -1.556618334159289e-02,  9.822949300529949e-03,  3.589798507602164e-02, -1.704632419456897e-02, -5.637851296924623e-18, -4.163336342344337e-17,  6.938893903907228e-17, -2.602085213965211e-18, -2.775557561562891e-17,  2.775557561562891e-17, -4.479923376710103e-16,  0.000000000000000e+00,  0.000000000000000e+00, -4.336808689942017e-18, -1.387778780781445e-17,  5.551115123125781e-17,  4.397524011601205e-16,  0.000000000000000e+00,  1.665334536937735e-16, -2.220446049250313e-16,  0.000000000000000e+00,  0.000000000000000e+00, -9.714451465470117e-17,  1.110223024625156e-16
  5.416666666666667e-01,  4.588235799258993e-01,  4.692280777374859e-01,  1.050700282966486e+00,  1.584084781550833e+00, -1.795759007100091e-01,  1.421513338461834e-01,  6.981232921637322e-04, -1.110223115123531e-15, -1.212003426925472e-03,  2.236904567536377e-03,  5.099767818844899e-03, -3.883463038646254e-03,  3.950121560427374e-03,  1.124074919406240e-02, -6.857758395541272e-03,  5.683457105536096e-03,  1.761476009793705e-02, -9.866981328276198e-03,  7.331488495848003e-03,  2.390271762550675e-02, -1.272810874678719e-02,  8.971845616910985e-03,  2.965357361491663e-02, -1.557591295902374e-02,  9.824951027067571e-03,  3.588547802581022e-02, -1.705697897161874e-02, -3.391384395534657e-16, -1.387778780781445e-17,  6.938893903907227e-17,  4.393187202911263e-16, -2.775557561562891e-17,  1.387778780781445e-16, -5.204170427930421e-18, -1.387778780781446e-17,  4.163336342344337e-17, -2.602085213965211e-18,  1.387778780781446e-17,  5.551115123125783e-17, -2.289834988289385e-16, -4.163336342344336e-17,  6.938893903907227e-17, -4.336808689942017e-18,  0.000000000000000e+00,  8.326672684688673e-17, -9.714451465470117e-17,  2.081668171172168e-16
  5.500000000000000e-01,  4.588675011934548e-01,  4.692172107241247e-01,  1.050704513710876e+00,  1.584070445928033e+00, -1.797676411736721e-01,  1.419865253066530e-01,  6.982709225716907e-04, -1.790234773250633e-15, -1.212548399387294e-03,  2.237377600224947e-03,  5.097475467563259e-03, -3.885209222167445e-03,  3.950956882886486e-03,  1.123569646485385e-02, -6.860841958995671e-03,  5.684658972188790e-03,  1.760684224377095e-02, -9.871417976706969e-03,  7.333038867633442e-03,  2.389197332747162e-02, -1.273383188964299e-02,  8.973742870969739e-03,  2.964024430074842e-02, -1.558291660557830e-02,  9.827028685224348e-03,  3.586934746371050e-02, -1.706464857354321e-02, -7.806255641895632e-18, -2.775557561562891e-17,  1.249000902703301e-16, -7.832276494035282e-16,  1.387778780781445e-17,  0.000000000000000e+00,  3.274290560906223e-16,  0.000000000000000e+00,  1.665334536937735e-16,  3.269953752216281e-16, -2.775557561562891e-17,  1.387778780781446e-16, -6.505213034913027e-18,  0.000000000000000e+00,  1.249000902703301e-16, -4.510281037539698e-16, -1.387778780781446e-17,  5.551115123125783e-17, -1.249000902703301e-16,  3.469446951953614e-16
  5.583333333333333e-01,  4.589164469135297e-01,  4.692033885575759e-01,  1.050708715793257e+00,  1.584045918586995e+00, -1.799755304550700e-01,  1.418164241559371e-01,  6.984120628881761e-04, -2.650657687653192e-15, -1.212941445664945e-03,  2.237829837569872e-03,  5.094691121470272e-03, -3.886468608615759e-03,  3.951755483114178e-03,  1.122955929602479e-02, -6.863065893638534e-03,  5.685808002685581e-03,  1.759722502389361e-02, -9.874617786372199e-03,  7.334521082369929e-03,  2.387892303954478e-02, -1.273795954774107e-02,  8.975556718431563e-03,  2.962405418882169e-02, -1.558796779146419e-02,  9.829015005902502e-03,  3.584975488733800e-02, -1.707018006127515e-02, -6.730727086790013e-16,  0.000000000000000e+00,  5.551115123125784e-17,  3.278627369596165e-16,  1.387778780781446e-17,  1.804112415015879e-16, -5.646524914304506e-16, -2.775557561562891e-17,  6.938893903907227e-17,  6.587612400021924e-16, -1.387778780781445e-17,  1.942890293094023e-16, -6.743737512859836e-16, -1.387778780781445e-17,  6.938893903907227e-17,  1.032160468206200e-16, -1.387778780781445e-17,  1.387778780781445e-16, -9.714451465470120e-17,  3.608224830031759e-16
  5.666666666666667e-01,  4.589703435615861e-01,  4.691865143835494e-01,  1.050712846982338e+00,  1.584011326193005e+00, -1.801986932565092e-01,  1.416425730317637e-01,  6.985285687436548e-04, -3.788636380921883e-15, -1.213240147824571e-03,  2.238203141954726e-03,  5.091494804440735e-03, -3.887425700625359e-03,  3.952414696619906e-03,  1.122251407370537e-02, -6.864756010345781e-03,  5.686756482785753e-03,  1.758618484331222e-02, -9.877049535790555e-03,  7.335744593134005e-03,  2.386394183528972e-02, -1.274109643125274e-02,  8.977053979145642e-03,  2.960546859323603e-02, -1.559180652552169e-02,  9.830654636565451e-03,  3.582726339978139e-02, -1.707438380883572e-02, -6.505213034913027e-18,  0.000000000000000e+00,  1.249000902703301e-16,  1.019150042136374e-16,  0.000000000000000e+00,  1.665334536937735e-16, -3.447762908503903e-16, -4.163336342344336e-17,  1.110223024625156e-16, -7.806255641895630e-18,  2.775557561562891e-17,  1.804112415015879e-16, -3.417405247674309e-16, -1.387778780781445e-17,  9.714451465470117e-17, -9.540979117872437e-18, -4.163336342344336e-17,  1.249000902703301e-16, -6.938893903907227e-17,  4.440892098500625e-16
  5.750000000000000e-01,  4.590289720278744e-01,  4.691665502154426e-01,  1.050716845634194e+00,  1.583967097194142e+00, -1.804353686658241e-01,  1.414663231397569e-01,  6.985927088325625e-04, -5.398459898248553e-15, -1.213493406010673e-03,  2.238408657600649e-03,  5.087996133634846e-03, -3.888237182493086e-03,  3.952777614110314e-03,  1.121480241262087e-02, -6.866188995939968e-03,  5.687278650513844e-03,  1.757410032318011e-02, -9.879111323518085e-03,  7.336418173777566e-03,  2.384754349260957e-02, -1.274375607532536e-02,  8.977878267631030e-03,  2.958512490389474e-02, -1.559506124194481e-02,  9.831557304127214e-03,  3.580264434285809e-02, -1.707794800630777e-02,  9.887923813067798e-17, -4.163336342344336e-17,  2.220446049250313e-16, -3.430415673744136e-16,  1.387778780781446e-17,  1.526556658859590e-16, -5.668208957754217e-16,  2.775557561562891e-17,  1.804112415015879e-16, -3.430415673744135e-16, -2.775557561562891e-17,  1.249000902703301e-16,  7.663140955127543e-16, -5.551115123125781e-17,  2.636779683484746e-16, -7.884318198314586e-16,  4.163336342344336e-17,  1.387778780781445e-16, -1.249000902703301e-16,  5.273559366969494e-16
  5.833333333333334e-01,  4.590919490130919e-01,  4.691435008613202e-01,  1.050720641272263e+00,  1.583913944510686e+00, -1.806828446242700e-01,  1.412887231088809e-01,  6.985634445925391e-04, -6.827872159380511e-15, -1.213736339032744e-03,  2.238314890054777e-03,  5.084317723239800e-03, -3.889015580796871e-03,  3.952612031185835e-03,  1.120669457513943e-02, -6.867563559685788e-03,  5.687040408871885e-03,  1.756139497679667e-02, -9.881089053562058e-03,  7.336110849237301e-03,  2.383030270674536e-02, -1.274630728751775e-02,  8.977502181882816e-03,  2.956373608439834e-02, -1.559818326579292e-02,  9.831145457534019e-03,  3.577676051442061e-02, -1.708136689387274e-02, -4.566659550508944e-16, -2.775557561562891e-17,  1.526556658859590e-16,  3.230922474006803e-16, -1.387778780781445e-17,  2.359223927328457e-16, -4.566659550508944e-16,  2.775557561562891e-17,  2.220446049250313e-16,  3.217912047936977e-16, -5.551115123125781e-17,  1.942890293094023e-16,  9.757819552369537e-17, -4.163336342344336e-17,  2.081668171172168e-16, -2.298508605669269e-16,  2.775557561562891e-17,  1.249000902703301e-16, -8.326672684688674e-17,  6.106226635438361e-16
  5.916666666666667e-01,  4.591587538419530e-01,  4.691174043336147e-01,  1.050724171172059e+00,  1.583852805480750e+00, -1.809377336853486e-01,  1.411104787052777e-01,  6.983942295198079e-04, -8.507084621475908e-15, -1.213989339180296e-03,  2.237772696473763e-03,  5.080589546879372e-03, -3.889826235865499e-03,  3.951654578381651e-03,  1.119847704506854e-02, -6.868995085246103e-03,  5.685662820396488e-03,  1.754851773718628e-02, -9.883148740584973e-03,  7.334333801595167e-03,  2.381282866676674e-02, -1.274896422174468e-02,  8.975327535205370e-03,  2.954205789119288e-02, -1.560143466606587e-02,  9.828764030342451e-03,  3.575052649837965e-02, -1.708492745987214e-02, -1.344410693882025e-17, -2.775557561562891e-17,  2.081668171172168e-16, -3.473783760643555e-16,  1.387778780781445e-17,  2.359223927328457e-16,  9.671083378570697e-17, -5.551115123125781e-17,  2.220446049250313e-16, -4.540638698369293e-16,  2.775557561562891e-17,  1.665334536937735e-16, -1.344410693882025e-17, -2.775557561562891e-17,  2.359223927328457e-16, -3.456436525883787e-16,  1.387778780781445e-17,  2.359223927328457e-16, -1.249000902703301e-16,  5.273559366969493e-16
  6.000000000000001e-01,  4.592287717886617e-01,  4.690883378825322e-01,  1.050727390289271e+00,  1.583784788606564e+00, -1.811964053882819e-01,  1.409319450123087e-01,  6.980470233757615e-04, -9.894863515750918e-15, -1.214259065882959e-03,  2.236660189536217e-03,  5.076945774392444e-03, -3.890690485632868e-03,  3.949690016413187e-03,  1.119044555538338e-02, -6.870521253009192e-03,  5.682836197592407e-03,  1.753593203123637e-02, -9.885344599341163e-03,  7.330687543309631e-03,  2.379575022949400e-02, -1.275179681340684e-02,  8.970865458174280e-03,  2.952087048042190e-02, -1.560490102560575e-02,  9.823877668029498e-03,  3.572488640611007e-02, -1.708872342495843e-02, -2.363560736018399e-16,  0.000000000000000e+00,  2.359223927328457e-16, -3.452099717193845e-16, -4.163336342344336e-17,  1.387778780781445e-16, -5.668208957754217e-16,  9.714451465470120e-17,  2.359223927328458e-16,  5.399326818977812e-16, -8.326672684688674e-17,  2.636779683484747e-16, -4.575333167888829e-16,  1.387778780781446e-17,  1.942890293094024e-16,  5.425347671117463e-16,  1.387778780781445e-17,  3.330669073875469e-16, -6.938893903907227e-17,  6.383782391594649e-16
  6.083333333333334e-01,  4.593013413434502e-01,  4.690564335906859e-01,  1.050730270984199e+00,  1.583711127931843e+00, -1.814553723940956e-01,  1.407530374970009e-01,  6.974993131024457e-04, -1.100508663108304e-14, -1.214538163667752e-03,  2.234905233601283e-03,  5.073532283871599e-03, -3.891584761926012e-03,  3.946590961865155e-03,  1.118292164602595e-02, -6.872100444235051e-03,  5.678377260490771e-03,  1.752414172651279e-02, -9.887616748553832e-03,  7.324935648736160e-03,  2.377975112857300e-02, -1.275472781746044e-02,  8.963826626956099e-03,  2.950102208810273e-02, -1.560848781645790e-02,  9.816169535838821e-03,  3.570086673631808e-02, -1.709265127280313e-02,  3.213575239247035e-16, -1.387778780781445e-17,  2.775557561562891e-16, -7.927686285214006e-16,  0.000000000000000e+00,  1.804112415015879e-16, -4.584006785268712e-16,  0.000000000000000e+00,  2.081668171172168e-16,  6.552917930502388e-16, -1.387778780781445e-17,  2.914335439641035e-16,  2.068657745102342e-16, -1.387778780781446e-17,  2.775557561562891e-16, -5.681219383824043e-16,  0.000000000000000e+00,  1.804112415015879e-16, -9.714451465470120e-17,  7.077671781985371e-16
  6.166666666666667e-01,  4.593758018405338e-01,  4.690218852898075e-01,  1.050732802746870e+00,  1.583633137403228e+00, -1.817115795300193e-01,  1.405731349827777e-01,  6.967413267877243e-04, -1.162958713328131e-14, -1.214806604612655e-03,  2.232476517828598e-03,  5.070537029771280e-03, -3.892444891909898e-03,  3.942302123315448e-03,  1.117631960034371e-02, -6.873619336924553e-03,  5.672206455474749e-03,  1.751379602367426e-02, -9.889802139893655e-03,  7.316975496115008e-03,  2.376571231043349e-02, -1.275754690647067e-02,  8.954085459053931e-03,  2.948360561129485e-02, -1.561193765224439e-02,  9.805502110019888e-03,  3.567979006596925e-02, -1.709642914294284e-02, -1.431146867680866e-17,  0.000000000000000e+00,  2.359223927328457e-16, -4.579669976578770e-16,  1.387778780781445e-17,  2.220446049250313e-16, -2.341876692568689e-16, -1.387778780781445e-17,  2.081668171172168e-16,  3.209238430557093e-16, -2.775557561562891e-17,  2.359223927328457e-16, -4.575333167888828e-16, -1.387778780781445e-17,  2.081668171172168e-16, -1.235990476633475e-16,  0.000000000000000e+00,  2.220446049250313e-16, -6.938893903907228e-17,  6.800116025829082e-16
  6.250000000000000e-01,  4.594515373112701e-01,  4.689849365081430e-01,  1.050734998128066e+00,  1.583552180167840e+00, -1.819625903852999e-01,  1.403911011811515e-01,  6.957707157981724e-04, -1.179612060019468e-14, -1.215037140383411e-03,  2.229366516799795e-03,  5.068212518959995e-03, -3.893183567333505e-03,  3.936810211725488e-03,  1.117119598610136e-02, -6.874923754537846e-03,  5.664304662206346e-03,  1.750576708946714e-02, -9.891678943288381e-03,  7.306782420778883e-03,  2.375481728000826e-02, -1.275996792632611e-02,  8.941611771298603e-03,  2.947008929939136e-02, -1.561490035434657e-02,  9.791842337376556e-03,  3.566343320726226e-02, -1.709967355934320e-02,  3.230922474006803e-16,  1.387778780781445e-17,  2.636779683484746e-16, -1.214306433183765e-16,  1.387778780781446e-17,  1.942890293094024e-16,  9.584347204771857e-17, -4.163336342344336e-17,  2.775557561562891e-16, -4.566659550508944e-16,  0.000000000000000e+00,  1.665334536937735e-16, -6.795779217139142e-16,  0.000000000000000e+00,  1.526556658859590e-16,  3.217912047936977e-16,  0.000000000000000e+00,  2.636779683484747e-16, -2.775557561562891e-17,  7.771561172376094e-16
  6.333333333333334e-01,  4.595280194149866e-01,  4.689458646813853e-01,  1.050736901924174e+00,  1.583469631324188e+00, -1.822066791985323e-01,  1.402054421840267e-01,  6.945912565337834e-04, -1.156019818759047e-14, -1.215199082330068e-03,  2.225587330729815e-03,  5.066854804459430e-03, -3.893702456596457e-03,  3.930136594711393e-03,  1.116820335413763e-02, -6.875840054542510e-03,  5.654702624532411e-03,  1.750107750043666e-02, -9.892997320885976e-03,  7.294396081364710e-03,  2.374845364395674e-02, -1.276166859372143e-02,  8.926454095603931e-03,  2.946219460921029e-02, -1.561698153135814e-02,  9.775243364574053e-03,  3.565387939311895e-02, -1.710195262912324e-02, -1.301042606982605e-17,  1.387778780781445e-17,  2.636779683484746e-16,  1.006139616066548e-16,  0.000000000000000e+00,  2.220446049250313e-16, -3.439089291124019e-16,  2.775557561562891e-17,  2.081668171172168e-16, -1.170938346284344e-17, -1.387778780781445e-17,  2.081668171172168e-16, -3.460773334573729e-16, -1.387778780781445e-17,  2.081668171172168e-16, -9.540979117872437e-18, -1.387778780781445e-17,  1.804112415015879e-16,  0.000000000000000e+00,  5.967448757360215e-16
  6.416666666666667e-01,  4.596048367441675e-01,  4.689049757700655e-01,  1.050738596204949e+00,  1.583386840741192e+00, -1.824427834337428e-01,  1.400145228552626e-01,  6.932140684526952e-04, -1.099120884021047e-14, -1.215256020832942e-03,  2.221174588240449e-03,  5.066756120907214e-03, -3.893884897146859e-03,  3.922344188408144e-03,  1.116798583892784e-02, -6.876162224009370e-03,  5.643490866538097e-03,  1.750073664430778e-02, -9.893460860126321e-03,  7.279933251219960e-03,  2.374799111209208e-02, -1.276226654538115e-02,  8.908755332341914e-03,  2.946162079484557e-02, -1.561771326952868e-02,  9.755861679943908e-03,  3.565318498768095e-02, -1.710275394604248e-02, -2.311519031739095e-16,  1.387778780781445e-17,  1.665334536937735e-16,  2.112025832001762e-16, -2.775557561562891e-17,  2.081668171172168e-16, -2.337539883878747e-16,  1.387778780781445e-17,  2.220446049250313e-16, -7.840950111415166e-16,  5.551115123125781e-17,  8.326672684688673e-17, -2.337539883878747e-16,  0.000000000000000e+00,  1.942890293094023e-16,  2.120699449381646e-16, -2.775557561562891e-17,  1.942890293094023e-16,  0.000000000000000e+00,  4.996003610813203e-16
  6.500000000000001e-01,  4.596816906856211e-01,  4.688626007453451e-01,  1.050740190083603e+00,  1.583305110568131e+00, -1.826702622476929e-01,  1.398167044156791e-01,  6.916577627177509e-04, -1.008915255813190e-14, -1.215163378715184e-03,  2.216187922633865e-03,  5.068158168577660e-03, -3.893588056204400e-03,  3.913538298510233e-03,  1.117107618867933e-02, -6.875638036333515e-03,  5.630820902652706e-03,  1.750557936150846e-02, -9.892706655952033e-03,  7.263589379390486e-03,  2.375456253861784e-02, -1.276129364471134e-02,  8.888754660591939e-03,  2.946977326868763e-02, -1.561652269075160e-02,  9.733959205378184e-03,  3.566305076051184e-02, -1.710145015876375e-02, -3.447762908503904e-16, -4.163336342344337e-17,  1.249000902703301e-16, -9.107298248878237e-18,  0.000000000000000e+00,  1.804112415015879e-16, -7.849623728795052e-16,  4.163336342344337e-17,  8.326672684688674e-17,  1.036497276896142e-16,  1.387778780781446e-17,  1.804112415015879e-16, -9.107298248878237e-18,  1.387778780781446e-17,  1.804112415015879e-16, -9.540979117872439e-18,  0.000000000000000e+00,  1.665334536937735e-16,  1.387778780781446e-17,  4.579669976578770e-16
  6.583333333333334e-01,  4.597583607989946e-01,  4.688190863419603e-01,  1.050741790345793e+00,  1.583225619869682e+00, -1.828885630429427e-01,  1.396104087962860e-01,  6.899490480338586e-04, -8.784640396809421e-15, -1.214871350202180e-03,  2.210712913095622e-03,  5.071211309175472e-03, -3.892652347681485e-03,  3.903870048224145e-03,  1.117780582597296e-02, -6.873985680455980e-03,  5.616910169790194e-03,  1.751612500614528e-02, -9.890329237027705e-03,  7.245644952950167e-03,  2.376887267196574e-02, -1.275822684590082e-02,  8.866795323987204e-03,  2.948752633757628e-02, -1.561276972224029e-02,  9.709911822491946e-03,  3.568453476010484e-02, -1.709734033193394e-02, -6.735063895479955e-16,  4.163336342344338e-17,  8.326672684688675e-17, -4.518954654919582e-16,  1.387778780781446e-17,  1.110223024625157e-16,  1.036497276896142e-16,  1.387778780781445e-17,  1.804112415015879e-16,  1.040834085586084e-16, -1.387778780781446e-17,  1.249000902703301e-16, -1.196959198423997e-16, -2.775557561562891e-17,  1.526556658859590e-16, -5.637851296924622e-16,  1.387778780781445e-17,  8.326672684688673e-17,  5.551115123125781e-17,  2.914335439641036e-16
  6.666666666666667e-01,  4.598346595943535e-01,  4.687747878953784e-01,  1.050743470041022e+00,  1.583149308387581e+00, -1.830969569030705e-01,  1.393942874416396e-01,  6.881235019763055e-04, -7.327472557307581e-15, -1.214331428542753e-03,  2.204863556163268e-03,  5.075945695705228e-03, -3.890922347781208e-03,  3.893540742594387e-03,  1.118824121312145e-02, -6.870930695453910e-03,  5.602048306788266e-03,  1.753247772765425e-02, -9.885933707434307e-03,  7.226473597275294e-03,  2.379106283989437e-02, -1.275255674510703e-02,  8.843334543342681e-03,  2.951505533191397e-02, -1.560583098545034e-02,  9.684220227839229e-03,  3.571784916376392e-02, -1.708974181184509e-02,  1.036497276896142e-16, -1.387778780781445e-17,  1.387778780781445e-16, -2.250803710079907e-16,  0.000000000000000e+00,  2.775557561562891e-17, -2.276824562219559e-16,  5.551115123125781e-17,  1.804112415015879e-16, -1.175275154974287e-16, -2.775557561562891e-17,  6.938893903907227e-17, -1.144917494144692e-16,  2.775557561562891e-17,  8.326672684688673e-17, -5.598820018715144e-16,  6.938893903907227e-17,  6.938893903907227e-17, -1.387778780781445e-17,  3.469446951953613e-16
  6.750000000000000e-01,  4.599103921526375e-01,  4.687300699925128e-01,  1.050745257066205e+00,  1.583076860063042e+00, -1.832943868747327e-01,  1.391674997397613e-01,  6.862215908874854e-04, -5.648260095169826e-15, -1.213503707641301e-03,  2.198769512816509e-03,  5.082261635848764e-03, -3.888270190654295e-03,  3.882779348314971e-03,  1.120216261142521e-02, -6.866247284636651e-03,  5.586564752204737e-03,  1.755429318560037e-02, -9.879195189624487e-03,  7.206500278185065e-03,  2.382066578243910e-02, -1.274386426007851e-02,  8.818892366908268e-03,  2.955178057168329e-02, -1.559519363210195e-02,  9.657453919465249e-03,  3.576229246769092e-02, -1.707809298504066e-02, -4.462576141950336e-16,  8.326672684688674e-17,  5.551115123125783e-17, -4.770489558936219e-18, -1.387778780781445e-17,  6.938893903907227e-17, -3.387047586844715e-16,  1.387778780781445e-17,  8.326672684688673e-17,  4.410534437671031e-16,  2.775557561562891e-17,  1.804112415015879e-16, -4.488596994089987e-16,  1.387778780781445e-17,  5.551115123125781e-17,  1.114559833315098e-16,  2.775557561562891e-17,  6.938893903907227e-17,  4.163336342344336e-17,  1.665334536937735e-16
  6.833333333333333e-01,  4.599853312257294e-01,  4.686853051626862e-01,  1.050747142859455e+00,  1.583008811970932e+00, -1.834794161810104e-01,  1.389298725815122e-01,  6.842794037766832e-04, -3.830269744260841e-15, -1.212362553272992e-03,  2.192546418314010e-03,  5.089935157305579e-03, -3.884613739927689e-03,  3.871790064226055e-03,  1.121907634812508e-02, -6.859790404420149e-03,  5.570753308484735e-03,  1.758079777254214e-02, -9.869904994073741e-03,  7.186103991983018e-03,  2.385663173678045e-02, -1.273188018761383e-02,  8.793932588128404e-03,  2.959639972718602e-02, -1.558052822710651e-02,  9.630120791521746e-03,  3.581628864855804e-02, -1.706203309145465e-02, -1.222546369694655e-15,  2.775557561562891e-17, -9.714451465470120e-17,  3.321995456495586e-16,  0.000000000000000e+00,  6.938893903907228e-17, -3.378373969464832e-16,  1.387778780781446e-17,  5.551115123125783e-17, -8.673617379884035e-19,  0.000000000000000e+00,  0.000000000000000e+00, -2.259477327459791e-16, -1.387778780781446e-17,  4.163336342344337e-17, -2.237793284010081e-16,  2.775557561562891e-17,  2.775557561562891e-17,  5.551115123125783e-17,  1.110223024625156e-16
  6.916666666666667e-01,  4.600592128346010e-01,  4.686408623847861e-01,  1.050749095203470e+00,  1.582945682933743e+00, -1.836502600714046e-01,  1.386818627973782e-01,  6.823186262190696e-04, -2.456368639704008e-15, -1.210899226575972e-03,  2.186263756881135e-03,  5.098625169897962e-03, -3.879924994819112e-03,  3.860695591648733e-03,  1.123823060288729e-02, -6.851510608574610e-03,  5.554790518974729e-03,  1.761081335216668e-02, -9.857991977269090e-03,  7.165512474268890e-03,  2.389736200617484e-02, -1.271651275472411e-02,  8.768733896479081e-03,  2.964692946446306e-02, -1.556172246406219e-02,  9.602526033208431e-03,  3.587743756100262e-02, -1.704143914581349e-02,  3.304648221735817e-16, -2.775557561562891e-17,  6.938893903907227e-17,  0.000000000000000e+00,  1.387778780781446e-17,  4.163336342344337e-17,  2.602085213965211e-18,  0.000000000000000e+00, -2.775557561562891e-17,  2.207435623180487e-16,  0.000000000000000e+00,  5.551115123125783e-17, -8.890457814381136e-16,  5.551115123125783e-17, -5.551115123125783e-17,  4.410534437671032e-16, -5.551115123125783e-17,  6.938893903907228e-17,  9.714451465470120e-17, -4.163336342344337e-17
  7.000000000000001e-01,  4.601317449273475e-01,  4.685971454735449e-01,  1.050751058496299e+00,  1.582888275787856e+00, -1.838043465837677e-01,  1.384249770549622e-01,  6.803272167701270e-04,  4.289624555429749e-14, -1.209128113170194e-03,  2.179882945739604e-03,  5.107854017612872e-03, -3.874250048988405e-03,  3.849427797730051e-03,  1.125857254115985e-02, -6.841489293197720e-03,  5.538578353718194e-03,  1.764269008528983e-02, -9.843573252313872e-03,  7.144599269303697e-03,  2.394061780675507e-02, -1.269791303375459e-02,  8.743141542774205e-03,  2.970059236114138e-02, -1.553896121646906e-02,  9.574500180404833e-03,  3.594237808797933e-02, -1.701651360056063e-02,  3.066123743789006e-16, -1.942890293094023e-16,  3.053113317719180e-16,  3.092144595928658e-16, -1.387778780781445e-16,  3.191891195797325e-16,  3.083470978548775e-16, -1.526556658859590e-16,  3.191891195797325e-16,  3.087807787238716e-16, -1.526556658859590e-16,  3.191891195797325e-16, -3.586540786582048e-16, -1.387778780781445e-16,  2.498001805406602e-16,  7.528699885739341e-16, -1.665334536937735e-16,  3.469446951953613e-16, -1.262878690511115e-15,  9.020562075079395e-16
  7.083333333333335e-01,  4.602026497453832e-01,  4.685543488864145e-01,  1.050752988315969e+00,  1.582836721257427e+00, -1.839413790614388e-01,  1.381591710601864e-01,  6.783167254980653e-04,  2.081668337455743e-16, -1.207064786656172e-03,  2.173440993190542e-03,  5.117082451456227e-03, -3.867638803730697e-03,  3.838052034984296e-03,  1.127891356731934e-02, -6.829814578705287e-03,  5.522210842359191e-03,  1.767456538916691e-02, -9.826775607536165e-03,  7.123485672646885e-03,  2.398387166795734e-02, -1.267624457792132e-02,  8.717303961596050e-03,  2.975425285188124e-02, -1.551244463108870e-02,  9.546205782823693e-03,  3.600731570354056e-02, -1.698747563413921e-02,  7.806255641895630e-18,  4.163336342344336e-17, -1.249000902703301e-16, -3.300311413045875e-16,  0.000000000000000e+00, -1.110223024625156e-16,  3.903127820947817e-18,  0.000000000000000e+00, -5.551115123125784e-17,  2.168404344971008e-18, -2.775557561562891e-17, -9.714451465470117e-17, -3.274290560906223e-16,  4.163336342344336e-17, -9.714451465470117e-17,  1.734723475976807e-18,  1.387778780781445e-17, -1.387778780781445e-17,  1.249000902703301e-16, -2.359223927328457e-16
  7.166666666666668e-01,  4.602716695525080e-01,  4.685129563717243e-01,  1.050754795278390e+00,  1.582792532475792e+00, -1.840581876400672e-01,  1.378878193498410e-01,  6.762114939308592e-04,  8.465451236032028e-16, -1.204773995711753e-03,  2.166695476798883e-03,  5.125571499888441e-03, -3.860298723856854e-03,  3.826140212673353e-03,  1.129762486314867e-02, -6.816852824240685e-03,  5.505072045460234e-03,  1.770388683220163e-02, -9.808126162352181e-03,  7.101377140819173e-03,  2.402366001417118e-02, -1.265218735530514e-02,  8.690248837050760e-03,  2.980361404469490e-02, -1.548300481304805e-02,  9.516578069078456e-03,  3.606705049378824e-02, -1.695523647367580e-02, -3.256943326146455e-16,  1.387778780781446e-17, -1.804112415015879e-16,  6.938893903907227e-18,  2.775557561562891e-17, -9.714451465470117e-17, -3.278627369596165e-16,  0.000000000000000e+00, -1.387778780781445e-16,  9.107298248878237e-18,  2.775557561562891e-17, -1.387778780781446e-16, -2.164067536281067e-16,  1.387778780781446e-17, -1.249000902703301e-16, -6.600622826091750e-16,  2.775557561562891e-17, -1.665334536937735e-16,  1.110223024625156e-16, -3.330669073875469e-16
  7.250000000000001e-01,  4.603386460588468e-01,  4.684732792861950e-01,  1.050756416230294e+00,  1.582756434694166e+00, -1.841546285359342e-01,  1.376125619459229e-01,  6.739893387197216e-04,  9.298118567272943e-16, -1.202320154179543e-03,  2.159575317365995e-03,  5.132649039766184e-03, -3.852436202447043e-03,  3.813566812938282e-03,  1.131322495584062e-02, -6.802968496858148e-03,  5.486981367244856e-03,  1.772833287983977e-02, -9.788149314067799e-03,  7.078040710764341e-03,  2.405683259049559e-02, -1.262641782266670e-02,  8.661691082670821e-03,  2.984476775154432e-02, -1.545146957043242e-02,  9.485304845015722e-03,  3.611685293790303e-02, -1.692070264111160e-02,  4.544975507059234e-16,  5.551115123125781e-17, -4.163336342344336e-17, -9.918281473897393e-16,  0.000000000000000e+00, -2.775557561562891e-16,  2.289834988289385e-16,  4.163336342344336e-17, -8.326672684688673e-17,  1.084202172485504e-17,  5.551115123125781e-17, -1.387778780781445e-16, -2.155393918901183e-16, -4.163336342344337e-17, -1.942890293094024e-16, -2.138046684141414e-16,  2.775557561562891e-17, -1.804112415015879e-16,  9.714451465470120e-17, -5.412337245047638e-16
  7.333333333333334e-01,  4.604035424894537e-01,  4.684357324028520e-01,  1.050757785229112e+00,  1.582729188512124e+00, -1.842308704592165e-01,  1.373357758621131e-01,  6.716407445670355e-04,  6.106227116453504e-16, -1.199786384035975e-03,  2.152050026280343e-03,  5.137711574741899e-03, -3.844317576309289e-03,  3.800277996333531e-03,  1.132438363756376e-02, -6.788631917366403e-03,  5.467861343212418e-03,  1.774581903651814e-02, -9.767521762906607e-03,  7.053376455607344e-03,  2.408056079701981e-02, -1.259980890291468e-02,  8.631508413809953e-03,  2.987420482769534e-02, -1.541890713509857e-02,  9.452252198315039e-03,  3.615247642001772e-02, -1.688504394320937e-02,  1.040834085586084e-17,  0.000000000000000e+00, -2.081668171172168e-16,  1.040834085586084e-17, -1.387778780781445e-17, -2.081668171172168e-16, -3.209238430557093e-16,  1.387778780781446e-17, -2.636779683484747e-16,  1.127570259384925e-17,  4.163336342344337e-17, -1.665334536937735e-16,  9.540979117872439e-18,  0.000000000000000e+00, -1.665334536937735e-16, -3.243932900076629e-16, -2.775557561562891e-17, -2.359223927328458e-16,  1.665334536937735e-16, -5.551115123125782e-16
  7.416666666666667e-01,  4.604664627493651e-01,  4.684007846258755e-01,  1.050758834258622e+00,  1.582711244107591e+00, -1.842878234882076e-01,  1.370600187722419e-01,  6.691797245200810e-04, -3.053113557037648e-16, -1.197263467174031e-03,  2.144164503697361e-03,  5.140264485854678e-03, -3.836233725913745e-03,  3.786353051467360e-03,  1.133001068463046e-02, -6.774356747919402e-03,  5.447826054265561e-03,  1.775463687262963e-02, -9.746982568862641e-03,  7.027531536274828e-03,  2.409252634440856e-02, -1.257331396118290e-02,  8.599880917380089e-03,  2.988904921676995e-02, -1.538648417938064e-02,  9.417617339802226e-03,  3.617044046053501e-02, -1.684953798761411e-02,  5.685556192513985e-16,  2.775557561562891e-17, -1.526556658859590e-16, -3.200564813177209e-16,  0.000000000000000e+00, -2.914335439641036e-16, -2.081668171172168e-16,  2.775557561562891e-17, -2.359223927328457e-16, -2.103352214621878e-16, -1.387778780781445e-17, -2.914335439641035e-16,  1.257674520083185e-17,  2.775557561562891e-17, -2.081668171172169e-16, -4.323798263872191e-16,  1.387778780781445e-17, -2.775557561562891e-16,  1.110223024625156e-16, -7.771561172376094e-16
  7.500000000000000e-01,  4.605276305775424e-01,  4.683688953692560e-01,  1.050759494512459e+00,  1.582702673855690e+00, -1.843269957653508e-01,  1.367879636318988e-01,  6.666375605963370e-04, -1.526556777934717e-15, -1.194844158089945e-03,  2.136018982473438e-03,  5.140010999506900e-03, -3.828481852281521e-03,  3.771968978282505e-03,  1.132945195792985e-02, -6.760667812051365e-03,  5.427130168913122e-03,  1.775376132273580e-02, -9.727286850987523e-03,  7.000834467471895e-03,  2.409133824864627e-02, -1.254790707830576e-02,  8.567210610409546e-03,  2.988757527202173e-02, -1.535539272627250e-02,  9.381840513078612e-03,  3.616865675606176e-02, -1.681549014314691e-02,  1.474514954580286e-17,  1.387778780781445e-17, -2.775557561562891e-16, -3.178880769727499e-16,  1.387778780781446e-17, -3.330669073875470e-16,  1.270684946153011e-16,  5.551115123125783e-17, -2.359223927328458e-16,  1.231653667943533e-16, -4.163336342344337e-17, -2.498001805406602e-16, -5.412337245047638e-16,  1.387778780781446e-17, -3.330669073875470e-16,  1.474514954580286e-17,  0.000000000000000e+00, -3.053113317719180e-16,  6.938893903907228e-17, -7.771561172376096e-16
  7.583333333333333e-01,  4.605873342818848e-01,  4.683404124013754e-01,  1.050759710326006e+00,  1.582703137381214e+00, -1.843503711747655e-01,  1.365222915951659e-01,  6.640671494037008e-04, -2.914335665905869e-15, -1.192619124711382e-03,  2.127782952242491e-03,  5.137011231839275e-03, -3.821352470719794e-03,  3.757425076384460e-03,  1.132283996358454e-02, -6.748078127078489e-03,  5.406204321107902e-03,  1.774340002989655e-02, -9.709172741479605e-03,  6.973840754034377e-03,  2.407727827533101e-02, -1.252454042258811e-02,  8.534177287130344e-03,  2.987013255022624e-02, -1.532679798349989e-02,  9.345666151935678e-03,  3.614754832515725e-02, -1.678417641357848e-02,  5.728924279413404e-16,  1.387778780781445e-17, -2.498001805406602e-16, -6.500876226223085e-16,  0.000000000000000e+00, -4.024558464266192e-16,  5.694229809893868e-16,  2.775557561562891e-17, -1.804112415015879e-16, -3.191891195797325e-16, -2.775557561562891e-17, -3.747002708109902e-16,  1.474514954580286e-17,  0.000000000000000e+00, -3.053113317719180e-16,  1.344410693882025e-17,  1.387778780781445e-17, -2.359223927328457e-16,  1.110223024625156e-16, -8.743006318923106e-16
  7.666666666666666e-01,  4.606458662733887e-01,  4.683155011988313e-01,  1.050759449569380e+00,  1.582711920753430e+00, -1.843602483957923e-01,  1.362655760024903e-01,  6.615419783457924e-04, -4.149458875314423e-15, -1.190674299441781e-03,  2.119691879024654e-03,  5.131677007505738e-03, -3.815120923115641e-03,  3.743137152245859e-03,  1.131108243265455e-02, -6.737073915766490e-03,  5.385646775542740e-03,  1.772497544955223e-02, -9.693339820387207e-03,  6.947322139393888e-03,  2.405227665516355e-02, -1.250411643122334e-02,  8.501725361895576e-03,  2.983911568445715e-02, -1.530180430076938e-02,  9.310128472199060e-03,  3.611001304966402e-02, -1.675680615785900e-02,  1.778091562876227e-17,  0.000000000000000e+00, -3.330669073875470e-16,  3.486794186713381e-16,  0.000000000000000e+00, -2.636779683484746e-16, -3.174543961037556e-16,  2.775557561562890e-17, -3.469446951953613e-16,  1.474514954580285e-17, -1.387778780781445e-17, -3.191891195797324e-16,  1.821459649775647e-17,  5.551115123125781e-17, -2.775557561562891e-16,  1.691355389077387e-17,  2.775557561562891e-17, -3.191891195797325e-16,  6.938893903907227e-17, -9.714451465470120e-16
  7.750000000000001e-01,  4.607034844070677e-01,  4.682941364523905e-01,  1.050758693958752e+00,  1.582728049385860e+00, -1.843589895086075e-01,  1.360201418860810e-01,  6.591395216098525e-04, -5.120904095476725e-15, -1.189086552989209e-03,  2.111994003156725e-03,  5.124548314728683e-03, -3.810033516160537e-03,  3.729543570345279e-03,  1.129536959034011e-02, -6.728090127995200e-03,  5.366088253492668e-03,  1.770035271818150e-02, -9.680413896042173e-03,  6.922092234998560e-03,  2.401886432415055e-02, -1.248744237811209e-02,  8.470850484673657e-03,  2.979766453932546e-02, -1.528139957253344e-02,  9.276317797158814e-03,  3.605985065854442e-02, -1.673446120630714e-02,  3.504141421473149e-16,  1.387778780781445e-17, -3.053113317719180e-16, -3.170207152347614e-16,  2.775557561562891e-17, -3.330669073875469e-16,  1.561251128379126e-17, -2.775557561562891e-17, -3.330669073875470e-16,  1.647987302177967e-17,  2.775557561562891e-17, -2.914335439641036e-16,  3.508478230163092e-16,  0.000000000000000e+00, -3.053113317719180e-16, -3.170207152347615e-16,  4.163336342344337e-17, -3.053113317719180e-16,  2.775557561562891e-17, -9.436895709313829e-16
  7.833333333333334e-01,  4.607603974897085e-01,  4.682761263588974e-01,  1.050757418225078e+00,  1.582750345384037e+00, -1.843487243969602e-01,  1.357878798469316e-01,  6.569265070046931e-04, -6.161738259761895e-15, -1.187915944769944e-03,  2.104903131761856e-03,  5.116092261426508e-03, -3.806282690337187e-03,  3.717021889992036e-03,  1.127673102134794e-02, -6.721466591984925e-03,  5.348071989412863e-03,  1.767114524137612e-02, -9.670883915198374e-03,  6.898851796937047e-03,  2.397923062679983e-02, -1.247514898984070e-02,  8.442410199665325e-03,  2.974849520299939e-02, -1.526635564499504e-02,  9.245173212272044e-03,  3.600034804475596e-02, -1.671798679762562e-02,  1.691355389077387e-17,  0.000000000000000e+00, -3.330669073875469e-16,  4.605690828718423e-16,  0.000000000000000e+00, -2.359223927328458e-16, -3.161533534967731e-16,  0.000000000000000e+00, -3.747002708109903e-16,  3.491130995403324e-16,  1.387778780781446e-17, -2.636779683484747e-16,  2.385244779468110e-16, -2.775557561562891e-17, -3.608224830031759e-16, -6.487865800153258e-16,  5.551115123125781e-17, -3.885780586188047e-16,  4.163336342344336e-17, -8.604228440844963e-16
  7.916666666666667e-01,  4.608167659779867e-01,  4.682611499245595e-01,  1.050755575365919e+00,  1.582777376152301e+00, -1.843310991105015e-01,  1.355701265851766e-01,  6.549567863810416e-04, -6.925016646557628e-15, -1.187197694676404e-03,  2.098591815249596e-03,  5.106671827185745e-03, -3.803981296109503e-03,  3.705876815772030e-03,  1.125596679396393e-02, -6.717402588947083e-03,  5.332036393973770e-03,  1.763860676216339e-02, -9.665036604783270e-03,  6.878166361769935e-03,  2.393507685596964e-02, -1.246760613551011e-02,  8.417096577343042e-03,  2.969371828958633e-02, -1.525712514226667e-02,  9.217452594883538e-03,  3.593405938261643e-02, -1.670787859457148e-02,  1.821459649775647e-17,  0.000000000000000e+00, -3.469446951953613e-16,  1.431146867680866e-17, -2.775557561562891e-17, -3.191891195797325e-16,  1.517883041479706e-17,  1.387778780781445e-17, -3.053113317719180e-16,  1.270684946153011e-16, -2.775557561562891e-17, -3.191891195797325e-16,  1.734723475976807e-17,  2.775557561562891e-17, -3.191891195797325e-16,  1.301042606982605e-16,  5.551115123125783e-17, -3.053113317719180e-16, -2.775557561562891e-17, -9.714451465470118e-16
  8.000000000000000e-01,  4.608727083269125e-01,  4.682488137152250e-01,  1.050753096422246e+00,  1.582807419735548e+00, -1.843071167310478e-01,  1.353677246961549e-01,  6.532736068708373e-04, -7.313594734082531e-15, -1.186937740465491e-03,  2.093198624712191e-03,  5.096603748840742e-03, -3.803148359050360e-03,  3.696353048627823e-03,  1.123377504964129e-02, -6.715931715900675e-03,  5.318333544273412e-03,  1.760383129963381e-02, -9.662920304375934e-03,  6.860490098347506e-03,  2.388788756377763e-02, -1.246487617172200e-02,  8.395465402909924e-03,  2.963517552588057e-02, -1.525378437269969e-02,  9.193764578109631e-03,  3.586321345059507e-02, -1.670422016142501e-02,  1.691355389077387e-17,  1.387778780781446e-17, -3.191891195797325e-16,  2.376571162088226e-16, -2.775557561562891e-17, -3.053113317719180e-16, -7.637120102987893e-16,  1.387778780781446e-17, -4.024558464266192e-16,  1.604619215278546e-17,  0.000000000000000e+00, -3.330669073875469e-16,  4.601354020028480e-16,  0.000000000000000e+00, -2.775557561562891e-16,  1.387778780781445e-17, -1.387778780781445e-17, -2.914335439641034e-16, -2.775557561562891e-17, -1.026956297778270e-15
  8.083333333333333e-01,  4.609283108644271e-01,  4.682387088136392e-01,  1.050749905889926e+00,  1.582838586743728e+00, -1.842771407085913e-01,  1.351811445296653e-01,  6.519067402448109e-04, -7.632783877639986e-15, -1.187113376794452e-03,  2.088818953908288e-03,  5.086213967707120e-03, -3.803711127419865e-03,  3.688619043198745e-03,  1.121087421806377e-02, -6.716925501465775e-03,  5.307205813786887e-03,  1.756794466544925e-02, -9.664350168633278e-03,  6.846135661157287e-03,  2.383919044393657e-02, -1.246672065355019e-02,  8.377899284588883e-03,  2.957476215989054e-02, -1.525604154137895e-02,  9.174528151224541e-03,  3.579010379622975e-02, -1.670669195738298e-02,  1.240327285323417e-16, -5.551115123125783e-17, -3.053113317719180e-16,  1.604619215278547e-17,  2.775557561562891e-17, -2.636779683484747e-16,  2.393918396847994e-16, -1.387778780781446e-17, -3.747002708109903e-16,  1.344410693882025e-17, -2.775557561562891e-17, -2.914335439641036e-16, -3.170207152347615e-16,  2.775557561562891e-17, -3.191891195797325e-16,  7.936359902593890e-16, -2.775557561562891e-17, -2.914335439641035e-16,  1.387778780781445e-17, -8.326672684688674e-16
  8.166666666666667e-01,  4.609836414947164e-01,  4.682304254036733e-01,  1.050745943042382e+00,  1.582869087052591e+00, -1.842411050974588e-01,  1.350104426160323e-01,  6.508616962076172e-04, -7.688295033107895e-15, -1.187678993404861e-03,  2.085470456864779e-03,  5.075877409867440e-03, -3.805523458269388e-03,  3.682705974506499e-03,  1.118809069961052e-02, -6.720125873652990e-03,  5.298698057313174e-03,  1.753224186621232e-02, -9.668954882126156e-03,  6.835160911537453e-03,  2.379074278277767e-02, -1.247266059527442e-02,  8.364469029690659e-03,  2.951465827090273e-02, -1.526331049367352e-02,  9.159820854388816e-03,  3.571736865760779e-02, -1.671465209215984e-02,  2.363560736018399e-16, -1.387778780781445e-17, -2.636779683484746e-16,  6.795779217139140e-16, -5.551115123125781e-17, -2.498001805406602e-16,  1.257674520083185e-16,  1.387778780781445e-17, -2.775557561562891e-16, -7.628446485608007e-16, -2.775557561562891e-17, -4.440892098500625e-16,  1.275021754842953e-16,  4.163336342344336e-17, -2.498001805406602e-16,  1.517883041479706e-17,  0.000000000000000e+00, -3.053113317719180e-16, -5.551115123125781e-17, -7.494005416219807e-16
  8.250000000000000e-01,  4.610387563006589e-01,  4.682235418357661e-01,  1.050741172219273e+00,  1.582897463312257e+00, -1.841987158814969e-01,  1.348551148569357e-01,  6.501098034164303e-04, -7.674417244606667e-15, -1.188573898913255e-03,  2.083061265767323e-03,  5.066022977563757e-03, -3.808390886189294e-03,  3.678451614336683e-03,  1.116636986722888e-02, -6.725189428448249e-03,  5.292576859986249e-03,  1.749820434389641e-02, -9.676240353228564e-03,  6.827264751338828e-03,  2.374455485401331e-02, -1.248205863357801e-02,  8.354806171963327e-03,  2.945735779288957e-02, -1.527481126173817e-02,  9.149239185020322e-03,  3.564802608624339e-02, -1.672724643314991e-02, -2.090341788552052e-16, -2.775557561562891e-17, -3.469446951953613e-16,  9.024898883769339e-16, -1.387778780781446e-17, -1.804112415015879e-16, -7.628446485608009e-16,  0.000000000000000e+00, -3.885780586188048e-16,  1.474514954580286e-17,  0.000000000000000e+00, -3.191891195797325e-16,  1.474514954580286e-17, -1.387778780781446e-17, -3.053113317719180e-16,  6.787105599759256e-16, -1.387778780781445e-17, -1.942890293094023e-16, -2.775557561562891e-17, -8.049116928532383e-16
  8.333333333333333e-01,  4.610936969641643e-01,  4.682176485661131e-01,  1.050735578414829e+00,  1.582922658995973e+00, -1.841494320584420e-01,  1.347141030358186e-01,  6.495942050253473e-04, -7.313594734642860e-15, -1.189728428664909e-03,  2.081409201717765e-03,  5.057076773005674e-03, -3.812090193895626e-03,  3.675534255269996e-03,  1.114665092212172e-02, -6.731721989265207e-03,  5.288379347363298e-03,  1.746730386907391e-02, -9.685639438452834e-03,  6.821850086471045e-03,  2.370262380754527e-02, -1.249418317044246e-02,  8.348180022679074e-03,  2.940533837849955e-02, -1.528964855882787e-02,  9.141982975427836e-03,  3.558507443069434e-02, -1.674349456352421e-02,  1.244664094013359e-16,  1.387778780781445e-17, -2.498001805406602e-16, -4.302114220422481e-16,  1.387778780781445e-17, -3.747002708109902e-16,  5.715913853343578e-16,  1.387778780781445e-17, -2.359223927328457e-16, -5.399326818977811e-16,  4.163336342344336e-17, -3.608224830031758e-16,  7.914675859144178e-16, -2.775557561562890e-17, -2.081668171172168e-16, -7.641456911677832e-16,  0.000000000000000e+00, -3.469446951953613e-16, -6.938893903907227e-17, -7.771561172376094e-16
  8.416666666666668e-01,  4.611484956092138e-01,  4.682124031540469e-01,  1.050729162946945e+00,  1.582943993301912e+00, -1.840924384953700e-01,  1.345859638575808e-01,  6.492504294213513e-04, -6.938894435938963e-15, -1.191069380529104e-03,  2.080307686804290e-03,  5.049388546294566e-03, -3.816386829437864e-03,  3.673589103977451e-03,  1.112970477255611e-02, -6.739309363773558e-03,  5.285580652749728e-03,  1.744074848970945e-02, -9.696556195545429e-03,  6.818239854709975e-03,  2.366658892935947e-02, -1.250826545830849e-02,  8.343762032795268e-03,  2.936063371647173e-02, -1.530688163676834e-02,  9.137144892372896e-03,  3.553097477351007e-02, -1.676236628223635e-02,  1.240327285323417e-16, -2.775557561562891e-17, -2.914335439641036e-16, -9.801187639268960e-17, -4.163336342344337e-17, -3.469446951953614e-16,  1.387778780781446e-17,  2.775557561562891e-17, -2.636779683484747e-16,  2.359223927328457e-16, -1.387778780781445e-17, -2.914335439641035e-16,  1.387778780781445e-17,  0.000000000000000e+00, -3.053113317719180e-16,  3.486794186713381e-16,  1.387778780781445e-17, -2.636779683484746e-16, -6.938893903907227e-17, -7.771561172376096e-16
  8.500000000000001e-01,  4.612031890565191e-01,  4.682075614305982e-01,  1.050721946470271e+00,  1.582961130892378e+00, -1.840268530460835e-01,  1.344689910068274e-01,  6.490224867236819e-04, -6.522560770646104e-15, -1.192526478467510e-03,  2.079577320027521e-03,  5.043206831217553e-03, -3.821055616556351e-03,  3.672299358500994e-03,  1.111607922895435e-02, -6.747553916055709e-03,  5.283724959708684e-03,  1.741939664939980e-02, -9.708418503713158e-03,  6.815846066574503e-03,  2.363761510247381e-02, -1.252356747858451e-02,  8.340832655274954e-03,  2.932468895395863e-02, -1.532560735169236e-02,  9.133936969287630e-03,  3.548747596955242e-02, -1.678287256822626e-02, -8.756016744992932e-16, -1.387778780781445e-17, -4.163336342344336e-16,  2.385244779468110e-16,  0.000000000000000e+00, -2.914335439641036e-16,  3.478120569333498e-16,  2.775557561562891e-17, -2.220446049250313e-16,  3.456436525883787e-16, -1.387778780781445e-17, -2.359223927328457e-16,  1.387778780781445e-17, -1.387778780781445e-17, -3.053113317719180e-16,  3.469446951953613e-16, -2.775557561562891e-17, -2.636779683484746e-16, -2.775557561562891e-17, -8.187894806610528e-16
  8.583333333333334e-01,  4.612578250939501e-01,  4.682029637503179e-01,  1.050713968431828e+00,  1.582974037940913e+00, -1.839520166307294e-01,  1.343612094274738e-01,  6.488646090505364e-04, -6.286638360683539e-15, -1.194036954452805e-03,  2.079071453383143e-03,  5.038686214104179e-03, -3.825895435924371e-03,  3.671406054975701e-03,  1.110611502568453e-02, -6.756100492030125e-03,  5.282439669575954e-03,  1.740378229424110e-02, -9.720715365267007e-03,  6.814188081012692e-03,  2.361642687622547e-02, -1.253943005964076e-02,  8.338803709788458e-03,  2.929840296268904e-02, -1.534501904802158e-02,  9.131715097567938e-03,  3.545566579468591e-02, -1.680413006349923e-02,  1.734723475976807e-17,  4.163336342344337e-17, -2.775557561562891e-16,  1.431146867680866e-17,  1.387778780781446e-17, -2.775557561562891e-16,  3.469446951953613e-16,  0.000000000000000e+00, -2.498001805406602e-16,  1.301042606982605e-17, -2.775557561562891e-17, -3.053113317719180e-16, -2.072994553792284e-16,  1.387778780781445e-17, -3.191891195797325e-16,  1.301042606982605e-17, -1.387778780781445e-17, -2.775557561562891e-16, -5.551115123125781e-17, -8.743006318923106e-16
  8.666666666666667e-01,  4.613124519262469e-01,  4.681985006768863e-01,  1.050705275755620e+00,  1.582982939816766e+00, -1.838676008289990e-01,  1.342603725004913e-01,  6.487369485321932e-04, -6.064593739542233e-15, -1.195546409800507e-03,  2.078662407590435e-03,  5.035892695863744e-03, -3.830731984997665e-03,  3.670683726171551e-03,  1.109995763989266e-02, -6.764641293032328e-03,  5.281400378831258e-03,  1.739413339347123e-02, -9.733003917758632e-03,  6.812847427255639e-03,  2.360333359824646e-02, -1.255528192225666e-02,  8.337163096350854e-03,  2.928215951755092e-02, -1.536441762775230e-02,  9.129918483206391e-03,  3.543600867675590e-02, -1.682537319495631e-02,  1.647987302177966e-17,  2.775557561562890e-17, -2.775557561562890e-16,  5.689893001203924e-16, -1.387778780781445e-17, -2.220446049250312e-16,  1.647987302177967e-17,  0.000000000000000e+00, -3.608224830031759e-16,  2.354887118638516e-16, -2.775557561562891e-17, -2.775557561562891e-16, -6.513886652292910e-16,  0.000000000000000e+00, -3.747002708109902e-16,  1.647987302177966e-17,  4.163336342344336e-17, -2.775557561562891e-16, -8.326672684688673e-17, -9.020562075079395e-16
  8.750000000000000e-01,  4.613670967106689e-01,  4.681940853109386e-01,  1.050695910993741e+00,  1.582988318504029e+00, -1.837735063571598e-01,  1.341640968623705e-01,  6.486035840536925e-04, -5.898060273827808e-15, -1.197009306962490e-03,  2.078235085351408e-03,  5.034816240201773e-03, -3.835419353805274e-03,  3.669929123222595e-03,  1.109758494989063e-02, -6.772918658484953e-03,  5.280314651866752e-03,  1.739041528140919e-02, -9.744913437700351e-03,  6.811446872170112e-03,  2.359828822821520e-02, -1.257064484429921e-02,  8.335449179182519e-03,  2.927590026059240e-02, -1.538321787068624e-02,  9.128041594885653e-03,  3.542843399348184e-02, -1.684596109559724e-02,  2.380907970778168e-16, -1.387778780781446e-17, -2.914335439641036e-16,  1.257674520083185e-17, -4.163336342344337e-17, -3.469446951953614e-16,  3.486794186713381e-16,  2.775557561562891e-17, -2.359223927328457e-16,  2.376571162088225e-16,  1.387778780781445e-17, -2.914335439641035e-16, -3.157196726277788e-16,  4.163336342344336e-17, -3.330669073875469e-16,  2.359223927328457e-16, -2.775557561562891e-17, -3.191891195797325e-16, -2.775557561562891e-17, -8.604228440844961e-16
  8.833333333333333e-01,  4.614217486765390e-01,  4.681896387561625e-01,  1.050685913942516e+00,  1.582990914164399e+00, -1.836697208715654e-01,  1.340700966390933e-01,  6.484317535270964e-04, -5.925815852349082e-15, -1.198390856173449e-03,  2.077684511415444e-03,  5.035390355219579e-03, -3.839846070081241e-03,  3.668956871653396e-03,  1.109885039631033e-02, -6.780735740919895e-03,  5.278915770845633e-03,  1.739239829292581e-02, -9.756160699848903e-03,  6.809642357784342e-03,  2.360097911722444e-02, -1.258515347373366e-02,  8.333240920315005e-03,  2.927923856197681e-02, -1.540097268043230e-02,  9.125623359422765e-03,  3.543247386208236e-02, -1.686540415599988e-02,  1.517883041479706e-17,  1.387778780781446e-17, -3.053113317719180e-16,  2.372234353398283e-16,  0.000000000000000e+00, -2.914335439641035e-16,  1.647987302177966e-17,  1.387778780781445e-17, -3.330669073875469e-16,  7.932023093903948e-16, -2.775557561562891e-17, -2.498001805406602e-16, -3.148523108897904e-16,  5.551115123125781e-17, -3.330669073875469e-16,  4.614364446098306e-16,  0.000000000000000e+00, -3.053113317719180e-16, -1.387778780781445e-17, -9.159339953157539e-16
  8.916666666666666e-01,  4.614763657332872e-01,  4.681850919108668e-01,  1.050675336034709e+00,  1.582991651096969e+00, -1.835562481958886e-01,  1.339763883124001e-01,  6.481908073127272e-04, -6.009082586325113e-15, -1.199666583191238e-03,  2.076912479182196e-03,  5.037508146507062e-03, -3.843933714233741e-03,  3.667593549671121e-03,  1.110351836582542e-02, -6.787954060169321e-03,  5.276954215517634e-03,  1.739971321133053e-02, -9.766546458159889e-03,  6.807112010486008e-03,  2.361090524895371e-02, -1.259855078916423e-02,  8.330144429701212e-03,  2.929155286374703e-02, -1.541736752928061e-02,  9.122232432969791e-03,  3.544737609987889e-02, -1.688335794097478e-02,  3.491130995403323e-16, -2.775557561562891e-17, -3.469446951953613e-16, -3.165870343657673e-16,  0.000000000000000e+00, -3.608224830031759e-16,  9.050919735908989e-16,  0.000000000000000e+00, -2.220446049250313e-16, -9.454242944073599e-17,  0.000000000000000e+00, -3.747002708109903e-16, -3.157196726277789e-16,  1.387778780781446e-17, -3.747002708109904e-16,  1.517883041479706e-17, -2.775557561562891e-17, -3.469446951953613e-16,  2.775557561562891e-17, -9.298117831235686e-16
  8.999999999999999e-01,  4.615309079848889e-01,  4.681804034935209e-01,  1.050664254128053e+00,  1.582991481593477e+00, -1.834331110378740e-01,  1.338814244743698e-01,  6.478529238085914e-04, -6.217249420172407e-15, -1.200818335683114e-03,  2.075829843551810e-03,  5.041039039680885e-03, -3.847624123132243e-03,  3.665681737070106e-03,  1.111130105045166e-02, -6.794470906693443e-03,  5.274203488800451e-03,  1.741190902855427e-02, -9.775922933571470e-03,  6.803563655867080e-03,  2.362745461855760e-02, -1.261064616005074e-02,  8.325802161436061e-03,  2.931208391622164e-02, -1.543216913475735e-02,  9.117477271668858e-03,  3.547222189559793e-02, -1.689956698592991e-02,  7.958043946043601e-16,  1.387778780781445e-17, -2.498001805406602e-16, -4.276093368282829e-16, -1.387778780781445e-17, -4.163336342344336e-16,  3.495467804093265e-16,  2.775557561562891e-17, -2.914335439641035e-16,  3.486794186713381e-16, -1.387778780781445e-17, -2.914335439641035e-16,  1.778091562876227e-17,  0.000000000000000e+00, -3.608224830031758e-16, -9.237402509576495e-17,  4.163336342344336e-17, -3.747002708109902e-16,  0.000000000000000e+00, -9.992007221626409e-16
  9.083333333333334e-01,  4.615853700180020e-01,  4.681755715628830e-01,  1.050652773682046e+00,  1.582991199132788e+00, -1.833004198591008e-01,  1.337842054102078e-01,  6.473962694590847e-04, -6.453171831702304e-15, -1.201833162399613e-03,  2.074366646137504e-03,  5.045846513612559e-03, -3.850875798792767e-03,  3.663097895212861e-03,  1.112189753457591e-02, -6.800212999727183e-03,  5.270485842614703e-03,  1.742851419628156e-02, -9.784184689305366e-03,  6.798768004254289e-03,  2.364998734867351e-02, -1.262130357612559e-02,  8.319933524264788e-03,  2.934003789123580e-02, -1.544521105547414e-02,  9.111050603704793e-03,  3.550605059257300e-02, -1.691384902307293e-02,  1.322726650432315e-16,  2.775557561562891e-17, -3.747002708109902e-16,  1.292368989602721e-16,  0.000000000000000e+00, -3.330669073875469e-16, -9.410874857174176e-17, -4.163336342344336e-17, -4.440892098500625e-16,  3.538835890992685e-16,  2.775557561562891e-17, -3.330669073875469e-16,  1.275021754842953e-16, -4.163336342344337e-17, -3.469446951953614e-16,  1.821459649775647e-17,  1.387778780781446e-17, -3.330669073875470e-16,  5.551115123125783e-17, -1.124100812432971e-15
  9.166666666666667e-01,  4.616397798661870e-01,  4.681706163878712e-01,  1.050641025389313e+00,  1.582991263177246e+00, -1.831584855681088e-01,  1.336843615919408e-01,  6.468084849574306e-04, -6.800116554218655e-15, -1.202709955001494e-03,  2.072483285634763e-03,  5.051792139183021e-03, -3.853685189910573e-03,  3.659772092659429e-03,  1.113500269704963e-02, -6.805174068065345e-03,  5.265700659205099e-03,  1.744905057593538e-02, -9.791322702317464e-03,  6.792595261775918e-03,  2.367785461914564e-02, -1.263051139793315e-02,  8.312379684060584e-03,  2.937460986624618e-02, -1.545647904774773e-02,  9.102778491895653e-03,  3.554788810819900e-02, -1.692618845433280e-02,  1.951563910473907e-17,  0.000000000000000e+00, -4.440892098500624e-16, -3.131175874138136e-16,  2.775557561562891e-17, -4.163336342344336e-16,  6.860831347488270e-16,  2.775557561562891e-17, -3.053113317719180e-16, -2.016616040823038e-16, -1.387778780781445e-17, -4.440892098500625e-16, -4.241398898763293e-16,  4.163336342344337e-17, -4.163336342344337e-16,  4.653395724307785e-16,  0.000000000000000e+00, -3.608224830031759e-16,  6.938893903907227e-17, -1.054711873393899e-15
  9.250000000000000e-01,  4.616941779016258e-01,  4.681655451151198e-01,  1.050629166079045e+00,  1.582991701344700e+00, -1.830079446955494e-01,  1.335821350403441e-01,  6.460873296466031e-04, -7.049916754431260e-15, -1.203467726979537e-03,  2.070172582603969e-03,  5.058707135108495e-03, -3.856113218910371e-03,  3.655691651328998e-03,  1.115024451543043e-02, -6.809461693849535e-03,  5.259829697281986e-03,  1.747293519159760e-02, -9.797491762397359e-03,  6.785021897712984e-03,  2.371026534859244e-02, -1.263846929964063e-02,  8.303111845313495e-03,  2.941481843025354e-02, -1.546621746111246e-02,  9.092629402652182e-03,  3.559654678114069e-02, -1.693685286369508e-02,  1.322726650432315e-16,  2.775557561562891e-17, -3.747002708109902e-16,  2.125036258071588e-17,  1.387778780781445e-17, -4.024558464266190e-16, -6.448834521943779e-16,  6.938893903907227e-17, -4.440892098500625e-16,  6.873841773558096e-16, -1.387778780781445e-17, -3.747002708109902e-16, -9.150666335777655e-17, -1.387778780781445e-17, -4.163336342344336e-16,  3.530162273612802e-16,  0.000000000000000e+00, -4.024558464266192e-16,  9.714451465470120e-17, -1.165734175856414e-15
  9.333333333333333e-01,  4.617486093874253e-01,  4.681603227409368e-01,  1.050617380975202e+00,  1.582992117150499e+00, -1.828498859604585e-01,  1.334782377862029e-01,  6.452388548804217e-04, -7.063794543476876e-15, -1.204147101849773e-03,  2.067453926605153e-03,  5.066338021253195e-03, -3.858290050377246e-03,  3.650890810993339e-03,  1.116706427670855e-02, -6.813305733079331e-03,  5.252922221222812e-03,  1.749929251482553e-02, -9.803022587648940e-03,  6.776111461631660e-03,  2.374603147035682e-02, -1.264560389764144e-02,  8.292207776248881e-03,  2.945918967461600e-02, -1.547494836368959e-02,  9.080688498948235e-03,  3.565024295061997e-02, -1.694641396114425e-02, -5.355958732078391e-16, -2.775557561562891e-17, -4.857225732735059e-16,  5.793976409762535e-16,  4.163336342344336e-17, -3.747002708109902e-16,  1.994931997373328e-17, -1.387778780781445e-17, -3.885780586188047e-16, -5.316927453868913e-16,  2.775557561562891e-17, -4.857225732735059e-16,  3.534499082302744e-16, -1.387778780781446e-17, -3.885780586188048e-16,  2.211772431870428e-17,  0.000000000000000e+00, -4.302114220422481e-16,  1.387778780781445e-16, -1.207367539279858e-15
  9.416666666666667e-01,  4.618031251960118e-01,  4.681548619655597e-01,  1.050605866185522e+00,  1.582991789756657e+00, -1.826858902047808e-01,  1.333735827381729e-01,  6.442770859858214e-04, -6.952772232480004e-15, -1.204803845395271e-03,  2.064372257145132e-03,  5.074321993098403e-03, -3.860394367269208e-03,  3.645448929766062e-03,  1.118466229847636e-02, -6.817021719735705e-03,  5.245092411923302e-03,  1.752686940728149e-02, -9.808369170138310e-03,  6.766011243449036e-03,  2.378345251212630e-02, -1.265250082802803e-02,  8.279847721632259e-03,  2.950561400319076e-02, -1.548338842257985e-02,  9.067153164469977e-03,  3.570642367421575e-02, -1.695565655946848e-02, -8.890457814381138e-17,  4.163336342344338e-17, -4.024558464266193e-16,  1.335737076502141e-16,  0.000000000000000e+00, -4.579669976578771e-16, -8.543513119185775e-17,  4.163336342344337e-17, -4.718447854656915e-16,  1.348747502571968e-16,  1.387778780781446e-17, -4.440892098500626e-16,  4.644722106927900e-16,  0.000000000000000e+00, -3.469446951953613e-16,  2.298508605669269e-17,  4.163336342344337e-17, -4.302114220422482e-16,  6.938893903907228e-17, -1.235123114895487e-15
  9.500000000000002e-01,  4.618577691642847e-01,  4.681490418852623e-01,  1.050594782399302e+00,  1.582989941425116e+00, -1.825178504306359e-01,  1.332688871934291e-01,  6.432238200908540e-04, -6.813994343697147e-15, -1.205496518133960e-03,  2.060997415887816e-03,  5.082227592046933e-03, -3.862613807345541e-03,  3.639489340157857e-03,  1.120208757314904e-02, -6.820941000971610e-03,  5.236517720898008e-03,  1.755417559726075e-02, -9.814008254011207e-03,  6.754950150271229e-03,  2.382050621850017e-02, -1.265977507639032e-02,  8.266311804554245e-03,  2.955158261759211e-02, -1.549229022107835e-02,  9.052330158359307e-03,  3.576205291214044e-02, -1.696540480281054e-02,  2.211772431870429e-17,  1.387778780781446e-17, -4.163336342344337e-16,  2.255140518769849e-17,  0.000000000000000e+00, -4.440892098500626e-16,  2.298508605669269e-17,  1.387778780781446e-17, -4.440892098500626e-16,  5.776629175002768e-16, -1.387778780781446e-17, -4.024558464266192e-16, -3.122502256758253e-16,  1.387778780781446e-17, -4.440892098500626e-16,  2.428612866367529e-17,  2.775557561562891e-17, -4.579669976578770e-16,  9.714451465470120e-17, -1.262878690511116e-15
  9.583333333333335e-01,  4.619125611830007e-01,  4.681427523294096e-01,  1.050584210958384e+00,  1.582986112766313e+00, -1.823476704775537e-01,  1.331643296673953e-01,  6.421045845083972e-04, -6.619705299394690e-15, -1.206274417290925e-03,  2.057411196642731e-03,  5.089610280494795e-03, -3.865106327215359e-03,  3.633156480829678e-03,  1.121836026480233e-02, -6.825342510369974e-03,  5.227405967296995e-03,  1.757967563775416e-02, -9.820341170475443e-03,  6.743196262548432e-03,  2.385510903250171e-02, -1.266794434789875e-02,  8.251928086145012e-03,  2.959451066905289e-02, -1.550228729640850e-02,  9.036578736077435e-03,  3.581400259170923e-02, -1.697635246951455e-02,  2.211772431870428e-17,  0.000000000000000e+00, -4.579669976578770e-16,  2.558717127065790e-17,  5.551115123125781e-17, -4.302114220422481e-16,  2.298508605669269e-17,  4.163336342344337e-17, -4.302114220422482e-16, -4.224051664003525e-16, -2.775557561562891e-17, -5.134781488891349e-16,  1.344410693882026e-16,  0.000000000000000e+00, -4.579669976578772e-16,  8.005748841632963e-16,  1.387778780781445e-17, -3.469446951953613e-16,  8.326672684688673e-17, -1.401656568589260e-15
  9.666666666666668e-01,  4.619674937282059e-01,  4.681359255376905e-01,  1.050574151407793e+00,  1.582980289884971e+00, -1.821770949173202e-01,  1.330595277228547e-01,  6.409452263035225e-04, -6.883383288455098e-15, -1.207173383011960e-03,  2.053696417755805e-03,  5.096036385694269e-03, -3.867986764740142e-03,  3.626596599648398e-03,  1.123252448549014e-02, -6.830429038662400e-03,  5.217967573381356e-03,  1.760187160931082e-02, -9.827659695974763e-03,  6.731021018655202e-03,  2.388522832096179e-02, -1.267738502537894e-02,  8.237028736766525e-03,  2.963187648458759e-02, -1.551384024379700e-02,  9.020262653051066e-03,  3.585922109284814e-02, -1.698900395140109e-02,  4.657732532997726e-16,  0.000000000000000e+00, -3.885780586188047e-16, -4.211041237933698e-16,  2.775557561562891e-17, -4.857225732735059e-16,  2.471980953266949e-17,  4.163336342344336e-17, -4.579669976578770e-16,  8.005748841632965e-16,  0.000000000000000e+00, -3.608224830031759e-16, -6.431487287184011e-16,  4.163336342344336e-17, -4.996003610813203e-16,  6.882515390937980e-16, -4.163336342344336e-17, -4.302114220422481e-16,  1.526556658859590e-16, -1.207367539279858e-15
  9.750000000000001e-01,  4.620225348276472e-01,  4.681285279634441e-01,  1.050564553517893e+00,  1.582972657017698e+00, -1.820076686879502e-01,  1.329537749939620e-01,  6.397748545946361e-04, -7.091550122076257e-15, -1.208215621315098e-03,  2.049946349749602e-03,  5.101092624363016e-03, -3.871326271739763e-03,  3.619974401858271e-03,  1.124366928908904e-02, -6.836326231949785e-03,  5.208439517973039e-03,  1.761933601834155e-02, -9.836144610826285e-03,  6.718730114139248e-03,  2.390892701655746e-02, -1.268833030999464e-02,  8.221987848701449e-03,  2.966127694964887e-02, -1.552723444115032e-02,  9.003791572858556e-03,  3.589480026980022e-02, -1.700367176209024e-02,  2.298508605669269e-17,  0.000000000000000e+00, -4.579669976578770e-16, -2.025289658202922e-16, -4.163336342344336e-17, -4.579669976578770e-16,  2.385244779468110e-17,  4.163336342344337e-17, -3.885780586188048e-16,  2.476317761956892e-16,  4.163336342344336e-17, -4.579669976578770e-16,  2.471980953266950e-16,  2.775557561562891e-17, -4.440892098500625e-16, -8.847089727481716e-17,  1.387778780781446e-17, -4.440892098500626e-16,  8.326672684688673e-17, -1.318389841742373e-15
  9.833333333333334e-01,  4.620776277274032e-01,  4.681205402728620e-01,  1.050555345396993e+00,  1.582963303465027e+00, -1.818406742834763e-01,  1.328462100231186e-01,  6.386317552830317e-04, -7.688295044739073e-15, -1.209404829542739e-03,  2.046283667092930e-03,  5.104402476503787e-03, -3.875136695122121e-03,  3.613506516751744e-03,  1.125096476196349e-02, -6.843055010537934e-03,  5.199133488525991e-03,  1.763076835281157e-02, -9.845826015282453e-03,  6.706725616423250e-03,  2.392444036224714e-02, -1.270081903016589e-02,  8.207297448480760e-03,  2.968052271682978e-02, -1.554251740441118e-02,  8.987704307329463e-03,  3.591809066859813e-02, -1.702040793567119e-02,  2.255140518769849e-17,  0.000000000000000e+00, -4.440892098500625e-16,  2.125036258071588e-17,  2.775557561562891e-17, -4.024558464266191e-16,  3.569193551822280e-16,  1.387778780781445e-17, -4.163336342344336e-16, -1.994931997373328e-16,  0.000000000000000e+00, -4.579669976578770e-16,  2.385244779468109e-17,  1.387778780781445e-17, -4.579669976578770e-16,  2.428612866367529e-17,  2.775557561562891e-17, -4.718447854656914e-16,  9.714451465470117e-17, -1.304512053934559e-15
  9.916666666666667e-01,  4.621327053661913e-01,  4.681119681321677e-01,  1.050546440363876e+00,  1.582952115010922e+00, -1.816770909648487e-01,  1.327358155756719e-01,  6.375661529290071e-04, -8.382184489847448e-15, -1.210720777290312e-03,  2.042869297737249e-03,  5.105654771031182e-03, -3.879353213264644e-03,  3.607477124973851e-03,  1.125372503050985e-02, -6.850500906740230e-03,  5.190458365741897e-03,  1.763509381790447e-02, -9.856539212593609e-03,  6.695534969302784e-03,  2.393030989269425e-02, -1.271463873204484e-02,  8.193602990886029e-03,  2.968780442244652e-02, -1.555942914502174e-02,  8.972707685568225e-03,  3.592690267521552e-02, -1.703892776206761e-02,  2.385244779468110e-17,  2.775557561562891e-17, -4.440892098500626e-16,  2.211772431870429e-17,  2.775557561562891e-17, -4.163336342344337e-16,  2.602085213965211e-17,  6.938893903907228e-17, -4.302114220422482e-16,  1.344410693882025e-16, -2.775557561562891e-17, -4.718447854656914e-16,  1.353084311261909e-16,  1.387778780781445e-17, -4.579669976578770e-16,  1.864827736675067e-17, -2.775557561562891e-17, -4.163336342344336e-16,  5.551115123125781e-17, -1.249000902703301e-15
  1.000000000000000e+00,  4.621877346277582e-01,  4.681028853258365e-01,  1.050537733460915e+00,  1.582938777050125e+00, -1.815176555611341e-01,  1.326213963953288e-01,  6.366372250519727e-04, -9.325874135259905e-15, -1.212122885368360e-03,  2.039892856418794e-03,  5.104648184239426e-03, -3.883845803611988e-03,  3.602221064791102e-03,  1.125150634329440e-02, -6.858434315367114e-03,  5.182895916803505e-03,  1.763161703514303e-02, -9.867953845521384e-03,  6.685779637931114e-03,  2.392559199951125e-02, -1.272936326474431e-02,  8.181664988522340e-03,  2.968195143137629e-02, -1.557744816452024e-02,  8.959634535005210e-03,  3.591981963742964e-02, -1.705866015512093e-02,  2.432949675057472e-16, -1.387778780781446e-17, -4.440892098500626e-16, -5.308253836489029e-16,  1.387778780781445e-17, -5.689893001203926e-16,  1.340073885192083e-16,  0.000000000000000e+00, -4.302114220422481e-16,  1.314053033052431e-16, -1.387778780781445e-17, -4.163336342344336e-16,  2.428612866367530e-17,  1.387778780781446e-17, -4.579669976578771e-16,  7.988401606873195e-16,  0.000000000000000e+00, -3.330669073875469e-16,  8.326672684688673e-17, -1.387778780781445e-15
  1.008333333333334e+00,  4.622427635908729e-01,  4.680934706296974e-01,  1.050529102822086e+00,  1.582922828315029e+00, -1.813629283696767e-01,  1.325016173011258e-01,  6.359042827656546e-04, -1.069977523668109e-14, -1.213559116615939e-03,  2.037544385922020e-03,  5.101343484716416e-03, -3.888447730341017e-03,  3.598073930361795e-03,  1.124422222766200e-02, -6.866560799731167e-03,  5.176928996474545e-03,  1.762020249798296e-02, -9.879646276904826e-03,  6.678082490414657e-03,  2.391010280425479e-02, -1.274444614908501e-02,  8.172245670840950e-03,  2.966273562508294e-02, -1.559590571373964e-02,  8.949319563163027e-03,  3.589656549600959e-02, -1.707887277634740e-02,  3.577867169202164e-16,  1.387778780781445e-17, -4.163336342344336e-16, -8.933825901280554e-17,  0.000000000000000e+00, -4.579669976578770e-16,  6.895525817007808e-16, -1.387778780781446e-17, -3.885780586188048e-16,  2.081668171172168e-17,  0.000000000000000e+00, -4.163336342344336e-16, -3.092144595928658e-16,  4.163336342344336e-17, -4.996003610813203e-16,  2.437286483747413e-16, -1.387778780781445e-17, -4.440892098500625e-16,  0.000000000000000e+00, -1.207367539279858e-15
  1.016666666666667e+00,  4.622979377801780e-01,  4.680840100433953e-01,  1.050520421358501e+00,  1.582903772959570e+00, -1.812132887129259e-01,  1.323750867879701e-01,  6.354152173158502e-04, -1.208755412741880e-14, -1.214971693646657e-03,  2.035977337873206e-03,  5.095897695453643e-03, -3.892973864975756e-03,  3.595306699976449e-03,  1.123221878879349e-02, -6.874553443791948e-03,  5.172947489839759e-03,  1.760139256882659e-02, -9.891146138108013e-03,  6.672946466766700e-03,  2.388457827694541e-02, -1.275928062369261e-02,  8.165960506337822e-03,  2.963107004372894e-02, -1.561405927369734e-02,  8.942436761555778e-03,  3.585824517284825e-02, -1.709875250290113e-02,  1.327063459122257e-16,  0.000000000000000e+00, -4.163336342344335e-16,  2.341876692568689e-17,  2.775557561562891e-17, -4.579669976578770e-16, -8.890457814381134e-17, -1.387778780781445e-17, -4.718447854656914e-16,  2.467644144577008e-16,  1.387778780781446e-17, -4.302114220422482e-16,  2.125036258071588e-17,  0.000000000000000e+00, -4.302114220422481e-16,  1.322726650432315e-16, -1.387778780781446e-17, -4.440892098500626e-16,  4.163336342344336e-17, -1.262878690511115e-15
  1.025000000000000e+00,  4.623534830267149e-01,  4.680748699192088e-01,  1.050511573284792e+00,  1.582881205647384e+00, -1.810689151122539e-01,  1.322405008036876e-01,  6.351975432023113e-04, -1.344757744077199e-14, -1.216302078319749e-03,  2.035279873361217e-03,  5.088656233303874e-03, -3.897236641458178e-03,  3.594075056189214e-03,  1.121625738374427e-02, -6.882081027013362e-03,  5.171175393833700e-03,  1.757638032845890e-02, -9.901976867161367e-03,  6.670660516290926e-03,  2.385063739354146e-02, -1.277325193797932e-02,  8.163163094219231e-03,  2.958896317954980e-02, -1.563115654868019e-02,  8.939373352061047e-03,  3.580728925877116e-02, -1.711747550556647e-02, -3.100818213308542e-16,  4.163336342344336e-17, -4.579669976578770e-16,  6.899862625697748e-16,  0.000000000000000e+00, -3.885780586188047e-16, -9.107298248878235e-17, -2.775557561562891e-17, -4.718447854656914e-16,  1.357421119951852e-16,  2.775557561562891e-17, -4.579669976578771e-16, -9.063930161978817e-17, -2.775557561562891e-17, -4.857225732735060e-16,  4.627374872168132e-16,  0.000000000000000e+00, -3.330669073875469e-16, -1.387778780781446e-17, -1.276756478318930e-15
  1.033333333333333e+00,  4.624096697366150e-01,  4.680664499015725e-01,  1.050502470115490e+00,  1.582854878549129e+00, -1.809298179417647e-01,  1.320968487314931e-01,  6.352562284476075e-04, -1.468270065439346e-14, -1.217498579248781e-03,  2.035467910760480e-03,  5.080100780362080e-03, -3.901070431883700e-03,  3.594407109061676e-03,  1.119739972116679e-02, -6.888851069167874e-03,  5.171653153372347e-03,  1.754682952214157e-02, -9.911717641868897e-03,  6.671276811704050e-03,  2.381053780801982e-02, -1.278581724398687e-02,  8.163917280400113e-03,  2.953921586504710e-02, -1.564653323319563e-02,  8.940199251505365e-03,  3.574708720067921e-02, -1.713431431206930e-02,  2.437286483747414e-16, -1.387778780781446e-17, -4.440892098500626e-16,  2.515349040166370e-17,  2.775557561562891e-17, -4.996003610813204e-16,  3.543172699682628e-16, -1.387778780781446e-17, -4.302114220422482e-16, -5.342948306008566e-16,  2.775557561562891e-17, -4.857225732735060e-16,  1.353084311261909e-16, -1.387778780781445e-17, -4.996003610813203e-16,  4.675079767757494e-16,  1.387778780781445e-17, -4.024558464266191e-16, -2.775557561562891e-17, -1.346145417358002e-15
  1.041666666666667e+00,  4.624667774817519e-01,  4.680591238413524e-01,  1.050493065761440e+00,  1.582824682732394e+00, -1.807959670840910e-01,  1.319435818483627e-01,  6.355786361418629e-04, -1.555700135686790e-14, -1.218522253170317e-03,  2.036500959294611e-03,  5.070782795409306e-03, -3.904350455478845e-03,  3.596231356434330e-03,  1.117686130930977e-02, -6.894643221461822e-03,  5.174277890746468e-03,  1.751464490602762e-02, -9.920051423148401e-03,  6.674662643866256e-03,  2.376686421913416e-02, -1.279656757084652e-02,  8.168060663215746e-03,  2.948503466258596e-02, -1.565968885268156e-02,  8.944736615944108e-03,  3.568151944228509e-02, -1.714872085925004e-02,  1.322726650432315e-16, -1.387778780781445e-17, -4.302114220422481e-16,  3.560519934442396e-16,  2.775557561562891e-17, -4.024558464266191e-16, -5.325601071248798e-16,  1.387778780781446e-17, -5.134781488891349e-16,  5.772292366312826e-16, -1.387778780781446e-17, -4.024558464266192e-16, -3.109491830688427e-16,  0.000000000000000e+00, -4.996003610813204e-16,  8.018759267702789e-16,  0.000000000000000e+00, -3.885780586188047e-16, -1.387778780781445e-17, -1.235123114895486e-15
  1.050000000000000e+00,  4.625250728192823e-01,  4.680531939852626e-01,  1.050483364007475e+00,  1.582790588178216e+00, -1.806674777186877e-01,  1.317806356290956e-01,  6.361426028696367e-04, -1.616762407030594e-14, -1.219348024942341e-03,  2.038308003637819e-03,  5.061282457690335e-03, -3.906996367267658e-03,  3.599422393246552e-03,  1.115592096117086e-02, -6.899315603715264e-03,  5.178869172447067e-03,  1.748183043766313e-02, -9.926774072999267e-03,  6.680585258985524e-03,  2.372233593904529e-02, -1.280523958668598e-02,  8.175308412225966e-03,  2.942979313514816e-02, -1.567030115703756e-02,  8.952673531281817e-03,  3.561466852425707e-02, -1.716034225522932e-02,  5.789639601072593e-16,  2.775557561562891e-17, -4.024558464266191e-16, -8.803721640582294e-17,  0.000000000000000e+00, -4.857225732735059e-16,  8.001412032943021e-16, -1.387778780781445e-17, -3.885780586188047e-16, -5.334274688628683e-16,  1.387778780781446e-17, -5.412337245047639e-16,  2.424276057677588e-16, -2.775557561562891e-17, -4.163336342344337e-16,  1.344410693882025e-16, -1.387778780781445e-17, -4.718447854656914e-16, -1.387778780781445e-17, -1.346145417358002e-15
  1.058333333333333e+00,  4.625847926616936e-01,  4.680488783236967e-01,  1.050473409802145e+00,  1.582752615429956e+00, -1.805447274649856e-01,  1.316083120491250e-01,  6.369240993767156e-04, -1.644517985004596e-14, -1.219962640214198e-03,  2.040812050019241e-03,  5.052187658608038e-03, -3.908965698078291e-03,  3.603844257165953e-03,  1.113587448864812e-02, -6.902793220153511e-03,  5.185231375110348e-03,  1.745041671263470e-02, -9.931777687078812e-03,  6.688792308807152e-03,  2.367970842696251e-02, -1.281169409815395e-02,  8.185351718441683e-03,  2.937690968953473e-02, -1.567819980960360e-02,  8.963671824825136e-03,  3.555067125532339e-02, -1.716899196655448e-02,  4.653395724307784e-16, -1.387778780781445e-17, -4.024558464266191e-16,  1.348747502571967e-16,  1.387778780781445e-17, -4.440892098500625e-16,  1.322726650432315e-16, -2.775557561562891e-17, -4.163336342344336e-16, -8.933825901280554e-17, -1.387778780781445e-17, -4.996003610813203e-16,  3.577867169202164e-16,  4.163336342344336e-17, -4.302114220422481e-16,  3.564856743132338e-16,  0.000000000000000e+00, -4.579669976578770e-16, -9.714451465470117e-17, -1.276756478318930e-15
  1.066666666666667e+00,  4.626461225261240e-01,  4.680463228578089e-01,  1.050463269651306e+00,  1.582710845673016e+00, -1.804283431386369e-01,  1.314270953077611e-01,  6.379030293791082e-04, -1.604272397334385e-14, -1.220361403635559e-03,  2.043948706566395e-03,  5.044064483485048e-03, -3.910243403217732e-03,  3.609383239396266e-03,  1.111796963935665e-02, -6.905049503542988e-03,  5.193200893880215e-03,  1.742235900763505e-02, -9.935024040302588e-03,  6.699072747999927e-03,  2.364163493654297e-02, -1.281588179604122e-02,  8.197932316960733e-03,  2.932967593692908e-02, -1.568332446866248e-02,  8.977448674050413e-03,  3.549351100161439e-02, -1.717460391379857e-02, -3.122502256758252e-16,  0.000000000000000e+00, -4.579669976578770e-16,  1.024787893433299e-15,  0.000000000000000e+00, -4.024558464266191e-16, -7.580741590018647e-16, -1.387778780781446e-17, -5.134781488891349e-16,  2.385244779468110e-17,  0.000000000000000e+00, -4.996003610813204e-16,  1.575562597055935e-15, -5.551115123125783e-17, -3.053113317719180e-16, -1.994931997373328e-16,  1.387778780781446e-17, -4.996003610813204e-16,  0.000000000000000e+00, -1.179611963664229e-15
  1.075000000000000e+00,  4.627091771939512e-01,  4.680456148172540e-01,  1.050453015251748e+00,  1.582665428013523e+00, -1.803191146213223e-01,  1.312374742807552e-01,  6.390664562999134e-04, -1.551536799623298e-14, -1.220545940743647e-03,  2.047676522293769e-03,  5.037419132185222e-03, -3.910834691182569e-03,  3.615966142168413e-03,  1.110332216325027e-02, -6.906093651501658e-03,  5.202672411392524e-03,  1.739940575307814e-02, -9.936526366254946e-03,  6.711290720333263e-03,  2.361048803705524e-02, -1.281781975127389e-02,  8.212883954897516e-03,  2.929103527308051e-02, -1.568569602461191e-02,  8.993822017594962e-03,  3.544674973393547e-02, -1.717720097376313e-02,  1.344410693882025e-16,  0.000000000000000e+00, -4.718447854656914e-16, -1.994931997373328e-16,  2.775557561562891e-17, -4.440892098500625e-16,  2.211772431870428e-17,  2.775557561562891e-17, -4.024558464266191e-16,  4.670742959067552e-16, -4.163336342344336e-17, -4.440892098500625e-16,  3.534499082302745e-16, -2.775557561562892e-17, -4.163336342344338e-16, -3.105155021998485e-16,  4.163336342344337e-17, -4.718447854656915e-16, -2.775557561562891e-17, -1.262878690511116e-15
  1.083333333333333e+00,  4.627739928080017e-01,  4.680467790136772e-01,  1.050442717020554e+00,  1.582616586876797e+00, -1.802179072036106e-01,  1.310398312791322e-01,  6.404102154720676e-04, -1.447453382933584e-14, -1.220526010859801e-03,  2.051982152927294e-03,  5.032654953834995e-03, -3.910770832478477e-03,  3.623569400994233e-03,  1.109282110989654e-02, -6.905980884221717e-03,  5.213612022929717e-03,  1.738295012966526e-02, -9.936364116058735e-03,  6.725402489745967e-03,  2.358815823422976e-02, -1.281761045340727e-02,  8.230153110624071e-03,  2.926333304849357e-02, -1.568543989815863e-02,  9.012733244619165e-03,  3.541322569448630e-02, -1.717692049302726e-02, -9.020562075079394e-17,  1.387778780781445e-17, -4.302114220422481e-16,  2.341876692568689e-17,  2.775557561562891e-17, -4.440892098500625e-16,  2.255140518769849e-17, -1.387778780781445e-17, -4.579669976578770e-16,  6.878178582248038e-16, -4.163336342344336e-17, -4.024558464266191e-16,  1.994931997373328e-17, -1.387778780781445e-17, -4.163336342344336e-16,  2.038300084272748e-17, -1.387778780781445e-17, -4.163336342344336e-16,  1.387778780781446e-17, -1.262878690511115e-15
  1.091666666666667e+00,  4.628405285581538e-01,  4.680497672154134e-01,  1.050432442166942e+00,  1.582564652681319e+00, -1.801255917138670e-01,  1.308344296007799e-01,  6.419394367360394e-04, -1.346145523999473e-14, -1.220323991587253e-03,  2.056882035324337e-03,  5.030031780536933e-03, -3.910123528716191e-03,  3.632222041513073e-03,  1.108703919311267e-02, -6.904837818672747e-03,  5.226061490746642e-03,  1.737388960573486e-02, -9.934719466921567e-03,  6.741461928285008e-03,  2.357586336652415e-02, -1.281548890555271e-02,  8.249805709594537e-03,  2.924808010653461e-02, -1.568284367232665e-02,  9.034254549230472e-03,  3.539476724085769e-02, -1.717407740000677e-02, -9.107298248878237e-17, -2.775557561562891e-17, -4.718447854656915e-16,  2.211772431870429e-17,  1.387778780781446e-17, -4.579669976578771e-16,  2.255140518769849e-17,  0.000000000000000e+00, -4.302114220422482e-16,  4.679416576447436e-16,  4.163336342344336e-17, -3.885780586188047e-16,  1.301042606982605e-16, -2.775557561562891e-17, -4.302114220422481e-16, -6.466181756703547e-16, -2.775557561562891e-17, -4.996003610813203e-16,  2.775557561562891e-17, -1.262878690511116e-15
  1.100000000000000e+00,  4.629086829665420e-01,  4.680544679581363e-01,  1.050422254510297e+00,  1.582510090413297e+00, -1.800430072902210e-01,  1.306215323220330e-01,  6.436670223691840e-04, -1.235123212812465e-14, -1.219976656553655e-03,  2.062417510558241e-03,  5.029659569871892e-03, -3.909010608789482e-03,  3.641997067405281e-03,  1.108621877797015e-02, -6.902872527412222e-03,  5.240125852946809e-03,  1.737260397826621e-02, -9.931891794808629e-03,  6.759604531943658e-03,  2.357411880740397e-02, -1.281184129368879e-02,  8.272007563857571e-03,  2.924591581655213e-02, -1.567837993886632e-02,  9.058567510034558e-03,  3.539214811030677e-02, -1.716918922375892e-02,  6.873841773558096e-16,  1.387778780781445e-17, -3.330669073875469e-16, -2.012279232133096e-16,  2.775557561562891e-17, -4.302114220422482e-16,  2.419939248987646e-16, -4.163336342344337e-17, -4.579669976578771e-16,  2.038300084272748e-17, -1.387778780781446e-17, -4.579669976578771e-16,  3.530162273612802e-16,  1.387778780781446e-17, -3.469446951953614e-16, -9.107298248878235e-17,  0.000000000000000e+00, -4.302114220422481e-16,  1.387778780781445e-17, -1.221245327087672e-15
  1.108333333333333e+00,  4.629783214842675e-01,  4.680607301699382e-01,  1.050412220644383e+00,  1.582453505874493e+00, -1.799709797506168e-01,  1.304016189120319e-01,  6.456090452749937e-04, -1.139366469414714e-14, -1.219533018327315e-03,  2.068640078917257e-03,  5.031529625509884e-03, -3.907589117218847e-03,  3.652985422380577e-03,  1.109034069628958e-02, -6.900362333377691e-03,  5.255935959854101e-03,  1.737906320985895e-02, -9.928280113521400e-03,  6.779999093693790e-03,  2.358288379698964e-02, -1.280718233360282e-02,  8.296965232351185e-03,  2.925678961207504e-02, -1.567267857676883e-02,  9.085898327036355e-03,  3.540530710946718e-02, -1.716294573654465e-02, -3.126839065448195e-16,  1.387778780781446e-17, -4.579669976578771e-16, -3.144186300207963e-16, -4.163336342344337e-17, -4.857225732735060e-16,  1.132774429812855e-15,  1.387778780781445e-17, -3.191891195797325e-16, -6.474855374083431e-16,  1.387778780781445e-17, -4.857225732735059e-16,  1.951563910473908e-17,  0.000000000000000e+00, -4.024558464266191e-16,  1.019583723005368e-15,  0.000000000000000e+00, -2.914335439641036e-16,  2.775557561562891e-17, -1.235123114895486e-15
  1.116666666666667e+00,  4.630492865764226e-01,  4.680683680413747e-01,  1.050402418372438e+00,  1.582395669057074e+00, -1.799103628964985e-01,  1.301755206645145e-01,  6.477771623030013e-04, -1.061650851597302e-14, -1.219050726895230e-03,  2.075587090905277e-03,  5.035541826120814e-03, -3.906043774269736e-03,  3.665253063224910e-03,  1.109918426375688e-02, -6.897633431756020e-03,  5.273586710457872e-03,  1.739292147825715e-02, -9.924353754528732e-03,  6.802768030379657e-03,  2.360168906452831e-02, -1.280211744875337e-02,  8.324828521630160e-03,  2.928011931851338e-02, -1.566648046775457e-02,  9.116411051430436e-03,  3.543353971571690e-02, -1.715615826826574e-02,  4.623038063478190e-16, -8.326672684688673e-17, -3.885780586188047e-16, -4.215378046623640e-16,  9.714451465470117e-17, -4.163336342344336e-16,  4.631711680858074e-16, -4.163336342344336e-17, -3.885780586188047e-16,  3.530162273612801e-16, -1.387778780781445e-17, -3.885780586188047e-16,  1.908195823574487e-17,  1.387778780781445e-17, -3.885780586188047e-16, -6.453171330633721e-16,  1.387778780781445e-17, -4.579669976578770e-16, -2.775557561562891e-17, -1.054711873393899e-15
  1.125000000000000e+00,  4.631213876812174e-01,  4.680771615875745e-01,  1.050392935148504e+00,  1.582337566756597e+00, -1.798620235598606e-01,  1.299443495651702e-01,  6.501722613938368e-04, -9.797718971108053e-15, -1.218590780223538e-03,  2.083261391641131e-03,  5.041514982957512e-03, -3.904570027694507e-03,  3.678805014091216e-03,  1.111235010978671e-02, -6.895030961268311e-03,  5.293085333541010e-03,  1.741355295177186e-02, -9.920609305362191e-03,  6.827920666911747e-03,  2.362968537460241e-02, -1.279728722210117e-02,  8.355608842973239e-03,  2.931485137930707e-02, -1.566056951967858e-02,  9.150118179563085e-03,  3.547557096026831e-02, -1.714968526618228e-02, -3.126839065448195e-16,  6.938893903907228e-17, -3.885780586188048e-16,  1.908195823574487e-17, -1.387778780781445e-17, -4.163336342344336e-16,  4.618701254788248e-16,  0.000000000000000e+00, -3.191891195797325e-16, -2.016616040823038e-16, -1.387778780781445e-17, -4.579669976578770e-16,  1.734723475976807e-17,  0.000000000000000e+00, -3.747002708109902e-16,  1.301042606982605e-16,  0.000000000000000e+00, -3.885780586188047e-16,  0.000000000000000e+00, -1.096345236817342e-15
  1.133333333333333e+00,  4.631944045819882e-01,  4.680868930778194e-01,  1.050383851746276e+00,  1.582280434538622e+00, -1.798267236909494e-01,  1.297093254084463e-01,  6.527835759120248e-04, -9.187096259974077e-15, -1.218209107612490e-03,  2.091628483007731e-03,  5.049200978079023e-03, -3.903347084388589e-03,  3.693580355196107e-03,  1.112929134055017e-02, -6.892871381109908e-03,  5.314344177376684e-03,  1.744010062314926e-02, -9.917502089291005e-03,  6.855343935201474e-03,  2.366570979327078e-02, -1.279327900695035e-02,  8.389167830282578e-03,  2.935954306531641e-02, -1.565566450106567e-02,  9.186868188527705e-03,  3.552965491443468e-02, -1.714431384432336e-02,  1.734723475976807e-17, -2.775557561562891e-17, -3.747002708109903e-16,  1.292368989602721e-16, -2.775557561562891e-17, -3.747002708109903e-16,  1.778091562876227e-17,  1.387778780781446e-17, -3.608224830031759e-16,  3.521488656232917e-16,  0.000000000000000e+00, -3.191891195797325e-16,  1.778091562876227e-17, -1.387778780781445e-17, -3.885780586188047e-16, -3.152859917587847e-16,  2.775557561562891e-17, -3.469446951953614e-16, -8.326672684688674e-17, -1.068589661201713e-15
  1.141666666666667e+00,  4.632681112629643e-01,  4.680974030121782e-01,  1.050375220187488e+00,  1.582225737753502e+00, -1.798049546243624e-01,  1.294716614396203e-01,  6.555907410474931e-04, -8.604229126743202e-15, -1.217946886940173e-03,  2.100623112726149e-03,  5.058304061377176e-03, -3.902506885205579e-03,  3.709463858361673e-03,  1.114935607288164e-02, -6.891387683970394e-03,  5.337197451014681e-03,  1.747154296211837e-02, -9.915367337506436e-03,  6.884823969914332e-03,  2.370837613363815e-02, -1.279052524144141e-02,  8.425243767710101e-03,  2.941247468107457e-02, -1.565229460434891e-02,  9.226374476712484e-03,  3.559371047680538e-02, -1.714062351441507e-02, -2.046973701652632e-16, -5.551115123125781e-17, -4.302114220422481e-16,  1.778091562876227e-17,  1.387778780781445e-17, -3.469446951953613e-16,  1.734723475976807e-17, -1.387778780781445e-17, -3.747002708109902e-16,  5.720250662033520e-16,  0.000000000000000e+00, -2.636779683484746e-16,  1.691355389077387e-17,  1.387778780781445e-17, -3.191891195797325e-16, -3.157196726277788e-16,  2.775557561562891e-17, -3.747002708109902e-16, -5.551115123125783e-17, -9.853229343548262e-16
  1.150000000000000e+00,  4.633423023691661e-01,  4.681086240226138e-01,  1.050367050189285e+00,  1.582175097003989e+00, -1.797968571392957e-01,  1.292325153557987e-01,  6.585645779861078e-04, -7.896461893310535e-15, -1.217822980055548e-03,  2.110151786967402e-03,  5.068502460970744e-03, -3.902109866685484e-03,  3.726290424011614e-03,  1.117183506723552e-02, -6.890686593973707e-03,  5.361407608256251e-03,  1.750676855837796e-02, -9.914358605278414e-03,  6.916054343611987e-03,  2.375617624421951e-02, -1.278922400724731e-02,  8.463461667326058e-03,  2.947177522254864e-02, -1.565070223026193e-02,  9.268226399730111e-03,  3.566547343885739e-02, -1.713887972633707e-02,  1.474514954580286e-17, -2.775557561562891e-17, -3.191891195797325e-16,  1.864827736675067e-17,  6.938893903907227e-17, -3.053113317719180e-16,  7.914675859144182e-16, -2.775557561562891e-17, -2.498001805406602e-16, -6.483528991463318e-16,  0.000000000000000e+00, -4.440892098500627e-16,  6.847820921418447e-16,  1.387778780781446e-17, -2.914335439641036e-16,  1.262011328773127e-16,  0.000000000000000e+00, -2.775557561562891e-16, -4.163336342344337e-17, -9.159339953157541e-16
  1.158333333333333e+00,  4.634168195703055e-01,  4.681205895339726e-01,  1.050359306561870e+00,  1.582130138139200e+00, -1.798022929553987e-01,  1.289929061785257e-01,  6.616679056264552e-04, -7.271961393329557e-15, -1.217831146011716e-03,  2.120095371220852e-03,  5.079476186918573e-03, -3.902136031783022e-03,  3.743849674018336e-03,  1.119602301176133e-02, -6.890732798589655e-03,  5.386671955870255e-03,  1.754467215650208e-02, -9.914425084739355e-03,  6.948644591139046e-03,  2.380761032551711e-02, -1.278930976374999e-02,  8.503343700777028e-03,  2.953558404713271e-02, -1.565080717403988e-02,  9.311900693988372e-03,  3.574269213102055e-02, -1.713899464889831e-02,  1.387778780781446e-17, -2.775557561562891e-17, -3.330669073875470e-16, -6.513886652292911e-16,  0.000000000000000e+00, -3.747002708109903e-16,  5.707240235963694e-16,  0.000000000000000e+00, -2.636779683484746e-16, -3.165870343657673e-16,  1.387778780781446e-17, -3.747002708109903e-16,  1.517883041479706e-17,  1.387778780781446e-17, -2.914335439641036e-16,  6.800116025829082e-16, -2.775557561562891e-17, -2.498001805406602e-16, -1.110223024625156e-16, -8.465450562766817e-16
  1.166666666666667e+00,  4.634915760903536e-01,  4.681334109977209e-01,  1.050351917730271e+00,  1.582092264977717e+00, -1.798209894497730e-01,  1.287536193695906e-01,  6.648598612700035e-04, -6.800116571375354e-15, -1.217943281017691e-03,  2.130322934515508e-03,  5.090919776436411e-03, -3.902495331221804e-03,  3.761910399033926e-03,  1.122124661491600e-02, -6.891367280936271e-03,  5.412657828544512e-03,  1.758419867832775e-02, -9.915337981506277e-03,  6.982165584265437e-03,  2.386124666712104e-02, -1.279048737308514e-02,  8.544364726100795e-03,  2.960212498315023e-02, -1.565224826327553e-02,  9.356822283380547e-03,  3.582321710680680e-02, -1.714057276690946e-02,  3.478120569333497e-16,  0.000000000000000e+00, -2.498001805406602e-16,  1.127570259384924e-17, -1.387778780781445e-17, -2.498001805406602e-16,  1.262011328773127e-16, -2.775557561562891e-17, -3.191891195797325e-16,  1.604619215278546e-17,  1.387778780781445e-17, -3.053113317719180e-16,  1.344410693882025e-17, -4.163336342344337e-17, -3.053113317719180e-16,  1.235990476633475e-16, -1.387778780781446e-17, -2.636779683484747e-16, -6.938893903907227e-17, -7.910339050454240e-16
  1.175000000000000e+00,  4.635665635639230e-01,  4.681471942112868e-01,  1.050344808055157e+00,  1.582062440499844e+00, -1.798526823552038e-01,  1.285152937693128e-01,  6.680995665601341e-04, -6.189493860067032e-15, -1.218117808381924e-03,  2.140703495717930e-03,  5.102525083094537e-03, -3.903054546280934e-03,  3.780241301125200e-03,  1.124682666994813e-02, -6.892354791755609e-03,  5.439032433515984e-03,  1.762428377629461e-02, -9.916758817623869e-03,  7.016188030345399e-03,  2.391564098031834e-02, -1.279232020888532e-02,  8.585999400139616e-03,  2.966960625435454e-02, -1.565449118022852e-02,  9.402415871470390e-03,  3.590488003574910e-02, -1.714302895598794e-02, -3.200564813177209e-16, -1.387778780781445e-17, -3.191891195797325e-16,  7.888655007004530e-16, -1.387778780781446e-17, -1.665334536937735e-16, -9.844555726168380e-16,  2.775557561562891e-17, -3.885780586188048e-16,  1.011777467363473e-15, -5.551115123125783e-17, -2.081668171172169e-16,  3.456436525883788e-16,  0.000000000000000e+00, -2.220446049250313e-16, -3.213575239247035e-16, -4.163336342344337e-17, -3.053113317719180e-16, -6.938893903907227e-17, -8.326672684688672e-16
  1.183333333333333e+00,  4.636418332656074e-01,  4.681619371959047e-01,  1.050337942453082e+00,  1.582041158018013e+00, -1.798972065949352e-01,  1.282787071259333e-01,  6.713399557224795e-04, -5.648260093166710e-15, -1.218311354675163e-03,  2.151086248160954e-03,  5.113956101028475e-03, -3.903674701190945e-03,  3.798576072701546e-03,  1.127202256320936e-02, -6.893449915488532e-03,  5.465412605923257e-03,  1.766376687546959e-02, -9.918334487806525e-03,  7.050217658250217e-03,  2.396921839864751e-02, -1.279435277596606e-02,  8.627642862873711e-03,  2.973607409049722e-02, -1.565697851660825e-02,  9.448019083945717e-03,  3.598531654921412e-02, -1.714575280559048e-02,  6.761084747619604e-16, -1.387778780781445e-17, -1.387778780781445e-16,  6.787105599759256e-16, -1.387778780781445e-17, -1.804112415015879e-16,  9.107298248878237e-18, -1.387778780781446e-17, -2.081668171172169e-16, -7.650130529057717e-16,  1.387778780781445e-17, -3.053113317719180e-16,  1.010042743887496e-15, -4.163336342344336e-17, -1.665334536937735e-16, -9.887923813067800e-16, -2.775557561562891e-17, -3.885780586188048e-16, -1.249000902703301e-16, -6.938893903907226e-16
  1.191666666666667e+00,  4.637174641108381e-01,  4.681775004001019e-01,  1.050331344414204e+00,  1.582028643995522e+00, -1.799544406554888e-01,  1.280450019684623e-01,  6.745150620134669e-04, -4.760081602792381e-15, -1.218491160887898e-03,  2.161259823298425e-03,  5.124833428821134e-03, -3.904250830569424e-03,  3.816541460711640e-03,  1.129599802992751e-02, -6.894467295090953e-03,  5.491261307178657e-03,  1.770133751130244e-02, -9.919798299297591e-03,  7.083561704379068e-03,  2.402020065979074e-02, -1.279624104870289e-02,  8.668447350839667e-03,  2.979932238960460e-02, -1.565928927403329e-02,  9.492703546103948e-03,  3.606185691757903e-02, -1.714828328588423e-02,  8.890457814381136e-18, -2.775557561562891e-17, -2.220446049250313e-16,  1.201296007113939e-16, -4.163336342344336e-17, -2.220446049250313e-16,  9.540979117872439e-18, -1.387778780781446e-17, -1.942890293094024e-16,  9.974659986866641e-18,  0.000000000000000e+00, -1.942890293094024e-16,  3.449931312848875e-16, -1.387778780781446e-17, -2.220446049250313e-16,  9.974659986866639e-18, -2.775557561562891e-17, -2.081668171172168e-16, -1.249000902703301e-16, -6.245004513516506e-16
  1.200000000000000e+00,  4.637935337196367e-01,  4.681936313024498e-01,  1.050325081502122e+00,  1.582024988850389e+00, -1.800241167254358e-01,  1.278157265952991e-01,  6.775371884901430e-04, -3.941292056688815e-15, -1.218644631955817e-03,  2.170943225350579e-03,  5.134760090738871e-03, -3.904742577710451e-03,  3.833641258255798e-03,  1.131787806856932e-02, -6.895335665164163e-03,  5.515864592007078e-03,  1.773562451699378e-02, -9.921047715040085e-03,  7.115299200822825e-03,  2.406672713024395e-02, -1.279785275738165e-02,  8.707285837528828e-03,  2.985704286048266e-02, -1.566126158858479e-02,  9.535235065925849e-03,  3.613170774622668e-02, -1.715044314180511e-02, -2.099015405931936e-16,  5.551115123125781e-17, -1.942890293094023e-16,  3.421742056364251e-16, -1.387778780781445e-17, -1.804112415015879e-16,  7.372574772901429e-18, -5.551115123125781e-17, -1.942890293094023e-16,  3.428247269399165e-16,  0.000000000000000e+00, -1.526556658859590e-16,  2.300677010014240e-16, -4.163336342344336e-17, -1.665334536937735e-16, -4.351987520356814e-16,  0.000000000000000e+00, -2.636779683484746e-16, -1.665334536937735e-16, -5.134781488891348e-16
  1.208333333333333e+00,  4.638700918402176e-01,  4.682099688606458e-01,  1.050319241942541e+00,  1.582029965884178e+00, -1.801056020082254e-01,  1.275927838605939e-01,  6.803110589460253e-04, -3.025357987693718e-15, -1.218782306521900e-03,  2.179831173315654e-03,  5.143422358537413e-03, -3.905183710199828e-03,  3.849336373460840e-03,  1.133697116912310e-02, -6.896114655462896e-03,  5.538446811988242e-03,  1.776554426522026e-02, -9.922168530660610e-03,  7.144429584484247e-03,  2.410732735921552e-02, -1.279929857577597e-02,  8.742933892507869e-03,  2.990741127036134e-02, -1.566303089633576e-02,  9.574272785624671e-03,  3.619266142720279e-02, -1.715238068762898e-02,  5.204170427930421e-18, -2.775557561562891e-17, -1.387778780781446e-16, -6.559423143537301e-16,  2.775557561562891e-17, -2.636779683484746e-16, -2.146720301521298e-16, -4.163336342344336e-17, -2.359223927328457e-16,  6.715548256375212e-16,  0.000000000000000e+00, -4.163336342344336e-17,  2.296340201324298e-16, -1.387778780781446e-17, -1.526556658859590e-16,  3.384879182499745e-16,  0.000000000000000e+00, -8.326672684688674e-17, -1.665334536937735e-16, -3.885780586188047e-16
  1.216666666666667e+00,  4.639471389643601e-01,  4.682260629825225e-01,  1.050313960758909e+00,  1.582042765752985e+00, -1.801979410275835e-01,  1.273792355180421e-01,  6.827524406596389e-04,  4.564404781232208e-14, -1.218962270678924e-03,  2.187653771356454e-03,  5.150652161710380e-03, -3.905760345651320e-03,  3.863150200660482e-03,  1.135290687574761e-02, -6.897132928732548e-03,  5.558322224205494e-03,  1.779051623495176e-02, -9.923633627968562e-03,  7.170068267640238e-03,  2.414121359648545e-02, -1.280118850718799e-02,  8.774309009196684e-03,  2.994945034080962e-02, -1.566534368356572e-02,  9.608631266334882e-03,  3.624353530010545e-02, -1.715491339077397e-02, -3.510646634508062e-16,  9.714451465470117e-17,  4.718447854656914e-16, -4.612196041753336e-16,  1.249000902703301e-16,  4.579669976578771e-16, -5.724587470723463e-16,  9.714451465470120e-17,  4.163336342344337e-16, -1.238809402281937e-15,  1.387778780781446e-16,  3.885780586188048e-16, -1.951563910473908e-17,  6.938893903907228e-17,  4.718447854656915e-16, -4.620869659133220e-16,  8.326672684688674e-17,  4.302114220422482e-16,  8.465450562766819e-16,  1.304512053934559e-15
  1.225000000000000e+00,  4.640245677742784e-01,  4.682412953385914e-01,  1.050309204083220e+00,  1.582061955450093e+00, -1.802987726692851e-01,  1.271752862109030e-01,  6.847860171246933e-04,  3.452793887882663e-14, -1.219156820304611e-03,  2.194169692745737e-03,  5.156545680714184e-03, -3.906383715404846e-03,  3.874656584056718e-03,  1.136589718656660e-02, -6.898233729516553e-03,  5.574877673317183e-03,  1.781087263689603e-02, -9.925217466323751e-03,  7.191424298389214e-03,  2.416883664243545e-02, -1.280323161096503e-02,  8.800443267058434e-03,  2.998371933227775e-02, -1.566784391413767e-02,  9.637250550986158e-03,  3.628500615809718e-02, -1.715765136064402e-02, -4.662069341687669e-16,  1.110223024625157e-16,  5.412337245047638e-16, -5.765787153277912e-16,  8.326672684688673e-17,  4.579669976578770e-16, -7.979727989493311e-16,  1.249000902703301e-16,  4.857225732735059e-16, -3.525825464922860e-16,  9.714451465470120e-17,  4.579669976578771e-16, -4.668574554722582e-16,  1.249000902703301e-16,  5.689893001203927e-16, -6.856494538798328e-16,  4.163336342344336e-17,  3.885780586188047e-16,  7.771561172376094e-16,  1.290634266126744e-15
  1.233333333333333e+00,  4.641022241983887e-01,  4.682551315789651e-01,  1.050305076958593e+00,  1.582085762604703e+00, -1.804062111121011e-01,  1.269841088662287e-01,  6.863531175815945e-04,  2.330080763039060e-14, -1.219440610960416e-03,  2.199190946473021e-03,  5.161142738925551e-03, -3.907293028443992e-03,  3.883523552683504e-03,  1.137602987893675e-02, -6.899839473941505e-03,  5.587635517625950e-03,  1.782675102206922e-02, -9.927527820427148e-03,  7.207881533317462e-03,  2.419038314974582e-02, -1.280621189817637e-02,  8.820582665916473e-03,  3.001044980496117e-02, -1.567149101482919e-02,  9.659304943787679e-03,  3.631735422523276e-02, -1.716164525301245e-02, -2.445960101127298e-16,  8.326672684688673e-17,  5.689893001203926e-16, -2.276824562219559e-17,  1.110223024625156e-16,  6.245004513516505e-16,  1.940721888749052e-16,  2.775557561562891e-17,  6.522560269672794e-16, -1.242929370537382e-15,  6.938893903907227e-17,  3.747002708109902e-16, -4.685921789482349e-16,  1.110223024625156e-16,  5.689893001203926e-16, -2.474149357611921e-16,  9.714451465470117e-17,  6.245004513516505e-16,  6.522560269672794e-16,  1.595945597898662e-15
  1.241666666666667e+00,  4.641798870153354e-01,  4.682671084207099e-01,  1.050301575636587e+00,  1.582112441697009e+00, -1.805175082389590e-01,  1.268073806068933e-01,  6.874036249681683e-04,  1.496025647891818e-14, -1.219844914312565e-03,  2.202556949037175e-03,  5.164462079436602e-03, -3.908588484451918e-03,  3.889467534166415e-03,  1.138334626579291e-02, -6.902127103363812e-03,  5.596187751599628e-03,  1.783821612969906e-02, -9.930819274497902e-03,  7.218913657577114e-03,  2.420594096766677e-02, -1.281045777479672e-02,  8.834083132533569e-03,  3.002975074413431e-02, -1.567668686960974e-02,  9.674089128543907e-03,  3.634071139079794e-02, -1.716733516576772e-02, -3.595214403961933e-16,  8.326672684688674e-17,  6.106226635438361e-16, -2.688821387764050e-17,  5.551115123125781e-17,  6.383782391594649e-16, -5.830839283627042e-16,  4.163336342344336e-17,  5.828670879282071e-16, -6.949735925632083e-16,  6.938893903907228e-17,  6.245004513516506e-16, -4.729289876381769e-16,  4.163336342344336e-17,  5.828670879282071e-16, -8.057790545912267e-16,  5.551115123125781e-17,  5.689893001203926e-16,  4.996003610813203e-16,  1.817990202823694e-15
  1.250000000000000e+00,  4.642573224067897e-01,  4.682769241190394e-01,  1.050298641770576e+00,  1.582140443362271e+00, -1.806296848669911e-01,  1.266461132990544e-01,  6.879013510683933e-04,  1.090794210891699e-14, -1.220386442056611e-03,  2.204151747298796e-03,  5.166424924111993e-03, -3.910323630515271e-03,  3.892283768314145e-03,  1.138767270682438e-02, -6.905191175908707e-03,  5.600239765129662e-03,  1.784499585759838e-02, -9.935227879297343e-03,  7.224140632997763e-03,  2.421514086143560e-02, -1.281614474221113e-02,  8.840479598480944e-03,  3.004116407928002e-02, -1.568364624678146e-02,  9.681093814892319e-03,  3.635452331757402e-02, -1.717495628887187e-02, -3.165870343657672e-17,  2.775557561562891e-17,  6.522560269672794e-16, -4.748805515486509e-16,  4.163336342344337e-17,  6.245004513516506e-16, -1.409462824231156e-16,  6.938893903907227e-17,  6.661338147750938e-16, -1.141664887627236e-15,  6.938893903907228e-17,  5.551115123125783e-16,  4.139483894549655e-16,  4.163336342344336e-17,  7.355227538141660e-16, -6.988767203841560e-16,  1.387778780781445e-17,  6.383782391594649e-16,  3.469446951953614e-16,  1.887379141862766e-15
  1.258333333333333e+00,  4.643343458056202e-01,  4.682844648406208e-01,  1.050296174405933e+00,  1.582168372833815e+00, -1.807399711548142e-01,  1.265005723938038e-01,  6.878263734024960e-04,  1.133815356687201e-14, -1.221064294859960e-03,  2.203911506269860e-03,  5.166875742229419e-03, -3.912495585021371e-03,  3.891859529729024e-03,  1.138866638606134e-02, -6.909026602973121e-03,  5.599629368277603e-03,  1.784655299770679e-02, -9.940746313314963e-03,  7.223353239446413e-03,  2.421725385532226e-02, -1.282326335589115e-02,  8.839516032432111e-03,  3.004378544731136e-02, -1.569235758868374e-02,  9.680038626268277e-03,  3.635769558429148e-02, -1.718449596568132e-02, -8.127179484951341e-16,  0.000000000000000e+00,  6.383782391594650e-16, -7.027798482051040e-16, -4.163336342344337e-17,  6.106226635438361e-16, -3.317658647805643e-17,  5.551115123125781e-17,  7.632783294297949e-16,  1.880006567089865e-16,  4.163336342344337e-17,  7.771561172376096e-16, -2.558717127065790e-16,  2.775557561562891e-17,  7.216449660063518e-16, -2.550043509685906e-16,  2.775557561562891e-17,  6.938893903907226e-16,  1.942890293094024e-16,  2.095545958979983e-15
  1.266666666666667e+00,  4.644108595093811e-01,  4.682897647680826e-01,  1.050294105446148e+00,  1.582194689224935e+00, -1.808470106011196e-01,  1.263707899374018e-01,  6.871772125175842e-04, -1.373901105472334e-15, -1.221872256083983e-03,  2.201831485408718e-03,  5.165656855209756e-03, -3.915084428836002e-03,  3.888186447093547e-03,  1.138597975332025e-02, -6.913598209618860e-03,  5.594344516319963e-03,  1.784234292324957e-02, -9.947323966657803e-03,  7.216535939588606e-03,  2.421154090664173e-02, -1.283174833059789e-02,  8.831173420723221e-03,  3.003669799619440e-02, -1.570274100305302e-02,  9.670902741195036e-03,  3.634911865624736e-02, -1.719586670716927e-02,  4.414871246360973e-16, -6.938893903907227e-17,  5.551115123125781e-17, -1.123233450694982e-16,  1.387778780781445e-17,  2.775557561562890e-17, -8.673617379884032e-19,  0.000000000000000e+00,  0.000000000000000e+00, -2.602085213965209e-18,  1.387778780781445e-17,  6.938893903907226e-17, -3.337174286910382e-16, -2.775557561562891e-17, -2.775557561562891e-17,  3.306816626080788e-16,  0.000000000000000e+00,  6.938893903907227e-17, -5.551115123125781e-17,  1.110223024625156e-16
  1.275000000000000e+00,  4.644867649124791e-01,  4.682930656955591e-01,  1.050292145948384e+00,  1.582218157834533e+00, -1.809463788090690e-01,  1.262548088436144e-01,  6.859513320183919e-04, -1.859623718550025e-15, -1.222729332681526e-03,  2.197903557893361e-03,  5.162582459342012e-03, -3.917830646556042e-03,  3.881250169437404e-03,  1.137920326582221e-02, -6.918447720851308e-03,  5.584364561038591e-03,  1.783172386223172e-02, -9.954301470679109e-03,  7.203662097843305e-03,  2.419713114939644e-02, -1.284074910064209e-02,  8.815419168269499e-03,  3.001882133447182e-02, -1.571375561752263e-02,  9.653650464970140e-03,  3.632748508992814e-02, -1.720792866770347e-02, -3.356689926015121e-16,  2.775557561562891e-17,  1.387778780781445e-17,  2.192256792765689e-16, -1.387778780781445e-17,  5.551115123125781e-17, -2.255140518769849e-16, -1.387778780781445e-17,  4.163336342344336e-17, -2.602085213965210e-18,  0.000000000000000e+00,  5.551115123125781e-17, -1.301042606982605e-18,  0.000000000000000e+00,  2.775557561562891e-17, -2.226951262285226e-16,  1.387778780781445e-17,  0.000000000000000e+00, -5.551115123125781e-17,  1.665334536937735e-16
  1.283333333333333e+00,  4.645619698450481e-01,  4.682946081362706e-01,  1.050290150653406e+00,  1.582236959392533e+00, -1.810364710905211e-01,  1.261514095765925e-01,  6.841764638889449e-04, -2.567390954676367e-15, -1.223577350974031e-03,  2.192216581574742e-03,  5.157643416301065e-03, -3.920547839942545e-03,  3.871207609688799e-03,  1.136831678117262e-02, -6.923245978379044e-03,  5.569915269621266e-03,  1.781466425062593e-02, -9.961205230582028e-03,  7.185022947088213e-03,  2.417398175214429e-02, -1.284965474299443e-02,  8.792609668792481e-03,  2.999010232576726e-02, -1.572465382030242e-02,  9.628672079821125e-03,  3.629273058211879e-02, -1.721986314731548e-02, -4.770489558936219e-18, -5.551115123125781e-17,  4.163336342344336e-17,  1.084202172485504e-16,  2.775557561562891e-17,  9.714451465470117e-17, -1.123233450694982e-16,  0.000000000000000e+00,  0.000000000000000e+00, -3.469446951953613e-18, -2.775557561562891e-17,  2.775557561562891e-17, -2.237793284010081e-16,  4.163336342344337e-17,  6.938893903907228e-17, -3.469446951953614e-18,  0.000000000000000e+00,  5.551115123125783e-17, -1.387778780781446e-17,  8.326672684688674e-17
  1.291666666666667e+00,  4.646363205120534e-01,  4.682947239447997e-01,  1.050287833495709e+00,  1.582249484472208e+00, -1.811136440650811e-01,  1.260581657413972e-01,  6.819010345020327e-04,  4.532485868932757e-14, -1.224324037787569e-03,  2.184925722941602e-03,  5.150979804131328e-03, -3.922940350179704e-03,  3.858332774474834e-03,  1.135362905496476e-02, -6.927470882013522e-03,  5.551390884381379e-03,  1.779164792232052e-02, -9.967284045667109e-03,  7.161127048033036e-03,  2.414274926338425e-02, -1.285749623136749e-02,  8.763367269030462e-03,  2.995135548031523e-02, -1.573424977386663e-02,  9.596649109324579e-03,  3.624584081785943e-02, -1.723037155081804e-02,  5.169475958410884e-16, -8.326672684688673e-17,  7.632783294297949e-16, -4.033232081646076e-17, -5.551115123125781e-17,  7.494005416219805e-16,  2.944693100470630e-16, -6.938893903907227e-17,  7.355227538141660e-16,  7.415942859800849e-17, -2.775557561562891e-17,  7.355227538141660e-16,  7.155734338404329e-17, -9.714451465470120e-17,  7.077671781985373e-16, -1.496198998029996e-16, -4.163336342344337e-17,  7.216449660063518e-16, -6.245004513516506e-16,  2.109423746787797e-15
  1.300000000000000e+00,  4.647096898116496e-01,  4.682937007755215e-01,  1.050285144709316e+00,  1.582253815937442e+00, -1.811779033355880e-01,  1.259744800958623e-01,  6.792274884539441e-04,  5.330458732715160e-14, -1.224952574595633e-03,  2.176359231275224e-03,  5.142994070258962e-03, -3.924954287934894e-03,  3.843205314898706e-03,  1.133602714938039e-02, -6.931027269290514e-03,  5.529625410506275e-03,  1.776406494374363e-02, -9.972400995670058e-03,  7.133050242247354e-03,  2.410531996292298e-02, -1.286409694275833e-02,  8.729008520856106e-03,  2.990492090605890e-02, -1.574232733731977e-02,  9.559023292653021e-03,  3.618964769537933e-02, -1.723921718509646e-02,  6.275362174346099e-16, -9.714451465470117e-17,  7.355227538141660e-16,  4.059252933785729e-16, -9.714451465470120e-17,  6.938893903907228e-16, -3.556183125752454e-17, -5.551115123125781e-17,  6.800116025829082e-16,  1.851817310605241e-16, -6.938893903907227e-17,  7.077671781985371e-16,  4.046242507715902e-16, -9.714451465470117e-17,  7.632783294297949e-16, -3.773023560249555e-17, -1.110223024625156e-16,  6.245004513516505e-16, -8.049116928532383e-16,  2.109423746787797e-15
  1.308333333333333e+00,  4.647819360648526e-01,  4.682919103987712e-01,  1.050281867800431e+00,  1.582248896944958e+00, -1.812266097922649e-01,  1.258977619828151e-01,  6.762636183465968e-04,  5.524747777235018e-14, -1.225401619506045e-03,  2.166862492420336e-03,  5.134293514527564e-03, -3.926393103429896e-03,  3.826435143531377e-03,  1.131684965575344e-02, -6.933568055423421e-03,  5.505496393666710e-03,  1.773401294776642e-02, -9.976056693038424e-03,  7.101924537217820e-03,  2.406454027759154e-02, -1.286881268226048e-02,  8.690918708608362e-03,  2.985432986365695e-02, -1.574809818273250e-02,  9.517311636421381e-03,  3.612842459412135e-02, -1.724553676255412e-02,  4.085273785925381e-16, -8.326672684688674e-17,  6.800116025829084e-16,  4.063589742475670e-16, -1.387778780781445e-16,  6.661338147750938e-16,  7.415942859800848e-16, -1.249000902703301e-16,  7.077671781985371e-16,  5.182486384480710e-16, -1.110223024625156e-16,  6.661338147750938e-16,  9.632052100361221e-16, -1.387778780781446e-16,  7.216449660063518e-16, -3.694961003830598e-16, -8.326672684688673e-17,  6.106226635438360e-16, -9.575673587391973e-16,  1.845745778439322e-15
  1.316666666666667e+00,  4.648529594505048e-01,  4.682897313557204e-01,  1.050277911896732e+00,  1.582234172296035e+00, -1.812588770189782e-01,  1.258258923414604e-01,  6.731337558186437e-04,  4.996004017843423e-14, -1.225642164907528e-03,  2.156833885878726e-03,  5.125662354183197e-03, -3.927163851395398e-03,  3.808725753717886e-03,  1.129782512128409e-02, -6.934929109532744e-03,  5.480016024042766e-03,  1.770420064568060e-02, -9.978014985340544e-03,  7.069055627791407e-03,  2.402408584990910e-02, -1.287133882034893e-02,  8.650695665062795e-03,  2.980414233401765e-02, -1.575118952235939e-02,  9.473263906447548e-03,  3.606768980664423e-02, -1.724892204819905e-02, -7.047314121155779e-16, -1.804112415015879e-16,  4.996003610813204e-16,  8.552186736565657e-16, -1.387778780781445e-16,  6.522560269672794e-16,  5.234528088760014e-16, -5.551115123125781e-17,  6.661338147750938e-16,  5.204170427930421e-16, -1.526556658859590e-16,  6.106226635438361e-16,  8.521829075736065e-16, -1.942890293094024e-16,  6.245004513516506e-16, -3.122502256758253e-17, -1.249000902703301e-16,  5.134781488891349e-16, -1.179611963664229e-15,  1.776356839400250e-15
  1.325000000000000e+00,  4.649226810487774e-01,  4.682875746199863e-01,  1.050273245564882e+00,  1.582209896375076e+00, -1.812745426718413e-01,  1.257567944849600e-01,  6.699594032108451e-04,  3.690104078085863e-14, -1.225659364776723e-03,  2.146662725606622e-03,  5.117944498931657e-03, -3.927218962672554e-03,  3.790764630063195e-03,  1.128081366543045e-02, -6.935026429841325e-03,  5.454173458347574e-03,  1.767754292842957e-02, -9.978155010346957e-03,  7.035719496342088e-03,  2.398791210218936e-02, -1.287151944838827e-02,  8.609900862612225e-03,  2.975926539124924e-02, -1.575141056435663e-02,  9.428590050761238e-03,  3.601338166275486e-02, -1.724916410837617e-02,  3.035766082959412e-16, -1.387778780781445e-16,  4.718447854656914e-16,  1.078130640319586e-15, -1.249000902703301e-16,  6.106226635438361e-16,  8.573870780015369e-16, -1.665334536937735e-16,  5.412337245047638e-16,  7.467984564080153e-16, -1.526556658859590e-16,  5.412337245047637e-16,  6.323067069935459e-16, -2.081668171172168e-16,  5.134781488891347e-16,  5.247538514829840e-16, -1.387778780781445e-16,  5.273559366969493e-16, -1.221245327087672e-15,  1.637578961322106e-15
  1.333333333333333e+00,  4.649910418270029e-01,  4.682858673814522e-01,  1.050267888800495e+00,  1.582177181242642e+00, -1.812740917378809e-01,  1.256884067596264e-01,  6.668460049933033e-04,  1.647293546383908e-14, -1.225450314929192e-03,  2.136686873450545e-03,  5.111908593736641e-03, -3.926549131765133e-03,  3.773148398538402e-03,  1.126750951145185e-02, -6.933843583891043e-03,  5.428827125387919e-03,  1.765669472014246e-02, -9.976453124944948e-03,  7.003023490175398e-03,  2.395962168933321e-02, -1.286932406747505e-02,  8.569889407938068e-03,  2.972416846824249e-02, -1.574872398595579e-02,  9.384774029007389e-03,  3.597090887770102e-02, -1.724622207141056e-02,  8.604228440844963e-16, -1.665334536937735e-16,  4.857225732735060e-16,  5.277896175659436e-16, -1.526556658859590e-16,  4.163336342344337e-16,  4.150325916274511e-16, -1.942890293094024e-16,  4.302114220422482e-16,  7.480994990149981e-16, -1.804112415015879e-16,  4.996003610813204e-16,  1.081166406402545e-15, -1.804112415015879e-16,  5.551115123125782e-16,  7.485331798839921e-16, -1.665334536937735e-16,  4.579669976578770e-16, -1.401656568589260e-15,  1.373900992973631e-15
  1.341666666666667e+00,  4.650580096453704e-01,  4.682850190549551e-01,  1.050261905870779e+00,  1.582137836699955e+00, -1.812585257367891e-01,  1.256186107720153e-01,  6.638682454451608e-04, -1.028344159743642e-14, -1.225023158735824e-03,  2.127145630416590e-03,  5.108067434036349e-03, -3.925180451405425e-03,  3.756299637776709e-03,  1.125904294706119e-02, -6.931426648508799e-03,  5.404585033674398e-03,  1.764342723255628e-02, -9.972975624731938e-03,  6.971751921956857e-03,  2.394161809420207e-02, -1.286483819693398e-02,  8.531621096883858e-03,  2.970183331197242e-02, -1.574323444069024e-02,  9.342866901084603e-03,  3.594387983328840e-02, -1.724021054202279e-02,  1.087237938568464e-15, -1.526556658859590e-16,  4.302114220422481e-16,  1.306246777410536e-15, -1.942890293094023e-16,  4.579669976578770e-16,  6.418476861114185e-16, -1.665334536937735e-16,  3.747002708109902e-16,  5.316927453868913e-16, -1.526556658859590e-16,  3.747002708109902e-16,  5.303917027799087e-16, -2.081668171172168e-16,  3.053113317719180e-16,  1.085069534223493e-15, -1.526556658859590e-16,  4.302114220422482e-16, -1.526556658859590e-15,  1.151856388048600e-15
  1.350000000000000e+00,  4.651235813644804e-01,  4.682853962159045e-01,  1.050255390523458e+00,  1.582094040755952e+00, -1.812291289873490e-01,  1.255452069819685e-01,  6.610661982235651e-04, -4.203582266102238e-14, -1.224394346485804e-03,  2.118167399259246e-03,  5.106566077851572e-03, -3.923165631088773e-03,  3.740445092583077e-03,  1.125573370462255e-02, -6.927868702727311e-03,  5.381773424908263e-03,  1.763824150068083e-02, -9.967856432343726e-03,  6.942325633660617e-03,  2.393458120674567e-02, -1.285823459293132e-02,  8.495610931171073e-03,  2.969310338998992e-02, -1.573515333742451e-02,  9.303432638654265e-03,  3.593331525762973e-02, -1.723136103130210e-02,  1.201296007113939e-15, -1.942890293094023e-16,  3.191891195797325e-16,  8.682290997263918e-16, -2.081668171172168e-16,  2.775557561562891e-16,  1.091141066389411e-15, -1.526556658859590e-16,  3.330669073875469e-16,  5.308253836489029e-16, -2.220446049250313e-16,  3.191891195797325e-16,  9.770829978439364e-16, -1.804112415015879e-16,  3.608224830031758e-16,  9.788177213199134e-16, -1.526556658859590e-16,  3.330669073875470e-16, -1.554312234475219e-15,  8.465450562766819e-16
  1.358333333333333e+00,  4.651877786228369e-01,  4.682873217823679e-01,  1.050248448768120e+00,  1.582047990087861e+00, -1.811873073968628e-01,  1.254660159265899e-01,  6.584632023694292e-04, -7.761847345328934e-14, -1.223583783973618e-03,  2.109826962187950e-03,  5.107251264854826e-03, -3.920568452333580e-03,  3.725716819922753e-03,  1.125724397249849e-02, -6.923282377525463e-03,  5.360582303393890e-03,  1.764060815846995e-02, -9.961257601865493e-03,  6.914989725116732e-03,  2.393779269262067e-02, -1.284972230035654e-02,  8.462158849596385e-03,  2.969708754085265e-02, -1.572473649303380e-02,  9.266799700778055e-03,  3.593813670551612e-02, -1.721995368097091e-02,  7.602425633468357e-16, -2.081668171172169e-16,  1.804112415015879e-16,  1.091574747258406e-15, -1.804112415015879e-16,  2.914335439641036e-16,  1.312318309576454e-15, -2.220446049250313e-16,  3.053113317719180e-16,  5.394990010287870e-16, -1.526556658859590e-16,  2.220446049250313e-16,  1.203898092327904e-15, -1.942890293094024e-16,  2.636779683484747e-16,  6.479192182773374e-16, -1.942890293094024e-16,  2.220446049250313e-16, -1.554312234475219e-15,  7.494005416219805e-16
  1.366666666666667e+00,  4.652506407117888e-01,  4.682910747139817e-01,  1.050241187391799e+00,  1.582001673048824e+00, -1.811345532303708e-01,  1.253790696579278e-01,  6.560885415116179e-04, -1.142835917649490e-13, -1.222611543717457e-03,  2.102218148895562e-03,  5.109806180612944e-03, -3.917453230865754e-03,  3.712280512465417e-03,  1.126287543819326e-02, -6.917781247232492e-03,  5.341250068678335e-03,  1.764943291879918e-02, -9.953342544680784e-03,  6.890051724562541e-03,  2.394976763599506e-02, -1.283951211497274e-02,  8.431641187179274e-03,  2.971194358654502e-02, -1.571224186700927e-02,  9.233380207026432e-03,  3.595611485242727e-02, -1.720627097910260e-02,  4.336808689942018e-16, -1.526556658859590e-16,  5.551115123125783e-17,  8.729995892853282e-16, -2.220446049250313e-16,  1.526556658859590e-16,  9.844555726168378e-16, -1.804112415015879e-16,  1.942890293094023e-16,  1.205632815803881e-15, -2.081668171172168e-16,  2.359223927328457e-16,  1.098513641162313e-15, -1.804112415015879e-16,  1.526556658859590e-16,  5.421010862427522e-16, -1.804112415015879e-16,  1.110223024625157e-16, -1.512678871051776e-15,  5.273559366969494e-16
  1.375000000000000e+00,  4.653122242952429e-01,  4.682968803923487e-01,  1.050233707845577e+00,  1.581956772492690e+00, -1.810724571180480e-01,  1.252827947885855e-01,  6.539865947739024e-04, -1.484090746879713e-13, -1.221497186116609e-03,  2.095483157572690e-03,  5.113815650113280e-03, -3.913882641499100e-03,  3.700387276211825e-03,  1.127171298588443e-02, -6.911475988510858e-03,  5.324138013487842e-03,  1.766328175397010e-02, -9.944270502993428e-03,  6.867977688732458e-03,  2.396856010294861e-02, -1.282780945442703e-02,  8.404628276819160e-03,  2.973525741266991e-02, -1.569792083741882e-02,  9.203798721510352e-03,  3.598432824105791e-02, -1.719058820653989e-02,  1.101549407245273e-15, -1.526556658859590e-16,  1.249000902703301e-16,  8.786374405822528e-16, -1.526556658859590e-16,  1.249000902703301e-16,  9.909607856517511e-16, -1.387778780781446e-16,  1.110223024625157e-16,  7.680488189887313e-16, -1.942890293094024e-16,  4.163336342344337e-17,  1.321425607825333e-15, -1.804112415015879e-16,  2.081668171172169e-16,  8.764690362372818e-16, -1.942890293094024e-16,  1.110223024625157e-16, -1.443289932012704e-15,  2.636779683484746e-16
  1.383333333333333e+00,  4.653725860607938e-01,  4.683049131287932e-01,  1.050225964552925e+00,  1.581914793434184e+00, -1.810011300298805e-01,  1.251744369281094e-01,  6.522165663577872e-04,  4.260481196820164e-15, -1.220197765978503e-03,  2.089811688980168e-03,  5.118777635409230e-03, -3.909719080613748e-03,  3.690372101554328e-03,  1.128265003892183e-02, -6.904123608869806e-03,  5.309728124011164e-03,  1.768042060840249e-02, -9.933691857841015e-03,  6.849389365384136e-03,  2.399181703032996e-02, -1.281416332078594e-02,  8.381880976983962e-03,  2.976410982261473e-02, -1.568122149943570e-02,  9.178888450585137e-03,  3.601924418510859e-02, -1.717230097964781e-02,  1.344410693882025e-17,  4.163336342344337e-17, -2.359223927328458e-16, -5.438358097187290e-16,  4.163336342344337e-17, -2.359223927328458e-16, -3.209238430557093e-16,  0.000000000000000e+00, -2.914335439641035e-16,  2.350550309948573e-16,  5.551115123125781e-17, -1.804112415015879e-16, -4.341145498631959e-16, -1.387778780781445e-17, -2.914335439641035e-16,  7.892991815694472e-16,  2.775557561562891e-17, -1.526556658859590e-16,  2.359223927328458e-16, -6.383782391594649e-16
  1.391666666666667e+00,  4.654318853105509e-01,  4.683152923545493e-01,  1.050218280814371e+00,  1.581876546904194e+00, -1.809251947762927e-01,  1.250563664105302e-01,  6.508199989435192e-04,  3.719247428351892e-15, -1.218843066028592e-03,  2.085336851851935e-03,  5.124249351540555e-03, -3.905378393890391e-03,  3.682470043117864e-03,  1.129471062498832e-02, -6.896458444936358e-03,  5.298358597911982e-03,  1.769932008979447e-02, -9.922663176886504e-03,  6.834723019135740e-03,  2.401746307742368e-02, -1.279993665450850e-02,  8.363933162652108e-03,  2.979592616071360e-02, -1.566381173966360e-02,  9.159234033379897e-03,  3.605774694759184e-02, -1.715323577896863e-02, -9.497611030973016e-17,  5.551115123125781e-17, -2.914335439641035e-16,  1.127570259384924e-17,  0.000000000000000e+00, -2.359223927328457e-16,  1.040834085586084e-17, -1.387778780781446e-17, -2.359223927328458e-16, -6.518223460982852e-16,  8.326672684688673e-17, -2.636779683484746e-16, -2.107689023311820e-16, -1.387778780781445e-17, -2.775557561562891e-16,  1.474514954580286e-17,  4.163336342344336e-17, -2.498001805406602e-16,  1.942890293094023e-16, -7.077671781985371e-16
  1.400000000000000e+00,  4.654902169406612e-01,  4.683280889899191e-01,  1.050210613256053e+00,  1.581842982516485e+00, -1.808450937337885e-01,  1.249270486800946e-01,  6.498394909763345e-04,  2.484124214708773e-15, -1.217397946106985e-03,  2.082195139241818e-03,  5.129757887785387e-03, -3.900747986354004e-03,  3.676922132446844e-03,  1.130685236880249e-02, -6.888281666674204e-03,  5.290376232853213e-03,  1.771834674903142e-02, -9.910898382359569e-03,  6.824426008616849e-03,  2.404328170115844e-02, -1.278476042389248e-02,  8.351332285118314e-03,  2.982795659639792e-02, -1.564523995874771e-02,  9.145434976869676e-03,  3.609650880175532e-02, -1.713289806410251e-02, -4.306451029112423e-16,  2.775557561562891e-17, -3.053113317719180e-16,  3.478120569333497e-16,  2.775557561562891e-17, -2.498001805406602e-16, -3.170207152347614e-16,  5.551115123125781e-17, -3.053113317719180e-16,  3.469446951953613e-16,  1.387778780781445e-17, -2.081668171172168e-16,  1.301042606982605e-17,  4.163336342344336e-17, -2.081668171172168e-16, -2.086004979862110e-16, -1.387778780781445e-17, -2.914335439641035e-16,  1.526556658859590e-16, -7.910339050454240e-16
  1.408333333333333e+00,  4.655476834816573e-01,  4.683433225445738e-01,  1.050203024379295e+00,  1.581814751416472e+00, -1.807623873489557e-01,  1.247867255224737e-01,  6.492927217655520e-04,  7.771561787605088e-16, -1.215877597134688e-03,  2.080443198632334e-03,  5.134938819895189e-03, -3.895876532273519e-03,  3.673828402619914e-03,  1.131827201779903e-02, -6.879679227360059e-03,  5.285924956990372e-03,  1.773624185317732e-02, -9.898521144318216e-03,  6.818683996813195e-03,  2.406756483751390e-02, -1.276879415958833e-02,  8.344305547852244e-03,  2.985808211529667e-02, -1.562570138094097e-02,  9.137740088609285e-03,  3.613296540764344e-02, -1.711150162258058e-02,  1.387778780781445e-17,  1.387778780781445e-17, -2.775557561562891e-16, -9.540979117872437e-17,  4.163336342344336e-17, -2.775557561562891e-16,  1.474514954580286e-17, -1.387778780781445e-17, -3.191891195797325e-16,  1.474514954580286e-17,  5.551115123125781e-17, -2.359223927328457e-16,  1.262011328773127e-16,  1.387778780781446e-17, -2.914335439641036e-16, -7.641456911677835e-16,  0.000000000000000e+00, -4.024558464266192e-16,  2.081668171172168e-16, -9.575673587391973e-16
  1.416666666666667e+00,  4.656043680090245e-01,  4.683609789123033e-01,  1.050195583873128e+00,  1.581792324503333e+00, -1.806785099740396e-01,  1.246361497630398e-01,  6.491778153332938e-04, -1.276756579180501e-15, -1.214300982989459e-03,  2.080075019072483e-03,  5.139556975983338e-03, -3.890824795105632e-03,  3.673178238979597e-03,  1.132845121343849e-02, -6.870758428415679e-03,  5.284989497888714e-03,  1.775219311106221e-02, -9.885685848652036e-03,  6.817477282745914e-03,  2.408921023097496e-02, -1.275223701474328e-02,  8.342828841952284e-03,  2.988493526557488e-02, -1.560543971818452e-02,  9.136122967254315e-03,  3.616546193392245e-02, -1.708931334016842e-02,  1.604619215278547e-17,  0.000000000000000e+00, -3.330669073875470e-16, -4.293440603042597e-16,  1.387778780781445e-17, -3.747002708109902e-16,  1.604619215278546e-17,  0.000000000000000e+00, -3.191891195797325e-16,  5.715913853343578e-16,  4.163336342344336e-17, -2.081668171172168e-16, -9.584347204771857e-17,  0.000000000000000e+00, -3.330669073875469e-16, -9.367506770274756e-17,  0.000000000000000e+00, -3.469446951953613e-16,  1.665334536937735e-16, -9.159339953157539e-16
  1.425000000000000e+00,  4.656603327706634e-01,  4.683810149957037e-01,  1.050188365522344e+00,  1.581776012058339e+00, -1.805947091211331e-01,  1.244765514102603e-01,  6.494719295100357e-04, -3.511080592230276e-15, -1.212690033296138e-03,  2.081017410406847e-03,  5.143526469823242e-03, -3.885663041061169e-03,  3.674842395948107e-03,  1.133720064797842e-02, -6.861643352057011e-03,  5.287383896288952e-03,  1.776590386892918e-02, -9.872571025549495e-03,  6.820565984571774e-03,  2.410781533101319e-02, -1.273531928792390e-02,  8.346608614088327e-03,  2.990801664536896e-02, -1.558473679635685e-02,  9.140262146384640e-03,  3.619339402595926e-02, -1.706664184070689e-02,  3.495467804093266e-16,  2.775557561562891e-17, -2.636779683484747e-16, -6.483528991463316e-16,  0.000000000000000e+00, -4.440892098500625e-16,  3.482457378023439e-16,  0.000000000000000e+00, -2.914335439641035e-16,  2.372234353398283e-16,  1.387778780781445e-17, -2.775557561562891e-16, -6.461844948013605e-16,  5.551115123125781e-17, -4.302114220422481e-16,  6.834810495348618e-16,  1.387778780781445e-17, -2.498001805406602e-16,  5.551115123125783e-17, -9.436895709313831e-16
  1.433333333333333e+00,  4.657156263905493e-01,  4.684033494081745e-01,  1.050181435605205e+00,  1.581765967161156e+00, -1.805120149179370e-01,  1.243095137738249e-01,  6.501315606791139e-04, -5.523359982324629e-15, -1.211064277920107e-03,  2.083130979729379e-03,  5.146898936755616e-03, -3.880453847116208e-03,  3.678574721351962e-03,  1.134463413442649e-02, -6.852444502176202e-03,  5.292753987060236e-03,  1.777755247688579e-02, -9.859335668632573e-03,  6.827493239932624e-03,  2.412362215354210e-02, -1.271824607611450e-02,  8.355085782904741e-03,  2.992762649822510e-02, -1.556384360111761e-02,  9.149545383305525e-03,  3.621712502556591e-02, -1.704376197531569e-02, -9.020562075079397e-17,  6.938893903907228e-17, -3.469446951953614e-16,  4.597017211338538e-16, -2.775557561562891e-17, -3.191891195797325e-16, -5.377642775528101e-16,  6.938893903907227e-17, -3.608224830031758e-16,  5.746271514173173e-16, -1.387778780781445e-17, -3.469446951953613e-16,  1.647987302177966e-17,  2.775557561562891e-17, -3.191891195797325e-16,  1.647987302177966e-17,  0.000000000000000e+00, -3.608224830031758e-16,  2.775557561562891e-17, -9.714451465470118e-16
  1.441666666666667e+00,  4.657703052473539e-01,  4.684278629627263e-01,  1.050174838966236e+00,  1.581762162419346e+00, -1.804312572939654e-01,  1.241367471190074e-01,  6.510969402730518e-04, -7.230328016251835e-15, -1.209432712457316e-03,  2.086224218480182e-03,  5.149843538053766e-03, -3.875226036674929e-03,  3.684037032644408e-03,  1.135112453278555e-02, -6.843212777659360e-03,  5.300613191249312e-03,  1.778772322334447e-02, -9.846053011504919e-03,  6.837631376639399e-03,  2.413742356095939e-02, -1.270111184845751e-02,  8.367492239987277e-03,  2.994474844466082e-02, -1.554287573826263e-02,  9.163131532519053e-03,  3.623784526794181e-02, -1.702080034239297e-02,  1.262011328773127e-16, -5.551115123125783e-17, -3.747002708109903e-16,  1.734723475976807e-17, -1.387778780781446e-17, -3.747002708109903e-16, -9.454242944073599e-17,  2.775557561562891e-17, -3.053113317719180e-16, -2.042636892962690e-16,  1.387778780781445e-17, -3.885780586188047e-16,  3.499804612783207e-16,  1.387778780781445e-17, -2.914335439641035e-16,  5.741934705483230e-16,  1.387778780781445e-17, -3.053113317719180e-16,  4.163336342344336e-17, -9.992007221626407e-16
  1.450000000000000e+00,  4.658244539322669e-01,  4.684544031026084e-01,  1.050168596874038e+00,  1.581764367101407e+00, -1.803531479830853e-01,  1.239598924552077e-01,  6.522986520927763e-04, -8.645862483059228e-15, -1.207790568270640e-03,  2.090074705471024e-03,  5.152619195682589e-03, -3.869964330221857e-03,  3.690836559050125e-03,  1.135724255077628e-02, -6.833921196603098e-03,  5.310396388064254e-03,  1.779731043299863e-02, -9.832684232451405e-03,  6.850251405885791e-03,  2.415043312588814e-02, -1.268386652610999e-02,  8.382935891593838e-03,  2.996088803587231e-02, -1.552177192424141e-02,  9.180043673810249e-03,  3.625737670632156e-02, -1.699768983112269e-02,  2.404760418572848e-16,  0.000000000000000e+00, -3.608224830031758e-16, -9.562663161322147e-17,  0.000000000000000e+00, -3.330669073875469e-16,  1.279358563532895e-16,  1.387778780781445e-17, -3.469446951953613e-16,  1.951563910473908e-17,  1.387778780781445e-17, -3.747002708109902e-16,  1.409462824231155e-17, -2.775557561562891e-17, -3.330669073875469e-16,  4.636048489548016e-16,  1.387778780781445e-17, -3.469446951953613e-16,  6.938893903907228e-17, -1.040834085586084e-15
  1.458333333333333e+00,  4.658781890817666e-01,  4.684827714213495e-01,  1.050162718133755e+00,  1.581772136842345e+00, -1.802784021940322e-01,  1.237804287517701e-01,  6.536662609783767e-04, -9.395263082643603e-15, -1.206126407226102e-03,  2.094456754593816e-03,  5.155525168995164e-03, -3.864632078048879e-03,  3.698574764321591e-03,  1.136364780653231e-02, -6.824505039749786e-03,  5.321530161305779e-03,  1.780734775716340e-02, -9.819136213040834e-03,  6.864613638049723e-03,  2.416405348312802e-02, -1.266638998910000e-02,  8.400511548945945e-03,  2.997778537250171e-02, -1.550038516327735e-02,  9.199290546765267e-03,  3.627782513558044e-02, -1.697426946834858e-02, -5.360295540768334e-16,  0.000000000000000e+00, -4.718447854656915e-16,  1.270684946153011e-16, -1.387778780781446e-17, -3.469446951953614e-16,  2.396086801192965e-16,  0.000000000000000e+00, -3.469446951953614e-16, -3.152859917587846e-16,  1.387778780781445e-17, -4.024558464266191e-16,  9.046582927219047e-16, -2.775557561562891e-17, -2.359223927328457e-16, -5.371137562493188e-16,  2.775557561562891e-17, -3.885780586188047e-16,  2.775557561562891e-17, -1.096345236817342e-15
  1.466666666666667e+00,  4.659316497228109e-01,  4.685127057654916e-01,  1.050157212618504e+00,  1.581784821770162e+00, -1.802077882762044e-01,  1.235996700273483e-01,  6.551383293182505e-04, -9.464652026274644e-15, -1.204433702529109e-03,  2.099173509400851e-03,  5.158848894984319e-03, -3.859208367207552e-03,  3.706904022140988e-03,  1.137097385970979e-02, -6.814927377187211e-03,  5.333514344274564e-03,  1.781882801234543e-02, -9.805355818308296e-03,  6.880072873147712e-03,  2.417963185583118e-02, -1.264861369492306e-02,  8.419429654149180e-03,  2.999711181182050e-02, -1.547863157707377e-02,  9.220007516838064e-03,  3.630121316032659e-02, -1.695044740004279e-02,  3.497636208438237e-16,  0.000000000000000e+00, -2.914335439641036e-16, -3.181049174072470e-16, -1.387778780781445e-17, -3.469446951953613e-16,  4.646890511272871e-16,  4.163336342344336e-17, -3.053113317719180e-16, -9.584347204771857e-17, -4.163336342344336e-17, -3.885780586188047e-16,  1.778091562876227e-17,  1.387778780781445e-17, -3.747002708109902e-16,  3.475952164988526e-16, -5.551115123125781e-17, -3.191891195797325e-16,  5.551115123125783e-17, -1.026956297778270e-15
  1.475000000000000e+00,  4.659849867046568e-01,  4.685438841730028e-01,  1.050152098012631e+00,  1.581801620341413e+00, -1.801420486554781e-01,  1.234188324483765e-01,  6.566673364231859e-04, -9.298118558712126e-15, -1.202716296638476e-03,  2.104072705594566e-03,  5.162831027026794e-03, -3.853705509583567e-03,  3.715555450899838e-03,  1.137975115097791e-02, -6.805209950320203e-03,  5.345962068606110e-03,  1.783258242295589e-02, -9.791374329908242e-03,  6.896130062644192e-03,  2.419829619137026e-02, -1.263057799597156e-02,  8.439079500871029e-03,  3.002026667883378e-02, -1.545656054652142e-02,  9.241525807498248e-03,  3.632923418343176e-02, -1.692627770257447e-02,  1.272853350497982e-16, -1.387778780781445e-17, -3.191891195797325e-16, -9.519295074422726e-17, -1.387778780781445e-17, -3.608224830031758e-16,  6.828305282313707e-16,  1.387778780781446e-17, -2.636779683484747e-16,  1.496198998029996e-17, -2.775557561562891e-17, -3.191891195797325e-16,  1.281526967877866e-16, -2.775557561562891e-17, -3.608224830031758e-16, -4.276093368282829e-16,  2.775557561562891e-17, -3.747002708109902e-16,  4.163336342344336e-17, -1.054711873393899e-15
  1.483333333333333e+00,  4.660383539928677e-01,  4.685759538016604e-01,  1.050147397098456e+00,  1.581821661717910e+00, -1.800817956885890e-01,  1.232391240418688e-01,  6.582175083532321e-04, -8.562595746595552e-15, -1.200987040690785e-03,  2.109039717451934e-03,  5.167635161312923e-03, -3.848164682380959e-03,  3.724326634488430e-03,  1.139034027395693e-02, -6.795425473452756e-03,  5.358582096856553e-03,  1.784917605543437e-02, -9.777296369591024e-03,  6.912409519005121e-03,  2.422081326848543e-02, -1.261241785115230e-02,  8.459001344748593e-03,  3.004820123482310e-02, -1.543433722641513e-02,  9.263341958692340e-03,  3.636303938034164e-02, -1.690194123480323e-02,  1.734723475976807e-17,  4.163336342344336e-17, -3.330669073875469e-16, -9.475926987523306e-17, -2.775557561562891e-17, -3.885780586188047e-16,  1.539567084929416e-17, -1.387778780781446e-17, -3.191891195797325e-16,  3.480288973678470e-16, -1.387778780781446e-17, -2.914335439641036e-16,  1.756407519426517e-17,  0.000000000000000e+00, -3.608224830031759e-16,  1.734723475976807e-17,  1.387778780781445e-17, -3.469446951953613e-16,  2.775557561562891e-17, -9.853229343548262e-16
  1.491666666666667e+00,  4.660918940137178e-01,  4.686085600573519e-01,  1.050143128230678e+00,  1.581844072699223e+00, -1.800274661509825e-01,  1.230617718920937e-01,  6.597624715446167e-04, -7.813195145724747e-15, -1.199265217980870e-03,  2.113990039632876e-03,  5.173320141853271e-03, -3.842647672524075e-03,  3.733068345986374e-03,  1.140287093078044e-02, -6.785683055335867e-03,  5.371159720498823e-03,  1.786881215886358e-02, -9.763278923640378e-03,  6.928634274699309e-03,  2.424745889027604e-02, -1.259433576804348e-02,  8.478856249157469e-03,  3.008125763952319e-02, -1.541220943365154e-02,  9.285084805347342e-03,  3.640304281803516e-02, -1.687770937777835e-02,  3.475952164988526e-16,  0.000000000000000e+00, -2.636779683484746e-16, -3.183217578417441e-16, -1.387778780781445e-17, -3.885780586188047e-16, -5.384147988563015e-16,  1.387778780781446e-17, -3.885780586188048e-16,  1.127136578515930e-15,  1.387778780781446e-17, -1.665334536937735e-16,  1.246832498358330e-16,  0.000000000000000e+00, -2.636779683484747e-16,  1.496198998029996e-17,  1.387778780781446e-17, -3.330669073875470e-16,  1.387778780781445e-17, -9.436895709313829e-16
  1.500000000000000e+00,  4.661457218782549e-01,  4.686413540691650e-01,  1.050139294367744e+00,  1.581868028895736e+00, -1.799793244995470e-01,  1.228879489477265e-01,  6.612862613684180e-04, -6.689094244972307e-15, -1.197574739054990e-03,  2.118872518784711e-03,  5.179829947693277e-03, -3.837231093427853e-03,  3.741690254334403e-03,  1.141721964180790e-02, -6.776117986632385e-03,  5.383564970695458e-03,  1.789129723508757e-02, -9.749516649022946e-03,  6.944636673839633e-03,  2.427797048536708e-02, -1.257658284826933e-02,  8.498439046657072e-03,  3.011911014840063e-02, -1.539048445167094e-02,  9.306529671278952e-03,  3.644885029450321e-02, -1.685391863358388e-02,  1.409462824231156e-17,  1.387778780781446e-17, -2.914335439641036e-16, -2.083836575517139e-16, -1.387778780781445e-17, -3.191891195797325e-16,  1.409462824231155e-17, -2.775557561562891e-17, -3.330669073875469e-16,  1.322726650432315e-17,  0.000000000000000e+00, -2.775557561562891e-16,  3.471615356298584e-16,  2.775557561562891e-17, -2.359223927328457e-16,  3.504141421473149e-16,  6.938893903907227e-17, -2.220446049250313e-16, -1.387778780781445e-17, -8.465450562766817e-16
  1.508333333333333e+00,  4.661999409558397e-01,  4.686739947047835e-01,  1.050135876788082e+00,  1.581892772809061e+00, -1.799375907165005e-01,  1.227186615028900e-01,  6.627847968597729e-04, -5.898060277771276e-15, -1.195943435782126e-03,  2.123674078794876e-03,  5.187008082206616e-03, -3.832004123088296e-03,  3.750169268591658e-03,  1.143304146205568e-02, -6.766887745640406e-03,  5.395764624071248e-03,  1.791609073978575e-02, -9.736236126398493e-03,  6.960373859273038e-03,  2.431161455082231e-02, -1.255945137405732e-02,  8.517697291177779e-03,  3.016084878194355e-02, -1.536951995832049e-02,  9.327619123478660e-03,  3.649936059172072e-02, -1.683096069056179e-02,  3.499804612783207e-16,  4.163336342344336e-17, -2.636779683484746e-16,  1.233822072288504e-16, -4.163336342344336e-17, -2.636779683484746e-16, -2.072994553792284e-16,  2.775557561562891e-17, -3.330669073875470e-16, -9.671083378570697e-17,  4.163336342344336e-17, -2.775557561562891e-16,  4.573164763543857e-16, -1.387778780781445e-17, -2.081668171172168e-16,  3.460773334573730e-16, -2.775557561562891e-17, -2.636779683484747e-16,  1.387778780781446e-17, -7.355227538141662e-16
  1.516666666666667e+00,  4.662547149880562e-01,  4.687061751257672e-01,  1.050132836775737e+00,  1.581917538072447e+00, -1.799028250660822e-01,  1.225546505565170e-01,  6.642664302017212e-04, -4.898859477422482e-15, -1.194403750502552e-03,  2.128421481479157e-03,  5.194645278558674e-03, -3.827070712223306e-03,  3.758552647109648e-03,  1.144987513209309e-02, -6.758175897622098e-03,  5.407826676205021e-03,  1.794246985866274e-02, -9.723701470499052e-03,  6.975933543250003e-03,  2.434741024864512e-02, -1.254328204545664e-02,  8.536738319826978e-03,  3.020525671819110e-02, -1.534973288233767e-02,  9.348470705412157e-03,  3.655310116414191e-02, -1.680929212193063e-02,  5.707240235963694e-16,  1.387778780781445e-17, -2.220446049250313e-16, -5.447031714567173e-16,  0.000000000000000e+00, -3.053113317719180e-16,  5.670377362099187e-16,  0.000000000000000e+00, -1.942890293094023e-16,  1.235990476633475e-17,  0.000000000000000e+00, -2.498001805406602e-16,  1.539567084929416e-17,  2.775557561562891e-17, -2.914335439641036e-16,  3.452099717193845e-16, -1.387778780781445e-17, -2.081668171172168e-16, -1.387778780781445e-17, -7.355227538141662e-16
  1.525000000000000e+00,  4.663103410509852e-01,  4.687376585175728e-01,  1.050130122578426e+00,  1.581941411054390e+00, -1.798763164636995e-01,  1.223963306610960e-01,  6.657509454972405e-04, -3.955169832816734e-15, -1.192992789971014e-03,  2.133178118427034e-03,  5.202540245358506e-03, -3.822549757123910e-03,  3.766952332297435e-03,  1.146727697171287e-02, -6.750192400037299e-03,  5.419912190470129e-03,  1.796973932485660e-02, -9.712214769297327e-03,  6.991523492668887e-03,  2.438441412190634e-02, -1.252846454685471e-02,  8.555816385547593e-03,  3.025116350991876e-02, -1.533160009662017e-02,  9.369362846161128e-03,  3.660865558693057e-02, -1.678943514497553e-02, -1.003971211721577e-16, -2.775557561562891e-17, -2.775557561562891e-16, -9.996344030316351e-17,  0.000000000000000e+00, -2.498001805406602e-16, -4.330303476907105e-16,  1.387778780781446e-17, -2.775557561562891e-16,  1.322726650432315e-17, -1.387778780781445e-17, -2.775557561562891e-16, -2.099015405931936e-16,  2.775557561562891e-17, -2.220446049250313e-16,  1.062518129035794e-17, -2.775557561562891e-17, -2.775557561562891e-16,  1.387778780781445e-17, -6.522560269672794e-16
  1.533333333333333e+00,  4.663672141304472e-01,  4.687682647953257e-01,  1.050127675821892e+00,  1.581963279003134e+00, -1.798598161567679e-01,  1.222438461469211e-01,  6.672620791656881e-04, -3.080869132808424e-15, -1.191747923676027e-03,  2.138020045120040e-03,  5.210509075591598e-03, -3.818560995923237e-03,  3.775502629571556e-03,  1.148484161880889e-02, -6.743148696945649e-03,  5.432214406251409e-03,  1.799726391769609e-02, -9.702080249694956e-03,  7.007392980514872e-03,  2.442176419461270e-02, -1.251539132179205e-02,  8.575236534001027e-03,  3.029749979468097e-02, -1.531560185055555e-02,  9.390629597244808e-03,  3.666472976369765e-02, -1.677191567453245e-02,  9.107298248878236e-18,  1.387778780781445e-17, -1.804112415015879e-16, -3.243932900076629e-16, -1.387778780781445e-17, -2.498001805406602e-16,  9.757819552369538e-18,  0.000000000000000e+00, -2.081668171172168e-16,  3.443426099813961e-16,  1.387778780781445e-17, -1.665334536937735e-16, -5.447031714567173e-16, -1.387778780781445e-17, -3.191891195797325e-16,  1.010476424756490e-15, -1.387778780781445e-17, -9.714451465470117e-17,  1.387778780781445e-17, -5.828670879282071e-16
  1.541666666666667e+00,  4.664256838863372e-01,  4.687977898007922e-01,  1.050125433010970e+00,  1.581981938313692e+00, -1.798545551879833e-01,  1.220972483581884e-01,  6.688121904460855e-04, -2.095546121827516e-15, -1.190697518529986e-03,  2.142986862648944e-03,  5.218330164671782e-03, -3.815195320983673e-03,  3.784273469997320e-03,  1.150208061946304e-02, -6.737205294023133e-03,  5.444833940757327e-03,  1.802427820789924e-02, -9.693528848161175e-03,  7.023671799961541e-03,  2.445842180146926e-02, -1.250436027135825e-02,  8.595157598460232e-03,  3.034297701030426e-02, -1.530210269802444e-02,  9.412444894906150e-03,  3.671976433198079e-02, -1.675713292879813e-02,  8.023096076392731e-18,  1.387778780781445e-17, -1.526556658859590e-16,  7.372574772901429e-18,  0.000000000000000e+00, -1.665334536937735e-16,  3.417405247674309e-16, -4.163336342344336e-17, -2.081668171172168e-16,  3.428247269399164e-16,  2.775557561562891e-17, -1.110223024625156e-16, -3.256943326146455e-16, -2.775557561562891e-17, -2.359223927328457e-16,  1.062518129035794e-17,  1.387778780781445e-17, -1.804112415015879e-16, -2.775557561562891e-17, -5.412337245047637e-16
  1.550000000000000e+00,  4.664859598410766e-01,  4.688259465979349e-01,  1.050123403208466e+00,  1.581996174691081e+00, -1.798612760180470e-01,  1.219577323395006e-01,  6.703919112225493e-04, -1.929012655208116e-15, -1.189891934682587e-03,  2.148048553946035e-03,  5.225692148233377e-03, -3.812614094704651e-03,  3.793211846797035e-03,  1.151830767405144e-02, -6.732647139096256e-03,  5.457694527530429e-03,  1.804970673305744e-02, -9.686970549232402e-03,  7.040261569565400e-03,  2.449292757124205e-02, -1.249590026326296e-02,  8.615459185481915e-03,  3.038578466926311e-02, -1.529174983631865e-02,  9.434676897841684e-03,  3.677156831774354e-02, -1.674579564509004e-02, -1.160096324559489e-16,  4.163336342344336e-17,  1.387778780781445e-16,  5.481726184086710e-16,  4.163336342344337e-17,  2.914335439641036e-16, -4.501607420159814e-16,  2.775557561562891e-17,  1.110223024625157e-16, -4.490765398434958e-16,  4.163336342344336e-17,  9.714451465470117e-17, -7.155734338404328e-18,  1.387778780781445e-17,  1.804112415015879e-16,  3.265616943526339e-16,  0.000000000000000e+00,  1.804112415015879e-16,  2.914335439641036e-16,  4.440892098500625e-16
  1.558333333333333e+00,  4.665480604614121e-01,  4.688523545333255e-01,  1.050121332878612e+00,  1.582005257310998e+00, -1.798768937647985e-01,  1.218230432885223e-01,  6.719628701377764e-04,  2.262079588533545e-15, -1.189237838872849e-03,  2.153082170810718e-03,  5.232262489067120e-03, -3.810518261602417e-03,  3.802100647326051e-03,  1.153278981441890e-02, -6.728946133856842e-03,  5.470483783696332e-03,  1.807240089905921e-02, -9.681645522089884e-03,  7.056759324841314e-03,  2.452372289507790e-02, -1.248903113862473e-02,  8.635648170764168e-03,  3.042398917037319e-02, -1.528334380447333e-02,  9.456785592094768e-03,  3.681780176003854e-02, -1.673659030934129e-02, -9.757819552369540e-18,  1.387778780781446e-17,  2.081668171172169e-16, -6.754579534584693e-16,  5.551115123125783e-17,  1.942890293094024e-16,  2.133709875451472e-16,  1.387778780781445e-17,  2.498001805406602e-16, -6.756747938929662e-16,  5.551115123125781e-17,  1.804112415015879e-16, -1.040834085586084e-17,  2.775557561562891e-17,  2.498001805406602e-16, -4.551480720094147e-16,  4.163336342344336e-17,  2.220446049250313e-16,  2.775557561562891e-16,  6.522560269672794e-16
  1.566666666666667e+00,  4.666119923941044e-01,  4.688766734661953e-01,  1.050119228957785e+00,  1.582008341122394e+00, -1.799004940175717e-01,  1.216945064192060e-01,  6.734796285100755e-04,  5.259681988257145e-15, -1.188752865617664e-03,  2.157942120014831e-03,  5.237685493157606e-03, -3.808964325638984e-03,  3.810682770327907e-03,  1.154474303091738e-02, -6.726202057938950e-03,  5.482831790513964e-03,  1.809113212749662e-02, -9.677697330233957e-03,  7.072687881746146e-03,  2.454914062779119e-02, -1.248393809003942e-02,  8.655140604465636e-03,  3.045552226295593e-02, -1.527711123033137e-02,  9.478131501801181e-03,  3.685596175097730e-02, -1.672976509875402e-02, -3.458604930228759e-16,  2.775557561562891e-17,  2.914335439641036e-16, -1.235990476633475e-17,  2.775557561562891e-17,  2.775557561562891e-16, -4.588343593958655e-16,  4.163336342344337e-17,  2.914335439641036e-16,  8.738669510233164e-16, -4.163336342344336e-17,  3.747002708109902e-16, -7.892991815694470e-16,  6.938893903907227e-17,  2.498001805406602e-16,  3.200564813177209e-16,  2.775557561562891e-17,  3.469446951953613e-16,  2.359223927328458e-16,  9.020562075079397e-16
  1.575000000000000e+00,  4.666777552468754e-01,  4.688986443290213e-01,  1.050117002189863e+00,  1.582004906157966e+00, -1.799301348577834e-01,  1.215721020258968e-01,  6.748914380839910e-04,  7.341350321663720e-15, -1.188396633654670e-03,  2.162465795601116e-03,  5.241672251162319e-03, -3.807822898450679e-03,  3.818671071990801e-03,  1.155353051858440e-02, -6.724186426063789e-03,  5.494325403850465e-03,  1.810490251632125e-02, -9.674797227761225e-03,  7.087514296794981e-03,  2.456782664529892e-02, -1.248019704519256e-02,  8.673284301604349e-03,  3.047870402848625e-02, -1.527253315906727e-02,  9.498000427703010e-03,  3.688401532549337e-02, -1.672475171267217e-02,  4.286935390007685e-16,  4.163336342344337e-17,  4.163336342344337e-16, -4.616532850443278e-16,  1.387778780781446e-17,  3.330669073875470e-16, -1.778091562876227e-17,  1.387778780781445e-17,  3.885780586188047e-16, -3.486794186713381e-16,  2.775557561562891e-17,  3.469446951953613e-16, -1.756407519426517e-17,  0.000000000000000e+00,  3.469446951953613e-16,  2.055647319032516e-16,  1.387778780781445e-17,  3.885780586188047e-16,  2.081668171172169e-16,  1.110223024625157e-15
  1.583333333333333e+00,  4.667454047827329e-01,  4.689181434271221e-01,  1.050114570680943e+00,  1.581994692188312e+00, -1.799642049682427e-01,  1.214556538062425e-01,  6.761569958508796e-04,  8.978929410825153e-15, -1.188123821024346e-03,  2.166520855773619e-03,  5.244032911484914e-03, -3.806948760849176e-03,  3.825831851604092e-03,  1.155873381244966e-02, -6.722642797498444e-03,  5.504628373813995e-03,  1.811305631208327e-02, -9.672576246303397e-03,  7.100804817750807e-03,  2.457889110922237e-02, -1.247733204600130e-02,  8.689548461636665e-03,  3.049243053860359e-02, -1.526902714109479e-02,  9.515811097049194e-03,  3.690062655701523e-02, -1.672091231815659e-02,  9.085614205428527e-17,  1.387778780781446e-17,  4.579669976578771e-16, -2.103352214621879e-17, -2.775557561562891e-17,  4.163336342344337e-16, -1.307547820017518e-16,  4.163336342344336e-17,  4.440892098500625e-16, -5.757113535898028e-16, -1.387778780781445e-17,  3.469446951953613e-16, -3.514983443198004e-16,  6.938893903907227e-17,  4.302114220422481e-16,  2.053478914687545e-16,  1.387778780781446e-17,  3.885780586188048e-16,  1.387778780781445e-16,  1.207367539279858e-15
  1.591666666666667e+00,  4.668150706814580e-01,  4.689351889601069e-01,  1.050111886175825e+00,  1.581977747283301e+00, -1.800017549965096e-01,  1.213448812459692e-01,  6.772537128937361e-04,  1.099120880008362e-14, -1.187897657202846e-03,  2.170034921845441e-03,  5.244710939276127e-03, -3.806224093884325e-03,  3.832037296562073e-03,  1.156022830016107e-02, -6.721363117244574e-03,  5.513556802905700e-03,  1.811539824161496e-02, -9.670735035159634e-03,  7.112322222378033e-03,  2.458206903954691e-02, -1.247495693907755e-02,  8.703642785902920e-03,  3.049637306062944e-02, -1.526612062454585e-02,  9.531245607572425e-03,  3.690539762740811e-02, -1.671772942982410e-02, -2.456802122852153e-16,  1.387778780781445e-17,  4.996003610813203e-16,  1.990595188683386e-16,  0.000000000000000e+00,  4.996003610813203e-16, -2.435118079402442e-16,  1.387778780781445e-17,  4.440892098500625e-16,  3.092144595928659e-16, -2.775557561562891e-17,  4.996003610813204e-16, -8.007917245977934e-16,  2.775557561562891e-17,  4.024558464266191e-16,  4.213209642278669e-16,  0.000000000000000e+00,  5.412337245047637e-16,  6.938893903907227e-17,  1.332267629550188e-15
  1.600000000000000e+00,  4.668869310164630e-01,  4.689498862755936e-01,  1.050108940678347e+00,  1.581954449367802e+00, -1.800424207486564e-01,  1.212393367408352e-01,  6.781745678036639e-04,  1.336431070052551e-14, -1.187692648140485e-03,  2.172985496041965e-03,  5.243786678054156e-03, -3.805567210329059e-03,  3.837247678325513e-03,  1.155819107239597e-02, -6.720203134858674e-03,  5.521053529479876e-03,  1.811220581398137e-02, -9.669066045980983e-03,  7.121992773880273e-03,  2.457773700800921e-02, -1.247280399330128e-02,  8.715477039634045e-03,  3.049099876728801e-02, -1.526348597577906e-02,  9.544205144351239e-03,  3.689889388898747e-02, -1.671484426035090e-02,  3.085639382893746e-16,  0.000000000000000e+00,  5.551115123125783e-16, -1.376936759056590e-16, -2.775557561562891e-17,  5.134781488891348e-16, -1.353084311261909e-16,  1.387778780781445e-17,  4.996003610813203e-16,  5.303917027799087e-16,  1.387778780781445e-17,  5.828670879282071e-16, -5.791808005417564e-16,  1.387778780781445e-17,  4.579669976578770e-16, -2.498001805406602e-16, -4.163336342344337e-17,  5.134781488891349e-16,  1.387778780781446e-17,  1.595945597898663e-15
  1.608333333333333e+00,  4.669611583345141e-01,  4.689623395776765e-01,  1.050105754586051e+00,  1.581925471765118e+00, -1.800861088151475e-01,  1.211383226623448e-01,  6.789166438657815e-04,  1.594557943431062e-14, -1.187490614191123e-03,  2.175363232705247e-03,  5.241428313196338e-03, -3.804919859537048e-03,  3.841446493521098e-03,  1.155299283811704e-02, -6.719059986258443e-03,  5.527094808388488e-03,  1.810405994681798e-02, -9.667421277347937e-03,  7.129785841726905e-03,  2.456668330296111e-02, -1.247068229129900e-02,  8.725013738988581e-03,  3.047728560456127e-02, -1.526088956131004e-02,  9.554648659320727e-03,  3.688229880987412e-02, -1.671200096075775e-02, -1.394283993816359e-16, -1.387778780781446e-17,  5.551115123125783e-16,  3.081302574203804e-16,  1.387778780781446e-17,  5.828670879282072e-16, -2.992397996059992e-17, -2.775557561562891e-17,  5.828670879282071e-16, -5.833007687972013e-16,  0.000000000000000e+00,  4.996003610813203e-16, -2.667137344314340e-17,  0.000000000000000e+00,  5.689893001203926e-16, -2.818925648462312e-17,  0.000000000000000e+00,  5.828670879282072e-16, -1.249000902703301e-16,  1.568190022283033e-15
  1.616666666666667e+00,  4.670378746815784e-01,  4.689725904238864e-01,  1.050102363192964e+00,  1.581891690456498e+00, -1.801327827906855e-01,  1.210408399605639e-01,  6.794759588382671e-04,  1.909583751248400e-14, -1.187277867031445e-03,  2.177155372075466e-03,  5.237823229934805e-03, -3.804238181815009e-03,  3.844611209837169e-03,  1.154504662601103e-02, -6.717856220166116e-03,  5.531648220023375e-03,  1.809160787467247e-02, -9.665689291925308e-03,  7.135659605601364e-03,  2.454978620287710e-02, -1.246844808226508e-02,  8.732201706710683e-03,  3.045632315965865e-02, -1.525815546733413e-02,  9.562520108935822e-03,  3.685693096159610e-02, -1.670900689013339e-02,  5.238864897449957e-16, -2.775557561562891e-17,  6.800116025829084e-16, -6.960577947356936e-16,  1.387778780781445e-17,  5.412337245047637e-16, -2.927345865710862e-17,  0.000000000000000e+00,  5.967448757360216e-16, -3.122502256758253e-17, -2.775557561562891e-17,  6.245004513516506e-16, -1.426810058990924e-16, -1.387778780781446e-17,  6.383782391594650e-16, -3.230922474006803e-17, -5.551115123125781e-17,  6.106226635438360e-16, -1.387778780781445e-16,  1.776356839400250e-15
  1.625000000000000e+00,  4.671171287523551e-01,  4.689806064410204e-01,  1.050098817783230e+00,  1.581854064481903e+00, -1.801824200275942e-01,  1.209455849520654e-01,  6.798525699820438e-04,  2.257916252380404e-14, -1.187043672663490e-03,  2.178362097617710e-03,  5.233145994065279e-03, -3.803487783626289e-03,  3.846742151265463e-03,  1.153473720855962e-02, -6.716531101467451e-03,  5.534714230533327e-03,  1.807545255334871e-02, -9.663782703691358e-03,  7.139614666822711e-03,  2.452786390126270e-02, -1.246598864086269e-02,  8.737041678661328e-03,  3.042912647872335e-02, -1.525514574719567e-02,  9.567820299030473e-03,  3.682401870929225e-02, -1.670571098489621e-02, -3.100818213308543e-17,  0.000000000000000e+00,  6.245004513516506e-16, -4.766152750246277e-16, -1.387778780781446e-17,  5.967448757360216e-16,  7.428953285870676e-16, -2.775557561562891e-17,  7.771561172376096e-16, -3.491130995403324e-17, -5.551115123125783e-17,  6.661338147750939e-16, -4.740131898106624e-16, -2.775557561562891e-17,  5.273559366969493e-16, -3.382710778154774e-17, -2.775557561562891e-17,  6.661338147750939e-16, -1.942890293094024e-16,  1.901256929670581e-15
  1.633333333333334e+00,  4.671988880214483e-01,  4.689863098074485e-01,  1.050095194417014e+00,  1.581813558346196e+00, -1.802349763440908e-01,  1.208510017024995e-01,  6.800538211953259e-04,  2.581268733475821e-14, -1.186778182174258e-03,  2.179006940415772e-03,  5.227555513606361e-03, -3.802637107396007e-03,  3.847880871038336e-03,  1.152241484586334e-02, -6.715028903040833e-03,  5.536352626951838e-03,  1.805614285619362e-02, -9.661621332148897e-03,  7.141728148862043e-03,  2.450166120330102e-02, -1.246320053666570e-02,  8.739628034018013e-03,  3.039661956276926e-02, -1.525173382880659e-02,  9.570652583011383e-03,  3.678468023920693e-02, -1.670197463760417e-02, -3.684118982105743e-16, -4.163336342344336e-17,  6.522560269672794e-16,  2.977219165645195e-16, -2.775557561562891e-17,  7.494005416219807e-16,  7.892991815694472e-17,  0.000000000000000e+00,  6.938893903907228e-16, -1.034545712985668e-15, -4.163336342344337e-17,  5.551115123125783e-16,  5.182486384480710e-16, -4.163336342344336e-17,  7.910339050454238e-16,  5.219349258345217e-16, -1.387778780781445e-17,  7.355227538141660e-16, -2.498001805406602e-16,  2.095545958979983e-15
  1.641666666666667e+00,  4.672830402926377e-01,  4.689896279244185e-01,  1.050091588853520e+00,  1.581771144195978e+00, -1.802902947728176e-01,  1.207553854353442e-01,  6.800879593994597e-04,  2.893518983410705e-14, -1.186470802118768e-03,  2.179116324995478e-03,  5.221209619963477e-03, -3.801652209942605e-03,  3.848074031899307e-03,  1.150842742498416e-02, -6.713289685048983e-03,  5.536630547887527e-03,  1.803422393789737e-02, -9.659118935524274e-03,  7.142086658500888e-03,  2.447191786806571e-02, -1.245997252038403e-02,  8.740066757087654e-03,  3.035972015263588e-02, -1.524778357180923e-02,  9.571133022907182e-03,  3.674002616179046e-02, -1.669764876272973e-02, -1.459336124165489e-16,  0.000000000000000e+00,  7.077671781985371e-16, -4.785668389351017e-16,  0.000000000000000e+00,  6.522560269672795e-16, -1.489693784995083e-16, -1.387778780781446e-17,  7.355227538141662e-16, -7.019124864671156e-16, -4.163336342344337e-17,  6.245004513516506e-16,  1.408378622058670e-15, -2.775557561562891e-17,  8.743006318923106e-16, -8.148863528401049e-16, -4.163336342344336e-17,  6.383782391594649e-16, -2.636779683484746e-16,  2.067790383364354e-15
  1.650000000000000e+00,  4.673694065276113e-01,  4.689905148037142e-01,  1.050088181897920e+00,  1.581727656121136e+00, -1.803492075102811e-01,  1.206577983796217e-01,  6.799611261704157e-04, -2.636779888852791e-15, -1.186134537770392e-03,  2.178709929813280e-03,  5.214322500594425e-03, -3.800574762383884e-03,  3.847356383711096e-03,  1.149324705127957e-02, -6.711387034008909e-03,  5.535597991612899e-03,  1.801043560882607e-02, -9.656381390522516e-03,  7.140754692001367e-03,  2.443963779674612e-02, -1.245644116978398e-02,  8.738436774626566e-03,  3.031967368239211e-02, -1.524346211205427e-02,  9.569348050528715e-03,  3.669156364789652e-02, -1.669291638852843e-02,  3.278627369596165e-16, -6.938893903907227e-17,  8.326672684688673e-17, -2.602085213965211e-18,  0.000000000000000e+00,  4.163336342344337e-17, -9.992007221626409e-16,  6.938893903907228e-17, -4.163336342344337e-17,  8.840584514446801e-16, -5.551115123125781e-17,  1.249000902703301e-16, -1.147085898489664e-16, -1.387778780781446e-17,  5.551115123125783e-17, -4.119968255444917e-18, -2.775557561562891e-17,  5.551115123125783e-17, -2.775557561562891e-17,  1.665334536937735e-16
  1.658333333333333e+00,  4.674576458648912e-01,  4.689890405133408e-01,  1.050084889239345e+00,  1.581684545761321e+00, -1.804086535688763e-01,  1.205551116036977e-01,  6.796480624020365e-04, -2.720046622022168e-15, -1.185708307648620e-03,  2.177706820788844e-03,  5.207124575128980e-03, -3.799209049311376e-03,  3.845585006138765e-03,  1.147738160843003e-02, -6.708975338520827e-03,  5.533049323604805e-03,  1.798557374554480e-02, -9.652911429497606e-03,  7.137466987029177e-03,  2.440590097067809e-02, -1.245196502456765e-02,  8.734413474110454e-03,  3.027781997056655e-02, -1.523798446807218e-02,  9.564942186649893e-03,  3.664091408789687e-02, -1.668691789210225e-02, -2.818925648462311e-18, -2.775557561562891e-17,  5.551115123125781e-17, -4.449565715880509e-16,  0.000000000000000e+00, -2.775557561562891e-17, -3.252606517456513e-18, -1.387778780781446e-17,  8.326672684688674e-17, -5.854691731421724e-18, -4.163336342344337e-17,  6.938893903907228e-17, -4.434386885465713e-16,  2.775557561562891e-17, -4.163336342344337e-17, -3.903127820947816e-18,  0.000000000000000e+00,  8.326672684688674e-17, -2.775557561562891e-17,  1.942890293094024e-16
  1.666666666666667e+00,  4.675473216476642e-01,  4.689852443633468e-01,  1.050081838288456e+00,  1.581642748953245e+00, -1.804683879882786e-01,  1.204466090151900e-01,  6.791322437043418e-04, -2.567390944051444e-15, -1.185198914676784e-03,  2.176054050839807e-03,  5.199861632786917e-03, -3.797576868465369e-03,  3.842666400530501e-03,  1.146137285740909e-02, -6.706093090952676e-03,  5.528850017449917e-03,  1.796048731190631e-02, -9.648764435494816e-03,  7.132050008560827e-03,  2.437185940916033e-02, -1.244661552720046e-02,  8.727784493577065e-03,  3.023558820569978e-02, -1.523143806695126e-02,  9.557682876594583e-03,  3.658980702438420e-02, -1.667974901368385e-02, -3.341511095600324e-16,  2.775557561562891e-17,  1.387778780781445e-17, -3.469446951953613e-18,  0.000000000000000e+00,  4.163336342344336e-17, -3.252606517456513e-18, -2.775557561562891e-17,  2.775557561562891e-17, -4.471249759330219e-16, -1.387778780781445e-17, -1.387778780781445e-17,  2.179246366695864e-16, -1.387778780781446e-17,  8.326672684688674e-17, -1.301042606982605e-18,  0.000000000000000e+00,  2.775557561562891e-17, -2.775557561562891e-17,  1.526556658859590e-16
  1.675000000000000e+00,  4.676377922221718e-01,  4.689792196537016e-01,  1.050078960802828e+00,  1.581603542263131e+00, -1.805250134764345e-01,  1.203305176820425e-01,  6.783816820437495e-04,  3.969047621199710e-14, -1.184570056146147e-03,  2.173649125092826e-03,  5.192636093782917e-03, -3.795561899814720e-03,  3.838419572558307e-03,  1.144544654960342e-02, -6.702534883209632e-03,  5.522739657519255e-03,  1.793553007047259e-02, -9.643644866180004e-03,  7.124167828277319e-03,  2.433799315768163e-02, -1.244001143696552e-02,  8.718138743621611e-03,  3.019357392940807e-02, -1.522335636867678e-02,  9.547119941548186e-03,  3.653896315601212e-02, -1.667089885142365e-02,  1.830133267155531e-16, -8.326672684688674e-17,  7.494005416219807e-16, -3.469446951953614e-17, -1.387778780781446e-17,  7.077671781985373e-16, -3.720981855970251e-16, -6.938893903907228e-17,  6.800116025829084e-16,  2.975050761300224e-16, -4.163336342344337e-17,  7.494005416219807e-16,  2.966377143920340e-16, -2.775557561562891e-17,  7.771561172376094e-16, -1.470178145890344e-16, -8.326672684688674e-17,  6.522560269672795e-16, -3.608224830031759e-16,  2.053912595556539e-15
  1.683333333333333e+00,  4.677282905591550e-01,  4.689710048714166e-01,  1.050076364829676e+00,  1.581567638384916e+00, -1.805773681515050e-01,  1.202074644757143e-01,  6.773880253816352e-04,  4.000966535127201e-14, -1.183850388336482e-03,  2.170465281821020e-03,  5.185468248280234e-03, -3.793255962984609e-03,  3.832797263872272e-03,  1.142964740806771e-02, -6.698462858447225e-03,  5.514650248168429e-03,  1.791077210433144e-02, -9.637786014063086e-03,  7.113732733840036e-03,  2.430439731700958e-02, -1.243245369418894e-02,  8.705368887084005e-03,  3.015189512325082e-02, -1.521410764634284e-02,  9.533135838333373e-03,  3.648852525933213e-02, -1.666077069631547e-02, -3.339342691255354e-17, -2.775557561562891e-17,  6.661338147750939e-16,  1.869164545365010e-16, -5.551115123125783e-17,  7.216449660063518e-16, -3.426078865054194e-17, -5.551115123125783e-17,  6.522560269672795e-16,  1.903859014884545e-16, -1.387778780781445e-17,  6.800116025829082e-16, -3.642919299551294e-17, -6.938893903907227e-17,  6.661338147750938e-16, -3.295974604355933e-17, -4.163336342344336e-17,  6.661338147750938e-16, -4.302114220422481e-16,  1.970645868709652e-15
  1.691666666666667e+00,  4.678178685363198e-01,  4.689607303770845e-01,  1.050073886904108e+00,  1.581536222438091e+00, -1.806200414855615e-01,  1.200766872615689e-01,  6.761345456300779e-04,  3.581857310294103e-14, -1.183010430654683e-03,  2.166448921591929e-03,  5.178296198191257e-03, -3.790564597154660e-03,  3.825704823977821e-03,  1.141383899891978e-02, -6.693710209477354e-03,  5.504445605767296e-03,  1.788599961542644e-02, -9.630947876012024e-03,  7.100569052467766e-03,  2.427078176937052e-02, -1.242363270205228e-02,  8.689259945891774e-03,  3.011019186874660e-02, -1.520331303353469e-02,  9.515495147105223e-03,  3.643805777632918e-02, -1.664894965672603e-02,  5.230191280070073e-16, -8.326672684688674e-17,  6.661338147750939e-16, -3.634245682171411e-16, -4.163336342344337e-17,  5.828670879282072e-16, -1.413799632921098e-16, -1.387778780781446e-17,  6.106226635438361e-16,  4.093947403305265e-16, -9.714451465470120e-17,  6.522560269672795e-16, -1.138845961978774e-15, -2.775557561562891e-17,  4.302114220422481e-16,  9.671083378570698e-16, -5.551115123125781e-17,  7.216449660063516e-16, -4.024558464266191e-16,  1.831867990631508e-15
  1.700000000000000e+00,  4.679055837023187e-01,  4.689485454094112e-01,  1.050071410981534e+00,  1.581510027029268e+00, -1.806485151245668e-01,  1.199386711646863e-01,  6.746325867478952e-04,  2.620126540341865e-14, -1.182048182877753e-03,  2.161636392375837e-03,  5.171112983012136e-03, -3.787481393272599e-03,  3.817206439304268e-03,  1.139800598003655e-02, -6.688265618635090e-03,  5.492218082108883e-03,  1.786118856196353e-02, -9.623114168106503e-03,  7.084795915199059e-03,  2.423711389075239e-02, -1.241352745478832e-02,  8.669957705625392e-03,  3.006842369273601e-02, -1.519094682462505e-02,  9.494357515749077e-03,  3.638751172812676e-02, -1.663540758275935e-02,  9.727461891539946e-16, -4.163336342344337e-17,  6.245004513516506e-16, -6.921546669147461e-16, -5.551115123125784e-17,  4.163336342344338e-16,  6.379445582904708e-16, -6.938893903907228e-17,  5.828670879282072e-16, -2.471980953266950e-17, -2.775557561562891e-17,  4.996003610813204e-16,  8.370040771588092e-17, -5.551115123125781e-17,  5.273559366969493e-16,  8.630249292984613e-17, -2.775557561562891e-17,  5.134781488891348e-16, -3.469446951953613e-16,  1.554312234475219e-15
  1.708333333333333e+00,  4.679906600653759e-01,  4.689346581500423e-01,  1.050068812832537e+00,  1.581489221488932e+00, -1.806591322998556e-01,  1.197944075394694e-01,  6.729234823657171e-04,  1.099120878989340e-14, -1.180972664067238e-03,  2.156160134098595e-03,  5.164013627690250e-03, -3.784035249930128e-03,  3.807535983856550e-03,  1.138235780244454e-02, -6.682180117578151e-03,  5.478304176432954e-03,  1.783666716313406e-02, -9.614358314981903e-03,  7.066847395919220e-03,  2.420383906506313e-02, -1.240223266796398e-02,  8.647993360444495e-03,  3.002714313592888e-02, -1.517712492696960e-02,  9.470304648059256e-03,  3.633755577569861e-02, -1.662027140304782e-02, -3.538835890992685e-16, -4.163336342344336e-17,  3.608224830031758e-16,  9.766493169749422e-16, -8.326672684688673e-17,  4.996003610813203e-16, -2.298508605669269e-17, -4.163336342344336e-17,  4.440892098500625e-16,  6.474855374083431e-16, -2.775557561562891e-17,  4.440892098500625e-16, -1.467576060676378e-15, -5.551115123125781e-17,  2.636779683484746e-16,  9.809861256648842e-16, -2.775557561562891e-17,  4.718447854656914e-16, -3.469446951953613e-16,  1.290634266126744e-15
  1.716666666666667e+00,  4.680726295236063e-01,  4.689193471075935e-01,  1.050065964641387e+00,  1.581473268411397e+00, -1.806497688117324e-01,  1.196451514511298e-01,  6.710791633146423e-04, -8.548717945826958e-15, -1.179801322209382e-03,  2.150250625271503e-03,  5.157235767622083e-03, -3.780282073411439e-03,  3.797100456733326e-03,  1.136741825467352e-02, -6.675552430508252e-03,  5.463289481336877e-03,  1.781325621914700e-02, -9.604822361573416e-03,  7.047478891441487e-03,  2.417207109433794e-02, -1.238993157526723e-02,  8.624291320668625e-03,  2.998773197470541e-02, -1.516207157120759e-02,  9.444348853705991e-03,  3.628986208532222e-02, -1.660378666963808e-02,  9.627715291671277e-17, -2.775557561562891e-17,  2.914335439641035e-16,  6.492202608843200e-16, -6.938893903907227e-17,  3.608224830031758e-16, -2.346213501258632e-16,  0.000000000000000e+00,  2.498001805406602e-16,  3.196228004487267e-16, -1.387778780781446e-17,  3.053113317719180e-16,  3.161533534967730e-16, -4.163336342344336e-17,  3.608224830031758e-16, -2.363560736018399e-16, -2.775557561562891e-17,  2.498001805406602e-16, -2.359223927328458e-16,  9.436895709313831e-16
  1.725000000000000e+00,  4.681513495095125e-01,  4.689029422589955e-01,  1.050062645535462e+00,  1.581461065664165e+00, -1.806189143103357e-01,  1.194909842961308e-01,  6.691944170166115e-04, -5.967449214043746e-16, -1.178506395303980e-03,  2.144211580939531e-03,  5.151165591139071e-03, -3.776132909610644e-03,  3.786436184578271e-03,  1.135403856095457e-02, -6.668225474496723e-03,  5.447945666653732e-03,  1.779228963667316e-02, -9.594280296077779e-03,  7.027685832651883e-03,  2.414362005114466e-02, -1.237633262826761e-02,  8.600069736236490e-03,  2.995243577463299e-02, -1.514542997744972e-02,  9.417824112866839e-03,  3.624714814369475e-02, -1.658556267752003e-02,  2.315855840429037e-16,  2.775557561562891e-17, -1.526556658859590e-16,  8.673617379884034e-18, -2.775557561562891e-17, -2.220446049250313e-16,  4.553649124439118e-16,  4.163336342344336e-17, -1.110223024625156e-16, -4.371503159461553e-16, -2.775557561562891e-17, -2.359223927328457e-16,  2.324529457808921e-16,  0.000000000000000e+00, -1.804112415015879e-16, -3.261280134836397e-16, -1.387778780781445e-17, -2.220446049250313e-16,  5.551115123125781e-17, -6.661338147750939e-16
  1.733333333333333e+00,  4.682269956797900e-01,  4.688858465890671e-01,  1.050058926287092e+00,  1.581451021915073e+00, -1.805691822574971e-01,  1.193359713612532e-01,  6.673600135221262e-04, -1.457167831000134e-15, -1.177197075137508e-03,  2.138333843290510e-03,  5.146254285036196e-03, -3.771937627354523e-03,  3.776056761804719e-03,  1.134321321319982e-02, -6.660817078478199e-03,  5.433011694825219e-03,  1.777532582933617e-02, -9.583621054241933e-03,  7.008421458763972e-03,  2.412060065750377e-02, -1.236258252732682e-02,  8.576495125360255e-03,  2.992387804765988e-02, -1.512860341038530e-02,  9.392007864211889e-03,  3.621258881209009e-02, -1.656713612356222e-02,  1.170938346284345e-17,  0.000000000000000e+00, -2.498001805406602e-16,  1.040834085586084e-17,  1.387778780781446e-17, -2.081668171172169e-16,  1.257674520083185e-17,  2.775557561562891e-17, -2.498001805406602e-16,  1.040834085586084e-17,  0.000000000000000e+00, -2.081668171172169e-16,  1.040834085586084e-17, -2.775557561562891e-17, -2.498001805406602e-16,  4.570996359198886e-16,  2.775557561562891e-17, -1.942890293094023e-16,  1.387778780781445e-17, -7.077671781985371e-16
  1.741666666666667e+00,  4.682998392632848e-01,  4.688684392752425e-01,  1.050054696336153e+00,  1.581441781982633e+00, -1.805017206633194e-01,  1.191812043492978e-01,  6.656425306678726e-04, -2.400857473388727e-15, -1.175855442598238e-03,  2.132830739067486e-03,  5.142905055540591e-03, -3.767638810814499e-03,  3.766338899470332e-03,  1.133583094599110e-02, -6.653225852573813e-03,  5.419029579873156e-03,  1.776375748423866e-02, -9.572698755738818e-03,  6.990384951580225e-03,  2.410490274934770e-02, -1.234849309120773e-02,  8.554423105741506e-03,  2.990440331334900e-02, -1.511136158483218e-02,  9.367837083628136e-03,  3.618902132712847e-02, -1.654825482545387e-02,  6.821800069278792e-16,  1.387778780781445e-17, -2.498001805406602e-16, -9.870576578308032e-16,  1.387778780781446e-17, -3.608224830031759e-16,  3.460773334573729e-16,  1.387778780781445e-17, -2.220446049250313e-16,  1.214306433183765e-17, -2.775557561562891e-17, -2.636779683484746e-16, -5.434021288497347e-16, -1.387778780781445e-17, -3.469446951953613e-16,  1.214306433183765e-17,  0.000000000000000e+00, -2.498001805406602e-16,  5.551115123125781e-17, -7.355227538141660e-16
  1.750000000000000e+00,  4.683702149470214e-01,  4.688511112144752e-01,  1.050049955564992e+00,  1.581432369707104e+00, -1.804186526616733e-01,  1.190288620355530e-01,  6.640485597794626e-04, -3.289035959922729e-15, -1.174487137779943e-03,  2.127723387972787e-03,  5.141259368041857e-03, -3.763254531802466e-03,  3.757319892598520e-03,  1.133220357292750e-02, -6.645483709567506e-03,  5.406052982086583e-03,  1.775807322732943e-02, -9.561559316861694e-03,  6.973645531258397e-03,  2.409718937789013e-02, -1.233412355054547e-02,  8.533938384946337e-03,  2.989483414921109e-02, -1.509377698376778e-02,  9.345404533268157e-03,  3.617744113669692e-02, -1.652899815835730e-02,  3.482457378023440e-16,  1.387778780781446e-17, -2.636779683484747e-16, -9.714451465470117e-17,  0.000000000000000e+00, -3.330669073875469e-16,  1.257674520083185e-17,  0.000000000000000e+00, -2.636779683484746e-16,  1.517883041479706e-17,  1.387778780781445e-17, -3.053113317719180e-16,  1.344410693882025e-17,  1.387778780781445e-17, -2.914335439641035e-16,  2.359223927328457e-16,  1.387778780781445e-17, -2.498001805406602e-16,  8.326672684688674e-17, -8.049116928532383e-16
  1.758333333333334e+00,  4.684384876509695e-01,  4.688342363362752e-01,  1.050044751677886e+00,  1.581422166106575e+00, -1.803224738456587e-01,  1.188811198632625e-01,  6.625277324979857e-04, -3.802514146921564e-15, -1.173095659195542e-03,  2.122850401313030e-03,  5.141077777236410e-03, -3.758796000141978e-03,  3.748714746923224e-03,  1.133180331613814e-02, -6.637610444746172e-03,  5.393671850119687e-03,  1.775744600692044e-02, -9.550231219179301e-03,  6.957674243906765e-03,  2.409633825802213e-02, -1.231951064570669e-02,  8.514393660229916e-03,  2.989377825481326e-02, -1.507589456789785e-02,  9.324001360345060e-03,  3.617616333875796e-02, -1.650941535815437e-02, -3.183217578417441e-16,  1.387778780781446e-17, -3.330669073875470e-16, -3.165870343657673e-16,  4.163336342344337e-17, -3.469446951953614e-16,  3.478120569333498e-16,  1.387778780781446e-17, -2.636779683484747e-16,  1.561251128379126e-17,  0.000000000000000e+00, -3.191891195797325e-16, -3.174543961037557e-16,  0.000000000000000e+00, -3.747002708109903e-16, -2.077331362482226e-16,  0.000000000000000e+00, -3.469446951953614e-16,  4.163336342344336e-17, -9.853229343548264e-16
  1.766666666666667e+00,  4.685050435283467e-01,  4.688181460265576e-01,  1.050039172808600e+00,  1.581410775641626e+00, -1.802161197080956e-01,  1.187399763642985e-01,  6.610051499512044e-04, -3.802514146082578e-15, -1.171696745721369e-03,  2.117971790486485e-03,  5.141831541620288e-03, -3.754313645842642e-03,  3.740099669602080e-03,  1.133346474008795e-02, -6.629695111827902e-03,  5.381276428444376e-03,  1.776004953305553e-02, -9.538842593682787e-03,  6.941684523263159e-03,  2.409987116733812e-02, -1.230481966181024e-02,  8.494826377930222e-03,  2.989816116173336e-02, -1.505791660345663e-02,  9.302573484906387e-03,  3.618146734400162e-02, -1.648972792395836e-02,  1.561251128379126e-17,  2.775557561562891e-17, -3.053113317719180e-16,  3.469446951953614e-16,  0.000000000000000e+00, -2.775557561562891e-16, -7.611099250848241e-16,  2.775557561562891e-17, -4.024558464266192e-16,  5.707240235963694e-16, -1.387778780781445e-17, -3.053113317719180e-16,  3.491130995403324e-16,  1.387778780781446e-17, -2.636779683484747e-16,  1.604619215278547e-17,  0.000000000000000e+00, -3.330669073875470e-16,  5.551115123125781e-17, -9.020562075079397e-16
  1.775000000000000e+00,  4.685702836295694e-01,  4.688031149281013e-01,  1.050033342425425e+00,  1.581398004750087e+00, -1.801030168062013e-01,  1.186071049704855e-01,  6.594212141708180e-04, -3.261280380043963e-15, -1.170326475082008e-03,  2.112896593568779e-03,  5.142964754095153e-03, -3.749923068009039e-03,  3.731137443383714e-03,  1.133596253168581e-02, -6.621941845811993e-03,  5.368381526983369e-03,  1.776396368495091e-02, -9.527687150956473e-03,  6.925050488738559e-03,  2.410518255772762e-02, -1.229042947666477e-02,  8.474470622093328e-03,  2.990475044201427e-02, -1.504030673888440e-02,  9.280282162389181e-03,  3.618944140728934e-02, -1.647044359112412e-02,  1.431146867680866e-17,  0.000000000000000e+00, -3.191891195797325e-16,  1.647987302177967e-17,  2.775557561562891e-17, -3.191891195797325e-16,  1.387778780781446e-17,  0.000000000000000e+00, -3.053113317719180e-16,  2.385244779468110e-16,  0.000000000000000e+00, -3.330669073875470e-16,  1.778091562876227e-17,  2.775557561562891e-17, -3.469446951953614e-16, -9.801187639268960e-17,  1.387778780781446e-17, -3.053113317719180e-16,  6.938893903907227e-17, -8.604228440844963e-16
  1.783333333333333e+00,  4.686346202071312e-01,  4.687893810538052e-01,  1.050027413560314e+00,  1.581383952507687e+00, -1.799870139777724e-01,  1.184837458801420e-01,  6.577530330989854e-04, -2.289835159959452e-15, -1.169039251699837e-03,  2.107551460556135e-03,  5.144112702786028e-03, -3.745798587569318e-03,  3.721698540419097e-03,  1.133849280439080e-02, -6.614658477828080e-03,  5.354800780338674e-03,  1.776792873620331e-02, -9.517207800159907e-03,  6.907531734582200e-03,  2.411056301706418e-02, -1.227691142974675e-02,  8.453032198261292e-03,  2.991142540883212e-02, -1.502376414592254e-02,  9.256805224283156e-03,  3.619751916473511e-02, -1.645232801349940e-02, -6.518223460982852e-16,  5.551115123125781e-17, -3.191891195797325e-16,  1.561251128379126e-17,  0.000000000000000e+00, -3.191891195797325e-16,  1.127570259384924e-15,  1.387778780781445e-17, -2.220446049250313e-16, -9.714451465470117e-17,  1.387778780781445e-17, -3.053113317719180e-16, -9.540979117872437e-17,  1.387778780781445e-17, -3.330669073875469e-16,  1.604619215278547e-17,  2.775557561562891e-17, -3.053113317719180e-16,  5.551115123125781e-17, -1.013078509970455e-15
  1.791666666666667e+00,  4.686984478223104e-01,  4.687771703951071e-01,  1.050021550766806e+00,  1.581369055875652e+00, -1.798720683215898e-01,  1.183706793420548e-01,  6.560105938071936e-04, -1.318389940310727e-15, -1.167900106690203e-03,  2.101968391701530e-03,  5.145121293475167e-03, -3.742148575166202e-03,  3.711839469548611e-03,  1.134071590853402e-02, -6.608212966965325e-03,  5.340615493752613e-03,  1.777141244048793e-02, -9.507933962898930e-03,  6.889233142106873e-03,  2.411529030255142e-02, -1.226494845898299e-02,  8.430639454034279e-03,  2.991729005193929e-02, -1.500912456395033e-02,  9.232283222367434e-03,  3.620461630331626e-02, -1.643629639836972e-02,  1.344410693882025e-17,  0.000000000000000e+00, -2.914335439641036e-16,  1.270684946153011e-16,  4.163336342344336e-17, -2.498001805406602e-16,  1.235990476633475e-16, -2.775557561562891e-17, -2.914335439641035e-16,  1.561251128379126e-17,  2.775557561562891e-17, -2.914335439641035e-16,  1.604619215278546e-17,  2.775557561562891e-17, -3.191891195797325e-16,  1.301042606982605e-17,  0.000000000000000e+00, -2.775557561562891e-16,  1.110223024625156e-16, -8.881784197001250e-16
  1.800000000000000e+00,  4.687620972244694e-01,  4.687666867008051e-01,  1.050015901861928e+00,  1.581354001731972e+00, -1.797618176217799e-01,  1.182681866993811e-01,  6.542185963975890e-04, -3.885780875975153e-16, -1.166974263692333e-03,  2.096226530292575e-03,  5.145921796798398e-03, -3.739182018321558e-03,  3.701699988911354e-03,  1.134248035299395e-02, -6.602974361652372e-03,  5.326026752014431e-03,  1.777417740439799e-02, -9.500396628127425e-03,  6.870414104637232e-03,  2.411904227823409e-02, -1.225522552413179e-02,  8.407609819747150e-03,  2.992194473132828e-02, -1.499722620654636e-02,  9.207063770462962e-03,  3.621024919590222e-02, -1.642326666248357e-02,  1.517883041479706e-17,  1.387778780781446e-17, -2.914335439641036e-16,  1.084202172485504e-17, -1.387778780781446e-17, -2.775557561562891e-16,  1.301042606982605e-17,  2.775557561562891e-17, -2.498001805406602e-16,  1.387778780781446e-17,  1.387778780781446e-17, -2.775557561562891e-16,  2.346213501258631e-16,  2.775557561562891e-17, -2.220446049250313e-16, -2.094678597241994e-16,  0.000000000000000e+00, -3.053113317719180e-16,  9.714451465470120e-17, -7.632783294297949e-16
  1.808333333333333e+00,  4.688258197646767e-01,  4.687580811448622e-01,  1.050010576072027e+00,  1.581339555873601e+00, -1.796593016380292e-01,  1.181759111411971e-01,  6.524029869926524e-04,  3.330669321721921e-16, -1.166315629421654e-03,  2.090409012070519e-03,  5.146430336078802e-03, -3.737071643227105e-03,  3.691426906864629e-03,  1.134360125941532e-02, -6.599247676892429e-03,  5.311245783817316e-03,  1.777593391522662e-02, -9.495034653146602e-03,  6.851347100824408e-03,  2.412142581238756e-02, -1.224830873789476e-02,  8.384276738793602e-03,  2.992490173004926e-02, -1.498876184923090e-02,  9.181512018072458e-03,  3.621382762843951e-02, -1.641399745527128e-02, -9.801187639268960e-17,  4.163336342344337e-17, -2.498001805406602e-16,  7.888655007004530e-16,  0.000000000000000e+00, -1.526556658859590e-16,  1.344410693882025e-17,  4.163336342344337e-17, -2.359223927328458e-16,  9.540979117872439e-18,  0.000000000000000e+00, -1.942890293094024e-16, -3.209238430557093e-16,  1.387778780781445e-17, -2.775557561562891e-16, -2.090341788552053e-16,  1.387778780781446e-17, -2.636779683484747e-16,  1.110223024625157e-16, -6.800116025829084e-16
  1.816666666666667e+00,  4.688898345853964e-01,  4.687514390907471e-01,  1.050005746871870e+00,  1.581326260403882e+00, -1.795682036404428e-01,  1.180940710687169e-01,  6.505903816067335e-04, -8.486267874884500e-14, -1.166011249968433e-03,  2.084601119100850e-03,  5.146559935191519e-03, -3.736096360212343e-03,  3.681170821867406e-03,  1.134388691785899e-02, -6.597525436918272e-03,  5.296489271037754e-03,  1.777638155493412e-02, -9.492556684591719e-03,  6.832311643742205e-03,  2.412203324651643e-02, -1.224511223309059e-02,  8.360982262875174e-03,  2.992565530935356e-02, -1.498485015413569e-02,  9.156002541504272e-03,  3.621473957781120e-02, -1.640971380901654e-02,  6.574601973952098e-16, -5.551115123125781e-17,  1.942890293094023e-16,  8.769027171062758e-16, -9.714451465470117e-17,  2.636779683484746e-16,  4.371503159461554e-16,  0.000000000000000e+00,  2.081668171172169e-16,  1.014813233446432e-16, -8.326672684688673e-17,  1.110223024625156e-16,  7.689161807267195e-16,  0.000000000000000e+00,  2.775557561562891e-16,  2.142383492831356e-16, -8.326672684688673e-17,  9.714451465470117e-17, -3.747002708109902e-16,  5.273559366969493e-16
  1.825000000000000e+00,  4.689542625540670e-01,  4.687468084083428e-01,  1.050001170556949e+00,  1.581314984399002e+00, -1.794869613949136e-01,  1.180177888849364e-01,  6.488156230020052e-04, -6.722400912791614e-14, -1.165943696131853e-03,  2.078914493740055e-03,  5.146226474533977e-03, -3.735879906346678e-03,  3.671128881879796e-03,  1.134315191424919e-02, -6.597143203767276e-03,  5.282040871337796e-03,  1.777522977116624e-02, -9.492006725385400e-03,  6.813673643273616e-03,  2.412047030939201e-02, -1.224440280227775e-02,  8.338174171046570e-03,  2.992371633855645e-02, -1.498398199431680e-02,  9.131025697844566e-03,  3.621239311880206e-02, -1.640876309853227e-02,  1.321425607825333e-15, -5.551115123125783e-17,  3.330669073875470e-16,  4.310787837802366e-16, -5.551115123125783e-17,  2.775557561562891e-16, -1.344410693882025e-17, -5.551115123125783e-17,  2.220446049250313e-16,  8.786374405822528e-16,  0.000000000000000e+00,  3.053113317719180e-16,  9.801187639268960e-17, -6.938893903907228e-17,  2.220446049250313e-16,  4.328135072562134e-16, -4.163336342344337e-17,  2.498001805406602e-16, -4.163336342344337e-16,  6.938893903907228e-16
  1.833333333333333e+00,  4.690192627353612e-01,  4.687441777524591e-01,  1.049996933445354e+00,  1.581306019678163e+00, -1.794175239458477e-01,  1.179460771320484e-01,  6.471242579720454e-04, -4.836409409452621e-14, -1.166141084927516e-03,  2.073495075441138e-03,  5.145434937529344e-03, -3.736512373281221e-03,  3.661558799472006e-03,  1.134140723303896e-02, -6.598260069149508e-03,  5.268271382978740e-03,  1.777249577713788e-02, -9.493613677575148e-03,  6.795911417989056e-03,  2.411676035891855e-02, -1.224647572220561e-02,  8.316437801525117e-03,  2.991911379538301e-02, -1.498651871214459e-02,  9.107222483292732e-03,  3.620682331918193e-02, -1.641154102511747e-02,  5.421010862427522e-16, -1.387778780781446e-17,  3.608224830031759e-16, -1.275021754842953e-16, -5.551115123125783e-17,  2.775557561562891e-16,  9.866239769618088e-16, -2.775557561562891e-17,  3.885780586188047e-16, -1.279358563532895e-16, -6.938893903907227e-17,  2.636779683484746e-16,  7.628446485608007e-16, -5.551115123125781e-17,  3.469446951953613e-16, -1.734723475976807e-17, -6.938893903907227e-17,  3.191891195797325e-16, -3.747002708109903e-16,  9.853229343548262e-16
  1.841666666666667e+00,  4.690849078216035e-01,  4.687434793950128e-01,  1.049992977526544e+00,  1.581299785128028e+00, -1.793593131182994e-01,  1.178763523232304e-01,  6.455679521709483e-04, -3.300138185125917e-14, -1.166543262025449e-03,  2.068508409652312e-03,  5.144184983788437e-03, -3.737801016415287e-03,  3.652752909263904e-03,  1.133865212395971e-02, -6.600535667805374e-03,  5.255601418650242e-03,  1.776817839714954e-02, -9.496887821713044e-03,  6.779567545592588e-03,  2.411090179971022e-02, -1.225069926953501e-02,  8.296437129078269e-03,  2.991184570061044e-02, -1.499168724164864e-02,  9.085320007961322e-03,  3.619802778379055e-02, -1.641720101431745e-02, -1.778091562876227e-17, -2.775557561562891e-17,  3.469446951953614e-16,  1.092442108996394e-15, -4.163336342344336e-17,  4.996003610813203e-16,  3.139849491518020e-16, -5.551115123125781e-17,  4.024558464266191e-16,  3.139849491518020e-16, -5.551115123125781e-17,  3.885780586188047e-16,  4.271756559592887e-16, -5.551115123125783e-17,  3.747002708109903e-16, -1.864827736675068e-17, -2.775557561562891e-17,  3.747002708109903e-16, -3.330669073875469e-16,  1.124100812432971e-15
  1.850000000000000e+00,  4.691511741590410e-01,  4.687445687765039e-01,  1.049989240971372e+00,  1.581296738507674e+00, -1.793106054968816e-01,  1.178063079234718e-01,  6.441923548200464e-04, -2.212119540357256e-14, -1.167066668957877e-03,  2.064100764149751e-03,  5.142461077524583e-03, -3.739478100350331e-03,  3.644969503674374e-03,  1.133485234351570e-02, -6.603497209172407e-03,  5.244402610942079e-03,  1.776222397010077e-02, -9.501148904079130e-03,  6.765121420929547e-03,  2.410282181521268e-02, -1.225619593745531e-02,  8.278758809006097e-03,  2.990182171844138e-02, -1.499841374146038e-02,  9.065960710406695e-03,  3.618589719213819e-02, -1.642456711646582e-02, -1.994931997373328e-17, -1.387778780781446e-17,  4.163336342344337e-16,  4.241398898763293e-16, -2.775557561562891e-17,  4.440892098500626e-16,  3.152859917587847e-16, -2.775557561562891e-17,  4.024558464266192e-16, -1.908195823574488e-17, -5.551115123125783e-17,  3.469446951953614e-16,  9.150666335777655e-17,  4.163336342344336e-17,  4.718447854656914e-16,  5.342948306008565e-16, -9.714451465470117e-17,  3.885780586188047e-16, -2.220446049250313e-16,  1.262878690511116e-15
  1.858333333333333e+00,  4.692179300833876e-01,  4.687472214281189e-01,  1.049985681279101e+00,  1.581297368779904e+00, -1.792687038043971e-01,  1.177343661671307e-01,  6.430265065490889e-04, -1.516842319692089e-14, -1.167618934637851e-03,  2.060365190017950e-03,  5.140304814647038e-03, -3.741247652571065e-03,  3.638372900439485e-03,  1.133009957611265e-02, -6.606622039118525e-03,  5.234911381130427e-03,  1.775477616958288e-02, -9.505644926970980e-03,  6.752878020327106e-03,  2.409271536631397e-02, -1.226199567157787e-02,  8.263776053444839e-03,  2.988928371622838e-02, -1.500551111591469e-02,  9.049553290372771e-03,  3.617072424168193e-02, -1.643233935859299e-02,  1.313185671314443e-15,  1.387778780781446e-17,  5.967448757360216e-16, -6.847820921418444e-16,  1.387778780781445e-17,  3.608224830031758e-16,  1.990595188683386e-16, -6.938893903907227e-17,  4.440892098500625e-16,  2.042636892962690e-16, -2.775557561562891e-17,  4.163336342344336e-16, -2.454633718507182e-16, -1.387778780781445e-17,  4.302114220422481e-16,  8.699638232023686e-16, -1.387778780781445e-17,  4.718447854656914e-16, -1.526556658859590e-16,  1.304512053934559e-15
  1.866666666666667e+00,  4.692849618482151e-01,  4.687511653371798e-01,  1.049982280052215e+00,  1.581302101208953e+00, -1.792303526290522e-01,  1.176598416169077e-01,  6.420849618209448e-04, -1.110223106816806e-14, -1.168112392104506e-03,  2.057348322195591e-03,  5.137945380568323e-03, -3.742828773374734e-03,  3.633045451611209e-03,  1.132489898508771e-02, -6.609414120402513e-03,  5.227246217815721e-03,  1.774662660928901e-02, -9.509662189217118e-03,  6.742990190506506e-03,  2.408165664979302e-02, -1.226717781888593e-02,  8.251675907252188e-03,  2.987556433629894e-02, -1.501185272384710e-02,  9.036302578236770e-03,  3.615412163878701e-02, -1.643928397066437e-02, -2.432949675057471e-16, -1.387778780781445e-17,  4.163336342344336e-16,  4.258746133523060e-16,  0.000000000000000e+00,  4.718447854656914e-16,  9.324138683375338e-17,  0.000000000000000e+00,  4.163336342344337e-16, -1.322726650432315e-16,  0.000000000000000e+00,  4.302114220422481e-16,  7.593752016088471e-16,  0.000000000000000e+00,  5.134781488891348e-16, -2.406928822917819e-16, -1.387778780781445e-17,  4.024558464266191e-16, -2.775557561562891e-17,  1.332267629550188e-15
  1.875000000000000e+00,  4.693520295365223e-01,  4.687561442193937e-01,  1.049979038212621e+00,  1.581311163999920e+00, -1.791924297747334e-01,  1.175829540048036e-01,  6.413855439794326e-04, -8.534840133639421e-15, -1.168478799556342e-03,  2.055107269687410e-03,  5.135890880357936e-03, -3.744002804540863e-03,  3.629088005258561e-03,  1.132037051978861e-02, -6.611487327229956e-03,  5.221552221760473e-03,  1.773953030027161e-02, -9.512645130853993e-03,  6.735645107088772e-03,  2.407202716465139e-02, -1.227102572375845e-02,  8.242687424972498e-03,  2.986361805257725e-02, -1.501656156414136e-02,  9.026459408636412e-03,  3.613966476058612e-02, -1.644444056020477e-02, -1.908195823574488e-17,  1.387778780781446e-17,  4.302114220422482e-16, -1.431146867680866e-17,  4.163336342344337e-17,  3.747002708109903e-16, -3.504141421473150e-16,  0.000000000000000e+00,  3.330669073875470e-16, -1.305379415672547e-16,  1.387778780781445e-17,  4.302114220422481e-16, -1.734723475976807e-17,  0.000000000000000e+00,  4.024558464266192e-16,  4.284766985662713e-16,  2.775557561562891e-17,  4.440892098500625e-16,  5.551115123125781e-17,  1.290634266126744e-15
  1.883333333333333e+00,  4.694189124043390e-01,  4.687619498156874e-01,  1.049975970114925e+00,  1.581324505963773e+00, -1.791524723628503e-01,  1.175047399572980e-01,  6.409643316739590e-04, -6.217249398146669e-15, -1.168682356508190e-03,  2.053757634555934e-03,  5.134880546237091e-03, -3.744655035286376e-03,  3.626704701610257e-03,  1.131814357282298e-02, -6.612639093276459e-03,  5.218123111081366e-03,  1.773604057410768e-02, -9.514302298315036e-03,  6.731221657593226e-03,  2.406729170764757e-02, -1.227316341987207e-02,  8.237274266924367e-03,  2.985774327193597e-02, -1.501917755126271e-02,  9.020531529936664e-03,  3.613255535400052e-02, -1.644730529355007e-02,  8.734332701543224e-16,  5.551115123125783e-17,  4.996003610813204e-16, -3.469446951953613e-16,  2.775557561562891e-17,  2.775557561562891e-16, -3.512815038853033e-16,  2.775557561562891e-17,  3.885780586188047e-16,  2.072994553792284e-16,  5.551115123125781e-17,  4.163336342344336e-16, -1.647987302177967e-17,  2.775557561562891e-17,  4.024558464266192e-16, -1.517883041479706e-17,  2.775557561562891e-17,  3.747002708109903e-16,  1.942890293094023e-16,  1.096345236817342e-15
  1.891666666666667e+00,  4.694854162744490e-01,  4.687683799012816e-01,  1.049973096219065e+00,  1.581341757123860e+00, -1.791086818787247e-01,  1.174268299860456e-01,  6.408695079184626e-04, -3.219647009750680e-15, -1.168722092636833e-03,  2.053453803299203e-03,  5.135681865605294e-03, -3.744782356532258e-03,  3.626168169837655e-03,  1.131990981598164e-02, -6.612863928257795e-03,  5.217351146156310e-03,  1.773880835666070e-02, -9.514625792148939e-03,  6.730225846095264e-03,  2.407104750814975e-02, -1.227358071717252e-02,  8.236055651222499e-03,  2.986240269637897e-02, -1.501968821521971e-02,  9.019197039806805e-03,  3.613819398884686e-02, -1.644786451497577e-02, -6.808789643208966e-16,  2.775557561562891e-17,  2.775557561562891e-16, -1.214306433183765e-17,  5.551115123125781e-17,  3.469446951953613e-16,  3.204901621867151e-16,  5.551115123125781e-17,  3.747002708109902e-16, -3.478120569333497e-16,  4.163336342344336e-17,  3.330669073875469e-16, -1.214306433183765e-17,  8.326672684688673e-17,  3.608224830031758e-16, -3.452099717193845e-16,  5.551115123125781e-17,  3.053113317719180e-16,  3.330669073875470e-16,  1.124100812432971e-15
  1.900000000000000e+00,  4.695513612882137e-01,  4.687751911564511e-01,  1.049970431357890e+00,  1.581362230187548e+00, -1.790596496507220e-01,  1.173511776796212e-01,  6.411420105619495e-04,  4.857226092320237e-16, -1.168623262398702e-03,  2.054326947674899e-03,  5.138850139540197e-03, -3.744465687808713e-03,  3.627710044489435e-03,  1.132689322658364e-02, -6.612304726952034e-03,  5.219569604078537e-03,  1.774975167549812e-02, -9.513821210165248e-03,  6.733087590008594e-03,  2.408589727383470e-02, -1.227254283064204e-02,  8.239557685579437e-03,  2.988082523003711e-02, -1.501841811055250e-02,  9.023032071937574e-03,  3.616048814587924e-02, -1.644647363992228e-02,  3.215743643592006e-16,  5.551115123125781e-17,  3.747002708109902e-16, -4.560154337474031e-16,  6.938893903907227e-17,  2.914335439641035e-16, -1.227316859253591e-16,  4.163336342344336e-17,  3.053113317719180e-16, -1.214306433183765e-16,  6.938893903907227e-17,  3.053113317719180e-16, -1.366094737331735e-17,  1.387778780781445e-17,  3.469446951953613e-16, -3.447762908503903e-16,  5.551115123125781e-17,  3.053113317719180e-16,  4.857225732735060e-16,  8.743006318923108e-16
  1.908333333333333e+00,  4.696165847695841e-01,  4.687821249139049e-01,  1.049967974213245e+00,  1.581385003807154e+00, -1.790042668892277e-01,  1.172798308183722e-01,  6.418026734709053e-04,  5.204170813285077e-15, -1.168427965958730e-03,  2.056443822903299e-03,  5.144592768165992e-03, -3.743839925131545e-03,  3.631448207764820e-03,  1.133955094951571e-02, -6.611199700532396e-03,  5.224948094421965e-03,  1.776958689723951e-02, -9.512231291938551e-03,  6.740025680572284e-03,  2.411281309339030e-02, -1.227049188400965e-02,  8.248048113882731e-03,  2.991421684052877e-02, -1.501590828234945e-02,  9.032329829166980e-03,  3.620089723518526e-02, -1.644372515980305e-02, -2.335371479533776e-16,  8.326672684688673e-17,  3.191891195797325e-16, -1.229485263598562e-16,  1.387778780781446e-17,  2.636779683484747e-16, -8.023096076392733e-18,  8.326672684688674e-17,  2.914335439641036e-16, -1.010693265190987e-15,  8.326672684688674e-17,  2.636779683484747e-16,  4.338977094286988e-16,  5.551115123125781e-17,  3.885780586188047e-16, -1.340507566061077e-15,  9.714451465470117e-17,  1.249000902703301e-16,  5.967448757360215e-16,  9.436895709313829e-16
  1.916666666666667e+00,  4.696809615496888e-01,  4.687889642355198e-01,  1.049965705871639e+00,  1.581409067605441e+00, -1.789418948083670e-01,  1.172146941776700e-01,  6.428496639348048e-04,  9.797718918133104e-15, -1.168189624448486e-03,  2.059798556651295e-03,  5.152749724248687e-03, -3.743076238802455e-03,  3.637372289792643e-03,  1.135753025773777e-02, -6.609851116474253e-03,  5.233471696952261e-03,  1.779776128273277e-02, -9.510290941612530e-03,  6.751020871135337e-03,  2.415104491584745e-02, -1.226798889052229e-02,  8.261503383206567e-03,  2.996164701894802e-02, -1.501284526571829e-02,  9.047064518990573e-03,  3.625829519495089e-02, -1.644037089025351e-02, -8.456776945386933e-18,  8.326672684688673e-17,  3.053113317719180e-16, -1.119330322874035e-15,  6.938893903907228e-17,  1.387778780781446e-16,  6.587612400021924e-16,  1.110223024625156e-16,  3.885780586188047e-16, -6.728558682445039e-16,  1.249000902703301e-16,  2.359223927328457e-16, -5.640019701269593e-16,  5.551115123125781e-17,  2.081668171172168e-16,  1.029992063861229e-16,  1.110223024625157e-16,  3.330669073875470e-16,  7.355227538141662e-16,  7.771561172376094e-16
  1.925000000000000e+00,  4.697444174855549e-01,  4.687955549858487e-01,  1.049963601845578e+00,  1.581433460413613e+00, -1.788725595117243e-01,  1.171572978871714e-01,  6.442595579608714e-04,  1.454392270079169e-14, -1.167968562802214e-03,  2.064316094521415e-03,  5.162816425586517e-03, -3.742367920065088e-03,  3.645349752947707e-03,  1.137971896689821e-02, -6.608600305348257e-03,  5.244949715791394e-03,  1.783253198902272e-02, -9.508491267530110e-03,  6.765827169758358e-03,  2.419822775395704e-02, -1.226566736515216e-02,  8.279622463045850e-03,  3.002018177575451e-02, -1.501000431912481e-02,  9.066906486832095e-03,  3.632913143736068e-02, -1.643725980670023e-02, -5.646524914304507e-16,  8.326672684688674e-17,  2.498001805406602e-16,  2.144551897176327e-16,  1.110223024625156e-16,  3.053113317719180e-16, -2.289834988289385e-16,  1.110223024625156e-16,  2.914335439641035e-16, -3.408731630294425e-16,  9.714451465470117e-17,  2.636779683484746e-16, -3.413068438984368e-16,  9.714451465470120e-17,  2.775557561562891e-16, -3.393552799879628e-16,  1.249000902703301e-16,  2.498001805406602e-16,  8.881784197001250e-16,  7.771561172376094e-16
  1.933333333333333e+00,  4.698069216200693e-01,  4.688017937412175e-01,  1.049961653320548e+00,  1.581457357803328e+00, -1.787970132652988e-01,  1.171086928779178e-01,  6.459922415045150e-04,  1.849909252070204e-14, -1.167827862156811e-03,  2.069867904340517e-03,  5.174011123880498e-03, -3.741917091504208e-03,  3.655153623890650e-03,  1.140439397177415e-02, -6.607804192876591e-03,  5.259055580419616e-03,  1.787119883264380e-02, -9.507345816427639e-03,  6.784023310303665e-03,  2.425069753721545e-02, -1.226418976772234e-02,  8.301889832610923e-03,  3.008527548621534e-02, -1.500819612204645e-02,  9.091291192604579e-03,  3.640790504307909e-02, -1.643527967365702e-02, -7.817097663620485e-16,  1.804112415015879e-16,  2.220446049250313e-16, -3.417405247674309e-16,  8.326672684688673e-17,  2.636779683484746e-16, -8.023096076392731e-18,  1.110223024625156e-16,  3.191891195797325e-16, -7.847455324450079e-16,  1.110223024625156e-16,  2.359223927328457e-16, -1.179611963664229e-16,  1.110223024625156e-16,  3.053113317719180e-16, -6.741569108514867e-16,  8.326672684688674e-17,  2.220446049250313e-16,  1.054711873393899e-15,  7.355227538141660e-16
  1.941666666666667e+00,  4.698684585717399e-01,  4.688076089510363e-01,  1.049959879813211e+00,  1.581480118370586e+00, -1.787166419526077e-01,  1.170694722879119e-01,  6.480027492729626e-04,  2.142730596778983e-14, -1.167829196830322e-03,  2.076309909745997e-03,  5.185450631094034e-03, -3.741921368018424e-03,  3.666529479985327e-03,  1.142960857683811e-02, -6.607811744716454e-03,  5.275423226121578e-03,  1.791071125405469e-02, -9.507356682053845e-03,  6.805137080312234e-03,  2.430431474496479e-02, -1.226420378404770e-02,  8.327727625987423e-03,  3.015179268487921e-02, -1.500821327439579e-02,  9.119585822889853e-03,  3.648840129292998e-02, -1.643529845694212e-02, -1.192622389734055e-16,  1.249000902703301e-16,  3.191891195797325e-16, -6.732895491134983e-16,  1.526556658859590e-16,  2.498001805406602e-16, -6.505213034913025e-18,  1.387778780781445e-16,  3.191891195797325e-16, -1.115860875922081e-15,  1.526556658859590e-16,  1.804112415015879e-16, -8.673617379884035e-18,  1.249000902703301e-16,  3.330669073875470e-16, -1.007006977804537e-15,  1.387778780781446e-16,  2.220446049250313e-16,  1.096345236817342e-15,  7.910339050454238e-16
  1.950000000000000e+00,  4.699289951295120e-01,  4.688129476063249e-01,  1.049958318297258e+00,  1.581501304065924e+00, -1.786332578474806e-01,  1.170397736203772e-01,  6.502534824521291e-04,  2.249589571158113e-14, -1.168025941051438e-03,  2.083521637798435e-03,  5.196394744753068e-03, -3.742551769623710e-03,  3.679264579590238e-03,  1.145373125087994e-02, -6.608924962956942e-03,  5.293746559021797e-03,  1.794851257039141e-02, -9.508958386712835e-03,  6.828773627907511e-03,  2.435561003284732e-02, -1.226626993481325e-02,  8.356652646606040e-03,  3.021542932314781e-02, -1.501074170851212e-02,  9.151261235430783e-03,  3.656541161261459e-02, -1.643806731210734e-02, -2.311519031739095e-16,  1.665334536937735e-16,  3.747002708109902e-16, -5.624840870854796e-16,  1.804112415015879e-16,  3.053113317719180e-16, -8.990204414249803e-16,  1.110223024625157e-16,  2.914335439641036e-16, -7.832276494035282e-16,  1.942890293094023e-16,  2.775557561562891e-16, -8.673617379884034e-18,  1.526556658859590e-16,  4.024558464266191e-16, -1.229702104033059e-15,  1.387778780781445e-16,  1.942890293094023e-16,  1.262878690511116e-15,  9.853229343548264e-16
  1.958333333333333e+00,  4.699884581503450e-01,  4.688177656011235e-01,  1.049956996996209e+00,  1.581520648728622e+00, -1.785488747053454e-01,  1.170192045490818e-01,  6.527156786505948e-04,  2.127465029728594e-14, -1.168453878403265e-03,  2.091410928956510e-03,  5.206411611669222e-03, -3.743922952944521e-03,  3.693196179328862e-03,  1.147581011657020e-02, -6.611346318285576e-03,  5.313791423035971e-03,  1.798311114702122e-02, -9.512442246368014e-03,  6.854630898790235e-03,  2.440255929600959e-02, -1.227076400883922e-02,  8.388295258137226e-03,  3.027367430821502e-02, -1.501624129271267e-02,  9.185912646303846e-03,  3.663589718573831e-02, -1.644408983494609e-02, -1.342025449102557e-15,  1.804112415015879e-16,  2.775557561562891e-16, -8.239936510889832e-18,  1.526556658859590e-16,  3.747002708109902e-16, -6.765421556309548e-16,  1.526556658859590e-16,  3.608224830031759e-16, -6.765421556309548e-16,  1.526556658859590e-16,  3.608224830031759e-16, -6.752411130239722e-16,  1.387778780781446e-16,  3.330669073875470e-16, -6.761084747619606e-16,  1.526556658859590e-16,  3.608224830031759e-16,  1.373900992973631e-15,  1.040834085586084e-15
  1.966666666666667e+00,  4.700467297943154e-01,  4.688220149048363e-01,  1.049955915125822e+00,  1.581537975723704e+00, -1.784655468407019e-01,  1.170067765937132e-01,  6.553585580253885e-04,  1.755540289086848e-14, -1.169124580161613e-03,  2.099879159413582e-03,  5.215385673039795e-03, -3.746071994298416e-03,  3.708150120671222e-03,  1.149559046279884e-02, -6.615141283303353e-03,  5.335307237894446e-03,  1.801410784016660e-02, -9.517902463366153e-03,  6.882385651956697e-03,  2.444462090794412e-02, -1.227780752431613e-02,  8.422259897196104e-03,  3.032585570136104e-02, -1.502486073383318e-02,  9.223106879212193e-03,  3.669904486099432e-02, -1.645352887237677e-02,  1.008308020411519e-16,  1.804112415015879e-16,  4.579669976578771e-16, -1.010259584321993e-15,  1.804112415015879e-16,  3.330669073875470e-16, -3.426078865054193e-16,  1.665334536937735e-16,  3.747002708109902e-16, -6.767589960654519e-16,  1.665334536937735e-16,  3.885780586188048e-16, -1.454131953737558e-15,  1.804112415015879e-16,  2.914335439641035e-16, -4.555817528784089e-16,  1.804112415015879e-16,  4.302114220422481e-16,  1.498801083243961e-15,  1.137978600240785e-15
  1.975000000000000e+00,  4.701036620583355e-01,  4.688256362636968e-01,  1.049955038154101e+00,  1.581553135527704e+00, -1.783852369650571e-01,  1.170009207827091e-01,  6.581345180254667e-04,  1.201816514397997e-14, -1.170024080050677e-03,  2.108773802593367e-03,  5.223414274749296e-03, -3.748954143386130e-03,  3.723857058856151e-03,  1.151328685632928e-02, -6.620230834022248e-03,  5.357906468837785e-03,  1.804183888560658e-02, -9.525225337549506e-03,  6.911537979244148e-03,  2.448225113083290e-02, -1.228725381146556e-02,  8.457934805494036e-03,  3.037253953881841e-02, -1.503642054600205e-02,  9.262174005637790e-03,  3.675553963106144e-02, -1.646618787177018e-02, -7.912507454799209e-16,  1.249000902703301e-16,  3.608224830031758e-16, -1.009392222584004e-15,  2.359223927328457e-16,  4.440892098500625e-16, -2.337539883878747e-16,  1.387778780781445e-16,  4.024558464266191e-16, -1.012861669535958e-15,  1.804112415015879e-16,  4.163336342344337e-16, -3.452099717193845e-16,  1.804112415015879e-16,  4.579669976578770e-16, -7.914675859144180e-16,  1.526556658859590e-16,  4.163336342344336e-16,  1.595945597898662e-15,  1.096345236817342e-15
  1.983333333333333e+00,  4.701591044173922e-01,  4.688285701135372e-01,  1.049954304695181e+00,  1.581565989806552e+00, -1.783095886993431e-01,  1.169996240221351e-01,  6.609741676627809e-04,  5.759282374204139e-15, -1.171114817926115e-03,  2.117872518091016e-03,  5.230685041573300e-03, -3.752449051182250e-03,  3.739924365771117e-03,  1.152931285383871e-02, -6.626402447616732e-03,  5.381024200338439e-03,  1.806695234527330e-02, -9.534105089881619e-03,  6.941359156630817e-03,  2.451632936588738e-02, -1.229870842454066e-02,  8.494428213314534e-03,  3.041481680065870e-02, -1.505043802965034e-02,  9.302137460201211e-03,  3.680670175304994e-02, -1.648153823513477e-02, -1.242495689668388e-16,  1.804112415015879e-16,  4.857225732735059e-16, -7.908170646109267e-16,  1.804112415015879e-16,  4.302114220422481e-16, -1.234689434026492e-15,  1.942890293094023e-16,  3.747002708109902e-16, -1.279358563532895e-17,  1.665334536937735e-16,  4.996003610813204e-16, -1.345278055620014e-15,  2.220446049250313e-16,  3.885780586188048e-16, -6.804452834519026e-16,  1.526556658859590e-16,  4.302114220422482e-16,  1.637578961322106e-15,  1.318389841742373e-15
  1.991666666666667e+00,  4.702129201176714e-01,  4.688307722301123e-01,  1.049953641016076e+00,  1.581576402249402e+00, -1.782396081814700e-01,  1.170006522775330e-01,  6.637985465610035e-04,  4.718448211491779e-16, -1.172340740849865e-03,  2.126922303575112e-03,  5.237394427183782e-03, -3.756377114635113e-03,  3.755905267792236e-03,  1.154410147238227e-02, -6.633338965323370e-03,  5.404017611992103e-03,  1.809012677638753e-02, -9.544085390551370e-03,  6.971019965158619e-03,  2.454777639553876e-02, -1.231158271182790e-02,  8.530725371134871e-03,  3.045382980425522e-02, -1.506619282733629e-02,  9.341886003944358e-03,  3.685391361026126e-02, -1.649879110844099e-02, -7.914675859144182e-16,  1.942890293094024e-16,  4.579669976578771e-16, -7.923349476524064e-16,  1.665334536937735e-16,  4.579669976578770e-16, -1.244664094013359e-16,  1.942890293094023e-16,  5.412337245047637e-16, -1.012427988666964e-15,  1.804112415015879e-16,  3.885780586188048e-16, -7.940696711283834e-16,  1.804112415015879e-16,  5.273559366969494e-16, -5.696398214238839e-16,  1.942890293094023e-16,  4.857225732735059e-16,  1.568190022283033e-15,  1.332267629550188e-15
  2.000000000000000e+00,  4.702649768676287e-01,  4.688322136425518e-01,  1.049952977809475e+00,  1.581584258826002e+00, -1.781754536077825e-01,  1.170017417182072e-01,  6.665370840425618e-04, -2.234324006652182e-15, -1.173636890232792e-03,  2.135697038718544e-03,  5.243698365933376e-03, -3.760530195488524e-03,  3.771400461893612e-03,  1.155799641759455e-02, -6.640672838419138e-03,  5.426312184359682e-03,  1.811190078115279e-02, -9.554637408389594e-03,  6.999779292059093e-03,  2.457732308732565e-02, -1.232519449704522e-02,  8.565919348611084e-03,  3.049048525966132e-02, -1.508285013173629e-02,  9.380426469289039e-03,  3.689827246416152e-02, -1.651703230508261e-02, -9.024898883769341e-16,  2.081668171172169e-16,  4.302114220422482e-16, -4.605690828718422e-16,  1.804112415015879e-16,  5.134781488891348e-16, -7.910339050454238e-16,  1.804112415015879e-16,  4.579669976578770e-16, -1.125185014605456e-15,  2.081668171172168e-16,  4.302114220422481e-16, -9.037909309839163e-16,  1.526556658859590e-16,  4.024558464266191e-16, -1.626303258728256e-17,  1.804112415015879e-16,  5.689893001203926e-16,  1.554312234475219e-15,  1.360023205165817e-15
  2.008333333333333e+00,  4.703151323446356e-01,  4.688328750144340e-01,  1.049952257320633e+00,  1.581589555966193e+00, -1.781164448862696e-01,  1.170007404096603e-01,  6.691371391094597e-04, -1.762479185851317e-15, -1.174939642236821e-03,  2.144028052903901e-03,  5.249677791385863e-03, -3.764704432251567e-03,  3.786112094756313e-03,  1.157117608071272e-02, -6.648044070469667e-03,  5.447479364418650e-03,  1.813255390666841e-02, -9.565243178501623e-03,  7.027084316833916e-03,  2.460534877853891e-02, -1.233887562107744e-02,  8.599333636446297e-03,  3.052525377053089e-02, -1.509959228891184e-02,  9.417018019734132e-03,  3.694034781902943e-02, -1.653536642289931e-02, -7.923349476524064e-16,  1.526556658859590e-16,  4.302114220422481e-16, -3.465110143263672e-16,  1.942890293094024e-16,  4.857225732735060e-16, -1.126919738081433e-15,  1.526556658859590e-16,  3.885780586188048e-16, -5.705071831618724e-16,  1.526556658859590e-16,  4.579669976578771e-16, -7.927686285214006e-16,  1.804112415015879e-16,  4.440892098500625e-16, -1.011777467363473e-15,  1.942890293094023e-16,  3.747002708109902e-16,  1.457167719820518e-15,  1.332267629550188e-15
  2.016666666666667e+00,  4.703632400003848e-01,  4.688327517953724e-01,  1.049951425020437e+00,  1.581592479450487e+00, -1.780612707322048e-01,  1.169957525185575e-01,  6.715646619930158e-04,  1.984523808203629e-15, -1.176192956443250e-03,  2.151806244946659e-03,  5.255337611083321e-03, -3.768720261986931e-03,  3.799847505977145e-03,  1.158365127878747e-02, -6.655135573547620e-03,  5.467241951291850e-03,  1.815210310374056e-02, -9.575446472995309e-03,  7.052577458704217e-03,  2.463187647092973e-02, -1.235203756368272e-02,  8.630530648253632e-03,  3.055816387270347e-02, -1.511569910230820e-02,  9.451181460141575e-03,  3.698017420770870e-02, -1.655300478403885e-02, -1.125618695474451e-15,  1.110223024625156e-16,  3.330669073875469e-16, -5.681219383824042e-16,  1.526556658859590e-16,  4.302114220422481e-16, -6.791442408449198e-16,  1.665334536937735e-16,  4.163336342344336e-16, -6.780600386724343e-16,  1.526556658859590e-16,  3.885780586188047e-16, -5.720250662033521e-16,  1.387778780781446e-16,  4.579669976578771e-16, -1.567756341414039e-15,  1.942890293094024e-16,  3.191891195797325e-16,  1.360023205165816e-15,  1.235123114895486e-15
  2.025000000000000e+00,  4.704091707747141e-01,  4.688318495637568e-01,  1.049950418815847e+00,  1.581593375357296e+00, -1.780083938112717e-01,  1.169852057632234e-01,  6.738016786414563e-04,  7.549517146299250e-15, -1.177351367433772e-03,  2.158974022946052e-03,  5.260635248369586e-03, -3.772432005839705e-03,  3.812504994740201e-03,  1.159532816568312e-02, -6.661690095200773e-03,  5.485453617279842e-03,  1.817040131124967e-02, -9.584877155595414e-03,  7.076069959344569e-03,  2.465670660683237e-02, -1.236420286021383e-02,  8.659279392661800e-03,  3.058896799609005e-02, -1.513058627869312e-02,  9.482663834877300e-03,  3.701745203153642e-02, -1.656930753660573e-02, -1.011343786494479e-15,  1.526556658859590e-16,  3.330669073875470e-16, -3.452099717193846e-16,  1.804112415015879e-16,  4.302114220422482e-16, -6.810958047553937e-16,  1.110223024625156e-16,  3.885780586188047e-16, -1.012211148232467e-15,  1.526556658859590e-16,  3.608224830031758e-16, -5.668208957754216e-16,  1.526556658859590e-16,  3.608224830031758e-16, -6.789274004104229e-16,  1.249000902703301e-16,  3.608224830031759e-16,  1.262878690511116e-15,  1.124100812432971e-15
  2.033333333333334e+00,  4.704528339616159e-01,  4.688301496899560e-01,  1.049949170439678e+00,  1.581592635772084e+00, -1.779564944207175e-01,  1.169677732942615e-01,  6.758438286702315e-04,  1.412758907461751e-14, -1.178380965644904e-03,  2.165517415495850e-03,  5.265502494897698e-03, -3.775731011858811e-03,  3.824059889122529e-03,  1.160605639868972e-02, -6.667515768318704e-03,  5.502078864270423e-03,  1.818721293540228e-02, -9.593259166826219e-03,  7.097516027257647e-03,  2.467951949231586e-02, -1.237501540226055e-02,  8.685523832728243e-03,  3.061726953024296e-02, -1.514381803348016e-02,  9.511403778616765e-03,  3.705170132962579e-02, -1.658379745858549e-02, -6.776263578034401e-16,  1.249000902703301e-16,  3.053113317719180e-16, -9.757819552369538e-18,  1.387778780781445e-16,  3.747002708109902e-16, -3.434752482434077e-16,  1.665334536937735e-16,  3.885780586188047e-16, -1.009825903452999e-15,  1.249000902703301e-16,  2.775557561562891e-16, -4.540638698369292e-16,  1.249000902703301e-16,  3.330669073875469e-16, -6.767589960654517e-16,  1.249000902703301e-16,  3.191891195797325e-16,  1.179611963664229e-15,  1.026956297778270e-15
  2.041666666666667e+00,  4.704941933232210e-01,  4.688275762282545e-01,  1.049947614816336e+00,  1.581590602868901e+00, -1.779046562833307e-01,  1.169422712269394e-01,  6.776967548159745e-04,  2.013667166127371e-14, -1.179257176357398e-03,  2.171454502860657e-03,  5.269853549676389e-03, -3.778538538507278e-03,  3.834544116824218e-03,  1.161564685794031e-02, -6.672473544215313e-03,  5.517163630028027e-03,  1.820224161685163e-02, -9.600392442655597e-03,  7.116974920773349e-03,  2.469991297635891e-02, -1.238421711324730e-02,  8.709336485319475e-03,  3.064256956892514e-02, -1.515507854769299e-02,  9.537480703635786e-03,  3.708231834712889e-02, -1.659612870073866e-02, -4.542807102714264e-16,  8.326672684688674e-17,  2.636779683484747e-16, -6.737232299824923e-16,  1.665334536937735e-16,  2.914335439641035e-16, -3.389215991189686e-16,  1.249000902703301e-16,  2.498001805406602e-16, -1.006790137370039e-15,  1.110223024625157e-16,  1.942890293094024e-16, -3.419573652019281e-16,  1.526556658859590e-16,  3.469446951953614e-16, -3.406563225949455e-16,  1.387778780781446e-16,  2.914335439641036e-16,  1.110223024625157e-15,  7.910339050454240e-16
  2.050000000000000e+00,  4.705332815109616e-01,  4.688239997396245e-01,  1.049945699099120e+00,  1.581587534368697e+00, -1.778523509234751e-01,  1.169076688987823e-01,  6.793706198740892e-04,  2.550737596105331e-14, -1.179961986273258e-03,  2.176817848357836e-03,  5.273594412090788e-03, -3.780796868145127e-03,  3.844015180997515e-03,  1.162389235021157e-02, -6.676461500038246e-03,  5.530790650405734e-03,  1.821516267448925e-02, -9.606130335911097e-03,  7.134553366656264e-03,  2.471744647613157e-02, -1.239161882273816e-02,  8.730847956386123e-03,  3.066432152761929e-02, -1.516413632564786e-02,  9.561037634804639e-03,  3.710864163099623e-02, -1.660604775516393e-02,  5.516420653606247e-16,  1.387778780781446e-16,  3.191891195797325e-16, -6.717716660720184e-16,  6.938893903907227e-17,  1.387778780781445e-16, -4.495102207124900e-16,  1.387778780781445e-16,  2.359223927328457e-16, -6.696032617270473e-16,  1.387778780781445e-16,  1.942890293094023e-16, -5.594483210025200e-16,  1.387778780781445e-16,  2.081668171172168e-16, -3.389215991189686e-16,  8.326672684688673e-17,  1.942890293094023e-16,  1.040834085586084e-15,  6.661338147750938e-16
  2.058333333333334e+00,  4.705702138840104e-01,  4.688192655165331e-01,  1.049943392146208e+00,  1.581583550784159e+00, -1.777995028866780e-01,  1.168631932120845e-01,  6.808772750643644e-04,  2.997602398444900e-14, -1.180485589896699e-03,  2.181645425286855e-03,  5.276627142525483e-03, -3.782474582313259e-03,  3.852540138213763e-03,  1.163057700005756e-02, -6.679424154326535e-03,  5.543056406774442e-03,  1.822563782177236e-02, -9.610393019555229e-03,  7.150375822964080e-03,  2.473166094662528e-02, -1.239711755625942e-02,  8.750210550405514e-03,  3.068195591773506e-02, -1.517086535322309e-02,  9.582241358770269e-03,  3.712998201065525e-02, -1.661341662544208e-02, -7.793245215825804e-16,  9.714451465470117e-17,  8.326672684688673e-17, -4.451734120225480e-16,  1.249000902703301e-16,  1.249000902703301e-16, -1.112174588535630e-15,  1.249000902703301e-16,  5.551115123125783e-17, -3.354521521670150e-16,  1.110223024625156e-16,  1.665334536937735e-16,  2.194425197110660e-16,  9.714451465470117e-17,  1.942890293094023e-16, -1.110873545928648e-15,  1.526556658859590e-16,  5.551115123125781e-17,  9.853229343548262e-16,  4.163336342344336e-16
  2.066666666666667e+00,  4.706051956723149e-01,  4.688132161206853e-01,  1.049940692235119e+00,  1.581578538994358e+00, -1.777465825790583e-01,  1.168083996058131e-01,  6.822316465600523e-04,  3.309852648649471e-14, -1.180829383205149e-03,  2.185985059608139e-03,  5.278848681475227e-03, -3.783576153958469e-03,  3.860203443731394e-03,  1.163547364693076e-02, -6.681369405801154e-03,  5.554082413834628e-03,  1.823331108789456e-02, -9.613191858311913e-03,  7.164599040002417e-03,  2.474207334579883e-02, -1.240072797396286e-02,  8.767616089201775e-03,  3.069487348010198e-02, -1.517528357065342e-02,  9.601301937106961e-03,  3.714561428845885e-02, -1.661825495769071e-02, -5.544609910090869e-16,  1.110223024625156e-16,  4.163336342344336e-17, -3.304648221735818e-16,  1.110223024625157e-16,  4.163336342344337e-17, -3.326332265185528e-16,  8.326672684688674e-17,  5.551115123125783e-17, -5.548946718780811e-16,  1.387778780781445e-16,  8.326672684688673e-17, -3.313321839115701e-16,  8.326672684688673e-17,  2.775557561562891e-17, -1.108054620280185e-16,  1.249000902703301e-16,  1.526556658859590e-16,  9.853229343548264e-16,  1.942890293094024e-16
  2.075000000000000e+00,  4.706385148408957e-01,  4.688057041774701e-01,  1.049937629804957e+00,  1.581572147496210e+00, -1.776945804055672e-01,  1.167431121310766e-01,  6.834517031736472e-04,  3.540223944417870e-14, -1.181004647321336e-03,  2.189894326424349e-03,  5.280168839951722e-03, -3.784137729697562e-03,  3.867106768698010e-03,  1.163838349907568e-02, -6.682361085316387e-03,  5.564014956605902e-03,  1.823787095722351e-02, -9.614618692373381e-03,  7.177411721037420e-03,  2.474826095599012e-02, -1.240256854693093e-02,  8.783295496769938e-03,  3.070254979362538e-02, -1.517753595590099e-02,  9.618472251666493e-03,  3.715490383257768e-02, -1.662072151538441e-02, -8.834079301411888e-16,  1.387778780781445e-16, -4.163336342344336e-17,  4.336808689942017e-18,  9.714451465470117e-17,  4.163336342344336e-17, -3.293806200010962e-16,  9.714451465470117e-17,  1.387778780781445e-17, -3.304648221735817e-16,  9.714451465470117e-17,  2.775557561562891e-17, -7.743371915891471e-16,  9.714451465470117e-17, -2.775557561562891e-17, -2.177077962350892e-16,  1.387778780781445e-16,  5.551115123125781e-17,  9.298117831235686e-16,  1.387778780781446e-17
  2.083333333333333e+00,  4.706705206073030e-01,  4.687966079611393e-01,  1.049934269877805e+00,  1.581563936193481e+00, -1.776449652441159e-01,  1.166672824945505e-01,  6.845542287113893e-04,  3.695655180164869e-14, -1.181029781103228e-03,  2.193427003875922e-03,  5.280544301803422e-03, -3.784218262568720e-03,  3.873345079250269e-03,  1.163921108038075e-02, -6.682503297299042e-03,  5.572990672896837e-03,  1.823916781439361e-02, -9.614823307774368e-03,  7.188990124731081e-03,  2.475002075349387e-02, -1.240283249463731e-02,  8.797464468117792e-03,  3.070473298826709e-02, -1.517785895962520e-02,  9.633988507239025e-03,  3.715754584073568e-02, -1.662107523255486e-02, -9.933460304312190e-16,  1.110223024625156e-16, -1.110223024625156e-16,  5.637851296924622e-18,  9.714451465470117e-17,  1.387778780781445e-17, -3.278627369596165e-16,  1.110223024625156e-16,  1.387778780781445e-17, -5.481726184086709e-16,  6.938893903907227e-17, -9.714451465470117e-17, -2.146720301521298e-16,  1.387778780781445e-16, -1.387778780781445e-17, -4.401860820291147e-16,  9.714451465470117e-17, -2.775557561562891e-17,  8.881784197001250e-16, -8.326672684688673e-17
  2.091666666666667e+00,  4.707015626341048e-01,  4.687858494742012e-01,  1.049930587892557e+00,  1.581553695650449e+00, -1.775981852807758e-01,  1.165793898795839e-01,  6.855438209214801e-04, -5.453971032161374e-15, -1.180873977260867e-03,  2.196597823707887e-03,  5.280003567620318e-03, -3.783719040818259e-03,  3.878944389902488e-03,  1.163801921101112e-02, -6.681621727907945e-03,  5.581046992479379e-03,  1.823730010144659e-02, -9.613554900788688e-03,  7.199382534317254e-03,  2.474748632129544e-02, -1.240119628784581e-02,  8.810182089429268e-03,  3.070158878627276e-02, -1.517585666574573e-02,  9.647915408290039e-03,  3.715374086288752e-02, -1.661888254671725e-02,  9.324138683375337e-18,  0.000000000000000e+00, -1.942890293094023e-16,  1.019150042136374e-17,  0.000000000000000e+00, -2.220446049250313e-16, -5.460042140636999e-16,  0.000000000000000e+00, -2.775557561562891e-16,  4.547143911404205e-16,  0.000000000000000e+00, -1.526556658859590e-16,  4.516786250574611e-16, -1.387778780781446e-17, -1.249000902703301e-16,  9.324138683375337e-18, -1.387778780781445e-17, -1.942890293094023e-16, -4.163336342344336e-17, -6.383782391594649e-16
  2.100000000000000e+00,  4.707320503691360e-01,  4.687734089809915e-01,  1.049926950871258e+00,  1.581540904911139e+00, -1.775591296398029e-01,  1.164824097913099e-01,  6.864342338949947e-04, -5.356826510126569e-15, -1.180672635656561e-03,  2.199450856790053e-03,  5.278587716778263e-03, -3.783073908419277e-03,  3.883982525033524e-03,  1.163489843673758e-02, -6.680482496742060e-03,  5.588295889626949e-03,  1.823240970764816e-02, -9.611915768583364e-03,  7.208733393319335e-03,  2.474085019901014e-02, -1.239908185666731e-02,  8.821625122234025e-03,  3.069335605124285e-02, -1.517326914888437e-02,  9.660446524149343e-03,  3.714377796142281e-02, -1.661604899077674e-02,  9.107298248878237e-18, -1.387778780781446e-17, -2.081668171172169e-16,  3.413068438984368e-16, -5.551115123125783e-17, -1.942890293094024e-16, -4.338977094286989e-16,  0.000000000000000e+00, -2.636779683484747e-16,  3.426078865054193e-16,  2.775557561562891e-17, -1.387778780781445e-16,  3.417405247674309e-16, -4.163336342344336e-17, -2.081668171172168e-16, -2.109857427656791e-16,  5.551115123125781e-17, -1.942890293094023e-16, -1.110223024625156e-16, -5.828670879282071e-16
  2.108333333333333e+00,  4.707622689934007e-01,  4.687593176428332e-01,  1.049923367001014e+00,  1.581525493617908e+00, -1.775284139966948e-01,  1.163750281650249e-01,  6.872145080428145e-04, -5.370704299106136e-15, -1.180395129767132e-03,  2.201950986527851e-03,  5.276402646668409e-03, -3.782184732827254e-03,  3.888397472603535e-03,  1.163008217334083e-02, -6.678912312779659e-03,  5.594648141006866e-03,  1.822486240605520e-02, -9.609656579072158e-03,  7.216927606287939e-03,  2.473060873004834e-02, -1.239616757023842e-02,  8.831652719457876e-03,  3.068065054392230e-02, -1.516970281608081e-02,  9.671427614982851e-03,  3.712840230351102e-02, -1.661214354627413e-02,  2.328866266498864e-16,  1.387778780781446e-17, -1.804112415015879e-16,  7.372574772901430e-18, -2.775557561562891e-17, -2.081668171172169e-16,  1.199127602768968e-16,  0.000000000000000e+00, -1.665334536937735e-16,  7.806255641895630e-18, -1.387778780781445e-17, -1.942890293094023e-16,  2.328866266498863e-16,  0.000000000000000e+00, -2.081668171172168e-16,  3.421742056364251e-16,  0.000000000000000e+00, -1.526556658859590e-16, -2.775557561562891e-17, -5.134781488891348e-16
  2.116666666666667e+00,  4.707924556621871e-01,  4.687436390421684e-01,  1.049919931985644e+00,  1.581507183144038e+00, -1.775075916003969e-01,  1.162572202717579e-01,  6.878742607915934e-04, -5.162537465824109e-15, -1.180043599389317e-03,  2.204064945415279e-03,  5.273586890207022e-03, -3.781058370311286e-03,  3.892130485937703e-03,  1.162387577075546e-02, -6.676923283420098e-03,  5.600019221576566e-03,  1.821513669376253e-02, -9.606794752448782e-03,  7.223856138458421e-03,  2.471741122106469e-02, -1.239247590008503e-02,  8.840131450759970e-03,  3.066427779040055e-02, -1.516518516666954e-02,  9.680712562959267e-03,  3.710858870214362e-02, -1.660719632737217e-02, -2.112025832001762e-16,  0.000000000000000e+00, -2.220446049250313e-16,  9.324138683375337e-18,  0.000000000000000e+00, -1.942890293094023e-16,  7.589415207398529e-18, -1.387778780781445e-17, -1.804112415015879e-16,  2.307182223049153e-16, -2.775557561562891e-17, -1.942890293094023e-16,  3.423910460709223e-16,  0.000000000000000e+00, -1.526556658859590e-16, -2.129373066761531e-16, -2.775557561562891e-17, -2.359223927328458e-16, -6.938893903907227e-17, -5.412337245047638e-16
  2.125000000000000e+00,  4.708227593974952e-01,  4.687264499468975e-01,  1.049916712022289e+00,  1.581485640265335e+00, -1.774978115953659e-01,  1.161290203994569e-01,  6.883975254977602e-04, -4.801714954707203e-15, -1.179601391877084e-03,  2.205741573628663e-03,  5.270330391773777e-03, -3.779641462989866e-03,  3.895091222551764e-03,  1.161669789845951e-02, -6.674421184653470e-03,  5.604279146060515e-03,  1.820388864469299e-02, -9.603194718678572e-03,  7.229351312744787e-03,  2.470214794530859e-02, -1.238783196494469e-02,  8.846856122751283e-03,  3.064534225853637e-02, -1.515950219121949e-02,  9.688076663479187e-03,  3.708567373676889e-02, -1.660097297513603e-02,  1.084202172485504e-17,  1.387778780781445e-17, -1.942890293094023e-16,  1.201296007113939e-16, -2.775557561562891e-17, -1.942890293094023e-16, -1.021318446481345e-16,  0.000000000000000e+00, -2.220446049250313e-16,  3.410900034639397e-16,  1.387778780781446e-17, -1.249000902703301e-16,  1.062518129035794e-17,  0.000000000000000e+00, -1.942890293094024e-16,  7.806255641895632e-18, -1.387778780781446e-17, -1.804112415015879e-16, -5.551115123125783e-17, -5.689893001203927e-16
  2.133333333333334e+00,  4.708532208189301e-01,  4.687078277349626e-01,  1.049913748423636e+00,  1.581460564027075e+00, -1.774997855499240e-01,  1.159906591403035e-01,  6.887641968946931e-04, -4.260481187991584e-15, -1.179042007712041e-03,  2.206916450519319e-03,  5.266840042691756e-03, -3.777849101944491e-03,  3.897165922834077e-03,  1.160900457985570e-02, -6.671256076891544e-03,  5.607264236487762e-03,  1.819183286805134e-02, -9.598640743839064e-03,  7.233201989495008e-03,  2.468578860670658e-02, -1.238195747455501e-02,  8.851568355106771e-03,  3.062504695742771e-02, -1.515231333442987e-02,  9.693236967625349e-03,  3.706111323720070e-02, -1.659310055190042e-02, -2.125036258071589e-16,  0.000000000000000e+00, -2.220446049250313e-16,  4.527628272299467e-16,  0.000000000000000e+00, -1.387778780781446e-16, -2.112025832001762e-16,  0.000000000000000e+00, -2.636779683484746e-16,  9.107298248878236e-18, -1.387778780781445e-17, -1.804112415015879e-16,  8.023096076392731e-18,  1.387778780781445e-17, -1.665334536937735e-16,  6.071532165918823e-18, -4.163336342344336e-17, -1.526556658859590e-16, -2.775557561562891e-17, -5.134781488891349e-16
  2.141666666666667e+00,  4.708837572182510e-01,  4.686878439540194e-01,  1.049911073645739e+00,  1.581431787949796e+00, -1.775138156021099e-01,  1.158426577365755e-01,  6.889544819605046e-04, -3.566591743487971e-15, -1.178344748673604e-03,  2.207526155909130e-03,  5.263276827202386e-03, -3.775614966591113e-03,  3.898242593891034e-03,  1.160115065138919e-02, -6.667310845451553e-03,  5.608813356857102e-03,  1.817952540852304e-02, -9.592964322666316e-03,  7.235200308115425e-03,  2.466908774174082e-02, -1.237463506220059e-02,  8.854013780230386e-03,  3.060432796068175e-02, -1.514335259566250e-02,  9.695914920758214e-03,  3.703603999941492e-02, -1.658328776383957e-02,  9.107298248878236e-18,  1.387778780781445e-17, -1.804112415015879e-16,  3.406563225949454e-16, -1.387778780781445e-17, -1.526556658859590e-16, -3.237427687041716e-16,  1.387778780781445e-17, -2.081668171172168e-16,  5.616167253474912e-16, -2.775557561562891e-17, -6.938893903907227e-17, -1.436351038108796e-15, -2.775557561562891e-17, -3.330669073875469e-16,  8.985867605559861e-16, -1.387778780781446e-17, -1.110223024625157e-16,  0.000000000000000e+00, -6.383782391594649e-16
  2.150000000000000e+00,  4.709141614140957e-01,  4.686665641383406e-01,  1.049908721982548e+00,  1.581399396242373e+00, -1.775398318999357e-01,  1.156858431246277e-01,  6.889512757070997e-04, -2.858824510108301e-15, -1.177505131451184e-03,  2.207515882534809e-03,  5.259719019932777e-03, -3.772924691648506e-03,  3.898224452269079e-03,  1.159330864355190e-02, -6.662560122864297e-03,  5.608787254589360e-03,  1.816723662915753e-02, -9.586128956303027e-03,  7.235166636976954e-03,  2.465241222521289e-02, -1.236581764545462e-02,  8.853972575464837e-03,  3.058364041106174e-02, -1.513256235820547e-02,  9.695869797957378e-03,  3.701100481758687e-02, -1.657147151564368e-02, -3.230922474006803e-16,  4.163336342344336e-17, -1.942890293094023e-16,  3.419573652019280e-16,  0.000000000000000e+00, -1.526556658859590e-16,  8.023096076392733e-18,  0.000000000000000e+00, -1.665334536937735e-16, -3.267785347871310e-16, -1.387778780781445e-17, -1.804112415015879e-16,  3.439089291124019e-16,  1.387778780781445e-17, -1.665334536937735e-16,  6.288372600415926e-18, -1.387778780781446e-17, -1.387778780781446e-16, -1.387778780781446e-17, -5.551115123125783e-16
  2.158333333333333e+00,  4.709441185286095e-01,  4.686440603378052e-01,  1.049906729085332e+00,  1.581363829055517e+00, -1.775774224685784e-01,  1.155213456183484e-01,  6.887393590019813e-04, -2.206568432322804e-15, -1.176536355036253e-03,  2.206836865733368e-03,  5.256170150549880e-03, -3.769820568906839e-03,  3.897025385063162e-03,  1.158548633632568e-02, -6.657078591669137e-03,  5.607062029952876e-03,  1.815497872153685e-02, -9.578242098406766e-03,  7.232941149155509e-03,  2.463577860074545e-02, -1.235564383629907e-02,  8.851249153998679e-03,  3.056300483249027e-02, -1.512011224727196e-02,  9.692887414657899e-03,  3.698603252888411e-02, -1.655783756166998e-02,  6.722053469410127e-18,  0.000000000000000e+00, -1.249000902703301e-16, -1.214089592749268e-15,  0.000000000000000e+00, -3.053113317719180e-16,  9.324138683375337e-18,  0.000000000000000e+00, -1.942890293094023e-16,  4.505944228849755e-16,  1.387778780781445e-17, -8.326672684688673e-17, -1.027823659516258e-16,  0.000000000000000e+00, -1.665334536937735e-16,  7.806255641895630e-18,  1.387778780781445e-17, -1.665334536937735e-16, -1.387778780781445e-17, -4.857225732735059e-16
  2.166666666666667e+00,  4.709732337190043e-01,  4.686204397099011e-01,  1.049905128017571e+00,  1.581325905171400e+00, -1.776258512480823e-01,  1.153506026436655e-01,  6.883066623670786e-04, -1.498801199119162e-15, -1.175465909563953e-03,  2.205450432867484e-03,  5.252582589867301e-03, -3.766390681388165e-03,  3.894577100752834e-03,  1.157757874694360e-02, -6.651021796562926e-03,  5.603539424725533e-03,  1.814258717293773e-02, -9.569527547561501e-03,  7.228397094502213e-03,  2.461896362935392e-02, -1.234440232816741e-02,  8.845688406430061e-03,  3.054214427597076e-02, -1.510635554895422e-02,  9.686797912579028e-03,  3.696078798155523e-02, -1.654277278090624e-02,  8.023096076392731e-18,  1.387778780781445e-17, -1.387778780781445e-16,  4.987329993433320e-18, -1.387778780781445e-17, -1.387778780781445e-16, -1.032160468206200e-16,  0.000000000000000e+00, -1.804112415015879e-16,  6.726390278100070e-16, -2.775557561562891e-17, -8.326672684688674e-17, -6.596286017401809e-16,  1.387778780781446e-17, -1.942890293094024e-16,  2.302845414359211e-16,  1.387778780781445e-17, -9.714451465470117e-17,  0.000000000000000e+00, -4.024558464266191e-16
  2.175000000000000e+00,  4.710010605165881e-01,  4.685958740260315e-01,  1.049903940510325e+00,  1.581286678891904e+00, -1.776840648352796e-01,  1.151753456233643e-01,  6.876511957910152e-04, -1.096345321414875e-15, -1.174330916624872e-03,  2.203350207598917e-03,  5.248875221189203e-03, -3.762753972918461e-03,  3.890868339444387e-03,  1.156940708051346e-02, -6.644599778948069e-03,  5.598203238105919e-03,  1.812978180371477e-02, -9.560287512517947e-03,  7.221513574476160e-03,  2.460158711539976e-02, -1.233248296124586e-02,  8.837264758351615e-03,  3.052058707298702e-02, -1.509176932680697e-02,  9.677573285521355e-03,  3.693470038267025e-02, -1.652679959942435e-02,  6.722053469410127e-18,  1.387778780781446e-17, -1.387778780781446e-16,  6.288372600415926e-18, -1.387778780781446e-17, -1.526556658859590e-16, -2.170572749315980e-16,  1.387778780781446e-17, -1.110223024625157e-16, -2.140215088486386e-16,  0.000000000000000e+00, -1.942890293094024e-16,  2.285498179599443e-16,  1.387778780781446e-17, -9.714451465470120e-17,  5.204170427930421e-18, -1.387778780781446e-17, -1.110223024625157e-16,  1.387778780781446e-17, -4.302114220422482e-16
  2.183333333333334e+00,  4.710271347860419e-01,  4.685706118580313e-01,  1.049903165589718e+00,  1.581247195017556e+00, -1.777507883544295e-01,  1.149975427978845e-01,  6.867879687384290e-04, -7.077672326970970e-16, -1.173174625967048e-03,  2.200584282784251e-03,  5.244949697601154e-03, -3.759049022972269e-03,  3.885984027703810e-03,  1.156075456383422e-02, -6.638057254570538e-03,  5.591175662919302e-03,  1.811622292050099e-02, -9.550874091666725e-03,  7.212448214134884e-03,  2.458318810485521e-02, -1.232033993185466e-02,  8.826171102066434e-03,  3.049776136663090e-02, -1.507690939964712e-02,  9.665424767325282e-03,  3.690707769562070e-02, -1.651052668715622e-02,  3.382710778154773e-16,  0.000000000000000e+00, -6.938893903907227e-17, -5.483894588431680e-16,  1.387778780781445e-17, -1.942890293094023e-16,  7.832276494035282e-16,  0.000000000000000e+00, -4.163336342344336e-17, -3.259111730491425e-16,  2.775557561562890e-17, -1.804112415015879e-16,  1.162264728904461e-16,  1.387778780781445e-17, -6.938893903907227e-17, -7.700003828992051e-16,  2.775557561562891e-17, -2.220446049250313e-16,  0.000000000000000e+00, -4.440892098500625e-16
  2.191666666666667e+00,  4.710510261402673e-01,  4.685449786565601e-01,  1.049902780991772e+00,  1.581208326697429e+00, -1.778248216729200e-01,  1.148193034018707e-01,  6.857469891218413e-04, -4.163336662217041e-16, -1.172045889164569e-03,  2.197248808829060e-03,  5.240713999194786e-03, -3.755432360217260e-03,  3.880093956318710e-03,  1.155141836949344e-02, -6.631670635430789e-03,  5.582700995100562e-03,  1.810159268360960e-02, -9.541684988147982e-03,  7.201516147883560e-03,  2.456333529849996e-02, -1.230848626506631e-02,  8.812793080571080e-03,  3.047313208957762e-02, -1.506240357746943e-02,  9.650774670607916e-03,  3.687727240496796e-02, -1.649464155063144e-02, -4.354155924701785e-16,  5.551115123125781e-17, -1.804112415015879e-16,  5.421010862427521e-18,  1.387778780781445e-17, -9.714451465470117e-17,  4.987329993433320e-18, -1.387778780781445e-17, -1.110223024625156e-16,  2.263814136149733e-16, -1.387778780781445e-17, -1.110223024625156e-16,  5.637851296924623e-18,  1.387778780781446e-17, -9.714451465470120e-17,  4.770489558936220e-18, -2.775557561562891e-17, -1.249000902703301e-16,  1.387778780781446e-17, -3.330669073875469e-16
  2.200000000000000e+00,  4.710723952183314e-01,  4.685193755847767e-01,  1.049902758619900e+00,  1.581170725678505e+00, -1.779054372460435e-01,  1.146427914097864e-01,  6.845663054528511e-04, -1.249000998453473e-16, -1.171000749779977e-03,  2.193465699571864e-03,  5.236108898726526e-03, -3.752083557664182e-03,  3.873413411399210e-03,  1.154126795064722e-02, -6.625757027242678e-03,  5.573088989517950e-03,  1.808568652025819e-02, -9.533176455445446e-03,  7.189116950168649e-03,  2.454175109701266e-02, -1.229751051413388e-02,  8.797619669642098e-03,  3.044635485371030e-02, -1.504897209722483e-02,  9.634158466355800e-03,  3.684486774704095e-02, -1.647993291193451e-02,  2.259477327459791e-16, -1.387778780781445e-17, -9.714451465470117e-17,  3.469446951953614e-18, -2.775557561562891e-17, -9.714451465470120e-17, -2.166235940626037e-16,  1.387778780781445e-17, -1.110223024625156e-16,  4.987329993433320e-18,  0.000000000000000e+00, -1.110223024625156e-16, -3.276458965251194e-16,  1.387778780781445e-17, -1.387778780781445e-16,  5.421010862427521e-18,  1.387778780781445e-17, -8.326672684688673e-17,  5.551115123125781e-17, -2.914335439641035e-16
  2.208333333333333e+00,  4.710910248451213e-01,  4.684942687393631e-01,  1.049903078625472e+00,  1.581134796436208e+00, -1.779926245238526e-01,  1.144701680066146e-01,  6.832903273350010e-04,  0.000000000000000e+00, -1.170103034699261e-03,  2.189377250851239e-03,  5.231119284327206e-03, -3.749207127402209e-03,  3.866193671371845e-03,  1.153026999818525e-02, -6.620677575325255e-03,  5.562701186985335e-03,  1.806845223357063e-02, -9.525868111473851e-03,  7.175716997753876e-03,  2.451836467074915e-02, -1.228808297051801e-02,  8.781221593807020e-03,  3.041734178818081e-02, -1.503743522228913e-02,  9.616201147549982e-03,  3.680975738432267e-02, -1.646729903078145e-02, -5.527262675331101e-16, -1.387778780781445e-17, -1.526556658859590e-16,  5.421010862427521e-18,  1.387778780781445e-17, -9.714451465470117e-17,  4.119968255444916e-18,  0.000000000000000e+00, -8.326672684688673e-17,  1.144917494144692e-16,  0.000000000000000e+00, -5.551115123125781e-17,  4.987329993433320e-18,  0.000000000000000e+00, -1.110223024625157e-16,  3.686287386450715e-18,  0.000000000000000e+00, -9.714451465470120e-17,  4.163336342344337e-17, -2.914335439641036e-16
  2.216666666666667e+00,  4.711068229618467e-01,  4.684701973949859e-01,  1.049903778441227e+00,  1.581100805664240e+00, -1.780872409621331e-01,  1.143044057775979e-01,  6.819655384627262e-04, -1.129652013817767e-14, -1.169441617134311e-03,  2.185132404078694e-03,  5.225746668006491e-03, -3.747087834067729e-03,  3.858697749929151e-03,  1.151842784484953e-02, -6.616935141922481e-03,  5.551916013033468e-03,  1.804989504611764e-02, -9.520483477246020e-03,  7.161804448148958e-03,  2.449318310659954e-02, -1.228113695453679e-02,  8.764196231583721e-03,  3.038610168495425e-02, -1.502893509534270e-02,  9.597556895562668e-03,  3.677195195648900e-02, -1.645799065268743e-02,  2.213940836215400e-16, -5.551115123125781e-17, -2.775557561562891e-17,  5.548946718780811e-16, -5.551115123125781e-17,  0.000000000000000e+00, -8.673617379884034e-19, -5.551115123125781e-17, -5.551115123125781e-17, -4.449565715880510e-16, -8.326672684688674e-17, -1.526556658859590e-16, -2.602085213965211e-18, -8.326672684688674e-17, -5.551115123125783e-17,  3.335005882565412e-16, -4.163336342344337e-17, -2.775557561562891e-17, -5.551115123125783e-16, -1.526556658859590e-16
  2.225000000000000e+00,  4.711197610132079e-01,  4.684476364072311e-01,  1.049904759526832e+00,  1.581068688967328e+00, -1.781895108979796e-01,  1.141452826176805e-01,  6.806579920340540e-04, -5.648260068444223e-15, -1.169032237245777e-03,  2.180942805229580e-03,  5.220042475676409e-03, -3.745776111980287e-03,  3.851299390187022e-03,  1.150585484198743e-02, -6.614618788433264e-03,  5.541271211460285e-03,  1.803019258453084e-02, -9.517150694823204e-03,  7.148072974715258e-03,  2.446644743870900e-02, -1.227683776558323e-02,  8.747392459771951e-03,  3.035293356957634e-02, -1.502367400005325e-02,  9.579155304387889e-03,  3.673181333133581e-02, -1.645222929590890e-02, -1.301042606982605e-18, -6.938893903907228e-17, -6.938893903907228e-17, -4.490765398434959e-16, -6.938893903907228e-17, -2.775557561562891e-17,  1.103717811590244e-16, -5.551115123125783e-17, -4.163336342344337e-17,  1.077696959450591e-16, -2.775557561562891e-17,  4.163336342344337e-17,  1.086370576830475e-16, -6.938893903907228e-17, -2.775557561562891e-17, -3.035766082959412e-18, -9.714451465470120e-17, -5.551115123125783e-17, -5.273559366969494e-16, -1.387778780781445e-17
  2.233333333333333e+00,  4.711299000255850e-01,  4.684271698875573e-01,  1.049906076094040e+00,  1.581038473529434e+00, -1.783000661424534e-01,  1.139949031599999e-01,  6.794221585082501e-04,  8.465451207564018e-16, -1.168939515795560e-03,  2.176982986604240e-03,  5.214037978372914e-03, -3.745479016845300e-03,  3.844306796450234e-03,  1.149261991626611e-02, -6.614094151881869e-03,  5.531210228297884e-03,  1.800945286002062e-02, -9.516395844802284e-03,  7.135094609453880e-03,  2.443830423517026e-02, -1.227586403178702e-02,  8.731510297567587e-03,  3.031801927359200e-02, -1.502248240174181e-02,  9.561762955866165e-03,  3.668956155359469e-02, -1.645092439215480e-02,  2.190088388420719e-16, -4.163336342344337e-17,  2.775557561562891e-17,  7.721687872441763e-16, -6.938893903907228e-17,  1.110223024625157e-16, -6.505213034913025e-18, -6.938893903907227e-17,  5.551115123125781e-17, -1.162264728904461e-16, -8.326672684688673e-17, -1.387778780781445e-17,  4.404029224636118e-16, -5.551115123125781e-17,  5.551115123125781e-17, -3.393552799879628e-16, -9.714451465470117e-17, -2.775557561562891e-17, -5.134781488891348e-16,  8.326672684688674e-17
  2.241666666666667e+00,  4.711373215035147e-01,  4.684093563562954e-01,  1.049907725602082e+00,  1.581009985315987e+00, -1.784183447550371e-01,  1.138536384843417e-01,  6.783204064289004e-04,  6.050715944840722e-15, -1.169175851170217e-03,  2.173452787509470e-03,  5.207848077874555e-03, -3.746236275180110e-03,  3.838072862422025e-03,  1.147897633060691e-02, -6.615431384824307e-03,  5.522240808988731e-03,  1.798807274698973e-02, -9.518319863075563e-03,  7.123524328688067e-03,  2.440929204301866e-02, -1.227834595741072e-02,  8.717351266584541e-03,  3.028202691534831e-02, -1.502551963674801e-02,  9.546257585851897e-03,  3.664600515132548e-02, -1.645425042857086e-02, -6.761084747619603e-16, -6.938893903907226e-17,  1.387778780781445e-17,  2.155393918901182e-16, -5.551115123125781e-17,  8.326672684688673e-17,  6.602791230436721e-16, -5.551115123125781e-17,  1.249000902703301e-16, -4.484260185400045e-16, -2.775557561562891e-17,  1.387778780781445e-17, -3.419573652019280e-16, -9.714451465470117e-17,  2.775557561562891e-17,  3.256943326146455e-16, -6.938893903907227e-17,  9.714451465470117e-17, -4.996003610813203e-16,  3.053113317719180e-16
  2.250000000000000e+00,  4.711421182966524e-01,  4.683947306779240e-01,  1.049909700867016e+00,  1.580983007653126e+00, -1.785431078652161e-01,  1.137212277066707e-01,  6.774159128216243e-04,  9.242607383660252e-15, -1.169730566192617e-03,  2.170554637760437e-03,  5.201685996487027e-03, -3.748013675511255e-03,  3.832955056354733e-03,  1.146539406296779e-02, -6.618570073651454e-03,  5.514877280864377e-03,  1.796678872205939e-02, -9.522835826202166e-03,  7.114025599184217e-03,  2.438041023962986e-02, -1.228417141383386e-02,  8.705727278535630e-03,  3.024619631665313e-02, -1.503264848864353e-02,  9.533528308266875e-03,  3.660264450349924e-02, -1.646205714123573e-02,  9.896597430447683e-16, -5.551115123125781e-17,  2.359223927328457e-16,  2.114194236346733e-16, -6.938893903907227e-17,  1.804112415015879e-16, -8.673617379884034e-18, -6.938893903907227e-17,  9.714451465470117e-17, -2.296340201324298e-16, -5.551115123125781e-17,  8.326672684688673e-17, -2.300677010014240e-16, -2.775557561562891e-17,  1.110223024625157e-16, -6.754579534584691e-16, -2.775557561562891e-17,  6.938893903907227e-17, -5.134781488891348e-16,  1.942890293094023e-16
  2.258333333333333e+00,  4.711443912857162e-01,  4.683837659541055e-01,  1.049912004398982e+00,  1.580957440546436e+00, -1.786729521621254e-01,  1.135970722761774e-01,  6.767660944165847e-04,  1.051936395966960e-14, -1.170583002135507e-03,  2.168472510224220e-03,  5.195826920179365e-03, -3.750745023798829e-03,  3.829278253620226e-03,  1.145247966967937e-02, -6.623393327142185e-03,  5.509587076429638e-03,  1.794655128630969e-02, -9.529775550437221e-03,  7.107201394796538e-03,  2.435294862735068e-02, -1.229312344909012e-02,  8.697376217458122e-03,  3.021212759885793e-02, -1.504360346433658e-02,  9.524383170290701e-03,  3.656141600808094e-02, -1.647405379212982e-02, -2.326697862153892e-16, -5.551115123125781e-17,  1.526556658859590e-16, -9.009720053354540e-16, -6.938893903907227e-17,  1.110223024625156e-16, -9.540979117872437e-18, -2.775557561562891e-17,  1.804112415015879e-16, -9.324138683375337e-18, -4.163336342344336e-17,  1.526556658859590e-16, -2.331034670843834e-16, -6.938893903907227e-17,  1.387778780781445e-16,  2.094678597241994e-16, -6.938893903907227e-17,  2.081668171172168e-16, -4.579669976578770e-16,  4.024558464266191e-16
  2.266666666666667e+00,  4.711442480020672e-01,  4.683768401131256e-01,  1.049914652720728e+00,  1.580933397108414e+00, -1.788065017400350e-01,  1.134804047772674e-01,  6.764150504207098e-04,  1.007527471689703e-14, -1.171708629937723e-03,  2.167347706184486e-03,  5.190549142871507e-03, -3.754351724800191e-03,  3.827291976363920e-03,  1.144084655752152e-02, -6.629762354949490e-03,  5.506729209555362e-03,  1.792832167578230e-02, -9.538939343448330e-03,  7.103514832602549e-03,  2.432821157555881e-02, -1.230494446608590e-02,  8.692864818872981e-03,  3.018143895508838e-02, -1.505806933161199e-02,  9.519442796587410e-03,  3.652427793271812e-02, -1.648989517456891e-02, -1.229485263598562e-16, -5.551115123125783e-17,  2.081668171172169e-16, -1.235990476633475e-17, -5.551115123125781e-17,  1.942890293094023e-16, -1.192622389734055e-17, -5.551115123125781e-17,  2.081668171172168e-16, -1.192622389734055e-17, -4.163336342344336e-17,  2.081668171172168e-16,  1.012644829101461e-16, -2.775557561562891e-17,  1.804112415015879e-16, -7.890823411349499e-16, -5.551115123125781e-17,  1.110223024625156e-16, -4.024558464266191e-16,  5.828670879282072e-16
  2.275000000000000e+00,  4.711417901929967e-01,  4.683742218430302e-01,  1.049917666815726e+00,  1.580911184357223e+00, -1.789423266429769e-01,  1.133704076498282e-01,  6.763908714316674e-04,  8.548717942743385e-15, -1.173080070216077e-03,  2.167270232648756e-03,  5.186105816316197e-03, -3.758746050362038e-03,  3.827155166831261e-03,  1.143105271569240e-02, -6.637522239033734e-03,  5.506532367235716e-03,  1.791297428467326e-02, -9.550104308289531e-03,  7.103260911940403e-03,  2.430738561177054e-02, -1.231934693447293e-02,  8.692554085660689e-03,  3.015560238453724e-02, -1.507569422769436e-02,  9.519102516706056e-03,  3.649301162745518e-02, -1.650919596821956e-02, -6.808789643208966e-16, -6.938893903907227e-17,  1.526556658859590e-16, -1.170938346284344e-17, -2.775557561562891e-17,  2.220446049250313e-16, -1.387778780781445e-17, -8.326672684688673e-17,  1.942890293094023e-16,  3.220080452281948e-16, -4.163336342344336e-17,  2.359223927328457e-16, -6.789274004104227e-16, -2.775557561562891e-17,  1.665334536937735e-16, -4.575333167888828e-16, -4.163336342344336e-17,  1.942890293094023e-16, -3.747002708109902e-16,  6.245004513516505e-16
  2.283333333333334e+00,  4.711370941051045e-01,  4.683760748655837e-01,  1.049921059992542e+00,  1.580891215532118e+00, -1.790788451764123e-01,  1.132663450580131e-01,  6.767080901502529e-04,  6.133982680758194e-15, -1.174667870960312e-03,  2.168286654830560e-03,  5.182723782775044e-03, -3.763833631284308e-03,  3.828950053944354e-03,  1.142359814283035e-02, -6.646506334015038e-03,  5.509114860901825e-03,  1.790129263336118e-02, -9.563030674651632e-03,  7.106592250997118e-03,  2.429153395037204e-02, -1.233602155777374e-02,  8.696630783008415e-03,  3.013593690483903e-02, -1.509609965369491e-02,  9.523566854764718e-03,  3.646921331064140e-02, -1.653154168388857e-02, -7.879981389624646e-16, -2.775557561562891e-17,  9.714451465470120e-17, -1.246832498358330e-16, -5.551115123125781e-17,  2.359223927328457e-16, -4.586175189613683e-16, -4.163336342344336e-17,  1.942890293094023e-16,  6.520391865327824e-16, -4.163336342344337e-17,  3.330669073875470e-16, -4.566659550508944e-16, -4.163336342344336e-17,  1.665334536937735e-16, -3.462941738918700e-16, -5.551115123125781e-17,  2.220446049250313e-16, -3.053113317719180e-16,  7.355227538141662e-16
  2.291666666666667e+00,  4.711302036819532e-01,  4.683824712993747e-01,  1.049924836974636e+00,  1.580873952206611e+00, -1.792143315020113e-01,  1.131676707200052e-01,  6.773700283826888e-04,  3.788636362444931e-15, -1.176442567930084e-03,  2.170407616368269e-03,  5.180597398890545e-03, -3.769520059180588e-03,  3.832695433168651e-03,  1.141891123378518e-02, -6.656547925314013e-03,  5.514503733583594e-03,  1.789394803586281e-02, -9.577478572660373e-03,  7.113543734456520e-03,  2.428156754497826e-02, -1.235465891107494e-02,  8.705137600752927e-03,  3.012357263979365e-02, -1.511890695355245e-02,  9.532882559840208e-03,  3.645425060944044e-02, -1.655651766026665e-02,  6.524728674017766e-16, -5.551115123125783e-17,  3.191891195797325e-16, -9.003214840319629e-16,  2.775557561562891e-17,  1.665334536937735e-16,  3.191891195797325e-16, -5.551115123125781e-17,  2.636779683484746e-16, -2.348381905603603e-16, -2.775557561562891e-17,  2.081668171172169e-16, -2.350550309948573e-16, -1.387778780781445e-17,  2.636779683484746e-16, -1.322726650432315e-17, -4.163336342344336e-17,  2.359223927328457e-16, -2.359223927328457e-16,  6.661338147750938e-16
  2.300000000000000e+00,  4.711211475005977e-01,  4.683934068623088e-01,  1.049929004957953e+00,  1.580859904199767e+00, -1.793469988180636e-01,  1.130740712226495e-01,  6.783698945528344e-04,  1.582067931959931e-15, -1.178376247399974e-03,  2.173611355909295e-03,  5.179865463008255e-03, -3.775715893774074e-03,  3.838352876405924e-03,  1.141729792354174e-02, -6.667489071474691e-03,  5.522643694712314e-03,  1.789141990607427e-02, -9.593220755260876e-03,  7.124044039158384e-03,  2.427813694631513e-02, -1.237496585251939e-02,  8.717987257786693e-03,  3.011931665887967e-02, -1.514375739745578e-02,  9.546954051537717e-03,  3.644910020458569e-02, -1.658373105701905e-02, -1.170938346284344e-17, -1.387778780781445e-17,  2.498001805406602e-16, -5.687724596858955e-16, -2.775557561562891e-17,  1.942890293094023e-16, -1.149254302834634e-17, -1.387778780781445e-17,  2.498001805406602e-16, -1.301042606982605e-17, -4.163336342344336e-17,  2.359223927328457e-16, -1.231653667943533e-16, -1.387778780781445e-17,  2.220446049250313e-16, -1.251169307048272e-16, -2.775557561562891e-17,  2.636779683484747e-16, -1.804112415015879e-16,  7.216449660063518e-16
  2.308333333333333e+00,  4.711099669882450e-01,  4.684088121390797e-01,  1.049933583820886e+00,  1.580849605035615e+00, -1.794750629624660e-01,  1.129854449931759e-01,  6.796947823045350e-04, -4.857226108244450e-16, -1.180441193943798e-03,  2.177856519306611e-03,  5.180585553088737e-03, -3.782332330174072e-03,  3.845849356895965e-03,  1.141888512364395e-02, -6.679172953060190e-03,  5.533429672976140e-03,  1.789390712009867e-02, -9.610031589765752e-03,  7.137957626271608e-03,  2.428151202347648e-02, -1.239665132273589e-02,  8.735013889641135e-03,  3.012350376013813e-02, -1.517029480401724e-02,  9.565599693840536e-03,  3.645416725425112e-02, -1.661279182455752e-02, -3.460773334573729e-16, -2.775557561562891e-17,  2.081668171172168e-16, -1.322726650432315e-17, -2.775557561562891e-17,  2.359223927328458e-16, -1.084202172485504e-17,  1.387778780781446e-17,  2.775557561562891e-16, -3.462941738918701e-16, -4.163336342344337e-17,  2.081668171172169e-16, -1.127570259384925e-17,  0.000000000000000e+00,  2.636779683484747e-16, -3.458604930228759e-16, -2.775557561562891e-17,  2.220446049250313e-16, -1.110223024625157e-16,  5.412337245047637e-16
  2.316666666666667e+00,  4.710967397081882e-01,  4.684285576894018e-01,  1.049938599623725e+00,  1.580843513496706e+00, -1.795967847749151e-01,  1.129018391709302e-01,  6.813312314531435e-04, -1.859623710582798e-15, -1.182607405787962e-03,  2.183099977878188e-03,  5.182731693839488e-03, -3.789273237645005e-03,  3.855108714238571e-03,  1.142361558016323e-02, -6.691429814017174e-03,  5.546752088364112e-03,  1.790131995845208e-02, -9.627666830211172e-03,  7.155143140886455e-03,  2.429157102972908e-02, -1.241940025178649e-02,  8.756044514466077e-03,  3.013598290527411e-02, -1.519813360912634e-02,  9.588630056581157e-03,  3.646926897839536e-02, -1.664327773665730e-02,  1.003971211721577e-16,  1.387778780781445e-17,  2.775557561562891e-16, -3.428247269399165e-16,  1.387778780781446e-17,  1.942890293094024e-16, -5.659535340374333e-16, -1.387778780781446e-17,  1.665334536937735e-16,  3.217912047936977e-16,  0.000000000000000e+00,  2.775557561562891e-16, -1.149254302834635e-17, -2.775557561562891e-17,  2.359223927328458e-16, -4.564491146163974e-16,  0.000000000000000e+00,  2.081668171172169e-16, -2.775557561562891e-17,  6.106226635438360e-16
  2.325000000000000e+00,  4.710815917993322e-01,  4.684524570742034e-01,  1.049944063497794e+00,  1.580841924858780e+00, -1.797105933055576e-01,  1.128233995719723e-01,  6.832660617478520e-04, -2.761679989017344e-15, -1.184843726023133e-03,  2.189299499878926e-03,  5.186220110379985e-03, -3.796438784204395e-03,  3.866056371930929e-03,  1.143130463911945e-02, -6.704083362306368e-03,  5.562503639788197e-03,  1.791336906003377e-02, -9.645872826619717e-03,  7.175462167825162e-03,  2.430792131046776e-02, -1.244288543883990e-02,  8.780909747889290e-03,  3.015626696924927e-02, -1.522687340359606e-02,  9.615859649144456e-03,  3.649381587927033e-02, -1.667475031044409e-02, -2.289834988289385e-16,  2.775557561562891e-17,  1.804112415015879e-16,  4.336808689942018e-16,  1.387778780781446e-17,  3.191891195797325e-16, -1.121065046350011e-15, -1.387778780781445e-17,  1.110223024625156e-16, -1.205632815803881e-16, -1.387778780781445e-17,  1.942890293094023e-16,  2.125036258071589e-16,  1.387778780781446e-17,  2.359223927328458e-16, -1.010042743887496e-15, -1.387778780781446e-17,  1.387778780781446e-16,  8.326672684688673e-17,  6.245004513516505e-16
  2.333333333333333e+00,  4.710646991825846e-01,  4.684802775015694e-01,  1.049949957255559e+00,  1.580844989714353e+00, -1.798152784686165e-01,  1.127503715155212e-01,  6.854846414897733e-04, -3.122502501243485e-15, -1.187122256515363e-03,  2.196408202883068e-03,  5.190928192570385e-03, -3.803739579532466e-03,  3.878609540891256e-03,  1.144168204706601e-02, -6.716975744690113e-03,  5.580565209848923e-03,  1.792963092552479e-02, -9.664422458865356e-03,  7.198761049235272e-03,  2.432998818942221e-02, -1.246681390577336e-02,  8.809421552438853e-03,  3.018364301199777e-02, -1.525615565798353e-02,  9.647082554151842e-03,  3.652694518750437e-02, -1.670681692500444e-02,  3.256943326146455e-16,  2.775557561562891e-17,  2.359223927328458e-16, -8.456776945386935e-18,  0.000000000000000e+00,  1.942890293094024e-16, -1.227967380557082e-15,  2.775557561562891e-17,  4.163336342344337e-17, -6.938893903907227e-18,  2.775557561562891e-17,  2.081668171172168e-16, -5.627009275199767e-16,  0.000000000000000e+00,  1.110223024625156e-16,  5.490399801466593e-16,  2.775557561562891e-17,  2.498001805406602e-16,  1.249000902703301e-16,  4.579669976578770e-16
  2.341666666666667e+00,  4.710462817036876e-01,  4.685117599254954e-01,  1.049956234330255e+00,  1.580852810157856e+00, -1.799101589857513e-01,  1.126831014031558e-01,  6.879735807225133e-04, -3.025357980102316e-15, -1.189421550097909e-03,  2.204383183217985e-03,  5.196686202769558e-03, -3.811106903296345e-03,  3.892692458068920e-03,  1.145437367358743e-02, -6.729985608797923e-03,  5.600827790240302e-03,  1.794951927571990e-02, -9.683141124475920e-03,  7.224899167686482e-03,  2.435697610274592e-02, -1.249096042065558e-02,  8.841407848753795e-03,  3.021712406160043e-02, -1.528570474666118e-02,  9.682110329737488e-03,  3.656746251217578e-02, -1.673917574631155e-02, -3.397889608569570e-16,  5.551115123125781e-17,  1.526556658859590e-16, -3.391384395534657e-16,  1.387778780781445e-17,  1.110223024625156e-16,  1.043002489931055e-16,  6.938893903907228e-17,  2.498001805406602e-16, -3.400058012914542e-16,  2.775557561562891e-17,  1.665334536937735e-16, -4.499439015814843e-16,  1.387778780781446e-17,  8.326672684688674e-17, -3.384879182499745e-16,  2.775557561562891e-17,  1.249000902703301e-16,  2.498001805406602e-16,  4.440892098500625e-16
  2.350000000000000e+00,  4.710265947846948e-01,  4.685466300542021e-01,  1.049962822842928e+00,  1.580865510558092e+00, -1.799952028243436e-01,  1.126219597629004e-01,  6.907250222549796e-04, -2.525757580695485e-15, -1.191727374524987e-03,  2.213199265126918e-03,  5.203268277678822e-03, -3.818495152982623e-03,  3.908260665905195e-03,  1.146888167784502e-02, -6.743032425727605e-03,  5.623227415184419e-03,  1.797225397160908e-02, -9.701912958013223e-03,  7.253794009247676e-03,  2.438782642447114e-02, -1.251517552056125e-02,  8.876767661123901e-03,  3.025539679278756e-02, -1.531533776566714e-02,  9.720832398721631e-03,  3.661377852358959e-02, -1.677162647862357e-02, -7.804087237550659e-16,  6.938893903907227e-17,  1.110223024625156e-16, -4.119968255444916e-18,  4.163336342344336e-17,  1.526556658859590e-16, -6.724221873755097e-16,  1.387778780781445e-17,  6.938893903907227e-17, -2.259477327459791e-16,  5.551115123125781e-17,  1.526556658859590e-16, -2.263814136149733e-16,  2.775557561562891e-17,  1.249000902703301e-16, -3.389215991189686e-16,  2.775557561562891e-17,  1.249000902703301e-16,  3.747002708109902e-16,  3.330669073875469e-16
  2.358333333333333e+00,  4.710059193195837e-01,  4.685845857198074e-01,  1.049969625238946e+00,  1.580883229071180e+00, -1.800710876449798e-01,  1.125671872742947e-01,  6.937347004668186e-04, -1.929012658560920e-15, -1.194032889425990e-03,  2.222842780834129e-03,  5.210405601670116e-03, -3.825882410893887e-03,  3.925290028652477e-03,  1.148461354481367e-02, -6.756077491292572e-03,  5.647729358032150e-03,  1.799690651547009e-02, -9.720682271675824e-03,  7.285400777587350e-03,  2.442127921016787e-02, -1.253938736990362e-02,  8.915446170426817e-03,  3.029689812576654e-02, -1.534496680682366e-02,  9.763188729395132e-03,  3.666400164988067e-02, -1.680407285484203e-02, -3.361026734705063e-16,  2.775557561562891e-17,  8.326672684688673e-17, -4.475586568020162e-16,  4.163336342344337e-17,  9.714451465470120e-17, -3.337174286910382e-16,  8.326672684688673e-17,  8.326672684688673e-17, -1.149254302834634e-16,  8.326672684688673e-17,  1.804112415015879e-16, -6.693864212925502e-16,  4.163336342344336e-17,  5.551115123125781e-17, -6.676516978165734e-16,  6.938893903907227e-17,  5.551115123125781e-17,  4.440892098500626e-16,  2.081668171172168e-16
  2.366666666666667e+00,  4.709845450017192e-01,  4.686252775201556e-01,  1.049976524413990e+00,  1.580906075559223e+00, -1.801391377075388e-01,  1.125187751789790e-01,  6.969932240967168e-04, -1.193489846803333e-15, -1.196338743924617e-03,  2.233283639170809e-03,  5.217814059381440e-03, -3.833270756929005e-03,  3.943727408692187e-03,  1.150094303627358e-02, -6.769124478361142e-03,  5.674257164072904e-03,  1.802249556381690e-02, -9.739454350007861e-03,  7.319620848434895e-03,  2.445600280523976e-02, -1.256360278558513e-02,  8.957322686063137e-03,  3.033997601752593e-02, -1.537460021225602e-02,  9.809047155061857e-03,  3.671613265972676e-02, -1.683652401031873e-02, -3.324163860840556e-16,  1.110223024625156e-16,  8.326672684688673e-17, -6.676516978165734e-16,  6.938893903907227e-17,  6.938893903907227e-17,  1.095044194210359e-16,  8.326672684688674e-17,  1.526556658859590e-16, -7.778066385411009e-16,  1.110223024625157e-16,  5.551115123125783e-17,  5.533767888366015e-16,  8.326672684688674e-17,  1.665334536937735e-16, -8.899131431761020e-16,  8.326672684688674e-17,  2.775557561562891e-17,  6.522560269672794e-16,  3.330669073875468e-16
  2.375000000000000e+00,  4.709627449858600e-01,  4.686683073369544e-01,  1.049983396513044e+00,  1.580934128761650e+00, -1.802010712538828e-01,  1.124764683888418e-01,  7.004754355405259e-04, -1.207367636243006e-15, -1.198650636353475e-03,  2.244441230915793e-03,  5.225227650898330e-03, -3.840678449508454e-03,  3.963430459219146e-03,  1.151728384350770e-02, -6.782205629246923e-03,  5.702606023926570e-03,  1.804810234449163e-02, -9.758275583431484e-03,  7.356190023855315e-03,  2.449075046256552e-02, -1.258788160985362e-02,  9.002073898094235e-03,  3.038308376077849e-02, -1.540431121339774e-02,  9.858053623227293e-03,  3.676829979456410e-02, -1.686906013984084e-02, -3.308985030425759e-16,  1.387778780781445e-16,  8.326672684688673e-17, -6.691695808580531e-16,  4.163336342344336e-17,  5.551115123125781e-17, -1.110656705494151e-15,  1.249000902703301e-16,  2.775557561562891e-17, -1.734723475976807e-18,  5.551115123125781e-17,  1.249000902703301e-16, -4.434386885465713e-16,  1.110223024625157e-16,  8.326672684688674e-17, -2.224782857940255e-16,  8.326672684688674e-17,  8.326672684688674e-17,  8.049116928532385e-16,  1.665334536937735e-16
  2.383333333333334e+00,  4.709407587473899e-01,  4.687132422405680e-01,  1.049990120752221e+00,  1.580967437602668e+00, -1.802586243488258e-01,  1.124398556171602e-01,  7.041324983824444e-04, -1.554312359994935e-15, -1.200973078519151e-03,  2.256159075986738e-03,  5.232434295016152e-03, -3.848119945218887e-03,  3.984122854025101e-03,  1.153316850373933e-02, -6.795346472654978e-03,  5.732378357889052e-03,  1.807299432227627e-02, -9.777182702791381e-03,  7.394595438003498e-03,  2.452452815313944e-02, -1.261227122439309e-02,  9.049072191383978e-03,  3.042498816887299e-02, -1.543415779317482e-02,  9.909520840746991e-03,  3.681901070500433e-02, -1.690174473975521e-02, -1.109355662887168e-15,  9.714451465470117e-17, -2.775557561562891e-17, -3.317658647805644e-16,  1.110223024625157e-16,  8.326672684688674e-17, -2.218277644905342e-16,  1.110223024625157e-16,  1.249000902703301e-16, -6.657001339060997e-16,  1.387778780781446e-16,  8.326672684688674e-17, -4.434386885465713e-16,  1.110223024625157e-16,  5.551115123125783e-17, -5.566293953540580e-16,  8.326672684688674e-17,  8.326672684688674e-17,  9.298117831235684e-16,  1.942890293094023e-16
  2.391666666666667e+00,  4.709187998424014e-01,  4.687596251346366e-01,  1.049996590831618e+00,  1.581005947625035e+00, -1.803132996567146e-01,  1.124084915122379e-01,  7.078899561170797e-04, -2.955969043119778e-15, -1.203303957974697e-03,  2.268198603189017e-03,  5.239303043492132e-03, -3.855588475427045e-03,  4.005383303251536e-03,  1.154830838493509e-02, -6.808535055941385e-03,  5.762968011744527e-03,  1.809671919777870e-02, -9.796158510556730e-03,  7.434055170199417e-03,  2.455672211982893e-02, -1.263674944490711e-02,  9.097360697261404e-03,  3.046492781825151e-02, -1.546411280374726e-02,  9.962400953227745e-03,  3.686734394904217e-02, -1.693454808081990e-02, -1.075528555105620e-16,  1.526556658859590e-16,  9.714451465470117e-17, -2.246466901389965e-16,  6.938893903907228e-17,  1.110223024625157e-16, -7.752045533271357e-16,  1.249000902703301e-16,  1.387778780781446e-17, -9.970323178176697e-16,  1.387778780781445e-16,  2.775557561562891e-17, -6.667843360785850e-16,  1.110223024625156e-16,  9.714451465470117e-17, -1.092875789865388e-16,  1.249000902703301e-16,  9.714451465470120e-17,  1.013078509970455e-15,  2.775557561562891e-16
  2.400000000000000e+00,  4.708970743289648e-01,  4.688069757899502e-01,  1.050002734839384e+00,  1.581049390979808e+00, -1.803663980093747e-01,  1.123820076546572e-01,  7.116528086827221e-04, -5.120904119291691e-15, -1.205634668016976e-03,  2.280255416336874e-03,  5.245790402538161e-03, -3.863056462806923e-03,  4.026674277505794e-03,  1.156260761944443e-02, -6.821722680655250e-03,  5.793601585181783e-03,  1.811912674207436e-02, -9.815132939123259e-03,  7.473571557331683e-03,  2.458712850634879e-02, -1.266122588629752e-02,  9.145718534128921e-03,  3.050264980598289e-02, -1.549406563713376e-02,  1.001535698917335e-02,  3.691299347443983e-02, -1.696734903768110e-02, -1.220377965349684e-15,  1.249000902703301e-16, -2.775557561562891e-17, -7.765055959341183e-16,  1.526556658859590e-16,  9.714451465470120e-17,  1.734723475976807e-18,  1.387778780781446e-16,  1.387778780781446e-16, -4.419208055050916e-16,  1.249000902703301e-16,  6.938893903907228e-17, -3.335005882565411e-16,  1.387778780781445e-16,  1.387778780781445e-16, -1.220161124915186e-15,  1.387778780781445e-16, -1.387778780781445e-17,  1.068589661201713e-15,  2.775557561562891e-16
  2.408333333333333e+00,  4.708757816674059e-01,  4.688547916503054e-01,  1.050008528960715e+00,  1.581097238279932e+00, -1.804191566730052e-01,  1.123601360342838e-01,  7.153163125866327e-04, -8.146262112141318e-15, -1.207954092187355e-03,  2.291993899643441e-03,  5.251917163634058e-03, -3.870488288355550e-03,  4.047403117110297e-03,  1.157611203519809e-02, -6.834846447648290e-03,  5.823426356122176e-03,  1.814028876959437e-02, -9.834015488843592e-03,  7.512044613603947e-03,  2.461584476279572e-02, -1.268558380674513e-02,  9.192799603883028e-03,  3.053827502809509e-02, -1.552387343154372e-02,  1.006691485411784e-02,  3.695610558436559e-02, -1.699999116426027e-02, -8.892626218726105e-16,  9.714451465470117e-17,  5.551115123125781e-17, -6.652664530371054e-16,  1.110223024625156e-16,  6.938893903907227e-17, -2.229119666630197e-16,  1.110223024625156e-16,  1.249000902703301e-16, -4.417039650705945e-16,  1.526556658859590e-16,  9.714451465470120e-17, -7.778066385411010e-16,  1.249000902703301e-16,  5.551115123125784e-17, -6.652664530371055e-16,  1.387778780781446e-16,  9.714451465470120e-17,  1.096345236817342e-15,  3.330669073875470e-16
  2.416666666666667e+00,  4.708550932715799e-01,  4.689025555204724e-01,  1.050013989737261e+00,  1.581148705431499e+00, -1.804727514866422e-01,  1.123426355863990e-01,  7.187786144795350e-04, -1.200428744479014e-14, -1.210252337170732e-03,  2.303087697826082e-03,  5.257721304504039e-03, -3.877852252225992e-03,  4.066993515384202e-03,  1.158890534151174e-02, -6.847850378561235e-03,  5.851613131278477e-03,  1.816033645660509e-02, -9.852725617739425e-03,  7.548404704643283e-03,  2.464304889155136e-02, -1.270971930952421e-02,  9.237294950718544e-03,  3.057202431331637e-02, -1.555340904425792e-02,  1.011564112764810e-02,  3.699694751623787e-02, -1.703233522822508e-02, -3.324163860840557e-16,  1.110223024625157e-16,  1.110223024625157e-16, -8.886121005691192e-16,  1.110223024625156e-16,  4.163336342344336e-17,  1.118896642005040e-16,  1.387778780781445e-16,  1.804112415015879e-16, -8.909973453485873e-16,  1.387778780781445e-16,  1.387778780781445e-16, -6.657001339060996e-16,  1.110223024625156e-16,  5.551115123125781e-17,  4.425713268085828e-16,  8.326672684688673e-17,  1.942890293094023e-16,  1.110223024625156e-15,  3.053113317719180e-16
  2.425000000000000e+00,  4.708351307434243e-01,  4.689497411056700e-01,  1.050019154492940e+00,  1.581202732203450e+00, -1.805282013959040e-01,  1.123292045114443e-01,  7.219496712705759e-04, -1.583455720260389e-14, -1.212522900790932e-03,  2.313248297668939e-03,  5.263211625109940e-03, -3.885127520350588e-03,  4.084935990480370e-03,  1.160100693498562e-02, -6.860697682777002e-03,  5.877428865302301e-03,  1.817930019845191e-02, -9.871210391264231e-03,  7.581706224034744e-03,  2.466878213821616e-02, -1.273356411066267e-02,  9.278047396960162e-03,  3.060394883070050e-02, -1.558258891335627e-02,  1.016026859959472e-02,  3.703558119264153e-02, -1.706428972200677e-02, -7.778066385411007e-16,  1.110223024625156e-16,  6.938893903907227e-17, -8.886121005691194e-16,  1.387778780781446e-16,  8.326672684688674e-17,  1.099381002900301e-16,  1.110223024625157e-16,  1.804112415015879e-16, -7.775897981066038e-16,  1.249000902703301e-16,  9.714451465470120e-17, -3.319827052150614e-16,  1.387778780781445e-16,  1.110223024625156e-16, -5.587977996990289e-16,  8.326672684688673e-17,  1.387778780781445e-16,  9.714451465470118e-16,  4.163336342344336e-16
  2.433333333333334e+00,  4.708159642830002e-01,  4.689958018322725e-01,  1.050024070104730e+00,  1.581257939626177e+00, -1.805863541218398e-01,  1.123194125192113e-01,  7.247533701255677e-04, -1.881828183630633e-14, -1.214763585254793e-03,  2.322231820837012e-03,  5.268341816021988e-03, -3.892307050629942e-03,  4.100799880726162e-03,  1.161231474181713e-02, -6.873375924740344e-03,  5.900253919762588e-03,  1.819702004089001e-02, -9.889451917070564e-03,  7.611149856859247e-03,  2.469282744952694e-02, -1.275709512957147e-02,  9.314078787895088e-03,  3.063377930522116e-02, -1.561138479416608e-02,  1.019972610549847e-02,  3.707168074853222e-02, -1.709582371523023e-02, -5.572799166575493e-16,  1.110223024625157e-16,  1.387778780781446e-16, -6.670011765130823e-16,  1.110223024625157e-16,  8.326672684688674e-17, -4.473418163675191e-16,  9.714451465470120e-17,  1.526556658859590e-16, -7.812760854930545e-16,  6.938893903907228e-17,  5.551115123125783e-17, -2.237793284010081e-16,  1.387778780781446e-16,  2.081668171172169e-16, -1.136243876764808e-16,  9.714451465470117e-17,  1.665334536937735e-16,  8.049116928532383e-16,  4.024558464266192e-16
  2.441666666666666e+00,  4.707976271116268e-01,  4.690401461152764e-01,  1.050028796309633e+00,  1.581312640830665e+00, -1.806479778183176e-01,  1.123126261713963e-01,  7.271256032454154e-04, -1.997013832772909e-14, -1.216975773491209e-03,  2.329832855156472e-03,  5.273006266740860e-03, -3.899395274200519e-03,  4.114222451353253e-03,  1.162259597863707e-02, -6.885892929339151e-03,  5.919566389832237e-03,  1.821313120189801e-02, -9.907461453650726e-03,  7.636062361612592e-03,  2.471468982687944e-02, -1.278032688936528e-02,  9.344565250054464e-03,  3.066090164446487e-02, -1.563981445922359e-02,  1.023311143227653e-02,  3.710450303571006e-02, -1.712695667036453e-02, -3.369700352084947e-16,  6.938893903907227e-17,  1.387778780781445e-16, -4.492933802779929e-16,  8.326672684688673e-17,  1.665334536937735e-16, -2.257308923114820e-16,  6.938893903907227e-17,  1.526556658859590e-16, -5.592314805680231e-16,  5.551115123125781e-17,  9.714451465470117e-17,  2.194425197110660e-16,  9.714451465470117e-17,  2.359223927328457e-16, -1.003754371287080e-15,  1.110223024625156e-16,  1.110223024625156e-16,  6.383782391594650e-16,  4.857225732735060e-16
  2.450000000000000e+00,  4.707801264279331e-01,  4.690821261065463e-01,  1.050033410106504e+00,  1.581364894393817e+00, -1.807138276239144e-01,  1.123079446132549e-01,  7.290146148714524e-04, -1.867950395981134e-14, -1.219161781713665e-03,  2.335885566460576e-03,  5.277050508993989e-03, -3.906399612599277e-03,  4.124910857905817e-03,  1.163151017129350e-02, -6.898261802170659e-03,  5.934944929264691e-03,  1.822710014314951e-02, -9.925257857411192e-03,  7.655900214322654e-03,  2.473364527426769e-02, -1.280328371424017e-02,  9.368841650679648e-03,  3.068441766316250e-02, -1.566790767505153e-02,  1.025969620172751e-02,  3.713296110903300e-02, -1.715772118433772e-02, -6.717716660720184e-16,  9.714451465470117e-17,  1.526556658859590e-16, -1.160096324559489e-16,  6.938893903907227e-17,  2.081668171172168e-16, -5.854691731421722e-18,  2.775557561562891e-17,  1.665334536937735e-16, -1.117161918529064e-15,  6.938893903907227e-17,  9.714451465470117e-17, -3.402226417259513e-16,  2.775557561562891e-17,  1.526556658859590e-16,  2.159730727591125e-16,  6.938893903907228e-17,  2.636779683484747e-16,  4.302114220422482e-16,  5.967448757360216e-16
  2.458333333333333e+00,  4.707634428513072e-01,  4.691210613360217e-01,  1.050037998356928e+00,  1.581412555561182e+00, -1.807845925805506e-01,  1.123041787880548e-01,  7.303843607839639e-04, -1.441902274897747e-14, -1.221321946100398e-03,  2.340274463009688e-03,  5.280290386112657e-03, -3.913321142996278e-03,  4.132661154970491e-03,  1.163865140740051e-02, -6.910484445396520e-03,  5.946096100253749e-03,  1.823829078165935e-02, -9.942843865191989e-03,  7.670284889060296e-03,  2.474883064556251e-02, -1.282596913463622e-02,  9.386444771940497e-03,  3.070325654720386e-02, -1.569566876199529e-02,  1.027897315004664e-02,  3.715575911536977e-02, -1.718812198830008e-02, -8.673617379884035e-18,  2.775557561562891e-17,  2.220446049250313e-16, -6.743737512859836e-16,  2.775557561562891e-17,  1.665334536937735e-16,  4.364997946426641e-16,  1.387778780781446e-17,  2.359223927328458e-16, -1.207801220148852e-16,  2.775557561562891e-17,  2.359223927328457e-16, -1.194790794079026e-16,  1.387778780781445e-17,  1.942890293094023e-16,  1.010476424756490e-16,  1.387778780781445e-17,  2.498001805406602e-16,  2.498001805406602e-16,  5.689893001203927e-16
  2.466666666666667e+00,  4.707475290640390e-01,  4.691562830706935e-01,  1.050042647623158e+00,  1.581453381162929e+00, -1.808608068320910e-01,  1.122998549003211e-01,  7.312152760290869e-04, -7.244205848875059e-15, -1.223453213575956e-03,  2.342936855387754e-03,  5.282525363500626e-03, -3.920150082823358e-03,  4.137362640104559e-03,  1.164357767485316e-02, -6.922543584101150e-03,  5.952860623500795e-03,  1.824601046455763e-02, -9.960194621747265e-03,  7.679010920325893e-03,  2.475930603094502e-02, -1.284835108803440e-02,  9.397123177207648e-03,  3.071625224988959e-02, -1.572305848382390e-02,  1.029066693226680e-02,  3.717148595520880e-02, -1.721811611516442e-02, -1.205632815803881e-16,  0.000000000000000e+00,  2.081668171172168e-16, -1.257674520083185e-17, -1.387778780781445e-17,  2.359223927328457e-16, -1.105886215935214e-17,  1.387778780781445e-17,  2.775557561562891e-16, -6.763253151964575e-16, -1.387778780781445e-17,  1.110223024625156e-16,  6.565928356572215e-16, -1.387778780781446e-17,  2.775557561562891e-16, -1.105886215935215e-17,  1.387778780781446e-17,  2.636779683484747e-16,  2.775557561562891e-17,  6.522560269672795e-16
  2.475000000000000e+00,  4.707323228891220e-01,  4.691871722799895e-01,  1.050047446355898e+00,  1.581485230283579e+00, -1.809429172301757e-01,  1.122932098214679e-01,  7.315025986532621e-04,  2.831068953088856e-15, -1.225548664647300e-03,  2.343857485502412e-03,  5.283530437600801e-03, -3.926864260857269e-03,  4.138988369232502e-03,  1.164579302782900e-02, -6.934400066401192e-03,  5.955199731719002e-03,  1.824948202241031e-02, -9.977253795126378e-03,  7.682028299485146e-03,  2.476401683407586e-02, -1.287035690791481e-02,  9.400815668847252e-03,  3.072209644508307e-02, -1.574998791551199e-02,  1.029471053165442e-02,  3.717855834859172e-02, -1.724760618429477e-02, -1.149254302834635e-17,  0.000000000000000e+00,  2.498001805406602e-16, -1.344410693882025e-17, -4.163336342344337e-17,  2.359223927328458e-16,  9.952975943416931e-17, -4.163336342344337e-17,  2.220446049250313e-16, -1.409462824231155e-17, -1.387778780781445e-17,  2.775557561562891e-16,  4.315124646492307e-16, -6.938893903907227e-17,  2.359223927328457e-16, -1.322726650432315e-17, -2.775557561562891e-17,  2.359223927328458e-16, -3.053113317719180e-16,  7.494005416219805e-16
  2.483333333333333e+00,  4.707177768240701e-01,  4.692131897182615e-01,  1.050052491892505e+00,  1.581506263022194e+00, -1.810315026343991e-01,  1.122822033345086e-01,  7.312565172744536e-04,  1.458555622683713e-14, -1.227597145670118e-03,  2.343068999391929e-03,  5.283053171395879e-03, -3.933427938943122e-03,  4.137595991579244e-03,  1.164474105252703e-02, -6.945990782738677e-03,  5.953196370937056e-03,  1.824783352973978e-02, -9.993930582942730e-03,  7.679444024418541e-03,  2.476177987741705e-02, -1.289186946193298e-02,  9.397653184589370e-03,  3.071932128955536e-02, -1.577631371736690e-02,  1.029124733641017e-02,  3.717519997484338e-02, -1.727643522626339e-02,  2.088173384207082e-16, -5.551115123125783e-17,  2.220446049250313e-16, -2.352718714293545e-16, -5.551115123125783e-17,  2.081668171172169e-16,  9.627715291671277e-17, -5.551115123125781e-17,  2.359223927328457e-16,  2.070826149447313e-16, -8.326672684688674e-17,  2.636779683484747e-16, -2.350550309948574e-16, -1.387778780781446e-17,  2.359223927328458e-16,  1.095261034644856e-15, -1.110223024625156e-16,  3.330669073875469e-16, -4.996003610813203e-16,  7.632783294297949e-16
  2.491666666666667e+00,  4.707038886484820e-01,  4.692339165342920e-01,  1.050057884079281e+00,  1.581515061927122e+00, -1.811273746245962e-01,  1.122646421898267e-01,  7.305015230729367e-04,  2.704781074270254e-14, -1.229583780278815e-03,  2.340649870917185e-03,  5.280851303416454e-03, -3.939793450699989e-03,  4.133324083144663e-03,  1.163988776377326e-02, -6.957231559652981e-03,  5.947049925082147e-03,  1.824022820773637e-02, -1.001010387594785e-02,  7.671515294385266e-03,  2.475145967643860e-02, -1.291273252280624e-02,  9.387950469802861e-03,  3.070651810774801e-02, -1.580184470760299e-02,  1.028062202007979e-02,  3.715970611545646e-02, -1.730439388039332e-02,  6.496539417533142e-16, -9.714451465470117e-17,  3.191891195797325e-16, -6.832642091003647e-16, -1.249000902703301e-16,  1.526556658859590e-16,  5.410168840702667e-16, -8.326672684688674e-17,  2.636779683484747e-16,  4.276093368282829e-16, -8.326672684688674e-17,  3.053113317719180e-16,  9.410874857174178e-17, -1.249000902703301e-16,  2.220446049250313e-16,  9.432558900623889e-17, -8.326672684688674e-17,  2.775557561562891e-16, -7.632783294297951e-16,  7.910339050454240e-16
  2.500000000000000e+00,  4.706907153809793e-01,  4.692491055218174e-01,  1.050063708716656e+00,  1.581510708048641e+00, -1.812314200300892e-01,  1.122384591597740e-01,  7.292712880367428e-04,  3.944067631608525e-14, -1.231491973696950e-03,  2.336707990798613e-03,  5.276742423681877e-03, -3.945907623669237e-03,  4.126363166789247e-03,  1.163083109917724e-02, -6.968028500569831e-03,  5.937034519515259e-03,  1.822603600653244e-02, -1.002563857522297e-02,  7.658595722846834e-03,  2.473220127177765e-02, -1.293277181699855e-02,  9.372140255901306e-03,  3.068262624200747e-02, -1.582636762048893e-02,  1.026330846118628e-02,  3.713079320820713e-02, -1.733124860216737e-02,  4.265251346557974e-16, -1.249000902703301e-16,  2.914335439641036e-16,  9.215718466126785e-17, -1.249000902703301e-16,  2.636779683484746e-16,  9.540979117872437e-17, -9.714451465470117e-17,  2.220446049250313e-16,  8.699638232023688e-16, -1.249000902703301e-16,  3.330669073875470e-16,  3.170207152347614e-16, -1.249000902703301e-16,  2.359223927328457e-16,  5.368969158148217e-16, -1.249000902703301e-16,  3.191891195797325e-16, -1.026956297778270e-15,  8.049116928532385e-16
  2.508333333333333e+00,  4.706783591939279e-01,  4.692587114565706e-01,  1.050070026920941e+00,  1.581492821461654e+00, -1.813443161667730e-01,  1.122020377732037e-01,  7.276019131270141e-04,  5.141720822080094e-14, -1.233306319992807e-03,  2.331359032589968e-03,  5.270618145404722e-03, -3.951721094652268e-03,  4.116917508984445e-03,  1.161733215596277e-02, -6.978294435639417e-03,  5.923444053985144e-03,  1.820488255472124e-02, -1.004040926029839e-02,  7.641064431623244e-03,  2.470349665231396e-02, -1.295182555588217e-02,  9.350686489935466e-03,  3.064701545666798e-02, -1.584968446859113e-02,  1.023981472208841e-02,  3.708769856902903e-02, -1.735678257813317e-02,  1.204548613631395e-15, -1.110223024625157e-16,  3.747002708109903e-16, -1.994931997373328e-17, -1.665334536937735e-16,  2.359223927328457e-16, -1.626303258728256e-17, -8.326672684688673e-17,  2.359223927328457e-16,  1.091357906823909e-15, -1.526556658859590e-16,  3.608224830031758e-16,  3.137681087173049e-16, -1.804112415015879e-16,  2.220446049250313e-16,  9.796850830579016e-16, -1.387778780781445e-16,  3.608224830031758e-16, -1.221245327087672e-15,  8.465450562766819e-16
  2.516666666666667e+00,  4.706669423627739e-01,  4.692628542917828e-01,  1.050076955184328e+00,  1.581461345265703e+00, -1.814674852714041e-01,  1.121551214727466e-01,  7.255383523638495e-04, -4.385381322173380e-15, -1.235047330326543e-03,  2.324747036129100e-03,  5.262427442408751e-03, -3.957299584929870e-03,  4.105241467698854e-03,  1.159927846391458e-02, -6.988145421281036e-03,  5.906644500074784e-03,  1.817659160645391e-02, -1.005458291384186e-02,  7.619393513000761e-03,  2.466510665757724e-02, -1.297010914211785e-02,  9.324166890781138e-03,  3.059938905062939e-02, -1.587205884909388e-02,  1.021077345529233e-02,  3.703006314312342e-02, -1.738128447029086e-02, -2.270319349184646e-16, -1.387778780781446e-17,  6.938893903907228e-17,  2.170572749315980e-16,  2.775557561562891e-17,  1.665334536937735e-16, -4.490765398434958e-16, -2.775557561562891e-17,  2.775557561562891e-17, -3.469446951953613e-18,  1.387778780781445e-17,  1.110223024625156e-16, -2.259477327459791e-16,  1.387778780781446e-17,  9.714451465470120e-17, -3.035766082959412e-18,  4.163336342344337e-17,  1.249000902703301e-16,  1.249000902703301e-16,  2.914335439641036e-16
  2.525000000000000e+00,  4.706564919217329e-01,  4.692618712313623e-01,  1.050084348179091e+00,  1.581417144830668e+00, -1.815983388345215e-01,  1.120959557605288e-01,  7.230933815745394e-04, -4.773959414093471e-15, -1.236646967701334e-03,  2.316912938075415e-03,  5.252185674779144e-03, -3.962425092401026e-03,  4.091407332761455e-03,  1.157670387908737e-02, -6.997196490273487e-03,  5.886739868960541e-03,  1.814121621561731e-02, -1.006760564278613e-02,  7.593717138337738e-03,  2.461710328010524e-02, -1.298690807024663e-02,  9.292745649433335e-03,  3.053983633742163e-02, -1.589261639205191e-02,  1.017636446402755e-02,  3.695799501369863e-02, -1.740379676724981e-02, -3.350184712980209e-16,  1.387778780781446e-17,  2.775557561562891e-17, -1.160096324559489e-16,  1.387778780781445e-17,  1.249000902703301e-16,  1.049507702965968e-16,  0.000000000000000e+00,  1.387778780781445e-16,  1.060349724690823e-16,  0.000000000000000e+00,  1.249000902703301e-16, -3.376205565119861e-16,  2.775557561562891e-17,  1.110223024625157e-16, -3.367531947739977e-16,  1.387778780781446e-17,  8.326672684688674e-17,  1.526556658859590e-16,  3.191891195797325e-16
  2.533333333333334e+00,  4.706469990762781e-01,  4.692561364226198e-01,  1.050092280907966e+00,  1.581360740312495e+00, -1.817372668465921e-01,  1.120254372147897e-01,  7.203037438781457e-04, -5.273559817818275e-15, -1.238134839722758e-03,  2.307974469219287e-03,  5.239973365998163e-03, -3.967192484863555e-03,  4.075623003354280e-03,  1.154978588890427e-02, -7.005615168489080e-03,  5.864029287082359e-03,  1.809903451302748e-02, -1.007971848432571e-02,  7.564421171696521e-03,  2.455986393535355e-02, -1.300253327102671e-02,  9.256894963714969e-03,  3.046882553648014e-02, -1.591173759632202e-02,  1.013710484605124e-02,  3.687206079983746e-02, -1.742473614845979e-02, -5.596651614370171e-16,  0.000000000000000e+00,  4.163336342344335e-17,  5.512083844916303e-16,  1.387778780781445e-17,  1.665334536937734e-16, -3.374037160774888e-16,  4.163336342344335e-17,  1.110223024625156e-16, -3.365363543395005e-16,  2.775557561562891e-17,  6.938893903907227e-17, -6.071532165918823e-18,  0.000000000000000e+00,  1.387778780781445e-16, -3.686287386450715e-18,  1.387778780781446e-17,  9.714451465470120e-17,  1.526556658859590e-16,  2.498001805406602e-16
  2.541666666666667e+00,  4.706383282195996e-01,  4.692461024394621e-01,  1.050100740853851e+00,  1.581292798399860e+00, -1.818831747011746e-01,  1.119443535137541e-01,  7.171892023267938e-04, -5.800915799344150e-15, -1.239514448614677e-03,  2.297994953705982e-03,  5.225961446716835e-03, -3.971612984031142e-03,  4.058000302785791e-03,  1.151890125337576e-02, -7.013421272210807e-03,  5.838673646444000e-03,  1.805063689858458e-02, -1.009094995024003e-02,  7.531713158916189e-03,  2.449418977883116e-02, -1.301702152379507e-02,  9.216868816056271e-03,  3.038735055670794e-02, -1.592946747029896e-02,  1.009327273420486e-02,  3.677346328730061e-02, -1.744415190202661e-02, -1.003103849983589e-15,  5.551115123125783e-17,  5.551115123125783e-17,  3.280795773941136e-16, -1.387778780781445e-17,  1.249000902703301e-16, -6.689527404235560e-16,  5.551115123125781e-17,  5.551115123125781e-17,  3.306816626080788e-16,  1.387778780781445e-17,  1.110223024625156e-16, -6.288372600415924e-18,  0.000000000000000e+00,  1.249000902703301e-16, -8.925152283900671e-16,  2.775557561562891e-17,  2.775557561562891e-17,  1.804112415015879e-16,  2.914335439641036e-16
  2.550000000000000e+00,  4.706302238205300e-01,  4.692322591367490e-01,  1.050109691663494e+00,  1.581213968157540e+00, -1.820344859871946e-01,  1.118541281126246e-01,  7.137625599854435e-04, -6.120104945753637e-15, -1.240788779950234e-03,  2.287015414719173e-03,  5.210385623655892e-03, -3.975696156182601e-03,  4.038611673382337e-03,  1.148456950990464e-02, -7.020631694409531e-03,  5.810777177470659e-03,  1.799683751079079e-02, -1.010132434623090e-02,  7.495727554106555e-03,  2.442118557282965e-02, -1.303040418217437e-02,  9.172831743505968e-03,  3.029678195983190e-02, -1.594584438270800e-02,  1.004504831086284e-02,  3.666386107087893e-02, -1.746208604504034e-02, -3.348016308635237e-16,  4.163336342344336e-17,  6.938893903907227e-17,  7.726024681131703e-16,  2.775557561562891e-17,  2.359223927328457e-16, -4.482091781055075e-16,  2.775557561562891e-17,  5.551115123125783e-17,  1.088538981175446e-16,  5.551115123125783e-17,  1.110223024625157e-16, -2.281161370909501e-16,  0.000000000000000e+00,  1.249000902703301e-16, -7.804087237550661e-16,  0.000000000000000e+00, -1.387778780781446e-17,  1.942890293094023e-16,  3.885780586188047e-16
  2.558333333333333e+00,  4.706223369162019e-01,  4.692151433164357e-01,  1.050119066066546e+00,  1.581125004276102e+00, -1.821892496495539e-01,  1.117567774509907e-01,  7.100367962612248e-04, -6.550316403871153e-15, -1.241959854152448e-03,  2.275077440455698e-03,  5.193480012729315e-03, -3.979448475094525e-03,  4.017530555209373e-03,  1.144730668948914e-02, -7.027257867046115e-03,  5.780445546143920e-03,  1.793844499345418e-02, -1.011085812066730e-02,  7.456600663200258e-03,  2.434194862349981e-02, -1.304270246406596e-02,  9.124950549274882e-03,  3.019848105753313e-02, -1.596089429877154e-02,  9.992614240045690e-03,  3.654490155135647e-02, -1.747856701167700e-02, -6.706874638995328e-16,  2.775557561562891e-17,  6.938893903907227e-17, -1.142749089799721e-16,  2.775557561562891e-17,  8.326672684688673e-17,  1.066854937725736e-16,  4.163336342344336e-17,  1.665334536937735e-16, -2.263814136149733e-16,  1.387778780781446e-17,  9.714451465470120e-17, -2.242130092700023e-16,  2.775557561562891e-17,  4.163336342344337e-17, -4.495102207124900e-16,  2.775557561562891e-17,  1.110223024625156e-16,  2.081668171172168e-16,  2.081668171172168e-16
  2.566666666666667e+00,  4.706142770154541e-01,  4.691953529907478e-01,  1.050128778039831e+00,  1.581026851284733e+00, -1.823455636383004e-01,  1.116546844578667e-01,  7.060316539214261e-04, -6.800116604862336e-15, -1.243033021755791e-03,  2.262244290074923e-03,  5.175416072713690e-03, -3.982887084779459e-03,  3.994868656823625e-03,  1.140749071621700e-02, -7.033330064515542e-03,  5.747839479358962e-03,  1.787605157063644e-02, -1.011959483251934e-02,  7.414539819051896e-03,  2.425728256168542e-02, -1.305397255922927e-02,  9.073478955147925e-03,  3.009344482960121e-02, -1.597468598022167e-02,  9.936248369167445e-03,  3.641779123074859e-02, -1.749367010201207e-02, -5.605325231750057e-16, -2.775557561562891e-17,  2.775557561562891e-17,  1.099381002900301e-16,  5.551115123125781e-17,  1.249000902703301e-16, -1.157927920214518e-16,  1.387778780781445e-17,  1.110223024625156e-16, -2.818925648462312e-18,  4.163336342344337e-17,  1.110223024625157e-16, -2.265982540494704e-16,  1.387778780781445e-17,  9.714451465470117e-17, -4.482091781055074e-16,  1.387778780781445e-17,  8.326672684688673e-17,  2.498001805406602e-16,  2.775557561562891e-16
  2.575000000000000e+00,  4.706056612198123e-01,  4.691735441150232e-01,  1.050138741896413e+00,  1.580920643675637e+00, -1.825020413773167e-01,  1.115503283317794e-01,  7.017777384211533e-04, -7.022161227662393e-15, -1.244022527676701e-03,  2.248614028602618e-03,  5.156313934896713e-03, -3.986057628348244e-03,  3.970799150015351e-03,  1.136538637972634e-02, -7.038928887411791e-03,  5.713208137664055e-03,  1.781007217962270e-02, -1.012765045037463e-02,  7.369866431268880e-03,  2.416775044522532e-02, -1.306436406364912e-02,  9.018810283347316e-03,  2.998237180234353e-02, -1.598740249385135e-02,  9.876381420260556e-03,  3.628337543551675e-02, -1.750759579010063e-02, -3.363195139050034e-16,  2.775557561562891e-17,  9.714451465470117e-17, -3.363195139050034e-16,  5.551115123125781e-17,  8.326672684688673e-17, -1.155759515869548e-16,  1.387778780781446e-17,  9.714451465470120e-17,  1.095044194210359e-16,  5.551115123125783e-17,  1.249000902703301e-16, -5.594483210025202e-16,  2.775557561562891e-17,  6.938893903907227e-17, -2.261645731804762e-16,  1.387778780781446e-17,  1.110223024625157e-16,  2.636779683484747e-16,  2.498001805406602e-16
  2.583333333333333e+00,  4.705961374051970e-01,  4.691504089983754e-01,  1.050148876040298e+00,  1.580807686060686e+00, -1.826579806910854e-01,  1.114460752030602e-01,  6.973201936843458e-04, -7.466250474042723e-15, -1.244954041631529e-03,  2.234331304769661e-03,  5.136329421124308e-03, -3.989042355894328e-03,  3.945577468154757e-03,  1.132133713767111e-02, -7.044199580137445e-03,  5.676919040025655e-03,  1.774104503402056e-02, -1.013523395269580e-02,  7.323054588245383e-03,  2.407408261434674e-02, -1.307414655324883e-02,  8.961524695449512e-03,  2.986616803163316e-02, -1.599937373086371e-02,  9.813648720694035e-03,  3.614275063546757e-02, -1.752070533549365e-02, -2.818925648462312e-18,  6.938893903907228e-17,  1.526556658859590e-16, -1.112608269404624e-15,  6.938893903907227e-17,  2.775557561562891e-17, -8.935994305625526e-16,  2.775557561562891e-17,  1.387778780781445e-17,  5.522925866641160e-16, -1.387778780781446e-17,  1.526556658859590e-16, -3.371868756429919e-16,  4.163336342344338e-17,  1.110223024625157e-16,  3.298143008700905e-16,  2.775557561562892e-17,  1.387778780781446e-16,  2.914335439641035e-16,  2.914335439641035e-16
  2.591666666666667e+00,  4.705853865664580e-01,  4.691266416234038e-01,  1.050159099714747e+00,  1.580689443381116e+00, -1.828133238777861e-01,  1.113440583820483e-01,  6.927222159275178e-04, -7.924217509192515e-15, -1.245863758126384e-03,  2.219598609898346e-03,  5.115751659995193e-03, -3.991957240708272e-03,  3.919561188112159e-03,  1.127598027829253e-02, -7.049346938463400e-03,  5.639486670057882e-03,  1.766996879319782e-02, -1.014264000078956e-02,  7.274767958346702e-03,  2.397763422079415e-02, -1.308370013223975e-02,  8.902434349874836e-03,  2.974651471090749e-02, -1.601106484049886e-02,  9.748939654551045e-03,  3.599795133851384e-02, -1.753350811705241e-02, -5.204170427930421e-18,  1.387778780781445e-17,  1.526556658859590e-16, -1.003320690418086e-15,  5.551115123125781e-17,  4.163336342344336e-17, -2.818925648462311e-18,  4.163336342344336e-17,  1.110223024625156e-16,  2.181414771040835e-16,  0.000000000000000e+00,  1.249000902703301e-16, -5.577135975265436e-16,  6.938893903907230e-17,  6.938893903907230e-17, -3.371868756429919e-16,  2.775557561562891e-17,  1.110223024625157e-16,  2.636779683484746e-16,  3.469446951953613e-16
  2.600000000000000e+00,  4.705731238971210e-01,  4.691029016021097e-01,  1.050169337374175e+00,  1.580567555332195e+00, -1.829686255673590e-01,  1.112460989094015e-01,  6.880657183016426e-04, -8.631984745838469e-15, -1.246794517024643e-03,  2.204678407512095e-03,  5.095049522360142e-03, -3.994939548925707e-03,  3.893213790916924e-03,  1.123034927209763e-02, -7.054613358926782e-03,  5.601577886869771e-03,  1.759846295197075e-02, -1.015021735615587e-02,  7.225866769744534e-03,  2.388060287197556e-02, -1.309347469245293e-02,  8.842591943398693e-03,  2.962613817924200e-02, -1.602302637399322e-02,  9.683407016332907e-03,  3.585227684281909e-02, -1.754660703624969e-02, -6.698201021615444e-16,  8.326672684688673e-17,  9.714451465470117e-17,  4.393187202911263e-16, -1.387778780781445e-17,  1.387778780781445e-16, -1.113909312011607e-15,  5.551115123125781e-17,  5.551115123125781e-17,  6.620138465196489e-16,  1.387778780781445e-17,  1.804112415015879e-16, -1.114559833315099e-15,  5.551115123125783e-17,  5.551115123125783e-17,  4.401860820291148e-16,  1.387778780781446e-17,  1.665334536937735e-16,  2.914335439641036e-16,  2.775557561562891e-16
  2.608333333333333e+00,  4.705591011841243e-01,  4.690797970104207e-01,  1.050179527103769e+00,  1.580443858509775e+00, -1.831249970652595e-01,  1.111536370665905e-01,  6.834483919779027e-04, -9.381385349278841e-15, -1.247790919475885e-03,  2.189883716573734e-03,  5.074874451795588e-03, -3.998132190138399e-03,  3.867088032802245e-03,  1.118588001070428e-02, -7.060251203773889e-03,  5.563987999236138e-03,  1.752877761715514e-02, -1.015832911901323e-02,  7.177376946802018e-03,  2.378604189745961e-02, -1.310393862223469e-02,  8.783252942094172e-03,  2.950882637968690e-02, -1.603583151753261e-02,  9.618425650546094e-03,  3.571031115396976e-02, -1.756062978179599e-02, -7.814929259275514e-16,  5.551115123125781e-17,  5.551115123125781e-17, -1.140580685454750e-16,  4.163336342344336e-17,  1.249000902703301e-16, -5.637851296924622e-18,  1.387778780781445e-17,  1.526556658859590e-16, -1.004838573459565e-15,  1.387778780781445e-17,  4.163336342344336e-17, -2.246466901389965e-16,  5.551115123125781e-17,  1.110223024625156e-16, -4.119968255444916e-18,  2.775557561562891e-17,  1.387778780781445e-16,  2.914335439641035e-16,  4.302114220422481e-16
  2.616666666666667e+00,  4.705431106199121e-01,  4.690578988186226e-01,  1.050189627844450e+00,  1.580320349682431e+00, -1.832839819517576e-01,  1.110677046267061e-01,  6.789834730937071e-04, -1.033895278734300e-14, -1.248894844174101e-03,  2.175577364734354e-03,  5.056078592674348e-03, -4.001669350733828e-03,  3.841824626542513e-03,  1.114445076416496e-02, -7.066497431053058e-03,  5.527638868298892e-03,  1.746385612249155e-02, -1.016731622593378e-02,  7.130487662630673e-03,  2.369794531560852e-02, -1.311553171949478e-02,  8.725872586261578e-03,  2.939953426838548e-02, -1.605001847000473e-02,  9.555589171849566e-03,  3.557805054654963e-02, -1.757616572826831e-02, -1.166601537594403e-16,  1.387778780781446e-17,  1.387778780781446e-16,  7.745540320236444e-16,  8.326672684688674e-17,  2.636779683484747e-16, -7.836613302725226e-16, -1.387778780781446e-17,  5.551115123125783e-17, -6.713379852030243e-16,  2.775557561562891e-17,  8.326672684688674e-17, -2.168404344971008e-18,  5.551115123125781e-17,  1.387778780781445e-16, -3.391384395534657e-16,  2.775557561562891e-17,  1.804112415015879e-16,  2.775557561562891e-16,  3.747002708109902e-16
  2.625000000000000e+00,  4.705249892827033e-01,  4.690377711845071e-01,  1.050199622233625e+00,  1.580199060944246e+00, -1.834473710861895e-01,  1.109889690323153e-01,  6.748042499423996e-04, -1.140754253730847e-14, -1.250140514075509e-03,  2.162186430119493e-03,  5.039738552871287e-03, -4.005660686824789e-03,  3.818177744015478e-03,  1.110843455798356e-02, -7.073545681110888e-03,  5.493615600793894e-03,  1.740741710578961e-02, -1.017745728773667e-02,  7.086598672239195e-03,  2.362135920987852e-02, -1.312861338379920e-02,  8.672163813984106e-03,  2.930452198736729e-02, -1.606602704351869e-02,  9.496773396380517e-03,  3.546307077490670e-02, -1.759369650816624e-02,  2.168404344971009e-16,  2.775557561562891e-17,  1.804112415015879e-16, -1.006139616066548e-15,  5.551115123125781e-17,  1.249000902703301e-16,  3.278627369596165e-16,  0.000000000000000e+00,  1.526556658859590e-16, -5.620504062164855e-16,  2.775557561562891e-17,  1.110223024625157e-16, -3.369700352084947e-16,  5.551115123125781e-17,  1.387778780781445e-16, -4.770489558936219e-18,  5.551115123125781e-17,  2.081668171172168e-16,  2.914335439641035e-16,  4.024558464266192e-16
  2.633333333333333e+00,  4.705046108258580e-01,  4.690199812246343e-01,  1.050209509619824e+00,  1.580081887555183e+00, -1.836168350358020e-01,  1.109178488810446e-01,  6.710607959570462e-04, -1.251776565450694e-14, -1.251550699700389e-03,  2.150191773284393e-03,  5.027060155587535e-03, -4.010179158992545e-03,  3.796996530805884e-03,  1.108048923005851e-02, -7.081524794117530e-03,  5.463139952166071e-03,  1.736362551870347e-02, -1.018893768038267e-02,  7.047286003351212e-03,  2.356193529864475e-02, -1.314342274455447e-02,  8.624055275555641e-03,  2.923080102584943e-02, -1.608414987061663e-02,  9.444090363900091e-03,  3.537385684140482e-02, -1.761354257956737e-02,  2.172741153660951e-16,  6.938893903907228e-17,  2.220446049250313e-16, -3.391384395534658e-16,  2.775557561562891e-17,  1.665334536937735e-16, -3.395721204224600e-16,  1.387778780781446e-17,  1.387778780781446e-16, -3.395721204224600e-16,  4.163336342344337e-17,  1.665334536937735e-16, -1.179611963664229e-16,  0.000000000000000e+00,  1.804112415015879e-16, -4.501607420159814e-16,  5.551115123125783e-17,  1.387778780781446e-16,  2.636779683484747e-16,  4.718447854656915e-16
  2.641666666666667e+00,  4.704818669974854e-01,  4.690050723772720e-01,  1.050219291422269e+00,  1.579970455063719e+00, -1.837933770096444e-01,  1.108546334394253e-01,  6.678974856714932e-04, -1.362798877227660e-14, -1.253138597352222e-03,  2.140055994539061e-03,  5.019087267999080e-03, -4.015267050415174e-03,  3.779097886967715e-03,  1.106291563986599e-02, -7.090509437404159e-03,  5.437387282800217e-03,  1.733608691162845e-02, -1.020186483564780e-02,  7.014065835471732e-03,  2.352456620902735e-02, -1.316009838551556e-02,  8.583402382523678e-03,  2.918444114881643e-02, -1.610455654197016e-02,  9.399571911375863e-03,  3.531775411428879e-02, -1.763588965900241e-02, -1.162264728904461e-16,  2.775557561562891e-17,  1.387778780781446e-16, -2.285498179599443e-16,  2.775557561562891e-17,  1.665334536937735e-16, -6.752411130239722e-16,  1.387778780781446e-17,  1.804112415015879e-16,  2.181414771040835e-16,  5.551115123125783e-17,  2.220446049250313e-16, -7.806255641895630e-18,  1.387778780781445e-17,  2.220446049250313e-16, -4.518954654919582e-16,  1.387778780781446e-17,  1.526556658859590e-16,  2.498001805406602e-16,  4.857225732735060e-16
  2.650000000000000e+00,  4.704566534341672e-01,  4.689935212934811e-01,  1.050228958306887e+00,  1.579866106315566e+00, -1.839768772789592e-01,  1.107995754116851e-01,  6.654192648137705e-04, -1.434963379960337e-14, -1.254915460440438e-03,  2.132115357667183e-03,  5.016353436174389e-03, -4.020960418910515e-03,  3.765075616475891e-03,  1.105688981301206e-02, -7.100563285016294e-03,  5.417211961195486e-03,  1.732664416963897e-02, -1.021633036810660e-02,  6.988040278226462e-03,  2.351175268252435e-02, -1.317875848672503e-02,  8.551553832013038e-03,  2.916854476174614e-02, -1.612739167938333e-02,  9.364694979424859e-03,  3.529851699109059e-02, -1.766089611992120e-02, -3.404394821604483e-16,  5.551115123125781e-17,  2.498001805406602e-16, -7.806255641895630e-18,  2.775557561562891e-17,  2.081668171172168e-16, -3.387047586844715e-16,  4.163336342344336e-17,  1.804112415015879e-16, -6.735063895479952e-16,  4.163336342344336e-17,  1.526556658859590e-16, -1.192622389734055e-16,  0.000000000000000e+00,  1.804112415015879e-16, -1.196959198423997e-16,  0.000000000000000e+00,  2.220446049250313e-16,  2.498001805406602e-16,  5.689893001203926e-16
  2.658333333333333e+00,  4.704288618546342e-01,  4.689857024733581e-01,  1.050238487920208e+00,  1.579769989744066e+00, -1.841659678475843e-01,  1.107530143038144e-01,  6.636652552977459e-04, -1.466882294763253e-14, -1.256896392197877e-03,  2.126495215868475e-03,  5.018704655005959e-03, -4.027307657780289e-03,  3.755151078963531e-03,  1.106207229624062e-02, -7.111771794074933e-03,  5.402932480835972e-03,  1.733476535419864e-02, -1.023245723394517e-02,  6.969620178622153e-03,  2.352277289399784e-02, -1.319956165795938e-02,  8.529012394486533e-03,  2.918221637253643e-02, -1.615284938019858e-02,  9.340010145421152e-03,  3.531506178582425e-02, -1.768877451578952e-02,  2.125036258071589e-16,  0.000000000000000e+00,  2.636779683484747e-16, -6.739400704169894e-16,  4.163336342344336e-17,  1.387778780781445e-16, -6.748074321549778e-16,  2.775557561562891e-17,  1.804112415015879e-16, -1.201296007113939e-16,  0.000000000000000e+00,  2.081668171172169e-16, -1.192622389734055e-16,  1.387778780781445e-17,  2.220446049250313e-16,  1.036497276896142e-16,  4.163336342344336e-17,  2.359223927328457e-16,  1.942890293094024e-16,  5.689893001203926e-16
  2.666666666666667e+00,  4.703983793900533e-01,  4.689818695008209e-01,  1.050247853459785e+00,  1.579683150511623e+00, -1.843582477198623e-01,  1.107154928297567e-01,  6.626023305377496e-04, -1.453004506037390e-14, -1.259098840724030e-03,  2.123089425980714e-03,  5.025374781730011e-03, -4.034364673672766e-03,  3.749136837561217e-03,  1.107677438156321e-02, -7.124233689425023e-03,  5.394279156499408e-03,  1.735780418385595e-02, -1.025038747902550e-02,  6.958457650844844e-03,  2.355403591641043e-02, -1.322269113410251e-02,  8.515352347693210e-03,  2.922100109781657e-02, -1.618115387651959e-02,  9.325051206480323e-03,  3.536199739044441e-02, -1.771977040025739e-02, -1.183948772354171e-16,  4.163336342344336e-17,  2.081668171172168e-16, -6.778431982379374e-16,  0.000000000000000e+00,  2.081668171172169e-16,  1.045170894276026e-16,  4.163336342344336e-17,  2.636779683484746e-16, -4.544975507059234e-16,  1.387778780781445e-17,  2.081668171172168e-16, -2.311519031739095e-16,  1.387778780781445e-17,  1.942890293094023e-16, -2.315855840429037e-16,  4.163336342344337e-17,  2.498001805406602e-16,  1.804112415015879e-16,  6.522560269672795e-16
  2.675000000000000e+00,  4.703650959376579e-01,  4.689821566078729e-01,  1.050257031792501e+00,  1.579606564849410e+00, -1.845506657220449e-01,  1.106877579428609e-01,  6.621430689964812e-04, -1.387778898159149e-14, -1.261537006849421e-03,  2.121617874681477e-03,  5.035249006888873e-03, -4.042176968439685e-03,  3.746538243685933e-03,  1.109853884073760e-02, -7.138029322212670e-03,  5.390540285024553e-03,  1.739191007131935e-02, -1.027023671302821e-02,  6.953634619246222e-03,  2.360031661469307e-02, -1.324829604816094e-02,  8.509450204504148e-03,  2.927841666515870e-02, -1.621248766857229e-02,  9.318587846511361e-03,  3.543147923795877e-02, -1.775408362694040e-02, -2.307182223049153e-16,  1.387778780781445e-17,  2.359223927328457e-16, -5.650861722994449e-16,  1.387778780781446e-17,  1.942890293094024e-16,  2.116362640691705e-16,  1.387778780781446e-17,  2.914335439641036e-16, -3.417405247674309e-16,  1.387778780781445e-17,  2.081668171172168e-16, -8.239936510889832e-18,  5.551115123125781e-17,  2.775557561562891e-16,  3.217912047936977e-16, -5.551115123125781e-17,  2.498001805406602e-16,  2.081668171172168e-16,  6.661338147750938e-16
  2.683333333333334e+00,  4.703289130096634e-01,  4.689865967914505e-01,  1.050266003679374e+00,  1.579541106568121e+00, -1.847398931677247e-01,  1.106706645397652e-01,  6.621798746763168e-04, -1.283695481161923e-14, -1.264217348269110e-03,  2.121735806278844e-03,  5.047175517323312e-03, -4.050765233623584e-03,  3.746746497607579e-03,  1.112482688311700e-02, -7.153195231371911e-03,  5.390839921939277e-03,  1.743310461733751e-02, -1.029205750837693e-02,  6.954021141842398e-03,  2.365621641666043e-02, -1.327644421697763e-02,  8.509923208185883e-03,  2.934776563704890e-02, -1.624693374663222e-02,  9.319105826669496e-03,  3.551540237785295e-02, -1.779180507740533e-02, -3.443426099813961e-16,  0.000000000000000e+00,  2.220446049250313e-16, -9.974659986866639e-18,  1.387778780781445e-17,  2.775557561562891e-16, -3.439089291124019e-16,  1.387778780781445e-17,  2.220446049250313e-16, -9.540979117872437e-18, -2.775557561562891e-17,  2.220446049250313e-16, -4.527628272299466e-16,  4.163336342344336e-17,  2.220446049250313e-16, -6.761084747619604e-16,  1.387778780781445e-17,  2.081668171172168e-16,  9.714451465470117e-17,  6.522560269672795e-16
  2.691666666666666e+00,  4.702897448922902e-01,  4.689951400479791e-01,  1.050274748679105e+00,  1.579487452344492e+00, -1.849225729738667e-01,  1.106650711950186e-01,  6.626151992298340e-04, -1.149080928383681e-14, -1.267136791347953e-03,  2.123130659446353e-03,  5.060159648107089e-03, -4.060119620779521e-03,  3.749209651222273e-03,  1.115344609928897e-02, -7.169714025658333e-03,  5.394383921205192e-03,  1.747795221764837e-02, -1.031582484245145e-02,  6.958592794160533e-03,  2.371707330715680e-02, -1.330710336212626e-02,  8.515517728156782e-03,  2.942326434437529e-02, -1.628445261025396e-02,  9.325232312465230e-03,  3.560676766278931e-02, -1.783289149523040e-02,  5.468715758016883e-16,  1.387778780781445e-17,  2.914335439641035e-16, -5.655198531684390e-16,  0.000000000000000e+00,  2.081668171172168e-16,  7.693498615957139e-16,  4.163336342344337e-17,  3.469446951953614e-16, -6.782768791069316e-16, -2.775557561562891e-17,  1.804112415015879e-16, -9.974659986866641e-18,  0.000000000000000e+00,  2.498001805406602e-16, -8.239936510889834e-18,  4.163336342344337e-17,  2.636779683484747e-16,  5.551115123125783e-17,  6.661338147750939e-16
  2.700000000000000e+00,  4.702475111268740e-01,  4.690076628467924e-01,  1.050283236601679e+00,  1.579445988470458e+00, -1.850953839437572e-01,  1.106717416230767e-01,  6.633752956752561e-04, -9.922619131667249e-15, -1.270282110935191e-03,  2.125566136431985e-03,  5.073395229461653e-03, -4.070197754297943e-03,  3.753510429310699e-03,  1.118261955496723e-02, -7.187510874517046e-03,  5.400571904894757e-03,  1.752366833621957e-02, -1.034143104862898e-02,  6.966575106754698e-03,  2.377910875169583e-02, -1.334013459690580e-02,  8.525286014132777e-03,  2.950022515904891e-02, -1.632487429803908e-02,  9.335929434934605e-03,  3.569990232708464e-02, -1.787715675790638e-02, -1.118029280267052e-15,  4.163336342344337e-17,  1.249000902703301e-16,  1.006139616066548e-16,  0.000000000000000e+00,  2.775557561562891e-16, -6.756747938929664e-16,  4.163336342344337e-17,  2.220446049250313e-16,  5.455705331947057e-16, -4.163336342344336e-17,  2.359223927328457e-16,  5.455705331947057e-16, -1.387778780781445e-17,  2.914335439641035e-16, -6.761084747619607e-16,  2.775557561562892e-17,  2.081668171172169e-16,  8.326672684688673e-17,  6.522560269672794e-16
  2.708333333333333e+00,  4.702021313446481e-01,  4.690239736859951e-01,  1.050291421075589e+00,  1.579416785386648e+00, -1.852550592201508e-01,  1.106912107570528e-01,  6.644122335130088e-04, -8.076873198616521e-15, -1.273629754090298e-03,  2.128888659849903e-03,  5.086225967948063e-03, -4.080924166592558e-03,  3.759377631506262e-03,  1.121090066861966e-02, -7.206452510689508e-03,  5.409013668394221e-03,  1.756798611465845e-02, -1.036868438122857e-02,  6.977464727427272e-03,  2.383924668930602e-02, -1.337529057516291e-02,  8.538612093215792e-03,  2.957483193757117e-02, -1.636789612227202e-02,  9.350522650194662e-03,  3.579018823818499e-02, -1.792426939606735e-02, -1.196959198423997e-16,  2.775557561562891e-17,  2.359223927328457e-16, -3.417405247674309e-16, -1.387778780781445e-17,  1.804112415015879e-16,  2.125036258071588e-16,  1.387778780781445e-17,  2.636779683484746e-16, -3.421742056364251e-16,  0.000000000000000e+00,  1.942890293094023e-16, -8.673617379884034e-18,  1.387778780781445e-17,  2.359223927328457e-16,  2.116362640691704e-16, -2.775557561562891e-17,  2.359223927328457e-16,  6.938893903907227e-17,  6.383782391594649e-16
  2.716666666666667e+00,  4.701535383692997e-01,  4.690438238011602e-01,  1.050299244173156e+00,  1.579399622444475e+00, -1.853986164215751e-01,  1.107236261927483e-01,  6.657048410084553e-04, -6.189493897230496e-15, -1.277148324820904e-03,  2.133030391891882e-03,  5.098115839671637e-03, -4.092198259617140e-03,  3.766691463877798e-03,  1.123710795309347e-02, -7.226361289354890e-03,  5.419536851523584e-03,  1.760905410940055e-02, -1.039732924388334e-02,  6.991039316732616e-03,  2.389497476486750e-02, -1.341224158528211e-02,  8.555223879436802e-03,  2.964396786667154e-02, -1.641311460121614e-02,  9.368714000452466e-03,  3.587385356286773e-02, -1.797378756213001e-02, -8.673617379884035e-18, -1.387778780781446e-17,  1.665334536937735e-16, -2.298508605669269e-16,  2.775557561562891e-17,  2.081668171172169e-16,  2.125036258071589e-16,  1.387778780781446e-17,  2.775557561562891e-16, -9.540979117872439e-18, -1.387778780781446e-17,  2.081668171172169e-16, -2.302845414359211e-16,  0.000000000000000e+00,  1.804112415015879e-16, -4.540638698369293e-16,  0.000000000000000e+00,  1.942890293094024e-16,  1.387778780781446e-17,  5.689893001203926e-16
  2.725000000000000e+00,  4.701017172025366e-01,  4.690669319764661e-01,  1.050306650668722e+00,  1.579394028960638e+00, -1.855238094398149e-01,  1.107686637597782e-01,  6.672619073192691e-04, -4.135581126127717e-15, -1.280804553906831e-03,  2.138019494508372e-03,  5.108636323729067e-03, -4.103913433189063e-03,  3.775501657257532e-03,  1.126029687597669e-02, -7.247048966595161e-03,  5.432213007283115e-03,  1.764539219562952e-02, -1.042709479018598e-02,  7.007391175890546e-03,  2.394428449201202e-02, -1.345063824355521e-02,  8.575234325607644e-03,  2.970514122974706e-02, -1.646010217958146e-02,  9.390627178861690e-03,  3.594788293298296e-02, -1.802524304587662e-02, -7.806255641895630e-18,  0.000000000000000e+00,  1.942890293094023e-16,  1.016981637791403e-16,  1.387778780781445e-17,  2.498001805406602e-16, -5.646524914304506e-16,  0.000000000000000e+00,  1.526556658859590e-16,  4.391018798566292e-16,  1.387778780781445e-17,  1.942890293094023e-16,  1.023486850826316e-16,  0.000000000000000e+00,  2.220446049250313e-16, -1.186117176699142e-16, -1.387778780781445e-17,  1.665334536937735e-16,  0.000000000000000e+00,  6.383782391594649e-16
  2.733333333333333e+00,  4.700467474912700e-01,  4.690930254476682e-01,  1.050313597341263e+00,  1.579399393309219e+00, -1.856294909833266e-01,  1.108255636918056e-01,  6.691199599242159e-04, -2.331468555506331e-15, -1.284568740759862e-03,  2.143973007884201e-03,  5.117467471502032e-03, -4.115974521623109e-03,  3.786014891432929e-03,  1.127976221650217e-02, -7.268347490527333e-03,  5.447339507710832e-03,  1.767589526065105e-02, -1.045773922614262e-02,  7.026903905872725e-03,  2.398567626492472e-02, -1.349016864301222e-02,  8.599112860105430e-03,  2.975649162447314e-02, -1.650847716391144e-02,  9.416776250306682e-03,  3.601002496973927e-02, -1.807821785978585e-02,  3.261280134836397e-16,  0.000000000000000e+00,  1.942890293094024e-16, -7.845286920105110e-16, -1.387778780781446e-17,  8.326672684688674e-17,  3.265616943526340e-16,  2.775557561562892e-17,  2.081668171172169e-16, -5.637851296924623e-18,  1.387778780781446e-17,  1.387778780781446e-16,  3.248269708766571e-16, -1.387778780781446e-17,  2.081668171172169e-16, -3.415236843329339e-16, -1.387778780781446e-17,  1.387778780781446e-16, -2.775557561562891e-17,  4.996003610813204e-16
  2.741666666666667e+00,  4.699887934448650e-01,  4.691218909079027e-01,  1.050319942291443e+00,  1.579415295221335e+00, -1.857144069082741e-01,  1.108919514454334e-01,  6.713266565362701e-04, -3.846923118628002e-14, -1.288371797236117e-03,  2.151043635313202e-03,  5.124426781206418e-03, -4.128160154872365e-03,  3.798500823207518e-03,  1.129510170998821e-02, -7.289865946576924e-03,  5.465304336528002e-03,  1.769993293763695e-02, -1.048870010166630e-02,  7.050077993997197e-03,  2.401829469417494e-02, -1.353010723998055e-02,  8.627471949959623e-03,  2.979695785968150e-02, -1.655735167641498e-02,  9.447831919444278e-03,  3.605899546532810e-02, -1.813173970047238e-02, -8.890457814381135e-18,  1.387778780781445e-17,  2.220446049250313e-16, -3.417405247674309e-16,  2.775557561562891e-17,  2.220446049250313e-16, -6.735063895479952e-16,  6.938893903907227e-17,  1.804112415015879e-16, -1.192622389734055e-16,  4.163336342344337e-17,  2.220446049250313e-16,  1.025655255171287e-16,  0.000000000000000e+00,  2.220446049250313e-16,  1.029992063861229e-16,  1.387778780781445e-17,  2.498001805406602e-16,  1.526556658859590e-16,  6.245004513516506e-16
  2.750000000000000e+00,  4.699281760466614e-01,  4.691533773568879e-01,  1.050325848433822e+00,  1.579441123910467e+00, -1.857820392541925e-01,  1.109685817562180e-01,  6.739247002648757e-04, -4.959921801495045e-14, -1.292271747407915e-03,  2.159368204750519e-03,  5.129566149339603e-03, -4.140656251827518e-03,  3.813201075334753e-03,  1.130642974497444e-02, -7.311932646565494e-03,  5.486455141899904e-03,  1.771768447850493e-02, -1.052044979365003e-02,  7.077361895903413e-03,  2.404238301932985e-02, -1.357106338642505e-02,  8.660860388857763e-03,  2.982684169691834e-02, -1.660747140628674e-02,  9.484395163050769e-03,  3.609515959848406e-02, -1.818662516242576e-02, -4.336808689942018e-18,  6.938893903907228e-17,  2.081668171172169e-16, -8.935994305625528e-16,  6.938893903907228e-17,  1.110223024625157e-16, -2.259477327459792e-16,  8.326672684688675e-17,  1.665334536937735e-16, -6.713379852030244e-16,  6.938893903907230e-17,  1.387778780781446e-16, -3.395721204224600e-16,  2.775557561562891e-17,  1.526556658859590e-16, -6.709043043340301e-16,  8.326672684688674e-17,  1.526556658859590e-16,  5.689893001203927e-16,  4.024558464266192e-16
  2.758333333333333e+00,  4.698652259621907e-01,  4.691873875803451e-01,  1.050331141731959e+00,  1.579476830071727e+00, -1.858327083994485e-01,  1.110518525594832e-01,  6.769253409474133e-04, -5.132006388574535e-14, -1.296183841152881e-03,  2.168982762651065e-03,  5.133183738304741e-03, -4.153191258829180e-03,  3.830179301838702e-03,  1.131440352175984e-02, -7.334068057310628e-03,  5.510883509616364e-03,  1.773017974574085e-02, -1.055229834705256e-02,  7.108873754530331e-03,  2.405933873389030e-02, -1.361214706111618e-02,  8.699422753209599e-03,  2.984787685859091e-02, -1.665774719774160e-02,  9.526624304876673e-03,  3.612061544544741e-02, -1.824168152536273e-02, -9.994175625971382e-16,  1.387778780781446e-16,  8.326672684688675e-17, -1.123233450694983e-16,  8.326672684688674e-17,  1.249000902703301e-16, -4.453902524570451e-16,  1.110223024625156e-16,  1.249000902703301e-16, -3.343679499945296e-16,  9.714451465470120e-17,  1.387778780781446e-16, -1.443723612881698e-15,  9.714451465470120e-17, -2.775557561562891e-17,  6.648327721681112e-16,  1.110223024625156e-16,  2.914335439641035e-16,  8.604228440844963e-16,  3.608224830031758e-16
  2.766666666666667e+00,  4.698003617411713e-01,  4.692237863054274e-01,  1.050335755548438e+00,  1.579522176565012e+00, -1.858687860569036e-01,  1.111389354957486e-01,  6.803162915854446e-04, -4.496403653095322e-14, -1.300062351239732e-03,  2.179847939412362e-03,  5.135829183644167e-03, -4.165618658132484e-03,  3.849365980433055e-03,  1.132023452986976e-02, -7.356013444976151e-03,  5.538489410626386e-03,  1.773931719797974e-02, -1.058387349417624e-02,  7.144484535410205e-03,  2.407173799106403e-02, -1.365287804993772e-02,  8.743001138203298e-03,  2.986325930551194e-02, -1.670759139291056e-02,  9.574346425428202e-03,  3.613923062039093e-02, -1.829626525282784e-02, -6.630980486921344e-16,  9.714451465470117e-17,  1.387778780781445e-17, -1.107404098976694e-15,  1.387778780781446e-16,  1.387778780781446e-17,  3.035766082959412e-18,  1.526556658859590e-16,  1.387778780781445e-16, -7.762887554996209e-16,  1.110223024625156e-16,  4.163336342344335e-17, -1.217775880135718e-15,  1.387778780781445e-16, -5.551115123125781e-17, -2.177077962350893e-16,  1.665334536937735e-16,  9.714451465470120e-17,  1.249000902703301e-15,  2.359223927328458e-16
  2.775000000000000e+00,  4.697340399745549e-01,  4.692623525840880e-01,  1.050339641838889e+00,  1.579576792280888e+00, -1.858933235817102e-01,  1.112270519797609e-01,  6.840639738663850e-04, -3.218259283350534e-14, -1.303868663856160e-03,  2.191856144459157e-03,  5.138208146707911e-03, -4.177814724583972e-03,  3.870571118270395e-03,  1.132547816605016e-02, -7.377550324875862e-03,  5.568999482149371e-03,  1.774753421195525e-02, -1.061486087802884e-02,  7.183841608792794e-03,  2.408288824025779e-02, -1.369285084183862e-02,  8.791164016233614e-03,  2.987709224033891e-02, -1.675650775115547e-02,  9.627088964462197e-03,  3.615597064250590e-02, -1.834983291818545e-02, -1.324244533473795e-15,  2.081668171172168e-16, -5.551115123125781e-17, -6.600622826091750e-16,  1.526556658859590e-16,  1.387778780781445e-17, -9.909607856517509e-16,  1.942890293094023e-16, -2.775557561562891e-17, -3.267785347871310e-16,  1.804112415015879e-16,  5.551115123125781e-17, -1.213222231011279e-15,  1.942890293094023e-16, -9.714451465470117e-17,  6.288372600415926e-18,  1.665334536937735e-16,  9.714451465470120e-17,  1.512678871051775e-15,  4.163336342344336e-17
  2.783333333333334e+00,  4.696667117507097e-01,  4.693027390820877e-01,  1.050342765007932e+00,  1.579640151980787e+00, -1.859096879945952e-01,  1.113136955439635e-01,  6.881219097571238e-04, -1.609823532151395e-14, -1.307576931722494e-03,  2.204858454323322e-03,  5.141067294579508e-03, -4.189696639151246e-03,  3.893531733277036e-03,  1.133178021060509e-02, -7.398532447926353e-03,  5.602035344097152e-03,  1.775740979950669e-02, -1.064505007460804e-02,  7.226456875753575e-03,  2.409628912560159e-02, -1.373179399619655e-02,  8.843314080470165e-03,  2.989371730139339e-02, -1.680416409936463e-02,  9.684197819066606e-03,  3.617608957556030e-02, -1.840202076300491e-02, -1.100898885941781e-15,  2.081668171172169e-16, -9.714451465470120e-17, -7.669646168162458e-16,  2.081668171172169e-16, -5.551115123125783e-17, -6.561591547882273e-16,  1.942890293094024e-16, -5.551115123125783e-17, -1.100465205072787e-15,  2.220446049250313e-16, -6.938893903907228e-17, -7.680488189887311e-16,  1.942890293094023e-16, -4.163336342344336e-17, -1.098296800727816e-15,  2.220446049250313e-16, -1.110223024625156e-16,  1.748601263784622e-15, -2.081668171172168e-16
  2.791666666666667e+00,  4.695987887740695e-01,  4.693444429490765e-01,  1.050345096158020e+00,  1.579711525368293e+00, -1.859211975405711e-01,  1.113967526466332e-01,  6.924379773508451e-04,  7.216450321165632e-16, -1.311175054325075e-03,  2.218687861634015e-03,  5.145121246981693e-03, -4.201225629752888e-03,  3.917952909233027e-03,  1.134071580604671e-02, -7.418891346999403e-03,  5.637172669351637e-03,  1.777141227987279e-02, -1.067434257302699e-02,  7.271782967093819e-03,  2.411529008458157e-02, -1.376958043693476e-02,  8.898781492588487e-03,  2.991728978150169e-02, -1.685040492929077e-02,  9.744939458039819e-03,  3.620461597602584e-02, -1.845265849224038e-02, -4.302114220422482e-16,  1.942890293094024e-16, -9.714451465470120e-17, -1.431363708115363e-15,  2.220446049250313e-16, -1.387778780781446e-16, -4.304282624767452e-16,  2.636779683484746e-16, -4.163336342344336e-17, -1.539567084929416e-15,  2.775557561562891e-16, -1.804112415015879e-16, -6.548581121812446e-16,  1.804112415015879e-16, -9.714451465470117e-17, -1.207801220148852e-15,  2.359223927328457e-16, -1.387778780781445e-16,  1.887379141862766e-15, -3.330669073875470e-16
  2.800000000000000e+00,  4.695306264419786e-01,  4.693868021068025e-01,  1.050346613406373e+00,  1.579789968283270e+00, -1.859308610543782e-01,  1.114746061967668e-01,  6.969562551629563e-04,  1.627864660032719e-14, -1.314661225284768e-03,  2.233165184524621e-03,  5.151016210613073e-03, -4.212395908447066e-03,  3.943518231139545e-03,  1.135370930103138e-02, -7.438616801242325e-03,  5.673956198230298e-03,  1.779177367153001e-02, -1.070272366746581e-02,  7.319232611530067e-03,  2.414291990141653e-02, -1.380619119399055e-02,  8.956847584439402e-03,  2.995156717289501e-02, -1.689520702648441e-02,  9.808526877276194e-03,  3.624609699922111e-02, -1.850172068405409e-02, -6.498707821878114e-16,  2.220446049250313e-16, -1.387778780781446e-16, -1.760961168550956e-15,  2.636779683484746e-16, -2.220446049250313e-16, -7.619772868228123e-16,  2.220446049250313e-16, -1.665334536937735e-16, -1.095261034644856e-15,  2.498001805406602e-16, -1.249000902703301e-16, -1.316221437397402e-15,  2.498001805406602e-16, -2.081668171172168e-16, -7.632783294297949e-16,  2.220446049250313e-16, -1.249000902703301e-16,  1.998401444325281e-15, -4.579669976578770e-16
  2.808333333333333e+00,  4.694625184234824e-01,  4.694290169627935e-01,  1.050347306752651e+00,  1.579874399393369e+00, -1.859412326145330e-01,  1.115462216710802e-01,  7.016107005562322e-04,  2.893519026723522e-14, -1.318039748632502e-03,  2.248078811263694e-03,  5.159238990568906e-03, -4.223221266073648e-03,  3.969854016502236e-03,  1.137183369617170e-02, -7.457733163726023e-03,  5.711848274257390e-03,  1.782017541475089e-02, -1.073022839726040e-02,  7.368112248404586e-03,  2.418146024169885e-02, -1.384167146705239e-02,  9.016663617167254e-03,  2.999938009674673e-02, -1.693862570367408e-02,  9.874030633932591e-03,  3.630395814101720e-02, -1.854926791069442e-02, -5.379811179873072e-16,  2.359223927328457e-16, -1.526556658859590e-16, -1.426593218556426e-15,  2.220446049250313e-16, -2.498001805406602e-16, -5.379811179873072e-16,  2.636779683484746e-16, -1.387778780781445e-16, -1.869598226234003e-15,  2.636779683484746e-16, -2.775557561562891e-16, -6.496539417533142e-16,  2.498001805406602e-16, -1.249000902703301e-16, -8.725659084163338e-16,  2.359223927328457e-16, -1.804112415015879e-16,  2.081668171172169e-15, -5.273559366969494e-16
  2.816666666666667e+00,  4.693946983430400e-01,  4.694701770939856e-01,  1.050347179875798e+00,  1.579963650979323e+00, -1.859542347177050e-01,  1.116111051726385e-01,  7.063118054095648e-04,  3.773370857873580e-14, -1.321316911394778e-03,  2.263141942744486e-03,  5.169937386839888e-03, -4.233721847325901e-03,  3.996453810398100e-03,  1.139541476759865e-02, -7.476276007709448e-03,  5.750120207245712e-03,  1.785712801540059e-02, -1.075690794541571e-02,  7.417481889314329e-03,  2.423160384705473e-02, -1.387608728065559e-02,  9.077079288098405e-03,  3.006158796432199e-02, -1.698074175781380e-02,  9.940191046569118e-03,  3.637923942392527e-02, -1.859538865185029e-02, -6.492202608843201e-16,  2.359223927328458e-16, -1.526556658859590e-16, -1.202163368851927e-15,  2.498001805406602e-16, -2.636779683484747e-16, -1.203898092327904e-15,  2.498001805406602e-16, -2.220446049250313e-16, -7.578573185673676e-16,  2.498001805406602e-16, -2.081668171172169e-16, -1.094393672906868e-15,  2.498001805406602e-16, -1.665334536937735e-16, -1.534796595370480e-15,  2.498001805406602e-16, -3.053113317719180e-16,  2.095545958979983e-15, -6.245004513516505e-16
  2.825000000000000e+00,  4.693273431881187e-01,  4.695092811763417e-01,  1.050346250042258e+00,  1.580056428458033e+00, -1.859709493364275e-01,  1.116691531628651e-01,  7.109394748992289e-04,  4.346523550655278e-14, -1.324496097378619e-03,  2.277969774948651e-03,  5.182820213396398e-03, -4.243908494487779e-03,  4.022638092267141e-03,  1.142381069214574e-02, -7.494264479445081e-03,  5.787794299189512e-03,  1.790162570767917e-02, -1.078278985966730e-02,  7.466080333284147e-03,  2.429198592251742e-02, -1.390947417054873e-02,  9.136551213448850e-03,  3.013649761885702e-02, -1.702159867546859e-02,  1.000531797574529e-02,  3.646989186253016e-02, -1.864013052909096e-02, -1.647119940439978e-15,  2.498001805406602e-16, -2.914335439641035e-16, -9.814198065338784e-16,  2.636779683484746e-16, -2.220446049250313e-16, -8.673617379884035e-16,  2.498001805406602e-16, -2.636779683484747e-16, -3.159365130622760e-16,  2.498001805406602e-16, -9.714451465470120e-17, -1.536748159280954e-15,  2.081668171172169e-16, -3.191891195797325e-16, -2.031794871237835e-16,  2.636779683484747e-16, -8.326672684688674e-17,  2.053912595556539e-15, -7.494005416219805e-16
  2.833333333333333e+00,  4.692605801244026e-01,  4.695452669957191e-01,  1.050344550259382e+00,  1.580151253119948e+00, -1.859915621668722e-01,  1.117205564185454e-01,  7.153540862875114e-04,  4.662937145274340e-14, -1.327573251784680e-03,  2.292114933115440e-03,  5.197292037133252e-03, -4.253768215299653e-03,  4.047616848656188e-03,  1.145570903473035e-02, -7.511675636065666e-03,  5.823733874295221e-03,  1.795161184671950e-02, -1.080784112968836e-02,  7.512441302771676e-03,  2.435981566076099e-02, -1.394178955440418e-02,  9.193285048764828e-03,  3.022064680088059e-02, -1.706114434688220e-02,  1.006744645827002e-02,  3.657172557948950e-02, -1.868343647770094e-02, -1.534796595370480e-15,  2.636779683484746e-16, -2.775557561562891e-16, -7.572067972638761e-16,  2.498001805406602e-16, -2.220446049250313e-16, -8.675785784229005e-16,  2.359223927328457e-16, -2.775557561562891e-16, -9.805524447958900e-16,  2.359223927328457e-16, -2.220446049250313e-16, -1.203247571024413e-15,  2.081668171172168e-16, -2.775557561562891e-16, -6.468350161048518e-16,  2.498001805406602e-16, -2.081668171172168e-16,  1.984523656517467e-15, -7.216449660063518e-16
  2.841666666666666e+00,  4.691945169522061e-01,  4.695770684813967e-01,  1.050342130335822e+00,  1.580246394149019e+00, -1.860155676529150e-01,  1.117658117235482e-01,  7.194166564981031e-04,  4.755918335113030e-14, -1.330535998700163e-03,  2.305132092066074e-03,  5.212692657111629e-03, -4.263261355253132e-03,  4.070603685456335e-03,  1.148965460102931e-02, -7.528439452173590e-03,  5.856807464298992e-03,  1.800480607749766e-02, -1.083196100254256e-02,  7.555105237794305e-03,  2.443199868627740e-02, -1.397290346396814e-02,  9.245494670136979e-03,  3.031019664598608e-02, -1.709921972452913e-02,  1.012462053316842e-02,  3.668009494638354e-02, -1.872513232680818e-02, -6.474855374083432e-16,  2.359223927328458e-16, -1.942890293094024e-16, -1.090490545085920e-15,  2.081668171172169e-16, -2.914335439641036e-16, -6.485697395808288e-16,  2.081668171172169e-16, -2.081668171172169e-16, -1.090273704651423e-15,  2.498001805406602e-16, -2.636779683484747e-16, -4.254409324833118e-16,  1.942890293094023e-16, -2.359223927328457e-16, -7.565562759603850e-16,  2.359223927328458e-16, -2.775557561562891e-16,  1.845745778439323e-15, -7.216449660063516e-16
  2.850000000000000e+00,  4.691292912586655e-01,  4.696036858019286e-01,  1.050339055837576e+00,  1.580339735322537e+00, -1.860421268440124e-01,  1.118057565389152e-01,  7.230035752260205e-04,  4.601874878199751e-14, -1.333367201374515e-03,  2.316625183576982e-03,  5.228438764807210e-03, -4.272333005311787e-03,  4.090899190782494e-03,  1.152436168058463e-02, -7.544458964594506e-03,  5.886008751448778e-03,  1.805919363383706e-02, -1.085500996706947e-02,  7.592774018756614e-03,  2.450580101990797e-02, -1.400263593404479e-02,  9.291591514950607e-03,  3.040175539539819e-02, -1.713560457755699e-02,  1.017510058625000e-02,  3.679089540277818e-02, -1.876497690447930e-02, -1.424858495080450e-15,  2.081668171172168e-16, -3.191891195797325e-16, -4.254409324833119e-16,  1.804112415015879e-16, -2.498001805406602e-16, -7.580741590018645e-16,  2.220446049250313e-16, -2.636779683484746e-16, -7.602425633468357e-16,  1.804112415015879e-16, -2.359223927328458e-16, -1.089623183347932e-15,  2.359223927328457e-16, -3.053113317719180e-16, -3.146354704552933e-16,  1.804112415015879e-16, -2.220446049250313e-16,  1.693090112553363e-15, -7.910339050454240e-16
  2.858333333333333e+00,  4.690650659643713e-01,  4.696242370882449e-01,  1.050335403985470e+00,  1.580428740607247e+00, -1.860702137547195e-01,  1.118416149315102e-01,  7.260127555599504e-04,  4.168887859091275e-14, -1.336048707667019e-03,  2.326267103989334e-03,  5.244018518833210e-03, -4.280925002960626e-03,  4.107925736414823e-03,  1.155870208857267e-02, -7.559631464875152e-03,  5.910506641012560e-03,  1.811300659932316e-02, -1.087684024576913e-02,  7.624375558486766e-03,  2.457882365044751e-02, -1.403079633610901e-02,  9.330263625798247e-03,  3.049234684965321e-02, -1.717006562595700e-02,  1.021744991008507e-02,  3.690052528022533e-02, -1.880271474881750e-02, -5.358127136423362e-16,  2.220446049250313e-16, -2.498001805406602e-16, -4.271756559592886e-16,  1.526556658859590e-16, -2.498001805406602e-16, -8.701806636368657e-16,  1.665334536937735e-16, -3.053113317719180e-16, -5.375474371183130e-16,  1.804112415015879e-16, -2.220446049250313e-16, -9.792514021889074e-16,  1.942890293094023e-16, -2.914335439641035e-16,  2.411265631607761e-16,  1.526556658859590e-16, -2.359223927328457e-16,  1.526556658859590e-15, -7.494005416219805e-16
  2.866666666666667e+00,  4.690019365934724e-01,  4.696379825199337e-01,  1.050331255838328e+00,  1.580510727946732e+00, -1.860983534231495e-01,  1.118751201521385e-01,  7.283625058119683e-04,  3.526346223178044e-14, -1.338562450919733e-03,  2.333796099393215e-03,  5.258895254838406e-03, -4.288979459583567e-03,  4.121221094421739e-03,  1.159149292616557e-02, -7.573854728238758e-03,  5.929636076845328e-03,  1.816439131823275e-02, -1.089730475705639e-02,  7.649051954586968e-03,  2.464855122094037e-02, -1.405719493934478e-02,  9.360461152044407e-03,  3.057885047141998e-02, -1.720237068828342e-02,  1.025051882694149e-02,  3.700520823880344e-02, -1.883809160094725e-02, -5.390653201597927e-16,  1.387778780781445e-16, -2.775557561562891e-16, -1.093309470734383e-15,  1.526556658859590e-16, -3.053113317719180e-16,  1.647987302177967e-17,  1.249000902703301e-16, -2.081668171172169e-16, -6.481360587118345e-16,  1.249000902703301e-16, -3.053113317719180e-16, -6.479192182773374e-16,  1.387778780781446e-16, -3.053113317719180e-16, -8.701806636368659e-16,  1.804112415015879e-16, -2.775557561562891e-16,  1.235123114895487e-15, -8.049116928532385e-16
  2.875000000000000e+00,  4.689398516277679e-01,  4.696443445609602e-01,  1.050326696196624e+00,  1.580583295560367e+00, -1.861243746983599e-01,  1.119086152355705e-01,  7.299862714618783e-04,  2.754741147390159e-14, -1.340890486665388e-03,  2.338998917892382e-03,  5.272440790228190e-03, -4.296438878085317e-03,  4.130408685974023e-03,  1.162134957287571e-02, -7.587027221288352e-03,  5.942855235212595e-03,  1.821117802791845e-02, -1.091625741410856e-02,  7.666104270758107e-03,  2.471203942651985e-02, -1.408164329614908e-02,  9.381328776436410e-03,  3.065761357306324e-02, -1.723228915341137e-02,  1.027337069005903e-02,  3.710052395320391e-02, -1.887085492163032e-02, -7.600257229123384e-16,  1.110223024625156e-16, -3.330669073875469e-16, -4.258746133523059e-16,  1.526556658859590e-16, -2.775557561562890e-16,  2.383076375123138e-16,  9.714451465470116e-17, -2.220446049250312e-16, -4.278261772627800e-16,  1.249000902703301e-16, -2.636779683484746e-16, -8.697469827678717e-16,  8.326672684688674e-17, -4.163336342344337e-16,  2.378739566433197e-16,  1.387778780781446e-16, -1.665334536937735e-16,  9.992007221626407e-16, -8.743006318923106e-16
  2.883333333333333e+00,  4.688786436249380e-01,  4.696429366922027e-01,  1.050321822454282e+00,  1.580644590089876e+00, -1.861456409207560e-01,  1.119449097165695e-01,  7.308288097007924e-04,  1.951217155843648e-14, -1.343015578892244e-03,  2.341698552240788e-03,  5.283963702633905e-03, -4.303248031380964e-03,  4.135175936208101e-03,  1.164674801707896e-02, -7.599051419210928e-03,  5.949714381643182e-03,  1.825097853354724e-02, -1.093355789767563e-02,  7.674952363076594e-03,  2.476604755618973e-02, -1.410396039891463e-02,  9.392156552868071e-03,  3.072461574721320e-02, -1.725959951484642e-02,  1.028522804672121e-02,  3.718160709952865e-02, -1.890076214199264e-02, -6.507381439257998e-16,  9.714451465470120e-17, -3.053113317719180e-16, -4.282598581317743e-16,  5.551115123125783e-17, -3.191891195797325e-16, -2.046973701652632e-16,  9.714451465470117e-17, -2.914335439641035e-16,  1.604619215278546e-17,  6.938893903907227e-17, -2.775557561562891e-16,  1.691355389077387e-17,  9.714451465470117e-17, -2.636779683484746e-16, -3.174543961037557e-16,  5.551115123125783e-17, -3.053113317719180e-16,  7.077671781985371e-16, -8.049116928532383e-16
  2.891666666666667e+00,  4.688181244737144e-01,  4.696335820769197e-01,  1.050316745811904e+00,  1.580693355639410e+00, -1.861595874051130e-01,  1.119868938878241e-01,  7.308461387001246e-04,  1.133815374584881e-14, -1.344922159819205e-03,  2.341754077247868e-03,  5.292768510213883e-03, -4.309357037678489e-03,  4.135273987109476e-03,  1.166615529938706e-02, -7.609839236378993e-03,  5.949855457826883e-03,  1.828139061873612e-02, -1.094907946966169e-02,  7.675134347105956e-03,  2.480731587211892e-02, -1.412398275931423e-02,  9.392379254255753e-03,  3.077581298191816e-02, -1.728410170516241e-02,  1.028547192412446e-02,  3.724356378863192e-02, -1.892759417080560e-02,  1.275021754842953e-16,  9.714451465470120e-17, -2.359223927328458e-16,  1.647987302177966e-17,  4.163336342344336e-17, -3.330669073875469e-16, -6.518223460982852e-16,  5.551115123125781e-17, -3.191891195797325e-16,  6.830473686658676e-16,  5.551115123125781e-17, -2.359223927328457e-16, -6.505213034913026e-16,  6.938893903907227e-17, -3.330669073875469e-16,  1.366094737331735e-17,  1.387778780781445e-17, -3.053113317719180e-16,  4.302114220422481e-16, -9.436895709313829e-16
  2.900000000000000e+00,  4.687581677136001e-01,  4.696163159321662e-01,  1.050311578768619e+00,  1.580728865680781e+00, -1.861641722938892e-01,  1.120370572552981e-01,  7.300083234972428e-04,  3.344547188644748e-15, -1.346594735867020e-03,  2.339069576257726e-03,  5.298220891495743e-03, -4.314716252942506e-03,  4.130533460663150e-03,  1.167817326819151e-02, -7.619303007017015e-03,  5.943034761726923e-03,  1.830022331696234e-02, -1.096269599605558e-02,  7.666335854556723e-03,  2.483287129639820e-02, -1.414154766827277e-02,  9.381612175125670e-03,  3.080751689387266e-02, -1.730559661053564e-02,  1.027368103632795e-02,  3.728193049784355e-02, -1.895113296112027e-02, -3.196228004487267e-16, -2.775557561562891e-17, -3.747002708109903e-16,  1.366094737331735e-17,  1.387778780781445e-17, -2.914335439641035e-16,  1.626303258728256e-17,  4.163336342344336e-17, -3.191891195797325e-16,  3.467278547608642e-16,  2.775557561562891e-17, -2.498001805406602e-16, -2.066489340757371e-16,  2.775557561562891e-17, -3.330669073875469e-16, -3.178880769727499e-16,  2.775557561562891e-17, -3.469446951953613e-16,  1.249000902703301e-16, -9.159339953157541e-16
  2.908333333333333e+00,  4.686987981596690e-01,  4.695913878111693e-01,  1.050306416607640e+00,  1.580750753517165e+00, -1.861582998436051e-01,  1.120969638585571e-01,  7.283076429944268e-04, -3.927414333773193e-15, -1.348012700979041e-03,  2.333620309572178e-03,  5.299883887381378e-03, -4.319259651898241e-03,  4.120910669352223e-03,  1.168183879187311e-02, -7.627326137925290e-03,  5.929189435493605e-03,  1.830596735761465e-02, -1.097423972190668e-02,  7.648475800700869e-03,  2.484066579266165e-02, -1.415643872695568e-02,  9.359756088739899e-03,  3.081718670097463e-02, -1.732381941476564e-02,  1.024974672142882e-02,  3.729363248205855e-02, -1.897108851617218e-02,  1.452830911130576e-17, -1.387778780781445e-17, -3.469446951953613e-16, -9.649399335120989e-17, -1.387778780781446e-17, -3.747002708109903e-16,  1.272853350497982e-16,  2.775557561562891e-17, -3.053113317719180e-16,  1.214306433183765e-17, -4.163336342344336e-17, -3.191891195797325e-16,  5.696398214238839e-16,  0.000000000000000e+00, -2.775557561562891e-16,  1.561251128379126e-17,  0.000000000000000e+00, -3.608224830031758e-16, -1.665334536937735e-16, -9.853229343548262e-16
  2.916666666666667e+00,  4.686402985986000e-01,  4.695592642316399e-01,  1.050301327294642e+00,  1.580758754573071e+00, -1.861424272027848e-01,  1.121668892098496e-01,  7.257747163363685e-04, -9.867108096257491e-15, -1.349149222000078e-03,  2.325504386087136e-03,  5.297688208597403e-03, -4.322901256599580e-03,  4.106578862433483e-03,  1.167699914517623e-02, -7.633756801733509e-03,  5.908568751136254e-03,  1.829838341333996e-02, -1.098349219714138e-02,  7.621875738916381e-03,  2.483037460064567e-02, -1.416837414134774e-02,  9.327204493270791e-03,  3.080441950751373e-02, -1.733842527486302e-02,  1.021409989413275e-02,  3.727818217423585e-02, -1.898708320290612e-02,  1.235990476633475e-17, -5.551115123125781e-17, -3.608224830031758e-16,  4.581838380923741e-16, -4.163336342344336e-17, -3.469446951953613e-16,  3.467278547608642e-16, -5.551115123125781e-17, -3.469446951953613e-16, -2.090341788552053e-16, -4.163336342344337e-17, -3.608224830031759e-16,  1.013295350404952e-15, -4.163336342344336e-17, -2.775557561562891e-16,  1.387778780781445e-17, -2.775557561562891e-17, -3.608224830031758e-16, -4.440892098500625e-16, -9.159339953157539e-16
  2.925000000000000e+00,  4.685832302611100e-01,  4.695206010090272e-01,  1.050296362343460e+00,  1.580752535480399e+00, -1.861189663895830e-01,  1.122459392274150e-01,  7.224933854705291e-04, -1.325328865111202e-14, -1.349980176105925e-03,  2.314990449519753e-03,  5.291983553960418e-03, -4.325563773456220e-03,  4.088012434464962e-03,  1.166442512332418e-02, -7.638458506665305e-03,  5.881855270208214e-03,  1.827867935495753e-02, -1.099025703662461e-02,  7.587416153056721e-03,  2.480363676595415e-02, -1.417710058053888e-02,  9.285034873209433e-03,  3.077124870401298e-02, -1.734910417931868e-02,  1.016792049365099e-02,  3.723804029603608e-02, -1.899877753176402e-02,  1.105886215935214e-17, -1.110223024625156e-16, -3.885780586188047e-16,  3.467278547608643e-16, -6.938893903907228e-17, -3.747002708109903e-16,  3.449931312848875e-16, -8.326672684688674e-17, -3.469446951953614e-16,  7.914675859144180e-16, -4.163336342344336e-17, -2.914335439641035e-16,  1.062518129035794e-17, -1.110223024625156e-16, -3.608224830031758e-16,  3.449931312848874e-16, -1.110223024625156e-16, -3.747002708109902e-16, -6.661338147750938e-16, -1.013078509970455e-15
  2.933333333333334e+00,  4.685282932512528e-01,  4.694761667588307e-01,  1.050291575439911e+00,  1.580731758465612e+00, -1.860918313812720e-01,  1.123325470145992e-01,  7.185990664897838e-04, -1.172673184106681e-14, -1.350494327692973e-03,  2.302512395842263e-03,  5.283409462347715e-03, -4.327211201702695e-03,  4.065977596869726e-03,  1.164552637796487e-02, -7.641367679423105e-03,  5.850151422014233e-03,  1.824906417006696e-02, -1.099444277073823e-02,  7.546519143724651e-03,  2.476344982057338e-02, -1.418250005147604e-02,  9.234987511862986e-03,  3.072139301136668e-02, -1.735571173515514e-02,  1.011311428151299e-02,  3.717770708337188e-02, -1.900601337988218e-02,  2.313687436084066e-16, -1.110223024625157e-16, -3.608224830031759e-16,  1.009825903452999e-15, -1.249000902703301e-16, -2.775557561562891e-16,  1.010910105625484e-15, -1.110223024625156e-16, -3.330669073875469e-16,  1.257674520083185e-17, -6.938893903907227e-17, -3.747002708109902e-16,  3.432584078089106e-16, -1.110223024625156e-16, -3.469446951953613e-16,  7.886486602659560e-16, -1.110223024625157e-16, -3.053113317719181e-16, -9.298117831235686e-16, -9.298117831235684e-16
  2.941666666666667e+00,  4.684761280611371e-01,  4.694267707413613e-01,  1.050287024520857e+00,  1.580696311496670e+00, -1.860653504453173e-01,  1.124249032916596e-01,  7.142583174615608e-04, -4.149458958164529e-15, -1.350693796237277e-03,  2.288603905150872e-03,  5.272691504900600e-03, -4.327850332496023e-03,  4.041416768604010e-03,  1.162190219037990e-02, -7.642496312425453e-03,  5.814813164249635e-03,  1.821204400444333e-02, -1.099606665424115e-02,  7.500933855503819e-03,  2.471321453150080e-02, -1.418459481227952e-02,  9.179202909791366e-03,  3.065907140149693e-02, -1.735827518055419e-02,  1.005202529194314e-02,  3.710228815441238e-02, -1.900882057544092e-02,  6.750242725894752e-16, -1.249000902703301e-16, -3.191891195797326e-16,  5.642188105614565e-16, -1.387778780781446e-16, -3.053113317719180e-16,  5.644356509959535e-16, -1.249000902703301e-16, -3.191891195797325e-16,  1.008308020411519e-15, -1.526556658859590e-16, -2.775557561562891e-16,  6.728558682445039e-16, -1.804112415015879e-16, -3.330669073875469e-16,  5.637851296924623e-16, -1.249000902703301e-16, -3.191891195797325e-16, -1.193489751472043e-15, -8.881784197001252e-16
  2.950000000000000e+00,  4.684272065604970e-01,  4.693732520063182e-01,  1.050282761788290e+00,  1.580646515947788e+00, -1.860434483720524e-01,  1.125211586683612e-01,  7.096433636990917e-04,  8.729129377725706e-15, -1.350588690504265e-03,  2.273816816347079e-03,  5.260509664735793e-03, -4.327513556023440e-03,  4.015304435025047e-03,  1.159505135815087e-02, -7.641901603094931e-03,  5.777242591925631e-03,  1.816996754138127e-02, -1.099521098310681e-02,  7.452468948735734e-03,  2.465611799372313e-02, -1.418349102227674e-02,  9.119894399433925e-03,  3.058823776606324e-02, -1.735692442707582e-02,  9.987077316406584e-03,  3.701656833860667e-02, -1.900734138289855e-02,  3.378373969464831e-16, -1.942890293094023e-16, -3.191891195797325e-16,  1.006139616066548e-15, -1.665334536937735e-16, -2.498001805406602e-16,  3.391384395534657e-16, -1.665334536937735e-16, -3.053113317719180e-16,  1.005489094763057e-15, -1.387778780781446e-16, -2.220446049250313e-16,  6.719885065065155e-16, -1.942890293094023e-16, -3.053113317719180e-16,  8.940331114315468e-16, -1.665334536937735e-16, -2.498001805406602e-16, -1.401656568589260e-15, -8.049116928532383e-16
  2.958333333333333e+00,  4.683818173883764e-01,  4.693164937207270e-01,  1.050278828979697e+00,  1.580583184292461e+00, -1.860293663564343e-01,  1.126195815844839e-01,  7.049168553235928e-04,  2.500777604703260e-14, -1.350195397121110e-03,  2.258672287804793e-03,  5.247473408854637e-03, -4.326253377796930e-03,  3.988560903128279e-03,  1.156631724944057e-02, -7.639676270253895e-03,  5.738763847919822e-03,  1.812493989927784e-02, -1.099200916169857e-02,  7.402832527853724e-03,  2.459501679173907e-02, -1.417936076907914e-02,  9.059152258816006e-03,  3.051243596731866e-02, -1.735187006544628e-02,  9.920559391083685e-03,  3.692483626547140e-02, -1.900180641741515e-02,  1.781561009828181e-15, -2.081668171172169e-16, -1.804112415015879e-16,  2.246466901389965e-16, -1.665334536937735e-16, -2.498001805406602e-16,  1.559950085772144e-15, -1.665334536937735e-16, -1.665334536937735e-16,  6.696032617270475e-16, -1.804112415015879e-16, -2.359223927328458e-16,  1.144917494144692e-16, -1.804112415015879e-16, -3.053113317719180e-16,  1.447193059833651e-15, -1.942890293094023e-16, -1.942890293094023e-16, -1.526556658859590e-15, -6.800116025829082e-16
  2.966666666666667e+00,  4.683400722694545e-01,  4.692574197240750e-01,  1.050275256657317e+00,  1.580507587929903e+00, -1.860255239435936e-01,  1.127187600631254e-01,  7.002297264625349e-04,  4.242440141462479e-14, -1.349538900584477e-03,  2.243653937877663e-03,  5.234135273771453e-03, -4.324149852350506e-03,  3.962040188465661e-03,  1.153691774800597e-02, -7.635961681194322e-03,  5.700605694605078e-03,  1.807886955681813e-02, -1.098666459007161e-02,  7.353609659311277e-03,  2.453250067567149e-02, -1.417246643263326e-02,  8.998916199296910e-03,  3.043487883432794e-02, -1.734343318085640e-02,  9.854595668567553e-03,  3.683097996241230e-02, -1.899256729519547e-02,  7.795413620170777e-16, -1.804112415015879e-16, -1.942890293094024e-16,  4.443060502845596e-16, -1.942890293094023e-16, -2.220446049250313e-16,  1.443073091578206e-15, -2.081668171172169e-16, -1.110223024625157e-16,  5.572799166575492e-16, -1.942890293094023e-16, -2.636779683484746e-16,  8.868773770931424e-16, -2.359223927328457e-16, -1.665334536937735e-16,  4.464744546295306e-16, -1.804112415015879e-16, -2.359223927328457e-16, -1.665334536937735e-15, -5.273559366969495e-16
  2.975000000000000e+00,  4.683019145863253e-01,  4.691969903775381e-01,  1.050272062100713e+00,  1.580421456827165e+00, -1.860333608492839e-01,  1.128177224403578e-01,  6.957227320384976e-04,  5.788425850062507e-14, -1.348654126681432e-03,  2.229212769024266e-03,  5.221004920774213e-03, -4.321314887788402e-03,  3.936538710582339e-03,  1.150797623336947e-02, -7.630955453026744e-03,  5.663914024903514e-03,  1.803351690029429e-02, -1.097946160083574e-02,  7.306278510463596e-03,  2.447095843856946e-02, -1.416317479344394e-02,  8.940995115391185e-03,  3.035852988996893e-02, -1.733206261777673e-02,  9.791167045627790e-03,  3.673858575722130e-02, -1.898011553996498e-02,  7.749877128926384e-16, -2.359223927328457e-16, -1.526556658859590e-16,  1.082033768140533e-16, -2.220446049250313e-16, -2.220446049250313e-16,  1.219727444046192e-15, -1.804112415015879e-16, -4.163336342344336e-17,  3.317658647805644e-16, -2.220446049250313e-16, -2.498001805406602e-16,  1.218643241873707e-15, -1.526556658859590e-16,  0.000000000000000e+00,  8.870942175276397e-16, -2.359223927328458e-16, -1.665334536937735e-16, -1.734723475976807e-15, -3.191891195797325e-16
  2.983333333333333e+00,  4.682671396934811e-01,  4.691362020468898e-01,  1.050269250406608e+00,  1.580326981609377e+00, -1.860532935053981e-01,  1.129159184330323e-01,  6.915243025920547e-04,  6.888934526321621e-14, -1.347585438847867e-03,  2.215760294305577e-03,  5.208559499336883e-03, -4.317890632031043e-03,  3.912783155204083e-03,  1.148054442352428e-02, -7.624908602971611e-03,  5.629734398312584e-03,  1.799053001915745e-02, -1.097076135898029e-02,  7.262187821572451e-03,  2.441262648993065e-02, -1.415195174347104e-02,  8.887039516325223e-03,  3.028616361096400e-02, -1.731832850746378e-02,  9.732080973373081e-03,  3.665101120217189e-02, -1.896507549502372e-02,  4.393187202911264e-16, -2.220446049250313e-16, -1.526556658859590e-16,  7.721687872441763e-16, -2.081668171172169e-16, -8.326672684688674e-17,  3.298143008700904e-16, -2.081668171172168e-16, -1.526556658859590e-16,  1.328798182598234e-15, -1.665334536937735e-16,  0.000000000000000e+00,  4.380176776841437e-16, -2.220446049250313e-16, -1.110223024625156e-16,  7.739035107201529e-16, -1.804112415015879e-16, -8.326672684688673e-17, -1.762479051592436e-15, -2.636779683484746e-16
  2.991666666666667e+00,  4.682354455415248e-01,  4.690760672190447e-01,  1.050266947793894e+00,  1.580226508187897e+00, -1.860863695488235e-01,  1.130146742237501e-01,  6.877568211158460e-04, -7.924217593018359e-15, -1.346444809968173e-03,  2.203688648914952e-03,  5.197200886622882e-03, -4.314235865122714e-03,  3.891465988692310e-03,  1.145550812369643e-02, -7.618454696226728e-03,  5.599063139202467e-03,  1.795129701012794e-02, -1.096147544172349e-02,  7.222622820991364e-03,  2.435938843669284e-02, -1.413997318994481e-02,  8.838622189179926e-03,  3.022011678918839e-02, -1.730366985630210e-02,  9.679059790304138e-03,  3.657108418225297e-02, -1.894902299770045e-02, -1.207801220148852e-16,  0.000000000000000e+00,  1.942890293094023e-16, -7.372574772901429e-18,  5.551115123125781e-17,  2.220446049250313e-16, -8.977193988179975e-16,  2.775557561562891e-17,  1.665334536937735e-16,  7.682656594232284e-16,  0.000000000000000e+00,  3.053113317719180e-16, -7.845286920105110e-16,  2.775557561562891e-17,  1.110223024625157e-16, -1.084202172485504e-17,  0.000000000000000e+00,  2.498001805406602e-16,  1.665334536937735e-16,  5.689893001203926e-16
  3.000000000000000e+00,  4.682063698526273e-01,  4.690176193851744e-01,  1.050264929244302e+00,  1.580123380747889e+00, -1.861286444325745e-01,  1.131114248420121e-01,  6.844872641416720e-04, -8.604229257539275e-15, -1.345178014045763e-03,  2.193212437892038e-03,  5.187282946471974e-03, -4.310176837702919e-03,  3.872966179789092e-03,  1.143364730930049e-02, -7.611286910905287e-03,  5.572445510162807e-03,  1.791704012969523e-02, -1.095116239191122e-02,  7.188286881182465e-03,  2.431290284533990e-02, -1.412666966628803e-02,  8.796603879901364e-03,  3.016244703268674e-02, -1.728738978432551e-02,  9.633046088271988e-03,  3.650129472596037e-02, -1.893119490338064e-02, -1.170938346284345e-17,  1.387778780781446e-17,  2.914335439641036e-16, -1.183948772354171e-16,  1.387778780781446e-17,  1.665334536937735e-16, -1.127570259384925e-17,  1.387778780781446e-17,  2.914335439641036e-16, -3.410900034639397e-16,  1.387778780781446e-17,  1.942890293094024e-16, -3.432584078089107e-16,  2.775557561562891e-17,  2.636779683484747e-16,  1.021318446481345e-16,  1.387778780781446e-17,  2.498001805406602e-16,  1.387778780781446e-16,  6.661338147750939e-16
  3.008333333333334e+00,  4.681794304434195e-01,  4.689618507547628e-01,  1.050263307248720e+00,  1.580020454567866e+00, -1.861795689915745e-01,  1.132079950372688e-01,  6.817913540478842e-04, -9.173218608930563e-15, -1.343885495203709e-03,  2.184574288054387e-03,  5.178948340103144e-03, -4.306035389718352e-03,  3.857712179950218e-03,  1.141527642985148e-02, -7.603973580147741e-03,  5.550497969449853e-03,  1.788825213445748e-02, -1.094063993050752e-02,  7.159975214663165e-03,  2.427383837228895e-02, -1.411309600798524e-02,  8.761957722944268e-03,  3.011398387274532e-02, -1.727077913741279e-02,  9.595105534016735e-03,  3.644264669642606e-02, -1.891300480076337e-02,  3.237427687041716e-16,  5.551115123125781e-17,  3.191891195797325e-16, -4.540638698369293e-16,  4.163336342344337e-17,  2.220446049250313e-16, -3.443426099813961e-16,  1.387778780781445e-17,  2.636779683484746e-16,  5.470884162361854e-16,  4.163336342344336e-17,  3.053113317719180e-16, -7.906002241764298e-16, -2.775557561562891e-17,  1.804112415015879e-16,  3.228754069661832e-16,  1.387778780781446e-17,  3.053113317719180e-16,  1.387778780781445e-16,  7.355227538141660e-16
  3.016666666666667e+00,  4.681540404390774e-01,  4.689096948872853e-01,  1.050262088303269e+00,  1.579920835352957e+00, -1.862367308551273e-01,  1.133052359623634e-01,  6.797112482083539e-04, -8.881785035069406e-15, -1.342604380452599e-03,  2.177909278735391e-03,  5.172223945956814e-03, -4.301930482360794e-03,  3.845942524062979e-03,  1.140045472996955e-02, -7.596724776022601e-03,  5.533563722401255e-03,  1.786502586340141e-02, -1.093021031038533e-02,  7.138130545983664e-03,  2.424232099734669e-02, -1.409964211213944e-02,  8.735225498642628e-03,  3.007488359918538e-02, -1.725431504877058e-02,  9.565831424114804e-03,  3.639532922886258e-02, -1.889497519219511e-02,  2.103352214621878e-16,  2.775557561562891e-17,  3.330669073875469e-16, -3.445594504158933e-16,  1.387778780781446e-17,  2.498001805406602e-16, -1.366094737331736e-17, -2.775557561562891e-17,  2.636779683484747e-16, -9.974659986866641e-18,  4.163336342344337e-17,  2.914335439641036e-16, -7.901665433074356e-16,  1.387778780781446e-17,  2.081668171172169e-16, -9.107298248878237e-18,  4.163336342344337e-17,  2.498001805406602e-16,  4.163336342344336e-17,  7.077671781985371e-16
  3.025000000000000e+00,  4.681295084674881e-01,  4.688619797791180e-01,  1.050261257501634e+00,  1.579827590833275e+00, -1.862969498407723e-01,  1.134040073343872e-01,  6.782693302984348e-04, -8.229528944733132e-15, -1.341352710810437e-03,  2.173289130983085e-03,  5.167027028122681e-03, -4.297919922090190e-03,  3.837783863428246e-03,  1.138899984574009e-02, -7.589642578227907e-03,  5.521824995619906e-03,  1.784707554406175e-02, -1.092002040438796e-02,  7.122987941973777e-03,  2.421796293558085e-02, -1.408649744029493e-02,  8.716694867994352e-03,  3.004466512825723e-02, -1.723822937032477e-02,  9.545538772369393e-03,  3.635876013642907e-02, -1.887735997569351e-02, -2.339708288223718e-16, -2.775557561562891e-17,  2.220446049250313e-16, -4.553649124439119e-16,  1.387778780781446e-17,  2.498001805406602e-16,  9.909607856517511e-17,  0.000000000000000e+00,  2.914335439641036e-16,  3.213575239247035e-16,  1.387778780781446e-17,  3.191891195797325e-16, -3.460773334573730e-16,  0.000000000000000e+00,  2.775557561562891e-16, -3.456436525883788e-16,  0.000000000000000e+00,  2.775557561562891e-16,  9.714451465470120e-17,  7.910339050454240e-16
  3.033333333333333e+00,  4.681050459021248e-01,  4.688193976965928e-01,  1.050260774863023e+00,  1.579743648376621e+00, -1.863564678636384e-01,  1.135049684614101e-01,  6.774729808962086e-04, -6.841750032069352e-15, -1.340131012635155e-03,  2.170737493425264e-03,  5.163204372676474e-03, -4.294005395445528e-03,  3.833277958852249e-03,  1.138057406781041e-02, -7.582729965002122e-03,  5.515341874787380e-03,  1.783387197067728e-02, -1.091007449762147e-02,  7.114624911356125e-03,  2.420004607015022e-02, -1.407366752010977e-02,  8.706460681629816e-03,  3.002243756834921e-02, -1.722252886649890e-02,  9.534331448464432e-03,  3.633186130045580e-02, -1.886016655889043e-02, -1.220811646218678e-16,  2.775557561562891e-17,  2.775557561562891e-16, -1.244664094013359e-16, -2.775557561562891e-17,  2.775557561562891e-16, -1.235990476633475e-17,  1.387778780781445e-17,  3.191891195797325e-16, -2.341876692568689e-16,  0.000000000000000e+00,  2.636779683484746e-16, -1.322726650432315e-17, -2.775557561562891e-17,  2.914335439641035e-16, -1.233822072288504e-16,  0.000000000000000e+00,  2.775557561562891e-16,  5.551115123125783e-17,  8.604228440844964e-16
  3.041666666666667e+00,  4.680798199705986e-01,  4.687824960039360e-01,  1.050260580179169e+00,  1.579671648734202e+00, -1.864114269822217e-01,  1.136083656195201e-01,  6.773195502076718e-04, -4.982126290388267e-15, -1.338926656611703e-03,  2.170245875673165e-03,  5.160576667423220e-03, -4.290146435974696e-03,  3.832409817263626e-03,  1.137478216183138e-02, -7.575915477148247e-03,  5.514092787791639e-03,  1.782479579322775e-02, -1.090026977419142e-02,  7.113013626750444e-03,  2.418772996107398e-02, -1.406101972217664e-02,  8.704488886033812e-03,  3.000715827446853e-02, -1.720705123320321e-02,  9.532172160843316e-03,  3.631337095686481e-02, -1.884321720469576e-02,  1.003971211721577e-16,  1.387778780781445e-17,  2.775557561562891e-16, -1.231653667943533e-16, -4.163336342344336e-17,  2.220446049250313e-16, -1.225148454908620e-16,  1.387778780781445e-17,  2.775557561562891e-16,  9.996344030316348e-17,  2.775557561562891e-17,  3.191891195797325e-16, -1.231653667943533e-16,  0.000000000000000e+00,  2.498001805406602e-16, -1.225148454908620e-16,  0.000000000000000e+00,  2.636779683484746e-16, -2.775557561562891e-17,  7.771561172376094e-16
  3.050000000000000e+00,  4.680530161887959e-01,  4.687516805942875e-01,  1.050260597734415e+00,  1.579613875135816e+00, -1.864582461961646e-01,  1.137138769512425e-01,  6.777976434507133e-04, -2.706168876102643e-15, -1.337716791162879e-03,  2.171777766923997e-03,  5.158968641209972e-03, -4.286269823377870e-03,  3.835114964701585e-03,  1.137123780059371e-02, -7.569069815861415e-03,  5.517984969132189e-03,  1.781924161958223e-02, -1.089042019825110e-02,  7.118034423458110e-03,  2.418019310882094e-02, -1.404831406585597e-02,  8.710633042565087e-03,  2.999780809903543e-02, -1.719150279620642e-02,  9.538900546461814e-03,  3.630205577713547e-02, -1.882619031429193e-02, -2.328866266498863e-16,  1.387778780781445e-17,  2.498001805406602e-16, -1.225148454908620e-16, -1.387778780781446e-17,  2.359223927328458e-16,  5.447031714567173e-16,  2.775557561562891e-17,  3.330669073875469e-16, -3.456436525883787e-16, -4.163336342344336e-17,  2.081668171172168e-16,  5.440526501532260e-16, -2.775557561562891e-17,  2.775557561562891e-16, -1.225148454908620e-16,  0.000000000000000e+00,  2.636779683484747e-16, -5.551115123125781e-17,  8.187894806610529e-16
  3.058333333333334e+00,  4.680238945278593e-01,  4.687272255946062e-01,  1.050260736019930e+00,  1.579572268858571e+00, -1.864938114690890e-01,  1.138205175516502e-01,  6.788871022286877e-04, -6.245005098214619e-16, -1.336468822792738e-03,  2.175268576274011e-03,  5.158229258108383e-03, -4.282271122606029e-03,  3.841279340903716e-03,  1.136960807541448e-02, -7.562008560606125e-03,  5.526854308262290e-03,  1.781668776684578e-02, -1.088026042449723e-02,  7.129475603814563e-03,  2.417672760486164e-02, -1.403520826369830e-02,  8.724634088040114e-03,  2.999350881481151e-02, -1.717546468420349e-02,  9.554232908608329e-03,  3.629685296847699e-02, -1.880862718718016e-02, -2.341876692568689e-16, -1.387778780781445e-17,  2.220446049250313e-16, -1.084202172485504e-17,  0.000000000000000e+00,  2.359223927328458e-16, -8.023096076392733e-18, -1.387778780781446e-17,  2.081668171172169e-16,  2.094678597241994e-16, -4.163336342344336e-17,  2.914335439641035e-16, -1.105886215935214e-17,  0.000000000000000e+00,  2.359223927328457e-16, -1.240327285323417e-16, -4.163336342344336e-17,  2.498001805406602e-16, -6.938893903907228e-17,  6.661338147750938e-16
  3.066666666666667e+00,  4.679918704908398e-01,  4.687092910072971e-01,  1.050260890716144e+00,  1.579548378319648e+00, -1.865158569943566e-01,  1.139265883322351e-01,  6.805630520300136e-04,  1.096345339406647e-15, -1.335143256097842e-03,  2.180638601610412e-03,  5.158260066463963e-03, -4.278023783736840e-03,  3.850762200909946e-03,  1.136967598222794e-02, -7.554508238471491e-03,  5.540498300543281e-03,  1.781679417987739e-02, -1.086946891884909e-02,  7.147075942935934e-03,  2.417687200425080e-02, -1.402128754642299e-02,  8.746172350768022e-03,  2.999368795585936e-02, -1.715842932687578e-02,  9.577819178984861e-03,  3.629706975726045e-02, -1.878997198972999e-02, -9.974659986866641e-18, -2.775557561562891e-17,  1.942890293094024e-16,  2.109857427656792e-16, -4.163336342344337e-17,  2.220446049250313e-16,  2.133709875451473e-16,  1.387778780781446e-17,  2.081668171172169e-16, -3.423910460709223e-16,  0.000000000000000e+00,  1.942890293094024e-16, -8.023096076392733e-18,  0.000000000000000e+00,  1.942890293094024e-16, -2.307182223049153e-16, -4.163336342344336e-17,  1.387778780781445e-16, -1.110223024625156e-16,  6.383782391594649e-16
  3.075000000000000e+00,  4.679565802320235e-01,  4.686979270061676e-01,  1.050260869078287e+00,  1.579543330509730e+00, -1.865225012532402e-01,  1.140286118335335e-01,  6.828036514622281e-04, -7.810419708792436e-14, -1.333656739666397e-03,  2.187817859161022e-03,  5.159023756176323e-03, -4.273260734806585e-03,  3.863439961145201e-03,  1.137135928338752e-02, -7.546097230441372e-03,  5.558739133160172e-03,  1.781943198864000e-02, -1.085736711321662e-02,  7.170606067585794e-03,  2.418045143413501e-02, -1.400567658163473e-02,  8.774967137199973e-03,  2.999812857593513e-02, -1.713932554379120e-02,  9.609351973574076e-03,  3.630244360459058e-02, -1.876905168617003e-02,  3.454268121538817e-16,  4.163336342344337e-17, -1.804112415015879e-16, -1.207150698845361e-15,  1.665334536937735e-16, -2.775557561562891e-16, -3.198396408832238e-16,  8.326672684688674e-17, -2.081668171172169e-16, -1.652324110867908e-15,  1.110223024625156e-16, -3.469446951953613e-16,  4.560154337474031e-16,  8.326672684688673e-17, -1.249000902703301e-16, -1.095911555948348e-15,  1.249000902703301e-16, -2.775557561562891e-16,  8.881784197001250e-16, -7.632783294297951e-16
  3.083333333333333e+00,  4.679179797114975e-01,  4.686930744831017e-01,  1.050260757773474e+00,  1.579557365155014e+00, -1.865164278950975e-01,  1.141262252623552e-01,  6.855757862175083e-04, -5.351275479130608e-14, -1.332067354332133e-03,  2.196700245682668e-03,  5.160586255923991e-03, -4.268168076581941e-03,  3.879125255479631e-03,  1.137480329656870e-02, -7.537104169508957e-03,  5.581307222816208e-03,  1.782482891233673e-02, -1.084442784658652e-02,  7.199718223542572e-03,  2.418777490274986e-02, -1.398898531736654e-02,  8.810592886156716e-03,  3.000721402883473e-02, -1.711889975354568e-02,  9.648365266148403e-03,  3.631343842845216e-02, -1.874668366983399e-02, -5.347285114698508e-16,  1.665334536937735e-16, -3.053113317719180e-16, -1.425725856818438e-15,  1.249000902703301e-16, -4.024558464266192e-16, -7.595920420433444e-16,  1.387778780781446e-16, -3.330669073875470e-16, -4.252240920488148e-16,  1.665334536937735e-16, -2.775557561562891e-16, -1.091357906823909e-15,  1.249000902703301e-16, -3.885780586188048e-16, -4.252240920488148e-16,  1.665334536937735e-16, -2.775557561562891e-16,  1.235123114895487e-15, -9.992007221626407e-16
  3.091666666666667e+00,  4.678762368206047e-01,  4.686945293045571e-01,  1.050260363144973e+00,  1.579590494489174e+00, -1.864983876331175e-01,  1.142149390607910e-01,  6.888493812157410e-04, -1.224020999105003e-14, -1.330292761093954e-03,  2.207189395340208e-03,  5.163060794734666e-03, -4.262481981044797e-03,  3.897647912596090e-03,  1.138025759779014e-02, -7.527063165108780e-03,  5.607957726016683e-03,  1.783337604789539e-02, -1.082998079299881e-02,  7.234096570025512e-03,  2.419937311732220e-02, -1.397034905332744e-02,  8.852663090206951e-03,  3.002160270691357e-02, -1.709609378665206e-02,  9.694435797367397e-03,  3.633085098706414e-02, -1.872170915310823e-02, -1.083551651182013e-15,  1.942890293094024e-16, -4.857225732735061e-16, -7.522194672704430e-16,  1.665334536937735e-16, -4.302114220422482e-16, -1.306029936976038e-15,  1.942890293094023e-16, -5.273559366969493e-16, -6.392456008974533e-16,  2.081668171172168e-16, -4.163336342344336e-16, -7.530868290084312e-16,  1.526556658859590e-16, -4.579669976578770e-16, -8.645428123399412e-16,  1.387778780781446e-16, -4.440892098500626e-16,  1.623701173514292e-15, -1.318389841742374e-15
  3.100000000000000e+00,  4.678317900507765e-01,  4.687019577906557e-01,  1.050259621452894e+00,  1.579641961847490e+00, -1.864715618233563e-01,  1.142916011174286e-01,  6.925905600044310e-04,  3.759493068662970e-14, -1.328308746550564e-03,  2.219176762233803e-03,  5.166638852638689e-03, -4.256124864385532e-03,  3.918816252658081e-03,  1.138814424137392e-02, -7.515837212971392e-03,  5.638414852717979e-03,  1.784573477344980e-02, -1.081382882994383e-02,  7.273385346191627e-03,  2.421614354876741e-02, -1.394951350741839e-02,  8.900742390097157e-03,  3.004240800741682e-02, -1.707059646759361e-02,  9.747086811006308e-03,  3.635602866584758e-02, -1.869378737175238e-02, -2.992397996059992e-16,  2.636779683484746e-16, -4.718447854656914e-16, -1.190237144954587e-15,  1.942890293094023e-16, -6.106226635438360e-16, -1.897353801849632e-16,  2.220446049250313e-16, -4.718447854656914e-16, -8.528334288770976e-16,  2.636779683484746e-16, -5.828670879282071e-16, -1.301259447417102e-15,  1.804112415015879e-16, -6.106226635438360e-16, -1.301476287851599e-15,  2.359223927328457e-16, -5.689893001203926e-16,  1.873501354054951e-15, -1.595945597898663e-15
  3.108333333333333e+00,  4.677852855813786e-01,  4.687149142140802e-01,  1.050258503243220e+00,  1.579710348691995e+00, -1.864401561565376e-01,  1.143535481953691e-01,  6.967617583998225e-04,  8.966439541003382e-14, -1.326105657528584e-03,  2.232541984369099e-03,  5.171551128138575e-03, -4.249065796214813e-03,  3.942417729917884e-03,  1.139897172577469e-02, -7.503371693514963e-03,  5.672372790906562e-03,  1.786270192897623e-02, -1.079589337046201e-02,  7.317190063742981e-03,  2.423916748578291e-02, -1.392637730483236e-02,  8.954348034193118e-03,  3.007097137086562e-02, -1.704228373982905e-02,  9.805789652056951e-03,  3.639059481837455e-02, -1.866278247307485e-02, -5.186823193170653e-16,  2.636779683484747e-16, -5.828670879282072e-16, -7.370406368556459e-16,  2.775557561562891e-16, -6.661338147750939e-16, -1.185466655395650e-15,  2.359223927328457e-16, -6.938893903907226e-16, -1.183515091485176e-15,  2.636779683484746e-16, -6.522560269672794e-16, -1.070974905981181e-15,  2.498001805406602e-16, -6.800116025829082e-16, -1.294971074816686e-15,  2.498001805406602e-16, -6.938893903907226e-16,  2.137179322403426e-15, -1.956768080901838e-15
  3.116666666666667e+00,  4.677374616916174e-01,  4.687328479487663e-01,  1.050257002270765e+00,  1.579793746805545e+00, -1.864087082069595e-01,  1.143989287647533e-01,  7.013108569047623e-04,  1.376815457145383e-13, -1.323692112845126e-03,  2.247118062064402e-03,  5.178018073965359e-03, -4.241332392676952e-03,  3.968157441737201e-03,  1.141322596603528e-02, -7.489715373741867e-03,  5.709407232993003e-03,  1.788503896522907e-02, -1.077624458079367e-02,  7.364963378670623e-03,  2.426947819491795e-02, -1.390103095790843e-02,  9.012810214994107e-03,  3.010857466178054e-02, -1.701126636705409e-02,  9.869810823081471e-03,  3.643610070190655e-02, -1.862881575296014e-02, -1.176793038015767e-15,  3.053113317719180e-16, -7.632783294297951e-16, -1.067288618594731e-15,  2.775557561562891e-16, -7.632783294297951e-16, -1.179828804098726e-15,  2.636779683484747e-16, -7.632783294297951e-16, -1.512678871051775e-15,  2.775557561562891e-16, -7.910339050454238e-16, -1.290634266126744e-15,  2.775557561562891e-16, -7.494005416219805e-16, -7.342217112071834e-16,  2.914335439641035e-16, -7.216449660063516e-16,  2.345346139520643e-15, -2.164934898019055e-15
  3.125000000000000e+00,  4.676889946061351e-01,  4.687551018480940e-01,  1.050255136105369e+00,  1.579890042641957e+00, -1.863812703473716e-01,  1.144270554783028e-01,  7.061599480345009e-04,  1.761785326926165e-13, -1.321098001771897e-03,  2.262655366598692e-03,  5.186207260501269e-03, -4.233020424032645e-03,  3.995594571888634e-03,  1.143127631557356e-02, -7.475037373149507e-03,  5.748883930113368e-03,  1.791332467564503e-02, -1.075512579102308e-02,  7.415887129036324e-03,  2.430786108204964e-02, -1.387378835513032e-02,  9.075127713913247e-03,  3.015619225016093e-02, -1.697792846758654e-02,  9.938053902677586e-03,  3.649372545707315e-02, -1.859230785437128e-02, -1.284996414829820e-15,  3.191891195797325e-16, -8.326672684688672e-16, -1.729085624679882e-15,  2.636779683484746e-16, -9.159339953157539e-16, -1.064686533380765e-15,  2.914335439641035e-16, -7.771561172376094e-16, -1.175925676277778e-15,  2.775557561562891e-16, -8.326672684688674e-16, -7.288007003447559e-16,  3.191891195797325e-16, -7.771561172376094e-16, -1.509643104968816e-15,  2.775557561562891e-16, -8.326672684688672e-16,  2.498001805406602e-15, -2.428612866367530e-15
  3.133333333333333e+00,  4.676403774122212e-01,  4.687809292106968e-01,  1.050252846934737e+00,  1.579997330847414e+00, -1.863595292823121e-01,  1.144374936005432e-01,  7.111910464633161e-04, -1.071365318927495e-14, -1.318339226869383e-03,  2.278775852424175e-03,  5.196237216982760e-03, -4.224180844882272e-03,  4.024061534247981e-03,  1.145338403312970e-02, -7.459427671901380e-03,  5.789842355493471e-03,  1.794796846457259e-02, -1.073266646520252e-02,  7.468722264252185e-03,  2.435487169708978e-02, -1.384481650133742e-02,  9.139784253687821e-03,  3.021451334809060e-02, -1.694247441222760e-02,  1.000885843612507e-02,  3.656430313911123e-02, -1.855348258151583e-02,  1.951563910473908e-18, -4.163336342344337e-17, -9.714451465470120e-17,  1.129738663729895e-16, -5.551115123125781e-17, -8.326672684688673e-17,  1.001369126507612e-15, -1.387778780781446e-17,  4.163336342344337e-17, -6.654832934716027e-16, -2.775557561562892e-17, -1.110223024625157e-16,  4.469081354985249e-16, -4.163336342344337e-17, -6.938893903907228e-17,  8.673617379884035e-19,  0.000000000000000e+00, -2.775557561562891e-17, -2.775557561562891e-16, -1.110223024625157e-16
  3.141666666666667e+00,  4.675919878702245e-01,  4.688094484403730e-01,  1.050250373045990e+00,  1.580113035718149e+00, -1.863474335031890e-01,  1.144338638953656e-01,  7.163286209337131e-04, -1.125488696433476e-14, -1.315517446219857e-03,  2.295237506015308e-03,  5.208067204970850e-03, -4.215139384592726e-03,  4.053130960682927e-03,  1.147945932374478e-02, -7.443461471221112e-03,  5.831667609651330e-03,  1.798882961899836e-02, -1.070969420591470e-02,  7.522675582452840e-03,  2.441031909635432e-02, -1.381518297871841e-02,  9.205809160049072e-03,  3.028330107179694e-02, -1.690621064530303e-02,  1.008116144926758e-02,  3.664754708062012e-02, -1.851377060370144e-02,  3.328500669530498e-16, -6.938893903907227e-17, -4.163336342344336e-17, -8.836247705756861e-16,  2.775557561562891e-17, -1.804112415015879e-16,  4.458239333260393e-16, -4.163336342344336e-17, -4.163336342344336e-17,  1.112825109839122e-15, -5.551115123125781e-17,  1.387778780781445e-17,  3.358858330360092e-16, -4.163336342344336e-17, -8.326672684688673e-17,  3.352353117325180e-16, -2.775557561562891e-17, -5.551115123125783e-17, -2.081668171172169e-16, -1.387778780781446e-16
  3.150000000000000e+00,  4.675439827574501e-01,  4.688397598667640e-01,  1.050247690294235e+00,  1.580235220092899e+00, -1.863441451307212e-01,  1.144179077523670e-01,  7.214474896144171e-04, -1.144917601172814e-14, -1.312653513696562e-03,  2.311639223104314e-03,  5.221684613358338e-03, -4.205962862602264e-03,  4.082094546005837e-03,  1.150947439066496e-02, -7.427256766787188e-03,  5.873340579023693e-03,  1.803586458028038e-02, -1.068637878608547e-02,  7.576432457866758e-03,  2.447414417213208e-02, -1.378510678933583e-02,  9.271593671247347e-03,  3.036248209266306e-02, -1.686940516875661e-02,  1.015320120880674e-02,  3.674336854285797e-02, -1.847346540675130e-02, -7.773729576721065e-16, -4.163336342344336e-17, -1.526556658859590e-16,  1.335086555198650e-15, -2.775557561562891e-17,  4.163336342344336e-17, -2.183583175385806e-16, -1.387778780781446e-17, -1.526556658859590e-16,  1.121065046350011e-16, -4.163336342344336e-17, -6.938893903907227e-17,  6.696032617270475e-16, -2.775557561562891e-17, -4.163336342344337e-17, -1.095044194210359e-16, -4.163336342344336e-17, -1.110223024625156e-16, -2.359223927328457e-16, -2.081668171172169e-16
  3.158333333333334e+00,  4.674964139282574e-01,  4.688709287620004e-01,  1.050244961537347e+00,  1.580361477980276e+00, -1.863501082531257e-01,  1.143940493738842e-01,  7.264620520025157e-04,  2.052386230742232e-13, -1.309819311976823e-03,  2.327706725928365e-03,  5.236983038129041e-03, -4.196881603011638e-03,  4.110467946821352e-03,  1.154319470118335e-02, -7.411220284956444e-03,  5.914164387710827e-03,  1.808870582497329e-02, -1.066330540580653e-02,  7.629093941554692e-03,  2.454584820568474e-02, -1.375534282358421e-02,  9.336037706138767e-03,  3.045143770303643e-02, -1.683298177311035e-02,  1.022377302960162e-02,  3.685101879201085e-02, -1.843357862126328e-02, -2.170139068446985e-15,  3.191891195797325e-16, -9.992007221626407e-16, -7.259817746962938e-16,  3.053113317719180e-16, -8.326672684688674e-16, -1.061867607732303e-15,  2.775557561562891e-16, -8.881784197001252e-16, -1.394934515119850e-15,  2.914335439641035e-16, -9.020562075079395e-16, -1.062301288601297e-15,  2.498001805406602e-16, -8.743006318923108e-16, -1.282611170050352e-15,  3.330669073875471e-16, -8.743006318923110e-16,  2.428612866367530e-15, -2.609024107869117e-15
  3.166666666666667e+00,  4.674491431007422e-01,  4.689020888144376e-01,  1.050242035670370e+00,  1.580490061986402e+00, -1.863612042121734e-01,  1.143637370956788e-01,  7.312498385134449e-04,  1.946082366163851e-13, -1.306992554151503e-03,  2.343047599961225e-03,  5.253866820031539e-03, -4.187824195021975e-03,  4.137558202756192e-03,  1.158040940676080e-02, -7.395225922440308e-03,  5.953142000224497e-03,  1.814702294420087e-02, -1.064029262711823e-02,  7.679373887798974e-03,  2.462498284197934e-02, -1.372565703216935e-02,  9.397567355363958e-03,  3.054961167637797e-02, -1.679665404270732e-02,  1.029115334538233e-02,  3.696982470759282e-02, -1.839379659792725e-02, -1.173974112367304e-15,  2.775557561562891e-16, -8.604228440844963e-16, -1.284996414829820e-15,  2.775557561562891e-16, -8.743006318923106e-16, -1.061650767297806e-15,  2.775557561562891e-16, -8.881784197001250e-16, -1.615027556134407e-15,  2.636779683484746e-16, -9.992007221626407e-16, -1.504438934540886e-15,  2.775557561562891e-16, -9.298117831235684e-16, -3.955169525227120e-16,  2.636779683484747e-16, -7.771561172376096e-16,  2.275957200481571e-15, -2.581268532253489e-15
  3.175000000000000e+00,  4.674020084095896e-01,  4.689324122997615e-01,  1.050239051108598e+00,  1.580618525669614e+00, -1.863764486559117e-01,  1.143320258465762e-01,  7.357604363380825e-04,  1.752764763893125e-13, -1.304243024088360e-03,  2.357500314743380e-03,  5.272027274851539e-03, -4.179014237784696e-03,  4.163080069463822e-03,  1.162043811498152e-02, -7.379668530086985e-03,  5.989863005492846e-03,  1.820974973227407e-02, -1.061790856355797e-02,  7.726742878660933e-03,  2.471010127076751e-02, -1.369678226433554e-02,  9.455534748121143e-03,  3.065520910817164e-02, -1.676131879539686e-02,  1.035463268061208e-02,  3.709761417298559e-02, -1.835510142987103e-02, -1.837722682362930e-15,  2.775557561562891e-16, -1.013078509970455e-15, -1.398187121637307e-15,  2.359223927328458e-16, -8.743006318923108e-16, -2.855788522326818e-16,  2.359223927328457e-16, -7.910339050454238e-16, -1.063385490773783e-15,  2.914335439641036e-16, -8.187894806610529e-16, -1.729085624679882e-15,  2.220446049250313e-16, -9.714451465470118e-16, -8.387388006347860e-16,  2.775557561562891e-16, -8.465450562766817e-16,  2.123301534595611e-15, -2.470246229790973e-15
  3.183333333333334e+00,  4.673547737636560e-01,  4.689611438842368e-01,  1.050236043262474e+00,  1.580744625239085e+00, -1.863934626938154e-01,  1.143028757714261e-01,  7.399512582251381e-04,  1.539879478987932e-13, -1.301613765480161e-03,  2.370928413584207e-03,  5.291095674304743e-03, -4.170589650537996e-03,  4.186792579802460e-03,  1.166246808645205e-02, -7.364791657739143e-03,  6.023980698648536e-03,  1.827561258996627e-02, -1.059650363600641e-02,  7.770753675297740e-03,  2.479947525490512e-02, -1.366917055246449e-02,  9.509392579752696e-03,  3.076608595738508e-02, -1.672752920189289e-02,  1.041361168909277e-02,  3.723179256203411e-02, -1.831809888712091e-02, -1.175708835843281e-15,  2.359223927328457e-16, -8.881784197001250e-16, -2.866630544051673e-16,  2.498001805406602e-16, -7.494005416219805e-16, -1.619581205258846e-15,  2.220446049250312e-16, -9.020562075079393e-16, -7.324869877312068e-16,  2.359223927328458e-16, -8.049116928532385e-16, -1.397536600333815e-15,  2.359223927328458e-16, -9.020562075079397e-16, -3.979021973021800e-16,  2.359223927328457e-16, -7.632783294297949e-16,  1.929012505286209e-15, -2.442490654175344e-15
  3.191666666666667e+00,  4.673071669943004e-01,  4.689875798352231e-01,  1.050233031061727e+00,  1.580866141158125e+00, -1.864097964738365e-01,  1.142797776544505e-01,  7.437993809734445e-04,  1.324912525726159e-13, -1.299141987163588e-03,  2.383258446686852e-03,  5.310679242613130e-03, -4.162669656659543e-03,  4.208566029705934e-03,  1.170563357704777e-02, -7.350805840454692e-03,  6.055308460751263e-03,  1.834325485725334e-02, -1.057638076348848e-02,  7.811165544901708e-03,  2.489126384615884e-02, -1.364321265297389e-02,  9.558846255565282e-03,  3.087995835425870e-02, -1.669576344698035e-02,  1.046776776401728e-02,  3.736959603388566e-02, -1.828331262359077e-02, -7.350890729451718e-16,  1.804112415015879e-16, -7.632783294297949e-16, -9.564831565667118e-16,  1.942890293094023e-16, -8.326672684688672e-16, -6.223320470066794e-16,  2.081668171172168e-16, -7.771561172376094e-16, -8.439429710627167e-16,  1.942890293094024e-16, -8.187894806610529e-16, -9.556157948287236e-16,  2.498001805406602e-16, -7.910339050454240e-16, -7.327038281657037e-16,  1.942890293094023e-16, -8.187894806610528e-16,  1.790234627208065e-15, -2.317590563905014e-15
  3.200000000000000e+00,  4.672588943909999e-01,  4.690110808108526e-01,  1.050230019194508e+00,  1.580980937461423e+00, -1.864231365264798e-01,  1.142655809992584e-01,  7.472946537538755e-04,  1.125488696273286e-13, -1.296860679645377e-03,  2.394457889097652e-03,  5.330377986825195e-03, -4.155359963286504e-03,  4.228342983769560e-03,  1.174905293477682e-02, -7.337897745134308e-03,  6.083763653418224e-03,  1.841129494576783e-02, -1.055780852338971e-02,  7.847871886451771e-03,  2.498359226925748e-02, -1.361925502260164e-02,  9.603765323474634e-03,  3.099450046340580e-02, -1.666644550409516e-02,  1.051695804901599e-02,  3.750820996269302e-02, -1.825120692705508e-02, -1.512245190182781e-15,  2.081668171172168e-16, -8.604228440844961e-16,  4.206704429243756e-17,  1.942890293094023e-16, -6.661338147750938e-16, -1.068589661201713e-15,  1.665334536937735e-16, -8.049116928532383e-16, -7.361732751176573e-16,  2.081668171172168e-16, -7.355227538141660e-16, -8.448103328007049e-16,  2.081668171172168e-16, -8.049116928532383e-16, -2.927345865710862e-16,  1.665334536937735e-16, -6.938893903907228e-16,  1.568190022283033e-15, -2.262079412673756e-15
  3.208333333333333e+00,  4.672096610002872e-01,  4.690311059455788e-01,  1.050226999835591e+00,  1.581087057268705e+00, -1.864314174234898e-01,  1.142624136450984e-01,  7.504362796217295e-04,  9.511836651118550e-14, -1.294805089183906e-03,  2.404524187273609e-03,  5.349756834892652e-03, -4.148773505364801e-03,  4.246118932727999e-03,  1.179176718739617e-02, -7.326266802173822e-03,  6.109339788692286e-03,  1.847823010282725e-02, -1.054107385728457e-02,  7.880864330671606e-03,  2.507442133247666e-02, -1.359766780733717e-02,  9.644139541662471e-03,  3.110718247533419e-02, -1.664002833618815e-02,  1.056117132839749e-02,  3.764457288193129e-02, -1.822227783132942e-02, -5.143455106271232e-16,  2.081668171172168e-16, -6.661338147750938e-16, -6.281867387381012e-16,  1.249000902703301e-16, -7.632783294297949e-16, -9.590852417806770e-16,  2.081668171172168e-16, -7.494005416219805e-16, -9.601694439531625e-16,  1.526556658859590e-16, -7.494005416219805e-16, -1.070974905981181e-15,  1.804112415015879e-16, -7.771561172376094e-16, -1.814954436740734e-16,  1.387778780781445e-16, -7.355227538141660e-16,  1.443289932012703e-15, -1.970645868709652e-15
  3.216666666666667e+00,  4.671591957853511e-01,  4.690472407033984e-01,  1.050223959365650e+00,  1.581182827544714e+00, -1.864329225658837e-01,  1.142716480147859e-01,  7.532283399438040e-04,  8.014423206771243e-14, -1.293013993488504e-03,  2.413470418591808e-03,  5.368346361174400e-03, -4.143034533204946e-03,  4.261916969753777e-03,  1.183274164154675e-02, -7.316132423629955e-03,  6.132070093164211e-03,  1.854243891734991e-02, -1.052649245647339e-02,  7.910185738866701e-03,  2.516155082809153e-02, -1.357885823944967e-02,  9.680021361270257e-03,  3.121527482503223e-02, -1.661701029022640e-02,  1.060046504073132e-02,  3.777538158954618e-02, -1.819707106967187e-02, -1.853985714950212e-16,  1.249000902703301e-16, -6.522560269672794e-16, -7.389922007661196e-16,  1.665334536937735e-16, -7.216449660063516e-16, -6.294877813450838e-16,  1.387778780781445e-16, -6.800116025829082e-16, -6.281867387381012e-16,  1.387778780781445e-16, -7.216449660063516e-16, -2.938187887435717e-16,  1.665334536937735e-16, -6.938893903907226e-16, -5.202002023585449e-16,  1.249000902703301e-16, -6.661338147750938e-16,  1.276756478318930e-15, -2.053912595556539e-15
  3.225000000000000e+00,  4.671072766877308e-01,  4.690592037427735e-01,  1.050220882837724e+00,  1.581266931380285e+00, -1.864263179245498e-01,  1.142938436733451e-01,  7.556717846880332e-04,  6.789014428958964e-14, -1.291519510728257e-03,  2.421299626913430e-03,  5.385684088078945e-03, -4.138245958827525e-03,  4.275742469966154e-03,  1.187095691854264e-02, -7.307676340541470e-03,  6.151962300582129e-03,  1.860232397703955e-02, -1.051432579659652e-02,  7.935846087337307e-03,  2.524281311403138e-02, -1.356316361464101e-02,  9.711422990716380e-03,  3.131608834824968e-02, -1.659780412890615e-02,  1.063485255529250e-02,  3.789738177474675e-02, -1.817603865312522e-02, -4.091778998960293e-16,  1.249000902703301e-16, -6.522560269672794e-16, -4.080936977235439e-16,  1.665334536937735e-16, -6.106226635438361e-16, -7.413774455455879e-16,  1.249000902703301e-16, -7.216449660063518e-16, -3.003240017784847e-16,  1.249000902703301e-16, -5.828670879282071e-16, -1.516365158438226e-15,  1.526556658859590e-16, -8.187894806610526e-16,  3.679782173415801e-16,  1.110223024625156e-16, -5.689893001203926e-16,  1.096345236817342e-15, -2.026157019940911e-15
  3.233333333333333e+00,  4.670537474691958e-01,  4.690668319725320e-01,  1.050217751674068e+00,  1.581338413187748e+00, -1.864105965168097e-01,  1.143287260049201e-01,  7.577603584400414e-04,  5.780099161230133e-14, -1.290335907988966e-03,  2.427991768845496e-03,  5.401341409011623e-03, -4.134453496378444e-03,  4.287560038984425e-03,  1.190546829709504e-02, -7.300979278942191e-03,  6.168965485313261e-03,  1.865640486110027e-02, -1.050469002672533e-02,  7.957779683554989e-03,  2.531619930229297e-02, -1.355073376171507e-02,  9.738264039333091e-03,  3.140713083011700e-02, -1.658259320393072e-02,  1.066424583731104e-02,  3.800755746640238e-02, -1.815938136774770e-02,  4.761815941556335e-16,  8.326672684688674e-17, -5.412337245047638e-16, -9.642894122086074e-16,  1.249000902703301e-16, -7.077671781985371e-16, -5.210675640965333e-16,  1.249000902703301e-16, -6.522560269672794e-16, -7.589415207398530e-17,  1.249000902703301e-16, -6.245004513516505e-16, -4.113463042410004e-16,  1.110223024625157e-16, -6.245004513516506e-16, -2.996734804749934e-16,  8.326672684688674e-17, -6.383782391594650e-16,  1.013078509970455e-15, -1.804112415015879e-15
  3.241666666666667e+00,  4.669985138370909e-01,  4.690700498722366e-01,  1.050214541874853e+00,  1.581396635569846e+00, -1.863850129691084e-01,  1.143753179857755e-01,  7.594837355054154e-04,  4.911349563478916e-14, -1.289457070173504e-03,  2.433513759104487e-03,  5.414914548776699e-03, -4.131637552057338e-03,  4.297311251930808e-03,  1.193538578850919e-02, -7.296006638387420e-03,  6.182995585313427e-03,  1.870328691717714e-02, -1.049753536354602e-02,  7.975878090010605e-03,  2.537981689015457e-02, -1.354150446169638e-02,  9.760411807660701e-03,  3.148605444267361e-02, -1.657129892788435e-02,  1.068849956934219e-02,  3.810306742420340e-02, -1.814701315348690e-02, -4.126473468479829e-16,  9.714451465470117e-17, -6.106226635438360e-16, -1.884343375779806e-16,  1.110223024625156e-16, -6.245004513516505e-16,  3.100818213308542e-17,  6.938893903907227e-17, -5.828670879282071e-16, -6.323067069935461e-16,  1.110223024625156e-16, -6.661338147750938e-16, -3.005408422129818e-16,  1.110223024625156e-16, -5.967448757360215e-16, -4.130810277169771e-16,  6.938893903907227e-17, -6.383782391594649e-16,  8.187894806610528e-16, -1.776356839400250e-15
  3.250000000000000e+00,  4.669415201386542e-01,  4.690688436423842e-01,  1.050211226808658e+00,  1.581441208899372e+00, -1.863489936017465e-01,  1.144321826061549e-01,  7.608322788767747e-04,  4.139744489451535e-14, -1.288859732937211e-03,  2.437834719114586e-03,  5.426006273798951e-03, -4.129723582986547e-03,  4.304941580708549e-03,  1.195983382292766e-02, -7.292626784550067e-03,  6.193974145253842e-03,  1.874159808788111e-02, -1.049267241084845e-02,  7.990040101696521e-03,  2.543180403560736e-02, -1.353523139917809e-02,  9.777742446939701e-03,  3.155054939546255e-02, -1.656362232190240e-02,  1.070747812622853e-02,  3.818111643918947e-02, -1.813860660249047e-02,  1.411631228576127e-16,  6.938893903907228e-17, -5.551115123125783e-16, -4.139483894549656e-16,  6.938893903907228e-17, -6.383782391594650e-16, -7.979727989493313e-17,  1.110223024625157e-16, -5.689893001203927e-16, -7.450637329320384e-16,  5.551115123125781e-17, -6.938893903907226e-16,  5.867702157491549e-16,  9.714451465470117e-17, -4.718447854656914e-16, -1.189803464085593e-15,  6.938893903907228e-17, -7.355227538141662e-16,  7.077671781985373e-16, -1.734723475976807e-15
  3.258333333333334e+00,  4.668827256500540e-01,  4.690632594891723e-01,  1.050207780608874e+00,  1.581471903067939e+00, -1.863019827420682e-01,  1.144975952324643e-01,  7.617993428372853e-04,  3.393119435784622e-14, -1.288506021116833e-03,  2.440933354868397e-03,  5.434218549988456e-03, -4.128590230765985e-03,  4.310413422505196e-03,  1.197793506602249e-02, -7.290625412161699e-03,  6.201847061993436e-03,  1.876996355081965e-02, -1.048979282500784e-02,  8.000195927182319e-03,  2.547029514461334e-02, -1.353151682017157e-02,  9.790170550522521e-03,  3.159830124328062e-02, -1.655907663798115e-02,  1.072108798026143e-02,  3.823890366942720e-02, -1.813362868337351e-02,  4.744468706796566e-16,  8.326672684688673e-17, -5.134781488891348e-16, -3.022755656889586e-16,  5.551115123125783e-17, -6.245004513516506e-16, -4.132978681514743e-16,  5.551115123125783e-17, -6.522560269672795e-16,  1.420304845956011e-16,  8.326672684688673e-17, -5.412337245047637e-16, -1.916869440954371e-16,  5.551115123125781e-17, -5.967448757360215e-16, -1.927711462679226e-16,  4.163336342344336e-17, -5.828670879282071e-16,  5.967448757360216e-16, -1.790234627208065e-15
  3.266666666666667e+00,  4.668220985764447e-01,  4.690534227551204e-01,  1.050204185321759e+00,  1.581488639111115e+00, -1.862433794685728e-01,  1.145696094313901e-01,  7.623807227538615e-04,  2.563227647451018e-14, -1.288345741930199e-03,  2.442796194013893e-03,  5.439150651450872e-03, -4.128076669270994e-03,  4.313702986660411e-03,  1.198880625027464e-02, -7.289718520397809e-03,  6.206580105395859e-03,  1.878699918602245e-02, -1.048848798404176e-02,  8.006301410631510e-03,  2.549341200659090e-02, -1.352983361462490e-02,  9.797642083078206e-03,  3.162697988891448e-02, -1.655701682975621e-02,  1.072926995805646e-02,  3.827360933159424e-02, -1.813137301428210e-02,  1.428978463335894e-16,  5.551115123125780e-17, -6.106226635438358e-16,  3.057450126409121e-17,  5.551115123125780e-17, -5.828670879282069e-16, -4.119968255444917e-16,  6.938893903907228e-17, -6.661338147750939e-16,  2.927345865710862e-17,  5.551115123125783e-17, -5.689893001203927e-16, -7.871307772244761e-17,  6.938893903907227e-17, -6.245004513516505e-16, -3.024924061234557e-16,  5.551115123125781e-17, -6.245004513516505e-16,  4.718447854656914e-16, -1.901256929670581e-15
  3.275000000000000e+00,  4.667596213357845e-01,  4.690395804757262e-01,  1.050200348121792e+00,  1.581491767026043e+00, -1.861714756378441e-01,  1.146451668735359e-01,  7.625667215514688e-04, -2.900457922687950e-15, -1.288291324531024e-03,  2.443392165293069e-03,  5.440393878831931e-03, -4.127902306777837e-03,  4.314755404752727e-03,  1.199154653333365e-02, -7.289410615879739e-03,  6.208094330425827e-03,  1.879129333296716e-02, -1.048804496929962e-02,  8.008254715305325e-03,  2.549923903923145e-02, -1.352926213895767e-02,  9.800032422790697e-03,  3.163420887202140e-02, -1.655631749134896e-02,  1.073188758800180e-02,  3.828235753581601e-02, -1.813060717791053e-02,  6.711211447685270e-16,  0.000000000000000e+00, -2.775557561562891e-17, -6.633148891266315e-16,  1.387778780781445e-17, -1.526556658859590e-16,  3.376205565119861e-16,  0.000000000000000e+00, -8.326672684688674e-17, -5.507747036226363e-16,  1.387778780781446e-17, -1.110223024625157e-16,  8.931657496935584e-16, -1.387778780781445e-17,  1.387778780781445e-17, -4.399692415946176e-16, -2.775557561562891e-17, -1.804112415015879e-16,  1.387778780781445e-17, -1.526556658859590e-16
  3.283333333333333e+00,  4.666954246144983e-01,  4.690220573178360e-01,  1.050196462107132e+00,  1.581481553856203e+00, -1.860888979187688e-01,  1.147236353941638e-01,  7.623666218672020e-04, -3.039235813704100e-15, -1.288343701638136e-03,  2.442751012216913e-03,  5.437633851812327e-03, -4.128070131847465e-03,  4.313623200623539e-03,  1.198546296784658e-02, -7.289706976053319e-03,  6.206465308762457e-03,  1.878176011193899e-02, -1.048847137398292e-02,  8.006153326421446e-03,  2.548630273530124e-02, -1.352981218815686e-02,  9.797460866325018e-03,  3.161816016798311e-02, -1.655699060929752e-02,  1.072907151008154e-02,  3.826293608518101e-02, -1.813134430059007e-02,  4.119968255444915e-18,  0.000000000000000e+00, -8.326672684688670e-17,  6.505213034913024e-18,  0.000000000000000e+00, -1.249000902703301e-16,  2.263814136149733e-16,  2.775557561562891e-17, -4.163336342344336e-17,  4.119968255444916e-18,  0.000000000000000e+00, -9.714451465470117e-17,  1.157927920214518e-16,  0.000000000000000e+00, -9.714451465470117e-17,  3.903127820947816e-18,  0.000000000000000e+00, -8.326672684688674e-17,  2.775557561562891e-17, -2.498001805406602e-16
  3.291666666666667e+00,  4.666297193777119e-01,  4.690013587347355e-01,  1.050192484722310e+00,  1.581459066088305e+00, -1.859958523092718e-01,  1.148018982829865e-01,  7.617874107732211e-04, -3.164135915549687e-15, -1.288428862460527e-03,  2.440895122358375e-03,  5.430778806125500e-03, -4.128343001460207e-03,  4.310345908131438e-03,  1.197035328991379e-02, -7.290188833060559e-03,  6.201749921903154e-03,  1.875808256631120e-02, -1.048916467255355e-02,  8.000070619390634e-03,  2.545417299387743e-02, -1.353070652243238e-02,  9.790017206220277e-03,  3.157830019609879e-02, -1.655808504312957e-02,  1.072092005506248e-02,  3.821469926341546e-02, -1.813254280079409e-02,  4.987329993433320e-18, -1.387778780781446e-17, -1.249000902703301e-16, -3.280795773941136e-16,  0.000000000000000e+00, -1.526556658859590e-16, -2.133709875451473e-16,  5.551115123125783e-17, -1.387778780781446e-16,  4.488596994089988e-16,  0.000000000000000e+00, -5.551115123125783e-17,  1.166601537594403e-16,  0.000000000000000e+00, -8.326672684688674e-17,  1.183948772354171e-16,  0.000000000000000e+00, -1.526556658859590e-16,  2.775557561562891e-17, -3.053113317719180e-16
  3.300000000000000e+00,  4.665628513833232e-01,  4.689780938551987e-01,  1.050188457210258e+00,  1.581425554514987e+00, -1.858945798165409e-01,  1.148777418087165e-01,  7.608686646856524e-04, -3.344547173722508e-15, -1.288498548243957e-03,  2.437951305209328e-03,  5.420182687969927e-03, -4.128566286443309e-03,  4.305147458564565e-03,  1.194699765670714e-02, -7.290583129195598e-03,  6.194270363445321e-03,  1.872148323749803e-02, -1.048973198804895e-02,  7.990422214243099e-03,  2.540450876813628e-02, -1.353143834233536e-02,  9.778210053897453e-03,  3.151668704410918e-02, -1.655898060140401e-02,  1.070799019666938e-02,  3.814013767969057e-02, -1.813352351497098e-02, -2.170572749315979e-16, -2.775557561562891e-17, -1.665334536937735e-16,  4.534133485334379e-16,  4.163336342344336e-17, -9.714451465470117e-17,  2.278992966564530e-16, -1.387778780781445e-17, -1.110223024625156e-16, -1.051676107310939e-16,  1.387778780781446e-17, -1.249000902703301e-16, -1.043002489931055e-16,  0.000000000000000e+00, -1.526556658859590e-16,  6.288372600415924e-18, -1.387778780781445e-17, -1.526556658859590e-16,  8.326672684688674e-17, -3.608224830031759e-16
  3.308333333333334e+00,  4.664952099753569e-01,  4.689529583839311e-01,  1.050184420085841e+00,  1.581382582734345e+00, -1.857877171681920e-01,  1.149493482855992e-01,  7.596694616402833e-04, -3.386180540774114e-15, -1.288501651922752e-03,  2.434108856753578e-03,  5.406623460590193e-03, -4.128576231152513e-03,  4.298362127302827e-03,  1.191711083055105e-02, -7.290600690432312e-03,  6.184507590687148e-03,  1.867464923526801e-02, -1.048975725525474e-02,  7.977828531412386e-03,  2.534095638795434e-02, -1.353147093626986e-02,  9.762798643490375e-03,  3.143784432782774e-02, -1.655902048794929e-02,  1.069111336229584e-02,  3.804472561909486e-02, -1.813356719420588e-02,  1.177443559319258e-16, -1.387778780781446e-17, -1.387778780781446e-16, -2.153225514556211e-16,  0.000000000000000e+00, -1.804112415015879e-16,  6.288372600415924e-18, -1.387778780781445e-17, -1.526556658859590e-16,  7.860465750519907e-16,  1.387778780781446e-17, -5.551115123125783e-17,  8.239936510889834e-18,  2.775557561562891e-17, -1.387778780781446e-16, -6.561591547882272e-16,  4.163336342344336e-17, -2.636779683484746e-16,  8.326672684688673e-17, -3.469446951953614e-16
  3.316666666666667e+00,  4.664271266330419e-01,  4.689266928339320e-01,  1.050180403182145e+00,  1.581332032820300e+00, -1.856775496712735e-01,  1.150154346307183e-01,  7.582495272116492e-04, -3.372302751327188e-15, -1.288384164290078e-03,  2.429559147775556e-03,  5.391085647765038e-03, -4.128199780996980e-03,  4.290327853609163e-03,  1.188286286805634e-02, -7.289935921850797e-03,  6.172947832533451e-03,  1.862098113603692e-02, -1.048880078248299e-02,  7.962916791544906e-03,  2.526813033671819e-02, -1.353023711520034e-02,  9.744550530839865e-03,  3.134749674872687e-02, -1.655751061008994e-02,  1.067113009232117e-02,  3.793539086886789e-02, -1.813191374667030e-02,  2.300677010014240e-16,  0.000000000000000e+00, -1.526556658859590e-16, -5.466547353671912e-16,  4.163336342344336e-17, -2.081668171172168e-16,  7.806255641895630e-18,  1.387778780781445e-17, -1.665334536937735e-16,  3.410900034639396e-16,  1.387778780781445e-17, -9.714451465470117e-17, -3.254774921801484e-16,  1.387778780781445e-17, -1.942890293094023e-16, -1.019150042136374e-16,  1.387778780781445e-17, -2.081668171172168e-16,  8.326672684688673e-17, -4.579669976578770e-16
  3.325000000000000e+00,  4.663588034245825e-01,  4.689000518457052e-01,  1.050176423019306e+00,  1.581276103740661e+00, -1.855655504202817e-01,  1.150753646571706e-01,  7.566630861357183e-04, -3.136380336213581e-15, -1.288094193210672e-03,  2.424475923474278e-03,  5.374560980702026e-03, -4.127270664837285e-03,  4.281351451935251e-03,  1.184643971222473e-02, -7.288295207343773e-03,  6.160032535346743e-03,  1.856390441090935e-02, -1.048644011322755e-02,  7.946256447148203e-03,  2.519067887918394e-02, -1.352719192295758e-02,  9.724162578525292e-03,  3.125141091725197e-02, -1.655378408242890e-02,  1.064880351186138e-02,  3.781911193268384e-02, -1.812783287487019e-02,  7.862634154864876e-16, -1.387778780781445e-17, -8.326672684688673e-17, -6.570265165262156e-16,  1.387778780781445e-17, -2.636779683484746e-16, -1.025655255171287e-16,  1.387778780781445e-17, -1.665334536937735e-16,  3.421742056364251e-16,  1.387778780781445e-17, -1.249000902703301e-16,  6.741569108514865e-16,  0.000000000000000e+00, -8.326672684688673e-17, -5.462210544981970e-16,  1.387778780781445e-17, -2.220446049250313e-16,  1.110223024625156e-16, -4.579669976578771e-16
  3.333333333333333e+00,  4.662903089608057e-01,  4.688737942318937e-01,  1.050172486282085e+00,  1.581217234989443e+00, -1.854523625630482e-01,  1.151291486627851e-01,  7.549571945611317e-04, -2.955969077457897e-15, -1.287588859733575e-03,  2.419009959657296e-03,  5.357935988396232e-03, -4.125651491295971e-03,  4.271699175375825e-03,  1.180979542262166e-02, -7.285435929210944e-03,  6.146144785578767e-03,  1.850648115920524e-02, -1.048232616777729e-02,  7.928341668209871e-03,  2.511275719515422e-02, -1.352188505722733e-02,  9.702239522792576e-03,  3.115474172549926e-02, -1.654728985140485e-02,  1.062479585968666e-02,  3.770212703900866e-02, -1.812072112724375e-02,  1.084202172485504e-17,  2.775557561562891e-17, -1.804112415015879e-16,  7.860465750519907e-16,  0.000000000000000e+00, -8.326672684688674e-17, -4.360661137736699e-16,  1.387778780781446e-17, -2.081668171172169e-16,  4.534133485334380e-16,  4.163336342344337e-17, -1.110223024625157e-16, -3.252606517456513e-16, -1.387778780781446e-17, -2.220446049250313e-16, -1.003971211721577e-16,  2.775557561562891e-17, -2.081668171172169e-16,  1.110223024625157e-16, -5.412337245047638e-16
  3.341666666666667e+00,  4.662216124737600e-01,  4.688486794237420e-01,  1.050168593870142e+00,  1.581157926293135e+00, -1.853380589849802e-01,  1.151772855614478e-01,  7.531606016694802e-04, -2.803313396860220e-15, -1.286841664302861e-03,  2.413253373553351e-03,  5.341907858660910e-03, -4.123257351335154e-03,  4.261533692586737e-03,  1.177446671888373e-02, -7.281208147652587e-03,  6.131518631800085e-03,  1.845111948978551e-02, -1.047624321190584e-02,  7.909474370335581e-03,  2.503763301838187e-02, -1.351403822735517e-02,  9.679150830253506e-03,  3.106154310511379e-02, -1.653768736123713e-02,  1.059951173386101e-02,  3.758934208137340e-02, -1.811020556560043e-02, -5.470884162361854e-16,  0.000000000000000e+00, -2.081668171172168e-16,  1.084202172485504e-17,  4.163336342344335e-17, -1.942890293094023e-16,  8.239936510889832e-18,  0.000000000000000e+00, -1.804112415015879e-16,  9.974659986866639e-18,  2.775557561562891e-17, -1.804112415015879e-16,  9.324138683375334e-18,  1.387778780781445e-17, -1.665334536937734e-16,  9.540979117872437e-18,  1.387778780781445e-17, -1.665334536937735e-16,  1.387778780781445e-16, -5.551115123125781e-16
  3.350000000000000e+00,  4.661526150247958e-01,  4.688254603053296e-01,  1.050164740759347e+00,  1.581100539492169e+00, -1.852224623435611e-01,  1.152206088298671e-01,  7.512823261716121e-04, -2.484124247155978e-15, -1.285849079495775e-03,  2.407235062626834e-03,  5.326947165781548e-03, -4.120076942496349e-03,  4.250906033237147e-03,  1.174149082617607e-02, -7.275591903800459e-03,  6.116227495788873e-03,  1.839944478118506e-02, -1.046816252868117e-02,  7.889749265408879e-03,  2.496751194031009e-02, -1.350361438936341e-02,  9.655012403755317e-03,  3.097455130011834e-02, -1.652493127967835e-02,  1.057307805807713e-02,  3.748406834448287e-02, -1.809623654718830e-02,  1.084202172485504e-17,  2.775557561562891e-17, -2.081668171172169e-16,  1.194790794079026e-16, -1.387778780781445e-17, -1.665334536937735e-16, -9.996344030316348e-17,  2.775557561562891e-17, -2.081668171172168e-16, -9.996344030316348e-17,  5.551115123125781e-17, -1.942890293094023e-16,  1.196959198423997e-16,  0.000000000000000e+00, -1.804112415015879e-16, -4.360661137736698e-16,  0.000000000000000e+00, -2.220446049250313e-16,  1.387778780781445e-16, -5.273559366969494e-16
  3.358333333333333e+00,  4.660831693543070e-01,  4.688048655302971e-01,  1.050160915882254e+00,  1.581047173259068e+00, -1.851054224160120e-01,  1.152602949407310e-01,  7.493266565683165e-04, -2.248201832054128e-15, -1.284634019351950e-03,  2.400968767954494e-03,  5.313318126284908e-03, -4.116183685222336e-03,  4.239840462518006e-03,  1.171145012232845e-02, -7.268716849888101e-03,  6.100306290436382e-03,  1.835236964568393e-02, -1.045827066246590e-02,  7.869211390009501e-03,  2.490363234928532e-02, -1.349085417986147e-02,  9.629879356423217e-03,  3.089530264795246e-02, -1.650931608369784e-02,  1.054555518600082e-02,  3.738816503775782e-02, -1.807913654989230e-02, -5.444863310222202e-16,  4.163336342344336e-17, -2.636779683484746e-16,  2.320192649118979e-16,  1.387778780781445e-17, -2.081668171172168e-16,  4.551480720094147e-16,  4.163336342344336e-17, -1.526556658859590e-16, -1.016981637791403e-16, -4.163336342344335e-17, -2.636779683484746e-16,  9.324138683375334e-18,  4.163336342344335e-17, -1.665334536937734e-16, -9.996344030316348e-17,  4.163336342344336e-17, -2.081668171172168e-16,  2.081668171172168e-16, -6.245004513516505e-16
  3.366666666666667e+00,  4.660130930369559e-01,  4.687875661966597e-01,  1.050157110980383e+00,  1.580999560587908e+00, -1.849870806893484e-01,  1.152979192465279e-01,  7.473069309568227e-04, -1.970646049777942e-15, -1.283244841913185e-03,  2.394497227049609e-03,  5.301127519456946e-03, -4.111732526819537e-03,  4.228412450064195e-03,  1.168457996691257e-02, -7.260856605409461e-03,  6.083863601880104e-03,  1.831026290232807e-02, -1.044696129852588e-02,  7.848000816981312e-03,  2.484649472203635e-02, -1.347626544098611e-02,  9.603923101188851e-03,  3.082441803715896e-02, -1.649146324071609e-02,  1.051713082969442e-02,  3.730238353377986e-02, -1.805958613457316e-02,  1.062518129035794e-17,  2.775557561562891e-17, -1.942890293094023e-16, -4.345482307321902e-16,  2.775557561562891e-17, -2.359223927328458e-16,  1.170938346284344e-17,  0.000000000000000e+00, -2.498001805406602e-16,  6.761084747619606e-16,  2.775557561562891e-17, -1.249000902703301e-16, -3.209238430557093e-16,  2.775557561562891e-17, -2.636779683484747e-16,  8.890457814381135e-18,  0.000000000000000e+00, -1.804112415015879e-16,  1.942890293094023e-16, -5.828670879282071e-16
  3.375000000000000e+00,  4.659421847484984e-01,  4.687741514224991e-01,  1.050153328975872e+00,  1.580958927988453e+00, -1.848681132549466e-01,  1.153352895397011e-01,  7.452545580062702e-04, -1.665334689474723e-15, -1.281750826025284e-03,  2.387921078571506e-03,  5.290391231938245e-03, -4.106945448374830e-03,  4.216799712418324e-03,  1.166091537676600e-02, -7.252403163965899e-03,  6.067155129678253e-03,  1.827317942407862e-02, -1.043479843945845e-02,  7.826447391054980e-03,  2.479617351957672e-02, -1.346057571910108e-02,  9.577547282684213e-03,  3.076198984364169e-02, -1.647226307930221e-02,  1.048824701513040e-02,  3.722683562189039e-02, -1.803856028842497e-02,  4.527628272299467e-16, -1.387778780781446e-17, -1.387778780781446e-16,  1.216474837528736e-16,  2.775557561562891e-17, -1.665334536937735e-16, -6.544244313122504e-16,  1.387778780781445e-17, -2.914335439641035e-16,  9.757819552369540e-18, -1.387778780781446e-17, -2.359223927328458e-16,  7.877812985279675e-16,  1.387778780781446e-17, -1.110223024625157e-16,  1.170938346284345e-17,  2.775557561562891e-17, -2.359223927328458e-16,  1.942890293094024e-16, -5.967448757360216e-16
  3.383333333333333e+00,  4.658702538540042e-01,  4.687651387426831e-01,  1.050149578856596e+00,  1.580925919445655e+00, -1.847498354465291e-01,  1.153740316808619e-01,  7.432247007716642e-04, -1.401656696571287e-15, -1.280234950376494e-03,  2.381417074238423e-03,  5.281100057767015e-03, -4.102088327575542e-03,  4.205314373203108e-03,  1.164043606039578e-02, -7.243826035612503e-03,  6.050629959055128e-03,  1.824108741325194e-02, -1.042245761896957e-02,  7.805130418644374e-03,  2.475262559337402e-02, -1.344465643234237e-02,  9.551460822125078e-03,  3.070796453757961e-02, -1.645278198985989e-02,  1.045968007267557e-02,  3.716145652260525e-02, -1.801722680165987e-02, -4.330303476907104e-16,  5.551115123125781e-17, -2.498001805406602e-16,  1.062518129035794e-17,  2.775557561562891e-17, -1.804112415015879e-16,  4.540638698369292e-16,  0.000000000000000e+00, -1.804112415015879e-16, -5.453536927602086e-16,  1.387778780781445e-17, -2.498001805406602e-16,  1.214306433183765e-17,  5.551115123125781e-17, -2.081668171172168e-16,  6.776263578034403e-16,  1.387778780781446e-17, -1.387778780781446e-16,  1.942890293094024e-16, -6.106226635438361e-16
  3.391666666666667e+00,  4.657971588963924e-01,  4.687609984257990e-01,  1.050145869089942e+00,  1.580900705751743e+00, -1.846341860217598e-01,  1.154152249160046e-01,  7.412909646895092e-04, -1.165734281977199e-15, -1.278784570963819e-03,  2.375221058258767e-03,  5.273268329157619e-03, -4.097441067743990e-03,  4.194372906737111e-03,  1.162317360842090e-02, -7.235619498094386e-03,  6.034887315601111e-03,  1.821403637377085e-02, -1.041065000665798e-02,  7.784822882713638e-03,  2.471591811881246e-02, -1.342942496807369e-02,  9.526609650724809e-03,  3.066242545636762e-02, -1.643414261723933e-02,  1.043246587925276e-02,  3.710634708725120e-02, -1.799681506799959e-02,  1.194790794079026e-16,  1.387778780781445e-17, -1.804112415015879e-16, -4.343313902976931e-16,  0.000000000000000e+00, -2.636779683484747e-16,  4.555817528784089e-16,  4.163336342344336e-17, -1.526556658859590e-16,  1.225148454908620e-16,  4.163336342344336e-17, -1.942890293094023e-16, -4.347650711666873e-16,  4.163336342344337e-17, -2.220446049250313e-16, -2.109857427656792e-16,  2.775557561562891e-17, -2.081668171172169e-16,  2.359223927328457e-16, -6.661338147750938e-16
  3.400000000000000e+00,  4.657228407354745e-01,  4.687621599090965e-01,  1.050142210417621e+00,  1.580883235127939e+00, -1.845237131335433e-01,  1.154592741509970e-01,  7.395298172548015e-04, -1.151856492620858e-15, -1.277480272790636e-03,  2.369578045356162e-03,  5.266961514582001e-03, -4.093261876799414e-03,  4.184407981432704e-03,  1.160927232440563e-02, -7.228239517519952e-03,  6.020549725056816e-03,  1.819225243581761e-02, -1.040003164912312e-02,  7.766327822721813e-03,  2.468635794797906e-02, -1.341572760664982e-02,  9.503976481072427e-03,  3.062575327893464e-02, -1.641738058970243e-02,  1.040768059059267e-02,  3.706196799707773e-02, -1.797845919043601e-02,  4.527628272299467e-16,  0.000000000000000e+00, -1.387778780781446e-16, -4.334640285597047e-16,  2.775557561562891e-17, -2.498001805406602e-16,  9.324138683375338e-18,  1.387778780781446e-17, -1.665334536937735e-16,  1.009609063018502e-15,  2.775557561562891e-17, -4.163336342344336e-17, -4.336808689942018e-16,  0.000000000000000e+00, -2.636779683484747e-16, -5.440526501532261e-16,  5.551115123125783e-17, -2.498001805406602e-16,  2.220446049250313e-16, -6.106226635438360e-16
  3.408333333333334e+00,  4.656473435602370e-01,  4.687689996821935e-01,  1.050138618101107e+00,  1.580873456501175e+00, -1.844215851515239e-01,  1.155058901017469e-01,  7.380066744439517e-04, -9.714452345361534e-16, -1.276384856296052e-03,  2.364697639342632e-03,  5.262294297524096e-03, -4.089751977921477e-03,  4.175789734013103e-03,  1.159898499010917e-02, -7.222041431363654e-03,  6.008149742222542e-03,  1.817613171979064e-02, -1.039111380792114e-02,  7.750332218317594e-03,  2.466448260474471e-02, -1.340422386008052e-02,  9.484401998574027e-03,  3.059861485429412e-02, -1.640330297936527e-02,  1.038624483031116e-02,  3.702912624404892e-02, -1.796304298310859e-02, -1.019150042136374e-16,  4.163336342344336e-17, -1.665334536937735e-16, -3.211406834902064e-16,  4.163336342344336e-17, -2.498001805406602e-16,  2.309350627394124e-16,  1.387778780781446e-17, -1.665334536937735e-16, -4.364997946426641e-16, -4.163336342344337e-17, -3.053113317719180e-16,  3.434752482434078e-16,  5.551115123125783e-17, -1.110223024625157e-16,  9.107298248878237e-18,  2.775557561562891e-17, -1.804112415015879e-16,  2.081668171172169e-16, -5.412337245047637e-16
  3.416666666666667e+00,  4.655708209845205e-01,  4.687818131370494e-01,  1.050135111263971e+00,  1.580871384305374e+00, -1.843315250611634e-01,  1.155540575415936e-01,  7.367705283406243e-04, -7.216450312498250e-16, -1.275536809938712e-03,  2.360736819101829e-03,  5.259405897585889e-03, -4.087034694610991e-03,  4.168795371506974e-03,  1.159261846903710e-02, -7.217243015040471e-03,  5.998086214129909e-03,  1.816615509461931e-02, -1.038420981954277e-02,  7.737350570164826e-03,  2.465094461427354e-02, -1.339531792300192e-02,  9.468515818957421e-03,  3.058181970140186e-02, -1.639240441591734e-02,  1.036884808237620e-02,  3.700880147315023e-02, -1.795110810853366e-02, -9.913944665207451e-16,  1.387778780781445e-17, -2.498001805406602e-16,  7.806255641895632e-18,  4.163336342344337e-17, -1.387778780781446e-16,  9.107298248878237e-18,  2.775557561562891e-17, -1.942890293094024e-16, -1.032160468206200e-16,  0.000000000000000e+00, -1.804112415015879e-16,  1.183948772354171e-16,  1.387778780781445e-17, -1.249000902703301e-16,  7.866970963554820e-16,  2.775557561562891e-17, -8.326672684688674e-17,  2.220446049250313e-16, -5.828670879282071e-16
  3.425000000000000e+00,  4.654935152865704e-01,  4.688007648770136e-01,  1.050131722731103e+00,  1.580877019466530e+00, -1.842574901558652e-01,  1.156020605292794e-01,  7.358538522767722e-04, -4.024558827646115e-16, -1.274948674084030e-03,  2.357799634651102e-03,  5.258438674000147e-03, -4.085150208311329e-03,  4.163608634532387e-03,  1.159048654497056e-02, -7.213915224453925e-03,  5.990623507813830e-03,  1.816281427361654e-02, -1.037942177574089e-02,  7.727723903771259e-03,  2.464641121724457e-02, -1.338914149070105e-02,  9.456735269245798e-03,  3.057619559519480e-02, -1.638484606032592e-02,  1.035594735615462e-02,  3.700199542197006e-02, -1.794283105198373e-02,  5.637851296924623e-16, -1.387778780781446e-17, -1.387778780781446e-16, -5.468715758016884e-16,  4.163336342344337e-17, -1.942890293094024e-16,  7.806255641895632e-18,  0.000000000000000e+00, -1.526556658859590e-16, -4.364997946426640e-16,  6.938893903907227e-17, -1.249000902703301e-16,  4.503775824504784e-16,  1.387778780781445e-17, -6.938893903907227e-17,  7.589415207398531e-18,  0.000000000000000e+00, -1.526556658859590e-16,  1.804112415015879e-16, -4.302114220422482e-16
  3.433333333333333e+00,  4.654157016435136e-01,  4.688258317654544e-01,  1.050128518181473e+00,  1.580890226566593e+00, -1.842030855573730e-01,  1.156476397051682e-01,  7.352720746181976e-04, -1.942890468379290e-16, -1.274608361431266e-03,  2.355935521075538e-03,  5.259528792289112e-03, -4.084059789275295e-03,  4.160316819878987e-03,  1.159288934970786e-02, -7.211989667232794e-03,  5.985887226385093e-03,  1.816657957682387e-02, -1.037665127318733e-02,  7.721614243371458e-03,  2.465152062428761e-02, -1.338556762584719e-02,  9.449258625189676e-03,  3.058253429609975e-02, -1.638047257413160e-02,  1.034775978084143e-02,  3.700966624488659e-02, -1.793804170433852e-02, -5.512083844916304e-16,  0.000000000000000e+00, -1.387778780781445e-16,  8.239936510889832e-18,  5.551115123125781e-17, -1.249000902703301e-16,  6.938893903907227e-18,  2.775557561562891e-17, -1.110223024625156e-16, -4.380176776841437e-16,  0.000000000000000e+00, -1.804112415015879e-16,  2.305013818704182e-16,  5.551115123125781e-17, -9.714451465470117e-17, -2.157562323246153e-16,  2.775557561562891e-17, -1.387778780781445e-16,  1.665334536937735e-16, -3.747002708109902e-16
  3.441666666666667e+00,  4.653376222477401e-01,  4.688567715185292e-01,  1.050125603440036e+00,  1.580910638227679e+00, -1.841710403478589e-01,  1.156882695357666e-01,  7.350218182996043e-04,  1.665334687134869e-16, -1.274484845550122e-03,  2.355133657693497e-03,  5.262790577255836e-03, -4.083664023596083e-03,  4.158900819444636e-03,  1.160007887441447e-02, -7.211290789612012e-03,  5.983849876998340e-03,  1.817784588574393e-02, -1.037564572413850e-02,  7.718986124020093e-03,  2.466680867812848e-02, -1.338427049785894e-02,  9.446042486871238e-03,  3.060150056751142e-02, -1.637888522497855e-02,  1.034423782974839e-02,  3.703261840993814e-02, -1.793630341900059e-02,  2.263814136149733e-16,  0.000000000000000e+00, -6.938893903907227e-17, -8.799384831892352e-16,  2.775557561562891e-17, -2.359223927328457e-16,  7.801918833205688e-16, -1.387778780781445e-17,  1.387778780781445e-17,  6.722053469410127e-18,  2.775557561562891e-17, -9.714451465470120e-17, -3.272122156561252e-16,  2.775557561562891e-17, -1.387778780781446e-16, -4.399692415946177e-16,  0.000000000000000e+00, -1.249000902703301e-16,  1.526556658859590e-16, -3.053113317719180e-16
  3.450000000000000e+00,  4.652594749386074e-01,  4.688931288472497e-01,  1.050123205324128e+00,  1.580937411389626e+00, -1.841642527938549e-01,  1.157225258767728e-01,  7.350839374974013e-04, -3.379241636020350e-14, -1.274567465595598e-03,  2.355332697922611e-03,  5.268302726319236e-03, -4.083928752153740e-03,  4.159252302022580e-03,  1.161222858154492e-02, -7.211758270441450e-03,  5.984355592090462e-03,  1.819688502389164e-02, -1.037631833818827e-02,  7.719638481251333e-03,  2.469264423539810e-02, -1.338513814972680e-02,  9.446840803386572e-03,  3.063355201079315e-02, -1.637994700643801e-02,  1.034511205578134e-02,  3.707140568648318e-02, -1.793746616197082e-02,  1.420304845956011e-16, -6.938893903907227e-17, -7.494005416219805e-16,  1.140147004585756e-15, -8.326672684688673e-17, -6.383782391594649e-16,  3.627740469136498e-16, -1.110223024625157e-16, -7.771561172376096e-16,  4.763984345901306e-16, -4.163336342344337e-17, -7.355227538141662e-16,  1.139496483282265e-15, -9.714451465470120e-17, -6.245004513516506e-16,  1.428978463335895e-16, -4.163336342344337e-17, -7.494005416219807e-16, -7.216449660063516e-16, -2.026157019940910e-15
  3.458333333333333e+00,  4.651813413377915e-01,  4.689343444639520e-01,  1.050121256775324e+00,  1.580970059763018e+00, -1.841811603560486e-01,  1.157461336199222e-01,  7.354233311942217e-04, -2.148281746518770e-14, -1.274756294465512e-03,  2.356420172463522e-03,  5.275980631919384e-03, -4.084533791650768e-03,  4.161172659597008e-03,  1.162915198161964e-02, -7.212826702059791e-03,  5.987118613358230e-03,  1.822340475376626e-02, -1.037785560360819e-02,  7.723202695472309e-03,  2.472863073825026e-02, -1.338712117582018e-02,  9.451202479701755e-03,  3.067819665865979e-02, -1.638237371746097e-02,  1.034988847059280e-02,  3.712543271711156e-02, -1.794012362152506e-02,  6.932388690872313e-16, -5.551115123125781e-17, -5.967448757360215e-16,  1.250518785744781e-15, -1.110223024625157e-16, -6.106226635438361e-16,  3.608224830031758e-16, -6.938893903907227e-17, -6.661338147750938e-16,  1.027389978647264e-15, -1.110223024625156e-16, -6.383782391594649e-16,  4.720616259001886e-16, -5.551115123125783e-17, -6.522560269672795e-16,  5.839512901006927e-16, -1.110223024625157e-16, -7.216449660063518e-16, -7.216449660063516e-16, -1.859623566247137e-15
  3.466666666666667e+00,  4.651033238058645e-01,  4.689797659535959e-01,  1.050119954279789e+00,  1.581007493685739e+00, -1.842232754427693e-01,  1.157585180057931e-01,  7.360022421168855e-04, -9.950374756827525e-15, -1.275051273813787e-03,  2.358275100534201e-03,  5.285673003546595e-03, -4.085478955152415e-03,  4.164448253681730e-03,  1.165051560489323e-02, -7.214495754367607e-03,  5.991831556543546e-03,  1.825688251331313e-02, -1.038025704545171e-02,  7.729282250241197e-03,  2.477405908519101e-02, -1.339021896347266e-02,  9.458642282250504e-03,  3.073455480384236e-02, -1.638616460829604e-02,  1.035803570126955e-02,  3.719363491785802e-02, -1.794427497658222e-02,  6.930220286527345e-16, -6.938893903907230e-17, -6.106226635438362e-16,  3.584372382237078e-16, -6.938893903907228e-17, -6.245004513516506e-16,  9.146329527087713e-16, -9.714451465470117e-17, -6.245004513516505e-16,  6.904199434387692e-16, -8.326672684688674e-17, -5.551115123125783e-16,  4.696763811207204e-16, -8.326672684688673e-17, -6.106226635438360e-16,  9.131150696672918e-16, -1.110223024625157e-16, -5.828670879282072e-16, -7.216449660063518e-16, -1.804112415015879e-15
  3.475000000000000e+00,  4.650254571518684e-01,  4.690287608485236e-01,  1.050119324351804e+00,  1.581049037507140e+00, -1.842899204263742e-01,  1.157584979953473e-01,  7.367724289080641e-04, -1.068589757799279e-15, -1.275421585797006e-03,  2.360742908702891e-03,  5.297054136726959e-03, -4.086665497098938e-03,  4.168806125005086e-03,  1.167560154372385e-02, -7.216591053826206e-03,  5.998101686304803e-03,  1.829619330893681e-02, -1.038327177409122e-02,  7.737370528795660e-03,  2.482740269260191e-02, -1.339410787262108e-02,  9.468540243154014e-03,  3.080073257550994e-02, -1.639092362721621e-02,  1.036887482907570e-02,  3.727372040778406e-02, -1.794948651606740e-02,  1.579682565311380e-15, -1.110223024625157e-16, -4.718447854656915e-16,  3.562688338787368e-16, -1.110223024625157e-16, -6.106226635438361e-16,  1.132991270247352e-15, -6.938893903907227e-17, -4.579669976578770e-16, -7.552552333534022e-16, -8.326672684688673e-17, -6.938893903907226e-16,  1.245097774882353e-15, -1.110223024625156e-16, -5.134781488891348e-16,  1.021318446481345e-15, -9.714451465470117e-17, -4.718447854656914e-16, -7.771561172376094e-16, -1.554312234475219e-15
  3.483333333333333e+00,  4.649477190414640e-01,  4.690807151853707e-01,  1.050119324912249e+00,  1.581094218547527e+00, -1.843793697214564e-01,  1.157454864371683e-01,  7.376764610220395e-04,  5.384582156718583e-15, -1.275834150420750e-03,  2.363639579821297e-03,  5.309642760835207e-03, -4.087987423618570e-03,  4.173921320005775e-03,  1.170334899640645e-02, -7.218925427194175e-03,  6.005461457631243e-03,  1.833967481660351e-02, -1.038663048361493e-02,  7.746864412155607e-03,  2.488640583507002e-02, -1.339844050674948e-02,  9.480158300779810e-03,  3.087393153372566e-02, -1.639622565074163e-02,  1.038159761235123e-02,  3.736230263536721e-02, -1.795529269280738e-02,  7.990570011218166e-16, -1.110223024625156e-16, -5.412337245047637e-16,  3.536667486647714e-16, -1.249000902703301e-16, -5.689893001203926e-16,  7.975391180803371e-16, -9.714451465470120e-17, -4.718447854656915e-16,  4.670742959067553e-16, -8.326672684688674e-17, -5.689893001203927e-16,  2.419939248987646e-16, -1.249000902703301e-16, -5.689893001203927e-16,  5.772292366312826e-16, -8.326672684688674e-17, -5.134781488891349e-16, -8.465450562766815e-16, -1.540434446667404e-15
  3.491666666666667e+00,  4.648700134757642e-01,  4.691350155927588e-01,  1.050119880643695e+00,  1.581142554843801e+00, -1.844890200058822e-01,  1.157198077426468e-01,  7.386542787665778e-04,  9.936496970663010e-15, -1.276260633425111e-03,  2.366772672531715e-03,  5.322800973358474e-03, -4.089353946970797e-03,  4.179454008914714e-03,  1.173235191811492e-02, -7.221338553545702e-03,  6.013421921539099e-03,  1.838512370076291e-02, -1.039010250337399e-02,  7.757133170855504e-03,  2.494807865027486e-02, -1.340291930766857e-02,  9.492724605397442e-03,  3.095044247254024e-02, -1.640170654461251e-02,  1.039535880852913e-02,  3.745489287927049e-02, -1.796129474812910e-02,  1.301042606982605e-16, -1.249000902703301e-16, -5.689893001203924e-16,  1.020884765612351e-15, -5.551115123125781e-17, -4.024558464266191e-16,  3.545341104027599e-16, -9.714451465470117e-17, -5.689893001203926e-16,  5.754945131553057e-16, -8.326672684688673e-17, -4.857225732735059e-16, -2.027458062547893e-16, -1.110223024625156e-16, -5.828670879282071e-16,  6.847820921418444e-16, -1.110223024625156e-16, -4.857225732735059e-16, -8.743006318923106e-16, -1.401656568589260e-15
  3.500000000000000e+00,  4.647921496857632e-01,  4.691910388023502e-01,  1.050120903626700e+00,  1.581193415676695e+00, -1.846155293245748e-01,  1.156827961234061e-01,  7.396520914826304e-04,  1.282307709758217e-14, -1.276682400052373e-03,  2.369969832489517e-03,  5.335781610012120e-03, -4.090705358255686e-03,  4.185099833367807e-03,  1.176096343263117e-02, -7.223724993687566e-03,  6.021545165503555e-03,  1.842995923223077e-02, -1.039353612686413e-02,  7.767611910928799e-03,  2.500891916370051e-02, -1.340734857855733e-02,  9.505547872901383e-03,  3.102592086256834e-02, -1.640712682653798e-02,  1.040940140140931e-02,  3.754623357708981e-02, -1.796723042810326e-02,  2.404760418572848e-16, -1.249000902703301e-16, -5.273559366969493e-16,  3.538835890992685e-16, -8.326672684688673e-17, -5.273559366969493e-16,  9.070435375013728e-16, -9.714451465470117e-17, -4.440892098500625e-16,  1.462805571117443e-15, -1.387778780781446e-16, -4.302114220422482e-16,  1.799775606325938e-17, -8.326672684688675e-17, -4.996003610813205e-16, -9.194034422677078e-17, -1.526556658859590e-16, -6.106226635438361e-16, -9.020562075079397e-16, -1.443289932012703e-15
  3.508333333333333e+00,  4.647138407756384e-01,  4.692481555758550e-01,  1.050122295515034e+00,  1.581246042775728e+00, -1.847550077875439e-01,  1.156366263621917e-01,  7.406296203409347e-04,  1.454392294335497e-14, -1.277090545551946e-03,  2.373101999551670e-03,  5.347903430112267e-03, -4.092013125153204e-03,  4.190630887681403e-03,  1.178768197048431e-02, -7.226034362755799e-03,  6.029503277548483e-03,  1.847182838403769e-02, -1.039685886006033e-02,  7.777877635793524e-03,  2.506573438612080e-02, -1.341163480430730e-02,  9.518110464890315e-03,  3.109640549979258e-02, -1.641237205821332e-02,  1.042315853193218e-02,  3.763153105027656e-02, -1.797297441283756e-02,  6.836978899693589e-16, -1.249000902703301e-16, -4.579669976578770e-16,  5.739766301138259e-16, -1.110223024625156e-16, -4.996003610813203e-16, -9.194034422677075e-17, -9.714451465470117e-17, -5.689893001203926e-16,  9.068266970668757e-16, -1.387778780781445e-16, -4.579669976578770e-16,  9.085614205428525e-16, -9.714451465470117e-17, -4.718447854656914e-16,  2.396086801192965e-16, -1.249000902703301e-16, -5.273559366969494e-16, -9.436895709313829e-16, -1.443289932012704e-15
  3.516666666666667e+00,  4.646347282976843e-01,  4.693057364562712e-01,  1.050123940977777e+00,  1.581299676406777e+00, -1.849032758248482e-01,  1.155839862653961e-01,  7.415635264825599e-04,  1.534883471083171e-14, -1.277483781818113e-03,  2.376094392080219e-03,  5.358770223946776e-03, -4.093273120355600e-03,  4.195915115908431e-03,  1.181163421858083e-02, -7.228259372390209e-03,  6.037106254830175e-03,  1.850936263524576e-02, -1.040006021642902e-02,  7.787685247507122e-03,  2.511666727438714e-02, -1.341576445760622e-02,  9.530112444874077e-03,  3.115959254719448e-02, -1.641742568570739e-02,  1.043630174356206e-02,  3.770799729446418e-02, -1.797850857433846e-02,  7.958043946043603e-16, -1.110223024625157e-16, -4.579669976578771e-16,  9.074772183703670e-16, -1.387778780781445e-16, -4.579669976578770e-16,  1.756407519426517e-17, -1.110223024625156e-16, -5.273559366969493e-16,  7.958043946043601e-16, -1.110223024625156e-16, -4.579669976578770e-16,  6.841315708383533e-16, -1.249000902703301e-16, -4.718447854656915e-16,  5.752776727208086e-16, -9.714451465470117e-17, -5.273559366969493e-16, -9.298117831235684e-16, -1.387778780781445e-15
  3.525000000000000e+00,  4.645544163024225e-01,  4.693631583635007e-01,  1.050125700172177e+00,  1.581353660537931e+00, -1.850560654085027e-01,  1.155277694088343e-01,  7.424437589971723e-04,  1.523781239973118e-14, -1.277869536500042e-03,  2.378914805258488e-03,  5.368315887847918e-03, -4.094509143302945e-03,  4.200895647965664e-03,  1.183267447327789e-02, -7.230442049722075e-03,  6.044272272351507e-03,  1.854233366168628e-02, -1.040320066484349e-02,  7.796929194290334e-03,  2.516140799923669e-02, -1.341981554147902e-02,  9.541424644773559e-03,  3.121509763237740e-02, -1.642238316454765e-02,  1.044868958602293e-02,  3.777516715872754e-02, -1.798393744470689e-02,  3.510646634508063e-16, -9.714451465470120e-17, -4.718447854656915e-16,  6.862999751833243e-16, -1.249000902703301e-16, -5.134781488891349e-16,  2.409097227262791e-16, -9.714451465470121e-17, -4.857225732735061e-16,  4.631711680858075e-16, -1.110223024625157e-16, -4.996003610813204e-16,  1.929879867024198e-17, -6.938893903907228e-17, -5.273559366969494e-16,  9.053088140253962e-16, -1.665334536937735e-16, -4.579669976578771e-16, -9.020562075079397e-16, -1.387778780781445e-15
  3.533333333333333e+00,  4.644725031185123e-01,  4.694198276777891e-01,  1.050127405107781e+00,  1.581407445254478e+00, -1.852091832657364e-01,  1.154708500951946e-01,  7.432643210677057e-04,  1.447453400218506e-14, -1.278266687011663e-03,  2.381544024282125e-03,  5.376659451480690e-03, -4.095781680407524e-03,  4.205538552668128e-03,  1.185106509605160e-02, -7.232689206944365e-03,  6.050952509735838e-03,  1.857115259560480e-02, -1.040643388728686e-02,  7.805546499324260e-03,  2.520051445518063e-02, -1.342398630105603e-02,  9.551969997256219e-03,  3.126361287605378e-02, -1.642748709549645e-02,  1.046023766387911e-02,  3.783387821775266e-02, -1.798952669287155e-02,  9.100793035843322e-16, -8.326672684688673e-17, -4.302114220422481e-16,  4.642553702582929e-16, -9.714451465470117e-17, -5.134781488891348e-16,  2.411265631607762e-16, -1.665334536937735e-16, -5.828670879282072e-16,  5.744103109828202e-16, -6.938893903907228e-17, -4.163336342344337e-16,  4.633880085203047e-16, -1.110223024625157e-16, -5.134781488891350e-16,  1.886511780124777e-17, -1.249000902703301e-16, -5.551115123125782e-16, -9.298117831235684e-16, -1.512678871051775e-15
  3.541666666666667e+00,  4.643886088192914e-01,  4.694752201945216e-01,  1.050128862784454e+00,  1.581460533036265e+00, -1.853587307411353e-01,  1.154159026601661e-01,  7.440152131701857e-04,  1.300348836175176e-14, -1.278701705989776e-03,  2.383950008975731e-03,  5.383975547802519e-03, -4.097175554456145e-03,  4.209787250686143e-03,  1.186719100741925e-02, -7.235150631545068e-03,  6.057065560322062e-03,  1.859642262478337e-02, -1.040997539883945e-02,  7.813432150469325e-03,  2.523480515051241e-02, -1.342855474429962e-02,  9.561619994620232e-03,  3.130615371489179e-02, -1.643307768839278e-02,  1.047080525002984e-02,  3.788535930927431e-02, -1.799564887818449e-02,  1.130606025467884e-15, -1.110223024625157e-16, -4.440892098500626e-16, -8.890457814381136e-17, -8.326672684688674e-17, -5.828670879282072e-16,  7.981896393838282e-16, -1.526556658859590e-16, -5.412337245047637e-16,  4.631711680858074e-16, -1.110223024625156e-16, -5.134781488891348e-16,  4.668574554722581e-16, -1.110223024625156e-16, -5.689893001203926e-16,  5.763618748932943e-16, -5.551115123125784e-17, -4.718447854656916e-16, -9.159339953157541e-16, -1.582067810090848e-15
  3.550000000000000e+00,  4.643023982913367e-01,  4.695289110327023e-01,  1.050129864270815e+00,  1.581512409672929e+00, -1.855012980669303e-01,  1.153652563606841e-01,  7.446799391943367e-04,  1.100508673622155e-14, -1.279197840540925e-03,  2.386079903051317e-03,  5.390477725476650e-03, -4.098765253089981e-03,  4.213548403757746e-03,  1.188152290468694e-02, -7.237957860311365e-03,  6.062477128495813e-03,  1.861888135309330e-02, -1.041401445536951e-02,  7.820412910427546e-03,  2.526528099225340e-02, -1.343376500557985e-02,  9.570162639222959e-03,  3.134396186836871e-02, -1.643945370055933e-02,  1.048016018862198e-02,  3.793111310874087e-02, -1.800263116588862e-02,  5.778797579347739e-16, -1.249000902703301e-16, -5.551115123125783e-16,  2.146720301521299e-17, -1.110223024625157e-16, -6.106226635438361e-16,  5.780965983692710e-16, -1.110223024625157e-16, -5.828670879282072e-16,  1.329231863467228e-16, -1.110223024625156e-16, -5.967448757360215e-16,  7.986233202528224e-16, -9.714451465470117e-17, -4.857225732735059e-16,  7.994906819908110e-16, -8.326672684688674e-17, -5.134781488891349e-16, -8.465450562766819e-16, -1.582067810090848e-15
  3.558333333333334e+00,  4.642135979153032e-01,  4.695805706815556e-01,  1.050130200024341e+00,  1.581562442962150e+00, -1.856339962835534e-01,  1.153208493600681e-01,  7.452378705302839e-04,  7.743806304409671e-15, -1.279766830025694e-03,  2.387867608956388e-03,  5.396433451772772e-03, -4.100588391198427e-03,  4.216705291052713e-03,  1.189465033086978e-02, -7.241177316901196e-03,  6.067019275674664e-03,  1.863945262098375e-02, -1.041864662760919e-02,  7.826272143485939e-03,  2.529319560504948e-02, -1.343974036826236e-02,  9.577332824982819e-03,  3.137859257598959e-02, -1.644676599894761e-02,  1.048801216544942e-02,  3.797302170003859e-02, -1.801063876841148e-02,  8.014422459012847e-16, -9.714451465470117e-17, -5.273559366969493e-16,  5.791808005417564e-16, -8.326672684688673e-17, -5.551115123125782e-16,  2.298508605669269e-17, -1.110223024625156e-16, -6.383782391594649e-16,  3.543172699682628e-16, -1.249000902703301e-16, -5.828670879282072e-16,  8.016590863357820e-16, -9.714451465470120e-17, -5.412337245047638e-16,  1.363926332986764e-16, -8.326672684688673e-17, -6.383782391594649e-16, -8.465450562766819e-16, -1.776356839400250e-15
  3.566666666666666e+00,  4.641220063435890e-01,  4.696299318583653e-01,  1.050129683274139e+00,  1.581609813788952e+00, -1.857543324488465e-01,  1.152843035740537e-01,  7.456650847871333e-04,  2.553513190226581e-15, -1.280406576494724e-03,  2.389236475327140e-03,  5.402124108485104e-03, -4.102638246597062e-03,  4.219122554897083e-03,  1.190719349894486e-02, -7.244797130694101e-03,  6.070497248472422e-03,  1.865910833011512e-02, -1.042385483604307e-02,  7.830758623643106e-03,  2.531986783121439e-02, -1.344645880028645e-02,  9.582823116258493e-03,  3.141168198592102e-02, -1.645498762201328e-02,  1.049402451175192e-02,  3.801306507923395e-02, -1.801964216051647e-02,  1.358939002993331e-15, -1.110223024625156e-16, -5.551115123125782e-16,  8.016590863357820e-16, -9.714451465470120e-17, -5.828670879282072e-16, -3.074797361168891e-16, -9.714451465470120e-17, -7.077671781985373e-16,  6.902031030042721e-16, -1.387778780781446e-16, -6.245004513516506e-16,  1.026088936040281e-15, -8.326672684688673e-17, -5.689893001203926e-16, -1.968911145233676e-16, -1.249000902703301e-16, -7.355227538141662e-16, -8.049116928532385e-16, -1.915134717478395e-15
  3.575000000000000e+00,  4.640275076341653e-01,  4.696767630895606e-01,  1.050128178154564e+00,  1.581653580004400e+00, -1.858600913240615e-01,  1.152570284321684e-01,  7.459292832482209e-04, -5.398459951565747e-15, -1.281101252218325e-03,  2.390083011640371e-03,  5.407753708507612e-03, -4.104864104575145e-03,  4.220617442679875e-03,  1.191960208777281e-02, -7.248727745221878e-03,  6.072648101409597e-03,  1.867855314750967e-02, -1.042951022632117e-02,  7.833533159148484e-03,  2.534625388342198e-02, -1.345375408342107e-02,  9.586218430076640e-03,  3.144441637009152e-02, -1.646391516163408e-02,  1.049774267558909e-02,  3.805267882153868e-02, -1.802941859262305e-02,  1.025438414736790e-15, -1.526556658859590e-16, -6.383782391594649e-16,  6.938893903907226e-16, -1.110223024625156e-16, -6.661338147750938e-16,  9.137655909707831e-16, -1.110223024625157e-16, -5.689893001203927e-16,  2.732189474663471e-17, -1.110223024625156e-16, -7.216449660063516e-16,  3.608224830031758e-16, -1.110223024625156e-16, -7.355227538141660e-16,  4.746637111141538e-16, -6.938893903907228e-17, -6.938893903907228e-16, -9.020562075079395e-16, -1.984523656517467e-15
  3.583333333333333e+00,  4.639300852612833e-01,  4.697208753939235e-01,  1.050125624066710e+00,  1.581692851544910e+00, -1.859493582253690e-01,  1.152403165236949e-01,  7.459861324032099e-04, -1.738886971685765e-14, -1.281823675852970e-03,  2.390265165858942e-03,  5.413399166488873e-03, -4.107178871532952e-03,  4.220939106500376e-03,  1.193204563022463e-02, -7.252815362995725e-03,  6.073110913115482e-03,  1.869805273881017e-02, -1.043539151375153e-02,  7.834130172304551e-03,  2.537271426223080e-02, -1.346134076707821e-02,  9.586949019761308e-03,  3.147724296341357e-02, -1.647319930012184e-02,  1.049854273481126e-02,  3.809240415138902e-02, -1.803958553148973e-02,  6.967083160391851e-16, -9.714451465470120e-17, -7.355227538141662e-16,  2.517517444511341e-16, -9.714451465470120e-17, -7.216449660063518e-16,  3.014082039509702e-17, -8.326672684688673e-17, -7.632783294297949e-16,  1.359589524296822e-15, -1.804112415015879e-16, -6.245004513516505e-16,  6.969251564736823e-16, -9.714451465470120e-17, -7.077671781985373e-16,  5.859028540111665e-16, -8.326672684688673e-17, -7.355227538141660e-16, -9.436895709313829e-16, -2.040034807748725e-15
  3.591666666666667e+00,  4.638298262079149e-01,  4.697621398270994e-01,  1.050122049446392e+00,  1.581726948484079e+00, -1.860205861474824e-01,  1.152354711035265e-01,  7.457840062384953e-04, -3.345934947328306e-14, -1.282539505618763e-03,  2.389617519555414e-03,  5.419044941232613e-03, -4.109472510624408e-03,  4.219795436044868e-03,  1.194448987088083e-02, -7.256865671336488e-03,  6.071465393625876e-03,  1.871755342423169e-02, -1.044121912015983e-02,  7.832007501718988e-03,  2.539917612573212e-02, -1.346885820383249e-02,  9.584351419995593e-03,  3.151007139863574e-02, -1.648239869831042e-02,  1.049569813721195e-02,  3.813213171022848e-02, -1.804965967235608e-02,  1.030208904295726e-15, -1.387778780781446e-16, -7.077671781985373e-16,  8.103327037156660e-16, -1.110223024625157e-16, -7.355227538141662e-16,  8.094653419776776e-16, -1.249000902703301e-16, -7.771561172376096e-16,  3.649424512586208e-16, -1.249000902703301e-16, -7.910339050454240e-16,  8.079474589361977e-16, -1.110223024625156e-16, -7.077671781985371e-16,  4.753142324176450e-16, -1.387778780781445e-16, -8.049116928532383e-16, -9.714451465470120e-16, -2.220446049250313e-15
  3.600000000000000e+00,  4.637269199602123e-01,  4.698004870623483e-01,  1.050117574406203e+00,  1.581755429892886e+00, -1.860725786333240e-01,  1.152439035230077e-01,  7.452721339408358e-04, -5.352663248593942e-14, -1.283210052271304e-03,  2.387977394487685e-03,  5.424613707982740e-03, -4.111621054997068e-03,  4.216899159858360e-03,  1.195676437292466e-02, -7.260659758743617e-03,  6.067298215161062e-03,  1.873678812160818e-02, -1.044667807444800e-02,  7.826631967000855e-03,  2.542527705118658e-02, -1.347590009045403e-02,  9.577773155890994e-03,  3.154245205619702e-02, -1.649101614613681e-02,  1.048849436605678e-02,  3.817131738782305e-02, -1.805909652697234e-02,  3.426078865054193e-17, -1.387778780781445e-16, -9.020562075079395e-16,  1.256156637041705e-15, -1.249000902703301e-16, -7.632783294297949e-16,  8.116337463226484e-16, -1.249000902703301e-16, -8.326672684688672e-16,  6.984430395151618e-16, -1.526556658859590e-16, -8.049116928532383e-16,  1.256590317910699e-15, -1.110223024625156e-16, -7.632783294297949e-16,  6.997440821221444e-16, -1.387778780781445e-16, -8.187894806610528e-16, -1.137978600240785e-15, -2.414735078559715e-15
  3.608333333333333e+00,  4.636216561026060e-01,  4.698358921766730e-01,  1.050112402030837e+00,  1.581778009135431e+00, -1.861044692927454e-01,  1.152670989188567e-01,  7.444073749867246e-04, -7.660539572853950e-14, -1.283793882804962e-03,  2.385206561164472e-03,  5.429947875121638e-03, -4.113491746325480e-03,  4.212006180226320e-03,  1.196852177782509e-02, -7.263963188964551e-03,  6.060258168557335e-03,  1.875521250447991e-02, -1.045143106841808e-02,  7.817550518903099e-03,  2.545027840340378e-02, -1.348203130952604e-02,  9.566659812353738e-03,  3.157346858953979e-02, -1.649851917242691e-02,  1.047632428861083e-02,  3.820885226102255e-02, -1.806731299310717e-02,  1.147302738924161e-15, -1.526556658859590e-16, -8.326672684688674e-16,  1.145351175013687e-15, -1.665334536937735e-16, -8.326672684688672e-16,  1.256807158345197e-15, -1.665334536937735e-16, -8.049116928532383e-16,  3.688455790795685e-16, -1.526556658859590e-16, -9.298117831235684e-16,  1.591175108339726e-15, -1.110223024625157e-16, -7.494005416219807e-16,  3.699297812520541e-16, -1.665334536937735e-16, -9.575673587391975e-16, -1.249000902703301e-15, -2.553512956637860e-15
  3.616666666666667e+00,  4.635143809046993e-01,  4.698683717216007e-01,  1.050106674526870e+00,  1.581794710327047e+00, -1.861143873666918e-01,  1.153051256417919e-01,  7.431614983393495e-04,  2.359224143737669e-15, -1.284214328590110e-03,  2.381214562984916e-03,  5.434764817414560e-03, -4.114838925358798e-03,  4.204956761127476e-03,  1.197913913168817e-02, -7.266342155406966e-03,  6.050115424783902e-03,  1.877185037594735e-02, -1.045485393869780e-02,  7.804466684925306e-03,  2.547285551150373e-02, -1.348644670910315e-02,  9.550648583726028e-03,  3.160147761970535e-02, -1.650392247948902e-02,  1.045879060100860e-02,  3.824274758353339e-02, -1.807323008432169e-02,  5.637851296924623e-18,  2.775557561562891e-17, -6.938893903907228e-17, -4.388850394221322e-16,  2.775557561562891e-17, -1.249000902703301e-16,  2.270319349184646e-16,  2.775557561562891e-17, -5.551115123125783e-17,  2.292003392634356e-16,  5.551115123125783e-17, -6.938893903907228e-17, -3.285132582631078e-16,  0.000000000000000e+00, -1.249000902703301e-16,  6.071532165918825e-18,  5.551115123125783e-17, -5.551115123125783e-17,  2.914335439641035e-16, -2.359223927328457e-16
  3.625000000000000e+00,  4.634055623640769e-01,  4.698979382051747e-01,  1.050100912068177e+00,  1.581804917737578e+00, -1.861051635861962e-01,  1.153618200443575e-01,  7.415252678392809e-04,  3.011480230324910e-15, -1.284505973643566e-03,  2.375971804985228e-03,  5.438780873085156e-03, -4.115773405212533e-03,  4.195698640908614e-03,  1.198799119635907e-02, -7.267992341593240e-03,  6.036794789371667e-03,  1.878572195984756e-02, -1.045722823585833e-02,  7.787283466427044e-03,  2.549167884779323e-02, -1.348950948093232e-02,  9.529620768753039e-03,  3.162482974213308e-02, -1.650767052001613e-02,  1.043576331530277e-02,  3.827100731664680e-02, -1.807733451457940e-02,  1.168769941939374e-16,  5.551115123125783e-17, -4.163336342344337e-17,  7.372574772901430e-18,  5.551115123125783e-17, -9.714451465470120e-17,  4.119968255444917e-18,  1.387778780781446e-17, -5.551115123125783e-17, -1.049507702965968e-16,  4.163336342344337e-17, -9.714451465470120e-17, -2.153225514556211e-16,  2.775557561562891e-17, -1.249000902703301e-16, -3.272122156561252e-16,  4.163336342344336e-17, -8.326672684688673e-17,  2.498001805406602e-16, -3.053113317719180e-16
  3.633333333333333e+00,  4.632955993927032e-01,  4.699246659559563e-01,  1.050095284620664e+00,  1.581808804124895e+00, -1.860764214345118e-01,  1.154368223786384e-01,  7.395133606697023e-04,  3.511080636806329e-15, -1.284620800665854e-03,  2.369525315683521e-03,  5.441534069517316e-03, -4.116141330324407e-03,  4.184314866766038e-03,  1.199405970607805e-02, -7.268642055907176e-03,  6.020415751146968e-03,  1.879523158780940e-02, -1.045816304846496e-02,  7.766155000409620e-03,  2.550458313661871e-02, -1.349071536104033e-02,  9.503764991263149e-03,  3.164083872841817e-02, -1.650914620536485e-02,  1.040744899086443e-02,  3.829038070256617e-02, -1.807895051834175e-02, -5.488231397121623e-16,  4.163336342344337e-17, -1.249000902703301e-16, -1.069023342070707e-16,  4.163336342344337e-17, -6.938893903907228e-17,  6.938893903907228e-18,  2.775557561562891e-17, -1.110223024625157e-16, -1.036497276896142e-16,  6.938893903907228e-17, -9.714451465470120e-17, -3.239596091386687e-16,  5.551115123125781e-17, -1.665334536937735e-16, -2.187919984075747e-16,  1.387778780781445e-17, -8.326672684688673e-17,  3.469446951953614e-16, -2.359223927328458e-16
  3.641666666666667e+00,  4.631848776138180e-01,  4.699486565351103e-01,  1.050090019412049e+00,  1.581806515532049e+00, -1.860296585984794e-01,  1.155304727306762e-01,  7.371607491679151e-04,  3.788636417798802e-15, -1.284559568259262e-03,  2.361987152338284e-03,  5.442506859061781e-03, -4.115945131384028e-03,  4.171003319198633e-03,  1.199620389845567e-02, -7.268295590673070e-03,  6.001263021683636e-03,  1.879859163380616e-02, -1.045766455233813e-02,  7.741448556228814e-03,  2.550914262140431e-02, -1.349007231604968e-02,  9.473530693948861e-03,  3.164649519894392e-02, -1.650835928462066e-02,  1.037433980652012e-02,  3.829722591965136e-02, -1.807808877170526e-02, -4.369334755116583e-16,  2.775557561562891e-17, -1.665334536937735e-16, -1.051676107310939e-16,  4.163336342344337e-17, -6.938893903907228e-17,  3.387047586844716e-16,  4.163336342344337e-17, -4.163336342344337e-17,  5.637851296924623e-18,  4.163336342344337e-17, -8.326672684688674e-17, -1.051676107310939e-16,  2.775557561562891e-17, -8.326672684688674e-17,  5.637851296924623e-18,  4.163336342344337e-17, -6.938893903907228e-17,  3.191891195797325e-16, -2.081668171172169e-16
  3.650000000000000e+00,  4.630737432292771e-01,  4.699700500689437e-01,  1.050085276378845e+00,  1.581798360197880e+00, -1.859672198727853e-01,  1.156425046081955e-01,  7.345255854680975e-04,  4.066192198570091e-15, -1.284340422325146e-03,  2.353543644180236e-03,  5.441194050987548e-03, -4.115242950914370e-03,  4.156093034646417e-03,  1.199331024783714e-02, -7.267055619038584e-03,  5.979810020455708e-03,  1.879405715300105e-02, -1.045588047418024e-02,  7.713774830752251e-03,  2.550298946270851e-02, -1.348777090895733e-02,  9.439665211821270e-03,  3.163886162575708e-02, -1.650554295760224e-02,  1.033725415908311e-02,  3.828798809805141e-02, -1.807500464874755e-02,  2.287666583944414e-16,  6.938893903907227e-17, -5.551115123125781e-17,  5.637851296924622e-18,  4.163336342344336e-17, -8.326672684688673e-17,  5.637851296924622e-18,  2.775557561562891e-17, -6.938893903907227e-17,  5.854691731421722e-18,  5.551115123125781e-17, -5.551115123125781e-17, -1.104151492459238e-15,  1.387778780781445e-17, -2.498001805406602e-16,  4.336808689942017e-18,  4.163336342344336e-17, -4.163336342344336e-17,  3.330669073875469e-16, -2.081668171172168e-16
  3.658333333333334e+00,  4.629625490282664e-01,  4.699890326339781e-01,  1.050081137835196e+00,  1.581784633795510e+00, -1.858926364654917e-01,  1.157719218159231e-01,  7.316955492578018e-04,  3.788636416302308e-15, -1.283994155029369e-03,  2.344475731679351e-03,  5.437264010431322e-03, -4.114133452199473e-03,  4.140080122339066e-03,  1.198464777499828e-02, -7.265096369252553e-03,  5.956770552216479e-03,  1.878048266803743e-02, -1.045306149457487e-02,  7.684054610609965e-03,  2.548456928104250e-02, -1.348413451016645e-02,  9.403295349552934e-03,  3.161600965462961e-02, -1.650109294604280e-02,  1.029742599764244e-02,  3.826033362650653e-02, -1.807013149917369e-02, -1.053844511655910e-16,  5.551115123125783e-17, -6.938893903907228e-17,  1.157927920214519e-16,  4.163336342344337e-17, -2.775557561562891e-17, -3.256943326146455e-16,  4.163336342344336e-17, -1.387778780781445e-16,  1.151422707179606e-16,  4.163336342344337e-17, -2.775557561562891e-17, -5.520757462296188e-16,  0.000000000000000e+00, -9.714451465470117e-17,  3.391384395534657e-16,  6.938893903907227e-17, -2.775557561562891e-17,  3.191891195797325e-16, -2.359223927328457e-16
  3.666666666666667e+00,  4.628516873974436e-01,  4.700058145646844e-01,  1.050077611445995e+00,  1.581765444804011e+00, -1.858106444968771e-01,  1.159168550684637e-01,  7.287809830678846e-04,  3.594347368506244e-15, -1.283555420142641e-03,  2.335136970895301e-03,  5.430665812253935e-03, -4.112727671754691e-03,  4.123588922464589e-03,  1.197010423233563e-02, -7.262613919297293e-03,  5.933042921135110e-03,  1.875769228186679e-02, -1.044948973162495e-02,  7.653446681127686e-03,  2.545364338922231e-02, -1.347952704353307e-02,  9.365839160657806e-03,  3.157764317161767e-02, -1.649545459861293e-02,  1.025640821409609e-02,  3.821390416067155e-02, -1.806395701849926e-02, -4.395355607256234e-16,  2.775557561562891e-17, -1.526556658859590e-16, -2.174909558005922e-16,  4.163336342344337e-17, -5.551115123125783e-17,  4.119968255444916e-18,  1.387778780781445e-17, -5.551115123125781e-17,  6.689527404235560e-16,  4.163336342344336e-17,  5.551115123125781e-17,  4.553649124439118e-18,  4.163336342344336e-17, -5.551115123125781e-17, -6.613633252161576e-16,  2.775557561562891e-17, -1.387778780781445e-16,  3.885780586188047e-16, -2.081668171172168e-16
  3.675000000000000e+00,  4.627415511020603e-01,  4.700205828292661e-01,  1.050074644408723e+00,  1.581740732158884e+00, -1.857266195186609e-01,  1.160744439739981e-01,  7.258913020866826e-04,  2.969846859784135e-15, -1.283050629429039e-03,  2.325877946503163e-03,  5.421615321522892e-03, -4.111110237319590e-03,  4.107238528078326e-03,  1.195015542289905e-02, -7.259757712230071e-03,  5.909517881782383e-03,  1.872643159929111e-02, -1.044538020484164e-02,  7.623100088871668e-03,  2.541122355129976e-02, -1.347422587775089e-02,  9.328702780934599e-03,  3.152501736536822e-02, -1.648896734285137e-02,  1.021574064939554e-02,  3.815021867580333e-02, -1.805685290939213e-02,  2.818925648462311e-18,  1.387778780781445e-17, -4.163336342344336e-17,  4.119968255444917e-18,  6.938893903907228e-17, -1.387778780781446e-17, -1.079865363795562e-16,  1.387778780781446e-17, -8.326672684688674e-17, -2.183583175385805e-16,  4.163336342344336e-17, -1.387778780781445e-17,  2.246466901389965e-16,  2.775557561562891e-17,  0.000000000000000e+00, -3.298143008700904e-16,  4.163336342344336e-17, -4.163336342344336e-17,  3.469446951953613e-16, -1.942890293094023e-16
  3.683333333333333e+00,  4.626324822447856e-01,  4.700334890172654e-01,  1.050072143546443e+00,  1.581710456460628e+00, -1.856461319602058e-01,  1.162408827897890e-01,  7.231162740734200e-04,  2.234324038863449e-15, -1.282495824209079e-03,  2.316986289523293e-03,  5.410542633944122e-03, -4.109332547985557e-03,  4.091536863169410e-03,  1.192574935023162e-02, -7.256618513058454e-03,  5.886926238046938e-03,  1.868818618454626e-02, -1.044086350742807e-02,  7.593957548851505e-03,  2.535932563477724e-02, -1.346839947411846e-02,  9.293039849717067e-03,  3.146063310947721e-02, -1.648183733181504e-02,  1.017668663892342e-02,  3.807230362145014e-02, -1.804904492737340e-02, -3.308985030425759e-16,  2.775557561562891e-17, -4.163336342344336e-17,  3.345847904290266e-16,  4.163336342344336e-17,  6.938893903907227e-17, -1.077696959450591e-16,  4.163336342344337e-17, -2.775557561562891e-17, -4.436555289810684e-16,  1.387778780781446e-17, -4.163336342344337e-17,  1.127570259384924e-16,  4.163336342344336e-17,  2.775557561562891e-17,  3.035766082959412e-18,  2.775557561562891e-17, -2.775557561562891e-17,  3.191891195797325e-16, -5.551115123125781e-17
  3.691666666666667e+00,  4.625247814970065e-01,  4.700446617275667e-01,  1.050070048469020e+00,  1.581674673535544e+00, -1.855757578549358e-01,  1.164120014565678e-01,  7.205188362247336e-04, -3.341771605222377e-14, -1.281913876340625e-03,  2.308663661213528e-03,  5.398109519378954e-03, -4.107467889059265e-03,  4.076840038774838e-03,  1.189834466687212e-02, -7.253325735386312e-03,  5.865780364478270e-03,  1.864524181184606e-02, -1.043612584040118e-02,  7.566680008801560e-03,  2.530105136880403e-02, -1.346228802632388e-02,  9.259659196071223e-03,  3.138833839107513e-02, -1.647435850041881e-02,  1.014013192091715e-02,  3.798481566570196e-02, -1.804085495660291e-02,  8.112000654536544e-16, -1.804112415015879e-16, -8.743006318923108e-16,  1.368479982111203e-15, -1.942890293094023e-16, -8.604228440844961e-16,  1.145134334579190e-15, -2.081668171172168e-16, -8.604228440844961e-16,  1.257457679648687e-15, -1.942890293094023e-16, -8.604228440844959e-16,  5.915407053080911e-16, -1.526556658859590e-16, -9.159339953157539e-16,  1.479285444139222e-15, -2.081668171172169e-16, -8.604228440844963e-16, -1.637578961322106e-15, -2.456368441983159e-15
  3.700000000000000e+00,  4.624186456521352e-01,  4.700543347379003e-01,  1.050068093167684e+00,  1.581634091531239e+00, -1.855187529759388e-01,  1.165819532055230e-01,  7.181475183017851e-04, -1.403044473496198e-14, -1.281302149408754e-03,  2.301065559377022e-03,  5.384977377940030e-03, -4.105507812971757e-03,  4.063422646590962e-03,  1.186939921019911e-02, -7.249864461745667e-03,  5.846475345190042e-03,  1.859988297796314e-02, -1.043114574042990e-02,  7.541777115336164e-03,  2.523950074919493e-02, -1.345586384734781e-02,  9.229184495644482e-03,  3.131197904742340e-02, -1.646649696697737e-02,  1.010675947426053e-02,  3.789240887574923e-02, -1.803224589395389e-02,  8.129347889296310e-16, -1.665334536937735e-16, -8.604228440844961e-16,  9.200539635711989e-16, -1.804112415015879e-16, -8.187894806610528e-16,  6.986598799496589e-16, -2.081668171172168e-16, -8.743006318923106e-16,  1.367612620373215e-15, -1.804112415015879e-16, -8.049116928532383e-16,  8.085979802396890e-16, -1.665334536937735e-16, -8.049116928532383e-16,  1.142315408930727e-15, -1.804112415015879e-16, -8.187894806610528e-16, -1.540434446667404e-15, -2.414735078559715e-15
  3.708333333333333e+00,  4.623142494184086e-01,  4.700626736660242e-01,  1.050066214926554e+00,  1.581589197619164e+00, -1.854808448278438e-01,  1.167464300603864e-01,  7.160170719641883e-04,  2.262079615589837e-15, -1.280702773738092e-03,  2.294239250656434e-03,  5.372016939585173e-03, -4.103587312405085e-03,  4.051368154139336e-03,  1.184083221611437e-02, -7.246473074017849e-03,  5.829131273695746e-03,  1.855511721200010e-02, -1.042626619270169e-02,  7.519403785468772e-03,  2.517875490552382e-02, -1.344956937773465e-02,  9.201805326784829e-03,  3.123661810416152e-02, -1.645879416424299e-02,  1.007677690382859e-02,  3.780121030696742e-02, -1.802381065521691e-02,  1.032160468206200e-15, -1.942890293094023e-16, -8.187894806610528e-16,  9.181023996607252e-16, -1.665334536937735e-16, -7.216449660063518e-16,  1.031943627771703e-15, -1.526556658859590e-16, -7.910339050454240e-16,  8.040443311152501e-16, -1.804112415015879e-16, -7.494005416219807e-16,  3.621235256101584e-16, -2.220446049250313e-16, -8.743006318923106e-16,  1.365661056462741e-15, -1.526556658859590e-16, -7.632783294297951e-16, -1.540434446667404e-15, -2.220446049250313e-15
  3.716666666666667e+00,  4.622116501123436e-01,  4.700698479043457e-01,  1.050064296451670e+00,  1.581540814067502e+00, -1.854659661973265e-01,  1.169012343151766e-01,  7.141152621759332e-04,  1.383615568316280e-14, -1.280154474565434e-03,  2.288145531930887e-03,  5.360043372348839e-03, -4.101830469537936e-03,  4.040607333123979e-03,  1.181444045258096e-02, -7.243370687356083e-03,  5.813648543938394e-03,  1.851376013025478e-02, -1.042180246133095e-02,  7.499431530386071e-03,  2.512263454729518e-02, -1.344381129869673e-02,  9.177364452421755e-03,  3.116699551146146e-02, -1.645174776483056e-02,  1.005001202135409e-02,  3.771695604296914e-02, -1.801609423517846e-02,  1.581634129221854e-15, -1.804112415015879e-16, -6.106226635438361e-16,  5.835176092316985e-16, -1.665334536937735e-16, -7.632783294297951e-16,  1.248133540965313e-15, -2.081668171172169e-16, -6.938893903907228e-16,  8.053453737222327e-16, -1.804112415015879e-16, -7.355227538141662e-16,  5.824334070592129e-16, -1.942890293094023e-16, -7.355227538141660e-16,  8.038274906807530e-16, -1.804112415015879e-16, -7.216449660063518e-16, -1.540434446667404e-15, -2.123301534595612e-15
  3.725000000000000e+00,  4.621107917570089e-01,  4.700759828950762e-01,  1.050062246010816e+00,  1.581490059163381e+00, -1.854774999645042e-01,  1.170429528720897e-01,  7.123990074437487e-04,  2.310651876529675e-14, -1.279700636512210e-03,  2.282646362866487e-03,  5.349801276289397e-03, -4.100376295998949e-03,  4.030896419859108e-03,  1.179186514382540e-02, -7.240802780642463e-03,  5.799676427362248e-03,  1.847838360498342e-02, -1.041810774271155e-02,  7.481407920814238e-03,  2.507462963042910e-02, -1.343904522294497e-02,  9.155308216144480e-03,  3.110744088850659e-02, -1.644591532085251e-02,  1.002585852493058e-02,  3.764488560247103e-02, -1.800970720187909e-02,  1.337905480847112e-16, -2.081668171172168e-16, -7.355227538141660e-16,  9.124645483638003e-16, -1.942890293094023e-16, -6.661338147750938e-16,  1.356553758213863e-15, -1.804112415015879e-16, -5.967448757360215e-16,  9.115971866258119e-16, -1.665334536937735e-16, -6.106226635438360e-16,  4.685921789482349e-16, -1.804112415015879e-16, -7.077671781985371e-16,  1.354819034737886e-15, -2.220446049250313e-16, -5.967448757360215e-16, -1.554312234475219e-15, -1.887379141862766e-15
  3.733333333333333e+00,  4.620115056908760e-01,  4.700811397032092e-01,  1.050060011711057e+00,  1.581438335550328e+00, -1.855180932596682e-01,  1.171688644549278e-01,  7.108052707243488e-04,  3.184952586156907e-14, -1.279376676823473e-03,  2.277539762165711e-03,  5.341884189083230e-03, -4.099338274604065e-03,  4.021878738126412e-03,  1.177441454708203e-02, -7.238969751748864e-03,  5.786701736215088e-03,  1.845103773417526e-02, -1.041547037042863e-02,  7.464670960011577e-03,  2.503752207832621e-02, -1.343564309211954e-02,  9.134826505166144e-03,  3.106140547342086e-02, -1.644175199267420e-02,  1.000342927061723e-02,  3.758917552525132e-02, -1.800514799549348e-02,  1.331400267812199e-16, -1.804112415015879e-16, -6.800116025829082e-16,  1.017415318660397e-15, -2.220446049250313e-16, -5.412337245047638e-16,  5.759281940242999e-16, -1.804112415015879e-16, -6.383782391594649e-16,  5.750608322863116e-16, -1.942890293094024e-16, -5.967448757360216e-16,  9.098624631498351e-16, -1.665334536937735e-16, -5.828670879282071e-16,  1.462371890248448e-15, -2.081668171172168e-16, -5.134781488891348e-16, -1.637578961322106e-15, -1.790234627208065e-15
  3.741666666666667e+00,  4.619135165822022e-01,  4.700852912899779e-01,  1.050057576238650e+00,  1.581387062640696e+00, -1.855890673641212e-01,  1.172767876586685e-01,  7.092678392085964e-04,  4.042599948781389e-14, -1.279196924368725e-03,  2.272613572836485e-03,  5.336651089245872e-03, -4.098762317462287e-03,  4.013179642568612e-03,  1.176287991159924e-02, -7.237952676289744e-03,  5.774185428653323e-03,  1.843296244102713e-02, -1.041400699653204e-02,  7.448525300230783e-03,  2.501299443073598e-02, -1.343375538385205e-02,  9.115068393698859e-03,  3.103097661531137e-02, -1.643944192599568e-02,  9.981792420685896e-03,  3.755235183132440e-02, -1.800261827157700e-02,  6.834810495348618e-16, -1.942890293094023e-16, -5.551115123125782e-16,  5.728924279413404e-16, -1.942890293094023e-16, -5.828670879282071e-16,  1.127353418950428e-15, -2.081668171172169e-16, -5.134781488891349e-16,  4.599185615683510e-16, -2.220446049250313e-16, -5.828670879282072e-16,  1.126269216777942e-15, -2.081668171172169e-16, -4.718447854656915e-16,  7.962380754733545e-16, -1.942890293094024e-16, -5.689893001203927e-16, -1.762479051592436e-15, -1.582067810090848e-15
  3.750000000000000e+00,  4.618164841213439e-01,  4.700883288696385e-01,  1.050054934783022e+00,  1.581337257547895e+00, -1.856901627985381e-01,  1.173652104270407e-01,  7.077320939345011e-04,  4.846123934021577e-14, -1.279157221937636e-03,  2.267692786522457e-03,  5.334183108235865e-03, -4.098635104172592e-03,  4.004490088133324e-03,  1.175744006480862e-02, -7.237728031936824e-03,  5.761682848913611e-03,  1.842443795617617e-02, -1.041368377696406e-02,  7.432397348933711e-03,  2.500142695248912e-02, -1.343333844032794e-02,  9.095331952832747e-03,  3.101662606853275e-02, -1.643893169494627e-02,  9.960179301945288e-03,  3.753498541749872e-02, -1.800205952415912e-02,  4.570996359198887e-16, -2.220446049250313e-16, -5.412337245047638e-16,  9.029235692459279e-16, -2.220446049250313e-16, -4.718447854656914e-16,  1.124534493301965e-15, -2.220446049250313e-16, -4.440892098500626e-16,  3.456436525883788e-16, -2.081668171172169e-16, -5.273559366969494e-16,  7.912507454799209e-16, -2.081668171172168e-16, -4.857225732735059e-16,  1.677694441704070e-15, -2.498001805406602e-16, -3.885780586188048e-16, -1.831867990631508e-15, -1.429412144204889e-15
  3.758333333333333e+00,  4.617201161529675e-01,  4.700901204336259e-01,  1.050052074381033e+00,  1.581289223713263e+00, -1.858199146093681e-01,  1.174335333905666e-01,  7.061700468356607e-04,  5.510870028755972e-14, -1.279248418180992e-03,  2.262687724737695e-03,  5.334302896513199e-03, -4.098927312270225e-03,  3.995651712709659e-03,  1.175770409838532e-02, -7.238244038519860e-03,  5.748966144700916e-03,  1.842485170867676e-02, -1.041442621012536e-02,  7.415993183512369e-03,  2.500198840261248e-02, -1.343429615673009e-02,  9.075257497323871e-03,  3.101732260032796e-02, -1.644010369208808e-02,  9.938196027780807e-03,  3.753582833029401e-02, -1.800334296287483e-02,  9.001046435974658e-16, -2.359223927328458e-16, -4.440892098500626e-16,  4.549312315749177e-16, -2.220446049250313e-16, -4.718447854656915e-16,  1.566021617938062e-15, -2.498001805406602e-16, -3.885780586188047e-16,  9.107298248878237e-18, -2.220446049250313e-16, -4.857225732735060e-16,  1.123233450694982e-15, -2.220446049250313e-16, -4.579669976578770e-16,  1.119547163308532e-15, -2.498001805406602e-16, -3.747002708109902e-16, -1.970645868709652e-15, -1.290634266126744e-15
  3.766666666666667e+00,  4.616243054829737e-01,  4.700905722808433e-01,  1.050049063675219e+00,  1.581242351160292e+00, -1.859775031023134e-01,  1.174831066082545e-01,  7.046058140455977e-04, -5.662137928961001e-15, -1.279518401090104e-03,  2.257675659044715e-03,  5.336614688509713e-03, -4.099792383022398e-03,  3.986800968912185e-03,  1.176279967830178e-02, -7.239771656087536e-03,  5.736231644642526e-03,  1.843283671188636e-02, -1.041662415492085e-02,  7.399566061864274e-03,  2.501282382000389e-02, -1.343713143941076e-02,  9.055154949336883e-03,  3.103076495669378e-02, -1.644357334486587e-02,  9.916181989586019e-03,  3.755209569133223e-02, -1.800714253472370e-02, -5.648693318649477e-16,  1.387778780781445e-17,  1.526556658859590e-16,  2.135878279796443e-16,  2.775557561562891e-17,  2.498001805406602e-16, -7.851792133140023e-16,  5.551115123125783e-17,  1.387778780781446e-16,  5.466547353671912e-16, -1.387778780781445e-17,  2.498001805406602e-16, -6.745905917204807e-16,  4.163336342344336e-17,  1.526556658859590e-16,  1.019150042136374e-16,  2.775557561562891e-17,  2.498001805406602e-16,  2.081668171172168e-16,  5.828670879282071e-16
  3.775000000000000e+00,  4.615290767972330e-01,  4.700897435203598e-01,  1.050045705871992e+00,  1.581196263328313e+00, -1.861578074462605e-01,  1.175135012413547e-01,  7.030644464502904e-04, -6.133982756051417e-15, -1.279872370214715e-03,  2.252736857756624e-03,  5.340614794009365e-03, -4.100926559693678e-03,  3.978079602016686e-03,  1.177161658610443e-02, -7.241774484365160e-03,  5.723683292927066e-03,  1.844665320339196e-02, -1.041950583550520e-02,  7.383379066074779e-03,  2.503157239751512e-02, -1.344084872057579e-02,  9.035346253284371e-03,  3.105402433381211e-02, -1.644812233553099e-02,  9.894489745098429e-03,  3.758024318806580e-02, -1.801212407502436e-02,  2.148888705866269e-16,  4.163336342344336e-17,  2.081668171172168e-16,  2.118531045036675e-16,  2.775557561562891e-17,  2.636779683484746e-16, -2.278992966564530e-16,  5.551115123125781e-17,  1.665334536937735e-16, -1.279358563532895e-17, -2.775557561562891e-17,  2.359223927328457e-16, -1.084202172485504e-17,  4.163336342344337e-17,  2.636779683484747e-16, -1.117378758963561e-15,  4.163336342344337e-17,  8.326672684688674e-17,  1.804112415015879e-16,  6.522560269672795e-16
  3.783333333333333e+00,  4.614345277830353e-01,  4.700877170581290e-01,  1.050042074355827e+00,  1.581150162537575e+00, -1.863581304686881e-01,  1.175278966951152e-01,  7.016114215916164e-04, -6.411538536657023e-15, -1.280360785510004e-03,  2.248081121473018e-03,  5.345606111605885e-03, -4.102491524531585e-03,  3.969858096038747e-03,  1.178261829270107e-02, -7.244538036032591e-03,  5.711854143912179e-03,  1.846389337297753e-02, -1.042348204917866e-02,  7.368119820109376e-03,  2.505496680669993e-02, -1.344597791646177e-02,  9.016672883051042e-03,  3.108304730290773e-02, -1.645439914462033e-02,  9.874040781097090e-03,  3.761536553565331e-02, -1.801899772672865e-02, -2.313687436084066e-16,  2.775557561562891e-17,  1.942890293094024e-16,  1.003971211721577e-16,  2.775557561562891e-17,  2.775557561562891e-16,  2.125036258071588e-16,  2.775557561562891e-17,  2.775557561562891e-16, -6.763253151964575e-16,  1.387778780781445e-17,  1.526556658859590e-16, -4.542807102714264e-16,  1.387778780781446e-17,  1.804112415015879e-16, -1.199127602768968e-16,  2.775557561562891e-17,  2.220446049250313e-16,  2.359223927328458e-16,  5.551115123125783e-16
  3.791666666666667e+00,  4.613406432340638e-01,  4.700845825014611e-01,  1.050038179781692e+00,  1.581103859044144e+00, -1.865731172793099e-01,  1.175293226211776e-01,  7.002747908002908e-04, -6.411538536574934e-15, -1.280972388954968e-03,  2.243798331379839e-03,  5.350820217017543e-03, -4.104451204941487e-03,  3.962295171034276e-03,  1.179411106125209e-02, -7.247998610949801e-03,  5.700972564903212e-03,  1.848190305875481e-02, -1.042846114382202e-02,  7.354082910912576e-03,  2.507940542699722e-02, -1.345240079859480e-02,  8.999495336864654e-03,  3.111336571428621e-02, -1.646225909106184e-02,  9.855229874482480e-03,  3.765205557171532e-02, -1.802760505148311e-02, -1.019150042136374e-17,  0.000000000000000e+00,  2.220446049250313e-16, -2.298508605669269e-16,  5.551115123125781e-17,  2.220446049250313e-16,  2.118531045036675e-16,  2.775557561562891e-17,  2.636779683484746e-16, -4.538470294024321e-16,  2.775557561562891e-17,  1.665334536937735e-16, -7.877812985279673e-16,  4.163336342344336e-17,  1.804112415015879e-16, -1.199127602768968e-16,  2.775557561562891e-17,  1.942890293094023e-16,  1.387778780781445e-16,  6.245004513516505e-16
  3.800000000000000e+00,  4.612472613808021e-01,  4.700803779774468e-01,  1.050034047352540e+00,  1.581057642970328e+00, -1.867960164139678e-01,  1.175212379202348e-01,  6.990404482478892e-04, -5.925815920183598e-15, -1.281671454520034e-03,  2.239843290026748e-03,  5.355496605442832e-03, -4.106691128709556e-03,  3.955311013395766e-03,  1.180441861078869e-02, -7.251954064078499e-03,  5.690923719634809e-03,  1.849805545297242e-02, -1.043415227201779e-02,  7.341120203159171e-03,  2.510132375661453e-02, -1.345974218256601e-02,  8.983632335402265e-03,  3.114055746758418e-02, -1.647124304618129e-02,  9.837858508636221e-03,  3.768496186078944e-02, -1.803744326346898e-02, -2.320192649118979e-16,  1.387778780781445e-17,  2.220446049250313e-16,  2.112025832001762e-16,  0.000000000000000e+00,  2.498001805406602e-16,  2.107689023311820e-16,  2.775557561562891e-17,  2.914335439641035e-16, -1.121281886784508e-15,  0.000000000000000e+00,  9.714451465470117e-17,  4.373671563806524e-16,  6.938893903907227e-17,  2.775557561562891e-16, -4.547143911404206e-16,  0.000000000000000e+00,  1.804112415015879e-16,  1.665334536937735e-16,  5.967448757360216e-16
  3.808333333333334e+00,  4.611540996144173e-01,  4.700750980459527e-01,  1.050029718370966e+00,  1.581012185145512e+00, -1.870194541690464e-01,  1.175073594173265e-01,  6.978609360257572e-04, -5.162537523020657e-15, -1.282405432913986e-03,  2.236063934279138e-03,  5.359024735962029e-03, -4.109042919060233e-03,  3.948637096754700e-03,  1.181219520605586e-02, -7.256107060993946e-03,  5.681321250855052e-03,  1.851024172789372e-02, -1.044012762732464e-02,  7.328733307633696e-03,  2.511786017758869e-02, -1.346745021095043e-02,  8.968473979170680e-03,  3.116107245606232e-02, -1.648067567922908e-02,  9.821258790586696e-03,  3.770978821655319e-02, -1.804777281679748e-02, -1.040834085586084e-17,  0.000000000000000e+00,  2.359223927328458e-16, -5.650861722994448e-16,  1.387778780781445e-17,  1.942890293094023e-16,  1.010476424756490e-16, -1.387778780781445e-17,  2.220446049250313e-16, -1.216474837528736e-16,  1.387778780781445e-17,  2.220446049250313e-16, -5.646524914304506e-16,  2.775557561562891e-17,  1.804112415015879e-16,  1.012644829101461e-16,  1.387778780781445e-17,  2.220446049250313e-16,  2.220446049250313e-16,  5.967448757360215e-16
  3.816666666666667e+00,  4.610608180569903e-01,  4.700687227607320e-01,  1.050025240567558e+00,  1.580968395697831e+00, -1.872362954320078e-01,  1.174913855025299e-01,  6.966793345559765e-04, -4.121703345023846e-15, -1.283119317487267e-03,  2.232277884230327e-03,  5.361107167678797e-03, -4.111330325425694e-03,  3.941951358729759e-03,  1.181678523710509e-02, -7.260146363042166e-03,  5.671701773403986e-03,  1.851743451321125e-02, -1.044593939781732e-02,  7.316324471433176e-03,  2.512762057826469e-02, -1.347494721985142e-02,  8.953288773227494e-03,  3.117318115284269e-02, -1.648985007900974e-02,  9.804629669769561e-03,  3.772444164004545e-02, -1.805781958224551e-02, -6.739400704169896e-16,  0.000000000000000e+00,  1.110223024625157e-16,  6.552917930502388e-16,  2.775557561562891e-17,  3.330669073875469e-16, -1.338772842585100e-15,  6.938893903907227e-17,  4.163336342344336e-17,  3.263448539181368e-16,  1.387778780781445e-17,  2.220446049250313e-16, -1.084202172485504e-17,  4.163336342344336e-17,  2.775557561562891e-16, -3.415236843329339e-16,  0.000000000000000e+00,  1.249000902703301e-16,  1.387778780781446e-16,  4.996003610813204e-16
  3.825000000000000e+00,  4.609671230687434e-01,  4.700612513102606e-01,  1.050020649799192e+00,  1.580927241334415e+00, -1.874404714910125e-01,  1.174765509782384e-01,  6.954530364419363e-04, -3.053113588900760e-15, -1.283766648727664e-03,  2.228348618605059e-03,  5.361875846478451e-03, -4.113404483708318e-03,  3.935012718124233e-03,  1.181847953494273e-02, -7.263809092990970e-03,  5.661718418296369e-03,  1.852008955420664e-02, -1.045120935425650e-02,  7.303446244016885e-03,  2.513122339174743e-02, -1.348174530494118e-02,  8.937529153844817e-03,  3.117765078246825e-02, -1.649816917682330e-02,  9.787371516290494e-03,  3.772985059337430e-02, -1.806692971767353e-02, -5.635682892579651e-16,  1.387778780781445e-17,  1.387778780781445e-16,  1.029992063861229e-16,  1.387778780781445e-17,  2.359223927328457e-16, -5.616167253474912e-16,  2.775557561562891e-17,  1.110223024625156e-16,  6.598454421746779e-16,  1.387778780781445e-17,  2.498001805406602e-16, -3.426078865054194e-16,  2.775557561562891e-17,  1.804112415015879e-16, -4.516786250574611e-16,  5.551115123125783e-17,  1.526556658859590e-16,  1.387778780781446e-16,  5.134781488891349e-16
  3.833333333333333e+00,  4.608728632620420e-01,  4.700527590555231e-01,  1.050015899289754e+00,  1.580889756482108e+00, -1.876266595810252e-01,  1.174648066430803e-01,  6.941544075565970e-04, -4.662937117499099e-15, -1.284279381435670e-03,  2.224187593373889e-03,  5.361867957227305e-03, -4.115047365506793e-03,  3.927664816315448e-03,  1.181846214570192e-02, -7.266710237176524e-03,  5.651146215978528e-03,  1.852006230447767e-02, -1.045538353676399e-02,  7.289808421518739e-03,  2.513118641464280e-02, -1.348712987458259e-02,  8.920839986553804e-03,  3.117760490885643e-02, -1.650475849723032e-02,  9.769095427324761e-03,  3.772979507906753e-02, -1.807414559612548e-02,  4.566659550508944e-16, -1.804112415015879e-16, -4.579669976578770e-16,  5.663872149064274e-16, -1.804112415015879e-16, -4.440892098500625e-16,  5.672545766444159e-16, -2.081668171172169e-16, -4.857225732735060e-16,  9.001046435974656e-16, -2.081668171172168e-16, -4.163336342344336e-16,  3.439089291124019e-16, -1.942890293094023e-16, -4.440892098500625e-16, -3.200564813177209e-16, -1.804112415015879e-16, -5.689893001203926e-16, -1.582067810090848e-15, -1.318389841742373e-15
  3.841666666666667e+00,  4.607781125496719e-01,  4.700432901093563e-01,  1.050011133934024e+00,  1.580856000349818e+00, -1.877949080259131e-01,  1.174587488946425e-01,  6.928129087413078e-04, -1.273981033850518e-14, -1.284727705965857e-03,  2.219889205196447e-03,  5.361862159618372e-03, -4.116483872800142e-03,  3.920074346805539e-03,  1.181844936680410e-02, -7.269246947294628e-03,  5.640225005754691e-03,  1.852004227937419e-02, -1.045903336954991e-02,  7.275720389228681e-03,  2.513115924116016e-02, -1.349183804896492e-02,  8.903599878922785e-03,  3.117757119758247e-02, -1.651052008490988e-02,  9.750216010466512e-03,  3.772975428312976e-02, -1.808045503561898e-02,  2.365729140363370e-16, -1.665334536937735e-16, -5.412337245047637e-16,  1.013945871708444e-15, -1.804112415015879e-16, -4.579669976578770e-16,  1.238158880978446e-16, -1.665334536937735e-16, -4.718447854656914e-16,  5.700735022928781e-16, -1.804112415015879e-16, -5.273559366969493e-16,  3.471615356298584e-16, -1.942890293094023e-16, -5.412337245047637e-16,  4.597017211338538e-16, -1.387778780781445e-16, -4.857225732735059e-16, -1.554312234475219e-15, -1.387778780781445e-15
