index,x,y,z
27565,-91.99360656738281,31.63582992553711,175.8699951171875
27567,-92.49959564208984,31.703140258789062,175.5558319091797
27568,-91.48922729492188,31.78875732421875,175.89715576171875
27570,-90.87946319580078,31.938650131225586,175.94732666015625
27572,-90.2331314086914,31.935277938842773,176.24990844726562
27578,-93.03302764892578,31.76264762878418,175.2356719970703
27579,-93.34148406982422,31.951292037963867,174.83067321777344
27580,-93.69661712646484,31.622615814208984,175.17178344726562
27582,-94.35065460205078,31.780656814575195,174.8634796142578
27583,-94.68077850341797,31.96433448791504,174.4474639892578
27584,-94.95276641845703,31.643779754638672,174.87461853027344
27592,-95.64811706542969,31.74672508239746,174.66404724121094
27711,-63.04175567626953,11.162353515625,178.95643615722656
27714,-63.058475494384766,12.057090759277344,179.1700439453125
27715,-62.82412338256836,12.514131546020508,179.129150390625
27716,-62.948673248291016,12.98348331451416,179.28103637695312
27717,-62.77089309692383,13.313728332519531,179.24754333496094
27718,-62.975555419921875,13.667255401611328,179.41836547851562
27719,-62.912845611572266,14.064351081848145,179.43687438964844
27720,-63.58955001831055,14.03036117553711,179.82102966308594
27722,-63.28425979614258,14.575601577758789,179.72607421875
27723,-64.04087829589844,14.804986953735352,180.13821411132812
27724,-63.758079528808594,15.240762710571289,180.10226440429688
27725,-64.38713836669922,15.43703556060791,180.36009216308594
27727,-64.08275604248047,15.744661331176758,180.29969787597656
27728,-64.61051177978516,15.98520565032959,180.56222534179688
27730,-64.18560028076172,16.282886505126953,180.47384643554688
27731,-64.79634857177734,16.509235382080078,180.74327087402344
27733,-64.39332580566406,17.104215621948242,180.66363525390625
27831,-91.92919921875,30.972043991088867,176.63841247558594
27832,-92.37904357910156,31.243993759155273,176.1187286376953
27833,-92.47510528564453,30.781946182250977,176.56802368164062
27834,-91.70511627197266,31.400407791137695,176.26412963867188
27835,-91.33219909667969,31.13982582092285,176.753173828125
27836,-91.11026000976562,31.5467529296875,176.37464904785156
27837,-90.67269134521484,31.283889770507812,177.00559997558594
27838,-90.5991439819336,31.702600479125977,176.51544189453125
27839,-90.05402374267578,31.622419357299805,176.9849090576172
27846,-93.06266784667969,30.816287994384766,176.2416229248047
27847,-93.04566192626953,31.343669891357422,175.6885223388672
27848,-93.75328063964844,31.02967643737793,175.80702209472656
27849,-89.7392807006836,31.85485076904297,176.69451904296875
27850,-89.27689361572266,31.938312530517578,176.8226318359375
27852,-94.4726791381836,30.804412841796875,175.81190490722656
27853,-94.36302185058594,31.330245971679688,175.331298828125
27854,-94.97463989257812,31.135231018066406,175.43797302246094
27856,-95.39318084716797,31.36479377746582,175.112548828125
27857,-95.95492553710938,31.22480010986328,175.19676208496094
27858,-95.42916870117188,31.0865478515625,175.4172821044922
27861,-97.88715362548828,31.299301147460938,174.9835968017578
27862,-97.85094451904297,31.793657302856445,174.3015594482422
27863,-98.50326538085938,31.523714065551758,174.60130310058594
27864,-97.10987854003906,31.335803985595703,174.97607421875
27865,-96.5090560913086,31.346582412719727,175.01251220703125
27976,-65.11714172363281,7.410848140716553,178.96849060058594
27984,-63.57535171508789,11.92321491241455,179.40350341796875
27985,-63.39253616333008,12.745084762573242,179.4730987548828
27987,-63.247676849365234,13.35717487335205,179.5106964111328
27988,-63.83163070678711,13.440506935119629,179.8317108154297
27989,-64.19435119628906,14.00938892364502,180.04293823242188
27990,-64.38749694824219,14.521462440490723,180.2045440673828
27991,-64.68055725097656,15.154540061950684,180.4232635498047
27994,-64.9337387084961,15.746528625488281,180.62640380859375
27996,-65.12801361083984,16.363492965698242,180.80531311035156
27998,-65.14353942871094,17.051652908325195,180.93734741210938
27999,-64.91671752929688,17.538061141967773,180.9492645263672
28001,-65.27306365966797,17.68212127685547,181.05557250976562
28002,-65.52043151855469,18.10511016845703,181.16400146484375
28009,-65.336669921875,18.937358856201172,181.06454467773438
28010,-65.53059387207031,19.54041290283203,181.14332580566406
28099,-92.44210815429688,29.53852081298828,177.7025604248047
28100,-92.492919921875,30.007015228271484,177.27615356445312
28101,-93.0754165649414,29.78536605834961,177.22055053710938
28102,-91.96776580810547,29.89674186706543,177.62757873535156
28103,-92.12104034423828,30.42971420288086,177.0684814453125
28104,-91.58585357666016,30.23362922668457,177.52606201171875
28110,-92.86527252197266,30.3526611328125,176.8101043701172
28111,-91.51530456542969,30.68503761291504,177.1484375
28112,-90.99153900146484,30.361492156982422,177.7841339111328
28113,-91.01018524169922,30.882564544677734,177.27439880371094
28114,-90.42505645751953,30.803144454956055,177.7374725341797
28115,-87.02656555175781,32.02843475341797,178.1275177001953
28116,-87.6839828491211,31.892553329467773,178.00833129882812
28117,-87.18476867675781,31.765018463134766,178.63235473632812
28118,-86.69132232666016,32.134605407714844,177.97628784179688
28119,-86.6004638671875,32.03361129760742,178.37246704101562
28124,-93.7221908569336,29.40594482421875,177.3062744140625
28125,-93.93634796142578,30.18906593322754,176.5165252685547
28126,-90.10194396972656,31.207687377929688,177.4837646484375
28127,-89.53067779541016,31.42045021057129,177.72262573242188
28128,-89.50463104248047,31.729522705078125,177.17520141601562
28129,-88.96214294433594,31.757287979125977,177.4989776611328
28130,-88.81392669677734,31.440975189208984,178.16578674316406
28131,-88.38723754882812,31.76819610595703,177.850341796875
28132,-88.55648803710938,31.89399528503418,177.45401000976562
28134,-94.87698364257812,30.43260383605957,176.06851196289062
28136,-96.521240234375,30.654739379882812,175.7083740234375
28137,-96.52415466308594,30.987760543823242,175.4013671875
28138,-96.9283676147461,30.68560218811035,175.65342712402344
28139,-96.08464813232422,30.631433486938477,175.7600555419922
28140,-95.57665252685547,30.804521560668945,175.6505126953125
28141,-95.23481750488281,30.887311935424805,175.62628173828125
28143,-98.37635040283203,30.92522430419922,175.36376953125
28144,-99.1591567993164,31.276559829711914,174.864990234375
28145,-97.57968139648438,30.77239418029785,175.55836486816406
28148,-101.72731018066406,31.363115310668945,174.69595336914062
28245,-66.17691802978516,5.17623233795166,178.7418670654297
28247,-65.84264373779297,5.8130292892456055,178.76959228515625
28249,-65.61835479736328,6.684821128845215,178.9051513671875
28251,-65.10160827636719,8.449841499328613,179.22154235839844
28252,-64.75586700439453,9.217848777770996,179.2764129638672
28253,-64.38702392578125,10.131688117980957,179.3644256591797
28255,-63.89706039428711,11.05065631866455,179.37295532226562
28257,-64.24137115478516,11.876591682434082,179.6593017578125
28258,-64.00183868408203,12.645158767700195,179.74163818359375
28259,-64.2429428100586,13.065337181091309,179.89378356933594
28260,-64.12718200683594,13.236218452453613,179.88768005371094
28261,-64.35424041748047,13.775238037109375,180.0517120361328
28262,-64.62355041503906,14.353879928588867,180.2462158203125
28263,-64.89481353759766,14.94485855102539,180.45143127441406
28265,-65.16888427734375,15.55778980255127,180.6541290283203
28266,-65.3843765258789,16.175024032592773,180.83599853515625
28269,-65.5141372680664,16.802248001098633,180.9967498779297
28271,-65.62420654296875,17.500791549682617,181.12564086914062
28272,-65.79966735839844,17.95049476623535,181.21681213378906
28276,-65.86927795410156,18.41777801513672,181.283203125
28278,-65.86141967773438,19.140623092651367,181.31532287597656
28282,-65.918212890625,19.861671447753906,181.32089233398438
28354,-83.66984558105469,31.643465042114258,179.7144775390625
28355,-83.30382537841797,31.567163467407227,179.96475219726562
28357,-91.83690643310547,29.38144874572754,178.1741943359375
28358,-92.34728240966797,28.997037887573242,178.28858947753906
28359,-91.75043487548828,28.944480895996094,178.64137268066406
28360,-91.24601745605469,29.05998420715332,178.74488830566406
28361,-91.2898941040039,29.744136810302734,178.13658142089844
28362,-90.7225341796875,29.362321853637695,178.83319091796875
28363,-84.00019073486328,31.70027732849121,179.53811645507812
28364,-84.11309814453125,31.78253746032715,179.21957397460938
28365,-84.55795288085938,31.675600051879883,179.64776611328125
28367,-92.94397735595703,28.75623893737793,178.21511840820312
28368,-93.00431823730469,29.216812133789062,177.744873046875
28369,-93.53621673583984,28.849498748779297,177.87001037597656
28370,-90.69059753417969,29.87794303894043,178.40834045410156
28371,-90.1024398803711,29.68180274963379,178.99481201171875
28372,-84.48340606689453,31.828399658203125,179.06710815429688
28373,-84.99359893798828,31.803691864013672,179.18548583984375
28374,-90.30487060546875,30.256834030151367,178.35179138183594
28375,-89.92386627197266,30.629167556762695,178.2976837158203
28376,-89.87751770019531,30.994094848632812,177.97076416015625
28377,-89.31941223144531,30.899839401245117,178.43975830078125
28378,-88.54165649414062,31.093101501464844,178.7881317138672
28379,-88.15984344482422,31.5606632232666,178.4617919921875
28380,-87.8844985961914,31.316171646118164,179.03468322753906
28381,-87.62262725830078,31.617036819458008,178.68531799316406
28382,-87.20700073242188,31.518930435180664,179.2161102294922
28383,-85.49650573730469,31.76169776916504,179.3310089111328
28384,-85.48448181152344,31.888582229614258,178.90565490722656
28385,-86.03450012207031,31.832372665405273,179.08287048339844
28386,-94.27410888671875,28.971057891845703,177.57708740234375
28387,-94.56869506835938,29.482128143310547,177.06053161621094
28388,-94.90746307373047,29.032976150512695,177.3900146484375
28391,-95.15538787841797,29.900047302246094,176.53074645996094
28392,-95.32359313964844,29.321998596191406,177.04901123046875
28394,-95.88863372802734,29.564205169677734,176.7615509033203
28395,-95.95889282226562,30.087505340576172,176.270751953125
28396,-96.5604248046875,29.806318283081055,176.4999237060547
28398,-96.51210021972656,30.33235740661621,175.99740600585938
28399,-96.98085021972656,30.235509872436523,176.08847045898438
28400,-97.24967956542969,30.487314224243164,175.84518432617188
28401,-97.48091888427734,30.249916076660156,176.08404541015625
28403,-100.14503479003906,30.62691879272461,175.91534423828125
28404,-100.0785140991211,31.05730628967285,175.3115234375
28405,-100.51786041259766,30.916696548461914,175.5291748046875
28406,-99.69197845458984,30.648698806762695,175.8628387451172
28407,-99.57054138183594,31.021793365478516,175.33628845214844
28408,-99.0022964477539,30.608762741088867,175.79100036621094
28409,-98.4715805053711,30.5216064453125,175.80189514160156
28410,-98.02578735351562,30.452802658081055,175.88470458984375
28412,-101.23097229003906,31.01578712463379,175.51748657226562
28413,-101.75126647949219,31.0029239654541,175.67300415039062
28414,-100.89828491210938,31.159015655517578,175.12525939941406
28417,-102.94312286376953,31.442678451538086,174.59645080566406
28418,-102.24229431152344,31.31464385986328,174.89654541015625
28420,-103.81946563720703,31.535018920898438,174.3854522705078
28525,-67.19217681884766,3.432133436203003,178.9962615966797
28526,-67.44961547851562,2.8045103549957275,178.9651641845703
28528,-66.89163208007812,4.057733535766602,178.90757751464844
28529,-67.00041961669922,4.512157917022705,179.09552001953125
28530,-66.65129852294922,4.898858070373535,178.99209594726562
28531,-66.6731185913086,5.278587818145752,179.18753051757812
28533,-66.34490203857422,5.590184688568115,179.0711669921875
28534,-66.41299438476562,6.039594650268555,179.26841735839844
28537,-66.08211517333984,6.392045974731445,179.1551513671875
28538,-66.16416931152344,6.904106616973877,179.33290100097656
28540,-65.78622436523438,7.23971700668335,179.23922729492188
28541,-65.88593292236328,7.794946193695068,179.38409423828125
28542,-65.60071563720703,8.215149879455566,179.35662841796875
28543,-65.65685272216797,8.731894493103027,179.46826171875
28545,-65.32093811035156,9.083847045898438,179.423828125
28546,-65.4368667602539,9.691899299621582,179.57862854003906
28547,-65.06956481933594,10.203859329223633,179.566650390625
28548,-64.91485595703125,11.111011505126953,179.68540954589844
28549,-64.83777618408203,12.103360176086426,179.86073303222656
28551,-64.39434814453125,12.891985893249512,179.9009552001953
28552,-64.78074645996094,13.075444221496582,180.045166015625
28553,-64.6581802368164,12.638797760009766,179.91920471191406
28555,-64.5435562133789,13.48220157623291,180.05934143066406
28557,-64.74005126953125,14.17809772491455,180.2480926513672
28558,-64.89656066894531,14.076831817626953,180.2777099609375
28559,-64.9886703491211,14.785289764404297,180.4493408203125
28560,-65.04210662841797,14.650022506713867,180.43923950195312
28562,-65.26073455810547,15.399447441101074,180.63714599609375
28563,-65.27227783203125,15.25516128540039,180.60986328125
28565,-65.49931335449219,16.01605796813965,180.8168487548828
28566,-65.5177993774414,15.86992073059082,180.78506469726562
28568,-65.6716537475586,16.617534637451172,180.9879608154297
28569,-65.7124252319336,16.465360641479492,180.9583740234375
28572,-65.76982116699219,17.156557083129883,181.12368774414062
28573,-65.84593963623047,17.067153930664062,181.1225128173828
28575,-65.94490814208984,17.811664581298828,181.2340545654297
28578,-66.1134033203125,18.801176071166992,181.3972625732422
28580,-66.19181823730469,19.37974739074707,181.4457550048828
28581,-66.30677795410156,19.911527633666992,181.48001098632812
28582,-66.48546600341797,19.621681213378906,181.56094360351562
28585,-66.61666870117188,20.36716079711914,181.57846069335938
28590,-66.8601303100586,21.035198211669922,181.59906005859375
28599,-67.7615966796875,22.587188720703125,181.8694305419922
28646,-80.7783432006836,31.304006576538086,181.00987243652344
28647,-80.12102508544922,31.274417877197266,180.96763610839844
28649,-91.72349548339844,27.44792366027832,179.61334228515625
28650,-91.9441909790039,27.961069107055664,179.18258666992188
28651,-92.18544006347656,27.552509307861328,179.4073028564453
28652,-91.34032440185547,27.825008392333984,179.55474853515625
28653,-91.44793701171875,28.284582138061523,179.18630981445312
28654,-91.05751037597656,28.150693893432617,179.4653778076172
28655,-82.95792388916016,31.491121292114258,180.30284118652344
28656,-82.63976287841797,31.383808135986328,180.81153869628906
28657,-82.05305480957031,31.37082290649414,180.7604217529297
28658,-81.50501251220703,31.339628219604492,180.88258361816406
28659,-91.89453125,28.540672302246094,178.84121704101562
28660,-92.5176773071289,28.38528060913086,178.72119140625
28661,-92.66907501220703,27.744876861572266,179.1145477294922
28662,-91.4621353149414,28.667484283447266,178.91275024414062
28663,-91.09544372558594,28.54291534423828,179.17294311523438
28664,-90.78500366210938,28.321672439575195,179.51171875
28665,-90.7293930053711,28.773216247558594,179.24249267578125
28666,-83.84986114501953,31.473892211914062,180.44248962402344
28667,-84.10887145996094,31.605945587158203,179.944580078125
28668,-84.53216552734375,31.46994972229004,180.2803955078125
28669,-83.37386322021484,31.467206954956055,180.4380645751953
28671,-93.32612609863281,28.263967514038086,178.51419067382812
28672,-90.21455383300781,28.994873046875,179.44503784179688
28673,-85.01575469970703,31.303659439086914,180.58895874023438
28674,-85.18743133544922,31.461013793945312,180.04376220703125
28675,-85.50032043457031,31.293354034423828,180.42515563964844
28677,-94.04557037353516,28.513870239257812,178.0862579345703
28678,-89.60966491699219,30.253948211669922,178.85671997070312
28679,-89.50016021728516,29.806903839111328,179.36038208007812
28680,-89.14763641357422,30.12738037109375,179.3737030029297
28681,-88.94422149658203,30.59583282470703,179.12867736816406
28682,-88.66400909423828,30.32423973083496,179.6240997314453
28683,-88.18993377685547,30.845006942749023,179.43753051757812
28684,-88.17100524902344,30.483816146850586,179.93325805664062
28685,-87.56314849853516,30.851163864135742,180.0198516845703
28686,-87.56584167480469,31.16887664794922,179.5101318359375
28687,-87.00203704833984,31.2785701751709,179.84922790527344
28688,-86.47811126708984,31.540964126586914,179.6383056640625
28689,-86.42642211914062,31.306249618530273,180.1153106689453
28690,-85.88414001464844,31.445634841918945,180.08404541015625
28691,-85.79485321044922,31.645898818969727,179.6248016357422
28692,-85.19747161865234,31.633316040039062,179.58975219726562
28694,-94.83570861816406,28.515050888061523,177.91078186035156
28695,-94.29218292236328,27.867136001586914,178.68838500976562
28696,-86.29464721679688,31.719100952148438,179.34214782714844
28697,-86.70793914794922,31.719268798828125,179.07470703125
28699,-95.44760131835938,28.86697006225586,177.49386596679688
28700,-95.55974578857422,28.431726455688477,177.9150390625
28701,-86.39861297607422,31.786039352416992,179.11480712890625
28702,-96.1164779663086,28.71367835998535,177.58055114746094
28703,-96.38591766357422,29.244033813476562,177.0530548095703
28704,-96.82164001464844,28.879615783691406,177.38473510742188
28707,-97.0543441772461,29.43329620361328,176.84938049316406
28708,-95.84898376464844,29.134660720825195,177.17918395996094
28710,-97.5119400024414,29.80698013305664,176.49864196777344
28711,-97.11788177490234,29.895381927490234,176.40908813476562
28713,-98.37305450439453,29.7414493560791,176.63340759277344
28714,-98.38386535644531,30.166479110717773,176.2026824951172
28715,-98.83334350585938,29.994810104370117,176.44639587402344
28716,-97.96631622314453,29.761075973510742,176.5648651123047
28717,-97.87506866455078,30.087045669555664,176.24644470214844
28719,-100.4392318725586,30.232154846191406,176.48056030273438
28720,-100.82049560546875,30.765403747558594,175.78663635253906
28721,-100.96778869628906,30.516550064086914,176.23231506347656
28722,-99.86078643798828,30.251663208007812,176.36334228515625
28723,-99.36334991455078,30.212623596191406,176.32302856445312
28727,-101.37358093261719,30.548480987548828,176.33485412597656
28728,-102.65303039550781,31.126670837402344,175.64447021484375
28729,-102.17833709716797,30.98291778564453,175.86575317382812
28732,-103.34313201904297,31.340534210205078,175.41734313964844
28737,-104.40971374511719,31.524070739746094,175.15689086914062
28738,-103.88385772705078,31.410757064819336,175.36651611328125
28742,-105.66635131835938,31.820899963378906,174.91964721679688
28743,-105.0137710571289,31.66514778137207,175.1780548095703
28744,-105.4080581665039,31.637453079223633,175.61993408203125
28748,-106.30450439453125,32.01511764526367,174.7131805419922
28751,-107.36061096191406,32.259788513183594,174.66664123535156
28752,-106.81086730957031,32.1328125,174.97775268554688
28754,-108.92928314208984,32.357608795166016,174.44964599609375
28755,-108.18804931640625,32.33794403076172,174.64501953125
28757,-110.4351577758789,32.20369338989258,174.23565673828125
28758,-109.72166442871094,32.257850646972656,174.49217224121094
28762,-113.01536560058594,31.592193603515625,174.02175903320312
28763,-112.39503479003906,31.776397705078125,173.97276306152344
28766,-113.82933807373047,31.374784469604492,173.92845153808594
28767,-114.61491394042969,31.28891372680664,173.55093383789062
28775,-115.2042007446289,31.194726943969727,173.35189819335938
28843,-67.83613586425781,3.07033634185791,179.4375457763672
28844,-67.63048553466797,3.5147438049316406,179.36582946777344
28846,-67.52607727050781,3.989330291748047,179.38182067871094
28847,-67.46312713623047,4.561728477478027,179.47964477539062
28850,-67.11979675292969,4.952605247497559,179.38990783691406
28851,-67.07422637939453,5.3550214767456055,179.4542236328125
28853,-66.86378479003906,5.737793922424316,179.4056854248047
28854,-66.88690948486328,6.165076732635498,179.47613525390625
28856,-66.64151763916016,6.564311504364014,179.45516967773438
28857,-66.67005920410156,7.081419467926025,179.52719116210938
28859,-66.41334533691406,7.499761581420898,179.47059631347656
28860,-66.4256362915039,8.002616882324219,179.5534210205078
28862,-66.14553833007812,8.41132926940918,179.55006408691406
28863,-66.14816284179688,8.91041374206543,179.62637329101562
28864,-65.91655731201172,9.33992862701416,179.61752319335938
28865,-65.95907592773438,9.854693412780762,179.69927978515625
28866,-65.77342987060547,10.331746101379395,179.75389099121094
28867,-65.31364440917969,10.63859748840332,179.69781494140625
28869,-65.70099639892578,10.906975746154785,179.83616638183594
28870,-65.65926361083984,11.335775375366211,179.9001922607422
28872,-65.4622573852539,11.75816535949707,179.9453887939453
28873,-65.41717529296875,12.247132301330566,180.01939392089844
28875,-65.17229461669922,12.68781852722168,180.06973266601562
28876,-65.19689178466797,13.17255973815918,180.17303466796875
28878,-65.0216293334961,13.603257179260254,180.22271728515625
28879,-65.16443634033203,14.537150382995605,180.44467163085938
28880,-65.43832397460938,14.62853717803955,180.5120849609375
28881,-65.34628295898438,14.2728853225708,180.42337036132812
28883,-65.32070922851562,15.115455627441406,180.59010314941406
28884,-65.49822235107422,15.000409126281738,180.59835815429688
28885,-65.54997253417969,15.712413787841797,180.7528076171875
28886,-65.6857681274414,15.51364803314209,180.735107421875
28888,-65.76162719726562,16.315526962280273,180.9307098388672
28889,-65.92638397216797,16.10184097290039,180.9066162109375
28891,-65.87022399902344,16.840831756591797,181.07334899902344
28892,-66.10142517089844,16.806766510009766,181.102783203125
28894,-65.99795532226562,17.476032257080078,181.20932006835938
28895,-66.05079650878906,17.709741592407227,181.24655151367188
28896,-66.18310546875,17.389869689941406,181.24119567871094
28897,-66.15601348876953,17.716121673583984,181.27069091796875
28899,-66.09881591796875,17.950355529785156,181.28346252441406
28904,-66.8704605102539,20.051822662353516,181.70916748046875
28905,-66.66590118408203,19.512544631958008,181.6139678955078
28906,-67.08702087402344,19.819562911987305,181.75961303710938
28907,-66.80644989013672,19.277362823486328,181.63455200195312
28908,-67.11679077148438,20.674516677856445,181.76220703125
28909,-67.34854888916016,20.3853759765625,181.8800811767578
28912,-67.36952209472656,21.2625675201416,181.82479858398438
28913,-67.6507797241211,20.96709632873535,181.9932098388672
28917,-67.55022430419922,21.768667221069336,181.86276245117188
28918,-67.90261840820312,21.564434051513672,182.0543975830078
28921,-68.02566528320312,22.187583923339844,182.05711364746094
28923,-68.2623519897461,22.767173767089844,182.11965942382812
28926,-68.39515686035156,23.167997360229492,182.11036682128906
28928,-68.82330322265625,23.401931762695312,182.31118774414062
28930,-69.4455795288086,23.751087188720703,182.5556182861328
28933,-69.66777038574219,24.51445770263672,182.5162353515625
28934,-70.13863372802734,24.92810821533203,182.64894104003906
28936,-70.25056457519531,25.32712173461914,182.59547424316406
28937,-70.33096313476562,25.681991577148438,182.55018615722656
28940,-70.62296295166016,25.80731201171875,182.68215942382812
28942,-71.80282592773438,26.62425422668457,182.93917846679688
28947,-73.41686248779297,27.976959228515625,182.91566467285156
28950,-73.80303192138672,28.21874237060547,182.91981506347656
28954,-75.67909240722656,29.805946350097656,182.6408233642578
28955,-76.0944595336914,30.261743545532227,182.4823760986328
28958,-76.75379180908203,30.37763214111328,182.5894012451172
28959,-77.3516845703125,30.724828720092773,182.28782653808594
28961,-78.02440643310547,30.734588623046875,182.3475341796875
28962,-78.96223449707031,30.857269287109375,182.27493286132812
28964,-90.82636260986328,27.157115936279297,180.3233184814453
28965,-91.20970916748047,27.323841094970703,179.96014404296875
28966,-91.1257553100586,26.75495147705078,180.4231414794922
28967,-79.98738098144531,31.07094955444336,181.73065185546875
28969,-91.57530212402344,26.980714797973633,180.0093536376953
28970,-92.14391326904297,27.080501556396484,179.76315307617188
28971,-90.75592803955078,27.773929595947266,179.90933227539062
28972,-90.45921325683594,27.291728973388672,180.46905517578125
28973,-90.12405395507812,27.783910751342773,180.33094787597656
28974,-80.84917449951172,31.028961181640625,181.87185668945312
28975,-81.41736602783203,31.13687515258789,181.57315063476562
28977,-92.46526336669922,27.385292053222656,179.45138549804688
28978,-92.83413696289062,27.01534652709961,179.6317901611328
28979,-92.44351959228516,26.70148468017578,179.99330139160156
28980,-90.37588500976562,28.361774444580078,179.76522827148438
28981,-89.70561218261719,28.52913475036621,180.140625
28982,-82.35151672363281,31.208663940429688,181.34556579589844
28983,-82.83627319335938,31.165369033813477,181.35133361816406
28984,-81.87675476074219,31.23490333557129,181.30833435058594
28986,-93.44184112548828,27.502717971801758,179.1352996826172
28987,-89.60652160644531,29.2959041595459,179.6674041748047
28988,-89.12458038330078,29.110261917114258,180.26055908203125
28989,-84.51490020751953,31.235506057739258,180.90098571777344
28990,-83.98062133789062,31.1978816986084,181.13162231445312
28991,-83.34243774414062,31.284433364868164,181.0259552001953
28993,-88.96636199951172,29.759082794189453,179.85935974121094
28994,-88.69125366210938,29.465959548950195,180.35089111328125
28995,-88.40924835205078,29.842098236083984,180.2772979736328
28996,-88.47407531738281,30.123065948486328,179.96571350097656
28997,-88.16044616699219,30.189302444458008,180.23382568359375
28998,-86.74690246582031,30.602479934692383,181.0350799560547
28999,-86.75704193115234,30.979631423950195,180.46902465820312
29000,-87.35027313232422,30.52788543701172,180.68792724609375
29001,-86.15874481201172,30.837772369384766,181.00112915039062
29002,-86.03804779052734,31.19392967224121,180.52072143554688
29003,-85.45428466796875,31.106117248535156,180.92515563964844
29004,-84.9688949584961,31.157827377319336,180.94595336914062
29006,-87.8395004272461,30.43885612487793,180.3226776123047
29008,-95.3225326538086,27.910024642944336,178.45547485351562
29009,-96.08175659179688,28.133201599121094,178.16720581054688
29011,-96.6706314086914,28.394412994384766,177.8749542236328
29013,-97.30368041992188,28.580385208129883,177.726806640625
29014,-97.02760314941406,28.252899169921875,178.0363006591797
29016,-97.74928283691406,28.512893676757812,177.82208251953125
29017,-98.01238250732422,28.903772354125977,177.43377685546875
29018,-98.23907470703125,28.464996337890625,177.89913940429688
29019,-97.4601821899414,29.081514358520508,177.20706176757812
29020,-98.66326141357422,28.999122619628906,177.41676330566406
29021,-99.25151062011719,29.4204158782959,177.0751953125
29022,-99.09402465820312,28.805538177490234,177.70663452148438
29023,-98.00994873046875,29.389446258544922,176.9525146484375
29024,-98.62483978271484,29.45189666748047,176.96133422851562
29025,-97.60171508789062,29.4708194732666,176.82025146484375
29028,-99.64714813232422,29.282766342163086,177.31478881835938
29029,-99.8482894897461,29.767677307128906,176.8459014892578
29030,-100.15153503417969,29.457368850708008,177.25021362304688
29031,-99.52272033691406,29.900318145751953,176.65650939941406
29032,-99.14396667480469,29.798349380493164,176.69027709960938
29035,-100.95426940917969,29.918907165527344,177.0172576904297
29036,-100.5421371459961,29.748537063598633,177.0518035888672
29037,-101.89730072021484,30.599878311157227,176.45321655273438
29038,-101.55183410644531,30.131771087646484,177.0012969970703
29040,-102.51995086669922,30.703231811523438,176.52169799804688
29042,-103.19127655029297,30.99838638305664,176.3053741455078
29044,-104.20521545410156,31.376495361328125,175.78494262695312
29045,-103.78428649902344,31.213180541992188,176.02171325683594
29047,-104.82707214355469,31.388343811035156,176.05282592773438
29048,-104.237548828125,31.21692657470703,176.26416015625
29050,-106.23149108886719,31.943889617919922,175.27015686035156
29051,-105.97819519042969,31.744239807128906,175.73765563964844
29052,-105.62345886230469,31.465362548828125,176.21849060058594
29054,-107.2777099609375,32.1530647277832,175.37022399902344
29055,-106.74236297607422,31.956317901611328,175.8272247314453
29057,-108.85204315185547,32.17713928222656,175.17440795898438
29058,-108.40279388427734,32.05226516723633,175.6271514892578
29059,-107.80208587646484,32.249393463134766,175.2920684814453
29061,-110.37447357177734,31.925569534301758,175.0778045654297
29062,-109.86473846435547,31.930509567260742,175.37301635742188
29063,-109.36161804199219,32.14750671386719,175.11346435546875
29064,-111.9112319946289,31.717376708984375,174.5271759033203
29065,-111.3648910522461,31.600175857543945,175.2159423828125
29066,-110.83927154541016,31.904319763183594,174.82760620117188
29068,-113.31104278564453,31.146455764770508,174.7417449951172
29069,-113.9057846069336,31.065670013427734,174.5428009033203
29070,-112.552978515625,31.414051055908203,174.69100952148438
29073,-114.4262924194336,31.003658294677734,174.3498992919922
29074,-115.162353515625,30.9315242767334,174.0898895263672
29092,-116.5027847290039,30.488733291625977,174.16830444335938
29159,-68.88121795654297,1.4969251155853271,179.77928161621094
29160,-68.49405670166016,1.9290677309036255,179.61932373046875
29161,-68.9178237915039,1.8940925598144531,179.9305419921875
29162,-68.6982192993164,2.313127279281616,179.85232543945312
29163,-68.33368682861328,2.717133045196533,179.68373107910156
29164,-68.74019622802734,2.726208448410034,179.9327850341797
29165,-68.42005920410156,3.0905051231384277,179.79940795898438
29166,-68.00759887695312,3.512812614440918,179.6337432861328
29167,-68.53678894042969,3.442934274673462,179.93141174316406
29169,-68.23573303222656,3.918173313140869,179.8406219482422
29170,-67.84034729003906,4.339232921600342,179.68423461914062
29171,-68.24349975585938,4.350656986236572,179.84860229492188
29172,-67.90199279785156,4.922143459320068,179.7302703857422
29173,-67.36662292480469,5.20643949508667,179.5660858154297
29176,-67.45352935791016,5.6253275871276855,179.6530303955078
29177,-68.19266510009766,5.714818954467773,179.88729858398438
29178,-69.01301574707031,5.037595272064209,180.15977478027344
29179,-67.18846130371094,5.998178482055664,179.5792236328125
29181,-67.33251953125,6.429141521453857,179.69869995117188
29182,-67.07801818847656,6.94636344909668,179.64956665039062
29184,-67.6973648071289,7.212034702301025,179.8112030029297
29185,-68.08781433105469,6.434244632720947,179.89059448242188
29186,-68.60523223876953,7.118155479431152,179.99911499023438
29187,-67.0212173461914,7.426448345184326,179.66078186035156
29188,-66.8215560913086,7.86250114440918,179.6297607421875
29190,-68.34026336669922,8.178504943847656,179.94210815429688
29191,-67.37757873535156,7.957006931304932,179.78594970703125
29192,-66.82080078125,8.372888565063477,179.7108154296875
29193,-66.51958465576172,8.768611907958984,179.68106079101562
29194,-67.45692443847656,8.689438819885254,179.82269287109375
29195,-66.93158721923828,8.869952201843262,179.75514221191406
29196,-66.58576965332031,9.22944164276123,179.71603393554688
29197,-66.36973571777344,9.676471710205078,179.7270965576172
29199,-67.9147720336914,9.44304370880127,179.91514587402344
29200,-67.20336151123047,9.2101469039917,179.8181915283203
29201,-66.9979019165039,9.699567794799805,179.82843017578125
29202,-66.48455810546875,10.13539981842041,179.80023193359375
29203,-67.32852935791016,10.292634010314941,179.92921447753906
29204,-66.53765106201172,10.764167785644531,179.904541015625
29205,-66.16943359375,11.216852188110352,179.93849182128906
29206,-67.42408752441406,10.938850402832031,180.0074920654297
29207,-68.47257995605469,10.626738548278809,180.0418243408203
29208,-66.86195373535156,11.342705726623535,180.0353240966797
29209,-66.22064208984375,11.686344146728516,180.02061462402344
29210,-65.89675903320312,12.095904350280762,180.0492401123047
29212,-67.77608489990234,11.530935287475586,180.1154022216797
29213,-67.01710510253906,11.81757926940918,180.1202392578125
29214,-66.60537719726562,12.214675903320312,180.15306091308594
29215,-65.97333526611328,12.6030855178833,180.16224670410156
29216,-65.6247329711914,13.02672004699707,180.20425415039062
29218,-69.01439666748047,12.073226928710938,180.26022338867188
29219,-67.59603881835938,12.259012222290039,180.2279815673828
29220,-66.94585418701172,12.773882865905762,180.29794311523438
29221,-66.32452392578125,13.184932708740234,180.3297119140625
29222,-65.67572784423828,13.536222457885742,180.31112670898438
29224,-68.00224304199219,13.035771369934082,180.41160583496094
29225,-67.14519500732422,13.331241607666016,180.42381286621094
29226,-66.65150451660156,13.864230155944824,180.51490783691406
29227,-65.79254913330078,14.09424877166748,180.45530700683594
29228,-65.69092559814453,14.474461555480957,180.5258026123047
29229,-67.75452423095703,13.77270221710205,180.56036376953125
29230,-66.32952117919922,14.529545783996582,180.6393280029297
29231,-65.85468292236328,14.86874008178711,180.63514709472656
29233,-69.27228546142578,13.947148323059082,180.66099548339844
29234,-67.54817962646484,14.62142276763916,180.76148986816406
29235,-66.56583404541016,15.24962043762207,180.83450317382812
29236,-65.91119384765625,15.295665740966797,180.73123168945312
29238,-66.19225311279297,15.760632514953613,180.87408447265625
29240,-66.46054077148438,16.36652374267578,181.0563507080078
29242,-73.4019775390625,14.976194381713867,180.99420166015625
29243,-72.73863220214844,13.550119400024414,180.65670776367188
29244,-71.48799896240234,14.454607963562012,180.8358917236328
29245,-69.99072265625,15.858299255371094,181.17608642578125
29246,-66.66922760009766,17.068944931030273,181.2529296875
29247,-67.21662139892578,16.423852920532227,181.1833038330078
29248,-66.38970947265625,17.563589096069336,181.30616760253906
29250,-67.62548065185547,17.14961814880371,181.39495849609375
29251,-68.33688354492188,16.314193725585938,181.2326202392578
29252,-66.32809448242188,17.919116973876953,181.33114624023438
29255,-71.89704895019531,15.971698760986328,181.2365264892578
29256,-69.0286636352539,17.434724807739258,181.5829315185547
29257,-67.6872787475586,17.93968391418457,181.59255981445312
29258,-73.3183364868164,16.961467742919922,181.52955627441406
29259,-71.13896942138672,17.537118911743164,181.67271423339844
29260,-68.46659088134766,18.57488250732422,181.8463897705078
29261,-67.32388305664062,18.583208084106445,181.6773223876953
29263,-69.87391662597656,18.6916446685791,181.98092651367188
29264,-67.91184997558594,19.249622344970703,181.9041748046875
29265,-67.11372375488281,19.047746658325195,181.70315551757812
29266,-67.43152618408203,19.596317291259766,181.83743286132812
29267,-72.56987762451172,18.716236114501953,182.032470703125
29268,-71.1643295288086,19.024986267089844,182.12477111816406
29269,-69.04761505126953,19.56151008605957,182.14385986328125
29270,-68.26570129394531,20.11570930480957,182.10885620117188
29271,-67.58526611328125,20.120113372802734,181.92172241210938
29274,-70.367919921875,19.930028915405273,182.37657165527344
29275,-67.9264907836914,20.647430419921875,182.06344604492188
29279,-71.81871795654297,20.101102828979492,182.4772186279297
29280,-69.40145111083984,20.761518478393555,182.4612579345703
29281,-68.5672378540039,20.888992309570312,182.26393127441406
29282,-68.24647521972656,21.27173614501953,182.2094268798828
29285,-68.9307632446289,21.510217666625977,182.4470672607422
29286,-68.50010681152344,21.88300132751465,182.3110809326172
29288,-69.68804931640625,21.887744903564453,182.70457458496094
29289,-70.83477783203125,21.333675384521484,182.7769317626953
29290,-69.06158447265625,22.16219139099121,182.5243682861328
29291,-68.69715881347656,22.49213981628418,182.3448028564453
29293,-69.39089965820312,22.839754104614258,182.6281280517578
29294,-68.7386703491211,22.967872619628906,182.31919860839844
29297,-70.40512084960938,22.58374786376953,182.89736938476562
29298,-71.55207061767578,22.58893585205078,183.05160522460938
29299,-70.0673828125,23.32268714904785,182.83192443847656
29301,-70.815185546875,23.406831741333008,183.02162170410156
29302,-70.23538208007812,23.95722007751465,182.82467651367188
29304,-70.41014862060547,24.581911087036133,182.8362579345703
29305,-70.92311096191406,24.189321517944336,183.04122924804688
29306,-71.49803924560547,24.630830764770508,183.12347412109375
29307,-70.90802001953125,24.796133041381836,182.9939422607422
29308,-70.57884216308594,25.090818405151367,182.8300018310547
29309,-71.10174560546875,25.403493881225586,182.9888153076172
29310,-71.92760467529297,25.230159759521484,183.16470336914062
29311,-70.599853515625,25.484111785888672,182.73745727539062
29312,-71.61534881591797,25.881546020507812,183.04515075683594
29313,-72.24559783935547,25.830883026123047,183.1772918701172
29315,-72.66020965576172,26.291948318481445,183.19419860839844
29316,-72.55048370361328,26.952878952026367,183.0380859375
29317,-73.27442169189453,26.71420669555664,183.21310424804688
29319,-73.58494567871094,27.24608039855957,183.17079162597656
29320,-73.66806030273438,27.685306549072266,183.0987091064453
29322,-74.69864654541016,28.062273025512695,183.16249084472656
29323,-74.21118927001953,27.663118362426758,183.1947784423828
29325,-74.59375,28.98008918762207,182.81422424316406
29327,-75.45899200439453,28.956214904785156,183.03546142578125
29328,-75.08460235595703,28.626567840576172,183.06478881835938
29330,-75.60771179199219,29.285749435424805,182.93600463867188
29332,-76.10138702392578,29.418437957763672,182.96908569335938
29333,-76.24662780761719,29.88857650756836,182.75973510742188
29334,-76.64649200439453,29.700328826904297,182.98770141601562
29335,-77.1375503540039,29.53497886657715,183.10879516601562
29336,-77.13175964355469,29.96621322631836,182.90660095214844
29337,-77.68362426757812,29.88287925720215,183.02061462402344
29339,-90.783935546875,24.866682052612305,181.65780639648438
29340,-91.19174194335938,25.565309524536133,181.0822296142578
29341,-91.33407592773438,25.053754806518555,181.3319854736328
29342,-90.66941833496094,25.35664939880371,181.44972229003906
29343,-77.48914337158203,30.351486206054688,182.69175720214844
29344,-78.0499267578125,30.32642936706543,182.7897186279297
29346,-91.706298828125,25.53167152404785,180.9539794921875
29347,-91.7833023071289,25.099851608276367,181.18516540527344
29348,-90.73413848876953,25.920257568359375,181.10508728027344
29349,-90.28652954101562,25.488088607788086,181.5578155517578
29350,-90.27647399902344,25.985671997070312,181.28782653808594
29351,-78.462890625,30.28755760192871,182.88381958007812
29352,-78.4657211303711,30.533906936645508,182.61619567871094
29353,-78.83917999267578,30.41835594177246,182.76913452148438
29354,-92.05094146728516,25.443286895751953,180.9134979248047
29355,-92.06554412841797,25.80998420715332,180.7217559814453
29356,-92.43975830078125,25.59960174560547,180.7640838623047
29357,-91.71864318847656,26.167274475097656,180.5991668701172
29358,-91.20489501953125,26.207414627075195,180.71875
29359,-90.8946762084961,26.35753059387207,180.78077697753906
29360,-90.51969909667969,26.572599411010742,180.8361053466797
29361,-89.95378112792969,26.31671142578125,181.27175903320312
29362,-79.25867462158203,30.474891662597656,182.7313690185547
29363,-79.78263092041016,30.638654708862305,182.57933044433594
29365,-92.28936767578125,26.270227432250977,180.39942932128906
29366,-92.7441177368164,26.33295249938965,180.22528076171875
29367,-92.02752685546875,26.705738067626953,180.1004180908203
29368,-91.47756958007812,26.57711410522461,180.3600616455078
29369,-91.80436706542969,26.71820068359375,180.15325927734375
29370,-89.97937774658203,27.051313400268555,180.853271484375
29371,-89.46424865722656,26.811925888061523,181.34437561035156
29372,-80.618896484375,30.693370819091797,182.5249481201172
29373,-89.46693420410156,27.722888946533203,180.87918090820312
29374,-81.43816375732422,30.802505493164062,182.38803100585938
29375,-82.06273651123047,30.988630294799805,181.9405059814453
29377,-93.50504302978516,26.900341033935547,179.6204071044922
29378,-93.85963439941406,26.45424461364746,179.90916442871094
29379,-93.29601287841797,26.27492904663086,180.12982177734375
29380,-89.05445861816406,28.51161003112793,180.721923828125
29381,-82.6530532836914,30.988203048706055,181.81744384765625
29383,-94.10317993164062,27.030271530151367,179.4271240234375
29384,-88.59039306640625,29.05930519104004,180.76974487304688
29385,-84.35153198242188,30.999616622924805,181.46456909179688
29386,-83.8093032836914,30.926095962524414,181.75599670410156
29387,-84.29206848144531,30.822843551635742,181.8694610595703
29388,-83.17137145996094,30.98297691345215,181.72117614746094
29389,-95.09210968017578,27.059803009033203,179.28822326660156
29390,-94.56451416015625,26.18657112121582,180.0868682861328
29391,-88.33766174316406,29.549955368041992,180.64817810058594
29392,-87.89144897460938,29.971437454223633,180.7669677734375
29393,-87.08208465576172,30.062467575073242,181.38462829589844
29394,-86.3108901977539,30.434728622436523,181.55076599121094
29395,-85.60215759277344,30.69721031188965,181.51783752441406
29396,-84.92448425292969,30.956148147583008,181.3961639404297
29397,-84.5982666015625,30.80388641357422,181.77151489257812
29399,-96.17195129394531,27.45920181274414,178.8543701171875
29401,-96.74187469482422,27.980762481689453,178.31753540039062
29403,-97.15594482421875,27.59764289855957,178.70562744140625
29404,-97.44595336914062,28.156984329223633,178.15618896484375
29405,-97.95046997070312,27.87783432006836,178.48809814453125
29407,-98.67215728759766,28.1650390625,178.27215576171875
29409,-99.28305053710938,28.361312866210938,178.2057342529297
29410,-99.72482299804688,28.472816467285156,178.190673828125
29411,-99.70439910888672,28.893075942993164,177.74224853515625
29412,-100.11316680908203,28.860881805419922,177.87059020996094
29415,-100.53905487060547,29.30640411376953,177.527587890625
29416,-101.33118438720703,29.639862060546875,177.45606994628906
29417,-100.970703125,29.10448455810547,177.90115356445312
29418,-102.16649627685547,30.157596588134766,177.1946258544922
29419,-101.71202850341797,29.744007110595703,177.48013305664062
29420,-102.60099029541016,30.398725509643555,177.03968811035156
29423,-103.06455993652344,30.548694610595703,177.08737182617188
29425,-103.96260833740234,30.901453018188477,176.93031311035156
29427,-104.78430938720703,31.036869049072266,176.90478515625
29428,-105.40605163574219,31.23345184326172,176.7549285888672
29431,-106.29800415039062,31.4617977142334,176.57861328125
29432,-105.82809448242188,31.348005294799805,176.6713409423828
29434,-107.72850799560547,31.90981101989746,176.0675048828125
29435,-107.21842956542969,31.382732391357422,176.786376953125
29436,-109.26258850097656,31.70009422302246,175.9961395263672
29437,-108.45655822753906,31.64154052734375,176.3269500732422
29439,-110.42156219482422,31.38749885559082,176.06480407714844
29440,-110.8335189819336,31.674509048461914,175.4251708984375
29442,-112.07286834716797,31.164472579956055,175.3896484375
29443,-112.71923828125,31.01490592956543,175.2373809814453
29444,-111.53291320800781,31.08047103881836,175.78895568847656
29447,-113.95311737060547,30.656442642211914,175.06797790527344
29448,-113.16751098632812,30.698400497436523,175.35821533203125
29454,-114.80654907226562,30.59178352355957,174.80856323242188
29455,-115.67383575439453,30.36538314819336,174.75729370117188
29468,-118.25042724609375,30.27787971496582,173.9408416748047
29470,-118.71566009521484,29.938955307006836,174.12286376953125
29518,-71.37562561035156,-2.5043976306915283,180.63255310058594
29523,-70.93170166015625,-1.8291348218917847,180.48143005371094
29524,-70.41895294189453,-1.6548253297805786,180.14785766601562
29527,-70.63727569580078,-1.1075059175491333,180.45944213867188
29528,-70.2535629272461,-0.7760716080665588,180.2582550048828
29529,-69.93206787109375,-0.37909582257270813,180.1056365966797
29530,-69.7495346069336,0.10673923045396805,180.04820251464844
29531,-69.3921890258789,0.29620781540870667,179.87014770507812
29532,-70.78304290771484,-0.13313385844230652,180.71051025390625
29533,-70.1925048828125,0.20451326668262482,180.39895629882812
29534,-69.85552215576172,0.6908631324768066,180.26234436035156
29535,-69.35083770751953,0.7071482539176941,179.9475555419922
29536,-70.59066009521484,0.8026756644248962,180.6999053955078
29537,-71.42829895019531,0.955594003200531,181.04074096679688
29538,-69.44428253173828,1.2445402145385742,180.14198303222656
29539,-69.24430847167969,1.6906787157058716,180.08389282226562
29541,-70.16432189941406,1.5327084064483643,180.56739807128906
29542,-69.61813354492188,1.775521993637085,180.2916259765625
29543,-69.25189208984375,2.0842957496643066,180.1396942138672
29544,-69.11861419677734,2.4961140155792236,180.12620544433594
29545,-69.72908020019531,2.361196517944336,180.4191436767578
29546,-70.69033813476562,2.343947172164917,180.7735137939453
29547,-69.06388092041016,3.0068435668945312,180.16575622558594
29550,-69.91703796386719,3.2968807220458984,180.45884704589844
29551,-68.94725036621094,3.646821975708008,180.13284301757812
29552,-68.65829467773438,4.109292030334473,180.01678466796875
29554,-69.23536682128906,4.159078598022461,180.25218200683594
29555,-68.613525390625,4.504117012023926,179.99986267089844
29557,-71.18711853027344,3.228198289871216,180.88241577148438
29558,-70.25568389892578,4.403702735900879,180.5369873046875
29562,-69.83930206298828,5.473570346832275,180.348388671875
29563,-71.00331115722656,5.553515911102295,180.5902862548828
29564,-69.05410766601562,6.219326496124268,180.1248321533203
29565,-70.075439453125,6.316123008728027,180.3288116455078
29567,-70.93182373046875,6.883194446563721,180.4220428466797
29568,-72.40078735351562,6.701614856719971,180.66049194335938
29569,-69.80360412597656,7.661919116973877,180.17892456054688
29571,-69.24932098388672,9.282083511352539,180.04286193847656
29572,-70.53289031982422,9.232831001281738,180.1743621826172
29573,-73.58157348632812,8.49290943145752,180.54774475097656
29574,-74.23699188232422,7.150472640991211,180.79052734375
29575,-71.69535827636719,8.409260749816895,180.35543823242188
29577,-73.10267639160156,9.918338775634766,180.38230895996094
29578,-71.66605377197266,10.304277420043945,180.24989318847656
29579,-70.1136245727539,10.645918846130371,180.15740966796875
29581,-74.23147583007812,9.823160171508789,180.49708557128906
29582,-71.35350799560547,12.371248245239258,180.4122314453125
29583,-74.79289245605469,9.251916885375977,180.59515380859375
29584,-74.90259552001953,8.370409965515137,180.6947021484375
29585,-74.44256591796875,11.207462310791016,180.486083984375
29586,-72.96856689453125,11.414999961853027,180.382568359375
29588,-75.27971649169922,10.272794723510742,180.56195068359375
29589,-76.05863189697266,9.301841735839844,180.72113037109375
29590,-73.06991577148438,12.571990013122559,180.51150512695312
29592,-75.69151306152344,11.31163501739502,180.6068115234375
29593,-76.45780944824219,10.708641052246094,180.6873779296875
29594,-73.89695739746094,12.196198463439941,180.49598693847656
29596,-75.54647064208984,12.309179306030273,180.63743591308594
29597,-74.67351531982422,12.457268714904785,180.58535766601562
29599,-76.73391723632812,12.044814109802246,180.7435760498047
29600,-77.42562103271484,11.207169532775879,180.80772399902344
29601,-74.08724975585938,13.363593101501465,180.67538452148438
29603,-76.4396743774414,13.62648868560791,180.89039611816406
29604,-75.22978210449219,13.253949165344238,180.72154235839844
29606,-77.631591796875,13.07552719116211,180.95550537109375
29608,-77.88848876953125,14.33784294128418,181.18031311035156
29609,-75.25814056396484,14.569650650024414,180.97181701660156
29610,-76.92607879638672,14.96674633026123,181.180419921875
29611,-76.22016906738281,14.606654167175293,181.03932189941406
29612,-74.73052978515625,15.912027359008789,181.2755584716797
29614,-77.88105010986328,15.779755592346191,181.46807861328125
29615,-76.13402557373047,15.358766555786133,181.20347595214844
29616,-75.52327728271484,15.539299011230469,181.21014404296875
29617,-74.85087585449219,17.064916610717773,181.59339904785156
29620,-76.83799743652344,16.224191665649414,181.47012329101562
29621,-75.79349517822266,16.36404800415039,181.4384002685547
29625,-76.36890411376953,16.90256118774414,181.61964416503906
29628,-77.61661529541016,16.835208892822266,181.69117736816406
29629,-76.88056182861328,17.456289291381836,181.79544067382812
29630,-75.80207061767578,17.61113739013672,181.77212524414062
29631,-74.4402847290039,18.465787887573242,181.97291564941406
29634,-77.73406219482422,17.68300437927246,181.90924072265625
29635,-76.39007568359375,18.31122589111328,181.99034118652344
29636,-75.66110229492188,18.720260620117188,182.06771850585938
29639,-77.20391082763672,18.63558578491211,182.1178741455078
29640,-76.29224395751953,19.136592864990234,182.21328735351562
29641,-75.29811096191406,20.054624557495117,182.44158935546875
29642,-73.43701171875,20.05418586730957,182.4505615234375
29643,-72.45304107666016,21.429100036621094,182.88002014160156
29644,-78.28250885009766,18.391393661499023,182.1245574951172
29645,-74.00213623046875,21.456588745117188,182.85743713378906
29647,-77.9190902709961,19.459375381469727,182.38880920410156
29648,-78.8879623413086,19.23638153076172,182.39317321777344
29649,-76.86129760742188,19.948204040527344,182.46792602539062
29650,-76.30684661865234,20.94175148010254,182.71688842773438
29651,-73.05513763427734,23.010019302368164,183.1795654296875
29652,-71.70408630371094,23.711341857910156,183.15415954589844
29653,-77.16089630126953,20.955394744873047,182.75653076171875
29654,-77.83895874023438,20.43343162536621,182.65550231933594
29655,-75.38758850097656,21.64605140686035,182.8910675048828
29656,-74.45279693603516,22.500484466552734,183.10838317871094
29657,-76.84737396240234,22.06412124633789,183.03292846679688
29658,-77.93910217285156,21.361717224121094,182.90771484375
29659,-75.52535247802734,22.79164695739746,183.16600036621094
29660,-74.4730224609375,23.52522850036621,183.28292846679688
29661,-72.38398742675781,24.382728576660156,183.24703979492188
29663,-76.4693832397461,23.17786407470703,183.26063537597656
29664,-75.65845489501953,23.76693344116211,183.33139038085938
29665,-73.50885772705078,24.49578094482422,183.3275909423828
29666,-74.8498764038086,24.55569076538086,183.38937377929688
29667,-72.65682220458984,25.184850692749023,183.2748565673828
29669,-76.66190338134766,23.890121459960938,183.3797149658203
29670,-76.08869934082031,24.582223892211914,183.43524169921875
29671,-74.08635711669922,25.469072341918945,183.37779235839844
29672,-72.78984069824219,25.735370635986328,183.25697326660156
29673,-75.46036529541016,25.46657943725586,183.45632934570312
29674,-74.63700866699219,26.24406623840332,183.40762329101562
29676,-73.82897186279297,26.244224548339844,183.340087890625
29677,-74.02156066894531,26.812570571899414,183.2972869873047
29678,-75.72796630859375,26.356164932250977,183.49420166015625
29679,-74.84722137451172,27.119945526123047,183.36126708984375
29680,-74.0533447265625,27.31619644165039,183.22494506835938
29682,-75.45731353759766,27.59669303894043,183.37327575683594
29683,-76.07080841064453,27.06012535095215,183.4873809814453
29684,-75.59461975097656,28.103830337524414,183.2940216064453
29685,-76.25170135498047,27.68274688720703,183.4579620361328
29686,-75.82295989990234,28.622404098510742,183.1936798095703
29687,-76.40953826904297,28.256288528442383,183.37933349609375
29689,-76.61836242675781,29.002347946166992,183.23526000976562
29690,-77.37650299072266,28.43055534362793,183.46096801757812
29691,-75.89950561523438,29.03070640563965,183.0957489013672
29692,-90.25218200683594,23.806941986083984,182.4498748779297
29693,-90.56687927246094,24.2583065032959,182.1204376220703
29694,-90.50316619873047,23.693361282348633,182.44078063964844
29695,-89.97532653808594,23.900894165039062,182.47076416015625
29696,-90.15628051757812,24.493122100830078,182.13739013671875
29697,-89.50662231445312,24.04181671142578,182.54681396484375
29698,-89.78565216064453,24.63311004638672,182.2317352294922
29699,-89.19363403320312,24.34526252746582,182.6013946533203
29700,-78.55489349365234,27.917926788330078,183.6759033203125
29701,-78.82959747314453,28.461137771606445,183.60955810546875
29702,-79.15245819091797,28.075536727905273,183.70347595214844
29703,-78.1348648071289,28.25528907775879,183.57745361328125
29704,-78.21156311035156,28.773332595825195,183.4914093017578
29705,-77.65402221679688,29.235811233520508,183.31317138671875
29707,-90.938720703125,24.064889907836914,182.0925750732422
29708,-91.1091079711914,24.518800735473633,181.72653198242188
29709,-91.4238052368164,24.05206298828125,181.90463256835938
29710,-90.25635528564453,24.979534149169922,181.8346405029297
29711,-89.87939453125,25.118656158447266,181.93482971191406
29712,-89.49819946289062,24.824073791503906,182.3224334716797
29713,-79.43971252441406,28.412315368652344,183.6640625
29714,-79.45821380615234,28.947063446044922,183.5723419189453
29715,-79.93656921386719,28.61878204345703,183.66127014160156
29716,-78.83007049560547,29.00332260131836,183.51681518554688
29717,-78.4629135131836,29.373802185058594,183.3494873046875
29718,-78.15316009521484,29.700279235839844,183.1667938232422
29720,-91.50706481933594,24.681180953979492,181.49636840820312
29721,-91.88037109375,24.645692825317383,181.4132843017578
29722,-89.88837432861328,25.66716194152832,181.664306640625
29723,-89.49166870117188,25.275394439697266,182.1187744140625
29724,-80.07256317138672,29.115591049194336,183.58396911621094
29725,-79.1633529663086,29.518539428710938,183.3510284423828
29726,-79.84290313720703,29.544076919555664,183.3812713623047
29727,-78.7497787475586,29.99567222595215,183.10589599609375
29728,-78.21666717529297,30.05139923095703,183.0144500732422
29729,-92.12033081054688,25.134483337402344,181.0749969482422
29730,-89.34601593017578,25.973613739013672,181.87954711914062
29731,-79.55296325683594,30.136812210083008,183.08993530273438
29732,-80.1729736328125,29.932781219482422,183.2219696044922
29733,-79.10931396484375,30.27825927734375,182.94285583496094
29735,-92.80734252929688,25.146820068359375,180.94163513183594
29736,-92.3320083618164,24.825603485107422,181.19322204589844
29737,-80.25897216796875,30.318817138671875,182.96673583984375
29738,-92.94085693359375,25.786304473876953,180.58018493652344
29739,-93.28678894042969,25.447996139526367,180.702880859375
29740,-80.77200317382812,30.286121368408203,183.00106811523438
29741,-81.20857238769531,30.374147415161133,182.884521484375
29743,-93.86687469482422,25.73763656616211,180.48658752441406
29744,-88.92691802978516,27.312606811523438,181.5403289794922
29745,-88.82154083251953,28.05734634399414,181.21356201171875
29746,-82.20699310302734,30.495676040649414,182.68333435058594
29747,-81.67801666259766,30.38697624206543,182.8517608642578
29748,-82.75746154785156,30.56287384033203,182.52557373046875
29749,-82.96680450439453,30.8042049407959,182.19822692871094
29750,-83.24158477783203,30.492361068725586,182.54344177246094
29752,-88.61566925048828,28.557781219482422,181.06619262695312
29753,-88.24182891845703,28.783164978027344,181.27769470214844
29754,-88.06966400146484,29.326539993286133,181.08497619628906
29755,-87.72278594970703,28.951539993286133,181.66842651367188
29756,-87.59220886230469,29.55401039123535,181.3752899169922
29757,-87.10201263427734,29.386474609375,181.91024780273438
29758,-86.32736206054688,29.864511489868164,182.12887573242188
29759,-85.77137756347656,30.333717346191406,182.0164794921875
29760,-84.50050354003906,30.674346923828125,182.01547241210938
29761,-84.95287322998047,30.46495246887207,182.15396118164062
29762,-84.19699096679688,30.571409225463867,182.3112030029297
29763,-83.67764282226562,30.649112701416016,182.29336547851562
29765,-96.07551574707031,26.626827239990234,179.64886474609375
29766,-95.38815307617188,26.27444839477539,179.991943359375
29768,-96.92537689208984,26.986513137817383,179.32545471191406
29770,-97.52239227294922,26.767797470092773,179.57809448242188
29771,-97.76666259765625,27.293134689331055,179.0587921142578
29772,-98.12339782714844,26.954078674316406,179.43841552734375
29773,-98.2686996459961,27.30480194091797,179.1013946533203
29774,-98.4009780883789,27.6448974609375,178.78233337402344
29775,-98.7344741821289,27.325061798095703,179.1410675048828
29777,-98.92739868164062,27.87577247619629,178.6116943359375
29778,-99.41937255859375,27.85770034790039,178.72271728515625
29779,-99.97067260742188,28.2666072845459,178.44235229492188
29781,-100.23689270019531,27.968143463134766,178.79034423828125
29782,-100.4316177368164,28.646757125854492,178.1880645751953
29783,-100.75318145751953,28.26737403869629,178.64588928222656
29785,-101.33256530761719,28.572467803955078,178.53448486328125
29788,-101.54004669189453,29.242828369140625,177.93960571289062
29791,-102.06399536132812,29.51751708984375,177.84507751464844
29793,-102.5110855102539,29.816923141479492,177.67959594726562
29794,-102.67459869384766,30.185827255249023,177.3426055908203
29795,-103.07274627685547,29.95558738708496,177.7256622314453
29798,-103.66851043701172,29.99321174621582,177.89190673828125
29799,-103.56980895996094,30.385526657104492,177.4399871826172
29800,-104.02368927001953,30.33649253845215,177.64938354492188
29803,-104.62786102294922,30.487506866455078,177.6105194091797
29806,-105.38349914550781,30.712976455688477,177.4241180419922
29807,-105.97428131103516,31.01911735534668,177.11224365234375
29808,-106.72137451171875,30.85659408569336,177.40673828125
29811,-108.0153579711914,31.331724166870117,176.8109893798828
29812,-109.75660705566406,30.836408615112305,176.84767150878906
29813,-108.76856994628906,31.041032791137695,176.97703552246094
29814,-111.24083709716797,30.703340530395508,176.2926483154297
29815,-111.95307922363281,30.612043380737305,176.0167999267578
29816,-112.60176086425781,30.6280460357666,175.72406005859375
29817,-113.337890625,30.157852172851562,175.82730102539062
29819,-114.57654571533203,29.968801498413086,175.53244018554688
29823,-121.15962219238281,28.833295822143555,174.27981567382812
29824,-120.7397689819336,29.12395668029785,174.16001892089844
29833,-120.38790130615234,29.092247009277344,174.29611206054688
29834,-120.0641098022461,29.16938591003418,174.3131103515625
29835,-119.728271484375,29.16472625732422,174.4193115234375
29836,-118.3818588256836,29.37436866760254,174.80825805664062
29837,-118.17898559570312,29.855863571166992,174.45022583007812
29838,-118.57434844970703,29.624048233032227,174.48568725585938
29839,-117.69681549072266,29.546627044677734,174.90335083007812
29840,-116.6949234008789,29.771188735961914,175.01657104492188
29843,-119.2725830078125,29.34233283996582,174.44935607910156
29844,-119.31771850585938,29.805139541625977,173.95913696289062
29845,-118.8350830078125,29.73712730407715,174.250732421875
29867,-71.69283294677734,-4.489745140075684,180.2845916748047
29868,-71.6053695678711,-4.044591426849365,180.39920043945312
29869,-71.98369598388672,-4.378111839294434,180.57879638671875
29875,-75.1204833984375,-8.133947372436523,180.90074157714844
29876,-74.94482421875,-7.597136974334717,181.0475311279297
29877,-74.57938385009766,-6.986639976501465,181.12484741210938
29878,-74.33766174316406,-6.329025745391846,181.2346954345703
29880,-74.195068359375,-5.686908721923828,181.33334350585938
29881,-72.27883911132812,-3.6417033672332764,180.88253784179688
29882,-72.62287139892578,-4.408997058868408,180.9411163330078
29883,-71.614990234375,-3.2456982135772705,180.61412048339844
29886,-72.39569091796875,-2.4539530277252197,181.13429260253906
29887,-71.7599105834961,-1.7143899202346802,180.97808837890625
29890,-71.44291687011719,-0.9080277681350708,180.9518585205078
29892,-72.79405975341797,-0.8772602081298828,181.39891052246094
29893,-71.97222137451172,0.16356143355369568,181.1977081298828
29894,-73.12321472167969,0.6336021423339844,181.4503173828125
29895,-72.28883361816406,1.1467528343200684,181.2726593017578
29896,-71.00102996826172,1.5527541637420654,180.865234375
29898,-73.00315856933594,1.7729487419128418,181.39840698242188
29899,-71.79226684570312,2.0323774814605713,181.126953125
29900,-72.62151336669922,3.032487154006958,181.2540283203125
29901,-71.66999816894531,4.229562759399414,180.87847900390625
29902,-72.78536224365234,4.152960300445557,181.1501007080078
29903,-73.6817398071289,3.446758270263672,181.357421875
29905,-73.03401947021484,4.7795867919921875,181.0625762939453
29906,-73.81050872802734,4.364086627960205,181.2366485595703
29907,-72.33235931396484,5.132994174957275,180.87002563476562
29908,-73.64209747314453,5.572721004486084,180.9752960205078
29909,-75.10779571533203,4.894000053405762,181.27256774902344
29911,-76.6628189086914,4.287726402282715,181.46286010742188
29912,-76.60175323486328,5.568180084228516,181.2675323486328
29913,-75.33563232421875,6.238162040710449,181.0416717529297
29915,-76.89424896240234,6.730843544006348,181.08090209960938
29916,-76.01618957519531,7.720068454742432,180.8824005126953
29917,-77.4771728515625,7.698365688323975,180.98516845703125
29918,-78.3005142211914,7.148584842681885,181.09295654296875
29919,-77.8115234375,6.200830936431885,181.22189331054688
29921,-77.40257263183594,8.721553802490234,180.87509155273438
29922,-78.71339416503906,8.309826850891113,180.99440002441406
29923,-78.45835876464844,9.297294616699219,180.9412078857422
29925,-79.52418518066406,9.278963088989258,181.00244140625
29926,-77.59658813476562,10.071370124816895,180.82762145996094
29928,-78.96803283691406,10.168700218200684,180.9776153564453
29930,-80.22489166259766,10.189140319824219,181.07467651367188
29931,-78.42491912841797,11.101119041442871,180.93516540527344
29933,-79.65538024902344,11.135805130004883,181.0980682373047
29934,-81.19258117675781,11.230560302734375,181.2819366455078
29935,-78.03804779052734,12.113645553588867,180.9203338623047
29937,-79.06524658203125,11.977529525756836,181.0613250732422
29938,-80.24839782714844,12.278692245483398,181.26773071289062
29939,-79.1501235961914,13.363335609436035,181.21170043945312
29942,-79.29180145263672,15.337828636169434,181.54112243652344
29948,-78.61817932128906,17.025480270385742,181.81802368164062
29950,-80.09957885742188,16.849437713623047,181.92543029785156
29956,-79.40415954589844,18.14202880859375,182.15135192871094
29958,-80.72601318359375,18.010251998901367,182.24586486816406
29960,-79.98859405517578,19.100736618041992,182.4498291015625
29961,-78.52526092529297,20.026670455932617,182.5860595703125
29963,-79.43744659423828,20.129484176635742,182.6806182861328
29964,-80.42349243164062,19.8472957611084,182.68338012695312
29965,-78.6749038696289,20.801536560058594,182.81195068359375
29966,-80.25592803955078,20.56069564819336,182.8633575439453
29967,-79.6063232421875,21.21526527404785,182.97891235351562
29968,-78.782470703125,21.576393127441406,183.01705932617188
29969,-78.29447174072266,22.27532386779785,183.14675903320312
29970,-77.661376953125,23.315113067626953,183.32972717285156
29971,-79.34819793701172,22.150711059570312,183.18389892578125
29972,-79.04454803466797,23.073974609375,183.35494995117188
29973,-80.073974609375,22.741756439208984,183.34812927246094
29974,-77.39232635498047,24.528430938720703,183.4852752685547
29977,-78.70735168457031,24.079086303710938,183.4902801513672
29978,-76.55233764648438,25.194427490234375,183.5117950439453
29979,-78.49232482910156,25.019935607910156,183.60403442382812
29980,-77.39830017089844,25.488922119140625,183.5706024169922
29981,-76.42829895019531,25.798542022705078,183.5365753173828
29982,-78.38213348388672,25.883991241455078,183.6686553955078
29983,-77.06547546386719,26.37592315673828,183.6015625
29985,-79.50936889648438,26.238372802734375,183.7640838623047
29986,-78.2969741821289,26.70138168334961,183.6920928955078
29987,-77.2276611328125,27.262250900268555,183.58265686035156
29989,-79.24078369140625,27.070959091186523,183.7566680908203
29990,-78.35934448242188,27.384244918823242,183.68577575683594
29991,-77.74855041503906,27.83036231994629,183.6104736328125
29992,-76.97071075439453,27.868759155273438,183.5230255126953
29993,-90.01838684082031,22.886219024658203,182.82923889160156
29994,-90.02537536621094,23.4070987701416,182.63609313964844
29995,-90.42554473876953,23.16010284423828,182.64163208007812
29996,-89.45658111572266,22.99510383605957,182.94688415527344
29997,-89.51139831542969,23.55516242980957,182.72544860839844
29998,-88.99070739746094,23.362092971801758,182.94354248046875
29999,-89.23069763183594,23.683452606201172,182.7567138671875
30000,-89.01798248291016,23.831602096557617,182.8102569580078
30001,-79.14608764648438,27.638364791870117,183.74386596679688
30003,-90.76669311523438,22.998640060424805,182.6328125
30004,-90.88922119140625,23.532915115356445,182.42185974121094
30005,-91.21315002441406,23.150094985961914,182.49200439453125
30006,-88.75712585449219,24.043119430541992,182.8682861328125
30007,-79.7850112915039,27.507335662841797,183.78594970703125
30008,-79.7538070678711,28.052291870117188,183.74484252929688
30009,-80.42343139648438,27.855079650878906,183.81797790527344
30010,-91.66348266601562,23.487384796142578,182.1783905029297
30011,-88.74034881591797,24.40988540649414,182.78062438964844
30012,-89.11664581298828,24.815811157226562,182.49794006347656
30013,-88.72882843017578,24.821212768554688,182.67166137695312
30014,-80.29540252685547,28.35946273803711,183.72659301757812
30015,-80.78055572509766,28.429895401000977,183.7435760498047
30017,-92.06573486328125,24.029226303100586,181.72970581054688
30018,-89.02424621582031,25.281824111938477,182.38246154785156
30019,-80.51386260986328,28.886476516723633,183.6523895263672
30020,-81.01734161376953,28.896657943725586,183.67039489746094
30021,-92.66553497314453,24.427690505981445,181.42991638183594
30022,-88.85387420654297,25.67205238342285,182.32785034179688
30023,-80.55511474609375,29.528247833251953,183.43312072753906
30024,-80.87003326416016,29.19631576538086,183.59498596191406
30026,-93.12980651855469,24.7998046875,181.12815856933594
30027,-88.74617004394531,26.215431213378906,182.1603546142578
30028,-89.05218505859375,26.610157012939453,181.75054931640625
30029,-81.11283874511719,29.40298843383789,183.49388122558594
30030,-81.15425109863281,29.905794143676758,183.25209045410156
30031,-81.4953842163086,29.491247177124023,183.4500732421875
30032,-80.59191131591797,30.02637481689453,183.19769287109375
30034,-93.66144561767578,24.882226943969727,181.06065368652344
30035,-88.70110321044922,26.81711769104004,181.93441772460938
30036,-88.38097381591797,27.291379928588867,181.983642578125
30037,-81.85147094726562,29.76663589477539,183.31515502929688
30038,-81.95274353027344,30.163602828979492,183.09381103515625
30039,-82.42459869384766,29.964275360107422,183.21083068847656
30040,-81.57470703125,30.142107009887695,183.1328125
30042,-94.59195709228516,24.911705017089844,181.08502197265625
30043,-88.4364013671875,27.87423324584961,181.6648406982422
30044,-87.98615264892578,27.85622787475586,182.08534240722656
30045,-82.94866180419922,29.85536003112793,183.23927307128906
30046,-82.81761932373047,30.234609603881836,182.90487670898438
30047,-83.32526397705078,30.053672790527344,183.0109405517578
30048,-95.29088592529297,25.606510162353516,180.5557403564453
30049,-88.42292022705078,28.33984375,181.38400268554688
30050,-88.07880401611328,28.368921279907227,181.69512939453125
30051,-87.68476104736328,28.374853134155273,182.0699005126953
30052,-83.72087097167969,30.024200439453125,182.9713134765625
30053,-83.70217895507812,30.31768035888672,182.65298461914062
30054,-84.05686950683594,30.148141860961914,182.7919921875
30055,-85.56332397460938,30.067764282226562,182.51268005371094
30056,-85.00476837158203,30.093236923217773,182.74034118652344
30057,-84.52456665039062,30.18872833251953,182.70904541015625
30059,-96.07978057861328,25.8166561126709,180.40428161621094
30060,-96.98059844970703,26.239524841308594,180.04600524902344
30061,-97.83502960205078,26.388240814208984,179.958251953125
30063,-98.54087829589844,26.631175994873047,179.78587341308594
30065,-99.35836029052734,26.978084564208984,179.59129333496094
30067,-99.80332946777344,27.697818756103516,178.9577178955078
30068,-99.98765563964844,27.38623809814453,179.2968292236328
30069,-100.486328125,27.514522552490234,179.29852294921875
30071,-101.12899017333984,27.779747009277344,179.19540405273438
30073,-101.93668365478516,28.863208770751953,178.43844604492188
30075,-102.61602783203125,29.267967224121094,178.28150939941406
30077,-103.37911987304688,29.448408126831055,178.32424926757812
30079,-104.22291564941406,29.67230796813965,178.29385375976562
30080,-105.25347137451172,29.925012588500977,178.23104858398438
30083,-106.08399200439453,30.402484893798828,177.87904357910156
30085,-107.8109130859375,30.478626251220703,177.6420135498047
30086,-106.8409423828125,30.040658950805664,178.09996032714844
30088,-108.74483489990234,30.365489959716797,177.52645874023438
30089,-109.19403839111328,30.62373161315918,177.25575256347656
30090,-109.43455505371094,30.107072830200195,177.4724578857422
30093,-110.2987060546875,30.022903442382812,177.1337890625
30094,-110.59576416015625,30.586219787597656,176.6885528564453
30095,-111.1406478881836,29.97742462158203,176.83523559570312
30097,-111.89287567138672,30.032711029052734,176.44691467285156
30098,-112.49100494384766,30.168405532836914,176.11404418945312
30099,-112.79637145996094,29.57032585144043,176.39743041992188
30101,-113.78131103515625,29.5251407623291,176.0614013671875
30103,-115.6348876953125,29.490259170532227,175.5343475341797
30104,-114.67039489746094,29.100143432617188,176.0315399169922
30107,-121.4050521850586,28.563880920410156,174.40245056152344
30108,-120.73587036132812,28.833086013793945,174.43502807617188
30109,-117.26715850830078,29.044435501098633,175.40786743164062
30110,-118.16610717773438,28.85434341430664,175.21923828125
30111,-116.44341278076172,29.05097770690918,175.64004516601562
30119,-121.77217102050781,28.210840225219727,174.4905242919922
30120,-121.10501098632812,28.52190399169922,174.5503692626953
30121,-118.79287719726562,29.3912353515625,174.62103271484375
30122,-118.9285888671875,28.997468948364258,174.91635131835938
30124,-120.38641357421875,28.70734405517578,174.65878295898438
30125,-120.06774139404297,28.734216690063477,174.75070190429688
30126,-120.11427307128906,28.919708251953125,174.55247497558594
30127,-119.59141540527344,28.93019676208496,174.72032165527344
30138,-78.35735321044922,-11.304957389831543,180.89251708984375
30139,-77.99014282226562,-10.537375450134277,181.16368103027344
30145,-77.29753112792969,-10.295093536376953,180.95135498046875
30146,-76.93052673339844,-9.490707397460938,181.1717987060547
30147,-76.2087173461914,-8.980950355529785,181.068603515625
30148,-76.80795288085938,-8.846781730651855,181.4329833984375
30149,-75.98209381103516,-8.433534622192383,181.2139892578125
30150,-76.36629486083984,-8.331328392028809,181.44647216796875
30151,-75.69317626953125,-7.898742198944092,181.30126953125
30152,-72.6156234741211,-5.425708770751953,180.6906280517578
30153,-72.89623260498047,-4.953281879425049,180.95156860351562
30154,-72.99739837646484,-5.307582855224609,180.92327880859375
30155,-72.26775360107422,-5.191517353057861,180.54864501953125
30159,-75.28099060058594,-6.152878284454346,181.5973663330078
30160,-75.57042694091797,-7.0071187019348145,181.5342254638672
30161,-74.87728881835938,-5.690035343170166,181.5793914794922
30162,-74.01190948486328,-4.971182823181152,181.42825317382812
30163,-74.78388977050781,-4.9305419921875,181.7221221923828
30164,-74.76553344726562,-5.364837169647217,181.61965942382812
30165,-73.32513427734375,-4.257999897003174,181.2849884033203
30166,-73.44666290283203,-4.844339847564697,181.21475219726562
30167,-73.31314086914062,-3.308872699737549,181.38265991210938
30172,-74.92886352539062,-4.212761402130127,181.82183837890625
30173,-74.12936401367188,-3.917771339416504,181.62461853027344
30177,-75.00918579101562,-3.4589078426361084,181.91539001464844
30178,-74.47127532958984,-2.8462934494018555,181.79844665527344
30179,-73.71002960205078,-2.0076992511749268,181.6044464111328
30180,-75.08367919921875,-1.8190957307815552,181.88446044921875
30182,-74.25554656982422,-0.9005901217460632,181.70045471191406
30183,-73.8036880493164,-0.06252281367778778,181.58847045898438
30184,-74.18646240234375,0.7015612721443176,181.61190795898438
30185,-74.78008270263672,-0.007144423201680183,181.7142791748047
30187,-74.51776885986328,1.3404587507247925,181.60031127929688
30188,-75.1155776977539,0.792313814163208,181.7059783935547
30189,-73.81895446777344,1.3650813102722168,181.5297393798828
30191,-75.17514038085938,1.5071457624435425,181.6524658203125
30194,-74.2325210571289,2.2602899074554443,181.52256774902344
30195,-75.1616439819336,3.445220470428467,181.48074340820312
30196,-75.8327865600586,2.0767409801483154,181.65977478027344
30198,-77.11080169677734,2.824040174484253,181.66253662109375
30199,-78.11935424804688,3.8449697494506836,181.5862579345703
30201,-78.1744613647461,5.1848835945129395,181.4026641845703
30203,-79.28099822998047,4.366073131561279,181.56008911132812
30205,-79.183349609375,6.458956241607666,181.23716735839844
30206,-79.7116928100586,5.508052349090576,181.4053955078125
30208,-80.83666229248047,5.8237528800964355,181.39569091796875
30209,-80.25181579589844,6.387012958526611,181.2849884033203
30211,-81.1114501953125,6.872631072998047,181.27452087402344
30212,-80.29632568359375,7.110166072845459,181.1858367919922
30213,-79.63610076904297,7.607580661773682,181.08860778808594
30215,-79.97563934326172,8.514023780822754,181.04197692871094
30216,-81.12933349609375,8.10942268371582,181.14370727539062
30218,-80.71122741699219,9.275101661682129,181.07762145996094
30219,-81.96061706542969,9.426824569702148,181.23956298828125
30220,-81.33036041259766,10.139141082763672,181.19264221191406
30223,-82.49398803710938,10.593871116638184,181.41136169433594
30226,-82.6522445678711,11.760459899902344,181.59295654296875
30227,-81.71141052246094,12.613115310668945,181.5244903564453
30228,-80.81385040283203,13.490029335021973,181.48358154296875
30230,-82.04598236083984,13.861927032470703,181.71725463867188
30231,-80.33155059814453,14.433055877685547,181.54342651367188
30232,-81.28836059570312,14.447361946105957,181.66708374023438
30237,-82.00951385498047,14.86020565032959,181.82720947265625
30240,-81.02940368652344,15.527986526489258,181.78199768066406
30245,-82.42191314697266,15.742753982543945,182.0091094970703
30246,-81.55903625488281,16.831928253173828,182.07872009277344
30251,-82.11776733398438,17.85434913635254,182.37374877929688
30254,-82.81556701660156,18.6622314453125,182.65109252929688
30255,-81.35994720458984,19.066410064697266,182.57162475585938
30256,-82.3756103515625,19.592084884643555,182.81723022460938
30258,-81.3448257446289,20.312105178833008,182.88893127441406
30259,-80.68045043945312,21.27204132080078,183.068115234375
30260,-81.7999496459961,21.34671974182129,183.16241455078125
30261,-80.15697479248047,21.936111450195312,183.18377685546875
30262,-81.05252075195312,22.279539108276367,183.31455993652344
30264,-80.74039459228516,23.201425552368164,183.46151733398438
30265,-79.92924499511719,23.795713424682617,183.5240478515625
30266,-80.87332153320312,23.96331214904785,183.58670043945312
30267,-81.66027069091797,23.316259384155273,183.51734924316406
30268,-79.4239730834961,24.642681121826172,183.6100311279297
30269,-81.58814239501953,24.74350929260254,183.71176147460938
30270,-82.56178283691406,23.976526260375977,183.63333129882812
30271,-80.32461547851562,24.86979103088379,183.6822052001953
30272,-79.40348815917969,25.392263412475586,183.68601989746094
30273,-80.03365325927734,25.6217041015625,183.73849487304688
30274,-80.75086975097656,25.94736671447754,183.8024444580078
30276,-90.38499450683594,22.57942771911621,182.8582763671875
30277,-90.88813781738281,22.619285583496094,182.76100158691406
30278,-89.73624420166016,22.35835075378418,183.0587921142578
30279,-88.8417739868164,22.883691787719727,183.09226989746094
30280,-88.38017272949219,23.031658172607422,183.12521362304688
30281,-88.46316528320312,23.621633529663086,183.04629516601562
30282,-87.83089447021484,23.249752044677734,183.22540283203125
30283,-87.95753479003906,23.834585189819336,183.14097595214844
30284,-87.18283081054688,23.511791229248047,183.308349609375
30285,-87.60173034667969,24.135812759399414,183.17791748046875
30286,-86.85789489746094,24.11322784423828,183.34017944335938
30287,-82.0671157836914,26.172456741333008,183.84622192382812
30288,-80.29500579833984,27.01934242248535,183.81887817382812
30289,-88.41588592529297,24.05929183959961,182.9731903076172
30290,-88.231689453125,24.439468383789062,182.9483184814453
30291,-87.7219467163086,24.729572296142578,183.05795288085938
30292,-81.29633331298828,26.971694946289062,183.85479736328125
30293,-80.941162109375,27.555192947387695,183.84912109375
30295,-91.60262298583984,22.881065368652344,182.52963256835938
30296,-92.02631378173828,23.257104873657227,182.2853546142578
30297,-88.4584732055664,25.165287017822266,182.6779022216797
30298,-87.05046081542969,25.04497528076172,183.21923828125
30299,-82.92841339111328,27.011734008789062,183.83859252929688
30300,-83.00276947021484,26.15156364440918,183.83457946777344
30301,-82.07283782958984,27.192338943481445,183.8664093017578
30302,-81.6130599975586,27.856651306152344,183.84805297851562
30303,-81.0272216796875,28.049800872802734,183.81329345703125
30304,-92.51469421386719,23.682205200195312,181.95144653320312
30305,-87.95752716064453,25.4593448638916,182.83636474609375
30306,-87.54145050048828,25.868114471435547,182.9154815673828
30307,-86.79210662841797,25.709999084472656,183.20376586914062
30308,-82.4967269897461,27.84966468811035,183.85379028320312
30309,-83.33287048339844,27.785812377929688,183.79580688476562
30310,-81.33802795410156,28.515825271606445,183.741943359375
30312,-93.23899841308594,24.108779907226562,181.613037109375
30313,-88.47769927978516,25.718929290771484,182.48765563964844
30314,-88.1703109741211,26.079151153564453,182.5272216796875
30315,-87.78477478027344,26.51127052307129,182.64263916015625
30316,-87.26659393310547,26.273983001708984,182.95587158203125
30317,-82.97726440429688,28.4016056060791,183.75143432617188
30318,-82.12369537353516,28.703750610351562,183.72604370117188
30319,-81.1162338256836,29.15891456604004,183.61279296875
30321,-88.31392669677734,26.69090461730957,182.3018341064453
30322,-81.44422912597656,29.086292266845703,183.64764404296875
30323,-81.87210083007812,29.288185119628906,183.54843139648438
30325,-87.87408447265625,27.185686111450195,182.4442901611328
30326,-82.42018127441406,29.38371467590332,183.49688720703125
30327,-82.72817993164062,29.63522720336914,183.35824584960938
30328,-83.13206481933594,29.4339542388916,183.4851837158203
30329,-93.91334533691406,24.27835464477539,181.524169921875
30330,-87.69361114501953,27.677520751953125,182.4051971435547
30331,-95.95169067382812,24.7740421295166,181.25689697265625
30332,-87.65521240234375,28.02726936340332,182.3053741455078
30333,-87.32976531982422,28.267044067382812,182.38604736328125
30334,-87.2264404296875,28.779016494750977,182.17201232910156
30335,-86.772705078125,28.592649459838867,182.60003662109375
30336,-86.50862121582031,29.218263626098633,182.5436248779297
30337,-86.24818420410156,28.846206665039062,182.8387451171875
30338,-85.68827056884766,29.26601219177246,182.97027587890625
30339,-85.91197967529297,29.659589767456055,182.7140655517578
30340,-85.31974029541016,29.74717903137207,182.9132843017578
30341,-85.03660583496094,29.43889045715332,183.0958251953125
30342,-84.66450500488281,29.800729751586914,183.02963256835938
30343,-83.61041259765625,29.754718780517578,183.25701904296875
30345,-96.93904876708984,25.34921646118164,180.84454345703125
30346,-84.25332641601562,29.94034194946289,183.00584411621094
30348,-97.57804870605469,25.812414169311523,180.46826171875
30350,-98.23573303222656,25.96704864501953,180.38983154296875
30352,-98.85189819335938,26.211381912231445,180.2213897705078
30355,-99.39891815185547,25.88320541381836,180.5499267578125
30357,-100.05534362792969,26.756515502929688,179.8878173828125
30359,-101.75436401367188,28.146074295043945,179.02923583984375
30361,-102.35863494873047,28.462360382080078,178.89991760253906
30363,-103.00127410888672,28.729780197143555,178.81997680664062
30365,-103.64502716064453,28.89835548400879,178.81666564941406
30367,-104.78424072265625,29.191755294799805,178.7364959716797
30368,-104.21068572998047,28.88671875,178.907470703125
30371,-106.06758117675781,29.514432907104492,178.5711669921875
30372,-105.37039947509766,29.209978103637695,178.74014282226562
30374,-107.36548614501953,28.98556137084961,178.6064910888672
30375,-107.36859893798828,29.65325164794922,178.25564575195312
30376,-107.97787475585938,29.4471492767334,178.18536376953125
30377,-106.8021011352539,29.24616050720215,178.5958251953125
30379,-108.56370544433594,29.52989387512207,177.98138427734375
30380,-108.84541320800781,29.87095832824707,177.74085998535156
30381,-109.20014190673828,29.36654281616211,177.86985778808594
30382,-108.3751220703125,29.95029640197754,177.8272247314453
30385,-109.95384979248047,29.523727416992188,177.54115295410156
30386,-110.9112777709961,29.180662155151367,177.3336639404297
30387,-109.96563720703125,28.882061004638672,177.7644500732422
30389,-111.87736511230469,28.804136276245117,177.0730438232422
30390,-111.8756103515625,29.4028263092041,176.84521484375
30391,-112.6743392944336,28.885019302368164,176.73341369628906
30394,-113.46743774414062,28.383420944213867,176.69097900390625
30395,-113.61132049560547,28.990407943725586,176.42886352539062
30396,-114.34251403808594,28.526212692260742,176.39263916015625
30397,-115.8284912109375,28.266111373901367,176.08987426757812
30398,-115.67264556884766,28.821128845214844,175.9110565185547
30399,-116.37310028076172,28.557228088378906,175.89108276367188
30400,-115.10413360595703,28.556407928466797,176.17742919921875
30403,-116.9400863647461,28.634355545043945,175.74562072753906
30404,-117.6153564453125,28.47113037109375,175.63880920410156
30405,-116.89278411865234,28.094663619995117,175.92803955078125
30407,-118.32711029052734,28.283071517944336,175.5442657470703
30408,-118.99388885498047,28.3944034576416,175.29124450683594
30415,-121.32350158691406,28.294857025146484,174.652587890625
30416,-120.80955505371094,28.48421859741211,174.6851806640625
30417,-119.40953826904297,28.673276901245117,175.00643920898438
30418,-119.79792022705078,28.651235580444336,174.91229248046875
30419,-119.811279296875,28.30948257446289,175.1314239501953
30422,-122.24540710449219,27.718626022338867,174.6446990966797
30423,-121.63705444335938,28.036781311035156,174.72021484375
30424,-121.168701171875,28.15740394592285,174.81396484375
30425,-120.6494369506836,28.3276424407959,174.86373901367188
30431,-81.4301528930664,-13.058524131774902,180.25344848632812
30432,-80.51927185058594,-12.595662117004395,180.7952117919922
30433,-79.79853820800781,-11.847715377807617,181.17013549804688
30434,-79.22917175292969,-11.18066120147705,181.37538146972656
30435,-78.64630889892578,-10.607105255126953,181.4254913330078
30436,-78.4251937866211,-9.977444648742676,181.66067504882812
30437,-77.43692779541016,-8.25026798248291,181.87205505371094
30438,-77.4833984375,-8.84165096282959,181.6993408203125
30439,-76.9367446899414,-8.427545547485352,181.6374969482422
30440,-76.5776596069336,-8.050747871398926,181.59725952148438
30441,-76.9542007446289,-8.003868103027344,181.73739624023438
30442,-76.46508026123047,-7.801395416259766,181.6336669921875
30443,-76.65534210205078,-7.823098182678223,181.687255859375
30444,-76.59635162353516,-7.4781317710876465,181.76805114746094
30451,-77.86920166015625,-9.614398002624512,181.57232666015625
30452,-76.22683715820312,-7.67956018447876,181.58335876464844
30453,-76.02783203125,-7.197090148925781,181.6491241455078
30454,-76.4081039428711,-7.115107536315918,181.8134002685547
30455,-76.18118286132812,-6.741510391235352,181.83775329589844
30459,-76.04757690429688,-6.167293071746826,181.8831329345703
30460,-75.46992492675781,-5.461633682250977,181.8141632080078
30461,-75.98892974853516,-5.53688907623291,181.96658325195312
30462,-75.20941162109375,-5.133392333984375,181.80935668945312
30466,-76.01351165771484,-4.762364387512207,182.04629516601562
30467,-75.40499114990234,-4.515963077545166,181.91261291503906
30470,-75.93431091308594,-3.7087810039520264,182.09970092773438
30471,-75.49219512939453,-2.7809576988220215,182.00311279296875
30475,-76.29591369628906,-2.834479331970215,182.1363525390625
30477,-76.10791778564453,-2.158386707305908,182.09249877929688
30479,-76.05887603759766,-1.4466303586959839,182.0266571044922
30480,-75.46651458740234,-0.7913438677787781,181.88607788085938
30481,-76.7047119140625,-0.7907818555831909,182.05575561523438
30482,-75.88389587402344,0.09107088297605515,181.85870361328125
30483,-76.06746673583984,1.020419716835022,181.77867126464844
30484,-77.0321044921875,0.2476329207420349,181.96519470214844
30487,-77.16960144042969,1.3866223096847534,181.83958435058594
30488,-78.36518859863281,0.36993005871772766,182.0748291015625
30490,-78.38558959960938,1.8336775302886963,181.86074829101562
30491,-78.44157409667969,2.888476610183716,181.72145080566406
30492,-79.39139556884766,2.4727330207824707,181.8332061767578
30494,-79.08247375488281,3.4224627017974854,181.68365478515625
30495,-80.05948638916016,3.427664279937744,181.72708129882812
30499,-80.48721313476562,4.637392520904541,181.56777954101562
30500,-81.40087890625,3.433957815170288,181.82611083984375
30502,-81.5709457397461,5.05555534362793,181.5609893798828
30503,-82.443115234375,4.357334136962891,181.79261779785156
30505,-81.80912780761719,6.252231121063232,181.4007110595703
30506,-82.47271728515625,5.620303630828857,181.52577209472656
30508,-82.64784240722656,6.591461181640625,181.41845703125
30510,-82.19290924072266,7.3351030349731445,181.32066345214844
30512,-83.46713256835938,7.388993740081787,181.54920959472656
30513,-83.28726196289062,6.191709518432617,181.5439453125
30516,-82.8403549194336,8.59866714477539,181.39935302734375
30517,-83.9082260131836,8.4901704788208,181.66598510742188
30518,-83.03024291992188,9.756185531616211,181.478515625
30520,-83.86675262451172,9.448566436767578,181.6904296875
30522,-83.72621154785156,10.597335815429688,181.71800231933594
30524,-83.23951721191406,11.20025634765625,181.64598083496094
30525,-83.85910034179688,11.824736595153809,181.86956787109375
30527,-83.17137145996094,13.114984512329102,181.82875061035156
30529,-84.33340454101562,12.902573585510254,182.07398986816406
30531,-84.25962829589844,14.181228637695312,182.18919372558594
30532,-82.99919128417969,14.59381103515625,181.95973205566406
30537,-83.7794189453125,15.656007766723633,182.26612854003906
30538,-82.90868377685547,16.780229568481445,182.25999450683594
30540,-84.03960418701172,16.78354263305664,182.4853057861328
30542,-83.39661407470703,17.668872833251953,182.52476501464844
30543,-84.43584442138672,17.535587310791016,182.7213592529297
30545,-84.0105209350586,18.383472442626953,182.78919982910156
30547,-83.68561553955078,19.430503845214844,182.95457458496094
30550,-82.79122924804688,20.52480125427246,183.07228088378906
30551,-84.14633178710938,20.4567928314209,183.19677734375
30552,-83.55108642578125,21.114038467407227,183.25193786621094
30553,-84.07303619384766,21.01700782775879,183.28065490722656
30554,-82.81005096435547,21.504985809326172,183.26097106933594
30555,-82.27375793457031,22.287067413330078,183.36753845214844
30556,-84.09195709228516,21.424409866333008,183.31785583496094
30557,-83.56441497802734,21.74420928955078,183.32737731933594
30558,-83.06718444824219,22.085357666015625,183.37142944335938
30560,-85.0539321899414,21.372411727905273,183.353515625
30561,-85.19999694824219,21.836462020874023,183.39764404296875
30562,-85.72162628173828,21.357200622558594,183.36387634277344
30563,-83.73828125,22.348520278930664,183.40692138671875
30564,-84.37608337402344,22.00807762145996,183.3868865966797
30565,-83.1341552734375,22.6693172454834,183.457275390625
30566,-82.57640838623047,23.085947036743164,183.5056915283203
30567,-86.46458435058594,21.520761489868164,183.38992309570312
30568,-87.1608657836914,21.796110153198242,183.3759307861328
30569,-87.18132781982422,20.98661994934082,183.41725158691406
30570,-86.5028076171875,22.066255569458008,183.39480590820312
30571,-85.9162368774414,21.815649032592773,183.3986053466797
30572,-85.852783203125,22.260143280029297,183.41282653808594
30573,-85.19668579101562,22.438657760620117,183.43663024902344
30574,-84.56766510009766,22.686960220336914,183.46807861328125
30575,-83.98700714111328,23.010299682617188,183.5013885498047
30576,-83.4101791381836,23.509286880493164,183.56919860839844
30578,-87.75749206542969,21.595172882080078,183.39378356933594
30579,-87.88462829589844,22.142969131469727,183.35479736328125
30580,-88.27058410644531,21.75409698486328,183.3814697265625
30581,-87.17350006103516,22.367061614990234,183.36172485351562
30582,-86.53964233398438,22.574262619018555,183.4042205810547
30583,-85.9722671508789,22.789318084716797,183.429931640625
30584,-85.4434585571289,23.052814483642578,183.47348022460938
30585,-84.91011810302734,23.36617660522461,183.51185607910156
30586,-84.41511535644531,23.754215240478516,183.587890625
30587,-84.05354309082031,24.165430068969727,183.6372833251953
30588,-83.4550552368164,24.421512603759766,183.67942810058594
30589,-82.84966278076172,25.19450569152832,183.76841735839844
30590,-90.71109008789062,21.51233673095703,183.26925659179688
30591,-90.69341278076172,22.040910720825195,183.0527801513672
30592,-91.20663452148438,21.743316650390625,183.11839294433594
30593,-90.29666900634766,21.591732025146484,183.2478485107422
30594,-90.18011474609375,22.03488540649414,183.09445190429688
30595,-89.79825592041016,21.749052047729492,183.22853088378906
30596,-89.23494720458984,21.95563507080078,183.2759246826172
30597,-89.04767608642578,22.477916717529297,183.16879272460938
30598,-88.6159439086914,22.098834991455078,183.30955505371094
30599,-88.43029022216797,22.567867279052734,183.2152862548828
30600,-87.820068359375,22.7147159576416,183.27386474609375
30601,-87.18950653076172,22.91199493408203,183.34616088867188
30602,-86.63457489013672,23.03803062438965,183.38865661621094
30603,-86.32176971435547,23.367807388305664,183.41574096679688
30604,-85.84437561035156,23.72643280029297,183.4802703857422
30605,-85.39008331298828,24.119468688964844,183.523681640625
30606,-84.9852066040039,24.690217971801758,183.6151885986328
30607,-84.2273941040039,24.79693603515625,183.7005157470703
30608,-83.86380767822266,25.312088012695312,183.7423095703125
30610,-91.3752212524414,22.372434616088867,182.79708862304688
30611,-91.62409210205078,22.26706314086914,182.82334899902344
30612,-86.24771118164062,24.39288330078125,183.4439239501953
30613,-83.5293197631836,25.857624053955078,183.7897186279297
30615,-91.92438507080078,22.690847396850586,182.62896728515625
30616,-86.0767593383789,24.933835983276367,183.43661499023438
30617,-84.94937133789062,25.67865753173828,183.66639709472656
30618,-84.29193115234375,26.171175003051758,183.75787353515625
30621,-92.45209503173828,22.759963989257812,182.60914611816406
30622,-85.95044708251953,25.645212173461914,183.46287536621094
30623,-83.67681884765625,26.55410385131836,183.7988739013672
30624,-93.11412048339844,23.221784591674805,182.29698181152344
30625,-86.74349975585938,26.34694480895996,183.17617797851562
30626,-86.03621673583984,26.47657585144043,183.39169311523438
30627,-85.22972106933594,26.794044494628906,183.56875610351562
30628,-84.39117431640625,26.844573974609375,183.71556091308594
30629,-83.88119506835938,27.257627487182617,183.77284240722656
30631,-93.72958374023438,23.579097747802734,182.0187530517578
30632,-84.7358169555664,27.407800674438477,183.6314239501953
30633,-84.1347427368164,27.862060546875,183.69131469726562
30634,-83.63749694824219,28.259681701660156,183.72384643554688
30635,-94.41813659667969,23.831628799438477,181.87371826171875
30636,-87.34848022460938,26.810165405273438,182.80760192871094
30637,-86.83082580566406,27.002788543701172,183.0153350830078
30638,-86.21981048583984,27.24547576904297,183.2102508544922
30639,-85.58870697021484,27.606090545654297,183.38778686523438
30640,-84.93793487548828,28.013423919677734,183.486083984375
30641,-84.25711822509766,28.421842575073242,183.57920837402344
30642,-83.55467224121094,28.818008422851562,183.65203857421875
30643,-82.82564544677734,28.94605255126953,183.66717529296875
30644,-87.39762878417969,27.388092041015625,182.66477966308594
30645,-86.91421508789062,27.604351043701172,182.85787963867188
30646,-86.3541259765625,27.876358032226562,183.0348663330078
30647,-85.70137023925781,28.21046257019043,183.2234649658203
30648,-85.02203369140625,28.581289291381836,183.37307739257812
30649,-84.32289123535156,28.967498779296875,183.44728088378906
30650,-83.798828125,29.322614669799805,183.47512817382812
30651,-95.29855346679688,23.864656448364258,181.91087341308594
30652,-87.37193298339844,27.851898193359375,182.54037475585938
30653,-86.91659545898438,28.08397102355957,182.73243713378906
30654,-86.34761810302734,28.395917892456055,182.9244842529297
30655,-85.69720458984375,28.727203369140625,183.11549377441406
30656,-85.05783081054688,29.051406860351562,183.25697326660156
30657,-84.53108978271484,29.35673713684082,183.25294494628906
30661,-97.89181518554688,25.20001220703125,181.0299530029297
30662,-98.64318084716797,25.58007049560547,180.7563018798828
30666,-100.85204315185547,26.851497650146484,179.9255828857422
30667,-100.25208282470703,25.936288833618164,180.60531616210938
30669,-101.6615982055664,27.37624740600586,179.65072631835938
30671,-102.1408920288086,27.86568832397461,179.34178161621094
30673,-102.6794662475586,27.96660614013672,179.37120056152344
30675,-103.24427795410156,28.32154655456543,179.19869995117188
30678,-104.27816772460938,28.363664627075195,179.2334442138672
30679,-104.56470489501953,28.75560188293457,178.9969940185547
30680,-104.93931579589844,28.520254135131836,179.15074157714844
30681,-103.69905853271484,28.244869232177734,179.29885864257812
30683,-105.65972900390625,28.83680534362793,178.9756622314453
30687,-107.92915344238281,28.542314529418945,178.6485137939453
30688,-107.33147430419922,28.419126510620117,178.8815155029297
30689,-106.85984802246094,28.545421600341797,178.9427032470703
30690,-106.23646545410156,28.69589614868164,178.9663543701172
30692,-109.26661682128906,27.67745590209961,178.4586944580078
30693,-109.23021697998047,28.56705093383789,178.1429443359375
30694,-110.00918579101562,28.117063522338867,178.0006561279297
30695,-108.61595153808594,28.288524627685547,178.4927520751953
30696,-108.55870056152344,28.978424072265625,178.254638671875
30698,-110.97115325927734,27.629928588867188,177.78005981445312
30699,-111.5121078491211,28.311975479125977,177.40504455566406
30700,-112.1785659790039,27.454309463500977,177.3726043701172
30701,-110.65461730957031,28.44718360900879,177.66946411132812
30704,-112.5192642211914,28.243314743041992,177.03704833984375
30705,-113.48861694335938,27.633241653442383,176.913818359375
30708,-114.20903778076172,28.02674674987793,176.58218383789062
30709,-114.73672485351562,27.517709732055664,176.60687255859375
30714,-115.02416229248047,28.089069366455078,176.36886596679688
30715,-115.84239196777344,27.646366119384766,176.30018615722656
30718,-116.7934799194336,27.166303634643555,176.2322998046875
30725,-119.8257827758789,27.38568115234375,175.67002868652344
30726,-118.84203338623047,27.74747085571289,175.693359375
30727,-119.56686401367188,27.91304588317871,175.42344665527344
30731,-121.53709411621094,27.326255798339844,175.17987060546875
30732,-121.55093383789062,27.74824333190918,174.9311981201172
30733,-122.13681030273438,27.318988800048828,174.96533203125
30734,-121.06092071533203,27.59532356262207,175.2097930908203
30735,-120.88322448730469,27.978607177734375,175.040771484375
30736,-120.36797332763672,27.800073623657227,175.344482421875
30737,-120.3784408569336,28.18974494934082,175.0557403564453
30740,-123.83700561523438,26.550128936767578,174.68890380859375
30741,-123.21121215820312,26.93740463256836,174.76821899414062
30742,-122.70184326171875,27.268869400024414,174.78453063964844
30743,-80.02897644042969,-10.935670852661133,181.84133911132812
30744,-80.33694458007812,-11.037637710571289,181.87890625
30745,-79.96975708007812,-11.28677749633789,181.605712890625
30746,-79.71485900878906,-10.957762718200684,181.72433471679688
30747,-83.55028533935547,-13.265872955322266,180.04270935058594
30748,-82.93379211425781,-13.078644752502441,180.5621337890625
30749,-82.27790832519531,-12.778871536254883,181.04019165039062
30750,-81.50912475585938,-12.223384857177734,181.48733520507812
30751,-80.70807647705078,-11.511600494384766,181.70787048339844
30752,-79.53192901611328,-10.546525955200195,181.8422393798828
30753,-78.49303436279297,-9.373623847961426,181.88807678222656
30754,-78.74610137939453,-9.582512855529785,181.92080688476562
30755,-77.87328338623047,-8.35053825378418,182.02069091796875
30756,-77.7424545288086,-8.215119361877441,181.999267578125
30757,-77.36715698242188,-7.621188163757324,181.98297119140625
30758,-77.7536849975586,-7.9564666748046875,182.06048583984375
30759,-76.89930725097656,-7.572342395782471,181.83619689941406
30761,-85.0276870727539,-13.23138427734375,180.221923828125
30762,-85.79680633544922,-13.263134002685547,180.05821228027344
30763,-84.27903747558594,-13.176461219787598,180.46160888671875
30764,-78.4028091430664,-8.695819854736328,182.09469604492188
30765,-77.82909393310547,-7.5533294677734375,182.17251586914062
30766,-77.10128021240234,-6.782387733459473,182.09547424316406
30767,-77.68443298339844,-7.107522964477539,182.2118682861328
30768,-76.54888916015625,-6.7299323081970215,181.95968627929688
30773,-76.65506744384766,-6.212889671325684,182.04562377929688
30774,-77.26231384277344,-5.494194507598877,182.26779174804688
30775,-76.51322174072266,-5.695337295532227,182.078369140625
30779,-76.57803344726562,-5.122398853302002,182.13037109375
30784,-76.94840240478516,-4.354437828063965,182.2338409423828
30785,-77.75511932373047,-4.652858257293701,182.38092041015625
30786,-78.31783294677734,-5.290163516998291,182.4656219482422
30790,-77.91263580322266,-3.888716459274292,182.40194702148438
30791,-77.11363220214844,-3.1946980953216553,182.2647705078125
30795,-78.28448486328125,-3.060946464538574,182.41029357910156
30796,-76.81243133544922,-2.4318840503692627,182.2021942138672
30798,-77.6816635131836,-2.2911651134490967,182.3070526123047
30799,-76.86006164550781,-1.7466422319412231,182.15673828125
30801,-77.69148254394531,-1.3753290176391602,182.2246856689453
30802,-77.72394561767578,-0.5299474000930786,182.13885498046875
30803,-78.60672760009766,-0.9408521056175232,182.2730712890625
30806,-79.5793685913086,1.1519893407821655,182.0552520751953
30807,-79.70272064208984,-0.28706398606300354,182.27980041503906
30810,-80.52920532226562,2.117772102355957,181.96310424804688
30811,-80.77583312988281,0.6447110772132874,182.2301025390625
30812,-81.69024658203125,1.6813524961471558,182.14529418945312
30815,-82.93061065673828,2.6454241275787354,182.1370086669922
30821,-83.25707244873047,4.064985752105713,181.98095703125
30822,-83.9120101928711,3.47204327583313,182.186279296875
30824,-83.19100952148438,5.1221442222595215,181.79574584960938
30825,-83.99473571777344,4.544777870178223,182.0463104248047
30827,-83.99769592285156,5.671051502227783,181.8828125
30829,-84.87053680419922,5.03316068649292,182.24264526367188
30831,-83.9778060913086,6.577986717224121,181.74676513671875
30832,-84.86393737792969,6.341050148010254,182.11788940429688
30835,-84.31817626953125,7.138413906097412,181.8238067626953
30836,-84.85037231445312,7.320040702819824,182.0137939453125
30838,-84.42640686035156,7.904063701629639,181.83416748046875
30840,-85.17090606689453,7.970155715942383,182.11526489257812
30842,-85.8338623046875,7.782123565673828,182.41078186035156
30843,-85.68409729003906,8.665292739868164,182.33062744140625
30844,-84.7659912109375,8.936026573181152,181.95057678222656
30846,-85.490234375,9.774504661560059,182.2658233642578
30847,-84.6529312133789,10.143060684204102,181.9614715576172
30849,-85.28466796875,10.888747215270996,182.2412109375
30850,-84.54924011230469,11.1090726852417,181.9923553466797
30853,-84.99727630615234,12.034835815429688,182.19256591796875
30854,-85.8448257446289,11.625836372375488,182.49436950683594
30856,-85.69805908203125,12.511629104614258,182.49034118652344
30858,-85.19031524658203,13.29939079284668,182.37208557128906
30859,-85.99073791503906,13.203202247619629,182.65249633789062
30862,-85.72676849365234,13.840875625610352,182.60125732421875
30863,-85.27361297607422,14.364607810974121,182.4942169189453
30864,-85.98509216308594,14.471927642822266,182.77520751953125
30868,-85.5936050415039,15.132353782653809,182.69557189941406
30869,-84.84771728515625,15.217255592346191,182.47462463378906
30871,-85.33047485351562,15.747727394104004,182.69776916503906
30872,-85.8205337524414,15.72441577911377,182.85020446777344
30873,-84.75471496582031,16.136974334716797,182.57882690429688
30875,-85.59585571289062,16.48617935180664,182.8832244873047
30876,-84.82705688476562,16.8625545501709,182.71063232421875
30877,-85.25605773925781,17.359691619873047,182.9076690673828
30878,-85.88908386230469,17.22527503967285,183.1029815673828
30879,-85.0267333984375,18.178739547729492,182.9818878173828
30882,-85.74386596679688,17.854202270507812,183.12646484375
30885,-85.6987075805664,18.40969467163086,183.1468505859375
30886,-85.41266632080078,18.861825942993164,183.1465301513672
30887,-84.64686584472656,18.880767822265625,183.00497436523438
30890,-85.05133056640625,19.611574172973633,183.17105102539062
30892,-84.62737274169922,21.049488067626953,183.30679321289062
30893,-85.3143081665039,20.46861457824707,183.27772521972656
30895,-85.3063735961914,21.017364501953125,183.3264923095703
30896,-85.90620422363281,20.83208656311035,183.33511352539062
30899,-86.36649322509766,21.077693939208984,183.3834686279297
30900,-86.49181365966797,20.713115692138672,183.3922119140625
30902,-87.93496704101562,20.59423065185547,183.4997100830078
30903,-88.221923828125,21.181556701660156,183.42311096191406
30904,-88.53508758544922,20.647172927856445,183.4960174560547
30906,-90.38534545898438,21.163421630859375,183.47755432128906
30907,-90.8954086303711,21.07518768310547,183.51075744628906
30908,-90.39070892333984,20.696884155273438,183.67694091796875
30909,-89.91476440429688,20.779617309570312,183.61203002929688
30910,-89.90181732177734,21.279945373535156,183.42747497558594
30911,-89.48760986328125,20.974092483520508,183.5192108154297
30912,-89.37503814697266,21.43051528930664,183.3889617919922
30913,-88.95630645751953,21.03200912475586,183.44712829589844
30914,-88.7898941040039,21.588083267211914,183.39210510253906
30915,-91.40715789794922,21.236835479736328,183.40431213378906
30916,-91.27167510986328,20.694236755371094,183.71412658691406
30917,-91.76107788085938,20.927833557128906,183.57174682617188
30919,-91.8211669921875,21.659950256347656,183.14315795898438
30921,-92.42082977294922,21.907798767089844,183.0385284423828
30922,-92.01930236816406,22.25459861755371,182.8400115966797
30924,-93.20326232910156,22.21029281616211,182.9257049560547
30926,-93.61846923828125,22.915950775146484,182.48770141601562
30928,-94.16946411132812,23.10893440246582,182.38385009765625
30929,-94.84231567382812,23.15351676940918,182.40135192871094
30931,-95.6469955444336,22.87051010131836,182.66448974609375
30933,-96.34209442138672,23.570117950439453,182.19686889648438
30934,-97.19233703613281,24.307353973388672,181.69805908203125
30938,-98.92509460449219,25.242528915405273,181.05714416503906
30939,-98.47958374023438,25.0141544342041,181.2069854736328
30940,-99.74494934082031,25.37746238708496,180.9942169189453
30941,-99.2968978881836,25.067129135131836,181.21499633789062
30945,-100.91783905029297,26.114282608032227,180.53250122070312
30947,-101.54708099365234,26.558887481689453,180.2616424560547
30948,-102.0302505493164,27.043001174926758,179.9561767578125
30950,-102.21530151367188,27.484590530395508,179.6600341796875
30952,-103.04195404052734,27.206933975219727,179.92425537109375
30953,-103.12345886230469,27.744163513183594,179.57276916503906
30954,-103.48894500732422,27.544153213500977,179.73367309570312
30955,-102.57217407226562,27.239805221557617,179.8612060546875
30957,-104.2848129272461,27.37565040588379,179.86593627929688
30958,-104.34259033203125,27.87790870666504,179.5597686767578
30959,-104.8621597290039,27.72028923034668,179.6382598876953
30960,-103.86136627197266,27.40631103515625,179.8551483154297
30961,-103.92009735107422,27.885303497314453,179.54461669921875
30964,-105.59505462646484,28.17538833618164,179.32240295410156
30965,-106.40626525878906,27.852298736572266,179.34353637695312
30966,-105.52225494384766,27.373149871826172,179.7628936767578
30969,-108.27806091308594,27.585662841796875,178.88975524902344
30970,-108.96456146240234,26.917469024658203,178.7760772705078
30971,-108.37952423095703,26.4000244140625,179.1910400390625
30972,-107.32487487792969,27.17009925842285,179.39108276367188
30973,-107.56443786621094,27.963916778564453,179.0167999267578
30974,-107.07714080810547,28.006206512451172,179.13539123535156
30977,-110.1500244140625,27.357864379882812,178.16259765625
30978,-110.85923767089844,26.547693252563477,178.03257751464844
30979,-109.74574279785156,26.708003997802734,178.4852294921875
30981,-111.53997039794922,27.019548416137695,177.69699096679688
30982,-112.19219970703125,26.38964080810547,177.5546875
30985,-114.16337585449219,26.8675479888916,176.87139892578125
30986,-114.5940170288086,26.160842895507812,176.86154174804688
30987,-113.45610046386719,26.215116500854492,177.16729736328125
30988,-113.09123992919922,26.903579711914062,177.1620635986328
30991,-115.53235626220703,26.82501792907715,176.5321502685547
30992,-115.70077514648438,26.033123016357422,176.63595581054688
30994,-116.65245056152344,26.468425750732422,176.38400268554688
30995,-117.51277923583984,26.127056121826172,176.29971313476562
30996,-116.58206176757812,25.895803451538086,176.4797821044922
30999,-118.27090454101562,26.092782974243164,176.20143127441406
31000,-118.33583068847656,26.561969757080078,176.11524963378906
31001,-118.73809814453125,26.209028244018555,176.12396240234375
31002,-117.50323486328125,26.733007431030273,176.20297241210938
31005,-119.02754211425781,26.44537353515625,176.04566955566406
31006,-119.10317993164062,26.946420669555664,175.89454650878906
31007,-119.5529556274414,26.465242385864258,175.9530487060547
31008,-117.96482849121094,27.295454025268555,175.98634338378906
31010,-120.91620635986328,27.091732025146484,175.538818359375
31011,-121.6297607421875,26.395877838134766,175.63800048828125
31012,-120.7773208618164,26.451202392578125,175.7485809326172
31013,-120.06726837158203,26.764102935791016,175.8177947998047
31016,-121.931396484375,26.881990432739258,175.2925567626953
31017,-122.65027618408203,26.322895050048828,175.40089416503906
31020,-124.64788055419922,25.876192092895508,174.76007080078125
31021,-123.40694427490234,26.1676025390625,175.2783660888672
31022,-123.31282043457031,26.546037673950195,175.04591369628906
31023,-123.77357482910156,26.233983993530273,175.0476531982422
31024,-122.67770385742188,26.880630493164062,175.02552795410156
31025,-124.45021057128906,26.05363655090332,174.73104858398438
31026,-124.17601776123047,26.175914764404297,174.81143188476562
31027,-79.89604949951172,-10.613702774047852,181.95240783691406
31028,-83.65999603271484,-12.71928596496582,181.29393005371094
31029,-82.98299407958984,-12.470755577087402,181.5474090576172
31030,-82.34152221679688,-11.95249080657959,181.88209533691406
31031,-81.67845916748047,-11.323529243469238,182.0823516845703
31032,-81.12696838378906,-10.823612213134766,182.22222900390625
31033,-80.65473175048828,-10.746077537536621,182.14540100097656
31034,-79.3739242553711,-9.891531944274902,182.08323669433594
31035,-79.731689453125,-9.543020248413086,182.3389892578125
31036,-79.97856140136719,-9.993781089782715,182.2729034423828
31037,-79.47814178466797,-9.118149757385254,182.36639404296875
31038,-78.89594268798828,-9.1426420211792,182.11756896972656
31039,-77.90669250488281,-8.122488021850586,182.0838623046875
31040,-85.54426574707031,-12.835280418395996,181.08920288085938
31041,-84.27566528320312,-12.430351257324219,181.70980834960938
31042,-84.95894622802734,-12.512121200561523,181.6103515625
31043,-79.18621063232422,-8.54312801361084,182.40614318847656
31044,-79.09046173095703,-7.803107261657715,182.4942626953125
31045,-80.0328598022461,-8.107339859008789,182.70758056640625
31046,-78.26331329345703,-7.79711389541626,182.2494354248047
31047,-78.10747528076172,-7.175564289093018,182.31829833984375
31048,-86.81656646728516,-13.227278709411621,180.0898895263672
31049,-86.34215545654297,-12.5258150100708,181.48060607910156
31050,-79.61636352539062,-6.973038673400879,182.70298767089844
31051,-78.71073150634766,-7.009435653686523,182.48793029785156
31052,-78.04669952392578,-6.383285999298096,182.3678436279297
31054,-89.41195678710938,-12.846172332763672,180.0497283935547
31055,-87.9520034790039,-12.742737770080566,180.8118896484375
31056,-87.18496704101562,-12.451416015625,181.39547729492188
31057,-79.05241394042969,-6.05850887298584,182.6259765625
31060,-90.06546783447266,-12.480982780456543,180.3330841064453
31061,-89.16554260253906,-12.266342163085938,181.06993103027344
31062,-79.40068817138672,-4.9500579833984375,182.66580200195312
31063,-78.46468353271484,-4.474949836730957,182.50289916992188
31068,-91.47076416015625,-12.067131042480469,179.91232299804688
31073,-79.13214874267578,-3.8381145000457764,182.5780029296875
31077,-78.65010833740234,-2.3702850341796875,182.41961669921875
31078,-79.4603042602539,-2.831578016281128,182.5501251220703
31081,-78.43518829345703,-1.7855206727981567,182.33595275878906
31082,-79.54328918457031,-1.693113923072815,182.44168090820312
31085,-81.1192855834961,-0.8287553787231445,182.49099731445312
31088,-81.76786041259766,0.3929564654827118,182.37217712402344
31089,-82.55535888671875,-0.24119652807712555,182.56658935546875
31092,-82.54605865478516,1.0172119140625,182.35147094726562
31094,-83.67274475097656,0.7963259220123291,182.56448364257812
31100,-84.52822875976562,2.269611358642578,182.4656982421875
31103,-84.94815063476562,3.6848959922790527,182.40789794921875
31109,-85.91485595703125,4.3551025390625,182.63223266601562
31112,-86.21002960205078,4.956940174102783,182.72364807128906
31113,-85.69041442871094,5.409801006317139,182.47573852539062
31115,-86.43477630615234,5.44679594039917,182.80316162109375
31118,-85.93340301513672,6.242051124572754,182.51893615722656
31119,-85.50045013427734,7.123447418212891,182.29441833496094
31122,-86.44363403320312,7.026585102081299,182.73521423339844
31125,-86.46281433105469,8.127209663391113,182.72109985351562
31132,-86.44367980957031,9.37228012084961,182.70590209960938
31136,-86.08270263671875,10.580665588378906,182.5409698486328
31140,-86.90145111083984,10.44322681427002,182.97979736328125
31143,-86.51431274414062,11.325967788696289,182.80284118652344
31149,-86.45113372802734,12.334413528442383,182.81600952148438
31152,-86.6817398071289,13.324942588806152,183.00376892089844
31153,-87.12128448486328,12.652945518493652,183.1816864013672
31155,-86.23735046386719,13.85025405883789,182.82022094726562
31156,-86.88118743896484,14.399231910705566,183.1762237548828
31158,-86.26646423339844,15.242128372192383,182.9818878173828
31159,-87.08859252929688,15.731128692626953,183.3872833251953
31160,-86.27379608154297,15.997922897338867,183.04981994628906
31162,-86.5631103515625,16.79357147216797,183.2652130126953
31163,-87.2894058227539,16.606142044067383,183.5467987060547
31165,-87.20367431640625,17.1597843170166,183.49179077148438
31166,-86.34915924072266,17.614009857177734,183.27378845214844
31167,-86.86814880371094,17.480581283569336,183.40284729003906
31169,-86.326416015625,18.318307876586914,183.29458618164062
31170,-86.8160400390625,17.968393325805664,183.40785217285156
31171,-86.0068130493164,18.78913116455078,183.2602996826172
31172,-86.59783172607422,19.00092887878418,183.41055297851562
31173,-87.1321029663086,18.54700469970703,183.52708435058594
31174,-85.98487091064453,19.30759620666504,183.32342529296875
31176,-88.09175109863281,18.753686904907227,183.74127197265625
31177,-88.15921020507812,19.246030807495117,183.68458557128906
31178,-88.73643493652344,18.932472229003906,183.84780883789062
31179,-86.70883178710938,19.65687370300293,183.41725158691406
31180,-87.42395782470703,19.330041885375977,183.51043701171875
31181,-86.01423645019531,19.940149307250977,183.34336853027344
31182,-89.43912506103516,19.361276626586914,183.91603088378906
31183,-89.42046356201172,18.804975509643555,183.9989471435547
31184,-88.8815689086914,19.632091522216797,183.76837158203125
31185,-88.23200988769531,19.987571716308594,183.58213806152344
31186,-87.3866195678711,20.13369369506836,183.49514770507812
31187,-86.69510650634766,20.296064376831055,183.40867614746094
31188,-86.12568664550781,20.431861877441406,183.3528594970703
31190,-89.52994537353516,19.889850616455078,183.80841064453125
31191,-90.06134033203125,19.769533157348633,183.9085235595703
31192,-89.98014831542969,19.217187881469727,184.0685577392578
31193,-90.56514739990234,19.628089904785156,184.01023864746094
31194,-90.64199829101562,20.282875061035156,183.81521606445312
31195,-91.10093688964844,20.01182746887207,183.93536376953125
31196,-89.99018096923828,20.29053497314453,183.7559814453125
31197,-89.20099639892578,20.391630172729492,183.6250762939453
31199,-91.55337524414062,20.338897705078125,183.87930297851562
31201,-92.07041931152344,20.34962272644043,183.9517059326172
31203,-92.2886962890625,21.16935157775879,183.47032165527344
31204,-92.85540771484375,21.43794822692871,183.38375854492188
31206,-93.97091674804688,22.447668075561523,182.8323211669922
31208,-94.50414276123047,22.642589569091797,182.74215698242188
31210,-95.03044128417969,22.482614517211914,182.89527893066406
31212,-129.07064819335938,8.714645385742188,173.3170623779297
31213,-97.87816619873047,23.63456916809082,182.22044372558594
31214,-97.1922378540039,23.28641700744629,182.4446563720703
31215,-98.13121032714844,24.447097778320312,181.6270751953125
31216,-98.77679443359375,24.671035766601562,181.48562622070312
31218,-99.66633605957031,24.876794815063477,181.37232971191406
31219,-99.27043151855469,24.34000587463379,181.74700927734375
31221,-100.1285400390625,25.13604736328125,181.20065307617188
31222,-128.8925323486328,11.782698631286621,173.7242889404297
31223,-100.71007537841797,25.44954490661621,181.004150390625
31224,-101.34139251708984,25.787118911743164,180.7891845703125
31226,-101.9554214477539,26.12661361694336,180.5988311767578
31227,-102.19795989990234,26.663145065307617,180.23870849609375
31228,-102.42616271972656,26.366943359375,180.46664428710938
31231,-106.53016662597656,25.57600212097168,180.24783325195312
31232,-106.92619323730469,26.27987289428711,179.84829711914062
31233,-107.32782745361328,25.462621688842773,179.87664794921875
31234,-106.21880340576172,26.224763870239258,180.0934600830078
31235,-104.60590362548828,26.934253692626953,180.0948028564453
31236,-105.42581176757812,26.490646362304688,180.236572265625
31237,-104.48541259765625,26.18379020690918,180.5420684814453
31238,-103.90154266357422,26.935871124267578,180.1434783935547
31239,-103.32234954833984,26.872777938842773,180.18370056152344
31241,-108.96470642089844,25.30950355529785,179.1067352294922
31242,-108.11283874511719,25.46495246887207,179.5095672607422
31243,-107.6432876586914,26.15859031677246,179.5730438232422
31244,-106.3082046508789,26.918302536010742,179.77783203125
31247,-112.47673034667969,24.336854934692383,177.63400268554688
31248,-113.76228332519531,24.918668746948242,177.20147705078125
31249,-113.78946685791016,24.06222915649414,177.2257080078125
31250,-111.45616912841797,25.222248077392578,177.9657745361328
31251,-111.34880828857422,24.15142822265625,178.0819091796875
31252,-110.51773071289062,24.38143539428711,178.438720703125
31253,-110.05287170410156,25.524856567382812,178.550537109375
31254,-109.22752380371094,26.17037010192871,178.83480834960938
31257,-112.84500885009766,25.424461364746094,177.43821716308594
31260,-115.15730285644531,23.774507522583008,176.8828125
31261,-114.92790985107422,24.70793914794922,176.90386962890625
31262,-113.87544250488281,25.61748695373535,177.10858154296875
31265,-117.6175308227539,24.778345108032227,176.4138641357422
31266,-117.67829895019531,24.11210823059082,176.43109130859375
31267,-116.7618408203125,23.97039031982422,176.56564331054688
31268,-116.2359619140625,24.677608489990234,176.6356964111328
31269,-115.88307189941406,25.369144439697266,176.65298461914062
31270,-114.78620910644531,25.457529067993164,176.87559509277344
31272,-118.57218170166016,24.2601261138916,176.3275909423828
31273,-116.9971694946289,25.423879623413086,176.4550018310547
31275,-118.75241088867188,23.38677215576172,176.3441925048828
31276,-119.64488983154297,23.9350643157959,176.25294494628906
31277,-118.8668441772461,25.262903213500977,176.20494079589844
31278,-118.00865936279297,25.614347457885742,176.29319763183594
31279,-127.37297058105469,21.69487190246582,175.03778076171875
31282,-119.5855712890625,24.717679977416992,176.20582580566406
31283,-120.55696105957031,24.491304397583008,176.1602783203125
31284,-118.65478515625,25.86186981201172,176.18162536621094
31285,-126.8346939086914,22.56089973449707,175.1963348388672
31286,-126.46969604492188,23.014286041259766,175.18765258789062
31287,-126.8322525024414,23.05805015563965,174.89222717285156
31288,-120.15735626220703,25.402788162231445,176.07579040527344
31289,-121.40021514892578,25.05634117126465,176.02389526367188
31290,-121.79520416259766,24.031360626220703,176.1096649169922
31291,-119.3206787109375,26.000661849975586,176.07546997070312
31292,-126.20706939697266,23.31678581237793,175.1974639892578
31293,-126.40152740478516,23.51479721069336,174.93235778808594
31294,-122.2875747680664,25.620628356933594,175.78089904785156
31295,-123.45199584960938,25.0355224609375,175.76780700683594
31296,-122.46822357177734,24.746559143066406,175.97262573242188
31297,-121.07662963867188,25.859254837036133,175.88584899902344
31298,-120.16700744628906,26.161884307861328,175.9337158203125
31299,-126.13374328613281,23.567005157470703,175.10366821289062
31300,-123.89608764648438,25.482492446899414,175.5124053955078
31301,-124.3965072631836,25.0327091217041,175.50450134277344
31302,-123.28389739990234,25.777185440063477,175.56414794921875
31303,-125.89079284667969,24.380767822265625,174.8642578125
31304,-125.56938171386719,24.237825393676758,175.23194885253906
31305,-125.46054077148438,24.622047424316406,175.07284545898438
31306,-124.98120880126953,24.83466911315918,175.27793884277344
31307,-124.82699584960938,25.189857482910156,175.120849609375
31308,-124.39449310302734,25.56167984008789,175.1466522216797
31309,-124.71411895751953,24.683292388916016,175.4932861328125
31310,-123.87469482421875,25.914226531982422,175.2848663330078
31311,-124.2698745727539,25.92754554748535,174.9850616455078
31312,-124.0229263305664,26.052080154418945,175.04342651367188
31313,-83.4337387084961,-12.159056663513184,181.90101623535156
31314,-83.12442016601562,-11.633914947509766,182.25851440429688
31315,-82.51364135742188,-10.91278076171875,182.43710327148438
31316,-81.75699615478516,-10.359940528869629,182.546875
31317,-80.77887725830078,-9.984445571899414,182.51402282714844
31318,-80.11160278320312,-9.277314186096191,182.5323944091797
31319,-84.5679702758789,-11.83594036102295,182.2073516845703
31320,-83.8547592163086,-11.731894493103027,182.2744140625
31321,-83.51470184326172,-10.537919998168945,182.74440002441406
31322,-82.53598022460938,-9.932229042053223,182.81732177734375
31323,-81.70203399658203,-9.210103988647461,182.86453247070312
31324,-80.80281066894531,-8.843216896057129,182.80270385742188
31325,-85.6496353149414,-12.186417579650879,181.8800811767578
31326,-84.46117401123047,-10.993873596191406,182.64466857910156
31327,-85.27864074707031,-11.418747901916504,182.4503631591797
31328,-83.28445434570312,-9.442963600158691,183.04934692382812
31329,-81.38013458251953,-7.792117595672607,183.0200653076172
31330,-82.22227478027344,-8.414209365844727,183.09478759765625
31331,-80.51063537597656,-7.051984786987305,182.9077606201172
31332,-87.77980041503906,-11.863171577453613,181.8265380859375
31333,-86.98501586914062,-11.673700332641602,182.17030334472656
31334,-86.17911529541016,-11.526618957519531,182.35267639160156
31335,-81.31874084472656,-6.512557029724121,183.0870819091797
31336,-80.25269317626953,-5.967899799346924,182.8867645263672
31337,-88.47465515136719,-11.861639976501465,181.60865783691406
31338,-88.29053497314453,-11.282119750976562,182.16868591308594
31339,-93.49853515625,-12.052228927612305,178.4952392578125
31340,-92.08984375,-12.074864387512207,179.41644287109375
31341,-90.82897186279297,-12.076900482177734,180.43783569335938
31342,-90.23965454101562,-11.4428071975708,181.40794372558594
31343,-89.12857818603516,-11.16324520111084,182.02352905273438
31344,-80.52743530273438,-4.991592884063721,182.89840698242188
31345,-81.40032958984375,-5.469780445098877,183.09490966796875
31348,-92.86605072021484,-11.719247817993164,179.4325714111328
31349,-92.18866729736328,-11.570055961608887,180.18359375
31350,-91.35924530029297,-11.311552047729492,180.94068908691406
31351,-81.4527587890625,-4.386879920959473,183.02603149414062
31352,-80.18284606933594,-4.3179402351379395,182.78701782226562
31354,-95.43982696533203,-11.615205764770508,178.04592895507812
31356,-94.9591064453125,-11.744914054870605,178.1431121826172
31357,-94.57591247558594,-11.650322914123535,178.68099975585938
31358,-93.95628356933594,-11.306122779846191,179.5297393798828
31359,-93.0257797241211,-10.862076759338379,180.4393768310547
31360,-80.55752563476562,-3.547924757003784,182.7477569580078
31364,-80.86753845214844,-2.356712818145752,182.67483520507812
31365,-82.1600341796875,-3.221839666366577,182.9928741455078
31368,-82.52339935302734,-1.7421891689300537,182.8009490966797
31371,-83.61160278320312,-0.7159358859062195,182.8055419921875
31372,-83.81170654296875,-1.7012920379638672,183.0163116455078
31374,-84.62056732177734,-0.9980126619338989,183.0356903076172
31376,-84.44709014892578,-0.07857128232717514,182.8395538330078
31382,-103.89031982421875,-9.041895866394043,175.63819885253906
31385,-84.98623657226562,0.8589848279953003,182.79391479492188
31386,-85.58067321777344,1.7388228178024292,182.81356811523438
31388,-104.79292297363281,-8.283000946044922,175.63587951660156
31389,-85.51492309570312,2.6546759605407715,182.68247985839844
31391,-105.53767395019531,-8.167243003845215,175.25445556640625
31392,-105.24979400634766,-7.775121212005615,175.7064666748047
31393,-104.82061004638672,-7.7696967124938965,175.97853088378906
31394,-106.28850555419922,-7.776561260223389,175.0836944580078
31396,-105.71919250488281,-7.671875476837158,175.484375
31397,-105.54009246826172,-7.380521297454834,175.797607421875
31398,-105.0855712890625,-7.301529407501221,176.11032104492188
31399,-104.60901641845703,-7.4832000732421875,176.27664184570312
31400,-104.62295532226562,-6.943415641784668,176.6102752685547
31402,-106.7673110961914,-7.300005912780762,175.13986206054688
31403,-107.18730926513672,-7.095905303955078,175.04129028320312
31404,-105.98738098144531,-7.273344039916992,175.60324096679688
31405,-106.4349136352539,-7.1821088790893555,175.4109649658203
31406,-105.65990447998047,-6.817554473876953,176.06602478027344
31407,-105.13417053222656,-6.8003010749816895,176.38821411132812
31408,-85.95805358886719,3.2858400344848633,182.73439025878906
31410,-106.3011474609375,-6.785308837890625,175.71310424804688
31411,-106.26914978027344,-6.27726411819458,176.02223205566406
31412,-86.85990142822266,3.4355475902557373,183.08026123046875
31416,-86.855224609375,4.589252471923828,183.04156494140625
31419,-109.14444732666016,-6.1344404220581055,174.78683471679688
31420,-87.2809066772461,5.4008965492248535,183.20077514648438
31421,-109.90613555908203,-5.483522415161133,175.0060272216797
31422,-86.7190170288086,6.097278594970703,182.9239044189453
31424,-110.6839370727539,-5.619185924530029,174.7518768310547
31425,-87.5773696899414,6.40461540222168,183.36830139160156
31427,-111.51934051513672,-5.383626461029053,174.75643920898438
31428,-87.1802978515625,7.470736026763916,183.1175079345703
31430,-112.3938217163086,-5.373592853546143,174.6916961669922
31431,-112.01693725585938,-4.937747955322266,175.09439086914062
31432,-111.50286102294922,-4.922657489776611,175.14772033691406
31433,-87.34551239013672,8.49084758758545,183.20846557617188
31434,-113.642333984375,-5.737498760223389,174.1510772705078
31435,-113.15968322753906,-5.307735443115234,174.69491577148438
31436,-112.69133758544922,-4.924094200134277,175.0532989501953
31437,-112.35041809082031,-4.612254619598389,175.34912109375
31438,-114.52352905273438,-5.579580307006836,174.2130889892578
31439,-113.92922973632812,-5.138947010040283,174.82327270507812
31440,-113.3028793334961,-4.6894731521606445,175.21775817871094
31441,-112.80135345458984,-4.551331520080566,175.3663330078125
31442,-87.266357421875,9.538796424865723,183.16195678710938
31444,-114.73609924316406,-4.879296779632568,175.06103515625
31445,-114.01979064941406,-4.437352657318115,175.43719482421875
31446,-87.85570526123047,10.247934341430664,183.5769500732422
31449,-104.20404052734375,2.5174307823181152,179.45457458496094
31450,-104.44327545166016,3.0103397369384766,179.43411254882812
31451,-104.73175811767578,2.638599395751953,179.28868103027344
31452,-104.00959777832031,2.9537878036499023,179.58682250976562
31453,-87.34200286865234,11.5877103805542,183.26112365722656
31455,-104.86054229736328,3.1059837341308594,179.33726501464844
31456,-105.23490142822266,2.920759677886963,179.1962432861328
31457,-104.68335723876953,3.3905351161956787,179.43418884277344
31458,-104.22819519042969,3.505308151245117,179.57052612304688
31459,-103.81970977783203,3.226714611053467,179.70260620117188
31460,-103.7954330444336,3.5751566886901855,179.7567596435547
31463,-105.14871978759766,3.5901906490325928,179.3433074951172
31464,-105.67192840576172,3.321068048477173,179.14439392089844
31465,-104.70587921142578,3.7438101768493652,179.48606872558594
31466,-104.51428985595703,4.059689521789551,179.62619018554688
31467,-104.05167388916016,4.031527996063232,179.76853942871094
31468,-87.6466064453125,12.489920616149902,183.506591796875
31469,-105.58912658691406,3.833034038543701,179.2661590576172
31470,-104.9531478881836,4.101888179779053,179.49888610839844
31471,-105.3802261352539,4.159350872039795,179.38014221191406
31472,-104.76087188720703,4.451354503631592,179.66517639160156
31473,-104.36109161376953,4.603046894073486,179.83811950683594
31474,-87.5114517211914,13.429375648498535,183.45980834960938
31476,-105.1473159790039,4.619383335113525,179.58140563964844
31477,-104.77021026611328,4.807506561279297,179.75648498535156
31478,-87.60906219482422,14.200716972351074,183.58226013183594
31480,-87.71641540527344,14.878700256347656,183.66397094726562
31481,-87.9064712524414,15.63200569152832,183.7998809814453
31482,-87.81399536132812,16.291542053222656,183.77041625976562
31484,-87.83747863769531,17.063053131103516,183.73736572265625
31486,-87.4878921508789,17.832115173339844,183.60646057128906
31487,-88.16363525390625,17.64672088623047,183.80999755859375
31488,-88.29328918457031,18.256271362304688,183.85792541503906
31489,-88.58323669433594,17.80886459350586,183.96432495117188
31490,-87.70711517333984,18.459123611450195,183.6993408203125
31491,-88.85372924804688,18.098119735717773,184.0203399658203
31492,-88.94705963134766,18.46189308166504,183.9599609375
31493,-89.44125366210938,18.183616638183594,184.20570373535156
31494,-89.9759292602539,18.659090042114258,184.245361328125
31495,-90.49174499511719,19.01806640625,184.2667694091797
31496,-90.4427719116211,18.50904655456543,184.44137573242188
31499,-90.92901611328125,18.660320281982422,184.50440979003906
31500,-91.00775146484375,19.365278244018555,184.2257843017578
31501,-91.39962768554688,19.036724090576172,184.46212768554688
31502,-91.51846313476562,19.754440307617188,184.14321899414062
31503,-91.9775390625,19.369138717651367,184.42758178710938
31504,-92.52033996582031,19.886150360107422,184.2788543701172
31507,-92.85870361328125,20.61123275756836,183.89968872070312
31510,-93.54117584228516,21.202573776245117,183.62216186523438
31512,-93.87938690185547,21.826881408691406,183.2419891357422
31513,-94.5711441040039,21.936992645263672,183.2357940673828
31514,-94.21363830566406,21.33415985107422,183.61294555664062
31516,-95.61463928222656,21.76217269897461,183.4764404296875
31518,-96.72538757324219,22.373729705810547,183.10049438476562
31519,-128.7129669189453,8.237129211425781,174.04136657714844
31520,-116.41571044921875,14.453364372253418,176.8142852783203
31521,-115.15187072753906,13.753302574157715,177.15992736816406
31522,-115.23339080810547,14.85764217376709,177.1156768798828
31523,-114.15973663330078,14.249541282653809,177.49867248535156
31524,-114.55448913574219,15.305932998657227,177.31971740722656
31525,-113.65902709960938,15.475606918334961,177.61131286621094
31526,-98.41236114501953,23.235179901123047,182.49891662597656
31527,-97.79644775390625,22.664770126342773,182.90057373046875
31528,-128.76388549804688,8.92148208618164,173.9846649169922
31529,-116.0193099975586,15.74753475189209,176.8981475830078
31530,-115.1732177734375,15.735642433166504,177.1078338623047
31531,-114.52401733398438,16.29277801513672,177.27587890625
31532,-113.43502044677734,16.76833152770996,177.5690155029297
31533,-98.5688247680664,23.975326538085938,181.99148559570312
31534,-99.01599884033203,23.5642032623291,182.27162170410156
31535,-128.88304138183594,9.587568283081055,173.7947235107422
31536,-115.53882598876953,16.57553482055664,176.9906005859375
31537,-113.7781982421875,17.754579544067383,177.3767852783203
31538,-114.26162719726562,17.131031036376953,177.28477478027344
31539,-112.62505340576172,17.98268699645996,177.77540588378906
31540,-112.39230346679688,16.908763885498047,177.9457550048828
31541,-128.78021240234375,10.433727264404297,173.9740753173828
31542,-116.54144287109375,16.951332092285156,176.74380493164062
31543,-117.21546936035156,15.978700637817383,176.64532470703125
31544,-115.03770446777344,17.26755142211914,177.07798767089844
31545,-114.56968688964844,17.7940616607666,177.1619873046875
31546,-113.47453308105469,18.55368995666504,177.4263153076172
31547,-99.9282455444336,24.47124481201172,181.66331481933594
31548,-128.68063354492188,11.132481575012207,174.12132263183594
31549,-115.9112777709961,17.540943145751953,176.8748016357422
31550,-114.3345947265625,18.58790397644043,177.1839141845703
31551,-112.86000061035156,19.065265655517578,177.62034606933594
31552,-111.76570129394531,19.31476402282715,178.0313262939453
31553,-100.52581787109375,24.725475311279297,181.50128173828125
31554,-117.6136703491211,17.333526611328125,176.57113647460938
31555,-116.94000244140625,18.466176986694336,176.64170837402344
31556,-115.4378433227539,18.440690994262695,176.9234161376953
31557,-113.74121856689453,19.557981491088867,177.3145751953125
31558,-112.66895294189453,20.019771575927734,177.6558837890625
31559,-101.19761657714844,25.024839401245117,181.32498168945312
31561,-114.94816589355469,19.61690330505371,176.98585510253906
31562,-111.72230529785156,20.562931060791016,178.00677490234375
31563,-101.82489013671875,25.505739212036133,181.0244598388672
31564,-101.7463150024414,24.89986801147461,181.39907836914062
31567,-118.6331558227539,16.584760665893555,176.438232421875
31568,-118.77474212646484,18.531652450561523,176.416259765625
31569,-114.40384674072266,20.433528900146484,177.1130828857422
31570,-113.45836639404297,20.70029067993164,177.36489868164062
31571,-112.54837799072266,20.9124813079834,177.67835998535156
31572,-111.98284912109375,21.426979064941406,177.87303161621094
31573,-102.48775482177734,25.915876388549805,180.7729949951172
31574,-102.29463958740234,25.198699951171875,181.20526123046875
31576,-116.27153778076172,19.864376068115234,176.71731567382812
31577,-118.00396728515625,20.36928367614746,176.46746826171875
31578,-115.4332504272461,20.796419143676758,176.86572265625
31579,-114.4143295288086,21.405412673950195,177.09793090820312
31580,-113.09305572509766,21.759653091430664,177.4752655029297
31581,-102.98741912841797,25.48565673828125,181.01889038085938
31582,-103.24388122558594,26.216827392578125,180.5760040283203
31583,-103.7301025390625,25.81165885925293,180.80563354492188
31584,-102.83011627197266,26.419511795043945,180.4615478515625
31586,-119.96183013916016,17.362640380859375,176.3350830078125
31587,-120.85943603515625,19.05497932434082,176.2923126220703
31588,-111.94440460205078,22.394210815429688,177.87413024902344
31589,-110.57744598388672,22.648365020751953,178.49537658691406
31590,-110.77454376220703,23.590896606445312,178.35252380371094
31591,-111.6046142578125,23.393962860107422,178.0036163330078
31592,-109.94380187988281,23.526735305786133,178.79209899902344
31593,-109.2833480834961,22.52573585510254,179.21905517578125
31594,-109.01280975341797,23.66253089904785,179.29046630859375
31595,-108.87303161621094,24.448854446411133,179.28713989257812
31596,-108.29121398925781,24.064865112304688,179.65484619140625
31597,-108.42516326904297,24.7893009185791,179.4691619873047
31598,-107.77523803710938,24.700990676879883,179.85755920410156
31599,-106.7922134399414,24.608118057250977,180.39706420898438
31600,-105.85912322998047,24.974109649658203,180.7149200439453
31601,-105.75305938720703,25.73552894592285,180.45938110351562
31602,-105.2612533569336,25.245006561279297,180.8189697265625
31603,-105.00376892089844,25.746665954589844,180.6626739501953
31604,-104.2755355834961,25.477014541625977,180.9009552001953
31605,-103.90849304199219,26.446992874145508,180.42410278320312
31606,-103.57350158691406,26.60651206970215,180.341064453125
31608,-119.57792663574219,20.174114227294922,176.34487915039062
31609,-116.77365112304688,21.315860748291016,176.60736083984375
31610,-115.69774627685547,21.959871292114258,176.79978942871094
31611,-114.4740982055664,22.591564178466797,177.070556640625
31612,-113.1686019897461,22.70303726196289,177.4370574951172
31613,-112.7578353881836,23.36459732055664,177.5701904296875
31614,-109.56546783447266,24.457473754882812,178.90292358398438
31617,-118.18276977539062,22.24044418334961,176.41830444335938
31618,-119.4928970336914,21.580970764160156,176.3341827392578
31619,-113.8370361328125,23.311912536621094,177.23529052734375
31622,-122.49962615966797,20.37177276611328,176.231201171875
31623,-123.15184783935547,18.4974308013916,176.22946166992188
31624,-116.90559387207031,22.416522979736328,176.57725524902344
31625,-116.1155014038086,23.03594398498535,176.70530700683594
31629,-120.89273071289062,21.000974655151367,176.2738494873047
31630,-117.60466003417969,23.371170043945312,176.4697265625
31633,-120.75869750976562,22.413896560668945,176.2485809326172
31634,-119.59395599365234,22.90515899658203,176.30224609375
31639,-122.40299987792969,22.081077575683594,176.18743896484375
31640,-121.61132049560547,23.083316802978516,176.19216918945312
31641,-120.66397094726562,23.52646255493164,176.21609497070312
31644,-123.3879165649414,22.927169799804688,176.09161376953125
31645,-124.21147918701172,22.233539581298828,176.06594848632812
31646,-122.50254821777344,23.21376609802246,176.12246704101562
31648,-127.28461456298828,20.965476989746094,175.3253936767578
31649,-124.88546752929688,21.3594970703125,176.05764770507812
31650,-125.4448013305664,22.078861236572266,175.8657989501953
31651,-127.24612426757812,21.29951286315918,175.31716918945312
31652,-126.83842468261719,21.561405181884766,175.51568603515625
31653,-126.95802307128906,22.05914306640625,175.34762573242188
31654,-126.56221008300781,21.935157775878906,175.6169891357422
31655,-126.0194320678711,22.48466682434082,175.6275634765625
31656,-126.15721893310547,22.081541061401367,175.67311096191406
31657,-125.2927017211914,22.723007202148438,175.7890167236328
31658,-124.4921875,23.2185001373291,175.9186248779297
31659,-123.37976837158203,23.928016662597656,175.9735107421875
31660,-126.55683898925781,22.31625747680664,175.5479278564453
31661,-126.42190551757812,22.675941467285156,175.43313598632812
31662,-126.02579498291016,23.02077865600586,175.5127716064453
31663,-125.43870544433594,23.311376571655273,175.64927673339844
31664,-125.05598449707031,23.612060546875,175.70037841796875
31665,-124.52651977539062,23.84145164489746,175.82611083984375
31666,-125.91004180908203,23.498886108398438,175.34059143066406
31667,-125.1336669921875,24.0310115814209,175.5313262939453
31668,-125.54520416259766,23.711624145507812,175.478515625
31669,-124.40677642822266,24.434961318969727,175.6928253173828
31670,-125.06729888916016,24.480466842651367,175.4127197265625
31671,-84.39521026611328,-10.204290390014648,182.914306640625
31672,-84.00646209716797,-9.72480583190918,183.02781677246094
31673,-82.53853607177734,-9.096257209777832,183.0178680419922
31674,-85.94847106933594,-10.712272644042969,182.78955078125
31675,-85.24641418457031,-10.26653003692627,182.94227600097656
31676,-84.79193878173828,-9.449000358581543,183.1531524658203
31677,-84.128662109375,-8.868359565734863,183.2118682861328
31678,-83.16230773925781,-8.392908096313477,183.20553588867188
31679,-82.55461883544922,-7.593632698059082,183.19578552246094
31680,-87.641357421875,-11.028230667114258,182.4940643310547
31681,-86.8275375366211,-10.610403060913086,182.80084228515625
31682,-86.22074890136719,-9.866235733032227,183.0811767578125
31683,-85.62791442871094,-9.350698471069336,183.19480895996094
31684,-85.366455078125,-8.354997634887695,183.36122131347656
31685,-84.23914337158203,-7.910756587982178,183.34149169921875
31686,-83.46192932128906,-7.498786449432373,183.3130340576172
31687,-82.13085174560547,-6.898374557495117,183.19398498535156
31688,-88.39310455322266,-10.4140625,182.7000732421875
31689,-87.60832214355469,-10.225238800048828,182.8848419189453
31690,-83.20277404785156,-6.66049337387085,183.32455444335938
31691,-82.32958984375,-6.025537490844727,183.23291015625
31692,-90.82393646240234,-10.371895790100098,181.9313507080078
31693,-89.92157745361328,-10.639751434326172,182.12008666992188
31694,-89.32715606689453,-10.163517951965332,182.63604736328125
31695,-83.41433715820312,-5.666053771972656,183.35556030273438
31696,-95.44605255126953,-11.419110298156738,178.60791015625
31697,-94.4134521484375,-10.148326873779297,180.4302215576172
31698,-92.11045837402344,-10.928593635559082,180.87681579589844
31699,-91.66368865966797,-10.557934761047363,181.4154052734375
31700,-90.05059814453125,-10.045047760009766,182.4666290283203
31701,-90.45101928710938,-9.65251350402832,182.5391845703125
31702,-82.53968811035156,-5.0861735343933105,183.2358856201172
31703,-97.54598999023438,-11.526737213134766,177.3692626953125
31704,-97.22019958496094,-11.45767879486084,177.58203125
31705,-96.7105712890625,-11.379891395568848,177.8584442138672
31706,-96.12362670898438,-11.311300277709961,178.2541961669922
31707,-95.15357208251953,-10.891535758972168,179.42172241210938
31708,-93.25260925292969,-9.941366195678711,181.1727294921875
31709,-92.36278533935547,-10.312231063842773,181.2756805419922
31710,-91.76039123535156,-9.90098762512207,181.8760986328125
31711,-91.15801239013672,-9.468806266784668,182.4129638671875
31712,-82.89521026611328,-4.202697277069092,183.2288818359375
31713,-98.24542236328125,-11.30148983001709,177.32443237304688
31714,-97.27253723144531,-11.086068153381348,178.08123779296875
31715,-96.8426513671875,-10.864480972290039,178.48651123046875
31716,-96.15179443359375,-10.758885383605957,179.00204467773438
31717,-96.11279296875,-9.69809341430664,179.9883270263672
31718,-94.05216217041016,-9.405401229858398,181.31251525878906
31719,-92.52561950683594,-9.68776798248291,181.7211151123047
31720,-83.4189682006836,-3.518751859664917,183.23484802246094
31721,-98.4251480102539,-10.915307998657227,177.70315551757812
31722,-98.80339050292969,-11.026769638061523,177.3242645263672
31724,-97.81929779052734,-11.121758460998535,177.7682647705078
31725,-83.51904296875,-2.6406116485595703,183.1278839111328
31727,-100.70443725585938,-10.124719619750977,176.93594360351562
31728,-84.8026351928711,-2.107360363006592,183.294921875
31729,-84.44469451904297,-3.2541017532348633,183.35073852539062
31730,-101.6886215209961,-9.880692481994629,176.46083068847656
31731,-101.45223236083984,-9.311901092529297,177.06678771972656
31732,-100.52269744873047,-9.42147445678711,177.624755859375
31733,-85.23736572265625,-0.1311907321214676,183.0158233642578
31734,-85.73739624023438,-0.9453344941139221,183.3070831298828
31735,-102.27313995361328,-9.393299102783203,176.4495391845703
31736,-103.41993713378906,-8.913165092468262,176.0457305908203
31737,-102.761962890625,-8.78354263305664,176.58885192871094
31738,-86.24524688720703,0.6753191351890564,183.13882446289062
31739,-103.99742889404297,-8.48441219329834,175.98448181152344
31740,-103.35651397705078,-8.390412330627441,176.48712158203125
31741,-104.3641586303711,-7.90398645401001,176.16209411621094
31742,-103.81629180908203,-7.892026424407959,176.53355407714844
31743,-87.1661376953125,1.5556772947311401,183.3258819580078
31744,-86.4334487915039,2.254723072052002,183.00308227539062
31745,-104.18193054199219,-7.4182209968566895,176.59983825683594
31746,-103.65375518798828,-7.335473537445068,177.01214599609375
31747,-104.01602172851562,-6.858670711517334,177.06629943847656
31748,-87.39926147460938,2.4407641887664795,183.36273193359375
31749,-105.36103820800781,-6.5204901695251465,176.4205780029297
31750,-105.0023422241211,-6.263675689697266,176.75999450683594
31751,-104.34525299072266,-6.284275531768799,177.17286682128906
31752,-106.85325622558594,-6.803980350494385,175.4058837890625
31753,-106.714599609375,-6.3899359703063965,175.7091522216797
31754,-105.70957946777344,-6.066916465759277,176.45166015625
31755,-105.33614349365234,-5.495315074920654,176.9373779296875
31756,-104.64945220947266,-5.547831058502197,177.31069946289062
31757,-87.77944946289062,3.1648473739624023,183.5121612548828
31758,-88.05055236816406,2.479477643966675,183.6765899658203
31759,-88.46533966064453,2.9330379962921143,183.86935424804688
31760,-87.52261352539062,3.9140162467956543,183.3712615966797
31761,-107.8800048828125,-6.4719557762146,175.09365844726562
31763,-106.91699981689453,-5.902923583984375,175.8625946044922
31764,-107.33875274658203,-6.229650974273682,175.4670867919922
31765,-106.439697265625,-5.659609794616699,176.23060607910156
31766,-106.0579833984375,-5.284631252288818,176.63381958007812
31767,-105.73680114746094,-4.747949123382568,177.0431671142578
31768,-105.04734802246094,-4.892670631408691,177.3785858154297
31769,-104.6616439819336,-5.081762313842773,177.5167694091797
31770,-104.68191528320312,-4.737908840179443,177.64041137695312
31771,-88.2989273071289,3.7845776081085205,183.7919921875
31772,-108.51226806640625,-6.150696277618408,175.03062438964844
31773,-108.15695190429688,-5.889005661010742,175.3213653564453
31774,-107.6843032836914,-5.5863142013549805,175.66241455078125
31775,-107.16313934326172,-5.3157501220703125,176.032958984375
31776,-106.69979858398438,-5.111131191253662,176.37754821777344
31777,-106.57876586914062,-4.530951976776123,176.6992645263672
31778,-105.45238494873047,-4.276916980743408,177.38742065429688
31779,-104.96195220947266,-4.190334320068359,177.65789794921875
31780,-87.78605651855469,4.586760997772217,183.500244140625
31781,-88.48766326904297,4.505471706390381,183.89572143554688
31782,-108.9470443725586,-5.6532063484191895,175.15072631835938
31783,-108.52668762207031,-5.302837371826172,175.5106658935547
31784,-107.97069549560547,-4.979730606079102,175.86099243164062
31785,-107.34355926513672,-4.730011940002441,176.2587127685547
31786,-106.09202575683594,-3.94199800491333,177.1555938720703
31787,-105.52256774902344,-3.5902490615844727,177.5625762939453
31788,-88.23604583740234,5.322230815887451,183.7725067138672
31789,-109.38587951660156,-5.071557998657227,175.38671875
31790,-108.83183288574219,-4.665258407592773,175.70550537109375
31791,-108.16761779785156,-4.345157623291016,176.095947265625
31792,-107.46661376953125,-4.106882095336914,176.517822265625
31793,-106.85490417480469,-3.7917706966400146,176.89585876464844
31794,-106.51595306396484,-3.447575330734253,177.16183471679688
31795,-106.117919921875,-3.248960018157959,177.37510681152344
31796,-88.39553833007812,6.057397365570068,183.884521484375
31797,-110.86077880859375,-5.002865314483643,175.17147827148438
31798,-110.1226577758789,-4.8825531005859375,175.35707092285156
31799,-109.71878814697266,-4.448121070861816,175.62489318847656
31800,-109.0887222290039,-3.9439494609832764,176.02442932128906
31801,-108.23722076416016,-3.7183971405029297,176.4082794189453
31802,-107.54833221435547,-3.471924066543579,176.74102783203125
31803,-107.01354217529297,-3.229668140411377,177.04287719726562
31804,-106.59832763671875,-3.036728858947754,177.27578735351562
31805,-107.08818817138672,-2.683553695678711,177.2125244140625
31806,-88.21105194091797,6.571859359741211,183.77777099609375
31807,-110.55797576904297,-4.374619007110596,175.53903198242188
31808,-110.10667419433594,-3.783757209777832,175.91836547851562
31809,-109.54379272460938,-3.4300150871276855,176.214111328125
31810,-108.92157745361328,-3.313447952270508,176.43191528320312
31811,-108.19674682617188,-3.0728211402893066,176.72238159179688
31812,-107.5540542602539,-2.9419143199920654,176.9322967529297
31813,-88.12358856201172,7.368105888366699,183.73765563964844
31814,-111.55457305908203,-4.31779670715332,175.5125274658203
31815,-110.87062072753906,-3.897606611251831,175.7961883544922
31816,-111.30059051513672,-3.6572234630584717,175.91050720214844
31817,-88.18301391601562,8.456480979919434,183.78541564941406
31818,-113.01089477539062,-4.335531234741211,175.5209197998047
31819,-112.53587341308594,-4.021571636199951,175.69998168945312
31820,-111.87396240234375,-3.584162712097168,175.94325256347656
31821,-87.8642578125,9.191095352172852,183.57200622558594
31822,-114.70423889160156,-4.063608169555664,175.74246215820312
31823,-113.33008575439453,-3.97650146484375,175.73370361328125
31824,-112.87425994873047,-3.4503307342529297,176.0338592529297
31825,-112.39173889160156,-3.3595564365386963,176.0796356201172
31826,-104.89680480957031,1.0520951747894287,179.0260009765625
31827,-105.10127258300781,0.7741498351097107,178.92015075683594
31828,-104.68821716308594,0.5734225511550903,179.02984619140625
31829,-104.28901672363281,1.2503503561019897,179.2816619873047
31830,-103.88109588623047,1.9266315698623657,179.54742431640625
31831,-103.48267364501953,1.3274996280670166,179.67791748046875
31832,-103.18671417236328,1.9317649602890015,179.8819122314453
31834,-115.57205963134766,-4.440640449523926,175.47256469726562
31835,-114.0281982421875,-3.665996551513672,175.95388793945312
31836,-113.42508697509766,-3.1961936950683594,176.189697265625
31837,-104.98357391357422,1.583442211151123,179.08230590820312
31838,-105.4457015991211,1.0746848583221436,178.8472442626953
31839,-104.5207748413086,2.0384435653686523,179.27410888671875
31840,-103.60244750976562,2.5711135864257812,179.73526000976562
31841,-102.9198989868164,2.5342390537261963,180.11669921875
31843,-116.49122619628906,-4.341488361358643,175.59005737304688
31844,-105.60350799560547,1.8030674457550049,178.9134521484375
31845,-106.08938598632812,1.3230534791946411,178.68423461914062
31846,-106.11431884765625,1.9551657438278198,178.7926483154297
31847,-105.14350891113281,2.2760274410247803,179.12332153320312
31848,-103.69441986083984,2.9702160358428955,179.73118591308594
31849,-103.30970001220703,3.203801393508911,179.94569396972656
31850,-88.057373046875,11.94129753112793,183.75196838378906
31851,-88.16584777832031,11.19027328491211,183.8119354248047
31853,-105.7811050415039,2.5580735206604004,178.9737091064453
31854,-106.43114471435547,2.412994146347046,178.81312561035156
31855,-103.5306167602539,3.941469430923462,179.97921752929688
31856,-102.8447265625,3.973855495452881,180.45407104492188
31858,-106.20684814453125,3.0909574031829834,178.99159240722656
31859,-103.84723663330078,4.538889408111572,180.0620574951172
31860,-103.31690216064453,4.511917591094971,180.38125610351562
31861,-88.28176879882812,12.76187801361084,183.9266357421875
31863,-106.03404235839844,3.8287787437438965,179.17762756347656
31864,-106.514892578125,3.4676711559295654,179.0084991455078
31865,-105.71251678466797,4.147974491119385,179.3067169189453
31866,-104.07592010498047,5.0184783935546875,180.1172637939453
31867,-103.5351791381836,5.201717376708984,180.51573181152344
31870,-106.53851318359375,4.033735752105713,179.1204376220703
31871,-106.06692504882812,4.373568534851074,179.29180908203125
31872,-105.64781951904297,4.532405853271484,179.406494140625
31873,-105.41094207763672,5.055009841918945,179.61343383789062
31874,-104.99181365966797,5.064463138580322,179.75100708007812
31875,-104.57212829589844,5.190281867980957,179.96533203125
31876,-104.08169555664062,5.590633869171143,180.35025024414062
31877,-88.4122085571289,14.053092956542969,184.04776000976562
31879,-105.93852233886719,4.924147605895996,179.4402313232422
31880,-105.63081359863281,5.4947052001953125,179.6925048828125
31881,-105.05194091796875,5.487662315368652,179.89004516601562
31882,-104.57466888427734,5.767593860626221,180.22064208984375
31883,-104.89193725585938,5.931586742401123,180.17987060546875
31885,-105.25981903076172,5.9315948486328125,180.03536987304688
31886,-88.44141387939453,15.201630592346191,184.093994140625
31888,-88.49978637695312,16.047277450561523,184.0860595703125
31890,-88.859130859375,16.693077087402344,184.23741149902344
31891,-88.322021484375,16.674686431884766,183.9763641357422
31894,-88.57402038574219,17.266084671020508,184.02732849121094
31895,-89.1825180053711,17.231443405151367,184.31085205078125
31898,-89.00923919677734,17.722414016723633,184.15931701660156
31899,-89.44732666015625,17.655569076538086,184.33877563476562
31901,-90.33982849121094,17.578702926635742,184.69178771972656
31902,-90.12196350097656,18.138824462890625,184.45236206054688
31903,-90.74003601074219,18.061124801635742,184.6704559326172
31904,-89.8208999633789,17.784502029418945,184.4531707763672
31906,-91.07471466064453,18.24059295654297,184.71922302246094
31907,-91.35256958007812,18.430591583251953,184.70803833007812
31908,-91.71398162841797,18.710622787475586,184.67041015625
31911,-92.15214538574219,18.625829696655273,184.79983520507812
31912,-92.5986099243164,19.189950942993164,184.648193359375
31914,-93.08720397949219,19.765541076660156,184.43600463867188
31919,-93.62786865234375,20.286781311035156,184.23521423339844
31920,-94.25456237792969,20.67236328125,184.0928955078125
31922,-113.95608520507812,10.302156448364258,177.63734436035156
31923,-113.93582153320312,11.137484550476074,177.6455078125
31924,-115.06137084960938,10.641535758972168,177.21890258789062
31925,-113.4904556274414,10.695342063903809,177.83181762695312
31926,-113.07544708251953,11.200299263000488,178.01747131347656
31927,-113.70696258544922,12.082738876342773,177.72181701660156
31928,-112.92041015625,12.466227531433105,178.0620574951172
31929,-94.88626098632812,21.080503463745117,183.88580322265625
31930,-116.13923645019531,9.993948936462402,176.9154815673828
31931,-116.60137939453125,10.95617961883545,176.78355407714844
31932,-116.99697875976562,9.923693656921387,176.71743774414062
31933,-115.58831787109375,11.875651359558105,177.05953979492188
31934,-114.53632354736328,11.857318878173828,177.4127655029297
31935,-112.048095703125,12.484012603759766,178.47105407714844
31936,-112.54505157470703,13.287208557128906,178.19851684570312
31937,-111.78330993652344,13.547537803649902,178.55007934570312
31938,-117.9229965209961,10.377447128295898,176.55972290039062
31939,-116.64977264404297,12.137639045715332,176.76499938964844
31940,-114.93675231933594,12.732776641845703,177.25173950195312
31941,-114.23033142089844,12.62848949432373,177.51731872558594
31942,-113.75276184082031,13.085716247558594,177.6815185546875
31943,-113.2333984375,13.656641006469727,177.88571166992188
31946,-118.74913024902344,9.47459602355957,176.47779846191406
31947,-119.5267105102539,10.89151382446289,176.3888397216797
31948,-120.13642883300781,9.004884719848633,176.3863525390625
31949,-117.89569854736328,11.774807929992676,176.55291748046875
31950,-115.97647094726562,13.000678062438965,176.9470977783203
31951,-114.41812896728516,13.299753189086914,177.43699645996094
31952,-112.5887680053711,14.186798095703125,178.11793518066406
31953,-111.74589538574219,14.812006950378418,178.4671173095703
31954,-111.22860717773438,14.150343894958496,178.77835083007812
31955,-110.49241638183594,14.876739501953125,179.11740112304688
31956,-128.3277587890625,7.02833366394043,174.58274841308594
31958,-117.37510681152344,13.189252853393555,176.63388061523438
31959,-113.29518127441406,14.55787181854248,177.8055877685547
31960,-111.14860534667969,15.671577453613281,178.65830993652344
31961,-110.47982025146484,16.048269271850586,178.9827880859375
31962,-128.39244079589844,7.783056735992432,174.54774475097656
31963,-121.43050384521484,11.970561027526855,176.2865447998047
31964,-121.10154724121094,10.332366943359375,176.31468200683594
31965,-119.38614654541016,13.120840072631836,176.38658142089844
31966,-112.70744323730469,15.189156532287598,178.0048065185547
31967,-111.92981719970703,16.04979133605957,178.2467803955078
31968,-110.97433471679688,16.58049774169922,178.63589477539062
31969,-128.40760803222656,8.441693305969238,174.56735229492188
31970,-121.2467269897461,13.819070816040039,176.2877197265625
31971,-118.17113494873047,14.77968692779541,176.49928283691406
31972,-112.83609771728516,16.066452026367188,177.86318969726562
31973,-111.55982971191406,17.12380599975586,178.3023681640625
31974,-98.83698272705078,23.018789291381836,182.64988708496094
31975,-98.47045135498047,22.623600006103516,182.92892456054688
31976,-128.56430053710938,8.760931015014648,174.3148956298828
31977,-120.24996948242188,15.392324447631836,176.31942749023438
31978,-110.74301147460938,17.48421859741211,178.65176391601562
31979,-109.96483612060547,17.08538055419922,179.13552856445312
31980,-99.4166488647461,23.048181533813477,182.6091766357422
31981,-128.5438995361328,9.235822677612305,174.36514282226562
31982,-128.44491577148438,9.888006210327148,174.5435333251953
31983,-111.97320556640625,17.537349700927734,178.0687255859375
31984,-111.30818176269531,18.156925201416016,178.31106567382812
31985,-109.97004699707031,18.454483032226562,179.0063934326172
31986,-108.96550750732422,19.14826202392578,179.62750244140625
31987,-109.51533508300781,20.018898010253906,179.1944580078125
31988,-99.70509338378906,23.7747745513916,182.1367645263672
31989,-128.42584228515625,10.632406234741211,174.571044921875
31990,-122.71623992919922,13.20938491821289,176.24632263183594
31991,-121.4305419921875,14.792360305786133,176.28082275390625
31992,-110.62000274658203,19.230758666992188,178.58595275878906
31993,-122.34232330322266,14.450825691223145,176.254150390625
31994,-110.01264953613281,20.94942855834961,178.85980224609375
31995,-110.7075424194336,20.24566078186035,178.4936065673828
31996,-100.33623504638672,24.033926010131836,181.9644012451172
31997,-100.8935775756836,24.309131622314453,181.78030395507812
31998,-128.58067321777344,11.641120910644531,174.2784423828125
31999,-123.56281280517578,14.156360626220703,176.22349548339844
32000,-121.9617919921875,15.565035820007324,176.26296997070312
32001,-109.25113677978516,21.3127498626709,179.30816650390625
32002,-108.64080810546875,20.839139938354492,179.72509765625
32003,-108.40924835205078,21.793039321899414,179.8150634765625
32004,-101.40962982177734,24.4678955078125,181.6710968017578
32005,-128.59803771972656,12.113851547241211,174.2336883544922
32006,-123.1664810180664,15.217852592468262,176.23275756835938
32007,-124.19437408447266,15.004657745361328,176.18588256835938
32008,-121.51846313476562,17.081586837768555,176.2760772705078
32009,-110.9227066040039,21.428770065307617,178.35165405273438
32010,-109.95198822021484,21.76945686340332,178.86607360839844
32011,-102.0853500366211,24.566986083984375,181.5947723388672
32012,-101.73426055908203,24.528539657592773,181.6263885498047
32013,-128.5417938232422,12.713165283203125,174.30320739746094
32014,-128.5004119873047,13.146566390991211,174.3533172607422
32015,-123.76414489746094,15.67080307006836,176.2118682861328
32016,-124.51493072509766,15.980710983276367,176.16537475585938
32017,-123.22164154052734,16.48444938659668,176.2306671142578
32018,-108.13744354248047,22.979448318481445,179.88650512695312
32019,-107.52412414550781,22.023731231689453,180.38742065429688
32020,-107.09210968017578,22.892444610595703,180.56436157226562
32021,-107.45111083984375,23.813127517700195,180.1926727294922
32022,-106.5291976928711,23.5720157623291,180.8011932373047
32023,-104.83032989501953,24.48183250427246,181.2399139404297
32024,-105.78491973876953,24.077972412109375,181.0472869873047
32025,-104.9619369506836,23.593992233276367,181.53221130371094
32026,-104.21880340576172,24.884597778320312,181.20252990722656
32027,-104.72543334960938,25.180173873901367,180.97169494628906
32028,-102.7069320678711,24.738161087036133,181.47763061523438
32029,-103.52027130126953,24.99673080444336,181.2542724609375
32030,-128.4803009033203,13.513994216918945,174.3775634765625
32031,-128.40850830078125,14.008824348449707,174.49461364746094
32032,-128.3198699951172,14.415609359741211,174.6468048095703
32033,-128.36167907714844,14.92005443572998,174.54454040527344
32034,-124.6947021484375,17.32936668395996,176.151611328125
32035,-125.9358139038086,16.374183654785156,175.98519897460938
32036,-128.2972869873047,15.488146781921387,174.65501403808594
32038,-126.24327087402344,17.777603149414062,175.9227752685547
32041,-125.29232788085938,18.82015037536621,176.0794677734375
32044,-126.54850769042969,18.717721939086914,175.8126983642578
32045,-127.04039764404297,18.265186309814453,175.60354614257812
32046,-124.39429473876953,20.1604061126709,176.15235900878906
32048,-127.6904296875,18.088064193725586,175.19552612304688
32050,-125.68193817138672,20.815656661987305,175.93936157226562
32051,-125.92870330810547,19.940927505493164,175.93109130859375
32052,-123.63983917236328,21.250532150268555,176.17599487304688
32053,-127.39071655273438,18.836275100708008,175.42384338378906
32054,-127.39847564697266,19.35454750061035,175.39239501953125
32055,-126.92253875732422,19.280811309814453,175.61924743652344
32056,-127.20630645751953,19.77405548095703,175.45986938476562
32057,-126.62816619873047,19.68834686279297,175.7325897216797
32058,-126.76943969726562,20.162586212158203,175.6331787109375
32059,-126.47036743164062,20.640811920166016,175.72996520996094
32060,-127.27293395996094,20.257583618164062,175.40121459960938
32061,-127.06398010253906,20.6369571685791,175.46731567382812
32062,-126.9175796508789,21.06505584716797,175.50369262695312
32063,-126.4049072265625,21.151214599609375,175.7218475341797
32064,-126.01742553710938,21.577516555786133,175.80093383789062
32065,-87.99453735351562,-9.67177963256836,183.0493927001953
32066,-87.2249526977539,-9.487879753112793,183.157470703125
32067,-86.43356323242188,-8.864470481872559,183.30677795410156
32068,-85.06525421142578,-7.437328815460205,183.43190002441406
32069,-84.29447174072266,-7.013280391693115,183.40554809570312
32070,-88.7570571899414,-9.390151023864746,183.0835418701172
32071,-88.02644348144531,-8.922794342041016,183.2745361328125
32072,-87.39362335205078,-8.402379989624023,183.41018676757812
32073,-86.61844635009766,-7.833681106567383,183.48426818847656
32074,-85.86607360839844,-7.395862579345703,183.4953155517578
32075,-84.35210418701172,-6.116814136505127,183.4379425048828
32076,-89.74217987060547,-9.38413143157959,182.8963623046875
32077,-89.29202270507812,-8.730372428894043,183.2480926513672
32078,-85.44066619873047,-6.603265285491943,183.52511596679688
32079,-83.68367767333984,-4.862438678741455,183.3697967529297
32080,-84.33042907714844,-5.377147674560547,183.44483947753906
32081,-90.5492172241211,-8.985630989074707,182.901611328125
32082,-89.90266418457031,-8.743729591369629,183.1715087890625
32083,-90.33695220947266,-8.351142883300781,183.2858428955078
32084,-85.37169647216797,-5.543090343475342,183.56434631347656
32085,-86.30635833740234,-6.060592174530029,183.6324462890625
32086,-84.7490005493164,-4.758040904998779,183.4853515625
32087,-92.17264556884766,-9.060385704040527,182.402099609375
32088,-91.32282257080078,-8.888809204101562,182.76141357421875
32089,-91.0272216796875,-8.419442176818848,183.12594604492188
32090,-85.78802490234375,-4.688791751861572,183.63558959960938
32091,-84.06848907470703,-4.1118669509887695,183.3783416748047
32092,-98.28494262695312,-10.556753158569336,178.06385803222656
32093,-97.63873291015625,-10.3671236038208,178.5160675048828
32094,-97.04719543457031,-10.123223304748535,179.1529541015625
32095,-95.26821899414062,-8.884526252746582,181.2373046875
32096,-93.21892547607422,-9.236454010009766,181.826904296875
32097,-91.75981903076172,-8.449848175048828,182.95724487304688
32098,-91.47079467773438,-7.909073829650879,183.3468780517578
32099,-90.79414367675781,-7.851243019104004,183.49322509765625
32100,-85.1622085571289,-3.966416597366333,183.53274536132812
32101,-86.26174926757812,-3.915963649749756,183.70840454101562
32102,-98.96227264404297,-10.4053955078125,177.82699584960938
32103,-98.55522918701172,-9.921793937683105,178.4560089111328
32104,-98.03165435791016,-9.450848579406738,179.13841247558594
32105,-97.26040649414062,-9.329379081726074,179.6949005126953
32106,-96.34681701660156,-8.723904609680176,180.7987518310547
32107,-94.14361572265625,-8.759974479675293,181.90472412109375
32108,-93.2763442993164,-8.593704223632812,182.43133544921875
32109,-92.51112365722656,-8.299830436706543,182.86187744140625
32110,-92.02769470214844,-7.990655899047852,183.21287536621094
32111,-91.95134735107422,-7.486670970916748,183.5188751220703
32112,-85.6943130493164,-2.959923267364502,183.5674285888672
32113,-99.82300567626953,-9.965400695800781,177.66175842285156
32114,-99.30152130126953,-9.629385948181152,178.22439575195312
32115,-94.22319793701172,-8.216609954833984,182.52589416503906
32116,-93.42066955566406,-7.937414646148682,183.01869201660156
32117,-92.58458709716797,-7.768176555633545,183.30833435058594
32118,-99.89142608642578,-9.3944673538208,178.03639221191406
32119,-85.85086822509766,-1.9618809223175049,183.48953247070312
32120,-86.5770492553711,-2.203867197036743,183.70603942871094
32121,-101.0084228515625,-8.799302101135254,177.75962829589844
32122,-86.45097351074219,-1.4159048795700073,183.57847595214844
32123,-87.20809936523438,-1.386478304862976,183.7930145263672
32124,-102.12577056884766,-8.922337532043457,176.91017150878906
32125,-101.72361755371094,-8.629605293273926,177.4014892578125
32126,-102.2900619506836,-8.461992263793945,177.13510131835938
32127,-101.9665298461914,-7.958205223083496,177.70738220214844
32128,-86.85096740722656,-0.4704608917236328,183.6044921875
32129,-87.89619445800781,-0.4666999876499176,183.9139862060547
32130,-102.75537872314453,-7.985579013824463,177.16099548339844
32131,-102.39399719238281,-7.293928623199463,177.87391662597656
32132,-101.77346801757812,-7.342723846435547,178.23863220214844
32133,-103.33800506591797,-7.773892402648926,176.92666625976562
32134,-103.07242584228516,-7.279887676239014,177.43914794921875
32135,-87.58367919921875,0.6687964200973511,183.63548278808594
32136,-88.37579345703125,0.39027518033981323,183.99012756347656
32137,-103.44166564941406,-6.729755878448486,177.51026916503906
32138,-102.73914337158203,-6.530561447143555,178.10337829589844
32139,-88.45066833496094,1.1899133920669556,183.98147583007812
32140,-103.82196807861328,-6.321753978729248,177.50048828125
32141,-103.3387451171875,-6.024453639984131,177.96401977539062
32142,-87.90000915527344,1.7452287673950195,183.66195678710938
32143,-88.64690399169922,2.090129852294922,184.00021362304688
32144,-103.9599609375,-5.609626293182373,177.73971557617188
32145,-103.36172485351562,-5.236236572265625,178.32720947265625
32146,-104.38028717041016,-5.039046287536621,177.72691345214844
32147,-103.9327392578125,-4.673653602600098,178.15895080566406
32148,-89.12500762939453,2.7246615886688232,184.20118713378906
32149,-104.47461700439453,-4.40527868270874,177.89260864257812
32150,-88.89877319335938,3.3467578887939453,184.09967041015625
32151,-89.46086120605469,3.2626705169677734,184.3853759765625
32152,-104.68778228759766,-3.871088743209839,177.93441772460938
32153,-104.28475952148438,-3.8802478313446045,178.19932556152344
32154,-89.1708755493164,4.022971153259277,184.2646942138672
32155,-104.71830749511719,-3.347933292388916,178.08726501464844
32156,-105.0285415649414,-3.5795133113861084,177.8116455078125
32157,-88.90437316894531,4.8079304695129395,184.17417907714844
32158,-89.44112396240234,4.689664363861084,184.4834747314453
32159,-105.79281616210938,-2.9808430671691895,177.60455322265625
32160,-105.29007720947266,-2.9965336322784424,177.8475799560547
32161,-89.16715240478516,5.531138896942139,184.38357543945312
32162,-106.34744262695312,-2.588198661804199,177.51165771484375
32163,-105.75389099121094,-2.5873219966888428,177.74049377441406
32164,-88.72776794433594,6.501749515533447,184.1372833251953
32165,-89.52281188964844,6.416385173797607,184.67984008789062
32166,-108.02581024169922,-2.278366804122925,177.10044860839844
32167,-107.08573913574219,-2.0149002075195312,177.43955993652344
32168,-106.42061614990234,-2.0069797039031982,177.6801300048828
32169,-88.99768829345703,7.128782749176025,184.34967041015625
32170,-110.76695251464844,-3.3728442192077637,176.0769805908203
32171,-110.11183166503906,-3.111178159713745,176.29718017578125
32172,-109.48009490966797,-2.9706361293792725,176.44635009765625
32173,-108.94224548339844,-2.6524784564971924,176.7366180419922
32174,-107.32794189453125,-1.4233936071395874,177.55140686035156
32175,-107.76288604736328,-1.6218494176864624,177.3850860595703
32176,-106.68463134765625,-1.4365434646606445,177.76370239257812
32177,-105.13058471679688,-0.9004707336425781,178.5996551513672
32178,-104.24821472167969,-0.6292224526405334,179.0831756591797
32179,-104.93021392822266,-0.14334800839424133,178.84877014160156
32180,-104.17604064941406,0.10233772546052933,179.21192932128906
32181,-103.70319366455078,0.4150521159172058,179.5053253173828
32182,-103.3849105834961,-0.13558249175548553,179.6090545654297
32183,-103.11707305908203,0.692069411277771,179.83078002929688
32184,-88.8754653930664,8.009819984436035,184.30929565429688
32185,-111.40801239013672,-3.148324489593506,176.16961669921875
32186,-110.8312759399414,-2.7439239025115967,176.4280242919922
32187,-109.9635009765625,-2.3717315196990967,176.7037811279297
32188,-109.14286041259766,-1.8461625576019287,177.01287841796875
32189,-108.54269409179688,-1.2923624515533447,177.35150146484375
32190,-107.83497619628906,-0.983856737613678,177.56297302246094
32191,-107.24703979492188,-0.9584162831306458,177.74282836914062
32192,-106.70951843261719,-0.6633030772209167,178.03480529785156
32193,-105.95380401611328,-1.1256414651870728,178.17636108398438
32194,-105.8647232055664,-0.27173295617103577,178.4413604736328
32195,-105.36458587646484,0.4158642292022705,178.7838134765625
32196,-104.11811828613281,0.625503659248352,179.3100128173828
32197,-103.73396301269531,0.8533183932304382,179.52166748046875
32198,-102.77468872070312,1.3470431566238403,180.1110076904297
32199,-102.43902587890625,0.8638967871665955,180.30413818359375
32200,-101.99028778076172,1.3778241872787476,180.6663818359375
32201,-102.47753143310547,1.9798270463943481,180.3597412109375
32202,-88.79115295410156,9.303650856018066,184.2655487060547
32203,-111.99951934814453,-3.062742233276367,176.2228240966797
32204,-111.67478942871094,-2.587721586227417,176.46240234375
32205,-111.12420654296875,-1.916536569595337,176.7794189453125
32206,-110.1904525756836,-1.3582192659378052,177.0956268310547
32207,-109.3774185180664,-1.1571190357208252,177.2672119140625
32208,-107.60374450683594,-0.2138853222131729,177.95394897460938
32209,-106.7279281616211,0.12277266383171082,178.2751922607422
32210,-106.047607421875,0.5775637626647949,178.5472869873047
32211,-102.2016830444336,2.7777798175811768,180.6853790283203
32212,-114.58604431152344,-3.3608126640319824,176.1651611328125
32213,-114.09822082519531,-2.9759409427642822,176.34657287597656
32214,-112.62470245361328,-2.721085786819458,176.4235076904297
32215,-112.07054901123047,-2.0454022884368896,176.69284057617188
32216,-111.24110412597656,-1.0534077882766724,177.1352996826172
32217,-107.30770111083984,0.5827624797821045,178.2530975341797
32218,-107.93479919433594,0.6013591289520264,178.09085083007812
32219,-106.68309783935547,0.881530225276947,178.46360778808594
32220,-102.6733169555664,3.2746293544769287,180.4381866455078
32221,-102.78389739990234,2.90594220161438,180.2798309326172
32222,-102.18022918701172,3.6824371814727783,180.88040161132812
32223,-88.71429443359375,10.562566757202148,184.22091674804688
32224,-116.00375366210938,-3.8201286792755127,175.9551544189453
32225,-115.26917266845703,-3.5474560260772705,176.08311462402344
32226,-114.89509582519531,-3.103572130203247,176.32293701171875
32227,-115.26476287841797,-2.9013423919677734,176.41888427734375
32228,-114.60039520263672,-2.8730528354644775,176.4029083251953
32229,-113.58113861083984,-2.4330027103424072,176.5455322265625
32230,-112.94322967529297,-1.7281913757324219,176.82127380371094
32231,-111.9998550415039,-1.3889240026474,176.94781494140625
32232,-107.15148162841797,1.1595630645751953,178.42111206054688
32233,-107.6480941772461,1.1101667881011963,178.29978942871094
32234,-106.70091247558594,1.6583597660064697,178.62550354003906
32235,-88.86418914794922,11.654301643371582,184.3555908203125
32236,-116.7455062866211,-3.571070909500122,176.1413116455078
32237,-115.93770599365234,-3.2462215423583984,176.30764770507812
32238,-116.46796417236328,-2.9968972206115723,176.43896484375
32239,-114.42320251464844,-2.3811683654785156,176.58828735351562
32240,-113.98377990722656,-1.7602224349975586,176.82350158691406
32241,-112.65461730957031,-0.9962422847747803,177.0929718017578
32242,-112.0030288696289,-0.7900490164756775,177.1953125
32243,-107.36013793945312,1.6663411855697632,178.48037719726562
32244,-107.94668579101562,1.6408791542053223,178.35989379882812
32245,-107.03965759277344,2.2840070724487305,178.67178344726562
32246,-102.26184844970703,4.3902506828308105,180.968505859375
32247,-117.75580596923828,-3.299456834793091,176.35447692871094
32248,-117.04743957519531,-2.9779858589172363,176.4783172607422
32249,-107.63821411132812,2.240450382232666,178.53817749023438
32250,-107.3218765258789,2.8604414463043213,178.72813415527344
32251,-106.75763702392578,2.9246864318847656,178.85052490234375
32252,-102.7051010131836,5.002806663513184,180.87730407714844
32253,-89.19981384277344,12.923711776733398,184.615478515625
32254,-118.66503143310547,-3.0277047157287598,176.50645446777344
32255,-106.97992706298828,3.464015483856201,178.91683959960938
32256,-107.1106185913086,4.078955173492432,179.01856994628906
32257,-102.98274993896484,5.782389163970947,181.00108337402344
32259,-119.2463607788086,-2.6683268547058105,176.70297241210938
32260,-106.66722106933594,4.452914714813232,179.19447326660156
32261,-106.1806869506836,4.761082172393799,179.3629150390625
32262,-103.55347442626953,6.05526065826416,180.80154418945312
32266,-106.45208740234375,5.000333786010742,179.36717224121094
32267,-106.02615356445312,5.294151782989502,179.50465393066406
32268,-104.64419555664062,6.105220794677734,180.36158752441406
32269,-104.20586395263672,6.325738906860352,180.61566162109375
32270,-103.55704498291016,6.821461200714111,181.0825653076172
32271,-89.33635711669922,13.966145515441895,184.68617248535156
32274,-106.08212280273438,5.7022528648376465,179.65664672851562
32275,-105.64192962646484,6.013904094696045,179.9273681640625
32276,-105.3578872680664,6.299876689910889,180.1720428466797
32277,-105.58206176757812,6.3801116943359375,180.12034606933594
32278,-104.87808227539062,6.393071174621582,180.39141845703125
32279,-104.45777130126953,6.7876877784729,180.70220947265625
32280,-104.0440673828125,7.0371904373168945,180.93603515625
32281,-89.20669555664062,14.913627624511719,184.5680389404297
32283,-105.3222885131836,6.74883508682251,180.36972045898438
32284,-104.7861099243164,6.959636211395264,180.65786743164062
32285,-104.38482666015625,7.181051731109619,180.8697052001953
32286,-88.95848083496094,15.622716903686523,184.36305236816406
32287,-89.48084259033203,15.725177764892578,184.6465301513672
32288,-89.1489486694336,16.186832427978516,184.4154052734375
32289,-89.61132049560547,16.25916290283203,184.6677703857422
32291,-89.43501281738281,16.721044540405273,184.49609375
32292,-90.06672668457031,16.63490867614746,184.79562377929688
32294,-89.792236328125,17.262279510498047,184.53912353515625
32295,-90.27800750732422,17.11469841003418,184.78848266601562
32296,-90.98593139648438,17.479312896728516,184.93157958984375
32297,-90.69525146484375,17.121627807617188,184.9567413330078
32298,-91.31566619873047,17.881784439086914,184.90560913085938
32300,-91.819091796875,17.648963928222656,185.1577606201172
32301,-91.75065612792969,18.189476013183594,184.9049530029297
32302,-92.19815826416016,17.999670028686523,185.1043701171875
32305,-115.56619262695312,6.649120807647705,177.15286254882812
32306,-116.55821990966797,5.657758712768555,176.99522399902344
32307,-115.44096374511719,5.123714923858643,177.2501983642578
32308,-92.70882415771484,18.400266647338867,185.04489135742188
32309,-117.30979919433594,5.098574161529541,176.9370880126953
32310,-117.6761703491211,6.180585861206055,176.79812622070312
32311,-118.0906753540039,5.347606658935547,176.8227996826172
32312,-116.91360473632812,6.968850135803223,176.8435516357422
32313,-114.5416030883789,7.51658821105957,177.43287658691406
32314,-114.45516967773438,6.7021074295043945,177.46719360351562
32315,-118.84549713134766,4.91666841506958,176.82513427734375
32316,-118.85853576660156,6.17986536026001,176.6757354736328
32317,-116.30059814453125,7.445752143859863,176.9450225830078
32318,-115.67633056640625,8.112693786621094,177.072509765625
32319,-114.30116271972656,8.718517303466797,177.5058135986328
32320,-113.26789093017578,7.90097713470459,177.90322875976562
32321,-93.18592834472656,19.014236450195312,184.86358642578125
32322,-120.15718078613281,5.525604724884033,176.67596435546875
32323,-118.3757095336914,7.8053364753723145,176.58409118652344
32324,-116.93071746826172,8.09923267364502,176.78143310546875
32325,-114.49830627441406,9.69697093963623,177.433349609375
32326,-115.3857192993164,9.363231658935547,177.12649536132812
32327,-113.7508773803711,9.558539390563965,177.71392822265625
32328,-112.9354248046875,9.052409172058105,178.06312561035156
32329,-113.11817169189453,10.141258239746094,177.99754333496094
32330,-112.353271484375,9.775487899780273,178.33859252929688
32331,-112.44689178466797,10.512181282043457,178.29989624023438
32332,-111.74230194091797,10.182918548583984,178.64865112304688
32333,-93.719970703125,19.473424911499023,184.7161407470703
32335,-120.03851318359375,7.2060866355896,176.49661254882812
32336,-121.457763671875,6.645764350891113,176.5036163330078
32337,-117.62128448486328,9.149209976196289,176.63450622558594
32338,-116.49857330322266,9.106164932250977,176.8350372314453
32339,-112.10871124267578,11.335891723632812,178.4685821533203
32340,-111.09931945800781,10.80115795135498,178.985107421875
32341,-111.50106811523438,11.739773750305176,178.76918029785156
32342,-110.91696166992188,11.618435859680176,179.08505249023438
32343,-94.3142318725586,19.88007926940918,184.6036834716797
32346,-111.2574691772461,12.481366157531738,178.86793518066406
32347,-110.4202651977539,12.104515075683594,179.3663787841797
32348,-94.96309661865234,20.242429733276367,184.4826202392578
32350,-121.22593688964844,7.964732646942139,176.40281677246094
32351,-122.63082122802734,7.788195610046387,176.3669891357422
32352,-110.68106079101562,13.371174812316895,179.1565704345703
32353,-95.72515106201172,20.610408782958984,184.30355834960938
32354,-127.17123413085938,5.389845371246338,175.44781494140625
32355,-121.81591796875,9.154633522033691,176.3219451904297
32356,-96.71420288085938,21.030399322509766,184.05638122558594
32357,-123.22491455078125,9.255428314208984,176.27700805664062
32358,-124.21489715576172,8.151212692260742,176.2646026611328
32359,-123.56813049316406,7.185601711273193,176.36715698242188
32360,-109.54202270507812,13.834827423095703,179.86154174804688
32361,-109.15837097167969,15.167584419250488,180.0070343017578
32362,-109.71752166748047,16.03339385986328,179.4540252685547
32363,-97.69388580322266,21.550405502319336,183.6965789794922
32364,-127.90423583984375,6.562478542327881,174.99147033691406
32365,-127.99150085449219,6.910008430480957,174.93629455566406
32366,-124.40180969238281,9.53089714050293,176.2059326171875
32367,-122.49568939208984,10.497993469238281,176.26895141601562
32368,-109.11923217773438,16.917776107788086,179.76077270507812
32369,-109.04710388183594,16.152536392211914,179.9347686767578
32370,-98.20567321777344,22.117345809936523,183.28485107421875
32371,-128.06141662597656,7.496065139770508,174.9004669189453
32372,-125.61746215820312,9.060670852661133,176.07701110839844
32373,-123.77693176269531,10.381208419799805,176.22923278808594
32374,-108.64826965332031,16.67531967163086,180.1726837158203
32375,-108.39463806152344,17.457199096679688,180.24472045898438
32376,-98.68206024169922,22.12438201904297,183.24951171875
32377,-128.04576110839844,8.194222450256348,174.9402618408203
32378,-108.92234802246094,18.091461181640625,179.76231384277344
32379,-107.9612808227539,18.413949966430664,180.45509338378906
32380,-98.97221374511719,22.58949089050293,182.9291534423828
32381,-99.1482162475586,22.144412994384766,183.20416259765625
32382,-99.37715911865234,22.524166107177734,182.94398498535156
32383,-128.19931030273438,8.732013702392578,174.80751037597656
32384,-128.39593505859375,8.900275230407715,174.60238647460938
32385,-128.20457458496094,9.270698547363281,174.81210327148438
32386,-125.1488037109375,10.792756080627441,176.13755798339844
32387,-123.5334243774414,11.747859001159668,176.23008728027344
32388,-108.17068481445312,19.186193466186523,180.19383239746094
32389,-107.47222900390625,19.24796485900879,180.7217254638672
32390,-99.8371353149414,22.613771438598633,182.859619140625
32391,-128.0804443359375,9.779322624206543,174.930419921875
32392,-125.63286590576172,11.727798461914062,176.04629516601562
32393,-126.45755767822266,11.5059814453125,175.89749145507812
32394,-124.94498443603516,12.15071964263916,176.1431121826172
32395,-108.3958511352539,20.061635971069336,179.95574951171875
32396,-107.41349029541016,20.216514587402344,180.649658203125
32397,-100.31233215332031,23.19890785217285,182.47439575195312
32398,-128.12986755371094,10.247068405151367,174.88424682617188
32399,-124.14005279541016,13.063497543334961,176.19125366210938
32400,-107.88129425048828,21.038007736206055,180.2342987060547
32401,-107.13668823242188,21.280296325683594,180.7310333251953
32402,-106.34403228759766,20.992271423339844,181.3165740966797
32403,-100.73438262939453,23.748620986938477,182.1203155517578
32404,-128.08184814453125,10.7796049118042,174.9264678955078
32405,-128.35775756835938,11.298867225646973,174.6699676513672
32406,-127.9827651977539,11.232953071594238,175.01573181152344
32407,-127.31180572509766,11.87004566192627,175.52015686035156
32408,-127.27056121826172,10.999580383300781,175.54122924804688
32409,-125.90409088134766,12.45195198059082,175.995849609375
32410,-125.21678924560547,13.072482109069824,176.1187744140625
32411,-106.65719604492188,22.038911819458008,180.96890258789062
32412,-101.52094268798828,23.399511337280273,182.2880859375
32413,-101.71810913085938,24.118928909301758,181.87481689453125
32414,-102.33995819091797,23.829111099243164,181.98609924316406
32415,-101.20690155029297,23.896181106567383,182.01986694335938
32416,-128.3714141845703,11.90263843536377,174.63963317871094
32417,-128.05575561523438,11.72116756439209,174.94491577148438
32418,-126.84302520751953,12.568612098693848,175.730224609375
32419,-126.22481536865234,13.71517276763916,175.93629455566406
32420,-124.78882598876953,14.000555038452148,176.14993286132812
32421,-105.62718963623047,22.097105026245117,181.57232666015625
32422,-106.29943084716797,22.778076171875,181.076171875
32423,-105.61616516113281,23.15288543701172,181.3609161376953
32424,-103.1042709350586,23.486841201782227,182.04718017578125
32425,-103.7842788696289,24.274696350097656,181.58326721191406
32426,-104.07984161376953,23.53055763244629,181.80812072753906
32427,-103.0721664428711,24.254886627197266,181.6781463623047
32428,-128.38299560546875,12.338579177856445,174.60617065429688
32429,-128.126220703125,12.231775283813477,174.87110900878906
32430,-127.18855285644531,14.194917678833008,175.56942749023438
32431,-127.38436126708984,13.335962295532227,175.48269653320312
32432,-128.2137451171875,12.677322387695312,174.78240966796875
32433,-128.30136108398438,13.177055358886719,174.6927947998047
32434,-127.87305450439453,12.97677993774414,175.1000518798828
32435,-127.91041564941406,13.513984680175781,175.0592041015625
32436,-127.63922882080078,13.885066032409668,175.31105041503906
32437,-126.77452850341797,15.188338279724121,175.75526428222656
32438,-125.402587890625,15.031743049621582,176.08351135253906
32439,-128.25848388671875,13.659714698791504,174.72467041015625
32440,-128.0444793701172,14.062376022338867,174.9211883544922
32441,-127.70325469970703,14.404374122619629,175.24574279785156
32442,-127.43656921386719,14.811504364013672,175.45445251464844
32443,-128.07122802734375,14.565452575683594,174.89012145996094
32444,-127.9111099243164,15.020493507385254,175.040283203125
32445,-127.55189514160156,15.387798309326172,175.38426208496094
32446,-127.96111297607422,15.614964485168457,174.9820556640625
32447,-127.75083923339844,15.857484817504883,175.18447875976562
32448,-127.42581176757812,15.93095874786377,175.45480346679688
32449,-126.9152603149414,16.237232208251953,175.68724060058594
32450,-128.0245361328125,16.020034790039062,174.91485595703125
32451,-127.8525161743164,16.340497970581055,175.079833984375
32452,-127.49159240722656,16.624919891357422,175.4208984375
32453,-126.98016357421875,17.10964584350586,175.65106201171875
32454,-127.8463363647461,16.8350830078125,175.07797241210938
32455,-127.64862823486328,17.254213333129883,175.26351928710938
32456,-127.43065643310547,17.65459442138672,175.434814453125
32457,-127.69407653808594,17.73455047607422,175.20339965820312
32458,-127.56074523925781,17.898534774780273,175.3288116455078
32459,-88.65927124023438,-8.517674446105957,183.35501098632812
32460,-88.12519073486328,-8.178067207336426,183.46241760253906
32461,-87.79573822021484,-7.324850559234619,183.63507080078125
32462,-86.615478515625,-6.852481842041016,183.60813903808594
32463,-89.68781280517578,-8.21608829498291,183.3881072998047
32464,-88.67316436767578,-7.820731163024902,183.5665740966797
32465,-90.1229019165039,-7.763978958129883,183.53353881835938
32466,-89.43620300292969,-7.562445163726807,183.63589477539062
32467,-89.978271484375,-7.3075361251831055,183.70066833496094
32468,-88.79171752929688,-7.210541725158691,183.7010040283203
32469,-87.40742492675781,-6.091714859008789,183.77996826171875
32470,-86.52123260498047,-5.335513591766357,183.7242889404297
32471,-90.49972534179688,-7.256926536560059,183.73007202148438
32472,-86.6889877319336,-4.618146896362305,183.7816162109375
32473,-87.4697265625,-5.074367523193359,183.88478088378906
32474,-91.26010131835938,-7.184305667877197,183.7725372314453
32475,-87.42849731445312,-4.056186199188232,183.95098876953125
32476,-88.35487365722656,-4.750983715057373,184.06724548339844
32477,-86.86320495605469,-3.0987534523010254,183.8277130126953
32478,-99.03376007080078,-9.037248611450195,178.8292999267578
32479,-97.93147277832031,-8.660429954528809,179.8677215576172
32480,-97.10932922363281,-8.732224464416504,180.36099243164062
32481,-94.93869018554688,-8.351466178894043,182.07247924804688
32482,-93.12312316894531,-7.480250358581543,183.4468231201172
32483,-92.56888580322266,-7.206592082977295,183.68251037597656
32484,-91.99649047851562,-6.818231582641602,183.92034912109375
32485,-91.43460845947266,-6.32193660736084,184.0936737060547
32486,-88.60114288330078,-3.7948527336120605,184.23121643066406
32487,-100.25828552246094,-8.90278148651123,178.1658935546875
32488,-99.64508819580078,-9.081873893737793,178.40830993652344
32489,-98.602294921875,-8.640533447265625,179.43466186523438
32490,-97.0179672241211,-8.191301345825195,181.11370849609375
32491,-96.26132202148438,-8.335180282592773,181.38775634765625
32492,-95.86825561523438,-8.054730415344238,181.99420166015625
32493,-95.14012908935547,-7.8759660720825195,182.55967712402344
32494,-94.42520141601562,-7.687215805053711,183.0043487548828
32495,-93.87016296386719,-7.4243574142456055,183.40536499023438
32496,-93.289306640625,-7.001389980316162,183.78941345214844
32497,-92.71813201904297,-6.56544828414917,184.052734375
32498,-92.15320587158203,-5.8738789558410645,184.30564880371094
32499,-87.86833953857422,-3.0768520832061768,184.05506896972656
32500,-99.84120178222656,-8.517118453979492,178.6976318359375
32501,-99.36248016357422,-8.13551139831543,179.33778381347656
32502,-98.67474365234375,-8.011828422546387,179.97097778320312
32503,-97.94029235839844,-7.906425952911377,180.63156127929688
32504,-96.74725341796875,-7.904153347015381,181.68951416015625
32505,-96.91504669189453,-7.509994029998779,182.19654846191406
32506,-96.0125961303711,-7.534649848937988,182.66940307617188
32507,-95.2586898803711,-7.506894111633301,182.99526977539062
32508,-94.76622772216797,-7.239084720611572,183.37631225585938
32509,-94.13340759277344,-6.838489055633545,183.8367156982422
32510,-93.538818359375,-6.41912841796875,184.1203155517578
32511,-92.95838165283203,-5.7340312004089355,184.411376953125
32512,-92.57848358154297,-5.12587833404541,184.59461975097656
32513,-87.45829010009766,-2.26107120513916,183.9308624267578
32514,-88.27682495117188,-2.2668309211730957,184.1734619140625
32515,-101.35411834716797,-8.271944046020508,177.90029907226562
32516,-100.67533111572266,-8.236828804016113,178.36781311035156
32517,-100.16305541992188,-7.874495029449463,178.9853973388672
32518,-97.72360229492188,-7.487873077392578,181.5888671875
32519,-95.92766571044922,-7.073291301727295,183.27920532226562
32520,-97.10894012451172,-6.873013496398926,182.97332763671875
32521,-95.15760040283203,-6.725669860839844,183.81346130371094
32522,-94.40633392333984,-6.293019771575928,184.17166137695312
32523,-93.776123046875,-5.690950870513916,184.4661407470703
32524,-93.4170150756836,-5.290493965148926,184.58326721191406
32525,-93.07469940185547,-5.03982400894165,184.6519775390625
32526,-88.00517272949219,-1.4663888216018677,184.0442352294922
32527,-88.72174072265625,-1.5601751804351807,184.27951049804688
32528,-101.30445098876953,-7.742703914642334,178.28392028808594
32529,-100.75927734375,-7.61985445022583,178.72479248046875
32530,-98.0762710571289,-6.811768054962158,182.39791870117188
32531,-96.9061508178711,-6.515584945678711,183.454833984375
32532,-96.30780792236328,-6.44050407409668,183.80630493164062
32533,-95.49156951904297,-6.1690192222595215,184.21250915527344
32534,-94.68357849121094,-5.500004768371582,184.56658935546875
32535,-94.0591049194336,-4.989979267120361,184.71517944335938
32536,-93.51195526123047,-4.866919040679932,184.72836303710938
32537,-93.88548278808594,-4.451210021972656,184.8549041748047
32538,-88.48760223388672,-0.8996248245239258,184.14891052246094
32539,-101.18882751464844,-7.116671085357666,178.7803955078125
32540,-97.92770385742188,-5.790203094482422,183.39028930664062
32541,-98.28913116455078,-6.0733184814453125,182.88485717773438
32542,-97.21900939941406,-5.834163188934326,183.8185577392578
32543,-96.7303695678711,-5.542474269866943,184.25921630859375
32544,-95.82177734375,-5.019100189208984,184.67930603027344
32545,-95.19480895996094,-4.566152095794678,184.82305908203125
32546,-94.5455093383789,-4.14184045791626,184.90623474121094
32547,-101.9065170288086,-6.698038578033447,178.5670928955078
32548,-101.31654357910156,-6.5841145515441895,179.09085083007812
32549,-98.9287109375,-5.029114723205566,182.8726043701172
32550,-97.68590545654297,-4.90077543258667,183.96182250976562
32551,-96.8878173828125,-4.711292266845703,184.42324829101562
32552,-96.4468765258789,-4.261506080627441,184.67648315429688
32553,-95.6900405883789,-3.662398099899292,184.87576293945312
32554,-88.74378967285156,-0.21554751694202423,184.17263793945312
32555,-89.07841491699219,-0.8830511569976807,184.3465118408203
32556,-102.19645690917969,-6.034988880157471,178.72911071777344
32557,-101.63761138916016,-6.110470294952393,179.1474609375
32558,-98.44796752929688,-4.668078422546387,183.4624481201172
32559,-97.4054183959961,-4.111696720123291,184.28591918945312
32560,-98.15381622314453,-3.967421293258667,183.84585571289062
32561,-96.82195281982422,-3.4801011085510254,184.60198974609375
32562,-89.19361114501953,0.6749269962310791,184.29525756835938
32563,-102.73695373535156,-5.653257369995117,178.5400848388672
32564,-102.02618408203125,-5.3158674240112305,179.29774475097656
32565,-97.75849151611328,-3.4017751216888428,184.15533447265625
32566,-89.05840301513672,1.4757392406463623,184.2281036376953
32567,-89.57475280761719,1.3625737428665161,184.42919921875
32568,-102.84759521484375,-4.840093612670898,178.86117553710938
32569,-102.4776840209961,-4.262345790863037,179.38890075683594
32570,-101.76688385009766,-4.483141899108887,179.9423828125
32571,-89.51780700683594,2.0296971797943115,184.39756774902344
32572,-103.38703155517578,-4.539621829986572,178.5754852294922
32573,-103.13359832763672,-4.03010368347168,178.96290588378906
32574,-102.21163177490234,-3.6637847423553467,179.87474060058594
32575,-101.54953002929688,-3.6675148010253906,180.44113159179688
32576,-89.7943344116211,2.712280035018921,184.5406494140625
32577,-103.73372650146484,-3.920182228088379,178.5696258544922
32578,-102.84075164794922,-3.3601837158203125,179.4132537841797
32579,-89.96864318847656,3.1856391429901123,184.64122009277344
32580,-103.49121856689453,-3.3378069400787354,178.95556640625
32581,-102.2153091430664,-2.6697146892547607,180.1236572265625
32582,-101.0417709350586,-2.7561357021331787,181.1888427734375
32583,-101.66010284423828,-1.6464084386825562,180.75021362304688
32584,-100.73612976074219,-1.6086530685424805,181.5922088623047
32585,-100.3783187866211,-2.306694746017456,181.92930603027344
32586,-89.81185913085938,3.6260268688201904,184.57286071777344
32587,-90.36198425292969,3.5063745975494385,184.84910583496094
32588,-104.16602325439453,-3.102677583694458,178.534912109375
32589,-103.47158813476562,-2.336540937423706,179.21640014648438
32590,-102.58145141601562,-1.515903353691101,180.01153564453125
32591,-101.2673568725586,-0.6771251559257507,181.1414794921875
32592,-100.5715103149414,-0.9514813423156738,181.77499389648438
32593,-90.02841186523438,4.195943355560303,184.74539184570312
32594,-104.83540344238281,-2.7727155685424805,178.19088745117188
32595,-104.6061782836914,-2.257380247116089,178.50184631347656
32596,-104.35387420654297,-1.477931022644043,178.8369140625
32597,-102.02542877197266,-0.9190030097961426,180.49293518066406
32598,-100.61580657958984,-0.46735185384750366,181.739013671875
32599,-89.8985366821289,4.927495956420898,184.77772521972656
32600,-105.97908782958984,-2.227428436279297,177.76280212402344
32601,-105.38587951660156,-2.2840592861175537,178.0406036376953
32602,-105.26597595214844,-1.640386939048767,178.36619567871094
32603,-103.45402526855469,-1.11283278465271,179.4605255126953
32604,-102.64716339111328,-0.6126314401626587,180.07012939453125
32605,-101.98982238769531,-0.33605802059173584,180.5557861328125
32606,-101.62176513671875,0.1788722574710846,180.8896484375
32607,-100.9056167602539,0.09724608808755875,181.48321533203125
32608,-90.2696304321289,5.585921764373779,185.05860900878906
32609,-105.94918060302734,-1.7746849060058594,177.93963623046875
32610,-102.43553161621094,0.20639190077781677,180.26210021972656
32611,-101.92337799072266,0.7224898934364319,180.66595458984375
32612,-101.18539428710938,0.9692181348800659,181.27403259277344
32613,-101.3477783203125,1.790677785873413,181.2115478515625
32614,-100.85323333740234,1.6495850086212158,181.60198974609375
32615,-89.7984848022461,7.411574363708496,184.97640991210938
32616,-101.86652374267578,2.0650362968444824,180.8240966796875
32617,-101.39566802978516,2.522573947906494,181.25245666503906
32618,-100.86534881591797,2.225475549697876,181.6558074951172
32619,-89.5198745727539,8.479326248168945,184.82949829101562
32620,-109.17646789550781,-0.6984834671020508,177.46128845214844
32621,-108.58299255371094,-0.3784541189670563,177.67288208007812
32622,-101.32887268066406,3.516409397125244,181.4630584716797
32623,-100.886474609375,2.842672824859619,181.71160888671875
32624,-89.97444152832031,9.378241539001465,185.22364807128906
32625,-110.68251037597656,-0.6472311615943909,177.32286071777344
32626,-109.9175033569336,-0.6344318389892578,177.40220642089844
32627,-108.34747314453125,0.2393617480993271,177.9143829345703
32628,-101.74655151367188,4.257963180541992,181.29489135742188
32629,-89.41706848144531,10.230025291442871,184.785888671875
32630,-114.87689971923828,-2.8642609119415283,176.41534423828125
32631,-109.53691864013672,-0.09672512114048004,177.64666748046875
32632,-109.04064178466797,0.3830935060977936,177.86004638671875
32633,-108.56576538085938,0.828049898147583,178.06283569335938
32634,-108.14957427978516,1.1306824684143066,178.2180938720703
32635,-101.18612670898438,4.643460273742676,181.81304931640625
32636,-89.18170166015625,10.860430717468262,184.5994110107422
32637,-115.93125915527344,-2.6631641387939453,176.5484619140625
32638,-114.70213317871094,-1.8575183153152466,176.80284118652344
32639,-113.6854476928711,-0.9215332269668579,177.04530334472656
32640,-111.4932632446289,-0.3671155869960785,177.37359619140625
32641,-110.6146469116211,0.032721251249313354,177.58462524414062
32642,-109.93074035644531,0.6079967617988586,177.8128662109375
32643,-109.2874526977539,1.079579472541809,178.02976989746094
32644,-108.63766479492188,1.5482319593429565,178.2364501953125
32645,-101.86758422851562,5.047624588012695,181.4047088623047
32646,-89.7123031616211,11.067407608032227,185.03038024902344
32647,-116.67566680908203,-2.5160350799560547,176.6431121826172
32648,-116.06108856201172,-2.055248975753784,176.7952117919922
32649,-114.5694580078125,-1.334686040878296,176.9318084716797
32650,-115.32324981689453,-1.583670735359192,176.880615234375
32651,-115.21649169921875,-2.2866318225860596,176.65725708007812
32652,-112.6382064819336,-0.2677672505378723,177.32452392578125
32653,-111.7867202758789,0.36146479845046997,177.59185791015625
32654,-110.94245910644531,0.8522213101387024,177.78775024414062
32655,-110.14861297607422,1.3101911544799805,177.98394775390625
32656,-109.42420959472656,1.7570815086364746,178.1654815673828
32657,-108.25076293945312,2.2089498043060303,178.4389190673828
32658,-108.8758544921875,2.2209572792053223,178.34744262695312
32659,-89.60630798339844,11.968082427978516,184.93670654296875
32660,-118.16536712646484,-2.6758596897125244,176.6584930419922
32661,-117.53658294677734,-2.5027449131011963,176.70599365234375
32662,-116.9552993774414,-1.9248028993606567,176.8805694580078
32663,-116.21395874023438,-1.3329867124557495,176.96885681152344
32664,-115.11871337890625,-0.6361942291259766,177.1114959716797
32665,-113.8924789428711,0.030527012422680855,177.32127380371094
32666,-112.94751739501953,0.6338160634040833,177.54527282714844
32667,-112.05374908447266,1.2214187383651733,177.7732391357422
32668,-111.06395721435547,1.5588996410369873,177.93580627441406
32669,-110.20991516113281,2.0762600898742676,178.12779235839844
32670,-109.4376220703125,2.3187694549560547,178.28585815429688
32671,-107.91727447509766,2.8251349925994873,178.61776733398438
32672,-108.51864624023438,2.7685534954071045,178.51605224609375
32673,-107.58643341064453,3.473414182662964,178.8068389892578
32674,-102.21055603027344,6.057440280914307,181.53001403808594
32675,-90.0081558227539,12.532188415527344,185.2477569580078
32676,-118.6460952758789,-2.2793195247650146,176.85879516601562
32677,-117.1888198852539,-1.236407995223999,177.0560302734375
32678,-117.90989685058594,-1.828475832939148,176.96678161621094
32679,-116.49238586425781,-0.5435677766799927,177.13294982910156
32680,-115.7978515625,0.17089048027992249,177.20657348632812
32681,-114.86259460449219,0.35639774799346924,177.2489471435547
32682,-114.07649993896484,0.9427778124809265,177.4355926513672
32683,-113.20035552978516,1.4524325132369995,177.6432342529297
32684,-112.57294464111328,1.9066739082336426,177.8023681640625
32685,-111.79354095458984,1.8264563083648682,177.88780212402344
32686,-111.18362426757812,2.1935482025146484,178.03146362304688
32687,-110.57014465332031,2.660792827606201,178.19110107421875
32688,-109.68598175048828,2.8655846118927,178.34750366210938
32689,-108.19512176513672,3.397733688354492,178.69212341308594
32690,-107.88252258300781,3.6951653957366943,178.80511474609375
32691,-107.68596649169922,4.018416881561279,178.9046630859375
32692,-106.91256713867188,4.601171016693115,179.1825408935547
32693,-102.92749786376953,6.577969551086426,181.31826782226562
32694,-89.93728637695312,13.442792892456055,185.14698791503906
32695,-119.47423553466797,-2.0755982398986816,176.9674072265625
32696,-118.79118347167969,-1.3601754903793335,177.16494750976562
32697,-117.92611694335938,-1.1155670881271362,177.14126586914062
32698,-117.39802551269531,-0.602149486541748,177.1881103515625
32699,-117.044189453125,0.4867415726184845,177.23907470703125
32700,-113.34906768798828,2.093341827392578,177.67312622070312
32701,-114.16316223144531,1.8685048818588257,177.5068817138672
32702,-112.05115509033203,2.3626108169555664,177.93011474609375
32703,-111.41312408447266,2.906633138656616,178.08233642578125
32704,-110.43468475341797,3.4603066444396973,178.3306121826172
32705,-109.39402770996094,3.7332444190979004,178.56732177734375
32706,-107.39282989501953,4.600701332092285,179.0950927734375
32707,-106.94193267822266,4.9756178855896,179.26687622070312
32708,-103.02812194824219,7.48269510269165,181.67971801757812
32709,-102.27438354492188,7.140713691711426,181.94049072265625
32712,-119.73320007324219,-1.4801251888275146,177.19338989257812
32713,-120.2763900756836,-1.3522330522537231,177.25888061523438
32714,-118.1526107788086,-0.4625762701034546,177.25241088867188
32715,-118.94632720947266,-0.5554530024528503,177.3368377685547
32716,-115.3817138671875,1.2454004287719727,177.30975341796875
32717,-112.9270248413086,2.5213003158569336,177.78147888183594
32718,-112.4081039428711,2.956916093826294,177.92710876464844
32719,-112.00615692138672,3.364118814468384,178.03167724609375
32720,-111.36370849609375,3.6439101696014404,178.19879150390625
32721,-110.81478881835938,4.101036071777344,178.37579345703125
32722,-110.04618835449219,4.553974628448486,178.5941925048828
32723,-106.7068099975586,5.55182409286499,179.48533630371094
32724,-106.31719970703125,6.238006591796875,179.82371520996094
32725,-105.8491439819336,6.277663230895996,179.97747802734375
32726,-103.63558959960938,7.372927188873291,181.2967987060547
32727,-89.95856475830078,14.408226013183594,185.0804901123047
32729,-120.79532623291016,-1.3192516565322876,177.2217559814453
32730,-121.17106628417969,-1.1702293157577515,177.22528076171875
32731,-118.69336700439453,0.5373932719230652,177.35401916503906
32732,-117.77542114257812,1.5670491456985474,177.23486328125
32733,-116.596435546875,2.148709535598755,177.22402954101562
32734,-113.84966278076172,2.6450977325439453,177.61231994628906
32735,-115.10320281982422,2.758612632751465,177.38992309570312
32736,-113.30187225341797,3.1485061645507812,177.75672912597656
32737,-112.7635726928711,3.5622570514678955,177.8939666748047
32738,-112.17993927001953,3.9490718841552734,178.0578155517578
32739,-111.5065689086914,4.354028701782227,178.23397827148438
32740,-110.89166259765625,4.65653133392334,178.44033813476562
32741,-105.7845230102539,6.786116600036621,180.2105255126953
32742,-105.01913452148438,7.170498847961426,180.65721130371094
32743,-105.27424621582031,7.153034210205078,180.55374145507812
32744,-105.47120666503906,6.993937015533447,180.41409301757812
32745,-104.62779235839844,7.399043560028076,180.8810577392578
32746,-104.05093383789062,7.6238532066345215,181.2235870361328
32747,-103.50907135009766,7.874627590179443,181.62892150878906
32748,-103.75117492675781,8.076910018920898,181.60264587402344
32749,-89.94871520996094,15.305152893066406,184.96531677246094
32751,-121.49942016601562,-0.8605719208717346,177.29025268554688
32752,-118.74626922607422,1.9172309637069702,177.2376251220703
32753,-114.20841979980469,3.4098799228668213,177.55592346191406
32754,-113.5976333618164,3.796483039855957,177.7068328857422
32755,-113.07176971435547,4.226897239685059,177.84201049804688
32756,-112.41940307617188,4.708726406097412,178.059326171875
32757,-111.54518127441406,5.177699565887451,178.3389892578125
32758,-110.70780181884766,5.148922920227051,178.56771850585938
32759,-105.04226684570312,7.544155597686768,180.79730224609375
32760,-104.50794982910156,7.85858154296875,181.16603088378906
32761,-104.05127716064453,8.147665977478027,181.49343872070312
32762,-90.40435791015625,15.687479972839355,185.1802520751953
32763,-89.96943664550781,15.982694625854492,184.903564453125
32766,-119.4842300415039,1.3324601650238037,177.36447143554688
32767,-119.93506622314453,0.5782752633094788,177.4879913330078
32768,-117.8568115234375,2.964707612991333,177.115478515625
32769,-116.45915985107422,3.9996845722198486,177.13722229003906
32770,-115.01573181152344,4.0057477951049805,177.37754821777344
32771,-114.26346588134766,4.059807777404785,177.55264282226562
32772,-113.82763671875,4.3666462898254395,177.6643829345703
32773,-113.51493072509766,5.0335564613342285,177.760498046875
32774,-110.99165344238281,5.711818218231201,178.57577514648438
32775,-90.39299011230469,16.205936431884766,185.0509490966797
32776,-90.55062866210938,16.542264938354492,185.04527282714844
32777,-119.76069641113281,2.283339738845825,177.21438598632812
32778,-120.49842834472656,1.5202171802520752,177.4110565185547
32779,-119.08712005615234,3.0735056400299072,177.0781707763672
32780,-114.46438598632812,4.725359916687012,177.5027313232422
32781,-112.6043472290039,5.5439581871032715,178.04629516601562
32782,-111.77324676513672,6.041287422180176,178.35134887695312
32783,-110.8098373413086,6.459576606750488,178.7154998779297
32784,-90.49667358398438,16.8507080078125,184.94976806640625
32785,-122.95350646972656,0.6906527876853943,177.03932189941406
32786,-120.12519073486328,3.3372228145599365,177.03057861328125
32787,-120.87879180908203,2.6400949954986572,177.1871795654297
32788,-118.62482452392578,3.8840219974517822,176.97250366210938
32789,-117.84770965576172,4.356591701507568,176.9669189453125
32790,-114.42240142822266,5.791757106781006,177.49620056152344
32791,-113.45103454589844,5.8494672775268555,177.78720092773438
32792,-112.76529693603516,6.326182842254639,178.04380798339844
32793,-111.9312973022461,6.822945594787598,178.3697052001953
32794,-111.19388580322266,7.278306007385254,178.7001953125
32795,-110.08179473876953,7.312561511993408,179.15420532226562
32796,-91.52165222167969,17.322006225585938,185.17027282714844
32797,-91.25521087646484,16.96210479736328,185.20384216308594
32798,-123.58817291259766,1.0067845582962036,176.80194091796875
32799,-123.93794250488281,1.2345753908157349,176.65997314453125
32800,-119.56736755371094,4.178912162780762,176.90652465820312
32801,-113.68978881835938,6.481817722320557,177.72117614746094
32802,-112.94769287109375,7.051385879516602,178.0012664794922
32803,-112.10254669189453,7.589408874511719,178.3675079345703
32804,-111.12360382080078,8.114230155944824,178.8249969482422
32805,-92.22440338134766,17.438173294067383,185.35562133789062
32806,-91.91345977783203,17.21355628967285,185.36032104492188
32807,-124.13634490966797,1.5574843883514404,176.58782958984375
32808,-121.75293731689453,2.5448544025421143,177.1602020263672
32809,-121.85331726074219,3.2819228172302246,177.01861572265625
32810,-122.38446044921875,2.7406182289123535,177.07264709472656
32811,-120.98822021484375,3.542370319366455,176.99884033203125
32812,-120.6724853515625,4.312773704528809,176.85952758789062
32813,-113.81639862060547,7.12506103515625,177.68043518066406
32814,-112.20545959472656,8.33889389038086,178.36619567871094
32815,-110.00144958496094,8.351049423217773,179.3453826904297
32816,-110.71662902832031,8.888324737548828,179.08058166503906
32817,-109.96733093261719,9.295705795288086,179.48388671875
32818,-92.56045532226562,17.767955780029297,185.30874633789062
32819,-93.03709411621094,17.780241012573242,185.43267822265625
32820,-124.36251831054688,2.1566803455352783,176.5143585205078
32822,-122.89127349853516,3.2176506519317627,176.9288787841797
32823,-121.56566619873047,4.086585521697998,176.87295532226562
32824,-111.68496704101562,9.123212814331055,178.63731384277344
32825,-110.9051742553711,9.708457946777344,179.04617309570312
32826,-93.25381469726562,18.41063690185547,185.1851348876953
32827,-125.07904052734375,2.9579081535339355,176.29241943359375
32828,-124.55323791503906,2.8232972621917725,176.49928283691406
32829,-122.66172790527344,4.111199855804443,176.8019256591797
32830,-121.77400207519531,5.144491195678711,176.69117736816406
32831,-110.34535217285156,10.147815704345703,179.36009216308594
32832,-109.63090515136719,10.093962669372559,179.7685089111328
32833,-110.20145416259766,10.990534782409668,179.49029541015625
32834,-109.39661407470703,10.73928165435791,179.95582580566406
32835,-93.73259735107422,18.723526000976562,185.1190948486328
32836,-125.3915023803711,3.350372314453125,176.20484924316406
32837,-124.66285705566406,3.588683843612671,176.4972686767578
32838,-123.88506317138672,4.368206977844238,176.63348388671875
32839,-123.65731811523438,3.5857231616973877,176.74818420410156
32840,-123.10138702392578,5.041316032409668,176.6405029296875
32841,-109.59122467041016,11.561843872070312,179.89544677734375
32842,-94.33003997802734,19.097017288208008,185.028564453125
32843,-125.40560913085938,3.9228062629699707,176.25509643554688
32844,-124.92503356933594,4.490600109100342,176.39830017089844
32845,-124.27294158935547,5.38682222366333,176.449462890625
32846,-123.01192474365234,6.251463413238525,176.4891357421875
32847,-109.686767578125,12.614568710327148,179.82577514648438
32848,-108.9712905883789,11.966859817504883,180.31887817382812
32849,-108.72581481933594,11.007636070251465,180.4000701904297
32850,-94.9460220336914,19.48125457763672,184.93019104003906
32851,-126.55730438232422,4.560298919677734,175.7177734375
32852,-125.94087219238281,4.531322479248047,176.06597900390625
32853,-125.29546356201172,5.12148904800415,176.2781219482422
32854,-124.50548553466797,6.699721813201904,176.3227996826172
32855,-108.70500183105469,12.897439002990723,180.51878356933594
32856,-126.57600402832031,5.052155017852783,175.79441833496094
32857,-126.01171875,5.383979320526123,176.04150390625
32858,-125.31771087646484,5.862222671508789,176.25308227539062
32859,-108.33113098144531,14.192512512207031,180.77613830566406
32860,-96.48287200927734,19.900739669799805,184.7927703857422
32861,-95.61080169677734,19.732011795043945,184.83261108398438
32862,-126.6646728515625,5.666259288787842,175.78323364257812
32863,-126.18486022949219,6.088579177856445,176.0088348388672
32864,-125.63744354248047,6.604330062866211,176.1338653564453
32865,-108.29805755615234,15.24483871459961,180.70108032226562
32866,-97.2424545288086,20.319263458251953,184.5028076171875
32867,-126.53406524658203,6.8434977531433105,175.89503479003906
32868,-126.81412506103516,6.210899829864502,175.7261199951172
32869,-125.66769409179688,7.630376815795898,176.1039276123047
32870,-97.38227081298828,20.86825180053711,184.152587890625
32871,-108.49864196777344,16.000890731811523,180.40072631835938
32872,-107.63554382324219,16.020280838012695,181.12965393066406
32873,-98.30789947509766,20.433019638061523,184.3787384033203
32874,-98.4345932006836,21.102453231811523,183.94517517089844
32875,-98.81366729736328,20.694652557373047,184.15199279785156
32876,-97.81362915039062,20.69282341003418,184.24176025390625
32877,-127.70697021484375,6.795773983001709,175.19216918945312
32878,-127.73043823242188,7.281430721282959,175.20486450195312
32879,-127.3121337890625,7.059728145599365,175.50636291503906
32880,-127.48833465576172,7.64016056060791,175.4325714111328
32881,-126.82791900634766,7.802793979644775,175.7505645751953
32882,-108.0570297241211,16.827470779418945,180.6264190673828
32883,-107.41474914550781,17.0101261138916,181.12135314941406
32884,-99.0369873046875,21.07620620727539,183.89366149902344
32885,-98.94001007080078,21.61625099182129,183.57815551757812
32886,-99.48871612548828,21.330392837524414,183.68008422851562
32887,-98.39392852783203,21.689388275146484,183.5626983642578
32888,-127.77268981933594,7.7800822257995605,175.18545532226562
32889,-127.52629852294922,8.295437812805176,175.42100524902344
32890,-126.83972930908203,8.865440368652344,175.74588012695312
32891,-107.58269500732422,17.75719451904297,180.8499298095703
32892,-107.08415222167969,17.563804626464844,181.2919921875
32893,-106.83169555664062,18.15242576599121,181.38775634765625
32894,-99.38504028320312,21.814315795898438,183.41294860839844
32895,-99.77327728271484,21.75673484802246,183.39329528808594
32896,-127.8664779663086,8.827478408813477,175.11813354492188
32897,-126.6457748413086,10.131325721740723,175.82785034179688
32898,-107.16573333740234,18.711816787719727,181.0310821533203
32899,-106.41291809082031,18.889110565185547,181.57852172851562
32900,-99.58631896972656,22.172941207885742,183.15493774414062
32901,-100.04975128173828,22.150182723999023,183.12664794921875
32902,-127.75809478759766,9.501359939575195,175.2250213623047
32903,-106.63505554199219,19.70176124572754,181.29248046875
32904,-105.97245788574219,19.47539710998535,181.81307983398438
32905,-105.62516784667969,20.241771697998047,181.9207000732422
32906,-100.34252166748047,22.56980323791504,182.8644256591797
32907,-127.86272430419922,10.014165878295898,175.1300506591797
32908,-127.53579711914062,10.191638946533203,175.4228973388672
32909,-100.57196044921875,22.801671981811523,182.70993041992188
32910,-127.8600845336914,10.408076286315918,175.13214111328125
32911,-127.73880767822266,10.845741271972656,175.24209594726562
32912,-105.39639282226562,21.180030822753906,181.9068145751953
32913,-104.75423431396484,20.734107971191406,182.37249755859375
32914,-104.64817810058594,21.631168365478516,182.20620727539062
32915,-103.4539794921875,22.683429718017578,182.3004150390625
32916,-104.54828643798828,22.666065216064453,181.9318389892578
32917,-103.7214126586914,21.86366844177246,182.51901245117188
32918,-102.03968048095703,22.884408950805664,182.49713134765625
32919,-101.44754791259766,22.764251708984375,182.61483764648438
32920,-100.92993927001953,22.92462730407715,182.59878540039062
32921,-100.94610595703125,23.41084098815918,182.31646728515625
32922,-127.70025634765625,11.469284057617188,175.2745819091797
32923,-102.65304565429688,22.686582565307617,182.47702026367188
32924,-102.51837158203125,23.21320915222168,182.2813262939453
32925,-127.77742004394531,12.083313941955566,175.19874572753906
32926,-127.54654693603516,12.569049835205078,175.4098663330078
32927,-127.90193939208984,12.52954387664795,175.07603454589844
32928,-89.71794891357422,-7.140768051147461,183.76551818847656
32929,-89.35682678222656,-6.873873233795166,183.81114196777344
32930,-88.56393432617188,-6.518664836883545,183.84815979003906
32931,-90.031494140625,-6.783251762390137,183.8874053955078
32932,-89.45216369628906,-6.024538040161133,184.03097534179688
32933,-88.3984603881836,-5.620609283447266,183.9581298828125
32934,-90.75875091552734,-6.575680255889893,183.98345947265625
32935,-90.31314086914062,-6.200239658355713,184.07012939453125
32936,-90.68865966796875,-6.180705547332764,184.1194610595703
32937,-89.02410888671875,-5.271158695220947,184.11048889160156
32938,-89.66792297363281,-5.236566543579102,184.2149658203125
32939,-90.96741485595703,-5.955733776092529,184.2098388671875
32940,-89.17243957519531,-4.621969223022461,184.24412536621094
32941,-89.86427307128906,-4.60146951675415,184.36692810058594
32942,-91.47711181640625,-5.413035869598389,184.41378784179688
32943,-89.50215911865234,-3.951185464859009,184.40577697753906
32944,-90.12965393066406,-4.0130181312561035,184.5165252685547
32945,-92.09674835205078,-4.919675350189209,184.59011840820312
32946,-89.32593536376953,-3.120290517807007,184.4486083984375
32947,-89.92011260986328,-3.4849250316619873,184.54159545898438
32948,-88.61558532714844,-2.9191431999206543,184.27259826660156
32949,-99.88797760009766,-7.552777290344238,179.44161987304688
32950,-99.41495513916016,-7.483910083770752,179.91220092773438
32951,-98.87326049804688,-7.365590572357178,180.51051330566406
32952,-98.50013732910156,-7.246682643890381,181.1015625
32953,-92.90349578857422,-4.595674514770508,184.73782348632812
32954,-92.60238647460938,-4.451906204223633,184.73326110839844
32955,-89.92076873779297,-2.9706857204437256,184.58551025390625
32956,-89.02190399169922,-2.310612201690674,184.38571166992188
32957,-89.70836639404297,-2.4273769855499268,184.5525665283203
32958,-100.47087097167969,-7.304342269897461,179.18206787109375
32959,-100.08251190185547,-7.0663933753967285,179.695556640625
32960,-99.68860626220703,-6.825968265533447,180.27377319335938
32961,-99.23074340820312,-6.716811656951904,180.904296875
32962,-98.86910247802734,-6.593184947967529,181.65090942382812
32963,-93.41964721679688,-4.334804058074951,184.84629821777344
32964,-93.13361358642578,-3.908384084701538,184.88697814941406
32965,-89.48681640625,-1.603101372718811,184.48184204101562
32966,-100.75438690185547,-6.798503398895264,179.37039184570312
32967,-100.40213012695312,-6.558858871459961,179.85643005371094
32968,-100.20469665527344,-6.325461387634277,180.2305908203125
32969,-99.85881805419922,-6.238430500030518,180.62142944335938
32970,-99.74674224853516,-5.950967788696289,181.18496704101562
32971,-99.52203369140625,-5.701951503753662,181.72979736328125
32972,-99.0464859008789,-5.715987205505371,182.3194122314453
32973,-94.11054229736328,-3.850806713104248,184.94970703125
32974,-93.74342346191406,-3.558443546295166,184.98199462890625
32975,-89.62353515625,-0.8789165616035461,184.53125
32976,-101.02520751953125,-6.303554534912109,179.5048828125
32977,-100.75395965576172,-6.053674221038818,179.95516967773438
32978,-100.4579849243164,-5.884192943572998,180.3728790283203
32979,-100.21217346191406,-5.77612829208374,180.74838256835938
32980,-94.87290954589844,-3.390748977661133,184.9894256591797
32981,-94.4110107421875,-3.097475051879883,185.02137756347656
32982,-89.43878173828125,-0.233494833111763,184.44105529785156
32983,-90.08943939208984,-0.4665270149707794,184.66351318359375
32984,-101.31752014160156,-5.82846212387085,179.60484313964844
32985,-101.15310668945312,-5.387732982635498,180.05360412597656
32986,-100.6318359375,-5.403229236602783,180.52284240722656
32987,-100.37342071533203,-5.2688493728637695,180.9147186279297
32988,-100.0782241821289,-5.154857158660889,181.39161682128906
32989,-99.7679443359375,-4.988480567932129,181.9015655517578
32990,-99.5017318725586,-4.803936004638672,182.33584594726562
32991,-98.96658325195312,-3.8729798793792725,183.1676025390625
32992,-96.42794036865234,-2.798511028289795,184.77569580078125
32993,-95.56512451171875,-2.9632692337036133,184.93348693847656
32994,-95.11163330078125,-2.643925905227661,185.014404296875
32995,-89.94439697265625,0.3095809817314148,184.59866333007812
32996,-101.0032958984375,-4.676666736602783,180.55599975585938
32997,-100.56658172607422,-4.681724548339844,181.08612060546875
32998,-100.33074951171875,-4.404517650604248,181.51751708984375
32999,-99.97057342529297,-4.22212028503418,182.01858520507812
33000,-99.53170776367188,-4.113977909088135,182.5441436767578
33001,-98.49073028564453,-3.2328248023986816,183.6617889404297
33002,-98.01849365234375,-2.823793649673462,184.0187225341797
33003,-97.37493133544922,-2.833937168121338,184.4126434326172
33004,-95.83663940429688,-2.2959649562835693,184.9084930419922
33005,-90.01589965820312,0.992387592792511,184.60496520996094
33006,-100.8795166015625,-3.9432315826416016,181.06858825683594
33007,-100.46434020996094,-3.62764835357666,181.644775390625
33008,-100.00413513183594,-3.5965466499328613,182.17440795898438
33009,-99.64569091796875,-3.292142152786255,182.59820556640625
33010,-99.14427947998047,-2.896052837371826,183.1134033203125
33011,-98.6405029296875,-2.4869134426116943,183.57376098632812
33012,-97.94593048095703,-2.194185495376587,184.06686401367188
33013,-97.09773254394531,-2.2455365657806396,184.53500366210938
33014,-97.54747772216797,-1.7708672285079956,184.31381225585938
33015,-96.50753021240234,-2.1123385429382324,184.7501678466797
33016,-90.16547393798828,1.6175835132598877,184.657958984375
33017,-100.23692321777344,-2.980707883834839,182.00375366210938
33018,-99.79019165039062,-2.5519020557403564,182.50308227539062
33019,-99.33533477783203,-2.164484739303589,182.96424865722656
33020,-98.80103302001953,-1.737874984741211,183.42237854003906
33021,-98.15460205078125,-1.3633159399032593,183.91818237304688
33022,-90.75887298583984,1.8262523412704468,184.87222290039062
33023,-90.35385131835938,2.2612781524658203,184.73814392089844
33024,-99.99761962890625,-1.8736408948898315,182.31103515625
33025,-99.57211303710938,-1.434827446937561,182.73031616210938
33026,-99.08607482910156,-0.7537081837654114,183.15069580078125
33027,-98.20977020263672,-0.6305685639381409,183.8635711669922
33028,-97.88130187988281,-1.021087408065796,184.0850067138672
33029,-90.9884033203125,2.2065279483795166,184.9613494873047
33030,-90.85501098632812,2.6162302494049072,184.9537811279297
33031,-91.46968078613281,2.565845489501953,185.12953186035156
33032,-90.40599060058594,2.899379253387451,184.81643676757812
33033,-100.17855834960938,-1.3155189752578735,182.1395263671875
33034,-100.00784301757812,-0.7556259632110596,182.29910278320312
33035,-98.65518188476562,0.09666195511817932,183.4877471923828
33036,-91.12015533447266,3.2426345348358154,185.07940673828125
33037,-91.76077270507812,3.068833112716675,185.25404357910156
33038,-99.32307434082031,0.07709772139787674,182.9287872314453
33039,-99.71515655517578,-0.24575640261173248,182.5688018798828
33040,-91.84040832519531,3.557443380355835,185.36788940429688
33041,-90.83116912841797,3.9806885719299316,185.0912628173828
33042,-91.42694854736328,3.8558380603790283,185.27696228027344
33043,-100.26374816894531,-0.0733313336968422,182.05978393554688
33044,-99.8326416015625,0.3828182816505432,182.45538330078125
33045,-99.229248046875,1.0091145038604736,183.00289916992188
33046,-98.179443359375,0.9168466925621033,183.8582000732422
33047,-91.42086791992188,4.470709800720215,185.38119506835938
33048,-90.5844497680664,4.698516368865967,185.11016845703125
33049,-100.44415283203125,0.614819347858429,181.9093475341797
33050,-99.97574615478516,1.021003246307373,182.33969116210938
33051,-98.57855987548828,1.8432767391204834,183.55613708496094
33052,-91.10717010498047,5.147235870361328,185.37767028808594
33053,-91.02930450439453,5.680832862854004,185.4463653564453
33054,-100.46704864501953,1.330287218093872,181.92079162597656
33055,-99.89908599853516,1.8052700757980347,182.44200134277344
33056,-99.26625061035156,2.0119762420654297,183.01185607910156
33057,-90.7156753540039,6.016308784484863,185.37405395507812
33058,-90.26518249511719,6.44452428817749,185.1470947265625
33059,-90.74018096923828,6.413609027862549,185.45388793945312
33060,-100.46599578857422,1.9326536655426025,181.95413208007812
33061,-99.64510345458984,2.694749116897583,182.72506713867188
33062,-90.60096740722656,6.941888809204102,185.45301818847656
33063,-100.33484649658203,2.620471239089966,182.14813232421875
33064,-100.07474517822266,3.4332733154296875,182.46640014648438
33065,-99.42874145507812,3.486125946044922,183.00582885742188
33066,-90.62825012207031,7.653486728668213,185.58433532714844
33067,-90.27418518066406,8.357404708862305,185.40353393554688
33068,-100.61962127685547,3.3123204708099365,181.99769592285156
33069,-100.59070587158203,4.06565523147583,182.16275024414062
33070,-99.91129302978516,4.272037029266357,182.72213745117188
33071,-100.5033950805664,5.015776634216309,182.44830322265625
33072,-101.22669982910156,5.790351390838623,182.12644958496094
33073,-90.10585021972656,10.302155494689941,185.3426055908203
33074,-100.35281372070312,5.961112976074219,182.7562255859375
33075,-90.24958038330078,11.66185474395752,185.4502410888672
33076,-109.06173706054688,2.684351682662964,178.4176483154297
33077,-101.58980560302734,6.789825439453125,182.26806640625
33078,-100.90023040771484,6.617307662963867,182.5982208251953
33079,-90.69639587402344,12.206894874572754,185.73098754882812
33080,-108.8843994140625,3.22330641746521,178.55081176757812
33081,-108.57688903808594,3.8624212741851807,178.72731018066406
33082,-108.0785903930664,3.8821980953216553,178.81239318847656
33083,-101.07837677001953,7.334558010101318,182.73355102539062
33084,-90.46446990966797,12.954380989074707,185.5381622314453
33085,-108.10871887207031,4.421724796295166,178.93170166015625
33086,-107.78889465332031,5.000247001647949,179.12539672851562
33087,-107.28853607177734,5.24067497253418,179.27108764648438
33088,-101.70376586914062,7.531399726867676,182.44284057617188
33089,-90.7507095336914,13.782318115234375,185.6516571044922
33090,-119.90460968017578,-1.0184623003005981,177.33840942382812
33091,-119.41104888916016,-0.9804229736328125,177.33251953125
33092,-108.93659973144531,4.494927883148193,178.81297302246094
33093,-108.4217300415039,5.133592128753662,179.05038452148438
33094,-107.80548095703125,5.7110371589660645,179.3217010498047
33095,-107.15786743164062,5.764170169830322,179.4581298828125
33096,-106.79557037353516,6.016368389129639,179.633056640625
33097,-107.0678939819336,6.121570110321045,179.60830688476562
33098,-102.16046905517578,8.155473709106445,182.4417266845703
33099,-120.98783874511719,-0.9658939242362976,177.33705139160156
33100,-120.452880859375,-0.8347596526145935,177.39520263671875
33101,-119.68049621582031,-0.36566227674484253,177.43682861328125
33102,-109.29127502441406,5.327077388763428,178.90414428710938
33103,-108.68366241455078,5.945927619934082,179.21653747558594
33104,-108.08958435058594,6.4537811279296875,179.49667358398438
33105,-107.62291717529297,6.253806114196777,179.52809143066406
33106,-106.78929901123047,6.485871315002441,179.80482482910156
33107,-106.2958755493164,6.870177745819092,180.08450317382812
33108,-105.49518585205078,7.27144718170166,180.5189208984375
33109,-105.93191528320312,7.3061418533325195,180.3924560546875
33110,-103.48597717285156,8.226017951965332,181.82083129882812
33111,-102.99800872802734,8.471821784973145,182.2077178955078
33112,-102.51554107666016,8.82199764251709,182.5513458251953
33113,-121.01759338378906,-0.5819361209869385,177.44406127929688
33114,-120.581298828125,-0.11351175606250763,177.54347229003906
33115,-110.21602630615234,5.594217300415039,178.7423553466797
33116,-109.65223693847656,6.2540669441223145,179.06289672851562
33117,-108.900390625,6.858367443084717,179.43272399902344
33118,-107.54790496826172,6.730450630187988,179.71868896484375
33119,-105.51882934570312,7.802182197570801,180.74249267578125
33120,-104.90867614746094,8.07402229309082,181.10787963867188
33121,-104.40351104736328,8.309219360351562,181.4253692626953
33122,-104.0196304321289,8.505537986755371,181.6940460205078
33123,-103.64398193359375,8.45511245727539,181.85330200195312
33124,-103.3472671508789,8.847580909729004,182.2099609375
33125,-102.89543151855469,9.10142993927002,182.51597595214844
33126,-122.20492553710938,-0.035872701555490494,177.21914672851562
33127,-121.57976531982422,-0.03971104323863983,177.43582153320312
33128,-120.9329605102539,0.6613001823425293,177.5364227294922
33129,-107.91876220703125,7.322389602661133,179.8265838623047
33130,-103.79634857177734,8.894161224365234,181.99606323242188
33131,-103.31930541992188,9.360574722290039,182.4502410888672
33132,-122.29690551757812,0.39583566784858704,177.25296020507812
33133,-121.77890014648438,0.774145781993866,177.40908813476562
33134,-121.3278579711914,1.2539619207382202,177.42965698242188
33135,-108.90457153320312,7.922855854034424,179.7061309814453
33136,-107.71887969970703,8.268670082092285,180.1751251220703
33137,-90.88159942626953,16.704404830932617,185.15818786621094
33138,-122.45002746582031,0.9614465832710266,177.2525634765625
33139,-122.05171203613281,1.4285063743591309,177.29429626464844
33140,-121.44744110107422,1.9175622463226318,177.3021240234375
33141,-108.40428924560547,8.824197769165039,180.1306915283203
33142,-107.39892578125,9.102800369262695,180.6387481689453
33143,-91.73531341552734,16.900423049926758,185.4099884033203
33144,-92.1783218383789,16.862180709838867,185.58392333984375
33145,-91.54228210449219,16.655410766601562,185.42840576171875
33146,-91.27135467529297,16.61705780029297,185.33953857421875
33147,-123.70576477050781,1.4681555032730103,176.767578125
33148,-123.0218734741211,1.530062198638916,177.0674285888672
33149,-122.2975845336914,2.1160361766815186,177.16456604003906
33150,-109.2616958618164,8.726228713989258,179.74302673339844
33151,-109.01807403564453,9.431946754455566,179.9626922607422
33152,-108.11982727050781,9.747374534606934,180.52088928222656
33153,-92.6182632446289,17.259401321411133,185.53700256347656
33154,-123.7418212890625,1.9830889701843262,176.7717742919922
33155,-123.15009307861328,2.467597723007202,176.9392852783203
33156,-108.8620376586914,10.179152488708496,180.19515991210938
33157,-108.38223266601562,10.346612930297852,180.51547241210938
33158,-107.8660659790039,10.657612800598145,180.8818359375
33159,-93.4937973022461,17.47992515563965,185.68807983398438
33160,-93.02693176269531,17.056745529174805,185.7388458251953
33161,-123.95465850830078,2.6261491775512695,176.72984313964844
33162,-123.5919418334961,3.0175721645355225,176.80662536621094
33163,-93.60151672363281,18.078018188476562,185.44024658203125
33164,-124.12721252441406,3.1370885372161865,176.66458129882812
33165,-108.00495147705078,11.828397750854492,180.96690368652344
33166,-94.264404296875,18.22466468811035,185.47999572753906
33167,-94.91826629638672,18.80664825439453,185.28363037109375
33168,-107.53385925292969,13.09715747833252,181.44522094726562
33169,-95.41187286376953,19.14586639404297,185.1584014892578
33170,-107.1915054321289,14.34642219543457,181.68777465820312
33171,-95.97798919677734,19.127431869506836,185.2062530517578
33172,-107.6909408569336,15.014333724975586,181.2325439453125
33173,-99.86238098144531,19.988956451416016,184.35987854003906
33174,-100.27501678466797,19.46935272216797,184.50393676757812
33175,-99.64246368408203,19.37790298461914,184.6866912841797
33176,-99.24462890625,19.8780574798584,184.52027893066406
33177,-98.65365600585938,19.642709732055664,184.7457733154297
33178,-98.78672790527344,20.1983585357666,184.43006896972656
33179,-98.22503662109375,19.843830108642578,184.7100372314453
33180,-97.75762939453125,20.029321670532227,184.65966796875
33181,-106.99989318847656,16.103662490844727,181.62722778320312
33182,-107.02405548095703,16.61509132385254,181.5203857421875
33183,-100.41736602783203,20.02602195739746,184.22142028808594
33184,-100.80713653564453,19.600257873535156,184.31893920898438
33185,-100.93140411376953,20.096359252929688,184.07037353515625
33186,-100.07720947265625,20.39361000061035,184.11106872558594
33187,-99.47596740722656,20.611536026000977,184.1007537841797
33188,-106.94917297363281,17.17150115966797,181.47509765625
33189,-106.61797332763672,16.970653533935547,181.77537536621094
33190,-106.5104751586914,17.55721092224121,181.74908447265625
33191,-100.54178619384766,20.539228439331055,183.9355926513672
33192,-101.11078643798828,20.501422882080078,183.81382751464844
33193,-100.06352996826172,20.749954223632812,183.9310760498047
33194,-99.86508178710938,21.042837142944336,183.7946319580078
33195,-106.110107421875,18.237106323242188,181.93600463867188
33196,-100.37240600585938,21.135986328125,183.67005920410156
33197,-100.88146209716797,20.898420333862305,183.6710662841797
33198,-99.93905639648438,21.38432502746582,183.58628845214844
33199,-105.71240997314453,18.902772903442383,182.1085968017578
33200,-105.42183685302734,19.512529373168945,182.19700622558594
33201,-100.8213882446289,21.25705909729004,183.5247344970703
33202,-100.22952270507812,21.676490783691406,183.3763885498047
33203,-100.70218658447266,21.580249786376953,183.36631774902344
33204,-104.82820129394531,19.863689422607422,182.5182342529297
33205,-104.06410217285156,20.21940803527832,182.86570739746094
33206,-103.92501068115234,21.034337997436523,182.705078125
33207,-102.78782653808594,21.880834579467773,182.7702178955078
33208,-103.11005401611328,21.183448791503906,182.96817016601562
33209,-102.42388153076172,21.158777236938477,183.17234802246094
33210,-102.16084289550781,21.528425216674805,183.0778045654297
33211,-100.60733032226562,22.0885009765625,183.0846710205078
33212,-100.89800262451172,21.86197280883789,183.17556762695312
33213,-102.08136749267578,22.098100662231445,182.85342407226562
33214,-101.59381866455078,22.307207107543945,182.8321990966797
33215,-101.58979797363281,21.900033950805664,183.05670166015625
33216,-101.21565246582031,21.95254898071289,183.07872009277344
33217,-101.0680923461914,22.369829177856445,182.87081909179688
33218,-100.69624328613281,22.547454833984375,182.8282470703125
33219,-90.61265563964844,-5.873610496520996,184.18923950195312
33220,-90.19025421142578,-5.636559963226318,184.20155334472656
33221,-90.78612518310547,-5.26632022857666,184.37657165527344
33222,-90.20668029785156,-5.09173583984375,184.3324432373047
33223,-91.25041961669922,-4.99384069442749,184.5069580078125
33224,-91.45945739746094,-4.996247291564941,184.5279541015625
33225,-90.47091674804688,-4.5618977546691895,184.47671508789062
33226,-91.08821105957031,-4.530018329620361,184.5748748779297
33227,-91.67263793945312,-4.81007719039917,184.58123779296875
33228,-90.7342758178711,-3.7964115142822266,184.6376953125
33229,-91.3327865600586,-3.9712445735931396,184.6937713623047
33230,-90.28400421142578,-3.630145311355591,184.58651733398438
33231,-90.34414672851562,-3.239448308944702,184.6326904296875
33232,-92.73629760742188,-3.821012496948242,184.87059020996094
33233,-90.17987060546875,-1.9689306020736694,184.65365600585938
33234,-93.16878509521484,-3.263688087463379,184.965576171875
33235,-93.54621887207031,-3.2430717945098877,184.9983673095703
33236,-90.08858489990234,-1.2391889095306396,184.65432739257812
33237,-90.7332534790039,-1.5918949842453003,184.81202697753906
33238,-90.7580337524414,-2.286268472671509,184.78607177734375
33239,-94.05029296875,-2.8353800773620605,185.04212951660156
33240,-93.65865325927734,-2.674635410308838,185.04586791992188
33241,-90.53907775878906,-0.9201436638832092,184.7916717529297
33242,-90.57125854492188,-0.43930158019065857,184.80845642089844
33243,-94.64445495605469,-2.360750913619995,185.04672241210938
33244,-94.2201156616211,-2.1711642742156982,185.06207275390625
33245,-90.60554504394531,0.12629510462284088,184.79986572265625
33246,-95.31147766113281,-1.7722256183624268,184.9968719482422
33247,-94.70320129394531,-1.7677369117736816,185.05564880371094
33248,-90.44633483886719,0.7046094536781311,184.75086975097656
33249,-90.95223236083984,0.7531288862228394,184.878662109375
33250,-96.97222137451172,-1.675474762916565,184.57962036132812
33251,-96.27215576171875,-1.5086272954940796,184.83868408203125
33252,-95.70274353027344,-0.8620136380195618,184.94070434570312
33253,-94.8047103881836,-1.071589708328247,185.0662384033203
33254,-90.80585479736328,1.2592746019363403,184.86563110351562
33255,-91.1675796508789,1.0446261167526245,184.9472198486328
33256,-97.53385162353516,-1.2878220081329346,184.3121337890625
33257,-96.97614288330078,-1.0650848150253296,184.56793212890625
33258,-96.47079467773438,-0.7743052840232849,184.75950622558594
33259,-96.28205871582031,-0.05714063718914986,184.8311767578125
33260,-95.08094024658203,-0.10531887412071228,185.05886840820312
33261,-94.30267333984375,-0.44957301020622253,185.1049346923828
33262,-94.2608642578125,0.20382437109947205,185.127197265625
33263,-91.49223327636719,1.2329752445220947,185.0379180908203
33264,-91.57730102539062,1.811759352684021,185.10562133789062
33265,-91.9242172241211,1.3657474517822266,185.1145782470703
33266,-97.58798217773438,-0.735547661781311,184.2657928466797
33267,-97.02420043945312,-0.41328850388526917,184.5440216064453
33268,-95.58943939208984,0.6809978485107422,184.989013671875
33269,-94.59423065185547,0.6820794939994812,185.1316680908203
33270,-93.83755493164062,0.7288641333580017,185.16677856445312
33271,-93.93970489501953,1.2233107089996338,185.19960021972656
33272,-93.20414733886719,1.1492975950241089,185.21298217773438
33273,-93.20550537109375,1.643297791481018,185.2642822265625
33274,-92.44378662109375,1.4820635318756104,185.17564392089844
33275,-92.48026275634766,1.9945024251937866,185.23252868652344
33276,-92.00950622558594,2.3212594985961914,185.22329711914062
33277,-97.70085906982422,0.02854195237159729,184.17552185058594
33278,-97.00497436523438,0.10609465092420578,184.54991149902344
33279,-96.90058135986328,0.8610175251960754,184.59152221679688
33280,-94.84736633300781,1.2807949781417847,185.166015625
33281,-94.0754623413086,1.7793594598770142,185.24209594726562
33282,-93.27806854248047,2.168518304824829,185.32554626464844
33283,-92.61492919921875,2.4787039756774902,185.2960968017578
33284,-92.1153335571289,2.7605879306793213,185.2794647216797
33285,-95.822509765625,1.378275990486145,184.97059631347656
33286,-95.16227722167969,1.9573297500610352,185.14657592773438
33287,-94.2233657836914,2.4158177375793457,185.30059814453125
33288,-93.34980010986328,2.731980562210083,185.39697265625
33289,-92.69972229003906,2.913635492324829,185.36659240722656
33290,-92.34978485107422,3.2596070766448975,185.3885498046875
33291,-97.70999145507812,1.6948423385620117,184.17550659179688
33292,-96.61871337890625,2.1416051387786865,184.74893188476562
33293,-95.43423461914062,2.8323559761047363,185.16867065429688
33294,-94.26358032226562,3.153317928314209,185.41041564941406
33295,-93.2425765991211,3.379415273666382,185.51681518554688
33296,-92.60803985595703,3.9305496215820312,185.54031372070312
33297,-91.90040588378906,4.064168453216553,185.4696502685547
33298,-98.03147888183594,2.7611606121063232,184.0082244873047
33299,-96.95893859863281,3.5858309268951416,184.71424865722656
33300,-95.397216796875,3.941226005554199,185.3367919921875
33301,-94.14875793457031,3.7963900566101074,185.52316284179688
33302,-93.52680969238281,4.058526039123535,185.61370849609375
33303,-92.26908874511719,4.566849708557129,185.61376953125
33304,-91.82456970214844,5.065051078796387,185.6513671875
33305,-91.5157470703125,5.4884867668151855,185.61514282226562
33306,-98.95811462402344,2.7089996337890625,183.2975616455078
33307,-96.7546157836914,4.774418830871582,184.95538330078125
33308,-94.46553039550781,4.572425365447998,185.68795776367188
33309,-93.30352783203125,4.701932907104492,185.77772521972656
33310,-92.64030456542969,5.224517345428467,185.85520935058594
33311,-92.0890121459961,5.619790554046631,185.8523712158203
33312,-91.54454803466797,6.014326572418213,185.72801208496094
33313,-91.03407287597656,6.181832790374756,185.5548095703125
33314,-95.78723907470703,5.083279609680176,185.43251037597656
33315,-94.20281982421875,5.211421012878418,185.86705017089844
33316,-93.59552764892578,5.528676509857178,185.96617126464844
33317,-92.8956298828125,6.017865180969238,186.0819549560547
33318,-92.21068572998047,6.060026168823242,185.98455810546875
33319,-91.9664535522461,6.225545406341553,185.9402618408203
33320,-91.19221496582031,6.602402687072754,185.7259063720703
33321,-91.82522583007812,6.517889499664307,185.93617248535156
33322,-91.12501525878906,7.242138862609863,185.8282012939453
33323,-98.78633117675781,3.4437966346740723,183.49391174316406
33324,-98.30130004882812,3.9826886653900146,183.9243927001953
33325,-97.81449127197266,4.776156425476074,184.34107971191406
33326,-95.1414794921875,5.50633430480957,185.6898956298828
33327,-94.63508605957031,5.883937358856201,185.9713134765625
33328,-94.03248596191406,6.30568265914917,186.18165588378906
33329,-93.45072937011719,6.854559898376465,186.32705688476562
33330,-92.72801208496094,6.5506391525268555,186.17543029785156
33331,-91.67193603515625,7.019193649291992,186.0143280029297
33332,-91.1783676147461,7.785327434539795,185.93434143066406
33333,-99.1767349243164,4.252533912658691,183.29736328125
33334,-97.58369445800781,5.572506427764893,184.62222290039062
33335,-96.82878112792969,5.735267639160156,185.05020141601562
33336,-96.19271087646484,6.0043792724609375,185.44325256347656
33337,-95.63243865966797,6.319882869720459,185.76869201660156
33338,-95.10267639160156,6.673243045806885,186.06033325195312
33339,-94.50712585449219,7.108095645904541,186.3336944580078
33340,-90.96044158935547,8.274639129638672,185.86038208007812
33341,-90.88800811767578,9.013016700744629,185.85728454589844
33342,-98.84749603271484,5.119292259216309,183.6709747314453
33343,-98.32862854003906,5.666983604431152,184.13681030273438
33344,-99.73599243164062,5.130878925323486,183.0304412841797
33345,-99.57316589355469,5.984086990356445,183.3090362548828
33346,-98.96270751953125,5.976587772369385,183.76756286621094
33347,-98.67096710205078,6.401589870452881,184.0697479248047
33348,-98.08537292480469,6.152602195739746,184.39138793945312
33349,-97.60029602050781,6.314793109893799,184.7332305908203
33350,-97.03504180908203,6.538184642791748,185.10145568847656
33351,-96.50066375732422,6.778112411499023,185.4474334716797
33352,-96.00728607177734,7.066178798675537,185.75811767578125
33353,-95.4884033203125,7.447116374969482,186.0721893310547
33354,-94.9727554321289,8.037553787231445,186.3389129638672
33355,-90.87690734863281,10.012670516967773,185.8784942626953
33356,-99.37615203857422,6.690612316131592,183.62588500976562
33357,-98.25936889648438,6.7793965339660645,184.40892028808594
33358,-97.74199676513672,7.023752212524414,184.7852020263672
33359,-97.19854736328125,7.229417324066162,185.15257263183594
33360,-96.69524383544922,7.370541095733643,185.46951293945312
33361,-96.32572174072266,7.752072334289551,185.7328643798828
33362,-95.82200622558594,8.07481861114502,186.0457000732422
33363,-95.65058898925781,8.574102401733398,186.1935577392578
33364,-90.51651000976562,10.845219612121582,185.64263916015625
33365,-100.22560119628906,6.893665313720703,183.08938598632812
33366,-98.98145294189453,7.159900665283203,184.02781677246094
33367,-98.44894409179688,7.606263160705566,184.45999145507812
33368,-97.76252746582031,7.608309268951416,184.88710021972656
33369,-97.20428466796875,7.951512813568115,185.30068969726562
33370,-96.48388671875,8.58074951171875,185.80322265625
33371,-91.027099609375,11.357723236083984,185.96961975097656
33372,-99.79938507080078,7.511926651000977,183.5974884033203
33373,-99.38187408447266,7.982036113739014,184.0335693359375
33374,-97.5719223022461,8.91706371307373,185.3009490966797
33375,-96.76880645751953,9.55530071258545,185.85418701171875
33376,-100.65260314941406,7.828235626220703,183.1535186767578
33377,-100.25081634521484,8.335030555725098,183.6028289794922
33378,-91.02491760253906,12.78994083404541,185.90139770507812
33379,-101.37037658691406,7.9462690353393555,182.78814697265625
33380,-107.37854766845703,6.03241491317749,179.50433349609375
33381,-101.22099304199219,8.580658912658691,183.11624145507812
33382,-100.69440460205078,9.105477333068848,183.628173828125
33383,-107.25745391845703,6.38954496383667,179.66159057617188
33384,-107.10853576660156,6.7708234786987305,179.8349609375
33385,-106.7225341796875,7.036466598510742,180.02256774902344
33386,-106.36062622070312,7.299123764038086,180.25335693359375
33387,-101.987060546875,9.006768226623535,182.90428161621094
33388,-101.44374084472656,9.330562591552734,183.34445190429688
33389,-101.07127380371094,9.633100509643555,183.6787872314453
33390,-91.45845031738281,13.901230812072754,186.04539489746094
33391,-91.24787139892578,14.573594093322754,185.82492065429688
33392,-90.61888885498047,14.958309173583984,185.40411376953125
33393,-107.17888641357422,7.204010486602783,179.97666931152344
33394,-106.69055938720703,7.451097011566162,180.2157745361328
33395,-106.22777557373047,7.7507643699646,180.49253845214844
33396,-105.83475494384766,8.194469451904297,180.81478881835938
33397,-105.31559753417969,8.361628532409668,181.0855712890625
33398,-104.7542724609375,8.532455444335938,181.39016723632812
33399,-104.27603912353516,8.700467109680176,181.6848907470703
33400,-102.43708038330078,9.297409057617188,182.82070922851562
33401,-102.04063415527344,9.669580459594727,183.190673828125
33402,-101.54644012451172,9.81647777557373,183.51492309570312
33403,-91.22865295410156,15.27602481842041,185.69203186035156
33404,-106.9839859008789,7.847149848937988,180.29354858398438
33405,-106.33230590820312,8.236608505249023,180.66595458984375
33406,-105.84269714355469,8.735283851623535,181.06883239746094
33407,-105.13665771484375,8.800609588623047,181.37155151367188
33408,-104.61235046386719,8.941893577575684,181.66885375976562
33409,-104.17418670654297,9.04916000366211,181.91143798828125
33410,-103.85147857666016,9.354275703430176,182.20550537109375
33411,-102.6583251953125,9.829021453857422,182.97532653808594
33412,-102.21871185302734,10.045191764831543,183.26910400390625
33413,-106.77864074707031,8.571236610412598,180.66552734375
33414,-106.4092025756836,9.28197956085205,181.1221466064453
33415,-105.58586883544922,9.336989402770996,181.47425842285156
33416,-106.98241424560547,10.074311256408691,181.20948791503906
33417,-105.88714599609375,9.995595932006836,181.6428680419922
33418,-92.23905944824219,16.149171829223633,185.88255310058594
33419,-92.61063385009766,16.714807510375977,185.76373291015625
33420,-92.89602661132812,16.37248420715332,186.0245361328125
33421,-91.83707427978516,16.49721336364746,185.5997314453125
33422,-91.48961639404297,16.392902374267578,185.48277282714844
33423,-93.42752075195312,16.864124298095703,186.01490783691406
33424,-107.00057983398438,11.258960723876953,181.52859497070312
33425,-106.16356658935547,10.858063697814941,181.85411071777344
33426,-94.00716400146484,17.381181716918945,185.8873291015625
33427,-93.83586883544922,17.790916442871094,185.63584899902344
33428,-107.14594268798828,12.16425895690918,181.59791564941406
33429,-106.46463012695312,12.026895523071289,182.0392303466797
33430,-94.71534729003906,17.710609436035156,185.83120727539062
33431,-94.96141052246094,18.27498435974121,185.56655883789062
33432,-95.38705444335938,18.044559478759766,185.76019287109375
33433,-106.69983673095703,12.748779296875,181.9843292236328
33434,-95.46602630615234,18.64309310913086,185.45469665527344
33435,-106.41173553466797,13.706257820129395,182.30186462402344
33436,-96.01548767089844,18.472476959228516,185.58407592773438
33437,-100.70948028564453,17.034265518188477,185.0413818359375
33438,-100.83763122558594,17.47209930419922,184.9175262451172
33439,-100.99076080322266,17.117403030395508,184.93606567382812
33440,-100.31520080566406,17.19478988647461,185.13760375976562
33441,-100.27824401855469,17.880395889282227,185.01585388183594
33442,-106.8840560913086,15.460257530212402,181.82704162597656
33443,-106.27361297607422,14.801692962646484,182.40011596679688
33444,-101.19344329833984,17.39366340637207,184.8210906982422
33445,-101.22280883789062,17.740402221679688,184.74705505371094
33446,-101.52302551269531,17.586021423339844,184.6818389892578
33447,-100.94832611083984,18.032514572143555,184.77813720703125
33448,-100.64413452148438,18.42792510986328,184.76475524902344
33449,-100.0499496459961,18.735126495361328,184.82049560546875
33450,-97.30670928955078,19.01795196533203,185.2552490234375
33451,-97.20808410644531,19.589509963989258,184.96121215820312
33452,-97.71527099609375,19.39664077758789,185.0047607421875
33453,-96.68276977539062,18.9842586517334,185.3218994140625
33454,-101.49873352050781,18.26823616027832,184.5528564453125
33455,-101.96129608154297,17.96591567993164,184.46340942382812
33456,-101.04844665527344,18.513607025146484,184.62098693847656
33457,-100.77598571777344,18.98343276977539,184.56707763671875
33458,-99.26797485351562,18.78838348388672,184.98922729492188
33459,-99.0035629272461,19.31245994567871,184.8607635498047
33460,-98.63044738769531,18.82345199584961,185.1384735107422
33461,-98.51465606689453,19.211435317993164,184.9982452392578
33462,-98.1666259765625,19.339391708374023,184.9829864501953
33463,-106.44473266601562,16.37036895751953,182.02809143066406
33464,-101.98725891113281,18.446304321289062,184.3187713623047
33465,-101.31678009033203,18.872718811035156,184.41949462890625
33466,-101.84198760986328,18.875946044921875,184.2347869873047
33467,-101.15196990966797,19.297853469848633,184.3300323486328
33468,-106.16600036621094,17.038753509521484,182.12115478515625
33469,-101.57711029052734,19.310527801513672,184.1882781982422
33470,-102.00664520263672,19.343549728393555,184.01901245117188
33471,-101.29716491699219,19.70269203186035,184.1228790283203
33472,-105.783203125,17.540802001953125,182.32322692871094
33473,-101.89542388916016,19.789249420166016,183.88987731933594
33474,-101.4709701538086,20.158342361450195,183.8826141357422
33475,-105.37142944335938,18.203126907348633,182.47962951660156
33476,-104.9120864868164,18.940895080566406,182.65480041503906
33477,-104.6838607788086,18.074228286743164,182.99075317382812
33478,-104.18169403076172,18.538185119628906,183.1938934326172
33479,-104.07476043701172,19.335834503173828,183.04934692382812
33480,-103.66248321533203,18.76632308959961,183.4239959716797
33481,-103.32354736328125,19.130931854248047,183.511962890625
33482,-103.4336166381836,19.745378494262695,183.290283203125
33483,-102.86808776855469,19.398935317993164,183.647216796875
33484,-102.90423583984375,19.844606399536133,183.4632568359375
33485,-102.42115020751953,19.599084854125977,183.75469970703125
33486,-102.50638580322266,20.092418670654297,183.52420043945312
33487,-102.01854705810547,20.327482223510742,183.62631225585938
33488,-101.62655639648438,20.584209442138672,183.64218139648438
33489,-101.31739807128906,20.834049224853516,183.5975341796875
33490,-103.23582458496094,20.409242630004883,183.16610717773438
33491,-102.56909942626953,20.653776168823242,183.31863403320312
33492,-102.09331512451172,20.745197296142578,183.4478302001953
33493,-101.79684448242188,21.072229385375977,183.37841796875
33494,-101.24563598632812,21.231414794921875,183.43661499023438
33495,-101.00437927246094,21.472124099731445,183.38555908203125
33496,-101.70172882080078,21.557844161987305,183.18350219726562
33497,-101.29222869873047,21.63185691833496,183.24652099609375
33498,-101.02483367919922,21.683246612548828,183.26156616210938
33499,-91.4192886352539,-4.7393364906311035,184.57699584960938
33500,-91.6170883178711,-4.342726707458496,184.6696014404297
33501,-91.37162780761719,-3.465346574783325,184.75714111328125
33502,-91.80719757080078,-3.3416764736175537,184.82888793945312
33503,-91.82923889160156,-3.7868175506591797,184.7840576171875
33504,-91.57118225097656,-2.932407855987549,184.83551025390625
33505,-91.22643280029297,-2.5388870239257812,184.82553100585938
33506,-91.63191986083984,-2.4818387031555176,184.88502502441406
33507,-90.89613342285156,-2.9727261066436768,184.73919677734375
33508,-92.74116516113281,-3.2694382667541504,184.9296112060547
33509,-93.12652587890625,-2.657780885696411,185.00546264648438
33510,-92.46141815185547,-2.753795862197876,184.9605712890625
33511,-92.35653686523438,-3.3316352367401123,184.89915466308594
33512,-91.34297943115234,-2.0623741149902344,184.8825225830078
33513,-91.33611297607422,-1.547682285308838,184.9103546142578
33514,-93.68016052246094,-1.9438947439193726,185.08473205566406
33515,-92.84043884277344,-2.076566457748413,185.04624938964844
33516,-91.12114715576172,-1.0610393285751343,184.89549255371094
33517,-90.83914184570312,-0.6560673117637634,184.8647918701172
33518,-91.23790740966797,-0.5617369413375854,184.93344116210938
33519,-93.20465087890625,-1.3898454904556274,185.0906982421875
33520,-90.9521713256836,-0.22351904213428497,184.89927673339844
33521,-91.41477966308594,-0.12283885478973389,184.97853088378906
33522,-94.34336853027344,-1.594124674797058,185.0688934326172
33523,-94.02600860595703,-1.1551775932312012,185.0953369140625
33524,-93.46305084228516,-0.6040106415748596,185.13214111328125
33525,-91.27323913574219,0.32494497299194336,184.97193908691406
33526,-91.62540435791016,0.17964495718479156,185.02407836914062
33527,-93.83927917480469,-0.06650417298078537,185.13784790039062
33528,-93.19400024414062,0.1011829748749733,185.15098571777344
33529,-92.61717987060547,0.53473961353302,185.12591552734375
33530,-92.56036376953125,0.08318574726581573,185.11358642578125
33531,-92.00218200683594,0.31337785720825195,185.07083129882812
33532,-91.98774719238281,0.9084497094154358,185.07962036132812
33533,-91.4359359741211,0.8200936317443848,185.01487731933594
33534,-93.70890045166016,0.342984139919281,185.15899658203125
33535,-93.21868896484375,0.664659857749939,185.17831420898438
33536,-92.61947631835938,1.0311524868011475,185.14553833007812
33537,-92.23497009277344,1.2281899452209473,185.12962341308594
33538,-92.53336334228516,6.23079776763916,186.08670043945312
33539,-92.26038360595703,6.39138126373291,186.0762176513672
33540,-92.29047393798828,6.893534183502197,186.19265747070312
33541,-92.05693817138672,7.35465145111084,186.20957946777344
33542,-91.609130859375,7.564033508300781,186.10963439941406
33543,-92.87913513183594,7.053242206573486,186.30975341796875
33544,-92.60516357421875,7.5501580238342285,186.3720245361328
33545,-92.10266876220703,7.827503681182861,186.31675720214844
33546,-91.64264678955078,8.273407936096191,186.1980438232422
33547,-91.24446868896484,8.624504089355469,186.07382202148438
33548,-92.21343994140625,8.267807960510254,186.41262817382812
33549,-92.04972076416016,8.478934288024902,186.36764526367188
33550,-91.54837799072266,8.977665901184082,186.21548461914062
33551,-91.98809814453125,8.777267456054688,186.36599731445312
33552,-93.98458862304688,7.654272556304932,186.48240661621094
33553,-91.98603057861328,9.185798645019531,186.39378356933594
33554,-91.33155822753906,9.505653381347656,186.14511108398438
33555,-91.82868194580078,9.530949592590332,186.343994140625
33556,-94.11465454101562,8.498276710510254,186.56460571289062
33557,-91.60047912597656,9.986684799194336,186.26605224609375
33558,-91.09609985351562,10.68798542022705,186.02239990234375
33559,-95.06439208984375,8.920455932617188,186.43695068359375
33560,-94.49279022216797,9.423933029174805,186.6133270263672
33561,-93.69952392578125,9.205276489257812,186.66574096679688
33562,-94.1251220703125,9.892619132995605,186.6705780029297
33563,-93.44013214111328,10.031736373901367,186.69683837890625
33564,-92.88050079345703,9.061984062194824,186.58792114257812
33565,-91.4089126586914,10.395123481750488,186.19300842285156
33566,-91.5726089477539,10.867033958435059,186.25376892089844
33567,-91.56192779541016,11.333211898803711,186.24420166015625
33568,-98.92871856689453,8.474394798278809,184.41273498535156
33569,-98.08128356933594,8.236130714416504,184.8358917236328
33570,-95.88162994384766,9.272565841674805,186.2185821533203
33571,-95.23018646240234,9.665887832641602,186.4636688232422
33572,-94.77381134033203,10.270864486694336,186.647216796875
33573,-94.16534423828125,10.407038688659668,186.68995666503906
33574,-91.44171142578125,11.989460945129395,186.17958068847656
33575,-98.49039459228516,8.980098724365234,184.79440307617188
33576,-95.90811920166016,10.376283645629883,186.3795928955078
33577,-94.45913696289062,10.838821411132812,186.68807983398438
33578,-93.88133239746094,10.851913452148438,186.72314453125
33579,-91.49445343017578,12.636703491210938,186.1641845703125
33580,-99.83112335205078,8.816572189331055,184.03599548339844
33581,-99.33231353759766,9.313705444335938,184.44151306152344
33582,-98.81553649902344,9.626007080078125,184.8075408935547
33583,-98.20532989501953,9.467042922973633,185.09190368652344
33584,-97.67063903808594,9.836310386657715,185.47695922851562
33585,-97.06265258789062,10.455368995666504,185.9132080078125
33586,-95.0252685546875,11.107645988464355,186.66322326660156
33587,-91.3672866821289,13.239519119262695,186.07432556152344
33588,-98.48221588134766,10.112486839294434,185.1163330078125
33589,-97.93746948242188,10.64349365234375,185.5276336669922
33590,-97.44039154052734,11.267840385437012,185.9071502685547
33591,-96.64620971679688,11.14382266998291,186.21592712402344
33592,-95.86449432373047,11.577290534973145,186.5324249267578
33593,-91.8584213256836,13.941930770874023,186.22918701171875
33594,-91.79443359375,13.497065544128418,186.24070739746094
33595,-100.35826110839844,9.709074974060059,184.04388427734375
33596,-99.54917907714844,10.361566543579102,184.64634704589844
33597,-98.73574829101562,10.824990272521973,185.1830596923828
33598,-96.96050262451172,12.088178634643555,186.2364501953125
33599,-91.8232421875,14.478657722473145,186.15237426757812
33600,-101.2019271850586,10.116011619567871,183.81610107421875
33601,-100.7270736694336,10.528303146362305,184.16995239257812
33602,-100.45407104492188,11.16004467010498,184.50662231445312
33603,-98.29063415527344,11.406332015991211,185.54005432128906
33604,-97.78102111816406,11.881224632263184,185.8767547607422
33605,-91.61675262451172,14.990439414978027,185.95535278320312
33606,-92.03157806396484,15.076000213623047,186.1466522216797
33607,-105.38323974609375,9.01805305480957,181.38607788085938
33608,-105.0147933959961,9.211278915405273,181.6460723876953
33609,-104.41309356689453,9.417060852050781,182.00196838378906
33610,-103.54632568359375,9.716526985168457,182.51669311523438
33611,-103.93963623046875,9.773221015930176,182.37306213378906
33612,-103.16620635986328,9.838109970092773,182.74783325195312
33613,-102.25820922851562,10.405102729797363,183.41360473632812
33614,-101.84246826171875,10.237665176391602,183.552734375
33615,-101.44913482666016,10.704837799072266,183.91458129882812
33616,-101.11627197265625,11.055487632751465,184.18942260742188
33617,-99.41177368164062,11.595450401306152,185.0770721435547
33618,-98.45621490478516,12.17251968383789,185.64122009277344
33619,-97.76952362060547,12.415964126586914,185.9493865966797
33620,-97.43415069580078,12.783347129821777,186.1329803466797
33621,-96.8338851928711,12.892642974853516,186.37374877929688
33622,-95.90677642822266,12.670713424682617,186.60418701171875
33623,-91.76880645751953,15.546598434448242,185.88954162597656
33624,-92.28819274902344,15.529522895812988,186.1316680908203
33625,-91.43962097167969,15.635088920593262,185.6556854248047
33626,-91.62098693847656,15.750762939453125,185.7108917236328
33627,-91.55172729492188,15.78726577758789,185.65367126464844
33628,-105.00389099121094,9.830443382263184,181.9448699951172
33629,-104.34754943847656,9.931419372558594,182.26260375976562
33630,-102.56558227539062,10.514504432678223,183.32765197753906
33631,-101.92874908447266,10.852238655090332,183.75657653808594
33632,-102.25316619873047,10.929924011230469,183.64369201660156
33633,-101.5889892578125,11.36555004119873,184.10015869140625
33634,-101.06547546386719,11.472615242004395,184.36163330078125
33635,-100.56706237792969,11.88353443145752,184.69981384277344
33636,-99.93720245361328,12.283980369567871,185.08053588867188
33637,-99.19906616210938,12.555061340332031,185.43374633789062
33638,-98.2616958618164,13.04069995880127,185.84117126464844
33639,-92.64002227783203,15.508243560791016,186.27064514160156
33640,-92.61070251464844,15.847620010375977,186.1306610107422
33641,-92.96611022949219,15.799972534179688,186.26707458496094
33642,-91.69827270507812,16.051286697387695,185.65013122558594
33643,-105.21937561035156,10.726044654846191,182.25888061523438
33644,-104.56813049316406,10.341257095336914,182.36422729492188
33645,-101.96768951416016,11.442782402038574,183.96340942382812
33646,-101.7936782836914,11.643045425415039,184.11587524414062
33647,-101.26800537109375,11.858705520629883,184.41477966308594
33648,-101.62513732910156,11.822474479675293,184.2577667236328
33649,-100.97274780273438,12.25017261505127,184.658203125
33650,-100.48030090332031,12.500596046447754,184.93447875976562
33651,-99.85356903076172,12.868236541748047,185.25186157226562
33652,-99.18541717529297,13.267309188842773,185.5574951171875
33653,-93.34219360351562,15.73836898803711,186.36717224121094
33654,-93.37947082519531,16.235918045043945,186.23794555664062
33655,-93.81035614013672,16.039173126220703,186.36717224121094
33656,-101.3653335571289,12.31243896484375,184.52586364746094
33657,-100.87799072265625,12.686375617980957,184.83831787109375
33658,-100.36837005615234,13.063117027282715,185.09840393066406
33659,-99.819580078125,13.477628707885742,185.38043212890625
33660,-93.892578125,16.65079689025879,186.21441650390625
33661,-94.3349380493164,16.393674850463867,186.3444366455078
33662,-105.6011962890625,11.79440689086914,182.5008087158203
33663,-106.29695892333984,11.4766845703125,181.95632934570312
33664,-94.5346908569336,17.0189266204834,186.1713409423828
33665,-94.76667785644531,16.628114700317383,186.3137664794922
33666,-95.17724609375,17.435060501098633,186.0518035888672
33667,-95.0418701171875,16.946495056152344,186.2241668701172
33668,-105.9580078125,12.830717086791992,182.49716186523438
33669,-105.09356689453125,12.932358741760254,183.0338592529297
33670,-99.86927032470703,15.33893871307373,185.5065460205078
33671,-100.09042358398438,15.805621147155762,185.40634155273438
33672,-100.19506072998047,15.401484489440918,185.39010620117188
33673,-99.39312744140625,15.627038955688477,185.65765380859375
33674,-99.68045806884766,16.223987579345703,185.52755737304688
33675,-98.82032012939453,16.2127628326416,185.80287170410156
33676,-95.56793975830078,17.14068603515625,186.16648864746094
33677,-95.92721557617188,17.7626953125,185.90980529785156
33678,-96.11071014404297,17.315196990966797,186.10491943359375
33679,-100.4273681640625,15.709495544433594,185.2933807373047
33680,-100.51116943359375,16.079971313476562,185.24542236328125
33681,-100.78286743164062,15.965417861938477,185.1562042236328
33682,-100.2878646850586,16.354856491088867,185.3096466064453
33683,-99.95410919189453,16.752485275268555,185.34645080566406
33684,-99.35124206542969,16.678434371948242,185.568115234375
33685,-96.67997741699219,17.714008331298828,185.9286651611328
33686,-105.4659194946289,13.76473331451416,182.9374237060547
33687,-100.81056213378906,16.63504409790039,185.09005737304688
33688,-101.25865936279297,16.64795684814453,184.940673828125
33689,-100.4428939819336,16.788047790527344,185.17910766601562
33690,-99.51690673828125,17.307567596435547,185.38148498535156
33691,-98.69684600830078,16.91460609436035,185.7375030517578
33692,-98.48213195800781,17.665815353393555,185.60862731933594
33693,-97.25395965576172,17.646059036254883,185.86953735351562
33694,-97.32421875,18.140199661254883,185.6873016357422
33695,-97.74544525146484,17.829715728759766,185.73468017578125
33696,-105.74047088623047,14.427796363830566,182.8072509765625
33697,-101.25337982177734,17.08462905883789,184.8601837158203
33698,-101.61378479003906,17.149227142333984,184.73484802246094
33699,-99.40692901611328,18.130451202392578,185.1875
33700,-98.77885437011719,18.342504501342773,185.27865600585938
33701,-98.0928726196289,18.342466354370117,185.46194458007812
33702,-97.60990905761719,18.70244789123535,185.39175415039062
33703,-97.0643539428711,18.542598724365234,185.545166015625
33704,-105.50801849365234,15.1682767868042,182.93553161621094
33705,-101.83856201171875,17.526493072509766,184.59339904785156
33706,-98.13300323486328,18.906795501708984,185.2166290283203
33707,-97.82679748535156,19.053180694580078,185.17324829101562
33708,-105.97005462646484,15.727248191833496,182.53598022460938
33709,-105.23845672607422,15.905861854553223,183.01187133789062
33710,-105.54098510742188,16.65886878967285,182.673583984375
33711,-104.96282958984375,16.37482452392578,183.12911987304688
33712,-104.84872436523438,16.835542678833008,183.13442993164062
33713,-102.4643783569336,18.35788917541504,184.16461181640625
33714,-102.89823913574219,17.925601959228516,184.0587921142578
33715,-102.35956573486328,17.890684127807617,184.33407592773438
33716,-102.25476837158203,18.749155044555664,184.12522888183594
33717,-105.0492935180664,17.419464111328125,182.8777313232422
33718,-104.69762420654297,17.161100387573242,183.1764373779297
33719,-104.48303985595703,17.4478816986084,183.24925231933594
33720,-104.0705337524414,17.854917526245117,183.41961669921875
33721,-103.57756042480469,18.21350860595703,183.62820434570312
33722,-103.48580932617188,17.59776496887207,183.8323211669922
33723,-103.10751342773438,18.558929443359375,183.78201293945312
33724,-102.72561645507812,18.89995574951172,183.88311767578125
33725,-102.34252166748047,19.14508628845215,183.95240783691406
33726,-92.08705139160156,-3.445476770401001,184.85736083984375
33727,-92.20146942138672,-3.6559367179870605,184.8505859375
33728,-92.07087707519531,-3.085179090499878,184.88833618164062
33729,-91.97396850585938,-2.6902916431427,184.91165161132812
33730,-92.07275390625,-2.2021617889404297,184.96971130371094
33731,-91.78565216064453,-1.7405794858932495,184.9629669189453
33732,-92.3807144165039,-1.6172025203704834,185.04551696777344
33733,-91.83834838867188,-1.2153254747390747,184.9998016357422
33734,-91.58120727539062,-0.8048913478851318,184.98033142089844
33735,-92.62574005126953,-0.9894623160362244,185.0760955810547
33736,-92.07980346679688,-0.6776965856552124,185.0574188232422
33737,-91.70306396484375,-0.4102681577205658,185.01498413085938
33738,-92.7076416015625,-0.3757142424583435,185.10348510742188
33739,-92.14476013183594,-0.1901390701532364,185.0742950439453
33740,-91.78308868408203,-0.04313024505972862,185.04161071777344
33741,-92.3340835571289,8.678362846374512,186.48287963867188
33742,-92.6144027709961,8.447876930236816,186.50645446777344
33743,-92.32952880859375,9.14184284210205,186.51510620117188
33744,-92.21578216552734,9.508001327514648,186.49757385253906
33745,-92.64691925048828,9.671829223632812,186.58689880371094
33746,-92.2446517944336,10.017370223999023,186.51524353027344
33747,-91.93099212646484,10.466135025024414,186.3979949951172
33748,-92.83050537109375,10.250419616699219,186.6223907470703
33749,-92.56283569335938,10.720282554626465,186.59144592285156
33750,-92.11095428466797,10.875712394714355,186.47096252441406
33751,-91.8803939819336,11.115128517150879,186.37521362304688
33752,-92.201171875,11.205812454223633,186.50328063964844
33753,-93.2325439453125,10.768403053283691,186.68492126464844
33754,-93.02363586425781,11.173737525939941,186.65980529785156
33755,-92.70146179199219,11.193730354309082,186.6157989501953
33756,-91.9190444946289,11.487785339355469,186.38514709472656
33757,-92.27285766601562,11.544432640075684,186.52490234375
33758,-93.5821304321289,11.472984313964844,186.7389678955078
33759,-92.97289276123047,11.664207458496094,186.65542602539062
33760,-92.11457061767578,11.96928596496582,186.45315551757812
33761,-91.83430480957031,12.370331764221191,186.325439453125
33762,-92.22111511230469,12.496078491210938,186.48379516601562
33763,-94.31932067871094,11.409284591674805,186.7122039794922
33764,-94.08538818359375,11.971601486206055,186.73162841796875
33765,-93.5509262084961,12.300481796264648,186.73684692382812
33766,-91.89138793945312,12.90795612335205,186.31834411621094
33767,-92.33663177490234,12.936002731323242,186.50645446777344
33768,-94.86405944824219,12.05163860321045,186.7023468017578
33769,-94.23737335205078,12.515008926391602,186.74818420410156
33770,-92.21633911132812,13.350675582885742,186.42947387695312
33771,-92.10092163085938,13.734198570251465,186.35498046875
33772,-92.480712890625,13.802862167358398,186.51400756835938
33773,-94.8669662475586,12.979104042053223,186.74586486816406
33774,-94.01085662841797,13.1915922164917,186.74488830566406
33775,-92.22348022460938,14.173460960388184,186.36660766601562
33776,-95.6421890258789,13.579629898071289,186.67721557617188
33777,-94.84188079833984,13.78271484375,186.74179077148438
33778,-94.2354736328125,14.060453414916992,186.7199249267578
33779,-92.35345458984375,14.746169090270996,186.30926513671875
33780,-92.80076599121094,14.39002799987793,186.49569702148438
33781,-103.679931640625,9.968146324157715,182.5821533203125
33782,-103.40201568603516,10.0975923538208,182.7659454345703
33783,-102.96283721923828,10.248961448669434,183.03172302246094
33784,-96.5311279296875,13.47756576538086,186.51046752929688
33785,-94.8777847290039,14.416415214538574,186.7141571044922
33786,-95.63088989257812,14.422996520996094,186.65853881835938
33787,-94.5166015625,14.751090049743652,186.66993713378906
33788,-93.8281021118164,14.454449653625488,186.64889526367188
33789,-93.43087768554688,14.818676948547363,186.57386779785156
33790,-93.28540802001953,14.252549171447754,186.6082763671875
33791,-92.94721221923828,15.208271980285645,186.3993377685547
33792,-92.44210815429688,15.20723819732666,186.26707458496094
33793,-103.89012908935547,10.354183197021484,182.67974853515625
33794,-103.26908111572266,10.5387544631958,183.03076171875
33795,-103.53643035888672,10.826299667358398,183.04678344726562
33796,-102.82819366455078,10.750370979309082,183.32113647460938
33797,-102.50032043457031,10.964619636535645,183.55056762695312
33798,-97.3876724243164,13.385077476501465,186.23114013671875
33799,-96.31024169921875,14.091506958007812,186.58438110351562
33800,-94.10009002685547,15.114920616149902,186.58216857910156
33801,-93.65470123291016,15.446425437927246,186.47764587402344
33802,-104.42138671875,10.892257690429688,182.6884002685547
33803,-103.9037857055664,10.973389625549316,182.95550537109375
33804,-102.27880096435547,11.431892395019531,183.82162475585938
33805,-101.77162170410156,11.920238494873047,184.23019409179688
33806,-101.98361206054688,11.949053764343262,184.14724731445312
33807,-98.70562744140625,13.669833183288574,185.78375244140625
33808,-98.0750503540039,13.849461555480957,186.03573608398438
33809,-97.21754455566406,14.16238784790039,186.32986450195312
33810,-96.63318634033203,14.746551513671875,186.50962829589844
33811,-95.23692321777344,14.998737335205078,186.65487670898438
33812,-94.81607055664062,15.401058197021484,186.59024047851562
33813,-94.36186981201172,15.809892654418945,186.4862823486328
33814,-104.81289672851562,11.42938232421875,182.7428436279297
33815,-104.12059783935547,11.542699813842773,183.0879364013672
33816,-103.55406951904297,11.27055549621582,183.2209930419922
33817,-103.58301544189453,11.754240989685059,183.3821563720703
33818,-101.65271759033203,12.364718437194824,184.4324951171875
33819,-101.0721206665039,12.838654518127441,184.80636596679688
33820,-101.31681823730469,12.774043083190918,184.7002716064453
33821,-100.7125244140625,13.175869941711426,185.0055389404297
33822,-100.30655670166016,13.660588264465332,185.24221801757812
33823,-99.28755950927734,13.877925872802734,185.61627197265625
33824,-98.75218963623047,14.2076997756958,185.83560180664062
33825,-98.1472396850586,14.513713836669922,186.06155395507812
33826,-97.56153869628906,14.924079895019531,186.25672912597656
33827,-96.07582092285156,15.23907470703125,186.5635223388672
33828,-95.56343078613281,15.66110610961914,186.54251098632812
33829,-95.08877563476562,16.009193420410156,186.48939514160156
33830,-94.7525634765625,16.27910804748535,186.42530822753906
33831,-104.63688659667969,12.164599418640137,183.07510375976562
33832,-103.83590698242188,12.304157257080078,183.47744750976562
33833,-100.93925476074219,13.269680976867676,184.95343017578125
33834,-100.61528778076172,13.57441234588623,185.1234130859375
33835,-100.45697021484375,13.962708473205566,185.23013305664062
33836,-99.8516845703125,14.105791091918945,185.4471893310547
33837,-100.24048614501953,14.307097434997559,185.3255615234375
33838,-99.38720703125,14.47816276550293,185.63485717773438
33839,-98.86985778808594,14.763589859008789,185.82644653320312
33840,-98.36454010009766,15.079670906066895,186.00962829589844
33841,-97.92247009277344,15.419189453125,186.15745544433594
33842,-97.09358978271484,15.518986701965332,186.36740112304688
33843,-96.37902069091797,15.957303047180176,186.4636993408203
33844,-95.79850006103516,16.285749435424805,186.40505981445312
33845,-95.26879119873047,16.57984733581543,186.3401641845703
33846,-104.26913452148438,13.009027481079102,183.43228149414062
33847,-103.66439056396484,12.97797966003418,183.74256896972656
33848,-99.99486541748047,14.850568771362305,185.4508514404297
33849,-100.35265350341797,14.838032722473145,185.328369140625
33850,-99.45349884033203,15.041716575622559,185.64547729492188
33851,-98.97396850585938,15.219285011291504,185.81729125976562
33852,-98.59149169921875,15.586589813232422,185.92572021484375
33853,-97.94290924072266,15.935164451599121,186.1132049560547
33854,-97.21728515625,16.262989044189453,186.26490783691406
33855,-96.57986450195312,16.659427642822266,186.265869140625
33856,-95.9532241821289,16.851348876953125,186.25424194335938
33857,-104.52810668945312,13.951340675354004,183.51657104492188
33858,-103.854736328125,13.569701194763184,183.8090362548828
33859,-100.41291046142578,15.333439826965332,185.3172607421875
33860,-100.62361145019531,15.255348205566406,185.2469482421875
33861,-98.00506591796875,16.549152374267578,186.02212524414062
33862,-97.39031219482422,16.859386444091797,186.1143341064453
33863,-96.9775619506836,17.2260799407959,186.05319213867188
33864,-96.44950866699219,17.155622482299805,186.15367126464844
33865,-103.88066864013672,14.127411842346191,183.89353942871094
33866,-100.90242767333984,15.811089515686035,185.12185668945312
33867,-98.02104949951172,17.068283081054688,185.89524841308594
33868,-97.62964630126953,17.375654220581055,185.90652465820312
33869,-105.07447814941406,14.622167587280273,183.20228576660156
33870,-104.498779296875,14.837478637695312,183.55990600585938
33871,-104.00938415527344,14.659197807312012,183.86248779296875
33872,-101.2359619140625,16.25396728515625,184.98301696777344
33873,-104.10346221923828,15.412858009338379,183.78001403808594
33874,-103.50463104248047,15.114510536193848,184.124755859375
33875,-101.76168060302734,16.743900299072266,184.75390625
33876,-101.60950469970703,16.29551124572754,184.85032653808594
33877,-104.80602264404297,15.429298400878906,183.36196899414062
33878,-104.43551635742188,15.885918617248535,183.55140686035156
33879,-103.99237823486328,16.11149024963379,183.80162048339844
33880,-102.87818145751953,16.74869155883789,184.3317108154297
33881,-103.44092559814453,16.42808723449707,184.07347106933594
33882,-102.85513305664062,16.178354263305664,184.387939453125
33883,-102.23573303222656,16.4940128326416,184.60543823242188
33884,-102.3702392578125,17.02649688720703,184.4931640625
33885,-102.01436614990234,17.276992797851562,184.58456420898438
33886,-104.77726745605469,16.013633728027344,183.3087615966797
33887,-104.4803237915039,16.41230010986328,183.44102478027344
33888,-103.9596176147461,16.686391830444336,183.724853515625
33889,-103.44025421142578,17.000843048095703,183.96958923339844
33890,-102.91159057617188,17.30681610107422,184.19691467285156
33891,-102.43500518798828,17.521989822387695,184.3906707763672
33892,-102.10800170898438,17.64327049255371,184.48654174804688
33893,-104.4089126586914,16.958354949951172,183.3945770263672
33894,-103.97527313232422,17.251094818115234,183.60267639160156
33895,-92.41256713867188,11.054173469543457,186.5749969482422
33896,-92.50960540771484,11.392278671264648,186.586669921875
33897,-92.52457427978516,11.831419944763184,186.58213806152344
33898,-92.4587173461914,12.239970207214355,186.5653533935547
33899,-92.88080596923828,12.275179862976074,186.63133239746094
33900,-92.60979461669922,12.694282531738281,186.5825653076172
33901,-93.17520141601562,12.93022346496582,186.66928100585938
33902,-92.71222686767578,13.328418731689453,186.5780029296875
33903,-93.44009399414062,13.72329044342041,186.6894073486328
33904,-92.93094635009766,13.889555931091309,186.58547973632812
33905,-103.14029693603516,11.010462760925293,183.30029296875
33906,-102.68799591064453,11.26572036743164,183.58018493652344
33907,-103.06832122802734,11.576906204223633,183.53314208984375
33908,-102.22537994384766,11.85013198852539,184.00296020507812
33909,-102.48726654052734,11.683258056640625,183.82415771484375
33910,-102.15094757080078,12.178478240966797,184.1578826904297
33911,-103.30699920654297,12.050853729248047,183.60340881347656
33912,-102.90880584716797,12.017934799194336,183.76380920410156
33913,-102.73530578613281,11.748324394226074,183.73892211914062
33914,-101.89642333984375,12.51661205291748,184.3894500732422
33915,-101.54463195800781,12.747403144836426,184.60330200195312
33916,-103.1020736694336,12.574864387512207,183.88490295410156
33917,-101.274169921875,13.169807434082031,184.81724548339844
33918,-100.6855697631836,13.852335929870605,185.14553833007812
33919,-100.95333099365234,13.559125900268555,185.01193237304688
33920,-103.19373321533203,13.389695167541504,184.05471801757812
33921,-102.72869873046875,13.00157642364502,184.17532348632812
33922,-102.60152435302734,13.461633682250977,184.34605407714844
33923,-100.86946105957031,13.938658714294434,185.09226989746094
33924,-100.49595642089844,14.4623384475708,185.2547607421875
33925,-100.65845489501953,14.28010368347168,185.18939208984375
33926,-103.46307373046875,13.940597534179688,184.0763702392578
33927,-102.8220443725586,14.172809600830078,184.38751220703125
33928,-100.64990997314453,14.801093101501465,185.23077392578125
33929,-100.71733856201172,15.25670337677002,185.2139129638672
33930,-103.46434783935547,14.462565422058105,184.11306762695312
33931,-103.07006072998047,14.83316421508789,184.3092041015625
33932,-102.67329406738281,14.902475357055664,184.48704528808594
33933,-100.83174133300781,15.570717811584473,185.15841674804688
33934,-102.82044982910156,15.501969337463379,184.4541015625
33935,-102.31011199951172,15.267806053161621,184.6546630859375
33936,-102.26468658447266,15.694726943969727,184.65122985839844
33937,-101.13983154296875,15.92563533782959,185.0327911376953
33938,-103.45621490478516,15.791644096374512,184.10960388183594
33939,-102.32846069335938,16.03717803955078,184.6071014404297
33940,-101.90699005126953,15.903935432434082,184.7656707763672
33941,-101.89778137207031,16.183347702026367,184.75537109375
33942,-101.46112060546875,15.910959243774414,184.92056274414062
33943,-102.61534881591797,11.941298484802246,183.86477661132812
33944,-102.39442443847656,12.0658597946167,184.00950622558594
33945,-102.67076873779297,12.22787094116211,183.94830322265625
33946,-102.39744567871094,12.569604873657227,184.19004821777344
33947,-102.0221939086914,12.871356010437012,184.4606475830078
33948,-101.66364288330078,12.95216178894043,184.61940002441406
33949,-102.28988647460938,13.054757118225098,184.39361572265625
33950,-101.86837768554688,13.149362564086914,184.59506225585938
33951,-101.51199340820312,13.333459854125977,184.77223205566406
33952,-101.17379760742188,13.605584144592285,184.95152282714844
33953,-101.4559555053711,13.647292137145996,184.87034606933594
33954,-102.07610321044922,13.169888496398926,184.51535034179688
33955,-102.16576385498047,13.407242774963379,184.5274200439453
33956,-102.35061645507812,13.78015422821045,184.52784729003906
33957,-102.00916290283203,13.728599548339844,184.6608123779297
33958,-101.19636535644531,14.00618839263916,184.98992919921875
33959,-100.83689880371094,14.409263610839844,185.1420440673828
33960,-101.1241226196289,14.430158615112305,185.05166625976562
33961,-102.06243896484375,14.149007797241211,184.6865997314453
33962,-102.25800323486328,14.700190544128418,184.6472930908203
33963,-101.76631164550781,14.611784934997559,184.8426971435547
33964,-100.93112182617188,14.651765823364258,185.1299591064453
33965,-100.76091003417969,15.114703178405762,185.20550537109375
33966,-101.84397888183594,15.06033706665039,184.82833862304688
33967,-100.97119140625,15.514729499816895,185.11209106445312
33968,-101.91563415527344,15.540767669677734,184.7801971435547
33969,-101.54454040527344,15.356593132019043,184.9182891845703
33970,-101.60445404052734,15.695176124572754,184.88108825683594
33971,-101.26081848144531,15.492874145507812,185.0112762451172
33972,-101.97540283203125,13.284526824951172,184.58181762695312
33973,-101.79103088378906,13.472518920898438,184.69891357421875
33974,-101.6616439819336,13.853216171264648,184.8144989013672
33975,-101.51763916015625,14.265835762023926,184.9065704345703
33976,-101.37699127197266,14.617032051086426,184.98448181152344
35373,-86.50341796875,32.13347244262695,178.06826782226562
35374,-94.95896911621094,30.777687072753906,175.7605743408203
35375,-63.814727783203125,13.01384162902832,179.7488250732422
35378,-84.78553009033203,31.876901626586914,178.96424865722656
35379,-86.48929595947266,31.876283645629883,178.84027099609375
35383,-64.38137817382812,12.433248519897461,179.8013153076172
35388,-65.08361053466797,14.064791679382324,180.33424377441406
35389,-65.31949615478516,13.905986785888672,180.34027099609375
35390,-66.64021301269531,18.407676696777344,181.4705047607422
35391,-66.27691650390625,18.33324432373047,181.36485290527344
35392,-66.43754577636719,18.645998001098633,181.45834350585938
35393,-66.1846923828125,18.55461311340332,181.37596130371094
35394,-66.30748748779297,18.756200790405273,181.44314575195312
35395,-66.10027313232422,18.164064407348633,181.3313446044922
35396,-66.1829605102539,18.350051879882812,181.34410095214844
35397,-69.12666320800781,24.23086166381836,182.22491455078125
35398,-106.52068328857422,32.027374267578125,175.18801879882812
35399,-67.6835708618164,6.044763088226318,179.7693634033203
35400,-67.41441345214844,6.026305198669434,179.6822509765625
35401,-67.50698852539062,15.65142822265625,181.01063537597656
35402,-66.77342987060547,15.910054206848145,181.00668334960938
35403,-66.98384094238281,18.153369903564453,181.5170440673828
35404,-66.35798645019531,18.195972442626953,181.3679656982422
35405,-66.78777313232422,18.730539321899414,181.565185546875
35406,-66.29449462890625,19.03940200805664,181.46871948242188
35407,-66.43401336669922,19.20212173461914,181.52203369140625
35408,-66.50590515136719,19.1307373046875,181.53662109375
35409,-66.50059509277344,18.942546844482422,181.5194854736328
35410,-66.67525482177734,18.924545288085938,181.5678253173828
35413,-74.57035827636719,28.636964797973633,182.9568328857422
35414,-104.45301055908203,31.159040451049805,176.53668212890625
35415,-111.09439849853516,31.31535530090332,175.79908752441406
35420,-73.2842788696289,25.96694564819336,183.30093383789062
35421,-73.22694396972656,25.374755859375,183.3135223388672
35422,-82.53290557861328,30.807445526123047,182.26124572753906
35423,-83.38548278808594,30.796117782592773,182.12985229492188
35429,-73.36402130126953,-5.357696533203125,181.07302856445312
35430,-72.88855743408203,-5.689081192016602,180.73483276367188
35431,-73.18612670898438,-5.3118896484375,181.00704956054688
35432,-83.25066375732422,29.769197463989258,183.26718139648438
35433,-83.94417572021484,29.896751403808594,183.07920837402344
35434,-84.10939025878906,29.638731002807617,183.23196411132812
35435,-120.18026733398438,28.483732223510742,174.9070587158203
35436,-120.41613006591797,28.56574821472168,174.7603759765625
35437,-75.8639907836914,-7.442746162414551,181.51715087890625
35438,-84.6199722290039,21.552526473999023,183.35142517089844
35439,-117.95986938476562,27.955829620361328,175.751708984375
35440,-79.1102066040039,-10.47189712524414,181.70689392089844
35441,-79.06143188476562,-9.55982494354248,182.05982971191406
35442,-78.87380981445312,-10.028725624084473,181.81773376464844
35444,-80.26968383789062,-10.583287239074707,182.1051788330078
35447,-87.68207550048828,18.866640090942383,183.63461303710938
35448,-126.11329650878906,23.76255226135254,175.01290893554688
35450,-97.84241485595703,-11.482069969177246,177.28762817382812
35451,-107.33587646484375,-6.687934875488281,175.2105712890625
35452,-105.87619018554688,4.242783546447754,179.29734802246094
35453,-127.48716735839844,18.360219955444336,175.38600158691406
35454,-127.41016387939453,18.029621124267578,175.43739318847656
35455,-126.27800750732422,19.289281845092773,175.89231872558594
35456,-127.49247741699219,6.475907802581787,175.36647033691406
35457,-127.7465591430664,6.480795860290527,175.13136291503906
35458,-127.87913513183594,6.3233113288879395,174.99642944335938
35459,-127.03086853027344,17.782440185546875,175.61740112304688
35460,-89.1386489868164,-8.15998363494873,183.4453125
35461,-114.8548812866211,-2.644263982772827,176.50010681152344
35462,-118.0954818725586,-2.321470022201538,176.818359375
35463,-126.26658630371094,8.328780174255371,175.9571533203125
35464,-127.2809829711914,9.52013874053955,175.53945922851562
35465,-127.50131225585938,8.98790168762207,175.43911743164062
35466,-100.9489974975586,22.05739402770996,183.05508422851562
35467,-90.29998016357422,-2.636401891708374,184.68112182617188
35468,-91.07069396972656,5.9510040283203125,185.51649475097656
35469,-91.3515396118164,16.117910385131836,185.49241638183594
35470,-91.24105834960938,15.879463195800781,185.50454711914062
35471,-96.55899047851562,18.27473258972168,185.684326171875
35472,-92.4391098022461,-3.721994638442993,184.86231994628906
35473,-92.33281707763672,-4.226322174072266,184.74871826171875
35474,-91.96611022949219,-4.403986930847168,184.6844482421875
35475,-92.12944030761719,-3.983640670776367,184.781005859375
35476,-91.90070343017578,-4.12446928024292,184.7359619140625
35477,-91.67337036132812,0.5729237198829651,185.0464324951172
35478,-91.64813232421875,0.36706650257110596,185.0347137451172
35479,-92.52631378173828,8.05030632019043,186.45774841308594
35480,-93.14116668701172,8.277538299560547,186.55213928222656
35481,-97.59835052490234,19.019512176513672,185.21923828125
35482,-102.7144546508789,11.558609008789062,183.67660522460938
35483,-102.06195831298828,13.039583206176758,184.49395751953125
35484,-101.11341094970703,14.693292617797852,185.0748748779297
35485,-100.80470275878906,14.849685668945312,185.1849822998047
35486,-101.01250457763672,14.905184745788574,185.122802734375
35487,-100.95547485351562,15.177848815917969,185.1339874267578
35488,-101.22378540039062,15.139829635620117,185.04147338867188
35597,-95.49115753173828,30.402658462524414,176.0291290283203
35598,-95.23029327392578,30.648441314697266,175.8318328857422
35603,-66.08063507080078,18.356182098388672,181.3236083984375
35604,-66.10244750976562,18.221179962158203,181.3137664794922
35605,-68.55789947509766,15.292994499206543,180.98045349121094
35606,-120.57598876953125,28.73219871520996,174.57174682617188
35607,-84.17082977294922,29.326274871826172,183.41688537597656
35608,-102.72399139404297,26.770851135253906,180.2047882080078
35609,-93.2676010131836,7.532864093780518,186.46632385253906
35610,-93.62715148925781,7.974801063537598,186.54653930664062
35611,-96.91146850585938,18.16824722290039,185.7300567626953
35626,-66.58858489990234,18.08751678466797,181.4075469970703
35646,-120.40148162841797,28.873292922973633,174.51498413085938
35653,-90.74090576171875,16.010480880737305,185.26254272460938
35752,-86.81512451171875,31.87662696838379,178.62008666992188
35753,-86.27883911132812,31.965087890625,178.63270568847656
35755,-66.05500793457031,17.977981567382812,181.27670288085938
35756,-66.11621856689453,18.164180755615234,181.3106231689453
35757,-66.18826293945312,18.132234573364258,181.3231964111328
35758,-66.85997009277344,17.695913314819336,181.4253692626953
35762,-125.60477447509766,23.963499069213867,175.35330200195312
35763,-126.00271606445312,23.705726623535156,175.14292907714844
35764,-127.10041046142578,5.890287399291992,175.55552673339844
35765,-127.22415924072266,6.221645355224609,175.50555419921875
35766,-127.4926528930664,5.96692419052124,175.3273468017578
35767,-127.70130157470703,6.252309322357178,175.1558074951172
35768,-127.68991088867188,5.537611961364746,175.0738067626953
35769,-127.83380126953125,6.021175861358643,175.00863647460938
35770,-105.64579772949219,6.54860258102417,180.16542053222656
35771,-90.8428955078125,15.584979057312012,185.41256713867188
35772,-91.14387512207031,15.655810356140137,185.51856994628906
35773,-91.1112289428711,16.389131546020508,185.32904052734375
35774,-90.99458312988281,15.856428146362305,185.4093475341797
35777,-120.30117797851562,28.979331970214844,174.43663024902344
35786,-126.16920471191406,23.917509078979492,174.87686157226562
35787,-127.09494018554688,6.562655925750732,175.59461975097656
35803,-125.8237533569336,23.794506072998047,175.25265502929688
35804,-125.81697082519531,23.991113662719727,175.14915466308594
35805,-125.92559051513672,24.115705490112305,174.98313903808594
35806,-125.99764251708984,23.94148063659668,175.01609802246094
35807,-125.9603500366211,23.85126495361328,175.0995330810547
35808,-91.04734802246094,16.095775604248047,185.3734130859375
35811,-126.15300750732422,24.163442611694336,174.75425720214844
35812,-90.81708526611328,16.455928802490234,185.1921844482422
35813,-90.66876983642578,16.30729866027832,185.1574249267578
35814,-90.87049102783203,16.262237548828125,185.26112365722656
35817,-101.54691314697266,14.8245267868042,184.9431610107422
35818,-101.27556610107422,14.872222900390625,185.03627014160156
35819,-101.47714233398438,15.05135726928711,184.95664978027344
35821,-71.64505004882812,-4.72148323059082,180.12954711914062
35822,-72.60227966308594,-5.649042129516602,180.59010314941406
35823,-72.3912124633789,-5.4186577796936035,180.5655975341797
35824,-72.08802795410156,-5.077375411987305,180.40380859375
35829,-71.80704498291016,-4.71434211730957,180.2937469482422
