OFF
4677 8922 0
-29.2086 2.2995 -10.9535 
-27.9238 4.9297 -13.5117 
-28.7817 2.2238 -10.8662 
-30.4278 -0.323 -9.8132 
-29.7926 0.9816 -10.2477 
-30.2605 1.1793 -11.1607 
-29.0567 3.4131 -12.4894 
-28.1345 4.317 -12.6422 
-28.7084 4.7448 -14.8639 
-30.2317 -15.3425 -38.9515 
-30.2317 -11.8575 -38.9515 
-31.8117 -14.3468 -39.1036 
-30.2317 -13.849 -38.9515 
-9.5898 -34.7683 -36.9535 
-10.4809 -32.7674 -37.0497 
-12.2226 -34.1017 -37.2174 
-10.6082 -34.4736 -37.0616 
-8.1108 -32.7674 -36.8215 
-6.5308 -32.7674 -36.6694 
-1.7906 -32.7674 -36.2129 
-31.8117 -12.3554 -39.1036 
-33.4852 -13.47 -39.2531 
-32.9618 -15.4574 -39.2065 
-30.2317 -17.8318 -38.9515 
-29.638 -22.0485 -38.8943 
-25.8615 -27.3128 -38.5109 
-24.6829 -28.4913 -38.3679 
-12.7385 -34.4609 -37.2417 
-19.1415 -26.7679 -37.8836 
-19.0444 -26.8481 -37.8743 
-26.8506 -18.9681 -38.6259 
-26.9083 -18.8593 -38.6315 
-28.9579 -23.0685 -38.8289 
-31.8117 -16.5872 -39.1036 
-26.9561 -18.6175 -38.6361 
-26.944 -18.7414 -38.6349 
-30.2317 -10.8618 -38.9515 
-26.9561 -10.7568 -38.6361 
-26.9561 -13.3771 -38.6361 
2.9496 -32.7674 -35.7565 
14.0808 -25.6142 -34.6847 
-33.7047 -12.8669 38.8666 
-31.9633 -17.5059 39.0553 
-27.5003 -21.4904 39.3698 
-29.516 -21.4904 39.258 
30.5756 -6.4042 18.7336 
30.191 -8.2088 19.0712 
-20.7648 -29.2244 39.3857 
-33.7842 -14.2577 38.8416 
31.1406 -5.0808 18.2268 
-27.1345 -18.8341 39.3848 
-24.8638 -20.9911 39.4413 
15.8796 -29.7499 29.125 
-18.9347 -26.9071 39.2924 
-19.1415 -26.7679 39.3048 
-19.1204 -27.135 39.3036 
-19.0445 -26.8481 39.2991 
-26.2733 -26.6348 39.4148 
-26.944 -18.7413 39.392 
-20.0954 -25.8048 39.3553 
-20.5544 -30.8672 39.3767 
-11.1232 -34.526 38.4343 
16.1251 -28.0831 29.0029 
20.0141 -17.233 26.6856 
29.8218 -5.5525 19.3928 
-30.9936 -16.1777 39.1444 
-32.924 -14.8496 38.9555 
-29.8661 0.9343 38.4475 
-29.5666 -0.1248 38.8472 
-31.7467 -0.5241 38.7813 
-28.9609 -2.8962 39.2938 
-27.2062 5.8145 33.8843 
-28.3341 3.4676 36.9382 
-30.8472 1.9154 37.8623 
-32.4171 -1.5778 38.8799 
-30.1118 -1.8582 39.1688 
-26.9561 -1.674 39.3139 
-26.9561 -0.4857 39.0856 
-28.1369 0.8699 38.5818 
-26.9561 0.0919 38.9172 
-26.9561 0.6563 38.7136 
-26.9561 1.206 38.4758 
-30.4295 2.7034 37.3837 
-28.3419 -0.4842 39.0285 
-26.9561 -1.0748 39.2182 
-28.1973 -1.8749 39.2894 
-26.9561 -2.8962 39.3915 
-26.9561 -2.2816 39.372 
-29.2028 -1.4803 -38.7475 
-27.9238 -1.1832 -38.5811 
-30.5674 -0.1407 -38.5803 
-26.9561 -2.8962 -38.6361 
-26.9561 5.2349 -34.1641 
-26.9561 4.8888 -34.6737 
-26.9561 4.5178 -35.154 
-26.9561 4.1214 -35.6053 
-26.9561 3.6992 -36.0282 
-26.9561 3.2506 -36.423 
-26.9561 2.7752 -36.7902 
-26.9561 2.2724 -37.1301 
-26.9561 1.7419 -37.4432 
-28.7053 0.8872 -38.0347 
-26.9561 1.1936 -37.7241 
-26.9561 0.6376 -37.967 
-26.9561 0.0733 -38.1721 
-26.9561 -0.5 -38.3395 
-26.9561 -1.083 -38.4695 
-26.9561 -1.6762 -38.5622 
-27.167 5.7617 -33.245 
-26.9876 5.4564 -33.8003 
-28.2191 5.6117 -33.6326 
-28.9507 4.5672 -35.2615 
-28.4483 4.9468 -34.7373 
-26.9561 -2.2804 -38.6176 
-29.2313 -0.1407 -38.4516 
-28.9182 1.8167 -37.5892 
-28.0501 3.0107 -36.7136 
-30.7511 1.2893 -38.036 
-10.3336 -36.2597 -36.1617 
-10.8071 -35.3819 -36.8539 
-12.1845 -36.464 -35.2968 
-10.8879 -36.5724 -35.4976 
-34.151 -17.4888 -38.2342 
-33.5142 -19.2137 -38.1149 
-33.5948 -19.9297 -37.1416 
-31.7876 -23.2258 -37.089 
-32.8942 -21.3459 -37.0823 
-31.7184 -22.6266 -37.9746 
-29.7219 -26.1285 -36.7788 
-29.7664 -25.4597 -37.7866 
-27.8665 -28.1535 -36.708 
-24.0173 -31.0358 -37.2331 
-22.2016 -32.2634 -37.0583 
-21.2256 -33.2463 -35.96 
-18.1381 -34.3784 -36.6488 
-15.999 -35.1783 -36.452 
-13.8988 -36.1115 -35.2996 
-13.808 -35.8078 -36.2502 
-12.6256 -36.0826 -36.1221 
-11.4476 -36.2795 -36.009 
-26.5176 -28.6509 -37.759 
-24.7464 -30.0744 -37.6831 
-33.8062 -17.4596 -38.596 
-32.8303 -20.6157 -38.0818 
-32.2982 -21.6248 -38.0305 
-30.7271 -22.7106 -38.6456 
-30.6405 -24.2442 -37.9031 
-29.4568 -24.5547 -38.5233 
-27.5322 -28.003 -37.5714 
-26.9384 -27.3246 -38.3523 
-23.0867 -31.6898 -37.1437 
-23.1006 -30.7329 -37.9113 
-21.0052 -32.6054 -37.3228 
-20.5872 -33.2268 -36.8653 
-13.3763 -35.0356 -37.0359 
-26.0347 -28.193 -38.2438 
-33.2073 -16.6676 -39.0776 
-11.2645 -35.9547 -36.4442 
-12.256 -35.3591 -36.8764 
-33.1029 -18.2948 -38.8227 
-32.5047 -19.178 -38.8881 
-29.5213 -23.0737 -38.8457 
-28.6444 -24.6893 -38.6866 
-24.9929 -29.1271 -38.1639 
-21.8661 -30.6091 -38.1072 
-19.6099 -32.8192 -37.5886 
-21.649 -31.5524 -37.8215 
-32.3745 -17.4104 -39.1428 
-31.5184 -19.4533 -39.0571 
-31.7495 -20.8053 -38.793 
-30.7118 -20.1901 -38.9977 
-30.5129 -21.9837 -38.8665 
-28.3104 -25.8027 -38.4629 
-27.7037 -26.512 -38.4258 
-23.0008 -29.824 -38.2059 
-20.7033 -31.2146 -38.02 
-11.6631 -34.7282 -37.1165 
-33.544 -16.3984 -38.9921 
-23.9114 -26.7932 -38.3429 
-34.3504 -18.1639 -37.2274 
-35.5717 -6.7204 -37.3421 
-35.2522 -5.4051 -37.5111 
-35.3111 -12.7735 -38.3496 
-35.4795 -10.8361 -38.3262 
-34.7476 -16.2427 -38.0055 
-34.9626 -14.8379 -38.3004 
-34.0005 -5.1831 -38.9588 
-35.0919 -6.3014 -38.2935 
-34.3693 -6.8396 -38.9944 
-34.5952 -8.5292 -39.0162 
-35.2442 -7.1627 -38.308 
-35.48 -9.8289 -38.3309 
-35.3687 -8.3417 -38.3551 
-35.0259 -11.5523 -38.7599 
-34.6745 -10.2425 -39.0238 
-34.4669 -12.2061 -39.074 
-34.2304 -16.0239 -38.6804 
-34.2295 -14.5019 -38.9754 
-33.6841 -8.3874 -39.2663 
-33.7158 -11.8773 -39.2686 
-34.3606 -13.1112 -39.0655 
-33.4306 -6.7722 -39.2465 
-33.4998 -15.7274 -39.1087 
-34.6552 -16.9444 -37.6936 
-34.88 -16.6952 -37.1192 
-35.5217 -13.9203 -37.5375 
-34.8721 -4.1194 -37.5859 
-35.2894 -5.293 -37.0748 
-34.6167 -4.6638 -38.3549 
-34.102 -9.8847 -39.2116 
-33.4387 -3.7816 -38.9856 
-32.8278 -2.1381 -38.9012 
-33.7345 -3.0769 -38.6235 
-34.3305 -2.829 -37.7819 
-34.0901 -1.9579 -37.413 
-32.0577 1.3922 -37.193 
-32.6254 0.8162 -36.9762 
-33.1526 -0.0433 -37.1523 
-32.9696 -0.5203 -38.0468 
-33.5793 -0.9736 -37.4959 
-33.5654 -1.6148 -38.1443 
-29.2711 4.8944 -34.2716 
-30.9696 3.0585 -36.0103 
-31.6936 2.1068 -36.6226 
-31.3048 1.7378 -37.5451 
-31.7611 0.8285 -38.0261 
-32.5209 0.3893 -37.7571 
-32.7036 -1.4605 -38.7476 
-30.0772 3.7154 -35.9938 
-30.4224 2.3508 -37.3719 
-31.2018 2.4246 -36.8459 
-29.4141 4.5541 -35.0396 
-28.8906 4.9822 -34.624 
-29.3636 4.2508 -35.6113 
-30.5761 2.9844 -36.662 
-29.4891 3.7067 -36.2465 
-29.9594 2.845 -37.0209 
-32.087 0.0997 -38.3244 
-31.2387 0.1847 -38.5214 
-32.4114 -0.6802 -38.5753 
-31.4097 -1.5342 -38.9719 
-32.0246 -2.0573 -39.0694 
-33.6312 -2.1962 -38.3853 
-30.0307 4.1059 -35.2105 
-28.9007 4.2315 -35.6675 
-31.7305 -0.9401 -38.8573 
-31.2101 -2.5586 -9.4131 
-32.1261 -2.5055 -10.5505 
-29.4471 1.5974 -10.512 
-30.4637 -1.488 -9.4883 
-30.3392 -0.7411 -9.6476 
-28.8061 -1.8856 -9.4448 
-27.4344 5.7838 -14.8346 
-27.5851 5.4865 -14.2601 
-27.6926 5.1965 -13.7867 
-26.9561 5.2349 -13.8494 
-27.8378 4.8788 -13.3284 
-26.9561 4.8875 -13.3423 
-27.951 4.4764 -12.8199 
-26.9561 4.108 -12.4087 
-28.3921 3.4445 -11.7723 
-26.9561 -1.6743 -9.4755 
-28.5502 -0.3369 -9.7375 
-26.9561 -0.4863 -9.7035 
-26.9561 0.0912 -9.8718 
-27.7546 1.081 -10.2388 
-26.9561 0.6556 -10.0752 
-26.9561 1.2053 -10.3127 
-28.2337 2.3899 -10.9692 
-26.9561 1.7387 -10.5837 
-26.9561 2.2544 -10.8871 
-26.9561 2.7507 -11.2222 
-28.3714 3.9009 -12.2039 
-26.9561 4.5113 -12.8618 
-27.0752 5.6439 -14.5523 
-26.9858 5.4491 -14.2003 
-30.0134 0.0953 -9.8771 
-26.9561 -1.0753 -9.5711 
-26.9561 3.2261 -11.588 
-26.9561 3.6791 -11.9838 
-26.9561 -2.2818 -9.4175 
-27.0111 5.5192 -29.9319 
-27.0111 5.5192 -27.3926 
-27.0111 5.5192 -23.1603 
-27.0111 5.5192 -24.0068 
-27.3847 5.9201 -23.1603 
-27.0111 5.5192 -22.3139 
-27.1575 5.751 -21.4674 
-27.0111 5.5192 -21.4674 
-27.3847 5.9201 -19.7745 
-27.0111 5.5192 -19.7745 
-27.0111 5.5192 -18.9281 
-27.1575 5.751 -18.0816 
-27.0111 5.5192 -17.2352 
-27.0111 5.5192 -18.0816 
-27.2645 5.8472 -16.3887 
-27.0111 5.5192 -16.3887 
-27.1575 5.751 -15.5423 
-27.0111 5.5192 -30.7783 
-27.0111 5.5192 -31.6248 
-27.1575 5.751 -27.3926 
-27.662 5.9949 -18.0816 
-27.662 5.9949 -23.1603 
-27.1575 5.751 -17.2352 
-27.7013 5.9992 -16.63 
-27.8098 5.9914 -30.7783 
-27.5227 5.9714 -30.7783 
-27.47 5.9673 -20.7043 
-27.3847 5.9201 -31.6248 
-27.5227 5.9714 -24.0068 
-27.5227 5.9714 -18.9281 
-27.9463 5.962 -19.7745 
-28.0158 5.9374 -18.1532 
-28.5952 5.4976 -29.563 
-27.9463 5.962 -23.1603 
-28.5686 5.5468 -19.2708 
-27.0111 5.5192 -14.6958 
-27.3665 5.9107 -15.1002 
-27.0111 5.5192 -15.5423 
-27.4536 5.9672 -32.8294 
-27.9843 5.9603 -32.1712 
-27.8101 5.9938 -17.1371 
-27.8098 5.9914 -29.9319 
-30.0804 3.8833 -16.7557 
-31.1555 2.6541 -16.7534 
-31.3157 2.6975 -18.6821 
-34.931 -4.5449 -16.7533 
-35.0549 -4.5165 -18.2322 
-35.7289 -11.0022 -16.7553 
-35.6613 -12.7408 -17.2122 
-35.4728 -14.3415 -18.229 
-29.8978 3.708 -15.2952 
-30.958 2.4958 -15.2938 
-33.5372 -1.5948 -15.295 
-33.002 -0.0342 -16.7552 
-33.8697 -1.5604 -17.1991 
-34.4934 -3.0377 -17.1943 
-35.3221 -6.1287 -16.7546 
-35.3348 -7.776 -15.2948 
-35.586 -7.7456 -16.7553 
-35.4681 -9.3858 -15.2938 
-35.4759 -10.994 -15.2947 
-35.358 -12.6046 -15.2955 
-35.1131 -14.2038 -15.2943 
-35.3612 -14.2551 -16.7551 
-30.6886 2.2788 -13.878 
-31.9174 1.2103 -15.2944 
-33.2237 -1.7413 -13.8788 
-32.7826 -0.1603 -15.2946 
-34.1771 -3.0898 -15.2954 
-34.688 -4.6157 -15.2945 
-34.3553 -4.7111 -13.8782 
-35.0737 -6.1786 -15.2938 
-35.0141 -12.5622 -13.8772 
-34.7647 -15.7073 -15.3129 
-34.4043 -15.7968 -13.9644 
-29.3498 3.5106 -13.2837 
-31.6316 1.0153 -13.8784 
-32.4818 -0.3318 -13.8774 
-32.077 -0.566 -12.4853 
-32.8016 -1.9433 -12.4857 
-33.4149 -3.3763 -12.4853 
-33.8525 -3.2103 -13.8784 
-34.2765 -6.3432 -12.4849 
-34.7345 -6.2465 -13.878 
-34.9916 -7.8193 -13.879 
-35.1227 -9.4011 -13.8788 
-35.13 -10.9811 -13.8779 
-34.7737 -14.1363 -13.878 
-29.8096 2.3345 -12.0122 
-33.9064 -4.8436 -12.4852 
-34.5269 -7.876 -12.4853 
-34.6551 -9.4227 -12.4849 
-33.981 -12.4052 -11.0953 
-34.5494 -12.5117 -12.4857 
-34.3142 -14.0489 -12.4856 
-33.8762 -15.1433 -11.9978 
-33.8125 -16.5968 -12.9207 
-31.1411 0.6293 -12.0674 
-31.5715 -1.3922 -10.5535 
-33.8643 -9.435 -10.6664 
-34.6626 -10.9657 -12.4853 
-30.9051 -0.1926 -10.6321 
-32.1793 -3.0514 -10.2211 
-31.5627 -2.5381 -9.613 
-27.4015 5.8474 -14.9685 
-27.8044 5.6246 -15.2957 
-28.0748 4.6615 -13.1825 
-30.7337 -0.6735 -9.8869 
-33.0904 -16.5249 -11.1517 
-33.8883 -7.519 -11.066 
-32.9424 -7.1825 -9.5112 
-33.8735 -10.8986 -10.6663 
-33.2657 -12.1028 -9.6835 
-33.111 -13.2711 -9.6838 
-32.9003 -14.331 -9.6776 
-29.0129 5.1014 -18.2159 
-30.3122 3.8604 -18.7159 
-32.214 1.3263 -17.1604 
-33.1889 -0.0541 -18.6894 
-35.5021 -6.2827 -18.5855 
-35.3181 -5.4124 -19.1997 
-35.7837 -9.4294 -17.1845 
-35.7145 -7.7538 -18.2316 
-28.9114 5.023 -16.7504 
-27.4782 5.9587 -15.6126 
-28.5647 4.3236 -13.4085 
-28.8929 2.919 -11.4009 
-28.6041 3.5218 -11.8873 
-29.0073 2.6813 -11.2073 
-30.2975 0.2485 -10.1395 
-32.899 -3.7788 -10.984 
-33.3282 -5.736 -10.6672 
-33.3567 -8.216 -9.8598 
-33.6667 -14.1814 -11.0185 
-31.0764 -1.6139 -9.6118 
-32.3797 -14.9479 -9.423 
-33.0433 -12.6733 -9.5063 
-33.3486 -10.7866 -9.6827 
-33.2341 -10.0214 -9.5284 
-33.3237 -9.3785 -9.672 
-32.9451 -6.4119 -9.6918 
-32.5961 -6.101 -9.4403 
-32.145 -3.8898 -9.621 
-32.7518 -5.4061 -9.7818 
-32.5216 -15.3613 -9.5379 
-31.694 -3.07 -9.5211 
-32.4487 -5.4933 -9.4526 
-32.6381 -13.8783 -9.4235 
-32.634 -12.4214 -9.398 
-33.1372 -10.7233 -9.5029 
-33.0318 -8.215 -9.4849 
-33.1803 -8.8768 -9.5279 
-31.9803 -15.4608 -9.3979 
-9.181 -30.0284 -9.398 
-8.2743 -31.9664 -9.398 
-6.4608 -31.9664 -9.398 
-10.0878 -31.9664 -9.398 
-18.2486 -30.0284 -9.398 
-18.7019 -27.6059 -9.398 
-19.1553 -27.1214 -9.398 
-18.6904 -26.956 -9.398 
-16.1987 -26.956 -9.398 
-22.7823 -26.1524 -9.398 
-30.9431 -9.6792 -9.398 
-30.3997 -2.6886 -9.3991 
-26.9561 -5.5164 -9.398 
-26.9561 -8.1366 -9.398 
-30.9431 -5.8032 -9.398 
-32.1694 -5.7872 -9.398 
-18.9347 -26.9071 -9.398 
-19.0445 -26.8481 -9.398 
-32.9999 -11.6365 -9.4487 
-32.9894 -9.7244 -9.4229 
-32.6886 -7.0224 -9.4198 
-31.5862 -3.5541 -9.4083 
-4.1939 -32.491 -9.398 
-5.8327 -33.9048 -9.398 
-11.9013 -31.9664 -9.398 
-13.1307 -33.3029 -9.4165 
-21.8756 -28.0904 -9.398 
-29.2008 -21.9217 -9.4205 
-11.2155 -26.956 -9.398 
-8.7238 -26.956 -9.398 
-22.9569 -22.9161 -9.398 
-7.3675 -30.0284 -9.398 
-5.554 -30.0284 -9.398 
-6.2322 -26.956 -9.398 
-15.4088 -32.172 -9.4095 
-14.6216 -30.0284 -9.398 
-13.7071 -26.956 -9.398 
-13.7148 -31.9664 -9.398 
-12.808 -30.0284 -9.398 
-10.9945 -30.0284 -9.398 
-18.8156 -26.9435 -9.398 
-18.9286 -27.1214 -9.398 
-23.6891 -26.1524 -9.398 
-25.0115 -26.6082 -9.398 
-32.7569 -10.4238 -9.398 
-30.9431 -7.7412 -9.398 
-32.6056 -7.9847 -9.398 
-32.6932 -8.7816 -9.398 
-26.9561 -2.8962 -9.398 
-32.079 -4.6438 -9.421 
-30.4897 -3.8652 -9.398 
-2.817 -30.4105 9.3305 
-3.0944 -32.3368 9.3729 
-2.0361 -30.7328 9.1749 
-2.2021 -32.1378 9.2088 
-0.7665 -31.5684 8.6721 
-1.0287 -30.4105 8.7898 
-0.7138 -26.956 8.6316 
0.7387 -30.4105 7.549 
1.6876 -30.4926 6.3636 
2.5767 -26.956 3.6973 
2.5788 -28.8928 3.9297 
2.4804 -26.956 4.3277 
2.1104 -26.956 5.5197 
1.843 -26.956 6.0748 
1.525 -26.956 6.5983 
1.1594 -26.956 7.0872 
0.7496 -26.956 7.5381 
0.2986 -26.956 7.948 
0.2966 -28.6833 7.9495 
-0.1902 -26.956 8.3135 
-1.2688 -26.956 8.899 
-1.8522 -26.956 9.1125 
-1.8927 -28.6833 9.1232 
-3.0913 -26.956 9.3652 
2.0597 -29.0445 5.6299 
2.324 -26.956 4.9363 
-3.1989 -33.4332 9.3749 
-2.817 -28.6833 9.3305 
-2.4608 -26.956 9.269 
-0.2292 -30.4105 8.3388 
1.4488 -28.6833 6.7076 
1.4126 -30.9401 6.7994 
2.6282 -28.5568 3.1998 
2.6095 -26.956 3.048 
3.9944 -30.1008 0.9104 
5.0574 -30.3546 2.0557 
3.6718 -29.9345 -1.3242 
4.6902 -30.261 -0.8824 
4.1184 -30.2089 -1.8946 
3.2289 -29.6286 -1.9468 
3.2143 -29.5834 1.7081 
4.0105 -30.0846 0.0119 
2.9681 -29.2285 -0.0914 
3.0689 -29.3728 -0.9464 
2.6439 -28.3979 -0.3204 
2.6095 -28.072 -2.2805 
5.4257 -30.4211 2.9947 
4.2763 -30.3997 2.9591 
4.3398 -30.2787 2.0289 
3.1707 -29.736 3.1297 
2.6095 -26.956 0 
2.6161 -28.4381 -3.2646 
2.7464 -29.0168 -3.1477 
3.4451 -29.9567 -2.9662 
5.1191 -30.346 -1.9947 
2.7145 -28.7991 2.0708 
2.6123 -28.2251 2.1227 
2.6601 -28.5569 0.9544 
2.7154 -28.8532 -2.5214 
5.0381 -30.4735 -2.9415 
4.396 -30.4138 -2.8985 
4.5033 -30.6277 -3.7288 
3.1233 -29.9364 -3.84 
1.0633 -28.733 -7.2034 
1.1189 -30.9118 -7.1459 
-1.0177 -30.4105 -8.7846 
-0.0352 -28.8859 -8.2312 
-1.2846 -28.4086 -8.9098 
-2.6582 -30.5121 -9.307 
-1.6629 -32.5909 -9.0736 
-2.6408 -32.8246 -9.3086 
-1.7716 -30.543 -9.0872 
-3.7405 -31.562 -9.398 
-3.7405 -29.259 -9.398 
2.6095 -26.956 -3.048 
-3.7405 -26.956 -9.398 
-2.9432 -28.6654 -9.3574 
-3.0913 -26.956 -9.3652 
-1.8522 -26.956 -9.1125 
-1.2688 -26.956 -8.899 
-0.1902 -26.956 -8.3135 
0.2986 -26.956 -7.948 
0.7496 -26.956 -7.5381 
1.1594 -26.956 -7.0872 
1.525 -26.956 -6.5983 
1.843 -26.956 -6.0748 
2.1104 -26.956 -5.5197 
2.324 -26.956 -4.9363 
2.4804 -26.956 -4.3277 
2.5767 -26.956 -3.6973 
2.5547 -28.5041 -3.9557 
2.3688 -29.2625 -4.8651 
0.9601 -31.4219 -7.3416 
0.1073 -29.7803 -8.1166 
-0.7138 -26.956 -8.6316 
-2.4608 -26.956 -9.269 
-0.3363 -32.1378 -8.4084 
5.1266 -30.7031 -3.9994 
3.8084 -30.5885 -4.0789 
4.4005 -31.1781 -5.1384 
3.4327 -31.1313 -5.3016 
3.5933 -31.7746 -6.2866 
2.627 -31.9515 -6.6847 
2.7422 -31.3294 -5.932 
1.2614 -32.7409 -7.8279 
2.2273 -32.699 -7.7341 
0.0914 -33.6583 -8.9032 
3.2559 -30.7189 -4.8063 
2.6798 -29.8042 -4.528 
2.5495 -30.7721 -5.557 
1.8455 -32.2729 -7.2417 
0.3134 -33.4096 -8.5952 
0.7571 -32.3686 -7.7684 
-0.3745 -32.8688 -8.4666 
-1.2504 -34.0307 -9.2931 
-0.3181 -33.3138 -8.6226 
-1.2072 -33.4262 -8.904 
2.0544 -31.5187 -6.5289 
1.93 -31.0069 -6.3108 
2.4661 -30.2382 -5.238 
2.0897 -29.973 -5.6529 
1.3844 -31.7456 -7.1091 
1.7155 -30.3867 -6.3253 
3.0814 -29.5928 -3.0536 
2.5855 -28.8209 -3.8947 
0.3327 -32.0934 -7.9347 
-0.9279 -34.6272 -10.3787 
3.8005 -30.2295 -3.1061 
-1.6702 -33.6053 -9.0635 
-1.7381 -34.2322 -9.5239 
2.8032 -29.4282 -3.7723 
1.9523 -29.1535 -5.8876 
0.157 -34.2633 -9.9653 
27.0096 -16.0156 -10.2939 
28.0935 -14.0753 -10.4469 
31.3244 -6.0756 -11.562 
31.7678 -3.0371 -11.5659 
31.7138 -1.244 -11.2271 
29.8507 -8.4445 -9.7877 
30.6155 -6.2916 -10.2995 
31.0792 -4.0562 -10.4492 
31.3835 -2.3606 -10.6927 
26.9068 -15.2543 -9.4079 
27.6327 -13.6893 -9.2618 
28.3922 -12.137 -9.4187 
28.5122 -10.3676 -8.0871 
29.1855 -10.6387 -9.8658 
29.6163 -7.1877 -8.4106 
30.2881 -4.4634 -8.6887 
30.5892 -2.8062 -8.8569 
25.2722 -16.076 -6.7828 
26.5677 -14.3976 -7.6764 
26.0964 -14.128 -5.8366 
27.6077 -12.4127 -7.8794 
26.8723 -12.6656 -5.9875 
27.58 -11.1778 -6.1423 
28.4053 -9.1334 -6.3532 
29.1001 -8.7867 -8.2471 
30.0411 -5.5751 -8.5761 
29.7561 -4.3528 -6.8471 
30.0522 -2.7252 -7.0162 
30.2728 -1.093 -7.246 
24.9138 -15.9128 -5.2789 
24.9531 -15.332 -3.7819 
27.0335 -11.5108 -4.1915 
28.4303 -7.9762 -4.564 
29.0949 -7.035 -6.5694 
29.0421 -5.8844 -4.7817 
29.5131 -5.4474 -6.7351 
25.5066 -14.4282 -3.8881 
26.5539 -12.5064 -4.0889 
27.1232 -10.9737 -2.6493 
27.6786 -10.0309 -4.3489 
27.9362 -8.9601 -2.8618 
28.6153 -6.8942 -3.0789 
29.4074 -4.2816 -4.9489 
29.6114 -3.1927 -5.0636 
26.1599 -12.9198 -1.1701 
26.1796 -12.9304 -2.4448 
27.1026 -10.9651 -1.3731 
27.9151 -8.9527 -1.5857 
28.5937 -6.888 -1.8028 
29.1345 -4.7854 -2.0233 
29.1561 -4.7907 -3.3001 
29.5582 -2.6466 -3.5236 
29.7349 -1.0633 -2.4383 
25.0884 -14.8105 -0.9772 
26.216 -12.9488 0.1019 
28.6545 -6.9059 -0.5303 
29.5357 -2.6466 -2.2488 
27.1608 -10.9904 -0.1002 
27.2961 -11.0513 1.167 
27.9741 -8.9757 -0.3133 
28.7967 -6.9477 0.7365 
29.3418 -4.8294 0.5182 
29.7453 -2.676 0.2917 
29.1965 -4.798 -0.7511 
29.5982 -2.6553 -0.9775 
25.2686 -14.9179 1.557 
26.347 -13.0189 1.3721 
28.3357 -9.1077 2.2275 
28.1133 -9.0269 0.9545 
29.0233 -7.0147 2.0086 
29.5715 -4.8836 1.7878 
29.8537 -1.046 -0.5146 
25.4676 -15.0445 2.8308 
26.6479 -13.8126 4.2441 
26.5565 -13.1272 2.641 
27.6605 -11.7985 4.0384 
27.5127 -11.1455 2.4373 
28.5145 -9.7771 3.83 
28.9033 -8.7161 3.7228 
29.9782 -2.7129 1.5611 
27.8734 -13.1655 6.2411 
27.1701 -12.8145 4.1403 
29.2559 -7.6432 3.6136 
29.8377 -5.5236 3.3954 
30.7274 -3.9759 4.7272 
30.2982 -3.334 3.1681 
30.973 -1.7039 4.2531 
26.7271 -15.8123 7.064 
28.3817 -11.5314 5.4899 
29.2494 -10.057 5.9314 
29.9369 -7.2794 5.0615 
30.4389 -7.4298 6.2365 
30.6022 -5.7051 5.4952 
31.3155 -4.5848 6.311 
27.874 -15.5003 8.5262 
28.9801 -13.4228 8.3162 
29.0137 -11.8086 7.0108 
29.6465 -8.9719 5.8228 
31.4734 -6.4141 7.4717 
31.601 -2.9582 6.1357 
24.1128 -16.679 -3.9246 
23.9932 -16.5659 -2.4864 
24.2051 -16.1572 -0.8241 
24.0449 -16.5668 0.7819 
24.6456 -17.0115 4.4998 
30.932 -0.015 3.5512 
30.5512 0.0101 2.3564 
30.115 0.0427 0.5011 
29.846 0.058 -1.9029 
29.898 -1.5841 -5.5381 
30.1301 0.039 -6.2072 
29.1583 -11.9161 -10.6912 
25.9882 -17.3741 -9.9356 
30.8163 -1.1568 -9.0789 
29.7483 -1.3662 -4.0553 
25.111 -14.8167 -2.2487 
25.1442 -14.838 0.2857 
30.1811 -1.0841 1.3823 
30.497 -1.12 2.6234 
25.5546 -15.7085 4.4963 
26.5636 -15.0534 5.805 
32.6952 -0.7714 7.3919 
26.2493 -21.915 -25.2001 
26.188 -21.3526 -26.4337 
27.4181 -20.4374 -24.7676 
28.3421 -19.2098 -24.2914 
27.8151 -19.2054 -25.8701 
27.1568 -20.0885 -26.1271 
24.6998 -23.4062 -26.3717 
25.9037 -20.836 -27.4243 
25.2479 -23.1065 -25.4621 
27.0769 -21.0318 -23.731 
27.6332 -17.5215 -27.4051 
31.0213 -14.1418 -24.3285 
31.5804 -12.9349 -24.1066 
32.2226 -12.1349 -22.3064 
33.4366 -8.7778 -21.604 
33.9551 -5.0997 -23.0657 
29.8821 -16.7137 -23.9394 
28.9173 -17.4796 -25.5674 
32.1941 -11.8115 -23.3296 
32.572 -10.4582 -23.6715 
33.1851 -9.2848 -22.5928 
32.7487 -8.8766 -24.2316 
33.978 -3.7012 -23.3915 
34.3128 -1.0808 -22.9834 
34.7567 -1.3581 -21.64 
29.6382 -16.2819 -25.3009 
30.4038 -15.3587 -24.5606 
30.8162 -12.5497 -25.7953 
31.8505 -11.4128 -24.6699 
33.5403 -6.4387 -23.5476 
33.4066 -7.8489 -23.2335 
33.2116 -4.8033 -24.5285 
32.4285 -7.9604 -25.0732 
34.0392 -2.5191 -23.465 
33.6338 -0.7854 -24.0696 
28.8903 -18.1891 -24.5892 
28.3697 -17.3139 -26.6335 
29.2524 -15.8429 -26.3065 
33.5979 0.7058 -24.0033 
34.3065 0.3586 -23.0216 
32.7957 -10.6847 -21.9079 
29.3075 -17.827 -23.012 
34.8692 -1.5317 -20.8474 
34.5172 -3.3322 -21.9368 
34.8634 0.0338 -21.4448 
35.0245 1.3341 -20.7716 
34.9729 -0.1309 -20.7407 
29.8754 -16.8909 -22.8484 
33.8953 -6.7492 -22.2198 
28.5677 -15.2824 -27.3644 
31.9304 -9.9382 -25.1989 
31.3703 -9.8909 -25.9307 
32.8912 -6.0264 -24.7833 
34.4038 -4.8492 -21.2263 
32.7486 12.5549 -23.4257 
34.7115 7.7124 -19.8618 
33.9518 10.7514 -21.3883 
33.5728 13.0363 -20.3532 
33.0493 14.5787 -21.3029 
32.1098 16.9413 -22.2077 
34.7488 5.6087 -21.12 
33.2576 13.5649 -21.5982 
32.512 14.3892 -23.1866 
32.3677 15.9484 -22.5196 
34.3586 3.322 -22.5464 
34.3266 1.8296 -22.7971 
34.0404 7.3629 -22.416 
34.6027 7.0314 -21.1125 
34.3235 8.899 -21.1996 
33.0281 13.2386 -22.5815 
33.6274 12.0613 -21.5886 
33.6361 1.6783 -23.8421 
34.2691 5.1099 -22.4301 
33.5671 7.1055 -23.2087 
34.859 3.783 -21.2334 
34.8294 1.4904 -21.646 
35.0533 2.7202 -20.3458 
31.7897 16.8632 -23.4378 
32.0145 17.3463 -21.7584 
31.3433 18.8388 -20.6636 
34.5404 1.9101 -17.5291 
34.3668 4.3259 -16.9347 
33.6888 -0.1397 -15.0304 
34.3217 0.736 -16.8244 
34.1293 1.998 -16.1647 
33.8575 2.0234 -15.402 
33.2931 2.0921 -14.071 
32.7064 2.3668 -12.9506 
34.8897 2.5549 -19.1479 
31.2194 17.2947 -13.2744 
31.8675 15.3388 -13.7646 
32.8153 15.3306 -15.536 
33.2892 13.9372 -16.0952 
33.793 12.2222 -16.8111 
32.6675 13.9295 -14.7704 
35.0334 4.447 -19.9737 
34.6546 4.3219 -17.9901 
32.395 4.0581 -12.4936 
31.9517 6.3956 -11.8723 
32.4769 6.2357 -12.8399 
31.7803 10.7809 -12.3238 
32.2285 10.8127 -13.1822 
32.1086 12.9931 -13.4984 
31.76 8.5578 -11.8011 
30.8134 17.2445 -12.4254 
31.8079 4.0685 -11.34 
31.2576 10.7475 -11.1509 
31.0913 12.8266 -11.3675 
31.4746 12.8635 -12.2433 
31.3672 15.1435 -12.7724 
31.3105 4.0773 -10.1742 
31.4288 6.3903 -10.701 
31.3743 8.5425 -10.923 
30.8471 15.0812 -11.5998 
29.8743 19.2471 -11.1199 
30.4476 17.1787 -11.5284 
30.9068 1.8796 -9.0225 
30.9811 4.0815 -9.2649 
30.7143 6.3819 -8.5951 
30.9879 6.3833 -9.5038 
30.9335 8.5238 -9.725 
30.8171 10.7162 -9.952 
30.4587 10.6929 -8.7343 
30.2927 12.7525 -8.9473 
30.6509 12.7846 -10.1665 
30.4083 15.0265 -10.3991 
30.4766 1.896 -7.5051 
30.5461 4.0908 -7.7342 
30.7075 4.0879 -8.3562 
30.5529 6.38 -7.9732 
30.0513 14.984 -9.1799 
30.3466 6.3778 -7.0278 
30.2929 8.5006 -7.2505 
30.5739 8.5113 -8.5053 
30.0126 12.7271 -7.692 
29.7723 14.95 -7.9257 
29.6917 17.0652 -9.0885 
30.2686 1.9089 -6.549 
30.1437 4.0981 -5.5217 
30.2865 4.0954 -6.4786 
29.9821 10.6613 -6.2117 
30.1784 10.6734 -7.481 
29.8173 12.7083 -6.424 
29.5772 14.9264 -6.6554 
30.0619 6.3742 -4.7983 
30.1505 6.3755 -5.7606 
29.8713 10.6539 -4.9273 
30.097 8.4924 -5.9837 
29.4676 14.9123 -5.375 
30.0329 4.1003 -4.2372 
30.0286 6.3738 -4.1608 
29.9861 8.489 -4.6985 
29.6844 12.6953 -3.863 
29.7069 12.6988 -5.1404 
29.4449 14.9086 -4.0973 
29.9327 1.9982 -3.3348 
30.0529 4.0995 -2.0017 
30.0101 4.0999 -2.9588 
30.0168 6.3735 -3.1977 
30.0275 8.4894 -2.1445 
29.9633 8.487 -3.4203 
29.9127 10.6567 -2.3716 
29.8485 10.6523 -3.6482 
30.0597 6.3742 -2.2406 
30.1073 4.0986 -1.3587 
30.2324 6.3776 -0.6461 
30.1141 6.3748 -1.5976 
30.1785 8.4962 -0.8705 
29.7485 12.7019 -2.585 
29.5088 14.9171 -2.8191 
29.6587 14.9375 -1.5438 
29.2248 16.9799 -3.068 
30.164 1.9124 -0.1311 
30.2774 4.0956 -0.103 
30.4138 8.5041 0.3881 
30.2988 10.684 0.1631 
30.0636 10.6688 -1.0963 
29.8987 12.7157 -1.3134 
29.3706 17.0061 -1.7993 
29.5996 17.0479 -0.5431 
30.4608 4.0915 0.8496 
30.4682 6.38 0.6132 
30.7019 6.3817 1.5441 
30.6143 10.7044 1.3944 
30.1333 12.7371 -0.0539 
29.8924 14.9647 -0.2862 
30.2069 15.0042 0.9481 
30.778 4.0872 2.085 
31.0791 6.3862 2.7586 
30.5363 12.7767 1.488 
30.212 17.1433 1.6431 
31.0723 4.0815 2.9975 
31.291 4.0776 3.5954 
30.7304 8.518 1.6228 
31.0125 10.7316 2.6092 
29.7824 18.6734 0.9324 
31.6579 4.0719 4.4888 
31.7403 8.559 4.3255 
31.2978 6.3888 3.3565 
31.2434 8.5375 3.1343 
31.3253 12.8505 3.5855 
30.9599 12.8152 2.692 
31.0423 15.1968 3.2765 
30.6032 15.0596 2.1646 
30.574 17.1923 2.6149 
32.0759 4.0637 5.3627 
31.6652 6.3943 4.2506 
31.4933 10.7648 3.801 
31.4956 15.1615 4.2265 
31.3469 1.8596 -10.2212 
31.1569 -0.0304 -9.8317 
29.2395 17.8822 -1.8813 
29.1748 17.7659 -2.4884 
29.086 17.6546 -3.7202 
29.1236 17.69 -3.1019 
29.0621 17.6603 -4.3413 
29.0566 17.7963 -5.5847 
29.1065 18.1137 -6.8548 
29.1471 18.3366 -7.467 
29.1949 18.6007 -8.0611 
29.2472 18.9052 -8.6352 
29.3014 19.2489 -9.1873 
29.9156 17.0781 0.7055 
29.4086 18.2337 -0.694 
29.4055 20.0498 -10.2172 
29.6845 19.2133 -10.5369 
31.0581 16.7533 3.6166 
32.6204 5.5902 6.1791 
32.0828 6.398 5.1237 
32.8785 11.6579 6.4647 
32.0199 1.8252 -11.6912 
31.8556 -0.0755 -11.4119 
30.4456 19.3453 -12.5985 
31.3439 18.8552 -14.1178 
31.7373 1.8382 -11.1109 
30.5388 0.0163 -8.0294 
29.9438 17.1166 -10.0526 
29.355 19.6308 -9.7153 
29.8781 0.0551 -4.319 
30.0734 1.9177 -5.2814 
29.2953 17.0072 -6.8905 
29.0754 17.9333 -6.2267 
29.1853 16.9881 -5.6113 
29.0523 17.7074 -4.9634 
29.1621 16.9791 -4.3353 
30.0382 1.9161 -1.1296 
30.4023 1.9038 1.1254 
29.3175 18.0382 -1.2825 
29.5106 18.4158 -0.1516 
30.7219 1.8888 2.3589 
31.3954 -0.0463 4.7298 
31.1234 1.87 3.5721 
31.8772 1.8646 5.3574 
31.8956 12.9573 4.7685 
29.6347 18.5617 0.3893 
30.152 18.213 1.8339 
33.0868 1.4892 7.6438 
32.5863 3.8506 6.3247 
32.5245 2.1054 6.4897 
34.2615 2.0513 10.4245 
33.5697 3.0629 8.3301 
33.523 8.8393 7.782 
32.4673 9.5208 5.6914 
33.5722 1.4652 8.696 
33.6165 -0.3781 9.1752 
33.4342 4.827 7.8057 
33.1708 6.9662 7.0907 
32.0254 0.413 5.926 
29.7996 -13.4649 9.7625 
29.5456 -12.6698 8.5733 
30.1762 -10.9615 8.2269 
31.3992 -9.581 9.3952 
30.7787 -7.9185 7.1643 
31.9518 -7.868 9.2326 
32.261 -6.0122 8.6726 
32.8462 -4.9845 9.3439 
28.6866 -15.5899 9.9636 
28.5063 -16.8619 11.2634 
30.7362 -12.5667 10.8196 
31.645 -10.3132 10.6065 
30.7692 -11.2741 9.5557 
32.5912 -8.264 11.0894 
33.4606 -3.2474 9.9453 
32.993 -3.1753 8.7857 
33.2098 -1.3818 8.5963 
29.6791 -14.7579 11.0235 
33.1473 -7.057 11.6753 
34.1199 -3.1594 11.9184 
33.0148 -6.2845 10.6349 
28.521 -17.6074 12.5288 
29.7156 -16.0017 13.0239 
29.1197 -17.2396 13.6818 
30.5979 -13.8477 12.1323 
30.8801 -13.9854 13.338 
31.5889 -11.6065 11.9235 
33.4142 -7.5578 13.3039 
29.4246 -17.4943 16.1691 
31.8167 -1.2075 5.9555 
28.4707 -14.8081 8.7796 
29.3534 -17.74 17.2404 
30.7945 -14.7109 14.652 
32.355 -10.7088 13.3674 
32.5263 -9.4042 12.112 
26.4864 -18.3295 9.4219 
27.7768 -17.1472 10.1663 
27.3655 -18.3346 10.9705 
27.1898 -16.9029 8.9105 
27.7785 -14.3296 7.2725 
30.0319 -10.1337 7.3945 
30.8648 -9.398 8.2574 
32.241 -4.2081 7.749 
32.3652 -2.2235 7.2301 
28.1131 -18.8207 13.8804 
31.6844 -13.1203 15.2689 
31.6946 -12.4309 13.6476 
28.4506 -19.0465 16.6456 
29.9561 -16.387 15.1035 
33.8417 -1.529 10.2154 
34.2428 -1.2255 11.3859 
33.6243 -4.6444 11.2358 
6.9039 -35.1103 31.8841 
5.5815 -35.2023 33.0714 
4.0887 -35.8533 32.9888 
19.4535 -28.5925 25.9804 
17.2814 -30.1347 27.2012 
16.2754 -30.4568 28.3099 
16.3776 -30.7206 27.6767 
15.245 -31.0814 28.8472 
14.4706 -31.8661 28.6201 
13.2983 -32.4649 29.2461 
9.0249 -34.362 31.0959 
9.2911 -33.9515 31.6043 
8.232 -34.0408 32.4261 
6.9 -34.6468 32.7619 
7.9367 -34.7756 31.4699 
1.591 -36.4021 33.6972 
-1.5948 -36.8392 34.5812 
-2.2138 -36.4669 35.6198 
-6.3361 -37.0141 35.706 
-9.5373 -36.5295 36.9962 
-9.5348 -36.7394 36.5489 
19.0105 -28.4206 26.9664 
17.4167 -29.7149 27.6924 
17.3372 -28.802 28.3078 
14.1267 -31.7135 29.4095 
14.8258 -30.3533 29.699 
14.1475 -30.7378 30.0513 
12.3966 -32.4636 30.43 
12.3541 -31.7094 30.933 
9.5929 -32.8448 32.2355 
10.5704 -33.433 31.0596 
4.3145 -35.5148 33.4947 
3.0114 -35.8319 33.9566 
3.2348 -34.8158 34.6901 
1.7816 -35.2223 35.1032 
1.6381 -36.0772 34.3695 
7.0922 -33.7813 33.2629 
0.4266 -35.9686 35.1579 
-7.9048 -36.3251 37.1796 
-6.4429 -36.3748 36.8974 
-4.8951 -35.7382 37.0149 
1.7463 -34.4598 35.3171 
-6.1928 -35.3634 37.4355 
-8.3775 -35.2911 37.8778 
5.5243 -32.785 33.9726 
-5.2272 -37.0063 35.5072 
-2.9406 -36.9699 34.4063 
3.3726 -36.0839 32.585 
-9.7678 -35.5029 37.9769 
21.9378 -26.552 24.3974 
-9.4805 -36.1284 37.522 
10.8641 -32.2878 31.6775 
8.0156 -33.1651 32.9501 
5.867 -34.1513 33.742 
4.6074 -34.4848 34.2127 
-9.018 -33.3374 38.0759 
20.3823 -27.5111 25.9919 
19.4968 -27.4422 26.9677 
19.8488 -27.6738 26.5516 
20.2022 -26.0683 26.5655 
24.6754 -21.7591 22.7923 
23.3067 -23.0513 24.0254 
23.9017 -23.8687 22.8814 
22.5703 -25.1748 24.1378 
22.8861 -25.6903 23.4368 
25.2066 -22.5666 21.5732 
25.8507 -22.5473 20.3942 
21.1303 -24.5981 25.9652 
21.0491 -26.0984 25.6787 
21.9016 -24.3316 25.232 
26.2591 -20.8588 20.9005 
27.3117 -19.151 20.2277 
17.3609 -28.5116 12.0164 
19.5698 -26.8486 11.8582 
20.8189 -25.7876 11.7575 
21.647 -25.0371 11.6869 
21.2157 -24.4804 10.117 
22.8372 -23.8847 11.5765 
23.9635 -22.69 11.4649 
23.4848 -22.1721 9.8923 
25.7641 -20.566 11.2621 
25.2435 -20.0937 9.6931 
17.6786 -28.9676 13.6364 
18.262 -27.8609 11.9558 
24.3749 -23.0631 13.084 
25.1277 -22.2101 13.005 
24.7062 -21.8473 11.3834 
27.2011 -19.5637 12.7278 
16.267 -29.9337 13.7681 
18.5937 -28.3071 13.5768 
21.4512 -26.5076 15.0079 
19.9195 -27.2812 13.4797 
21.1853 -26.2065 13.3799 
22.0269 -25.4426 13.3062 
23.2323 -24.2758 13.1968 
23.5176 -24.56 14.828 
24.6718 -23.3347 14.7143 
26.2004 -20.9101 12.8814 
27.5436 -19.7881 14.3749 
17.907 -29.2992 15.268 
18.8333 -28.6293 15.2038 
20.3355 -27.7967 16.7972 
20.1708 -27.5954 15.1097 
22.2991 -25.7394 14.9378 
25.6298 -22.6422 16.324 
25.4315 -22.4736 14.6341 
26.7203 -21.3216 16.2023 
26.5158 -21.1606 14.5132 
15.3216 -31.375 18.1134 
16.6386 -30.4694 17.0559 
19.2227 -28.7976 18.9301 
18.0591 -29.5101 16.9558 
18.989 -28.8381 16.894 
20.3235 -27.9351 18.3107 
21.5179 -26.9332 18.3018 
22.9278 -25.6438 18.0587 
21.6242 -26.7021 16.6959 
22.4775 -25.9285 16.6254 
24.4221 -24.1481 18.0677 
23.7041 -24.7414 16.5162 
24.8652 -23.5089 16.4032 
25.6912 -22.7294 17.9123 
26.7836 -21.4062 17.7623 
27.7266 -19.9739 16.0375 
28.7079 -18.3574 15.0542 
16.519 -30.2422 15.3852 
24.7247 -19.5226 8.3022 
21.923 -22.7249 8.6124 
20.4055 -25.2173 10.1881 
18.7985 -25.5936 8.9032 
19.1694 -26.2702 10.2896 
17.5598 -26.5678 9.007 
17.8931 -27.2611 10.3864 
14.6995 -28.434 9.0583 
16.1226 -28.5056 10.5027 
20.4037 -24.2062 8.7706 
22.3753 -23.3523 10.0048 
24.2119 -21.3466 9.814 
26.7493 -19.221 11.0863 
15.9864 -29.4508 12.1316 
16.4677 -30.6986 19.2585 
27.7875 -20.0868 18.4862 
28.2516 -19.4304 18.081 
15.7556 -27.118 -8.2198 
17.0286 -26.2075 -8.3121 
20.4551 -23.9498 -9.4677 
23.7211 -19.6046 -8.6691 
24.9508 -18.4705 -9.4098 
14.4846 -27.0858 -6.3771 
15.7559 -26.2309 -6.47 
16.5946 -25.6256 -6.5334 
18.1884 -25.1466 -8.1144 
19.7694 -23.7899 -8.2491 
21.2755 -22.3457 -8.3943 
20.1203 -22.6473 -6.8351 
22.9208 -19.6462 -7.1433 
22.697 -20.823 -8.5483 
24.3714 -18.1267 -7.835 
15.4443 -25.7861 -4.6296 
17.8091 -24.6856 -6.6273 
18.9715 -23.6987 -6.7283 
18.6139 -23.2898 -4.8874 
21.5584 -21.1904 -6.9858 
20.4633 -21.5467 -5.0686 
21.4956 -20.451 -5.1823 
22.176 -19.6798 -5.2622 
16.2719 -25.1877 -4.6902 
17.4672 -24.2638 -4.7874 
18.3779 -23.0233 -2.9892 
19.3734 -22.6015 -4.9595 
23.1281 -18.4995 -5.3054 
23.9422 -17.714 -6.102 
16.0584 -24.9031 -2.7928 
17.2431 -23.9869 -2.8884 
19.1304 -22.3413 -3.0607 
20.2096 -21.2966 -3.169 
21.2318 -20.2115 -3.2823 
21.9053 -19.4484 -3.3626 
22.7521 -18.1967 -1.8926 
22.8655 -18.2858 -3.4858 
13.9165 -26.1862 0.2216 
15.5563 -25.0692 0.1064 
15.5712 -25.0861 -1.168 
17.1524 -23.875 -1.2952 
18.6666 -22.5766 -1.4298 
20.0913 -21.1797 -0.3006 
20.1069 -21.1957 -1.5762 
21.4686 -19.7364 -1.7294 
15.5937 -25.1203 1.3803 
18.6925 -22.6087 1.1188 
17.1371 -23.8587 -0.0188 
18.6492 -22.5624 -0.155 
20.1365 -21.2241 0.9719 
21.4513 -19.7222 -0.4545 
22.4291 -18.5599 -0.5754 
22.7829 -18.224 0.6581 
13.9788 -26.2891 2.1672 
17.2708 -24.0225 2.5203 
17.178 -23.907 1.2533 
18.7932 -22.7175 2.3845 
21.4981 -19.7647 0.8181 
22.9012 -18.3133 1.9245 
24.1752 -16.6684 2.0288 
15.6812 -25.2401 2.6484 
17.4194 -24.2065 3.7927 
18.9506 -22.8937 3.6564 
20.2402 -21.33 2.2398 
21.6089 -19.8639 2.0884 
24.3746 -16.8177 3.2704 
14.8 -26.6378 5.5561 
14.9974 -26.0088 3.9806 
16.2277 -25.1282 3.8894 
18.0626 -24.2011 5.3096 
18.8354 -23.539 5.2421 
20.4099 -21.495 3.5128 
21.4068 -21.0443 4.985 
21.7869 -20.0192 3.3586 
22.7607 -19.5093 4.8271 
23.0862 -18.4602 3.1956 
23.7137 -18.3117 4.7052 
16.472 -25.4549 5.4394 
16.3791 -26.2019 6.9749 
19.5915 -23.5964 6.7091 
21.0886 -22.1613 6.5649 
19.9773 -22.494 5.1347 
22.4994 -20.6483 6.41 
18.349 -25.3528 8.0219 
18.0198 -24.9443 6.8463 
22.894 -20.9945 7.5865 
24.3852 -18.1605 5.9193 
25.6458 -17.7983 7.6357 
16.2493 -27.5085 9.0892 
16.684 -26.6274 8.1483 
19.9442 -23.9859 7.8867 
21.4609 -22.5306 7.7402 
23.368 -21.1699 8.4691 
24.0023 -19.2756 6.9192 
25.7081 -16.4042 -8.3287 
14.4228 -26.0624 -2.6731 
13.2133 -27.8897 6.3868 
14.7992 -27.5836 7.7128 
25.4946 -18.5767 -10.3562 
14.1884 -26.6315 -4.5372 
12.8661 -27.3156 -3.9804 
13.9298 -26.2044 -1.0534 
12.7068 -27.0453 -2.1066 
23.3481 -17.3815 -0.6947 
25.4943 -17.0366 6.4328 
13.7438 -28.8119 -8.8043 
11.5142 -30.8178 -10.08 
12.6428 -29.4071 -8.7696 
5.0084 -32.6683 -9.0212 
5.5052 -31.8842 -7.7645 
8.7119 -30.6281 -7.5415 
9.5914 -31.083 -9.087 
3.5682 -32.8425 -8.6548 
10.3944 -29.4961 -6.6504 
10.7226 -30.194 -8.4176 
3.2409 -32.1513 -6.9673 
7.3228 -31.1645 -7.5417 
5.3605 -31.3957 -6.501 
8.3604 -29.765 -4.8104 
8.4972 -30.102 -6.0356 
5.8736 -30.819 -5.288 
10.1519 -28.9805 -4.8068 
7.0249 -30.3754 -5.1962 
5.4453 -30.3978 -2.8853 
6.6487 -30.042 -3.1722 
8.2593 -29.4975 -3.5425 
10.0298 -28.7245 -3.5488 
11.6611 -27.6759 -2.3172 
6.0704 -30.0668 -1.9441 
8.135 -29.2136 -0.9809 
8.1725 -29.3176 -2.2554 
9.9448 -28.5445 -2.2718 
6.762 -29.7115 0.029 
9.8956 -28.4436 -0.98 
9.8854 -28.4229 0.3061 
11.6081 -27.5737 -1.0306 
11.575 -27.5613 0.2825 
8.2082 -29.3415 2.5719 
8.1269 -29.1956 0.6277 
5.4721 -30.2608 1.948 
9.9763 -28.6208 2.8709 
9.9136 -28.4815 1.5899 
11.625 -27.608 1.5808 
8.2972 -29.6205 4.1591 
6.6385 -30.0663 3.2853 
10.2154 -29.1258 5.3779 
10.0795 -28.8358 4.1379 
7.0548 -30.4444 5.3982 
8.421 -29.9114 5.3811 
9.8952 -29.9611 7.2118 
5.6508 -31.0437 5.776 
6.1068 -31.5747 7.5228 
7.2788 -31.0267 7.2129 
8.6621 -30.4923 7.2126 
10.2719 -30.711 8.9761 
11.4709 -30.1395 8.9707 
12.7333 -29.6567 9.2441 
5.2059 -30.2243 -0.3832 
1.3167 -33.1299 -8.2668 
13.5816 -28.5345 8.1555 
12.744 -27.1148 2.7233 
12.6477 -26.9503 0.3108 
11.756 -27.8536 -3.5913 
13.105 -27.7224 -5.7969 
13.7489 -28.197 -7.71 
6.3709 -32.2264 8.9763 
7.5796 -31.8078 8.9735 
1.204 -33.8015 -9.4623 
4.9063 -31.0409 5.036 
2.3036 -33.4622 9.2441 
0.7794 -33.5023 8.8027 
7.5297 -31.854 -9.0224 
12.2783 -28.8246 -7.2783 
11.9709 -28.2549 -5.4864 
5.2016 -30.2462 0.9478 
6.7924 -29.8161 2.0348 
11.6971 -27.742 2.8621 
11.8092 -27.9517 4.1287 
13.5519 -27.0066 4.3242 
11.9616 -28.2324 5.3681 
11.7052 -29.0883 7.2066 
3.6444 -31.9941 6.8134 
4.12 -32.102 7.3748 
2.9614 -32.3096 7.2029 
2.4458 -32.6969 7.8066 
4.3259 -32.6396 8.614 
3.8882 -33.4546 9.8455 
8.9982 -31.2746 9.0009 
4.1377 -31.453 -5.7141 
4.1432 -31.5488 5.9786 
3.4143 -31.1594 5.3556 
4.0778 -31.3022 5.4321 
3.3962 -31.7262 6.234 
2.9394 -31.0072 5.4601 
4.298 -30.7714 4.168 
3.3519 -30.3165 4.0843 
0.3039 -33.5389 8.7734 
0.3035 -32.9525 8.2396 
-1.2387 -33.4927 8.9417 
0.858 -33.0053 8.1552 
1.3118 -32.4826 7.6102 
1.9004 -32.1259 7.1046 
2.5226 -31.5933 6.3246 
2.5426 -30.106 5.0373 
3.3031 -30.7006 4.731 
2.8665 -29.6108 3.9172 
-0.4725 -33.3227 8.682 
-0.5219 -32.8867 8.5412 
0.5932 -31.8569 7.7118 
2.0953 -31.0514 6.2104 
2.2295 -29.7459 5.3542 
0.926 -32.252 7.6281 
0.1087 -32.5455 8.1406 
1.3768 -31.7526 7.1196 
3.6953 -30.1051 2.8075 
4.9263 -30.4789 2.9572 
-1.3569 -33.0136 8.9363 
2.3841 -28.8213 4.7272 
1.3121 -33.2057 8.4075 
0.6651 -33.3564 8.5564 
-2.1946 -33.7012 9.2139 
2.0326 -32.5323 7.4873 
4.9812 -30.6557 3.6893 
3.973 -30.3422 3.204 
3.4232 -30.1157 3.5119 
2.8325 -29.215 3.1619 
5.5664 -30.5763 4.0213 
-0.9093 -33.9161 9.1748 
-3.0521 -34.3941 9.6288 
-3.299 -33.9869 9.3946 
-2.4386 -33.9139 9.2907 
-31.4913 -2.2931 9.6558 
-31.0685 -2.395 9.412 
-30.7113 -0.6356 9.8912 
-30.4886 -0.9959 9.5925 
-32.991 -6.6986 9.6773 
-33.2766 -8.1511 9.7271 
-32.7095 -7.129 9.4205 
-32.9899 -11.829 9.452 
-33.0496 -12.631 9.5063 
-33.0767 -13.4288 9.6766 
-31.9322 -3.3963 9.6079 
-32.1694 -5.7872 9.398 
-32.6931 -8.7802 9.398 
-31.2076 -3.0771 9.398 
-32.0599 -4.1507 9.5029 
-33.0454 -8.2863 9.487 
-33.199 -9.5988 9.5105 
-32.6535 -13.8687 9.4273 
-30.9431 -7.7412 9.398 
-30.9431 -9.6792 9.398 
-32.6056 -7.9844 9.398 
-32.7439 -9.5995 9.398 
-32.9733 -10.8589 9.4147 
-29.1296 -6.7722 9.398 
-30.9431 -6.7722 9.398 
-24.8646 -20.9903 9.398 
-20.0621 -26.6369 9.398 
-19.1553 -27.1214 9.398 
-18.7019 -27.6059 9.398 
-16.1987 -26.956 9.398 
-18.2486 -29.0594 9.398 
-22.7823 -26.1524 9.398 
-13.7071 -26.956 9.398 
-10.9945 -30.0284 9.398 
-12.808 -30.0284 9.398 
-10.0878 -31.9664 9.398 
-11.9013 -31.9664 9.398 
-8.2743 -31.9664 9.398 
-6.4608 -31.9664 9.398 
-7.3675 -30.0284 9.398 
-5.554 -30.0284 9.398 
-19.0445 -26.8481 9.398 
-3.7405 -31.562 9.398 
-3.7405 -26.956 9.398 
-3.7405 -29.259 9.398 
-6.2322 -26.956 9.398 
-31.5844 -3.4516 9.4117 
-30.0363 -4.8342 9.398 
-30.9431 -11.6172 9.398 
-32.5703 -12.8533 9.398 
-32.3215 -15.2051 9.424 
-32.1332 -15.6247 9.4218 
-29.0405 -2.8962 9.398 
-28.2228 -20.3383 9.398 
-28.9159 -22.3526 9.4203 
-26.0971 -25.5209 9.398 
-13.7148 -31.9664 9.398 
-5.2413 -32.9356 9.398 
-9.181 -30.0284 9.398 
-11.2155 -26.956 9.398 
-26.9561 -5.5164 9.398 
-22.9569 -22.9161 9.398 
-30.9431 -16.4623 9.398 
-30.9431 -13.5552 9.398 
-27.3161 -21.3073 9.398 
-18.9348 -26.9072 9.398 
-18.9286 -27.1214 9.398 
-18.8156 -26.9436 9.398 
-18.6904 -26.956 9.398 
-8.7238 -26.956 9.398 
-19.1415 -26.7679 9.398 
-4.6473 -31.9664 9.398 
-31.8156 -4.6096 9.398 
30.8018 -2.7991 18.303 
32.11 -2.5763 16.6059 
31.2744 0.1187 17.0689 
31.052 -1.0879 17.6438 
31.8213 -4.2996 17.2479 
31.8789 -5.7218 17.2115 
32.5458 4.5702 13.7139 
31.9457 6.0673 13.9094 
31.6082 9.8264 12.1436 
32.4186 -0.4971 15.7099 
33.3955 0.0877 13.7148 
33.0846 5.4975 12.1968 
32.1421 8.4329 12.2279 
32.6458 6.9434 12.2087 
33.0298 7.9633 10.6124 
32.5464 9.4373 10.6454 
31.7099 10.9455 11.1404 
32.6737 10.4235 9.3346 
32.2335 11.7562 9.1183 
30.0197 16.9042 8.2408 
30.7255 -10.5531 18.5962 
31.6523 -9.7139 17.1875 
32.6287 -8.3161 15.4542 
32.7093 -5.069 15.7472 
32.4309 -6.311 16.2363 
32.9487 -3.7949 15.2446 
33.6932 -3.0728 13.4348 
32.8977 -2.1804 15.2204 
33.428 -1.299 13.9534 
33.2527 2.4552 13.3022 
33.9983 0.7857 11.9268 
33.6873 3.795 11.6389 
33.8518 7.01 8.6293 
33.3402 8.7989 8.8096 
31.1226 16.3236 5.4981 
30.9891 15.5782 7.6144 
29.79 -16.0401 17.8375 
31.9827 -11.1322 15.8918 
33.3967 9.5242 7.5092 
33.4749 6.4139 10.6072 
33.8757 4.7664 10.4249 
33.9406 5.9074 9.2043 
31.1704 -14.2828 15.7791 
30.2429 -14.5504 17.9098 
31.0724 -12.6592 17.2542 
32.9844 -6.9613 14.9203 
33.2663 -5.7024 14.4252 
33.6438 -6.434 12.9462 
30.0232 18.808 2.9212 
30.0374 18.7532 3.6361 
30.4624 17.9184 2.5396 
30.0391 18.4815 5.0407 
30.032 18.2659 5.7244 
30.0153 17.6779 7.0397 
30.4782 15.7733 8.692 
30.0399 16.4561 8.7882 
30.0764 15.9699 9.2982 
31.3241 13.978 8.9985 
30.2112 14.891 10.1997 
31.5869 15.4803 4.4489 
31.2818 16.2135 3.9652 
29.9966 18.8081 2.202 
29.9548 18.7528 1.4814 
32.3203 13.4853 5.5584 
32.4252 12.5951 7.2314 
30.1955 -16.2536 16.5818 
33.8111 -5.4685 12.6359 
33.5446 -4.6287 13.8087 
34.2795 0.6808 10.8495 
28.626 -18.0814 18.6105 
29.0778 -17.3323 18.3212 
30.4505 13.6834 10.9331 
30.5728 13.1466 11.2066 
30.6851 12.6106 11.4798 
30.7876 12.075 11.7527 
30.8802 11.5397 12.0254 
30.9629 11.0046 12.2981 
31.0358 10.4693 12.5708 
31.0988 9.9337 12.8436 
31.1521 9.3977 13.1168 
31.1955 8.8609 13.3903 
31.2532 7.7845 13.9387 
31.2674 7.2445 14.2139 
31.8883 7.2853 13.3295 
31.2719 6.7029 14.4898 
31.2667 6.1596 14.7666 
31.2519 5.6145 15.0444 
31.2274 5.0672 15.3233 
31.6135 4.9695 14.8847 
31.1938 4.525 15.5995 
31.151 3.9857 15.8744 
30.8863 1.8532 16.9609 
30.6972 0.799 17.498 
30.5884 0.2743 17.7654 
30.4699 -0.2491 18.0321 
30.3418 -0.7714 18.2982 
30.2039 -1.2927 18.5638 
30.0562 -1.8134 18.8291 
29.8987 -2.3335 19.0941 
29.7314 -2.8532 19.3589 
30.3133 -3.6285 18.9651 
30.7965 1.3252 17.2299 
30.3162 14.3023 10.5882 
31.3373 12.7457 10.2529 
31.9876 -7.3561 16.9802 
30.4881 16.794 7.1532 
30.0126 17.3121 7.6575 
30.543 17.5853 4.9832 
30.0232 17.9978 6.3918 
33.9486 -1.114 12.5288 
33.9928 2.2345 11.4109 
34.1666 4.0116 9.7556 
32.7772 11.3118 7.7883 
31.8077 14.4252 6.5878 
30.5875 -15.5069 16.2815 
32.1076 -11.9851 14.8553 
32.8411 -9.7889 14.0679 
32.3845 -9.9563 15.4338 
31.9918 14.4491 5.0787 
30.0418 18.6441 4.3436 
29.5541 -3.3729 19.6237 
30.1324 15.4475 9.7692 
31.2292 8.3233 13.6642 
-34.071 -7.9811 38.8068 
-33.2438 -2.7766 38.7388 
-34.1401 -4.4563 38.5001 
-33.4505 -6.3558 38.8966 
-33.9431 -5.5598 38.761 
-34.6235 -7.6459 38.5529 
-34.6794 -9.112 38.5934 
-34.5832 -10.6757 38.668 
-34.5472 -13.4366 38.5627 
-34.2566 -14.8403 38.5998 
-34.2013 -6.4342 38.7092 
-34.8141 -5.3159 38.0596 
-35.4109 -9.0492 37.9779 
-34.734 -11.9879 38.5382 
-35.4486 -10.5399 37.9727 
-35.3727 -12.0468 37.9831 
-34.1954 -3.424 38.1622 
-34.6963 -4.1297 37.7409 
-35.1375 -6.7894 38.016 
-35.7302 -7.8003 36.9965 
-35.3085 -7.96 37.9924 
-35.857 -9.295 37.0128 
-35.8718 -10.9923 36.9873 
-35.574 -13.8175 37.0491 
-34.9584 -14.6627 38.0401 
-35.1808 -13.5492 38.0097 
-35.2369 -15.4149 37.0876 
-34.6997 -17.2422 36.8987 
-34.6893 -15.7133 38.081 
-34.0713 -12.836 38.8 
-34.4068 -17.5822 37.6108 
-33.9063 -1.5967 37.4166 
-29.3048 -26.5006 37.7958 
-13.6923 -35.8525 37.6132 
-20.2073 -33.774 37.3841 
-20.0407 -33.459 38.2938 
-21.2807 -33.1158 37.7939 
-22.8618 -32.2511 37.5009 
-23.9557 -31.523 37.4782 
-23.6465 -31.2944 38.4233 
-32.3148 -21.6673 38.1574 
-32.7672 -21.5814 37.246 
-33.8099 -19.2694 37.4948 
-12.1072 -36.4003 36.9542 
-10.9943 -36.155 37.5389 
-10.6639 -36.5972 36.7601 
-12.4419 -35.6474 38.0421 
-20.8611 -32.6689 38.7207 
-24.316 -30.4149 38.8115 
-26.3525 -29.5149 37.8744 
-28.6193 -27.2811 37.8224 
-29.1542 -25.7577 38.7172 
-30.4037 -25.1002 37.7846 
-30.1617 -24.5822 38.5749 
-31.195 -24.012 37.6966 
-30.9761 -23.2749 38.6134 
-10.7137 -35.9017 37.8009 
-15.135 -35.3362 38.0016 
-22.2537 -32.2415 38.3595 
-16.4465 -34.1721 38.7804 
-16.1765 -35.0747 37.9986 
-17.6675 -34.5335 38.1335 
-18.1326 -33.4629 38.9424 
-25.3086 -30.0333 38.4358 
-31.6279 -21.8353 38.7066 
-33.0234 -20.3004 38.0984 
-32.1987 -20.4415 38.7826 
-13.9516 -35.2081 38.3137 
-14.7918 -34.548 38.6851 
-19.0541 -33.8649 38.3432 
-29.8771 -24.3374 38.8881 
-22.2228 -31.7248 38.8736 
-21.802 -31.0008 39.3433 
-23.1188 -30.6834 39.1724 
-26.7007 -28.3889 38.797 
-27.8035 -27.2913 38.77 
-26.5602 -27.5334 39.2539 
-27.0935 -26.6041 39.3505 
-33.3912 -18.745 38.418 
-34.1036 -16.8714 38.3468 
-13.2024 -34.3326 38.7268 
-17.2742 -32.9912 39.1504 
-19.9626 -32.5903 39.0609 
-18.8078 -32.239 39.2774 
-11.4118 -34.9643 38.3884 
-15.4006 -33.585 38.9915 
-21.6937 -30.2607 39.4134 
-24.7414 -29.4592 39.1859 
-24.468 -28.5394 39.441 
-25.0694 -28.5961 39.3734 
-28.2774 -25.6825 39.1948 
-10.2622 -35.2312 38.1669 
-23.4985 -29.8452 39.3741 
-30.1982 -22.935 39.1374 
-27.1472 -28.7859 37.8627 
-24.979 -30.6749 37.8374 
-11.0594 -36.6568 36.3222 
-27.8897 -28.054 37.845 
-27.9487 -28.1283 37.114 
-31.7626 -23.1433 37.6589 
-31.8293 -23.2147 36.9189 
-33.5242 -16.393 38.8043 
-20.9622 -31.5075 39.3156 
-10.0694 -34.7591 38.252 
-11.6873 -36.5681 -33.5753 
-11.66 -36.5704 -22.1304 
-34.4002 -18.0583 -35.4133 
-33.7112 -19.707 -35.4133 
-15.8287 -35.5896 -20.4565 
-17.414 -35.0207 -18.7957 
-27.7715 -28.3084 -35.9425 
-26.5539 -29.4545 -35.5854 
-23.8217 -31.6154 -36.2416 
-18.1195 -34.7436 -20.6546 
-14.0681 -36.0773 -18.8237 
-34.1408 -18.7001 37.001 
-33.904 -19.2786 20.9268 
-34.1157 -18.777 19.2048 
-32.525 -22.0404 19.3069 
-26.6646 -29.36 19.1708 
-18.4703 -34.5983 20.6792 
-17.1484 -35.1227 19.1193 
-13.1355 -36.2952 21.147 
-33.6628 -19.8217 36.1896 
-25.2067 -30.5893 21.4264 
-33.4714 -19.8701 -16.7547 
-33.1079 -20.9442 -18.5971 
-32.5179 -21.7377 -16.754 
-30.2436 -25.2248 -16.7544 
-29.6382 -26.1967 -18.2288 
-28.917 -26.8527 -16.7531 
-27.4762 -28.3841 -16.7552 
-28.2535 -27.7692 -18.2261 
-26.94 -29.1059 -18.6697 
-25.9294 -29.8056 -16.7528 
-25.8078 -30.1026 -19.1745 
-23.5234 -31.8222 -18.5304 
-22.5683 -32.2773 -16.7544 
-20.2747 -33.765 -18.7772 
-18.7207 -34.3706 -17.0787 
-16.9508 -35.0314 -16.7555 
-15.5024 -35.6453 -18.2266 
-12.3855 -36.2116 -16.2715 
-31.4435 -23.5187 -16.755 
-30.6526 -24.2355 -15.2953 
-28.0267 -27.4575 -15.2957 
-26.5438 -28.9234 -15.2949 
-24.9701 -30.2674 -15.2941 
-23.7233 -31.1963 -15.2958 
-22.4352 -32.0618 -15.2936 
-23.8699 -31.4024 -16.755 
-21.056 -32.7615 -14.8259 
-20.7565 -33.3301 -16.7548 
-15.4657 -35.5245 -16.7549 
-13.8841 -35.7051 -15.2952 
-13.9449 -35.9506 -16.7534 
-12.3523 -36.037 -15.2958 
-10.7555 -36.3751 -15.5952 
-33.6643 -18.8132 -15.2939 
-32.7853 -20.6984 -15.2952 
-32.2448 -20.606 -13.2665 
-31.7791 -22.5071 -15.2937 
-29.3969 -25.893 -15.2954 
-29.7665 -24.8626 -13.8787 
-28.467 -26.4577 -13.879 
-25.1314 -29.6864 -13.8779 
-19.7137 -33.5794 -15.2946 
-17.8295 -34.4217 -15.2951 
-15.8822 -35.1325 -15.2952 
-16.7485 -34.4676 -13.8792 
-22.2506 -31.7694 -13.8787 
-19.1133 -33.4781 -13.8769 
-12.7986 -35.5992 -13.8793 
-33.6675 -17.9435 -13.9608 
-32.9285 -19.617 -13.8791 
-31.7242 -21.9131 -13.8794 
-30.6621 -23.6047 -13.8792 
-27.4363 -26.897 -12.4856 
-27.0565 -27.9566 -13.8794 
-24.8328 -29.327 -12.4867 
-19.3573 -32.8474 -12.4847 
-18.1618 -33.9037 -13.8773 
-17.5247 -33.6669 -12.4853 
-15.6325 -34.3578 -12.4854 
-14.798 -35.1025 -13.8787 
-13.5556 -34.797 -12.0918 
-11.7841 -35.33 -12.5185 
-32.9142 -18.4956 -12.4838 
-30.2735 -23.3447 -12.4867 
-29.2549 -23.795 -11.099 
-29.6917 -24.1722 -12.4867 
-28.0146 -25.3812 -11.1049 
-28.7684 -25.3756 -12.4853 
-27.0236 -26.4906 -11.0904 
-25.9805 -27.5266 -11.0755 
-26.0672 -28.65 -13.2661 
-23.702 -30.573 -13.2655 
-21.9993 -31.3742 -12.4847 
-22.9797 -30.0076 -11.0755 
-20.7933 -32.2795 -12.9302 
-31.0335 -21.8945 -12.1051 
-24.8883 -28.5176 -11.0693 
-11.3049 -34.8304 -11.1221 
-34.3128 -17.4025 -15.743 
-12.8598 -36.327 -18.228 
-29.495 -26.4367 -19.0866 
-34.2569 -18.2366 -17.3794 
-9.6318 -35.5986 -12.4292 
-10.8488 -35.8243 -13.5222 
-30.6332 -21.2831 -10.664 
-30.1666 -20.9289 -9.625 
-29.6127 -21.8475 -9.625 
-28.5334 -23.6334 -9.7792 
-25.857 -26.4114 -9.5038 
-21.1839 -30.4045 -9.7839 
-20.4179 -30.7191 -9.625 
-32.1014 -22.7077 -18.2259 
-24.6899 -30.8886 -17.2635 
-24.3338 -31.2696 -19.221 
-22.0505 -32.7749 -19.1684 
-22.1806 -32.6596 -18.2266 
-18.3988 -34.6299 -19.1652 
-34.918 -16.1088 -16.7778 
-30.1221 -22.5544 -11.1184 
-24.0343 -28.3548 -9.783 
-20.9141 -31.3607 -11.099 
-19.1796 -32.3021 -11.1146 
-17.629 -32.2649 -9.7824 
-11.0646 -33.8124 -9.4418 
-10.8423 -34.1352 -9.7018 
-12.1501 -33.6642 -9.4586 
-19.5536 -31.1126 -9.5119 
-22.242 -29.5571 -9.625 
-23.1236 -28.9172 -9.625 
-23.7063 -28.1683 -9.4246 
-27.6092 -24.3686 -9.5028 
-27.8201 -24.4518 -9.6863 
-28.306 -23.4222 -9.4546 
-29.7681 -21.0037 -9.4211 
-32.2267 -16.1477 -9.5082 
-31.9292 -16.5458 -9.4332 
-21.833 -29.4661 -9.421 
-21.2498 -30.029 -9.5028 
-25.2291 -27.0619 -9.5206 
-27.4004 -24.719 -9.5045 
-28.4443 -22.6261 -9.398 
-29.046 -22.5839 -9.5196 
-13.1362 -33.8133 -9.8676 
-11.7081 -34.0421 -9.7675 
-26.6043 -25.9497 -9.7842 
-30.7816 -20.0664 -9.7823 
-10.4755 -33.6979 -9.4027 
-14.0886 -32.8206 -9.398 
-18.9122 -31.4538 -9.5182 
-18.5834 -31.0915 -9.398 
-22.7255 -28.831 -9.4204 
-22.7823 -28.0904 -9.398 
-4.0502 -34.3093 -9.5243 
-5.1503 -34.227 -9.4671 
-5.2131 -34.3997 -9.5817 
-6.4103 -34.4758 -9.6586 
-6.7104 -34.1163 -9.4205 
-7.2473 -34.5278 -9.7846 
-8.2956 -34.3903 -9.6669 
-4.4492 -34.3889 -9.56 
-7.3675 -32.9354 -9.398 
-8.436 -33.7889 -9.398 
-8.1227 -34.1982 -9.5029 
-5.5264 -34.3023 -9.4791 
-8.8769 -34.148 -9.482 
-9.6829 -33.7306 -9.3999 
-10.1763 -34.1398 -9.5757 
-2.1008 -33.766 -9.1959 
-2.5855 -34.4504 -9.7683 
-2.8133 -34.1085 -9.4137 
-3.2011 -34.1129 -9.4337 
-2.4328 -33.905 -9.2844 
-4.054 -34.4684 -9.6672 
-3.217 -33.8429 -9.3823 
-4.289 -34.0515 -9.4101 
-9.1491 -36.8239 -17.7041 
-7.5283 -36.7941 -16.4318 
-5.7487 -37.0102 -17.9582 
-4.1091 -36.8238 -16.4336 
6.0604 -35.3567 -17.9313 
9.2528 -34.1035 -16.4312 
10.7682 -33.4837 -16.4334 
10.8535 -33.6266 -17.9596 
-9.0972 -36.2991 -14.466 
-7.5165 -36.5644 -15.1643 
-5.7923 -36.8444 -16.4296 
-4.1168 -36.5937 -15.1641 
-2.432 -36.5026 -15.1641 
-0.728 -36.3389 -15.1644 
-2.4156 -36.7318 -16.431 
-0.7021 -36.5671 -16.4306 
0.9184 -36.1116 -15.1656 
0.9544 -36.3386 -16.433 
2.6609 -35.7956 -15.1662 
2.7058 -36.0206 -16.4314 
4.3616 -35.6467 -16.4317 
5.9282 -34.9865 -15.1666 
5.9916 -35.2069 -16.4319 
7.7043 -34.6658 -16.4321 
9.1708 -33.8888 -15.1642 
12.3628 -32.7522 -16.4311 
13.6976 -31.6845 -14.6233 
-5.7897 -36.6143 -15.1618 
-5.7871 -36.3034 -13.9241 
2.599 -35.4905 -13.9264 
4.2311 -35.121 -13.9233 
4.3069 -35.4237 -15.1659 
7.6308 -34.4483 -15.1659 
9.0585 -33.5982 -13.924 
10.6771 -33.2727 -15.1658 
10.5529 -32.9872 -13.926 
12.2625 -32.5451 -15.1631 
-7.5003 -36.2543 -13.9276 
-5.7837 -35.909 -12.7036 
-4.1283 -36.2822 -13.9235 
-4.2102 -35.6696 -12.0912 
-2.4846 -35.7988 -12.704 
-0.8111 -35.6378 -12.7036 
-2.4545 -36.1925 -13.9263 
-0.7649 -36.0293 -13.9234 
0.8685 -35.8035 -13.9231 
0.8072 -35.4142 -12.7036 
5.7285 -34.3079 -12.701 
5.8405 -34.6874 -13.9253 
7.5293 -34.1531 -13.9234 
10.3954 -32.6245 -12.7021 
12.1274 -32.2652 -13.9257 
-7.4815 -35.8593 -12.7033 
-7.4576 -35.3818 -11.505 
-2.6356 -35.1513 -11.0934 
2.4225 -34.6349 -11.5042 
4.0213 -34.274 -11.5045 
2.5188 -35.1033 -12.7027 
4.1367 -34.7379 -12.7027 
5.4719 -33.6238 -10.931 
7.4027 -33.7795 -12.7027 
8.9159 -33.2298 -12.702 
11.9554 -31.9099 -12.704 
-6.0495 -34.6365 -9.8956 
-5.8059 -35.4381 -11.5231 
-0.8666 -35.1631 -11.5055 
0.7321 -34.9426 -11.5063 
2.3131 -34.0614 -10.2902 
3.9675 -33.643 -10.2093 
7.0604 -32.8274 -10.3905 
7.2485 -33.3274 -11.5054 
8.7435 -32.784 -11.5041 
8.494 -32.2268 -10.2407 
10.0498 -31.9919 -10.9562 
11.7462 -31.4794 -11.5043 
-3.4598 -34.7657 -10.2316 
6.3461 -32.4362 -9.3194 
-11.019 -36.6185 -17.7134 
-9.1572 -36.6759 -16.4079 
-9.0576 -34.709 -10.2958 
11.1072 -33.5651 -19.2267 
4.4307 -35.7973 -17.9282 
3.9795 -35.9489 -19.1836 
2.774 -36.1727 -17.9276 
2.3507 -36.2987 -19.152 
-7.4986 -36.9616 -17.967 
14.1416 -29.3976 -10.067 
-4.0651 -36.9866 -17.9501 
-2.3667 -36.8924 -17.9397 
-0.6437 -36.7248 -17.9348 
1.0074 -36.4947 -17.9276 
9.3398 -34.2466 -17.9532 
12.4646 -32.8871 -17.966 
13.8636 -31.9944 -16.4827 
13.4426 -31.1595 -12.7256 
14.9282 -30.7739 -13.8957 
14.473 -30.0722 -11.571 
-7.2412 -34.8308 -10.3357 
-4.6104 -34.8805 -10.3693 
-3.2438 -34.4482 -9.6909 
13.023 -30.5589 -10.9543 
24.0598 -24.3126 -17.3586 
17.9975 -29.4226 -16.4683 
17.6872 -29.8632 -18.1445 
19.2447 -28.7662 -18.5372 
20.4223 -27.8222 -18.3295 
20.2656 -27.715 -16.6233 
23.7592 -24.8175 -18.9035 
25.1743 -23.0087 -17.0599 
24.9577 -23.5178 -18.7285 
26.7177 -21.1228 -17.1271 
16.4124 -30.074 -14.6573 
18.7231 -28.4838 -14.8479 
18.9246 -28.7525 -16.5302 
21.3297 -26.371 -15.044 
21.5522 -26.6226 -16.7255 
22.8181 -25.4644 -16.8326 
24.5358 -23.2126 -15.3383 
26.7096 -20.6073 -15.5821 
17.5282 -28.7633 -13.1738 
17.8038 -29.1486 -14.7874 
20.0535 -27.4552 -14.9439 
21.0155 -26.0182 -13.4343 
22.1747 -25.6053 -15.1157 
23.0496 -24.1006 -13.6142 
23.3883 -24.4307 -15.2252 
24.1827 -22.8969 -13.7255 
25.6594 -21.9271 -15.4578 
27.884 -19.2296 -16.2434 
18.4394 -28.1054 -13.2371 
19.7561 -27.0873 -13.3327 
21.8505 -25.261 -13.505 
23.7212 -22.4749 -12.1358 
24.933 -22.0478 -13.8076 
25.9989 -20.7572 -13.9292 
16.9008 -27.4376 -9.9802 
17.8822 -27.5213 -11.2385 
19.3624 -26.6018 -11.7434 
20.6021 -25.5483 -11.843 
22.6057 -23.66 -12.0242 
23.3044 -22.0936 -10.987 
24.2572 -21.6045 -11.8064 
25.0358 -20.0498 -11.1794 
25.5093 -20.3691 -12.3407 
26.5221 -19.0554 -12.5153 
15.1226 -28.1035 -9.0942 
16.0656 -28.8317 -11.1753 
18.6593 -25.91 -9.8371 
21.8243 -23.0587 -10.1198 
22.3407 -22.0763 -9.6451 
23.7502 -20.4953 -9.8099 
16.1931 -29.6525 -13.0616 
21.2198 -27.1964 -19.5962 
26.7127 -18.063 -11.6946 
18.4296 -29.378 -20.4756 
22.1505 -26.3364 -18.4668 
24.7789 -23.761 -20.4756 
26.3196 -21.9519 -18.7702 
16.6026 -30.3579 -16.3529 
15.1562 -31.2559 -16.3103 
27.4029 -18.9595 -14.2644 
27.8702 -17.1937 -12.8259 
19.2766 -25.0006 -9.3619 
20.2294 -25.123 -10.6929 
21.2354 -24.7385 -11.5052 
29.1835 -17.9636 -19.2269 
31.0327 -14.6846 -19.5232 
32.3499 -11.2539 -18.1371 
32.7851 -10.0646 -18.2457 
33.18 -9.472 -19.9846 
33.3602 -8.2825 -18.4091 
33.833 -6.4849 -18.572 
34.1087 -5.2448 -18.6855 
34.7257 -2.1428 -19.8139 
34.3647 -3.3882 -18.3997 
29.962 -16.3189 -17.6738 
29.6693 -16.1544 -15.9923 
30.8424 -14.6603 -17.8261 
31.3378 -12.837 -16.299 
31.644 -12.9742 -17.9791 
32.0361 -11.1342 -16.4552 
32.4686 -9.9537 -16.5657 
28.647 -16.9357 -14.2518 
30.1192 -14.2993 -14.5345 
30.542 -14.5106 -16.1445 
30.9043 -12.6482 -14.6883 
31.5948 -10.9656 -14.8457 
33.0473 -6.2969 -15.2823 
33.0376 -8.1892 -16.7274 
33.5067 -6.4065 -16.8911 
33.7801 -5.1776 -17.0052 
34.1125 -3.3493 -17.1737 
33.6446 -3.2789 -15.5621 
34.4585 -1.4975 -17.79 
29.5444 -15.3958 -14.4314 
30.332 -12.3949 -13.0971 
31.4306 -9.5955 -13.3643 
32.0216 -9.8002 -14.9553 
31.9837 -7.8802 -13.5266 
32.583 -8.0585 -15.116 
32.4393 -6.1496 -13.6911 
32.7038 -4.9583 -13.8035 
33.316 -5.085 -15.3932 
32.8639 -3.3646 -13.6465 
33.8788 -1.4599 -15.7473 
28.9973 -15.0946 -12.8431 
29.2781 -13.2717 -11.7973 
29.561 -14.0172 -12.944 
31.013 -10.7386 -13.2575 
30.2546 -11.1181 -12.0401 
31.0543 -8.8894 -12.2219 
31.9199 -4.8945 -12.2483 
34.6874 -3.0804 -20.9396 
34.4558 -4.0168 -19.6886 
33.9755 -6.8103 -21.2048 
28.7081 -17.7269 -15.8026 
32.5408 -11.2615 -19.8354 
32.2185 -12.166 -20.9455 
31.6184 -13.543 -20.745 
30.9753 -14.875 -20.6554 
29.4896 -17.5382 -20.5561 
30.1517 -16.3493 -19.3602 
31.8354 -12.9865 -19.6662 
33.6998 -7.7276 -20.1478 
34.1391 -5.9306 -20.1576 
28.0772 -19.5017 -18.2407 
28.9994 -17.9059 -17.4977 
34.8035 0.1819 -19.0533 
33.2601 -1.4013 -14.162 
27.1843 -16.931 -11.369 
28.1969 -15.3703 -11.6309 
30.0347 -9.8684 -10.9633 
30.7553 -7.5654 -11.1193 
31.7391 -6.6253 -12.4749 
32.6882 -1.3436 -12.9904 
32.9162 0.2108 -13.313 
32.5637 16.0052 -19.6832 
32.7511 15.5064 -17.3481 
32.1597 17.0146 -19.6832 
31.8356 17.7716 -19.5529 
32.3687 16.5028 -17.3481 
31.1288 19.2875 -19.3575 
31.4617 18.5879 -17.3481 
30.1886 21.0596 -19.0791 
29.467 22.2808 -18.2502 
34.7498 7.4566 -18.7865 
29.8005 21.7304 -16.0022 
29.3643 22.447 -16.4871 
29.3672 22.4424 -16.1869 
29.3758 22.4286 -15.89 
29.3901 22.4056 -15.5959 
29.4101 22.3733 -15.304 
29.4101 22.3733 -17.6705 
29.3758 22.4286 -17.0844 
29.5463 22.1508 -18.8279 
29.5373 21.9696 -19.4446 
32.9447 14.9678 -19.6832 
30.5553 20.3964 -21.4242 
32.5208 16.1066 -21.1232 
30.6558 20.2128 -15.1931 
30.5616 -15.651 -22.944 
30.2818 -16.1798 -20.5923 
31.4545 -13.8827 -22.652 
28.1461 -19.5785 -20.2941 
28.3915 -19.226 -21.894 
29.7915 21.7483 -13.2688 
29.5357 21.9412 -13.4455 
29.5316 21.8594 -13.216 
29.5272 21.7717 -12.989 
29.9979 21.388 -12.6767 
29.5225 21.6783 -12.7643 
29.5175 21.579 -12.5423 
29.5122 21.4741 -12.3229 
29.5067 21.3636 -12.1063 
29.5009 21.2474 -11.8927 
29.4948 21.1258 -11.682 
30.8927 19.7527 -21.9326 
31.512 18.2781 -22.7878 
30.3 16.01 -24.885 
30.8474 14.1008 -25.0026 
29.9846 15.2423 -25.2657 
29.2486 15.9593 -25.4232 
29.2759 16.5578 -25.2057 
29.3027 17.1362 -24.95 
29.3287 17.6932 -24.6576 
29.3539 18.2272 -24.33 
29.3782 18.7367 -23.9687 
29.4015 19.2202 -23.5751 
29.4236 19.6761 -23.1507 
29.4445 20.103 -22.6971 
29.464 20.4993 -22.2158 
29.482 20.8635 -21.7081 
29.9679 21.4427 -20.2326 
29.4985 21.1942 -21.1757 
29.5132 21.4898 -20.62 
29.5262 21.7488 -20.0424 
30.1356 19.1205 -23.2004 
30.4777 17.5377 -24.1098 
29.2208 15.3424 -25.601 
31.9264 15.614 -23.8533 
29.3566 -0.1153 -29.0317 
29.3539 4.9511 -27.9085 
30.7873 5.6006 -26.8418 
29.3237 9.0039 -27.01 
29.3115 10.0171 -26.7854 
29.2809 12.0435 -26.3362 
29.2623 13.0567 -26.1116 
29.2415 14.0699 -25.8869 
32.1161 13.6372 -24.1201 
29.2182 15.0831 -25.6623 
23.0843 -16.6964 -32.7078 
31.8322 -6.0564 -26.054 
27.035 -19.2113 -27.1611 
32.4806 1.1503 -25.3259 
31.0697 -11.2549 -25.9274 
30.0612 -14.0753 -26.153 
27.0283 -9.1982 -31.0452 
28.9243 -14.0913 -27.4315 
29.4869 -12.1239 -27.4623 
33.3988 -2.7113 -24.408 
13.1584 -30.1202 -34.7735 
11.6778 -32.9834 -32.9547 
12.1857 -32.5919 -32.9878 
15.1582 -31.423 -29.7556 
16.7795 -29.8625 -30.5159 
16.6138 -30.564 -28.7819 
18.018 -29.6503 -27.8963 
19.2028 -28.2724 -28.9539 
19.7137 -28.3884 -27.1503 
21.7632 -25.9281 -28.1928 
22.5741 -25.8877 -26.1799 
22.9504 -25.0232 -27.3324 
23.8591 -24.6319 -25.7349 
12.8434 -31.5267 -33.8558 
13.5356 -31.4097 -33.0418 
13.2743 -32.0469 -32.2897 
14.7535 -31.2405 -31.3834 
15.06 -30.3316 -32.3959 
16.0375 -30.3661 -30.8748 
19.6236 -27.1221 -29.8826 
20.5944 -27.049 -28.5304 
24.1005 -23.6364 -27.3153 
17.7169 -29.1651 -30.1272 
16.9157 -28.9147 -31.5496 
18.6604 -27.9609 -30.2756 
18.2608 -27.3721 -31.256 
24.5672 -22.2088 -28.0307 
24.9442 -22.6285 -27.0927 
13.7201 -30.3722 -33.9814 
14.8713 -29.6512 -33.2822 
16.9698 -28.1001 -32.126 
20.3008 -27.9612 -26.3744 
15.0657 -31.5502 -28.6832 
10.3279 -33.8281 -32.6397 
9.5679 -34.0294 -33.751 
11.6572 -33.2554 -31.6309 
20.9635 -27.3312 -26.8204 
11.6899 -32.0996 -34.6393 
10.9806 -32.899 -34.3887 
12.7576 -30.7096 -34.7983 
-10.1097 -36.5381 -35.7448 
-9.5106 -36.5569 -35.7979 
-1.8861 -36.8874 -34.2639 
-1.9733 -36.673 -34.9565 
-8.1171 -36.8733 -35.2265 
-5.3 -36.9641 -34.9494 
-6.6328 -36.9514 -35.0652 
-3.982 -36.3755 -35.7513 
-3.9151 -36.9361 -34.8183 
2.0272 -35.7317 -35.1728 
2.847 -36.1256 -34.166 
5.4876 -35.5149 -33.852 
5.9581 -34.8012 -34.794 
7.9964 -34.7024 -33.6992 
0.0712 -36.3382 -34.9795 
-0.1038 -35.5889 -35.7581 
-10.344 -35.7906 -36.5979 
-5.343 -36.4703 -35.7809 
-6.6802 -36.3748 -36.0112 
-5.3215 -35.8091 -36.2997 
-4.0089 -35.6822 -36.2308 
-1.9759 -36.2649 -35.5583 
-1.7725 -35.3138 -36.1269 
2.0308 -34.788 -35.7622 
3.9628 -35.3192 -34.9863 
4.6811 -34.1981 -35.5054 
7.87 -34.083 -34.6874 
9.2539 -33.7108 -34.4541 
8.9083 -33.0896 -34.9872 
-10.2485 -35.1312 -36.934 
-8.4238 -36.1812 -36.2769 
-8.7465 -35.2631 -36.804 
-6.5648 -35.6831 -36.4672 
-7.9381 -35.6145 -36.5994 
-5.2798 -35.4794 -36.4318 
7.7212 -33.6328 -35.0436 
7.5816 -33.0901 -35.2581 
10.3086 -32.7675 -34.7337 
-3.1422 -35.4115 -36.2588 
3.8093 -34.6518 -35.4781 
3.1775 -34.1371 -35.7222 
6.3558 -33.9654 -35.2329 
5.8369 -33.4399 -35.4677 
-8.1108 -34.261 -36.8215 
-6.5308 -33.7632 -36.6694 
-2.2762 -34.6467 -36.2597 
10.0365 -32.148 -35.0217 
-3.4218 -36.9961 -34.0877 
1.3978 -36.4194 -34.2469 
4.1833 -35.8514 -33.9758 
3.8864 -35.9663 -33.2523 
-10.6445 -36.7116 -34.9985 
11.2242 -31.6219 -34.9073 
-7.8929 -35.156 -36.7481 
-6.9208 -35.1992 -36.6666 
-5.2438 -34.7618 -36.5454 
7.6898 -30.776 -35.3001 
16.7082 -30.5446 21.0573 
15.5964 -31.2329 21.0573 
18.2191 -29.5275 21.0573 
20.1899 -28.0459 21.0573 
20.827 -27.5339 20.3482 
21.8886 -26.6102 22.5509 
22.3794 -26.1647 21.0573 
23.684 -24.9085 19.6451 
23.8864 -24.7033 20.8673 
11.8664 -33.182 29.8422 
12.1236 -33.0888 28.2516 
10.3906 -33.8427 30.4593 
8.4821 -34.6069 29.808 
5.2309 -35.6282 32.199 
-0.2358 -36.6837 34.2237 
17.2825 -30.1654 18.565 
24.937 -23.5886 19.5985 
26.7731 -21.4266 19.4514 
-7.3689 -37.0066 19.1385 
-5.2186 -37.047 19.2733 
6.3976 -35.2959 19.1372 
7.7662 -34.8465 18.6417 
-6.3199 -37.036 21.0573 
-2.576 -36.943 21.0573 
-2.7049 -36.9538 19.1197 
1.121 -36.513 21.0573 
1.0828 -36.5244 19.0826 
2.7318 -36.2152 18.7801 
8.4158 -34.6275 19.1788 
14.5379 -31.8439 21.0573 
13.427 -32.4439 19.2531 
22.1349 -26.3885 19.5636 
24.9772 -23.5436 21.0573 
24.0469 -24.5429 22.2559 
23.0227 -25.5613 21.1813 
16.3713 -30.7583 -20.4756 
17.4216 -30.0765 -21.7725 
19.681 -28.4464 -24.3664 
19.681 -28.4464 -21.7725 
20.4219 -27.859 -20.4756 
20.6655 -27.6597 -21.7725 
22.8511 -25.7229 -21.7725 
21.6812 -26.794 -21.7725 
22.0627 -26.4587 -23.5284 
24.3407 -24.2316 -22.629 
22.959 -25.6202 -24.0035 
25.3291 -23.155 -21.9239 
26.0548 -22.3235 -19.9785 
24.4141 -24.1475 -24.8631 
25.5536 -22.894 -24.1947 
26.0737 -22.2831 -24.0382 
26.6164 -21.6178 -21.7725 
27.8042 -20.052 -23.8144 
22.5505 -26.016 -19.6869 
19.2926 -28.7454 -19.756 
17.4608 -30.0509 -19.2923 
-9.782 -36.8054 -34.9857 
-8.8266 -36.9073 -29.554 
20.4219 -27.859 -24.3664 
21.8978 -26.6067 -25.3974 
23.9058 -24.6821 -20.4756 
27.4983 -20.477 -20.82 
27.6211 -20.3121 -21.9696 
27.4328 -20.5476 -19.3274 
-0.6843 -34.1976 9.6512 
0.7152 -34.6624 10.8996 
0.3467 -33.9658 9.4974 
5.5647 -33.3393 10.4462 
-5.7423 -34.9454 10.4776 
-2.7763 -34.7819 10.3391 
-2.4697 -35.4418 11.7825 
-0.844 -34.7635 10.6564 
7.1203 -32.8554 10.4602 
7.3244 -33.5491 12.0636 
8.8297 -33.0017 12.0616 
10.1414 -31.7148 10.5228 
12.157 -30.7584 10.498 
11.8497 -31.6892 12.0614 
13.2934 -30.9318 12.0165 
-9.0188 -35.4008 11.7933 
-9.0817 -36.1478 13.905 
-7.3742 -35.6627 12.1784 
-5.7809 -35.6644 12.0613 
-4.133 -36.0827 13.2715 
-4.1063 -35.4148 11.4939 
-2.469 -35.9928 13.2718 
-0.7864 -35.8311 13.2718 
-0.8384 -35.3947 12.0613 
2.5592 -35.2946 13.273 
0.77 -35.1718 12.0596 
2.4706 -34.8643 12.0625 
4.1852 -34.9271 13.2722 
4.0784 -34.5017 12.0637 
5.6619 -34.0741 12.0627 
7.4661 -33.9646 13.2736 
10.2989 -32.401 12.063 
-7.4901 -36.0543 13.2728 
-5.7839 -36.1037 13.2716 
-2.4425 -36.3468 14.499 
0.8939 -35.9578 14.5018 
0.8387 -35.6069 13.273 
4.2698 -35.2723 14.5017 
5.8847 -34.8366 14.5018 
5.7854 -34.4954 13.2724 
7.5807 -34.3009 14.5027 
10.6149 -33.1297 14.5015 
8.9884 -33.4112 13.2715 
10.4743 -32.8033 13.2722 
12.0414 -32.0845 13.2715 
-7.5222 -36.6826 15.7562 
-7.5083 -36.4089 14.501 
-5.7891 -36.7328 15.7543 
-5.7863 -36.4586 14.4989 
-4.1222 -36.4381 14.5008 
-0.7454 -36.1839 14.5004 
0.9373 -36.2282 15.7564 
2.6847 -35.911 15.7559 
2.6305 -35.642 14.4994 
7.6685 -34.5603 15.7577 
9.2139 -33.9991 15.7569 
9.1159 -33.743 14.5006 
10.7244 -33.3805 15.7545 
12.196 -32.4047 14.5013 
-5.7908 -36.9231 17.0306 
-4.1134 -36.7121 15.7567 
-4.1065 -36.9019 17.0316 
-2.4088 -36.8103 17.0335 
-2.4221 -36.6204 15.7554 
-0.7141 -36.4565 15.757 
0.9667 -36.416 17.033 
2.7225 -36.0973 17.0328 
4.381 -35.723 17.0341 
4.3357 -35.538 15.7552 
5.9612 -35.0996 15.756 
7.7304 -34.7398 17.0327 
9.282 -34.1768 17.0347 
12.3983 -32.8222 17.0314 
12.3148 -32.6517 15.7569 
-7.5762 -36.9409 17.6432 
-4.1022 -37.0193 18.7785 
-0.692 -36.6452 17.0329 
6.0182 -35.3853 18.2694 
6.0142 -35.2822 17.033 
9.3012 -34.295 18.7859 
13.5891 -31.4904 13.8 
14.316 -29.6794 10.6851 
-2.2392 -34.2734 9.5282 
4.3662 -35.8559 19.0969 
11.9335 -33.18 19.2542 
-10.7017 -35.1324 11.6117 
-10.818 -35.6615 12.9957 
-10.6111 -36.2517 14.9762 
-10.8428 -36.5539 16.8552 
-9.1641 -36.7605 17.0565 
8.6261 -32.3275 10.501 
14.7813 -30.4416 12.7775 
-9.1273 -36.5716 15.7661 
14.9184 -30.9652 14.5427 
13.8253 -31.875 15.7297 
15.1686 -31.1867 16.0367 
13.897 -32.0567 17.0274 
-10.6924 -36.6903 18.232 
-5.8019 -37.0234 18.2696 
-0.6784 -36.7619 18.783 
10.3703 -33.8714 19.2346 
10.7632 -33.648 17.6427 
2.3787 -34.2207 10.6117 
-5.667 -33.9027 9.3979 
-4.0461 -33.992 9.4019 
-4.5409 -34.1668 9.4313 
-3.8539 -33.6622 9.398 
-3.8841 -34.2398 9.4863 
-3.8329 -34.4779 9.6874 
-4.7461 -34.501 9.6712 
-9.181 -32.9354 9.398 
-9.4155 -34.072 9.4554 
-10.3752 -34.5503 10.3234 
-31.5582 -17.9976 9.5586 
-30.1964 -20.8771 9.625 
-29.4987 -21.45 9.421 
-29.6268 -21.8251 9.625 
-25.6319 -26.3385 9.4226 
-25.7249 -26.7195 9.6614 
-26.4431 -25.9842 9.6579 
-26.3027 -25.7224 9.4486 
-16.702 -32.1613 9.4113 
-11.446 -33.7095 9.448 
-10.5139 -33.6931 9.4027 
-31.7581 -17.0003 9.4524 
-31.3041 -17.8893 9.4262 
-13.6376 -33.2897 9.4378 
-12.6417 -33.7429 9.6083 
-12.3826 -33.4511 9.4262 
-32.519 -15.7981 9.6969 
-30.0574 -20.4901 9.4185 
-23.0681 -28.2767 9.398 
-17.7177 -31.7342 9.4113 
-18.1712 -31.781 9.5057 
-27.7686 -24.4212 9.625 
-27.2258 -24.9563 9.5162 
-32.1875 -16.5491 9.6068 
-32.0106 -17.116 9.6475 
-20.3617 -30.5702 9.5028 
-31.7863 -16.3656 9.4049 
-30.9568 -19.23 9.5056 
-30.6736 -19.8654 9.5213 
-28.3201 -22.8035 9.398 
-23.8668 -28.1306 9.5028 
-14.5001 -32.7049 9.398 
-31.8813 -20.2478 11.9664 
-30.9111 -21.9921 11.9675 
-23.6928 -28.7208 9.8798 
-19.2649 -32.6746 11.9659 
-14.1232 -34.6073 11.9645 
-17.1639 -33.2135 11.1417 
-17.5789 -33.8087 12.8867 
-33.512 -16.5333 12.1055 
-33.1923 -18.619 13.3603 
-32.329 -20.4693 13.3597 
-29.8368 -23.2923 11.478 
-30.234 -23.9427 13.3591 
-27.7747 -25.935 11.4723 
-28.9998 -25.5718 13.3596 
-24.6485 -29.8707 13.3596 
-23.9468 -29.7927 11.9653 
-21.8893 -31.2124 11.9667 
-21.2846 -32.1616 13.3597 
-19.4859 -33.1228 13.3605 
-20.6079 -31.9674 11.9669 
-12.1904 -35.2318 12.4187 
-33.6358 -18.2477 14.2927 
-33.138 -19.7199 14.7636 
-32.1969 -21.563 14.7639 
-31.3403 -22.2472 13.3607 
-29.9497 -25.0075 14.7641 
-28.6409 -26.6134 14.7637 
-27.6326 -26.9531 12.976 
-26.1969 -28.5488 13.36 
-26.0837 -29.1808 14.7638 
-25.2777 -29.8691 14.7648 
-24.0793 -30.8064 14.7643 
-23.0124 -31.0741 13.3605 
-22.3715 -31.9692 14.7638 
-20.5836 -33.0084 14.7651 
-15.7245 -34.6469 13.3598 
-16.8235 -34.6887 14.7644 
-14.8573 -35.3286 14.7647 
-13.3588 -35.7102 14.7639 
-13.7603 -35.2097 13.3598 
-31.9213 -22.5964 16.2062 
-31.1352 -23.3225 14.7643 
-29.5266 -25.9987 16.2054 
-28.1475 -27.5732 16.205 
-27.5895 -27.7446 14.7646 
-26.6545 -29.049 16.205 
-25.0719 -30.4008 16.2057 
-23.3943 -31.6342 16.2058 
-21.6262 -32.7473 16.205 
-18.7302 -33.9158 14.7643 
-19.7849 -33.7311 16.2055 
-17.8904 -34.5776 16.2054 
-15.9335 -35.2918 16.2052 
-13.9223 -35.8682 16.2056 
-11.9085 -35.9968 14.7195 
-33.8183 -18.8799 16.2065 
-34.3613 -18.0295 17.7404 
-33.5982 -19.8368 17.728 
-32.9338 -20.7757 16.2048 
-32.3375 -22.2508 17.7292 
-30.7902 -24.3307 16.2054 
-30.0182 -25.6951 17.7259 
-27.197 -28.7901 17.7301 
-25.6157 -30.1951 17.7298 
-22.2532 -32.6218 17.9309 
-18.5092 -34.517 17.7307 
-14.5633 -35.89 17.7298 
-11.9437 -36.28 16.1683 
-33.3624 -20.4489 19.1949 
-29.6558 -26.2182 19.1055 
-24.8167 -30.9044 19.2108 
-20.3796 -33.6365 17.7295 
-18.8172 -34.4382 19.2017 
-15.427 -35.6948 19.1605 
-11.4588 -33.9957 9.6416 
-12.4953 -34.3457 10.6056 
-13.7255 -33.6767 9.8922 
-15.8712 -32.8758 9.6724 
-14.2922 -33.2348 9.5105 
-20.341 -30.9028 9.785 
-21.0114 -30.2611 9.5103 
-20.6973 -31.2114 10.6216 
-23.2636 -28.6854 9.5054 
-22.3071 -29.5972 9.7004 
-28.5152 -23.2916 9.5059 
-29.0818 -22.7421 9.6764 
-31.3124 -19.9905 10.6075 
-32.7008 -16.8041 10.6247 
-32.7167 -17.941 11.4771 
-34.7969 -16.6058 17.1131 
-30.3465 -21.7323 10.6217 
-18.9754 -32.1303 10.6232 
-17.3636 -32.3372 9.7179 
-15.6021 -33.9085 11.3738 
-34.4212 -17.0485 15.6321 
-32.8902 -21.259 17.7506 
-31.4503 -23.7459 18.095 
-28.6612 -27.2855 17.7298 
-23.9774 -31.4504 17.7311 
-16.5703 -35.2695 17.7299 
-12.6848 -36.383 19.1787 
-12.4719 -36.3768 17.7501 
-10.6717 -34.0872 9.6029 
-31.1254 0.5763 11.9613 
-30.9051 -0.2579 10.5607 
-33.5506 -6.8818 10.6247 
-34.3329 -7.9041 11.9663 
-34.069 -9.5149 11.0672 
-33.857 -10.576 10.6247 
-34.4665 -10.9631 11.9662 
-34.0484 -14.3974 11.9638 
-33.2513 -15.6753 10.9464 
-30.563 2.1735 13.3609 
-31.4992 0.9175 13.3594 
-32.3416 -0.4174 13.3598 
-31.9188 -0.6878 11.9613 
-32.6268 -2.0577 11.9375 
-33.2427 -3.4675 11.9735 
-33.6995 -3.2708 13.3597 
-34.0858 -6.3875 11.9669 
-34.8283 -7.8425 13.3592 
-34.9586 -9.4116 13.3602 
-34.9657 -10.9793 13.3599 
-34.8504 -12.5479 13.3596 
-34.6113 -14.1093 13.3593 
-31.8266 1.144 14.764 
-32.6863 -0.2187 14.7631 
-33.0768 -1.8157 13.3595 
-34.0726 -3.1322 14.7634 
-34.9643 -6.2035 14.7642 
-34.1979 -4.7578 13.3606 
-35.2232 -7.791 14.7637 
-34.5744 -6.2836 13.3604 
-35.3565 -9.3927 14.7657 
-35.2463 -12.592 14.7647 
-34.0285 -16.296 13.2823 
-34.5747 -15.9704 14.7774 
-28.5903 4.7875 14.6524 
-29.9649 3.7732 15.7367 
-30.8727 2.4233 14.7653 
-32.0575 1.3023 16.2055 
-33.6888 -1.5235 16.2057 
-33.4365 -1.6457 14.7627 
-34.5803 -4.6478 14.7641 
-35.6357 -9.3809 16.2058 
-35.3634 -10.9931 14.7637 
-35.2763 -14.2419 16.2044 
-35.0023 -14.1853 14.7638 
-27.9567 5.9653 17.7897 
-30.1039 3.9971 17.6712 
-32.9289 -0.0786 16.2058 
-34.334 -3.0316 16.205 
-34.8496 -4.571 16.2053 
-35.2387 -6.1479 16.2055 
-35.6738 -7.6791 17.6693 
-35.5012 -7.7581 16.2047 
-35.6432 -11.0016 16.2057 
-35.7705 -12.2378 18.1827 
-35.5241 -12.6244 16.2048 
-35.4573 -14.2759 17.6983 
-35.1217 -15.8165 18.1741 
-35.0819 -15.4584 16.7232 
-31.056 -1.6214 9.5938 
-32.8662 -14.4389 9.6685 
-33.5135 -13.9281 10.6308 
-33.2689 -11.8866 9.6622 
-33.3199 -10.7401 9.6507 
-33.231 -10.0603 9.5257 
-32.6953 -6.0094 9.5109 
-32.2242 -4.3546 9.517 
-32.2955 -3.9881 9.7846 
-32.252 -3.2901 10.1563 
-30.3963 0.0402 10.0766 
-30.0605 1.5569 11.3302 
-29.3031 2.8905 12.0028 
-29.2217 3.7827 13.5736 
-27.8527 4.9463 13.4197 
-29.7034 4.4994 19.1839 
-31.6359 2.3019 19.1681 
-32.1894 1.4228 17.6289 
-33.0806 0.0149 17.641 
-35.8348 -11.9371 19.2167 
-35.6638 -13.4015 19.1932 
-31.7531 -1.7058 10.5666 
-32.6422 -5.4694 9.6013 
-33.653 -5.3498 11.494 
-33.1839 -8.9547 9.5256 
-34.1811 -12.6831 11.5859 
-27.7964 5.6145 15.2347 
-28.6514 5.1419 16.1843 
-31.1566 2.7411 17.1374 
-34.49 -2.9345 17.6647 
-35.0064 -4.4509 17.7032 
-35.0377 -4.3469 19.1325 
-35.4043 -6.0449 17.6907 
-35.8133 -9.3379 17.6531 
-32.9142 -4.3871 10.6248 
-29.3262 2.2411 11.0689 
-28.3734 -0.7983 9.6198 
-31.3703 -2.7649 9.432 
-30.4587 -1.3702 9.5161 
-29.6234 -1.6363 9.4778 
-26.9561 4.8871 13.3417 
-26.9561 4.1074 12.4072 
-26.9561 3.6786 11.9821 
-26.9561 3.2259 11.5862 
-26.9561 2.7509 11.2203 
-26.9561 2.2549 10.8854 
-27.5314 1.6463 10.5232 
-26.9561 1.7396 10.5821 
-26.9561 1.2065 10.3114 
-26.9561 0.6571 10.0741 
-26.9561 0.0929 9.871 
-26.9561 -0.4845 9.7029 
-26.9561 -1.0737 9.5708 
-30.2222 -0.3617 9.7446 
-29.7072 0.6523 10.0759 
-27.9983 2.9091 11.339 
-28.9347 2.8041 11.2898 
-28.4781 3.7116 12.0109 
-26.9561 5.2349 13.8494 
-26.9858 5.4491 14.2003 
-27.0751 5.6438 14.5523 
-27.6111 5.4374 14.1749 
-29.2515 0.0943 9.8709 
-27.9541 0.851 10.1455 
-27.0111 5.5192 16.3799 
-27.2434 5.8607 16.5517 
-27.0111 5.5192 33.25 
-27.2645 5.8472 33.25 
-27.0111 5.5192 32.4065 
-27.0111 5.5192 15.5364 
-27.4781 5.9589 15.6129 
-27.6746 6.0074 33.4586 
-27.6217 5.9939 16.2494 
-27.4671 5.9726 17.6734 
-27.8581 5.9964 19.2406 
-27.8098 5.9914 29.0325 
-27.0111 5.5192 14.6929 
-27.525 5.9997 18.5942 
-27.3485 5.9221 15.0925 
-28.0056 5.9525 33.3568 
-28.6773 5.2114 34.8884 
-32.0381 0.7096 38.0933 
-31.025 3.0373 36.4179 
-30.1948 3.4344 36.7933 
-30.1867 3.9657 35.8752 
-29.8433 3.8831 36.4152 
-29.3205 4.841 35.0404 
-29.3108 4.442 35.8695 
-31.2044 2.4743 37.1614 
-31.8207 1.5244 37.6088 
-31.321 0.8353 38.3558 
-33.0146 -1.0663 38.3671 
-32.4698 -0.0566 38.2614 
-34.0102 -2.5 37.9723 
-33.8746 -1.3499 36.6987 
-33.1976 -0.2088 37.4045 
-32.3103 -2.3601 39.0103 
-33.8404 -1.2778 -34.5873 
-33.6726 -0.9469 -36.8746 
-34.0596 -1.762 -36.2386 
-35.2181 -15.5546 -20.6621 
-35.4385 -14.6504 -20.9613 
-35.8027 -8.3193 -35.4968 
-35.7456 -7.9061 -37.3339 
-35.8525 -9.1971 -37.4205 
-35.8613 -11.1745 -37.4264 
-35.7769 -12.379 -37.3439 
-35.5725 -13.9635 -36.9379 
-35.158 -15.7444 -37.2859 
-28.5952 5.4976 -31.0464 
-27.9698 5.9834 -32.7493 
-29.3141 4.8546 -31.7462 
-34.9422 -4.0601 -19.0949 
-34.2284 -2.1326 -19.2193 
-28.6124 5.481 -33.4248 
-28.1717 5.813 -24.2412 
-30.355 3.8207 -33.5775 
-29.562 4.6218 -20.6621 
-32.3208 1.3671 -19.185 
-33.1633 0.0046 -20.7112 
-35.5457 -6.4585 -20.5505 
-35.8374 -8.5085 -19.2405 
-35.7546 -12.7187 -35.4968 
-35.5083 -14.2887 -35.4968 
-31.6923 2.2209 34.5751 
-33.3352 -0.3033 36.8341 
-34.6411 -3.2139 37.0814 
-31.2591 2.785 20.5947 
-32.8009 0.6374 19.1851 
-33.8017 -1.2512 18.1007 
-35.5484 -6.5085 20.645 
-35.5223 -14.2227 19.1954 
-34.9614 -16.4503 19.1787 
-28.1971 5.8276 28.385 
-27.9281 5.9852 21.8662 
-32.4982 1.0312 37.1287 
-32.841 0.5447 35.7732 
-28.9195 5.213 34.4534 
-31.13 2.9324 34.5263 
-30.1741 4.0084 20.9523 
-30.9097 3.1978 19.1915 
-32.3292 1.3327 20.9027 
-31.9534 1.8766 36.6827 
-33.5474 -0.7085 35.3083 
-34.348 -2.4081 19.2188 
-35.217 -5.0679 37.0456 
-35.4435 -5.9641 19.1869 
-34.2683 -2.2402 35.3083 
-30.0171 0.4028 10.0037 
-29.8524 0.8039 10.2075 
-29.5835 1.3788 10.4617 
-29.7909 1.269 10.5265 
-29.5108 1.1189 10.2736 
-29.2643 1.6637 10.5421 
-29.3133 1.9515 10.762 
-28.8153 2.3319 10.9361 
-28.9388 2.5603 11.0924 
-29.5282 1.8 10.7883 
-30.0566 0.7518 10.3219 
-26.9561 4.5107 12.8606 
-28.0677 4.5588 12.9322 
-28.2566 -17.8318 -38.7614 
-26.9561 -15.9973 -38.6361 
-27.0716 -18.8275 -38.6472 
-27.4666 -18.8275 -38.6853 
-27.0716 -19.8232 -38.6472 
-27.0716 -19.0764 -38.6472 
-33.0875 -5.4484 -39.2141 
-31.488 -4.0082 -39.0666 
-32.7443 -4.1245 -39.1816 
-16.8012 -29.7803 -37.6583 
-14.4311 -28.7846 -37.4301 
-16.0111 -30.776 -37.5822 
-15.2211 -29.7803 -37.5062 
-4.1168 -34.7426 -36.4369 
-4.9507 -32.7674 -36.5172 
2.0499 -31.3146 -35.8432 
4.5296 -32.7674 -35.6044 
6.7634 -32.108 -35.3839 
9.0637 -32.0226 -35.1678 
-16.4751 -32.856 -37.6269 
-14.4311 -30.776 -37.4301 
-13.6411 -31.7717 -37.354 
-31.9633 -13.5214 39.0553 
-30.027 -13.5214 39.2218 
-31.3571 -14.8496 39.1116 
-33.8411 -11.5786 38.85 
-34.161 -10.1505 38.8077 
-32.924 -8.2088 38.9555 
-29.9843 -9.781 39.2062 
-32.2033 -9.537 39.0311 
-30.6308 -17.5059 39.1748 
-30.3289 -20.0502 39.1992 
-29.261 -20.1623 39.2745 
-31.223 -21.2467 39.064 
-32.0879 -19.2871 39.032 
-30.5099 -18.8341 39.1846 
-26.9561 -6.0404 39.3915 
-29.2156 -7.4589 39.2791 
-29.516 -5.5525 39.258 
-30.2548 -6.8807 39.2012 
-30.9936 -8.2088 39.1444 
-31.7207 -6.8807 39.0783 
-26.9561 -15.4733 39.3915 
-27.981 -17.1537 39.3413 
-26.9561 -18.6175 39.3915 
-27.4725 -18.7258 39.3694 
-27.5617 -19.1661 39.3661 
-27.1345 -20.1622 39.3848 
-29.0056 -18.6013 39.292 
-25.8179 -20.0279 39.4252 
-25.9912 -22.2939 39.4237 
-27.2563 -24.1467 39.38 
-29.1359 -23.3534 39.2862 
-27.3783 -22.8186 39.3749 
-26.9084 -18.8592 39.3932 
-27.0432 -19.0001 39.3883 
-25.5891 -27.5932 39.4234 
-22.5019 -29.3298 39.4335 
-21.9541 -27.275 39.4263 
-15.1919 -32.1638 38.9781 
-12.1125 -34.5661 38.5773 
-13.479 -32.7797 38.7749 
8.8217 -30.7875 32.6218 
8.7088 -29.4593 32.6709 
8.7088 -32.1156 32.6709 
13.6027 -29.4593 30.356 
12.387 -25.6375 30.9681 
15.0625 -22.9293 29.588 
16.0994 -25.3833 29.0175 
17.4217 -24.0172 28.2634 
17.4889 -25.4101 28.2234 
18.6064 -28.1186 27.5144 
19.3466 -24.7142 27.1078 
19.463 -26.1317 27.032 
17.5988 -20.1273 28.1602 
18.8205 -18.6916 27.4287 
19.6684 -22.8186 26.903 
19.7758 -21.1435 26.8376 
27.6099 -6.5496 21.2425 
28.5929 -4.9681 20.4366 
29.0274 -6.5885 20.0697 
31.2982 -6.9737 18.0841 
-33.2844 -15.9586 38.9047 
-33.1569 -17.047 38.8831 
-26.2412 -24.0562 39.4152 
-27.2055 -25.9913 39.3783 
16.3469 -21.5399 28.88 
5.6688 -26.956 33.9173 
7.4588 -26.956 33.2007 
-26.7723 -19.0644 39.398 
-26.8507 -18.968 39.3953 
22.1344 -23.0965 25.2958 
23.6983 -20.9411 24.2121 
22.9162 -22.019 24.7541 
-4.9352 -33.4438 37.2119 
-3.7281 -33.32 36.9166 
-4.6939 -34.8163 37.1543 
0.1581 -33.0334 35.8273 
-31.478 -5.5525 39.1013 
-30.7957 -3.5603 39.1529 
-31.9633 -4.2243 39.0553 
-33.2591 -4.4953 38.9061 
18.5634 -22.8186 27.5738 
9.2333 -26.956 32.4415 
-26.9561 5.2349 34.937 
-27.097 5.6356 34.2275 
-26.9878 5.4567 34.5706 
-27.0111 5.5192 34.0935 
-28.1335 4.4768 35.8973 
-26.9561 4.1083 36.3783 
-19.1647 -33.9117 -36.7661 
-17.5547 -33.6434 -37.4544 
-17.0993 -34.7833 -36.5669 
-15.6465 -33.469 -37.532 
-15.6498 -34.3616 -37.268 
-16.8007 -33.9635 -37.3707 
-14.8969 -35.3702 -36.559 
-12.851 -32.7674 -37.2779 
-31.9585 1.8617 -36.1743 
-31.0158 3.0675 -35.522 
-27.0111 5.5192 -33.3177 
-27.1279 5.7216 -32.658 
-27.2973 5.8849 -31.9573 
-27.0111 5.5192 -32.4712 
-27.3246 5.8837 -26.1229 
-27.0111 5.5192 -25.6997 
-27.0111 5.5192 -26.5461 
-27.3044 5.8895 -26.6573 
-27.9946 5.9553 -24.9124 
-27.9568 5.9976 -26.4776 
-27.3847 5.9201 -25.6997 
-27.5227 5.9714 -24.8532 
-27.3246 5.8837 -25.2765 
-27.0111 5.5192 -24.8532 
-27.2645 5.8472 -25.6997 
-27.3847 5.9201 -24.8532 
-27.8098 5.9914 -29.0854 
-27.8098 5.9914 -29.5087 
-27.8829 5.9938 -22.4765 
-27.662 5.9949 -29.0854 
-27.3086 5.8888 -29.8138 
-27.7359 5.9932 -28.6622 
-27.2377 5.8316 -28.381 
-27.6756 6.0041 -27.7661 
-27.8098 5.9914 -27.3926 
-30.2798 3.9214 -26.827 
-29.1787 4.9802 -26.5961 
-28.197 5.8276 -27.7915 
-28.197 5.8276 -27.2045 
-27.662 5.9949 -27.3926 
-27.7681 5.9987 -26.91 
-27.5227 5.9714 -24.43 
-29.7987 4.3894 -21.5674 
-30.9074 3.1978 -22.2299 
-30.0353 4.157 -22.4726 
-28.5952 5.4976 -20.6621 
-35.1064 -15.9221 -19.4494 
-34.9946 -16.2896 -18.2367 
-28.4962 -17.1988 -9.398 
-27.7694 -18.8848 -9.398 
-27.5661 -18.163 -9.398 
-26.944 -18.7412 -9.398 
-27.3628 -18.7512 -9.398 
-26.9561 -18.6175 -9.398 
-27.3161 -22.2763 -9.398 
-28.2228 -20.3383 -9.398 
-26.5437 -20.6643 -9.398 
31.3331 4.2462 -26.3462 
32.3484 7.2686 -24.6976 
33.8377 3.8748 -23.2982 
32.8949 3.1478 -24.5638 
32.1537 4.6173 -25.2854 
31.5198 7.548 -25.683 
30.0575 8.1285 -26.7977 
33.0797 5.6636 -24.006 
32.9957 4.2461 -24.2918 
33.5986 8.9863 -22.8757 
33.2294 10.7484 -23.0949 
34.9164 6.2108 -19.345 
34.0074 4.3309 -15.8646 
33.5928 4.3367 -14.8337 
34.3652 6.7193 -17.1728 
33.5912 6.7073 -15.0718 
34.0788 9.3737 -16.791 
34.149 7.9276 -16.7588 
34.0425 11.242 -17.191 
33.6543 10.3197 -15.9492 
33.105 4.3435 -13.8016 
33.3758 11.5036 -15.5536 
32.7784 12.6984 -14.646 
29.4303 20.247 -10.4446 
29.5644 20.1391 -10.7883 
29.6664 20.367 -11.236 
29.461 20.4364 -10.6777 
29.4752 20.7281 -11.0692 
29.4682 20.5849 -10.8717 
29.8561 20.5946 -11.8782 
29.8378 21.2507 -12.2274 
30.4092 20.6588 -13.1642 
29.6595 21.011 -11.638 
32.4229 8.7316 5.6304 
31.91 10.7913 4.674 
-1.04 -36.4561 35.1513 
-1.6123 -35.4927 36.1683 
-0.5106 -34.9158 36.0146 
-3.1871 -35.8936 36.4653 
-0.9011 -35.6033 35.8994 
28.0295 -17.0735 20.3288 
26.7806 -18.3434 21.4468 
-29.583 -16.9468 9.398 
-20.0622 -28.0904 9.398 
-20.4053 -30.0976 9.398 
-22.2554 -29.1458 9.4112 
-16.435 -30.0284 9.398 
-18.5653 -31.108 9.3991 
-14.6216 -30.0284 9.398 
-15.5283 -31.4819 9.398 
-26.9084 -18.8591 9.398 
-26.8507 -18.968 9.398 
-27.0442 -19.2775 9.398 
-21.8756 -27.1214 9.398 
-23.9642 -27.5489 9.398 
-24.6606 -26.9315 9.398 
-25.259 -28.4518 11.4766 
-24.6558 -27.6861 9.6518 
-25.2744 -27.0188 9.5195 
32.6138 1.5657 14.8101 
32.5241 3.115 14.258 
30.9665 2.383 16.691 
31.8164 1.246 16.0824 
31.0988 3.449 16.1478 
31.0374 2.9149 16.42 
31.8468 3.2396 15.3307 
-28.3776 -25.1711 39.2939 
-34.7928 -16.9679 -22.1305 
-35.0291 -16.23 -22.3249 
-34.8333 -16.848 -23.6063 
-33.8103 -19.4839 -32.4616 
-34.3025 -18.3102 -30.9857 
-34.399 -18.0581 -32.4616 
-34.6854 -17.2905 -30.5001 
-35.1131 -15.9382 -32.5299 
-34.4955 -17.8059 -33.9374 
-34.7522 -17.0878 -20.6546 
-34.2524 -18.436 -23.6063 
-34.3025 -18.3102 -25.0822 
-33.4674 -20.232 -23.2407 
-33.4195 -20.3293 -21.3925 
-34.1532 -18.6843 -22.1657 
-33.2985 -20.577 -32.4616 
-33.7112 -19.707 -33.9374 
-33.4793 -20.2052 -30.9857 
-33.3012 -20.5803 -34.9304 
-33.0776 -21.0149 -23.6063 
-32.1209 -22.7397 -20.9683 
-33.0237 -21.1194 -22.1304 
-32.3501 -22.3418 -32.4616 
-32.5476 -21.9977 -30.9857 
-32.8028 -21.5358 -33.9374 
-32.4097 -22.2457 -35.393 
-33.0237 -21.1194 -25.0822 
-32.2187 -22.5652 -23.6063 
-32.0223 -22.8916 -30.9857 
-31.7518 -23.3268 -32.9055 
-31.9489 -23.0171 -34.1469 
-31.4312 -23.8255 -20.0762 
-32.0795 -22.809 -22.2115 
-31.7518 -23.3268 -23.1624 
-31.1115 -24.2895 -32.4616 
-31.0368 -24.3973 -33.9374 
-30.5764 -25.0373 -35.4133 
-31.0923 -24.3235 -21.9046 
-29.8671 -25.9631 -20.6033 
-30.8853 -24.6119 -25.0822 
-30.2854 -25.4288 -25.8451 
-30.3666 -25.3215 -23.6409 
-29.7973 -26.047 -33.0021 
-29.6131 -26.2694 -30.9857 
-29.0274 -26.9567 -23.6063 
-29.6131 -26.2694 -25.0822 
-29.6815 -26.1887 -21.871 
-28.2668 -27.7911 -33.0506 
-28.3548 -27.6964 -34.6754 
-29.699 -26.1644 -34.6754 
-28.4461 -27.5993 -33.9374 
-29.1851 -26.7757 -21.3925 
-28.9482 -27.0468 -30.9857 
-27.7114 -28.3595 -33.9374 
-28.6269 -27.4036 -25.0822 
-28.2668 -27.7911 -23.0173 
-27.5282 -28.5407 -25.0822 
-25.1014 -30.672 -34.6754 
-27.2503 -28.8094 -32.4616 
-26.2602 -29.7156 -33.7568 
-26.0097 -29.9292 -30.9857 
-27.0786 -28.974 -21.0055 
-25.5317 -30.3297 -20.7119 
-27.2503 -28.8094 -23.6063 
-27.7114 -28.3595 -22.1304 
-25.7205 -30.1721 -32.4616 
-26.2212 -29.7485 -21.7209 
-26.2956 -29.6821 -23.6063 
-25.3113 -30.5056 -23.6063 
-25.3021 -30.5178 -21.7395 
-24.4375 -31.1788 -34.6355 
-25.1122 -30.6553 -36.3341 
-25.2067 -30.5893 -25.0822 
-23.5674 -31.8 -32.9272 
-25.1014 -30.672 -32.4616 
-24.3978 -31.2081 -30.9857 
-21.9204 -32.8492 -32.4616 
-24.578 -31.0776 -21.3098 
-24.3978 -31.2081 -25.0822 
-23.6169 -31.7665 -23.1607 
-22.7926 -32.312 -23.6063 
-23.1099 -32.1122 -34.2847 
-22.6861 -32.3802 -30.9857 
-22.341 -32.5948 -36.0549 
-23.4494 -31.8791 -21.3925 
-22.1452 -32.7147 -21.3925 
-20.743 -33.513 -20.6432 
-20.4328 -33.6732 -25.0822 
-19.9998 -33.8923 -30.9857 
-21.7282 -32.9639 -34.1167 
-20.8982 -33.4284 -23.015 
-18.2358 -34.6952 -32.4616 
-20.1082 -33.838 -32.4616 
-19.9998 -33.8923 -33.9374 
-18.905 -34.4078 -34.7096 
-18.1195 -34.7436 -33.9374 
-19.9998 -33.8923 -22.1304 
-19.481 -34.1434 -20.3068 
-19.7597 -34.0131 -35.8293 
-18.1195 -34.7436 -30.9857 
-18.8407 -34.4377 -20.822 
-17.1355 -35.1275 -22.1304 
-19.0721 -34.3331 -23.21 
-17.1351 -35.1286 -32.9681 
-17.1351 -35.1286 -23.0998 
-17.6531 -34.9307 -25.0822 
-16.1551 -35.4704 -30.9857 
-15.081 -35.802 -32.4616 
-14.2508 -36.031 -22.2888 
-15.8085 -35.5822 -21.3925 
-16.2705 -35.4318 -23.6063 
-14.348 -36.003 -23.6063 
-12.6754 -36.3901 -30.6571 
-13.1688 -36.296 -32.7366 
-10.2218 -36.7711 -19.2204 
-12.5688 -36.4052 -21.3925 
-10.4363 -36.7439 -20.7559 
-11.9395 -36.5305 -19.1891 
-12.9587 -36.3291 -20.6546 
-14.0003 -36.0921 -21.0746 
-13.3486 -36.2446 -23.6063 
-11.0927 -36.6591 -30.3443 
-11.9122 -36.5209 -28.7651 
-8.8266 -36.9073 -26.9602 
-9.2009 -36.8791 -31.3405 
-11.39 -36.6136 -31.9598 
-25.0372 -30.3909 -37.1145 
-25.7907 -29.6274 -37.4042 
-17.1517 -35.1167 -34.7788 
-17.6851 -34.914 -35.6689 
-13.4531 -36.2293 -33.16 
-15.1835 -35.7728 -34.1043 
-15.4948 -35.6705 -35.546 
-28.1236 -27.9472 -20.5027 
-33.9088 -19.2711 -21.0829 
-34.4875 -17.8372 -19.2161 
-33.8307 -19.4458 -18.8178 
-33.2517 -20.6783 -20.1759 
-31.7531 -23.3233 -35.4133 
-28.7844 -26.6187 -37.727 
-28.9054 -27.0852 -36.7807 
-22.4282 -32.5401 -20.0243 
-34.1509 -18.6872 23.6741 
-33.8103 -19.4839 23.6741 
-34.8333 -16.8479 23.5551 
-34.3025 -18.3102 25.1725 
-33.8076 -19.4928 21.5512 
-34.5178 -17.7048 22.1161 
-34.2722 -18.391 27.3954 
-34.7068 -17.1971 32.5042 
-33.3325 -20.5128 20.577 
-33.4195 -20.3293 34.9125 
-34.1881 -18.5998 35.0205 
-34.0995 -18.8127 34.1633 
-33.9995 -19.0524 32.8726 
-34.3025 -18.3102 31.1664 
-33.1959 -20.7937 33.3061 
-33.4793 -20.2052 25.1725 
-33.2374 -20.7006 22.1756 
-33.4793 -20.2052 31.1664 
-32.9214 -21.3155 23.4489 
-32.4822 -22.1126 21.4264 
-33.0237 -21.1194 31.1664 
-33.0237 -21.1194 34.1633 
-32.3501 -22.3418 23.6741 
-31.2585 -24.0752 23.6741 
-31.8887 -23.1079 22.1756 
-31.762 -23.3162 35.9061 
-31.3309 -23.9686 35.6617 
-32.0881 -22.783 32.6649 
-31.7511 -23.3354 20.5088 
-31.1115 -24.2895 21.4264 
-31.1684 -24.2128 25.3145 
-30.5001 -25.1396 23.6741 
-31.0368 -24.3973 34.1633 
-30.2693 -25.445 35.6617 
-31.9432 -23.0343 34.818 
-30.5001 -25.1396 32.6649 
-30.8853 -24.6119 31.1664 
-31.1115 -24.2895 32.6649 
-29.4964 -26.4128 32.6306 
-29.1938 -26.7624 23.6741 
-29.6131 -26.2694 25.1725 
-29.8701 -25.9593 22.4769 
-28.1713 -27.8896 23.6741 
-28.8683 -27.1363 21.4264 
-29.6815 -26.1887 34.4267 
-28.2668 -27.7911 33.2629 
-27.2638 -28.8051 22.4095 
-27.2503 -28.8094 23.6741 
-28.0791 -27.9858 21.4264 
-26.2001 -29.7642 23.6741 
-25.4159 -30.4219 22.1756 
-25.8547 -30.0617 21.2571 
-27.2503 -28.8094 21.4264 
-27.6198 -28.4501 32.6649 
-23.7851 -31.6482 22.1756 
-25.41 -30.4298 32.6123 
-26.2994 -29.6808 33.6254 
-23.5617 -31.8028 25.1725 
-24.3978 -31.2081 25.1725 
-24.494 -31.1406 33.369 
-22.2573 -32.6469 25.1725 
-24.3005 -31.2794 23.6741 
-22.4221 -32.5476 20.331 
-22.6642 -32.396 23.5561 
-22.6861 -32.3802 34.1633 
-23.5599 -31.8051 33.1816 
-21.6946 -32.9815 23.6741 
-21.3311 -33.1928 25.3837 
-21.9204 -32.8492 32.6649 
-22.4132 -32.5512 21.4389 
-21.0873 -33.3294 35.6283 
-21.3543 -33.1762 31.1664 
-20.3321 -33.7223 23.6741 
-20.6173 -33.5804 22.1293 
-19.9998 -33.8923 25.1725 
-18.8302 -34.4405 22.1756 
-18.5842 -34.5479 31.1664 
-19.0642 -34.3367 33.0707 
-20.8924 -33.4315 33.187 
-18.1195 -34.7436 22.1756 
-19.4427 -34.1686 35.0434 
-19.0755 -34.3306 25.1725 
-17.265 -35.079 23.6741 
-19.0721 -34.3331 23.2718 
-16.9919 -35.1867 20.5051 
-18.003 -34.7909 34.9125 
-17.1311 -35.1298 35.5926 
-17.1351 -35.1286 33.1791 
-17.1355 -35.1275 25.1725 
-16.6166 -35.3139 22.1756 
-16.0019 -35.5184 37.0314 
-16.0396 -35.508 34.9125 
-15.6929 -35.6187 31.1664 
-15.0283 -35.8191 35.3577 
-15.2007 -35.7683 33.176 
-16.2705 -35.4318 32.6649 
-15.9394 -35.5412 23.4779 
-14.348 -36.003 23.6741 
-14.2261 -36.0347 22.1756 
-15.6929 -35.6187 22.1756 
-14.976 -35.8367 20.4288 
-12.0836 -36.4926 21.6946 
-13.3486 -36.2446 23.6741 
-14.1876 -36.0438 19.2687 
-14.0858 -36.0666 36.8305 
-12.7336 -36.3785 30.8558 
-14.348 -36.003 32.6649 
-9.4524 -36.8511 24.0446 
-12.0836 -36.4926 23.9423 
-13.983 -36.0987 34.6905 
-12.5935 -36.4045 35.2521 
-12.1825 -36.4814 33.2271 
-11.0594 -36.6598 25.1492 
-11.6749 -36.5494 26.3795 
-10.9754 -36.6786 31.8275 
-11.6585 -36.5735 35.1021 
-25.6056 -30.276 37.1383 
-25.2604 -30.5501 34.9026 
-33.5012 -20.1272 37.1831 
-32.9215 -21.3208 35.6765 
-34.686 -17.2863 31.2792 
-35.1529 -15.8032 32.5953 
-28.0205 -28.0489 19.1841 
-28.7222 -27.3017 20.7777 
-20.4287 -33.6904 20.732 
-29.8633 -25.9705 20.3543 
-30.7951 -24.7341 19.5345 
-27.5007 -28.5761 34.8485 
-26.8257 -29.2092 37.1366 
-24.3417 -31.2507 35.466 
-22.6861 -32.3802 35.6617 
-18.5012 -34.582 37.2591 
-17.3884 -35.0177 37.1907 
-10.7524 -36.7009 32.8335 
-14.0264 -34.2289 -11.0978 
-13.9899 -33.3377 -9.5178 
-15.2922 -32.8056 -9.4432 
-15.6801 -33.0218 -9.7831 
-20.5721 -30.3322 -9.4567 
-20.4316 -29.8474 -9.4043 
-31.5887 -19.9886 -11.1007 
-30.7935 -19.4162 -9.5028 
-31.1761 -18.9993 -9.625 
-30.9789 -19.5329 -9.7037 
-31.7322 -19.1869 -10.6578 
-28.9496 -16.2298 -9.398 
-30.0363 -18.4003 -9.398 
-31.2939 -17.9133 -9.4262 
-31.3179 -18.4916 -9.5639 
-31.0342 -18.9322 -9.5028 
-31.4597 -17.9839 -9.5028 
-32.1119 -16.8269 -9.6291 
-31.648 -17.4151 -9.4713 
-30.9431 -16.4623 -9.398 
-16.435 -30.0284 -9.398 
-16.8767 -31.9741 -9.4095 
-17.5264 -31.9248 -9.4247 
-16.9107 -32.3949 -9.5787 
-16.196 -32.3776 -9.421 
-27.339 -24.0969 -9.398 
-25.148 -23.5065 -9.398 
-26.0977 -25.5201 -9.398 
-24.5273 -24.2181 -9.398 
-25.5546 -26.0642 -9.398 
-26.2157 -25.9491 -9.5028 
-14.5312 -33.1409 -9.4727 
-28.9029 -18.6426 -9.398 
15.849 -31.0754 -18.3758 
13.961 -32.1272 -18.0415 
14.3623 -31.9225 -19.2465 
14.7635 -31.7178 -20.4514 
31.4617 18.5879 -16.1806 
34.1647 10.7004 -18.4152 
34.499 9.0558 -18.1217 
34.2868 10.1588 -19.6394 
33.781 12.2668 -18.2472 
33.442 13.4508 -18.3749 
34.0337 11.2801 -19.7859 
29.5038 22.2206 -14.4358 
29.4669 22.2809 -14.7245 
31.9427 17.5246 -17.3481 
32.2249 16.8573 -14.9155 
29.543 22.0871 -13.911 
29.7634 21.7851 -14.057 
29.5462 22.151 -14.1469 
29.9802 21.4197 -13.9656 
29.5395 22.0171 -13.6772 
29.4885 20.9986 -11.4745 
29.482 20.8661 -11.2702 
29.6042 20.8814 -11.3979 
30.6747 10.341 -25.9205 
30.8448 12.6566 -25.3091 
30.2613 12.4342 -25.7332 
29.3587 0.8981 -28.8071 
30.5125 3.8751 -27.407 
29.3573 3.9379 -28.1331 
29.3424 6.9776 -27.4593 
30.8546 6.7612 -26.5487 
29.349 5.9644 -27.6839 
29.334 7.9908 -27.2347 
21.4696 -19.0069 -33.2199 
24.2509 -17.4794 -31.07 
23.1204 -18.9223 -31.5115 
22.2956 -17.8622 -32.9662 
25.2399 -18.158 -29.662 
25.2677 -20.8457 -28.1565 
26.2325 -18.8373 -28.2497 
25.0888 -19.4098 -29.1533 
23.8361 -15.5075 -32.4443 
26.4064 -16.8005 -29.0031 
26.5752 -14.7767 -29.7557 
27.1042 -16.1491 -28.5804 
28.071 -13.3854 -28.6286 
26.4748 -10.494 -31.3325 
28.5949 -11.4669 -28.6593 
27.9003 -10.0028 -29.8502 
27.9925 -6.5744 -30.4635 
27.5342 -7.8925 -30.7557 
28.7978 -10.6593 -28.6576 
29.5831 -8.791 -28.2198 
30.5423 -7.4688 -27.3572 
29.8016 -4.8473 -28.5592 
29.5461 -7.216 -28.5529 
30.836 -5.8035 -27.2497 
28.5587 -8.3418 -29.4878 
29.8928 -10.5085 -27.4588 
31.3776 -8.1255 -26.2801 
30.4804 -8.4583 -27.25 
32.4335 -1.2904 -25.5471 
31.0717 -4.2436 -27.1162 
30.7901 -2.4013 -27.5364 
32.1721 -3.712 -25.8415 
31.4811 -3.0567 -26.689 
29.3534 -1.1287 -29.2564 
29.7602 0.1051 -28.7314 
31.1218 0.2966 -27.063 
30.2192 -1.3202 -28.2074 
31.6118 -1.8459 -26.5418 
32.6117 -0.1616 -25.2801 
28.4035 -5.2414 -30.1681 
28.7672 -3.8911 -29.8687 
15.7442 -28.1188 -33.3843 
23.4253 -22.5277 -29.0189 
20.7075 -26.0262 -29.5307 
-8.2035 -36.9537 30.0194 
-10.1774 -36.7673 22.3609 
-11.468 -36.603 22.712 
-8.828 -36.9024 22.551 
-8.2035 -36.9537 24.0446 
-9.4226 -36.8587 35.8269 
-7.7466 -36.965 35.9712 
-8.6238 -36.9301 33.9143 
-10.3503 -36.7537 34.5005 
-8.8266 -36.9073 33.0068 
-8.9829 -36.8939 31.5131 
-6.3199 -37.036 24.0446 
-6.9386 -37.0139 22.551 
-7.0732 -37.0158 33.5763 
-7.2493 -37.0087 31.2119 
-4.5905 -37.0386 20.4126 
-5.8441 -37.0464 32.9741 
-3.4895 -36.9972 33.0068 
-1.3739 -36.8404 21.0573 
-1.6818 -36.8689 22.551 
-0.1214 -36.6955 21.0573 
0.1969 -36.6512 22.551 
-4.7881 -37.0392 34.5005 
-4.9452 -37.0412 31.5131 
-1.2195 -36.8243 31.5131 
-0.1273 -36.697 32.8285 
1.1223 -36.4934 32.1708 
3.0165 -36.1591 21.0573 
2.3719 -36.2898 21.0573 
2.0502 -36.3497 22.551 
3.6001 -36.0315 24.0446 
3.3083 -36.0953 25.5383 
1.7284 -36.4096 25.5383 
1.7284 -36.4096 24.0446 
1.7284 -36.4096 27.032 
5.4145 -35.5772 21.0573 
3.7453 -36.0013 21.8198 
2.8553 -36.1925 28.5257 
4.7992 -35.7411 24.0446 
5.1069 -35.6592 25.5383 
3.6001 -36.0315 27.032 
3.0165 -36.1591 30.0194 
4.1841 -35.8948 30.0194 
3.7459 -35.9992 31.3072 
4.7982 -35.7422 28.9062 
5.9663 -35.4214 27.032 
5.9663 -35.4214 24.0446 
8.3137 -34.664 24.0446 
7.4292 -34.9665 25.5383 
5.8284 -35.4609 30.7663 
7.7326 -34.8661 21.0573 
7.1246 -35.068 28.8606 
7.7326 -34.8661 27.032 
8.8192 -34.4808 28.502 
9.7735 -34.1114 22.551 
8.8936 -34.4525 21.0573 
9.1872 -34.3404 25.5383 
10.6283 -33.7599 27.032 
10.6283 -33.7599 24.0446 
10.4879 -33.8191 25.5383 
10.6283 -33.7599 21.0573 
11.7673 -33.2542 21.0573 
10.3475 -33.8782 28.5257 
8.8936 -34.4525 27.032 
11.1885 -33.5163 27.032 
11.1885 -33.5163 24.0446 
13.5599 -32.3739 22.3743 
12.8606 -32.7325 23.5835 
11.4779 -33.3853 22.551 
13.4339 -32.4377 27.032 
12.4804 -32.916 25.5383 
13.4339 -32.4377 21.0573 
14.5379 -31.8439 24.0446 
14.0482 -32.1068 25.3718 
15.5413 -31.2663 26.9414 
15.4648 -31.3109 22.551 
15.9043 -31.0491 24.0129 
17.8575 -29.7875 20.4275 
15.4842 -31.3001 19.9482 
16.6839 -30.5662 22.4347 
15.8479 -31.0799 25.493 
17.9711 -29.7012 24.0446 
16.7525 -30.5166 25.403 
18.0951 -29.6144 22.551 
19.3158 -28.7221 22.3111 
17.8334 -29.7975 25.423 
18.9598 -28.9722 25.0125 
18.3179 -29.4396 26.5922 
20.4265 -27.8285 25.4016 
19.9196 -28.27 23.5649 
21.0393 -27.3281 21.8041 
20.9041 -27.4401 23.0579 
-9.4524 -36.8511 30.0194 
-11.4148 -36.5989 29.3764 
-10.6507 -36.7166 27.5864 
-10.0516 -36.7839 28.8029 
-8.2035 -36.9537 21.0573 
-9.1329 -36.8783 18.7991 
-9.553 -36.8186 20.8672 
-10.0177 -36.7809 19.7381 
-7.5573 -36.9917 -29.554 
-7.3964 -36.9993 -30.851 
-10.6507 -36.7166 -22.2913 
-8.7849 -36.9201 -24.3912 
-9.1395 -36.8792 -23.0695 
-5.8054 -37.0432 -30.851 
-5.3219 -37.0434 -23.0695 
-4.9961 -37.0422 -21.7725 
-6.9145 -37.0194 -24.3664 
-8.192 -36.9495 -23.0695 
-6.5969 -37.0282 -23.0695 
-5.6477 -37.0445 -24.3664 
-4.4996 -37.0357 -32.879 
-3.5901 -37.0017 -30.851 
-5.103 -37.0465 -34.2058 
-3.7407 -37.0085 -21.7725 
-0.4282 -36.7358 -21.8503 
-2.234 -36.9163 -23.0695 
-0.8714 -36.7851 -23.1084 
-4.0408 -37.019 -23.0695 
-1.9319 -36.8924 -32.1479 
-1.3145 -36.8344 -30.851 
-0.1453 -36.7027 -31.7042 
1.1857 -36.5024 -30.851 
0.7864 -36.5713 -32.134 
2.1241 -36.3359 -23.0695 
1.1857 -36.5024 -24.3664 
0.8798 -36.5503 -23.0695 
2.9371 -36.1755 -30.851 
5.0553 -35.6738 -30.851 
4.9 -35.7149 -29.554 
1.8669 -36.3857 -33.6001 
2.7743 -36.2095 -32.1479 
3.8815 -35.9693 -31.1903 
3.5386 -36.0458 -23.0209 
4.5591 -35.8035 -21.7213 
6.107 -35.3804 -29.554 
6.107 -35.3804 -30.851 
4.7296 -35.7592 -23.0439 
3.6892 -36.0112 -24.3664 
5.5169 -35.5514 -32.4124 
7.8262 -34.838 -30.9597 
9.6445 -34.1654 -29.6805 
8.5074 -34.5945 -24.3664 
7.3072 -34.9875 -24.3664 
7.9491 -34.7919 -21.7725 
9.0646 -34.3883 -21.7725 
7.0281 -35.0862 -23.0695 
9.3617 -34.2637 -23.0695 
10.3248 -33.8729 -28.2416 
9.9672 -34.0259 -26.0249 
10.7986 -33.6869 -24.3664 
11.6556 -33.2938 -23.0695 
10.8519 -33.6614 -20.5268 
14.7241 -31.7395 -26.9602 
11.1562 -33.534 -26.5832 
12.1855 -33.0594 -27.6149 
11.8279 -33.2123 -25.3982 
13.5134 -32.3923 -25.3982 
12.6849 -32.8192 -24.1012 
12.8572 -32.7377 -26.4299 
14.1696 -32.0469 -23.0695 
12.5126 -32.9006 -21.7725 
15.6167 -31.2232 -24.8216 
15.8289 -31.093 -26.9602 
14.1696 -32.0469 -21.7725 
15.9965 -30.9951 -21.4594 
15.8289 -31.093 -23.0695 
18.925 -29.018 -25.6633 
16.7536 -30.5173 -26.7089 
17.6755 -29.9033 -25.6633 
16.6029 -30.619 -25.0739 
16.9094 -30.4147 -23.0695 
18.2392 -29.5144 -22.3538 
19.681 -28.4464 -23.0695 
18.4296 -29.378 -24.3664 
20.6992 -27.634 -22.4446 
-9.9878 -36.7795 -25.6198 
-11.1554 -36.6435 -23.6868 
13.034 -32.6426 -19.1787 
12.7733 -32.7716 -20.4756 
8.7878 -34.4964 -19.2356 
10.2864 -33.9042 -21.6819 
7.7998 -34.8252 -18.178 
5.8593 -35.4602 -19.6655 
6.0218 -35.4134 -19.0985 
5.8164 -35.466 -21.6709 
3.3879 -36.0803 -21.6753 
0.3277 -36.6429 -19.2508 
1.4493 -36.4582 -20.4756 
-1.7031 -36.8755 -19.9967 
-1.9319 -36.8924 -21.7725 
-3.0916 -36.9778 -20.1807 
-4.7835 -37.0467 -19.2609 
-5.9797 -37.0441 -20.8885 
-4.0335 -37.0202 -20.4287 
-8.5363 -36.9332 -19.2892 
-9.4524 -36.8511 -21.7725 
-7.5573 -36.9917 -21.7725 
-6.2792 -37.0369 -21.7725 
-6.8547 -37.0247 -19.2689 
10.1532 -33.966 -31.6777 
8.9894 -34.4021 -31.315 
13.6007 -32.3256 -30.3652 
11.5201 -33.3742 -30.7664 
12.404 -32.9234 -29.7279 
13.2652 -32.5272 -27.9565 
11.5138 -33.381 -28.7999 
-8.0468 -36.9625 -20.5309 
0.219 -36.6502 -20.4898 
2.8693 -36.1895 -20.4137 
1.7991 -36.397 -21.7725 
4.2693 -35.8762 -20.4525 
10.0895 -33.9854 -20.4756 
7.7744 -34.8526 -20.4756 
-7.3458 -34.9258 10.5234 
-8.1304 -34.3082 9.5817 
-8.9657 -34.7521 10.4138 
-8.1227 -34.1982 9.5029 
-6.7332 -34.446 9.6355 
-5.8952 -34.3802 9.5551 
-7.7534 -32.9166 9.398 
-8.6774 -34.1625 9.4853 
-7.6776 -34.0325 9.4505 
-7.4166 -34.2407 9.5029 
-7.6142 -34.404 9.6329 
-7.2325 -33.8667 9.398 
-6.3965 -34.1466 9.4351 
-21.6593 -29.9292 9.6054 
-21.3304 -29.6217 9.4046 
-19.6097 -30.7991 9.4119 
-18.8905 -31.2901 9.4588 
-19.5036 -31.2273 9.625 
-28.2229 -18.6426 9.398 
-30.6702 -18.6293 9.4121 
-30.0363 -19.3693 9.398 
-26.4093 -22.2763 9.398 
-25.1506 -23.5033 9.398 
-27.3442 -24.0905 9.398 
-26.7207 -24.8057 9.398 
-27.8197 -24.782 10.0347 
-27.6467 -24.3225 9.5028 
-29.0361 -23.6934 10.6247 
-28.081 -23.8071 9.5044 
-26.8077 -25.47 9.567 
-25.2667 -27.7353 10.4981 
-26.3866 -27.411 11.4772 
-32.1907 -19.0463 11.3647 
-31.2575 -18.6138 9.5321 
-26.9561 -1.673 9.4753 
-27.9983 -2.2846 9.4367 
-26.9561 -2.281 9.4175 
-27.1575 5.751 28.189 
-27.1145 5.6945 27.7673 
-27.0111 5.5192 28.189 
-27.0111 5.5192 17.2234 
-27.0111 5.5192 18.9104 
-27.0111 5.5192 18.0669 
-27.8098 5.9914 27.3455 
-27.4333 5.9577 21.887 
-27.4531 5.9706 21.0505 
-27.43 5.9545 19.4673 
-27.3831 5.9456 25.6657 
-27.8935 5.9899 25.2362 
-27.6621 5.9949 27.7673 
-27.7222 6.0031 28.6012 
-27.662 5.9949 29.0325 
-27.662 5.9949 28.189 
-27.751 6.0026 29.4446 
-27.662 5.9949 29.876 
-27.662 5.9949 30.7195 
-27.662 5.9949 30.2978 
-27.662 5.9949 31.1413 
-27.2645 5.8472 31.1413 
-27.662 5.9949 31.563 
-27.8584 5.9981 32.2397 
-27.8935 5.9899 20.1752 
-28.0035 5.9095 20.9236 
-28.0035 5.9095 24.4518 
-27.8545 5.9952 23.1247 
-29.5609 4.6206 26.5103 
-29.034 5.1135 24.3109 
-28.6912 5.4107 25.7772 
-27.8098 5.9914 26.0802 
-28.3971 5.6639 26.5103 
-27.5924 5.9832 26.9237 
-27.8098 5.9914 26.5019 
-28.0035 5.9095 27.8653 
-27.8098 5.9914 28.189 
-28.3971 5.6639 29.443 
-28.0035 5.9095 30.3581 
-28.1972 5.8276 30.8401 
-27.8098 5.9914 29.876 
-27.8816 5.9828 31.3877 
-27.8098 5.9914 30.7195 
-28.5091 5.5783 32.2803 
-28.9853 5.1575 -25.1126 
-28.3961 5.6626 -28.6773 
-30.5936 3.5596 -24.5285 
-28.9853 5.1575 -23.6291 
-28.9853 5.1575 -22.1456 
-29.562 4.6218 -32.5299 
-31.318 2.7059 -33.5681 
-29.7498 4.4383 -31.0464 
-30.9959 3.0932 -30.8104 
-30.3729 3.7658 -29.445 
-29.2191 4.9451 -29.521 
-29.7471 4.4411 -28.078 
-31.7639 2.1073 -34.2932 
-30.6755 3.457 -32.194 
-31.2405 2.7916 -27.9615 
-31.3628 2.6408 -26.5371 
-31.4851 2.4899 -25.1126 
-31.9609 1.8557 -23.6291 
-32.4099 1.2141 -33.3247 
-31.5662 2.382 -32.3073 
-32.8968 0.4464 -32.5299 
-32.3598 1.2932 -21.1432 
-31.9871 1.829 -21.9577 
-32.8855 0.4728 -22.264 
-32.6116 0.9035 -23.6291 
-33.4241 -0.4766 -23.6291 
-34.0795 -1.7866 -30.7374 
-33.4241 -0.4766 -32.5299 
-33.3615 -0.3601 -34.0134 
-32.7436 0.6992 -36.5629 
-32.5544 0.9909 -34.4606 
-33.2081 -0.0816 -35.8689 
-33.4673 -0.552 -21.484 
-34.0238 -1.6716 -21.72 
-33.6074 -0.8243 -20.6621 
-33.715 -1.0273 -25.2255 
-34.5024 -2.8066 -34.3915 
-34.1658 -1.9983 -33.1009 
-34.3678 -2.4803 -22.1456 
-34.3998 -2.5391 -20.7178 
-34.1126 -1.8814 -23.6291 
-34.6884 -3.3207 -32.5299 
-35.0885 -4.5299 -34.1699 
-34.808 -3.6485 -35.9643 
-35.2265 -5.0568 -20.9118 
-34.9546 -4.1123 -21.5198 
-34.5561 -2.9597 -25.1126 
-34.9378 -4.0627 -32.5299 
-35.7431 -7.7727 -34.0134 
-35.759 -7.9096 -32.5299 
-35.5428 -6.3949 -35.0018 
-35.8366 -8.7183 -34.7551 
-35.3846 -5.7139 -22.1456 
-35.7231 -7.5336 -21.2692 
-35.8639 -9.0673 -24.0246 
-35.8927 -10.5231 -19.9257 
-35.8191 -8.4094 -22.0931 
-35.7679 -8.1525 -24.8841 
-35.8945 -10.005 -23.6291 
-35.8964 -10.1389 -22.1456 
-35.8945 -10.005 -32.5299 
-35.8982 -10.4276 -30.7252 
-35.8694 -11.481 -35.5654 
-35.8974 -10.03 -36.7638 
-35.889 -9.7366 -34.7551 
-35.875 -11.3183 -34.4618 
-35.7576 -12.7638 -19.1585 
-35.8455 -11.9527 -21.1767 
-35.8699 -11.3435 -32.5299 
-35.685 -13.2502 -31.0464 
-35.6858 -13.2533 -33.0973 
-35.4024 -14.7943 -34.0134 
-35.4827 -14.4151 -32.5299 
-35.7546 -12.7187 -34.0134 
-35.6365 -13.3558 -21.1838 
-35.6834 -13.2694 -23.1669 
-35.3993 -14.8131 -23.165 
-35.2323 -15.5319 -27.4782 
-35.685 -13.2502 -28.0795 
-35.4587 -14.3911 -26.2954 
-35.33 -15.1467 -30.5387 
-35.283 -15.301 -35.4968 
-34.7522 -17.0878 -35.4133 
-34.9692 -16.4201 -34.7899 
-35.1085 -4.6183 -35.8065 
-35.8742 -9.2926 -20.1451 
-35.8869 -10.9476 -18.7731 
-35.3158 -15.1725 -25.3216 
-35.4676 -14.5354 -19.3541 
-29.7363 4.4555 24.0738 
-30.9959 3.0932 25.2772 
-29.372 4.8028 33.8419 
-28.2396 5.7575 33.8429 
-29.2193 4.9545 32.4525 
-29.467 4.7123 31.6425 
-30.8946 3.2091 23.5777 
-29.3844 4.7926 21.4414 
-31.2346 2.8112 22.5857 
-30.1132 4.0696 22.1113 
-29.7651 4.4073 35.4757 
-30.0146 4.1569 33.1088 
-31.4888 2.4872 32.9123 
-30.9686 3.1255 30.5806 
-30.8946 3.2091 32.3756 
-32.3505 1.3151 22.1261 
-32.1073 1.6533 33.8419 
-31.9609 1.8557 23.5777 
-32.6858 0.7901 22.9756 
-32.7204 0.733 34.5751 
-32.5387 1.017 35.3083 
-33.0618 0.174 20.6822 
-32.2427 1.4615 30.4997 
-33.7996 -1.1891 20.5389 
-33.7248 -1.0566 22.1113 
-32.6116 0.9035 32.3756 
-34.1656 -2.0007 33.8419 
-34.1126 -1.8814 23.5777 
-33.5086 -0.606 25.3155 
-33.4241 -0.4766 23.5777 
-33.3615 -0.3601 33.8419 
-33.4763 -0.5451 30.7143 
-33.4241 -0.4766 32.3756 
-34.8576 -3.8139 23.5777 
-34.3678 -2.4803 22.1113 
-34.3899 -2.5287 21.2035 
-34.8985 -3.9382 35.3083 
-34.3678 -2.4803 30.9093 
-34.7314 -3.4412 30.9093 
-34.6453 -3.2002 33.8419 
-34.6304 -3.1564 32.809 
-34.1126 -1.8814 32.3756 
-35.0904 -4.5362 32.7344 
-35.4428 -5.9729 23.0434 
-34.9091 -3.9592 20.4984 
-35.2374 -5.0988 20.9755 
-34.8985 -3.9382 22.1113 
-35.2272 -5.0689 34.5751 
-35.4442 -5.9794 32.9728 
-35.4975 -6.244 35.3083 
-35.6136 -6.8805 23.5777 
-35.696 -7.3548 35.3452 
-35.6719 -7.2377 30.2879 
-35.6343 -7.0043 22.1113 
-35.8447 -8.8449 23.5777 
-35.8964 -10.1389 22.1113 
-35.6343 -7.0043 33.8419 
-35.8692 -9.1782 34.4369 
-35.759 -7.9096 32.3756 
-35.8544 -8.972 32.3756 
-35.8699 -11.3435 23.5777 
-35.8902 -10.8068 32.3756 
-35.8699 -11.3435 21.3782 
-35.7888 -12.4519 23.9736 
-35.7546 -12.7187 33.8419 
-35.794 -12.3538 32.3756 
-35.685 -13.2502 22.1113 
-35.733 -12.8967 21.1773 
-35.4297 -14.6679 23.5777 
-35.3703 -14.945 20.9939 
-34.7522 -17.0878 20.6771 
-34.914 -16.601 22.0055 
-35.2723 -15.2837 21.8055 
-35.5323 -14.1625 21.3782 
-34.918 -16.5882 33.8419 
-35.1997 -15.651 34.1171 
-35.8561 -9.1262 36.0002 
-34.8333 -16.8479 27.9315 
-35.1179 -15.8211 26.4878 
-34.8333 -16.8479 25.7433 
-35.4024 -14.7943 25.044 
-35.1179 -15.8211 24.2996 
-35.8798 -10.9181 18.6204 
-35.8966 -10.4056 20.645 
-35.8701 -9.2414 20.3428 
-35.7869 -8.1425 21.2428 
-35.7385 -7.6533 19.1597 
-35.8922 -9.655 19.1936 
-35.8274 -11.9903 35.3083 
-35.9 -10.3246 34.1421 
-35.7495 -12.3378 37.0973 
-35.6995 -13.1652 36.6037 
-35.8496 -11.4913 36.1478 
-28.2652 4.0828 12.3785 
-28.6516 -19.3254 -38.7994 
-28.6516 -16.8361 -38.7994 
-5.9696 -26.956 -36.6153 
-8.2253 -29.8617 -36.8325 
-10.2098 -26.956 -37.0236 
-17.5912 -30.776 -37.7344 
-19.1428 -32.0988 -37.8645 
-17.6277 -32.6851 -37.7265 
-21.0492 -24.842 39.3947 
20.827 -22.3413 26.1647 
-26.9561 2.7513 37.5657 
-26.9561 3.2266 37.1996 
-26.9561 3.6795 36.8035 
-26.9561 4.5115 35.925 
-26.9561 4.8876 35.4442 
-27.9418 5.513 34.3864 
-27.0111 5.5192 -28.239 
-27.0111 5.5192 -29.0854 
-27.662 5.9949 -21.4674 
-27.4333 5.9466 -22.1722 
-27.0111 5.5192 -20.621 
-27.9342 5.9782 -21.4132 
-27.8781 5.9767 -24.43 
31.8367 6.0826 -25.4842 
31.8311 11.5836 -24.7701 
32.0526 10.134 -24.6869 
31.4452 9.4889 -25.5206 
32.8601 8.4546 -23.9109 
32.2388 8.4501 -12.7359 
33.0673 7.8974 -14.1608 
33.0312 9.095 -14.2818 
32.9603 10.2811 -14.4017 
-4.0682 -36.9966 35.2014 
-2.729 -36.8834 35.0063 
-4.4585 -36.5425 36.2458 
-2.8236 -35.1463 36.6604 
-26.9561 -2.8962 9.398 
-26.944 -18.7412 9.398 
-27.1123 -18.872 9.398 
-27.1361 -18.7512 9.398 
-27.3161 -18.8848 9.398 
-23.6891 -26.1524 9.398 
-24.527 -24.2185 9.398 
-15.7087 -32.5542 9.4211 
-31.1048 -24.2962 -36.8767 
-26.6748 -28.7998 -37.4863 
-26.5115 -29.4781 -36.5062 
-32.1856 -22.6566 -19.2751 
-10.9024 -36.6835 20.6771 
-29.045 -26.9388 35.4351 
-29.0285 -26.9579 37.0747 
-28.2635 -27.7934 35.6617 
-26.1531 -29.8116 35.8513 
-24.2319 -31.331 21.1397 
-23.5435 -31.8125 19.1787 
-20.9009 -33.4182 19.1787 
-31.9786 -17.7518 -9.9784 
-15.4834 -33.7973 -11.0896 
-17.3867 -33.112 -11.1192 
32.2968 16.6801 -16.1318 
29.4357 22.3317 -15.0137 
29.7603 21.7937 -14.8038 
29.2973 11.0303 -26.5608 
29.0838 -2.521 -29.565 
15.9879 -29.6232 -31.9728 
6.962 -35.1202 30.8038 
-2.7874 -36.9604 32.1719 
-1.0651 -36.8082 33.0068 
8.3859 -34.6319 -33.2661 
6.6926 -35.2036 -32.1479 
6.7867 -35.111 -33.7869 
-29.2336 -24.4664 11.9663 
-22.3523 -30.1719 10.6212 
-27.0111 5.5192 29.0325 
-27.2645 5.8472 29.0325 
-27.0111 5.5192 29.876 
-27.2645 5.8472 29.876 
-27.0111 5.5192 31.563 
-27.0111 5.5192 30.7195 
-27.2645 5.8472 30.7195 
-27.2645 5.8472 32.4065 
-27.0111 5.5192 21.4409 
-27.0111 5.5192 20.5974 
-27.0111 5.5192 22.2844 
-27.0111 5.5192 23.9714 
-27.0111 5.5192 23.1279 
-27.4252 5.9528 23.1477 
-27.4394 5.9614 24.6439 
-27.0111 5.5192 25.6584 
-27.0111 5.5192 24.8149 
-27.0111 5.5192 19.7539 
-27.0111 5.5192 26.5019 
-27.5227 5.9714 26.5019 
-29.2759 4.8921 23.5777 
-28.1971 5.8276 23.1681 
-31.2406 2.8097 -20.5706 
-35.4428 -5.9729 -33.0705 
-34.683 -3.279 -36.9874 
-35.3135 -15.1367 36.1803 
-35.6383 -13.5691 34.7642 
-14.5738 -34.0807 -37.3801 
-15.1435 -33.0018 -37.4617 
-15.0723 -34.4336 -37.2406 
-27.0442 -19.0958 -9.398 
33.7993 5.5191 -15.4682 
34.5099 5.5206 -17.5815 
33.1042 5.5217 -13.9207 
33.5186 9.1169 -15.3138 
7.4446 -34.9649 22.8555 
5.7371 -35.4895 21.8661 
-27.0111 5.5192 27.3455 
-27.662 5.9949 27.3455 
-26.9561 2.255 37.901 
-26.9561 1.7394 38.2047 
-28.7198 2.1708 37.8771 
-4.6473 -31.7642 -9.398 
-35.4983 -6.3543 37.074 
-31.1095 -24.2927 36.9885 
-30.0382 -25.7394 37.2714 
-21.5808 -33.0403 37.4522 
30.4819 20.5234 -17.3481 
25.8735 -11.7823 -31.6182 
25.2304 -13.0524 -31.8999 
-28.9358 5.1318 17.6842 
-28.2242 5.8087 19.0436 
-28.1971 5.8276 20.4062 
-31.8757 -18.3852 -10.2148 
-32.5324 -17.5514 -10.8628 
0.7088 -34.8754 35.6322 
2.2249 -33.0231 35.1606 
-2.8371 -36.9605 -32.1479 
-34.9284 -16.5359 35.3998 
-6.7714 -37.0273 -34.4271 
2.8463 -31.684 34.9558 
-5.8054 -37.0432 -32.7964 
-0.8497 -36.7842 -32.7964 
0.2949 -36.6399 -34.0295 
-30.9749 -24.4836 -18.7215 
-7.1181 -37.0153 -32.3078 
-8.2035 -36.9537 -33.4448 
-10.3503 -36.7537 -33.4448 
-30.6599 -24.9266 -20.3836 
10.8499 -29.2825 -34.9959 
10.9915 -26.956 -34.9822 
9.2699 -29.7803 -35.148 
12.4299 -28.7846 -34.8437 
10.8499 -30.776 -34.9958 
-20.0621 -27.1214 -9.398 
-21.0492 -24.842 -9.398 
-19.1415 -26.7679 -9.398 
-20.9688 -27.1214 -9.398 
-19.5668 -28.7267 -9.4012 
10.4129 -30.7554 31.9099 
12.0078 -30.1074 31.133 
10.9915 -26.956 31.6399 
29.3596 1.9114 -28.5824 
29.3592 2.9247 -28.3578 
-35.8471 -11.7451 -23.1941 
-28.6516 -20.8189 -38.7994 
-26.9561 -8.1366 -38.6361 
-26.9561 -5.5164 -38.6361 
-31.0152 -2.3716 -39.0171 
-29.1928 -2.8962 -38.8515 
-30.3404 -3.4522 -38.9591 
-12.1907 -31.3146 -37.2144 
-11.0057 -31.3146 -37.1003 
4.025 -31.3146 -35.653 
2.7303 -29.8617 -35.7776 
2.5109 -26.956 -35.7987 
6.7512 -26.956 -35.3905 
6.2524 -30.7964 -35.4385 
4.815 -30.8167 -35.5769 
-6.8568 -33.4133 37.6455 
-7.4755 -32.4462 37.7609 
-7.2371 -26.956 37.7269 
13.7433 -24.2952 30.2841 
17.5561 -26.803 28.1833 
25.5733 -9.6716 22.8334 
23.434 -12.7389 24.3963 
31.4966 2.5127 -26.3665 
-33.9094 -19.2607 -28.034 
-34.3983 -18.0553 -26.4367 
-33.7102 -19.7163 -25.5426 
-33.5373 -20.0807 -29.5099 
-33.0237 -21.1194 -28.034 
-32.6114 -21.8823 -26.5581 
-33.5373 -20.0807 -26.5581 
-32.6114 -21.8823 -29.5099 
-32.2182 -22.565 -29.5099 
-32.1529 -22.6739 -28.034 
-32.0223 -22.8916 -25.0822 
-32.2182 -22.565 -26.5581 
-31.4736 -23.7546 -28.034 
-30.8853 -24.6119 -28.034 
-30.9605 -24.5044 -26.5581 
-31.1684 -24.2128 -30.8458 
-30.5764 -25.0373 -30.9857 
-29.6985 -26.1641 -29.5099 
-30.9605 -24.5044 -29.5099 
-29.7839 -26.0587 -28.034 
-29.8693 -25.9533 -26.5581 
-27.3427 -28.7196 -28.034 
-28.9482 -27.0468 -28.034 
-27.2499 -28.809 -29.5099 
-28.3544 -27.696 -29.5099 
-28.5361 -27.5011 -26.5581 
-27.2499 -28.809 -26.5581 
-26.3904 -29.5992 -25.0822 
-26.1049 -29.8467 -29.5099 
-26.7767 -29.2522 -28.034 
-27.5282 -28.5407 -30.9857 
-25.5194 -30.3367 -26.5581 
-23.6731 -31.725 -26.5581 
-24.9954 -30.7537 -28.034 
-23.6731 -31.725 -29.5099 
-25.5194 -30.3367 -29.5099 
-23.5617 -31.8028 -28.034 
-22.7924 -32.3116 -26.5581 
-22.6861 -32.3802 -28.034 
-22.6861 -32.3802 -25.0822 
-21.2396 -33.2395 -29.5099 
-22.7924 -32.3116 -29.5099 
-21.3543 -33.1762 -25.0822 
-20.5484 -33.6122 -26.5581 
-21.2396 -33.2395 -26.5581 
-21.3311 -33.1928 -30.7777 
-21.1248 -33.3027 -28.034 
-20.1081 -33.8376 -29.5099 
-19.9998 -33.8923 -28.034 
-18.5842 -34.5479 -25.0822 
-19.1978 -34.2739 -26.5581 
-16.7464 -35.2673 -29.5099 
-18.4681 -34.5969 -29.5099 
-17.8863 -34.8372 -28.034 
-16.3859 -35.3922 -28.034 
-16.2705 -35.4313 -26.5581 
-17.5237 -34.9799 -26.5581 
-14.4699 -35.9701 -28.034 
-15.6929 -35.6187 -25.0822 
-15.081 -35.8014 -26.5581 
-12.8112 -36.361 -29.2634 
-14.4298 -35.9828 -30.6024 
-14.6942 -35.9095 -29.3182 
-13.473 -36.2137 -26.476 
-14.7137 -35.9055 -25.0822 
-11.66 -36.5704 -25.0822 
-13.2186 -36.2736 -25.0822 
-11.1489 -36.6517 -26.8731 
-12.947 -36.3319 -27.8697 
-7.5573 -36.9917 -28.2571 
-9.9878 -36.7795 -28.2136 
-7.5573 -36.9917 -25.6633 
-34.0552 -18.9111 29.668 
-34.5679 -17.5791 29.549 
-35.1179 -15.8211 29.4204 
-35.4024 -14.7943 29.443 
-35.4024 -14.7943 27.9767 
-33.5373 -20.0807 26.671 
-33.4793 -20.2052 28.1695 
-33.0237 -21.1194 28.1695 
-33.5373 -20.0807 29.668 
-32.5476 -21.9977 25.1725 
-32.0223 -22.8916 31.1664 
-32.6114 -21.8823 26.671 
-32.1529 -22.6739 28.1695 
-32.2182 -22.565 29.668 
-32.6114 -21.8823 29.668 
-32.0223 -22.8916 25.1725 
-32.2182 -22.565 26.671 
-30.9605 -24.5044 26.671 
-31.4736 -23.7546 28.1695 
-30.8853 -24.6119 28.1695 
-30.5764 -25.0373 25.1725 
-30.9605 -24.5044 29.668 
-29.6985 -26.1641 29.668 
-29.6131 -26.2694 28.1695 
-29.6985 -26.1641 26.671 
-28.6269 -27.4036 25.1725 
-29.9547 -25.8479 31.1664 
-28.9482 -27.0468 28.1695 
-28.1709 -27.8892 26.671 
-28.6269 -27.4036 31.1664 
-28.3544 -27.696 29.668 
-27.3427 -28.7196 28.1695 
-27.2499 -28.809 29.668 
-27.3716 -28.7011 30.8827 
-27.5099 -28.5628 25.5326 
-26.7767 -29.2522 28.1695 
-26.4136 -29.5811 32.1906 
-27.2499 -28.809 26.671 
-26.3904 -29.5992 25.1725 
-25.6236 -30.2525 25.1725 
-26.0097 -29.9292 31.1664 
-24.3978 -31.2081 31.1664 
-24.4944 -31.1356 29.668 
-26.1049 -29.8467 29.668 
-25.4152 -30.4209 28.1695 
-26.1049 -29.8467 26.671 
-24.4944 -31.1356 26.671 
-22.4717 -32.5136 28.1695 
-23.5617 -31.8028 28.1695 
-23.6731 -31.725 29.668 
-23.5617 -31.8028 31.1664 
-22.5789 -32.4469 29.668 
-22.2573 -32.6469 31.1664 
-21.1248 -33.3027 28.1695 
-22.5789 -32.4469 26.671 
-21.2396 -33.2395 26.671 
-20.1081 -33.8376 26.671 
-21.2396 -33.2395 29.668 
-19.9998 -33.8923 28.1695 
-20.4328 -33.6732 31.1664 
-18.4681 -34.5969 26.671 
-17.1355 -35.1275 28.1695 
-19.1978 -34.2739 29.668 
-19.0755 -34.3306 28.1695 
-16.2705 -35.4313 29.668 
-18.4681 -34.5969 29.668 
-17.6531 -34.9307 31.1664 
-17.2649 -35.0783 26.671 
-14.7137 -35.9055 31.1664 
-15.4482 -35.6927 28.1695 
-15.081 -35.8014 29.668 
-13.2186 -36.2736 25.1725 
-15.3258 -35.7297 26.671 
-15.2034 -35.7667 25.1725 
-14.348 -36.0024 26.671 
-14.4699 -35.9701 28.1695 
-12.9589 -36.3279 28.1695 
-13.0888 -36.3008 26.671 
-13.6088 -36.1846 29.668 
-35.3109 -15.1992 31.6495 
31.8668 0.0675 -26.1716 
30.2105 2.2683 -27.9602 
21.1471 -21.6052 -31.9855 
27.5876 -14.7673 -28.6045 
18.4932 -26.1985 -31.7729 
17.7155 -25.8223 -32.8216 
17.1701 -24.2724 -34.3872 
-7.3966 -36.9987 25.5383 
-9.296 -36.8652 25.5383 
-7.5573 -36.9917 27.032 
-5.1023 -37.0432 24.0446 
-6.4686 -37.0319 25.5383 
-5.2589 -37.0434 25.5383 
-5.1023 -37.0432 27.032 
-5.7286 -37.044 30.0194 
-5.2589 -37.0434 28.5257 
-7.7189 -36.9822 28.5257 
-6.3199 -37.036 27.032 
-3.4891 -36.9959 27.032 
-3.6537 -37.0038 28.5257 
-4.4603 -37.0275 22.551 
-2.868 -36.9615 22.5512 
-3.6537 -37.0038 25.5383 
-3.8182 -37.0117 30.0194 
-1.9897 -36.8974 27.032 
-3.16 -36.98 24.045 
-2.1363 -36.9088 25.5383 
-0.7557 -36.7737 24.0446 
-2.479 -36.9401 28.2003 
-1.9897 -36.8974 30.0194 
0.356 -36.629 25.5383 
1.2334 -36.4975 29.4941 
0.1969 -36.6512 27.032 
-0.9103 -36.7904 28.5257 
-1.0648 -36.8071 27.032 
-0.9103 -36.7904 25.5383 
-0.1214 -36.6955 30.0194 
1.1779 -36.4955 30.8325 
2.3719 -36.2898 31.5131 
0.5151 -36.6068 24.0446 
0.7152 -36.5744 28.2631 
-9.3821 -36.8579 26.9238 
-5.1581 -37.0402 -25.6633 
-5.2771 -37.0508 -29.856 
-6.9145 -37.0194 -26.9602 
-3.7407 -37.0085 -24.3664 
-5.9635 -37.0407 -26.9602 
-3.7407 -37.0085 -26.9602 
-5.9757 -37.0422 -28.8704 
-3.7407 -37.0085 -29.554 
-4.1908 -37.0242 -28.2571 
-4.1908 -37.0242 -25.6633 
-2.6864 -36.9498 -25.6633 
-1.3145 -36.8344 -24.3664 
-1.4689 -36.8489 -25.6633 
0.0974 -36.6652 -28.2571 
-2.1821 -36.9188 -28.9938 
-0.0614 -36.6875 -29.554 
-1.8134 -36.8862 -28.0706 
-1.3145 -36.8344 -26.9602 
-0.0614 -36.6875 -24.3664 
1.1857 -36.5024 -26.9602 
-0.0614 -36.6875 -26.9602 
2.039 -36.3588 -28.5846 
1.9322 -36.3782 -25.431 
0.0974 -36.6652 -25.6633 
2.449 -36.2748 -26.9602 
3.6892 -36.0112 -26.9602 
3.5419 -36.0438 -25.6633 
3.0999 -36.1414 -29.554 
4.7448 -35.7542 -28.2571 
3.5419 -36.0438 -28.2571 
4.7448 -35.7542 -25.6633 
5.9606 -35.4223 -25.6633 
6.107 -35.3804 -24.3664 
7.9142 -34.7842 -28.6187 
5.9606 -35.4223 -28.2571 
6.107 -35.3804 -26.9602 
7.6214 -34.8726 -26.0249 
7.7678 -34.8284 -27.3218 
9.1358 -34.3648 -27.6833 
-32.5372 1.0162 -28.0795 
-32.4635 1.1293 -26.5961 
-31.8877 1.9569 -29.563 
-32.4249 1.1976 -30.9278 
-33.1027 0.1243 -28.9055 
-32.3898 1.2424 -25.1126 
-33.0918 0.1219 -25.3135 
-33.2893 -0.2356 -26.6965 
-33.2493 -0.1482 -30.7853 
-33.6058 -0.8248 -28.0795 
-34.0569 -1.7726 -29.4171 
-33.7763 -1.1589 -26.6525 
-34.9699 -4.1743 -26.8018 
-34.5561 -2.9597 -26.5961 
-34.653 -3.217 -30.5638 
-35.1426 -4.7219 -30.6712 
-34.5561 -2.9597 -28.0795 
-35.4429 -5.9791 -31.0464 
-35.4693 -6.1115 -26.5961 
-35.5221 -6.3762 -29.563 
-34.9788 -4.2058 -29.3754 
-35.1942 -4.9423 -28.0795 
-34.9076 -3.9584 -23.554 
-35.1248 -4.6588 -25.5241 
-35.2845 -5.3191 -24.2745 
-35.855 -8.8558 -29.8021 
-35.8544 -8.972 -32.5299 
-35.6343 -7.0043 -28.0795 
-35.6781 -7.2791 -30.5527 
-35.6719 -7.2377 -25.7435 
-35.6136 -6.8805 -23.6291 
-35.8748 -9.4304 -31.1658 
-35.8924 -11.1183 -28.8459 
-35.8967 -10.4433 -27.3784 
-35.7447 -7.9301 -28.9406 
-35.7672 -8.1682 -26.9115 
-35.8712 -9.1733 -27.3417 
-35.8683 -9.2245 -26.5961 
-35.9053 -10.3781 -25.3354 
-35.6944 -13.2153 -24.6685 
-35.8458 -11.749 -25.1126 
-35.8513 -11.6836 -26.5881 
-35.8277 -12.0036 -30.32 
-35.7024 -13.1174 -26.5961 
-35.4166 -14.6582 -29.2623 
-35.7024 -13.1174 -29.563 
-34.7177 -17.199 -25.9375 
-34.2518 -18.4359 -29.5099 
-34.494 -17.8004 -27.7912 
-30.9773 3.1103 27.9767 
-29.372 4.8028 27.9766 
-29.467 4.7123 29.443 
-31.4851 2.4899 25.044 
-32.0341 1.7545 26.5104 
-30.9866 3.1018 26.627 
-30.2691 3.8655 27.2435 
-31.5675 2.382 29.443 
-30.2222 3.9113 28.7099 
-32.6845 0.79 25.044 
-31.4851 2.4899 30.9093 
-31.4851 2.4899 27.9767 
-32.3898 1.2424 27.9767 
-32.4635 1.1293 26.5104 
-33.0998 0.1015 27.9767 
-32.4636 1.1258 29.2382 
-33.5897 -0.7668 29.3838 
-34.2762 -2.2548 25.3323 
-33.4276 -0.4865 26.6394 
-34.3691 -2.4874 26.6545 
-33.6058 -0.8248 27.9767 
-34.2162 -2.1206 29.443 
-35.2167 -5.0217 23.8787 
-34.6876 -3.3209 29.443 
-34.462 -2.72 27.9767 
-35.1248 -4.6588 30.5026 
-35.1942 -4.9423 27.9767 
-35.5019 -6.2575 24.7371 
-35.4693 -6.1115 26.5104 
-34.937 -4.0816 26.6958 
-35.0105 -4.2377 25.4466 
-35.2839 -5.319 29.2397 
-35.4936 -6.2158 31.2957 
-35.6781 -7.2791 25.532 
-35.8269 -8.5912 25.044 
-35.8044 -8.319 28.8145 
-35.6343 -7.0043 27.9767 
-35.8139 -8.455 26.5104 
-35.8524 -8.8806 31.1736 
-35.8982 -10.4276 25.3615 
-35.8277 -12.0036 25.762 
-35.8554 -8.8553 29.7822 
-35.8169 -12.118 26.8694 
-35.8877 -10.9255 29.2569 
-35.895 -10.4061 27.9767 
-35.8186 -12.0975 29.1715 
-35.6009 -13.7844 27.9767 
-35.5544 -14.0548 25.6241 
-10.3454 -29.8617 -37.0367 
-8.1681 -31.3146 -36.827 
-9.3531 -31.3146 -36.9411 
-26.1151 -26.501 -38.5551 
-26.5254 -24.4986 -38.5904 
-24.2287 -21.6322 -38.3735 
-6.7855 -31.3146 -36.6939 
-34.8096 -16.8971 -29.4961 
-35.8986 -10.642 30.5432 
-35.8875 -10.8182 26.6691 
-35.6649 -13.3836 32.3756 
-35.5622 -14.0125 30.4069 
-35.831 -11.9627 30.3662 
-26.5933 -22.3504 -38.6012 
-27.8788 -24.9305 -38.7164 
-27.2361 -23.6405 -38.6588 
14.5185 -28.1375 -34.6426 
15.8443 -26.205 -34.5149 
17.07 -26.1863 -33.2566 
-35.4807 -14.4499 34.0446 
-1.7293 -26.956 -36.207 
-0.8426 -30.5882 -36.1217 
-0.3202 -31.3146 -36.0714 
-0.4023 -34.74 -36.0689 
1.3696 -32.7674 -35.9087 
-19.8943 -30.6353 -9.4106 
31.1409 -11.8071 17.4602 
-0.2105 -32.7674 -36.0608 
0.7986 -35.0019 -35.8794 
-29.3274 -15.6163 39.2712 
-29.1665 -17.1088 39.2816 
-22.0028 -23.8793 39.423 
-16.7637 -26.956 39.1305 
30.273 -11.6986 18.9947 
-28.9496 -12.4972 -9.398 
-26.9561 -13.3771 -9.398 
-26.9561 -10.7568 -9.398 
-30.9431 -11.6172 -9.398 
-29.9464 -14.8925 -9.398 
-30.9431 -13.5552 -9.398 
20.6061 -20.1326 -33.4695 
22.4488 -20.7504 -31.1449 
19.7047 -21.2412 -33.7152 
-13.3758 -29.821 -37.3285 
-12.3205 -28.866 -37.2269 
-2.9537 -33.755 -36.3249 
-3.8931 -32.041 -36.4154 
-2.8354 -31.3146 -36.3135 
-4.5428 -30.5882 -36.478 
-6.2502 -29.8617 -36.6424 
1.1502 -29.8617 -35.9298 
-22.9564 -22.9167 39.4402 
-23.91 -21.954 39.4463 
24.0965 -18.7307 -30.5652 
19.2709 -26.5746 -30.7242 
-23.3496 -27.6712 39.4345 
-23.8797 -26.5868 39.4409 
-24.4098 -25.5024 39.4472 
-25.8077 -25.7469 39.4128 
31.1101 -8.9317 18.2536 
26.0068 -20.453 21.536 
25.256 -20.0005 22.7183 
18.7256 -25.0248 -32.2898 
18.4374 -22.7568 -34.0512 
20.1725 -25.1087 -30.7066 
21.228 -23.9777 -30.3569 
22.4857 -24.4956 -28.6901 
-26.9561 -9.1847 39.3915 
-30.0057 -11.6512 39.214 
-26.9561 -12.329 39.3915 
-31.9633 -12.1933 39.0553 
-31.9633 -10.8651 39.0553 
25.8365 -18.2418 22.6443 
22.2834 -22.8466 -30.0071 
23.9451 -19.9823 -30.0568 
24.2562 -21.0956 -29.0438 
23.3525 -20.923 -30.0944 
-26.8507 -18.968 -9.398 
-18.7557 -29.4593 39.2812 
-18.7557 -30.7875 39.2812 
-16.2921 -29.1405 39.0929 
-17.4733 -31.3381 39.1816 
-14.2403 -30.7875 38.8691 
27.6937 -13.9982 21.1847 
29.4066 -14.2344 19.486 
28.9929 -15.6245 19.5787 
20.6598 -23.357 -31.3461 
21.7153 -22.2259 -30.9963 
-22.3314 -27.7889 -38.1908 
-19.9882 -27.1587 -37.9652 
-20.7513 -28.7846 -38.0386 
-19.1713 -27.0421 -37.8865 
-13.7798 -28.8718 38.8061 
-14.8432 -26.956 38.939 
-16.2415 -30.5146 39.0874 
-14.5418 -28.8718 38.9041 
28.6051 -14.7042 20.4225 
28.7425 -12.4037 20.2989 
-18.8464 -27.3713 39.2868 
-18.8155 -26.9435 39.285 
-17.7597 -28.2077 39.2059 
-18.6904 -26.956 39.2771 
-26.9561 -15.9973 -9.398 
-28.9496 -13.4662 -9.398 
-5.9329 -31.555 37.4459 
-7.0303 -30.8509 37.6737 
29.4619 -8.2088 19.7028 
29.5664 -9.557 19.6123 
29.8203 -12.8443 19.3933 
27.6645 -11.9622 21.2047 
28.6156 -10.7601 20.4084 
-26.5673 -20.2132 9.398 
-9.1258 -26.956 38.0964 
-12.9295 -26.956 38.7027 
-11.0235 -26.956 38.4217 
-26.9084 -18.8591 -9.398 
-19.8481 -27.4671 39.3425 
26.6038 -8.1175 22.0414 
-21.6851 -24.2001 -38.1286 
-19.261 -28.3294 -37.8952 
3.5158 -30.7875 34.7148 
3.7549 -33.9 34.632 
4.5201 -31.7863 34.3437 
23.8067 -17.6551 24.1037 
21.1821 -15.7516 25.931 
-9.045 -31.7421 38.0811 
-11.1671 -32.6082 38.4451 
-10.9211 -28.8718 38.3848 
-10.0472 -29.5358 38.2545 
-10.5079 -30.8257 38.3335 
-11.8699 -28.8718 38.5474 
-12.7163 -30.7875 38.6731 
8.0338 -30.7875 32.9596 
7.1064 -33.021 33.3453 
3.8639 -26.956 34.5912 
7.1307 -28.9813 33.3372 
6.4279 -30.7875 33.593 
5.2454 -28.8718 34.0718 
25.0877 -19.1793 23.1944 
23.7525 -19.2981 24.1579 
22.0875 -18.8341 25.3268 
22.5686 -20.5517 24.9866 
22.1312 -21.7912 25.2981 
21.4389 -20.1623 25.761 
1.2166 -31.9053 35.4855 
26.7228 -17.2063 21.9511 
-1.6959 -32.2897 36.3512 
-2.0535 -33.4064 36.4701 
27.609 -16.1707 21.2579 
26.4783 -15.4775 22.1316 
25.3475 -14.7843 23.0052 
2.0448 -26.956 35.2222 
1.862 -30.7875 35.2626 
24.5171 -11.2121 23.6183 
26.506 -13.3733 22.105 
-8.3007 -29.7011 37.9287 
2.7803 -28.8718 34.9685 
-19.5454 -30.0114 -37.9225 
24.5771 -16.2197 23.5545 
22.3228 -14.2521 25.1672 
26.2836 -16.7076 22.2665 
24.8216 -17.9485 23.374 
-1.6328 -26.956 36.3547 
-0.7123 -28.8718 36.0825 
-3.4899 -26.956 36.8558 
0.2123 -26.956 35.8101 
1.8641 -28.8718 35.2625 
1.0362 -29.8297 35.5364 
0.2103 -28.8718 35.8102 
4.8219 -30.7875 34.2263 
4.3429 -28.8718 34.4088 
-3.5499 -31.546 36.8751 
-5.3583 -26.956 37.3133 
-6.585 -29.2555 37.5864 
-18.8154 -26.9436 -37.8522 
-18.6904 -26.956 -37.8402 
-18.1408 -27.8703 -37.7873 
-18.859 -27.1312 -37.8565 
-0.9615 -30.4982 36.1446 
0.2082 -30.7875 35.8103 
-2.1312 -30.2089 36.4788 
-18.9346 -26.9072 -37.8637 
-31.0217 -8.8704 -39.0276 
-33.396 -10.0646 -39.2562 
-31.8139 -10.4632 -39.1039 
-31.8117 -6.879 -39.1036 
-32.6039 -8.4718 -39.1799 
-26.9561 -8.1366 9.398 
-14.4501 -26.956 -37.4319 
-16.0111 -28.7846 -37.5822 
-17.5912 -28.7846 -37.7344 
-30.1674 -5.1036 -38.9445 
-31.6275 -5.276 -39.0793 
-24.8646 -20.9903 -9.398 
-26.7723 -19.0644 -9.398 
14.5501 -28.1312 29.8603 
-26.7723 -19.0644 -38.6184 
-27.6225 -21.5847 -38.7003 
-26.7723 -19.0644 9.398 
-30.9431 -14.5243 9.398 
-21.0492 -24.842 9.398 
24.5514 -14.2935 -32.1751 
-30.508 -19.8381 -9.4287 
-26.9561 -10.7568 9.398 
-26.9561 -13.3771 9.398 
-26.9561 -18.6175 9.398 
-26.9561 -15.9973 9.398 
-28.6762 -15.9778 9.398 
-27.7695 -18.1581 9.398 
3 276 410 3
3 410 276 4
3 409 0 2
3 408 407 260
3 387 7 258
3 387 258 256
3 5 248 0
3 6 272 406
3 387 256 1
3 1 254 8
3 254 1 256
3 260 407 268
3 268 409 2
3 2 0 248
3 276 3 250
3 4 248 5
3 248 4 265
3 407 409 268
3 408 272 6
3 272 408 260
3 272 7 406
3 254 253 8
3 409 407 369
3 388 250 3
3 23 3958 170
3 2860 9 38
3 9 3959 23
3 9 2860 3959
3 9 33 11
3 9 23 33
3 10 20 36
3 20 10 12
3 20 12 11
3 21 20 11
3 9 11 12
3 15 2976 14
3 17 13 14
3 14 13 16
3 15 14 16
3 13 17 2313
3 18 2873 2314
3 2313 18 2314
3 2313 17 18
3 2325 2873 2872
3 2315 19 4491
3 2230 4103 4484
3 40 4103 4101
3 38 10 37
3 199 20 21
3 22 33 167
3 167 23 168
3 170 4116 24
3 4471 178 25
3 26 4556 174
3 3965 3963 2878
3 27 2976 15
3 4559 28 29
3 4664 2864 30
3 30 2864 31
3 31 2861 35
3 2864 2861 31
3 2863 2864 4664
3 23 170 168
3 170 3958 4116
3 4116 32 24
3 38 9 12
3 33 23 167
3 2861 34 35
3 10 36 37
3 12 10 38
3 178 4556 26
3 4556 4558 174
3 3963 2870 2878
3 2314 2873 2325
3 39 2875 2310
3 2269 4103 2230
3 4484 4103 40
3 11 33 22
3 2881 41 66
3 2894 42 2893
3 43 44 2911
3 2948 2914 2906
3 2914 2905 2906
3 2910 2943 2909
3 1627 2938 64
3 1607 1627 64
3 45 4574 46
3 47 1716 60
3 2918 1711 1715
3 2885 2886 1630
3 41 2884 1659
3 66 48 2941
3 45 2940 49
3 2903 50 58
3 4584 54 59
3 2909 4520 51
3 4663 1085 52
3 62 52 1083
3 55 4567 53
3 55 53 56
3 54 55 56
3 66 41 48
3 2886 1633 1630
3 57 2944 1707
3 50 2913 58
3 2917 4584 59
3 4547 60 1713
3 1115 61 1733
3 1085 2924 1086
3 62 4663 52
3 1119 2932 1117
3 63 4608 4592
3 45 49 64
3 65 66 2941
3 64 49 1607
3 4584 55 54
3 2948 2906 2908
3 4110 2923 1111
3 4072 67 78
3 78 68 83
3 78 67 68
3 83 75 85
3 83 68 75
3 68 69 75
3 2958 70 75
3 70 86 85
3 2769 3867 71
3 72 2785 2783
3 72 2783 2781
3 72 2781 82
3 4072 82 73
3 67 73 2788
3 68 67 2788
3 68 2788 69
3 75 69 74
3 75 74 2794
3 85 87 76
3 85 76 84
3 83 84 77
3 83 77 79
3 78 79 80
3 78 80 81
3 78 81 4071
3 4072 72 82
3 67 4072 73
3 78 83 79
3 83 85 84
3 75 70 85
3 85 86 87
3 88 4120 4119
3 88 4119 240
3 4120 89 113
3 4120 88 89
3 88 240 90
3 88 90 114
3 89 88 114
3 116 115 236
3 91 4120 113
3 4119 2867 241
3 92 93 110
3 93 94 112
3 94 95 111
3 95 96 244
3 116 96 97
3 116 97 98
3 116 98 99
3 115 99 100
3 101 100 102
3 101 102 103
3 101 103 104
3 114 104 105
3 89 105 106
3 89 106 107
3 110 319 108
3 108 109 110
3 109 92 110
3 4119 241 240
3 90 238 117
3 115 117 229
3 116 236 235
3 116 235 244
3 111 95 244
3 94 111 112
3 110 93 112
3 2808 319 110
3 113 89 107
3 114 90 101
3 89 114 105
3 114 101 104
3 101 115 100
3 115 101 117
3 115 116 99
3 236 115 229
3 96 116 244
3 101 90 117
3 139 118 121
3 176 2299 119
3 16 2299 176
3 204 203 179
3 2321 120 121
3 203 122 179
3 179 122 123
3 124 179 123
3 126 124 143
3 124 123 143
3 126 143 144
3 125 126 127
3 126 144 127
3 4002 125 146
3 128 4002 129
3 4002 146 129
3 128 129 3232
3 130 3233 148
3 130 148 4003
3 4004 4003 3220
3 3164 3219 131
3 1742 131 150
3 3176 1742 132
3 1742 150 132
3 133 3176 153
3 3176 132 153
3 3191 133 153
3 3191 153 2969
3 3222 3191 134
3 3191 2969 134
3 3222 134 2971
3 3225 3222 135
3 3222 2971 135
3 136 3225 137
3 120 136 138
3 136 137 138
3 125 127 146
3 3233 3232 148
3 3225 135 2975
3 3225 2975 137
3 120 138 139
3 121 120 139
3 122 142 123
3 4003 148 140
3 4003 140 3220
3 3219 3220 141
3 3219 141 131
3 153 132 152
3 123 142 159
3 139 138 157
3 123 159 160
3 143 123 169
3 123 160 169
3 144 143 169
3 127 144 145
3 144 169 145
3 146 127 145
3 146 145 147
3 129 146 147
3 3232 129 172
3 129 147 172
3 3232 172 173
3 148 3232 149
3 3232 173 149
3 148 149 140
3 3220 140 163
3 3220 163 141
3 131 141 151
3 150 131 151
3 132 150 166
3 150 151 166
3 132 166 152
3 153 152 165
3 2969 153 165
3 138 137 158
3 137 154 158
3 138 158 157
3 140 149 155
3 140 155 163
3 141 163 151
3 152 166 165
3 159 142 156
3 2286 157 119
3 157 158 119
3 159 156 167
3 159 167 160
3 169 160 168
3 145 169 171
3 145 171 161
3 147 145 161
3 147 161 162
3 147 162 172
3 155 149 25
3 163 155 26
3 155 25 26
3 151 163 174
3 151 174 164
3 166 151 164
3 165 166 175
3 166 164 175
3 165 175 3964
3 158 176 119
3 160 167 168
3 169 168 170
3 169 170 171
3 172 162 4482
3 173 172 4482
3 149 173 4471
3 173 4482 4471
3 149 4471 25
3 163 26 174
3 167 156 22
3 170 24 171
3 24 32 161
3 32 4482 162
3 174 4558 164
3 4558 175 164
3 15 16 176
3 2286 118 157
3 4002 128 3129
3 118 139 157
3 156 142 177
3 171 24 161
3 161 32 162
3 25 178 26
3 204 179 3857
3 122 203 184
3 207 206 181
3 180 181 187
3 180 187 190
3 2801 180 192
3 180 190 192
3 2801 192 2802
3 2803 2802 183
3 2802 191 183
3 2804 2803 182
3 2804 182 205
3 2806 205 185
3 2806 185 184
3 181 206 208
3 181 208 187
3 2802 192 191
3 2803 183 182
3 205 182 185
3 183 193 182
3 184 185 196
3 186 208 210
3 187 208 188
3 208 186 188
3 190 187 188
3 192 190 189
3 190 188 189
3 191 192 194
3 192 189 194
3 183 191 194
3 183 194 193
3 182 193 195
3 182 195 200
3 185 182 197
3 182 200 197
3 185 197 196
3 193 194 195
3 196 197 202
3 186 210 2867
3 188 186 201
3 189 188 198
3 188 201 198
3 194 189 209
3 189 198 209
3 194 209 199
3 194 199 195
3 195 199 200
3 197 200 21
3 197 21 22
3 197 22 202
3 200 199 21
3 4653 198 201
3 22 156 202
3 156 177 202
3 177 142 196
3 142 122 196
3 203 204 2806
3 205 2806 2805
3 206 4055 213
3 208 213 212
3 206 207 4055
3 181 180 207
3 2804 205 2805
3 203 2806 184
3 208 206 213
3 122 184 196
3 210 208 212
3 177 196 202
3 198 4651 209
3 209 4651 199
3 21 11 22
3 2867 210 211
3 210 212 211
3 212 213 242
3 4055 2797 214
3 242 213 214
3 211 212 242
3 213 4055 214
3 2796 219 214
3 3804 216 217
3 214 219 220
3 2977 223 215
3 2977 215 216
3 217 216 226
3 217 226 218
3 219 217 218
3 219 218 220
3 216 215 226
3 221 232 231
3 221 231 243
3 222 243 228
3 222 228 234
3 222 234 230
3 223 230 224
3 215 223 224
3 215 224 225
3 226 215 225
3 226 225 237
3 218 226 239
3 226 237 239
3 220 218 227
3 218 239 227
3 220 227 211
3 2812 2808 110
3 221 2812 110
3 221 110 232
3 243 231 233
3 243 233 228
3 230 234 229
3 230 229 224
3 231 232 111
3 231 111 233
3 228 233 235
3 234 228 236
3 228 235 236
3 234 236 229
3 224 229 117
3 225 224 117
3 225 117 238
3 237 225 238
3 239 237 245
3 237 238 245
3 227 239 241
3 239 245 241
3 211 227 241
3 110 112 232
3 112 111 232
3 244 235 233
3 90 240 245
3 2867 211 241
3 242 214 220
3 214 2797 2796
3 243 2978 2814
3 243 2814 221
3 219 2796 217
3 243 222 2978
3 242 220 211
3 111 244 233
3 238 90 245
3 245 240 241
3 415 384 246
3 250 388 415
3 384 415 247
3 415 246 249
3 250 415 249
3 265 268 2
3 265 2 248
3 249 262 250
3 262 249 251
3 317 252 274
3 252 253 274
3 253 254 255
3 255 254 257
3 254 256 257
3 256 258 273
3 258 7 259
3 7 272 259
3 272 260 278
3 4 276 265
3 251 280 261
3 251 261 277
3 262 277 263
3 262 263 264
3 265 264 266
3 265 266 267
3 265 267 269
3 268 269 270
3 268 270 271
3 259 272 279
3 273 258 259
3 257 256 273
3 251 445 482
3 275 253 255
3 274 253 275
3 278 268 271
3 260 268 278
3 268 265 269
3 262 276 250
3 265 276 262
3 265 262 264
3 262 251 277
3 251 249 445
3 249 246 445
3 272 278 279
3 280 251 482
3 3975 281 2999
3 282 3974 300
3 2985 282 2986
3 282 300 2986
3 283 284 285
3 283 285 286
3 288 286 287
3 288 287 3978
3 290 3978 289
3 290 289 291
3 294 291 292
3 293 294 303
3 294 292 303
3 296 293 295
3 293 303 295
3 318 296 297
3 296 295 297
3 298 299 306
3 299 308 306
3 281 298 2999
3 298 306 2999
3 3974 3001 300
3 284 309 285
3 286 285 3977
3 3978 307 289
3 291 289 310
3 291 310 292
3 292 310 301
3 292 301 303
3 297 295 405
3 297 405 317
3 285 309 302
3 285 302 3977
3 303 301 321
3 295 303 304
3 303 321 304
3 306 308 305
3 2999 306 322
3 306 305 322
3 3977 302 2997
3 289 307 311
3 289 311 310
3 308 320 305
3 309 314 302
3 310 311 312
3 310 312 301
3 302 314 2997
3 109 108 2979
3 305 2807 313
3 2997 314 3779
3 2997 3779 3979
3 311 3014 315
3 316 318 317
3 318 297 317
3 405 295 304
3 319 2808 320
3 301 312 321
3 305 320 2807
3 322 305 313
3 312 311 315
3 274 316 317
3 404 396 323
3 323 396 397
3 323 397 324
3 324 397 325
3 324 325 398
3 334 398 399
3 334 399 335
3 326 336 327
3 326 327 337
3 337 327 400
3 337 400 339
3 339 400 403
3 339 403 402
3 328 402 3861
3 328 3861 329
3 344 329 330
3 344 330 1852
3 1852 330 3016
3 404 304 321
3 304 8 386
3 304 404 8
3 8 404 331
3 404 323 331
3 331 323 332
3 323 324 332
3 332 324 346
3 324 398 346
3 346 398 348
3 398 334 348
3 348 334 333
3 334 335 333
3 333 335 349
3 335 336 349
3 349 336 350
3 336 326 350
3 350 326 352
3 326 337 352
3 352 337 338
3 337 339 338
3 338 339 340
3 339 402 340
3 340 402 341
3 402 328 341
3 341 328 342
3 328 329 342
3 342 329 343
3 329 344 343
3 343 344 354
3 344 1852 354
3 331 332 345
3 345 332 357
3 332 346 357
3 357 346 358
3 346 348 358
3 358 348 347
3 348 333 347
3 347 333 362
3 333 349 362
3 362 349 351
3 349 350 351
3 351 350 364
3 350 352 364
3 364 352 365
3 352 338 365
3 365 338 366
3 338 340 366
3 366 340 367
3 340 341 367
3 367 341 353
3 341 342 353
3 353 342 368
3 342 343 368
3 368 343 355
3 343 354 355
3 8 406 1
3 406 8 356
3 8 331 356
3 356 331 345
3 406 356 6
3 6 356 369
3 356 345 369
3 369 345 378
3 345 357 378
3 378 357 359
3 357 358 359
3 359 358 360
3 358 347 360
3 360 347 361
3 347 362 361
3 361 362 370
3 362 351 370
3 370 351 363
3 351 364 363
3 363 364 371
3 364 365 371
3 371 365 372
3 365 366 372
3 372 366 381
3 366 367 381
3 381 367 374
3 367 353 374
3 374 353 375
3 353 368 375
3 375 368 376
3 368 355 376
3 376 355 377
3 6 369 408
3 0 369 5
3 369 378 5
3 360 361 411
3 411 361 370
3 363 371 390
3 390 371 372
3 381 374 373
3 373 374 414
3 374 375 414
3 414 375 376
3 376 377 389
3 5 378 382
3 378 359 382
3 382 359 379
3 359 360 379
3 379 360 247
3 247 360 411
3 411 370 412
3 370 363 412
3 412 363 390
3 413 390 380
3 390 372 380
3 380 372 392
3 372 381 392
3 392 381 373
3 414 376 389
3 388 382 379
3 383 384 247
3 247 411 383
3 385 317 386
3 252 385 386
3 7 387 406
3 410 4 5
3 3 410 382
3 388 3 382
3 415 388 379
3 317 405 386
3 3863 330 3841
3 3861 402 2819
3 2819 403 400
3 401 327 2810
3 2810 336 2811
3 2811 335 399
3 1869 425 389
3 423 411 424
3 424 412 421
3 421 390 391
3 391 390 413
3 432 380 420
3 420 380 419
3 419 392 418
3 418 373 393
3 393 373 417
3 417 373 394
3 394 414 395
3 395 414 425
3 404 312 396
3 397 396 315
3 398 325 2816
3 399 398 2816
3 336 335 2811
3 327 336 2810
3 400 327 401
3 402 403 2819
3 329 3861 3841
3 330 329 3841
3 3016 330 3863
3 312 404 321
3 405 304 386
3 354 1852 1833
3 386 8 253
3 355 354 1833
3 406 387 1
3 369 407 408
3 0 409 369
3 382 410 5
3 411 412 424
3 412 390 421
3 413 380 432
3 380 392 419
3 392 373 418
3 373 414 394
3 414 389 425
3 252 386 253
3 415 379 247
3 396 312 315
3 383 411 423
3 416 395 425
3 395 416 428
3 395 428 394
3 394 428 417
3 417 452 393
3 393 452 418
3 418 452 430
3 418 430 419
3 419 453 420
3 420 453 432
3 391 454 421
3 421 454 422
3 427 483 424
3 424 483 423
3 423 483 455
3 423 455 426
3 246 384 426
3 384 383 426
3 424 421 422
3 413 432 431
3 425 433 416
3 430 452 478
3 419 478 453
3 431 481 480
3 391 480 454
3 426 383 423
3 413 431 391
3 424 422 427
3 417 428 429
3 452 417 429
3 419 430 478
3 432 453 481
3 431 432 481
3 391 431 480
3 427 422 449
3 246 426 455
3 425 1869 433
3 465 436 466
3 457 436 1895
3 434 437 435
3 473 437 434
3 436 465 435
3 465 434 435
3 435 1900 1896
3 1895 435 1896
3 1895 436 435
3 437 458 1881
3 1900 437 1881
3 435 437 1900
3 471 469 468
3 472 471 458
3 469 471 472
3 437 473 458
3 473 472 458
3 438 1884 3391
3 438 3391 3389
3 3389 469 442
3 442 469 470
3 3389 442 438
3 4109 4108 460
3 475 439 441
3 439 475 440
3 439 442 441
3 438 442 439
3 4109 460 3374
3 476 1864 443
3 460 443 1886
3 460 4108 443
3 478 4505 444
3 444 4505 4504
3 447 479 444
3 4504 447 444
3 445 246 484
3 484 446 482
3 446 484 448
3 479 447 448
3 447 446 448
3 479 448 449
3 451 4107 440
3 450 451 440
3 474 450 475
3 416 433 4507
3 428 416 4507
3 429 428 4507
3 452 429 4505
3 453 478 444
3 481 453 444
3 480 481 479
3 422 454 479
3 483 427 449
3 455 483 484
3 1909 456 1888
3 1888 456 457
3 457 1895 1891
3 1881 458 1858
3 1858 458 1860
3 1860 458 459
3 459 471 1882
3 1871 460 1885
3 1886 443 1864
3 3394 3023 1867
3 1867 3023 1875
3 461 3024 1868
3 3388 433 1870
3 470 472 462
3 462 434 463
3 463 465 467
3 467 558 560
3 464 443 4106
3 465 466 467
3 473 434 462
3 434 465 463
3 471 468 1882
3 469 472 470
3 458 471 459
3 472 473 462
3 474 475 441
3 475 450 440
3 438 4493 1884
3 3374 460 1871
3 476 443 464
3 1864 476 477
3 460 1886 1885
3 478 452 4505
3 4505 429 4507
3 479 454 480
3 479 481 444
3 445 484 482
3 484 483 448
3 448 483 449
3 422 479 449
3 246 455 484
3 467 466 558
3 532 1426 1417
3 485 486 1476
3 487 486 485
3 486 1423 511
3 487 485 512
3 486 487 488
3 486 488 1423
3 487 512 507
3 488 490 489
3 490 488 487
3 488 1419 1423
3 488 489 1419
3 490 487 507
3 514 489 490
3 514 490 491
3 490 507 491
3 514 491 503
3 492 1411 514
3 492 514 503
3 492 503 515
3 493 509 1413
3 493 515 509
3 517 495 518
3 518 495 494
3 494 495 496
3 496 495 510
3 510 509 497
3 497 509 498
3 498 515 499
3 499 515 500
3 500 515 501
3 501 503 502
3 502 503 504
3 491 507 505
3 505 507 506
3 506 507 513
3 513 512 508
3 508 512 1477
3 1477 512 1478
3 1478 485 1476
3 1476 486 2497
3 2497 511 1432
3 1432 511 1433
3 1401 1423 1419
3 1419 489 1410
3 1410 489 1415
3 1411 492 516
3 509 510 1420
3 510 495 1420
3 486 511 2497
3 512 485 1478
3 511 1423 1433
3 507 512 513
3 489 514 1411
3 503 491 504
3 515 503 501
3 492 515 493
3 492 493 516
3 509 515 498
3 489 1411 1415
3 517 518 541
3 541 518 535
3 559 536 530
3 542 541 535
3 535 559 530
3 1360 522 539
3 520 533 519
3 1377 520 519
3 1360 1377 526
3 1377 519 526
3 1360 526 522
3 539 522 523
3 533 1417 519
3 522 526 521
3 522 521 523
3 1417 525 519
3 523 521 524
3 526 519 527
3 519 525 527
3 521 526 528
3 526 527 528
3 521 528 524
3 525 540 542
3 525 542 527
3 524 528 543
3 528 527 529
3 528 529 543
3 527 542 529
3 543 529 530
3 531 1418 520
3 1418 532 533
3 1417 534 525
3 534 1428 525
3 1428 517 540
3 542 535 529
3 520 1377 1342
3 543 536 537
3 524 537 608
3 524 608 538
3 523 538 612
3 523 612 545
3 539 544 1326
3 1331 539 1326
3 1342 531 520
3 520 1418 533
3 539 523 545
3 533 532 1417
3 523 524 538
3 525 1428 540
3 524 543 537
3 540 517 541
3 540 541 542
3 529 535 530
3 543 530 536
3 1360 539 1331
3 544 545 546
3 539 545 544
3 612 538 547
3 1326 544 582
3 548 607 616
3 577 549 578
3 549 548 578
3 578 548 551
3 550 581 578
3 550 578 551
3 581 550 554
3 550 551 552
3 550 556 554
3 556 550 552
3 553 554 556
3 554 555 613
3 613 555 1902
3 553 556 561
3 556 552 561
3 554 553 555
3 553 557 555
3 558 557 553
3 560 558 561
3 559 575 536
3 1902 555 1906
3 1906 555 1908
3 560 561 562
3 562 561 580
3 580 552 563
3 563 552 564
3 564 552 579
3 579 551 565
3 565 551 566
3 566 551 567
3 567 548 568
3 568 548 569
3 569 616 570
3 570 616 571
3 571 616 572
3 572 575 573
3 573 575 574
3 575 559 574
3 575 572 576
3 576 572 616
3 577 578 610
3 548 616 569
3 607 548 549
3 551 548 567
3 581 554 598
3 601 554 613
3 552 551 579
3 561 552 580
3 558 553 561
3 578 581 610
3 554 601 598
3 582 546 584
3 546 583 584
3 584 585 1391
3 583 546 612
3 584 583 592
3 584 592 585
3 1391 585 586
3 1318 586 587
3 1318 587 590
3 586 585 588
3 586 588 587
3 590 587 595
3 590 595 589
3 1361 590 589
3 583 612 547
3 583 547 592
3 585 592 594
3 585 594 588
3 587 588 602
3 587 602 595
3 1361 589 596
3 591 596 600
3 591 600 599
3 547 615 593
3 592 547 593
3 592 593 604
3 594 592 604
3 588 594 603
3 602 588 603
3 595 602 606
3 589 595 597
3 595 606 597
3 596 589 597
3 596 597 598
3 596 598 600
3 599 600 601
3 599 601 613
3 594 604 605
3 594 605 603
3 602 603 606
3 593 615 576
3 615 609 576
3 604 593 576
3 604 576 605
3 603 605 607
3 606 603 577
3 597 606 577
3 597 577 610
3 597 610 598
3 600 598 601
3 603 607 549
3 603 549 577
3 544 546 582
3 538 608 547
3 608 537 615
3 537 536 609
3 616 607 605
3 610 581 598
3 613 1902 614
3 599 611 617
3 546 545 612
3 596 591 1370
3 599 613 614
3 547 608 615
3 615 537 609
3 609 575 576
3 576 616 605
3 536 575 609
3 591 599 617
3 1361 596 1370
3 582 584 1323
3 627 618 619
3 631 729 2141
3 624 2142 620
3 624 620 625
3 625 620 2121
3 625 2121 621
3 626 621 622
3 618 627 1297
3 627 619 628
3 628 619 629
3 619 729 629
3 629 729 631
3 631 2141 623
3 2141 2142 623
3 623 2142 624
3 625 621 626
3 1297 627 636
3 627 628 636
3 636 628 638
3 628 629 638
3 638 629 630
3 629 631 630
3 630 631 642
3 631 623 642
3 642 623 632
3 623 624 632
3 632 624 643
3 643 624 633
3 624 625 633
3 633 625 634
3 625 626 634
3 634 626 731
3 626 622 731
3 1297 636 635
3 635 636 637
3 637 636 639
3 636 638 639
3 639 638 640
3 638 630 640
3 640 630 641
3 630 642 641
3 641 642 651
3 642 632 651
3 651 632 653
3 632 643 653
3 653 643 644
3 643 633 644
3 644 633 645
3 633 634 645
3 645 634 646
3 634 731 646
3 635 637 647
3 647 654 648
3 647 637 654
3 654 637 655
3 637 639 655
3 655 639 649
3 639 640 649
3 649 640 657
3 640 641 657
3 657 641 650
3 641 651 650
3 650 651 652
3 651 653 652
3 652 653 660
3 653 644 660
3 660 644 661
3 644 645 661
3 661 645 727
3 645 646 727
3 661 727 732
3 648 654 733
3 733 654 663
3 654 655 663
3 663 655 656
3 655 649 656
3 649 657 656
3 656 657 658
3 657 650 658
3 658 650 659
3 650 652 659
3 659 652 668
3 652 660 668
3 668 660 669
3 660 661 669
3 661 732 669
3 671 733 662
3 733 663 662
3 662 663 664
3 663 656 664
3 664 656 665
3 656 658 665
3 665 658 666
3 658 659 666
3 666 659 667
3 659 668 667
3 667 668 674
3 668 669 674
3 674 669 670
3 669 732 670
3 734 671 672
3 671 662 672
3 672 662 675
3 662 664 675
3 675 664 677
3 664 665 677
3 677 665 673
3 665 666 673
3 673 666 681
3 666 667 681
3 681 667 682
3 667 674 682
3 682 674 689
3 674 670 689
3 683 734 684
3 734 672 684
3 684 672 676
3 672 675 676
3 676 675 686
3 675 677 686
3 686 677 678
3 677 673 678
3 678 673 679
3 673 681 679
3 679 681 680
3 681 682 680
3 680 682 689
3 690 683 692
3 683 684 692
3 692 684 694
3 684 676 694
3 694 676 685
3 676 686 685
3 685 686 687
3 686 678 687
3 687 678 688
3 678 679 688
3 688 679 697
3 679 680 697
3 697 680 735
3 680 689 735
3 690 691 737
3 690 692 691
3 691 692 699
3 699 692 693
3 692 694 693
3 693 694 695
3 694 685 695
3 695 685 696
3 696 685 700
3 685 687 700
3 700 687 701
3 687 688 701
3 701 688 703
3 688 697 703
3 703 697 736
3 697 735 736
3 703 736 704
3 737 691 738
3 738 691 698
3 691 699 698
3 698 699 706
3 699 693 706
3 693 695 706
3 706 695 707
3 707 695 715
3 695 696 715
3 715 696 708
3 696 700 708
3 700 701 708
3 708 701 710
3 710 701 702
3 701 703 702
3 702 703 704
3 705 738 1047
3 1047 738 698
3 698 706 714
3 714 706 707
3 715 708 709
3 709 708 710
3 710 702 711
3 711 702 717
3 702 704 717
3 717 704 1037
3 705 712 1046
3 712 705 1047
3 1047 698 713
3 713 698 714
3 1010 714 1048
3 714 707 1048
3 707 715 1048
3 1048 715 1012
3 715 709 1012
3 1012 709 716
3 709 710 716
3 716 710 711
3 1051 717 1037
3 2139 730 2063
3 647 648 718
3 718 648 719
3 719 733 720
3 720 734 721
3 721 683 1262
3 1262 690 1268
3 1268 737 722
3 722 737 1307
3 1307 705 1290
3 1007 1037 990
3 990 704 723
3 723 736 724
3 724 735 725
3 725 689 726
3 726 670 978
3 978 727 728
3 728 646 975
3 975 731 950
3 950 622 971
3 729 619 2116
3 2142 2141 2120
3 618 1297 730
3 731 622 950
3 646 731 975
3 727 646 728
3 732 727 978
3 648 733 719
3 733 671 720
3 670 732 978
3 671 734 720
3 689 670 726
3 734 683 721
3 683 690 1262
3 735 689 725
3 690 737 1268
3 736 735 724
3 704 736 723
3 737 738 1307
3 738 705 1307
3 1037 704 990
3 705 1046 1290
3 2139 618 730
3 739 1037 1007
3 2377 740 742
3 742 743 2379
3 740 748 741
3 741 748 2257
3 742 740 745
3 740 741 745
3 743 742 744
3 742 745 744
3 741 2257 747
3 747 2257 2256
3 745 741 2222
3 741 747 2222
3 744 745 2222
3 742 2379 749
3 740 2377 2376
3 748 2375 2242
3 748 2242 746
3 747 3440 3441
3 747 3441 2222
3 2222 776 744
3 748 740 2376
3 2377 742 749
3 2257 748 746
3 743 744 775
3 747 2256 3440
3 748 2376 2375
3 2222 750 776
3 756 781 775
3 756 766 2170
3 2170 751 2172
3 2170 766 751
3 2172 751 752
3 2172 758 753
3 2172 752 758
3 753 759 780
3 753 758 759
3 780 759 760
3 760 770 754
3 754 770 788
3 793 788 755
3 793 755 783
3 756 775 765
3 765 775 757
3 756 765 766
3 758 752 768
3 758 768 759
3 760 759 761
3 760 761 770
3 788 770 769
3 788 769 755
3 783 755 762
3 783 762 773
3 764 783 763
3 783 773 763
3 784 764 779
3 764 763 779
3 765 757 777
3 777 757 776
3 766 765 2225
3 765 777 2225
3 751 766 2225
3 752 751 767
3 751 2225 767
3 752 767 768
3 759 768 790
3 759 790 761
3 770 761 772
3 769 770 792
3 770 772 792
3 755 769 771
3 769 792 771
3 755 771 762
3 768 767 2224
3 768 2224 790
3 761 790 772
3 762 771 2229
3 762 2229 773
3 763 773 774
3 763 774 779
3 775 744 757
3 744 776 757
3 776 750 789
3 777 789 2225
3 790 791 772
3 779 774 778
3 779 778 811
3 760 754 780
3 756 787 781
3 784 786 782
3 783 782 2122
3 784 785 786
3 779 811 805
3 779 805 815
3 784 815 785
3 781 743 775
3 756 2170 787
3 754 788 2124
3 788 793 2124
3 783 764 782
3 764 784 782
3 784 779 815
3 777 776 789
3 790 2224 791
3 792 772 2221
3 774 773 2229
3 793 783 2122
3 3033 3027 813
3 2218 794 3982
3 2212 3026 3429
3 813 3985 3035
3 3982 794 3036
3 3027 3985 813
3 800 3037 835
3 3037 807 795
3 3037 800 807
3 795 807 808
3 795 808 3409
3 3409 808 796
3 3409 796 3412
3 3412 810 797
3 3412 796 810
3 797 810 801
3 797 801 798
3 798 803 2168
3 2168 803 799
3 835 814 800
3 818 799 2187
3 801 810 809
3 798 801 802
3 801 809 802
3 798 802 803
3 799 803 817
3 814 815 804
3 804 815 805
3 814 804 812
3 800 814 812
3 807 800 806
3 800 812 806
3 808 807 806
3 808 806 3035
3 796 808 3035
3 796 3035 3036
3 810 796 3036
3 809 810 794
3 810 3036 794
3 803 802 2209
3 809 794 802
3 804 805 3028
3 3028 805 811
3 812 804 3028
3 812 3028 3033
3 806 812 813
3 812 3033 813
3 806 813 3035
3 802 2218 2209
3 2187 2186 819
3 814 835 816
3 785 815 816
3 2168 799 818
3 815 814 816
3 2187 799 817
3 817 803 2209
3 802 794 2218
3 818 2187 819
3 828 2137 785
3 820 823 2137
3 2137 828 820
3 828 835 836
3 820 828 836
3 820 836 821
3 825 822 823
3 825 823 824
3 823 820 824
3 825 824 3038
3 820 821 824
3 824 821 3038
3 826 822 825
3 826 825 3039
3 825 3038 3039
3 2145 822 826
3 826 3039 3046
3 2145 826 827
3 786 785 2137
3 816 835 828
3 973 829 3416
3 3416 830 831
3 832 3047 833
3 3044 3042 3408
3 827 3046 837
3 837 3046 839
3 839 3987 3986
3 3986 3988 841
3 841 3048 842
3 842 834 830
3 3416 829 830
3 785 816 828
3 835 3037 836
3 3040 3037 2155
3 3047 3044 833
3 826 3046 827
3 834 832 831
3 834 831 830
3 845 970 837
3 845 837 838
3 838 837 839
3 838 839 3986
3 840 3986 841
3 840 841 848
3 848 841 842
3 848 842 849
3 849 842 830
3 849 830 829
3 970 845 974
3 838 3986 843
3 843 3986 840
3 849 829 844
3 844 829 972
3 974 850 949
3 974 845 850
3 850 845 851
3 845 838 851
3 851 838 852
3 838 843 852
3 852 843 846
3 843 840 846
3 846 840 847
3 840 848 847
3 847 848 853
3 848 849 853
3 853 849 844
3 853 844 855
3 855 972 854
3 855 844 972
3 949 857 856
3 949 850 857
3 857 850 859
3 850 851 859
3 859 851 860
3 851 852 860
3 860 852 861
3 852 846 861
3 861 846 864
3 846 847 864
3 864 847 865
3 847 853 865
3 865 853 855
3 865 855 976
3 976 854 965
3 976 855 854
3 856 868 866
3 856 857 868
3 868 857 858
3 857 859 858
3 858 859 873
3 859 860 873
3 873 860 862
3 860 861 862
3 862 861 863
3 861 864 863
3 863 864 870
3 864 865 870
3 870 865 976
3 976 965 961
3 866 868 867
3 867 868 869
3 868 858 869
3 869 858 873
3 870 976 876
3 866 879 877
3 866 867 879
3 879 867 871
3 867 869 871
3 871 869 872
3 869 873 872
3 872 873 881
3 873 862 881
3 881 862 874
3 862 863 874
3 874 863 875
3 863 870 875
3 875 870 876
3 877 878 979
3 877 879 878
3 878 879 885
3 879 871 885
3 885 871 887
3 871 872 887
3 887 872 880
3 872 881 880
3 880 881 882
3 881 874 882
3 882 874 883
3 874 875 883
3 883 875 980
3 875 876 980
3 979 889 895
3 979 878 889
3 889 878 884
3 878 885 884
3 884 885 891
3 885 887 891
3 891 887 886
3 887 880 886
3 886 880 893
3 880 882 893
3 893 882 888
3 882 883 888
3 888 883 982
3 883 980 982
3 889 884 890
3 890 884 891
3 895 889 897
3 897 889 898
3 889 890 898
3 898 890 900
3 890 891 900
3 900 891 902
3 891 886 902
3 902 886 892
3 886 893 892
3 892 893 894
3 893 888 894
3 894 888 984
3 888 982 984
3 895 896 985
3 895 897 896
3 896 897 903
3 897 898 903
3 903 898 899
3 898 900 899
3 899 900 901
3 900 902 901
3 901 902 908
3 902 892 908
3 908 892 909
3 892 894 909
3 909 894 911
3 894 984 911
3 985 896 904
3 904 896 906
3 896 903 906
3 906 903 899
3 985 913 912
3 985 904 913
3 913 904 905
3 904 906 905
3 905 906 907
3 906 899 907
3 907 899 916
3 899 901 916
3 916 901 917
3 901 908 917
3 917 908 910
3 908 909 910
3 910 909 918
3 909 911 918
3 912 920 986
3 912 913 920
3 920 913 921
3 913 905 921
3 921 905 914
3 905 907 914
3 914 907 915
3 907 916 915
3 915 916 924
3 916 917 924
3 924 917 925
3 917 910 925
3 925 910 919
3 910 918 919
3 986 927 989
3 986 920 927
3 927 920 922
3 920 921 922
3 922 921 933
3 921 914 933
3 933 914 923
3 914 915 923
3 923 915 929
3 915 924 929
3 929 924 926
3 924 925 926
3 926 925 962
3 925 919 962
3 989 931 991
3 989 927 931
3 931 927 928
3 927 922 928
3 928 922 933
3 933 923 934
3 934 923 929
3 929 926 943
3 943 926 930
3 926 962 930
3 991 931 932
3 932 931 938
3 931 928 938
3 938 928 939
3 928 933 939
3 939 933 934
3 934 929 941
3 941 929 943
3 943 930 944
3 995 930 935
3 991 936 992
3 991 932 936
3 936 932 946
3 932 938 946
3 946 938 937
3 938 939 937
3 937 939 947
3 939 934 947
3 947 934 940
3 934 941 940
3 940 941 942
3 941 943 942
3 942 943 944
3 992 936 945
3 945 936 968
3 936 946 968
3 968 946 937
3 937 947 3060
3 3060 947 993
3 947 940 993
3 993 940 948
3 940 942 948
3 950 971 949
3 975 950 856
3 728 975 877
3 978 728 979
3 726 978 895
3 725 726 985
3 724 725 986
3 723 724 989
3 990 723 991
3 1007 990 992
3 2145 827 970
3 987 963 919
3 951 987 918
3 952 951 918
3 954 952 911
3 953 954 911
3 955 953 984
3 983 955 984
3 956 983 982
3 981 956 982
3 957 981 980
3 958 957 980
3 959 958 876
3 960 959 876
3 961 960 876
3 964 977 965
3 988 994 962
3 963 988 919
3 964 965 3049
3 3057 972 973
3 1570 993 1625
3 1625 948 1566
3 1566 948 1567
3 1567 942 966
3 966 944 1557
3 1007 992 998
3 998 945 997
3 997 945 967
3 967 968 1006
3 969 993 1570
3 970 827 837
3 971 970 974
3 972 829 973
3 971 974 949
3 950 949 856
3 975 856 866
3 976 961 876
3 965 977 961
3 975 866 877
3 728 877 979
3 876 958 980
3 978 979 895
3 980 981 982
3 982 983 984
3 726 895 985
3 984 953 911
3 725 985 912
3 911 952 918
3 725 912 986
3 918 987 919
3 724 986 989
3 919 988 962
3 723 989 991
3 930 962 935
3 944 930 995
3 995 935 1569
3 990 991 992
3 942 944 966
3 948 942 1567
3 993 948 1625
3 992 945 998
3 945 968 967
3 3060 993 969
3 971 2145 970
3 962 994 935
3 944 995 1557
3 1000 1003 996
3 997 967 1005
3 998 997 1000
3 1007 998 996
3 1575 1003 999
3 999 1000 1618
3 1618 1005 1548
3 1548 1006 1539
3 1539 1006 1001
3 1001 1002 1545
3 739 996 1004
3 996 998 1000
3 996 1003 1004
3 1000 997 1005
3 1000 1005 1618
3 1005 967 1006
3 1005 1006 1548
3 1003 1000 999
3 1007 996 739
3 1003 1575 1004
3 1016 1044 1046
3 1016 1046 712
3 1016 712 1038
3 1016 1038 1008
3 1008 1038 713
3 1008 713 1009
3 1008 1009 1020
3 1020 1009 1010
3 1020 1010 1011
3 1011 1010 1049
3 1011 1049 1013
3 1013 1049 1012
3 1013 1012 716
3 1013 716 1014
3 1015 1014 1050
3 1015 1050 1023
3 1023 1050 1051
3 1023 1051 1024
3 1024 1051 739
3 1044 1016 1017
3 1017 1016 1025
3 1016 1008 1025
3 1025 1008 1018
3 1008 1020 1018
3 1018 1020 1019
3 1020 1011 1019
3 1019 1011 1021
3 1011 1013 1021
3 1021 1013 1028
3 1013 1014 1028
3 1028 1014 1015
3 1015 1023 1022
3 1022 1023 1057
3 1023 1024 1057
3 1017 1030 1029
3 1017 1025 1030
3 1030 1025 1032
3 1025 1018 1032
3 1032 1018 1034
3 1018 1019 1034
3 1034 1019 1042
3 1042 1019 1021
3 1026 1021 1028
3 1028 1015 1059
3 1015 1022 1059
3 1059 1022 1027
3 1027 1022 1057
3 1026 1028 1059
3 1029 1030 1031
3 1030 1032 1033
3 1033 1032 1054
3 1032 1034 1054
3 1054 1034 1041
3 1034 1042 1041
3 1042 1021 1035
3 1021 1026 1035
3 1031 1056 1184
3 1056 1031 1030
3 1030 1033 1040
3 1040 1033 1053
3 1053 1033 1054
3 1056 1030 1040
3 1184 1056 1036
3 1051 1037 739
3 711 717 1050
3 716 711 1050
3 713 714 1009
3 712 1047 1038
3 1290 1046 1043
3 1004 1575 1058
3 1039 1036 1572
3 1572 1056 1621
3 1621 1040 1549
3 1622 1041 1623
3 1623 1042 1035
3 1554 1026 1573
3 1573 1059 1027
3 1043 1044 1045
3 1045 1029 1147
3 1147 1029 1052
3 1055 1039 1202
3 1046 1044 1043
3 1038 1047 713
3 1009 714 1010
3 1010 1048 1049
3 1049 1048 1012
3 1014 716 1050
3 1050 717 1051
3 1004 1024 739
3 1044 1017 1045
3 1024 1004 1057
3 1017 1029 1045
3 1029 1031 1052
3 1035 1026 1554
3 1031 1184 1052
3 1054 1041 1622
3 1056 1040 1621
3 1040 1053 1549
3 1053 1054 1622
3 1184 1036 1055
3 1036 1056 1572
3 1057 1004 1058
3 1055 1036 1039
3 1041 1042 1623
3 1026 1059 1573
3 1027 1057 1058
3 3484 3485 1080
3 1726 3484 1080
3 2340 1060 1061
3 2340 1061 1062
3 1107 1062 1092
3 1107 1092 1075
3 3566 1063 1081
3 1064 3566 1082
3 3566 1081 1082
3 1066 1064 1065
3 1064 1082 1065
3 1068 1066 1067
3 1066 1065 1067
3 1069 1068 1084
3 1068 1067 1084
3 1069 1084 1087
3 2336 1069 1087
3 2338 2336 1090
3 2336 1087 1090
3 1070 2338 1071
3 2338 1090 1071
3 1074 1070 1072
3 1070 1071 1072
3 1060 1074 1073
3 1074 1072 1073
3 1060 1073 1061
3 1062 1061 1091
3 1062 1091 1092
3 1075 1092 1095
3 2341 1075 1097
3 1075 1095 1097
3 1076 2341 3061
3 2341 1097 3061
3 3991 1076 1077
3 1076 3061 1077
3 1105 3990 3992
3 1078 1105 1099
3 1105 3992 1099
3 3485 1078 1098
3 1078 1099 1098
3 1080 1098 1079
3 3485 1098 1080
3 1079 1098 1110
3 1081 1117 2930
3 1082 1081 2930
3 1082 2930 1083
3 1065 1082 52
3 1082 1083 52
3 1067 1065 1085
3 1065 52 1085
3 1084 1067 1086
3 1067 1085 1086
3 1087 1084 1088
3 1084 1086 1088
3 1090 1087 1111
3 1087 1088 1111
3 1071 1090 1089
3 1090 1111 1089
3 1071 1089 1072
3 1073 1072 1096
3 1061 1073 1113
3 1073 1096 1113
3 1091 1061 1114
3 1061 1113 1114
3 1092 1091 1093
3 1091 1114 1093
3 1095 1092 1094
3 1092 1093 1094
3 1095 1094 1097
3 3061 1097 3065
3 3992 3064 1100
3 3992 1100 1099
3 1072 1112 1096
3 1097 1094 4086
3 1097 4086 3065
3 1099 1100 1102
3 1098 1099 1103
3 1099 1102 1103
3 1110 1098 1103
3 1110 1103 1108
3 3065 4086 3063
3 3064 3993 1100
3 1094 1093 1101
3 1094 1101 4086
3 1108 1103 1733
3 1100 2955 1102
3 1733 1103 1115
3 2932 2930 1117
3 4110 1111 1088
3 4601 1104 1096
3 1104 4589 1114
3 4589 1101 1093
3 3990 1105 3501
3 3991 1106 1076
3 1062 1107 2340
3 1069 3548 1068
3 1109 2332 1124
3 1108 1721 1686
3 1110 1686 1079
3 1080 1675 1726
3 3567 1109 1116
3 1066 1068 3553
3 1075 2341 3504
3 3991 3990 1106
3 1063 3567 1118
3 1080 1079 1675
3 1081 1063 1118
3 1110 1108 1686
3 1111 2923 1089
3 1112 4601 1096
3 1096 1104 1113
3 1113 1104 1114
3 1114 4589 1093
3 1108 1733 1721
3 1102 4130 1103
3 1103 4130 1115
3 1118 3567 1116
3 1117 1081 1118
3 1119 1117 1118
3 1116 1119 1118
3 1128 1123 1129
3 1129 1123 1121
3 1121 1120 2951
3 1121 1123 1122
3 1121 1122 1120
3 4540 4528 3067
3 1120 1122 1125
3 1120 1125 4528
3 1125 1122 2360
3 4528 1125 1130
3 3067 4528 1131
3 4528 1130 1131
3 2950 1127 1129
3 1127 1119 1128
3 1202 1039 1576
3 1116 1109 1128
3 1109 1124 1123
3 1122 1124 2360
3 1125 2360 2359
3 1125 2359 1126
3 1130 1126 2344
3 1131 1576 3066
3 1128 1119 1116
3 1128 1109 1123
3 1127 1128 1129
3 2950 1129 1121
3 1123 1124 1122
3 3067 1131 3066
3 1130 1125 1126
3 1131 1130 2344
3 1202 1131 1201
3 1201 1131 2344
3 1131 1202 1576
3 2472 1194 1199
3 1199 1194 1132
3 1194 1192 1132
3 1132 1192 1143
3 1143 1192 1133
3 1192 1190 1133
3 1133 1190 1134
3 1190 1188 1134
3 1134 1188 1135
3 1188 1136 1135
3 1135 1136 1137
3 1136 1196 1137
3 1137 1196 1138
3 1196 1139 1138
3 1138 1139 1146
3 1139 1197 1146
3 1146 1197 1140
3 1197 1141 1140
3 1140 1141 1198
3 1141 1043 1198
3 1148 1199 1142
3 1199 1132 1142
3 1142 1132 1149
3 1132 1143 1149
3 1149 1143 1151
3 1143 1133 1151
3 1151 1133 1152
3 1133 1134 1152
3 1152 1134 1153
3 1134 1135 1153
3 1153 1135 1154
3 1135 1137 1154
3 1154 1137 1144
3 1137 1138 1144
3 1144 1138 1145
3 1138 1146 1145
3 1145 1146 1157
3 1146 1140 1157
3 1157 1140 1147
3 1140 1198 1147
3 1185 1148 1159
3 1148 1142 1159
3 1159 1142 1160
3 1142 1149 1160
3 1160 1149 1162
3 1149 1151 1162
3 1162 1151 1150
3 1151 1152 1150
3 1150 1152 1163
3 1152 1153 1163
3 1163 1153 1155
3 1153 1154 1155
3 1155 1154 1156
3 1154 1144 1156
3 1156 1144 1165
3 1144 1145 1165
3 1165 1145 1167
3 1145 1157 1167
3 1167 1157 1158
3 1157 1147 1158
3 1169 1185 1171
3 1185 1159 1171
3 1171 1159 1172
3 1159 1160 1172
3 1172 1160 1161
3 1160 1162 1161
3 1161 1162 1176
3 1162 1150 1176
3 1176 1150 1177
3 1150 1163 1177
3 1177 1163 1179
3 1163 1155 1179
3 1179 1155 1180
3 1155 1156 1180
3 1180 1156 1164
3 1156 1165 1164
3 1164 1165 1166
3 1165 1167 1166
3 1166 1167 1183
3 1167 1158 1183
3 1169 2342 1168
3 1169 1171 2342
3 2342 1171 1170
3 1171 1172 1170
3 1170 1172 1173
3 1172 1161 1173
3 1173 1161 1174
3 1161 1176 1174
3 1174 1176 1175
3 1176 1177 1175
3 1177 1179 1175
3 1175 1179 1178
3 1179 1180 1178
3 1178 1180 1181
3 1180 1164 1181
3 1181 1164 1182
3 1164 1166 1182
3 1182 1166 1183
3 1184 1055 1183
3 1052 1184 1158
3 2472 1199 2482
3 2482 1148 2484
3 2484 1185 2486
3 2486 1169 1168
3 1201 1183 1202
3 1290 1043 1186
3 1186 1141 1295
3 1295 1139 1187
3 1187 1196 1195
3 1195 1188 1189
3 1189 1190 1191
3 1191 1192 1291
3 1291 1194 1193
3 1194 2472 1193
3 1192 1194 1291
3 1190 1192 1191
3 1188 1190 1189
3 1136 1188 1195
3 1196 1136 1195
3 1139 1196 1187
3 1197 1139 1295
3 1141 1197 1295
3 1043 1141 1186
3 1043 1045 1198
3 1199 1148 2482
3 1198 1045 1147
3 1148 1185 2484
3 1147 1052 1158
3 1185 1169 2486
3 1158 1184 1183
3 1168 2342 1200
3 1174 1175 2358
3 1182 1183 1201
3 1055 1202 1183
3 1203 2055 2045
3 1203 2045 1204
3 1204 2045 2057
3 2055 1203 1367
3 1204 2057 1211
3 2057 2072 1211
3 1211 2072 1212
3 2072 1205 1212
3 1212 1205 1213
3 1205 2058 1213
3 2058 2059 1213
3 1213 2059 1216
3 2059 2060 1216
3 1216 2060 1206
3 1206 2060 1207
3 1367 1203 1208
3 1208 1203 1209
3 1209 1203 1210
3 1203 1204 1210
3 1210 1204 1219
3 1204 1211 1219
3 1219 1211 1220
3 1211 1212 1220
3 1220 1212 1214
3 1212 1213 1214
3 1214 1213 1222
3 1213 1216 1222
3 1222 1216 1215
3 1216 1206 1215
3 1215 1206 1217
3 1206 1207 1217
3 1215 1217 1231
3 1302 1208 1218
3 1208 1209 1218
3 1218 1209 1226
3 1209 1210 1226
3 1226 1210 1227
3 1210 1219 1227
3 1227 1219 1221
3 1219 1220 1221
3 1221 1220 1229
3 1220 1214 1229
3 1229 1214 1223
3 1214 1222 1223
3 1223 1222 1224
3 1224 1222 1225
3 1222 1215 1225
3 1225 1215 1230
3 1230 1215 1231
3 1302 1218 1298
3 1298 1218 1232
3 1218 1226 1232
3 1232 1226 1233
3 1226 1227 1233
3 1233 1227 1228
3 1227 1221 1228
3 1228 1221 1234
3 1221 1229 1234
3 1234 1229 1235
3 1229 1223 1235
3 1235 1223 1236
3 1223 1224 1236
3 1236 1224 1237
3 1224 1225 1237
3 1237 1225 1239
3 1225 1230 1239
3 1239 1230 718
3 1230 1231 718
3 1239 718 719
3 1304 1298 1242
3 1298 1232 1242
3 1242 1232 1243
3 1232 1233 1243
3 1243 1233 1244
3 1233 1228 1244
3 1228 1234 1244
3 1244 1234 1246
3 1234 1235 1246
3 1246 1235 1247
3 1235 1236 1247
3 1236 1237 1247
3 1247 1237 1238
3 1237 1239 1238
3 1238 1239 719
3 1240 1304 1241
3 1304 1242 1241
3 1241 1242 1250
3 1242 1243 1250
3 1250 1243 1251
3 1243 1244 1251
3 1251 1244 1245
3 1244 1246 1245
3 1245 1246 1253
3 1246 1247 1253
3 1253 1247 1254
3 1247 1238 1254
3 1254 1238 1306
3 1238 719 1306
3 1256 1240 1248
3 1240 1241 1248
3 1248 1241 1258
3 1241 1250 1258
3 1258 1250 1249
3 1250 1251 1249
3 1249 1251 1252
3 1251 1245 1252
3 1252 1245 1260
3 1245 1253 1260
3 1260 1253 1255
3 1253 1254 1255
3 1254 1306 1255
3 1255 1306 721
3 1256 1248 1263
3 1263 1248 1257
3 1248 1258 1257
3 1257 1258 1259
3 1258 1249 1259
3 1259 1249 1266
3 1249 1252 1266
3 1266 1252 1267
3 1252 1260 1267
3 1267 1260 1261
3 1260 1255 1261
3 1261 1255 1262
3 1255 721 1262
3 1256 1270 1381
3 1256 1263 1270
3 1270 1263 1271
3 1271 1263 1264
3 1263 1257 1264
3 1264 1257 1265
3 1257 1259 1265
3 1265 1259 1274
3 1259 1266 1274
3 1274 1266 1276
3 1266 1267 1276
3 1276 1267 1278
3 1267 1261 1278
3 1278 1261 1268
3 1261 1262 1268
3 1381 1270 1269
3 1269 1270 1280
3 1270 1271 1280
3 1280 1271 1272
3 1271 1264 1272
3 1272 1264 1273
3 1264 1265 1273
3 1273 1265 1284
3 1265 1274 1284
3 1284 1274 1275
3 1274 1276 1275
3 1275 1276 1277
3 1276 1278 1277
3 1277 1278 1279
3 1279 1278 722
3 1278 1268 722
3 1279 722 1289
3 1300 1269 1281
3 1269 1280 1281
3 1281 1280 1287
3 1280 1272 1287
3 1287 1272 1282
3 1272 1273 1282
3 1273 1284 1282
3 1282 1284 1283
3 1284 1275 1283
3 1283 1275 1285
3 1275 1277 1285
3 1285 1277 1296
3 1296 1277 1289
3 1277 1279 1289
3 1300 1281 1292
3 1292 1281 1286
3 1281 1287 1286
3 1286 1287 1293
3 1287 1282 1293
3 1293 1282 1294
3 1282 1283 1294
3 1294 1283 1288
3 1283 1285 1288
3 1288 1285 1296
3 1296 1289 1290
3 1300 1291 1193
3 1300 1292 1291
3 1291 1292 1191
3 1191 1292 1189
3 1292 1286 1189
3 1189 1286 1195
3 1286 1293 1195
3 1195 1293 1187
3 1293 1294 1187
3 1187 1294 1295
3 1294 1288 1295
3 1295 1288 1186
3 1288 1296 1186
3 1186 1296 1290
3 722 1307 1289
3 635 647 1231
3 1297 635 1217
3 730 1297 1207
3 1367 1208 1366
3 1366 1302 1303
3 1303 1298 1305
3 1305 1304 1364
3 1364 1256 1363
3 1381 1269 1299
3 1299 1300 1362
3 1300 1193 1362
3 730 1207 1301
3 2055 1367 1308
3 1207 1297 1217
3 1208 1302 1366
3 1217 635 1231
3 1302 1298 1303
3 1231 647 718
3 1298 1304 1305
3 1304 1240 1364
3 719 720 1306
3 1240 1256 1364
3 1306 720 721
3 1256 1381 1363
3 1269 1300 1299
3 1289 1307 1290
3 730 1301 2063
3 1996 2055 1308
3 1317 1314 1309
3 1317 1309 1310
3 1315 1311 1312
3 1311 1986 1312
3 1312 1986 1319
3 1986 1374 1319
3 1319 1374 1313
3 1374 1314 1313
3 1313 1314 1317
3 1315 1312 1318
3 1313 1317 1316
3 1316 1317 1375
3 1317 1310 1375
3 1320 1318 1312
3 1320 1312 1319
3 1320 1319 1325
3 1325 1319 1322
3 1319 1313 1322
3 1322 1313 1316
3 1316 1375 1376
3 1320 1325 1323
3 1325 1322 1321
3 1321 1322 1324
3 1322 1316 1324
3 1324 1316 1376
3 1323 1327 582
3 1323 1325 1327
3 1325 1321 1328
3 1328 1321 1329
3 1321 1324 1329
3 1329 1324 1365
3 1324 1376 1365
3 1325 1328 1327
3 582 1327 1326
3 1326 1327 1331
3 1327 1328 1333
3 1333 1328 1334
3 1328 1329 1334
3 1334 1329 1330
3 1329 1365 1330
3 1331 1327 1333
3 1331 1333 1332
3 1332 1333 1336
3 1333 1334 1336
3 1336 1334 1338
3 1334 1330 1338
3 1331 1332 1335
3 1335 1332 1341
3 1341 1332 1337
3 1332 1336 1337
3 1337 1336 1339
3 1336 1338 1339
3 1335 1341 1378
3 1341 1337 1344
3 1344 1337 1345
3 1337 1339 1345
3 1378 1341 1340
3 1340 1341 1344
3 1342 1378 1347
3 1340 1344 1343
3 1343 1344 1379
3 1344 1345 1379
3 1342 1347 531
3 1347 1378 1340
3 531 1347 1429
3 1347 1340 1346
3 1346 1340 1349
3 1340 1343 1349
3 1349 1343 1380
3 1343 1379 1380
3 1429 1347 1350
3 1350 1347 1346
3 1429 1350 1353
3 1350 1346 1351
3 1351 1346 1348
3 1346 1349 1348
3 1348 1349 1382
3 1349 1380 1382
3 1353 1350 1355
3 1355 1350 1356
3 1350 1351 1356
3 1356 1351 1352
3 1351 1348 1352
3 1352 1348 1383
3 1348 1382 1383
3 1353 1385 1392
3 1385 1353 1354
3 1354 1353 1355
3 1386 1385 1387
3 1387 1385 1388
3 1388 1385 1354
3 1388 1354 1368
3 1368 1354 1369
3 1354 1355 1369
3 1369 1355 1390
3 1355 1356 1390
3 1390 1356 1357
3 1356 1352 1357
3 1357 1352 1358
3 1352 1383 1358
3 1358 1383 1359
3 2394 1388 1368
3 1377 1360 1335
3 599 614 611
3 590 1361 1315
3 1318 590 1315
3 586 1318 1320
3 1391 586 1320
3 584 1391 1323
3 1362 1193 1359
3 1299 1362 1383
3 1381 1299 1382
3 1363 1381 1380
3 1364 1363 1345
3 1305 1364 1338
3 1303 1305 1365
3 1366 1303 1376
3 1367 1366 1375
3 1308 1367 1310
3 1996 1308 1310
3 2394 1368 2399
3 2399 1369 2481
3 1390 1357 2402
3 2402 1357 2403
3 1315 1361 1977
3 1361 1370 1977
3 591 617 1370
3 1371 1353 1392
3 1387 1372 1421
3 1421 1372 1373
3 1373 2393 1399
3 2391 2473 1430
3 1311 1315 1978
3 1314 1374 1982
3 1310 1367 1375
3 1375 1366 1376
3 1376 1303 1365
3 1365 1305 1330
3 1330 1305 1338
3 1360 1331 1335
3 1338 1364 1339
3 1377 1335 1378
3 1339 1364 1345
3 1377 1378 1342
3 1345 1363 1379
3 1379 1363 1380
3 1429 1353 1371
3 1380 1381 1382
3 1382 1299 1383
3 1385 1384 1392
3 1385 1386 1384
3 1387 1388 1372
3 1383 1362 1359
3 1372 1388 1389
3 1388 2394 1389
3 1368 1369 2399
3 1369 1390 2481
3 1357 1358 2403
3 1358 1359 2403
3 1391 1320 1323
3 1372 2393 1373
3 1394 1371 1392
3 1371 1394 1397
3 1425 1371 1397
3 1395 1384 1386
3 1384 1395 1392
3 1392 1395 1394
3 1425 1397 1426
3 1387 1424 1386
3 1394 1395 1393
3 1394 1393 1407
3 1394 1407 1397
3 1421 1422 1402
3 1421 1402 1403
3 1421 1403 1424
3 1386 1424 1404
3 1386 1404 1405
3 1395 1386 1405
3 1395 1405 1396
3 1395 1396 1393
3 1397 1407 1398
3 1426 1397 1427
3 1397 1398 1427
3 1399 1430 1409
3 1422 1399 1400
3 1399 1409 1400
3 1402 1422 1400
3 1424 1403 1404
3 1393 1396 1407
3 1430 2473 1401
3 1430 1401 1409
3 1402 1400 1414
3 1400 1415 1414
3 1403 1402 1414
3 1404 1403 1416
3 1403 1414 1416
3 1404 1416 1412
3 1405 1404 1412
3 1396 1405 1412
3 1396 1412 1406
3 1407 1396 1406
3 1398 1407 1408
3 1407 1406 1408
3 1427 1398 1408
3 1409 1401 1410
3 1409 1410 1400
3 1414 1411 1416
3 1412 1416 516
3 1412 516 493
3 1412 493 1413
3 1406 1412 1413
3 1408 1406 495
3 1400 1410 1415
3 1414 1415 1411
3 1416 1411 516
3 495 1406 1420
3 1406 1413 1420
3 517 1428 495
3 1428 534 1408
3 534 1417 1427
3 1417 1426 1427
3 532 1418 1425
3 1418 531 1425
3 1419 1410 1401
3 509 1420 1413
3 1425 1429 1371
3 1421 1373 1422
3 2393 2391 1430
3 1401 2473 1423
3 1424 1387 1421
3 532 1425 1426
3 1373 1399 1422
3 534 1427 1408
3 1428 1408 495
3 531 1429 1425
3 1399 2393 1430
3 2499 2498 1431
3 2473 1431 1433
3 1431 2498 1432
3 1431 1432 1433
3 1423 2473 1433
3 1434 2698 1435
3 2698 1436 1437
3 2698 2736 1435
3 1434 1435 2735
3 2698 1437 2736
3 1444 1480 1448
3 2704 1440 1438
3 1438 1440 1439
3 1439 1440 1449
3 2703 1456 2702
3 2702 1456 2701
3 2701 1456 1441
3 2701 1441 1442
3 1442 1451 1443
3 1443 1451 2699
3 2699 1484 2520
3 2699 1451 1484
3 2720 2705 1445
3 2720 1445 2704
3 1449 2722 1439
3 1439 2641 1438
3 1448 2705 2706
3 1448 2706 1444
3 1444 2707 1434
3 1484 1485 2520
3 1448 1480 1506
3 2705 1506 1445
3 2704 1445 1440
3 1449 1454 1446
3 1450 1446 1455
3 2703 1455 1456
3 1442 1441 1483
3 1444 1434 2735
3 1480 2735 1447
3 1480 1444 2735
3 2705 1448 1506
3 1449 1440 1454
3 2722 1449 1446
3 1450 2722 1446
3 2703 1450 1455
3 1451 1442 1483
3 1457 1452 1458
3 1458 1452 1454
3 1452 1453 1446
3 1454 1452 1446
3 1446 1453 1455
3 1482 1456 1453
3 1453 1456 1455
3 1481 1480 1447
3 1481 1457 1458
3 2533 1498 3715
3 3715 1459 1495
3 3079 3071 2522
3 1460 1461 3069
3 1462 1502 1463
3 1502 1462 1500
3 1462 1461 1500
3 3069 1462 1464
3 3069 1461 1462
3 1462 1463 1464
3 3079 1465 4668
3 3079 1460 3069
3 3070 3069 1464
3 3070 1464 3709
3 3072 2512 2523
3 3072 2523 3073
3 3072 1464 1463
3 3074 3072 1466
3 3072 1463 1466
3 1467 1470 1468
3 1468 1470 1490
3 3075 3074 1490
3 3074 1468 1490
3 1470 2513 2519
3 1492 1471 1469
3 1473 1471 1492
3 1470 1467 1469
3 1467 1492 1469
3 1469 2501 2514
3 2513 1469 2514
3 2513 1470 1469
3 2501 1471 3700
3 1469 1471 2501
3 1471 1473 1472
3 1472 1473 1474
3 1499 1501 1500
3 1475 1499 1461
3 1504 1475 1461
3 1478 1476 1474
3 1477 1478 1479
3 1506 1480 1481
3 1441 1456 1482
3 1483 1441 1482
3 1451 1483 1497
3 1484 1451 4667
3 1485 1484 4667
3 1481 1447 1486
3 1485 1496 2530
3 2530 1496 2515
3 2515 1496 2516
3 2521 1487 2506
3 2506 1498 1488
3 1489 3999 2508
3 2508 3999 3081
3 4001 3075 2535
3 2535 1490 2517
3 2494 1491 2496
3 2496 1491 2495
3 1479 1473 1503
3 1503 1492 1493
3 1493 1468 1466
3 4655 1457 1494
3 4668 1465 1495
3 1496 1485 4667
3 1483 1482 1497
3 4667 1451 1497
3 1454 1440 1458
3 1481 1458 1445
3 1458 1440 1445
3 1487 1498 2506
3 1498 2533 1488
3 1465 3999 1495
3 1461 1499 1500
3 1501 1502 1500
3 3074 1466 1468
3 1467 1468 1493
3 1490 1470 2517
3 3075 1490 2535
3 1470 2519 2517
3 1473 1492 1503
3 1492 1467 1493
3 2514 2501 2502
3 1472 1474 1505
3 1474 1473 1479
3 1491 1505 2497
3 1491 2497 2495
3 1460 1504 1461
3 1474 1476 1505
3 1478 1474 1479
3 1506 1481 1445
3 1505 1476 2497
3 1507 1511 1508
3 1510 1507 1508
3 1509 1510 1516
3 1510 1508 1516
3 1509 1516 3088
3 3091 1513 1595
3 1595 1513 1514
3 1511 49 1512
3 1508 1534 1516
3 3088 1516 3085
3 1514 1513 1518
3 1590 1514 1520
3 1514 1518 1520
3 1590 1520 1519
3 1515 1519 1522
3 1515 1522 1523
3 1512 1611 1531
3 1511 1512 1530
3 1512 1531 1530
3 1508 1511 1532
3 1511 1530 1532
3 1508 1532 1534
3 1516 1534 1535
3 3085 1516 1517
3 1516 1535 1517
3 3085 1517 1536
3 1513 1536 1538
3 1513 1538 1518
3 1520 1518 1546
3 1519 1520 1521
3 1520 1546 1521
3 1519 1521 1522
3 1523 1522 1524
3 1610 1523 1525
3 1523 1524 1525
3 1610 1525 1564
3 1561 1564 1542
3 1561 1612 1526
3 1561 1542 1612
3 4527 1528 1611
3 4576 1550 1551
3 1527 4494 1528
3 1611 1528 1529
3 1531 1611 1552
3 1611 1529 1552
3 1530 1531 1553
3 1531 1552 1553
3 1532 1530 1574
3 1530 1553 1574
3 1534 1532 1533
3 1532 1574 1533
3 1534 1533 1535
3 1517 1535 1616
3 1536 1517 1537
3 1517 1616 1537
3 1536 1537 1617
3 1536 1617 1538
3 1518 1538 1547
3 1518 1547 1546
3 1521 1546 1539
3 1522 1521 1540
3 1521 1539 1540
3 1522 1540 1524
3 1525 1524 1619
3 1564 1525 1571
3 1525 1619 1571
3 1564 1571 1620
3 1542 1564 1620
3 1612 1542 1541
3 1542 1620 1541
3 1543 4553 1577
3 4553 1543 1550
3 1528 4494 1544
3 4494 1551 1544
3 1528 1544 1624
3 1528 1624 1529
3 1535 1533 1616
3 1524 1540 1545
3 1524 1545 1619
3 1541 1614 1615
3 1538 1617 1618
3 1538 1618 1547
3 1546 1547 1548
3 1546 1548 1539
3 1620 1625 1541
3 1550 1543 1621
3 1551 1550 1549
3 1550 1621 1549
3 1551 1549 1053
3 1551 1053 1544
3 1529 1624 1623
3 1552 1529 1035
3 1529 1623 1035
3 1553 1552 1554
3 1552 1035 1554
3 1553 1554 1574
3 1533 1574 1027
3 1614 1541 966
3 1607 49 1507
3 49 2940 1512
3 1568 1555 995
3 1555 1556 1557
3 1556 1626 966
3 1626 1558 1614
3 1558 1559 1614
3 1615 1560 1612
3 1560 1613 1612
3 1526 1562 1561
3 1562 1563 1561
3 1563 1628 1561
3 1628 1565 1564
3 1565 1609 1564
3 1609 1578 1610
3 1566 1567 1541
3 1556 966 1557
3 1555 1557 995
3 1568 995 1569
3 1575 999 1537
3 1539 1001 1540
3 969 1570 1571
3 1039 1572 1543
3 1622 1623 1544
3 1573 1027 1574
3 1027 1058 1616
3 1058 1575 1616
3 3066 1576 1577
3 1576 1039 1577
3 1578 1579 1610
3 1579 1580 1610
3 1580 1581 1610
3 1581 1582 1523
3 1582 1583 1523
3 1583 1584 1523
3 1584 1585 1515
3 1585 1586 1515
3 1586 1587 1519
3 1587 1629 1519
3 1629 1588 1590
3 1588 1589 1590
3 1589 1591 1514
3 1591 1592 1514
3 1592 1593 1514
3 1593 1594 1595
3 1594 1596 1595
3 1596 1597 3091
3 1597 3089 3091
3 3087 1598 3088
3 1598 1608 3088
3 1608 1599 1509
3 1599 1600 1509
3 1600 1601 1510
3 1601 1602 1510
3 1602 1603 1510
3 1603 1604 1507
3 1604 1605 1507
3 1605 1606 1607
3 1507 1605 1607
3 1603 1507 1510
3 1608 1509 3088
3 49 1511 1507
3 1593 1595 1514
3 1589 1514 1590
3 1586 1519 1515
3 1584 1515 1523
3 1581 1523 1610
3 1609 1610 1564
3 1512 2940 1611
3 1611 2940 4527
3 1612 1613 1526
3 1612 1541 1615
3 4553 3066 1577
3 1614 1559 1615
3 1616 1533 1027
3 1616 1575 1537
3 1537 999 1617
3 1617 999 1618
3 1547 1618 1548
3 1540 1001 1545
3 1619 969 1571
3 1571 1570 1620
3 1620 1570 1625
3 1039 1543 1577
3 1543 1572 1621
3 1053 1622 1544
3 1544 1623 1624
3 1554 1573 1574
3 1566 1541 1625
3 1626 1614 966
3 1541 1567 966
3 1606 1627 1607
3 4527 1527 1528
3 4616 3066 4553
3 1628 1564 1561
3 1629 1590 1519
3 1596 3091 1595
3 1600 1510 1509
3 2960 2794 1631
3 1630 1636 2885
3 2960 1631 1632
3 2960 1632 1634
3 1633 1634 1640
3 1630 1640 1635
3 1630 1635 1636
3 2885 1636 1637
3 2884 1637 1643
3 1659 2884 1643
3 1659 1643 1638
3 48 1659 1638
3 48 1638 1639
3 2941 48 1639
3 2941 1639 1731
3 1631 1646 1632
3 1634 1632 1641
3 1640 1634 1641
3 1640 1641 1648
3 1635 1640 1648
3 1635 1648 1650
3 1636 1635 1642
3 1635 1650 1642
3 1637 1636 1644
3 1636 1642 1644
3 1643 1637 1645
3 1637 1644 1645
3 1638 1643 1655
3 1643 1645 1655
3 1639 1638 1654
3 1638 1655 1654
3 1639 1654 1658
3 1731 1639 1658
3 1632 1646 1647
3 1632 1647 1641
3 1646 2791 2824
3 1646 2824 1647
3 1641 1647 2843
3 1641 2843 4074
3 1648 1641 4074
3 1650 1648 1649
3 1648 4074 1649
3 1642 1650 1651
3 1650 1649 1651
3 1644 1642 1651
3 1644 1651 1652
3 1645 1644 1652
3 1645 1652 3954
3 1655 1645 1653
3 1645 3954 1653
3 1654 1655 1656
3 1655 1653 1656
3 1658 1654 1656
3 1647 2824 2843
3 1633 2960 1634
3 2959 2794 2960
3 2792 2824 1661
3 1646 1631 2791
3 1656 1657 1660
3 1658 1660 1709
3 1633 1640 1630
3 2884 2885 1637
3 41 1659 48
3 1731 1658 1709
3 1658 1656 1660
3 2824 2791 1661
3 1653 3954 3955
3 1657 1745 1660
3 1673 1726 1675
3 4076 1662 1682
3 1745 1672 1660
3 3339 1673 1663
3 3325 3339 1687
3 3339 1663 1687
3 3325 1687 1690
3 3367 3325 1691
3 3325 1690 1691
3 3366 3367 1691
3 3366 1691 1699
3 1664 3366 1665
3 3366 1699 1665
3 1664 1665 1666
3 4077 1666 1688
3 1667 4077 1688
3 1668 1667 1669
3 1667 1688 1669
3 1668 1669 1725
3 1725 1693 1679
3 1671 1729 1670
3 3353 1671 1695
3 1671 1670 1695
3 3353 1695 1672
3 1674 1673 1675
3 1674 1675 1079
3 1673 1674 1676
3 1673 1676 1663
3 1666 1665 1677
3 1666 1677 1688
3 1725 1669 1678
3 1725 1678 1693
3 1679 1693 1704
3 1724 1679 1704
3 1727 1724 1705
3 1724 1704 1705
3 1680 1727 1705
3 1662 1680 1681
3 1680 1705 1681
3 1682 1662 1681
3 1682 1681 1683
3 1684 1682 1685
3 1682 1683 1685
3 1729 1684 1685
3 1729 1685 1670
3 1672 1695 1708
3 1660 1672 1708
3 1660 1708 1709
3 1674 1079 1686
3 1663 1676 1697
3 1663 1697 1687
3 1688 1701 1669
3 1690 1687 1689
3 1691 1690 1689
3 1691 1689 1692
3 1691 1692 1699
3 1665 1699 1712
3 1665 1712 1677
3 1688 1677 1701
3 1669 1701 1703
3 1669 1703 1678
3 1693 1678 1717
3 1693 1717 1704
3 1670 1685 1694
3 1670 1694 1696
3 1695 1670 1696
3 1695 1696 1708
3 1676 1674 1686
3 1687 1697 1698
3 1687 1698 1689
3 1699 1692 1712
3 1683 1681 1700
3 1683 1700 1685
3 1676 1686 1714
3 1701 1677 1732
3 1677 1712 1732
3 1701 1732 1702
3 1701 1702 1703
3 1678 1703 1722
3 1678 1722 1717
3 1704 1717 1719
3 1704 1719 1706
3 1705 1704 1706
3 1705 1706 1707
3 1681 1705 1720
3 1705 1707 1720
3 1681 1720 3092
3 1681 3092 1700
3 1685 1700 1723
3 1694 1685 2892
3 1685 1723 2892
3 1696 1694 2892
3 1708 1696 2893
3 1708 2893 2942
3 1709 1708 2942
3 1686 1721 1714
3 1676 1714 2919
3 1697 1676 1710
3 1676 2919 1710
3 1697 1710 1698
3 1689 1698 1715
3 1692 1689 1711
3 1712 1692 1713
3 1700 2911 1723
3 2942 2941 1731
3 1714 61 2919
3 1698 1710 1715
3 1689 1715 1711
3 1692 1711 1713
3 1712 1713 1732
3 1703 1702 1716
3 1703 1716 1722
3 1717 1722 1718
3 1717 1718 1719
3 1706 1719 2915
3 1706 2915 57
3 1706 57 1707
3 1720 1707 2944
3 1720 2944 3092
3 1714 1721 1733
3 60 1716 1702
3 2916 1718 1722
3 2911 44 1723
3 44 2890 2892
3 2893 42 2942
3 1672 1745 3353
3 1684 1730 4075
3 1682 4075 4076
3 1662 4076 4008
3 1680 4008 1728
3 1724 1728 3363
3 1679 3363 3351
3 1725 3351 1668
3 1673 3345 1726
3 1664 1666 4077
3 1725 1679 3351
3 1679 1724 3363
3 1724 1727 1728
3 1727 1680 1728
3 1680 1662 4008
3 1682 1684 4075
3 1684 1729 1730
3 1729 1671 1730
3 1709 2942 1731
3 1723 44 2892
3 1713 60 1732
3 1732 60 1702
3 1716 2916 1722
3 1719 1718 2915
3 61 1714 1733
3 4417 3104 3095
3 4098 1734 2321
3 3581 3209 1735
3 1736 179 1737
3 179 124 1737
3 1742 3176 3174
3 120 2321 1734
3 3211 3210 1744
3 1738 1744 1771
3 1738 1771 1739
3 1743 1739 1851
3 3155 1848 1765
3 3857 179 1736
3 3231 4002 3129
3 1740 4004 1741
3 3154 3155 1765
3 3155 3170 1848
3 3164 1742 3163
3 3163 1742 3174
3 3193 1743 1851
3 1743 1738 1739
3 1738 3212 1744
3 3212 3211 1744
3 1726 3345 3350
3 4075 1730 3261
3 3353 1745 1753
3 3934 2830 1747
3 1746 1747 2604
3 3263 1748 2632
3 3286 1749 2606
3 4011 2606 4012
3 1750 2608 1751
3 3319 1751 2609
3 3335 2609 3338
3 1746 3934 1747
3 3245 1745 1657
3 3243 1746 2604
3 1748 3243 2604
3 3361 3263 2632
3 4075 3261 3268
3 1754 3286 2606
3 1750 3359 2608
3 3319 1750 1751
3 1752 3338 2636
3 4006 1752 2636
3 1745 3245 1753
3 4011 1754 2606
3 3335 3319 2609
3 1755 1836 3229
3 1755 3229 1756
3 1755 1756 1757
3 1757 1756 1846
3 1757 1846 1773
3 1773 1846 4095
3 1773 4095 1758
3 1758 4095 1759
3 1758 1759 1760
3 1760 1759 1762
3 1760 1762 1761
3 1761 1762 1763
3 1761 1763 1764
3 1764 1763 1765
3 1764 1765 1847
3 1780 1847 1766
3 1780 1766 1767
3 1767 1766 1850
3 1767 1850 1782
3 1782 1850 1768
3 1782 1768 1769
3 1770 1769 1739
3 1770 1739 1771
3 1770 1771 1783
3 1783 1771 1785
3 1785 1771 1744
3 1785 1744 1834
3 1785 1834 1772
3 1772 1834 1987
3 1772 1987 1787
3 1833 1836 1788
3 1836 1755 1788
3 1788 1755 1789
3 1755 1757 1789
3 1789 1757 1791
3 1757 1773 1791
3 1791 1773 1774
3 1773 1758 1774
3 1774 1758 1792
3 1758 1760 1792
3 1792 1760 1775
3 1760 1761 1775
3 1775 1761 1776
3 1761 1764 1776
3 1776 1764 1777
3 1764 1847 1777
3 1777 1847 1778
3 1847 1780 1778
3 1778 1780 1779
3 1780 1767 1779
3 1779 1767 1781
3 1767 1782 1781
3 1781 1782 1796
3 1782 1769 1796
3 1796 1769 1797
3 1769 1770 1797
3 1797 1770 1798
3 1770 1783 1798
3 1798 1783 1784
3 1783 1785 1784
3 1784 1785 1786
3 1785 1772 1786
3 1786 1772 1787
3 1833 1788 1803
3 1803 1788 1804
3 1788 1789 1804
3 1804 1789 1790
3 1790 1789 1805
3 1789 1791 1805
3 1805 1791 1806
3 1791 1774 1806
3 1806 1774 1793
3 1774 1792 1793
3 1793 1792 1794
3 1792 1775 1794
3 1794 1775 1808
3 1775 1776 1808
3 1808 1776 1825
3 1825 1776 1795
3 1776 1777 1795
3 1795 1777 1826
3 1777 1778 1826
3 1826 1778 1800
3 1778 1779 1800
3 1800 1779 1781
3 1781 1796 1801
3 1801 1796 1811
3 1796 1797 1811
3 1811 1797 1799
3 1797 1798 1799
3 1799 1798 1814
3 1798 1784 1814
3 1814 1784 1802
3 1784 1786 1802
3 1800 1781 1829
3 1829 1781 1801
3 1802 1786 1838
3 377 1803 1817
3 1803 1804 1817
3 1817 1804 1790
3 1790 1805 1830
3 1830 1805 1818
3 1805 1806 1818
3 1818 1806 1820
3 1806 1793 1820
3 1820 1793 1822
3 1793 1794 1822
3 1822 1794 1807
3 1794 1808 1807
3 1807 1808 1825
3 1825 1795 1809
3 1809 1795 1826
3 1826 1800 1827
3 1827 1800 1829
3 1829 1801 1810
3 1810 1801 1812
3 1801 1811 1812
3 1811 1799 1812
3 1812 1799 1813
3 1799 1814 1813
3 1813 1814 1815
3 1814 1802 1815
3 1815 1802 1816
3 1802 1838 1816
3 377 1817 389
3 1817 1790 3375
3 3375 1790 1830
3 1830 1818 1853
3 1853 1818 1819
3 1818 1820 1819
3 1819 1820 1821
3 1820 1822 1821
3 1821 1822 1823
3 1822 1807 1823
3 1823 1807 1824
3 1807 1825 1824
3 1824 1825 1831
3 1825 1809 1831
3 1809 1826 1828
3 1826 1827 1828
3 1828 1827 1855
3 1827 1829 1855
3 1855 1829 1856
3 1829 1810 1856
3 1856 1810 4016
3 1810 1812 4016
3 4016 1812 4015
3 1812 1813 4015
3 4015 1813 3369
3 1813 1815 3369
3 1815 1816 1832
3 3375 1830 1839
3 1839 1830 1853
3 1831 1809 1828
3 3369 1815 1877
3 1877 1815 1832
3 1852 3016 1836
3 355 1833 1803
3 377 355 1803
3 1869 389 3386
3 1744 3210 1834
3 1768 1851 1769
3 3226 1763 1762
3 1835 3226 1762
3 3228 3229 1836
3 1837 1816 1838
3 1838 1786 1787
3 1880 1839 1840
3 1840 1853 1841
3 1841 1853 1876
3 1876 1819 1842
3 1842 1821 1866
3 1866 1821 1874
3 1874 1821 1879
3 1879 1823 1843
3 1843 1824 1873
3 1873 1831 1854
3 1854 1828 1863
3 1863 1828 1862
3 1862 1828 1844
3 1844 1855 1845
3 1845 1855 1861
3 1861 1856 1883
3 1883 1856 1857
3 3370 3369 1877
3 1832 1859 1878
3 1756 4005 1846
3 1846 4005 4095
3 4095 1835 1759
3 1759 1835 1762
3 1765 1848 1847
3 1847 1848 1766
3 1766 1849 1850
3 1850 1849 1768
3 1769 1851 1739
3 1834 3210 1987
3 1852 1836 1833
3 1832 1816 1837
3 3375 1839 1880
3 1839 1853 1840
3 1853 1819 1876
3 1819 1821 1842
3 1821 1823 1879
3 1823 1824 1843
3 1824 1831 1873
3 1831 1828 1854
3 1828 1855 1844
3 1855 1856 1861
3 1856 4016 1857
3 1877 1832 1878
3 3016 3228 1836
3 1987 3210 3207
3 1859 1832 1901
3 1858 1878 1859
3 1860 459 1877
3 1877 459 3370
3 1861 4493 1845
3 1872 1871 1862
3 1862 1885 1863
3 1862 1871 1885
3 1863 1885 1864
3 1874 1865 1866
3 1866 1865 1867
3 1876 461 1841
3 1841 1868 1840
3 1841 461 1868
3 1840 1868 4670
3 1858 1859 1881
3 433 1869 1870
3 3391 1884 1883
3 1884 4493 1861
3 3374 1871 1872
3 1864 477 1873
3 3396 3394 1874
3 1875 461 1876
3 1877 1878 1860
3 1878 1858 1860
3 1857 3391 1883
3 1844 1872 1862
3 1854 1863 1864
3 1854 1864 1873
3 1879 1843 3399
3 1879 3399 1874
3 1842 1866 1867
3 1842 1867 1876
3 1880 1840 4670
3 1881 1859 1901
3 459 1882 3370
3 1883 1884 1861
3 1885 1886 1864
3 1873 477 1843
3 3399 3396 1874
3 1874 3394 1865
3 1865 3394 1867
3 1867 1875 1876
3 1869 3386 1870
3 1887 1894 1907
3 1889 1894 1888
3 1889 1888 1898
3 1890 1898 1891
3 1892 1890 1891
3 1893 1892 1897
3 1892 1891 1897
3 1893 1897 1899
3 1887 1909 1894
3 1888 1894 1909
3 1901 1899 1900
3 1895 1896 1897
3 1896 1900 1899
3 1899 1989 1893
3 1898 1890 1973
3 1889 1898 1973
3 1899 1901 1989
3 1888 457 1898
3 1898 457 1891
3 1891 1895 1897
3 1897 1896 1899
3 1900 1881 1901
3 1906 614 1902
3 1903 614 1904
3 614 1906 1904
3 2009 1903 1905
3 1903 1904 1905
3 1887 2009 1905
3 1904 1906 1908
3 1904 1908 1905
3 1887 1905 1909
3 1887 1907 2009
3 1905 1908 1909
3 1995 1910 3675
3 1910 1911 1988
3 1910 1995 1911
3 1911 1995 1920
3 1995 1912 1920
3 1920 1912 1913
3 1912 1997 1913
3 1913 1997 1924
3 1997 1998 1924
3 1924 1998 1925
3 1998 1999 1925
3 1925 1999 1927
3 1999 2000 1927
3 1927 2000 1929
3 2000 1993 1929
3 1929 1993 1930
3 1993 1991 1930
3 1930 1991 1932
3 1991 1914 1932
3 1932 1914 1933
3 1914 3662 1933
3 1933 3662 1915
3 3662 2001 1915
3 1915 2001 1916
3 2001 1917 1916
3 1916 1917 1935
3 1917 2002 1935
3 1935 2002 2003
3 2002 3403 2003
3 1988 1919 1918
3 1988 1911 1919
3 1919 1911 1937
3 1911 1920 1937
3 1937 1920 1921
3 1920 1913 1921
3 1921 1913 1922
3 1913 1924 1922
3 1922 1924 1923
3 1924 1925 1923
3 1923 1925 1926
3 1925 1927 1926
3 1926 1927 1928
3 1927 1929 1928
3 1928 1929 1941
3 1929 1930 1941
3 1941 1930 1931
3 1930 1932 1931
3 1931 1932 1942
3 1932 1933 1942
3 1942 1933 1934
3 1933 1915 1934
3 1934 1915 1944
3 1915 1916 1944
3 1944 1916 1946
3 1916 1935 1946
3 1946 1935 1936
3 1935 2003 1936
3 1918 1919 1947
3 1947 1919 1938
3 1919 1937 1938
3 1938 1937 1949
3 1937 1921 1949
3 1949 1921 1953
3 1921 1922 1953
3 1953 1922 1954
3 1922 1923 1954
3 1954 1923 1955
3 1923 1926 1955
3 1955 1926 1939
3 1926 1928 1939
3 1939 1928 1940
3 1928 1941 1940
3 1940 1941 1958
3 1941 1931 1958
3 1958 1931 1959
3 1931 1942 1959
3 1959 1942 1943
3 1942 1934 1943
3 1943 1934 1945
3 1934 1944 1945
3 1945 1944 1961
3 1944 1946 1961
3 1961 1946 1936
3 1918 1962 1837
3 1918 1947 1962
3 1962 1947 1948
3 1947 1938 1948
3 1948 1938 1950
3 1938 1949 1950
3 1950 1949 1951
3 1949 1953 1951
3 1951 1953 1952
3 1953 1954 1952
3 1952 1954 1956
3 1954 1955 1956
3 1956 1955 1967
3 1955 1939 1967
3 1967 1939 1968
3 1939 1940 1968
3 1968 1940 1957
3 1940 1958 1957
3 1957 1958 1970
3 1958 1959 1970
3 1970 1959 1971
3 1959 1943 1971
3 1971 1943 1960
3 1943 1945 1960
3 1960 1945 1972
3 1945 1961 1972
3 1972 1961 2004
3 1961 1936 2004
3 1837 1963 1989
3 1837 1962 1963
3 1963 1962 1974
3 1962 1948 1974
3 1974 1948 1950
3 1950 1951 1964
3 1964 1951 1975
3 1951 1952 1975
3 1975 1952 1976
3 1952 1956 1976
3 1976 1956 1965
3 1956 1967 1965
3 1965 1967 1966
3 1967 1968 1966
3 1966 1968 1969
3 1968 1957 1969
3 1969 1957 1980
3 1957 1970 1980
3 1980 1970 1981
3 1970 1971 1981
3 1981 1971 1983
3 1971 1960 1983
3 1983 1960 1984
3 1960 1972 1984
3 1984 1972 2010
3 1972 2004 2010
3 1989 1963 2007
3 2007 1963 1973
3 1963 1974 1973
3 1973 1974 2008
3 1974 1950 2008
3 2008 1950 1985
3 1950 1964 1985
3 1964 1975 611
3 611 1975 617
3 1975 1976 617
3 617 1976 1977
3 1976 1965 1977
3 1977 1965 1978
3 1965 1966 1978
3 1978 1966 1969
3 1969 1980 1979
3 1979 1980 1982
3 1980 1981 1982
3 1982 1981 1983
3 1983 1984 1309
3 1309 1984 2010
3 1985 1964 1903
3 1903 1964 614
3 1964 611 614
3 2008 1985 1907
3 1311 1978 1969
3 1986 1311 1969
3 1374 1986 1979
3 1310 1309 2010
3 1987 3207 1910
3 1787 1987 1988
3 1838 1787 1918
3 1832 1837 1989
3 1901 1832 1989
3 1892 1893 2007
3 1890 1892 2007
3 1894 1889 2008
3 3658 2002 1990
3 1990 2001 3660
3 3664 1991 1992
3 1992 1993 1994
3 1994 2000 3667
3 3667 1999 3669
3 3669 1998 3671
3 3671 1997 3672
3 3672 1912 3679
3 3679 1995 3675
3 1996 2010 2006
3 2006 2004 2005
3 2005 1936 2069
3 2069 3403 3402
3 1910 3207 3675
3 1912 1995 3679
3 1997 1912 3672
3 1998 1997 3671
3 1999 1998 3669
3 2000 1999 3667
3 1993 2000 1994
3 1991 1993 1992
3 1914 1991 3664
3 3662 1914 3664
3 2001 3662 3660
3 1917 2001 1990
3 2002 1917 1990
3 3403 2002 3658
3 1987 1910 1988
3 2003 3403 2069
3 1787 1988 1918
3 1936 2003 2069
3 1838 1918 1837
3 2004 1936 2005
3 2010 2004 2006
3 2007 1893 1989
3 1890 2007 1973
3 1370 617 1977
3 1315 1977 1978
3 1986 1969 1979
3 1374 1979 1982
3 1314 1982 1983
3 1314 1983 1309
3 1973 2008 1889
3 1903 2009 1985
3 1985 2009 1907
3 1310 2010 1996
3 1894 2008 1907
3 2011 2017 2019
3 3402 2013 2068
3 2068 2013 2012
3 2012 2013 2023
3 2013 2014 2023
3 2023 2014 2016
3 2014 2015 2016
3 2016 2015 2025
3 2015 2065 2025
3 2025 2065 2026
3 2065 2017 2026
3 2026 2017 2011
3 2011 2019 2018
3 2018 2019 2067
3 2067 2390 2020
3 2020 2390 2135
3 2018 2067 2020
3 2020 2135 2038
3 2021 2068 2030
3 2068 2012 2030
3 2030 2012 2022
3 2012 2023 2022
3 2022 2023 2031
3 2023 2016 2031
3 2031 2016 2024
3 2016 2025 2024
3 2024 2025 2033
3 2025 2026 2033
3 2033 2026 2035
3 2026 2011 2035
3 2035 2011 2027
3 2011 2018 2027
3 2027 2018 2037
3 2018 2020 2037
3 2037 2020 2028
3 2028 2020 2038
3 2061 2021 2029
3 2021 2030 2029
3 2029 2030 2039
3 2030 2022 2039
3 2039 2022 2040
3 2022 2031 2040
3 2040 2031 2032
3 2031 2024 2032
3 2032 2024 2041
3 2024 2033 2041
3 2041 2033 2034
3 2033 2035 2034
3 2034 2035 2036
3 2035 2027 2036
3 2036 2027 2043
3 2027 2037 2043
3 2043 2037 2044
3 2037 2028 2044
3 2044 2028 2070
3 2028 2038 2070
3 2061 2029 2056
3 2056 2029 2046
3 2029 2039 2046
3 2046 2039 2047
3 2039 2040 2047
3 2047 2040 2048
3 2040 2032 2048
3 2048 2032 2074
3 2032 2041 2074
3 2074 2041 2049
3 2041 2034 2049
3 2049 2034 2042
3 2034 2036 2042
3 2042 2036 2051
3 2036 2043 2051
3 2051 2043 2053
3 2043 2044 2053
3 2053 2044 2054
3 2044 2070 2054
3 2045 2056 2046
3 2046 2047 2057
3 2057 2047 2073
3 2047 2048 2073
3 2073 2048 2074
3 2074 2049 2058
3 2058 2049 2050
3 2049 2042 2050
3 2050 2042 2051
3 2051 2053 2052
3 2052 2053 2054
3 2055 1996 2056
3 2045 2055 2056
3 2057 2045 2046
3 1205 2072 2073
3 2058 1205 2074
3 2060 2059 2050
3 1207 2060 2052
3 1301 1207 2052
3 2063 1301 2054
3 2005 2069 2021
3 2006 2005 2061
3 1996 2006 2056
3 2067 2019 2374
3 2374 2019 2066
3 2380 2065 2062
3 2062 2015 2366
3 2366 2015 2014
3 2064 2013 2382
3 2382 2013 3402
3 2063 2054 2071
3 2014 2013 2064
3 2065 2015 2062
3 2017 2065 2380
3 2019 2017 2066
3 2390 2067 2374
3 2135 2390 2173
3 2069 3402 2068
3 2069 2068 2021
3 2005 2021 2061
3 2006 2061 2056
3 2054 2070 2071
3 2072 2057 2073
3 1205 2073 2074
3 2059 2058 2050
3 2060 2050 2051
3 2060 2051 2052
3 1301 2052 2054
3 2075 2085 2136
3 2075 2131 2085
3 2085 2131 2087
3 2131 2076 2087
3 2087 2076 2089
3 2076 2132 2089
3 2089 2132 2077
3 2132 2126 2077
3 2077 2126 2078
3 2126 2079 2078
3 2078 2079 2080
3 2079 2133 2080
3 2080 2133 2081
3 2133 2134 2081
3 2081 2134 2082
3 2082 2134 2123
3 2082 2123 2084
3 2123 2083 2084
3 2084 2083 2103
3 2136 2086 2125
3 2136 2085 2086
3 2086 2085 2094
3 2085 2087 2094
3 2094 2087 2088
3 2087 2089 2088
3 2088 2089 2090
3 2089 2077 2090
3 2090 2077 2091
3 2077 2078 2091
3 2091 2078 2098
3 2078 2080 2098
3 2098 2080 2099
3 2080 2081 2099
3 2099 2081 2100
3 2081 2082 2100
3 2100 2082 2101
3 2082 2084 2101
3 2101 2084 2103
3 2125 2086 2092
3 2092 2086 2104
3 2104 2086 2093
3 2086 2094 2093
3 2093 2094 2095
3 2094 2088 2095
3 2095 2088 2096
3 2088 2090 2096
3 2096 2090 2107
3 2090 2091 2107
3 2107 2091 2109
3 2091 2098 2109
3 2109 2098 2097
3 2098 2099 2097
3 2097 2099 2112
3 2099 2100 2112
3 2112 2100 2102
3 2100 2101 2102
3 2102 2101 2114
3 2101 2103 2114
3 2071 2092 2115
3 2092 2104 2115
3 2115 2104 2117
3 2104 2093 2117
3 2117 2093 2105
3 2093 2095 2105
3 2105 2095 2118
3 2095 2096 2118
3 2118 2096 2106
3 2096 2107 2106
3 2106 2107 2108
3 2107 2109 2108
3 2108 2109 2110
3 2109 2097 2110
3 2110 2097 2111
3 2097 2112 2111
3 2111 2112 2113
3 2112 2102 2113
3 2113 2102 2138
3 2102 2114 2138
3 2071 2140 2139
3 2071 2115 2140
3 2140 2115 2116
3 2115 2117 2116
3 2117 2105 2116
3 2116 2105 2119
3 2105 2118 2119
3 2119 2118 2120
3 2118 2106 2120
3 2106 2108 2120
3 2120 2108 2143
3 2108 2110 2143
3 2143 2110 2121
3 2110 2111 2121
3 2121 2111 2113
3 2113 2138 2144
3 619 618 2140
3 2141 729 2119
3 620 2142 2143
3 2121 620 2143
3 621 2121 2113
3 622 621 2144
3 971 622 2144
3 782 786 2083
3 2122 782 2083
3 793 2122 2123
3 2124 793 2134
3 754 2124 2133
3 822 2145 2138
3 823 822 2114
3 2137 823 2103
3 786 2137 2083
3 2135 2173 2075
3 2038 2135 2136
3 2070 2038 2125
3 2071 2070 2092
3 754 2079 780
3 780 2126 2127
3 2127 2132 2128
3 2128 2076 2129
3 2129 2131 2171
3 2171 2131 2130
3 2075 2173 2130
3 2131 2075 2130
3 2076 2131 2129
3 2132 2076 2128
3 2126 2132 2127
3 2079 2126 780
3 2079 754 2133
3 2133 2124 2134
3 2135 2075 2136
3 2123 2122 2083
3 2083 2137 2103
3 2038 2136 2125
3 2070 2125 2092
3 2103 823 2114
3 2114 822 2138
3 2063 2071 2139
3 2140 618 2139
3 619 2140 2116
3 729 2116 2119
3 2141 2119 2120
3 2142 2120 2143
3 621 2113 2144
3 2138 2145 2144
3 2145 971 2144
3 2134 793 2123
3 3411 2166 2147
3 2166 2146 2147
3 2146 2148 2150
3 2147 2146 2150
3 2149 2148 818
3 2148 2149 3415
3 2150 2148 3415
3 2151 2149 819
3 2149 2151 2152
3 3415 2149 2152
3 2151 819 2167
3 2152 2151 4078
3 2153 2151 2167
3 2151 2153 4078
3 3057 2169 3420
3 2169 4019 3420
3 4078 2153 2154
3 2156 4078 2157
3 3037 795 2155
3 795 3409 3408
3 797 798 2166
3 798 2168 2146
3 831 832 2147
3 832 833 3411
3 795 3408 2155
3 2156 2157 2158
3 2156 2158 2159
3 2156 2159 2160
3 2156 2160 2161
3 4078 2154 2162
3 4078 2162 2163
3 2164 2153 2165
3 3411 797 2166
3 832 3411 2147
3 2166 798 2146
3 2146 2168 2148
3 831 2147 2150
3 2149 818 819
3 2153 2167 2202
3 2153 2202 2165
3 2154 2153 2164
3 2157 4078 2163
3 2148 2168 818
3 2167 819 2186
3 973 2169 3057
3 743 781 2174
3 781 787 2130
3 787 2170 2171
3 2170 2172 2129
3 2172 753 2128
3 753 780 2127
3 753 2127 2128
3 2172 2128 2129
3 2170 2129 2171
3 787 2171 2130
3 2130 2173 2174
3 781 2130 2174
3 2175 2176 2177
3 2175 2177 2178
3 2179 2178 2180
3 2179 2180 2181
3 3056 2181 2182
3 3056 2182 2183
3 3056 2183 2184
3 3058 2184 2185
3 3058 2185 3422
3 3058 3056 2184
3 3056 2179 2181
3 2179 2175 2178
3 2206 2186 2187
3 2206 2187 2207
3 2188 2207 2209
3 2207 817 2209
3 2188 2209 2189
3 2202 2167 2203
3 2167 2186 2201
3 2188 2189 2190
3 2188 2190 2208
3 2188 2208 2191
3 2188 2191 2192
3 2188 2192 2193
3 2207 2193 2194
3 2207 2194 2195
3 2207 2195 2196
3 2206 2196 2197
3 2206 2197 2198
3 2206 2198 2199
3 2186 2199 2200
3 2201 2186 2200
3 2203 2167 2201
3 2204 2202 2203
3 2205 2202 2204
3 2165 2202 2205
3 2186 2206 2199
3 2206 2207 2196
3 2207 2188 2193
3 2207 2187 817
3 3427 2217 2189
3 3426 3427 2189
3 3426 2189 2218
3 2208 2190 2219
3 2189 2209 2218
3 3468 2210 3469
3 2210 3428 3469
3 2211 3433 2212
3 3434 2213 3032
3 2213 2214 3425
3 2214 4020 3425
3 4020 2215 3427
3 2215 2216 3427
3 2216 2217 3427
3 2217 2190 2189
3 3982 3426 2218
3 2219 2190 2217
3 3436 3438 2220
3 2220 3443 3436
3 3461 3455 2221
3 3455 3458 2221
3 2221 3458 3464
3 2221 3464 3466
3 750 2222 3441
3 811 778 2223
3 778 774 3473
3 774 2229 3463
3 2229 771 3466
3 771 792 2221
3 2221 772 3461
3 2224 767 2228
3 767 2225 2228
3 2225 789 2227
3 3448 2226 3450
3 2225 2227 2228
3 2224 2228 3460
3 3450 2226 3452
3 2224 3460 791
3 772 791 3461
3 771 2221 3466
3 2229 3466 3463
3 774 3463 3473
3 778 3473 2223
3 2269 2230 2258
3 2258 4484 2259
3 2230 4484 2258
3 2265 2263 2231
3 2265 2231 2232
3 2265 2232 2245
3 3682 2265 2245
3 2233 3682 2246
3 3682 2245 2246
3 2233 2246 2248
3 2235 2233 2234
3 2233 2248 2234
3 2236 2235 2252
3 2235 2234 2252
3 2238 2236 2237
3 2236 2252 2237
3 2266 2238 2250
3 2238 2237 2250
3 2266 2250 2239
3 2240 2266 2239
3 2240 2239 2241
3 2242 2240 2241
3 2242 2241 2251
3 2232 2267 2243
3 2232 2231 2267
3 2232 2243 2244
3 2245 2232 2244
3 2245 2244 2247
3 2246 2245 2247
3 2246 2247 2248
3 2237 2252 2254
3 2237 2254 2249
3 2250 2237 2249
3 2241 2239 4534
3 2251 2241 4534
3 2234 2248 2253
3 2252 2234 2253
3 2254 2252 2253
3 2249 2254 2255
3 3478 2250 2249
3 4534 2239 3478
3 2250 3478 2239
3 2251 2256 2257
3 2244 2243 2258
3 2247 2244 2258
3 2247 2258 2259
3 2257 746 2251
3 2260 2255 2253
3 2242 2375 2372
3 2240 2372 2386
3 2266 2386 2261
3 2266 2261 2238
3 2233 2235 2262
3 2233 2262 3682
3 2265 3683 3680
3 2263 3680 4026
3 2263 4026 2264
3 2263 2264 2268
3 2263 2265 3680
3 2265 3682 3683
3 2266 2240 2386
3 2240 2242 2372
3 2267 2231 2268
3 2243 2267 2269
3 2254 2253 2255
3 2258 2243 2269
3 746 2242 2251
3 2231 2263 2268
3 2383 2270 2271
3 2383 2271 2274
3 2272 2278 2273
3 4094 2272 2284
3 2272 2273 2284
3 4094 2284 2318
3 2274 2271 2300
3 2276 2274 2288
3 2274 2300 2288
3 2275 2276 2287
3 2276 2288 2287
3 2278 2275 2277
3 2275 2287 2277
3 2273 2278 2291
3 2278 2277 2291
3 2273 2291 2284
3 2318 2284 2279
3 2280 2318 2279
3 2319 2280 2294
3 2280 2279 2294
3 2281 2319 2282
3 2319 2294 2282
3 4028 2281 2282
3 2283 4028 2296
3 4028 2282 2296
3 2264 2283 2297
3 2283 2296 2297
3 2271 2270 118
3 2300 2271 118
3 2284 2291 2285
3 2284 2285 2279
3 2300 118 2286
3 2268 2297 2307
3 2288 2300 2302
3 2300 2303 2302
3 2287 2288 2289
3 2288 2302 2289
3 2277 2287 2290
3 2287 2289 2290
3 2291 2277 2308
3 2277 2290 2308
3 2291 2308 2292
3 2291 2292 2285
3 2279 2285 4496
3 2279 4496 2293
3 2294 2279 2309
3 2279 2293 2309
3 2282 2294 2295
3 2294 2309 2295
3 2282 2295 2311
3 2296 2282 2305
3 2282 2311 2305
3 2297 2296 2298
3 2296 2305 2298
3 2297 2298 2307
3 2300 2286 2299
3 2301 2300 2299
3 2286 119 2299
3 2303 2300 2301
3 2307 2322 2268
3 2303 2301 2323
3 2302 2303 2324
3 2303 2323 2324
3 2289 2302 2304
3 2302 2324 2304
3 2289 2304 2290
3 2305 2311 2306
3 2305 2306 2298
3 2307 2298 2316
3 2307 2316 2322
3 2301 2299 13
3 2290 2304 2872
3 2290 2872 2308
3 2285 2292 4491
3 2285 4491 4496
3 2309 2293 2310
3 2309 2310 2295
3 2311 2295 2312
3 2311 2312 2306
3 2298 2306 2877
3 2298 2877 2316
3 2313 2314 2323
3 2314 2325 2324
3 2872 2315 2308
3 2315 4491 2292
3 2310 2875 2295
3 2875 2312 2295
3 2877 4104 2316
3 4104 2269 2322
3 2269 2267 2322
3 2268 2264 2297
3 2280 2320 3610
3 2278 2317 3593
3 2275 3593 4090
3 2274 4090 4097
3 2383 4098 2321
3 2383 2274 4097
3 2274 2276 4090
3 2276 2275 4090
3 2275 2278 3593
3 2278 2272 2317
3 2318 2280 3610
3 2280 2319 2320
3 2319 2281 2320
3 2281 4028 3619
3 2270 2383 121
3 2383 2321 121
3 2322 2267 2268
3 13 2299 16
3 2301 2313 2323
3 2323 2314 2324
3 2324 2325 2304
3 2304 2325 2872
3 2308 2315 2292
3 2293 39 2310
3 2306 2326 2877
3 2316 4104 2322
3 2313 2301 13
3 118 2270 121
3 4026 2283 2264
3 2327 2328 3557
3 2329 3556 1170
3 2330 2329 1170
3 2330 1170 2331
3 2332 2333 1124
3 1124 2333 2361
3 2333 2331 2358
3 2361 2333 2358
3 2361 2358 2334
3 2361 2334 2335
3 2359 2335 2343
3 2335 2334 2343
3 3566 1064 3561
3 1064 1066 3561
3 1069 2336 2337
3 2336 2338 3541
3 2338 1070 2339
3 1070 1074 2339
3 2340 1107 3522
3 1107 1075 4328
3 2341 1076 4025
3 1105 1078 3501
3 1078 3485 3492
3 1201 2344 1182
3 2344 1126 1181
3 1126 2359 2343
3 2342 1170 3556
3 1173 1174 2331
3 1175 1178 2334
3 1178 1181 2343
3 2344 1181 1182
3 3575 3576 2345
3 2349 2345 2346
3 3494 2346 2466
3 3494 2466 2351
3 3497 2351 2490
3 3499 2490 2353
3 3507 2353 2354
3 3506 2354 2474
3 3514 2474 2347
3 3529 2347 2348
3 3529 2348 2355
3 3534 2355 2470
3 3534 2470 2491
3 3540 2491 2475
3 3550 2475 2357
3 1168 3557 2357
3 2349 3575 2345
3 3501 1078 3492
3 2350 3494 2351
3 3497 2350 2351
3 3499 3497 2490
3 2341 4025 3504
3 2352 3499 2353
3 3507 2352 2353
3 3506 3507 2354
3 3514 3506 2474
3 1107 4328 3522
3 2340 3522 3528
3 3529 3514 2347
3 1074 4023 2339
3 3534 3529 2355
3 3539 3534 2491
3 3540 3539 2491
3 2337 2336 3541
3 3550 3540 2475
3 3548 1069 2337
3 2356 3550 2357
3 2328 2356 3557
3 3557 1168 1200
3 3566 3561 3564
3 1170 1173 2331
3 2331 1174 2358
3 2358 1175 2334
3 2360 2361 2335
3 2359 2360 2335
3 2334 1178 2343
3 1066 3553 3561
3 2338 2339 3541
3 1181 1126 2343
3 2360 1124 2361
3 3557 2356 2357
3 3405 3645 2362
3 3645 3405 3644
3 2362 3645 2363
3 2382 2363 2064
3 2064 2363 3652
3 2382 2362 2363
3 2064 2365 2381
3 2365 2064 3652
3 2364 3654 3647
3 2261 2364 3647
3 2381 2365 2366
3 2364 2261 2385
3 2366 2367 2062
3 2062 2367 2369
3 2366 2365 2367
3 2062 2369 2380
3 2368 2380 2369
3 2368 2369 2370
3 2368 2370 2372
3 2371 2387 2368
3 2371 2368 2372
3 2387 2371 2066
3 2066 2371 2373
3 2374 2066 2373
3 2374 2373 2378
3 2374 2378 2388
3 2388 2378 2389
3 2174 2173 2389
3 2375 2376 2371
3 2376 2377 2373
3 2377 749 2378
3 749 2379 2389
3 2379 743 2174
3 2066 2017 2387
3 2017 2380 2387
3 2366 2014 2381
3 2014 2064 2381
3 2382 3402 2362
3 2262 2235 3643
3 2235 2236 3648
3 2236 2238 3647
3 2386 2372 2370
3 2383 4097 4098
3 2384 3214 3217
3 2320 3619 3612
3 3633 2262 3643
3 3402 3405 2362
3 3643 2235 3648
3 2238 2261 3647
3 2385 2386 2370
3 2380 2368 2387
3 2371 2372 2375
3 2371 2376 2373
3 2373 2377 2378
3 2390 2374 2388
3 2378 749 2389
3 2173 2388 2389
3 2379 2174 2389
3 2390 2388 2173
3 2261 2386 2385
3 4094 2318 3610
3 2411 2500 2499
3 2396 2411 2499
3 2391 2393 2392
3 2398 2391 2392
3 2392 2393 2493
3 2419 2493 1389
3 2419 1389 2394
3 2395 2500 2411
3 2411 2396 2397
3 2397 2396 2398
3 2409 2395 2411
3 2397 2398 2414
3 2414 2398 2416
3 2398 2392 2416
3 2416 2392 2417
3 2392 2493 2417
3 2417 2493 2419
3 2419 2394 2420
3 2420 2394 2400
3 2394 2399 2400
3 2400 2399 2401
3 2399 2481 2401
3 2401 2481 2422
3 2481 2402 2422
3 2422 2402 2404
3 2402 2403 2404
3 2404 2403 2405
3 2406 2423 2407
3 2406 2408 2423
3 2423 2408 2424
3 2408 2409 2424
3 2424 2409 2410
3 2409 2411 2410
3 2410 2411 2412
3 2411 2397 2412
3 2412 2397 2413
3 2397 2414 2413
3 2413 2414 2427
3 2414 2416 2427
3 2427 2416 2415
3 2416 2417 2415
3 2415 2417 2418
3 2417 2419 2418
3 2418 2419 2430
3 2419 2420 2430
3 2430 2420 2421
3 2420 2400 2421
3 2421 2400 2433
3 2400 2401 2433
3 2433 2401 2434
3 2401 2422 2434
3 2434 2422 2435
3 2422 2404 2435
3 2435 2404 2471
3 2404 2405 2471
3 2407 2423 2437
3 2437 2423 2439
3 2423 2424 2439
3 2439 2424 2440
3 2424 2410 2440
3 2440 2410 2425
3 2410 2412 2425
3 2425 2412 2441
3 2412 2413 2441
3 2441 2413 2426
3 2413 2427 2426
3 2426 2427 2444
3 2427 2415 2444
3 2444 2415 2428
3 2415 2418 2428
3 2428 2418 2429
3 2418 2430 2429
3 2429 2430 2431
3 2430 2421 2431
3 2431 2421 2447
3 2421 2433 2447
3 2447 2433 2432
3 2433 2434 2432
3 2432 2434 2449
3 2434 2435 2449
3 2449 2435 2471
3 2407 2436 2483
3 2407 2437 2436
3 2436 2437 2438
3 2437 2439 2438
3 2438 2439 2451
3 2439 2440 2451
3 2451 2440 2454
3 2440 2425 2454
3 2454 2425 2455
3 2425 2441 2455
3 2455 2441 2442
3 2441 2426 2442
3 2442 2426 2443
3 2426 2444 2443
3 2443 2444 2459
3 2444 2428 2459
3 2459 2428 2460
3 2428 2429 2460
3 2460 2429 2445
3 2429 2431 2445
3 2445 2431 2446
3 2431 2447 2446
3 2446 2447 2448
3 2447 2432 2448
3 2448 2432 2464
3 2432 2449 2464
3 2464 2449 2485
3 2449 2471 2485
3 2483 2465 2480
3 2483 2436 2465
3 2465 2436 2450
3 2436 2438 2450
3 2450 2438 2452
3 2438 2451 2452
3 2452 2451 2453
3 2451 2454 2453
3 2453 2454 2467
3 2454 2455 2467
3 2467 2455 2456
3 2455 2442 2456
3 2456 2442 2457
3 2442 2443 2457
3 2457 2443 2458
3 2443 2459 2458
3 2458 2459 2469
3 2459 2460 2469
3 2469 2460 2461
3 2460 2445 2461
3 2461 2445 2462
3 2445 2446 2462
3 2462 2446 2492
3 2446 2448 2492
3 2492 2448 2463
3 2448 2464 2463
3 2463 2464 2487
3 2464 2485 2487
3 2480 2465 3576
3 2465 2450 2489
3 2489 2450 2466
3 2450 2452 2466
3 2466 2452 2453
3 2453 2467 2490
3 2490 2467 2456
3 2456 2457 2354
3 2354 2457 2458
3 2458 2469 2468
3 2468 2469 2348
3 2469 2461 2348
3 2348 2461 2470
3 2461 2462 2470
3 2470 2462 2492
3 2486 1168 2487
3 2484 2486 2485
3 2482 2484 2471
3 2472 2482 2405
3 1193 2472 1359
3 1372 1389 2493
3 1431 2473 2396
3 2499 1431 2396
3 2346 2345 2489
3 2490 2351 2453
3 2347 2474 2468
3 2475 2491 2492
3 2357 2475 2463
3 2503 2406 2476
3 2476 2406 2477
3 2477 2407 2478
3 2478 2483 2479
3 2479 2480 2488
3 2398 2473 2391
3 2396 2473 2398
3 2481 1390 2402
3 3696 2406 2503
3 2403 2472 2405
3 2406 2407 2477
3 2405 2482 2471
3 2407 2483 2478
3 2471 2484 2485
3 2483 2480 2479
3 2485 2486 2487
3 2480 3576 2488
3 2465 2345 3576
3 2345 2465 2489
3 2346 2489 2466
3 2351 2466 2453
3 2353 2490 2456
3 2353 2456 2354
3 2474 2354 2458
3 2474 2458 2468
3 2347 2468 2348
3 2355 2348 2470
3 2491 2470 2492
3 2475 2492 2463
3 2357 2463 2487
3 1168 2357 2487
3 1359 2472 2403
3 2393 1372 2493
3 2500 3699 2496
3 2500 2496 2498
3 3699 2494 2496
3 2495 2498 2496
3 2497 1432 2495
3 1432 2498 2495
3 2498 2499 2500
3 2501 3700 3701
3 3696 2503 2502
3 2503 2638 2502
3 2514 2502 2638
3 3701 3696 2502
3 2501 3701 2502
3 2515 2528 2527
3 2528 2515 2504
3 2532 2521 2505
3 2505 2506 2507
3 2505 2521 2506
3 2507 1488 2621
3 2507 2506 1488
3 2621 1488 2620
3 2525 3720 2526
3 2510 2508 2509
3 2510 2511 2508
3 2509 2508 3084
3 2618 3071 2619
3 2529 3709 3711
3 2524 2523 2628
3 2628 2512 2613
3 2628 2523 2512
3 2613 2512 4001
3 2613 4001 2614
3 2610 2518 2513
3 2638 2610 2514
3 2610 2513 2514
3 2515 2527 2530
3 2504 2515 2516
3 2518 2517 2519
3 2518 2519 2513
3 2520 1485 2527
3 3714 2521 2532
3 3080 2522 2534
3 2522 3071 2618
3 3070 3709 2529
3 3073 2523 2524
3 2517 2518 2612
3 2525 2526 3719
3 2527 2528 2623
3 2534 2618 2538
3 2616 2529 2615
3 2529 3711 2615
3 2614 2517 2612
3 2527 1485 2530
3 2531 3714 2532
3 1488 2533 2620
3 3720 3717 2526
3 2511 1489 2508
3 2508 3081 3084
3 2534 2522 2618
3 2616 3070 2529
3 4001 2535 2614
3 2614 2535 2517
3 2624 2543 2623
3 2536 3726 2622
3 2536 2622 2537
3 2537 2622 2626
3 2537 2626 2546
3 4029 2546 3721
3 2551 3082 2538
3 2551 2538 4030
3 2551 4030 2552
3 2552 2617 2555
3 2555 2617 2539
3 2539 2617 2627
3 2539 2627 2541
3 2541 2627 2628
3 2540 2629 2612
3 2540 2612 2611
3 2540 2611 2556
3 2556 2611 2476
3 2476 2611 2610
3 2563 2548 3725
3 2539 2541 2542
3 2542 2541 2629
3 2556 2476 2477
3 2543 2544 2671
3 2543 2624 2544
3 2624 3726 2544
3 2544 3726 2545
3 3726 2536 2545
3 2545 2536 2560
3 2536 2537 2560
3 2560 2537 2547
3 2537 2546 2547
3 2546 4029 2547
3 2547 4029 2549
3 4029 2548 2549
3 2549 2548 2563
3 2563 3725 2564
3 3725 3082 2564
3 2564 3082 2550
3 3082 2551 2550
3 2550 2551 2568
3 2551 2552 2568
3 2568 2552 2553
3 2552 2555 2553
3 2553 2555 2554
3 2555 2539 2554
3 2554 2539 2542
3 2542 2629 2571
3 2629 2540 2571
3 2571 2540 2575
3 2575 2540 2556
3 2671 2544 2557
3 2557 2544 2558
3 2544 2545 2558
3 2558 2545 2559
3 2545 2560 2559
3 2559 2560 2577
3 2560 2547 2577
3 2577 2547 2561
3 2547 2549 2561
3 2561 2549 2562
3 2549 2563 2562
3 2562 2563 2580
3 2563 2564 2580
3 2580 2564 2565
3 2565 2564 2566
3 2564 2550 2566
3 2566 2550 2567
3 2550 2568 2567
3 2567 2568 2569
3 2568 2553 2569
3 2569 2553 2570
3 2553 2554 2570
3 2570 2554 2585
3 2554 2542 2585
3 2585 2542 2572
3 2542 2571 2572
3 2572 2571 2573
3 2571 2575 2573
3 2573 2575 2574
3 2574 2575 2590
3 2575 2556 2590
3 2556 2477 2590
3 2671 2557 2630
3 2630 2557 2591
3 2557 2558 2591
3 2591 2558 2594
3 2558 2559 2594
3 2594 2559 2576
3 2559 2577 2576
3 2576 2577 2596
3 2577 2561 2596
3 2596 2561 2578
3 2561 2562 2578
3 2578 2562 2579
3 2562 2580 2579
3 2579 2580 2581
3 2580 2565 2581
3 2581 2565 2582
3 2565 2566 2582
3 2566 2567 2582
3 2582 2567 2583
3 2567 2569 2583
3 2583 2569 2584
3 2569 2570 2584
3 2584 2570 2586
3 2570 2585 2586
3 2586 2585 2587
3 2585 2572 2587
3 2587 2572 2588
3 2572 2573 2588
3 2588 2573 2589
3 2573 2574 2589
3 2589 2574 2603
3 2574 2590 2603
3 2630 2591 2592
3 2592 2591 2593
3 2591 2594 2593
3 2593 2594 2631
3 2631 2594 2595
3 2594 2576 2595
3 2595 2576 2632
3 2576 2596 2632
3 2632 2596 2597
3 2596 2578 2597
3 2597 2578 2633
3 2578 2579 2633
3 2633 2579 2598
3 2579 2581 2598
3 2598 2581 2599
3 2581 2582 2599
3 2599 2582 2634
3 2582 2583 2634
3 2634 2583 2600
3 2583 2584 2600
3 2600 2584 2607
3 2584 2586 2607
3 2607 2586 2601
3 2586 2587 2601
3 2601 2587 2635
3 2587 2588 2635
3 2635 2588 2602
3 2588 2589 2602
3 2602 2589 2637
3 2589 2603 2637
3 2637 2603 2479
3 2637 2479 2488
3 1747 2830 2592
3 2604 1747 2593
3 1748 2604 2631
3 2632 1748 2595
3 2605 3361 2597
3 3357 2605 2633
3 2606 1749 2599
3 4012 2606 2634
3 2608 4013 2607
3 1751 2608 2601
3 2609 1751 2635
3 3338 2609 2602
3 2636 3338 2602
3 4006 2636 2488
3 2478 2479 2603
3 2477 2478 2590
3 2518 2610 2611
3 2612 2518 2611
3 2613 2614 2629
3 2628 2613 2541
3 2615 3711 2627
3 2616 2615 2617
3 2618 2619 2538
3 2621 2620 3721
3 2507 2621 2626
3 2505 2507 2626
3 2532 2505 2622
3 2531 2532 2622
3 2528 2504 2624
3 2623 2528 2624
3 2520 2623 2647
3 2672 2671 2630
3 2697 2630 2625
3 2625 2592 2830
3 2623 2543 2647
3 2624 2504 3726
3 2622 2505 2626
3 2626 2621 2546
3 2546 2621 3721
3 2538 2619 4030
3 2617 2615 2627
3 2627 2524 2628
3 2541 2613 2629
3 2629 2614 2612
3 2503 2476 2610
3 2590 2478 2603
3 2630 2592 2625
3 1747 2592 2593
3 2604 2593 2631
3 1748 2631 2595
3 3361 2632 2597
3 2605 2597 2633
3 3357 2633 2598
3 1749 2598 2599
3 2606 2599 2634
3 4012 2634 2600
3 4013 2600 2607
3 2608 2607 2601
3 1751 2601 2635
3 2609 2635 2602
3 2636 2602 2637
3 2636 2637 2488
3 2638 2503 2610
3 2527 2623 2520
3 2719 1434 2707
3 2709 2856 2639
3 2639 2856 2640
3 2639 2640 2651
3 2640 2719 2651
3 2651 2719 2652
3 2719 2707 2652
3 2652 2707 2653
3 2653 2707 2732
3 2653 2732 2721
3 2655 2721 2641
3 2655 2641 2642
3 2642 2641 1439
3 2642 1439 2643
3 2645 2643 2644
3 2645 2644 2723
3 2646 2723 2700
3 2646 2700 2647
3 2710 2709 2648
3 2648 2709 2639
3 2642 2643 2657
3 2657 2643 2645
3 2646 2647 2543
3 2711 2710 2648
3 2648 2639 2649
3 2649 2639 2650
3 2639 2651 2650
3 2650 2651 2663
3 2651 2652 2663
3 2663 2652 2654
3 2652 2653 2654
3 2654 2653 2666
3 2653 2721 2666
3 2666 2721 2668
3 2721 2655 2668
3 2668 2655 2656
3 2655 2642 2656
3 2656 2642 2657
3 2657 2645 2658
3 2658 2645 2659
3 2645 2723 2659
3 2659 2723 2660
3 2723 2646 2660
3 2660 2646 2671
3 2646 2543 2671
3 2711 2648 2675
3 2675 2648 2661
3 2648 2649 2661
3 2661 2649 2662
3 2649 2650 2662
3 2662 2650 2678
3 2650 2663 2678
3 2678 2663 2664
3 2663 2654 2664
3 2664 2654 2679
3 2654 2666 2679
3 2679 2666 2665
3 2666 2668 2665
3 2665 2668 2667
3 2668 2656 2667
3 2667 2656 2669
3 2656 2657 2669
3 2669 2657 2681
3 2657 2658 2681
3 2681 2658 2670
3 2658 2659 2670
3 2670 2659 2683
3 2659 2660 2683
3 2660 2671 2672
3 2673 2711 2674
3 2674 2711 2675
3 2683 2660 2672
3 2724 2673 2725
3 2725 2673 2674
3 2674 2675 2726
3 2726 2675 2676
3 2675 2661 2676
3 2676 2661 2686
3 2661 2662 2686
3 2686 2662 2677
3 2662 2678 2677
3 2677 2678 2687
3 2678 2664 2687
3 2687 2664 2688
3 2664 2679 2688
3 2688 2679 2689
3 2679 2665 2689
3 2689 2665 2691
3 2665 2667 2691
3 2691 2667 2680
3 2667 2669 2680
3 2680 2669 2692
3 2669 2681 2692
3 2692 2681 2694
3 2681 2670 2694
3 2694 2670 2682
3 2670 2683 2682
3 2682 2683 2697
3 2683 2672 2697
3 2725 4081 2684
3 4081 2725 2685
3 2725 2674 2685
3 2685 2674 2726
3 2726 2676 2715
3 2715 2676 2716
3 2676 2686 2716
3 2716 2686 2827
3 2686 2677 2827
3 2827 2677 2727
3 2677 2687 2727
3 2727 2687 2728
3 2687 2688 2728
3 2728 2688 2730
3 2688 2689 2730
3 2730 2689 2690
3 2689 2691 2690
3 2690 2691 2731
3 2691 2680 2731
3 2731 2680 2692
3 2694 2682 2695
3 2695 2682 2697
3 2731 2692 3946
3 3946 2692 2693
3 2692 2694 2693
3 2693 2694 2695
3 2695 2697 2696
3 2697 2625 2696
3 2698 1434 2719
3 1436 2698 2719
3 2699 2520 2647
3 1443 2699 2700
3 1442 1443 2723
3 2701 1442 2723
3 2702 2701 2644
3 2703 2702 2644
3 1450 2703 2643
3 2722 1450 2643
3 2704 1438 2721
3 2720 2704 2721
3 2705 2720 2732
3 2706 2705 2732
3 1444 2706 2707
3 1436 2640 2708
3 2708 2640 2856
3 2856 2709 2849
3 2849 2709 2855
3 2855 2709 2733
3 2733 2710 2754
3 2858 2711 2712
3 2712 2673 2759
3 2713 2685 2838
3 2838 2726 2714
3 2714 2715 2826
3 2826 2716 2827
3 2842 2727 2729
3 2729 2730 2844
3 2844 2730 3950
3 3950 2731 3951
3 2717 2693 2718
3 2718 2695 2829
3 2829 2696 2830
3 2776 2724 2768
3 2768 2725 2770
3 2640 1436 2719
3 2732 2720 2721
3 2721 1438 2641
3 1439 2722 2643
3 2643 2703 2644
3 2644 2701 2723
3 2723 1443 2700
3 2700 2699 2647
3 2759 2673 2724
3 2724 2725 2768
3 2672 2630 2697
3 2725 2684 2770
3 4081 2685 2713
3 2685 2726 2838
3 2726 2715 2714
3 2715 2716 2826
3 2827 2727 2842
3 2727 2728 2729
3 2728 2730 2729
3 2730 2690 3950
3 2690 2731 3950
3 2731 3946 3951
3 3946 2693 2717
3 2693 2695 2718
3 2695 2696 2829
3 2625 2830 2696
3 2707 2706 2732
3 2709 2710 2733
3 2710 2711 2755
3 2711 2673 2712
3 2759 2724 2776
3 2684 4081 4082
3 2737 2734 1486
3 1486 1435 2737
3 1437 2734 2737
3 2734 2760 2761
3 2753 2744 2853
3 1447 2735 1435
3 1435 2736 2737
3 1486 1447 1435
3 2756 2738 2712
3 2738 2857 2712
3 2857 2739 3957
3 2739 2740 3957
3 2740 2741 2755
3 2741 2742 2753
3 2742 2743 2753
3 2743 2745 2744
3 2745 2746 2744
3 2746 2747 2761
3 2747 2748 2761
3 2748 2749 2734
3 2749 2750 2734
3 2750 3728 2734
3 2760 2751 2846
3 2760 2846 2752
3 2761 2752 2850
3 2761 2850 2851
3 2753 2853 2854
3 2753 2854 2754
3 2753 2754 2755
3 2740 2755 3957
3 2712 2857 2858
3 2756 2712 2759
3 2756 2759 2757
3 2759 2776 2758
3 2757 2759 2758
3 2736 1437 2737
3 2760 2734 2751
3 2761 2760 2752
3 2748 2734 2761
3 2746 2761 2744
3 2744 2761 2853
3 2753 2743 2744
3 2741 2753 2755
3 2734 1437 2751
3 2853 2761 2851
3 2762 2767 2763
3 2762 2763 3734
3 2764 2766 2765
3 2766 4038 2765
3 2768 2767 2776
3 2763 2767 2768
3 3734 2763 2771
3 2765 4038 2769
3 3740 2775 2772
3 4038 3754 2769
3 2772 2775 2684
3 2769 3754 2777
3 2769 71 2765
3 2768 2770 2763
3 2770 2684 2771
3 2684 4082 2772
3 3755 4082 4083
3 2773 2831 3768
3 2767 2774 2776
3 71 2966 2764
3 71 2764 2765
3 2770 2771 2763
3 2771 2684 2775
3 2774 2758 2776
3 2777 3754 3774
3 2840 2833 2787
3 2840 2787 2786
3 2840 2786 2780
3 2835 2784 2778
3 3867 2835 2778
3 2782 2780 2783
3 2780 2781 2783
3 2777 3867 2769
3 2793 1661 2789
3 2793 2789 2790
3 2833 2793 2779
3 2793 2790 2779
3 2833 2779 2787
3 2780 2786 2781
3 2782 2783 2785
3 3874 2782 2785
3 2784 3874 2785
3 2784 2785 2778
3 2786 2787 73
3 2786 73 82
3 2786 82 2781
3 2787 2779 2788
3 2787 2788 73
3 2790 2789 69
3 2789 74 69
3 2779 2790 2788
3 2790 69 2788
3 2791 1631 2789
3 1661 2823 2792
3 1661 2793 2823
3 2793 2833 2823
3 1661 2791 2789
3 2789 1631 74
3 74 1631 2794
3 2809 2812 3780
3 3797 4053 3012
3 3804 3805 2977
3 2795 3806 2796
3 2795 2796 2797
3 2795 2797 3811
3 3842 3834 4115
3 3850 3842 4115
3 4411 3850 4115
3 4411 4410 3850
3 2798 2799 3094
3 3094 2799 3851
3 180 2801 2800
3 2801 2802 2800
3 2802 2803 3838
3 2803 2804 3837
3 2804 2805 2820
3 2805 2806 2821
3 2808 2812 2809
3 3804 217 3806
3 217 2796 3806
3 2807 320 2809
3 320 2808 2809
3 3102 2798 3094
3 2819 400 2818
3 400 401 2818
3 401 2810 3819
3 2810 2811 3814
3 2811 399 3809
3 399 2816 2817
3 325 397 4053
3 397 315 2815
3 2812 221 3780
3 3779 314 2813
3 315 3014 2815
3 3780 221 2814
3 2978 3781 2814
3 397 2815 4053
3 2977 216 3804
3 2817 2816 3796
3 399 2817 3809
3 2811 3809 3814
3 401 3819 2818
3 3825 180 2800
3 2819 2818 3828
3 2800 2802 3838
3 3838 2803 3837
3 3837 2804 2820
3 2820 2805 2821
3 2821 2806 3856
3 2798 3863 2799
3 3856 2806 204
3 2840 2822 3884
3 2780 2836 2822
3 2840 2780 2822
3 2823 2841 2792
3 2843 2824 3900
3 2713 2838 2837
3 2838 2714 2825
3 2714 2826 2839
3 2826 2827 3887
3 2827 2842 3887
3 2842 2729 3908
3 2729 2844 3909
3 2844 3950 2828
3 2718 2829 3931
3 2829 2830 3933
3 3768 2831 4421
3 4052 2832 3871
3 2823 2833 2834
3 2833 2840 2834
3 2780 2782 2836
3 2835 3867 3866
3 2784 2835 3866
3 2836 2782 3874
3 2837 2838 2825
3 2839 2826 3885
3 2834 2840 3884
3 3885 2826 3887
3 2841 2823 2834
3 3887 2842 3899
3 2841 2845 2792
3 3908 2729 3909
3 3913 2843 3911
3 3909 2844 2828
3 2828 3950 3949
3 2717 2718 3931
3 3931 2829 3937
3 3937 2829 3933
3 2824 2845 3900
3 2845 2824 2792
3 2825 2714 2839
3 3899 2842 3908
3 2751 1436 2708
3 2846 2751 2708
3 2752 2846 2847
3 2847 2846 2856
3 2752 2847 2850
3 2850 2847 2848
3 2848 2847 2849
3 2850 2848 2851
3 2851 2848 2852
3 2852 2848 2855
3 2853 2852 2854
3 2852 2855 2733
3 2854 2733 2754
3 2854 2852 2733
3 2849 2855 2848
3 2708 2856 2846
3 2853 2851 2852
3 2857 3957 2858
3 2847 2856 2849
3 2754 2710 2755
3 1437 1436 2751
3 2860 2859 3959
3 2860 34 2859
3 2861 2862 34
3 2859 34 2862
3 3958 2863 4116
3 2862 2863 3958
3 2864 2863 2862
3 2861 2864 2862
3 201 2865 4653
3 2866 2865 2867
3 4119 2866 2867
3 2870 3963 2868
3 2870 2868 4657
3 4658 2868 3963
3 4658 4657 2868
3 4657 2869 2871
3 4657 2871 2870
3 2879 2871 2869
3 2879 2870 2871
3 14 2976 4122
3 4122 2976 2880
3 4122 2880 2879
3 4488 4126 4518
3 2872 2873 4513
3 4515 19 4513
3 4518 4126 4125
3 4125 2874 4518
3 2874 39 4492
3 2312 2875 2876
3 4129 2876 2875
3 4101 4102 4127
3 4127 4102 2326
3 2877 4102 4104
3 2877 2326 4102
3 2315 2872 4513
3 2315 4513 19
3 2306 2312 2876
3 2306 2876 2326
3 4558 4625 175
3 2870 4059 2878
3 2870 2879 4059
3 2880 4059 2879
3 2880 2976 4058
3 2881 2883 2882
3 2883 66 65
3 2883 2881 66
3 2884 4539 2885
3 2885 4539 2888
3 2885 2888 2886
3 2886 2888 2899
3 2887 2888 4539
3 41 4538 2884
3 41 2881 4538
3 4539 2884 4538
3 42 2894 2889
3 2894 2907 2889
3 4497 65 2889
3 2889 65 42
3 2890 44 2891
3 2891 2907 2890
3 2907 2894 2890
3 1696 2892 2893
3 2890 2893 2892
3 2893 2890 2894
3 2895 2896 4535
3 2895 2897 2896
3 2957 2898 2897
3 2896 2898 2899
3 2896 2897 2898
3 1633 2886 2900
3 1633 2900 2957
3 2899 2900 2886
3 2898 2900 2899
3 2898 2957 2900
3 2881 2882 4538
3 4497 2902 2901
3 2903 2901 2902
3 50 2903 2904
3 2902 2907 2904
3 2902 2904 2903
3 2891 2905 2907
3 2891 2906 2905
3 2905 2904 2907
3 2905 50 2904
3 43 2891 44
3 2891 43 2906
3 51 2908 2909
3 43 2909 2908
3 2908 2906 43
3 2911 2910 2912
3 2911 2912 43
3 2913 50 2914
3 2905 2914 50
3 2914 2949 2913
3 2912 2909 43
3 2912 2910 2909
3 2915 1718 4523
3 2916 4523 1718
3 2916 1716 47
3 47 2917 2916
3 4523 2916 2917
3 2920 2918 1715
3 2920 4550 2918
3 1715 1710 2920
3 4550 2920 4599
3 1710 2919 2920
3 61 4594 2919
3 4594 2920 2919
3 4594 4599 2920
3 1115 4594 61
3 2922 4603 4600
3 4601 2923 4600
3 4110 2921 2923
3 4110 2922 2921
3 2921 2922 4600
3 2921 4600 2923
3 2924 2925 4112
3 2924 1085 4663
3 4663 2925 2924
3 2926 2927 2928
3 62 1083 4134
3 2931 2928 2929
3 2929 4134 2932
3 2932 4134 2930
3 2930 4134 1083
3 1119 2931 2932
3 1127 2931 1119
3 2931 2929 2932
3 4611 2934 2936
3 4611 63 2934
3 2933 2936 2934
3 1127 2935 2931
3 4610 4611 3967
3 2936 3967 4611
3 3967 2935 1127
3 3967 2936 2935
3 63 4611 4608
3 2937 2939 2938
3 2937 4574 2939
3 64 2938 2939
3 45 2939 4574
3 45 64 2939
3 46 4527 2940
3 46 2940 45
3 65 2941 2942
3 2942 42 65
3 2910 2911 3092
3 2910 2944 2943
3 3092 2944 2910
3 4553 4564 4616
3 2936 2933 2945
3 2926 2928 2945
3 4603 2922 2962
3 2946 4603 2947
3 2948 2949 2914
3 4610 2950 2952
3 4610 2952 2951
3 1121 2952 2950
3 1121 2951 2952
3 4130 1102 2953
3 2953 4572 4130
3 1102 2955 2953
3 4572 2953 4639
3 2954 4639 2953
3 2954 2953 2955
3 2955 3993 2954
3 4615 4639 2954
3 4615 2954 3993
3 3063 2956 4615
3 1072 1089 1112
3 2923 1112 1089
3 2957 2958 2959
3 2957 2897 2958
3 2794 2958 75
3 2794 2959 2958
3 2957 2960 1633
3 2957 2959 2960
3 2962 2947 4603
3 2923 4601 1112
3 2931 2961 2928
3 2945 2961 2936
3 2945 2928 2961
3 2962 2922 4112
3 3867 3973 71
3 3867 2778 3973
3 2963 2965 3973
3 71 3973 2964
3 3973 2965 2964
3 2966 2964 2965
3 2966 71 2964
3 2778 2785 2967
3 72 2967 2785
3 2968 3971 2967
3 3970 2968 72
3 2967 72 2968
3 134 2969 2970
3 165 2970 2969
3 165 3964 3965
3 3965 2970 165
3 2971 134 2974
3 3965 2878 2970
3 2878 2974 2970
3 134 2970 2974
3 2974 135 2971
3 2974 2878 2972
3 4059 2972 2878
3 2972 2973 2974
3 135 2974 2973
3 135 2973 2975
3 2975 4060 154
3 2975 2973 4060
3 2972 4060 2973
3 154 4060 4058
3 137 2975 154
3 4058 27 154
3 27 4058 2976
3 154 27 176
3 15 176 27
3 176 158 154
3 186 2867 2865
3 186 2865 201
3 2978 3787 3781
3 3787 2977 3805
3 3787 2978 2977
3 2977 222 223
3 2977 2978 222
3 230 223 222
3 2982 2979 2980
3 108 2980 2979
3 2980 319 2981
3 320 2981 319
3 320 308 2981
3 299 2981 308
3 2982 2980 2981
3 2982 2981 299
3 2984 2983 2993
3 2984 2985 2983
3 2986 2983 2985
3 2986 3009 2988
3 2987 2989 2988
3 2993 2983 2989
3 2988 2983 2986
3 2988 2989 2983
3 2989 2987 2991
3 2987 2990 2991
3 2994 2991 2990
3 2984 2993 2992
3 2989 2991 2993
3 2992 2991 2994
3 2992 2993 2991
3 2994 284 2992
3 2990 3010 2994
3 284 3010 309
3 284 2994 3010
3 2995 2998 2996
3 2999 322 2996
3 2999 2996 2998
3 3979 3976 2997
3 3776 3000 2995
3 3776 3006 3000
3 2998 2995 3000
3 2998 3001 2999
3 3001 2998 3000
3 300 3002 3008
3 300 3001 3002
3 3000 3002 3001
3 3006 3002 3000
3 3006 3003 3002
3 3008 3002 3003
3 3004 3775 3005
3 3006 3776 3005
3 3003 3006 3007
3 3005 3007 3006
3 300 3008 2986
3 3003 3009 3008
3 2986 3008 3009
3 3007 3009 3003
3 2987 3980 2990
3 309 3980 314
3 3980 309 3010
3 3980 3010 2990
3 307 3979 311
3 3776 2995 313
3 313 2995 2996
3 313 2996 322
3 2815 3011 4053
3 3012 3011 3013
3 3012 4053 3011
3 3779 3013 3011
3 3011 3014 3779
3 3011 2815 3014
3 3979 3779 3014
3 311 3979 3014
3 2798 3102 3015
3 3228 3015 3102
3 3228 3016 3015
3 3863 2798 3015
3 3863 3015 3016
3 1909 1908 456
3 555 456 1908
3 555 557 456
3 3380 3017 4570
3 3017 3019 4570
3 3017 3381 3401
3 3401 3018 3017
3 3017 3018 3019
3 3019 3018 3021
3 4570 3019 3022
3 3019 3021 3022
3 3021 4583 3020
3 3021 3020 3022
3 3023 3024 1875
3 461 1875 3024
3 3025 3024 3023
3 3030 3026 3981
3 3031 3027 3981
3 3033 3981 3027
3 3033 3030 3981
3 2212 3981 3026
3 3028 811 3029
3 4137 3030 3029
3 4137 3026 3030
3 2213 3425 3032
3 3984 3032 3425
3 3027 3031 3985
3 3985 3031 3984
3 3032 3031 3432
3 3032 3984 3031
3 3033 3034 3030
3 3033 3028 3034
3 3029 3030 3034
3 3029 3034 3028
3 3035 3985 3036
3 821 836 4063
3 3037 4063 836
3 3037 3040 4063
3 3038 821 4062
3 3039 3038 4062
3 3040 3041 4062
3 3041 3040 3043
3 3042 4065 3043
3 4065 3042 3045
3 3044 3045 3042
3 3044 3047 3045
3 3046 3039 4064
3 3041 3987 4064
3 4065 3988 3987
3 3988 4065 3989
3 3047 3048 3989
3 832 3048 3047
3 832 834 3048
3 2155 3408 3043
3 2155 3043 3040
3 3042 3043 3408
3 937 3060 1002
3 937 1002 3059
3 3051 3050 854
3 965 3050 3049
3 965 854 3050
3 3049 3050 3052
3 3054 3052 3051
3 3050 3051 3052
3 3051 3423 3053
3 3051 3053 3054
3 3056 3057 2179
3 3055 972 3057
3 3058 3055 3056
3 3057 3056 3055
3 3423 3051 3424
3 3055 3424 3051
3 3055 3058 3424
3 1001 3059 1002
3 1001 1006 3059
3 937 3059 968
3 968 3059 1006
3 1619 1545 969
3 1545 1002 969
3 969 1002 3060
3 3065 1077 3061
3 4615 3062 3063
3 3065 3063 3062
3 3064 3062 3993
3 1077 3062 3064
3 1077 3065 3062
3 1100 3993 2955
3 3066 4616 3067
3 3077 4666 3078
3 4674 4675 4672
3 3712 3068 4676
3 4675 3068 1496
3 2516 1496 3068
3 3079 3069 3071
3 2616 3708 3070
3 3069 3070 3708
3 3069 3708 3071
3 1464 3072 3073
3 1464 3073 3709
3 3074 3075 3072
3 2512 3072 3075
3 1472 1505 1491
3 3076 3077 3996
3 3078 3996 3077
3 3078 3998 3996
3 3995 3076 3996
3 3080 3079 2522
3 3999 1465 3080
3 3079 3080 1465
3 3081 3999 3080
3 2538 3082 3724
3 3725 3724 3082
3 2534 2538 3083
3 3724 3083 2538
3 3724 3084 3083
3 3080 2534 3083
3 3083 3081 3080
3 3083 3084 3081
3 3085 1536 3086
3 3085 3086 3091
3 1513 3086 1536
3 1513 3091 3086
3 3085 3091 3088
3 3088 3090 3087
3 3088 3091 3090
3 3089 3090 3091
3 1700 3092 2911
3 3094 3093 3102
3 3094 3095 3093
3 3097 3096 3110
3 3096 3098 3109
3 3096 3097 3098
3 3097 3099 3098
3 3100 3098 3099
3 3100 3101 3098
3 3109 3098 3101
3 3101 1736 3109
3 1736 1737 3109
3 3102 3093 3107
3 3102 3107 3227
3 3093 3103 3107
3 3095 3104 3103
3 3095 3103 3093
3 3104 4140 3103
3 3227 3106 3230
3 3105 3106 3107
3 3106 3227 3107
3 3105 3103 4140
3 3105 3107 3103
3 3117 3108 3109
3 3110 3108 3116
3 3108 3096 3109
3 3108 3110 3096
3 126 3111 124
3 1737 124 3111
3 3118 3117 3111
3 1737 3111 3109
3 3117 3109 3111
3 3114 3106 3105
3 4140 3119 3105
3 3105 3119 3112
3 3105 3112 3114
3 3230 3106 3114
3 3125 3113 3114
3 3113 3230 3114
3 3125 3114 3112
3 3123 3115 3117
3 3116 3115 3121
3 3122 3115 3123
3 3108 3117 3115
3 3108 3115 3116
3 3117 3118 3123
3 3118 3231 3123
3 3119 4148 3120
3 3120 3112 3119
3 3120 3125 3112
3 3121 3122 4153
3 3122 3121 3115
3 3128 3122 3123
3 3124 3113 3125
3 3130 3124 3125
3 3126 3120 4148
3 3126 3125 3120
3 3130 3125 3126
3 3122 3127 4153
3 3122 3128 3127
3 3123 3231 3128
3 3129 3128 3231
3 3124 3130 4099
3 4148 3132 3126
3 4153 3127 4154
3 4099 3139 3131
3 3139 3130 3134
3 3139 4099 3130
3 3132 3133 3134
3 3134 3126 3132
3 3134 3130 3126
3 4154 3135 3136
3 3135 4154 3127
3 3135 3127 3128
3 3135 3128 3142
3 3129 128 3142
3 3142 3128 3129
3 3144 3131 3139
3 3133 3138 3134
3 3136 3135 3145
3 3143 3135 3142
3 128 3233 3142
3 3131 3144 1835
3 3144 3139 3137
3 3138 3147 3137
3 3137 3134 3138
3 3137 3139 3134
3 3146 3140 3143
3 3140 3135 3143
3 3140 3145 3135
3 3141 3142 3233
3 3141 3143 3142
3 1740 3141 3233
3 3226 1835 3144
3 3157 3226 3144
3 3157 3144 3148
3 3148 3137 3147
3 3148 3144 3137
3 3145 3140 4168
3 3140 3146 3151
3 3140 3151 4168
3 3146 3143 3141
3 3141 1740 3146
3 3147 3149 3148
3 3148 3149 3156
3 3148 3156 3157
3 3153 4168 3151
3 3152 3146 1741
3 1741 3146 1740
3 3226 3157 3154
3 4165 3156 3149
3 3146 3152 3151
3 3152 3150 3158
3 3151 3152 3158
3 3151 3158 3153
3 3154 3157 3159
3 3154 3159 3155
3 3157 3160 3159
3 3156 4165 3160
3 3156 3160 3157
3 3168 3153 3167
3 3167 3158 3150
3 3167 3153 3158
3 3152 1741 3150
3 1741 3164 3150
3 3159 3162 3155
3 3159 3160 3162
3 3165 3161 4165
3 3161 3160 4165
3 3161 3162 3160
3 3163 3167 3150
3 3163 3150 3164
3 3170 3155 3162
3 3162 3161 3170
3 3171 3161 3165
3 3166 3167 3163
3 3166 3168 3167
3 3163 3174 3166
3 3170 3177 1848
3 3175 3168 3166
3 3166 3174 3169
3 3166 3169 3175
3 3170 3172 3177
3 3172 3170 3161
3 3172 3161 3171
3 4177 3172 3171
3 3178 3177 3172
3 3172 4177 3173
3 3172 3173 3178
3 3174 3182 3169
3 4183 3175 3169
3 3174 3176 3182
3 3177 3178 3234
3 3178 3173 3183
3 3182 3186 3185
3 3185 3169 3182
3 3185 4183 3169
3 133 3182 3176
3 3179 3178 3183
3 3179 3234 3178
3 4180 3173 4177
3 3180 3183 4180
3 3183 3173 4180
3 3181 4183 3185
3 3182 133 3186
3 133 3191 3186
3 3179 3183 3189
3 3186 3188 3184
3 3192 3181 3184
3 3184 3185 3186
3 3184 3181 3185
3 3187 3186 3191
3 3187 3188 3186
3 3193 3189 3195
3 3193 3190 3189
3 3189 3183 3195
3 4187 3195 3180
3 3195 3183 3180
3 3222 3187 3191
3 3194 3193 3195
3 3198 3195 4187
3 3188 3221 3196
3 3199 3192 3196
3 3196 3184 3188
3 3196 3192 3184
3 3193 3194 1743
3 3197 3195 3198
3 3197 3194 3195
3 3224 3196 3221
3 1743 3194 1738
3 3202 3194 3197
3 4196 3203 3198
3 3197 3198 3203
3 3197 3203 3202
3 4199 3199 3200
3 3200 3196 3224
3 3200 3199 3196
3 3202 1738 3194
3 4202 3203 4196
3 3224 3223 3200
3 3202 3201 1738
3 3212 1738 3201
3 3201 3202 3203
3 3203 4202 3204
3 3203 3204 3201
3 3205 3218 3214
3 4098 3218 1734
3 3223 1734 3206
3 3218 3206 1734
3 3218 3205 3206
3 4199 3206 3205
3 3201 3213 3208
3 4204 3213 4202
3 3213 3204 4202
3 3213 3201 3204
3 3676 3209 3581
3 3209 3207 3210
3 1735 3209 3208
3 3210 3208 3209
3 3210 3211 3208
3 3208 3211 3212
3 3201 3208 3212
3 4203 3213 4204
3 3214 3215 3205
3 4206 3215 4205
3 3214 2384 4208
3 3216 4205 4208
3 4208 3215 3214
3 4208 4205 3215
3 3208 3213 1735
3 3213 3657 1735
3 3213 4203 3657
3 3217 3218 4098
3 3217 3214 3218
3 1735 3657 3581
3 3111 126 3118
3 125 3118 126
3 131 1742 3164
3 3164 4004 3219
3 3220 3219 4004
3 4004 3164 1741
3 3221 3188 3187
3 3221 3187 3222
3 3225 3221 3222
3 3221 3225 3224
3 136 3223 3224
3 136 3224 3225
3 1734 3223 120
3 136 120 3223
3 3154 1763 3226
3 4005 1756 3230
3 3227 3228 3102
3 3228 3227 3229
3 1756 3229 3230
3 125 3231 3118
3 3232 3233 128
3 3233 130 1740
3 1766 3234 1849
3 1766 1848 3234
3 3177 3234 1848
3 3179 1849 3234
3 3190 3179 3189
3 1849 3179 1768
3 3239 3235 3240
3 3238 3236 3250
3 3251 3236 3239
3 3236 3235 3239
3 3236 3238 3235
3 3237 3235 3238
3 3235 3237 3240
3 3238 3943 3237
3 3943 3238 3241
3 3943 3241 3941
3 3240 1746 3239
3 3934 1746 3240
3 4214 3941 4212
3 3355 4211 3248
3 3241 4211 3941
3 4212 4211 3355
3 4212 3941 4211
3 3355 3248 3242
3 3938 3242 3246
3 3247 3246 3242
3 3247 3242 3248
3 3243 3239 1746
3 3244 3245 3246
3 3244 1753 3245
3 3244 3246 3247
3 3248 3252 3247
3 3249 3247 3252
3 3249 3244 3247
3 3250 3253 4219
3 3253 3236 3251
3 3253 3250 3236
3 3239 3243 3251
3 1753 3244 3354
3 3256 3244 3249
3 3252 3255 3249
3 3251 3254 3253
3 1748 3254 3243
3 3254 3251 3243
3 3244 3256 3354
3 3269 3256 3262
3 3262 3249 3255
3 3262 3256 3249
3 3254 3257 3253
3 4219 3257 4225
3 3259 3257 3254
3 3253 3257 4219
3 3263 3254 1748
3 3256 3269 3354
3 3255 4220 3262
3 3264 3258 3259
3 4225 3258 3265
3 3258 4225 3257
3 3258 3257 3259
3 3263 3259 3254
3 1730 1671 3260
3 3354 3269 3260
3 3261 3260 3269
3 3261 1730 3260
3 3267 3269 3262
3 3259 3263 3264
3 3263 3361 3264
3 4220 3271 3272
3 3262 4220 3272
3 3262 3272 3267
3 3265 3266 4230
3 3276 3266 3264
3 3266 3265 3258
3 3266 3258 3264
3 3276 3264 3360
3 3360 3264 3361
3 3261 3267 3268
3 3269 3267 3261
3 3279 3268 3267
3 3279 3267 3270
3 3271 4236 3270
3 3270 3272 3271
3 3270 3267 3272
3 4230 3266 3275
3 3268 3279 4007
3 3273 3270 4236
3 3273 3279 3270
3 3278 3274 3276
3 3275 3274 4235
3 3274 3275 3266
3 3274 3266 3276
3 3360 3278 3276
3 3358 3278 3360
3 4236 4239 3273
3 3283 3277 3278
3 3277 3274 3278
3 3277 4235 3274
3 3283 3278 3358
3 4007 3280 4009
3 3279 3280 4007
3 3279 3273 3280
3 3281 3277 3283
3 4235 3277 4244
3 3277 3281 3282
3 3277 3282 4244
3 3358 3357 3283
3 3362 4009 3280
3 3280 3288 3362
3 4248 4244 3282
3 3283 3287 3281
3 3283 3357 3287
3 1749 3287 3357
3 3362 3288 3291
3 3281 3285 3284
3 4249 4248 3284
3 3282 3284 4248
3 3282 3281 3284
3 3281 3286 3285
3 3286 3287 1749
3 3286 3281 3287
3 3362 3291 4010
3 4250 4246 4243
3 3288 4246 3291
3 3289 3285 1754
3 1754 3285 3286
3 3291 3290 3352
3 3290 4246 4250
3 3290 3291 4246
3 4251 3290 4250
3 4249 3296 3293
3 3289 3296 3285
3 3284 3296 4249
3 3284 3285 3296
3 4011 3289 1754
3 3352 3290 3294
3 3290 4251 3294
3 3292 3293 3296
3 3352 3294 3364
3 3294 3300 3364
3 4260 3300 4251
3 3300 3294 4251
3 3292 3298 3295
3 3298 3296 3289
3 3298 3292 3296
3 3297 3304 4011
3 3289 4011 3304
3 3289 3304 3298
3 3299 3364 3300
3 4262 3303 4260
3 3300 4260 3303
3 3300 3303 3299
3 3298 3304 3301
3 3302 3295 3301
3 3301 3295 3298
3 3364 3299 3365
3 3305 3365 3299
3 3306 3303 4262
3 3304 3308 3301
3 3359 3304 3297
3 3308 3304 3359
3 3299 3313 3305
3 4269 3313 3306
3 3313 3303 3306
3 3313 3299 3303
3 3302 3307 3309
3 3307 3301 3308
3 3307 3302 3301
3 3315 3305 3313
3 3308 3310 3318
3 3316 3309 3318
3 3318 3307 3308
3 3318 3309 3307
3 3310 3308 3359
3 3311 3312 4269
3 3312 3313 4269
3 3312 3315 3313
3 3314 3318 3310
3 1750 3310 3359
3 3320 3315 3312
3 4276 3312 3311
3 3314 3324 3317
3 3323 3316 3317
3 3317 3318 3314
3 3317 3316 3318
3 3310 1750 3314
3 3319 3314 1750
3 3315 3320 3366
3 3321 3366 3320
3 3320 3322 3321
3 3322 3312 4276
3 3322 3320 3312
3 3317 3331 3323
3 3317 3324 3331
3 3314 3319 3324
3 3324 3335 3334
3 3335 3324 3319
3 3321 3326 3325
3 3326 3321 3322
3 3327 3330 4276
3 3322 4276 3330
3 3322 3330 3326
3 3323 3331 4283
3 3324 3334 3331
3 3326 3329 3328
3 3328 3325 3326
3 4278 3329 3327
3 3329 3330 3327
3 3329 3326 3330
3 4281 4283 3332
3 3333 3332 3334
3 3331 3334 3332
3 3331 3332 4283
3 3333 3334 3335
3 3344 3328 3329
3 3329 4278 3341
3 3329 3341 3344
3 3333 3336 3337
3 3337 3332 3333
3 3337 4281 3332
3 3335 1752 3333
3 3335 3338 1752
3 3333 1752 3336
3 3339 3328 3344
3 3344 3341 3346
3 3340 3341 4278
3 3342 3347 3481
3 3481 3343 3336
3 3337 3343 4281
3 3337 3336 3343
3 3347 3343 3481
3 3347 4281 3343
3 3345 3339 3344
3 3344 3346 3345
3 3350 3345 3346
3 3346 3341 3340
3 3347 3573 3348
3 3347 3348 4281
3 4286 3348 3573
3 3349 3340 3572
3 4286 3573 3572
3 3350 3487 1726
3 3349 3346 3340
3 3346 3349 3368
3 3346 3368 3350
3 3352 3351 4010
3 3364 3351 3352
3 3260 1671 3354
3 3354 3353 1753
3 3353 3354 1671
3 3938 3356 3242
3 3355 3242 3356
3 2605 3357 3358
3 2598 1749 3357
3 4013 2608 3359
3 3297 4013 3359
3 3246 3245 3938
3 4089 3245 1657
3 4089 3938 3245
3 2605 3360 3361
3 3363 4009 3362
3 3363 1728 4009
3 3351 3364 1668
3 1668 3365 1667
3 3365 1668 3364
3 3321 3367 3366
3 3325 3367 3321
3 3350 3368 3487
3 3372 4015 3400
3 3369 3400 4015
3 3369 3370 3400
3 3371 3372 3400
3 469 3389 468
3 3393 468 3389
3 3372 3393 3392
3 3372 3371 3393
3 468 3393 3371
3 1845 4493 3373
3 3374 3373 4493
3 3374 1872 3373
3 1844 3373 1872
3 1844 1845 3373
3 1817 3379 4084
3 1817 3375 3379
3 1880 3379 3375
3 4670 3378 1880
3 3379 3378 3377
3 3379 1880 3378
3 3384 3377 3376
3 3378 3376 3377
3 3378 4670 3376
3 3385 4084 3383
3 3379 3383 4084
3 3379 3377 3383
3 3384 3383 3377
3 3017 3380 3381
3 3380 3388 3381
3 3388 3382 3381
3 3385 3383 3382
3 3381 3383 3384
3 3381 3382 3383
3 3382 3387 3385
3 3386 3387 1870
3 3388 3387 3382
3 3388 1870 3387
3 3389 3390 3393
3 3389 3391 3390
3 3390 3391 3392
3 3390 3392 3393
3 3396 3395 3394
3 3023 3394 3395
3 476 464 3397
3 3395 3397 464
3 3395 3396 3397
3 477 476 3398
3 3397 3398 476
3 3397 3396 3398
3 1843 477 3398
3 3398 3396 3399
3 3398 3399 1843
3 1882 3400 3370
3 3401 3376 4670
3 3401 3381 3376
3 3384 3376 3381
3 3402 3403 3404
3 3402 3404 3405
3 3658 3404 3403
3 3658 3405 3404
3 2152 3406 3415
3 3416 3406 973
3 973 3406 2169
3 4078 3406 2152
3 4078 2169 3406
3 3412 3407 3409
3 3408 3407 3044
3 3408 3409 3407
3 3044 3410 833
3 3411 3410 797
3 3411 833 3410
3 3412 797 3410
3 3413 3419 3418
3 3420 4019 3418
3 3414 3413 4019
3 3418 4019 3413
3 2150 3415 4017
3 3406 4017 3415
3 3406 3416 4017
3 3407 3410 3044
3 3407 3412 3410
3 3417 3418 3419
3 3421 3418 3417
3 3420 2179 3057
3 2179 3420 2175
3 3421 3420 3418
3 3420 2176 2175
3 3420 3421 2176
3 3422 3423 3424
3 3422 3424 3058
3 3982 3425 3426
3 3982 3984 3425
3 3427 3426 3425
3 3469 3428 4291
3 4291 3428 4113
3 3429 2211 2212
3 2211 3429 3430
3 3433 3432 2212
3 3432 3431 3032
3 3432 3433 3431
3 3434 3032 3431
3 3469 4291 3470
3 3438 3437 3435
3 3436 3437 3438
3 750 3441 3444
3 3444 3441 3439
3 3440 3442 3441
3 3440 4542 3442
3 3439 3441 3442
3 3439 3442 4542
3 3436 3443 4669
3 789 750 3446
3 3444 3446 750
3 3444 3445 3446
3 789 3447 2227
3 4079 3447 3445
3 2227 3447 2228
3 3448 3447 4079
3 3447 3449 2228
3 3447 3448 3449
3 2228 3449 3460
3 3450 3449 3448
3 3449 3453 3460
3 3449 3450 3453
3 3454 3460 3453
3 3450 3452 3459
3 3451 3459 3452
3 3453 3450 3459
3 3453 3459 3454
3 3464 3458 3456
3 3455 3457 3458
3 3456 3457 3451
3 3456 3458 3457
3 3454 3457 3455
3 3457 3454 3459
3 3457 3459 3451
3 3460 3462 791
3 3460 3454 3462
3 3461 791 3462
3 3455 3461 3462
3 3455 3462 3454
3 3466 3472 3463
3 3464 3465 3467
3 3464 3467 3466
3 3472 3467 3465
3 3472 3466 3467
3 3468 3469 3471
3 3470 3471 3469
3 3471 3472 3465
3 3471 3470 3472
3 3473 3463 4290
3 3472 3470 4290
3 3472 4290 3463
3 3456 3474 3475
3 3456 3451 3474
3 2259 4484 3476
3 2259 4022 2247
3 2253 4022 2260
3 4022 3476 2260
3 4022 2259 3476
3 3440 4543 4542
3 3440 2256 4543
3 2251 3477 2256
3 2251 4534 3477
3 4541 3477 4534
3 2249 2255 4522
3 2249 4522 3478
3 4492 39 2293
3 4492 2293 4496
3 3479 3489 3571
3 3349 3571 3489
3 3489 3368 3349
3 3481 3480 3342
3 3481 4006 3480
3 3483 3342 3482
3 3480 3482 3342
3 3480 3575 3482
3 3490 3483 3491
3 3575 2349 3491
3 3491 3482 3575
3 3491 3483 3482
3 3368 3488 3486
3 3484 3486 3485
3 3492 3486 3488
3 3484 3487 3486
3 3368 3486 3487
3 3488 3368 3489
3 3488 3493 3492
3 3493 3489 3479
3 3493 3488 3489
3 3490 3491 4300
3 4310 3491 2349
3 4310 4300 3491
3 3492 3485 3486
3 3492 3493 3495
3 4304 3493 3479
3 2346 3494 2349
3 4310 2349 3494
3 3493 4304 3502
3 3493 3502 3495
3 4304 4313 3502
3 4300 4310 4315
3 2350 4310 3494
3 3496 3501 3495
3 3495 3502 3496
3 4317 3500 4329
3 2352 3500 3499
3 3497 3499 3498
3 3500 3498 3499
3 3500 4317 3498
3 4315 3498 4317
3 2350 3497 3498
3 3990 3501 1106
3 4313 4319 4024
3 4024 3502 4313
3 4024 3496 3502
3 4024 3503 4025
3 3503 4024 4319
3 3504 4025 3503
3 4319 4326 3503
3 3505 3504 3503
3 3505 3503 4326
3 3512 3508 3509
3 3506 3508 3507
3 2352 3507 3508
3 4329 3508 3512
3 3500 3508 4329
3 3500 2352 3508
3 3512 3511 4329
3 4322 3511 3513
3 3512 3509 3510
3 3519 3513 3510
3 3510 3511 3512
3 3510 3513 3511
3 3520 4328 4321
3 3525 3517 4067
3 3509 3515 3517
3 4067 3515 3514
3 4067 3517 3515
3 3506 3514 3515
3 3508 3506 3515
3 3508 3515 3509
3 3513 3519 3516
3 4321 3516 3520
3 3521 3520 3516
3 3523 3516 3519
3 3523 3521 3516
3 3509 3517 3518
3 3518 3510 3509
3 3518 3519 3510
3 3522 4328 3520
3 3520 3521 3522
3 3529 4067 3514
3 3528 3521 3523
3 3519 3524 3523
3 3523 3524 3530
3 3523 3530 3528
3 3519 3518 3524
3 3525 3518 3517
3 3518 3525 3527
3 3518 3527 3524
3 3522 3521 3528
3 3526 3525 4066
3 3524 3531 3530
3 3528 3530 4023
3 3524 3527 3531
3 1060 2340 3528
3 3529 3534 4066
3 2339 4023 3530
3 3531 3542 3532
3 3530 3531 3532
3 3530 3532 2339
3 3526 3527 3525
3 3542 3531 3535
3 3527 3526 3535
3 3527 3535 3531
3 3533 4066 3534
3 3533 3526 4066
3 3542 3535 3536
3 3537 3535 3526
3 3526 3533 3537
3 3539 3533 3534
3 3533 3539 3547
3 3533 3547 3537
3 3535 3537 3538
3 3535 3538 3536
3 3539 3540 3547
3 3537 3547 3544
3 3541 2339 3532
3 3532 3536 3541
3 3532 3542 3536
3 3541 3536 3543
3 2337 3541 3543
3 3537 3544 3538
3 3536 3538 3543
3 3544 3547 3546
3 3540 3550 3545
3 3545 3547 3540
3 3545 3546 3547
3 3548 2337 3543
3 3548 3543 3549
3 3544 3546 3549
3 3549 3538 3544
3 3549 3543 3538
3 3550 2356 3545
3 3546 3545 3551
3 3553 1068 3548
3 3548 3552 3553
3 3551 3552 3546
3 3552 3549 3546
3 3552 3548 3549
3 2328 3554 2356
3 3545 2356 3554
3 3545 3554 3551
3 3555 3559 3551
3 3559 3552 3551
3 3559 3553 3552
3 2327 3558 2328
3 3551 3554 3555
3 3558 3554 2328
3 3558 3555 3554
3 3555 3558 3560
3 2327 3556 3558
3 2342 3556 1200
3 2327 1200 3556
3 3557 1200 2327
3 3556 2329 3558
3 3558 2329 3562
3 3558 3562 3560
3 3561 3553 3559
3 3559 3555 3561
3 3555 3560 3561
3 3564 3561 3560
3 3568 3560 3562
3 3562 2329 3563
3 3562 3563 3568
3 3564 3565 3566
3 3565 3564 3560
3 3560 3568 3565
3 3567 3565 3568
3 3567 1063 3565
3 3566 3565 1063
3 2330 3563 2329
3 3567 3570 1109
3 3567 3568 3570
3 2332 1109 3570
3 3570 3568 3563
3 3570 3563 2330
3 2331 3569 2330
3 3570 2330 3569
3 3570 3569 2332
3 2333 3569 2331
3 2333 2332 3569
3 3528 4023 1060
3 3496 4024 1106
3 3571 3349 3572
3 3479 3571 3574
3 3572 3573 3574
3 3572 3574 3571
3 3576 3575 3577
3 3480 4006 3577
3 3480 3577 3575
3 2488 3578 4006
3 2488 3576 3578
3 3577 4006 3578
3 3577 3578 3576
3 1106 3501 3496
3 1075 3504 3505
3 1075 3505 4328
3 4331 3573 3347
3 3580 3584 3579
3 3580 4096 3584
3 4333 3579 3584
3 3217 3580 2384
3 3217 4096 3580
3 3579 2384 3580
3 3676 3588 3677
3 3676 3581 3583
3 3657 3583 3581
3 3657 3582 3583
3 3588 3676 3583
3 3588 3583 3582
3 3582 3587 3588
3 3678 3677 3588
3 3591 3584 4092
3 4096 4092 3584
3 3590 4335 3585
3 3594 3586 3585
3 3678 3585 3586
3 3590 3589 3587
3 3588 3589 3678
3 3588 3587 3589
3 3585 3589 3590
3 3585 3678 3589
3 4088 3592 3591
3 4333 3592 4339
3 3592 4333 3584
3 3592 3584 3591
3 3593 2317 3591
3 4339 3592 4346
3 2317 4088 3591
3 3585 4335 3598
3 3585 3598 3594
3 4088 3599 3592
3 3600 3592 3599
3 3600 4346 3592
3 4350 3597 4343
3 3670 3597 3595
3 4335 4343 3596
3 3597 3596 4343
3 3597 3670 3596
3 3594 3596 3670
3 3596 3598 4335
3 3596 3594 3598
3 3601 4347 3600
3 4346 3600 4347
3 3599 3601 3600
3 4347 3602 4353
3 3602 3601 3603
3 3602 4347 3601
3 3605 3597 4350
3 4353 3607 4359
3 3603 3611 3602
3 3607 3602 3611
3 3607 4353 3602
3 3603 3610 3611
3 3618 3604 4354
3 3690 3604 3666
3 3605 4354 3604
3 3595 3606 3690
3 3604 3606 3605
3 3604 3690 3606
3 3597 3605 3606
3 3597 3606 3595
3 3612 3607 3611
3 3612 4359 3607
3 3619 3608 3612
3 4359 3608 3609
3 3608 4359 3612
3 3610 2320 3611
3 3611 2320 3612
3 3666 3613 3614
3 3604 3618 3613
3 3604 3613 3666
3 3609 3608 3615
3 3616 3608 3619
3 3616 3615 3608
3 4364 3617 3618
3 3614 3617 3665
3 3613 3618 3617
3 3613 3617 3614
3 3620 3616 4027
3 3620 3615 3616
3 3619 4027 3616
3 3617 4364 3626
3 3617 3626 3665
3 3615 3620 4365
3 3621 4365 3620
3 3621 4370 4365
3 3665 3626 3624
3 3626 3623 3622
3 3626 4364 3623
3 4368 3622 3623
3 4368 3623 4364
3 3625 3627 3661
3 3630 3627 3622
3 3624 3627 3625
3 3626 3622 3627
3 3626 3627 3624
3 3621 3628 4370
3 3621 3686 3628
3 3634 4370 3628
3 3634 3628 3686
3 3622 3629 3630
3 3634 3630 3629
3 3634 3629 4370
3 4368 3629 3622
3 4368 4370 3629
3 3638 3631 3630
3 3638 3641 3631
3 3631 3661 3627
3 3631 3627 3630
3 3631 3641 3661
3 3632 3661 3641
3 3682 2262 3685
3 3633 3685 2262
3 3633 3639 3685
3 3634 3686 3635
3 3634 3635 3639
3 3685 3635 3686
3 3685 3639 3635
3 3634 3639 3636
3 3634 3636 3630
3 3638 3636 3639
3 3638 3630 3636
3 3639 3633 3637
3 3638 3639 3637
3 3638 3637 3640
3 3644 3641 3640
3 3638 3640 3641
3 3633 3643 3642
3 3642 3637 3633
3 3642 3640 3637
3 3648 3642 3643
3 3645 3644 3646
3 3640 3642 3646
3 3646 3644 3640
3 3642 3650 3646
3 2363 3645 3646
3 3646 3650 3651
3 3646 3651 2363
3 3650 3649 3654
3 3647 3649 2236
3 3647 3654 3649
3 3648 2236 3649
3 3652 2363 3651
3 3650 3654 3651
3 3651 3654 3652
3 3653 3652 3654
3 3653 2365 3652
3 3654 2364 3653
3 2367 2365 3653
3 2364 2385 3655
3 3655 3653 2364
3 3655 2367 3653
3 2369 2367 3655
3 2370 3655 2385
3 2370 2369 3655
3 3675 3207 3209
3 4203 4205 3656
3 3216 3656 4205
3 3657 4203 3656
3 3657 3656 3582
3 3644 3659 3641
3 3644 3405 3659
3 3658 3659 3405
3 3658 1990 3659
3 3632 3659 1990
3 3632 3641 3659
3 3660 3692 1990
3 3661 3692 3625
3 3632 1990 3692
3 3632 3692 3661
3 3664 3693 3662
3 3624 3693 3665
3 3662 3693 3660
3 3625 3693 3624
3 3693 3664 3663
3 3693 3663 3665
3 1992 3663 3664
3 3665 3663 3614
3 3666 3614 3691
3 3663 1992 3691
3 3663 3691 3614
3 1992 1994 3689
3 3690 3666 3689
3 1994 3667 3668
3 3595 3690 3668
3 3670 3595 3669
3 3670 3671 3594
3 3671 3670 3669
3 3594 3674 3586
3 3671 3672 3674
3 3674 3594 3671
3 3679 3673 3672
3 3586 3673 3678
3 3674 3672 3673
3 3674 3673 3586
3 3679 3675 3687
3 3676 3677 3687
3 3678 3687 3677
3 3687 3673 3679
3 3687 3678 3673
3 4026 3680 3681
3 3621 3681 3680
3 3621 3620 3681
3 3621 3683 3686
3 3621 3680 3683
3 3683 3682 3684
3 3683 3684 3686
3 3685 3684 3682
3 3685 3686 3684
3 3619 2320 2281
3 3209 3687 3675
3 3209 3676 3687
3 3669 3688 3667
3 3669 3595 3688
3 3688 3668 3667
3 3688 3595 3668
3 3668 3689 1994
3 3668 3690 3689
3 3689 3691 1992
3 3689 3666 3691
3 3692 3693 3625
3 3692 3660 3693
3 2408 2406 3694
3 2406 3696 3694
3 3694 3696 3695
3 3697 3695 3701
3 3696 3701 3695
3 3697 3704 3695
3 3694 3695 3704
3 3704 3698 3694
3 3703 3698 3704
3 2395 2409 2408
3 3698 2395 3694
3 2408 3694 2395
3 2395 3698 3699
3 3706 3699 3698
3 2395 3699 2500
3 2494 3699 3706
3 3700 3697 3701
3 1472 3700 1471
3 3697 3700 3702
3 3700 3705 3702
3 3703 3702 3705
3 3704 3702 3703
3 3704 3697 3702
3 3698 3705 3706
3 3698 3703 3705
3 1491 2494 1472
3 3705 3700 1472
3 1472 3706 3705
3 1472 2494 3706
3 2619 3071 3707
3 3708 3707 3071
3 3708 2616 3707
3 3073 3710 3709
3 3073 2524 3710
3 3711 3709 3710
3 2627 3710 2524
3 2627 3711 3710
3 3714 3713 3712
3 3068 3713 2516
3 3068 3712 3713
3 2531 3713 3714
3 2504 2516 3727
3 3713 3727 2516
3 3713 2531 3727
3 3715 1495 3716
3 2526 3717 3718
3 3716 3718 3717
3 3716 1489 3718
3 2511 3723 1489
3 3718 1489 3723
3 3718 3723 2526
3 3716 3717 3715
3 2620 2533 3722
3 3715 3722 2533
3 3715 3717 3722
3 3720 3722 3717
3 3719 3721 2525
3 3720 2525 3722
3 3721 3722 2525
3 3721 2620 3722
3 3719 2526 2548
3 2510 2548 3723
3 2548 2526 3723
3 2511 2510 3723
3 3724 2509 3084
3 3724 3725 2509
3 2548 2510 3725
3 2510 2509 3725
3 2531 2622 3726
3 3726 2504 3727
3 3726 3727 2531
3 3730 3729 3728
3 2734 3729 1486
3 2734 3728 3729
3 3994 3729 3730
3 3732 4069 3743
3 3746 3731 3743
3 3733 3732 3731
3 3743 3731 3732
3 4068 3732 3733
3 3736 3734 2771
3 3735 2775 3740
3 3735 3736 2775
3 2771 2775 3736
3 4049 4050 4068
3 4069 3732 4068
3 3755 3740 2772
3 4050 3765 3764
3 3737 4069 3764
3 3738 3739 2832
3 3755 3739 3740
3 2832 3758 3738
3 4044 3738 3758
3 3758 4045 4044
3 4045 3742 3741
3 3742 3762 3741
3 4050 3762 3765
3 3746 3743 3767
3 3737 3743 4069
3 4032 3731 3745
3 3745 3744 2773
3 3767 3744 3746
3 3731 3744 3745
3 3731 3746 3744
3 3745 4034 4032
3 3748 3747 3771
3 2773 3747 3745
3 4034 3747 3748
3 4034 3745 3747
3 4037 3750 3749
3 3748 3750 4034
3 3749 3750 3773
3 3771 3750 3748
3 3752 3751 3753
3 3749 3751 4037
3 3753 3751 3772
3 3773 3751 3749
3 3752 3753 4038
3 3772 3754 3753
3 4038 3753 3754
3 4051 4052 3871
3 4082 3755 2772
3 3871 3756 4083
3 3871 2832 3756
3 3755 4083 3756
3 3739 3756 2832
3 3739 3755 3756
3 2832 4052 3758
3 4052 3757 3758
3 4045 3757 3742
3 4045 3758 3757
3 3864 3759 3760
3 3763 3761 4421
3 3759 3761 3760
3 3759 4421 3761
3 3742 3761 3762
3 3761 3763 3762
3 3765 3762 3763
3 4421 3766 3763
3 4421 2831 3766
3 3766 3737 3763
3 3763 3737 3764
3 3763 3764 3765
3 3767 3766 2831
3 3743 3766 3767
3 3743 3737 3766
3 2831 2773 3744
3 2831 3744 3767
3 3768 3771 3747
3 3768 3747 2773
3 3768 4421 4422
3 4422 3769 3768
3 4422 3770 3769
3 3771 3768 3769
3 3773 3769 3770
3 3750 3769 3773
3 3750 3771 3769
3 3770 3772 3773
3 3751 3773 3772
3 3774 3754 3772
3 3005 3775 2988
3 3005 2988 3007
3 3776 3785 3786
3 2807 3782 3785
3 313 2807 3785
3 313 3785 3776
3 3013 3777 3012
3 3775 3004 3777
3 3779 3778 3013
3 3777 3778 3775
3 3777 3013 3778
3 2813 3778 3779
3 3780 2814 3788
3 3781 3788 2814
3 3782 3788 3783
3 3788 2809 3780
3 3788 3782 2809
3 3782 2807 2809
3 3005 3786 3004
3 3005 3776 3786
3 3782 3783 3784
3 3784 3785 3782
3 3784 3786 3785
3 3786 3784 3789
3 3789 3004 3786
3 3783 3794 4374
3 3787 3794 3781
3 3788 3781 3794
3 3788 3794 3783
3 3791 3790 4376
3 3004 3789 3790
3 3790 3791 3777
3 3790 3777 3004
3 3797 3012 3792
3 3777 3792 3012
3 3777 3791 3792
3 4376 3792 3791
3 3787 3805 3793
3 3794 3787 3793
3 3794 3793 4374
3 3797 3799 3798
3 3799 3792 4376
3 3799 3797 3792
3 4379 4374 3795
3 3803 3795 3805
3 3793 3795 4374
3 3793 3805 3795
3 3796 3798 2817
3 3797 3798 3796
3 4377 3799 4376
3 3799 4377 3800
3 3799 3800 3798
3 2795 3802 3803
3 3801 4379 3802
3 3795 3802 4379
3 3795 3803 3802
3 3804 3806 3805
3 3805 3806 3803
3 2795 3803 3806
3 3807 2817 3798
3 3809 2817 3807
3 3807 3798 3800
3 3810 3800 4377
3 3812 3802 2795
3 3812 3801 3802
3 3807 3808 3809
3 3808 3807 3800
3 3821 3815 3810
3 3815 3800 3810
3 3815 3808 3800
3 2795 3811 3812
3 4385 3801 3816
3 3812 3811 3816
3 3812 3816 3801
3 3813 3814 3808
3 3809 3808 3814
3 3813 3808 3815
3 3811 3817 3822
3 4386 4385 3822
3 3822 3816 3811
3 3822 4385 3816
3 3859 3817 3818
3 3811 3818 3817
3 3814 3820 2810
3 3820 3814 3813
3 3819 2810 3820
3 3813 4393 3820
3 4394 4393 3821
3 4393 3813 3815
3 4393 3815 3821
3 3820 4393 3827
3 4054 3822 3817
3 3819 3827 2818
3 3820 3827 3819
3 4399 4388 3824
3 4054 3823 3824
3 4054 3824 4388
3 3823 4054 3825
3 4400 4401 4395
3 3827 4395 4401
3 3827 4401 3828
3 3826 3825 2800
3 3826 3823 3825
3 3827 3828 2818
3 3828 4401 3831
3 3824 3823 4397
3 3823 3826 4397
3 3829 3831 4401
3 4397 3839 3835
3 2800 3838 3839
3 3839 3826 2800
3 3839 4397 3826
3 2819 3828 3860
3 3860 3828 3831
3 3860 3834 3830
3 3834 3860 3831
3 3834 3831 3829
3 4409 3829 3832
3 3833 3829 4409
3 3833 3834 3829
3 3840 3835 3839
3 3836 3843 4413
3 3835 3840 3843
3 3835 3843 3836
3 3837 3839 3838
3 3839 3837 3840
3 3841 3830 3842
3 3841 3861 3830
3 3842 3830 3834
3 4115 3834 3833
3 3848 3843 3840
3 2820 3840 3837
3 2820 3848 3840
3 4413 3843 3844
3 3845 3843 3848
3 3845 3844 3843
3 3846 3845 3848
3 3844 3847 3855
3 3845 3846 3847
3 3845 3847 3844
3 2821 3848 2820
3 2821 3846 3848
3 3850 3849 3842
3 3841 3842 3849
3 3851 3849 3850
3 3851 2799 3849
3 3850 4410 3851
3 3862 3851 4410
3 3100 3847 3846
3 3100 3855 3847
3 2821 3856 3846
3 3855 4415 3844
3 3853 4415 3852
3 3853 3852 3854
3 3862 4410 3854
3 3855 3100 3099
3 3846 3858 3100
3 3857 3856 204
3 3858 3101 3100
3 3856 3857 3858
3 3101 3858 3857
3 3858 3846 3856
3 4475 3852 4415
3 207 3818 4055
3 3818 207 3859
3 3778 2813 3775
3 3861 2819 3860
3 3860 3830 3861
3 3862 4417 3095
3 207 3825 3859
3 3849 2799 3863
3 3849 3863 3841
3 3871 3873 4051
3 3864 4051 3873
3 3864 3865 3759
3 3866 3867 3868
3 2777 3868 3867
3 3878 3875 3868
3 3875 3866 3868
3 3770 4422 3869
3 3868 3774 3869
3 3774 3770 3869
3 4422 3877 3869
3 3878 3869 3877
3 3878 3868 3869
3 3864 3873 3870
3 3864 3870 3865
3 3871 2837 3873
3 4423 3865 3870
3 3872 3870 3873
3 3872 3873 2825
3 2837 2825 3873
3 3875 3876 2836
3 3866 3874 2784
3 3866 3875 3874
3 3874 3875 2836
3 3876 3875 3878
3 4430 3876 3877
3 3876 3878 3877
3 3872 3879 3881
3 4429 4423 3881
3 3870 3881 4423
3 3870 3872 3881
3 3872 2839 3879
3 2839 3872 2825
3 2836 3876 2822
3 3880 2822 3876
3 3876 3889 3880
3 3882 3881 3879
3 3882 4429 3881
3 3883 3884 3880
3 2822 3880 3884
3 3880 3889 3883
3 3882 3879 3885
3 3885 3879 2839
3 2834 3884 3883
3 3895 3889 3886
3 3883 3889 3894
3 3888 3893 3882
3 3885 3887 3888
3 3888 3882 3885
3 2834 3894 2841
3 3894 2834 3883
3 3889 3895 3896
3 3889 3896 3894
3 3894 3896 3890
3 3888 3898 3891
3 4437 3892 3891
3 3891 3893 3888
3 3891 3892 3893
3 3894 3890 2841
3 3901 3905 3895
3 3905 3896 3895
3 3905 3890 3896
3 3891 3897 4437
3 3891 3898 3897
3 3910 3897 3898
3 4437 3897 4450
3 3888 3887 3899
3 3888 3899 3898
3 3898 3908 3910
3 3908 3898 3899
3 2845 2841 3890
3 2845 3903 3900
3 3903 2845 3890
3 3901 3902 3904
3 3903 3890 3904
3 3904 3905 3901
3 3904 3890 3905
3 4445 3906 3902
3 3906 3904 3902
3 3906 3903 3904
3 4442 3897 3910
3 2843 3900 3911
3 3911 3900 3903
3 3903 3906 3911
3 3907 4442 3910
3 3908 3909 3910
3 3910 3909 3907
3 3911 3912 3913
3 3912 3911 3906
3 4453 4447 3914
3 3907 3917 3914
3 3907 3914 4447
3 3917 3907 3909
3 3913 3920 3915
3 3920 3913 3912
3 3916 3922 4452
3 3912 4452 3922
3 3912 3922 3920
3 3917 3918 3914
3 4454 4453 3914
3 3909 2828 3917
3 3917 3949 3918
3 3949 3917 2828
3 4459 4454 3918
3 3914 3918 4454
3 3918 3949 3919
3 3920 3921 3915
3 3922 3923 3920
3 3921 3920 3923
3 3924 3918 3919
3 3924 4459 3918
3 3947 3919 3948
3 3949 3948 3919
3 3921 3923 3953
3 3926 3924 3919
3 3919 3947 3926
3 3923 3925 3953
3 3930 3924 3926
3 4459 3924 4460
3 3924 3930 3927
3 3924 3927 4460
3 2717 3926 3947
3 3953 3928 3952
3 3928 3953 3925
3 4476 4480 3925
3 3925 4480 3929
3 3925 3929 3928
3 3931 3926 2717
3 3931 3930 3926
3 4057 3952 3928
3 3937 3932 3930
3 3932 3927 3930
3 3937 3930 3931
3 4487 3928 4478
3 4478 3928 3929
3 3936 3932 3937
3 4467 3932 3944
3 3933 2830 3934
3 3934 3935 3933
3 3935 3237 3936
3 3932 3936 3237
3 3933 3935 3936
3 3936 3937 3933
3 3356 3938 3939
3 4089 3939 3938
3 4487 3356 3939
3 3939 4056 4487
3 4056 4057 4487
3 3928 4487 4057
3 1649 3940 1651
3 3921 3940 3915
3 3940 1649 3915
3 3240 3935 3934
3 3240 3237 3935
3 3943 3941 3942
3 3943 3942 3944
3 4214 3942 3941
3 3943 3944 3945
3 3943 3945 3237
3 3932 3945 3944
3 3932 3237 3945
3 4074 3915 1649
3 3946 3947 3951
3 3950 3948 3949
3 3950 3951 3948
3 3948 3951 3947
3 1651 3956 1652
3 3952 3956 3953
3 3954 1652 3956
3 3955 3956 3952
3 3955 3954 3956
3 2711 3957 2755
3 2711 2858 3957
3 2862 3958 2859
3 23 2859 3958
3 23 3959 2859
3 3962 3960 3961
3 3961 4468 3962
3 4468 4512 3962
3 4625 3964 175
3 4625 3963 3964
3 3965 3964 3963
3 3966 2917 59
3 4086 2956 3063
3 2950 4610 3967
3 2950 3967 1127
3 4070 3968 4072
3 3969 72 3968
3 4072 3968 72
3 3970 72 3969
3 3972 2967 3971
3 2963 2967 3972
3 2967 2963 3973
3 2967 3973 2778
3 3975 3001 3974
3 3975 2999 3001
3 286 3977 287
3 3976 287 3977
3 2997 3976 3977
3 3976 307 287
3 3978 287 307
3 3979 307 3976
3 3009 3007 2988
3 3775 2987 2988
3 3775 2813 2987
3 2813 314 3980
3 2813 3980 2987
3 319 2980 108
3 443 4108 4106
3 3395 464 4661
3 468 3371 3400
3 468 3400 1882
3 436 457 4073
3 456 4073 457
3 4073 456 557
3 3432 3031 3981
3 3432 3981 2212
3 3982 3983 3984
3 3982 3036 3983
3 3985 3984 3983
3 3983 3036 3985
3 839 3046 4064
3 839 4064 3987
3 3986 3987 3988
3 841 3988 3989
3 841 3989 3048
3 842 3048 834
3 854 972 3055
3 854 3055 3051
3 3990 3991 3992
3 1077 3992 3991
3 3992 1077 3064
3 3993 3062 4615
3 1486 3994 1481
3 1457 3994 1494
3 1457 1481 3994
3 3994 1486 3729
3 3995 3997 4673
3 3997 3995 3996
3 3997 3996 3998
3 3999 1489 4000
3 3999 4000 1495
3 3716 4000 1489
3 3716 1495 4000
3 4001 2512 3075
3 3857 1736 3101
3 4002 3231 125
3 4003 4004 130
3 4004 1740 130
3 3113 4005 3230
3 1765 1763 3154
3 1851 3190 3193
3 1851 1768 3190
3 3179 3190 1768
3 3291 3352 4010
3 4006 3336 1752
3 4006 3481 3336
3 3358 3360 2605
3 4076 4007 4008
3 4009 4008 4007
3 4009 1728 4008
3 3362 4010 3363
3 3351 3363 4010
3 4011 4012 3297
3 2600 3297 4012
3 4013 3297 2600
3 1664 3315 3366
3 3328 3339 3325
3 3386 389 4085
3 3385 4014 4084
3 4085 4014 3386
3 4085 4084 4014
3 3387 4014 3385
3 3387 3386 4014
3 3392 4016 3372
3 4015 3372 4016
3 3391 1857 3392
3 4016 3392 1857
3 831 2150 4017
3 831 4017 3416
3 4018 4019 2161
3 2156 2161 4019
3 3414 4019 4018
3 3425 4020 3427
3 2223 3473 4290
3 3456 4021 3464
3 3456 3475 4021
3 3465 3464 4021
3 4021 3468 3471
3 4021 3471 3465
3 2248 2247 4022
3 2248 4022 2253
3 3501 3492 3495
3 4023 1074 1060
3 3487 3484 1726
3 1106 4025 1076
3 1106 4024 4025
3 4094 3610 3603
3 3642 3648 3650
3 3649 3650 3648
3 3681 3620 4026
3 2283 4026 4027
3 3620 4027 4026
3 4028 2283 4027
3 4027 3619 4028
3 3721 3719 4029
3 2548 4029 3719
3 2552 4030 2617
3 2616 2617 4030
3 4030 2619 3707
3 4030 3707 2616
3 4031 3731 4032
3 4031 3733 3731
3 4033 4031 4034
3 4032 4034 4031
3 4036 4033 4037
3 4034 4037 4033
3 3750 4037 4034
3 4035 4036 3752
3 4037 3752 4036
3 3751 3752 4037
3 2766 4035 4038
3 3752 4038 4035
3 4040 4048 3740
3 4039 3739 3738
3 4039 4040 3739
3 3740 3739 4040
3 4041 4039 3738
3 4043 4041 4044
3 3738 4044 4041
3 4042 4043 4044
3 4047 4042 4045
3 4044 4045 4042
3 4046 4045 3741
3 4046 4047 4045
3 4048 3735 3740
3 4046 3741 4049
3 4049 3741 4050
3 3762 4050 3741
3 4051 3864 3760
3 4052 4051 3760
3 3761 3757 3760
3 3760 3757 4052
3 3742 3757 3761
3 3774 3772 3770
3 325 4053 2816
3 3796 2816 4053
3 4053 3797 3796
3 4054 3817 3825
3 3859 3825 3817
3 207 180 3825
3 3818 3811 2797
3 2797 4055 3818
3 3774 3868 2777
3 4083 2713 3871
3 2713 2837 3871
3 3913 3915 4074
3 3921 3953 3940
3 3956 3940 3953
3 3956 1651 3940
3 2717 3947 3946
3 4056 3955 4057
3 3952 4057 3955
3 4058 4059 2880
3 4059 4058 4060
3 4059 4060 2972
3 2935 2936 2961
3 2935 2961 2931
3 4061 3021 3018
3 4062 4063 3040
3 4062 821 4063
3 4064 4062 3041
3 4064 3039 4062
3 3043 4065 3041
3 3987 3041 4065
3 3989 3045 3047
3 3989 4065 3045
3 3230 3229 3227
3 4066 4067 3529
3 4066 3525 4067
3 4068 4050 3764
3 4068 3764 4069
3 3961 3960 4517
3 4512 4656 3962
3 4512 2869 4656
3 4070 4072 4071
3 78 4071 4072
3 558 466 557
3 466 436 4073
3 466 4073 557
3 4074 2843 3913
3 4075 3268 4076
3 4007 4076 3268
3 3315 1664 3305
3 4077 3305 1664
3 4078 2156 2169
3 2169 2156 4019
3 4079 3445 4080
3 4669 4080 3445
3 1653 4056 1656
3 3955 4056 1653
3 4081 2713 4082
3 4082 2713 4083
3 1817 4084 4085
3 1817 4085 389
3 4086 1101 2956
3 4087 2956 1101
3 1673 3339 3345
3 3591 4092 3593
3 3599 4088 2272
3 2272 4088 2317
3 1656 4056 1657
3 4089 4056 3939
3 4089 1657 4056
3 3305 4077 3365
3 1667 3365 4077
3 3593 4092 4090
3 4087 4589 4091
3 4087 1101 4589
3 3124 4005 3113
3 4096 4090 4092
3 3601 3599 4093
3 4093 3599 2272
3 2272 4094 4093
3 3603 4093 4094
3 3603 3601 4093
3 4095 4005 3124
3 4090 4096 4097
3 4099 4095 3124
3 4098 4097 3217
3 3217 4097 4096
3 4095 4099 1835
3 1835 4099 3131
3 2269 4100 4103
3 4101 4100 4102
3 4101 4103 4100
3 4104 4100 2269
3 4104 4102 4100
3 440 4109 439
3 440 4107 4105
3 4106 4105 4107
3 4106 4108 4105
3 4109 440 4105
3 4109 4105 4108
3 2922 4110 4112
3 1088 4111 4110
3 4112 4111 2924
3 4112 4110 4111
3 1086 2924 4111
3 1086 4111 1088
3 4291 4114 3429
3 4291 4113 4114
3 3430 3429 4114
3 3833 4411 4115
3 3833 4409 4411
3 32 4481 4483
3 32 4483 4482
3 32 4116 4665
3 32 4665 4481
3 2863 4665 4116
3 91 4118 4120
3 4118 4117 4659
3 4118 4659 4120
3 4119 4120 4121
3 4119 4121 2866
3 4659 4121 4120
3 4659 2866 4121
3 4122 4512 4468
3 4122 4468 4123
3 4122 4123 14
3 39 4124 2875
3 4129 4124 4125
3 4129 2875 4124
3 2874 4124 39
3 2874 4125 4124
3 4129 4125 4126
3 4126 4127 4129
3 2876 4128 2326
3 2876 4129 4128
3 4127 2326 4128
3 4127 4128 4129
3 2896 2887 4535
3 2896 2899 2887
3 4497 2901 4537
3 2883 4497 2882
3 4537 2882 4497
3 65 4497 2883
3 4130 4131 1115
3 4130 4572 4131
3 4640 4132 4641
3 4133 2927 2926
3 2927 2929 2928
3 2927 4134 2929
3 4135 4621 4577
3 4136 4618 4621
3 4135 4577 4585
3 2223 4137 3029
3 2223 3029 811
3 3026 4137 3429
3 4138 4419 4418
3 4138 4139 4419
3 3099 3097 4418
3 4417 4139 3104
3 3104 4139 4140
3 3110 4418 3097
3 4418 3110 4141
3 4418 4141 4138
3 4144 4139 4138
3 4144 4140 4139
3 4142 4138 4141
3 4140 4144 3119
3 4142 4144 4138
3 4141 3110 4145
3 4141 4145 4142
3 4144 4142 4143
3 4144 4143 3119
3 3116 4145 3110
3 3116 3121 4145
3 4147 4142 4145
3 3119 4143 4148
3 4147 4143 4142
3 4145 3121 4146
3 4145 4146 4147
3 4143 4147 4149
3 4143 4149 4148
3 4147 4150 4149
3 4149 4150 4152
3 4149 4152 4148
3 4153 4146 3121
3 4147 4146 4150
3 4146 4153 4156
3 4146 4156 4150
3 4150 4156 4151
3 3132 4148 4152
3 4150 4151 4152
3 4153 4154 4156
3 3132 4152 3133
3 4156 4154 4155
3 4156 4155 4151
3 4152 4151 3133
3 4158 3133 4151
3 3138 3133 4158
3 4151 4157 4158
3 3136 4155 4154
3 4151 4155 4157
3 3145 4155 3136
3 4160 4157 4155
3 3147 3138 4158
3 4160 4158 4157
3 4155 3145 4162
3 4155 4162 4160
3 4158 4160 4163
3 4158 4163 3147
3 3145 4168 4162
3 4159 4160 4162
3 3147 4163 3149
3 4159 4163 4160
3 4162 4168 4161
3 4162 4161 4159
3 4163 4159 4164
3 4163 4164 3149
3 4165 3149 4164
3 4159 4167 4164
3 4168 3153 4166
3 4159 4161 4167
3 4166 4167 4161
3 4166 4161 4168
3 4164 4167 4169
3 4164 4169 4165
3 4171 4167 4166
3 4171 4169 4167
3 4165 4169 3165
3 3153 3168 4173
3 4173 4166 3153
3 4173 4171 4166
3 3165 4170 3171
3 4170 3165 4169
3 4170 4169 4171
3 4171 4174 4170
3 4171 4172 4174
3 4172 4171 4173
3 4172 4173 3168
3 3175 4172 3168
3 4176 4174 4179
3 4172 3175 4179
3 4172 4179 4174
3 4177 3171 4175
3 4176 4175 4174
3 4170 4174 4175
3 4170 4175 3171
3 4184 4182 4176
3 4175 4176 4182
3 4175 4182 4177
3 3175 4183 4178
3 4184 4176 4178
3 4178 4176 4179
3 4178 4179 3175
3 4180 4177 4182
3 4180 4181 3180
3 4181 4180 4182
3 4181 4182 4184
3 3181 4178 4183
3 4186 4184 4178
3 4186 4181 4184
3 4178 3181 4185
3 4178 4185 4186
3 4187 3180 4188
3 3181 3192 4190
3 4190 4185 3181
3 4190 4186 4185
3 4188 4181 4186
3 4188 3180 4181
3 4191 4186 4190
3 4191 4188 4186
3 4187 4188 3198
3 3192 3199 4189
3 4189 4191 4190
3 4189 4190 3192
3 4194 4188 4191
3 4194 3198 4188
3 4192 4191 4189
3 4192 4193 4191
3 4194 4191 4193
3 4194 4193 3198
3 3198 4193 4196
3 4200 4192 4189
3 4200 4189 3199
3 4195 4192 4200
3 4195 4193 4192
3 4196 4197 4202
3 4197 4196 4193
3 4197 4193 4195
3 3199 4199 4200
3 4199 3205 4198
3 4206 4195 4198
3 4198 4200 4199
3 4198 4195 4200
3 3200 3223 3206
3 3200 3206 4199
3 4206 4201 4195
3 4201 4202 4197
3 4201 4197 4195
3 4204 4202 4201
3 4203 4204 4201
3 4205 4203 4201
3 4205 4201 4206
3 3215 4198 3205
3 3215 4206 4198
3 3216 4334 4209
3 2384 3579 4207
3 3216 4207 4334
3 4208 4207 3216
3 4208 2384 4207
3 3656 4209 3582
3 3656 3216 4209
3 4216 4210 3241
3 4210 3248 4211
3 4210 4211 3241
3 3942 4467 3944
3 3942 4214 4467
3 4479 4213 4289
3 4212 4213 4214
3 4212 4289 4213
3 4466 4214 4213
3 4215 4216 3241
3 4215 3241 3238
3 3250 4215 3238
3 3252 3248 4210
3 4218 4210 4216
3 4218 3252 4210
3 4217 4216 4215
3 3252 4218 3255
3 4217 4218 4216
3 4215 3250 4221
3 4215 4221 4217
3 4218 4217 4224
3 4218 4224 3255
3 4219 4221 3250
3 4219 4225 4221
3 4222 4217 4221
3 3255 4224 4220
3 4222 4224 4217
3 4221 4225 4226
3 4221 4226 4222
3 4224 4222 4223
3 4224 4223 4220
3 4222 4228 4223
3 4223 4228 4231
3 4223 4231 4220
3 3265 4226 4225
3 4222 4226 4228
3 4226 3265 4227
3 4226 4227 4228
3 4228 4227 4229
3 3271 4220 4231
3 4228 4229 4231
3 3265 4230 4227
3 3271 4231 4236
3 4227 4230 4234
3 4227 4234 4229
3 4231 4229 4232
3 4231 4232 4236
3 4229 4234 4233
3 4229 4233 4232
3 3275 4234 4230
3 3275 4235 4234
3 4237 4233 4234
3 4239 4236 4232
3 4237 4232 4233
3 4232 4237 4240
3 4232 4240 4239
3 4234 4235 4238
3 4234 4238 4237
3 4235 4244 4238
3 4241 4237 4238
3 4239 4240 4243
3 4241 4240 4237
3 4238 4244 4247
3 4238 4247 4241
3 4240 4241 4242
3 4240 4242 4243
3 4241 4245 4242
3 4242 4245 4253
3 4242 4253 4243
3 4244 4248 4247
3 4241 4247 4245
3 4246 3288 4243
3 4243 4253 4250
3 4247 4248 4255
3 4247 4255 4245
3 4254 4253 4245
3 4248 4249 4255
3 4254 4245 4255
3 4250 4252 4251
3 4252 4253 4254
3 4252 4250 4253
3 4249 3293 4256
3 4258 4254 4256
3 4256 4254 4255
3 4256 4255 4249
3 4258 4252 4254
3 4260 4251 4259
3 3292 4256 3293
3 4259 4251 4252
3 4259 4252 4258
3 3292 3295 4264
3 4257 4258 4264
3 4264 4258 4256
3 4264 4256 3292
3 4257 4259 4258
3 4262 4260 4261
3 4259 4261 4260
3 4259 4257 4261
3 3306 4262 4261
3 4263 4261 4257
3 3295 3302 4264
3 4263 4257 4264
3 4264 3302 4265
3 4264 4265 4263
3 4261 4263 4267
3 4261 4267 3306
3 3306 4267 4269
3 4266 4263 4265
3 4266 4265 3302
3 3302 3309 4266
3 4268 4263 4266
3 4268 4267 4263
3 4267 4272 4269
3 4267 4268 4272
3 3311 4269 4272
3 4268 4273 4272
3 3309 3316 4270
3 4268 4270 4273
3 4270 4268 4266
3 4270 4266 3309
3 4271 4273 4270
3 4271 4275 4273
3 4275 3311 4272
3 4275 4272 4273
3 3311 4275 4276
3 4275 4271 4274
3 4275 4274 4276
3 3316 3323 4277
3 4277 4270 3316
3 4277 4271 4270
3 4279 4271 4277
3 4279 4274 4271
3 4276 4274 3327
3 4282 4279 4277
3 4282 4277 3323
3 4283 4282 3323
3 3327 4280 4278
3 4274 4279 4280
3 4274 4280 3327
3 4283 4281 4284
3 4285 4279 4284
3 4284 4279 4282
3 4284 4282 4283
3 4285 4288 4279
3 4288 4278 4280
3 4288 4280 4279
3 4286 4285 4284
3 4286 4288 4285
3 3340 4278 4288
3 4287 4284 4281
3 4287 4286 4284
3 3348 4286 4287
3 3348 4287 4281
3 4288 3572 3340
3 4288 4286 3572
3 4212 3355 4289
3 3356 4289 3355
3 4137 2223 3470
3 4290 3470 2223
3 3470 4291 4137
3 4291 3429 4137
3 4508 4292 4510
3 789 3446 4293
3 789 4293 3447
3 3445 4293 3446
3 3445 3447 4293
3 2260 4295 2255
3 4530 4295 4296
3 4522 4294 4530
3 4522 2255 4294
3 4295 4530 4294
3 4295 4294 2255
3 4530 4296 4531
3 4543 2256 3477
3 3342 3483 4298
3 4299 4331 4298
3 3347 4298 4331
3 3347 3342 4298
3 4299 4306 4331
3 3574 4306 3479
3 4297 4299 4298
3 4297 4298 3483
3 3483 3490 4301
3 4307 4299 4301
3 4301 4299 4297
3 4301 4297 3483
3 4307 4306 4299
3 4304 3479 4306
3 4300 4301 3490
3 4307 4301 4303
3 4301 4300 4302
3 4301 4302 4303
3 4304 4305 4313
3 4307 4303 4305
3 4305 4304 4306
3 4305 4306 4307
3 4303 4302 4308
3 4302 4300 4312
3 4302 4312 4308
3 4303 4308 4309
3 4309 4305 4303
3 4309 4313 4305
3 4310 2350 4311
3 4310 4311 4315
3 3498 4311 2350
3 3498 4315 4311
3 4315 4312 4300
3 4313 4318 4319
3 4318 4313 4309
3 4318 4309 4308
3 4308 4312 4314
3 4312 4315 4316
3 4312 4316 4314
3 4308 4314 4318
3 4317 4316 4315
3 4314 4316 4324
3 4316 4317 4325
3 4316 4325 4324
3 4319 4323 4326
3 4314 4324 4323
3 4323 4318 4314
3 4323 4319 4318
3 4329 4320 4317
3 4324 4320 4322
3 4321 4326 4323
3 4324 4322 4323
3 4323 4322 4330
3 4323 4330 4321
3 4320 4325 4317
3 4320 4324 4325
3 4326 4321 4327
3 4326 4327 3505
3 4328 4327 4321
3 4328 3505 4327
3 3513 4330 4322
3 3511 4320 4329
3 3511 4322 4320
3 4330 3516 4321
3 4330 3513 3516
3 4306 3574 4331
3 3573 4331 3574
3 3587 3582 4209
3 4209 4334 4332
3 4209 4332 3587
3 3579 4333 4338
3 4336 4334 4338
3 4338 4334 4207
3 4338 4207 3579
3 3587 4332 3590
3 4336 4332 4334
3 4335 3590 4332
3 4336 4337 4341
3 4333 4339 4340
3 4336 4340 4337
3 4338 4333 4340
3 4338 4340 4336
3 4332 4336 4341
3 4332 4341 4335
3 4339 4346 4340
3 4348 4337 4340
3 4348 4340 4346
3 4341 4337 4342
3 4341 4342 4335
3 4343 4335 4342
3 4342 4349 4344
3 4342 4344 4343
3 4337 4348 4349
3 4337 4349 4342
3 4350 4343 4344
3 4349 4352 4344
3 4344 4352 4355
3 4344 4355 4350
3 4349 4345 4352
3 4346 4347 4348
3 4345 4348 4347
3 4345 4349 4348
3 4351 4352 4345
3 4350 4355 3605
3 4351 4355 4352
3 4353 4345 4347
3 4345 4353 4351
3 4355 4351 4354
3 4355 4354 3605
3 4351 4356 4354
3 4351 4353 4356
3 4357 4356 4353
3 4357 4354 4356
3 4353 4359 4361
3 4353 4361 4357
3 4354 4357 4358
3 4354 4358 3618
3 4358 4357 4362
3 4358 4362 3618
3 3609 4360 4359
3 4360 4361 4359
3 4360 4357 4361
3 3615 4360 3609
3 4357 4360 4367
3 3618 4362 4364
3 4357 4367 4362
3 4360 3615 4366
3 4360 4366 4367
3 4362 4367 4363
3 4362 4363 4364
3 4367 4366 4369
3 4365 4366 3615
3 4365 4369 4366
3 4367 4369 4368
3 4368 4363 4367
3 4368 4364 4363
3 4365 4370 4369
3 4368 4369 4370
3 3784 4373 3789
3 3784 3783 4373
3 4374 4373 3783
3 4371 3789 4373
3 3790 3789 4372
3 3790 4372 4376
3 4371 4372 3789
3 4372 4371 4378
3 4372 4378 4376
3 4374 4379 4375
3 4380 4371 4375
3 4375 4373 4374
3 4375 4371 4373
3 4377 4376 4378
3 4380 4378 4371
3 4377 4382 3810
3 4382 4377 4378
3 4382 4378 4380
3 4379 3801 4381
3 4381 4375 4379
3 4381 4380 4375
3 3821 3810 4382
3 4387 4382 4380
3 4387 4380 4381
3 4394 3821 4384
3 4381 4385 4387
3 4381 3801 4385
3 4382 4384 3821
3 4382 4387 4384
3 4392 4383 4387
3 4384 4387 4383
3 4384 4383 4394
3 4385 4386 4391
3 4392 4387 4391
3 4391 4387 4385
3 3822 4388 4386
3 3822 4054 4388
3 4392 4398 4389
3 4394 4389 4395
3 4389 4394 4383
3 4389 4383 4392
3 4392 4390 4398
3 4386 4388 4390
3 4391 4390 4392
3 4391 4386 4390
3 4393 4395 3827
3 4393 4394 4395
3 4400 4395 4389
3 4389 4398 4400
3 4399 4390 4388
3 4399 3824 4402
3 4399 4402 4396
3 4397 4402 3824
3 4407 4398 4405
3 4399 4396 4405
3 4405 4398 4390
3 4405 4390 4399
3 3832 4400 4406
3 4398 4407 4406
3 4406 4400 4398
3 4401 3832 3829
3 4401 4400 3832
3 3836 4396 4402
3 3836 4402 3835
3 4397 3835 4402
3 4409 3832 4408
3 4396 3836 4403
3 4404 4407 4403
3 4403 4407 4396
3 4396 4407 4405
3 4406 4408 3832
3 4406 4407 4408
3 4408 4407 4404
3 4408 4404 4409
3 4410 4411 4412
3 4403 3853 4412
3 4409 4412 4411
3 4404 4403 4412
3 4413 4403 3836
3 4412 4409 4404
3 4413 3844 4416
3 4416 3853 4403
3 4416 4403 4413
3 4412 3853 4414
3 4412 4414 4410
3 3851 3862 3095
3 3851 3095 3094
3 4417 3862 3852
3 4415 3853 4416
3 4415 4416 3844
3 3854 4410 4414
3 3854 4414 3853
3 3852 4475 4419
3 3852 4419 4417
3 4418 4419 4475
3 4418 4475 3099
3 4421 4420 4428
3 4421 4428 4422
3 3877 4422 4428
3 3865 4423 4424
3 4420 4425 4431
3 4424 4425 3865
3 4424 4431 4425
3 3759 3865 4425
3 4421 4426 4420
3 4421 3759 4426
3 4425 4420 4426
3 4425 4426 3759
3 3886 4430 4427
3 3877 4427 4430
3 4420 4431 4427
3 4428 4427 3877
3 4428 4420 4427
3 4429 4424 4423
3 3889 4430 3886
3 3889 3876 4430
3 4432 4431 4424
3 4427 4431 4435
3 4427 4435 3886
3 3886 4435 3895
3 4434 4435 4432
3 4431 4432 4435
3 4433 4424 4429
3 4433 4432 4424
3 3893 4429 3882
3 3893 3892 4429
3 3892 4433 4429
3 4434 4432 4438
3 4433 3892 4438
3 4433 4438 4432
3 4434 4440 4436
3 4434 4438 4440
3 4435 4436 3895
3 4435 4434 4436
3 3895 4436 3901
3 4437 4438 3892
3 4444 4441 4440
3 4438 4437 4439
3 4438 4439 4440
3 4436 4440 4441
3 4436 4441 3901
3 3902 3901 4441
3 4437 4450 4439
3 4440 4439 4444
3 4441 4444 4443
3 4441 4443 3902
3 4447 4442 3907
3 4447 4450 4442
3 4442 4450 3897
3 4445 3902 4443
3 4446 4443 4444
3 4446 4444 4449
3 4439 4450 4449
3 4439 4449 4444
3 4446 4456 4451
3 4445 4451 4452
3 4446 4448 4456
3 4450 4447 4448
3 4448 4446 4449
3 4448 4449 4450
3 4443 4451 4445
3 4443 4446 4451
3 4452 3912 3906
3 4452 3906 4445
3 3916 4452 4451
3 4451 4456 3916
3 4453 4448 4447
3 4448 4453 4456
3 4456 4455 3916
3 3916 4455 4461
3 4453 4454 4457
3 4457 4455 4456
3 4457 4456 4453
3 3916 4461 4458
3 3916 4458 3922
3 3923 3922 4458
3 4454 4459 4457
3 4464 4455 4457
3 4455 4464 4461
3 4457 4459 4477
3 4457 4477 4464
3 4460 4477 4459
3 4480 4476 4463
3 4461 4463 4476
3 4461 4464 4463
3 4462 4465 4464
3 4463 4465 4480
3 4463 4464 4465
3 4460 3927 4467
3 3932 4467 3927
3 4479 4480 4465
3 4462 4466 4465
3 4467 4462 4460
3 4462 4467 4466
3 4465 4466 4479
3 4478 3929 4480
3 4466 4467 4214
3 4213 4479 4466
3 17 14 4470
3 4468 3961 4470
3 18 17 4469
3 3961 4517 4469
3 4470 3961 4469
3 4470 4469 17
3 4470 4123 4468
3 4470 14 4123
3 4471 4586 178
3 4471 4482 4472
3 4481 4473 4472
3 4472 4586 4471
3 4472 4473 4586
3 4469 4517 4474
3 4469 4474 18
3 2873 18 4474
3 2909 2943 4520
3 4239 4243 3288
3 3476 4486 2260
3 4295 4486 4296
3 4295 2260 4486
3 3854 3852 3862
3 4415 3855 4475
3 3855 3099 4475
3 3925 3923 4476
3 4476 3923 4458
3 4476 4458 4461
3 4477 4462 4464
3 4477 4460 4462
3 4289 4478 4479
3 4480 4479 4478
3 4472 4483 4481
3 4472 4482 4483
3 3273 4239 3280
3 3288 3280 4239
3 40 4485 4484
3 40 4296 4485
3 3476 4484 4485
3 4486 4485 4296
3 4486 3476 4485
3 4487 4478 3356
3 3356 4478 4289
3 4419 4139 4417
3 4517 3960 4488
3 19 4515 4489
3 4488 4489 4515
3 4488 4518 4489
3 4489 4490 19
3 4489 4518 4490
3 4491 19 4495
3 4490 4495 19
3 4490 4492 4495
3 438 439 4109
3 438 4109 4493
3 3374 4493 4109
3 4494 1527 4501
3 4501 4576 1551
3 4501 1551 4494
3 3437 4542 4509
3 4496 4491 4495
3 4496 4495 4492
3 29 4649 4559
3 2889 2907 4498
3 2889 4498 4497
3 2902 4498 2907
3 2902 4497 4498
3 2917 3966 4499
3 4523 2917 4524
3 4499 4524 2917
3 4499 4525 4524
3 4561 4500 4548
3 4136 4627 4618
3 46 4574 4575
3 4501 1527 4575
3 4504 4502 4503
3 4504 4505 4502
3 4507 4502 4505
3 4502 4571 4503
3 4502 4507 4571
3 3388 3380 4506
3 4571 4507 4506
3 433 3388 4506
3 433 4506 4507
3 4292 4508 3435
3 3435 4509 4292
3 3435 3437 4509
3 4510 4292 4531
3 4122 2879 4511
3 4122 4511 4512
3 2869 4511 2879
3 2869 4512 4511
3 4488 4515 4516
3 4488 4516 4517
3 4513 2873 4514
3 4513 4514 4515
3 4516 4514 2873
3 4516 4515 4514
3 4516 2873 4474
3 4516 4474 4517
3 4490 2874 4492
3 4490 4518 2874
3 2899 2888 2887
3 2943 2944 4526
3 57 4526 2944
3 2943 4519 4520
3 4526 4525 2943
3 4519 2943 4525
3 4641 4132 4580
3 3437 3436 4521
3 3437 4521 4542
3 3439 4521 3436
3 3439 4542 4521
3 4522 4532 3478
3 4530 4532 4522
3 4499 4519 4525
3 2915 4523 4524
3 57 2915 4524
3 4524 4525 4526
3 4524 4526 57
3 4527 46 4575
3 4527 4575 1527
3 3395 4661 3023
3 3025 3023 4661
3 3715 1498 4579
3 4528 4540 4529
3 4528 4529 1120
3 2951 1120 4529
3 4530 4531 4532
3 4531 4554 4532
3 4531 4292 4554
3 4534 4533 4541
3 4554 4533 4532
3 4554 4541 4533
3 3478 4533 4534
3 3478 4532 4533
3 4535 2887 4537
3 4538 2882 4536
3 4537 4536 2882
3 4537 2887 4536
3 4536 4539 4538
3 4536 2887 4539
3 4529 4540 4606
3 4529 4606 2951
3 4541 4544 3477
3 4541 4509 4544
3 4543 3477 4544
3 4542 4543 4544
3 4542 4544 4509
3 4545 4061 4662
3 4583 4061 4545
3 4546 4547 4549
3 4546 4549 4548
3 1713 4549 4547
3 1711 4549 1713
3 1711 2918 4549
3 4550 4562 2918
3 4549 2918 4562
3 4549 4562 4548
3 4564 4551 4616
3 1550 4576 4552
3 1550 4552 4553
3 4564 4552 4576
3 4564 4553 4552
3 4509 4541 4555
3 4509 4555 4292
3 4554 4555 4541
3 4554 4292 4555
3 4556 4557 4558
3 4559 4587 4557
3 4559 4557 28
3 4581 4561 4560
3 4548 4563 4561
3 4560 4563 4550
3 4560 4561 4563
3 4563 4562 4550
3 4563 4548 4562
3 4576 4565 4564
3 4551 4565 4577
3 4551 4564 4565
3 4548 4568 4546
3 4548 4500 4568
3 4569 4568 4500
3 4584 4546 4566
3 4546 4568 4566
3 4567 4566 4569
3 4568 4569 4566
3 55 4566 4567
3 4571 4570 4503
3 4506 4570 4571
3 4506 3380 4570
3 4641 4580 4623
3 4572 4641 4573
3 4572 4573 4131
3 4623 4573 4641
3 4574 4585 4575
3 4501 4575 4578
3 4585 4578 4575
3 4585 4577 4578
3 4501 4565 4576
3 4565 4578 4577
3 4565 4501 4578
3 3078 4666 4579
3 47 60 4546
3 4547 4546 60
3 4584 47 4546
3 4623 4580 4596
3 4582 4595 4580
3 4596 4580 4595
3 4581 4598 4582
3 4595 4582 4598
3 4560 4598 4581
3 3021 4061 4583
3 2917 47 4584
3 4584 4566 55
3 2937 4585 4574
3 4557 4556 4586
3 178 4586 4556
3 28 4557 4586
3 3963 4625 4658
3 4625 4587 4658
3 4588 4091 4590
3 4589 4590 4091
3 4589 1104 4590
3 4637 4590 1104
3 4590 4637 4588
3 4608 4591 4592
3 4594 1115 4593
3 4131 4593 1115
3 4593 4597 4594
3 4573 4593 4131
3 4573 4623 4593
3 4594 4597 4599
3 4595 4597 4596
3 4597 4595 4598
3 4597 4598 4599
3 4550 4599 4560
3 4560 4599 4598
3 4601 4600 4604
3 4603 4604 4600
3 4604 1104 4601
3 4604 4637 1104
3 2946 4602 4638
3 4603 2946 4605
3 4638 4605 2946
3 4638 4637 4605
3 4605 4604 4603
3 4605 4637 4604
3 4608 4607 4591
3 4606 4607 2951
3 4606 4591 4607
3 4611 4609 4608
3 4607 4608 4609
3 4607 4609 2951
3 4610 2951 4609
3 4610 4609 4611
3 4091 4612 4087
3 2956 4612 4647
3 2956 4087 4612
3 3067 4616 4613
3 3067 4613 4540
3 4628 4613 4616
3 4628 4540 4613
3 4615 2956 4614
3 4615 4614 4639
3 4647 4614 2956
3 4551 4617 4616
3 4628 4617 4618
3 4628 4616 4617
3 4619 4633 4634
3 4091 4588 4620
3 4612 4620 4647
3 4612 4091 4620
3 4621 4622 4577
3 4621 4618 4622
3 4551 4577 4622
3 4617 4622 4618
3 4617 4551 4622
3 4593 4596 4597
3 4593 4623 4596
3 4602 4619 4624
3 4634 4624 4619
3 4624 4638 4602
3 4625 4558 4587
3 4557 4587 4558
3 4592 4591 4627
3 4628 4618 4626
3 4627 4626 4618
3 4627 4591 4626
3 4540 4628 4629
3 4626 4629 4628
3 4626 4591 4629
3 4606 4540 4629
3 4606 4629 4591
3 4633 4630 4631
3 4632 4631 4630
3 4631 4632 4648
3 4634 4633 4636
3 4631 4636 4633
3 4631 4647 4636
3 4620 4635 4647
3 4620 4634 4635
3 4636 4647 4635
3 4636 4635 4634
3 4620 4588 4624
3 4620 4624 4634
3 4637 4638 4588
3 4638 4624 4588
3 4639 4648 4632
3 4639 4614 4648
3 4572 4632 4641
3 4572 4639 4632
3 4640 4641 4632
3 4644 4658 4587
3 4642 4643 4645
3 4644 4645 4643
3 4644 4587 4645
3 4649 4642 4645
3 4614 4647 4646
3 4614 4646 4648
3 4631 4646 4647
3 4631 4648 4646
3 4559 4649 4645
3 4559 4645 4587
3 4117 37 36
3 2869 4657 4656
3 4117 4650 4653
3 4117 36 4650
3 4651 4652 199
3 20 4652 36
3 20 199 4652
3 4650 36 4652
3 198 4653 4654
3 198 4654 4651
3 4650 4654 4653
3 4117 4653 4659
3 1452 4655 1453
3 1482 1453 4671
3 4655 4671 1453
3 1457 4655 1452
3 4643 4656 4644
3 4658 4644 4656
3 4657 4658 4656
3 4654 4652 4651
3 4654 4650 4652
3 4653 2865 4660
3 4653 4660 4659
3 2866 4660 2865
3 2866 4659 4660
3 4661 4662 3025
3 4061 3025 4662
3 3018 3024 4061
3 3024 3025 4061
3 2925 4663 4133
3 62 2927 4663
3 4133 4663 2927
3 4134 2927 62
3 4664 4473 2863
3 4665 2863 4481
3 4473 4481 2863
3 86 70 2895
3 2958 2897 70
3 2895 70 2897
3 3715 4579 1459
3 4666 1459 4579
3 1497 4672 4667
3 1496 4667 4675
3 4672 4675 4667
3 3079 4668 1460
3 1504 1460 4668
3 3445 3444 4669
3 3439 3436 3444
3 4669 3444 3436
3 3997 4676 4673
3 3998 4676 3997
3 1868 3024 4670
3 4670 3024 3401
3 3401 3024 3018
3 1497 1482 4671
3 4671 4672 1497
3 4673 4676 4674
3 3068 4675 4676
3 4675 4674 4676
3 3078 1487 3998
3 2521 3714 1487
3 3714 3712 1487
3 3998 1487 3712
3 3712 4676 3998
3 4579 1498 3078
3 1498 1487 3078
