solid Patellar Button_simpl05_backing 
  facet normal 1.261523e-04 -9.633583e-01 2.682176e-01
    outer loop
      vertex 2.170244e-03 2.950855e-03 9.840889e-03
      vertex 4.316274e-03 2.877367e-03 9.575933e-03
      vertex 4.318944e-03 2.965156e-03 9.891240e-03
    endloop
  endfacet
  facet normal -3.430936e-03 -3.893295e-01 9.210922e-01
    outer loop
      vertex 2.447630e-03 4.427485e-03 1.134462e-02
      vertex 2.376251e-03 4.153026e-03 1.122834e-02
      vertex 4.317346e-03 4.315237e-03 1.130414e-02
    endloop
  endfacet
  facet normal -5.836882e-03 3.390968e-01 9.407334e-01
    outer loop
      vertex 4.318824e-03 6.059942e-03 1.134610e-02
      vertex 3.030654e-03 6.170959e-03 1.129809e-02
      vertex 2.557818e-03 5.894101e-03 1.139495e-02
    endloop
  endfacet
  facet normal -1.625140e-03 -9.874249e-01 1.580804e-01
    outer loop
      vertex 2.386228e-03 2.869110e-03 9.522312e-03
      vertex 4.476548e-04 2.895897e-03 9.669705e-03
      vertex 5.313976e-04 2.830410e-03 9.261511e-03
    endloop
  endfacet
  facet normal 3.447197e-04 -9.285746e-01 3.711455e-01
    outer loop
      vertex 2.170244e-03 2.950855e-03 9.840889e-03
      vertex 2.517318e-03 3.044294e-03 1.007434e-02
      vertex 4.104699e-04 3.071859e-03 1.014526e-02
    endloop
  endfacet
  facet normal 1.573387e-04 -8.518065e-01 5.238565e-01
    outer loop
      vertex 4.100994e-04 3.300822e-03 1.051756e-02
      vertex 4.104699e-04 3.071859e-03 1.014526e-02
      vertex 2.246468e-03 3.270792e-03 1.046818e-02
    endloop
  endfacet
  facet normal 5.558460e-03 -8.651989e-01 5.013981e-01
    outer loop
      vertex 4.104699e-04 3.071859e-03 1.014526e-02
      vertex 2.517318e-03 3.044294e-03 1.007434e-02
      vertex 2.246468e-03 3.270792e-03 1.046818e-02
    endloop
  endfacet
  facet normal 4.644091e-03 -7.683817e-01 6.399750e-01
    outer loop
      vertex 4.100994e-04 3.300822e-03 1.051756e-02
      vertex 2.246468e-03 3.270792e-03 1.046818e-02
      vertex 2.260625e-03 3.507925e-03 1.075279e-02
    endloop
  endfacet
  facet normal 3.560297e-03 -5.978733e-01 8.015827e-01
    outer loop
      vertex 4.148034e-04 3.665340e-03 1.091348e-02
      vertex 2.498287e-03 3.679717e-03 1.091495e-02
      vertex 2.847146e-03 3.915668e-03 1.108939e-02
    endloop
  endfacet
  facet normal 4.247179e-03 -6.895090e-01 7.242647e-01
    outer loop
      vertex 2.498287e-03 3.679717e-03 1.091495e-02
      vertex 4.148034e-04 3.665340e-03 1.091348e-02
      vertex 2.260625e-03 3.507925e-03 1.075279e-02
    endloop
  endfacet
  facet normal 7.687167e-04 -2.847749e-01 9.585941e-01
    outer loop
      vertex 2.637725e-03 4.703841e-03 1.142656e-02
      vertex 4.107260e-04 4.777908e-03 1.145035e-02
      vertex 2.447630e-03 4.427485e-03 1.134462e-02
    endloop
  endfacet
  facet normal 5.157546e-03 -1.618733e-01 9.867981e-01
    outer loop
      vertex 2.637725e-03 4.703841e-03 1.142656e-02
      vertex 2.846927e-03 5.017947e-03 1.147700e-02
      vertex 4.107260e-04 4.777908e-03 1.145035e-02
    endloop
  endfacet
  facet normal -5.351918e-03 -5.649715e-02 9.983884e-01
    outer loop
      vertex 2.846927e-03 5.017947e-03 1.147700e-02
      vertex 2.459321e-03 5.216317e-03 1.148614e-02
      vertex 4.107260e-04 4.777908e-03 1.145035e-02
    endloop
  endfacet
  facet normal 1.491576e-03 5.317551e-01 8.468969e-01
    outer loop
      vertex 4.121906e-04 6.756057e-03 1.095929e-02
      vertex 6.456453e-04 6.304777e-03 1.124223e-02
      vertex 2.421494e-03 6.694670e-03 1.099430e-02
    endloop
  endfacet
  facet normal 6.651284e-03 6.506946e-01 7.593104e-01
    outer loop
      vertex 4.121906e-04 6.756057e-03 1.095929e-02
      vertex 2.421494e-03 6.694670e-03 1.099430e-02
      vertex 2.478510e-03 6.934247e-03 1.078849e-02
    endloop
  endfacet
  facet normal 5.936076e-03 8.201153e-01 5.721675e-01
    outer loop
      vertex 1.665868e-03 7.266607e-03 1.038065e-02
      vertex 4.001581e-04 7.170455e-03 1.053160e-02
      vertex 2.749424e-03 7.107812e-03 1.059701e-02
    endloop
  endfacet
  facet normal -2.507281e-03 9.987814e-01 4.928967e-02
    outer loop
      vertex 2.353009e-03 7.649927e-03 9.113459e-03
      vertex 2.821910e-03 7.642587e-03 9.286054e-03
      vertex 4.319726e-03 7.651169e-03 9.188332e-03
    endloop
  endfacet
  facet normal 2.881864e-03 9.913467e-01 1.312378e-01
    outer loop
      vertex 4.319726e-03 7.651169e-03 9.188332e-03
      vertex 2.821910e-03 7.642587e-03 9.286054e-03
      vertex 4.316698e-03 7.599517e-03 9.578571e-03
    endloop
  endfacet
  facet normal 2.906132e-03 6.684524e-01 7.437493e-01
    outer loop
      vertex 4.317975e-03 7.027474e-03 1.069751e-02
      vertex 2.478510e-03 6.934247e-03 1.078849e-02
      vertex 4.320496e-03 6.672071e-03 1.101693e-02
    endloop
  endfacet
  facet normal 1.135894e-03 5.335103e-01 8.457928e-01
    outer loop
      vertex 4.320496e-03 6.672071e-03 1.101693e-02
      vertex 2.506640e-03 6.433068e-03 1.117012e-02
      vertex 4.317980e-03 6.388699e-03 1.119568e-02
    endloop
  endfacet
  facet normal 1.966552e-03 4.160636e-01 9.093334e-01
    outer loop
      vertex 4.317980e-03 6.388699e-03 1.119568e-02
      vertex 3.030654e-03 6.170959e-03 1.129809e-02
      vertex 4.318824e-03 6.059942e-03 1.134610e-02
    endloop
  endfacet
  facet normal 3.502251e-03 2.481696e-01 9.687103e-01
    outer loop
      vertex 4.318824e-03 6.059942e-03 1.134610e-02
      vertex 2.557818e-03 5.894101e-03 1.139495e-02
      vertex 4.317849e-03 5.608871e-03 1.146166e-02
    endloop
  endfacet
  facet normal 2.964796e-03 4.826545e-02 9.988301e-01
    outer loop
      vertex 4.317849e-03 5.608871e-03 1.146166e-02
      vertex 2.459321e-03 5.216317e-03 1.148614e-02
      vertex 4.320279e-03 5.116431e-03 1.148545e-02
    endloop
  endfacet
  facet normal 4.034907e-03 -1.452585e-01 9.893855e-01
    outer loop
      vertex 4.320279e-03 5.116431e-03 1.148545e-02
      vertex 2.846927e-03 5.017947e-03 1.147700e-02
      vertex 4.318269e-03 4.645634e-03 1.141633e-02
    endloop
  endfacet
  facet normal 2.097795e-03 -4.438178e-01 8.961146e-01
    outer loop
      vertex 4.317346e-03 4.315237e-03 1.130414e-02
      vertex 2.376251e-03 4.153026e-03 1.122834e-02
      vertex 4.316971e-03 3.993644e-03 1.114486e-02
    endloop
  endfacet
  facet normal 4.285593e-04 -5.850604e-01 8.109896e-01
    outer loop
      vertex 4.316971e-03 3.993644e-03 1.114486e-02
      vertex 2.847146e-03 3.915668e-03 1.108939e-02
      vertex 4.318023e-03 3.704314e-03 1.093613e-02
    endloop
  endfacet
  facet normal 4.920051e-04 -6.851572e-01 7.283950e-01
    outer loop
      vertex 4.318023e-03 3.704314e-03 1.093613e-02
      vertex 2.260625e-03 3.507925e-03 1.075279e-02
      vertex 4.319561e-03 3.455156e-03 1.070177e-02
    endloop
  endfacet
  facet normal 4.682080e-03 -7.887448e-01 6.147029e-01
    outer loop
      vertex 4.319561e-03 3.455156e-03 1.070177e-02
      vertex 3.229559e-03 3.377686e-03 1.061066e-02
      vertex 4.317859e-03 3.237950e-03 1.042307e-02
    endloop
  endfacet
  facet normal 2.508368e-03 -9.087047e-01 4.174321e-01
    outer loop
      vertex 4.316605e-03 3.126663e-03 1.024284e-02
      vertex 2.517318e-03 3.044294e-03 1.007434e-02
      vertex 4.318944e-03 2.965156e-03 9.891240e-03
    endloop
  endfacet
  facet normal 2.170488e-03 3.182090e-01 9.480181e-01
    outer loop
      vertex 3.540409e-04 5.781710e-03 1.143772e-02
      vertex 2.557818e-03 5.894101e-03 1.139495e-02
      vertex 4.157563e-04 6.157159e-03 1.131156e-02
    endloop
  endfacet
  facet normal -6.133903e-03 8.659229e-01 5.001399e-01
    outer loop
      vertex 4.001581e-04 7.170455e-03 1.053160e-02
      vertex 1.665868e-03 7.266607e-03 1.038065e-02
      vertex 4.532788e-04 7.451858e-03 1.004504e-02
    endloop
  endfacet
  facet normal -4.528659e-03 -9.379643e-01 3.467024e-01
    outer loop
      vertex 4.476548e-04 2.895897e-03 9.669705e-03
      vertex 2.170244e-03 2.950855e-03 9.840889e-03
      vertex 4.104699e-04 3.071859e-03 1.014526e-02
    endloop
  endfacet
  facet normal -3.771104e-03 -7.356461e-01 6.773555e-01
    outer loop
      vertex 4.100994e-04 3.300822e-03 1.051756e-02
      vertex 2.260625e-03 3.507925e-03 1.075279e-02
      vertex 4.148034e-04 3.665340e-03 1.091348e-02
    endloop
  endfacet
  facet normal -9.984673e-04 -5.684358e-01 8.227270e-01
    outer loop
      vertex 2.847146e-03 3.915668e-03 1.108939e-02
      vertex 4.379188e-04 4.050685e-03 1.117975e-02
      vertex 4.148034e-04 3.665340e-03 1.091348e-02
    endloop
  endfacet
  facet normal -1.736092e-04 -2.897978e-01 9.570879e-01
    outer loop
      vertex 4.480193e-04 4.367158e-03 1.132599e-02
      vertex 2.447630e-03 4.427485e-03 1.134462e-02
      vertex 4.107260e-04 4.777908e-03 1.145035e-02
    endloop
  endfacet
  facet normal -2.809856e-03 -6.831621e-02 9.976598e-01
    outer loop
      vertex 4.107260e-04 4.777908e-03 1.145035e-02
      vertex 2.459321e-03 5.216317e-03 1.148614e-02
      vertex 4.106724e-04 5.334296e-03 1.148845e-02
    endloop
  endfacet
  facet normal 2.747916e-04 1.127031e-01 9.936287e-01
    outer loop
      vertex 4.106724e-04 5.334296e-03 1.148845e-02
      vertex 2.364337e-03 5.619782e-03 1.145553e-02
      vertex 3.540409e-04 5.781710e-03 1.143772e-02
    endloop
  endfacet
  facet normal 8.260035e-03 2.100805e-01 9.776492e-01
    outer loop
      vertex 2.364337e-03 5.619782e-03 1.145553e-02
      vertex 2.557818e-03 5.894101e-03 1.139495e-02
      vertex 3.540409e-04 5.781710e-03 1.143772e-02
    endloop
  endfacet
  facet normal -4.403250e-03 7.181144e-01 6.959112e-01
    outer loop
      vertex 2.478510e-03 6.934247e-03 1.078849e-02
      vertex 4.001581e-04 7.170455e-03 1.053160e-02
      vertex 4.121906e-04 6.756057e-03 1.095929e-02
    endloop
  endfacet
  facet normal 2.753871e-03 9.933824e-01 1.148212e-01
    outer loop
      vertex 4.133933e-04 7.597481e-03 9.613717e-03
      vertex 2.353009e-03 7.649927e-03 9.113459e-03
      vertex 4.033224e-04 7.662315e-03 9.053042e-03
    endloop
  endfacet
  facet normal 2.800542e-03 -9.984069e-01 -5.635381e-02
    outer loop
      vertex 2.426070e-03 2.825429e-03 9.073781e-03
      vertex 4.317580e-03 2.852058e-03 8.695993e-03
      vertex 4.318915e-03 2.824075e-03 9.191835e-03
    endloop
  endfacet
  facet normal -3.332065e-03 -9.309208e-01 -3.652059e-01
    outer loop
      vertex 2.949739e-03 3.031260e-03 8.099840e-03
      vertex 4.318824e-03 2.966437e-03 8.252584e-03
      vertex 2.486408e-03 2.946769e-03 8.319437e-03
    endloop
  endfacet
  facet normal -2.057679e-04 -6.928448e-01 -7.210867e-01
    outer loop
      vertex 4.319561e-03 3.455149e-03 7.445804e-03
      vertex 2.299171e-03 3.481902e-03 7.420675e-03
      vertex 2.398110e-03 3.657186e-03 7.252229e-03
    endloop
  endfacet
  facet normal -1.060655e-03 -2.660637e-01 -9.639549e-01
    outer loop
      vertex 4.317172e-03 4.405175e-03 6.805062e-03
      vertex 2.388142e-03 4.460595e-03 6.791888e-03
      vertex 2.277797e-03 4.756111e-03 6.710443e-03
    endloop
  endfacet
  facet normal 1.110824e-03 1.314242e-01 -9.913256e-01
    outer loop
      vertex 2.219852e-03 5.645977e-03 6.695871e-03
      vertex 4.317762e-03 5.714521e-03 6.707309e-03
      vertex 4.322073e-03 5.379378e-03 6.662883e-03
    endloop
  endfacet
  facet normal 1.103442e-03 7.870878e-01 -6.168400e-01
    outer loop
      vertex 2.267356e-03 7.209427e-03 7.682154e-03
      vertex 4.316097e-03 7.246347e-03 7.732930e-03
      vertex 2.488393e-03 7.060919e-03 7.493054e-03
    endloop
  endfacet
  facet normal -1.065346e-03 -9.415984e-01 -3.367363e-01
    outer loop
      vertex 4.052293e-04 3.026141e-03 8.104076e-03
      vertex 2.486408e-03 2.946769e-03 8.319437e-03
      vertex 4.470337e-04 2.909513e-03 8.430066e-03
    endloop
  endfacet
  facet normal 1.055973e-04 -8.883779e-01 -4.591130e-01
    outer loop
      vertex 2.486408e-03 3.142666e-03 7.879082e-03
      vertex 4.052293e-04 3.026141e-03 8.104076e-03
      vertex 4.111376e-04 3.174109e-03 7.817762e-03
    endloop
  endfacet
  facet normal -4.499133e-03 -7.949744e-01 -6.066263e-01
    outer loop
      vertex 4.162277e-04 3.513300e-03 7.373220e-03
      vertex 2.270939e-03 3.316055e-03 7.617950e-03
      vertex 4.111376e-04 3.174109e-03 7.817762e-03
    endloop
  endfacet
  facet normal -4.227770e-03 -6.088320e-01 -7.932879e-01
    outer loop
      vertex 4.162277e-04 3.513300e-03 7.373220e-03
      vertex 2.358850e-03 3.869992e-03 7.089113e-03
      vertex 2.398110e-03 3.657186e-03 7.252229e-03
    endloop
  endfacet
  facet normal 6.539063e-03 -6.948068e-01 -7.191667e-01
    outer loop
      vertex 4.162277e-04 3.513300e-03 7.373220e-03
      vertex 2.398110e-03 3.657186e-03 7.252229e-03
      vertex 2.299171e-03 3.481902e-03 7.420675e-03
    endloop
  endfacet
  facet normal -1.362003e-03 -4.927488e-01 -8.701705e-01
    outer loop
      vertex 2.035776e-03 4.116123e-03 6.939620e-03
      vertex 4.028272e-04 3.844587e-03 7.095937e-03
      vertex 4.059254e-04 4.255860e-03 6.863042e-03
    endloop
  endfacet
  facet normal 5.692220e-03 -2.637155e-01 -9.645837e-01
    outer loop
      vertex 4.069544e-04 4.642348e-03 6.730506e-03
      vertex 2.277797e-03 4.756111e-03 6.710443e-03
      vertex 2.388142e-03 4.460595e-03 6.791888e-03
    endloop
  endfacet
  facet normal 9.014578e-03 -1.020404e-01 -9.947394e-01
    outer loop
      vertex 4.005244e-04 5.118181e-03 6.656290e-03
      vertex 1.547858e-03 5.129360e-03 6.665541e-03
      vertex 2.277797e-03 4.756111e-03 6.710443e-03
    endloop
  endfacet
  facet normal -1.223586e-03 -1.541233e-01 -9.880509e-01
    outer loop
      vertex 4.005244e-04 5.118181e-03 6.656290e-03
      vertex 2.277797e-03 4.756111e-03 6.710443e-03
      vertex 4.069544e-04 4.642348e-03 6.730506e-03
    endloop
  endfacet
  facet normal 7.964516e-03 1.001156e-02 -9.999182e-01
    outer loop
      vertex 4.005244e-04 5.118181e-03 6.656290e-03
      vertex 1.469632e-03 5.416904e-03 6.667797e-03
      vertex 1.547858e-03 5.129360e-03 6.665541e-03
    endloop
  endfacet
  facet normal 2.208129e-03 4.089497e-01 -9.125542e-01
    outer loop
      vertex 4.137366e-04 6.407766e-03 6.957129e-03
      vertex 2.486413e-03 6.371144e-03 6.945733e-03
      vertex 4.187734e-04 6.059360e-03 6.801008e-03
    endloop
  endfacet
  facet normal -3.758461e-03 8.084183e-01 -5.885964e-01
    outer loop
      vertex 4.033464e-04 7.336686e-03 7.868843e-03
      vertex 2.267356e-03 7.209427e-03 7.682154e-03
      vertex 4.121810e-04 7.033436e-03 7.452283e-03
    endloop
  endfacet
  facet normal 1.681712e-03 7.874149e-01 -6.164210e-01
    outer loop
      vertex 4.121810e-04 7.033436e-03 7.452283e-03
      vertex 2.267356e-03 7.209427e-03 7.682154e-03
      vertex 2.488393e-03 7.060919e-03 7.493054e-03
    endloop
  endfacet
  facet normal 1.978656e-03 9.639516e-01 -2.660702e-01
    outer loop
      vertex 4.450524e-04 7.608542e-03 8.609132e-03
      vertex 2.386230e-03 7.606837e-03 8.617392e-03
      vertex 2.406922e-03 7.504500e-03 8.246785e-03
    endloop
  endfacet
  facet normal -3.027369e-03 9.927043e-01 -1.205365e-01
    outer loop
      vertex 4.033224e-04 7.662315e-03 9.053042e-03
      vertex 1.644579e-03 7.644872e-03 8.878206e-03
      vertex 4.450524e-04 7.608542e-03 8.609132e-03
    endloop
  endfacet
  facet normal 1.466136e-03 9.901194e-01 -1.402194e-01
    outer loop
      vertex 1.644579e-03 7.644872e-03 8.878206e-03
      vertex 2.386230e-03 7.606837e-03 8.617392e-03
      vertex 4.450524e-04 7.608542e-03 8.609132e-03
    endloop
  endfacet
  facet normal 7.734349e-03 9.989679e-01 -4.475814e-02
    outer loop
      vertex 4.033224e-04 7.662315e-03 9.053042e-03
      vertex 2.353009e-03 7.649927e-03 9.113459e-03
      vertex 1.644579e-03 7.644872e-03 8.878206e-03
    endloop
  endfacet
  facet normal -4.729030e-03 -9.997641e-01 -2.119993e-02
    outer loop
      vertex 2.426070e-03 2.825429e-03 9.073781e-03
      vertex 5.313976e-04 2.830410e-03 9.261511e-03
      vertex 5.342066e-04 2.840417e-03 8.788981e-03
    endloop
  endfacet
  facet normal -5.364731e-03 5.765438e-02 -9.983222e-01
    outer loop
      vertex 1.469632e-03 5.416904e-03 6.667797e-03
      vertex 4.005244e-04 5.118181e-03 6.656290e-03
      vertex 4.109368e-04 5.630589e-03 6.685826e-03
    endloop
  endfacet
  facet normal 3.156393e-03 2.593785e-01 -9.657706e-01
    outer loop
      vertex 2.219852e-03 5.645977e-03 6.695871e-03
      vertex 4.109368e-04 5.630589e-03 6.685826e-03
      vertex 4.187734e-04 6.059360e-03 6.801008e-03
    endloop
  endfacet
  facet normal -3.589127e-03 6.667465e-01 -7.452760e-01
    outer loop
      vertex 2.329841e-03 6.860710e-03 7.288521e-03
      vertex 4.157273e-04 6.675706e-03 7.132230e-03
      vertex 4.121810e-04 7.033436e-03 7.452283e-03
    endloop
  endfacet
  facet normal 4.616095e-03 9.403721e-01 -3.401162e-01
    outer loop
      vertex 2.406922e-03 7.504500e-03 8.246785e-03
      vertex 4.319565e-03 7.585320e-03 8.496200e-03
      vertex 4.320765e-03 7.414975e-03 8.025237e-03
    endloop
  endfacet
  facet normal 4.355650e-03 6.684576e-01 -7.437375e-01
    outer loop
      vertex 2.329841e-03 6.860710e-03 7.288521e-03
      vertex 4.317976e-03 7.027478e-03 7.450053e-03
      vertex 4.320496e-03 6.672072e-03 7.130636e-03
    endloop
  endfacet
  facet normal -2.271776e-03 5.335278e-01 -8.457795e-01
    outer loop
      vertex 2.486413e-03 6.371144e-03 6.945733e-03
      vertex 4.320496e-03 6.672072e-03 7.130636e-03
      vertex 4.317981e-03 6.388697e-03 6.951886e-03
    endloop
  endfacet
  facet normal -1.082572e-03 4.295142e-01 -9.030595e-01
    outer loop
      vertex 2.486413e-03 6.371144e-03 6.945733e-03
      vertex 4.317981e-03 6.388697e-03 6.951886e-03
      vertex 4.317042e-03 6.146871e-03 6.836869e-03
    endloop
  endfacet
  facet normal 7.840569e-03 -4.421282e-02 -9.989914e-01
    outer loop
      vertex 3.109637e-03 5.178892e-03 6.662240e-03
      vertex 4.322073e-03 5.379378e-03 6.662883e-03
      vertex 4.315692e-03 4.877097e-03 6.685062e-03
    endloop
  endfacet
  facet normal 2.559563e-03 -2.464285e-01 -9.691576e-01
    outer loop
      vertex 2.277797e-03 4.756111e-03 6.710443e-03
      vertex 4.315692e-03 4.877097e-03 6.685062e-03
      vertex 4.317172e-03 4.405175e-03 6.805062e-03
    endloop
  endfacet
  facet normal 1.451002e-03 -6.845953e-01 -7.289219e-01
    outer loop
      vertex 2.398110e-03 3.657186e-03 7.252229e-03
      vertex 4.317368e-03 3.711740e-03 7.204813e-03
      vertex 4.319561e-03 3.455149e-03 7.445804e-03
    endloop
  endfacet
  facet normal 3.182639e-03 -7.959990e-01 -6.052896e-01
    outer loop
      vertex 2.270939e-03 3.316055e-03 7.617950e-03
      vertex 4.319561e-03 3.455149e-03 7.445804e-03
      vertex 4.315230e-03 3.179915e-03 7.807733e-03
    endloop
  endfacet
  facet normal 5.587163e-03 -9.015310e-01 -4.326785e-01
    outer loop
      vertex 2.949739e-03 3.031260e-03 8.099840e-03
      vertex 4.315230e-03 3.179915e-03 7.807733e-03
      vertex 4.318824e-03 2.966437e-03 8.252584e-03
    endloop
  endfacet
  facet normal 4.281533e-04 9.996126e-01 -2.783028e-02
    outer loop
      vertex 2.353009e-03 7.649927e-03 9.113459e-03
      vertex 4.319726e-03 7.651169e-03 9.188332e-03
      vertex 4.316453e-03 7.641593e-03 8.844300e-03
    endloop
  endfacet
  facet normal -1.375096e-03 -9.820299e-01 -1.887202e-01
    outer loop
      vertex 2.318454e-03 2.876531e-03 8.588056e-03
      vertex 5.342066e-04 2.840417e-03 8.788981e-03
      vertex 4.470337e-04 2.909513e-03 8.430066e-03
    endloop
  endfacet
  facet normal 5.658675e-03 -6.416912e-01 -7.669422e-01
    outer loop
      vertex 4.028272e-04 3.844587e-03 7.095937e-03
      vertex 2.358850e-03 3.869992e-03 7.089113e-03
      vertex 4.162277e-04 3.513300e-03 7.373220e-03
    endloop
  endfacet
  facet normal -4.512070e-04 -3.243807e-01 -9.459265e-01
    outer loop
      vertex 2.388142e-03 4.460595e-03 6.791888e-03
      vertex 4.059254e-04 4.255860e-03 6.863042e-03
      vertex 4.069544e-04 4.642348e-03 6.730506e-03
    endloop
  endfacet
  facet normal 4.613153e-03 1.067482e-01 -9.942754e-01
    outer loop
      vertex 2.219852e-03 5.645977e-03 6.695871e-03
      vertex 1.469632e-03 5.416904e-03 6.667797e-03
      vertex 4.109368e-04 5.630589e-03 6.685826e-03
    endloop
  endfacet
  facet normal 4.332901e-03 7.129307e-01 -7.012211e-01
    outer loop
      vertex 2.488393e-03 7.060919e-03 7.493054e-03
      vertex 2.329841e-03 6.860710e-03 7.288521e-03
      vertex 4.121810e-04 7.033436e-03 7.452283e-03
    endloop
  endfacet
  facet normal 1.646471e-03 9.106876e-01 -4.130924e-01
    outer loop
      vertex 2.406922e-03 7.504500e-03 8.246785e-03
      vertex 4.033464e-04 7.336686e-03 7.868843e-03
      vertex 4.057543e-04 7.521673e-03 8.276668e-03
    endloop
  endfacet
  facet normal 1.000000e+00 -7.105367e-05 -6.428271e-06
    outer loop
      vertex 4.826000e-03 6.247501e-03 -7.957388e-03
      vertex 4.826000e-03 6.411170e-03 -9.766468e-03
      vertex 4.826073e-03 7.368890e-03 -9.003192e-03
    endloop
  endfacet
  facet normal 1.000000e+00 -4.225379e-05 2.445311e-05
    outer loop
      vertex 4.826000e-03 6.247501e-03 -7.957388e-03
      vertex 4.826073e-03 7.368890e-03 -9.003192e-03
      vertex 4.826046e-03 7.189519e-03 -8.201632e-03
    endloop
  endfacet
  facet normal 1.000000e+00 -5.334111e-05 -1.830919e-05
    outer loop
      vertex 4.826000e-03 6.247501e-03 -7.957388e-03
      vertex 4.826046e-03 7.189519e-03 -8.201632e-03
      vertex 4.826031e-03 6.670287e-03 -7.496276e-03
    endloop
  endfacet
  facet normal 1.000000e+00 -4.237551e-05 -2.836336e-05
    outer loop
      vertex 4.826000e-03 6.247501e-03 -7.957388e-03
      vertex 4.826031e-03 6.670287e-03 -7.496276e-03
      vertex 4.826015e-03 6.017783e-03 -7.093019e-03
    endloop
  endfacet
  facet normal 1.000000e+00 1.023958e-05 -1.438013e-05
    outer loop
      vertex 4.826000e-03 6.247501e-03 -7.957388e-03
      vertex 4.826015e-03 6.017783e-03 -7.093019e-03
      vertex 4.826023e-03 5.418877e-03 -6.955768e-03
    endloop
  endfacet
  facet normal 1.000000e+00 -7.374450e-07 -2.346125e-05
    outer loop
      vertex 4.826000e-03 6.247501e-03 -7.957388e-03
      vertex 4.826023e-03 5.418877e-03 -6.955768e-03
      vertex 4.826000e-03 4.362755e-03 -7.898146e-03
    endloop
  endfacet
  facet normal 1.000000e+00 -2.270903e-05 -4.913005e-06
    outer loop
      vertex 4.826000e-03 4.362755e-03 -7.898146e-03
      vertex 4.826015e-03 4.837486e-03 -6.986668e-03
      vertex 4.826002e-03 4.290261e-03 -7.174839e-03
    endloop
  endfacet
  facet normal 1.000000e+00 5.996363e-05 3.372884e-06
    outer loop
      vertex 4.826000e-03 4.362755e-03 -7.898146e-03
      vertex 4.826002e-03 4.290261e-03 -7.174839e-03
      vertex 4.826032e-03 3.807331e-03 -7.495771e-03
    endloop
  endfacet
  facet normal 1.000000e+00 9.625788e-06 -6.611182e-05
    outer loop
      vertex 4.826000e-03 4.362755e-03 -7.898146e-03
      vertex 4.826032e-03 3.807331e-03 -7.495771e-03
      vertex 4.826006e-03 3.439451e-03 -7.946026e-03
    endloop
  endfacet
  facet normal 1.000000e+00 2.047617e-06 8.002135e-05
    outer loop
      vertex 4.826000e-03 4.362755e-03 -7.898146e-03
      vertex 4.826006e-03 3.439451e-03 -7.946026e-03
      vertex 4.826053e-03 3.176497e-03 -8.529226e-03
    endloop
  endfacet
  facet normal 1.000000e+00 1.968402e-05 -1.072534e-05
    outer loop
      vertex 4.826000e-03 4.057817e-03 -9.600174e-03
      vertex 4.826017e-03 3.178379e-03 -9.613670e-03
      vertex 4.826006e-03 3.439453e-03 -1.020154e-02
    endloop
  endfacet
  facet normal 1.000000e+00 -2.640880e-05 3.667040e-05
    outer loop
      vertex 4.826000e-03 4.057817e-03 -9.600174e-03
      vertex 4.826006e-03 3.439453e-03 -1.020154e-02
      vertex 4.826032e-03 3.807330e-03 -1.065179e-02
    endloop
  endfacet
  facet normal 1.000000e+00 3.274416e-05 -4.581753e-05
    outer loop
      vertex 4.826000e-03 4.842813e-03 -1.060906e-02
      vertex 4.826032e-03 3.807330e-03 -1.065179e-02
      vertex 4.826002e-03 4.290262e-03 -1.097272e-02
    endloop
  endfacet
  facet normal 1.000000e+00 -1.570945e-05 2.780234e-05
    outer loop
      vertex 4.826000e-03 4.842813e-03 -1.060906e-02
      vertex 4.826002e-03 4.290262e-03 -1.097272e-02
      vertex 4.826015e-03 4.837490e-03 -1.116090e-02
    endloop
  endfacet
  facet normal 1.000000e+00 -3.026386e-05 2.616646e-05
    outer loop
      vertex 4.826000e-03 6.411170e-03 -9.766468e-03
      vertex 4.826021e-03 5.948606e-03 -1.108506e-02
      vertex 4.826031e-03 6.670285e-03 -1.065129e-02
    endloop
  endfacet
  facet normal 1.000000e+00 -1.341813e-05 -4.648419e-06
    outer loop
      vertex 4.826000e-03 6.411170e-03 -9.766468e-03
      vertex 4.826007e-03 7.050653e-03 -1.017627e-02
      vertex 4.826012e-03 7.273558e-03 -9.691326e-03
    endloop
  endfacet
  facet normal 5.200640e-01 -4.533764e-02 8.529232e-01
    outer loop
      vertex 4.319321e-03 5.297497e-03 -6.653262e-03
      vertex 4.826015e-03 4.837486e-03 -6.986668e-03
      vertex 4.826023e-03 5.418877e-03 -6.955768e-03
    endloop
  endfacet
  facet normal 5.155030e-01 -5.526803e-02 -8.551035e-01
    outer loop
      vertex 4.321685e-03 5.235556e-03 -1.149066e-02
      vertex 4.826005e-03 5.346672e-03 -1.119381e-02
      vertex 4.826015e-03 4.837490e-03 -1.116090e-02
    endloop
  endfacet
  facet normal 5.236972e-01 8.438389e-01 -1.169495e-01
    outer loop
      vertex 4.319856e-03 7.647441e-03 -9.260162e-03
      vertex 4.826073e-03 7.368890e-03 -9.003192e-03
      vertex 4.826012e-03 7.273558e-03 -9.691326e-03
    endloop
  endfacet
  facet normal 5.214697e-01 1.516861e-01 -8.396789e-01
    outer loop
      vertex 4.318072e-03 5.673644e-03 -1.145019e-02
      vertex 4.826021e-03 5.948606e-03 -1.108506e-02
      vertex 4.826005e-03 5.346672e-03 -1.119381e-02
    endloop
  endfacet
  facet normal 5.192136e-01 -4.730058e-01 7.118165e-01
    outer loop
      vertex 4.826032e-03 3.807331e-03 -7.495771e-03
      vertex 4.826002e-03 4.290261e-03 -7.174839e-03
      vertex 4.316689e-03 3.861060e-03 -7.088543e-03
    endloop
  endfacet
  facet normal 4.763302e-01 -5.684790e-01 6.707765e-01
    outer loop
      vertex 4.826032e-03 3.807331e-03 -7.495771e-03
      vertex 4.316689e-03 3.861060e-03 -7.088543e-03
      vertex 4.321704e-03 3.477075e-03 -7.417529e-03
    endloop
  endfacet
  facet normal 4.925360e-01 -7.784644e-01 3.891033e-01
    outer loop
      vertex 4.321564e-03 2.952211e-03 -8.282296e-03
      vertex 4.826006e-03 3.439451e-03 -7.946026e-03
      vertex 4.315056e-03 3.205372e-03 -7.767568e-03
    endloop
  endfacet
  facet normal 4.796654e-01 -8.771465e-01 -2.313286e-02
    outer loop
      vertex 4.825428e-03 3.119488e-03 -9.076880e-03
      vertex 4.308018e-03 2.830650e-03 -8.853435e-03
      vertex 4.315161e-03 2.850309e-03 -9.450731e-03
    endloop
  endfacet
  facet normal 4.935746e-01 -7.710401e-01 -4.023447e-01
    outer loop
      vertex 4.826006e-03 3.439453e-03 -1.020154e-02
      vertex 4.317251e-03 2.995943e-03 -9.975722e-03
      vertex 4.316705e-03 3.207173e-03 -1.038119e-02
    endloop
  endfacet
  facet normal 5.036347e-01 -4.781386e-01 -7.195384e-01
    outer loop
      vertex 4.826002e-03 4.290262e-03 -1.097272e-02
      vertex 4.826032e-03 3.807330e-03 -1.065179e-02
      vertex 4.317333e-03 3.689425e-03 -1.092950e-02
    endloop
  endfacet
  facet normal -3.009342e-03 -9.747373e-01 2.233342e-01
    outer loop
      vertex 4.539997e-04 -1.287098e-02 3.193328e-04
      vertex 3.220147e-03 -1.283362e-02 5.196882e-04
      vertex 1.537683e-03 -1.279416e-02 6.692033e-04
    endloop
  endfacet
  facet normal -7.577212e-04 -8.727102e-01 4.882380e-01
    outer loop
      vertex 5.654960e-04 -1.268638e-02 9.777285e-04
      vertex 2.809153e-03 -1.264383e-02 1.057268e-03
      vertex 2.397040e-03 -1.249287e-02 1.326463e-03
    endloop
  endfacet
  facet normal 1.207318e-03 -8.090837e-01 5.876922e-01
    outer loop
      vertex 2.616243e-03 -1.235849e-02 1.511013e-03
      vertex 5.339245e-04 -1.250839e-02 1.308918e-03
      vertex 2.397040e-03 -1.249287e-02 1.326463e-03
    endloop
  endfacet
  facet normal -6.198350e-03 -7.715403e-01 6.361502e-01
    outer loop
      vertex 5.339245e-04 -1.250839e-02 1.308918e-03
      vertex 2.616243e-03 -1.235849e-02 1.511013e-03
      vertex 1.716906e-03 -1.223260e-02 1.654929e-03
    endloop
  endfacet
  facet normal -1.974547e-03 -6.875815e-01 7.261045e-01
    outer loop
      vertex 2.760191e-03 -1.209236e-02 1.790570e-03
      vertex 4.061053e-04 -1.193988e-02 1.928552e-03
      vertex 1.716906e-03 -1.223260e-02 1.654929e-03
    endloop
  endfacet
  facet normal 6.324303e-03 -6.155387e-01 7.880813e-01
    outer loop
      vertex 2.853738e-03 -1.181770e-02 2.004345e-03
      vertex 4.061053e-04 -1.193988e-02 1.928552e-03
      vertex 2.760191e-03 -1.209236e-02 1.790570e-03
    endloop
  endfacet
  facet normal 1.181362e-03 -5.166012e-01 8.562253e-01
    outer loop
      vertex 2.646650e-03 -1.161556e-02 2.126592e-03
      vertex 4.456030e-04 -1.161039e-02 2.132744e-03
      vertex 2.853738e-03 -1.181770e-02 2.004345e-03
    endloop
  endfacet
  facet normal -2.205065e-06 1.492847e-01 9.887943e-01
    outer loop
      vertex 2.777595e-03 -1.026606e-02 2.403891e-03
      vertex 1.598370e-03 -9.981921e-03 2.360990e-03
      vertex 4.113024e-04 -1.031658e-02 2.411513e-03
    endloop
  endfacet
  facet normal 3.268264e-03 4.884050e-01 8.726110e-01
    outer loop
      vertex 1.958143e-03 -9.457731e-03 2.187029e-03
      vertex 5.583050e-04 -9.168953e-03 2.030642e-03
      vertex 4.077637e-04 -9.444324e-03 2.185332e-03
    endloop
  endfacet
  facet normal 2.158844e-03 3.673828e-01 9.300673e-01
    outer loop
      vertex 4.077637e-04 -9.444324e-03 2.185332e-03
      vertex 2.014483e-03 -9.726667e-03 2.293130e-03
      vertex 1.958143e-03 -9.457731e-03 2.187029e-03
    endloop
  endfacet
  facet normal -1.537893e-03 6.111301e-01 7.915287e-01
    outer loop
      vertex 5.583050e-04 -9.168953e-03 2.030642e-03
      vertex 2.968071e-03 -9.041808e-03 1.937157e-03
      vertex 5.971683e-04 -8.844822e-03 1.780459e-03
    endloop
  endfacet
  facet normal -2.491590e-03 9.709250e-01 2.393710e-01
    outer loop
      vertex 2.617315e-03 -8.152464e-03 6.450834e-04
      vertex 4.568050e-04 -8.085793e-03 3.521695e-04
      vertex 4.468252e-04 -8.197365e-03 8.046159e-04
    endloop
  endfacet
  facet normal 2.970748e-03 9.910354e-01 1.335664e-01
    outer loop
      vertex 2.599775e-03 -8.100370e-03 4.126639e-04
      vertex 2.430742e-03 -8.074913e-03 2.275349e-04
      vertex 4.568050e-04 -8.085793e-03 3.521695e-04
    endloop
  endfacet
  facet normal -2.512086e-03 9.988721e-01 4.741457e-02
    outer loop
      vertex 4.054446e-04 -8.063278e-03 -1.248763e-04
      vertex 4.568050e-04 -8.085793e-03 3.521695e-04
      vertex 2.430742e-03 -8.074913e-03 2.275349e-04
    endloop
  endfacet
  facet normal -4.997071e-03 -9.859937e-01 1.667074e-01
    outer loop
      vertex 3.220147e-03 -1.283362e-02 5.196882e-04
      vertex 2.244352e-03 -1.288087e-02 2.109790e-04
      vertex 4.319004e-03 -1.286716e-02 3.542325e-04
    endloop
  endfacet
  facet normal 1.644860e-03 5.478420e-01 8.365802e-01
    outer loop
      vertex 2.968071e-03 -9.041808e-03 1.937157e-03
      vertex 2.399610e-03 -9.283182e-03 2.096340e-03
      vertex 4.316089e-03 -9.339584e-03 2.129508e-03
    endloop
  endfacet
  facet normal -2.911148e-03 8.637378e-01 5.039331e-01
    outer loop
      vertex 2.398031e-03 -8.321068e-03 1.082095e-03
      vertex 2.237000e-03 -8.467937e-03 1.332897e-03
      vertex 4.316811e-03 -8.363272e-03 1.165517e-03
    endloop
  endfacet
  facet normal 9.472059e-04 8.425457e-01 5.386241e-01
    outer loop
      vertex 2.237000e-03 -8.467937e-03 1.332897e-03
      vertex 4.317939e-03 -8.544491e-03 1.448988e-03
      vertex 4.316811e-03 -8.363272e-03 1.165517e-03
    endloop
  endfacet
  facet normal 1.153768e-03 9.908183e-01 1.351956e-01
    outer loop
      vertex 4.316966e-03 -8.110868e-03 4.749401e-04
      vertex 2.430742e-03 -8.074913e-03 2.275349e-04
      vertex 2.599775e-03 -8.100370e-03 4.126639e-04
    endloop
  endfacet
  facet normal 4.818313e-03 -9.733370e-01 2.293293e-01
    outer loop
      vertex 3.220147e-03 -1.283362e-02 5.196882e-04
      vertex 4.319004e-03 -1.286716e-02 3.542325e-04
      vertex 4.317002e-03 -1.277881e-02 7.292455e-04
    endloop
  endfacet
  facet normal -2.891772e-03 -8.634804e-01 5.043740e-01
    outer loop
      vertex 2.809153e-03 -1.264383e-02 1.057268e-03
      vertex 4.319876e-03 -1.265751e-02 1.042503e-03
      vertex 4.317862e-03 -1.247830e-02 1.349288e-03
    endloop
  endfacet
  facet normal 2.936255e-03 -7.884819e-01 6.150510e-01
    outer loop
      vertex 2.616243e-03 -1.235849e-02 1.511013e-03
      vertex 4.317862e-03 -1.247830e-02 1.349288e-03
      vertex 4.319803e-03 -1.226093e-02 1.627941e-03
    endloop
  endfacet
  facet normal 4.239338e-03 -6.736963e-01 7.389961e-01
    outer loop
      vertex 2.760191e-03 -1.209236e-02 1.790570e-03
      vertex 4.319803e-03 -1.226093e-02 1.627941e-03
      vertex 4.317304e-03 -1.192148e-02 1.937413e-03
    endloop
  endfacet
  facet normal 2.575132e-03 -5.160756e-01 8.565391e-01
    outer loop
      vertex 2.853738e-03 -1.181770e-02 2.004345e-03
      vertex 4.317304e-03 -1.192148e-02 1.937413e-03
      vertex 4.318039e-03 -1.151507e-02 2.182282e-03
    endloop
  endfacet
  facet normal 4.258248e-03 -4.908320e-02 9.987856e-01
    outer loop
      vertex 2.607201e-03 -1.050370e-02 2.412180e-03
      vertex 4.315548e-03 -1.084213e-02 2.388266e-03
      vertex 4.317088e-03 -1.036061e-02 2.411922e-03
    endloop
  endfacet
  facet normal 1.805114e-03 9.084182e-01 4.180588e-01
    outer loop
      vertex 2.398031e-03 -8.321068e-03 1.082095e-03
      vertex 4.316811e-03 -8.363272e-03 1.165517e-03
      vertex 4.318117e-03 -8.204723e-03 8.209944e-04
    endloop
  endfacet
  facet normal 2.582457e-03 9.651318e-01 2.617517e-01
    outer loop
      vertex 2.617315e-03 -8.152464e-03 6.450834e-04
      vertex 4.318117e-03 -8.204723e-03 8.209944e-04
      vertex 4.316966e-03 -8.110868e-03 4.749401e-04
    endloop
  endfacet
  facet normal -7.678919e-03 7.609854e-01 6.487236e-01
    outer loop
      vertex 2.390887e-03 -8.624162e-03 1.542846e-03
      vertex 4.071657e-04 -8.433854e-03 1.296124e-03
      vertex 5.971683e-04 -8.844822e-03 1.780459e-03
    endloop
  endfacet
  facet normal -5.995424e-05 3.563870e-01 9.343384e-01
    outer loop
      vertex 2.014483e-03 -9.726667e-03 2.293130e-03
      vertex 4.077637e-04 -9.444324e-03 2.185332e-03
      vertex 3.582645e-04 -9.863909e-03 2.345372e-03
    endloop
  endfacet
  facet normal 1.311226e-03 1.447279e-01 9.894706e-01
    outer loop
      vertex 1.598370e-03 -9.981921e-03 2.360990e-03
      vertex 3.582645e-04 -9.863909e-03 2.345372e-03
      vertex 4.113024e-04 -1.031658e-02 2.411513e-03
    endloop
  endfacet
  facet normal -3.035174e-03 -2.440876e-01 9.697484e-01
    outer loop
      vertex 1.598370e-03 -1.101108e-02 2.353218e-03
      vertex 3.607502e-04 -1.080839e-02 2.400364e-03
      vertex 4.610944e-04 -1.124381e-02 2.291080e-03
    endloop
  endfacet
  facet normal -2.580919e-03 -3.964280e-01 9.180622e-01
    outer loop
      vertex 2.378915e-03 -1.139577e-02 2.230855e-03
      vertex 4.610944e-04 -1.124381e-02 2.291080e-03
      vertex 4.456030e-04 -1.161039e-02 2.132744e-03
    endloop
  endfacet
  facet normal -2.353199e-03 -9.986333e-01 5.221155e-02
    outer loop
      vertex 2.244352e-03 -1.288087e-02 2.109790e-04
      vertex 4.539997e-04 -1.287098e-02 3.193328e-04
      vertex 3.962265e-04 -1.289531e-02 -1.485528e-04
    endloop
  endfacet
  facet normal 1.409238e-03 -9.994575e-01 3.290435e-02
    outer loop
      vertex 2.244352e-03 -1.288087e-02 2.109790e-04
      vertex 3.962265e-04 -1.289531e-02 -1.485528e-04
      vertex 2.403214e-03 -1.288884e-02 -3.799313e-05
    endloop
  endfacet
  facet normal 3.069384e-02 -9.919659e-01 1.227252e-01
    outer loop
      vertex 4.539997e-04 -1.287098e-02 3.193328e-04
      vertex 1.537683e-03 -1.279416e-02 6.692033e-04
      vertex 3.578373e-04 -1.284840e-02 5.258713e-04
    endloop
  endfacet
  facet normal 2.403654e-03 -9.416589e-01 3.365602e-01
    outer loop
      vertex 1.537683e-03 -1.279416e-02 6.692033e-04
      vertex 5.654960e-04 -1.268638e-02 9.777285e-04
      vertex 3.578373e-04 -1.284840e-02 5.258713e-04
    endloop
  endfacet
  facet normal -5.001102e-03 -6.947301e-01 7.192531e-01
    outer loop
      vertex 1.716906e-03 -1.223260e-02 1.654929e-03
      vertex 4.061053e-04 -1.193988e-02 1.928552e-03
      vertex 4.178584e-04 -1.233975e-02 1.542403e-03
    endloop
  endfacet
  facet normal 6.122755e-03 -1.909248e-01 9.815856e-01
    outer loop
      vertex 1.598370e-03 -1.101108e-02 2.353218e-03
      vertex 2.358686e-03 -1.078347e-02 2.392748e-03
      vertex 3.607502e-04 -1.080839e-02 2.400364e-03
    endloop
  endfacet
  facet normal 1.067518e-02 2.406241e-01 9.705597e-01
    outer loop
      vertex 1.598370e-03 -9.981921e-03 2.360990e-03
      vertex 2.014483e-03 -9.726667e-03 2.293130e-03
      vertex 3.582645e-04 -9.863909e-03 2.345372e-03
    endloop
  endfacet
  facet normal -4.477993e-03 9.012505e-01 4.332753e-01
    outer loop
      vertex 2.398031e-03 -8.321068e-03 1.082095e-03
      vertex 4.468252e-04 -8.197365e-03 8.046159e-04
      vertex 4.071657e-04 -8.433854e-03 1.296124e-03
    endloop
  endfacet
  facet normal -1.252135e-03 9.991915e-01 4.018420e-02
    outer loop
      vertex 4.054446e-04 -8.063278e-03 -1.248763e-04
      vertex 2.430742e-03 -8.074913e-03 2.275349e-04
      vertex 1.895497e-03 -8.065229e-03 -2.992893e-05
    endloop
  endfacet
  facet normal -4.414018e-04 -8.350359e-01 -5.501953e-01
    outer loop
      vertex 5.358626e-04 -1.241724e-02 -1.437495e-03
      vertex 2.608957e-03 -1.250793e-02 -1.301518e-03
      vertex 4.142241e-04 -1.260544e-02 -1.151767e-03
    endloop
  endfacet
  facet normal 2.371002e-03 -8.148775e-01 -5.796283e-01
    outer loop
      vertex 2.680295e-03 -1.236028e-02 -1.508806e-03
      vertex 2.608957e-03 -1.250793e-02 -1.301518e-03
      vertex 5.358626e-04 -1.241724e-02 -1.437495e-03
    endloop
  endfacet
  facet normal -1.635105e-03 -7.567681e-01 -6.536814e-01
    outer loop
      vertex 2.680295e-03 -1.236028e-02 -1.508806e-03
      vertex 5.358626e-04 -1.241724e-02 -1.437495e-03
      vertex 1.989482e-03 -1.223365e-02 -1.653677e-03
    endloop
  endfacet
  facet normal 4.004138e-03 -3.223747e-01 -9.466037e-01
    outer loop
      vertex 2.478401e-03 -1.115134e-02 -2.317075e-03
      vertex 2.378914e-03 -1.134116e-02 -2.252851e-03
      vertex 4.384607e-04 -1.121374e-02 -2.304454e-03
    endloop
  endfacet
  facet normal -1.174178e-03 -2.155050e-01 -9.765020e-01
    outer loop
      vertex 2.556627e-03 -1.095563e-02 -2.363963e-03
      vertex 4.384607e-04 -1.121374e-02 -2.304454e-03
      vertex 4.090742e-04 -1.080363e-02 -2.394925e-03
    endloop
  endfacet
  facet normal 3.870090e-03 -1.468121e-01 -9.891568e-01
    outer loop
      vertex 2.476677e-03 -1.070968e-02 -2.400781e-03
      vertex 2.556627e-03 -1.095563e-02 -2.363963e-03
      vertex 4.090742e-04 -1.080363e-02 -2.394925e-03
    endloop
  endfacet
  facet normal 1.568430e-04 -3.727998e-02 -9.993048e-01
    outer loop
      vertex 4.019374e-04 -1.032664e-02 -2.415396e-03
      vertex 3.199915e-03 -1.041788e-02 -2.411553e-03
      vertex 2.476677e-03 -1.070968e-02 -2.400781e-03
    endloop
  endfacet
  facet normal -9.413699e-03 2.199690e-01 -9.754614e-01
    outer loop
      vertex 2.679344e-03 -1.004463e-02 -2.373779e-03
      vertex 4.019374e-04 -1.032664e-02 -2.415396e-03
      vertex 2.388692e-03 -9.823036e-03 -2.321004e-03
    endloop
  endfacet
  facet normal -1.803224e-03 4.591993e-01 -8.883314e-01
    outer loop
      vertex 2.716441e-03 -9.323037e-03 -2.118154e-03
      vertex 6.739281e-04 -9.554771e-03 -2.233796e-03
      vertex 4.119931e-04 -9.181890e-03 -2.040514e-03
    endloop
  endfacet
  facet normal -3.913095e-03 6.305140e-01 -7.761680e-01
    outer loop
      vertex 2.966184e-03 -8.900772e-03 -1.825027e-03
      vertex 4.119931e-04 -9.181890e-03 -2.040514e-03
      vertex 1.696678e-03 -8.822571e-03 -1.755100e-03
    endloop
  endfacet
  facet normal 2.302677e-03 7.406914e-01 -6.718414e-01
    outer loop
      vertex 4.107069e-04 -8.555680e-03 -1.465266e-03
      vertex 1.696678e-03 -8.822571e-03 -1.755100e-03
      vertex 4.064857e-04 -8.848178e-03 -1.787753e-03
    endloop
  endfacet
  facet normal 1.634834e-03 9.761836e-01 -2.169400e-01
    outer loop
      vertex 2.179987e-03 -8.103621e-03 -4.294988e-04
      vertex 2.737342e-03 -8.152464e-03 -6.450834e-04
      vertex 4.507012e-04 -8.164348e-03 -7.157896e-04
    endloop
  endfacet
  facet normal 7.079881e-03 9.958583e-01 -9.064235e-02
    outer loop
      vertex 1.895497e-03 -8.065229e-03 -2.992893e-05
      vertex 2.179987e-03 -8.103621e-03 -4.294988e-04
      vertex 4.054446e-04 -8.063278e-03 -1.248763e-04
    endloop
  endfacet
  facet normal -1.230398e-03 -1.484349e-01 -9.889214e-01
    outer loop
      vertex 4.316967e-03 -1.095244e-02 -2.366632e-03
      vertex 2.556627e-03 -1.095563e-02 -2.363963e-03
      vertex 2.476677e-03 -1.070968e-02 -2.400781e-03
    endloop
  endfacet
  facet normal -8.607076e-04 8.546950e-01 -5.191298e-01
    outer loop
      vertex 4.317342e-03 -8.483202e-03 -1.359433e-03
      vertex 2.297686e-03 -8.492542e-03 -1.371462e-03
      vertex 2.278338e-03 -8.357125e-03 -1.148480e-03
    endloop
  endfacet
  facet normal -2.871584e-03 -9.987472e-01 -4.995810e-02
    outer loop
      vertex 4.318375e-03 -1.289178e-02 -8.922088e-05
      vertex 2.403214e-03 -1.288884e-02 -3.799313e-05
      vertex 2.834176e-03 -1.288144e-02 -2.105992e-04
    endloop
  endfacet
  facet normal 7.292033e-03 4.980893e-02 -9.987321e-01
    outer loop
      vertex 4.318884e-03 -1.060008e-02 -2.412470e-03
      vertex 3.199915e-03 -1.041788e-02 -2.411553e-03
      vertex 4.322272e-03 -1.011340e-02 -2.388173e-03
    endloop
  endfacet
  facet normal 3.119496e-03 2.450465e-01 -9.695063e-01
    outer loop
      vertex 4.322272e-03 -1.011340e-02 -2.388173e-03
      vertex 2.388692e-03 -9.823036e-03 -2.321004e-03
      vertex 4.318242e-03 -9.656079e-03 -2.272596e-03
    endloop
  endfacet
  facet normal 2.590332e-03 4.309243e-01 -9.023844e-01
    outer loop
      vertex 4.318242e-03 -9.656079e-03 -2.272596e-03
      vertex 2.716441e-03 -9.323037e-03 -2.118154e-03
      vertex 4.316241e-03 -9.219928e-03 -2.064322e-03
    endloop
  endfacet
  facet normal 5.660302e-03 6.670793e-01 -7.449652e-01
    outer loop
      vertex 4.320497e-03 -9.044154e-03 -1.943128e-03
      vertex 2.966184e-03 -8.900772e-03 -1.825027e-03
      vertex 4.318109e-03 -8.694961e-03 -1.630461e-03
    endloop
  endfacet
  facet normal -5.790521e-04 8.559060e-01 -5.171311e-01
    outer loop
      vertex 4.317342e-03 -8.483202e-03 -1.359433e-03
      vertex 2.278338e-03 -8.357125e-03 -1.148480e-03
      vertex 4.317084e-03 -8.340874e-03 -1.123865e-03
    endloop
  endfacet
  facet normal 4.871340e-03 9.696884e-01 -2.442965e-01
    outer loop
      vertex 4.318117e-03 -8.204722e-03 -8.209925e-04
      vertex 2.737342e-03 -8.152464e-03 -6.450834e-04
      vertex 4.315778e-03 -8.088731e-03 -3.606325e-04
    endloop
  endfacet
  facet normal 4.210531e-03 9.987568e-01 -4.967108e-02
    outer loop
      vertex 2.911698e-03 -8.064224e-03 1.310966e-05
      vertex 4.318915e-03 -8.064846e-03 1.198943e-04
      vertex 4.315778e-03 -8.088731e-03 -3.606325e-04
    endloop
  endfacet
  facet normal 3.530008e-03 -9.918136e-01 -1.276454e-01
    outer loop
      vertex 4.318375e-03 -1.289178e-02 -8.922088e-05
      vertex 2.834176e-03 -1.288144e-02 -2.105992e-04
      vertex 4.316725e-03 -1.283834e-02 -5.044922e-04
    endloop
  endfacet
  facet normal 1.716973e-04 -5.062564e-01 -8.623830e-01
    outer loop
      vertex 4.317342e-03 -1.183693e-02 -1.994298e-03
      vertex 2.563443e-03 -1.179724e-02 -2.017948e-03
      vertex 4.318022e-03 -1.152404e-02 -2.177978e-03
    endloop
  endfacet
  facet normal -1.018667e-03 -2.483582e-01 -9.686677e-01
    outer loop
      vertex 4.317369e-03 -1.120251e-02 -2.302517e-03
      vertex 2.556627e-03 -1.095563e-02 -2.363963e-03
      vertex 4.316967e-03 -1.095244e-02 -2.366632e-03
    endloop
  endfacet
  facet normal -4.532978e-03 -4.117526e-01 -9.112844e-01
    outer loop
      vertex 4.384607e-04 -1.121374e-02 -2.304454e-03
      vertex 2.189145e-03 -1.154168e-02 -2.164985e-03
      vertex 4.083972e-04 -1.170622e-02 -2.081783e-03
    endloop
  endfacet
  facet normal -6.135440e-03 -7.414741e-01 -6.709535e-01
    outer loop
      vertex 4.717804e-04 -1.208980e-02 -1.798763e-03
      vertex 1.989482e-03 -1.223365e-02 -1.653677e-03
      vertex 5.358626e-04 -1.241724e-02 -1.437495e-03
    endloop
  endfacet
  facet normal -4.052035e-03 -9.289085e-01 -3.702873e-01
    outer loop
      vertex 4.142241e-04 -1.260544e-02 -1.151767e-03
      vertex 1.686502e-03 -1.269517e-02 -9.405880e-04
      vertex 4.371610e-04 -1.281062e-02 -6.373019e-04
    endloop
  endfacet
  facet normal 3.320171e-03 -9.853586e-01 -1.704622e-01
    outer loop
      vertex 1.598370e-03 -1.281107e-02 -6.120880e-04
      vertex 3.962265e-04 -1.289531e-02 -1.485528e-04
      vertex 4.371610e-04 -1.281062e-02 -6.373019e-04
    endloop
  endfacet
  facet normal 6.823718e-03 -9.435810e-01 -3.310715e-01
    outer loop
      vertex 1.686502e-03 -1.269517e-02 -9.405880e-04
      vertex 1.598370e-03 -1.281107e-02 -6.120880e-04
      vertex 4.371610e-04 -1.281062e-02 -6.373019e-04
    endloop
  endfacet
  facet normal -1.249556e-03 -5.938489e-01 -8.045756e-01
    outer loop
      vertex 4.083972e-04 -1.170622e-02 -2.081783e-03
      vertex 2.563443e-03 -1.179724e-02 -2.017948e-03
      vertex 4.717804e-04 -1.208980e-02 -1.798763e-03
    endloop
  endfacet
  facet normal -1.882043e-03 -3.998521e-01 -9.165777e-01
    outer loop
      vertex 2.378914e-03 -1.134116e-02 -2.252851e-03
      vertex 2.189145e-03 -1.154168e-02 -2.164985e-03
      vertex 4.384607e-04 -1.121374e-02 -2.304454e-03
    endloop
  endfacet
  facet normal 2.181142e-03 1.759032e-01 -9.844050e-01
    outer loop
      vertex 2.388692e-03 -9.823036e-03 -2.321004e-03
      vertex 4.019374e-04 -1.032664e-02 -2.415396e-03
      vertex 4.285989e-04 -9.774683e-03 -2.316707e-03
    endloop
  endfacet
  facet normal 6.489285e-03 3.464232e-01 -9.380559e-01
    outer loop
      vertex 6.739281e-04 -9.554771e-03 -2.233796e-03
      vertex 2.388692e-03 -9.823036e-03 -2.321004e-03
      vertex 4.285989e-04 -9.774683e-03 -2.316707e-03
    endloop
  endfacet
  facet normal 5.453867e-04 9.142965e-01 -4.050453e-01
    outer loop
      vertex 4.507012e-04 -8.164348e-03 -7.157896e-04
      vertex 2.278338e-03 -8.357125e-03 -1.148480e-03
      vertex 4.466383e-04 -8.374814e-03 -1.190874e-03
    endloop
  endfacet
  facet normal -6.618578e-03 9.855801e-01 -1.690799e-01
    outer loop
      vertex 4.054446e-04 -8.063278e-03 -1.248763e-04
      vertex 2.179987e-03 -8.103621e-03 -4.294988e-04
      vertex 4.507012e-04 -8.164348e-03 -7.157896e-04
    endloop
  endfacet
  facet normal -3.850763e-03 9.918682e-01 1.272114e-01
    outer loop
      vertex -1.444088e-03 1.891891e-02 2.221971e-03
      vertex -2.386757e-03 1.894749e-02 1.970614e-03
      vertex -2.256388e-03 1.883686e-02 2.837188e-03
    endloop
  endfacet
  facet normal 1.320390e-03 8.703518e-01 4.924287e-01
    outer loop
      vertex -2.326587e-03 1.672037e-02 9.126528e-03
      vertex -4.121668e-03 1.665174e-02 9.252629e-03
      vertex -2.015707e-03 1.641238e-02 9.670052e-03
    endloop
  endfacet
  facet normal -1.002546e-03 6.967562e-01 7.173073e-01
    outer loop
      vertex -3.499908e-03 1.305241e-02 1.387483e-02
      vertex -2.085905e-03 1.331773e-02 1.361909e-02
      vertex -3.891015e-03 1.348521e-02 1.345389e-02
    endloop
  endfacet
  facet normal -5.261048e-04 3.106667e-01 9.505188e-01
    outer loop
      vertex -1.484202e-03 6.187362e-03 1.801594e-02
      vertex -4.089014e-03 6.394117e-03 1.794692e-02
      vertex -2.737751e-03 5.738058e-03 1.816210e-02
    endloop
  endfacet
  facet normal 1.867212e-03 7.078510e-02 9.974898e-01
    outer loop
      vertex -2.918262e-03 9.700670e-04 1.902369e-02
      vertex -3.309369e-03 1.712863e-03 1.897171e-02
      vertex -5.165379e-03 9.887571e-04 1.902657e-02
    endloop
  endfacet
  facet normal 1.390065e-04 3.028436e-02 9.995413e-01
    outer loop
      vertex -2.948347e-03 3.584364e-04 1.904535e-02
      vertex -5.165379e-03 9.887571e-04 1.902657e-02
      vertex -5.199773e-03 2.482796e-04 1.904901e-02
    endloop
  endfacet
  facet normal -8.931657e-04 -1.300217e-01 9.915108e-01
    outer loop
      vertex -1.290831e-03 -1.990566e-03 1.894894e-02
      vertex -3.279284e-03 -2.081252e-03 1.893526e-02
      vertex -3.329426e-03 -2.839993e-03 1.883571e-02
    endloop
  endfacet
  facet normal -5.341059e-05 -2.825708e-01 9.592464e-01
    outer loop
      vertex -2.236331e-03 -5.609733e-03 1.820584e-02
      vertex -1.338790e-03 -5.266869e-03 1.830689e-02
      vertex -4.212385e-03 -5.089612e-03 1.835895e-02
    endloop
  endfacet
  facet normal 2.214836e-03 -2.485507e-01 9.686164e-01
    outer loop
      vertex -1.338790e-03 -5.266869e-03 1.830689e-02
      vertex -2.807950e-03 -4.403515e-03 1.853179e-02
      vertex -4.212385e-03 -5.089612e-03 1.835895e-02
    endloop
  endfacet
  facet normal 6.486555e-04 -5.538086e-01 8.326437e-01
    outer loop
      vertex -5.134536e-03 -1.093320e-02 1.560012e-02
      vertex -3.138886e-03 -1.093167e-02 1.559958e-02
      vertex -4.282123e-03 -1.020132e-02 1.608625e-02
    endloop
  endfacet
  facet normal -6.601666e-04 -7.182223e-01 6.958134e-01
    outer loop
      vertex -3.499908e-03 -1.387483e-02 1.305241e-02
      vertex -2.085905e-03 -1.361909e-02 1.331773e-02
      vertex -4.959795e-03 -1.333890e-02 1.360422e-02
    endloop
  endfacet
  facet normal -4.177266e-03 -7.457202e-01 6.662462e-01
    outer loop
      vertex -1.528803e-03 -1.410669e-02 1.280526e-02
      vertex -3.499908e-03 -1.387483e-02 1.305241e-02
      vertex -3.349482e-03 -1.449809e-02 1.235575e-02
    endloop
  endfacet
  facet normal 5.526498e-04 -7.965675e-01 6.045494e-01
    outer loop
      vertex -3.088744e-03 -1.492134e-02 1.184141e-02
      vertex -5.134536e-03 -1.491568e-02 1.185075e-02
      vertex -3.981271e-03 -1.535160e-02 1.127530e-02
    endloop
  endfacet
  facet normal -4.195508e-03 -9.607958e-01 2.772252e-01
    outer loop
      vertex -4.272094e-03 -1.815764e-02 5.755007e-03
      vertex -3.128858e-03 -1.839901e-02 4.935755e-03
      vertex -2.527154e-03 -1.825116e-02 5.457280e-03
    endloop
  endfacet
  facet normal -5.221963e-03 -9.928625e-01 1.191502e-01
    outer loop
      vertex -1.694798e-03 -1.891652e-02 2.241943e-03
      vertex -3.911072e-03 -1.882209e-02 2.931707e-03
      vertex -2.928290e-03 -1.896207e-02 1.808342e-03
    endloop
  endfacet
  facet normal -1.416850e-04 -9.994996e-01 3.163056e-02
    outer loop
      vertex -3.048631e-03 -1.904308e-02 4.740072e-04
      vertex -5.134536e-03 -1.903062e-02 8.583515e-04
      vertex -5.134536e-03 -1.904611e-02 3.689539e-04
    endloop
  endfacet
  facet normal 1.133442e-03 -9.999793e-01 6.325872e-03
    outer loop
      vertex -3.048631e-03 -1.904308e-02 4.740072e-04
      vertex -5.134536e-03 -1.904611e-02 3.689539e-04
      vertex -5.134536e-03 -1.904922e-02 -1.231093e-04
    endloop
  endfacet
  facet normal 8.433137e-04 -9.998195e-01 -1.897948e-02
    outer loop
      vertex -5.134536e-03 -1.903990e-02 -6.140408e-04
      vertex -3.028574e-03 -1.903909e-02 -5.632700e-04
      vertex -5.134536e-03 -1.904922e-02 -1.231093e-04
    endloop
  endfacet
  facet normal 2.857702e-03 -7.139358e-01 -7.002054e-01
    outer loop
      vertex -2.213794e-03 -1.400732e-02 -1.291470e-02
      vertex -5.119882e-03 -1.379997e-02 -1.313797e-02
      vertex -3.891015e-03 -1.348521e-02 -1.345389e-02
    endloop
  endfacet
  facet normal -1.381035e-03 -6.946696e-01 -7.193276e-01
    outer loop
      vertex -3.179000e-03 -1.301492e-02 -1.390943e-02
      vertex -2.085905e-03 -1.331773e-02 -1.361909e-02
      vertex -3.891015e-03 -1.348521e-02 -1.345389e-02
    endloop
  endfacet
  facet normal -5.329716e-03 -6.626643e-01 -7.488976e-01
    outer loop
      vertex -1.528803e-03 -1.280526e-02 -1.410669e-02
      vertex -3.179000e-03 -1.301492e-02 -1.390943e-02
      vertex -2.667552e-03 -1.235185e-02 -1.449978e-02
    endloop
  endfacet
  facet normal -6.708034e-03 -4.909083e-01 -8.711854e-01
    outer loop
      vertex -1.564429e-03 -9.425915e-03 -1.655336e-02
      vertex -2.487041e-03 -9.799117e-03 -1.633596e-02
      vertex -2.487041e-03 -8.937102e-03 -1.682170e-02
    endloop
  endfacet
  facet normal 5.311714e-03 -3.895934e-01 -9.209717e-01
    outer loop
      vertex -4.276986e-03 -7.447924e-03 -1.754032e-02
      vertex -2.717694e-03 -7.227978e-03 -1.762437e-02
      vertex -2.080891e-03 -7.782540e-03 -1.738610e-02
    endloop
  endfacet
  facet normal 8.259929e-04 -3.620648e-01 -9.321526e-01
    outer loop
      vertex -4.276986e-03 -7.447924e-03 -1.754032e-02
      vertex -2.828006e-03 -6.560139e-03 -1.788387e-02
      vertex -2.717694e-03 -7.227978e-03 -1.762437e-02
    endloop
  endfacet
  facet normal 3.079375e-03 -1.819566e-02 -9.998297e-01
    outer loop
      vertex -3.419681e-03 -1.810198e-05 -1.904873e-02
      vertex -2.577296e-03 -8.053828e-04 -1.903181e-02
      vertex -5.174694e-03 -4.116414e-04 -1.904697e-02
    endloop
  endfacet
  facet normal 1.472723e-03 1.594294e-02 -9.998718e-01
    outer loop
      vertex -5.213311e-03 5.894623e-04 -1.904168e-02
      vertex -2.998489e-03 6.629868e-04 -1.903725e-02
      vertex -3.419681e-03 -1.810198e-05 -1.904873e-02
    endloop
  endfacet
  facet normal -5.328774e-03 1.225266e-01 -9.924509e-01
    outer loop
      vertex -1.514412e-03 1.967677e-03 -1.895162e-02
      vertex -3.338281e-03 1.764545e-03 -1.896690e-02
      vertex -2.607381e-03 2.747345e-03 -1.884949e-02
    endloop
  endfacet
  facet normal -5.337022e-05 2.825709e-01 -9.592464e-01
    outer loop
      vertex -2.236331e-03 5.609733e-03 -1.820584e-02
      vertex -1.338790e-03 5.266869e-03 -1.830689e-02
      vertex -4.212385e-03 5.089613e-03 -1.835895e-02
    endloop
  endfacet
  facet normal 1.726644e-03 2.559032e-01 -9.667009e-01
    outer loop
      vertex -1.338790e-03 5.266869e-03 -1.830689e-02
      vertex -2.767836e-03 4.631061e-03 -1.847776e-02
      vertex -4.212385e-03 5.089613e-03 -1.835895e-02
    endloop
  endfacet
  facet normal -3.885940e-03 7.185575e-01 -6.954567e-01
    outer loop
      vertex -3.179000e-03 1.390943e-02 -1.301492e-02
      vertex -2.179416e-03 1.346015e-02 -1.348470e-02
      vertex -3.770675e-03 1.338105e-02 -1.355754e-02
    endloop
  endfacet
  facet normal -5.563894e-03 7.466006e-01 -6.652492e-01
    outer loop
      vertex -1.525613e-03 1.419535e-02 -1.270786e-02
      vertex -3.179000e-03 1.390943e-02 -1.301492e-02
      vertex -3.269255e-03 1.455319e-02 -1.229167e-02
    endloop
  endfacet
  facet normal 4.902965e-04 8.668971e-01 -4.984868e-01
    outer loop
      vertex -2.206246e-03 1.627489e-02 -9.898155e-03
      vertex -5.134536e-03 1.623183e-02 -9.975920e-03
      vertex -4.151753e-03 1.671862e-02 -9.128391e-03
    endloop
  endfacet
  facet normal 9.554893e-04 9.275101e-01 -3.737969e-01
    outer loop
      vertex -4.352322e-03 1.750341e-02 -7.515122e-03
      vertex -3.289312e-03 1.782425e-02 -6.716291e-03
      vertex -2.156104e-03 1.746045e-02 -7.616099e-03
    endloop
  endfacet
  facet normal -4.695670e-04 9.619425e-01 -2.732515e-01
    outer loop
      vertex -5.134536e-03 1.817516e-02 -5.720367e-03
      vertex -3.128858e-03 1.839901e-02 -4.935755e-03
      vertex -2.527154e-03 1.825116e-02 -5.457280e-03
    endloop
  endfacet
  facet normal -5.852384e-03 9.930962e-01 -1.171565e-01
    outer loop
      vertex -1.694798e-03 1.891652e-02 -2.241943e-03
      vertex -3.911072e-03 1.882209e-02 -2.931707e-03
      vertex -2.667552e-03 1.896244e-02 -1.804156e-03
    endloop
  endfacet
  facet normal -4.061376e-03 9.999506e-01 -9.075716e-03
    outer loop
      vertex -2.647495e-03 1.904590e-02 3.280693e-04
      vertex -1.444088e-03 1.904522e-02 -2.858978e-04
      vertex -3.640306e-03 1.903181e-02 -7.802309e-04
    endloop
  endfacet
  facet normal -4.484681e-04 3.207070e-01 9.471784e-01
    outer loop
      vertex -1.484202e-03 6.187362e-03 1.801594e-02
      vertex 2.842171e-17 5.664887e-03 1.819355e-02
      vertex -2.282511e-08 6.555910e-03 1.789186e-02
    endloop
  endfacet
  facet normal -1.819917e-04 -9.472442e-01 3.205128e-01
    outer loop
      vertex -1.283634e-03 -1.795931e-02 6.356436e-03
      vertex 7.105427e-18 -1.819355e-02 5.664887e-03
      vertex 2.131628e-17 -1.789405e-02 6.550029e-03
    endloop
  endfacet
  facet normal -4.083767e-05 -3.208827e-01 -9.471189e-01
    outer loop
      vertex -1.484202e-03 -6.177152e-03 -1.802016e-02
      vertex -3.827060e-10 -5.682250e-03 -1.818790e-02
      vertex -3.734772e-09 -6.554336e-03 -1.789244e-02
    endloop
  endfacet
  facet normal 5.188394e-03 9.301174e-01 3.672257e-01
    outer loop
      vertex -4.332264e-03 1.757659e-02 7.344837e-03
      vertex -5.134536e-03 1.785205e-02 6.658497e-03
      vertex -5.134536e-03 1.757460e-02 7.361206e-03
    endloop
  endfacet
  facet normal -1.792053e-03 7.205950e-01 6.933539e-01
    outer loop
      vertex -3.891015e-03 1.348521e-02 1.345389e-02
      vertex -5.134536e-03 1.402279e-02 1.289197e-02
      vertex -5.165094e-03 1.327668e-02 1.366732e-02
    endloop
  endfacet
  facet normal -4.840780e-04 5.642625e-01 8.255953e-01
    outer loop
      vertex -2.983446e-03 1.111055e-02 1.547248e-02
      vertex -5.128831e-03 1.132584e-02 1.532408e-02
      vertex -4.143531e-03 1.018633e-02 1.610346e-02
    endloop
  endfacet
  facet normal -1.202323e-03 1.717762e-01 9.851353e-01
    outer loop
      vertex -3.391270e-03 3.337976e-03 1.875627e-02
      vertex -5.166895e-03 3.789368e-03 1.867540e-02
      vertex -5.135279e-03 2.803701e-03 1.884730e-02
    endloop
  endfacet
  facet normal 5.503552e-03 1.504766e-01 9.885983e-01
    outer loop
      vertex -2.828006e-03 2.362022e-03 1.890169e-02
      vertex -3.391270e-03 3.337976e-03 1.875627e-02
      vertex -5.135279e-03 2.803701e-03 1.884730e-02
    endloop
  endfacet
  facet normal -1.342469e-04 1.215169e-01 9.925894e-01
    outer loop
      vertex -2.828006e-03 2.362022e-03 1.890169e-02
      vertex -5.135279e-03 2.803701e-03 1.884730e-02
      vertex -5.239337e-03 2.056486e-03 1.893877e-02
    endloop
  endfacet
  facet normal 1.186498e-03 -8.137929e-01 5.811537e-01
    outer loop
      vertex -3.981271e-03 -1.535160e-02 1.127530e-02
      vertex -5.134536e-03 -1.529892e-02 1.135144e-02
      vertex -5.127717e-03 -1.585289e-02 1.057569e-02
    endloop
  endfacet
  facet normal 1.288528e-02 -8.226836e-01 5.683535e-01
    outer loop
      vertex -3.981271e-03 -1.535160e-02 1.127530e-02
      vertex -5.127717e-03 -1.585289e-02 1.057569e-02
      vertex -4.031413e-03 -1.597152e-02 1.037912e-02
    endloop
  endfacet
  facet normal 2.102482e-03 -8.509354e-01 5.252661e-01
    outer loop
      vertex -4.031413e-03 -1.597152e-02 1.037912e-02
      vertex -5.127717e-03 -1.585289e-02 1.057569e-02
      vertex -5.134536e-03 -1.646700e-02 9.580853e-03
    endloop
  endfacet
  facet normal -2.290555e-03 -9.890980e-01 1.472410e-01
    outer loop
      vertex -3.911072e-03 -1.882209e-02 2.931707e-03
      vertex -5.134536e-03 -1.877126e-02 3.254158e-03
      vertex -5.134536e-03 -1.890342e-02 2.366341e-03
    endloop
  endfacet
  facet normal 6.014709e-03 -5.558754e-01 -8.312438e-01
    outer loop
      vertex -3.419681e-03 -1.097759e-02 -1.556778e-02
      vertex -5.191069e-03 -1.080882e-02 -1.569346e-02
      vertex -4.191867e-03 -1.041687e-02 -1.594834e-02
    endloop
  endfacet
  facet normal -1.813533e-02 6.818656e-01 -7.312526e-01
    outer loop
      vertex -4.963579e-03 1.275656e-02 -1.415196e-02
      vertex -5.171241e-03 1.287241e-02 -1.403878e-02
      vertex -5.134536e-03 1.322560e-02 -1.371036e-02
    endloop
  endfacet
  facet normal -3.027793e-03 8.169226e-01 -5.767394e-01
    outer loop
      vertex -3.239170e-03 1.558083e-02 -1.095887e-02
      vertex -5.143327e-03 1.515983e-02 -1.154520e-02
      vertex -5.134536e-03 1.585907e-02 -1.055481e-02
    endloop
  endfacet
  facet normal -2.290555e-03 9.890980e-01 -1.472410e-01
    outer loop
      vertex -3.911072e-03 1.882209e-02 -2.931707e-03
      vertex -5.134536e-03 1.877126e-02 -3.254158e-03
      vertex -5.134536e-03 1.890342e-02 -2.366341e-03
    endloop
  endfacet
  facet normal -9.386304e-03 9.888399e-01 1.486862e-01
    outer loop
      vertex 2.842171e-17 1.883050e-02 2.901127e-03
      vertex -1.444088e-03 1.891891e-02 2.221971e-03
      vertex -1.113151e-03 1.875798e-02 3.313147e-03
    endloop
  endfacet
  facet normal -1.869594e-02 9.617982e-01 2.731204e-01
    outer loop
      vertex 2.842171e-17 1.845026e-02 4.760892e-03
      vertex -1.158279e-03 1.854899e-02 4.333911e-03
      vertex 1.421085e-17 1.819355e-02 5.664887e-03
    endloop
  endfacet
  facet normal -6.077697e-03 9.351263e-01 3.542625e-01
    outer loop
      vertex 2.131628e-17 1.789405e-02 6.550029e-03
      vertex -1.599528e-03 1.797577e-02 6.306880e-03
      vertex -8.824983e-04 1.774538e-02 6.927315e-03
    endloop
  endfacet
  facet normal 6.027550e-03 9.136930e-01 4.063603e-01
    outer loop
      vertex -5.134536e-03 1.757460e-02 7.361206e-03
      vertex -5.134536e-03 1.724517e-02 8.101939e-03
      vertex -4.332264e-03 1.757659e-02 7.344837e-03
    endloop
  endfacet
  facet normal -8.292975e-03 9.020651e-01 4.315204e-01
    outer loop
      vertex 7.105427e-18 1.717146e-02 8.258963e-03
      vertex -1.253549e-03 1.737316e-02 7.813247e-03
      vertex -1.223464e-03 1.699219e-02 8.610202e-03
    endloop
  endfacet
  facet normal 3.602640e-04 8.651034e-01 5.015934e-01
    outer loop
      vertex -5.134536e-03 1.669401e-02 9.180469e-03
      vertex -5.134536e-03 1.626138e-02 9.926631e-03
      vertex -4.121668e-03 1.665174e-02 9.252629e-03
    endloop
  endfacet
  facet normal 1.804597e-03 8.326080e-01 5.538599e-01
    outer loop
      vertex -5.131522e-03 1.560507e-02 1.093631e-02
      vertex -3.419681e-03 1.570603e-02 1.077897e-02
      vertex -4.171810e-03 1.596622e-02 1.039027e-02
    endloop
  endfacet
  facet normal 7.445843e-03 7.578884e-01 6.523417e-01
    outer loop
      vertex -5.134005e-03 1.476570e-02 1.204299e-02
      vertex -4.031413e-03 1.403781e-02 1.287607e-02
      vertex -4.131697e-03 1.479522e-02 1.199725e-02
    endloop
  endfacet
  facet normal 5.183954e-03 6.996163e-01 7.145000e-01
    outer loop
      vertex -5.165094e-03 1.327668e-02 1.366732e-02
      vertex -3.499908e-03 1.305241e-02 1.387483e-02
      vertex -3.891015e-03 1.348521e-02 1.345389e-02
    endloop
  endfacet
  facet normal -1.292811e-03 6.739708e-01 7.387568e-01
    outer loop
      vertex -5.165094e-03 1.327668e-02 1.366732e-02
      vertex -5.199489e-03 1.241295e-02 1.445524e-02
      vertex -3.499908e-03 1.305241e-02 1.387483e-02
    endloop
  endfacet
  facet normal 5.168182e-04 6.289426e-01 7.774516e-01
    outer loop
      vertex -5.199489e-03 1.241295e-02 1.445524e-02
      vertex -3.284298e-03 1.166038e-02 1.506278e-02
      vertex -4.091583e-03 1.230039e-02 1.454556e-02
    endloop
  endfacet
  facet normal 5.824510e-03 5.077262e-01 8.614988e-01
    outer loop
      vertex -5.134536e-03 9.580853e-03 1.646700e-02
      vertex -4.081554e-03 9.308655e-03 1.662030e-02
      vertex -4.143531e-03 1.018633e-02 1.610346e-02
    endloop
  endfacet
  facet normal 3.981040e-03 3.667078e-01 9.303276e-01
    outer loop
      vertex -5.138644e-03 7.418642e-03 1.755398e-02
      vertex -5.134536e-03 6.659128e-03 1.785334e-02
      vertex -3.961214e-03 7.250100e-03 1.761538e-02
    endloop
  endfacet
  facet normal 1.458155e-02 3.062641e-01 9.518349e-01
    outer loop
      vertex -5.180590e-03 5.766570e-03 1.816557e-02
      vertex -3.794858e-03 5.156116e-03 1.834076e-02
      vertex -4.089014e-03 6.394117e-03 1.794692e-02
    endloop
  endfacet
  facet normal -1.870048e-02 2.737656e-01 9.616146e-01
    outer loop
      vertex 2.842171e-17 5.664887e-03 1.819355e-02
      vertex -1.484202e-03 6.187362e-03 1.801594e-02
      vertex -1.182763e-08 4.781792e-03 1.844496e-02
    endloop
  endfacet
  facet normal 7.721679e-03 2.468130e-01 9.690324e-01
    outer loop
      vertex -5.133000e-03 4.655837e-03 1.847884e-02
      vertex -3.697130e-03 4.256180e-03 1.856919e-02
      vertex -3.794858e-03 5.156116e-03 1.834076e-02
    endloop
  endfacet
  facet normal 2.070555e-04 2.212147e-01 9.752251e-01
    outer loop
      vertex -5.133000e-03 4.655837e-03 1.847884e-02
      vertex -5.166895e-03 3.789368e-03 1.867540e-02
      vertex -3.697130e-03 4.256180e-03 1.856919e-02
    endloop
  endfacet
  facet normal -9.089536e-03 -2.495157e-01 9.683281e-01
    outer loop
      vertex 3.142613e-10 -4.790246e-03 1.844228e-02
      vertex -1.158279e-03 -4.333911e-03 1.854899e-02
      vertex -1.338790e-03 -5.266869e-03 1.830689e-02
    endloop
  endfacet
  facet normal -1.095100e-02 -3.078609e-01 9.513684e-01
    outer loop
      vertex 3.635231e-10 -5.682076e-03 1.818794e-02
      vertex -1.338790e-03 -5.266869e-03 1.830689e-02
      vertex -9.526971e-04 -6.402491e-03 1.794385e-02
    endloop
  endfacet
  facet normal 1.243566e-02 -3.009119e-01 9.535709e-01
    outer loop
      vertex -5.192590e-03 -5.365974e-03 1.828452e-02
      vertex -5.114977e-03 -6.137449e-03 1.804006e-02
      vertex -4.212385e-03 -5.089612e-03 1.835895e-02
    endloop
  endfacet
  facet normal -6.004127e-03 -3.544124e-01 9.350699e-01
    outer loop
      vertex 2.131628e-17 -6.550029e-03 1.789405e-02
      vertex -9.526971e-04 -6.402491e-03 1.794385e-02
      vertex -8.824983e-04 -6.927315e-03 1.774538e-02
    endloop
  endfacet
  facet normal 1.628931e-02 -4.047112e-01 9.142994e-01
    outer loop
      vertex -5.128796e-03 -8.085358e-03 1.726016e-02
      vertex -4.267236e-03 -8.334142e-03 1.713469e-02
      vertex -4.258570e-03 -7.126653e-03 1.766902e-02
    endloop
  endfacet
  facet normal -9.109268e-03 -4.334038e-01 9.011538e-01
    outer loop
      vertex 1.421085e-17 -8.258963e-03 1.717146e-02
      vertex -1.253549e-03 -7.813247e-03 1.737316e-02
      vertex -1.263577e-03 -8.688275e-03 1.695222e-02
    endloop
  endfacet
  facet normal -1.996568e-03 -5.516690e-01 8.340608e-01
    outer loop
      vertex -5.124095e-03 -9.897348e-03 1.628529e-02
      vertex -5.134536e-03 -1.093320e-02 1.560012e-02
      vertex -4.282123e-03 -1.020132e-02 1.608625e-02
    endloop
  endfacet
  facet normal 8.667995e-04 -5.940749e-01 8.044093e-01
    outer loop
      vertex -5.134536e-03 -1.166996e-02 1.505601e-02
      vertex -4.131697e-03 -1.169158e-02 1.503896e-02
      vertex -5.134536e-03 -1.093320e-02 1.560012e-02
    endloop
  endfacet
  facet normal 5.266640e-03 -6.601547e-01 7.511112e-01
    outer loop
      vertex -5.208110e-03 -1.240592e-02 1.445927e-02
      vertex -4.031413e-03 -1.287607e-02 1.403781e-02
      vertex -4.292151e-03 -1.234266e-02 1.450846e-02
    endloop
  endfacet
  facet normal 4.099430e-03 -7.119019e-01 7.022670e-01
    outer loop
      vertex -5.208880e-03 -1.354150e-02 1.340030e-02
      vertex -3.499908e-03 -1.387483e-02 1.305241e-02
      vertex -4.959795e-03 -1.333890e-02 1.360422e-02
    endloop
  endfacet
  facet normal -1.122663e-04 -7.704595e-01 6.374890e-01
    outer loop
      vertex -5.130978e-03 -1.433444e-02 1.255322e-02
      vertex -5.134536e-03 -1.491568e-02 1.185075e-02
      vertex -3.349482e-03 -1.449809e-02 1.235575e-02
    endloop
  endfacet
  facet normal -7.431362e-03 -9.188520e-01 3.945324e-01
    outer loop
      vertex 2.131628e-17 -1.755296e-02 7.415120e-03
      vertex -9.827822e-04 -1.739147e-02 7.772694e-03
      vertex -1.313719e-03 -1.766958e-02 7.118764e-03
    endloop
  endfacet
  facet normal -6.993242e-04 -9.186231e-01 3.951342e-01
    outer loop
      vertex -5.134536e-03 -1.731763e-02 7.944228e-03
      vertex -5.134536e-03 -1.768407e-02 7.092324e-03
      vertex -3.269255e-03 -1.747017e-02 7.592920e-03
    endloop
  endfacet
  facet normal -2.836375e-02 -9.615793e-01 2.730582e-01
    outer loop
      vertex 7.105427e-18 -1.819355e-02 5.664887e-03
      vertex -1.283634e-03 -1.795931e-02 6.356436e-03
      vertex 3.552714e-17 -1.845026e-02 4.760892e-03
    endloop
  endfacet
  facet normal -4.179912e-03 -9.992868e-01 -3.752778e-02
    outer loop
      vertex 2.842171e-17 -1.902521e-02 -9.803105e-04
      vertex -1.213435e-03 -1.904227e-02 -3.909523e-04
      vertex -1.704826e-03 -1.900877e-02 -1.228324e-03
    endloop
  endfacet
  facet normal -6.077697e-03 -9.351263e-01 -3.542625e-01
    outer loop
      vertex 3.552714e-17 -1.789405e-02 -6.550029e-03
      vertex -1.599528e-03 -1.797577e-02 -6.306880e-03
      vertex -8.824983e-04 -1.774538e-02 -6.927315e-03
    endloop
  endfacet
  facet normal -9.239791e-03 -9.010077e-01 -4.337047e-01
    outer loop
      vertex 2.842171e-17 -1.717146e-02 -8.258963e-03
      vertex -1.253549e-03 -1.737316e-02 -7.813247e-03
      vertex -1.233492e-03 -1.695146e-02 -8.689737e-03
    endloop
  endfacet
  facet normal -1.946522e-03 -7.476944e-01 -6.640401e-01
    outer loop
      vertex -5.109374e-03 -1.469960e-02 -1.212504e-02
      vertex -5.119882e-03 -1.379997e-02 -1.313797e-02
      vertex -4.292151e-03 -1.450846e-02 -1.234266e-02
    endloop
  endfacet
  facet normal 6.813985e-03 -6.284796e-01 -7.777963e-01
    outer loop
      vertex -5.137554e-03 -1.175733e-02 -1.499354e-02
      vertex -4.051470e-03 -1.166671e-02 -1.505724e-02
      vertex -4.091583e-03 -1.230039e-02 -1.454556e-02
    endloop
  endfacet
  facet normal -1.757828e-02 -4.107035e-01 -9.115995e-01
    outer loop
      vertex -3.747982e-10 -7.395250e-03 -1.756108e-02
      vertex -1.077472e-07 -8.230891e-03 -1.718460e-02
      vertex -1.303691e-03 -6.950680e-03 -1.773624e-02
    endloop
  endfacet
  facet normal 1.472314e-02 -3.571872e-01 -9.339168e-01
    outer loop
      vertex -5.197253e-03 -6.845118e-03 -1.778538e-02
      vertex -3.630277e-03 -6.096930e-03 -1.804683e-02
      vertex -4.276986e-03 -7.447924e-03 -1.754032e-02
    endloop
  endfacet
  facet normal 9.923719e-03 -2.966097e-01 -9.549472e-01
    outer loop
      vertex -5.134211e-03 -5.658551e-03 -1.819862e-02
      vertex -3.794858e-03 -5.156116e-03 -1.834076e-02
      vertex -3.630277e-03 -6.096930e-03 -1.804683e-02
    endloop
  endfacet
  facet normal -1.713410e-02 -2.744747e-01 -9.614417e-01
    outer loop
      vertex -3.827060e-10 -5.682250e-03 -1.818790e-02
      vertex -1.484202e-03 -6.177152e-03 -1.802016e-02
      vertex -1.182761e-08 -4.781792e-03 -1.844496e-02
    endloop
  endfacet
  facet normal 7.415418e-03 -2.467823e-01 -9.690426e-01
    outer loop
      vertex -5.132004e-03 -4.389688e-03 -1.854618e-02
      vertex -3.697130e-03 -4.256180e-03 -1.856919e-02
      vertex -3.794858e-03 -5.156116e-03 -1.834076e-02
    endloop
  endfacet
  facet normal 2.013325e-04 -8.842428e-02 -9.960829e-01
    outer loop
      vertex -5.198575e-03 -2.196776e-03 -1.892618e-02
      vertex -5.203558e-03 -1.240621e-03 -1.901106e-02
      vertex -3.901044e-03 -1.968499e-03 -1.894619e-02
    endloop
  endfacet
  facet normal -2.505365e-03 3.639143e-02 -9.993345e-01
    outer loop
      vertex 1.519699e-11 9.583321e-04 -1.902615e-02
      vertex -1.343804e-03 4.358540e-04 -1.904181e-02
      vertex -1.488221e-03 1.154949e-03 -1.901526e-02
    endloop
  endfacet
  facet normal -1.098524e-02 3.078713e-01 -9.513646e-01
    outer loop
      vertex 2.842171e-17 5.664887e-03 -1.819355e-02
      vertex -1.338790e-03 5.266869e-03 -1.830689e-02
      vertex -9.526971e-04 6.402491e-03 -1.794385e-02
    endloop
  endfacet
  facet normal -5.643701e-03 3.543710e-01 -9.350879e-01
    outer loop
      vertex -9.371963e-10 6.536215e-03 -1.789893e-02
      vertex -9.526971e-04 6.402491e-03 -1.794385e-02
      vertex -8.824983e-04 6.927315e-03 -1.774538e-02
    endloop
  endfacet
  facet normal 1.692749e-02 3.335717e-01 -9.425728e-01
    outer loop
      vertex -5.182157e-03 6.890742e-03 -1.776910e-02
      vertex -4.258565e-03 7.126654e-03 -1.766902e-02
      vertex -5.134536e-03 5.943163e-03 -1.810358e-02
    endloop
  endfacet
  facet normal -9.107326e-03 4.334038e-01 -9.011538e-01
    outer loop
      vertex -9.304730e-10 8.258180e-03 -1.717184e-02
      vertex -1.253549e-03 7.813247e-03 -1.737316e-02
      vertex -1.263577e-03 8.688275e-03 -1.695222e-02
    endloop
  endfacet
  facet normal 5.265715e-03 5.243793e-01 -8.514685e-01
    outer loop
      vertex -5.134536e-03 1.036318e-02 -1.598520e-02
      vertex -3.922126e-03 1.059170e-02 -1.583697e-02
      vertex -5.134536e-03 9.580853e-03 -1.646700e-02
    endloop
  endfacet
  facet normal -1.744834e-03 6.010757e-01 -7.991902e-01
    outer loop
      vertex -5.118638e-03 1.191623e-02 -1.486785e-02
      vertex -4.131697e-03 1.169158e-02 -1.503896e-02
      vertex -5.134536e-03 1.107386e-02 -1.550136e-02
    endloop
  endfacet
  facet normal 3.697328e-03 7.805632e-01 -6.250659e-01
    outer loop
      vertex -5.143327e-03 1.515983e-02 -1.154520e-02
      vertex -4.021384e-03 1.505774e-02 -1.166606e-02
      vertex -3.269255e-03 1.455319e-02 -1.229167e-02
    endloop
  endfacet
  facet normal 9.302098e-03 8.871959e-01 -4.612991e-01
    outer loop
      vertex -5.134536e-03 1.691275e-02 -8.774862e-03
      vertex -4.101612e-03 1.710752e-02 -8.379439e-03
      vertex -4.151753e-03 1.671862e-02 -9.128391e-03
    endloop
  endfacet
  facet normal -1.203769e-02 9.111416e-01 -4.119176e-01
    outer loop
      vertex 2.842171e-17 1.755296e-02 -7.415120e-03
      vertex 2.842171e-17 1.717146e-02 -8.258963e-03
      vertex -1.313719e-03 1.766958e-02 -7.118764e-03
    endloop
  endfacet
  facet normal -3.914433e-02 -6.445355e-01 -7.635717e-01
    outer loop
      vertex -5.137554e-03 -1.175733e-02 -1.499354e-02
      vertex -5.120181e-03 -1.276669e-02 -1.414242e-02
      vertex -5.249397e-03 -1.231071e-02 -1.452069e-02
    endloop
  endfacet
  facet normal -4.072298e-02 -6.964595e-01 -7.164397e-01
    outer loop
      vertex -5.120181e-03 -1.276669e-02 -1.414242e-02
      vertex -5.119882e-03 -1.379997e-02 -1.313797e-02
      vertex -5.248603e-03 -1.312309e-02 -1.378866e-02
    endloop
  endfacet
  facet normal 7.542880e-01 6.517787e-01 7.895632e-02
    outer loop
      vertex 2.368598e-04 -8.058317e-03 6.285125e-04
      vertex 2.609089e-04 -8.008080e-03 -1.594267e-05
      vertex 5.798309e-05 -7.822936e-03 3.943049e-04
    endloop
  endfacet
  facet normal 6.838585e-01 7.295589e-01 9.016892e-03
    outer loop
      vertex 5.798309e-05 -7.822936e-03 3.943049e-04
      vertex 2.609089e-04 -8.008080e-03 -1.594267e-05
      vertex 5.896298e-05 -7.813931e-03 -4.085369e-04
    endloop
  endfacet
  facet normal 9.559316e-01 2.935556e-01 4.459054e-03
    outer loop
      vertex 5.798309e-05 -7.822936e-03 3.943049e-04
      vertex 5.896298e-05 -7.813931e-03 -4.085369e-04
      vertex 3.720976e-06 -7.646926e-03 4.396630e-04
    endloop
  endfacet
  facet normal 9.517639e-01 3.068272e-01 1.574515e-03
    outer loop
      vertex 3.720976e-06 -7.646926e-03 4.396630e-04
      vertex 5.896298e-05 -7.813931e-03 -4.085369e-04
      vertex 4.961302e-06 -7.646260e-03 -4.399015e-04
    endloop
  endfacet
  facet normal 2.268807e-01 9.702844e-01 8.410375e-02
    outer loop
      vertex 2.609089e-04 -8.008080e-03 -1.594267e-05
      vertex 2.368598e-04 -8.058317e-03 6.285125e-04
      vertex 4.568050e-04 -8.085793e-03 3.521695e-04
    endloop
  endfacet
  facet normal 3.974470e-01 8.888600e-01 2.279557e-01
    outer loop
      vertex 4.568050e-04 -8.085793e-03 3.521695e-04
      vertex 2.368598e-04 -8.058317e-03 6.285125e-04
      vertex 4.468252e-04 -8.197365e-03 8.046159e-04
    endloop
  endfacet
  facet normal 6.556745e-01 7.210767e-01 2.239180e-01
    outer loop
      vertex 2.368598e-04 -8.058317e-03 6.285125e-04
      vertex 5.798309e-05 -7.822936e-03 3.943049e-04
      vertex 7.486340e-05 -8.064288e-03 1.122097e-03
    endloop
  endfacet
  facet normal 9.582100e-01 2.774256e-01 6.977611e-02
    outer loop
      vertex 7.486340e-05 -8.064288e-03 1.122097e-03
      vertex 5.798309e-05 -7.822936e-03 3.943049e-04
      vertex 3.720976e-06 -7.646926e-03 4.396630e-04
    endloop
  endfacet
  facet normal 4.135907e-01 8.069487e-01 4.216357e-01
    outer loop
      vertex 4.468252e-04 -8.197365e-03 8.046159e-04
      vertex 2.036498e-04 -8.379119e-03 1.391002e-03
      vertex 4.071657e-04 -8.433854e-03 1.296124e-03
    endloop
  endfacet
  facet normal 2.640940e-01 8.848519e-01 3.837857e-01
    outer loop
      vertex 4.468252e-04 -8.197365e-03 8.046159e-04
      vertex 2.368598e-04 -8.058317e-03 6.285125e-04
      vertex 2.036498e-04 -8.379119e-03 1.391002e-03
    endloop
  endfacet
  facet normal 7.909257e-01 5.509514e-01 2.662500e-01
    outer loop
      vertex 2.368598e-04 -8.058317e-03 6.285125e-04
      vertex 7.486340e-05 -8.064288e-03 1.122097e-03
      vertex 2.036498e-04 -8.379119e-03 1.391002e-03
    endloop
  endfacet
  facet normal 9.125482e-01 3.842976e-01 1.398969e-01
    outer loop
      vertex 7.486340e-05 -8.064288e-03 1.122097e-03
      vertex 3.720976e-06 -7.646926e-03 4.396630e-04
      vertex 4.961302e-06 -8.033547e-03 1.493624e-03
    endloop
  endfacet
  facet normal 4.542186e-01 6.689220e-01 5.884122e-01
    outer loop
      vertex 2.651299e-04 -8.722106e-03 1.733459e-03
      vertex 4.071657e-04 -8.433854e-03 1.296124e-03
      vertex 2.036498e-04 -8.379119e-03 1.391002e-03
    endloop
  endfacet
  facet normal 6.455698e-01 6.312360e-01 4.298614e-01
    outer loop
      vertex 2.036498e-04 -8.379119e-03 1.391002e-03
      vertex 7.486340e-05 -8.064288e-03 1.122097e-03
      vertex 3.923944e-05 -8.633274e-03 2.011133e-03
    endloop
  endfacet
  facet normal 9.661566e-01 1.979486e-01 1.654020e-01
    outer loop
      vertex 7.486340e-05 -8.064288e-03 1.122097e-03
      vertex 4.961302e-06 -8.033547e-03 1.493624e-03
      vertex 3.923944e-05 -8.633274e-03 2.011133e-03
    endloop
  endfacet
  facet normal 7.267864e-01 5.461578e-01 4.165251e-01
    outer loop
      vertex 2.651299e-04 -8.722106e-03 1.733459e-03
      vertex 2.036498e-04 -8.379119e-03 1.391002e-03
      vertex 3.923944e-05 -8.633274e-03 2.011133e-03
    endloop
  endfacet
  facet normal 7.673371e-01 4.099470e-01 4.930895e-01
    outer loop
      vertex 2.656002e-04 -9.096780e-03 2.044226e-03
      vertex 2.651299e-04 -8.722106e-03 1.733459e-03
      vertex 3.923944e-05 -8.633274e-03 2.011133e-03
    endloop
  endfacet
  facet normal 6.929733e-01 3.820770e-01 6.113962e-01
    outer loop
      vertex 2.656002e-04 -9.096780e-03 2.044226e-03
      vertex 3.923944e-05 -8.633274e-03 2.011133e-03
      vertex 5.802759e-05 -9.332303e-03 2.426679e-03
    endloop
  endfacet
  facet normal 9.808727e-01 1.182679e-01 1.546012e-01
    outer loop
      vertex 5.802759e-05 -9.332303e-03 2.426679e-03
      vertex 3.923944e-05 -8.633274e-03 2.011133e-03
      vertex 2.131628e-17 -8.816710e-03 2.400414e-03
    endloop
  endfacet
  facet normal 3.621320e-01 4.739988e-01 8.026117e-01
    outer loop
      vertex 4.077637e-04 -9.444324e-03 2.185332e-03
      vertex 2.656002e-04 -9.096780e-03 2.044226e-03
      vertex 9.015181e-05 -9.789172e-03 2.532293e-03
    endloop
  endfacet
  facet normal 8.113650e-01 1.852155e-01 5.544204e-01
    outer loop
      vertex 9.015181e-05 -9.789172e-03 2.532293e-03
      vertex 2.656002e-04 -9.096780e-03 2.044226e-03
      vertex 5.802759e-05 -9.332303e-03 2.426679e-03
    endloop
  endfacet
  facet normal 9.493593e-01 1.216034e-01 2.897058e-01
    outer loop
      vertex 5.802759e-05 -9.332303e-03 2.426679e-03
      vertex 2.131628e-17 -8.816710e-03 2.400414e-03
      vertex 2.509514e-06 -9.734077e-03 2.777254e-03
    endloop
  endfacet
  facet normal 5.985637e-01 2.228728e-01 7.694474e-01
    outer loop
      vertex 4.077637e-04 -9.444324e-03 2.185332e-03
      vertex 9.015181e-05 -9.789172e-03 2.532293e-03
      vertex 3.582645e-04 -9.863909e-03 2.345372e-03
    endloop
  endfacet
  facet normal 9.420450e-01 1.370290e-01 3.062259e-01
    outer loop
      vertex 9.015181e-05 -9.789172e-03 2.532293e-03
      vertex 5.802759e-05 -9.332303e-03 2.426679e-03
      vertex 2.509514e-06 -9.734077e-03 2.777254e-03
    endloop
  endfacet
  facet normal 4.521028e-01 1.805996e-01 8.734912e-01
    outer loop
      vertex 4.113024e-04 -1.031658e-02 2.411513e-03
      vertex 3.582645e-04 -9.863909e-03 2.345372e-03
      vertex 1.443020e-04 -1.035200e-02 2.557032e-03
    endloop
  endfacet
  facet normal 5.865835e-01 9.180390e-02 8.046688e-01
    outer loop
      vertex 3.582645e-04 -9.863909e-03 2.345372e-03
      vertex 9.015181e-05 -9.789172e-03 2.532293e-03
      vertex 1.443020e-04 -1.035200e-02 2.557032e-03
    endloop
  endfacet
  facet normal 8.367445e-01 1.041332e-01 5.376011e-01
    outer loop
      vertex 1.443020e-04 -1.035200e-02 2.557032e-03
      vertex 9.015181e-05 -9.789172e-03 2.532293e-03
      vertex 3.783626e-06 -1.062886e-02 2.829367e-03
    endloop
  endfacet
  facet normal 9.428183e-01 2.071715e-02 3.326625e-01
    outer loop
      vertex 9.015181e-05 -9.789172e-03 2.532293e-03
      vertex 2.509514e-06 -9.734077e-03 2.777254e-03
      vertex 3.783626e-06 -1.062886e-02 2.829367e-03
    endloop
  endfacet
  facet normal 4.844949e-01 -6.956919e-02 8.720234e-01
    outer loop
      vertex 4.113024e-04 -1.031658e-02 2.411513e-03
      vertex 1.443020e-04 -1.035200e-02 2.557032e-03
      vertex 3.607502e-04 -1.080839e-02 2.400364e-03
    endloop
  endfacet
  facet normal 5.172809e-01 -4.799357e-02 8.544689e-01
    outer loop
      vertex 3.607502e-04 -1.080839e-02 2.400364e-03
      vertex 1.443020e-04 -1.035200e-02 2.557032e-03
      vertex 1.163412e-04 -1.111140e-02 2.531306e-03
    endloop
  endfacet
  facet normal 9.065599e-01 -4.758728e-02 4.193860e-01
    outer loop
      vertex 1.163412e-04 -1.111140e-02 2.531306e-03
      vertex 1.443020e-04 -1.035200e-02 2.557032e-03
      vertex 3.783626e-06 -1.062886e-02 2.829367e-03
    endloop
  endfacet
  facet normal 2.201558e-01 -1.894275e-01 9.568953e-01
    outer loop
      vertex 3.607502e-04 -1.080839e-02 2.400364e-03
      vertex 2.434766e-04 -1.141487e-02 2.307285e-03
      vertex 4.610944e-04 -1.124381e-02 2.291080e-03
    endloop
  endfacet
  facet normal 6.708601e-01 -2.375373e-01 7.025117e-01
    outer loop
      vertex 2.434766e-04 -1.141487e-02 2.307285e-03
      vertex 3.607502e-04 -1.080839e-02 2.400364e-03
      vertex 1.163412e-04 -1.111140e-02 2.531306e-03
    endloop
  endfacet
  facet normal 8.420508e-01 -1.273471e-01 5.241499e-01
    outer loop
      vertex 1.163412e-04 -1.111140e-02 2.531306e-03
      vertex 3.783626e-06 -1.062886e-02 2.829367e-03
      vertex 1.999849e-05 -1.142005e-02 2.611089e-03
    endloop
  endfacet
  facet normal 3.637393e-01 -3.822721e-01 8.494479e-01
    outer loop
      vertex 4.610944e-04 -1.124381e-02 2.291080e-03
      vertex 2.434766e-04 -1.141487e-02 2.307285e-03
      vertex 4.456030e-04 -1.161039e-02 2.132744e-03
    endloop
  endfacet
  facet normal 5.961091e-01 -3.000254e-01 7.447407e-01
    outer loop
      vertex 2.434766e-04 -1.141487e-02 2.307285e-03
      vertex 1.163412e-04 -1.111140e-02 2.531306e-03
      vertex 3.853625e-05 -1.210091e-02 2.194950e-03
    endloop
  endfacet
  facet normal 9.140531e-01 -1.931122e-01 3.566715e-01
    outer loop
      vertex 1.163412e-04 -1.111140e-02 2.531306e-03
      vertex 1.999849e-05 -1.142005e-02 2.611089e-03
      vertex 3.853625e-05 -1.210091e-02 2.194950e-03
    endloop
  endfacet
  facet normal 9.862956e-01 -6.565795e-02 1.513603e-01
    outer loop
      vertex 3.853625e-05 -1.210091e-02 2.194950e-03
      vertex 1.999849e-05 -1.142005e-02 2.611089e-03
      vertex 2.398082e-17 -1.190790e-02 2.529784e-03
    endloop
  endfacet
  facet normal 1.947628e-01 -5.334434e-01 8.231073e-01
    outer loop
      vertex 4.456030e-04 -1.161039e-02 2.132744e-03
      vertex 2.434766e-04 -1.141487e-02 2.307285e-03
      vertex 4.061053e-04 -1.193988e-02 1.928552e-03
    endloop
  endfacet
  facet normal 3.016317e-01 -4.945748e-01 8.151160e-01
    outer loop
      vertex 4.061053e-04 -1.193988e-02 1.928552e-03
      vertex 2.434766e-04 -1.141487e-02 2.307285e-03
      vertex 2.126140e-04 -1.217169e-02 1.859505e-03
    endloop
  endfacet
  facet normal 8.107503e-01 -3.222247e-01 4.887282e-01
    outer loop
      vertex 2.126140e-04 -1.217169e-02 1.859505e-03
      vertex 2.434766e-04 -1.141487e-02 2.307285e-03
      vertex 3.853625e-05 -1.210091e-02 2.194950e-03
    endloop
  endfacet
  facet normal 4.901178e-01 -5.980100e-01 6.341676e-01
    outer loop
      vertex 4.061053e-04 -1.193988e-02 1.928552e-03
      vertex 2.126140e-04 -1.217169e-02 1.859505e-03
      vertex 4.178584e-04 -1.233975e-02 1.542403e-03
    endloop
  endfacet
  facet normal 7.074861e-01 -5.213330e-01 4.771532e-01
    outer loop
      vertex 2.126140e-04 -1.217169e-02 1.859505e-03
      vertex 3.853625e-05 -1.210091e-02 2.194950e-03
      vertex 3.517652e-05 -1.282083e-02 1.413349e-03
    endloop
  endfacet
  facet normal 2.239299e-01 -7.937009e-01 5.655920e-01
    outer loop
      vertex 4.178584e-04 -1.233975e-02 1.542403e-03
      vertex 2.126140e-04 -1.217169e-02 1.859505e-03
      vertex 2.609165e-04 -1.266620e-02 1.146428e-03
    endloop
  endfacet
  facet normal 7.868165e-01 -4.809290e-01 3.868167e-01
    outer loop
      vertex 2.609165e-04 -1.266620e-02 1.146428e-03
      vertex 2.126140e-04 -1.217169e-02 1.859505e-03
      vertex 3.517652e-05 -1.282083e-02 1.413349e-03
    endloop
  endfacet
  facet normal 6.178038e-01 -7.231517e-01 3.088205e-01
    outer loop
      vertex 3.578373e-04 -1.284840e-02 5.258713e-04
      vertex 2.609165e-04 -1.266620e-02 1.146428e-03
      vertex 8.009455e-05 -1.303785e-02 6.378779e-04
    endloop
  endfacet
  facet normal 7.180182e-01 -6.583658e-01 2.258415e-01
    outer loop
      vertex 2.609165e-04 -1.266620e-02 1.146428e-03
      vertex 3.517652e-05 -1.282083e-02 1.413349e-03
      vertex 8.009455e-05 -1.303785e-02 6.378779e-04
    endloop
  endfacet
  facet normal 9.814976e-01 -1.619363e-01 1.021716e-01
    outer loop
      vertex 8.009455e-05 -1.303785e-02 6.378779e-04
      vertex 3.517652e-05 -1.282083e-02 1.413349e-03
      vertex 1.953993e-17 -1.287791e-02 1.660791e-03
    endloop
  endfacet
  facet normal 9.278503e-01 -3.504985e-01 1.274540e-01
    outer loop
      vertex 8.009455e-05 -1.303785e-02 6.378779e-04
      vertex 1.953993e-17 -1.287791e-02 1.660791e-03
      vertex 4.961302e-06 -1.330874e-02 4.399015e-04
    endloop
  endfacet
  facet normal 5.902662e-01 -7.994802e-01 1.114326e-01
    outer loop
      vertex 3.578373e-04 -1.284840e-02 5.258713e-04
      vertex 8.009455e-05 -1.303785e-02 6.378779e-04
      vertex 6.489097e-05 -1.315649e-02 -1.327154e-04
    endloop
  endfacet
  facet normal 9.585083e-01 -2.839830e-01 2.480756e-02
    outer loop
      vertex 6.489097e-05 -1.315649e-02 -1.327154e-04
      vertex 8.009455e-05 -1.303785e-02 6.378779e-04
      vertex 4.961302e-06 -1.330874e-02 4.399015e-04
    endloop
  endfacet
  facet normal -9.665404e-02 -9.932854e-01 6.357750e-02
    outer loop
      vertex 4.539997e-04 -1.287098e-02 3.193328e-04
      vertex 3.578373e-04 -1.284840e-02 5.258713e-04
      vertex 3.962265e-04 -1.289531e-02 -1.485528e-04
    endloop
  endfacet
  facet normal 2.770844e-01 -9.573102e-01 8.234929e-02
    outer loop
      vertex 3.962265e-04 -1.289531e-02 -1.485528e-04
      vertex 3.578373e-04 -1.284840e-02 5.258713e-04
      vertex 2.154966e-04 -1.296586e-02 -3.606191e-04
    endloop
  endfacet
  facet normal 7.622718e-01 -6.462115e-01 -3.677487e-02
    outer loop
      vertex 3.578373e-04 -1.284840e-02 5.258713e-04
      vertex 6.489097e-05 -1.315649e-02 -1.327154e-04
      vertex 2.154966e-04 -1.296586e-02 -3.606191e-04
    endloop
  endfacet
  facet normal 9.029009e-01 -4.293981e-01 -1.967716e-02
    outer loop
      vertex 6.489097e-05 -1.315649e-02 -1.327154e-04
      vertex 4.961302e-06 -1.330874e-02 4.399015e-04
      vertex 4.961302e-06 -1.326062e-02 -6.101083e-04
    endloop
  endfacet
  facet normal 4.725532e-01 -8.741698e-01 -1.118957e-01
    outer loop
      vertex 3.962265e-04 -1.289531e-02 -1.485528e-04
      vertex 2.154966e-04 -1.296586e-02 -3.606191e-04
      vertex 4.371610e-04 -1.281062e-02 -6.373019e-04
    endloop
  endfacet
  facet normal 6.590191e-01 -7.312178e-01 -1.761088e-01
    outer loop
      vertex 2.154966e-04 -1.296586e-02 -3.606191e-04
      vertex 6.489097e-05 -1.315649e-02 -1.327154e-04
      vertex 5.898692e-05 -1.291890e-02 -1.141281e-03
    endloop
  endfacet
  facet normal 9.648420e-01 -2.545116e-01 -6.560266e-02
    outer loop
      vertex 5.898692e-05 -1.291890e-02 -1.141281e-03
      vertex 6.489097e-05 -1.315649e-02 -1.327154e-04
      vertex 4.961302e-06 -1.326062e-02 -6.101083e-04
    endloop
  endfacet
  facet normal 1.749417e-01 -9.118214e-01 -3.714529e-01
    outer loop
      vertex 4.371610e-04 -1.281062e-02 -6.373019e-04
      vertex 2.154966e-04 -1.296586e-02 -3.606191e-04
      vertex 4.142241e-04 -1.260544e-02 -1.151767e-03
    endloop
  endfacet
  facet normal 3.941934e-01 -8.696560e-01 -2.971701e-01
    outer loop
      vertex 4.142241e-04 -1.260544e-02 -1.151767e-03
      vertex 2.154966e-04 -1.296586e-02 -3.606191e-04
      vertex 1.877624e-04 -1.265712e-02 -1.300928e-03
    endloop
  endfacet
  facet normal 8.266030e-01 -5.270214e-01 -1.974231e-01
    outer loop
      vertex 1.877624e-04 -1.265712e-02 -1.300928e-03
      vertex 2.154966e-04 -1.296586e-02 -3.606191e-04
      vertex 5.898692e-05 -1.291890e-02 -1.141281e-03
    endloop
  endfacet
  facet normal 9.220092e-01 -3.614494e-01 -1.387563e-01
    outer loop
      vertex 5.898692e-05 -1.291890e-02 -1.141281e-03
      vertex 4.961302e-06 -1.326062e-02 -6.101083e-04
      vertex 4.961302e-06 -1.292145e-02 -1.493624e-03
    endloop
  endfacet
  facet normal 5.144833e-01 -6.541109e-01 -5.544780e-01
    outer loop
      vertex 2.591742e-04 -1.220461e-02 -1.768483e-03
      vertex 4.142241e-04 -1.260544e-02 -1.151767e-03
      vertex 1.877624e-04 -1.265712e-02 -1.300928e-03
    endloop
  endfacet
  facet normal 6.833739e-01 -5.945501e-01 -4.236865e-01
    outer loop
      vertex 1.877624e-04 -1.265712e-02 -1.300928e-03
      vertex 5.898692e-05 -1.291890e-02 -1.141281e-03
      vertex 3.923937e-05 -1.232173e-02 -2.011131e-03
    endloop
  endfacet
  facet normal 9.719516e-01 -1.830106e-01 -1.477065e-01
    outer loop
      vertex 5.898692e-05 -1.291890e-02 -1.141281e-03
      vertex 4.961302e-06 -1.292145e-02 -1.493624e-03
      vertex 3.923937e-05 -1.232173e-02 -2.011131e-03
    endloop
  endfacet
  facet normal 7.371974e-01 -5.383000e-01 -4.083786e-01
    outer loop
      vertex 2.591742e-04 -1.220461e-02 -1.768483e-03
      vertex 1.877624e-04 -1.265712e-02 -1.300928e-03
      vertex 3.923937e-05 -1.232173e-02 -2.011131e-03
    endloop
  endfacet
  facet normal 1.891679e-01 -5.625650e-01 -8.048205e-01
    outer loop
      vertex 4.717804e-04 -1.208980e-02 -1.798763e-03
      vertex 2.591742e-04 -1.220461e-02 -1.768483e-03
      vertex 4.083972e-04 -1.170622e-02 -2.081783e-03
    endloop
  endfacet
  facet normal 4.508031e-01 -5.678908e-01 -6.886774e-01
    outer loop
      vertex 4.083972e-04 -1.170622e-02 -2.081783e-03
      vertex 2.591742e-04 -1.220461e-02 -1.768483e-03
      vertex 1.858511e-04 -1.177854e-02 -2.167824e-03
    endloop
  endfacet
  facet normal 7.711299e-01 -3.596814e-01 -5.253457e-01
    outer loop
      vertex 1.858511e-04 -1.177854e-02 -2.167824e-03
      vertex 2.591742e-04 -1.220461e-02 -1.768483e-03
      vertex 3.923937e-05 -1.232173e-02 -2.011131e-03
    endloop
  endfacet
  facet normal 6.475137e-01 -3.673687e-01 -6.676573e-01
    outer loop
      vertex 1.858511e-04 -1.177854e-02 -2.167824e-03
      vertex 3.923937e-05 -1.232173e-02 -2.011131e-03
      vertex 8.114462e-05 -1.138232e-02 -2.487388e-03
    endloop
  endfacet
  facet normal 9.783192e-01 -1.266969e-01 -1.638273e-01
    outer loop
      vertex 8.114462e-05 -1.138232e-02 -2.487388e-03
      vertex 3.923937e-05 -1.232173e-02 -2.011131e-03
      vertex 2.398082e-17 -1.233944e-02 -2.231755e-03
    endloop
  endfacet
  facet normal 3.528296e-01 -4.032885e-01 -8.443161e-01
    outer loop
      vertex 4.083972e-04 -1.170622e-02 -2.081783e-03
      vertex 2.675375e-04 -1.131506e-02 -2.327485e-03
      vertex 4.384607e-04 -1.121374e-02 -2.304454e-03
    endloop
  endfacet
  facet normal 4.360064e-01 -3.608463e-01 -8.244322e-01
    outer loop
      vertex 4.083972e-04 -1.170622e-02 -2.081783e-03
      vertex 1.858511e-04 -1.177854e-02 -2.167824e-03
      vertex 2.675375e-04 -1.131506e-02 -2.327485e-03
    endloop
  endfacet
  facet normal 6.798398e-01 -3.430959e-01 -6.481535e-01
    outer loop
      vertex 2.675375e-04 -1.131506e-02 -2.327485e-03
      vertex 1.858511e-04 -1.177854e-02 -2.167824e-03
      vertex 8.114462e-05 -1.138232e-02 -2.487388e-03
    endloop
  endfacet
  facet normal 8.999569e-01 -1.820973e-01 -3.961290e-01
    outer loop
      vertex 8.114462e-05 -1.138232e-02 -2.487388e-03
      vertex 2.398082e-17 -1.233944e-02 -2.231755e-03
      vertex 1.865175e-17 -1.093769e-02 -2.876131e-03
    endloop
  endfacet
  facet normal 2.422041e-01 -1.924288e-01 -9.509513e-01
    outer loop
      vertex 4.384607e-04 -1.121374e-02 -2.304454e-03
      vertex 2.675375e-04 -1.131506e-02 -2.327485e-03
      vertex 4.090742e-04 -1.080363e-02 -2.394925e-03
    endloop
  endfacet
  facet normal 4.034586e-01 -2.284923e-01 -8.860093e-01
    outer loop
      vertex 4.090742e-04 -1.080363e-02 -2.394925e-03
      vertex 2.675375e-04 -1.131506e-02 -2.327485e-03
      vertex 1.454668e-04 -1.060464e-02 -2.566282e-03
    endloop
  endfacet
  facet normal 6.721414e-01 -1.295490e-01 -7.290014e-01
    outer loop
      vertex 2.675375e-04 -1.131506e-02 -2.327485e-03
      vertex 8.114462e-05 -1.138232e-02 -2.487388e-03
      vertex 1.454668e-04 -1.060464e-02 -2.566282e-03
    endloop
  endfacet
  facet normal 8.353850e-01 -1.234335e-01 -5.356269e-01
    outer loop
      vertex 1.454668e-04 -1.060464e-02 -2.566282e-03
      vertex 8.114462e-05 -1.138232e-02 -2.487388e-03
      vertex 2.618460e-06 -1.041832e-02 -2.832010e-03
    endloop
  endfacet
  facet normal 9.813565e-01 1.135126e-02 -1.918610e-01
    outer loop
      vertex 8.114462e-05 -1.138232e-02 -2.487388e-03
      vertex 1.865175e-17 -1.093769e-02 -2.876131e-03
      vertex 2.618460e-06 -1.041832e-02 -2.832010e-03
    endloop
  endfacet
  facet normal 5.296032e-01 -2.845907e-02 -8.477679e-01
    outer loop
      vertex 4.019374e-04 -1.032664e-02 -2.415396e-03
      vertex 4.090742e-04 -1.080363e-02 -2.394925e-03
      vertex 1.454668e-04 -1.060464e-02 -2.566282e-03
    endloop
  endfacet
  facet normal 9.012366e-01 8.494374e-02 -4.249203e-01
    outer loop
      vertex 1.454668e-04 -1.060464e-02 -2.566282e-03
      vertex 2.618460e-06 -1.041832e-02 -2.832010e-03
      vertex 3.284169e-05 -1.005670e-02 -2.695619e-03
    endloop
  endfacet
  facet normal 3.954472e-01 1.431158e-01 -9.072703e-01
    outer loop
      vertex 4.019374e-04 -1.032664e-02 -2.415396e-03
      vertex 2.211674e-04 -9.874550e-03 -2.422872e-03
      vertex 4.285989e-04 -9.774683e-03 -2.316707e-03
    endloop
  endfacet
  facet normal 3.857409e-01 1.391556e-01 -9.120524e-01
    outer loop
      vertex 4.019374e-04 -1.032664e-02 -2.415396e-03
      vertex 1.454668e-04 -1.060464e-02 -2.566282e-03
      vertex 2.211674e-04 -9.874550e-03 -2.422872e-03
    endloop
  endfacet
  facet normal 8.130829e-01 2.989293e-02 -5.813800e-01
    outer loop
      vertex 2.211674e-04 -9.874550e-03 -2.422872e-03
      vertex 1.454668e-04 -1.060464e-02 -2.566282e-03
      vertex 3.284169e-05 -1.005670e-02 -2.695619e-03
    endloop
  endfacet
  facet normal 7.450095e-01 1.880471e-01 -6.399993e-01
    outer loop
      vertex 2.211674e-04 -9.874550e-03 -2.422872e-03
      vertex 3.284169e-05 -1.005670e-02 -2.695619e-03
      vertex 3.899768e-05 -9.319518e-03 -2.471850e-03
    endloop
  endfacet
  facet normal 3.012517e-01 3.266333e-01 -8.958561e-01
    outer loop
      vertex 4.285989e-04 -9.774683e-03 -2.316707e-03
      vertex 2.211674e-04 -9.874550e-03 -2.422872e-03
      vertex 1.877632e-04 -9.176573e-03 -2.179619e-03
    endloop
  endfacet
  facet normal 8.203902e-01 2.227937e-01 -5.266145e-01
    outer loop
      vertex 1.877632e-04 -9.176573e-03 -2.179619e-03
      vertex 2.211674e-04 -9.874550e-03 -2.422872e-03
      vertex 3.899768e-05 -9.319518e-03 -2.471850e-03
    endloop
  endfacet
  facet normal 4.944238e-01 3.784383e-01 -7.825149e-01
    outer loop
      vertex 4.119931e-04 -9.181890e-03 -2.040514e-03
      vertex 4.285989e-04 -9.774683e-03 -2.316707e-03
      vertex 1.877632e-04 -9.176573e-03 -2.179619e-03
    endloop
  endfacet
  facet normal 4.518232e-01 5.433618e-01 -7.075407e-01
    outer loop
      vertex 4.064857e-04 -8.848178e-03 -1.787753e-03
      vertex 4.119931e-04 -9.181890e-03 -2.040514e-03
      vertex 1.877632e-04 -9.176573e-03 -2.179619e-03
    endloop
  endfacet
  facet normal 7.139753e-01 4.129279e-01 -5.654465e-01
    outer loop
      vertex 1.877632e-04 -9.176573e-03 -2.179619e-03
      vertex 3.899768e-05 -9.319518e-03 -2.471850e-03
      vertex 3.503574e-05 -8.462308e-03 -1.850859e-03
    endloop
  endfacet
  facet normal 9.831619e-01 1.101639e-01 -1.457965e-01
    outer loop
      vertex 3.899768e-05 -9.319518e-03 -2.471850e-03
      vertex 2.575717e-17 -8.949574e-03 -2.455297e-03
      vertex 3.503574e-05 -8.462308e-03 -1.850859e-03
    endloop
  endfacet
  facet normal 3.400981e-01 6.186306e-01 -7.082580e-01
    outer loop
      vertex 4.064857e-04 -8.848178e-03 -1.787753e-03
      vertex 1.877632e-04 -9.176573e-03 -2.179619e-03
      vertex 1.865133e-04 -8.520566e-03 -1.607228e-03
    endloop
  endfacet
  facet normal 8.255944e-01 3.718697e-01 -4.243899e-01
    outer loop
      vertex 1.865133e-04 -8.520566e-03 -1.607228e-03
      vertex 1.877632e-04 -9.176573e-03 -2.179619e-03
      vertex 3.503574e-05 -8.462308e-03 -1.850859e-03
    endloop
  endfacet
  facet normal 4.774127e-01 6.477263e-01 -5.937406e-01
    outer loop
      vertex 4.107069e-04 -8.555680e-03 -1.465266e-03
      vertex 4.064857e-04 -8.848178e-03 -1.787753e-03
      vertex 1.865133e-04 -8.520566e-03 -1.607228e-03
    endloop
  endfacet
  facet normal 2.874409e-01 7.819722e-01 -5.530797e-01
    outer loop
      vertex 4.107069e-04 -8.555680e-03 -1.465266e-03
      vertex 1.749818e-04 -8.191695e-03 -1.073154e-03
      vertex 4.466383e-04 -8.374814e-03 -1.190874e-03
    endloop
  endfacet
  facet normal 4.190222e-01 7.771612e-01 -4.695114e-01
    outer loop
      vertex 4.107069e-04 -8.555680e-03 -1.465266e-03
      vertex 1.865133e-04 -8.520566e-03 -1.607228e-03
      vertex 1.749818e-04 -8.191695e-03 -1.073154e-03
    endloop
  endfacet
  facet normal 7.534589e-01 5.670020e-01 -3.328789e-01
    outer loop
      vertex 1.865133e-04 -8.520566e-03 -1.607228e-03
      vertex 3.503574e-05 -8.462308e-03 -1.850859e-03
      vertex 1.749818e-04 -8.191695e-03 -1.073154e-03
    endloop
  endfacet
  facet normal 8.684573e-01 3.984900e-01 -2.949366e-01
    outer loop
      vertex 1.749818e-04 -8.191695e-03 -1.073154e-03
      vertex 3.503574e-05 -8.462308e-03 -1.850859e-03
      vertex 4.961302e-06 -7.820975e-03 -1.072908e-03
    endloop
  endfacet
  facet normal 4.015825e-01 8.360586e-01 -3.738149e-01
    outer loop
      vertex 4.466383e-04 -8.374814e-03 -1.190874e-03
      vertex 1.749818e-04 -8.191695e-03 -1.073154e-03
      vertex 4.507012e-04 -8.164348e-03 -7.157896e-04
    endloop
  endfacet
  facet normal 2.936729e-01 9.088797e-01 -2.961315e-01
    outer loop
      vertex 4.507012e-04 -8.164348e-03 -7.157896e-04
      vertex 1.749818e-04 -8.191695e-03 -1.073154e-03
      vertex 2.214290e-04 -8.055273e-03 -6.083891e-04
    endloop
  endfacet
  facet normal 6.816963e-01 6.807988e-01 -2.679610e-01
    outer loop
      vertex 2.214290e-04 -8.055273e-03 -6.083891e-04
      vertex 1.749818e-04 -8.191695e-03 -1.073154e-03
      vertex 5.896298e-05 -7.813931e-03 -4.085369e-04
    endloop
  endfacet
  facet normal 9.061719e-01 4.156426e-01 -7.806259e-02
    outer loop
      vertex 1.749818e-04 -8.191695e-03 -1.073154e-03
      vertex 4.961302e-06 -7.820975e-03 -1.072908e-03
      vertex 5.896298e-05 -7.813931e-03 -4.085369e-04
    endloop
  endfacet
  facet normal 9.530564e-01 2.918792e-01 -8.056130e-02
    outer loop
      vertex 5.896298e-05 -7.813931e-03 -4.085369e-04
      vertex 4.961302e-06 -7.820975e-03 -1.072908e-03
      vertex 4.961302e-06 -7.646260e-03 -4.399015e-04
    endloop
  endfacet
  facet normal 3.764972e-01 9.175190e-01 -1.280969e-01
    outer loop
      vertex 4.507012e-04 -8.164348e-03 -7.157896e-04
      vertex 2.214290e-04 -8.055273e-03 -6.083891e-04
      vertex 4.054446e-04 -8.063278e-03 -1.248763e-04
    endloop
  endfacet
  facet normal 2.916891e-01 9.517585e-01 -9.525368e-02
    outer loop
      vertex 4.054446e-04 -8.063278e-03 -1.248763e-04
      vertex 2.214290e-04 -8.055273e-03 -6.083891e-04
      vertex 2.609089e-04 -8.008080e-03 -1.594267e-05
    endloop
  endfacet
  facet normal 7.845448e-01 6.117886e-01 -1.010154e-01
    outer loop
      vertex 2.609089e-04 -8.008080e-03 -1.594267e-05
      vertex 2.214290e-04 -8.055273e-03 -6.083891e-04
      vertex 5.896298e-05 -7.813931e-03 -4.085369e-04
    endloop
  endfacet
  facet normal 3.602145e-01 9.328547e-01 5.246331e-03
    outer loop
      vertex 4.568050e-04 -8.085793e-03 3.521695e-04
      vertex 4.054446e-04 -8.063278e-03 -1.248763e-04
      vertex 2.609089e-04 -8.008080e-03 -1.594267e-05
    endloop
  endfacet
  facet normal 2.072343e-01 7.845505e-01 5.844095e-01
    outer loop
      vertex 5.971683e-04 -8.844822e-03 1.780459e-03
      vertex 4.071657e-04 -8.433854e-03 1.296124e-03
      vertex 2.651299e-04 -8.722106e-03 1.733459e-03
    endloop
  endfacet
  facet normal 1.813889e-01 5.871584e-01 7.888872e-01
    outer loop
      vertex 5.583050e-04 -9.168953e-03 2.030642e-03
      vertex 5.971683e-04 -8.844822e-03 1.780459e-03
      vertex 2.656002e-04 -9.096780e-03 2.044226e-03
    endloop
  endfacet
  facet normal 2.084226e-01 -8.530894e-01 4.783289e-01
    outer loop
      vertex 5.654960e-04 -1.268638e-02 9.777285e-04
      vertex 5.339245e-04 -1.250839e-02 1.308918e-03
      vertex 2.609165e-04 -1.266620e-02 1.146428e-03
    endloop
  endfacet
  facet normal 1.002682e-01 -9.503179e-01 2.946899e-01
    outer loop
      vertex 3.578373e-04 -1.284840e-02 5.258713e-04
      vertex 5.654960e-04 -1.268638e-02 9.777285e-04
      vertex 2.609165e-04 -1.266620e-02 1.146428e-03
    endloop
  endfacet
  facet normal 2.755287e-01 -6.874421e-01 -6.719430e-01
    outer loop
      vertex 4.717804e-04 -1.208980e-02 -1.798763e-03
      vertex 5.358626e-04 -1.241724e-02 -1.437495e-03
      vertex 2.591742e-04 -1.220461e-02 -1.768483e-03
    endloop
  endfacet
  facet normal 9.714582e-01 1.539807e-01 -1.804409e-01
    outer loop
      vertex 2.575717e-17 -8.196204e-03 -1.812403e-03
      vertex 3.503574e-05 -8.462308e-03 -1.850859e-03
      vertex 2.575717e-17 -8.949574e-03 -2.455297e-03
    endloop
  endfacet
  facet normal 8.923760e-01 1.136133e-01 -4.367575e-01
    outer loop
      vertex 2.575717e-17 -8.949574e-03 -2.455297e-03
      vertex 3.899768e-05 -9.319518e-03 -2.471850e-03
      vertex 2.618460e-06 -1.041832e-02 -2.832010e-03
    endloop
  endfacet
  facet normal 9.689764e-01 -1.908711e-01 -1.570128e-01
    outer loop
      vertex 2.398082e-17 -1.233944e-02 -2.231755e-03
      vertex 3.923937e-05 -1.232173e-02 -2.011131e-03
      vertex 4.961302e-06 -1.292145e-02 -1.493624e-03
    endloop
  endfacet
  facet normal 9.525580e-01 -2.030843e-01 2.266936e-01
    outer loop
      vertex 1.953993e-17 -1.287791e-02 1.660791e-03
      vertex 3.853625e-05 -1.210091e-02 2.194950e-03
      vertex 2.398082e-17 -1.190790e-02 2.529784e-03
    endloop
  endfacet
  facet normal 8.654492e-01 -1.166793e-01 4.872204e-01
    outer loop
      vertex 2.398082e-17 -1.190790e-02 2.529784e-03
      vertex 1.999849e-05 -1.142005e-02 2.611089e-03
      vertex 3.783626e-06 -1.062886e-02 2.829367e-03
    endloop
  endfacet
  facet normal 9.511563e-01 2.310421e-01 2.047467e-01
    outer loop
      vertex 2.131628e-17 -8.816710e-03 2.400414e-03
      vertex 3.923944e-05 -8.633274e-03 2.011133e-03
      vertex 4.961302e-06 -8.033547e-03 1.493624e-03
    endloop
  endfacet
  facet normal 1.260290e-01 6.334136e-01 7.634814e-01
    outer loop
      vertex 5.971683e-04 -8.844822e-03 1.780459e-03
      vertex 2.651299e-04 -8.722106e-03 1.733459e-03
      vertex 2.656002e-04 -9.096780e-03 2.044226e-03
    endloop
  endfacet
  facet normal 1.457541e-01 4.227717e-01 8.944383e-01
    outer loop
      vertex 5.583050e-04 -9.168953e-03 2.030642e-03
      vertex 2.656002e-04 -9.096780e-03 2.044226e-03
      vertex 4.077637e-04 -9.444324e-03 2.185332e-03
    endloop
  endfacet
  facet normal 9.858565e-01 -1.253594e-01 1.112295e-01
    outer loop
      vertex 3.517652e-05 -1.282083e-02 1.413349e-03
      vertex 3.853625e-05 -1.210091e-02 2.194950e-03
      vertex 1.953993e-17 -1.287791e-02 1.660791e-03
    endloop
  endfacet
  facet normal 8.981651e-02 -7.856534e-01 6.121125e-01
    outer loop
      vertex 5.339245e-04 -1.250839e-02 1.308918e-03
      vertex 4.178584e-04 -1.233975e-02 1.542403e-03
      vertex 2.609165e-04 -1.266620e-02 1.146428e-03
    endloop
  endfacet
  facet normal 1.078915e-02 -8.371775e-01 -5.468249e-01
    outer loop
      vertex 5.358626e-04 -1.241724e-02 -1.437495e-03
      vertex 4.142241e-04 -1.260544e-02 -1.151767e-03
      vertex 2.591742e-04 -1.220461e-02 -1.768483e-03
    endloop
  endfacet
  facet normal 6.843739e-01 2.065434e-01 -6.992655e-01
    outer loop
      vertex 3.899768e-05 -9.319518e-03 -2.471850e-03
      vertex 3.284169e-05 -1.005670e-02 -2.695619e-03
      vertex 2.618460e-06 -1.041832e-02 -2.832010e-03
    endloop
  endfacet
  facet normal -7.034987e-02 4.196621e-01 -9.049501e-01
    outer loop
      vertex 6.739281e-04 -9.554771e-03 -2.233796e-03
      vertex 4.285989e-04 -9.774683e-03 -2.316707e-03
      vertex 4.119931e-04 -9.181890e-03 -2.040514e-03
    endloop
  endfacet
  facet normal 9.868735e-01 1.412481e-01 -7.829202e-02
    outer loop
      vertex 4.961302e-06 -7.820975e-03 -1.072908e-03
      vertex 3.503574e-05 -8.462308e-03 -1.850859e-03
      vertex 2.575717e-17 -8.196204e-03 -1.812403e-03
    endloop
  endfacet
  facet normal 5.269749e-01 1.429283e-01 8.377762e-01
    outer loop
      vertex 4.826032e-03 -9.754598e-03 2.002641e-03
      vertex 4.313477e-03 -9.971063e-03 2.361977e-03
      vertex 4.826068e-03 -1.051724e-02 2.132730e-03
    endloop
  endfacet
  facet normal 5.260850e-01 -1.715302e-01 8.329538e-01
    outer loop
      vertex 4.826068e-03 -1.051724e-02 2.132730e-03
      vertex 4.315548e-03 -1.084213e-02 2.388266e-03
      vertex 4.826038e-03 -1.124108e-02 1.983690e-03
    endloop
  endfacet
  facet normal 5.217712e-01 8.347773e-01 -1.757888e-01
    outer loop
      vertex 4.826052e-03 -8.350829e-03 -9.069214e-05
      vertex 4.826035e-03 -8.489849e-03 -7.509142e-04
      vertex 4.315778e-03 -8.088731e-03 -3.606325e-04
    endloop
  endfacet
  facet normal 5.150886e-01 4.013961e-01 7.573407e-01
    outer loop
      vertex 4.825991e-03 -9.292181e-03 1.757585e-03
      vertex 4.316089e-03 -9.339584e-03 2.129508e-03
      vertex 4.826032e-03 -9.754598e-03 2.002641e-03
    endloop
  endfacet
  facet normal 5.115825e-01 5.468486e-01 6.627518e-01
    outer loop
      vertex 4.825997e-03 -8.978711e-03 1.498931e-03
      vertex 4.320496e-03 -9.044153e-03 1.943128e-03
      vertex 4.825991e-03 -9.292181e-03 1.757585e-03
    endloop
  endfacet
  facet normal 5.119199e-01 -6.626181e-01 5.466948e-01
    outer loop
      vertex 4.825994e-03 -1.197636e-02 1.498861e-03
      vertex 4.319803e-03 -1.226093e-02 1.627941e-03
      vertex 4.826002e-03 -1.223509e-02 1.185271e-03
    endloop
  endfacet
  facet normal 5.121589e-01 -5.466412e-01 6.624777e-01
    outer loop
      vertex 4.825991e-03 -1.166282e-02 1.757587e-03
      vertex 4.317304e-03 -1.192148e-02 1.937413e-03
      vertex 4.825994e-03 -1.197636e-02 1.498861e-03
    endloop
  endfacet
  facet normal 5.141171e-01 -4.053160e-01 7.559117e-01
    outer loop
      vertex 4.826038e-03 -1.124108e-02 1.983690e-03
      vertex 4.318039e-03 -1.151507e-02 2.182282e-03
      vertex 4.825991e-03 -1.166282e-02 1.757587e-03
    endloop
  endfacet
  facet normal 5.110373e-01 -5.470762e-01 -6.629846e-01
    outer loop
      vertex 4.825994e-03 -1.197636e-02 -1.498861e-03
      vertex 4.317821e-03 -1.211594e-02 -1.775389e-03
      vertex 4.825994e-03 -1.166293e-02 -1.757496e-03
    endloop
  endfacet
  facet normal 5.116955e-01 -6.628365e-01 -5.466402e-01
    outer loop
      vertex 4.826005e-03 -1.223558e-02 -1.184529e-03
      vertex 4.320496e-03 -1.242062e-02 -1.433352e-03
      vertex 4.825994e-03 -1.197636e-02 -1.498861e-03
    endloop
  endfacet
  facet normal 5.117986e-01 6.626744e-01 -5.467402e-01
    outer loop
      vertex 4.825994e-03 -8.978638e-03 -1.498863e-03
      vertex 4.318109e-03 -8.694961e-03 -1.630461e-03
      vertex 4.826002e-03 -8.719912e-03 -1.185268e-03
    endloop
  endfacet
  facet normal 5.115838e-01 5.468601e-01 -6.627414e-01
    outer loop
      vertex 4.825991e-03 -9.292180e-03 -1.757584e-03
      vertex 4.320497e-03 -9.044154e-03 -1.943128e-03
      vertex 4.825994e-03 -8.978638e-03 -1.498863e-03
    endloop
  endfacet
  facet normal 5.126316e-01 4.069099e-01 -7.560643e-01
    outer loop
      vertex 4.826024e-03 -9.693443e-03 -1.973520e-03
      vertex 4.316241e-03 -9.219928e-03 -2.064322e-03
      vertex 4.825991e-03 -9.292180e-03 -1.757584e-03
    endloop
  endfacet
  facet normal 1.000000e+00 -1.182701e-05 5.140873e-05
    outer loop
      vertex 4.826027e-03 -8.470465e-03 7.045400e-04
      vertex 4.825999e-03 -8.719808e-03 1.185150e-03
      vertex 4.826000e-03 -9.335232e-03 1.025016e-03
    endloop
  endfacet
  facet normal 1.000000e+00 9.135952e-05 6.998399e-06
    outer loop
      vertex 4.825991e-03 -9.292181e-03 1.757585e-03
      vertex 4.826032e-03 -9.754598e-03 2.002641e-03
      vertex 4.826000e-03 -9.335232e-03 1.025016e-03
    endloop
  endfacet
  facet normal 1.000000e+00 -3.030467e-05 -5.438335e-05
    outer loop
      vertex 4.826068e-03 -1.051724e-02 2.132730e-03
      vertex 4.826038e-03 -1.124108e-02 1.983690e-03
      vertex 4.826000e-03 -1.105850e-02 1.189275e-03
    endloop
  endfacet
  facet normal 1.000000e+00 -7.601507e-05 -6.488852e-05
    outer loop
      vertex 4.826038e-03 -1.124108e-02 1.983690e-03
      vertex 4.825991e-03 -1.166282e-02 1.757587e-03
      vertex 4.826000e-03 -1.105850e-02 1.189275e-03
    endloop
  endfacet
  facet normal 1.000000e+00 -1.504895e-05 -4.168530e-05
    outer loop
      vertex 4.826024e-03 -1.245102e-02 7.840501e-04
      vertex 4.826004e-03 -1.257123e-02 3.470083e-04
      vertex 4.826000e-03 -1.195067e-02 4.290786e-05
    endloop
  endfacet
  facet normal 1.000000e+00 -1.866293e-05 1.370291e-04
    outer loop
      vertex 4.826009e-03 -1.259819e-02 -1.079182e-04
      vertex 4.826094e-03 -1.248352e-02 -7.151898e-04
      vertex 4.826000e-03 -1.195067e-02 4.290786e-05
    endloop
  endfacet
  facet normal 1.000000e+00 -9.420122e-05 1.092437e-04
    outer loop
      vertex 4.825994e-03 -1.166293e-02 -1.757496e-03
      vertex 4.826066e-03 -1.118265e-02 -2.006815e-03
      vertex 4.826000e-03 -1.103031e-02 -1.268728e-03
    endloop
  endfacet
  facet normal 1.000000e+00 3.346625e-05 8.289267e-05
    outer loop
      vertex 4.826066e-03 -1.118265e-02 -2.006815e-03
      vertex 4.826050e-03 -1.038690e-02 -2.126747e-03
      vertex 4.826000e-03 -1.103031e-02 -1.268728e-03
    endloop
  endfacet
  facet normal 1.000000e+00 2.714467e-05 4.830947e-05
    outer loop
      vertex 4.826050e-03 -1.038690e-02 -2.126747e-03
      vertex 4.826024e-03 -9.693443e-03 -1.973520e-03
      vertex 4.826000e-03 -9.832550e-03 -1.411704e-03
    endloop
  endfacet
  facet normal 1.000000e+00 5.155704e-05 5.435403e-05
    outer loop
      vertex 4.826024e-03 -9.693443e-03 -1.973520e-03
      vertex 4.825991e-03 -9.292180e-03 -1.757584e-03
      vertex 4.826000e-03 -9.832550e-03 -1.411704e-03
    endloop
  endfacet
  facet normal 1.000000e+00 -5.736939e-05 -1.392054e-05
    outer loop
      vertex 4.826035e-03 -8.489849e-03 -7.509142e-04
      vertex 4.826052e-03 -8.350829e-03 -9.069214e-05
      vertex 4.826000e-03 -9.194427e-03 -3.477643e-04
    endloop
  endfacet
  facet normal 4.633460e-01 8.795136e-01 1.084727e-01
    outer loop
      vertex 2.143544e-04 7.700964e-03 9.546859e-03
      vertex 4.033224e-04 7.662315e-03 9.053042e-03
      vertex 1.041102e-04 7.832143e-03 8.954153e-03
    endloop
  endfacet
  facet normal 7.129671e-01 7.008364e-01 2.249759e-02
    outer loop
      vertex 2.143544e-04 7.700964e-03 9.546859e-03
      vertex 1.041102e-04 7.832143e-03 8.954153e-03
      vertex 5.894705e-05 7.853303e-03 9.726224e-03
    endloop
  endfacet
  facet normal 9.302817e-01 3.641445e-01 4.443757e-02
    outer loop
      vertex 5.894705e-05 7.853303e-03 9.726224e-03
      vertex 1.041102e-04 7.832143e-03 8.954153e-03
      vertex 4.961302e-06 8.078463e-03 9.011322e-03
    endloop
  endfacet
  facet normal 4.336430e-01 8.959758e-01 9.581784e-02
    outer loop
      vertex 4.033224e-04 7.662315e-03 9.053042e-03
      vertex 2.143544e-04 7.700964e-03 9.546859e-03
      vertex 4.133933e-04 7.597481e-03 9.613717e-03
    endloop
  endfacet
  facet normal 8.721981e-01 4.815680e-01 8.580645e-02
    outer loop
      vertex 5.894705e-05 7.853303e-03 9.726224e-03
      vertex 4.961302e-06 8.078463e-03 9.011322e-03
      vertex 2.486900e-17 7.839454e-03 1.040313e-02
    endloop
  endfacet
  facet normal 1.916467e-01 9.351302e-01 2.979984e-01
    outer loop
      vertex 4.133933e-04 7.597481e-03 9.613717e-03
      vertex 2.134261e-04 7.401188e-03 1.035829e-02
      vertex 4.532788e-04 7.451858e-03 1.004504e-02
    endloop
  endfacet
  facet normal 3.479081e-01 8.793033e-01 3.252470e-01
    outer loop
      vertex 4.133933e-04 7.597481e-03 9.613717e-03
      vertex 2.143544e-04 7.700964e-03 9.546859e-03
      vertex 2.134261e-04 7.401188e-03 1.035829e-02
    endloop
  endfacet
  facet normal 7.972103e-01 5.659950e-01 2.100127e-01
    outer loop
      vertex 2.134261e-04 7.401188e-03 1.035829e-02
      vertex 2.143544e-04 7.700964e-03 9.546859e-03
      vertex 5.894705e-05 7.853303e-03 9.726224e-03
    endloop
  endfacet
  facet normal 7.527565e-01 6.084641e-01 2.512551e-01
    outer loop
      vertex 2.134261e-04 7.401188e-03 1.035829e-02
      vertex 5.894705e-05 7.853303e-03 9.726224e-03
      vertex 3.304976e-05 7.568713e-03 1.049300e-02
    endloop
  endfacet
  facet normal 9.847356e-01 1.496914e-01 8.881648e-02
    outer loop
      vertex 5.894705e-05 7.853303e-03 9.726224e-03
      vertex 2.486900e-17 7.839454e-03 1.040313e-02
      vertex 3.304976e-05 7.568713e-03 1.049300e-02
    endloop
  endfacet
  facet normal 4.701089e-01 7.408170e-01 4.797788e-01
    outer loop
      vertex 4.532788e-04 7.451858e-03 1.004504e-02
      vertex 2.134261e-04 7.401188e-03 1.035829e-02
      vertex 4.001581e-04 7.170455e-03 1.053160e-02
    endloop
  endfacet
  facet normal 7.660507e-01 5.007935e-01 4.029543e-01
    outer loop
      vertex 2.134261e-04 7.401188e-03 1.035829e-02
      vertex 3.304976e-05 7.568713e-03 1.049300e-02
      vertex 3.923960e-05 7.082977e-03 1.108491e-02
    endloop
  endfacet
  facet normal 4.030110e-01 6.629179e-01 6.309690e-01
    outer loop
      vertex 4.001581e-04 7.170455e-03 1.053160e-02
      vertex 1.958489e-04 6.747554e-03 1.110641e-02
      vertex 4.121906e-04 6.756057e-03 1.095929e-02
    endloop
  endfacet
  facet normal 2.974348e-01 7.155022e-01 6.321307e-01
    outer loop
      vertex 4.001581e-04 7.170455e-03 1.053160e-02
      vertex 2.134261e-04 7.401188e-03 1.035829e-02
      vertex 1.958489e-04 6.747554e-03 1.110641e-02
    endloop
  endfacet
  facet normal 8.290070e-01 4.113428e-01 3.788727e-01
    outer loop
      vertex 1.958489e-04 6.747554e-03 1.110641e-02
      vertex 2.134261e-04 7.401188e-03 1.035829e-02
      vertex 3.923960e-05 7.082977e-03 1.108491e-02
    endloop
  endfacet
  facet normal 4.919866e-01 4.435608e-01 7.491349e-01
    outer loop
      vertex 4.157563e-04 6.157159e-03 1.131156e-02
      vertex 4.121906e-04 6.756057e-03 1.095929e-02
      vertex 1.958489e-04 6.747554e-03 1.110641e-02
    endloop
  endfacet
  facet normal 7.145113e-01 3.715921e-01 5.927840e-01
    outer loop
      vertex 1.958489e-04 6.747554e-03 1.110641e-02
      vertex 3.923960e-05 7.082977e-03 1.108491e-02
      vertex 5.802730e-05 6.383941e-03 1.150046e-02
    endloop
  endfacet
  facet normal 9.778544e-01 1.257378e-01 1.673045e-01
    outer loop
      vertex 5.802730e-05 6.383941e-03 1.150046e-02
      vertex 3.923960e-05 7.082977e-03 1.108491e-02
      vertex 2.087219e-17 6.854045e-03 1.148631e-02
    endloop
  endfacet
  facet normal 4.169211e-01 4.329917e-01 7.991839e-01
    outer loop
      vertex 4.157563e-04 6.157159e-03 1.131156e-02
      vertex 1.958489e-04 6.747554e-03 1.110641e-02
      vertex 9.015140e-05 5.927077e-03 1.160608e-02
    endloop
  endfacet
  facet normal 8.721370e-01 1.675832e-01 4.596660e-01
    outer loop
      vertex 9.015140e-05 5.927077e-03 1.160608e-02
      vertex 1.958489e-04 6.747554e-03 1.110641e-02
      vertex 5.802730e-05 6.383941e-03 1.150046e-02
    endloop
  endfacet
  facet normal 9.520098e-01 1.259091e-01 2.789698e-01
    outer loop
      vertex 5.802730e-05 6.383941e-03 1.150046e-02
      vertex 2.087219e-17 6.854045e-03 1.148631e-02
      vertex 5.019022e-06 6.064362e-03 1.182560e-02
    endloop
  endfacet
  facet normal 5.939801e-01 1.668191e-01 7.869937e-01
    outer loop
      vertex 4.157563e-04 6.157159e-03 1.131156e-02
      vertex 9.015140e-05 5.927077e-03 1.160608e-02
      vertex 3.540409e-04 5.781710e-03 1.143772e-02
    endloop
  endfacet
  facet normal 9.492536e-01 1.326660e-01 2.851620e-01
    outer loop
      vertex 9.015140e-05 5.927077e-03 1.160608e-02
      vertex 5.802730e-05 6.383941e-03 1.150046e-02
      vertex 5.019022e-06 6.064362e-03 1.182560e-02
    endloop
  endfacet
  facet normal 4.442667e-01 1.562622e-01 8.821617e-01
    outer loop
      vertex 4.106724e-04 5.334296e-03 1.148845e-02
      vertex 3.540409e-04 5.781710e-03 1.143772e-02
      vertex 1.472342e-04 5.250346e-03 1.163599e-02
    endloop
  endfacet
  facet normal 5.684638e-01 8.413095e-02 8.183953e-01
    outer loop
      vertex 3.540409e-04 5.781710e-03 1.143772e-02
      vertex 9.015140e-05 5.927077e-03 1.160608e-02
      vertex 1.472342e-04 5.250346e-03 1.163599e-02
    endloop
  endfacet
  facet normal 8.099765e-01 9.391459e-02 5.788938e-01
    outer loop
      vertex 1.472342e-04 5.250346e-03 1.163599e-02
      vertex 9.015140e-05 5.927077e-03 1.160608e-02
      vertex 3.008340e-05 5.113267e-03 1.182215e-02
    endloop
  endfacet
  facet normal 9.369403e-01 2.342634e-02 3.487033e-01
    outer loop
      vertex 9.015140e-05 5.927077e-03 1.160608e-02
      vertex 5.019022e-06 6.064362e-03 1.182560e-02
      vertex 3.008340e-05 5.113267e-03 1.182215e-02
    endloop
  endfacet
  facet normal 5.020453e-01 -5.903453e-02 8.628241e-01
    outer loop
      vertex 4.107260e-04 4.777908e-03 1.145035e-02
      vertex 4.106724e-04 5.334296e-03 1.148845e-02
      vertex 1.472342e-04 5.250346e-03 1.163599e-02
    endloop
  endfacet
  facet normal 3.220051e-01 -1.852316e-01 9.284406e-01
    outer loop
      vertex 4.107260e-04 4.777908e-03 1.145035e-02
      vertex 1.472342e-04 5.250346e-03 1.163599e-02
      vertex 2.152853e-04 4.394083e-03 1.144156e-02
    endloop
  endfacet
  facet normal 8.605871e-01 -4.676510e-02 5.071517e-01
    outer loop
      vertex 2.152853e-04 4.394083e-03 1.144156e-02
      vertex 1.472342e-04 5.250346e-03 1.163599e-02
      vertex 3.008340e-05 5.113267e-03 1.182215e-02
    endloop
  endfacet
  facet normal 7.555100e-01 -1.436948e-01 6.391842e-01
    outer loop
      vertex 2.152853e-04 4.394083e-03 1.144156e-02
      vertex 3.008340e-05 5.113267e-03 1.182215e-02
      vertex 3.292380e-05 4.302380e-03 1.163649e-02
    endloop
  endfacet
  facet normal 4.114251e-01 -2.297002e-01 8.820245e-01
    outer loop
      vertex 4.107260e-04 4.777908e-03 1.145035e-02
      vertex 2.152853e-04 4.394083e-03 1.144156e-02
      vertex 4.480193e-04 4.367158e-03 1.132599e-02
    endloop
  endfacet
  facet normal 3.702759e-01 -3.993711e-01 8.386886e-01
    outer loop
      vertex 4.480193e-04 4.367158e-03 1.132599e-02
      vertex 2.152853e-04 4.394083e-03 1.144156e-02
      vertex 4.379188e-04 4.050685e-03 1.117975e-02
    endloop
  endfacet
  facet normal 7.629529e-01 -3.002265e-01 5.725093e-01
    outer loop
      vertex 2.152853e-04 4.394083e-03 1.144156e-02
      vertex 3.292380e-05 4.302380e-03 1.163649e-02
      vertex 3.853618e-05 3.615343e-03 1.126873e-02
    endloop
  endfacet
  facet normal 9.573233e-01 -1.302798e-01 2.579908e-01
    outer loop
      vertex 3.853618e-05 3.615343e-03 1.126873e-02
      vertex 3.292380e-05 4.302380e-03 1.163649e-02
      vertex 2.480651e-06 3.434273e-03 1.131108e-02
    endloop
  endfacet
  facet normal 8.244618e-02 -5.698840e-01 8.175787e-01
    outer loop
      vertex 4.379188e-04 4.050685e-03 1.117975e-02
      vertex 2.152853e-04 4.394083e-03 1.144156e-02
      vertex 4.148034e-04 3.665340e-03 1.091348e-02
    endloop
  endfacet
  facet normal 3.747176e-01 -4.745707e-01 7.964731e-01
    outer loop
      vertex 4.148034e-04 3.665340e-03 1.091348e-02
      vertex 2.152853e-04 4.394083e-03 1.144156e-02
      vertex 2.132143e-04 3.555965e-03 1.094315e-02
    endloop
  endfacet
  facet normal 8.184612e-01 -2.951675e-01 4.929477e-01
    outer loop
      vertex 2.132143e-04 3.555965e-03 1.094315e-02
      vertex 2.152853e-04 4.394083e-03 1.144156e-02
      vertex 3.853618e-05 3.615343e-03 1.126873e-02
    endloop
  endfacet
  facet normal 4.471960e-01 -6.606543e-01 6.029524e-01
    outer loop
      vertex 4.148034e-04 3.665340e-03 1.091348e-02
      vertex 2.132143e-04 3.555965e-03 1.094315e-02
      vertex 4.100994e-04 3.300822e-03 1.051756e-02
    endloop
  endfacet
  facet normal 7.097884e-01 -5.196373e-01 4.755813e-01
    outer loop
      vertex 2.132143e-04 3.555965e-03 1.094315e-02
      vertex 3.853618e-05 3.615343e-03 1.126873e-02
      vertex 3.517674e-05 2.895421e-03 1.048713e-02
    endloop
  endfacet
  facet normal 3.181858e-01 -7.409445e-01 5.914042e-01
    outer loop
      vertex 4.100994e-04 3.300822e-03 1.051756e-02
      vertex 2.132143e-04 3.555965e-03 1.094315e-02
      vertex 1.866526e-04 3.004032e-03 1.026595e-02
    endloop
  endfacet
  facet normal 8.226630e-01 -4.560747e-01 3.394428e-01
    outer loop
      vertex 1.866526e-04 3.004032e-03 1.026595e-02
      vertex 2.132143e-04 3.555965e-03 1.094315e-02
      vertex 3.517674e-05 2.895421e-03 1.048713e-02
    endloop
  endfacet
  facet normal 4.756538e-01 -7.490656e-01 4.611445e-01
    outer loop
      vertex 4.104699e-04 3.071859e-03 1.014526e-02
      vertex 4.100994e-04 3.300822e-03 1.051756e-02
      vertex 1.866526e-04 3.004032e-03 1.026595e-02
    endloop
  endfacet
  facet normal 3.169764e-01 -8.811630e-01 3.508244e-01
    outer loop
      vertex 4.104699e-04 3.071859e-03 1.014526e-02
      vertex 1.763659e-04 2.753920e-03 9.558216e-03
      vertex 4.476548e-04 2.895897e-03 9.669705e-03
    endloop
  endfacet
  facet normal 4.200022e-01 -8.575629e-01 2.969581e-01
    outer loop
      vertex 4.104699e-04 3.071859e-03 1.014526e-02
      vertex 1.866526e-04 3.004032e-03 1.026595e-02
      vertex 1.763659e-04 2.753920e-03 9.558216e-03
    endloop
  endfacet
  facet normal 7.530725e-01 -6.237018e-01 2.094705e-01
    outer loop
      vertex 1.866526e-04 3.004032e-03 1.026595e-02
      vertex 3.517674e-05 2.895421e-03 1.048713e-02
      vertex 1.763659e-04 2.753920e-03 9.558216e-03
    endloop
  endfacet
  facet normal 8.799089e-01 -4.312613e-01 1.994344e-01
    outer loop
      vertex 1.763659e-04 2.753920e-03 9.558216e-03
      vertex 3.517674e-05 2.895421e-03 1.048713e-02
      vertex 2.484749e-05 2.591797e-03 9.876140e-03
    endloop
  endfacet
  facet normal 4.474668e-01 -8.929918e-01 4.836363e-02
    outer loop
      vertex 4.476548e-04 2.895897e-03 9.669705e-03
      vertex 1.763659e-04 2.753920e-03 9.558216e-03
      vertex 2.675285e-04 2.772339e-03 9.054867e-03
    endloop
  endfacet
  facet normal 7.929123e-01 -6.053966e-01 6.917372e-02
    outer loop
      vertex 1.763659e-04 2.753920e-03 9.558216e-03
      vertex 2.484749e-05 2.591797e-03 9.876140e-03
      vertex 3.405328e-05 2.500400e-03 8.970730e-03
    endloop
  endfacet
  facet normal 7.372572e-01 -6.667406e-01 1.091276e-01
    outer loop
      vertex 2.675285e-04 2.772339e-03 9.054867e-03
      vertex 1.763659e-04 2.753920e-03 9.558216e-03
      vertex 3.405328e-05 2.500400e-03 8.970730e-03
    endloop
  endfacet
  facet normal 2.816853e-01 -9.509508e-01 -1.278511e-01
    outer loop
      vertex 2.675285e-04 2.772339e-03 9.054867e-03
      vertex 2.131847e-04 2.865880e-03 8.239380e-03
      vertex 4.470337e-04 2.909513e-03 8.430066e-03
    endloop
  endfacet
  facet normal 7.714560e-01 -6.242774e-01 -1.230179e-01
    outer loop
      vertex 2.131847e-04 2.865880e-03 8.239380e-03
      vertex 2.675285e-04 2.772339e-03 9.054867e-03
      vertex 3.405328e-05 2.500400e-03 8.970730e-03
    endloop
  endfacet
  facet normal 7.539524e-01 -6.425994e-01 -1.364612e-01
    outer loop
      vertex 2.131847e-04 2.865880e-03 8.239380e-03
      vertex 3.405328e-05 2.500400e-03 8.970730e-03
      vertex 3.292380e-05 2.676036e-03 8.137416e-03
    endloop
  endfacet
  facet normal 4.410226e-01 -8.256158e-01 -3.519341e-01
    outer loop
      vertex 4.470337e-04 2.909513e-03 8.430066e-03
      vertex 2.131847e-04 2.865880e-03 8.239380e-03
      vertex 4.052293e-04 3.026141e-03 8.104076e-03
    endloop
  endfacet
  facet normal 3.917220e-01 -8.206532e-01 -4.160316e-01
    outer loop
      vertex 4.111376e-04 3.174109e-03 7.817762e-03
      vertex 4.052293e-04 3.026141e-03 8.104076e-03
      vertex 2.131847e-04 2.865880e-03 8.239380e-03
    endloop
  endfacet
  facet normal 7.667192e-01 -5.783822e-01 -2.785960e-01
    outer loop
      vertex 2.131847e-04 2.865880e-03 8.239380e-03
      vertex 3.292380e-05 2.676036e-03 8.137416e-03
      vertex 3.304979e-05 2.908786e-03 7.654560e-03
    endloop
  endfacet
  facet normal 2.443695e-01 -8.338872e-01 -4.948896e-01
    outer loop
      vertex 4.111376e-04 3.174109e-03 7.817762e-03
      vertex 2.131847e-04 2.865880e-03 8.239380e-03
      vertex 2.132148e-04 3.369382e-03 7.390996e-03
    endloop
  endfacet
  facet normal 8.235767e-01 -4.877837e-01 -2.894624e-01
    outer loop
      vertex 2.132148e-04 3.369382e-03 7.390996e-03
      vertex 2.131847e-04 2.865880e-03 8.239380e-03
      vertex 3.304979e-05 2.908786e-03 7.654560e-03
    endloop
  endfacet
  facet normal 4.563023e-01 -7.099292e-01 -5.364595e-01
    outer loop
      vertex 4.162277e-04 3.513300e-03 7.373220e-03
      vertex 4.111376e-04 3.174109e-03 7.817762e-03
      vertex 2.132148e-04 3.369382e-03 7.390996e-03
    endloop
  endfacet
  facet normal 7.312582e-01 -5.310147e-01 -4.281179e-01
    outer loop
      vertex 2.132148e-04 3.369382e-03 7.390996e-03
      vertex 3.304979e-05 2.908786e-03 7.654560e-03
      vertex 3.923931e-05 3.394524e-03 7.062648e-03
    endloop
  endfacet
  facet normal 3.558282e-01 -5.913231e-01 -7.236873e-01
    outer loop
      vertex 4.162277e-04 3.513300e-03 7.373220e-03
      vertex 2.132148e-04 3.369382e-03 7.390996e-03
      vertex 4.028272e-04 3.844587e-03 7.095937e-03
    endloop
  endfacet
  facet normal 2.352807e-01 -5.787172e-01 -7.808518e-01
    outer loop
      vertex 4.028272e-04 3.844587e-03 7.095937e-03
      vertex 2.132148e-04 3.369382e-03 7.390996e-03
      vertex 2.233374e-04 4.158813e-03 6.808970e-03
    endloop
  endfacet
  facet normal 8.166711e-01 -3.492143e-01 -4.594536e-01
    outer loop
      vertex 2.233374e-04 4.158813e-03 6.808970e-03
      vertex 2.132148e-04 3.369382e-03 7.390996e-03
      vertex 3.923931e-05 3.394524e-03 7.062648e-03
    endloop
  endfacet
  facet normal 4.618224e-01 -4.396936e-01 -7.703178e-01
    outer loop
      vertex 4.028272e-04 3.844587e-03 7.095937e-03
      vertex 2.233374e-04 4.158813e-03 6.808970e-03
      vertex 4.059254e-04 4.255860e-03 6.863042e-03
    endloop
  endfacet
  facet normal 6.575662e-01 -3.752318e-01 -6.533053e-01
    outer loop
      vertex 2.233374e-04 4.158813e-03 6.808970e-03
      vertex 3.923931e-05 3.394524e-03 7.062648e-03
      vertex 6.484448e-05 4.331367e-03 6.550336e-03
    endloop
  endfacet
  facet normal 9.776570e-01 -1.207964e-01 -1.720321e-01
    outer loop
      vertex 6.484448e-05 4.331367e-03 6.550336e-03
      vertex 3.923931e-05 3.394524e-03 7.062648e-03
      vertex 5.015594e-06 3.728600e-03 6.633576e-03
    endloop
  endfacet
  facet normal 9.303081e-01 -1.392008e-01 -3.393376e-01
    outer loop
      vertex 6.484448e-05 4.331367e-03 6.550336e-03
      vertex 5.015594e-06 3.728600e-03 6.633576e-03
      vertex 5.019016e-06 4.547709e-03 6.297576e-03
    endloop
  endfacet
  facet normal 4.126377e-01 -2.964607e-01 -8.613020e-01
    outer loop
      vertex 4.069544e-04 4.642348e-03 6.730506e-03
      vertex 4.059254e-04 4.255860e-03 6.863042e-03
      vertex 2.233374e-04 4.158813e-03 6.808970e-03
    endloop
  endfacet
  facet normal 3.055229e-01 -2.644540e-01 -9.147239e-01
    outer loop
      vertex 4.069544e-04 4.642348e-03 6.730506e-03
      vertex 2.233374e-04 4.158813e-03 6.808970e-03
      vertex 1.454670e-04 5.111612e-03 6.507500e-03
    endloop
  endfacet
  facet normal 8.108382e-01 -1.152863e-01 -5.738035e-01
    outer loop
      vertex 1.454670e-04 5.111612e-03 6.507500e-03
      vertex 2.233374e-04 4.158813e-03 6.808970e-03
      vertex 6.484448e-05 4.331367e-03 6.550336e-03
    endloop
  endfacet
  facet normal 5.022633e-01 -1.266288e-01 -8.553927e-01
    outer loop
      vertex 4.005244e-04 5.118181e-03 6.656290e-03
      vertex 4.069544e-04 4.642348e-03 6.730506e-03
      vertex 1.454670e-04 5.111612e-03 6.507500e-03
    endloop
  endfacet
  facet normal 8.251871e-01 -1.156213e-01 -5.528997e-01
    outer loop
      vertex 1.454670e-04 5.111612e-03 6.507500e-03
      vertex 6.484448e-05 4.331367e-03 6.550336e-03
      vertex 5.475615e-06 5.377978e-03 6.242865e-03
    endloop
  endfacet
  facet normal 9.697036e-01 -1.659344e-02 -2.437202e-01
    outer loop
      vertex 6.484448e-05 4.331367e-03 6.550336e-03
      vertex 5.019016e-06 4.547709e-03 6.297576e-03
      vertex 5.475615e-06 5.377978e-03 6.242865e-03
    endloop
  endfacet
  facet normal 5.027335e-01 3.956021e-02 -8.635357e-01
    outer loop
      vertex 4.109368e-04 5.630589e-03 6.685826e-03
      vertex 4.005244e-04 5.118181e-03 6.656290e-03
      vertex 1.454670e-04 5.111612e-03 6.507500e-03
    endloop
  endfacet
  facet normal 9.128308e-01 8.241078e-02 -3.999356e-01
    outer loop
      vertex 1.454670e-04 5.111612e-03 6.507500e-03
      vertex 5.475615e-06 5.377978e-03 6.242865e-03
      vertex 3.812670e-05 5.910404e-03 6.427101e-03
    endloop
  endfacet
  facet normal 3.030064e-01 1.673729e-01 -9.381756e-01
    outer loop
      vertex 4.109368e-04 5.630589e-03 6.685826e-03
      vertex 1.454670e-04 5.111612e-03 6.507500e-03
      vertex 2.131854e-04 6.073151e-03 6.700912e-03
    endloop
  endfacet
  facet normal 8.262253e-01 5.459300e-02 -5.606883e-01
    outer loop
      vertex 2.131854e-04 6.073151e-03 6.700912e-03
      vertex 1.454670e-04 5.111612e-03 6.507500e-03
      vertex 3.812670e-05 5.910404e-03 6.427101e-03
    endloop
  endfacet
  facet normal 4.386527e-01 2.256554e-01 -8.698641e-01
    outer loop
      vertex 4.109368e-04 5.630589e-03 6.685826e-03
      vertex 2.131854e-04 6.073151e-03 6.700912e-03
      vertex 4.187734e-04 6.059360e-03 6.801008e-03
    endloop
  endfacet
  facet normal 4.260076e-01 3.750834e-01 -8.233043e-01
    outer loop
      vertex 4.137366e-04 6.407766e-03 6.957129e-03
      vertex 4.187734e-04 6.059360e-03 6.801008e-03
      vertex 2.131854e-04 6.073151e-03 6.700912e-03
    endloop
  endfacet
  facet normal 7.123493e-01 3.006815e-01 -6.341523e-01
    outer loop
      vertex 2.131854e-04 6.073151e-03 6.700912e-03
      vertex 3.812670e-05 5.910404e-03 6.427101e-03
      vertex 3.853631e-05 6.862153e-03 6.878830e-03
    endloop
  endfacet
  facet normal 9.847561e-01 7.423712e-02 -1.573033e-01
    outer loop
      vertex 3.853631e-05 6.862153e-03 6.878830e-03
      vertex 3.812670e-05 5.910404e-03 6.427101e-03
      vertex 2.398082e-17 6.253227e-03 6.350209e-03
    endloop
  endfacet
  facet normal 2.399096e-01 4.954574e-01 -8.348445e-01
    outer loop
      vertex 4.137366e-04 6.407766e-03 6.957129e-03
      vertex 2.131854e-04 6.073151e-03 6.700912e-03
      vertex 2.132152e-04 6.921535e-03 7.204413e-03
    endloop
  endfacet
  facet normal 8.193922e-01 2.925391e-01 -4.929678e-01
    outer loop
      vertex 2.132152e-04 6.921535e-03 7.204413e-03
      vertex 2.131854e-04 6.073151e-03 6.700912e-03
      vertex 3.853631e-05 6.862153e-03 6.878830e-03
    endloop
  endfacet
  facet normal 3.411736e-01 5.124493e-01 -7.880332e-01
    outer loop
      vertex 4.157273e-04 6.675706e-03 7.132230e-03
      vertex 4.137366e-04 6.407766e-03 6.957129e-03
      vertex 2.132152e-04 6.921535e-03 7.204413e-03
    endloop
  endfacet
  facet normal 4.808221e-01 5.872791e-01 -6.510863e-01
    outer loop
      vertex 4.157273e-04 6.675706e-03 7.132230e-03
      vertex 2.132152e-04 6.921535e-03 7.204413e-03
      vertex 4.121810e-04 7.033436e-03 7.452283e-03
    endloop
  endfacet
  facet normal 7.242180e-01 4.960324e-01 -4.790199e-01
    outer loop
      vertex 2.132152e-04 6.921535e-03 7.204413e-03
      vertex 3.853631e-05 6.862153e-03 6.878830e-03
      vertex 3.869543e-05 7.428170e-03 7.465190e-03
    endloop
  endfacet
  facet normal 4.320432e-01 7.334491e-01 -5.247772e-01
    outer loop
      vertex 4.033464e-04 7.336686e-03 7.868843e-03
      vertex 4.121810e-04 7.033436e-03 7.452283e-03
      vertex 1.866518e-04 7.473469e-03 7.881614e-03
    endloop
  endfacet
  facet normal 3.197936e-01 7.405547e-01 -5.910252e-01
    outer loop
      vertex 4.121810e-04 7.033436e-03 7.452283e-03
      vertex 2.132152e-04 6.921535e-03 7.204413e-03
      vertex 1.866518e-04 7.473469e-03 7.881614e-03
    endloop
  endfacet
  facet normal 8.205602e-01 4.583884e-01 -3.414104e-01
    outer loop
      vertex 1.866518e-04 7.473469e-03 7.881614e-03
      vertex 2.132152e-04 6.921535e-03 7.204413e-03
      vertex 3.869543e-05 7.428170e-03 7.465190e-03
    endloop
  endfacet
  facet normal 7.249320e-01 6.080176e-01 -3.237101e-01
    outer loop
      vertex 1.866518e-04 7.473469e-03 7.881614e-03
      vertex 3.869543e-05 7.428170e-03 7.465190e-03
      vertex 5.887419e-05 7.771520e-03 8.155285e-03
    endloop
  endfacet
  facet normal 9.687047e-01 2.097700e-01 -1.326943e-01
    outer loop
      vertex 5.887419e-05 7.771520e-03 8.155285e-03
      vertex 3.869543e-05 7.428170e-03 7.465190e-03
      vertex 4.961302e-06 7.774743e-03 7.766802e-03
    endloop
  endfacet
  facet normal 4.816327e-01 7.970332e-01 -3.643734e-01
    outer loop
      vertex 4.057543e-04 7.521673e-03 8.276668e-03
      vertex 4.033464e-04 7.336686e-03 7.868843e-03
      vertex 1.866518e-04 7.473469e-03 7.881614e-03
    endloop
  endfacet
  facet normal 3.687599e-01 8.758169e-01 -3.113856e-01
    outer loop
      vertex 4.057543e-04 7.521673e-03 8.276668e-03
      vertex 1.866518e-04 7.473469e-03 7.881614e-03
      vertex 2.126013e-04 7.665354e-03 8.452050e-03
    endloop
  endfacet
  facet normal 8.061515e-01 5.487788e-01 -2.212726e-01
    outer loop
      vertex 2.126013e-04 7.665354e-03 8.452050e-03
      vertex 1.866518e-04 7.473469e-03 7.881614e-03
      vertex 5.887419e-05 7.771520e-03 8.155285e-03
    endloop
  endfacet
  facet normal 3.999228e-01 8.741106e-01 -2.756673e-01
    outer loop
      vertex 4.057543e-04 7.521673e-03 8.276668e-03
      vertex 2.126013e-04 7.665354e-03 8.452050e-03
      vertex 4.450524e-04 7.608542e-03 8.609132e-03
    endloop
  endfacet
  facet normal 8.702343e-01 4.785922e-01 -1.167983e-01
    outer loop
      vertex 5.887419e-05 7.771520e-03 8.155285e-03
      vertex 4.961302e-06 7.774743e-03 7.766802e-03
      vertex 4.961302e-06 8.078463e-03 9.011322e-03
    endloop
  endfacet
  facet normal 2.921505e-01 9.523246e-01 -8.789675e-02
    outer loop
      vertex 4.450524e-04 7.608542e-03 8.609132e-03
      vertex 2.126013e-04 7.665354e-03 8.452050e-03
      vertex 4.033224e-04 7.662315e-03 9.053042e-03
    endloop
  endfacet
  facet normal 5.272247e-01 8.339270e-01 -1.630947e-01
    outer loop
      vertex 4.033224e-04 7.662315e-03 9.053042e-03
      vertex 2.126013e-04 7.665354e-03 8.452050e-03
      vertex 1.041102e-04 7.832143e-03 8.954153e-03
    endloop
  endfacet
  facet normal 6.818385e-01 7.254815e-01 -9.366333e-02
    outer loop
      vertex 2.126013e-04 7.665354e-03 8.452050e-03
      vertex 5.887419e-05 7.771520e-03 8.155285e-03
      vertex 1.041102e-04 7.832143e-03 8.954153e-03
    endloop
  endfacet
  facet normal 9.178947e-01 3.883756e-01 -8.144831e-02
    outer loop
      vertex 1.041102e-04 7.832143e-03 8.954153e-03
      vertex 5.887419e-05 7.771520e-03 8.155285e-03
      vertex 4.961302e-06 8.078463e-03 9.011322e-03
    endloop
  endfacet
  facet normal 2.292441e-01 -9.731787e-01 -1.924606e-02
    outer loop
      vertex 5.342066e-04 2.840417e-03 8.788981e-03
      vertex 5.313976e-04 2.830410e-03 9.261511e-03
      vertex 2.675285e-04 2.772339e-03 9.054867e-03
    endloop
  endfacet
  facet normal 9.615655e-01 2.274517e-01 -1.538103e-01
    outer loop
      vertex 4.961302e-06 7.774743e-03 7.766802e-03
      vertex 3.869543e-05 7.428170e-03 7.465190e-03
      vertex 2.220446e-17 7.261556e-03 6.976894e-03
    endloop
  endfacet
  facet normal 9.801900e-01 -1.580725e-01 -1.193345e-01
    outer loop
      vertex 2.398082e-17 3.215944e-03 6.976894e-03
      vertex 3.923931e-05 3.394524e-03 7.062648e-03
      vertex 2.930989e-17 2.700902e-03 7.659127e-03
    endloop
  endfacet
  facet normal 9.710097e-01 -2.257556e-01 -7.857819e-02
    outer loop
      vertex 2.930989e-17 2.700902e-03 7.659127e-03
      vertex 3.292380e-05 2.676036e-03 8.137416e-03
      vertex 2.398082e-17 2.362144e-03 8.632383e-03
    endloop
  endfacet
  facet normal 9.679335e-01 -2.511526e-01 5.208183e-03
    outer loop
      vertex 2.398082e-17 2.362144e-03 8.632383e-03
      vertex 3.405328e-05 2.500400e-03 8.970730e-03
      vertex 2.042810e-17 2.382277e-03 9.603251e-03
    endloop
  endfacet
  facet normal 9.701308e-01 -2.268791e-01 8.586086e-02
    outer loop
      vertex 2.042810e-17 2.382277e-03 9.603251e-03
      vertex 2.484749e-05 2.591797e-03 9.876140e-03
      vertex 1.687539e-17 2.758527e-03 1.059746e-02
    endloop
  endfacet
  facet normal 9.804812e-01 -1.444541e-01 1.333781e-01
    outer loop
      vertex 1.687539e-17 2.758527e-03 1.059746e-02
      vertex 3.517674e-05 2.895421e-03 1.048713e-02
      vertex 2.480651e-06 3.434273e-03 1.131108e-02
    endloop
  endfacet
  facet normal 9.751466e-01 -3.105182e-02 2.193740e-01
    outer loop
      vertex 2.131628e-17 4.430264e-03 1.185919e-02
      vertex 3.008340e-05 5.113267e-03 1.182215e-02
      vertex 2.486900e-17 5.331687e-03 1.198679e-02
    endloop
  endfacet
  facet normal 9.918545e-01 4.127745e-02 1.205026e-01
    outer loop
      vertex 2.087219e-17 6.854045e-03 1.148631e-02
      vertex 3.923960e-05 7.082977e-03 1.108491e-02
      vertex 1.965095e-17 7.934654e-03 1.111616e-02
    endloop
  endfacet
  facet normal 9.931182e-01 1.160861e-01 -1.549930e-02
    outer loop
      vertex 1.965095e-17 7.934654e-03 1.111616e-02
      vertex 3.304976e-05 7.568713e-03 1.049300e-02
      vertex 2.486900e-17 7.839454e-03 1.040313e-02
    endloop
  endfacet
  facet normal 9.986333e-01 4.503763e-02 2.651598e-02
    outer loop
      vertex 3.923960e-05 7.082977e-03 1.108491e-02
      vertex 3.304976e-05 7.568713e-03 1.049300e-02
      vertex 1.965095e-17 7.934654e-03 1.111616e-02
    endloop
  endfacet
  facet normal -6.525479e-02 5.056201e-01 8.602849e-01
    outer loop
      vertex 6.456453e-04 6.304777e-03 1.124223e-02
      vertex 4.121906e-04 6.756057e-03 1.095929e-02
      vertex 4.157563e-04 6.157159e-03 1.131156e-02
    endloop
  endfacet
  facet normal 9.888343e-01 2.552633e-02 1.468163e-01
    outer loop
      vertex 3.008340e-05 5.113267e-03 1.182215e-02
      vertex 5.019022e-06 6.064362e-03 1.182560e-02
      vertex 2.486900e-17 5.331687e-03 1.198679e-02
    endloop
  endfacet
  facet normal 9.856107e-01 -3.443569e-02 1.654864e-01
    outer loop
      vertex 3.292380e-05 4.302380e-03 1.163649e-02
      vertex 3.008340e-05 5.113267e-03 1.182215e-02
      vertex 2.131628e-17 4.430264e-03 1.185919e-02
    endloop
  endfacet
  facet normal 9.716918e-01 -1.120424e-01 2.079941e-01
    outer loop
      vertex 2.480651e-06 3.434273e-03 1.131108e-02
      vertex 3.292380e-05 4.302380e-03 1.163649e-02
      vertex 2.131628e-17 4.430264e-03 1.185919e-02
    endloop
  endfacet
  facet normal 9.764455e-01 -1.607765e-01 1.438925e-01
    outer loop
      vertex 3.517674e-05 2.895421e-03 1.048713e-02
      vertex 3.853618e-05 3.615343e-03 1.126873e-02
      vertex 2.480651e-06 3.434273e-03 1.131108e-02
    endloop
  endfacet
  facet normal 9.788937e-01 -1.891309e-01 7.743735e-02
    outer loop
      vertex 2.484749e-05 2.591797e-03 9.876140e-03
      vertex 3.517674e-05 2.895421e-03 1.048713e-02
      vertex 1.687539e-17 2.758527e-03 1.059746e-02
    endloop
  endfacet
  facet normal 9.883611e-01 -1.500252e-01 2.519350e-02
    outer loop
      vertex 3.405328e-05 2.500400e-03 8.970730e-03
      vertex 2.484749e-05 2.591797e-03 9.876140e-03
      vertex 2.042810e-17 2.382277e-03 9.603251e-03
    endloop
  endfacet
  facet normal 7.986093e-02 -9.815283e-01 1.738516e-01
    outer loop
      vertex 5.313976e-04 2.830410e-03 9.261511e-03
      vertex 4.476548e-04 2.895897e-03 9.669705e-03
      vertex 2.675285e-04 2.772339e-03 9.054867e-03
    endloop
  endfacet
  facet normal 4.989079e-02 -9.784271e-01 -2.004780e-01
    outer loop
      vertex 5.342066e-04 2.840417e-03 8.788981e-03
      vertex 2.675285e-04 2.772339e-03 9.054867e-03
      vertex 4.470337e-04 2.909513e-03 8.430066e-03
    endloop
  endfacet
  facet normal 9.867999e-01 -1.581876e-01 -3.467839e-02
    outer loop
      vertex 3.292380e-05 2.676036e-03 8.137416e-03
      vertex 3.405328e-05 2.500400e-03 8.970730e-03
      vertex 2.398082e-17 2.362144e-03 8.632383e-03
    endloop
  endfacet
  facet normal 9.844810e-01 -1.581847e-01 -7.599245e-02
    outer loop
      vertex 3.304979e-05 2.908786e-03 7.654560e-03
      vertex 3.292380e-05 2.676036e-03 8.137416e-03
      vertex 2.930989e-17 2.700902e-03 7.659127e-03
    endloop
  endfacet
  facet normal 9.800757e-01 -1.584461e-01 -1.197766e-01
    outer loop
      vertex 3.923931e-05 3.394524e-03 7.062648e-03
      vertex 3.304979e-05 2.908786e-03 7.654560e-03
      vertex 2.930989e-17 2.700902e-03 7.659127e-03
    endloop
  endfacet
  facet normal 9.755406e-01 -1.288247e-01 -1.781142e-01
    outer loop
      vertex 5.015594e-06 3.728600e-03 6.633576e-03
      vertex 3.923931e-05 3.394524e-03 7.062648e-03
      vertex 2.398082e-17 3.215944e-03 6.976894e-03
    endloop
  endfacet
  facet normal 9.563340e-01 4.146639e-02 -2.893197e-01
    outer loop
      vertex 3.812670e-05 5.910404e-03 6.427101e-03
      vertex 5.475615e-06 5.377978e-03 6.242865e-03
      vertex 2.398082e-17 6.253227e-03 6.350209e-03
    endloop
  endfacet
  facet normal 9.572591e-01 1.526753e-01 -2.456528e-01
    outer loop
      vertex 3.853631e-05 6.862153e-03 6.878830e-03
      vertex 2.398082e-17 6.253227e-03 6.350209e-03
      vertex 2.220446e-17 7.261556e-03 6.976894e-03
    endloop
  endfacet
  facet normal 9.848508e-01 1.246263e-01 -1.205699e-01
    outer loop
      vertex 3.869543e-05 7.428170e-03 7.465190e-03
      vertex 3.853631e-05 6.862153e-03 6.878830e-03
      vertex 2.220446e-17 7.261556e-03 6.976894e-03
    endloop
  endfacet
  facet normal 6.589138e-01 7.519322e-01 2.075001e-02
    outer loop
      vertex 2.519967e-04 7.691849e-03 -8.700893e-03
      vertex 1.859920e-04 7.763495e-03 -9.201198e-03
      vertex 5.894713e-05 7.853303e-03 -8.421338e-03
    endloop
  endfacet
  facet normal 7.033710e-01 7.100651e-01 3.281380e-02
    outer loop
      vertex 5.894713e-05 7.853303e-03 -8.421338e-03
      vertex 1.859920e-04 7.763495e-03 -9.201198e-03
      vertex 5.896325e-05 7.902318e-03 -9.482321e-03
    endloop
  endfacet
  facet normal 9.738258e-01 2.270526e-01 1.050402e-02
    outer loop
      vertex 5.894713e-05 7.853303e-03 -8.421338e-03
      vertex 5.896325e-05 7.902318e-03 -9.482321e-03
      vertex 5.193788e-06 8.115106e-03 -9.096945e-03
    endloop
  endfacet
  facet normal 2.990784e-01 9.188191e-01 2.575335e-01
    outer loop
      vertex 4.547826e-04 7.629423e-03 -8.713671e-03
      vertex 2.519967e-04 7.691849e-03 -8.700893e-03
      vertex 4.223058e-04 7.491432e-03 -8.183634e-03
    endloop
  endfacet
  facet normal 9.368987e-01 3.445886e-01 5.898813e-02
    outer loop
      vertex 5.894713e-05 7.853303e-03 -8.421338e-03
      vertex 5.193788e-06 8.115106e-03 -9.096945e-03
      vertex 4.961302e-06 7.956811e-03 -8.168549e-03
    endloop
  endfacet
  facet normal 1.729119e-01 9.362532e-01 3.058292e-01
    outer loop
      vertex 4.223058e-04 7.491432e-03 -8.183634e-03
      vertex 2.519967e-04 7.691849e-03 -8.700893e-03
      vertex 2.134260e-04 7.401188e-03 -7.789267e-03
    endloop
  endfacet
  facet normal 7.911946e-01 5.721837e-01 2.159094e-01
    outer loop
      vertex 2.134260e-04 7.401188e-03 -7.789267e-03
      vertex 2.519967e-04 7.691849e-03 -8.700893e-03
      vertex 5.894713e-05 7.853303e-03 -8.421338e-03
    endloop
  endfacet
  facet normal 7.299582e-01 6.276617e-01 2.705585e-01
    outer loop
      vertex 2.134260e-04 7.401188e-03 -7.789267e-03
      vertex 5.894713e-05 7.853303e-03 -8.421338e-03
      vertex 5.815847e-05 7.540940e-03 -7.694567e-03
    endloop
  endfacet
  facet normal 9.597417e-01 2.576793e-01 1.117910e-01
    outer loop
      vertex 5.815847e-05 7.540940e-03 -7.694567e-03
      vertex 5.894713e-05 7.853303e-03 -8.421338e-03
      vertex 4.961302e-06 7.705695e-03 -7.617623e-03
    endloop
  endfacet
  facet normal 9.651265e-01 2.382060e-01 1.085762e-01
    outer loop
      vertex 5.894713e-05 7.853303e-03 -8.421338e-03
      vertex 4.961302e-06 7.956811e-03 -8.168549e-03
      vertex 4.961302e-06 7.705695e-03 -7.617623e-03
    endloop
  endfacet
  facet normal 5.083365e-01 7.409757e-01 4.388040e-01
    outer loop
      vertex 4.223058e-04 7.491432e-03 -8.183634e-03
      vertex 2.134260e-04 7.401188e-03 -7.789267e-03
      vertex 4.001581e-04 7.170455e-03 -7.615966e-03
    endloop
  endfacet
  facet normal 7.348809e-01 5.282893e-01 4.252770e-01
    outer loop
      vertex 2.134260e-04 7.401188e-03 -7.789267e-03
      vertex 5.815847e-05 7.540940e-03 -7.694567e-03
      vertex 6.369174e-05 7.038801e-03 -7.080359e-03
    endloop
  endfacet
  facet normal 9.396028e-01 2.690826e-01 2.115209e-01
    outer loop
      vertex 6.369174e-05 7.038801e-03 -7.080359e-03
      vertex 5.815847e-05 7.540940e-03 -7.694567e-03
      vertex 2.131628e-17 7.037104e-03 -6.795274e-03
    endloop
  endfacet
  facet normal 9.570791e-01 2.220277e-01 1.862883e-01
    outer loop
      vertex 5.815847e-05 7.540940e-03 -7.694567e-03
      vertex 4.961302e-06 7.705695e-03 -7.617623e-03
      vertex 2.131628e-17 7.037104e-03 -6.795274e-03
    endloop
  endfacet
  facet normal 3.367775e-01 7.176471e-01 6.095602e-01
    outer loop
      vertex 4.001581e-04 7.170455e-03 -7.615966e-03
      vertex 2.107874e-04 6.918615e-03 -7.214845e-03
      vertex 4.470434e-04 6.892574e-03 -7.314716e-03
    endloop
  endfacet
  facet normal 3.280585e-01 7.225500e-01 6.085221e-01
    outer loop
      vertex 4.001581e-04 7.170455e-03 -7.615966e-03
      vertex 2.134260e-04 7.401188e-03 -7.789267e-03
      vertex 2.107874e-04 6.918615e-03 -7.214845e-03
    endloop
  endfacet
  facet normal 7.719652e-01 4.849565e-01 4.109585e-01
    outer loop
      vertex 2.107874e-04 6.918615e-03 -7.214845e-03
      vertex 2.134260e-04 7.401188e-03 -7.789267e-03
      vertex 6.369174e-05 7.038801e-03 -7.080359e-03
    endloop
  endfacet
  facet normal 3.737672e-01 5.624487e-01 7.375294e-01
    outer loop
      vertex 4.470434e-04 6.892574e-03 -7.314716e-03
      vertex 2.107874e-04 6.918615e-03 -7.214845e-03
      vertex 4.087772e-04 6.686495e-03 -7.138165e-03
    endloop
  endfacet
  facet normal 3.640592e-01 5.570966e-01 7.463941e-01
    outer loop
      vertex 4.087772e-04 6.686495e-03 -7.138165e-03
      vertex 2.107874e-04 6.918615e-03 -7.214845e-03
      vertex 1.866520e-04 6.430918e-03 -6.839063e-03
    endloop
  endfacet
  facet normal 7.726942e-01 3.630037e-01 5.207418e-01
    outer loop
      vertex 1.866520e-04 6.430918e-03 -6.839063e-03
      vertex 2.107874e-04 6.918615e-03 -7.214845e-03
      vertex 6.369174e-05 7.038801e-03 -7.080359e-03
    endloop
  endfacet
  facet normal 4.759366e-01 4.620938e-01 7.483006e-01
    outer loop
      vertex 4.104697e-04 6.310230e-03 -6.906889e-03
      vertex 4.087772e-04 6.686495e-03 -7.138165e-03
      vertex 1.866520e-04 6.430918e-03 -6.839063e-03
    endloop
  endfacet
  facet normal 6.119731e-01 3.956219e-01 6.848155e-01
    outer loop
      vertex 1.866520e-04 6.430918e-03 -6.839063e-03
      vertex 6.369174e-05 7.038801e-03 -7.080359e-03
      vertex 7.576432e-05 6.139871e-03 -6.571831e-03
    endloop
  endfacet
  facet normal 9.667511e-01 1.356235e-01 2.167917e-01
    outer loop
      vertex 7.576432e-05 6.139871e-03 -6.571831e-03
      vertex 6.369174e-05 7.038801e-03 -7.080359e-03
      vertex 2.131628e-17 7.037104e-03 -6.795274e-03
    endloop
  endfacet
  facet normal 9.645160e-01 1.375669e-01 2.253536e-01
    outer loop
      vertex 7.576432e-05 6.139871e-03 -6.571831e-03
      vertex 2.131628e-17 7.037104e-03 -6.795274e-03
      vertex 1.598721e-17 6.341759e-03 -6.370801e-03
    endloop
  endfacet
  facet normal 1.897546e-01 3.650870e-01 9.114300e-01
    outer loop
      vertex 4.104697e-04 6.310230e-03 -6.906889e-03
      vertex 2.679929e-04 5.725327e-03 -6.642934e-03
      vertex 4.590705e-04 5.877599e-03 -6.743711e-03
    endloop
  endfacet
  facet normal 4.164948e-01 2.877314e-01 8.624052e-01
    outer loop
      vertex 4.104697e-04 6.310230e-03 -6.906889e-03
      vertex 1.866520e-04 6.430918e-03 -6.839063e-03
      vertex 2.679929e-04 5.725327e-03 -6.642934e-03
    endloop
  endfacet
  facet normal 7.646536e-01 2.529102e-01 5.927405e-01
    outer loop
      vertex 2.679929e-04 5.725327e-03 -6.642934e-03
      vertex 1.866520e-04 6.430918e-03 -6.839063e-03
      vertex 7.576432e-05 6.139871e-03 -6.571831e-03
    endloop
  endfacet
  facet normal 3.836923e-01 1.241407e-01 9.150789e-01
    outer loop
      vertex 4.590705e-04 5.877599e-03 -6.743711e-03
      vertex 2.679929e-04 5.725327e-03 -6.642934e-03
      vertex 4.114836e-04 5.393275e-03 -6.658053e-03
    endloop
  endfacet
  facet normal 5.748424e-01 1.279363e-01 8.082008e-01
    outer loop
      vertex 2.679929e-04 5.725327e-03 -6.642934e-03
      vertex 7.576432e-05 6.139871e-03 -6.571831e-03
      vertex 6.981830e-05 5.098366e-03 -6.402734e-03
    endloop
  endfacet
  facet normal 8.932876e-01 6.706109e-02 4.444548e-01
    outer loop
      vertex 6.981830e-05 5.098366e-03 -6.402734e-03
      vertex 7.576432e-05 6.139871e-03 -6.571831e-03
      vertex 4.988288e-06 4.837762e-03 -6.233114e-03
    endloop
  endfacet
  facet normal 9.456584e-01 3.275273e-02 3.235082e-01
    outer loop
      vertex 7.576432e-05 6.139871e-03 -6.571831e-03
      vertex 1.598721e-17 6.341759e-03 -6.370801e-03
      vertex 4.988288e-06 4.837762e-03 -6.233114e-03
    endloop
  endfacet
  facet normal 2.619002e-01 6.934644e-02 9.626003e-01
    outer loop
      vertex 4.114836e-04 5.393275e-03 -6.658053e-03
      vertex 2.679929e-04 5.725327e-03 -6.642934e-03
      vertex 1.879022e-04 4.881402e-03 -6.560347e-03
    endloop
  endfacet
  facet normal 7.901774e-01 -1.503082e-02 6.126938e-01
    outer loop
      vertex 2.679929e-04 5.725327e-03 -6.642934e-03
      vertex 6.981830e-05 5.098366e-03 -6.402734e-03
      vertex 1.879022e-04 4.881402e-03 -6.560347e-03
    endloop
  endfacet
  facet normal 5.062240e-01 -5.685594e-02 8.605258e-01
    outer loop
      vertex 4.095356e-04 4.771974e-03 -6.697958e-03
      vertex 4.114836e-04 5.393275e-03 -6.658053e-03
      vertex 1.879022e-04 4.881402e-03 -6.560347e-03
    endloop
  endfacet
  facet normal 6.695378e-01 -1.621714e-01 7.248583e-01
    outer loop
      vertex 1.879022e-04 4.881402e-03 -6.560347e-03
      vertex 6.981830e-05 5.098366e-03 -6.402734e-03
      vertex 3.899768e-05 4.080767e-03 -6.601931e-03
    endloop
  endfacet
  facet normal 9.653279e-01 -7.800207e-02 2.491138e-01
    outer loop
      vertex 6.981830e-05 5.098366e-03 -6.402734e-03
      vertex 4.988288e-06 4.837762e-03 -6.233114e-03
      vertex 3.899768e-05 4.080767e-03 -6.601931e-03
    endloop
  endfacet
  facet normal 2.217635e-01 -2.845713e-01 9.326522e-01
    outer loop
      vertex 4.095356e-04 4.771974e-03 -6.697958e-03
      vertex 1.964897e-04 3.942734e-03 -6.900318e-03
      vertex 4.365218e-04 4.281052e-03 -6.854165e-03
    endloop
  endfacet
  facet normal 3.857232e-01 -3.110634e-01 8.685950e-01
    outer loop
      vertex 4.095356e-04 4.771974e-03 -6.697958e-03
      vertex 1.879022e-04 4.881402e-03 -6.560347e-03
      vertex 1.964897e-04 3.942734e-03 -6.900318e-03
    endloop
  endfacet
  facet normal 8.323522e-01 -1.819945e-01 5.235149e-01
    outer loop
      vertex 1.964897e-04 3.942734e-03 -6.900318e-03
      vertex 1.879022e-04 4.881402e-03 -6.560347e-03
      vertex 3.899768e-05 4.080767e-03 -6.601931e-03
    endloop
  endfacet
  facet normal 4.702373e-01 -4.381392e-01 7.661012e-01
    outer loop
      vertex 4.365218e-04 4.281052e-03 -6.854165e-03
      vertex 1.964897e-04 3.942734e-03 -6.900318e-03
      vertex 4.092205e-04 3.994091e-03 -7.001522e-03
    endloop
  endfacet
  facet normal 4.662565e-01 -5.176569e-01 7.173815e-01
    outer loop
      vertex 4.034125e-04 3.701375e-03 -7.208969e-03
      vertex 4.092205e-04 3.994091e-03 -7.001522e-03
      vertex 1.964897e-04 3.942734e-03 -6.900318e-03
    endloop
  endfacet
  facet normal 7.300306e-01 -3.860756e-01 5.639157e-01
    outer loop
      vertex 1.964897e-04 3.942734e-03 -6.900318e-03
      vertex 3.899768e-05 4.080767e-03 -6.601931e-03
      vertex 3.317522e-05 3.393612e-03 -7.064843e-03
    endloop
  endfacet
  facet normal 9.791861e-01 -1.190403e-01 1.643896e-01
    outer loop
      vertex 3.899768e-05 4.080767e-03 -6.601931e-03
      vertex 2.486900e-17 3.839877e-03 -6.544079e-03
      vertex 3.317522e-05 3.393612e-03 -7.064843e-03
    endloop
  endfacet
  facet normal 3.495664e-01 -6.156160e-01 7.062721e-01
    outer loop
      vertex 4.034125e-04 3.701375e-03 -7.208969e-03
      vertex 2.107875e-04 3.379815e-03 -7.393915e-03
      vertex 4.599745e-04 3.423310e-03 -7.479337e-03
    endloop
  endfacet
  facet normal 3.432839e-01 -6.142844e-01 7.105004e-01
    outer loop
      vertex 4.034125e-04 3.701375e-03 -7.208969e-03
      vertex 1.964897e-04 3.942734e-03 -6.900318e-03
      vertex 2.107875e-04 3.379815e-03 -7.393915e-03
    endloop
  endfacet
  facet normal 8.087346e-01 -3.760323e-01 4.522699e-01
    outer loop
      vertex 2.107875e-04 3.379815e-03 -7.393915e-03
      vertex 1.964897e-04 3.942734e-03 -6.900318e-03
      vertex 3.317522e-05 3.393612e-03 -7.064843e-03
    endloop
  endfacet
  facet normal 3.212270e-01 -7.769384e-01 5.414609e-01
    outer loop
      vertex 4.599745e-04 3.423310e-03 -7.479337e-03
      vertex 2.107875e-04 3.379815e-03 -7.393915e-03
      vertex 4.069606e-04 3.244088e-03 -7.705051e-03
    endloop
  endfacet
  facet normal 7.498688e-01 -5.062195e-01 4.259562e-01
    outer loop
      vertex 2.107875e-04 3.379815e-03 -7.393915e-03
      vertex 3.317522e-05 3.393612e-03 -7.064843e-03
      vertex 3.517674e-05 2.895421e-03 -7.660433e-03
    endloop
  endfacet
  facet normal 3.665780e-01 -7.456697e-01 5.564146e-01
    outer loop
      vertex 4.069606e-04 3.244088e-03 -7.705051e-03
      vertex 2.107875e-04 3.379815e-03 -7.393915e-03
      vertex 1.866520e-04 3.004032e-03 -7.881613e-03
    endloop
  endfacet
  facet normal 8.170332e-01 -4.755778e-01 3.260100e-01
    outer loop
      vertex 1.866520e-04 3.004032e-03 -7.881613e-03
      vertex 2.107875e-04 3.379815e-03 -7.393915e-03
      vertex 3.517674e-05 2.895421e-03 -7.660433e-03
    endloop
  endfacet
  facet normal 4.816069e-01 -7.613010e-01 4.341377e-01
    outer loop
      vertex 4.098627e-04 3.052922e-03 -8.043498e-03
      vertex 4.069606e-04 3.244088e-03 -7.705051e-03
      vertex 1.866520e-04 3.004032e-03 -7.881613e-03
    endloop
  endfacet
  facet normal 3.659070e-01 -8.732395e-01 3.218148e-01
    outer loop
      vertex 4.098627e-04 3.052922e-03 -8.043498e-03
      vertex 1.763659e-04 2.753920e-03 -8.589346e-03
      vertex 4.400951e-04 2.869775e-03 -8.574838e-03
    endloop
  endfacet
  facet normal 4.061360e-01 -8.634309e-01 2.992332e-01
    outer loop
      vertex 4.098627e-04 3.052922e-03 -8.043498e-03
      vertex 1.866520e-04 3.004032e-03 -7.881613e-03
      vertex 1.763659e-04 2.753920e-03 -8.589346e-03
    endloop
  endfacet
  facet normal 7.530732e-01 -6.237010e-01 2.094705e-01
    outer loop
      vertex 1.866520e-04 3.004032e-03 -7.881613e-03
      vertex 3.517674e-05 2.895421e-03 -7.660433e-03
      vertex 1.763659e-04 2.753920e-03 -8.589346e-03
    endloop
  endfacet
  facet normal 8.799089e-01 -4.312612e-01 1.994345e-01
    outer loop
      vertex 1.763659e-04 2.753920e-03 -8.589346e-03
      vertex 3.517674e-05 2.895421e-03 -7.660433e-03
      vertex 2.484749e-05 2.591797e-03 -8.271422e-03
    endloop
  endfacet
  facet normal 3.977530e-01 -9.145801e-01 7.304649e-02
    outer loop
      vertex 4.400951e-04 2.869775e-03 -8.574838e-03
      vertex 1.763659e-04 2.753920e-03 -8.589346e-03
      vertex 4.200491e-04 2.821621e-03 -9.068598e-03
    endloop
  endfacet
  facet normal 7.841186e-01 -6.178344e-01 5.864014e-02
    outer loop
      vertex 1.763659e-04 2.753920e-03 -8.589346e-03
      vertex 2.484749e-05 2.591797e-03 -8.271422e-03
      vertex 5.888053e-05 2.546807e-03 -9.200514e-03
    endloop
  endfacet
  facet normal 9.797802e-01 -1.948752e-01 4.532628e-02
    outer loop
      vertex 5.888053e-05 2.546807e-03 -9.200514e-03
      vertex 2.484749e-05 2.591797e-03 -8.271422e-03
      vertex 4.961302e-06 2.407510e-03 -8.633880e-03
    endloop
  endfacet
  facet normal 3.895079e-01 -9.184870e-01 6.830224e-02
    outer loop
      vertex 4.200491e-04 2.821621e-03 -9.068598e-03
      vertex 1.763659e-04 2.753920e-03 -8.589346e-03
      vertex 1.863031e-04 2.713565e-03 -9.188684e-03
    endloop
  endfacet
  facet normal 7.915638e-01 -6.086863e-01 5.410884e-02
    outer loop
      vertex 1.863031e-04 2.713565e-03 -9.188684e-03
      vertex 1.763659e-04 2.753920e-03 -8.589346e-03
      vertex 5.888053e-05 2.546807e-03 -9.200514e-03
    endloop
  endfacet
  facet normal 9.153112e-01 -4.025725e-01 -1.186722e-02
    outer loop
      vertex 5.888053e-05 2.546807e-03 -9.200514e-03
      vertex 4.961302e-06 2.407510e-03 -8.633880e-03
      vertex 2.309264e-17 2.432718e-03 -9.871691e-03
    endloop
  endfacet
  facet normal 9.798201e-02 -9.922475e-01 -7.644944e-02
    outer loop
      vertex 4.200491e-04 2.821621e-03 -9.068598e-03
      vertex 2.131854e-04 2.865881e-03 -9.908183e-03
      vertex 4.486729e-04 2.855948e-03 -9.477453e-03
    endloop
  endfacet
  facet normal 4.821609e-01 -8.605642e-01 -1.641646e-01
    outer loop
      vertex 4.200491e-04 2.821621e-03 -9.068598e-03
      vertex 1.863031e-04 2.713565e-03 -9.188684e-03
      vertex 2.131854e-04 2.865881e-03 -9.908183e-03
    endloop
  endfacet
  facet normal 7.941297e-01 -5.999044e-01 -9.732768e-02
    outer loop
      vertex 2.131854e-04 2.865881e-03 -9.908183e-03
      vertex 1.863031e-04 2.713565e-03 -9.188684e-03
      vertex 5.888053e-05 2.546807e-03 -9.200514e-03
    endloop
  endfacet
  facet normal 4.526359e-01 -8.507572e-01 -2.670822e-01
    outer loop
      vertex 4.486729e-04 2.855948e-03 -9.477453e-03
      vertex 2.131854e-04 2.865881e-03 -9.908183e-03
      vertex 4.056164e-04 2.973739e-03 -9.925631e-03
    endloop
  endfacet
  facet normal 7.043752e-01 -6.919305e-01 -1.583911e-01
    outer loop
      vertex 2.131854e-04 2.865881e-03 -9.908183e-03
      vertex 5.888053e-05 2.546807e-03 -9.200514e-03
      vertex 3.333072e-05 2.758573e-03 -1.023923e-02
    endloop
  endfacet
  facet normal 9.843749e-01 -1.662233e-01 -5.810138e-02
    outer loop
      vertex 5.888053e-05 2.546807e-03 -9.200514e-03
      vertex 2.309264e-17 2.432718e-03 -9.871691e-03
      vertex 3.333072e-05 2.758573e-03 -1.023923e-02
    endloop
  endfacet
  facet normal 4.207283e-01 -8.150608e-01 -3.983261e-01
    outer loop
      vertex 4.111367e-04 3.174109e-03 -1.032980e-02
      vertex 4.056164e-04 2.973739e-03 -9.925631e-03
      vertex 2.131854e-04 2.865881e-03 -9.908183e-03
    endloop
  endfacet
  facet normal 2.443693e-01 -8.338868e-01 -4.948903e-01
    outer loop
      vertex 4.111367e-04 3.174109e-03 -1.032980e-02
      vertex 2.131854e-04 2.865881e-03 -9.908183e-03
      vertex 2.132152e-04 3.369384e-03 -1.075657e-02
    endloop
  endfacet
  facet normal 8.236582e-01 -4.876817e-01 -2.894025e-01
    outer loop
      vertex 2.132152e-04 3.369384e-03 -1.075657e-02
      vertex 2.131854e-04 2.865881e-03 -9.908183e-03
      vertex 3.333072e-05 2.758573e-03 -1.023923e-02
    endloop
  endfacet
  facet normal 4.511018e-01 -7.137453e-01 -5.357936e-01
    outer loop
      vertex 4.153712e-04 3.508606e-03 -1.077183e-02
      vertex 4.111367e-04 3.174109e-03 -1.032980e-02
      vertex 2.132152e-04 3.369384e-03 -1.075657e-02
    endloop
  endfacet
  facet normal 7.105500e-01 -5.647532e-01 -4.197291e-01
    outer loop
      vertex 2.132152e-04 3.369384e-03 -1.075657e-02
      vertex 3.333072e-05 2.758573e-03 -1.023923e-02
      vertex 3.923954e-05 3.394524e-03 -1.108491e-02
    endloop
  endfacet
  facet normal 3.364571e-01 -5.740454e-01 -7.465042e-01
    outer loop
      vertex 4.127114e-04 3.980898e-03 -1.113621e-02
      vertex 4.153712e-04 3.508606e-03 -1.077183e-02
      vertex 1.879253e-04 4.146794e-03 -1.136509e-02
    endloop
  endfacet
  facet normal 3.383970e-01 -5.731666e-01 -7.463025e-01
    outer loop
      vertex 4.153712e-04 3.508606e-03 -1.077183e-02
      vertex 2.132152e-04 3.369384e-03 -1.075657e-02
      vertex 1.879253e-04 4.146794e-03 -1.136509e-02
    endloop
  endfacet
  facet normal 8.219902e-01 -3.342095e-01 -4.611249e-01
    outer loop
      vertex 1.879253e-04 4.146794e-03 -1.136509e-02
      vertex 2.132152e-04 3.369384e-03 -1.075657e-02
      vertex 3.923954e-05 3.394524e-03 -1.108491e-02
    endloop
  endfacet
  facet normal 6.825808e-01 -3.697011e-01 -6.304004e-01
    outer loop
      vertex 1.879253e-04 4.146794e-03 -1.136509e-02
      vertex 3.923954e-05 3.394524e-03 -1.108491e-02
      vertex 5.887413e-05 4.320251e-03 -1.160655e-02
    endloop
  endfacet
  facet normal 9.821175e-01 -1.078043e-01 -1.543485e-01
    outer loop
      vertex 5.887413e-05 4.320251e-03 -1.160655e-02
      vertex 3.923954e-05 3.394524e-03 -1.108491e-02
      vertex 1.776357e-17 3.569270e-03 -1.145665e-02
    endloop
  endfacet
  facet normal 5.409911e-01 -3.326794e-01 -7.724332e-01
    outer loop
      vertex 3.635007e-04 4.532060e-03 -1.140805e-02
      vertex 4.127114e-04 3.980898e-03 -1.113621e-02
      vertex 1.879253e-04 4.146794e-03 -1.136509e-02
    endloop
  endfacet
  facet normal 9.392438e-01 -1.364997e-01 -3.149426e-01
    outer loop
      vertex 5.887413e-05 4.320251e-03 -1.160655e-02
      vertex 1.776357e-17 3.569270e-03 -1.145665e-02
      vertex 2.509508e-06 4.519972e-03 -1.186121e-02
    endloop
  endfacet
  facet normal 3.178021e-01 -2.469140e-01 -9.154427e-01
    outer loop
      vertex 3.635007e-04 4.532060e-03 -1.140805e-02
      vertex 1.879253e-04 4.146794e-03 -1.136509e-02
      vertex 1.454675e-04 5.111608e-03 -1.164006e-02
    endloop
  endfacet
  facet normal 8.396646e-01 -1.143629e-01 -5.309280e-01
    outer loop
      vertex 1.454675e-04 5.111608e-03 -1.164006e-02
      vertex 1.879253e-04 4.146794e-03 -1.136509e-02
      vertex 5.887413e-05 4.320251e-03 -1.160655e-02
    endloop
  endfacet
  facet normal 5.097260e-01 -1.475468e-01 -8.475903e-01
    outer loop
      vertex 4.068811e-04 5.151098e-03 -1.148973e-02
      vertex 3.635007e-04 4.532060e-03 -1.140805e-02
      vertex 1.454675e-04 5.111608e-03 -1.164006e-02
    endloop
  endfacet
  facet normal 8.421666e-01 -1.144673e-01 -5.269276e-01
    outer loop
      vertex 1.454675e-04 5.111608e-03 -1.164006e-02
      vertex 5.887413e-05 4.320251e-03 -1.160655e-02
      vertex 2.739663e-06 5.276021e-03 -1.190389e-02
    endloop
  endfacet
  facet normal 9.740789e-01 -1.304756e-02 -2.258321e-01
    outer loop
      vertex 5.887413e-05 4.320251e-03 -1.160655e-02
      vertex 2.509508e-06 4.519972e-03 -1.186121e-02
      vertex 2.739663e-06 5.276021e-03 -1.190389e-02
    endloop
  endfacet
  facet normal 4.930837e-01 4.368651e-02 -8.688843e-01
    outer loop
      vertex 4.039114e-04 5.572677e-03 -1.147022e-02
      vertex 4.068811e-04 5.151098e-03 -1.148973e-02
      vertex 1.454675e-04 5.111608e-03 -1.164006e-02
    endloop
  endfacet
  facet normal 8.955748e-01 7.325174e-02 -4.388394e-01
    outer loop
      vertex 1.454675e-04 5.111608e-03 -1.164006e-02
      vertex 2.739663e-06 5.276021e-03 -1.190389e-02
      vertex 2.904068e-05 5.912267e-03 -1.174402e-02
    endloop
  endfacet
  facet normal 3.379682e-01 1.526659e-01 -9.286930e-01
    outer loop
      vertex 4.039114e-04 5.572677e-03 -1.147022e-02
      vertex 1.454675e-04 5.111608e-03 -1.164006e-02
      vertex 1.671476e-04 6.103578e-03 -1.146910e-02
    endloop
  endfacet
  facet normal 8.730969e-01 6.421058e-02 -4.832999e-01
    outer loop
      vertex 1.671476e-04 6.103578e-03 -1.146910e-02
      vertex 1.454675e-04 5.111608e-03 -1.164006e-02
      vertex 2.904068e-05 5.912267e-03 -1.174402e-02
    endloop
  endfacet
  facet normal 3.730468e-01 1.682757e-01 -9.124250e-01
    outer loop
      vertex 4.039114e-04 5.572677e-03 -1.147022e-02
      vertex 1.671476e-04 6.103578e-03 -1.146910e-02
      vertex 4.407281e-04 5.929292e-03 -1.138939e-02
    endloop
  endfacet
  facet normal 4.657594e-01 3.617561e-01 -8.075894e-01
    outer loop
      vertex 4.407281e-04 5.929292e-03 -1.138939e-02
      vertex 1.671476e-04 6.103578e-03 -1.146910e-02
      vertex 4.008046e-04 6.406409e-03 -1.119870e-02
    endloop
  endfacet
  facet normal 7.805295e-01 2.560289e-01 -5.702832e-01
    outer loop
      vertex 1.671476e-04 6.103578e-03 -1.146910e-02
      vertex 2.904068e-05 5.912267e-03 -1.174402e-02
      vertex 3.304977e-05 6.657970e-03 -1.140375e-02
    endloop
  endfacet
  facet normal 3.553369e-01 4.549551e-01 -8.165485e-01
    outer loop
      vertex 4.008046e-04 6.406409e-03 -1.119870e-02
      vertex 1.671476e-04 6.103578e-03 -1.146910e-02
      vertex 1.859511e-04 6.744277e-03 -1.110394e-02
    endloop
  endfacet
  facet normal 8.282476e-01 2.589261e-01 -4.969539e-01
    outer loop
      vertex 1.859511e-04 6.744277e-03 -1.110394e-02
      vertex 1.671476e-04 6.103578e-03 -1.146910e-02
      vertex 3.304977e-05 6.657970e-03 -1.140375e-02
    endloop
  endfacet
  facet normal 4.730697e-01 5.035677e-01 -7.229278e-01
    outer loop
      vertex 4.151814e-04 6.825768e-03 -1.089718e-02
      vertex 4.008046e-04 6.406409e-03 -1.119870e-02
      vertex 1.859511e-04 6.744277e-03 -1.110394e-02
    endloop
  endfacet
  facet normal 7.627917e-01 4.036083e-01 -5.052219e-01
    outer loop
      vertex 1.859511e-04 6.744277e-03 -1.110394e-02
      vertex 3.304977e-05 6.657970e-03 -1.140375e-02
      vertex 3.503584e-05 7.253941e-03 -1.092464e-02
    endloop
  endfacet
  facet normal 3.741604e-01 6.430156e-01 -6.682327e-01
    outer loop
      vertex 4.151814e-04 6.825768e-03 -1.089718e-02
      vertex 1.859511e-04 6.744277e-03 -1.110394e-02
      vertex 2.027201e-04 7.187109e-03 -1.066843e-02
    endloop
  endfacet
  facet normal 8.132536e-01 3.920827e-01 -4.299881e-01
    outer loop
      vertex 2.027201e-04 7.187109e-03 -1.066843e-02
      vertex 1.859511e-04 6.744277e-03 -1.110394e-02
      vertex 3.503584e-05 7.253941e-03 -1.092464e-02
    endloop
  endfacet
  facet normal 4.510642e-01 6.514189e-01 -6.100775e-01
    outer loop
      vertex 4.151814e-04 6.825768e-03 -1.089718e-02
      vertex 2.027201e-04 7.187109e-03 -1.066843e-02
      vertex 4.072000e-04 7.146603e-03 -1.056050e-02
    endloop
  endfacet
  facet normal 2.764303e-01 7.773967e-01 -5.650138e-01
    outer loop
      vertex 4.072000e-04 7.146603e-03 -1.056050e-02
      vertex 1.638620e-04 7.546391e-03 -1.012949e-02
      vertex 4.517928e-04 7.325948e-03 -1.029193e-02
    endloop
  endfacet
  facet normal 4.092884e-01 7.725212e-01 -4.854833e-01
    outer loop
      vertex 4.072000e-04 7.146603e-03 -1.056050e-02
      vertex 2.027201e-04 7.187109e-03 -1.066843e-02
      vertex 1.638620e-04 7.546391e-03 -1.012949e-02
    endloop
  endfacet
  facet normal 7.419991e-01 5.812744e-01 -3.340021e-01
    outer loop
      vertex 2.027201e-04 7.187109e-03 -1.066843e-02
      vertex 3.503584e-05 7.253941e-03 -1.092464e-02
      vertex 1.638620e-04 7.546391e-03 -1.012949e-02
    endloop
  endfacet
  facet normal 9.050563e-01 3.301718e-01 -2.680665e-01
    outer loop
      vertex 1.638620e-04 7.546391e-03 -1.012949e-02
      vertex 3.503584e-05 7.253941e-03 -1.092464e-02
      vertex 8.728484e-06 7.751867e-03 -1.040018e-02
    endloop
  endfacet
  facet normal 4.482755e-01 8.300247e-01 -3.318254e-01
    outer loop
      vertex 4.517928e-04 7.325948e-03 -1.029193e-02
      vertex 1.638620e-04 7.546391e-03 -1.012949e-02
      vertex 4.045306e-04 7.540055e-03 -9.820209e-03
    endloop
  endfacet
  facet normal 3.560034e-01 8.979819e-01 -2.586314e-01
    outer loop
      vertex 4.045306e-04 7.540055e-03 -9.820209e-03
      vertex 1.638620e-04 7.546391e-03 -1.012949e-02
      vertex 2.403571e-04 7.667264e-03 -9.604518e-03
    endloop
  endfacet
  facet normal 6.964384e-01 6.704581e-01 -2.558506e-01
    outer loop
      vertex 2.403571e-04 7.667264e-03 -9.604518e-03
      vertex 1.638620e-04 7.546391e-03 -1.012949e-02
      vertex 5.896325e-05 7.902318e-03 -9.482321e-03
    endloop
  endfacet
  facet normal 8.648485e-01 4.857168e-01 -1.269500e-01
    outer loop
      vertex 1.638620e-04 7.546391e-03 -1.012949e-02
      vertex 8.728484e-06 7.751867e-03 -1.040018e-02
      vertex 5.896325e-05 7.902318e-03 -9.482321e-03
    endloop
  endfacet
  facet normal 3.837479e-01 8.931275e-01 -2.346506e-01
    outer loop
      vertex 4.045306e-04 7.540055e-03 -9.820209e-03
      vertex 2.403571e-04 7.667264e-03 -9.604518e-03
      vertex 4.623539e-04 7.642267e-03 -9.336605e-03
    endloop
  endfacet
  facet normal 8.876902e-01 4.441522e-01 -1.213871e-01
    outer loop
      vertex 5.896325e-05 7.902318e-03 -9.482321e-03
      vertex 8.728484e-06 7.751867e-03 -1.040018e-02
      vertex 5.193788e-06 8.115106e-03 -9.096945e-03
    endloop
  endfacet
  facet normal 7.797384e-01 6.245634e-01 -4.391567e-02
    outer loop
      vertex 1.859920e-04 7.763495e-03 -9.201198e-03
      vertex 2.403571e-04 7.667264e-03 -9.604518e-03
      vertex 5.896325e-05 7.902318e-03 -9.482321e-03
    endloop
  endfacet
  facet normal 8.194949e-01 5.724903e-01 -2.613219e-02
    outer loop
      vertex 1.859920e-04 7.763495e-03 -9.201198e-03
      vertex 2.519967e-04 7.691849e-03 -8.700893e-03
      vertex 2.403571e-04 7.667264e-03 -9.604518e-03
    endloop
  endfacet
  facet normal 1.715574e-01 -3.179725e-01 -9.324492e-01
    outer loop
      vertex 5.237822e-04 4.279448e-03 -1.129242e-02
      vertex 3.635007e-04 4.532060e-03 -1.140805e-02
      vertex 5.755978e-04 4.741252e-03 -1.144037e-02
    endloop
  endfacet
  facet normal -4.532164e-02 3.674864e-01 -9.289239e-01
    outer loop
      vertex 4.407281e-04 5.929292e-03 -1.138939e-02
      vertex 4.008046e-04 6.406409e-03 -1.119870e-02
      vertex 5.773083e-04 6.215997e-03 -1.128264e-02
    endloop
  endfacet
  facet normal 8.710483e-01 3.772996e-01 -3.145154e-01
    outer loop
      vertex 8.728484e-06 7.751867e-03 -1.040018e-02
      vertex 3.503584e-05 7.253941e-03 -1.092464e-02
      vertex 2.486900e-17 6.854146e-03 -1.150128e-02
    endloop
  endfacet
  facet normal -8.610019e-02 2.461478e-01 -9.654004e-01
    outer loop
      vertex 2.486900e-17 6.854146e-03 -1.150128e-02
      vertex 2.904068e-05 5.912267e-03 -1.174402e-02
      vertex 2.739663e-06 5.276021e-03 -1.190389e-02
    endloop
  endfacet
  facet normal 9.564310e-01 -2.120786e-01 -2.006551e-01
    outer loop
      vertex 1.776357e-17 3.569270e-03 -1.145665e-02
      vertex 3.923954e-05 3.394524e-03 -1.108491e-02
      vertex 2.220446e-17 2.775423e-03 -1.061760e-02
    endloop
  endfacet
  facet normal 9.737735e-01 -2.067432e-01 -9.498684e-02
    outer loop
      vertex 2.220446e-17 2.775423e-03 -1.061760e-02
      vertex 3.333072e-05 2.758573e-03 -1.023923e-02
      vertex 2.309264e-17 2.432718e-03 -9.871691e-03
    endloop
  endfacet
  facet normal 9.390784e-01 -3.244439e-01 1.134370e-01
    outer loop
      vertex 4.961302e-06 2.407510e-03 -8.633880e-03
      vertex 2.484749e-05 2.591797e-03 -8.271422e-03
      vertex 2.442491e-17 2.760462e-03 -7.583321e-03
    endloop
  endfacet
  facet normal 8.924675e-01 -3.128795e-01 3.249741e-01
    outer loop
      vertex 2.442491e-17 2.760462e-03 -7.583321e-03
      vertex 3.317522e-05 3.393612e-03 -7.064843e-03
      vertex 2.486900e-17 3.839877e-03 -6.544079e-03
    endloop
  endfacet
  facet normal 9.579988e-01 -8.967254e-02 2.723916e-01
    outer loop
      vertex 2.486900e-17 3.839877e-03 -6.544079e-03
      vertex 3.899768e-05 4.080767e-03 -6.601931e-03
      vertex 4.988288e-06 4.837762e-03 -6.233114e-03
    endloop
  endfacet
  facet normal 2.954769e-01 9.550661e-01 2.328350e-02
    outer loop
      vertex 4.623539e-04 7.642267e-03 -9.336605e-03
      vertex 2.519967e-04 7.691849e-03 -8.700893e-03
      vertex 4.547826e-04 7.629423e-03 -8.713671e-03
    endloop
  endfacet
  facet normal 9.998094e-01 5.042829e-03 1.886211e-02
    outer loop
      vertex 4.988288e-06 4.837762e-03 -6.233114e-03
      vertex 1.598721e-17 6.341759e-03 -6.370801e-03
      vertex 2.398082e-17 5.663607e-03 -6.189496e-03
    endloop
  endfacet
  facet normal 9.744700e-01 -1.705912e-01 1.459688e-01
    outer loop
      vertex 3.517674e-05 2.895421e-03 -7.660433e-03
      vertex 3.317522e-05 3.393612e-03 -7.064843e-03
      vertex 2.442491e-17 2.760462e-03 -7.583321e-03
    endloop
  endfacet
  facet normal 9.749641e-01 -2.052595e-01 8.551871e-02
    outer loop
      vertex 2.484749e-05 2.591797e-03 -8.271422e-03
      vertex 3.517674e-05 2.895421e-03 -7.660433e-03
      vertex 2.442491e-17 2.760462e-03 -7.583321e-03
    endloop
  endfacet
  facet normal 9.868101e-01 -1.326186e-01 -9.283415e-02
    outer loop
      vertex 3.923954e-05 3.394524e-03 -1.108491e-02
      vertex 3.333072e-05 2.758573e-03 -1.023923e-02
      vertex 2.220446e-17 2.775423e-03 -1.061760e-02
    endloop
  endfacet
  facet normal -5.812437e-02 -4.457664e-01 -8.932602e-01
    outer loop
      vertex 4.127114e-04 3.980898e-03 -1.113621e-02
      vertex 3.635007e-04 4.532060e-03 -1.140805e-02
      vertex 5.237822e-04 4.279448e-03 -1.129242e-02
    endloop
  endfacet
  facet normal -2.366727e-02 -1.291343e-01 -9.913446e-01
    outer loop
      vertex 3.635007e-04 4.532060e-03 -1.140805e-02
      vertex 4.068811e-04 5.151098e-03 -1.148973e-02
      vertex 5.755978e-04 4.741252e-03 -1.144037e-02
    endloop
  endfacet
  facet normal 9.809104e-01 7.633728e-02 -1.788501e-01
    outer loop
      vertex 3.304977e-05 6.657970e-03 -1.140375e-02
      vertex 2.904068e-05 5.912267e-03 -1.174402e-02
      vertex 2.486900e-17 6.854146e-03 -1.150128e-02
    endloop
  endfacet
  facet normal 9.862830e-01 1.014110e-01 -1.302365e-01
    outer loop
      vertex 3.503584e-05 7.253941e-03 -1.092464e-02
      vertex 3.304977e-05 6.657970e-03 -1.140375e-02
      vertex 2.486900e-17 6.854146e-03 -1.150128e-02
    endloop
  endfacet
  facet normal 9.997875e-01 2.039943e-02 -2.974084e-03
    outer loop
      vertex 5.193788e-06 8.115106e-03 -9.096945e-03
      vertex 8.728484e-06 7.751867e-03 -1.040018e-02
      vertex 2.509104e-17 8.286316e-03 -9.668580e-03
    endloop
  endfacet
  facet normal 1.460827e-01 9.888535e-01 -2.878632e-02
    outer loop
      vertex 2.403571e-04 7.667264e-03 -9.604518e-03
      vertex 2.519967e-04 7.691849e-03 -8.700893e-03
      vertex 4.623539e-04 7.642267e-03 -9.336605e-03
    endloop
  endfacet
  facet normal 1.000000e+00 5.878216e-15 3.245396e-16
    outer loop
      vertex 2.087219e-17 -1.233971e-02 -3.752329e-03
      vertex 2.742251e-17 -1.341035e-02 -4.543909e-03
      vertex 2.053913e-17 -1.219646e-02 -5.320605e-03
    endloop
  endfacet
  facet normal 1.000000e+00 -1.929560e-15 1.257559e-15
    outer loop
      vertex 2.631229e-17 -1.540433e-02 -6.861070e-03
      vertex 2.869927e-17 -1.378893e-02 -6.280547e-03
      vertex 2.482736e-17 -1.533558e-02 -5.574776e-03
    endloop
  endfacet
  facet normal 1.000000e+00 5.710366e-15 -9.723505e-16
    outer loop
      vertex 2.053913e-17 -1.219646e-02 -5.320605e-03
      vertex 2.869927e-17 -1.378893e-02 -6.280547e-03
      vertex 1.872114e-17 -1.221135e-02 -7.277696e-03
    endloop
  endfacet
  facet normal 1.000000e+00 -1.536917e-15 -4.734717e-15
    outer loop
      vertex 2.331468e-17 -1.388008e-02 -9.134327e-04
      vertex 2.464695e-17 -1.542604e-02 -1.302246e-04
      vertex 1.855460e-17 -1.535534e-02 -1.439912e-03
    endloop
  endfacet
  facet normal 1.000000e+00 -7.556994e-16 2.109373e-15
    outer loop
      vertex 2.398082e-17 -1.233944e-02 -2.231755e-03
      vertex 2.231548e-17 -1.425680e-02 -2.129172e-03
      vertex 2.464695e-17 -1.302804e-02 -2.794248e-03
    endloop
  endfacet
  facet normal 1.000000e+00 2.927479e-16 -1.114701e-15
    outer loop
      vertex 2.398082e-17 -1.190790e-02 2.529784e-03
      vertex 2.517431e-17 -1.182905e-02 3.621174e-03
      vertex 2.481348e-17 -1.328477e-02 2.915171e-03
    endloop
  endfacet
  facet normal 1.000000e+00 -3.530415e-15 -5.349205e-15
    outer loop
      vertex 1.953993e-17 -1.287791e-02 1.660791e-03
      vertex 2.481348e-17 -1.328477e-02 2.915171e-03
      vertex 1.837419e-17 -1.428564e-02 2.371948e-03
    endloop
  endfacet
  facet normal 1.000000e+00 5.628771e-16 2.753417e-15
    outer loop
      vertex 1.953993e-17 -1.287791e-02 1.660791e-03
      vertex 1.837419e-17 -1.428564e-02 2.371948e-03
      vertex 2.231548e-17 -1.388008e-02 8.576221e-04
    endloop
  endfacet
  facet normal 1.000000e+00 1.147604e-15 5.641840e-16
    outer loop
      vertex 2.464695e-17 -1.542604e-02 -1.302246e-04
      vertex 2.331468e-17 -1.388008e-02 -9.134327e-04
      vertex 2.231548e-17 -1.388008e-02 8.576221e-04
    endloop
  endfacet
  facet normal 1.000000e+00 7.926422e-16 -4.397522e-16
    outer loop
      vertex 2.098322e-17 -1.483816e-02 6.325195e-03
      vertex 1.972034e-17 -1.297037e-02 6.820049e-03
      vertex 2.109424e-17 -1.441526e-02 7.339938e-03
    endloop
  endfacet
  facet normal 1.000000e+00 -4.070706e-15 3.671705e-15
    outer loop
      vertex 2.563574e-17 -7.255371e-03 -9.366870e-03
      vertex 1.856848e-17 -8.207870e-03 -8.498086e-03
      vertex 1.626130e-17 -9.231064e-03 -9.004101e-03
    endloop
  endfacet
  facet normal 1.000000e+00 1.868933e-15 -5.619720e-16
    outer loop
      vertex 2.264855e-17 -8.237637e-03 -5.008066e-03
      vertex 2.331468e-17 -8.278564e-03 -3.958828e-03
      vertex 2.611800e-17 -9.880327e-03 -4.297412e-03
    endloop
  endfacet
  facet normal 1.000000e+00 -3.091190e-15 -1.106752e-14
    outer loop
      vertex 2.053913e-17 -1.219646e-02 -5.320605e-03
      vertex 2.486900e-17 -1.020961e-02 -5.484316e-03
      vertex 3.014256e-17 -1.140768e-02 -4.673203e-03
    endloop
  endfacet
  facet normal 9.999084e-01 -3.941530e-03 -1.294446e-02
    outer loop
      vertex 2.618460e-06 -1.041832e-02 -2.832010e-03
      vertex 1.865175e-17 -1.093769e-02 -2.876131e-03
      vertex 2.364775e-17 -9.789169e-03 -3.225850e-03
    endloop
  endfacet
  facet normal 1.000000e+00 -7.246890e-16 -1.947923e-15
    outer loop
      vertex 2.575717e-17 -8.949574e-03 -2.455297e-03
      vertex 2.364775e-17 -9.789169e-03 -3.225850e-03
      vertex 2.331468e-17 -8.278564e-03 -3.958828e-03
    endloop
  endfacet
  facet normal 1.000000e+00 1.285974e-15 2.195878e-15
    outer loop
      vertex 2.611800e-17 -9.880327e-03 -4.297412e-03
      vertex 2.331468e-17 -8.278564e-03 -3.958828e-03
      vertex 2.364775e-17 -9.789169e-03 -3.225850e-03
    endloop
  endfacet
  facet normal 1.000000e+00 -1.117132e-15 -4.987571e-16
    outer loop
      vertex 2.187139e-17 -8.855273e-03 3.599780e-03
      vertex 2.131628e-17 -8.816710e-03 2.400414e-03
      vertex 2.314815e-17 -7.280486e-03 2.632398e-03
    endloop
  endfacet
  facet normal 9.999937e-01 -4.527456e-04 3.534687e-03
    outer loop
      vertex 2.065015e-17 -1.006078e-02 3.445371e-03
      vertex 2.509514e-06 -9.734077e-03 2.777254e-03
      vertex 2.187139e-17 -8.855273e-03 3.599780e-03
    endloop
  endfacet
  facet normal 1.000000e+00 -3.100478e-15 3.509884e-15
    outer loop
      vertex 2.703393e-17 -6.018237e-03 -7.837662e-03
      vertex 2.137179e-17 -5.744765e-03 -5.982891e-03
      vertex 2.227385e-17 -7.214443e-03 -7.538145e-03
    endloop
  endfacet
  facet normal 9.999866e-01 4.864535e-03 -1.748918e-03
    outer loop
      vertex 2.475797e-17 -6.846094e-03 -1.198066e-03
      vertex 4.961302e-06 -7.820975e-03 -1.072908e-03
      vertex 2.578493e-17 -7.352574e-03 -2.606817e-03
    endloop
  endfacet
  facet normal 1.000000e+00 -2.333547e-15 2.800821e-15
    outer loop
      vertex 2.783884e-17 -5.335488e-03 1.538883e-02
      vertex 2.961520e-17 -4.431357e-03 1.550789e-02
      vertex 2.128853e-17 -5.902499e-03 1.725513e-02
    endloop
  endfacet
  facet normal 1.000000e+00 2.722645e-15 -3.786587e-15
    outer loop
      vertex 2.622902e-17 4.911328e-04 -9.175254e-03
      vertex 2.937928e-17 -8.780860e-04 -9.327803e-03
      vertex 2.260692e-17 -3.906738e-04 -1.076585e-02
    endloop
  endfacet
  facet normal 1.000000e+00 -3.493663e-16 -2.859790e-15
    outer loop
      vertex 2.026157e-17 -3.951387e-03 -5.067597e-03
      vertex 2.184364e-17 -2.224980e-03 -4.725293e-03
      vertex 2.464695e-17 -3.155156e-03 -3.631406e-03
    endloop
  endfacet
  facet normal 1.000000e+00 -1.362309e-16 4.779361e-15
    outer loop
      vertex 1.953993e-17 -1.064121e-03 2.537519e-03
      vertex 1.773581e-17 -2.820293e-03 2.864941e-03
      vertex 2.359224e-17 -2.384971e-03 1.651992e-03
    endloop
  endfacet
  facet normal 1.000000e+00 -3.558165e-15 9.147015e-16
    outer loop
      vertex 2.535472e-17 -2.232422e-05 3.338401e-03
      vertex 2.305101e-17 -1.525488e-04 5.350371e-03
      vertex 1.967870e-17 -1.272480e-03 4.680645e-03
    endloop
  endfacet
  facet normal 1.000000e+00 1.292493e-15 -2.987212e-15
    outer loop
      vertex 2.317938e-17 -3.337471e-03 1.222437e-02
      vertex 2.918499e-17 -2.931914e-03 1.441028e-02
      vertex 2.924050e-17 -4.092773e-03 1.392659e-02
    endloop
  endfacet
  facet normal 1.000000e+00 5.984397e-15 3.259888e-15
    outer loop
      vertex 1.776357e-17 3.569270e-03 -1.145665e-02
      vertex 2.386980e-17 2.730996e-03 -1.179091e-02
      vertex 2.225997e-17 3.758143e-03 -1.318268e-02
    endloop
  endfacet
  facet normal 1.000000e+00 -1.969824e-15 3.636517e-15
    outer loop
      vertex 3.094747e-17 2.924473e-03 -1.553766e-02
      vertex 2.964295e-17 3.958828e-03 -1.461864e-02
      vertex 2.664535e-17 2.749599e-03 -1.444935e-02
    endloop
  endfacet
  facet normal 1.000000e+00 1.913863e-15 -1.566198e-15
    outer loop
      vertex 2.470246e-17 1.503164e-03 -7.084219e-03
      vertex 2.675637e-17 3.720704e-05 -7.564189e-03
      vertex 2.220446e-17 1.480840e-03 -8.706445e-03
    endloop
  endfacet
  facet normal 1.000000e+00 3.638145e-15 9.041229e-16
    outer loop
      vertex 2.220446e-17 1.480840e-03 -8.706445e-03
      vertex 2.622902e-17 4.911328e-04 -9.175254e-03
      vertex 2.381428e-17 1.473398e-03 -1.045704e-02
    endloop
  endfacet
  facet normal 1.000000e+00 1.155000e-15 -6.600699e-16
    outer loop
      vertex 2.220446e-17 2.775423e-03 -1.061760e-02
      vertex 2.309264e-17 2.432718e-03 -9.871691e-03
      vertex 2.381428e-17 1.473398e-03 -1.045704e-02
    endloop
  endfacet
  facet normal 1.000000e+00 2.584352e-15 2.478189e-15
    outer loop
      vertex 2.805395e-17 1.121327e-03 -1.180067e-02
      vertex 2.386980e-17 2.730996e-03 -1.179091e-02
      vertex 2.381428e-17 1.473398e-03 -1.045704e-02
    endloop
  endfacet
  facet normal 1.000000e+00 2.716796e-15 -1.496392e-15
    outer loop
      vertex 2.753353e-17 1.291084e-03 -5.577334e-03
      vertex 2.470246e-17 1.503164e-03 -7.084219e-03
      vertex 2.461920e-17 2.018481e-03 -6.204272e-03
    endloop
  endfacet
  facet normal 1.000000e+00 -4.264581e-15 1.498243e-15
    outer loop
      vertex 2.431388e-17 4.243462e-03 -5.024810e-03
      vertex 2.003953e-17 3.050977e-03 -5.566172e-03
      vertex 2.486900e-17 3.839877e-03 -6.544079e-03
    endloop
  endfacet
  facet normal 1.000000e+00 9.231517e-16 5.683305e-15
    outer loop
      vertex 2.486900e-17 3.839877e-03 -6.544079e-03
      vertex 2.003953e-17 3.050977e-03 -5.566172e-03
      vertex 2.461920e-17 2.018481e-03 -6.204272e-03
    endloop
  endfacet
  facet normal 1.000000e+00 2.095946e-16 -2.811648e-17
    outer loop
      vertex 2.442491e-17 2.760462e-03 -7.583321e-03
      vertex 2.461920e-17 2.018481e-03 -6.204272e-03
      vertex 2.470246e-17 1.503164e-03 -7.084219e-03
    endloop
  endfacet
  facet normal 1.000000e+00 -1.816675e-16 -2.386302e-16
    outer loop
      vertex 2.486900e-17 3.839877e-03 -6.544079e-03
      vertex 2.461920e-17 2.018481e-03 -6.204272e-03
      vertex 2.442491e-17 2.760462e-03 -7.583321e-03
    endloop
  endfacet
  facet normal 1.000000e+00 -9.642960e-16 1.838678e-16
    outer loop
      vertex 2.577105e-17 3.147715e-03 3.441650e-03
      vertex 2.498002e-17 2.154287e-03 2.533799e-03
      vertex 2.677025e-17 3.947666e-03 2.202656e-03
    endloop
  endfacet
  facet normal 1.000000e+00 7.587410e-16 -3.186083e-15
    outer loop
      vertex 2.559064e-17 2.323579e-03 6.606108e-03
      vertex 2.332162e-17 1.024356e-03 5.584543e-03
      vertex 2.015055e-17 2.470547e-03 4.933652e-03
    endloop
  endfacet
  facet normal 1.000000e+00 1.834737e-15 -7.398417e-17
    outer loop
      vertex 2.398082e-17 3.215944e-03 6.976894e-03
      vertex 2.559064e-17 2.323579e-03 6.606108e-03
      vertex 2.264855e-17 3.899297e-03 5.915918e-03
    endloop
  endfacet
  facet normal 1.000000e+00 4.600915e-16 -3.212327e-15
    outer loop
      vertex 2.559064e-17 2.323579e-03 6.606108e-03
      vertex 2.015055e-17 2.470547e-03 4.933652e-03
      vertex 2.264855e-17 3.899297e-03 5.915918e-03
    endloop
  endfacet
  facet normal 1.000000e+00 -1.742524e-17 -1.068057e-15
    outer loop
      vertex 2.305101e-17 -1.525488e-04 5.350371e-03
      vertex 2.332162e-17 1.024356e-03 5.584543e-03
      vertex 2.482736e-17 -4.939234e-04 7.019106e-03
    endloop
  endfacet
  facet normal 9.999972e-01 -1.141321e-03 2.072701e-03
    outer loop
      vertex 2.480651e-06 3.434273e-03 1.131108e-02
      vertex 2.331468e-17 3.034234e-03 1.228762e-02
      vertex 2.514655e-17 2.024063e-03 1.173138e-02
    endloop
  endfacet
  facet normal 1.000000e+00 3.632211e-15 2.033671e-16
    outer loop
      vertex 2.456368e-17 1.250156e-03 9.487793e-03
      vertex 2.042810e-17 2.382277e-03 9.603251e-03
      vertex 2.323142e-17 1.564556e-03 1.042355e-02
    endloop
  endfacet
  facet normal 1.000000e+00 -3.566875e-15 -2.704819e-15
    outer loop
      vertex 2.456368e-17 1.250156e-03 9.487793e-03
      vertex 1.956768e-17 -5.060157e-04 9.956601e-03
      vertex 1.761091e-17 -5.581057e-05 8.639473e-03
    endloop
  endfacet
  facet normal 1.000000e+00 -3.240909e-15 4.347449e-15
    outer loop
      vertex 2.398082e-17 2.362144e-03 8.632383e-03
      vertex 2.386980e-17 1.486421e-03 8.005093e-03
      vertex 2.930989e-17 2.700902e-03 7.659127e-03
    endloop
  endfacet
  facet normal 1.000000e+00 1.389882e-15 -3.156601e-16
    outer loop
      vertex 2.131628e-17 7.404199e-04 1.308571e-02
      vertex 1.966483e-17 2.026853e-03 1.351824e-02
      vertex 2.102485e-17 1.387822e-03 1.501304e-02
    endloop
  endfacet
  facet normal 1.000000e+00 -4.454655e-16 2.601206e-15
    outer loop
      vertex 2.077505e-17 3.889065e-03 1.341034e-02
      vertex 1.966483e-17 2.026853e-03 1.351824e-02
      vertex 2.331468e-17 3.034234e-03 1.228762e-02
    endloop
  endfacet
  facet normal 1.000000e+00 1.242727e-16 3.067590e-15
    outer loop
      vertex 1.966483e-17 2.026853e-03 1.351824e-02
      vertex 2.514655e-17 2.024063e-03 1.173138e-02
      vertex 2.331468e-17 3.034234e-03 1.228762e-02
    endloop
  endfacet
  facet normal 1.000000e+00 2.975433e-15 -3.948221e-15
    outer loop
      vertex 2.486900e-17 6.854146e-03 -1.150128e-02
      vertex 2.015055e-17 6.831211e-03 -1.271364e-02
      vertex 2.264855e-17 7.813477e-03 -1.134070e-02
    endloop
  endfacet
  facet normal 1.000000e+00 -1.767524e-15 4.455918e-15
    outer loop
      vertex 1.687539e-17 5.409903e-03 -4.695528e-03
      vertex 2.398082e-17 5.663607e-03 -6.189496e-03
      vertex 2.198242e-17 6.929810e-03 -5.238750e-03
    endloop
  endfacet
  facet normal 1.000000e+00 6.928109e-15 -1.951921e-15
    outer loop
      vertex 1.687539e-17 5.409903e-03 -4.695528e-03
      vertex 2.876865e-17 4.044405e-03 -3.449092e-03
      vertex 2.431388e-17 4.243462e-03 -5.024810e-03
    endloop
  endfacet
  facet normal 1.000000e+00 2.347924e-15 -6.969617e-15
    outer loop
      vertex 1.687539e-17 5.409903e-03 -4.695528e-03
      vertex 2.596534e-17 5.901035e-03 -3.225850e-03
      vertex 2.876865e-17 4.044405e-03 -3.449092e-03
    endloop
  endfacet
  facet normal 1.000000e+00 -8.273309e-15 -9.982571e-16
    outer loop
      vertex 2.131628e-17 7.037104e-03 -6.795274e-03
      vertex 2.198242e-17 6.929810e-03 -5.238750e-03
      vertex 1.598721e-17 6.341759e-03 -6.370801e-03
    endloop
  endfacet
  facet normal 1.000000e+00 -1.740630e-16 6.842795e-16
    outer loop
      vertex 2.259304e-17 8.438555e-03 6.708427e-03
      vertex 2.220446e-17 7.261556e-03 6.976894e-03
      vertex 2.292611e-17 7.221885e-03 5.912197e-03
    endloop
  endfacet
  facet normal 1.000000e+00 -1.469987e-15 1.537391e-15
    outer loop
      vertex 2.206568e-17 5.729883e-03 5.045274e-03
      vertex 2.589595e-17 7.630232e-03 4.370896e-03
      vertex 2.292611e-17 7.221885e-03 5.912197e-03
    endloop
  endfacet
  facet normal 1.000000e+00 -9.752790e-16 2.054410e-15
    outer loop
      vertex 1.737499e-17 4.100215e-03 1.516559e-02
      vertex 2.077505e-17 3.889065e-03 1.341034e-02
      vertex 2.032402e-17 5.564312e-03 1.442517e-02
    endloop
  endfacet
  facet normal 1.000000e+00 -1.187052e-16 2.352414e-15
    outer loop
      vertex 2.077505e-17 3.889065e-03 1.341034e-02
      vertex 2.331468e-17 3.034234e-03 1.228762e-02
      vertex 2.209344e-17 5.022949e-03 1.290712e-02
    endloop
  endfacet
  facet normal 1.000000e+00 1.025839e-15 -1.321806e-15
    outer loop
      vertex 2.209344e-17 5.022949e-03 1.290712e-02
      vertex 2.331468e-17 3.034234e-03 1.228762e-02
      vertex 2.131628e-17 4.430264e-03 1.185919e-02
    endloop
  endfacet
  facet normal 1.000000e+00 -3.237461e-16 2.907217e-15
    outer loop
      vertex 2.209344e-17 5.022949e-03 1.290712e-02
      vertex 2.486900e-17 5.331687e-03 1.198679e-02
      vertex 2.264855e-17 6.470303e-03 1.287735e-02
    endloop
  endfacet
  facet normal 1.000000e+00 -5.422509e-15 1.018654e-17
    outer loop
      vertex 2.851885e-17 1.060214e-02 -1.152488e-02
      vertex 1.892930e-17 8.832949e-03 -1.190997e-02
      vertex 2.529227e-17 1.000389e-02 -1.323520e-02
    endloop
  endfacet
  facet normal 1.000000e+00 -4.585902e-18 -1.416982e-15
    outer loop
      vertex 2.690903e-17 1.159743e-02 -8.181827e-03
      vertex 2.620126e-17 1.016496e-02 -8.676680e-03
      vertex 2.454287e-17 1.124955e-02 -9.850561e-03
    endloop
  endfacet
  facet normal 9.999841e-01 5.551797e-03 9.551145e-04
    outer loop
      vertex 2.241263e-17 8.755745e-03 -7.618139e-03
      vertex 4.961302e-06 7.956811e-03 -8.168549e-03
      vertex 2.453593e-17 9.033868e-03 -9.234785e-03
    endloop
  endfacet
  facet normal 1.000000e+00 4.653873e-15 5.751933e-16
    outer loop
      vertex 2.851885e-17 1.060214e-02 -1.152488e-02
      vertex 2.081668e-17 1.221507e-02 -1.118443e-02
      vertex 2.454287e-17 1.124955e-02 -9.850561e-03
    endloop
  endfacet
  facet normal 1.000000e+00 -4.733527e-16 2.646871e-15
    outer loop
      vertex 2.198242e-17 6.929810e-03 -5.238750e-03
      vertex 2.542411e-17 7.813477e-03 -6.381006e-03
      vertex 2.111505e-17 8.296238e-03 -4.666692e-03
    endloop
  endfacet
  facet normal 1.000000e+00 7.478693e-16 -1.864623e-15
    outer loop
      vertex 2.453593e-17 9.434772e-03 -6.207063e-03
      vertex 2.542411e-17 7.813477e-03 -6.381006e-03
      vertex 2.241263e-17 8.755745e-03 -7.618139e-03
    endloop
  endfacet
  facet normal 1.000000e+00 -1.447766e-15 -1.992365e-15
    outer loop
      vertex 2.399470e-17 1.000962e-02 6.270315e-03
      vertex 2.259304e-17 8.438555e-03 6.708427e-03
      vertex 2.051137e-17 9.096189e-03 5.185730e-03
    endloop
  endfacet
  facet normal 1.000000e+00 1.289171e-15 -8.666915e-15
    outer loop
      vertex 2.665923e-17 1.078446e-02 1.182253e-02
      vertex 1.820766e-17 1.029891e-02 1.077516e-02
      vertex 1.659783e-17 1.142256e-02 1.075655e-02
    endloop
  endfacet
  facet normal 1.000000e+00 2.792420e-15 -9.363803e-15
    outer loop
      vertex 2.665923e-17 1.078446e-02 1.182253e-02
      vertex 2.847722e-17 9.391054e-03 1.160115e-02
      vertex 1.820766e-17 1.029891e-02 1.077516e-02
    endloop
  endfacet
  facet normal 1.000000e+00 3.210876e-15 6.889471e-15
    outer loop
      vertex 2.187139e-17 8.996660e-03 1.029891e-02
      vertex 1.965095e-17 7.934654e-03 1.111616e-02
      vertex 2.486900e-17 7.839454e-03 1.040313e-02
    endloop
  endfacet
  facet normal 1.000000e+00 -7.894158e-16 4.319814e-15
    outer loop
      vertex 2.109424e-17 8.905502e-03 1.322152e-02
      vertex 2.847722e-17 9.391054e-03 1.160115e-02
      vertex 2.253753e-17 9.969551e-03 1.308186e-02
    endloop
  endfacet
  facet normal 1.000000e+00 8.662344e-17 -1.005936e-15
    outer loop
      vertex 2.205180e-17 1.118071e-02 -6.866558e-03
      vertex 2.089995e-17 1.274713e-02 -7.876729e-03
      vertex 2.273182e-17 1.238250e-02 -6.087070e-03
    endloop
  endfacet
  facet normal 1.000000e+00 3.656481e-15 -1.364140e-15
    outer loop
      vertex 2.440409e-17 1.320850e-02 -1.056680e-03
      vertex 2.016443e-17 1.432843e-02 -1.162720e-03
      vertex 2.413347e-17 1.388008e-02 5.450830e-04
    endloop
  endfacet
  facet normal 1.000000e+00 3.980231e-15 -7.419288e-16
    outer loop
      vertex 1.862399e-17 1.608944e-02 -7.471441e-03
      vertex 1.898481e-17 1.628965e-02 -5.911019e-03
      vertex 2.303713e-17 1.518047e-02 -6.399610e-03
    endloop
  endfacet
  facet normal 1.000000e+00 -2.082561e-15 -7.717549e-15
    outer loop
      vertex 2.842171e-17 1.883050e-02 2.901127e-03
      vertex 2.646494e-17 1.785373e-02 2.911160e-03
      vertex 2.131628e-17 1.895165e-02 1.947752e-03
    endloop
  endfacet
  facet normal 1.000000e+00 -2.046552e-15 -4.211782e-15
    outer loop
      vertex 2.842171e-17 1.883050e-02 2.901127e-03
      vertex 3.019807e-17 1.780488e-02 3.821249e-03
      vertex 2.646494e-17 1.785373e-02 2.911160e-03
    endloop
  endfacet
  facet normal 1.000000e+00 -6.341297e-15 6.245887e-15
    outer loop
      vertex 3.552714e-17 1.866297e-02 3.839239e-03
      vertex 2.842171e-17 1.845026e-02 4.760892e-03
      vertex 3.019807e-17 1.780488e-02 3.821249e-03
    endloop
  endfacet
  facet normal 1.000000e+00 2.428158e-06 7.421478e-06
    outer loop
      vertex -4.506394e-09 1.579960e-02 1.064645e-02
      vertex 1.909584e-17 1.504560e-02 1.028594e-02
      vertex 1.421085e-17 1.629207e-02 9.878118e-03
    endloop
  endfacet
  facet normal 1.000000e+00 1.407396e-05 1.139921e-06
    outer loop
      vertex -1.719657e-08 1.064241e-02 1.580228e-02
      vertex -7.030241e-09 9.880506e-03 1.629060e-02
      vertex 2.516043e-17 9.494560e-03 1.488834e-02
    endloop
  endfacet
  facet normal 1.000000e+00 1.350686e-05 1.185970e-05
    outer loop
      vertex -1.182763e-08 4.781792e-03 1.844496e-02
      vertex -1.730271e-09 3.843615e-03 1.866204e-02
      vertex 1.904032e-17 4.702466e-03 1.753801e-02
    endloop
  endfacet
  facet normal 1.000000e+00 -9.313857e-06 1.288489e-05
    outer loop
      vertex -1.261235e-08 2.907003e-03 1.882957e-02
      vertex 1.941503e-17 2.911160e-03 1.785373e-02
      vertex -1.730271e-09 3.843615e-03 1.866204e-02
    endloop
  endfacet
  facet normal 1.000000e+00 -3.102829e-05 1.279238e-05
    outer loop
      vertex -1.261235e-08 2.907003e-03 1.882957e-02
      vertex -4.409211e-08 1.942975e-03 1.895211e-02
      vertex 1.941503e-17 2.911160e-03 1.785373e-02
    endloop
  endfacet
  facet normal 1.000000e+00 -4.825887e-06 5.726116e-06
    outer loop
      vertex -8.300762e-09 -9.525645e-04 1.902609e-02
      vertex 1.881134e-17 -6.836805e-04 1.780307e-02
      vertex -3.810843e-09 6.125071e-06 1.904995e-02
    endloop
  endfacet
  facet normal 1.000000e+00 -1.300000e-06 6.559950e-06
    outer loop
      vertex -8.198492e-09 -2.918188e-03 1.882767e-02
      vertex 2.128853e-17 -4.076074e-03 1.734843e-02
      vertex 1.855460e-17 -2.432002e-03 1.767424e-02
    endloop
  endfacet
  facet normal 1.000000e+00 5.008200e-06 2.982566e-06
    outer loop
      vertex -4.914173e-09 -3.873168e-03 1.865536e-02
      vertex 3.142613e-10 -4.790246e-03 1.844228e-02
      vertex 2.128853e-17 -4.076074e-03 1.734843e-02
    endloop
  endfacet
  facet normal 1.000000e+00 -1.564304e-14 -8.081044e-15
    outer loop
      vertex 1.421085e-17 -1.866297e-02 3.839239e-03
      vertex 1.579292e-17 -1.808840e-02 2.922784e-03
      vertex 3.086420e-17 -1.780125e-02 4.231941e-03
    endloop
  endfacet
  facet normal 1.000000e+00 5.719354e-15 8.179675e-15
    outer loop
      vertex 2.842171e-17 -1.883050e-02 -2.901127e-03
      vertex 2.173262e-17 -1.772234e-02 -2.858203e-03
      vertex 2.131628e-17 -1.895165e-02 -1.947752e-03
    endloop
  endfacet
  facet normal 1.000000e+00 5.703356e-15 8.592693e-15
    outer loop
      vertex 2.842171e-17 -1.883050e-02 -2.901127e-03
      vertex 3.552714e-17 -1.866297e-02 -3.839239e-03
      vertex 2.173262e-17 -1.772234e-02 -2.858203e-03
    endloop
  endfacet
  facet normal 1.000000e+00 -9.516361e-06 -1.896721e-05
    outer loop
      vertex -1.261236e-08 -2.906999e-03 -1.882957e-02
      vertex 2.550737e-17 -2.953913e-03 -1.814108e-02
      vertex 2.409184e-17 -3.934436e-03 -1.764912e-02
    endloop
  endfacet
  facet normal 1.000000e+00 -1.554386e-05 -1.937793e-05
    outer loop
      vertex -1.261236e-08 -2.906999e-03 -1.882957e-02
      vertex 4.587211e-12 -1.942508e-03 -1.895213e-02
      vertex 2.550737e-17 -2.953913e-03 -1.814108e-02
    endloop
  endfacet
  facet normal 1.000000e+00 3.501083e-07 -8.415253e-06
    outer loop
      vertex -8.198492e-09 2.918188e-03 -1.882767e-02
      vertex 1.720846e-17 4.172410e-03 -1.780125e-02
      vertex 1.687539e-17 2.911160e-03 -1.785373e-02
    endloop
  endfacet
  facet normal 1.000000e+00 7.191952e-06 -2.710885e-05
    outer loop
      vertex -1.719653e-08 1.580228e-02 -1.064241e-02
      vertex 3.552714e-17 1.629207e-02 -9.878118e-03
      vertex 2.869927e-17 1.512119e-02 -1.018875e-02
    endloop
  endfacet
  facet normal 1.000000e+00 -1.096544e-14 2.491092e-15
    outer loop
      vertex 2.842171e-17 1.866297e-02 -3.839239e-03
      vertex 1.421085e-17 1.767343e-02 -2.490407e-03
      vertex 1.754152e-17 1.764912e-02 -3.934436e-03
    endloop
  endfacet
  facet normal 1.000000e+00 -1.881012e-14 -1.402065e-14
    outer loop
      vertex 3.552714e-17 1.905000e-02 -4.352074e-17
      vertex 2.686046e-17 1.832904e-02 3.491024e-04
      vertex 2.131628e-17 1.902521e-02 -9.803105e-04
    endloop
  endfacet
  facet normal 9.999806e-01 -4.274922e-03 -4.539761e-03
    outer loop
      vertex 4.961302e-06 -7.820975e-03 -1.072908e-03
      vertex 2.575717e-17 -8.196204e-03 -1.812403e-03
      vertex 2.578493e-17 -7.352574e-03 -2.606817e-03
    endloop
  endfacet
  facet normal 1.000000e+00 2.781059e-15 -2.220294e-15
    outer loop
      vertex 1.865175e-17 -1.093769e-02 -2.876131e-03
      vertex 2.398082e-17 -1.233944e-02 -2.231755e-03
      vertex 2.464695e-17 -1.302804e-02 -2.794248e-03
    endloop
  endfacet
  facet normal 9.999739e-01 -6.741622e-03 -2.588031e-03
    outer loop
      vertex 4.961302e-06 -1.292145e-02 -1.493624e-03
      vertex 4.961302e-06 -1.326062e-02 -6.101083e-04
      vertex 2.331468e-17 -1.388008e-02 -9.134327e-04
    endloop
  endfacet
  facet normal 9.999693e-01 -7.833076e-03 -3.589506e-04
    outer loop
      vertex 4.961302e-06 -1.326062e-02 -6.101083e-04
      vertex 4.961302e-06 -1.330874e-02 4.399015e-04
      vertex 2.331468e-17 -1.388008e-02 -9.134327e-04
    endloop
  endfacet
  facet normal 1.000000e+00 -6.290917e-16 -4.408164e-15
    outer loop
      vertex 1.953993e-17 -1.287791e-02 1.660791e-03
      vertex 2.398082e-17 -1.190790e-02 2.529784e-03
      vertex 2.481348e-17 -1.328477e-02 2.915171e-03
    endloop
  endfacet
  facet normal 9.999920e-01 3.991456e-03 2.873608e-04
    outer loop
      vertex 4.961302e-06 -8.033547e-03 1.493624e-03
      vertex 3.720976e-06 -7.646926e-03 4.396630e-04
      vertex 2.356448e-17 -6.767959e-03 1.179463e-03
    endloop
  endfacet
  facet normal 9.999843e-01 -1.247709e-03 -5.470150e-03
    outer loop
      vertex 4.961302e-06 7.774743e-03 7.766802e-03
      vertex 2.220446e-17 7.261556e-03 6.976894e-03
      vertex 2.259304e-17 8.438555e-03 6.708427e-03
    endloop
  endfacet
  facet normal 1.000000e+00 1.372207e-15 6.266650e-16
    outer loop
      vertex 2.220446e-17 7.261556e-03 6.976894e-03
      vertex 2.398082e-17 6.253227e-03 6.350209e-03
      vertex 2.292611e-17 7.221885e-03 5.912197e-03
    endloop
  endfacet
  facet normal 9.999749e-01 6.579530e-03 -2.638719e-03
    outer loop
      vertex 2.398082e-17 6.253227e-03 6.350209e-03
      vertex 5.475615e-06 5.377978e-03 6.242865e-03
      vertex 2.206568e-17 5.729883e-03 5.045274e-03
    endloop
  endfacet
  facet normal 9.999880e-01 -8.680265e-04 -4.827201e-03
    outer loop
      vertex 5.475615e-06 5.377978e-03 6.242865e-03
      vertex 5.019016e-06 4.547709e-03 6.297576e-03
      vertex 2.206568e-17 5.729883e-03 5.045274e-03
    endloop
  endfacet
  facet normal 9.999649e-01 -3.181303e-03 -7.745272e-03
    outer loop
      vertex 5.019016e-06 4.547709e-03 6.297576e-03
      vertex 5.015594e-06 3.728600e-03 6.633576e-03
      vertex 2.264855e-17 3.899297e-03 5.915918e-03
    endloop
  endfacet
  facet normal 1.000000e+00 3.286710e-15 3.591160e-15
    outer loop
      vertex 2.398082e-17 2.362144e-03 8.632383e-03
      vertex 2.042810e-17 2.382277e-03 9.603251e-03
      vertex 2.456368e-17 1.250156e-03 9.487793e-03
    endloop
  endfacet
  facet normal 1.000000e+00 5.083141e-15 1.649736e-15
    outer loop
      vertex 2.042810e-17 2.382277e-03 9.603251e-03
      vertex 1.687539e-17 2.758527e-03 1.059746e-02
      vertex 2.323142e-17 1.564556e-03 1.042355e-02
    endloop
  endfacet
  facet normal 9.999954e-01 8.916727e-04 2.905514e-03
    outer loop
      vertex 2.480651e-06 3.434273e-03 1.131108e-02
      vertex 2.131628e-17 4.430264e-03 1.185919e-02
      vertex 2.331468e-17 3.034234e-03 1.228762e-02
    endloop
  endfacet
  facet normal 1.000000e+00 -4.170099e-15 1.616906e-15
    outer loop
      vertex 2.131628e-17 4.430264e-03 1.185919e-02
      vertex 2.486900e-17 5.331687e-03 1.198679e-02
      vertex 2.209344e-17 5.022949e-03 1.290712e-02
    endloop
  endfacet
  facet normal 9.999720e-01 7.210144e-03 1.989042e-03
    outer loop
      vertex 5.019022e-06 6.064362e-03 1.182560e-02
      vertex 2.087219e-17 6.854045e-03 1.148631e-02
      vertex 2.264855e-17 6.470303e-03 1.287735e-02
    endloop
  endfacet
  facet normal 1.000000e+00 1.883305e-16 -2.749470e-15
    outer loop
      vertex 2.087219e-17 6.854045e-03 1.148631e-02
      vertex 1.965095e-17 7.934654e-03 1.111616e-02
      vertex 2.281508e-17 7.774409e-03 1.225600e-02
    endloop
  endfacet
  facet normal 9.999934e-01 3.260896e-04 3.620620e-03
    outer loop
      vertex 2.486900e-17 7.839454e-03 1.040313e-02
      vertex 4.961302e-06 8.078463e-03 9.011322e-03
      vertex 2.187139e-17 8.996660e-03 1.029891e-02
    endloop
  endfacet
  facet normal 9.999961e-01 -2.768545e-03 -3.029496e-04
    outer loop
      vertex 2.509508e-06 4.519972e-03 -1.186121e-02
      vertex 1.776357e-17 3.569270e-03 -1.145665e-02
      vertex 2.225997e-17 3.758143e-03 -1.318268e-02
    endloop
  endfacet
  facet normal 1.000000e+00 6.821307e-15 1.161066e-15
    outer loop
      vertex 1.776357e-17 3.569270e-03 -1.145665e-02
      vertex 2.220446e-17 2.775423e-03 -1.061760e-02
      vertex 2.386980e-17 2.730996e-03 -1.179091e-02
    endloop
  endfacet
  facet normal 9.999789e-01 -5.031907e-03 -4.110517e-03
    outer loop
      vertex 2.309264e-17 2.432718e-03 -9.871691e-03
      vertex 4.961302e-06 2.407510e-03 -8.633880e-03
      vertex 2.220446e-17 1.480840e-03 -8.706445e-03
    endloop
  endfacet
  facet normal 9.999841e-01 -5.449931e-03 1.447744e-03
    outer loop
      vertex 2.486900e-17 3.839877e-03 -6.544079e-03
      vertex 4.988288e-06 4.837762e-03 -6.233114e-03
      vertex 2.431388e-17 4.243462e-03 -5.024810e-03
    endloop
  endfacet
  facet normal 9.999886e-01 -2.245167e-03 4.207635e-03
    outer loop
      vertex 2.131628e-17 7.037104e-03 -6.795274e-03
      vertex 4.961302e-06 7.705695e-03 -7.617623e-03
      vertex 2.542411e-17 7.813477e-03 -6.381006e-03
    endloop
  endfacet
  facet normal 9.999865e-01 4.725818e-03 2.154067e-03
    outer loop
      vertex 4.961302e-06 7.705695e-03 -7.617623e-03
      vertex 4.961302e-06 7.956811e-03 -8.168549e-03
      vertex 2.241263e-17 8.755745e-03 -7.618139e-03
    endloop
  endfacet
  facet normal 9.999822e-01 5.839882e-03 1.246132e-03
    outer loop
      vertex 4.961302e-06 7.956811e-03 -8.168549e-03
      vertex 5.193788e-06 8.115106e-03 -9.096945e-03
      vertex 2.453593e-17 9.033868e-03 -9.234785e-03
    endloop
  endfacet
  facet normal 9.999896e-01 -4.358035e-03 1.350425e-03
    outer loop
      vertex 4.961302e-06 -1.292145e-02 -1.493624e-03
      vertex 2.331468e-17 -1.388008e-02 -9.134327e-04
      vertex 2.231548e-17 -1.425680e-02 -2.129172e-03
    endloop
  endfacet
  facet normal 9.999753e-01 -3.754405e-04 -7.017298e-03
    outer loop
      vertex 2.231548e-17 -1.425680e-02 -2.129172e-03
      vertex 2.398082e-17 -1.233944e-02 -2.231755e-03
      vertex 4.961302e-06 -1.292145e-02 -1.493624e-03
    endloop
  endfacet
  facet normal 9.999623e-01 -8.683259e-03 5.641627e-16
    outer loop
      vertex 2.331468e-17 -1.388008e-02 -9.134327e-04
      vertex 4.961302e-06 -1.330874e-02 4.399015e-04
      vertex 2.231548e-17 -1.388008e-02 8.576221e-04
    endloop
  endfacet
  facet normal 1.000000e+00 -1.564084e-17 1.832859e-17
    outer loop
      vertex 2.578493e-17 -7.352574e-03 -2.606817e-03
      vertex 2.575717e-17 -8.196204e-03 -1.812403e-03
      vertex 2.575717e-17 -8.949574e-03 -2.455297e-03
    endloop
  endfacet
  facet normal 9.999962e-01 2.772163e-03 8.913456e-05
    outer loop
      vertex 2.187139e-17 -8.855273e-03 3.599780e-03
      vertex 2.509514e-06 -9.734077e-03 2.777254e-03
      vertex 2.131628e-17 -8.816710e-03 2.400414e-03
    endloop
  endfacet
  facet normal 9.999880e-01 -7.308786e-04 4.839976e-03
    outer loop
      vertex 2.314815e-17 -7.280486e-03 2.632398e-03
      vertex 2.131628e-17 -8.816710e-03 2.400414e-03
      vertex 4.961302e-06 -8.033547e-03 1.493624e-03
    endloop
  endfacet
  facet normal 9.999881e-01 1.690831e-03 4.582855e-03
    outer loop
      vertex 2.509514e-06 -9.734077e-03 2.777254e-03
      vertex 2.065015e-17 -1.006078e-02 3.445371e-03
      vertex 3.783626e-06 -1.062886e-02 2.829367e-03
    endloop
  endfacet
  facet normal 9.999840e-01 5.593700e-04 5.626263e-03
    outer loop
      vertex 2.517431e-17 -1.182905e-02 3.621174e-03
      vertex 3.783626e-06 -1.062886e-02 2.829367e-03
      vertex 2.065015e-17 -1.006078e-02 3.445371e-03
    endloop
  endfacet
  facet normal 9.999706e-01 7.541673e-03 1.415829e-03
    outer loop
      vertex 3.720976e-06 -7.646926e-03 4.396630e-04
      vertex 4.961302e-06 -7.646260e-03 -4.399015e-04
      vertex 2.475797e-17 -6.846094e-03 -1.198066e-03
    endloop
  endfacet
  facet normal 9.999896e-01 4.296320e-03 1.515538e-03
    outer loop
      vertex 2.314815e-17 -7.280486e-03 2.632398e-03
      vertex 4.961302e-06 -8.033547e-03 1.493624e-03
      vertex 2.356448e-17 -6.767959e-03 1.179463e-03
    endloop
  endfacet
  facet normal 9.999603e-01 -5.878131e-03 6.697202e-03
    outer loop
      vertex 4.961302e-06 2.407510e-03 -8.633880e-03
      vertex 2.442491e-17 2.760462e-03 -7.583321e-03
      vertex 2.220446e-17 1.480840e-03 -8.706445e-03
    endloop
  endfacet
  facet normal 9.999942e-01 -7.939719e-06 -3.398584e-03
    outer loop
      vertex 2.015055e-17 6.831211e-03 -1.271364e-02
      vertex 2.739663e-06 5.276021e-03 -1.190389e-02
      vertex 2.542411e-17 5.238750e-03 -1.270992e-02
    endloop
  endfacet
  facet normal 9.999985e-01 1.744440e-03 -3.300042e-05
    outer loop
      vertex 2.739663e-06 5.276021e-03 -1.190389e-02
      vertex 2.015055e-17 6.831211e-03 -1.271364e-02
      vertex 2.486900e-17 6.854146e-03 -1.150128e-02
    endloop
  endfacet
  facet normal 9.999942e-01 -4.950371e-04 -3.376060e-03
    outer loop
      vertex 2.509508e-06 4.519972e-03 -1.186121e-02
      vertex 2.542411e-17 5.238750e-03 -1.270992e-02
      vertex 2.739663e-06 5.276021e-03 -1.190389e-02
    endloop
  endfacet
  facet normal 9.999970e-01 7.431583e-04 -2.327440e-03
    outer loop
      vertex 2.542411e-17 5.238750e-03 -1.270992e-02
      vertex 2.509508e-06 4.519972e-03 -1.186121e-02
      vertex 2.225997e-17 3.758143e-03 -1.318268e-02
    endloop
  endfacet
  facet normal 9.999600e-01 5.674529e-03 6.919167e-03
    outer loop
      vertex 4.988288e-06 4.837762e-03 -6.233114e-03
      vertex 2.398082e-17 5.663607e-03 -6.189496e-03
      vertex 2.431388e-17 4.243462e-03 -5.024810e-03
    endloop
  endfacet
  facet normal 9.999676e-01 -3.459196e-03 -7.273186e-03
    outer loop
      vertex 2.206568e-17 5.729883e-03 5.045274e-03
      vertex 5.019016e-06 4.547709e-03 6.297576e-03
      vertex 2.264855e-17 3.899297e-03 5.915918e-03
    endloop
  endfacet
  facet normal 9.999623e-01 -5.346224e-03 6.835311e-03
    outer loop
      vertex 5.019022e-06 6.064362e-03 1.182560e-02
      vertex 2.264855e-17 6.470303e-03 1.287735e-02
      vertex 2.486900e-17 5.331687e-03 1.198679e-02
    endloop
  endfacet
  facet normal 9.999600e-01 4.491550e-03 -7.740216e-03
    outer loop
      vertex 2.453593e-17 9.033868e-03 -9.234785e-03
      vertex 5.193788e-06 8.115106e-03 -9.096945e-03
      vertex 2.509104e-17 8.286316e-03 -9.668580e-03
    endloop
  endfacet
  facet normal 9.996168e-01 2.663598e-02 -7.532065e-03
    outer loop
      vertex 2.509104e-17 8.286316e-03 -9.668580e-03
      vertex 8.728484e-06 7.751867e-03 -1.040018e-02
      vertex 2.264855e-17 7.813477e-03 -1.134070e-02
    endloop
  endfacet
  facet normal 9.999567e-01 1.536447e-03 -9.179380e-03
    outer loop
      vertex 2.486900e-17 6.854146e-03 -1.150128e-02
      vertex 2.264855e-17 7.813477e-03 -1.134070e-02
      vertex 8.728484e-06 7.751867e-03 -1.040018e-02
    endloop
  endfacet
  facet normal 9.999824e-01 5.914947e-03 -3.649283e-04
    outer loop
      vertex 2.187139e-17 8.996660e-03 1.029891e-02
      vertex 4.961302e-06 8.078463e-03 9.011322e-03
      vertex 2.411960e-17 8.867365e-03 8.203220e-03
    endloop
  endfacet
  facet normal 9.999866e-01 5.031087e-03 -1.227814e-03
    outer loop
      vertex 2.411960e-17 8.867365e-03 8.203220e-03
      vertex 4.961302e-06 8.078463e-03 9.011322e-03
      vertex 4.961302e-06 7.774743e-03 7.766802e-03
    endloop
  endfacet
  facet normal 9.999858e-01 5.128276e-03 -1.471145e-03
    outer loop
      vertex 4.961302e-06 7.774743e-03 7.766802e-03
      vertex 2.259304e-17 8.438555e-03 6.708427e-03
      vertex 2.411960e-17 8.867365e-03 8.203220e-03
    endloop
  endfacet
  facet normal 1.000000e+00 -2.078988e-15 2.919738e-16
    outer loop
      vertex 2.087219e-17 -1.347738e-02 1.047486e-02
      vertex 1.866562e-17 -1.451062e-02 1.067517e-02
      vertex 1.786765e-17 -1.510457e-02 9.178978e-03
    endloop
  endfacet
  facet normal 9.999870e-01 4.914909e-03 -1.356559e-03
    outer loop
      vertex 2.475797e-17 -6.846094e-03 -1.198066e-03
      vertex 4.961302e-06 -7.646260e-03 -4.399015e-04
      vertex 4.961302e-06 -7.820975e-03 -1.072908e-03
    endloop
  endfacet
  facet normal 9.999933e-01 2.474246e-03 -2.695942e-03
    outer loop
      vertex 2.618460e-06 -1.041832e-02 -2.832010e-03
      vertex 2.364775e-17 -9.789169e-03 -3.225850e-03
      vertex 2.575717e-17 -8.949574e-03 -2.455297e-03
    endloop
  endfacet
  facet normal 9.999736e-01 -4.540865e-03 5.665945e-03
    outer loop
      vertex 4.961302e-06 -1.330874e-02 4.399015e-04
      vertex 1.953993e-17 -1.287791e-02 1.660791e-03
      vertex 2.231548e-17 -1.388008e-02 8.576221e-04
    endloop
  endfacet
  facet normal 9.999954e-01 -3.009086e-03 2.174031e-04
    outer loop
      vertex 2.398082e-17 -1.190790e-02 2.529784e-03
      vertex 3.783626e-06 -1.062886e-02 2.829367e-03
      vertex 2.517431e-17 -1.182905e-02 3.621174e-03
    endloop
  endfacet
  facet normal 9.997907e-01 -1.720068e-02 -1.107860e-02
    outer loop
      vertex 2.264855e-17 3.899297e-03 5.915918e-03
      vertex 5.015594e-06 3.728600e-03 6.633576e-03
      vertex 2.398082e-17 3.215944e-03 6.976894e-03
    endloop
  endfacet
  facet normal 1.000000e+00 3.843872e-15 -4.909344e-15
    outer loop
      vertex 2.930989e-17 2.700902e-03 7.659127e-03
      vertex 2.559064e-17 2.323579e-03 6.606108e-03
      vertex 2.398082e-17 3.215944e-03 6.976894e-03
    endloop
  endfacet
  facet normal 9.999824e-01 4.726508e-03 3.599968e-03
    outer loop
      vertex 2.542411e-17 7.813477e-03 -6.381006e-03
      vertex 4.961302e-06 7.705695e-03 -7.617623e-03
      vertex 2.241263e-17 8.755745e-03 -7.618139e-03
    endloop
  endfacet
  facet normal 2.822937e-03 -9.662789e-01 -2.574823e-01
    outer loop
      vertex 2.324185e-03 2.933120e-03 -9.783335e-03
      vertex 4.315161e-03 2.850309e-03 -9.450731e-03
      vertex 2.486408e-03 2.880669e-03 -9.584717e-03
    endloop
  endfacet
  facet normal 2.575771e-02 -9.332484e-01 -3.583070e-01
    outer loop
      vertex 2.324185e-03 2.933120e-03 -9.783335e-03
      vertex 2.091347e-03 2.993545e-03 -9.957456e-03
      vertex 2.557336e-03 3.082822e-03 -1.015649e-02
    endloop
  endfacet
  facet normal -6.979344e-04 -4.140900e-01 -9.102357e-01
    outer loop
      vertex 2.595493e-03 4.398155e-03 -1.133461e-02
      vertex 4.315357e-03 4.431607e-03 -1.135114e-02
      vertex 4.316491e-03 4.051105e-03 -1.117804e-02
    endloop
  endfacet
  facet normal 4.028118e-03 -3.945475e-01 -9.188667e-01
    outer loop
      vertex 2.326026e-03 4.180318e-03 -1.124225e-02
      vertex 2.595493e-03 4.398155e-03 -1.133461e-02
      vertex 4.316491e-03 4.051105e-03 -1.117804e-02
    endloop
  endfacet
  facet normal -4.031176e-03 -2.688815e-01 -9.631648e-01
    outer loop
      vertex 4.315357e-03 4.431607e-03 -1.135114e-02
      vertex 2.595493e-03 4.398155e-03 -1.133461e-02
      vertex 4.317665e-03 4.740186e-03 -1.143730e-02
    endloop
  endfacet
  facet normal 6.022896e-03 -1.071537e-01 -9.942242e-01
    outer loop
      vertex 2.869306e-03 4.945092e-03 -1.146815e-02
      vertex 4.321685e-03 5.235556e-03 -1.149066e-02
      vertex 4.317665e-03 4.740186e-03 -1.143730e-02
    endloop
  endfacet
  facet normal -7.982870e-04 2.621550e-01 -9.650254e-01
    outer loop
      vertex 2.278479e-03 6.039230e-03 -1.134919e-02
      vertex 4.315179e-03 6.068851e-03 -1.134283e-02
      vertex 4.318072e-03 5.673644e-03 -1.145019e-02
    endloop
  endfacet
  facet normal 2.260665e-03 2.779928e-01 -9.605805e-01
    outer loop
      vertex 2.278479e-03 6.039230e-03 -1.134919e-02
      vertex 4.318072e-03 5.673644e-03 -1.145019e-02
      vertex 2.407509e-03 5.763026e-03 -1.142882e-02
    endloop
  endfacet
  facet normal 5.714612e-04 4.247741e-01 -9.052992e-01
    outer loop
      vertex 2.037660e-03 6.376148e-03 -1.120008e-02
      vertex 4.314647e-03 6.464849e-03 -1.115702e-02
      vertex 4.315179e-03 6.068851e-03 -1.134283e-02
    endloop
  endfacet
  facet normal 4.170296e-03 5.987677e-01 -8.009119e-01
    outer loop
      vertex 2.407467e-03 6.700896e-03 -1.099048e-02
      vertex 4.314922e-03 6.899730e-03 -1.083190e-02
      vertex 4.314647e-03 6.464849e-03 -1.115702e-02
    endloop
  endfacet
  facet normal -3.054889e-04 7.595179e-01 -6.504864e-01
    outer loop
      vertex 4.314922e-03 6.899730e-03 -1.083190e-02
      vertex 2.017219e-03 6.956621e-03 -1.076439e-02
      vertex 2.248663e-03 7.184122e-03 -1.049887e-02
    endloop
  endfacet
  facet normal -5.647646e-03 8.384179e-01 -5.449987e-01
    outer loop
      vertex 2.346255e-03 7.336843e-03 -1.026494e-02
      vertex 4.317230e-03 7.274071e-03 -1.038193e-02
      vertex 2.248663e-03 7.184122e-03 -1.049887e-02
    endloop
  endfacet
  facet normal 1.402115e-03 8.937343e-01 -4.485945e-01
    outer loop
      vertex 2.326026e-03 7.450041e-03 -1.003757e-02
      vertex 4.318971e-03 7.490247e-03 -9.951235e-03
      vertex 4.317230e-03 7.274071e-03 -1.038193e-02
    endloop
  endfacet
  facet normal -9.015282e-05 9.880388e-01 -1.542052e-01
    outer loop
      vertex 4.318270e-03 7.590220e-03 -9.626790e-03
      vertex 2.869077e-03 7.642507e-03 -9.290930e-03
      vertex 4.319856e-03 7.647441e-03 -9.260162e-03
    endloop
  endfacet
  facet normal -1.928513e-03 9.867980e-01 -1.619443e-01
    outer loop
      vertex 2.093395e-03 7.589833e-03 -9.602654e-03
      vertex 2.869077e-03 7.642507e-03 -9.290930e-03
      vertex 4.318270e-03 7.590220e-03 -9.626790e-03
    endloop
  endfacet
  facet normal 5.668979e-04 -9.964970e-01 -8.362621e-02
    outer loop
      vertex 4.486729e-04 2.855948e-03 -9.477453e-03
      vertex 1.839175e-03 2.825354e-03 -9.103465e-03
      vertex 4.200491e-04 2.821621e-03 -9.068598e-03
    endloop
  endfacet
  facet normal -1.640843e-03 -9.671831e-01 -2.540752e-01
    outer loop
      vertex 2.324185e-03 2.933120e-03 -9.783335e-03
      vertex 2.486408e-03 2.880669e-03 -9.584717e-03
      vertex 4.486729e-04 2.855948e-03 -9.477453e-03
    endloop
  endfacet
  facet normal 3.141409e-03 -9.151359e-01 -4.031333e-01
    outer loop
      vertex 4.056164e-04 2.973739e-03 -9.925631e-03
      vertex 2.557336e-03 3.082822e-03 -1.015649e-02
      vertex 2.091347e-03 2.993545e-03 -9.957456e-03
    endloop
  endfacet
  facet normal 5.739534e-03 -6.486344e-01 -7.610785e-01
    outer loop
      vertex 4.153712e-04 3.508606e-03 -1.077183e-02
      vertex 1.707630e-03 3.785884e-03 -1.099839e-02
      vertex 2.273979e-03 3.537160e-03 -1.078215e-02
    endloop
  endfacet
  facet normal -1.351977e-03 -1.201183e-01 -9.927587e-01
    outer loop
      vertex 4.068811e-04 5.151098e-03 -1.148973e-02
      vertex 2.869306e-03 4.945092e-03 -1.146815e-02
      vertex 5.755978e-04 4.741252e-03 -1.144037e-02
    endloop
  endfacet
  facet normal 5.982695e-03 4.627305e-02 -9.989109e-01
    outer loop
      vertex 4.039114e-04 5.572677e-03 -1.147022e-02
      vertex 1.489189e-03 5.562224e-03 -1.146420e-02
      vertex 4.068811e-04 5.151098e-03 -1.148973e-02
    endloop
  endfacet
  facet normal 4.326322e-03 2.788815e-01 -9.603158e-01
    outer loop
      vertex 4.407281e-04 5.929292e-03 -1.138939e-02
      vertex 2.278479e-03 6.039230e-03 -1.134919e-02
      vertex 2.407509e-03 5.763026e-03 -1.142882e-02
    endloop
  endfacet
  facet normal -3.646006e-03 1.896791e-01 -9.818394e-01
    outer loop
      vertex 2.407509e-03 5.763026e-03 -1.142882e-02
      vertex 1.489189e-03 5.562224e-03 -1.146420e-02
      vertex 4.407281e-04 5.929292e-03 -1.138939e-02
    endloop
  endfacet
  facet normal 9.175270e-03 5.348566e-01 -8.448930e-01
    outer loop
      vertex 4.008046e-04 6.406409e-03 -1.119870e-02
      vertex 2.407467e-03 6.700896e-03 -1.099048e-02
      vertex 2.037660e-03 6.376148e-03 -1.120008e-02
    endloop
  endfacet
  facet normal 6.470110e-03 7.565770e-01 -6.538726e-01
    outer loop
      vertex 4.072000e-04 7.146603e-03 -1.056050e-02
      vertex 2.248663e-03 7.184122e-03 -1.049887e-02
      vertex 2.017219e-03 6.956621e-03 -1.076439e-02
    endloop
  endfacet
  facet normal 1.651674e-03 8.315013e-01 -5.555203e-01
    outer loop
      vertex 4.517928e-04 7.325948e-03 -1.029193e-02
      vertex 2.248663e-03 7.184122e-03 -1.049887e-02
      vertex 4.072000e-04 7.146603e-03 -1.056050e-02
    endloop
  endfacet
  facet normal -2.234112e-03 9.784376e-01 -2.065304e-01
    outer loop
      vertex 4.623539e-04 7.642267e-03 -9.336605e-03
      vertex 2.093395e-03 7.589833e-03 -9.602654e-03
      vertex 4.045306e-04 7.540055e-03 -9.820209e-03
    endloop
  endfacet
  facet normal 3.675015e-03 -8.868608e-01 -4.620221e-01
    outer loop
      vertex 4.316705e-03 3.207173e-03 -1.038119e-02
      vertex 4.317251e-03 2.995943e-03 -9.975722e-03
      vertex 2.557336e-03 3.082822e-03 -1.015649e-02
    endloop
  endfacet
  facet normal 4.572257e-03 -9.636058e-01 -2.672882e-01
    outer loop
      vertex 4.317251e-03 2.995943e-03 -9.975722e-03
      vertex 4.315161e-03 2.850309e-03 -9.450731e-03
      vertex 2.324185e-03 2.933120e-03 -9.783335e-03
    endloop
  endfacet
  facet normal 9.497444e-03 -9.994175e-01 -3.277981e-02
    outer loop
      vertex 4.315161e-03 2.850309e-03 -9.450731e-03
      vertex 4.308018e-03 2.830650e-03 -8.853435e-03
      vertex 2.990328e-03 2.826700e-03 -9.114780e-03
    endloop
  endfacet
  facet normal -1.635039e-03 -9.671918e-01 -2.540419e-01
    outer loop
      vertex 4.486729e-04 2.855948e-03 -9.477453e-03
      vertex 4.056164e-04 2.973739e-03 -9.925631e-03
      vertex 2.324185e-03 2.933120e-03 -9.783335e-03
    endloop
  endfacet
  facet normal -2.237697e-03 -8.959280e-01 -4.441936e-01
    outer loop
      vertex 4.056164e-04 2.973739e-03 -9.925631e-03
      vertex 4.111367e-04 3.174109e-03 -1.032980e-02
      vertex 2.557336e-03 3.082822e-03 -1.015649e-02
    endloop
  endfacet
  facet normal -4.141732e-03 9.104275e-01 -4.136479e-01
    outer loop
      vertex 4.517928e-04 7.325948e-03 -1.029193e-02
      vertex 4.045306e-04 7.540055e-03 -9.820209e-03
      vertex 2.326026e-03 7.450041e-03 -1.003757e-02
    endloop
  endfacet
  facet normal -7.104103e-03 -9.265334e-01 -3.761455e-01
    outer loop
      vertex 4.317251e-03 2.995943e-03 -9.975722e-03
      vertex 2.324185e-03 2.933120e-03 -9.783335e-03
      vertex 2.557336e-03 3.082822e-03 -1.015649e-02
    endloop
  endfacet
  facet normal -3.024992e-03 9.998386e-01 -1.771095e-02
    outer loop
      vertex 4.319856e-03 7.647441e-03 -9.260162e-03
      vertex 2.869077e-03 7.642507e-03 -9.290930e-03
      vertex 2.931299e-03 7.648125e-03 -8.984371e-03
    endloop
  endfacet
  facet normal 4.779356e-03 -9.427230e-01 -3.335422e-01
    outer loop
      vertex 4.056164e-04 2.973739e-03 -9.925631e-03
      vertex 2.091347e-03 2.993545e-03 -9.957456e-03
      vertex 2.324185e-03 2.933120e-03 -9.783335e-03
    endloop
  endfacet
  facet normal -2.812943e-03 -7.973992e-01 -6.034457e-01
    outer loop
      vertex 4.153712e-04 3.508606e-03 -1.077183e-02
      vertex 2.003710e-03 3.263586e-03 -1.045546e-02
      vertex 4.111367e-04 3.174109e-03 -1.032980e-02
    endloop
  endfacet
  facet normal -7.735896e-03 -6.108561e-01 -7.917038e-01
    outer loop
      vertex 4.153712e-04 3.508606e-03 -1.077183e-02
      vertex 4.127114e-04 3.980898e-03 -1.113621e-02
      vertex 1.707630e-03 3.785884e-03 -1.099839e-02
    endloop
  endfacet
  facet normal 7.528315e-03 2.202855e-01 -9.754064e-01
    outer loop
      vertex 1.489189e-03 5.562224e-03 -1.146420e-02
      vertex 4.039114e-04 5.572677e-03 -1.147022e-02
      vertex 4.407281e-04 5.929292e-03 -1.138939e-02
    endloop
  endfacet
  facet normal -3.835996e-04 3.491158e-01 -9.370795e-01
    outer loop
      vertex 4.407281e-04 5.929292e-03 -1.138939e-02
      vertex 5.773083e-04 6.215997e-03 -1.128264e-02
      vertex 2.278479e-03 6.039230e-03 -1.134919e-02
    endloop
  endfacet
  facet normal 6.784391e-03 4.086244e-01 -9.126774e-01
    outer loop
      vertex 5.773083e-04 6.215997e-03 -1.128264e-02
      vertex 4.008046e-04 6.406409e-03 -1.119870e-02
      vertex 2.037660e-03 6.376148e-03 -1.120008e-02
    endloop
  endfacet
  facet normal -1.431703e-03 5.838022e-01 -8.118946e-01
    outer loop
      vertex 4.151814e-04 6.825768e-03 -1.089718e-02
      vertex 2.407467e-03 6.700896e-03 -1.099048e-02
      vertex 4.008046e-04 6.406409e-03 -1.119870e-02
    endloop
  endfacet
  facet normal -1.946691e-03 7.239072e-01 -6.898946e-01
    outer loop
      vertex 2.017219e-03 6.956621e-03 -1.076439e-02
      vertex 4.151814e-04 6.825768e-03 -1.089718e-02
      vertex 4.072000e-04 7.146603e-03 -1.056050e-02
    endloop
  endfacet
  facet normal -1.402988e-02 -9.962140e-01 8.579511e-02
    outer loop
      vertex 4.308018e-03 2.830650e-03 -8.853435e-03
      vertex 2.353611e-03 2.883158e-03 -8.563339e-03
      vertex 2.990328e-03 2.826700e-03 -9.114780e-03
    endloop
  endfacet
  facet normal 4.606031e-03 -9.781032e-01 2.080694e-01
    outer loop
      vertex 2.353611e-03 2.883158e-03 -8.563339e-03
      vertex 4.308018e-03 2.830650e-03 -8.853435e-03
      vertex 4.321564e-03 2.952211e-03 -8.282296e-03
    endloop
  endfacet
  facet normal 6.396372e-03 -8.972885e-01 4.413982e-01
    outer loop
      vertex 4.315056e-03 3.205372e-03 -7.767568e-03
      vertex 2.526864e-03 3.087319e-03 -7.981637e-03
      vertex 4.321564e-03 2.952211e-03 -8.282296e-03
    endloop
  endfacet
  facet normal 4.071703e-03 -6.449665e-01 7.642000e-01
    outer loop
      vertex 2.418518e-03 3.771572e-03 -7.158840e-03
      vertex 2.398362e-03 3.614349e-03 -7.291425e-03
      vertex 4.321704e-03 3.477075e-03 -7.417529e-03
    endloop
  endfacet
  facet normal 2.516050e-03 -4.907329e-01 8.713064e-01
    outer loop
      vertex 2.326592e-03 4.014780e-03 -6.996219e-03
      vertex 4.316689e-03 3.861060e-03 -7.088543e-03
      vertex 4.321261e-03 4.254213e-03 -6.867126e-03
    endloop
  endfacet
  facet normal -1.968617e-03 -4.618184e-01 8.869723e-01
    outer loop
      vertex 2.337483e-03 4.260480e-03 -6.868266e-03
      vertex 2.326592e-03 4.014780e-03 -6.996219e-03
      vertex 4.321261e-03 4.254213e-03 -6.867126e-03
    endloop
  endfacet
  facet normal -1.650995e-03 -3.523986e-01 9.358485e-01
    outer loop
      vertex 2.495072e-03 4.504956e-03 -6.775929e-03
      vertex 2.337483e-03 4.260480e-03 -6.868266e-03
      vertex 4.321261e-03 4.254213e-03 -6.867126e-03
    endloop
  endfacet
  facet normal -4.578036e-03 -2.442369e-01 9.697048e-01
    outer loop
      vertex 2.536581e-03 4.785229e-03 -6.705142e-03
      vertex 2.495072e-03 4.504956e-03 -6.775929e-03
      vertex 4.319674e-03 4.695017e-03 -6.719445e-03
    endloop
  endfacet
  facet normal 7.239386e-04 -1.032529e-01 9.946549e-01
    outer loop
      vertex 2.536581e-03 4.785229e-03 -6.705142e-03
      vertex 4.319321e-03 5.297497e-03 -6.653262e-03
      vertex 2.626688e-03 5.202965e-03 -6.661843e-03
    endloop
  endfacet
  facet normal -5.957591e-03 1.591106e-02 9.998557e-01
    outer loop
      vertex 2.208685e-03 5.414118e-03 -6.667694e-03
      vertex 2.626688e-03 5.202965e-03 -6.661843e-03
      vertex 4.319321e-03 5.297497e-03 -6.653262e-03
    endloop
  endfacet
  facet normal -1.902180e-04 1.194226e-01 9.928435e-01
    outer loop
      vertex 2.555759e-03 5.641039e-03 -6.694922e-03
      vertex 2.208685e-03 5.414118e-03 -6.667694e-03
      vertex 4.319321e-03 5.297497e-03 -6.653262e-03
    endloop
  endfacet
  facet normal 4.991539e-03 5.078825e-01 8.614119e-01
    outer loop
      vertex 4.326553e-03 6.689283e-03 -7.139968e-03
      vertex 2.346450e-03 6.433917e-03 -6.977931e-03
      vertex 4.319284e-03 6.227995e-03 -6.867953e-03
    endloop
  endfacet
  facet normal 3.280295e-03 6.723230e-01 7.402506e-01
    outer loop
      vertex 2.890922e-03 6.809437e-03 -7.242734e-03
      vertex 4.326553e-03 6.689283e-03 -7.139968e-03
      vertex 4.316352e-03 7.000814e-03 -7.422866e-03
    endloop
  endfacet
  facet normal -2.257013e-03 9.387686e-01 3.445408e-01
    outer loop
      vertex 2.160802e-03 7.441028e-03 -8.087854e-03
      vertex 4.320412e-03 7.463467e-03 -8.134847e-03
      vertex 2.491359e-03 7.544434e-03 -8.367437e-03
    endloop
  endfacet
  facet normal 3.300851e-04 8.854169e-01 4.647975e-01
    outer loop
      vertex 4.320412e-03 7.463467e-03 -8.134847e-03
      vertex 2.200147e-03 7.305710e-03 -7.832821e-03
      vertex 4.317778e-03 7.257683e-03 -7.742836e-03
    endloop
  endfacet
  facet normal 1.017062e-03 8.834216e-01 4.685779e-01
    outer loop
      vertex 4.320412e-03 7.463467e-03 -8.134847e-03
      vertex 2.160802e-03 7.441028e-03 -8.087854e-03
      vertex 2.200147e-03 7.305710e-03 -7.832821e-03
    endloop
  endfacet
  facet normal -4.484025e-03 9.714720e-01 2.371118e-01
    outer loop
      vertex 2.575988e-03 7.613615e-03 -8.649281e-03
      vertex 2.491359e-03 7.544434e-03 -8.367437e-03
      vertex 4.317904e-03 7.583509e-03 -8.492991e-03
    endloop
  endfacet
  facet normal 1.949360e-03 9.857577e-01 1.681606e-01
    outer loop
      vertex 4.319555e-03 7.640496e-03 -8.827067e-03
      vertex 2.575988e-03 7.613615e-03 -8.649281e-03
      vertex 4.317904e-03 7.583509e-03 -8.492991e-03
    endloop
  endfacet
  facet normal 3.286354e-03 -9.175063e-01 3.977077e-01
    outer loop
      vertex 2.526864e-03 3.087319e-03 -7.981637e-03
      vertex 4.098627e-04 3.052922e-03 -8.043498e-03
      vertex 2.184912e-03 2.980742e-03 -8.224682e-03
    endloop
  endfacet
  facet normal -3.730133e-04 -8.685006e-01 4.956880e-01
    outer loop
      vertex 4.098627e-04 3.052922e-03 -8.043498e-03
      vertex 2.526864e-03 3.087319e-03 -7.981637e-03
      vertex 1.846508e-03 3.204932e-03 -7.776077e-03
    endloop
  endfacet
  facet normal -8.797596e-04 -8.073670e-01 5.900489e-01
    outer loop
      vertex 4.599745e-04 3.423310e-03 -7.479337e-03
      vertex 1.846508e-03 3.204932e-03 -7.776077e-03
      vertex 2.386546e-03 3.372960e-03 -7.545359e-03
    endloop
  endfacet
  facet normal 3.454518e-03 -6.449218e-01 7.642408e-01
    outer loop
      vertex 4.034125e-04 3.701375e-03 -7.208969e-03
      vertex 2.398362e-03 3.614349e-03 -7.291425e-03
      vertex 2.418518e-03 3.771572e-03 -7.158840e-03
    endloop
  endfacet
  facet normal -7.833744e-04 -6.971961e-01 7.168801e-01
    outer loop
      vertex 2.398362e-03 3.614349e-03 -7.291425e-03
      vertex 4.034125e-04 3.701375e-03 -7.208969e-03
      vertex 4.599745e-04 3.423310e-03 -7.479337e-03
    endloop
  endfacet
  facet normal 2.470730e-03 -4.569873e-01 8.894698e-01
    outer loop
      vertex 4.365218e-04 4.281052e-03 -6.854165e-03
      vertex 4.092205e-04 3.994091e-03 -7.001522e-03
      vertex 2.326592e-03 4.014780e-03 -6.996219e-03
    endloop
  endfacet
  facet normal 4.208389e-03 -1.385381e-01 9.903482e-01
    outer loop
      vertex 2.536581e-03 4.785229e-03 -6.705142e-03
      vertex 2.248660e-03 4.988354e-03 -6.675504e-03
      vertex 4.095356e-04 4.771974e-03 -6.697958e-03
    endloop
  endfacet
  facet normal -3.798034e-03 -6.408231e-02 9.979374e-01
    outer loop
      vertex 2.626688e-03 5.202965e-03 -6.661843e-03
      vertex 4.114836e-04 5.393275e-03 -6.658053e-03
      vertex 4.095356e-04 4.771974e-03 -6.697958e-03
    endloop
  endfacet
  facet normal -5.945486e-03 -5.308833e-02 9.985721e-01
    outer loop
      vertex 2.248660e-03 4.988354e-03 -6.675504e-03
      vertex 2.626688e-03 5.202965e-03 -6.661843e-03
      vertex 4.095356e-04 4.771974e-03 -6.697958e-03
    endloop
  endfacet
  facet normal 4.926241e-03 3.744117e-02 9.992867e-01
    outer loop
      vertex 2.208685e-03 5.414118e-03 -6.667694e-03
      vertex 4.114836e-04 5.393275e-03 -6.658053e-03
      vertex 2.626688e-03 5.202965e-03 -6.661843e-03
    endloop
  endfacet
  facet normal -3.228211e-03 1.744630e-01 9.846584e-01
    outer loop
      vertex 4.114836e-04 5.393275e-03 -6.658053e-03
      vertex 2.555759e-03 5.641039e-03 -6.694922e-03
      vertex 4.590705e-04 5.877599e-03 -6.743711e-03
    endloop
  endfacet
  facet normal 4.613368e-04 5.236531e-01 8.519315e-01
    outer loop
      vertex 4.087772e-04 6.686495e-03 -7.138165e-03
      vertex 4.104697e-04 6.310230e-03 -6.906889e-03
      vertex 2.388645e-03 6.642184e-03 -7.112001e-03
    endloop
  endfacet
  facet normal 4.418547e-03 8.316003e-01 5.553570e-01
    outer loop
      vertex 2.200147e-03 7.305710e-03 -7.832821e-03
      vertex 4.001581e-04 7.170455e-03 -7.615966e-03
      vertex 2.288549e-03 7.156727e-03 -7.610435e-03
    endloop
  endfacet
  facet normal -2.131995e-04 8.833434e-01 4.687263e-01
    outer loop
      vertex 2.200147e-03 7.305710e-03 -7.832821e-03
      vertex 2.160802e-03 7.441028e-03 -8.087854e-03
      vertex 4.223058e-04 7.491432e-03 -8.183634e-03
    endloop
  endfacet
  facet normal -2.421988e-03 9.677749e-01 2.518051e-01
    outer loop
      vertex 2.491359e-03 7.544434e-03 -8.367437e-03
      vertex 4.547826e-04 7.629423e-03 -8.713671e-03
      vertex 4.223058e-04 7.491432e-03 -8.183634e-03
    endloop
  endfacet
  facet normal 4.935005e-03 9.966119e-01 8.209930e-02
    outer loop
      vertex 2.575988e-03 7.613615e-03 -8.649281e-03
      vertex 1.936747e-03 7.651750e-03 -9.073781e-03
      vertex 4.547826e-04 7.629423e-03 -8.713671e-03
    endloop
  endfacet
  facet normal 3.677830e-03 9.998646e-01 1.603644e-02
    outer loop
      vertex 4.319555e-03 7.640496e-03 -8.827067e-03
      vertex 4.319856e-03 7.647441e-03 -9.260162e-03
      vertex 2.931299e-03 7.648125e-03 -8.984371e-03
    endloop
  endfacet
  facet normal 1.560419e-03 9.481597e-01 3.177903e-01
    outer loop
      vertex 4.320412e-03 7.463467e-03 -8.134847e-03
      vertex 4.317904e-03 7.583509e-03 -8.492991e-03
      vertex 2.491359e-03 7.544434e-03 -8.367437e-03
    endloop
  endfacet
  facet normal 6.853014e-03 1.549786e-01 9.878941e-01
    outer loop
      vertex 4.319321e-03 5.297497e-03 -6.653262e-03
      vertex 4.318575e-03 5.874557e-03 -6.743785e-03
      vertex 2.555759e-03 5.641039e-03 -6.694922e-03
    endloop
  endfacet
  facet normal 2.449242e-03 -1.091926e-01 9.940176e-01
    outer loop
      vertex 4.319674e-03 4.695017e-03 -6.719445e-03
      vertex 4.319321e-03 5.297497e-03 -6.653262e-03
      vertex 2.536581e-03 4.785229e-03 -6.705142e-03
    endloop
  endfacet
  facet normal 3.735732e-03 -3.176581e-01 9.481980e-01
    outer loop
      vertex 4.321261e-03 4.254213e-03 -6.867126e-03
      vertex 4.319674e-03 4.695017e-03 -6.719445e-03
      vertex 2.495072e-03 4.504956e-03 -6.775929e-03
    endloop
  endfacet
  facet normal -4.221584e-03 3.524902e-01 9.358060e-01
    outer loop
      vertex 4.104697e-04 6.310230e-03 -6.906889e-03
      vertex 4.590705e-04 5.877599e-03 -6.743711e-03
      vertex 1.676654e-03 6.150960e-03 -6.841185e-03
    endloop
  endfacet
  facet normal -6.141693e-03 8.705691e-01 4.920078e-01
    outer loop
      vertex 4.223058e-04 7.491432e-03 -8.183634e-03
      vertex 4.001581e-04 7.170455e-03 -7.615966e-03
      vertex 2.200147e-03 7.305710e-03 -7.832821e-03
    endloop
  endfacet
  facet normal -1.008269e-02 9.997392e-01 2.049076e-02
    outer loop
      vertex 4.623539e-04 7.642267e-03 -9.336605e-03
      vertex 4.547826e-04 7.629423e-03 -8.713671e-03
      vertex 1.936747e-03 7.651750e-03 -9.073781e-03
    endloop
  endfacet
  facet normal -5.211509e-03 -9.454921e-01 3.256034e-01
    outer loop
      vertex 4.098627e-04 3.052922e-03 -8.043498e-03
      vertex 4.400951e-04 2.869775e-03 -8.574838e-03
      vertex 2.184912e-03 2.980742e-03 -8.224682e-03
    endloop
  endfacet
  facet normal 2.548131e-03 -6.506060e-01 7.594112e-01
    outer loop
      vertex 4.321704e-03 3.477075e-03 -7.417529e-03
      vertex 4.316689e-03 3.861060e-03 -7.088543e-03
      vertex 2.418518e-03 3.771572e-03 -7.158840e-03
    endloop
  endfacet
  facet normal 5.037949e-03 -9.602203e-01 2.791981e-01
    outer loop
      vertex 4.400951e-04 2.869775e-03 -8.574838e-03
      vertex 2.353611e-03 2.883158e-03 -8.563339e-03
      vertex 2.184912e-03 2.980742e-03 -8.224682e-03
    endloop
  endfacet
  facet normal 9.284289e-03 -7.841735e-01 6.204722e-01
    outer loop
      vertex 4.069606e-04 3.244088e-03 -7.705051e-03
      vertex 1.846508e-03 3.204932e-03 -7.776077e-03
      vertex 4.599745e-04 3.423310e-03 -7.479337e-03
    endloop
  endfacet
  facet normal -1.541050e-04 -5.782124e-01 8.158863e-01
    outer loop
      vertex 4.092205e-04 3.994091e-03 -7.001522e-03
      vertex 4.034125e-04 3.701375e-03 -7.208969e-03
      vertex 2.418518e-03 3.771572e-03 -7.158840e-03
    endloop
  endfacet
  facet normal 4.508830e-03 6.501144e-01 7.598230e-01
    outer loop
      vertex 4.087772e-04 6.686495e-03 -7.138165e-03
      vertex 2.388645e-03 6.642184e-03 -7.112001e-03
      vertex 4.470434e-04 6.892574e-03 -7.314716e-03
    endloop
  endfacet
  facet normal -1.488271e-03 7.349264e-01 6.781453e-01
    outer loop
      vertex 4.470434e-04 6.892574e-03 -7.314716e-03
      vertex 2.329043e-03 7.008568e-03 -7.436292e-03
      vertex 4.001581e-04 7.170455e-03 -7.615966e-03
    endloop
  endfacet
  facet normal 4.936270e-01 -8.609532e-01 1.228495e-01
    outer loop
      vertex 4.826043e-03 3.113295e-03 9.181037e-03
      vertex 4.316274e-03 2.877367e-03 9.575933e-03
      vertex 4.318915e-03 2.824075e-03 9.191835e-03
    endloop
  endfacet
  facet normal 5.115740e-01 5.468601e-01 6.627489e-01
    outer loop
      vertex 4.825997e-03 6.737535e-03 1.057271e-02
      vertex 4.320496e-03 6.672071e-03 1.101693e-02
      vertex 4.825994e-03 6.424182e-03 1.083128e-02
    endloop
  endfacet
  facet normal 5.119208e-01 -6.626262e-01 5.466841e-01
    outer loop
      vertex 4.825997e-03 3.739820e-03 1.057257e-02
      vertex 4.319561e-03 3.455156e-03 1.070177e-02
      vertex 4.826002e-03 3.481161e-03 1.025905e-02
    endloop
  endfacet
  facet normal 5.119143e-01 -6.625923e-01 -5.467313e-01
    outer loop
      vertex 4.319561e-03 3.455149e-03 7.445804e-03
      vertex 4.825997e-03 3.739820e-03 7.574992e-03
      vertex 4.825994e-03 3.481253e-03 7.888350e-03
    endloop
  endfacet
  facet normal 5.115747e-01 5.468605e-01 -6.627480e-01
    outer loop
      vertex 4.320496e-03 6.672072e-03 7.130636e-03
      vertex 4.825997e-03 6.737538e-03 7.574850e-03
      vertex 4.825994e-03 6.424181e-03 7.316285e-03
    endloop
  endfacet
  facet normal 4.967267e-01 1.203281e-01 -8.595253e-01
    outer loop
      vertex 4.826050e-03 5.327301e-03 6.946845e-03
      vertex 4.322073e-03 5.379378e-03 6.662883e-03
      vertex 4.317762e-03 5.714521e-03 6.707309e-03
    endloop
  endfacet
  facet normal 5.296943e-01 8.296629e-01 -1.763046e-01
    outer loop
      vertex 4.826052e-03 7.365420e-03 8.983089e-03
      vertex 4.826038e-03 7.222442e-03 8.310210e-03
      vertex 4.319565e-03 7.585320e-03 8.496200e-03
    endloop
  endfacet
  facet normal 1.000000e+00 -1.000614e-04 -9.186372e-05
    outer loop
      vertex 4.826052e-03 7.365420e-03 8.983089e-03
      vertex 4.826111e-03 7.265475e-03 9.730410e-03
      vertex 4.826000e-03 6.537007e-03 9.319642e-03
    endloop
  endfacet
  facet normal 1.000000e+00 1.072227e-04 -1.539731e-04
    outer loop
      vertex 4.825994e-03 6.424182e-03 1.083128e-02
      vertex 4.826081e-03 5.962096e-03 1.107622e-02
      vertex 4.826000e-03 5.618432e-03 1.031353e-02
    endloop
  endfacet
  facet normal 1.000000e+00 -4.869972e-05 -8.371543e-05
    outer loop
      vertex 4.826081e-03 5.962096e-03 1.107622e-02
      vertex 4.826050e-03 5.114810e-03 1.119888e-02
      vertex 4.826000e-03 5.618432e-03 1.031353e-02
    endloop
  endfacet
  facet normal 1.000000e+00 -1.187893e-05 -5.336023e-05
    outer loop
      vertex 4.826050e-03 5.114810e-03 1.119888e-02
      vertex 4.826035e-03 4.487835e-03 1.106143e-02
      vertex 4.826000e-03 4.477880e-03 1.041131e-02
    endloop
  endfacet
  facet normal 1.000000e+00 -5.444580e-05 -5.270837e-05
    outer loop
      vertex 4.826035e-03 4.487835e-03 1.106143e-02
      vertex 4.825999e-03 4.053602e-03 1.083148e-02
      vertex 4.826000e-03 4.477880e-03 1.041131e-02
    endloop
  endfacet
  facet normal 1.000000e+00 6.930599e-05 1.262337e-05
    outer loop
      vertex 4.826024e-03 3.265230e-03 9.857838e-03
      vertex 4.826043e-03 3.113295e-03 9.181037e-03
      vertex 4.826000e-03 3.716237e-03 9.232611e-03
    endloop
  endfacet
  facet normal 1.000000e+00 6.562594e-05 5.564627e-05
    outer loop
      vertex 4.826043e-03 3.113295e-03 9.181037e-03
      vertex 4.826081e-03 3.236309e-03 8.350436e-03
      vertex 4.826000e-03 3.716237e-03 9.232611e-03
    endloop
  endfacet
  facet normal 1.000000e+00 2.568348e-05 -1.741955e-04
    outer loop
      vertex 4.826081e-03 3.236309e-03 8.350436e-03
      vertex 4.825994e-03 3.481253e-03 7.888350e-03
      vertex 4.826000e-03 4.221565e-03 8.033088e-03
    endloop
  endfacet
  facet normal 1.000000e+00 -6.166073e-05 1.311470e-05
    outer loop
      vertex 4.825999e-03 4.053599e-03 7.316089e-03
      vertex 4.826031e-03 4.512271e-03 7.072911e-03
      vertex 4.826000e-03 4.221565e-03 8.033088e-03
    endloop
  endfacet
  facet normal 1.000000e+00 3.222908e-05 2.794567e-05
    outer loop
      vertex 4.826050e-03 5.327301e-03 6.946845e-03
      vertex 4.826024e-03 6.022807e-03 7.100262e-03
      vertex 4.826000e-03 6.012266e-03 7.948506e-03
    endloop
  endfacet
  facet normal 1.000000e+00 5.844078e-05 2.827141e-05
    outer loop
      vertex 4.826024e-03 6.022807e-03 7.100262e-03
      vertex 4.825994e-03 6.424181e-03 7.316285e-03
      vertex 4.826000e-03 6.012266e-03 7.948506e-03
    endloop
  endfacet
  facet normal 1.000000e+00 -2.645371e-05 -1.563847e-05
    outer loop
      vertex 4.826038e-03 7.222442e-03 8.310210e-03
      vertex 4.826052e-03 7.365420e-03 8.983089e-03
      vertex 4.826000e-03 6.012266e-03 7.948506e-03
    endloop
  endfacet
  facet normal 4.195688e-04 -9.905109e-01 1.374338e-01
    outer loop
      vertex 4.316274e-03 2.877367e-03 9.575933e-03
      vertex 2.386228e-03 2.869110e-03 9.522312e-03
      vertex 4.318915e-03 2.824075e-03 9.191835e-03
    endloop
  endfacet
  facet normal -6.720263e-03 -9.953263e-01 9.633499e-02
    outer loop
      vertex 2.426070e-03 2.825429e-03 9.073781e-03
      vertex 4.318915e-03 2.824075e-03 9.191835e-03
      vertex 2.386228e-03 2.869110e-03 9.522312e-03
    endloop
  endfacet
  facet normal -2.616277e-03 -9.270469e-01 3.749362e-01
    outer loop
      vertex 4.318944e-03 2.965156e-03 9.891240e-03
      vertex 2.517318e-03 3.044294e-03 1.007434e-02
      vertex 2.170244e-03 2.950855e-03 9.840889e-03
    endloop
  endfacet
  facet normal -2.049197e-03 -8.508643e-01 5.253816e-01
    outer loop
      vertex 4.317859e-03 3.237950e-03 1.042307e-02
      vertex 2.246468e-03 3.270792e-03 1.046818e-02
      vertex 4.316605e-03 3.126663e-03 1.024284e-02
    endloop
  endfacet
  facet normal -2.620848e-03 -7.461063e-01 6.658217e-01
    outer loop
      vertex 3.229559e-03 3.377686e-03 1.061066e-02
      vertex 4.319561e-03 3.455156e-03 1.070177e-02
      vertex 2.260625e-03 3.507925e-03 1.075279e-02
    endloop
  endfacet
  facet normal -5.192825e-03 -5.128664e-01 8.584528e-01
    outer loop
      vertex 4.316971e-03 3.993644e-03 1.114486e-02
      vertex 2.376251e-03 4.153026e-03 1.122834e-02
      vertex 2.847146e-03 3.915668e-03 1.108939e-02
    endloop
  endfacet
  facet normal -2.034423e-03 4.354317e-01 9.002195e-01
    outer loop
      vertex 3.030654e-03 6.170959e-03 1.129809e-02
      vertex 4.317980e-03 6.388699e-03 1.119568e-02
      vertex 2.506640e-03 6.433068e-03 1.117012e-02
    endloop
  endfacet
  facet normal -3.266643e-03 5.570867e-01 8.304479e-01
    outer loop
      vertex 4.320496e-03 6.672071e-03 1.101693e-02
      vertex 2.421494e-03 6.694670e-03 1.099430e-02
      vertex 2.506640e-03 6.433068e-03 1.117012e-02
    endloop
  endfacet
  facet normal -6.592898e-03 -8.688029e-01 4.951141e-01
    outer loop
      vertex 2.246468e-03 3.270792e-03 1.046818e-02
      vertex 2.517318e-03 3.044294e-03 1.007434e-02
      vertex 4.316605e-03 3.126663e-03 1.024284e-02
    endloop
  endfacet
  facet normal 5.555477e-03 7.695682e-02 9.970189e-01
    outer loop
      vertex 4.106724e-04 5.334296e-03 1.148845e-02
      vertex 2.459321e-03 5.216317e-03 1.148614e-02
      vertex 2.364337e-03 5.619782e-03 1.145553e-02
    endloop
  endfacet
  facet normal 4.008215e-03 4.451761e-01 8.954341e-01
    outer loop
      vertex 6.456453e-04 6.304777e-03 1.124223e-02
      vertex 3.030654e-03 6.170959e-03 1.129809e-02
      vertex 2.506640e-03 6.433068e-03 1.117012e-02
    endloop
  endfacet
  facet normal -3.954991e-03 9.584417e-01 2.852611e-01
    outer loop
      vertex 4.532788e-04 7.451858e-03 1.004504e-02
      vertex 4.315989e-03 7.525067e-03 9.852619e-03
      vertex 1.982134e-03 7.589833e-03 9.602654e-03
    endloop
  endfacet
  facet normal -2.297893e-02 9.942370e-01 1.047131e-01
    outer loop
      vertex 1.982134e-03 7.589833e-03 9.602654e-03
      vertex 2.821910e-03 7.642587e-03 9.286054e-03
      vertex 2.353009e-03 7.649927e-03 9.113459e-03
    endloop
  endfacet
  facet normal -2.466010e-03 9.874376e-01 1.579903e-01
    outer loop
      vertex 1.982134e-03 7.589833e-03 9.602654e-03
      vertex 4.316698e-03 7.599517e-03 9.578571e-03
      vertex 2.821910e-03 7.642587e-03 9.286054e-03
    endloop
  endfacet
  facet normal 7.048690e-03 -9.952060e-01 9.754634e-02
    outer loop
      vertex 2.426070e-03 2.825429e-03 9.073781e-03
      vertex 2.386228e-03 2.869110e-03 9.522312e-03
      vertex 5.313976e-04 2.830410e-03 9.261511e-03
    endloop
  endfacet
  facet normal 5.806574e-03 -9.676496e-01 2.522312e-01
    outer loop
      vertex 2.386228e-03 2.869110e-03 9.522312e-03
      vertex 2.170244e-03 2.950855e-03 9.840889e-03
      vertex 4.476548e-04 2.895897e-03 9.669705e-03
    endloop
  endfacet
  facet normal 4.582261e-03 -4.984294e-01 8.669182e-01
    outer loop
      vertex 2.376251e-03 4.153026e-03 1.122834e-02
      vertex 4.379188e-04 4.050685e-03 1.117975e-02
      vertex 2.847146e-03 3.915668e-03 1.108939e-02
    endloop
  endfacet
  facet normal -6.115496e-04 -4.194581e-01 9.077745e-01
    outer loop
      vertex 4.379188e-04 4.050685e-03 1.117975e-02
      vertex 2.376251e-03 4.153026e-03 1.122834e-02
      vertex 4.480193e-04 4.367158e-03 1.132599e-02
    endloop
  endfacet
  facet normal 3.214520e-03 -3.907951e-01 9.204721e-01
    outer loop
      vertex 2.447630e-03 4.427485e-03 1.134462e-02
      vertex 4.480193e-04 4.367158e-03 1.132599e-02
      vertex 2.376251e-03 4.153026e-03 1.122834e-02
    endloop
  endfacet
  facet normal 1.437014e-02 4.066043e-01 9.134913e-01
    outer loop
      vertex 2.557818e-03 5.894101e-03 1.139495e-02
      vertex 6.456453e-04 6.304777e-03 1.124223e-02
      vertex 4.157563e-04 6.157159e-03 1.131156e-02
    endloop
  endfacet
  facet normal -6.162974e-03 5.564291e-01 8.308722e-01
    outer loop
      vertex 6.456453e-04 6.304777e-03 1.124223e-02
      vertex 2.506640e-03 6.433068e-03 1.117012e-02
      vertex 2.421494e-03 6.694670e-03 1.099430e-02
    endloop
  endfacet
  facet normal 1.014474e-03 7.401993e-01 6.723867e-01
    outer loop
      vertex 2.478510e-03 6.934247e-03 1.078849e-02
      vertex 2.749424e-03 7.107812e-03 1.059701e-02
      vertex 4.001581e-04 7.170455e-03 1.053160e-02
    endloop
  endfacet
  facet normal -2.251323e-03 8.720148e-01 4.894744e-01
    outer loop
      vertex 1.665868e-03 7.266607e-03 1.038065e-02
      vertex 2.764280e-03 7.394224e-03 1.015834e-02
      vertex 4.532788e-04 7.451858e-03 1.004504e-02
    endloop
  endfacet
  facet normal 6.871620e-03 9.476273e-01 3.193044e-01
    outer loop
      vertex 1.982134e-03 7.589833e-03 9.602654e-03
      vertex 4.133933e-04 7.597481e-03 9.613717e-03
      vertex 4.532788e-04 7.451858e-03 1.004504e-02
    endloop
  endfacet
  facet normal 5.726130e-03 9.919884e-01 1.261992e-01
    outer loop
      vertex 4.133933e-04 7.597481e-03 9.613717e-03
      vertex 1.982134e-03 7.589833e-03 9.602654e-03
      vertex 2.353009e-03 7.649927e-03 9.113459e-03
    endloop
  endfacet
  facet normal -5.268598e-04 8.648837e-01 5.019721e-01
    outer loop
      vertex 4.316109e-03 7.247494e-03 1.041278e-02
      vertex 4.316957e-03 7.419269e-03 1.011682e-02
      vertex 2.764280e-03 7.394224e-03 1.015834e-02
    endloop
  endfacet
  facet normal 3.363238e-04 -8.010213e-01 5.986357e-01
    outer loop
      vertex 3.229559e-03 3.377686e-03 1.061066e-02
      vertex 2.246468e-03 3.270792e-03 1.046818e-02
      vertex 4.317859e-03 3.237950e-03 1.042307e-02
    endloop
  endfacet
  facet normal 8.260408e-04 -6.870181e-01 7.266399e-01
    outer loop
      vertex 4.318023e-03 3.704314e-03 1.093613e-02
      vertex 2.498287e-03 3.679717e-03 1.091495e-02
      vertex 2.260625e-03 3.507925e-03 1.075279e-02
    endloop
  endfacet
  facet normal -1.355429e-03 -5.931816e-01 8.050675e-01
    outer loop
      vertex 2.847146e-03 3.915668e-03 1.108939e-02
      vertex 2.498287e-03 3.679717e-03 1.091495e-02
      vertex 4.318023e-03 3.704314e-03 1.093613e-02
    endloop
  endfacet
  facet normal 1.196707e-03 -3.215507e-01 9.468916e-01
    outer loop
      vertex 4.318269e-03 4.645634e-03 1.141633e-02
      vertex 2.447630e-03 4.427485e-03 1.134462e-02
      vertex 4.317346e-03 4.315237e-03 1.130414e-02
    endloop
  endfacet
  facet normal -3.920039e-03 -2.818073e-01 9.594630e-01
    outer loop
      vertex 2.637725e-03 4.703841e-03 1.142656e-02
      vertex 2.447630e-03 4.427485e-03 1.134462e-02
      vertex 4.318269e-03 4.645634e-03 1.141633e-02
    endloop
  endfacet
  facet normal 5.078966e-04 -1.588573e-01 9.873014e-01
    outer loop
      vertex 2.846927e-03 5.017947e-03 1.147700e-02
      vertex 2.637725e-03 4.703841e-03 1.142656e-02
      vertex 4.318269e-03 4.645634e-03 1.141633e-02
    endloop
  endfacet
  facet normal -2.708705e-03 7.502334e-02 9.971781e-01
    outer loop
      vertex 4.317849e-03 5.608871e-03 1.146166e-02
      vertex 2.364337e-03 5.619782e-03 1.145553e-02
      vertex 2.459321e-03 5.216317e-03 1.148614e-02
    endloop
  endfacet
  facet normal -1.850515e-03 2.168903e-01 9.761942e-01
    outer loop
      vertex 2.557818e-03 5.894101e-03 1.139495e-02
      vertex 2.364337e-03 5.619782e-03 1.145553e-02
      vertex 4.317849e-03 5.608871e-03 1.146166e-02
    endloop
  endfacet
  facet normal -1.280940e-03 6.517951e-01 7.583940e-01
    outer loop
      vertex 2.478510e-03 6.934247e-03 1.078849e-02
      vertex 2.421494e-03 6.694670e-03 1.099430e-02
      vertex 4.320496e-03 6.672071e-03 1.101693e-02
    endloop
  endfacet
  facet normal -4.681471e-03 7.441932e-01 6.679480e-01
    outer loop
      vertex 2.749424e-03 7.107812e-03 1.059701e-02
      vertex 2.478510e-03 6.934247e-03 1.078849e-02
      vertex 4.317975e-03 7.027474e-03 1.069751e-02
    endloop
  endfacet
  facet normal 1.351043e-03 7.912873e-01 6.114431e-01
    outer loop
      vertex 4.316109e-03 7.247494e-03 1.041278e-02
      vertex 2.749424e-03 7.107812e-03 1.059701e-02
      vertex 4.317975e-03 7.027474e-03 1.069751e-02
    endloop
  endfacet
  facet normal -5.032314e-03 9.283168e-01 3.717560e-01
    outer loop
      vertex 4.316957e-03 7.419269e-03 1.011682e-02
      vertex 4.315989e-03 7.525067e-03 9.852619e-03
      vertex 2.764280e-03 7.394224e-03 1.015834e-02
    endloop
  endfacet
  facet normal -2.343631e-03 -5.063413e-02 9.987145e-01
    outer loop
      vertex 4.320279e-03 5.116431e-03 1.148545e-02
      vertex 2.459321e-03 5.216317e-03 1.148614e-02
      vertex 2.846927e-03 5.017947e-03 1.147700e-02
    endloop
  endfacet
  facet normal -6.605116e-03 -9.946407e-01 -1.031807e-01
    outer loop
      vertex 2.318454e-03 2.876531e-03 8.588056e-03
      vertex 4.317580e-03 2.852058e-03 8.695993e-03
      vertex 2.426070e-03 2.825429e-03 9.073781e-03
    endloop
  endfacet
  facet normal 1.756333e-03 -9.677400e-01 -2.519447e-01
    outer loop
      vertex 4.317580e-03 2.852058e-03 8.695993e-03
      vertex 2.318454e-03 2.876531e-03 8.588056e-03
      vertex 2.486408e-03 2.946769e-03 8.319437e-03
    endloop
  endfacet
  facet normal -4.477637e-03 -8.347670e-01 -5.505851e-01
    outer loop
      vertex 4.315230e-03 3.179915e-03 7.807733e-03
      vertex 2.486408e-03 3.142666e-03 7.879082e-03
      vertex 2.270939e-03 3.316055e-03 7.617950e-03
    endloop
  endfacet
  facet normal -2.127893e-03 -7.652938e-01 -6.436777e-01
    outer loop
      vertex 2.299171e-03 3.481902e-03 7.420675e-03
      vertex 4.319561e-03 3.455149e-03 7.445804e-03
      vertex 2.270939e-03 3.316055e-03 7.617950e-03
    endloop
  endfacet
  facet normal -2.303340e-03 -6.086123e-01 -7.934644e-01
    outer loop
      vertex 4.317368e-03 3.711740e-03 7.204813e-03
      vertex 2.398110e-03 3.657186e-03 7.252229e-03
      vertex 2.358850e-03 3.869992e-03 7.089113e-03
    endloop
  endfacet
  facet normal -4.912576e-03 -3.898923e-01 -9.208474e-01
    outer loop
      vertex 4.317172e-03 4.405175e-03 6.805062e-03
      vertex 2.035776e-03 4.116123e-03 6.939620e-03
      vertex 2.388142e-03 4.460595e-03 6.791888e-03
    endloop
  endfacet
  facet normal -3.745536e-03 -1.444923e-01 -9.894988e-01
    outer loop
      vertex 4.315692e-03 4.877097e-03 6.685062e-03
      vertex 2.277797e-03 4.756111e-03 6.710443e-03
      vertex 3.169841e-03 4.956918e-03 6.677744e-03
    endloop
  endfacet
  facet normal -2.501065e-03 2.386007e-01 -9.711145e-01
    outer loop
      vertex 2.219852e-03 5.645977e-03 6.695871e-03
      vertex 4.316767e-03 5.923350e-03 6.758621e-03
      vertex 4.317762e-03 5.714521e-03 6.707309e-03
    endloop
  endfacet
  facet normal -3.601165e-03 5.393523e-01 -8.420725e-01
    outer loop
      vertex 2.486413e-03 6.371144e-03 6.945733e-03
      vertex 2.998337e-03 6.682709e-03 7.143103e-03
      vertex 4.320496e-03 6.672072e-03 7.130636e-03
    endloop
  endfacet
  facet normal 9.839324e-04 9.871852e-01 -1.595755e-01
    outer loop
      vertex 4.319565e-03 7.585320e-03 8.496200e-03
      vertex 2.386230e-03 7.606837e-03 8.617392e-03
      vertex 4.316453e-03 7.641593e-03 8.844300e-03
    endloop
  endfacet
  facet normal 1.285293e-03 -9.342073e-01 -3.567282e-01
    outer loop
      vertex 4.052293e-04 3.026141e-03 8.104076e-03
      vertex 2.949739e-03 3.031260e-03 8.099840e-03
      vertex 2.486408e-03 2.946769e-03 8.319437e-03
    endloop
  endfacet
  facet normal 1.041080e-03 -8.918789e-01 -4.522731e-01
    outer loop
      vertex 2.486408e-03 3.142666e-03 7.879082e-03
      vertex 2.949739e-03 3.031260e-03 8.099840e-03
      vertex 4.052293e-04 3.026141e-03 8.104076e-03
    endloop
  endfacet
  facet normal -6.590366e-03 -1.321334e-01 -9.912100e-01
    outer loop
      vertex 1.547858e-03 5.129360e-03 6.665541e-03
      vertex 3.169841e-03 4.956918e-03 6.677744e-03
      vertex 2.277797e-03 4.756111e-03 6.710443e-03
    endloop
  endfacet
  facet normal -2.341947e-03 7.208109e-03 -9.999713e-01
    outer loop
      vertex 1.469632e-03 5.416904e-03 6.667797e-03
      vertex 3.109637e-03 5.178892e-03 6.662240e-03
      vertex 1.547858e-03 5.129360e-03 6.665541e-03
    endloop
  endfacet
  facet normal -1.049723e-04 1.219865e-01 -9.925318e-01
    outer loop
      vertex 2.219852e-03 5.645977e-03 6.695871e-03
      vertex 4.322073e-03 5.379378e-03 6.662883e-03
      vertex 1.469632e-03 5.416904e-03 6.667797e-03
    endloop
  endfacet
  facet normal -2.291122e-03 2.370970e-01 -9.714833e-01
    outer loop
      vertex 4.187734e-04 6.059360e-03 6.801008e-03
      vertex 4.316767e-03 5.923350e-03 6.758621e-03
      vertex 2.219852e-03 5.645977e-03 6.695871e-03
    endloop
  endfacet
  facet normal -3.630826e-03 9.158709e-01 -4.014566e-01
    outer loop
      vertex 1.974038e-03 7.375687e-03 7.956830e-03
      vertex 2.406922e-03 7.504500e-03 8.246785e-03
      vertex 4.320765e-03 7.414975e-03 8.025237e-03
    endloop
  endfacet
  facet normal -6.396583e-04 9.892720e-01 -1.460838e-01
    outer loop
      vertex 1.644579e-03 7.644872e-03 8.878206e-03
      vertex 4.316453e-03 7.641593e-03 8.844300e-03
      vertex 2.386230e-03 7.606837e-03 8.617392e-03
    endloop
  endfacet
  facet normal 8.141949e-03 -9.942889e-01 -1.064110e-01
    outer loop
      vertex 5.342066e-04 2.840417e-03 8.788981e-03
      vertex 2.318454e-03 2.876531e-03 8.588056e-03
      vertex 2.426070e-03 2.825429e-03 9.073781e-03
    endloop
  endfacet
  facet normal 4.092539e-03 -9.680885e-01 -2.505751e-01
    outer loop
      vertex 4.470337e-04 2.909513e-03 8.430066e-03
      vertex 2.486408e-03 2.946769e-03 8.319437e-03
      vertex 2.318454e-03 2.876531e-03 8.588056e-03
    endloop
  endfacet
  facet normal 3.808620e-03 -8.316197e-01 -5.553325e-01
    outer loop
      vertex 4.111376e-04 3.174109e-03 7.817762e-03
      vertex 2.270939e-03 3.316055e-03 7.617950e-03
      vertex 2.486408e-03 3.142666e-03 7.879082e-03
    endloop
  endfacet
  facet normal 3.442867e-03 -7.656836e-01 -6.432082e-01
    outer loop
      vertex 4.162277e-04 3.513300e-03 7.373220e-03
      vertex 2.299171e-03 3.481902e-03 7.420675e-03
      vertex 2.270939e-03 3.316055e-03 7.617950e-03
    endloop
  endfacet
  facet normal 3.706834e-03 -5.155604e-01 -8.568452e-01
    outer loop
      vertex 2.358850e-03 3.869992e-03 7.089113e-03
      vertex 4.028272e-04 3.844587e-03 7.095937e-03
      vertex 2.035776e-03 4.116123e-03 6.939620e-03
    endloop
  endfacet
  facet normal 8.600779e-03 -4.015494e-01 -9.157970e-01
    outer loop
      vertex 2.035776e-03 4.116123e-03 6.939620e-03
      vertex 4.059254e-04 4.255860e-03 6.863042e-03
      vertex 2.388142e-03 4.460595e-03 6.791888e-03
    endloop
  endfacet
  facet normal 2.118869e-03 5.326520e-01 -8.463317e-01
    outer loop
      vertex 2.998337e-03 6.682709e-03 7.143103e-03
      vertex 2.486413e-03 6.371144e-03 6.945733e-03
      vertex 4.157273e-04 6.675706e-03 7.132230e-03
    endloop
  endfacet
  facet normal 5.062464e-03 5.470163e-01 -8.371067e-01
    outer loop
      vertex 4.157273e-04 6.675706e-03 7.132230e-03
      vertex 2.486413e-03 6.371144e-03 6.945733e-03
      vertex 4.137366e-04 6.407766e-03 6.957129e-03
    endloop
  endfacet
  facet normal 1.523825e-03 6.360935e-01 -7.716105e-01
    outer loop
      vertex 4.157273e-04 6.675706e-03 7.132230e-03
      vertex 2.329841e-03 6.860710e-03 7.288521e-03
      vertex 2.998337e-03 6.682709e-03 7.143103e-03
    endloop
  endfacet
  facet normal 7.356376e-03 8.589253e-01 -5.120480e-01
    outer loop
      vertex 1.974038e-03 7.375687e-03 7.956830e-03
      vertex 2.267356e-03 7.209427e-03 7.682154e-03
      vertex 4.033464e-04 7.336686e-03 7.868843e-03
    endloop
  endfacet
  facet normal 5.546553e-05 9.138462e-01 -4.060605e-01
    outer loop
      vertex 2.406922e-03 7.504500e-03 8.246785e-03
      vertex 1.974038e-03 7.375687e-03 7.956830e-03
      vertex 4.033464e-04 7.336686e-03 7.868843e-03
    endloop
  endfacet
  facet normal 4.519059e-03 9.673774e-01 -2.532992e-01
    outer loop
      vertex 4.450524e-04 7.608542e-03 8.609132e-03
      vertex 2.406922e-03 7.504500e-03 8.246785e-03
      vertex 4.057543e-04 7.521673e-03 8.276668e-03
    endloop
  endfacet
  facet normal 1.280557e-03 -9.683036e-01 -2.497728e-01
    outer loop
      vertex 4.317580e-03 2.852058e-03 8.695993e-03
      vertex 2.486408e-03 2.946769e-03 8.319437e-03
      vertex 4.318824e-03 2.966437e-03 8.252584e-03
    endloop
  endfacet
  facet normal 5.607198e-04 -8.922860e-01 -4.514703e-01
    outer loop
      vertex 2.949739e-03 3.031260e-03 8.099840e-03
      vertex 2.486408e-03 3.142666e-03 7.879082e-03
      vertex 4.315230e-03 3.179915e-03 7.807733e-03
    endloop
  endfacet
  facet normal 7.493125e-04 -5.841337e-01 -8.116571e-01
    outer loop
      vertex 4.317368e-03 3.711740e-03 7.204813e-03
      vertex 2.358850e-03 3.869992e-03 7.089113e-03
      vertex 4.315593e-03 3.987231e-03 7.006545e-03
    endloop
  endfacet
  facet normal -4.585813e-03 -5.235078e-01 -8.520086e-01
    outer loop
      vertex 2.358850e-03 3.869992e-03 7.089113e-03
      vertex 2.035776e-03 4.116123e-03 6.939620e-03
      vertex 4.315593e-03 3.987231e-03 7.006545e-03
    endloop
  endfacet
  facet normal 1.891868e-03 -4.342589e-01 -9.007861e-01
    outer loop
      vertex 4.315593e-03 3.987231e-03 7.006545e-03
      vertex 2.035776e-03 4.116123e-03 6.939620e-03
      vertex 4.317172e-03 4.405175e-03 6.805062e-03
    endloop
  endfacet
  facet normal 1.547058e-03 -6.925799e-02 -9.975976e-01
    outer loop
      vertex 4.315692e-03 4.877097e-03 6.685062e-03
      vertex 3.169841e-03 4.956918e-03 6.677744e-03
      vertex 3.109637e-03 5.178892e-03 6.662240e-03
    endloop
  endfacet
  facet normal -2.293896e-03 6.274859e-01 -7.786246e-01
    outer loop
      vertex 4.320496e-03 6.672072e-03 7.130636e-03
      vertex 2.998337e-03 6.682709e-03 7.143103e-03
      vertex 2.329841e-03 6.860710e-03 7.288521e-03
    endloop
  endfacet
  facet normal -3.324407e-03 7.159016e-01 -6.981933e-01
    outer loop
      vertex 4.317976e-03 7.027478e-03 7.450053e-03
      vertex 2.329841e-03 6.860710e-03 7.288521e-03
      vertex 2.488393e-03 7.060919e-03 7.493054e-03
    endloop
  endfacet
  facet normal 7.365247e-05 7.909023e-01 -6.119424e-01
    outer loop
      vertex 4.317976e-03 7.027478e-03 7.450053e-03
      vertex 2.488393e-03 7.060919e-03 7.493054e-03
      vertex 4.316097e-03 7.246347e-03 7.732930e-03
    endloop
  endfacet
  facet normal 9.191998e-04 9.997055e-01 -2.425109e-02
    outer loop
      vertex 2.353009e-03 7.649927e-03 9.113459e-03
      vertex 4.316453e-03 7.641593e-03 8.844300e-03
      vertex 1.644579e-03 7.644872e-03 8.878206e-03
    endloop
  endfacet
  facet normal 1.000000e+00 -1.029414e-05 1.916106e-05
    outer loop
      vertex 4.826000e-03 6.411170e-03 -9.766468e-03
      vertex 4.826000e-03 4.842813e-03 -1.060906e-02
      vertex 4.826021e-03 5.948606e-03 -1.108506e-02
    endloop
  endfacet
  facet normal 1.000000e+00 -1.258119e-05 -1.018796e-05
    outer loop
      vertex 4.826015e-03 4.837486e-03 -6.986668e-03
      vertex 4.826000e-03 4.362755e-03 -7.898146e-03
      vertex 4.826023e-03 5.418877e-03 -6.955768e-03
    endloop
  endfacet
  facet normal 9.999990e-01 6.896014e-04 -1.212391e-03
    outer loop
      vertex 4.826000e-03 4.362755e-03 -7.898146e-03
      vertex 4.826053e-03 3.176497e-03 -8.529226e-03
      vertex 4.825428e-03 3.119488e-03 -9.076880e-03
    endloop
  endfacet
  facet normal 9.999994e-01 2.678706e-06 1.097357e-03
    outer loop
      vertex 4.826000e-03 4.057817e-03 -9.600174e-03
      vertex 4.825428e-03 3.119488e-03 -9.076880e-03
      vertex 4.826017e-03 3.178379e-03 -9.613670e-03
    endloop
  endfacet
  facet normal 1.000000e+00 2.144013e-05 2.744400e-05
    outer loop
      vertex 4.826005e-03 5.346672e-03 -1.119381e-02
      vertex 4.826000e-03 4.842813e-03 -1.060906e-02
      vertex 4.826015e-03 4.837490e-03 -1.116090e-02
    endloop
  endfacet
  facet normal 1.000000e+00 -6.169287e-06 -8.784191e-05
    outer loop
      vertex 4.826000e-03 6.411170e-03 -9.766468e-03
      vertex 4.826012e-03 7.273558e-03 -9.691326e-03
      vertex 4.826073e-03 7.368890e-03 -9.003192e-03
    endloop
  endfacet
  facet normal 9.999998e-01 -5.539549e-04 9.924719e-05
    outer loop
      vertex 4.826000e-03 4.057817e-03 -9.600174e-03
      vertex 4.826000e-03 4.362755e-03 -7.898146e-03
      vertex 4.825428e-03 3.119488e-03 -9.076880e-03
    endloop
  endfacet
  facet normal 1.000000e+00 2.989343e-05 2.325959e-05
    outer loop
      vertex 4.826000e-03 4.842813e-03 -1.060906e-02
      vertex 4.826000e-03 4.057817e-03 -9.600174e-03
      vertex 4.826032e-03 3.807330e-03 -1.065179e-02
    endloop
  endfacet
  facet normal 1.000000e+00 1.478299e-05 3.935818e-05
    outer loop
      vertex 4.826007e-03 7.050653e-03 -1.017627e-02
      vertex 4.826000e-03 6.411170e-03 -9.766468e-03
      vertex 4.826031e-03 6.670285e-03 -1.065129e-02
    endloop
  endfacet
  facet normal 1.000000e+00 -2.333723e-05 -1.113880e-05
    outer loop
      vertex 4.826021e-03 5.948606e-03 -1.108506e-02
      vertex 4.826000e-03 4.842813e-03 -1.060906e-02
      vertex 4.826005e-03 5.346672e-03 -1.119381e-02
    endloop
  endfacet
  facet normal 5.311113e-01 4.454333e-01 7.207704e-01
    outer loop
      vertex 4.326553e-03 6.689283e-03 -7.139968e-03
      vertex 4.826015e-03 6.017783e-03 -7.093019e-03
      vertex 4.826031e-03 6.670287e-03 -7.496276e-03
    endloop
  endfacet
  facet normal 5.409221e-01 6.773358e-01 4.986176e-01
    outer loop
      vertex 4.826031e-03 6.670287e-03 -7.496276e-03
      vertex 4.826046e-03 7.189519e-03 -8.201632e-03
      vertex 4.317778e-03 7.257683e-03 -7.742836e-03
    endloop
  endfacet
  facet normal 5.185686e-01 -7.794525e-01 3.514832e-01
    outer loop
      vertex 4.321564e-03 2.952211e-03 -8.282296e-03
      vertex 4.826053e-03 3.176497e-03 -8.529226e-03
      vertex 4.826006e-03 3.439451e-03 -7.946026e-03
    endloop
  endfacet
  facet normal 5.143287e-01 -2.788813e-01 8.109817e-01
    outer loop
      vertex 4.321261e-03 4.254213e-03 -6.867126e-03
      vertex 4.826002e-03 4.290261e-03 -7.174839e-03
      vertex 4.826015e-03 4.837486e-03 -6.986668e-03
    endloop
  endfacet
  facet normal 5.212399e-01 -2.775209e-01 -8.070261e-01
    outer loop
      vertex 4.826015e-03 4.837490e-03 -1.116090e-02
      vertex 4.826002e-03 4.290262e-03 -1.097272e-02
      vertex 4.315357e-03 4.431607e-03 -1.135114e-02
    endloop
  endfacet
  facet normal 5.248234e-01 -7.779412e-01 -3.454966e-01
    outer loop
      vertex 4.826006e-03 3.439453e-03 -1.020154e-02
      vertex 4.826017e-03 3.178379e-03 -9.613670e-03
      vertex 4.317251e-03 2.995943e-03 -9.975722e-03
    endloop
  endfacet
  facet normal 5.159993e-01 7.783047e-01 -3.577520e-01
    outer loop
      vertex 4.318971e-03 7.490247e-03 -9.951235e-03
      vertex 4.826012e-03 7.273558e-03 -9.691326e-03
      vertex 4.826007e-03 7.050653e-03 -1.017627e-02
    endloop
  endfacet
  facet normal 5.116052e-01 6.707058e-01 -5.370418e-01
    outer loop
      vertex 4.317230e-03 7.274071e-03 -1.038193e-02
      vertex 4.826007e-03 7.050653e-03 -1.017627e-02
      vertex 4.826031e-03 6.670285e-03 -1.065129e-02
    endloop
  endfacet
  facet normal 5.394533e-01 4.337725e-01 -7.216866e-01
    outer loop
      vertex 4.826031e-03 6.670285e-03 -1.065129e-02
      vertex 4.826021e-03 5.948606e-03 -1.108506e-02
      vertex 4.314647e-03 6.464849e-03 -1.115702e-02
    endloop
  endfacet
  facet normal 4.764111e-01 8.791043e-01 1.442834e-02
    outer loop
      vertex 4.319555e-03 7.640496e-03 -8.827067e-03
      vertex 4.826073e-03 7.368890e-03 -9.003192e-03
      vertex 4.319856e-03 7.647441e-03 -9.260162e-03
    endloop
  endfacet
  facet normal 5.067258e-01 8.494132e-01 1.473979e-01
    outer loop
      vertex 4.317904e-03 7.583509e-03 -8.492991e-03
      vertex 4.826073e-03 7.368890e-03 -9.003192e-03
      vertex 4.319555e-03 7.640496e-03 -8.827067e-03
    endloop
  endfacet
  facet normal 5.338919e-01 8.251411e-01 1.846660e-01
    outer loop
      vertex 4.826073e-03 7.368890e-03 -9.003192e-03
      vertex 4.317904e-03 7.583509e-03 -8.492991e-03
      vertex 4.826046e-03 7.189519e-03 -8.201632e-03
    endloop
  endfacet
  facet normal 4.858383e-01 8.297553e-01 2.747130e-01
    outer loop
      vertex 4.826046e-03 7.189519e-03 -8.201632e-03
      vertex 4.317904e-03 7.583509e-03 -8.492991e-03
      vertex 4.320412e-03 7.463467e-03 -8.134847e-03
    endloop
  endfacet
  facet normal 4.756023e-01 7.775479e-01 4.113657e-01
    outer loop
      vertex 4.320412e-03 7.463467e-03 -8.134847e-03
      vertex 4.317778e-03 7.257683e-03 -7.742836e-03
      vertex 4.826046e-03 7.189519e-03 -8.201632e-03
    endloop
  endfacet
  facet normal 5.115000e-01 6.689604e-01 5.393141e-01
    outer loop
      vertex 4.316352e-03 7.000814e-03 -7.422866e-03
      vertex 4.826031e-03 6.670287e-03 -7.496276e-03
      vertex 4.317778e-03 7.257683e-03 -7.742836e-03
    endloop
  endfacet
  facet normal 4.803251e-01 5.982076e-01 6.414323e-01
    outer loop
      vertex 4.826031e-03 6.670287e-03 -7.496276e-03
      vertex 4.316352e-03 7.000814e-03 -7.422866e-03
      vertex 4.326553e-03 6.689283e-03 -7.139968e-03
    endloop
  endfacet
  facet normal 5.095695e-01 4.310803e-01 7.446534e-01
    outer loop
      vertex 4.326553e-03 6.689283e-03 -7.139968e-03
      vertex 4.319284e-03 6.227995e-03 -6.867953e-03
      vertex 4.826015e-03 6.017783e-03 -7.093019e-03
    endloop
  endfacet
  facet normal 4.861330e-01 2.887870e-01 8.247890e-01
    outer loop
      vertex 4.319284e-03 6.227995e-03 -6.867953e-03
      vertex 4.318575e-03 5.874557e-03 -6.743785e-03
      vertex 4.826015e-03 6.017783e-03 -7.093019e-03
    endloop
  endfacet
  facet normal 5.193794e-01 1.908943e-01 8.329492e-01
    outer loop
      vertex 4.826015e-03 6.017783e-03 -7.093019e-03
      vertex 4.318575e-03 5.874557e-03 -6.743785e-03
      vertex 4.826023e-03 5.418877e-03 -6.955768e-03
    endloop
  endfacet
  facet normal 4.835582e-01 1.362602e-01 8.646413e-01
    outer loop
      vertex 4.319321e-03 5.297497e-03 -6.653262e-03
      vertex 4.826023e-03 5.418877e-03 -6.955768e-03
      vertex 4.318575e-03 5.874557e-03 -6.743785e-03
    endloop
  endfacet
  facet normal 4.854370e-01 -9.518496e-02 8.690746e-01
    outer loop
      vertex 4.319674e-03 4.695017e-03 -6.719445e-03
      vertex 4.826015e-03 4.837486e-03 -6.986668e-03
      vertex 4.319321e-03 5.297497e-03 -6.653262e-03
    endloop
  endfacet
  facet normal 5.078907e-01 -2.720049e-01 8.173496e-01
    outer loop
      vertex 4.826015e-03 4.837486e-03 -6.986668e-03
      vertex 4.319674e-03 4.695017e-03 -6.719445e-03
      vertex 4.321261e-03 4.254213e-03 -6.867126e-03
    endloop
  endfacet
  facet normal 4.918335e-01 -4.315927e-01 7.561928e-01
    outer loop
      vertex 4.316689e-03 3.861060e-03 -7.088543e-03
      vertex 4.826002e-03 4.290261e-03 -7.174839e-03
      vertex 4.321261e-03 4.254213e-03 -6.867126e-03
    endloop
  endfacet
  facet normal 5.178075e-01 -6.625015e-01 5.412643e-01
    outer loop
      vertex 4.826032e-03 3.807331e-03 -7.495771e-03
      vertex 4.321704e-03 3.477075e-03 -7.417529e-03
      vertex 4.826006e-03 3.439451e-03 -7.946026e-03
    endloop
  endfacet
  facet normal 4.991738e-01 -6.890625e-01 5.253745e-01
    outer loop
      vertex 4.315056e-03 3.205372e-03 -7.767568e-03
      vertex 4.826006e-03 3.439451e-03 -7.946026e-03
      vertex 4.321704e-03 3.477075e-03 -7.417529e-03
    endloop
  endfacet
  facet normal 4.696228e-01 -8.657270e-01 1.731219e-01
    outer loop
      vertex 4.308018e-03 2.830650e-03 -8.853435e-03
      vertex 4.826053e-03 3.176497e-03 -8.529226e-03
      vertex 4.321564e-03 2.952211e-03 -8.282296e-03
    endloop
  endfacet
  facet normal 4.916333e-01 8.412719e-02 -8.667291e-01
    outer loop
      vertex 4.318072e-03 5.673644e-03 -1.145019e-02
      vertex 4.826005e-03 5.346672e-03 -1.119381e-02
      vertex 4.321685e-03 5.235556e-03 -1.149066e-02
    endloop
  endfacet
  facet normal 4.812510e-01 2.330844e-01 -8.450261e-01
    outer loop
      vertex 4.315179e-03 6.068851e-03 -1.134283e-02
      vertex 4.826021e-03 5.948606e-03 -1.108506e-02
      vertex 4.318072e-03 5.673644e-03 -1.145019e-02
    endloop
  endfacet
  facet normal 4.864630e-01 3.716613e-01 -7.907096e-01
    outer loop
      vertex 4.314647e-03 6.464849e-03 -1.115702e-02
      vertex 4.826021e-03 5.948606e-03 -1.108506e-02
      vertex 4.315179e-03 6.068851e-03 -1.134283e-02
    endloop
  endfacet
  facet normal 4.831139e-01 5.240655e-01 -7.013960e-01
    outer loop
      vertex 4.314922e-03 6.899730e-03 -1.083190e-02
      vertex 4.826031e-03 6.670285e-03 -1.065129e-02
      vertex 4.314647e-03 6.464849e-03 -1.115702e-02
    endloop
  endfacet
  facet normal 4.959016e-01 6.663177e-01 -5.568684e-01
    outer loop
      vertex 4.317230e-03 7.274071e-03 -1.038193e-02
      vertex 4.826031e-03 6.670285e-03 -1.065129e-02
      vertex 4.314922e-03 6.899730e-03 -1.083190e-02
    endloop
  endfacet
  facet normal 4.979046e-01 7.742692e-01 -3.906382e-01
    outer loop
      vertex 4.826007e-03 7.050653e-03 -1.017627e-02
      vertex 4.317230e-03 7.274071e-03 -1.038193e-02
      vertex 4.318971e-03 7.490247e-03 -9.951235e-03
    endloop
  endfacet
  facet normal 4.878966e-01 8.344928e-01 -2.560834e-01
    outer loop
      vertex 4.318971e-03 7.490247e-03 -9.951235e-03
      vertex 4.318270e-03 7.590220e-03 -9.626790e-03
      vertex 4.826012e-03 7.273558e-03 -9.691326e-03
    endloop
  endfacet
  facet normal 5.119926e-01 8.483750e-01 -1.346234e-01
    outer loop
      vertex 4.319856e-03 7.647441e-03 -9.260162e-03
      vertex 4.826012e-03 7.273558e-03 -9.691326e-03
      vertex 4.318270e-03 7.590220e-03 -9.626790e-03
    endloop
  endfacet
  facet normal 4.714232e-01 -8.502973e-01 -2.339972e-01
    outer loop
      vertex 4.317251e-03 2.995943e-03 -9.975722e-03
      vertex 4.826017e-03 3.178379e-03 -9.613670e-03
      vertex 4.315161e-03 2.850309e-03 -9.450731e-03
    endloop
  endfacet
  facet normal 4.994038e-01 -6.965418e-01 -5.151945e-01
    outer loop
      vertex 4.318937e-03 3.392628e-03 -1.062976e-02
      vertex 4.826006e-03 3.439453e-03 -1.020154e-02
      vertex 4.316705e-03 3.207173e-03 -1.038119e-02
    endloop
  endfacet
  facet normal 5.181508e-01 -6.623401e-01 -5.411333e-01
    outer loop
      vertex 4.826006e-03 3.439453e-03 -1.020154e-02
      vertex 4.318937e-03 3.392628e-03 -1.062976e-02
      vertex 4.826032e-03 3.807330e-03 -1.065179e-02
    endloop
  endfacet
  facet normal 4.814359e-01 -6.215286e-01 -6.179981e-01
    outer loop
      vertex 4.317333e-03 3.689425e-03 -1.092950e-02
      vertex 4.826032e-03 3.807330e-03 -1.065179e-02
      vertex 4.318937e-03 3.392628e-03 -1.062976e-02
    endloop
  endfacet
  facet normal 5.130898e-01 -4.853106e-01 -7.079636e-01
    outer loop
      vertex 4.316491e-03 4.051105e-03 -1.117804e-02
      vertex 4.826002e-03 4.290262e-03 -1.097272e-02
      vertex 4.317333e-03 3.689425e-03 -1.092950e-02
    endloop
  endfacet
  facet normal 4.891168e-01 -3.599673e-01 -7.944736e-01
    outer loop
      vertex 4.315357e-03 4.431607e-03 -1.135114e-02
      vertex 4.826002e-03 4.290262e-03 -1.097272e-02
      vertex 4.316491e-03 4.051105e-03 -1.117804e-02
    endloop
  endfacet
  facet normal 4.986797e-01 -2.365476e-01 -8.338847e-01
    outer loop
      vertex 4.317665e-03 4.740186e-03 -1.143730e-02
      vertex 4.826015e-03 4.837490e-03 -1.116090e-02
      vertex 4.315357e-03 4.431607e-03 -1.135114e-02
    endloop
  endfacet
  facet normal 4.897240e-01 -9.731189e-02 -8.664299e-01
    outer loop
      vertex 4.321685e-03 5.235556e-03 -1.149066e-02
      vertex 4.826015e-03 4.837490e-03 -1.116090e-02
      vertex 4.317665e-03 4.740186e-03 -1.143730e-02
    endloop
  endfacet
  facet normal 5.143042e-01 -8.530589e-01 8.821414e-02
    outer loop
      vertex 4.825428e-03 3.119488e-03 -9.076880e-03
      vertex 4.826053e-03 3.176497e-03 -8.529226e-03
      vertex 4.308018e-03 2.830650e-03 -8.853435e-03
    endloop
  endfacet
  facet normal 5.169088e-01 -8.509961e-01 -9.279490e-02
    outer loop
      vertex 4.826017e-03 3.178379e-03 -9.613670e-03
      vertex 4.825428e-03 3.119488e-03 -9.076880e-03
      vertex 4.315161e-03 2.850309e-03 -9.450731e-03
    endloop
  endfacet
  facet normal 3.109782e-03 -9.899074e-01 1.416816e-01
    outer loop
      vertex 2.244352e-03 -1.288087e-02 2.109790e-04
      vertex 3.220147e-03 -1.283362e-02 5.196882e-04
      vertex 4.539997e-04 -1.287098e-02 3.193328e-04
    endloop
  endfacet
  facet normal 2.878799e-03 -8.807386e-01 4.735939e-01
    outer loop
      vertex 2.397040e-03 -1.249287e-02 1.326463e-03
      vertex 5.339245e-04 -1.250839e-02 1.308918e-03
      vertex 5.654960e-04 -1.268638e-02 9.777285e-04
    endloop
  endfacet
  facet normal 1.540658e-02 -8.069086e-01 5.904753e-01
    outer loop
      vertex 1.716906e-03 -1.223260e-02 1.654929e-03
      vertex 4.178584e-04 -1.233975e-02 1.542403e-03
      vertex 5.339245e-04 -1.250839e-02 1.308918e-03
    endloop
  endfacet
  facet normal -2.501472e-05 -5.267658e-01 8.500105e-01
    outer loop
      vertex 4.061053e-04 -1.193988e-02 1.928552e-03
      vertex 2.853738e-03 -1.181770e-02 2.004345e-03
      vertex 4.456030e-04 -1.161039e-02 2.132744e-03
    endloop
  endfacet
  facet normal 1.525515e-03 -4.270863e-01 9.042096e-01
    outer loop
      vertex 4.456030e-04 -1.161039e-02 2.132744e-03
      vertex 2.646650e-03 -1.161556e-02 2.126592e-03
      vertex 2.378915e-03 -1.139577e-02 2.230855e-03
    endloop
  endfacet
  facet normal -2.215622e-03 -2.243630e-02 9.997458e-01
    outer loop
      vertex 3.607502e-04 -1.080839e-02 2.400364e-03
      vertex 2.607201e-03 -1.050370e-02 2.412180e-03
      vertex 4.113024e-04 -1.031658e-02 2.411513e-03
    endloop
  endfacet
  facet normal 4.717815e-03 -7.346157e-02 9.972869e-01
    outer loop
      vertex 2.358686e-03 -1.078347e-02 2.392748e-03
      vertex 2.607201e-03 -1.050370e-02 2.412180e-03
      vertex 3.607502e-04 -1.080839e-02 2.400364e-03
    endloop
  endfacet
  facet normal 2.513628e-03 3.306055e-02 9.994502e-01
    outer loop
      vertex 2.607201e-03 -1.050370e-02 2.412180e-03
      vertex 2.777595e-03 -1.026606e-02 2.403891e-03
      vertex 4.113024e-04 -1.031658e-02 2.411513e-03
    endloop
  endfacet
  facet normal -2.636763e-03 4.662888e-01 8.846286e-01
    outer loop
      vertex 2.399610e-03 -9.283182e-03 2.096340e-03
      vertex 5.583050e-04 -9.168953e-03 2.030642e-03
      vertex 1.958143e-03 -9.457731e-03 2.187029e-03
    endloop
  endfacet
  facet normal 2.994114e-03 8.033089e-01 5.955551e-01
    outer loop
      vertex 2.237000e-03 -8.467937e-03 1.332897e-03
      vertex 4.071657e-04 -8.433854e-03 1.296124e-03
      vertex 2.390887e-03 -8.624162e-03 1.542846e-03
    endloop
  endfacet
  facet normal 5.831209e-03 8.612757e-01 5.081045e-01
    outer loop
      vertex 2.398031e-03 -8.321068e-03 1.082095e-03
      vertex 4.071657e-04 -8.433854e-03 1.296124e-03
      vertex 2.237000e-03 -8.467937e-03 1.332897e-03
    endloop
  endfacet
  facet normal 3.335533e-04 9.142182e-01 4.052221e-01
    outer loop
      vertex 2.636871e-03 -8.224943e-03 8.650324e-04
      vertex 4.468252e-04 -8.197365e-03 8.046159e-04
      vertex 2.398031e-03 -8.321068e-03 1.082095e-03
    endloop
  endfacet
  facet normal 3.334487e-03 9.498449e-01 3.127035e-01
    outer loop
      vertex 2.617315e-03 -8.152464e-03 6.450834e-04
      vertex 4.468252e-04 -8.197365e-03 8.046159e-04
      vertex 2.636871e-03 -8.224943e-03 8.650324e-04
    endloop
  endfacet
  facet normal 4.645228e-04 9.757974e-01 2.186759e-01
    outer loop
      vertex 2.599775e-03 -8.100370e-03 4.126639e-04
      vertex 4.568050e-04 -8.085793e-03 3.521695e-04
      vertex 2.617315e-03 -8.152464e-03 6.450834e-04
    endloop
  endfacet
  facet normal -1.373831e-04 -9.672867e-01 2.536858e-01
    outer loop
      vertex 4.317002e-03 -1.277881e-02 7.292455e-04
      vertex 1.537683e-03 -1.279416e-02 6.692033e-04
      vertex 3.220147e-03 -1.283362e-02 5.196882e-04
    endloop
  endfacet
  facet normal 8.296161e-03 -7.263899e-01 6.872327e-01
    outer loop
      vertex 2.760191e-03 -1.209236e-02 1.790570e-03
      vertex 1.716906e-03 -1.223260e-02 1.654929e-03
      vertex 2.616243e-03 -1.235849e-02 1.511013e-03
    endloop
  endfacet
  facet normal 1.350584e-03 -3.536686e-01 9.353698e-01
    outer loop
      vertex 4.316396e-03 -1.117561e-02 2.311300e-03
      vertex 4.610944e-04 -1.124381e-02 2.291080e-03
      vertex 2.378915e-03 -1.139577e-02 2.230855e-03
    endloop
  endfacet
  facet normal -9.412905e-04 1.454730e-01 9.893618e-01
    outer loop
      vertex 1.598370e-03 -9.981921e-03 2.360990e-03
      vertex 2.777595e-03 -1.026606e-02 2.403891e-03
      vertex 4.313477e-03 -9.971063e-03 2.361977e-03
    endloop
  endfacet
  facet normal 4.378860e-04 2.749631e-01 9.614547e-01
    outer loop
      vertex 4.319138e-03 -9.655291e-03 2.271668e-03
      vertex 2.014483e-03 -9.726667e-03 2.293130e-03
      vertex 4.313477e-03 -9.971063e-03 2.361977e-03
    endloop
  endfacet
  facet normal 2.239089e-03 6.388978e-01 7.692884e-01
    outer loop
      vertex 4.315724e-03 -8.776062e-03 1.712531e-03
      vertex 5.971683e-04 -8.844822e-03 1.780459e-03
      vertex 2.968071e-03 -9.041808e-03 1.937157e-03
    endloop
  endfacet
  facet normal -1.306484e-03 7.376619e-01 6.751691e-01
    outer loop
      vertex 2.390887e-03 -8.624162e-03 1.542846e-03
      vertex 5.971683e-04 -8.844822e-03 1.780459e-03
      vertex 4.315724e-03 -8.776062e-03 1.712531e-03
    endloop
  endfacet
  facet normal 2.768512e-03 -9.984584e-01 5.543586e-02
    outer loop
      vertex 4.319004e-03 -1.286716e-02 3.542325e-04
      vertex 2.244352e-03 -1.288087e-02 2.109790e-04
      vertex 4.318375e-03 -1.289178e-02 -8.922088e-05
    endloop
  endfacet
  facet normal -6.921213e-04 -9.995015e-01 3.156494e-02
    outer loop
      vertex 2.403214e-03 -1.288884e-02 -3.799313e-05
      vertex 4.318375e-03 -1.289178e-02 -8.922088e-05
      vertex 2.244352e-03 -1.288087e-02 2.109790e-04
    endloop
  endfacet
  facet normal -4.916723e-03 -9.324991e-01 3.611388e-01
    outer loop
      vertex 4.319876e-03 -1.265751e-02 1.042503e-03
      vertex 2.809153e-03 -1.264383e-02 1.057268e-03
      vertex 4.317002e-03 -1.277881e-02 7.292455e-04
    endloop
  endfacet
  facet normal 7.855823e-04 -8.717022e-01 4.900354e-01
    outer loop
      vertex 4.317862e-03 -1.247830e-02 1.349288e-03
      vertex 2.397040e-03 -1.249287e-02 1.326463e-03
      vertex 2.809153e-03 -1.264383e-02 1.057268e-03
    endloop
  endfacet
  facet normal -6.051164e-03 -7.227139e-01 6.911208e-01
    outer loop
      vertex 4.319803e-03 -1.226093e-02 1.627941e-03
      vertex 2.760191e-03 -1.209236e-02 1.790570e-03
      vertex 2.616243e-03 -1.235849e-02 1.511013e-03
    endloop
  endfacet
  facet normal -2.808675e-03 5.335950e-01 8.457355e-01
    outer loop
      vertex 4.320496e-03 -9.044153e-03 1.943128e-03
      vertex 2.968071e-03 -9.041808e-03 1.937157e-03
      vertex 4.316089e-03 -9.339584e-03 2.129508e-03
    endloop
  endfacet
  facet normal 1.092297e-03 7.511982e-01 6.600758e-01
    outer loop
      vertex 4.317939e-03 -8.544491e-03 1.448988e-03
      vertex 2.390887e-03 -8.624162e-03 1.542846e-03
      vertex 4.315724e-03 -8.776062e-03 1.712531e-03
    endloop
  endfacet
  facet normal -3.944508e-03 8.008696e-01 5.988258e-01
    outer loop
      vertex 4.317939e-03 -8.544491e-03 1.448988e-03
      vertex 2.237000e-03 -8.467937e-03 1.332897e-03
      vertex 2.390887e-03 -8.624162e-03 1.542846e-03
    endloop
  endfacet
  facet normal -1.972168e-03 9.757564e-01 2.188506e-01
    outer loop
      vertex 4.316966e-03 -8.110868e-03 4.749401e-04
      vertex 2.599775e-03 -8.100370e-03 4.126639e-04
      vertex 2.617315e-03 -8.152464e-03 6.450834e-04
    endloop
  endfacet
  facet normal -2.828696e-03 9.990513e-01 4.345647e-02
    outer loop
      vertex 2.430742e-03 -8.074913e-03 2.275349e-04
      vertex 2.911698e-03 -8.064224e-03 1.310966e-05
      vertex 1.895497e-03 -8.065229e-03 -2.992893e-05
    endloop
  endfacet
  facet normal -8.777980e-04 -8.079057e-01 5.893111e-01
    outer loop
      vertex 2.616243e-03 -1.235849e-02 1.511013e-03
      vertex 2.397040e-03 -1.249287e-02 1.326463e-03
      vertex 4.317862e-03 -1.247830e-02 1.349288e-03
    endloop
  endfacet
  facet normal -7.300948e-03 -6.126443e-01 7.903250e-01
    outer loop
      vertex 2.853738e-03 -1.181770e-02 2.004345e-03
      vertex 2.760191e-03 -1.209236e-02 1.790570e-03
      vertex 4.317304e-03 -1.192148e-02 1.937413e-03
    endloop
  endfacet
  facet normal 2.454356e-03 -5.156442e-01 8.567993e-01
    outer loop
      vertex 4.318039e-03 -1.151507e-02 2.182282e-03
      vertex 2.646650e-03 -1.161556e-02 2.126592e-03
      vertex 2.853738e-03 -1.181770e-02 2.004345e-03
    endloop
  endfacet
  facet normal -4.030244e-03 -4.326042e-01 9.015749e-01
    outer loop
      vertex 4.318039e-03 -1.151507e-02 2.182282e-03
      vertex 2.378915e-03 -1.139577e-02 2.230855e-03
      vertex 2.646650e-03 -1.161556e-02 2.126592e-03
    endloop
  endfacet
  facet normal 1.558361e-03 -3.552745e-01 9.347607e-01
    outer loop
      vertex 4.316396e-03 -1.117561e-02 2.311300e-03
      vertex 2.378915e-03 -1.139577e-02 2.230855e-03
      vertex 4.318039e-03 -1.151507e-02 2.182282e-03
    endloop
  endfacet
  facet normal 2.025228e-04 -6.947134e-02 9.975839e-01
    outer loop
      vertex 2.607201e-03 -1.050370e-02 2.412180e-03
      vertex 2.358686e-03 -1.078347e-02 2.392748e-03
      vertex 4.315548e-03 -1.084213e-02 2.388266e-03
    endloop
  endfacet
  facet normal 2.637549e-03 1.271967e-01 9.918740e-01
    outer loop
      vertex 4.313477e-03 -9.971063e-03 2.361977e-03
      vertex 2.777595e-03 -1.026606e-02 2.403891e-03
      vertex 4.317088e-03 -1.036061e-02 2.411922e-03
    endloop
  endfacet
  facet normal -2.216534e-03 6.520775e-01 7.581491e-01
    outer loop
      vertex 4.315724e-03 -8.776062e-03 1.712531e-03
      vertex 2.968071e-03 -9.041808e-03 1.937157e-03
      vertex 4.320496e-03 -9.044153e-03 1.943128e-03
    endloop
  endfacet
  facet normal -4.020835e-04 9.145178e-01 4.045454e-01
    outer loop
      vertex 4.318117e-03 -8.204723e-03 8.209944e-04
      vertex 2.636871e-03 -8.224943e-03 8.650324e-04
      vertex 2.398031e-03 -8.321068e-03 1.082095e-03
    endloop
  endfacet
  facet normal -3.216782e-03 9.496721e-01 3.132291e-01
    outer loop
      vertex 4.318117e-03 -8.204723e-03 8.209944e-04
      vertex 2.617315e-03 -8.152464e-03 6.450834e-04
      vertex 2.636871e-03 -8.224943e-03 8.650324e-04
    endloop
  endfacet
  facet normal 2.041378e-03 9.917001e-01 1.285565e-01
    outer loop
      vertex 4.318915e-03 -8.064846e-03 1.198943e-04
      vertex 2.430742e-03 -8.074913e-03 2.275349e-04
      vertex 4.316966e-03 -8.110868e-03 4.749401e-04
    endloop
  endfacet
  facet normal -2.852197e-03 9.990535e-01 4.340387e-02
    outer loop
      vertex 2.911698e-03 -8.064224e-03 1.310966e-05
      vertex 2.430742e-03 -8.074913e-03 2.275349e-04
      vertex 4.318915e-03 -8.064846e-03 1.198943e-04
    endloop
  endfacet
  facet normal -2.942939e-03 3.696813e-02 9.993121e-01
    outer loop
      vertex 2.777595e-03 -1.026606e-02 2.403891e-03
      vertex 2.607201e-03 -1.050370e-02 2.412180e-03
      vertex 4.317088e-03 -1.036061e-02 2.411922e-03
    endloop
  endfacet
  facet normal 1.144865e-02 -9.886235e-01 -1.499750e-01
    outer loop
      vertex 3.962265e-04 -1.289531e-02 -1.485528e-04
      vertex 1.598370e-03 -1.281107e-02 -6.120880e-04
      vertex 2.403214e-03 -1.288884e-02 -3.799313e-05
    endloop
  endfacet
  facet normal 9.819947e-03 -8.976583e-01 -4.405828e-01
    outer loop
      vertex 1.686502e-03 -1.269517e-02 -9.405880e-04
      vertex 4.142241e-04 -1.260544e-02 -1.151767e-03
      vertex 2.608957e-03 -1.250793e-02 -1.301518e-03
    endloop
  endfacet
  facet normal 4.933042e-03 -4.932583e-01 -8.698689e-01
    outer loop
      vertex 2.563443e-03 -1.179724e-02 -2.017948e-03
      vertex 4.083972e-04 -1.170622e-02 -2.081783e-03
      vertex 2.189145e-03 -1.154168e-02 -2.164985e-03
    endloop
  endfacet
  facet normal 1.123438e-03 -2.334095e-01 -9.723779e-01
    outer loop
      vertex 2.478401e-03 -1.115134e-02 -2.317075e-03
      vertex 4.384607e-04 -1.121374e-02 -2.304454e-03
      vertex 2.556627e-03 -1.095563e-02 -2.363963e-03
    endloop
  endfacet
  facet normal -8.804414e-04 -4.288993e-02 -9.990794e-01
    outer loop
      vertex 4.019374e-04 -1.032664e-02 -2.415396e-03
      vertex 2.476677e-03 -1.070968e-02 -2.400781e-03
      vertex 4.090742e-04 -1.080363e-02 -2.394925e-03
    endloop
  endfacet
  facet normal 4.867757e-03 1.074050e-01 -9.942034e-01
    outer loop
      vertex 4.019374e-04 -1.032664e-02 -2.415396e-03
      vertex 2.679344e-03 -1.004463e-02 -2.373779e-03
      vertex 3.199915e-03 -1.041788e-02 -2.411553e-03
    endloop
  endfacet
  facet normal 8.187907e-03 6.038442e-01 -7.970603e-01
    outer loop
      vertex 4.119931e-04 -9.181890e-03 -2.040514e-03
      vertex 4.064857e-04 -8.848178e-03 -1.787753e-03
      vertex 1.696678e-03 -8.822571e-03 -1.755100e-03
    endloop
  endfacet
  facet normal -1.699492e-03 7.318532e-01 -6.814602e-01
    outer loop
      vertex 4.107069e-04 -8.555680e-03 -1.465266e-03
      vertex 2.577956e-03 -8.628510e-03 -1.548887e-03
      vertex 1.696678e-03 -8.822571e-03 -1.755100e-03
    endloop
  endfacet
  facet normal 3.422960e-03 7.963289e-01 -6.048542e-01
    outer loop
      vertex 2.577956e-03 -8.628510e-03 -1.548887e-03
      vertex 4.107069e-04 -8.555680e-03 -1.465266e-03
      vertex 2.297686e-03 -8.492542e-03 -1.371462e-03
    endloop
  endfacet
  facet normal -5.820654e-04 8.349691e-01 -5.502964e-01
    outer loop
      vertex 4.466383e-04 -8.374814e-03 -1.190874e-03
      vertex 2.297686e-03 -8.492542e-03 -1.371462e-03
      vertex 4.107069e-04 -8.555680e-03 -1.465266e-03
    endloop
  endfacet
  facet normal 3.752933e-03 8.548669e-01 -5.188338e-01
    outer loop
      vertex 2.297686e-03 -8.492542e-03 -1.371462e-03
      vertex 4.466383e-04 -8.374814e-03 -1.190874e-03
      vertex 2.278338e-03 -8.357125e-03 -1.148480e-03
    endloop
  endfacet
  facet normal -3.580320e-03 9.077274e-01 -4.195451e-01
    outer loop
      vertex 2.278338e-03 -8.357125e-03 -1.148480e-03
      vertex 4.507012e-04 -8.164348e-03 -7.157896e-04
      vertex 2.576184e-03 -8.224943e-03 -8.650324e-04
    endloop
  endfacet
  facet normal 4.846057e-03 9.486901e-01 -3.161702e-01
    outer loop
      vertex 2.576184e-03 -8.224943e-03 -8.650324e-04
      vertex 4.507012e-04 -8.164348e-03 -7.157896e-04
      vertex 2.737342e-03 -8.152464e-03 -6.450834e-04
    endloop
  endfacet
  facet normal -3.478378e-03 -9.867426e-01 -1.622557e-01
    outer loop
      vertex 2.834176e-03 -1.288144e-02 -2.105992e-04
      vertex 1.598370e-03 -1.281107e-02 -6.120880e-04
      vertex 4.316725e-03 -1.283834e-02 -5.044922e-04
    endloop
  endfacet
  facet normal -2.362783e-02 -9.945445e-01 -1.016021e-01
    outer loop
      vertex 2.834176e-03 -1.288144e-02 -2.105992e-04
      vertex 2.403214e-03 -1.288884e-02 -3.799313e-05
      vertex 1.598370e-03 -1.281107e-02 -6.120880e-04
    endloop
  endfacet
  facet normal -5.862770e-03 -8.814438e-01 -4.722525e-01
    outer loop
      vertex 4.319101e-03 -1.265415e-02 -1.049837e-03
      vertex 1.686502e-03 -1.269517e-02 -9.405880e-04
      vertex 2.608957e-03 -1.250793e-02 -1.301518e-03
    endloop
  endfacet
  facet normal -5.877011e-04 -7.132030e-01 -7.009573e-01
    outer loop
      vertex 1.989482e-03 -1.223365e-02 -1.653677e-03
      vertex 4.717804e-04 -1.208980e-02 -1.798763e-03
      vertex 4.317821e-03 -1.211594e-02 -1.775389e-03
    endloop
  endfacet
  facet normal 3.568263e-03 3.297089e-01 -9.440759e-01
    outer loop
      vertex 2.388692e-03 -9.823036e-03 -2.321004e-03
      vertex 6.739281e-04 -9.554771e-03 -2.233796e-03
      vertex 2.901861e-03 -9.503559e-03 -2.207490e-03
    endloop
  endfacet
  facet normal 3.780916e-04 4.438504e-01 -8.961008e-01
    outer loop
      vertex 2.901861e-03 -9.503559e-03 -2.207490e-03
      vertex 6.739281e-04 -9.554771e-03 -2.233796e-03
      vertex 2.716441e-03 -9.323037e-03 -2.118154e-03
    endloop
  endfacet
  facet normal 3.510719e-03 -8.541173e-01 -5.200685e-01
    outer loop
      vertex 4.319101e-03 -1.265415e-02 -1.049837e-03
      vertex 2.608957e-03 -1.250793e-02 -1.301518e-03
      vertex 4.320496e-03 -1.242062e-02 -1.433352e-03
    endloop
  endfacet
  facet normal 2.902580e-03 -7.460164e-01 -6.659212e-01
    outer loop
      vertex 2.680295e-03 -1.236028e-02 -1.508806e-03
      vertex 1.989482e-03 -1.223365e-02 -1.653677e-03
      vertex 4.317821e-03 -1.211594e-02 -1.775389e-03
    endloop
  endfacet
  facet normal -3.360764e-03 -6.172739e-01 -7.867412e-01
    outer loop
      vertex 4.317342e-03 -1.183693e-02 -1.994298e-03
      vertex 4.317821e-03 -1.211594e-02 -1.775389e-03
      vertex 2.563443e-03 -1.179724e-02 -2.017948e-03
    endloop
  endfacet
  facet normal -1.143099e-03 -4.999593e-01 -8.660482e-01
    outer loop
      vertex 2.563443e-03 -1.179724e-02 -2.017948e-03
      vertex 2.189145e-03 -1.154168e-02 -2.164985e-03
      vertex 4.318022e-03 -1.152404e-02 -2.177978e-03
    endloop
  endfacet
  facet normal -1.398666e-03 -3.198367e-01 -9.474716e-01
    outer loop
      vertex 2.478401e-03 -1.115134e-02 -2.317075e-03
      vertex 4.317369e-03 -1.120251e-02 -2.302517e-03
      vertex 2.378914e-03 -1.134116e-02 -2.252851e-03
    endloop
  endfacet
  facet normal 1.202364e-03 -2.334393e-01 -9.723706e-01
    outer loop
      vertex 2.556627e-03 -1.095563e-02 -2.363963e-03
      vertex 4.317369e-03 -1.120251e-02 -2.302517e-03
      vertex 2.478401e-03 -1.115134e-02 -2.317075e-03
    endloop
  endfacet
  facet normal 1.242586e-03 2.332225e-01 -9.724226e-01
    outer loop
      vertex 4.322272e-03 -1.011340e-02 -2.388173e-03
      vertex 2.679344e-03 -1.004463e-02 -2.373779e-03
      vertex 2.388692e-03 -9.823036e-03 -2.321004e-03
    endloop
  endfacet
  facet normal -6.169255e-03 3.435828e-01 -9.391021e-01
    outer loop
      vertex 2.388692e-03 -9.823036e-03 -2.321004e-03
      vertex 2.901861e-03 -9.503559e-03 -2.207490e-03
      vertex 4.318242e-03 -9.656079e-03 -2.272596e-03
    endloop
  endfacet
  facet normal 7.354966e-03 4.495847e-01 -8.932074e-01
    outer loop
      vertex 4.318242e-03 -9.656079e-03 -2.272596e-03
      vertex 2.901861e-03 -9.503559e-03 -2.207490e-03
      vertex 2.716441e-03 -9.323037e-03 -2.118154e-03
    endloop
  endfacet
  facet normal -4.738833e-05 7.936941e-01 -6.083170e-01
    outer loop
      vertex 4.317342e-03 -8.483202e-03 -1.359433e-03
      vertex 2.577956e-03 -8.628510e-03 -1.548887e-03
      vertex 2.297686e-03 -8.492542e-03 -1.371462e-03
    endloop
  endfacet
  facet normal 3.004931e-04 9.754494e-01 -2.202233e-01
    outer loop
      vertex 2.737342e-03 -8.152464e-03 -6.450834e-04
      vertex 2.179987e-03 -8.103621e-03 -4.294988e-04
      vertex 4.315778e-03 -8.088731e-03 -3.606325e-04
    endloop
  endfacet
  facet normal -4.317976e-03 9.966580e-01 -8.157348e-02
    outer loop
      vertex 2.179987e-03 -8.103621e-03 -4.294988e-04
      vertex 2.911698e-03 -8.064224e-03 1.310966e-05
      vertex 4.315778e-03 -8.088731e-03 -3.606325e-04
    endloop
  endfacet
  facet normal -3.223412e-03 -8.139656e-01 -5.809041e-01
    outer loop
      vertex 4.320496e-03 -1.242062e-02 -1.433352e-03
      vertex 2.608957e-03 -1.250793e-02 -1.301518e-03
      vertex 2.680295e-03 -1.236028e-02 -1.508806e-03
    endloop
  endfacet
  facet normal 3.127596e-03 -7.466941e-01 -6.651602e-01
    outer loop
      vertex 4.320496e-03 -1.242062e-02 -1.433352e-03
      vertex 2.680295e-03 -1.236028e-02 -1.508806e-03
      vertex 4.317821e-03 -1.211594e-02 -1.775389e-03
    endloop
  endfacet
  facet normal -2.284498e-03 -3.995320e-01 -9.167164e-01
    outer loop
      vertex 2.189145e-03 -1.154168e-02 -2.164985e-03
      vertex 2.378914e-03 -1.134116e-02 -2.252851e-03
      vertex 4.318022e-03 -1.152404e-02 -2.177978e-03
    endloop
  endfacet
  facet normal 1.942051e-03 -3.611774e-01 -9.324951e-01
    outer loop
      vertex 4.318022e-03 -1.152404e-02 -2.177978e-03
      vertex 2.378914e-03 -1.134116e-02 -2.252851e-03
      vertex 4.317369e-03 -1.120251e-02 -2.302517e-03
    endloop
  endfacet
  facet normal 1.382941e-03 -1.290069e-01 -9.916427e-01
    outer loop
      vertex 4.316967e-03 -1.095244e-02 -2.366632e-03
      vertex 2.476677e-03 -1.070968e-02 -2.400781e-03
      vertex 4.318884e-03 -1.060008e-02 -2.412470e-03
    endloop
  endfacet
  facet normal -4.864809e-03 -2.484730e-02 -9.996794e-01
    outer loop
      vertex 4.318884e-03 -1.060008e-02 -2.412470e-03
      vertex 2.476677e-03 -1.070968e-02 -2.400781e-03
      vertex 3.199915e-03 -1.041788e-02 -2.411553e-03
    endloop
  endfacet
  facet normal -1.166357e-02 5.677950e-01 -8.230874e-01
    outer loop
      vertex 4.320497e-03 -9.044154e-03 -1.943128e-03
      vertex 4.316241e-03 -9.219928e-03 -2.064322e-03
      vertex 2.966184e-03 -8.900772e-03 -1.825027e-03
    endloop
  endfacet
  facet normal -6.086423e-03 7.077846e-01 -7.064021e-01
    outer loop
      vertex 4.318109e-03 -8.694961e-03 -1.630461e-03
      vertex 2.966184e-03 -8.900772e-03 -1.825027e-03
      vertex 2.577956e-03 -8.628510e-03 -1.548887e-03
    endloop
  endfacet
  facet normal 1.229737e-03 7.879995e-01 -6.156747e-01
    outer loop
      vertex 4.318109e-03 -8.694961e-03 -1.630461e-03
      vertex 2.577956e-03 -8.628510e-03 -1.548887e-03
      vertex 4.317342e-03 -8.483202e-03 -1.359433e-03
    endloop
  endfacet
  facet normal -2.216597e-04 9.120808e-01 -4.100105e-01
    outer loop
      vertex 4.317084e-03 -8.340874e-03 -1.123865e-03
      vertex 2.576184e-03 -8.224943e-03 -8.650324e-04
      vertex 4.318117e-03 -8.204722e-03 -8.209925e-04
    endloop
  endfacet
  facet normal -3.173431e-03 9.504462e-01 -3.108730e-01
    outer loop
      vertex 2.576184e-03 -8.224943e-03 -8.650324e-04
      vertex 2.737342e-03 -8.152464e-03 -6.450834e-04
      vertex 4.318117e-03 -8.204722e-03 -8.209925e-04
    endloop
  endfacet
  facet normal -2.101309e-04 9.999520e-01 9.791487e-03
    outer loop
      vertex -4.011356e-03 1.904909e-02 -2.707904e-05
      vertex -5.134536e-03 1.904378e-02 4.916891e-04
      vertex -2.647495e-03 1.904590e-02 3.280693e-04
    endloop
  endfacet
  facet normal 2.673140e-02 9.987710e-01 4.173551e-02
    outer loop
      vertex -3.860930e-03 1.894973e-02 1.926599e-03
      vertex -5.134536e-03 1.904378e-02 4.916891e-04
      vertex -5.134536e-03 1.901828e-02 1.101867e-03
    endloop
  endfacet
  facet normal 3.203692e-03 9.969547e-01 7.791758e-02
    outer loop
      vertex -5.134536e-03 1.896161e-02 1.827023e-03
      vertex -3.860930e-03 1.894973e-02 1.926599e-03
      vertex -5.134536e-03 1.901828e-02 1.101867e-03
    endloop
  endfacet
  facet normal -1.732456e-03 9.920261e-01 1.260204e-01
    outer loop
      vertex -4.071527e-03 1.882440e-02 2.910280e-03
      vertex -2.256388e-03 1.883686e-02 2.837188e-03
      vertex -3.860930e-03 1.894973e-02 1.926599e-03
    endloop
  endfacet
  facet normal 3.359455e-03 9.734928e-01 2.286929e-01
    outer loop
      vertex -2.898205e-03 1.845483e-02 4.721294e-03
      vertex -3.529993e-03 1.859729e-02 4.124165e-03
      vertex -5.134536e-03 1.852056e-02 4.474344e-03
    endloop
  endfacet
  facet normal 2.434812e-04 9.669000e-01 2.551556e-01
    outer loop
      vertex -5.134536e-03 1.831026e-02 5.271245e-03
      vertex -2.898205e-03 1.845483e-02 4.721294e-03
      vertex -5.134536e-03 1.852056e-02 4.474344e-03
    endloop
  endfacet
  facet normal 2.424232e-03 9.646732e-01 2.634382e-01
    outer loop
      vertex -2.898205e-03 1.845483e-02 4.721294e-03
      vertex -5.134536e-03 1.831026e-02 5.271245e-03
      vertex -2.246359e-03 1.827192e-02 5.385069e-03
    endloop
  endfacet
  facet normal 7.234430e-04 9.530882e-01 3.026919e-01
    outer loop
      vertex -4.211924e-03 1.806281e-02 6.048188e-03
      vertex -2.246359e-03 1.827192e-02 5.385069e-03
      vertex -5.134536e-03 1.831026e-02 5.271245e-03
    endloop
  endfacet
  facet normal 3.701521e-03 9.434748e-01 3.314235e-01
    outer loop
      vertex -4.211924e-03 1.806281e-02 6.048188e-03
      vertex -5.134536e-03 1.785205e-02 6.658497e-03
      vertex -2.567268e-03 1.777370e-02 6.852856e-03
    endloop
  endfacet
  facet normal -1.429414e-03 9.166264e-01 3.997425e-01
    outer loop
      vertex -5.134536e-03 1.724517e-02 8.101939e-03
      vertex -2.848063e-03 1.749008e-02 7.548515e-03
      vertex -4.332264e-03 1.757659e-02 7.344837e-03
    endloop
  endfacet
  facet normal 2.371948e-04 8.560466e-01 5.168987e-01
    outer loop
      vertex -2.015707e-03 1.641238e-02 9.670052e-03
      vertex -3.850902e-03 1.629777e-02 9.860700e-03
      vertex -1.945508e-03 1.617387e-02 1.006503e-02
    endloop
  endfacet
  facet normal 1.306472e-03 8.644849e-01 5.026571e-01
    outer loop
      vertex -4.121668e-03 1.665174e-02 9.252629e-03
      vertex -5.134536e-03 1.626138e-02 9.926631e-03
      vertex -3.850902e-03 1.629777e-02 9.860700e-03
    endloop
  endfacet
  facet normal -1.679310e-03 8.480465e-01 5.299192e-01
    outer loop
      vertex -4.171810e-03 1.596622e-02 1.039027e-02
      vertex -1.945508e-03 1.617387e-02 1.006503e-02
      vertex -3.850902e-03 1.629777e-02 9.860700e-03
    endloop
  endfacet
  facet normal -4.916192e-03 6.677635e-01 7.443573e-01
    outer loop
      vertex -4.091583e-03 1.230039e-02 1.454556e-02
      vertex -1.854469e-03 1.277818e-02 1.413172e-02
      vertex -3.499908e-03 1.305241e-02 1.387483e-02
    endloop
  endfacet
  facet normal -3.056185e-03 6.262107e-01 7.796479e-01
    outer loop
      vertex -1.586585e-03 1.211163e-02 1.470699e-02
      vertex -4.091583e-03 1.230039e-02 1.454556e-02
      vertex -3.284298e-03 1.166038e-02 1.506278e-02
    endloop
  endfacet
  facet normal -2.296521e-03 4.236979e-01 9.058006e-01
    outer loop
      vertex -4.090454e-03 8.547135e-03 1.702877e-02
      vertex -5.138644e-03 7.418642e-03 1.755398e-02
      vertex -2.426870e-03 8.112895e-03 1.723611e-02
    endloop
  endfacet
  facet normal 7.791395e-03 3.601614e-01 9.328575e-01
    outer loop
      vertex -3.961214e-03 7.250100e-03 1.761538e-02
      vertex -5.134536e-03 6.659128e-03 1.785334e-02
      vertex -4.089014e-03 6.394117e-03 1.794692e-02
    endloop
  endfacet
  facet normal 1.574729e-03 3.532926e-02 9.993745e-01
    outer loop
      vertex -2.948347e-03 3.584364e-04 1.904535e-02
      vertex -2.918262e-03 9.700670e-04 1.902369e-02
      vertex -5.165379e-03 9.887571e-04 1.902657e-02
    endloop
  endfacet
  facet normal 2.729009e-03 -2.501149e-02 9.996834e-01
    outer loop
      vertex -3.409653e-03 -2.032068e-04 1.904828e-02
      vertex -5.206066e-03 -5.908681e-04 1.904348e-02
      vertex -3.209085e-03 -7.623080e-04 1.903374e-02
    endloop
  endfacet
  facet normal -2.756251e-04 -5.992620e-02 9.982028e-01
    outer loop
      vertex -3.899830e-03 -1.487515e-03 1.899001e-02
      vertex -3.209085e-03 -7.623080e-04 1.903374e-02
      vertex -5.206066e-03 -5.908681e-04 1.904348e-02
    endloop
  endfacet
  facet normal 2.556268e-03 -1.302454e-01 9.914785e-01
    outer loop
      vertex -3.329426e-03 -2.839993e-03 1.883571e-02
      vertex -3.279284e-03 -2.081252e-03 1.893526e-02
      vertex -5.191846e-03 -2.927480e-03 1.882902e-02
    endloop
  endfacet
  facet normal -1.890187e-03 -3.468990e-01 9.379006e-01
    outer loop
      vertex -2.687608e-03 -6.342967e-03 1.796205e-02
      vertex -4.258570e-03 -7.126653e-03 1.766902e-02
      vertex -2.567268e-03 -6.852856e-03 1.777370e-02
    endloop
  endfacet
  facet normal 3.857175e-04 -3.509044e-01 9.364112e-01
    outer loop
      vertex -4.258570e-03 -7.126653e-03 1.766902e-02
      vertex -2.687608e-03 -6.342967e-03 1.796205e-02
      vertex -5.114977e-03 -6.137449e-03 1.804006e-02
    endloop
  endfacet
  facet normal -5.008529e-03 -4.046320e-01 9.144659e-01
    outer loop
      vertex -4.267236e-03 -8.334142e-03 1.713469e-02
      vertex -2.848063e-03 -7.548515e-03 1.749008e-02
      vertex -4.258570e-03 -7.126653e-03 1.766902e-02
    endloop
  endfacet
  facet normal 3.369305e-03 -4.605242e-01 8.876408e-01
    outer loop
      vertex -4.267236e-03 -8.334142e-03 1.713469e-02
      vertex -5.134536e-03 -9.029197e-03 1.677737e-02
      vertex -2.968404e-03 -9.188423e-03 1.668654e-02
    endloop
  endfacet
  facet normal 2.328507e-04 -4.931105e-01 8.699667e-01
    outer loop
      vertex -5.134536e-03 -9.029197e-03 1.677737e-02
      vertex -5.124095e-03 -9.897348e-03 1.628529e-02
      vertex -2.968404e-03 -9.188423e-03 1.668654e-02
    endloop
  endfacet
  facet normal 7.021012e-04 -4.941903e-01 8.693535e-01
    outer loop
      vertex -2.968404e-03 -9.188423e-03 1.668654e-02
      vertex -5.124095e-03 -9.897348e-03 1.628529e-02
      vertex -2.146075e-03 -9.665037e-03 1.641494e-02
    endloop
  endfacet
  facet normal 5.229757e-03 -5.376187e-01 8.431719e-01
    outer loop
      vertex -4.282123e-03 -1.020132e-02 1.608625e-02
      vertex -2.146075e-03 -9.665037e-03 1.641494e-02
      vertex -5.124095e-03 -9.897348e-03 1.628529e-02
    endloop
  endfacet
  facet normal 6.719006e-04 -5.942416e-01 8.042863e-01
    outer loop
      vertex -4.131697e-03 -1.169158e-02 1.503896e-02
      vertex -3.138886e-03 -1.093167e-02 1.559958e-02
      vertex -5.134536e-03 -1.093320e-02 1.560012e-02
    endloop
  endfacet
  facet normal 7.626779e-04 -7.719765e-01 6.356507e-01
    outer loop
      vertex -3.349482e-03 -1.449809e-02 1.235575e-02
      vertex -5.134536e-03 -1.491568e-02 1.185075e-02
      vertex -3.088744e-03 -1.492134e-02 1.184141e-02
    endloop
  endfacet
  facet normal 6.996505e-03 -8.888304e-01 4.581829e-01
    outer loop
      vertex -3.850902e-03 -1.672657e-02 9.113377e-03
      vertex -5.134536e-03 -1.691154e-02 8.774137e-03
      vertex -3.921101e-03 -1.713084e-02 8.330189e-03
    endloop
  endfacet
  facet normal 5.437001e-03 -9.339962e-01 3.572416e-01
    outer loop
      vertex -5.134536e-03 -1.768407e-02 7.092324e-03
      vertex -5.134536e-03 -1.793346e-02 6.440303e-03
      vertex -2.883162e-03 -1.799706e-02 6.239752e-03
    endloop
  endfacet
  facet normal 9.517768e-04 -9.500840e-01 3.119928e-01
    outer loop
      vertex -4.272094e-03 -1.815764e-02 5.755007e-03
      vertex -2.883162e-03 -1.799706e-02 6.239752e-03
      vertex -5.134536e-03 -1.793346e-02 6.440303e-03
    endloop
  endfacet
  facet normal 1.474798e-03 -9.586714e-01 2.845120e-01
    outer loop
      vertex -4.272094e-03 -1.815764e-02 5.755007e-03
      vertex -5.134536e-03 -1.842021e-02 4.874743e-03
      vertex -3.128858e-03 -1.839901e-02 4.935755e-03
    endloop
  endfacet
  facet normal 3.087140e-03 -9.717367e-01 2.360471e-01
    outer loop
      vertex -3.439738e-03 -1.859328e-02 4.140087e-03
      vertex -3.128858e-03 -1.839901e-02 4.935755e-03
      vertex -5.134536e-03 -1.842021e-02 4.874743e-03
    endloop
  endfacet
  facet normal -7.872079e-04 -9.948399e-01 1.014546e-01
    outer loop
      vertex -2.928290e-03 -1.896207e-02 1.808342e-03
      vertex -5.134536e-03 -1.890342e-02 2.366341e-03
      vertex -5.134536e-03 -1.898300e-02 1.586014e-03
    endloop
  endfacet
  facet normal 2.884205e-03 -9.978611e-01 6.530617e-02
    outer loop
      vertex -5.134536e-03 -1.903062e-02 8.583515e-04
      vertex -2.928290e-03 -1.896207e-02 1.808342e-03
      vertex -5.134536e-03 -1.898300e-02 1.586014e-03
    endloop
  endfacet
  facet normal 1.727141e-03 -9.984482e-01 -5.566241e-02
    outer loop
      vertex -3.870959e-03 -1.898614e-02 -1.539166e-03
      vertex -3.028574e-03 -1.903909e-02 -5.632700e-04
      vertex -5.134536e-03 -1.903990e-02 -6.140408e-04
    endloop
  endfacet
  facet normal -1.314128e-03 -9.906832e-01 -1.361803e-01
    outer loop
      vertex -4.071527e-03 -1.882440e-02 -2.910280e-03
      vertex -2.256388e-03 -1.883686e-02 -2.837188e-03
      vertex -4.171810e-03 -1.892302e-02 -2.191890e-03
    endloop
  endfacet
  facet normal -9.648469e-04 -9.700107e-01 -2.430602e-01
    outer loop
      vertex -5.134536e-03 -1.835738e-02 -5.101316e-03
      vertex -2.898205e-03 -1.845483e-02 -4.721294e-03
      vertex -5.134536e-03 -1.858669e-02 -4.186192e-03
    endloop
  endfacet
  facet normal 2.686953e-03 -9.647381e-01 -2.631980e-01
    outer loop
      vertex -2.898205e-03 -1.845483e-02 -4.721294e-03
      vertex -5.134536e-03 -1.835738e-02 -5.101316e-03
      vertex -2.246359e-03 -1.827192e-02 -5.385069e-03
    endloop
  endfacet
  facet normal -1.029470e-03 -9.545762e-01 -2.979652e-01
    outer loop
      vertex -4.211924e-03 -1.806281e-02 -6.048188e-03
      vertex -2.246359e-03 -1.827192e-02 -5.385069e-03
      vertex -5.134536e-03 -1.835738e-02 -5.101316e-03
    endloop
  endfacet
  facet normal 3.701521e-03 -9.434748e-01 -3.314235e-01
    outer loop
      vertex -4.211924e-03 -1.806281e-02 -6.048188e-03
      vertex -5.134536e-03 -1.785205e-02 -6.658497e-03
      vertex -2.567268e-03 -1.777370e-02 -6.852856e-03
    endloop
  endfacet
  facet normal 6.465201e-04 -9.153589e-01 -4.026383e-01
    outer loop
      vertex -5.134536e-03 -1.731763e-02 -7.944228e-03
      vertex -2.848063e-03 -1.749008e-02 -7.548515e-03
      vertex -5.134536e-03 -1.759751e-02 -7.307956e-03
    endloop
  endfacet
  facet normal 1.939311e-03 -8.861378e-01 -4.634178e-01
    outer loop
      vertex -5.134536e-03 -1.701793e-02 -8.569503e-03
      vertex -5.134536e-03 -1.675077e-02 -9.080361e-03
      vertex -2.567268e-03 -1.673392e-02 -9.101837e-03
    endloop
  endfacet
  facet normal -7.776022e-04 -8.656709e-01 -5.006129e-01
    outer loop
      vertex -5.134536e-03 -1.675077e-02 -9.080361e-03
      vertex -5.134536e-03 -1.626138e-02 -9.926631e-03
      vertex -2.276444e-03 -1.640829e-02 -9.677021e-03
    endloop
  endfacet
  facet normal -2.967009e-04 -8.421079e-01 -5.393089e-01
    outer loop
      vertex -5.134536e-03 -1.585907e-02 -1.055481e-02
      vertex -1.945508e-03 -1.617387e-02 -1.006503e-02
      vertex -5.134536e-03 -1.626138e-02 -9.926631e-03
    endloop
  endfacet
  facet normal -1.383691e-03 -8.178422e-01 -5.754409e-01
    outer loop
      vertex -3.981271e-03 -1.543138e-02 -1.116544e-02
      vertex -1.978214e-03 -1.576179e-02 -1.070066e-02
      vertex -5.134536e-03 -1.585907e-02 -1.055481e-02
    endloop
  endfacet
  facet normal 5.929115e-03 -7.917817e-01 -6.107754e-01
    outer loop
      vertex -5.109374e-03 -1.469960e-02 -1.212504e-02
      vertex -3.981271e-03 -1.543138e-02 -1.116544e-02
      vertex -5.134536e-03 -1.533239e-02 -1.130497e-02
    endloop
  endfacet
  facet normal -2.363544e-03 -7.479089e-01 -6.637972e-01
    outer loop
      vertex -2.213794e-03 -1.400732e-02 -1.291470e-02
      vertex -4.292151e-03 -1.450846e-02 -1.234266e-02
      vertex -5.119882e-03 -1.379997e-02 -1.313797e-02
    endloop
  endfacet
  facet normal -2.314662e-03 -6.939377e-01 -7.200313e-01
    outer loop
      vertex -5.120181e-03 -1.276669e-02 -1.414242e-02
      vertex -3.179000e-03 -1.301492e-02 -1.390943e-02
      vertex -3.891015e-03 -1.348521e-02 -1.345389e-02
    endloop
  endfacet
  facet normal -1.832323e-05 -6.649621e-01 -7.468771e-01
    outer loop
      vertex -4.091583e-03 -1.230039e-02 -1.454556e-02
      vertex -2.667552e-03 -1.235185e-02 -1.449978e-02
      vertex -3.179000e-03 -1.301492e-02 -1.390943e-02
    endloop
  endfacet
  facet normal 2.304937e-03 -6.283197e-01 -7.779518e-01
    outer loop
      vertex -2.667552e-03 -1.235185e-02 -1.449978e-02
      vertex -4.091583e-03 -1.230039e-02 -1.454556e-02
      vertex -4.051470e-03 -1.166671e-02 -1.505724e-02
    endloop
  endfacet
  facet normal -4.411683e-03 -5.926676e-01 -8.054351e-01
    outer loop
      vertex -1.782034e-03 -1.143185e-02 -1.524249e-02
      vertex -4.051470e-03 -1.166671e-02 -1.505724e-02
      vertex -3.419681e-03 -1.097759e-02 -1.556778e-02
    endloop
  endfacet
  facet normal -9.803170e-03 -3.469190e-01 -9.378439e-01
    outer loop
      vertex -3.630277e-03 -6.096930e-03 -1.804683e-02
      vertex -2.828006e-03 -6.560139e-03 -1.788387e-02
      vertex -4.276986e-03 -7.447924e-03 -1.754032e-02
    endloop
  endfacet
  facet normal 5.284631e-03 -7.939441e-02 -9.968293e-01
    outer loop
      vertex -3.901044e-03 -1.968499e-03 -1.894619e-02
      vertex -5.203558e-03 -1.240621e-03 -1.901106e-02
      vertex -2.577296e-03 -8.053828e-04 -1.903181e-02
    endloop
  endfacet
  facet normal 5.500645e-03 6.541846e-02 -9.978428e-01
    outer loop
      vertex -2.998489e-03 6.629868e-04 -1.903725e-02
      vertex -5.118840e-03 1.295362e-03 -1.900748e-02
      vertex -3.338281e-03 1.764545e-03 -1.896690e-02
    endloop
  endfacet
  facet normal 3.949785e-04 4.834567e-02 -9.988306e-01
    outer loop
      vertex -5.118840e-03 1.295362e-03 -1.900748e-02
      vertex -2.998489e-03 6.629868e-04 -1.903725e-02
      vertex -5.213311e-03 5.894623e-04 -1.904168e-02
    endloop
  endfacet
  facet normal -6.302756e-03 1.886473e-01 -9.820247e-01
    outer loop
      vertex -4.292151e-03 4.191239e-03 -1.858187e-02
      vertex -2.757807e-03 3.549980e-03 -1.871491e-02
      vertex -4.307796e-03 2.806199e-03 -1.884784e-02
    endloop
  endfacet
  facet normal -1.889909e-03 3.468990e-01 -9.379006e-01
    outer loop
      vertex -2.687608e-03 6.342967e-03 -1.796205e-02
      vertex -4.258565e-03 7.126654e-03 -1.766902e-02
      vertex -2.567268e-03 6.852856e-03 -1.777370e-02
    endloop
  endfacet
  facet normal -2.296803e-03 3.461820e-01 -9.381646e-01
    outer loop
      vertex -4.258565e-03 7.126654e-03 -1.766902e-02
      vertex -2.687608e-03 6.342967e-03 -1.796205e-02
      vertex -5.134536e-03 5.943163e-03 -1.810358e-02
    endloop
  endfacet
  facet normal -1.170973e-03 3.938072e-01 -9.191923e-01
    outer loop
      vertex -5.134536e-03 7.944228e-03 -1.731763e-02
      vertex -2.848063e-03 7.548515e-03 -1.749008e-02
      vertex -4.258565e-03 7.126654e-03 -1.766902e-02
    endloop
  endfacet
  facet normal 3.905842e-03 4.615672e-01 -8.870967e-01
    outer loop
      vertex -3.931129e-03 8.618990e-03 -1.698706e-02
      vertex -5.134536e-03 8.978771e-03 -1.680516e-02
      vertex -2.968404e-03 9.188423e-03 -1.668654e-02
    endloop
  endfacet
  facet normal 3.506942e-04 4.896967e-01 -8.718928e-01
    outer loop
      vertex -5.134536e-03 8.978771e-03 -1.680516e-02
      vertex -5.134536e-03 9.580853e-03 -1.646700e-02
      vertex -2.968404e-03 9.188423e-03 -1.668654e-02
    endloop
  endfacet
  facet normal 3.996877e-03 5.049319e-01 -8.631499e-01
    outer loop
      vertex -2.968404e-03 9.188423e-03 -1.668654e-02
      vertex -5.134536e-03 9.580853e-03 -1.646700e-02
      vertex -2.607381e-03 1.009559e-02 -1.615419e-02
    endloop
  endfacet
  facet normal -3.548397e-03 5.320014e-01 -8.467360e-01
    outer loop
      vertex -5.134536e-03 9.580853e-03 -1.646700e-02
      vertex -3.922126e-03 1.059170e-02 -1.583697e-02
      vertex -2.607381e-03 1.009559e-02 -1.615419e-02
    endloop
  endfacet
  facet normal 1.025792e-02 5.885050e-01 -8.084285e-01
    outer loop
      vertex -4.131697e-03 1.169158e-02 -1.503896e-02
      vertex -3.922126e-03 1.059170e-02 -1.583697e-02
      vertex -5.134536e-03 1.107386e-02 -1.550136e-02
    endloop
  endfacet
  facet normal 4.027355e-03 7.142441e-01 -6.998851e-01
    outer loop
      vertex -3.770675e-03 1.338105e-02 -1.355754e-02
      vertex -5.102175e-03 1.371806e-02 -1.322128e-02
      vertex -3.179000e-03 1.390943e-02 -1.301492e-02
    endloop
  endfacet
  facet normal -1.250743e-03 7.390251e-01 -6.736768e-01
    outer loop
      vertex -3.179000e-03 1.390943e-02 -1.301492e-02
      vertex -5.102175e-03 1.371806e-02 -1.322128e-02
      vertex -5.134536e-03 1.432824e-02 -1.255185e-02
    endloop
  endfacet
  facet normal -3.753788e-03 8.059377e-01 -5.919884e-01
    outer loop
      vertex -2.236331e-03 1.531443e-02 -1.132792e-02
      vertex -4.021384e-03 1.505774e-02 -1.166606e-02
      vertex -3.239170e-03 1.558083e-02 -1.095887e-02
    endloop
  endfacet
  facet normal 1.044927e-04 8.407723e-01 -5.413889e-01
    outer loop
      vertex -5.134536e-03 1.623183e-02 -9.975920e-03
      vertex -2.025735e-03 1.587835e-02 -1.052427e-02
      vertex -5.134536e-03 1.585907e-02 -1.055481e-02
    endloop
  endfacet
  facet normal -1.381952e-03 9.090126e-01 -4.167664e-01
    outer loop
      vertex -4.101612e-03 1.710752e-02 -8.379439e-03
      vertex -4.352322e-03 1.750341e-02 -7.515122e-03
      vertex -2.156104e-03 1.746045e-02 -7.616099e-03
    endloop
  endfacet
  facet normal 8.513925e-03 9.239477e-01 -3.824242e-01
    outer loop
      vertex -4.352322e-03 1.750341e-02 -7.515122e-03
      vertex -5.134536e-03 1.768535e-02 -7.092974e-03
      vertex -3.289312e-03 1.782425e-02 -6.716291e-03
    endloop
  endfacet
  facet normal 1.724255e-03 9.354663e-01 -3.534118e-01
    outer loop
      vertex -5.134536e-03 1.793216e-02 -6.439681e-03
      vertex -3.289312e-03 1.782425e-02 -6.716291e-03
      vertex -5.134536e-03 1.768535e-02 -7.092974e-03
    endloop
  endfacet
  facet normal 4.859438e-03 9.421661e-01 -3.351110e-01
    outer loop
      vertex -3.550050e-03 1.807361e-02 -6.018998e-03
      vertex -3.289312e-03 1.782425e-02 -6.716291e-03
      vertex -5.134536e-03 1.793216e-02 -6.439681e-03
    endloop
  endfacet
  facet normal 3.283420e-03 9.593756e-01 -2.821128e-01
    outer loop
      vertex -5.134536e-03 1.817516e-02 -5.720367e-03
      vertex -5.134536e-03 1.837377e-02 -5.044957e-03
      vertex -3.128858e-03 1.839901e-02 -4.935755e-03
    endloop
  endfacet
  facet normal 6.709479e-04 9.715242e-01 -2.369393e-01
    outer loop
      vertex -3.439738e-03 1.859328e-02 -4.140087e-03
      vertex -3.128858e-03 1.839901e-02 -4.935755e-03
      vertex -5.134536e-03 1.837377e-02 -5.044957e-03
    endloop
  endfacet
  facet normal 4.645508e-04 9.997419e-01 -2.271209e-02
    outer loop
      vertex -3.640306e-03 1.903181e-02 -7.802309e-04
      vertex -5.134536e-03 1.904883e-02 -6.155466e-05
      vertex -4.011356e-03 1.904909e-02 -2.707904e-05
    endloop
  endfacet
  facet normal 2.210247e-03 7.586442e-02 9.971157e-01
    outer loop
      vertex -1.674362e-03 1.180395e-03 1.901384e-02
      vertex -1.339819e-08 9.956905e-04 1.902419e-02
      vertex -4.409211e-08 1.942975e-03 1.895211e-02
    endloop
  endfacet
  facet normal 1.518281e-03 6.180462e-01 7.861403e-01
    outer loop
      vertex -1.156444e-03 1.139617e-02 1.526865e-02
      vertex -1.249374e-08 1.138987e-02 1.527136e-02
      vertex -1.586585e-03 1.211163e-02 1.470699e-02
    endloop
  endfacet
  facet normal 6.137744e-04 6.899385e-01 7.238677e-01
    outer loop
      vertex -1.854469e-03 1.277818e-02 1.413172e-02
      vertex -9.736874e-09 1.280531e-02 1.410428e-02
      vertex -3.954187e-08 1.347037e-02 1.347039e-02
    endloop
  endfacet
  facet normal -2.493322e-04 8.127720e-01 5.825819e-01
    outer loop
      vertex -3.419681e-03 1.570603e-02 1.077897e-02
      vertex -1.815693e-03 1.521588e-02 1.146347e-02
      vertex -1.228706e-03 1.578955e-02 1.066338e-02
    endloop
  endfacet
  facet normal 9.267098e-04 -9.972579e-01 7.399831e-02
    outer loop
      vertex -1.955536e-03 -1.901351e-02 1.162526e-03
      vertex 1.421085e-17 -1.902521e-02 9.803105e-04
      vertex -1.163293e-03 -1.897760e-02 1.636550e-03
    endloop
  endfacet
  facet normal 1.115420e-03 -7.239566e-01 6.898447e-01
    outer loop
      vertex -1.528803e-03 -1.410669e-02 1.280526e-02
      vertex -9.736874e-09 -1.410428e-02 1.280531e-02
      vertex -4.432607e-08 -1.347551e-02 1.346517e-02
    endloop
  endfacet
  facet normal 2.684802e-03 -7.626413e-02 -9.970840e-01
    outer loop
      vertex -2.088568e-03 -1.367475e-03 -1.900105e-02
      vertex -3.718934e-09 -9.742835e-04 -1.902550e-02
      vertex -8.100154e-04 -1.935412e-03 -1.895416e-02
    endloop
  endfacet
  facet normal 7.407610e-04 -5.804417e-01 -8.143015e-01
    outer loop
      vertex -3.419681e-03 -1.097759e-02 -1.556778e-02
      vertex -1.305060e-03 -1.065366e-02 -1.579675e-02
      vertex -1.782034e-03 -1.143185e-02 -1.524249e-02
    endloop
  endfacet
  facet normal 1.816157e-03 -6.177801e-01 -7.863488e-01
    outer loop
      vertex -1.782034e-03 -1.143185e-02 -1.524249e-02
      vertex -1.599324e-08 -1.138976e-02 -1.527144e-02
      vertex -1.202786e-03 -1.211422e-02 -1.470506e-02
    endloop
  endfacet
  facet normal 1.115420e-03 -6.898447e-01 -7.239566e-01
    outer loop
      vertex -1.528803e-03 -1.280526e-02 -1.410669e-02
      vertex -9.736874e-09 -1.280531e-02 -1.410428e-02
      vertex -4.432607e-08 -1.346517e-02 -1.347551e-02
    endloop
  endfacet
  facet normal 9.267098e-04 9.972579e-01 -7.399831e-02
    outer loop
      vertex -1.955536e-03 1.901351e-02 -1.162526e-03
      vertex 2.131628e-17 1.902521e-02 -9.803105e-04
      vertex -1.163293e-03 1.897760e-02 -1.636550e-03
    endloop
  endfacet
  facet normal -8.143858e-04 7.239939e-01 -6.898059e-01
    outer loop
      vertex -1.525613e-03 1.419535e-02 -1.270786e-02
      vertex -2.284007e-08 1.410556e-02 -1.280390e-02
      vertex -4.432607e-08 1.347551e-02 -1.346517e-02
    endloop
  endfacet
  facet normal -5.130561e-04 9.999581e-01 9.135689e-03
    outer loop
      vertex -4.011356e-03 1.904909e-02 -2.707904e-05
      vertex -5.134536e-03 1.904883e-02 -6.155466e-05
      vertex -5.134536e-03 1.904378e-02 4.916891e-04
    endloop
  endfacet
  facet normal 3.500997e-04 9.934805e-01 1.140014e-01
    outer loop
      vertex -5.134536e-03 1.887239e-02 2.604460e-03
      vertex -3.860930e-03 1.894973e-02 1.926599e-03
      vertex -5.134536e-03 1.896161e-02 1.827023e-03
    endloop
  endfacet
  facet normal -1.551905e-03 9.870678e-01 1.602961e-01
    outer loop
      vertex -5.134536e-03 1.871926e-02 3.547445e-03
      vertex -4.071527e-03 1.882440e-02 2.910280e-03
      vertex -5.134536e-03 1.887239e-02 2.604460e-03
    endloop
  endfacet
  facet normal -1.011266e-03 9.777853e-01 2.096065e-01
    outer loop
      vertex -5.134536e-03 1.852056e-02 4.474344e-03
      vertex -3.529993e-03 1.859729e-02 4.124165e-03
      vertex -5.134536e-03 1.871926e-02 3.547445e-03
    endloop
  endfacet
  facet normal 8.768529e-03 9.557677e-01 2.939918e-01
    outer loop
      vertex -5.134536e-03 1.810358e-02 5.943163e-03
      vertex -4.211924e-03 1.806281e-02 6.048188e-03
      vertex -5.134536e-03 1.831026e-02 5.271245e-03
    endloop
  endfacet
  facet normal 3.925299e-03 9.433680e-01 3.317249e-01
    outer loop
      vertex -5.134536e-03 1.785205e-02 6.658497e-03
      vertex -4.211924e-03 1.806281e-02 6.048188e-03
      vertex -5.134536e-03 1.810358e-02 5.943163e-03
    endloop
  endfacet
  facet normal 3.491549e-03 8.835009e-01 4.684164e-01
    outer loop
      vertex -5.134536e-03 1.701793e-02 8.569503e-03
      vertex -5.134536e-03 1.669401e-02 9.180469e-03
      vertex -4.121668e-03 1.665174e-02 9.252629e-03
    endloop
  endfacet
  facet normal -5.423696e-03 8.384191e-01 5.449990e-01
    outer loop
      vertex -5.131522e-03 1.560507e-02 1.093631e-02
      vertex -4.171810e-03 1.596622e-02 1.039027e-02
      vertex -5.134536e-03 1.626138e-02 9.926631e-03
    endloop
  endfacet
  facet normal 6.395806e-03 8.085591e-01 5.883803e-01
    outer loop
      vertex -3.419681e-03 1.570603e-02 1.077897e-02
      vertex -5.131522e-03 1.560507e-02 1.093631e-02
      vertex -4.252037e-03 1.526745e-02 1.139072e-02
    endloop
  endfacet
  facet normal -6.355947e-03 7.967446e-01 6.042827e-01
    outer loop
      vertex -5.134005e-03 1.476570e-02 1.204299e-02
      vertex -4.252037e-03 1.526745e-02 1.139072e-02
      vertex -5.131522e-03 1.560507e-02 1.093631e-02
    endloop
  endfacet
  facet normal -7.526370e-04 7.525533e-01 6.585310e-01
    outer loop
      vertex -5.134536e-03 1.402279e-02 1.289197e-02
      vertex -4.031413e-03 1.403781e-02 1.287607e-02
      vertex -5.134005e-03 1.476570e-02 1.204299e-02
    endloop
  endfacet
  facet normal -2.543559e-03 6.242178e-01 7.812463e-01
    outer loop
      vertex -3.284298e-03 1.166038e-02 1.506278e-02
      vertex -5.199489e-03 1.241295e-02 1.445524e-02
      vertex -5.128831e-03 1.132584e-02 1.532408e-02
    endloop
  endfacet
  facet normal 2.656183e-03 5.661095e-01 8.243258e-01
    outer loop
      vertex -5.134536e-03 1.036318e-02 1.598520e-02
      vertex -4.143531e-03 1.018633e-02 1.610346e-02
      vertex -5.128831e-03 1.132584e-02 1.532408e-02
    endloop
  endfacet
  facet normal -8.029479e-03 5.243697e-01 8.514528e-01
    outer loop
      vertex -5.134536e-03 9.580853e-03 1.646700e-02
      vertex -4.143531e-03 1.018633e-02 1.610346e-02
      vertex -5.134536e-03 1.036318e-02 1.598520e-02
    endloop
  endfacet
  facet normal -6.089131e-03 4.727277e-01 8.811875e-01
    outer loop
      vertex -4.081554e-03 9.308655e-03 1.662030e-02
      vertex -5.134536e-03 9.580853e-03 1.646700e-02
      vertex -4.090454e-03 8.547135e-03 1.702877e-02
    endloop
  endfacet
  facet normal 4.316727e-03 4.808494e-01 8.767926e-01
    outer loop
      vertex -5.136435e-03 8.581365e-03 1.701515e-02
      vertex -4.090454e-03 8.547135e-03 1.702877e-02
      vertex -5.134536e-03 9.580853e-03 1.646700e-02
    endloop
  endfacet
  facet normal 1.943141e-03 4.204616e-01 9.073082e-01
    outer loop
      vertex -5.138644e-03 7.418642e-03 1.755398e-02
      vertex -4.090454e-03 8.547135e-03 1.702877e-02
      vertex -5.136435e-03 8.581365e-03 1.701515e-02
    endloop
  endfacet
  facet normal -7.844108e-04 3.302279e-01 9.439009e-01
    outer loop
      vertex -5.180590e-03 5.766570e-03 1.816557e-02
      vertex -4.089014e-03 6.394117e-03 1.794692e-02
      vertex -5.134536e-03 6.659128e-03 1.785334e-02
    endloop
  endfacet
  facet normal -2.135691e-03 2.713689e-01 9.624731e-01
    outer loop
      vertex -5.133000e-03 4.655837e-03 1.847884e-02
      vertex -3.794858e-03 5.156116e-03 1.834076e-02
      vertex -5.180590e-03 5.766570e-03 1.816557e-02
    endloop
  endfacet
  facet normal -2.448964e-03 8.178437e-02 9.966470e-01
    outer loop
      vertex -5.165379e-03 9.887571e-04 1.902657e-02
      vertex -3.309369e-03 1.712863e-03 1.897171e-02
      vertex -5.239337e-03 2.056486e-03 1.893877e-02
    endloop
  endfacet
  facet normal -3.365477e-03 -6.441051e-02 9.979178e-01
    outer loop
      vertex -5.209377e-03 -1.832032e-03 1.896336e-02
      vertex -3.899830e-03 -1.487515e-03 1.899001e-02
      vertex -5.206066e-03 -5.908681e-04 1.904348e-02
    endloop
  endfacet
  facet normal -1.267323e-03 -1.217396e-01 9.925613e-01
    outer loop
      vertex -5.191846e-03 -2.927480e-03 1.882902e-02
      vertex -3.279284e-03 -2.081252e-03 1.893526e-02
      vertex -5.209377e-03 -1.832032e-03 1.896336e-02
    endloop
  endfacet
  facet normal -2.451435e-03 -2.519268e-01 9.677432e-01
    outer loop
      vertex -5.192590e-03 -5.365974e-03 1.828452e-02
      vertex -4.212385e-03 -5.089612e-03 1.835895e-02
      vertex -5.093241e-03 -4.297642e-03 1.856289e-02
    endloop
  endfacet
  facet normal 5.102677e-03 -3.473168e-01 9.377340e-01
    outer loop
      vertex -5.134536e-03 -7.038742e-03 1.770635e-02
      vertex -4.258570e-03 -7.126653e-03 1.766902e-02
      vertex -5.114977e-03 -6.137449e-03 1.804006e-02
    endloop
  endfacet
  facet normal -1.586395e-04 -3.921672e-01 9.198940e-01
    outer loop
      vertex -5.134536e-03 -7.038742e-03 1.770635e-02
      vertex -5.128796e-03 -8.085358e-03 1.726016e-02
      vertex -4.258570e-03 -7.126653e-03 1.766902e-02
    endloop
  endfacet
  facet normal 1.805977e-03 -6.299151e-01 7.766619e-01
    outer loop
      vertex -5.208110e-03 -1.240592e-02 1.445927e-02
      vertex -4.292151e-03 -1.234266e-02 1.450846e-02
      vertex -5.134536e-03 -1.166996e-02 1.505601e-02
    endloop
  endfacet
  facet normal -6.592912e-03 -6.765883e-01 7.363320e-01
    outer loop
      vertex -4.031413e-03 -1.287607e-02 1.403781e-02
      vertex -5.208110e-03 -1.240592e-02 1.445927e-02
      vertex -4.959795e-03 -1.333890e-02 1.360422e-02
    endloop
  endfacet
  facet normal -3.344765e-03 -7.301975e-01 6.832280e-01
    outer loop
      vertex -5.130978e-03 -1.433444e-02 1.255322e-02
      vertex -3.499908e-03 -1.387483e-02 1.305241e-02
      vertex -5.208880e-03 -1.354150e-02 1.340030e-02
    endloop
  endfacet
  facet normal -1.337254e-03 -8.758258e-01 4.826256e-01
    outer loop
      vertex -3.850902e-03 -1.672657e-02 9.113377e-03
      vertex -5.134536e-03 -1.646700e-02 9.580853e-03
      vertex -5.134536e-03 -1.691154e-02 8.774137e-03
    endloop
  endfacet
  facet normal -1.530140e-03 -8.982311e-01 4.395209e-01
    outer loop
      vertex -5.134536e-03 -1.731763e-02 7.944228e-03
      vertex -3.921101e-03 -1.713084e-02 8.330189e-03
      vertex -5.134536e-03 -1.691154e-02 8.774137e-03
    endloop
  endfacet
  facet normal 5.338991e-03 -9.065933e-01 4.219717e-01
    outer loop
      vertex -3.921101e-03 -1.713084e-02 8.330189e-03
      vertex -5.134536e-03 -1.731763e-02 7.944228e-03
      vertex -3.269255e-03 -1.747017e-02 7.592920e-03
    endloop
  endfacet
  facet normal -1.086251e-03 -9.508416e-01 3.096758e-01
    outer loop
      vertex -5.134536e-03 -1.827750e-02 5.383960e-03
      vertex -4.272094e-03 -1.815764e-02 5.755007e-03
      vertex -5.134536e-03 -1.793346e-02 6.440303e-03
    endloop
  endfacet
  facet normal 2.612665e-03 -9.719890e-01 2.350120e-01
    outer loop
      vertex -5.134536e-03 -1.858669e-02 4.186192e-03
      vertex -3.439738e-03 -1.859328e-02 4.140087e-03
      vertex -5.134536e-03 -1.842021e-02 4.874743e-03
    endloop
  endfacet
  facet normal -1.522087e-03 -9.968758e-01 -7.897006e-02
    outer loop
      vertex -5.134536e-03 -1.895663e-02 -1.887385e-03
      vertex -3.870959e-03 -1.898614e-02 -1.539166e-03
      vertex -5.134536e-03 -1.901406e-02 -1.162440e-03
    endloop
  endfacet
  facet normal -2.230018e-03 -9.931689e-01 -1.166642e-01
    outer loop
      vertex -5.134536e-03 -1.887239e-02 -2.604460e-03
      vertex -4.171810e-03 -1.892302e-02 -2.191890e-03
      vertex -5.134536e-03 -1.895663e-02 -1.887385e-03
    endloop
  endfacet
  facet normal 2.737559e-04 -9.880544e-01 -1.541050e-01
    outer loop
      vertex -5.134536e-03 -1.876186e-02 -3.313160e-03
      vertex -4.071527e-03 -1.882440e-02 -2.910280e-03
      vertex -5.134536e-03 -1.887239e-02 -2.604460e-03
    endloop
  endfacet
  facet normal 9.450730e-03 -9.573940e-01 -2.886302e-01
    outer loop
      vertex -5.134536e-03 -1.810358e-02 -5.943163e-03
      vertex -4.211924e-03 -1.806281e-02 -6.048188e-03
      vertex -5.134536e-03 -1.835738e-02 -5.101316e-03
    endloop
  endfacet
  facet normal 3.925299e-03 -9.433680e-01 -3.317249e-01
    outer loop
      vertex -5.134536e-03 -1.785205e-02 -6.658497e-03
      vertex -4.211924e-03 -1.806281e-02 -6.048188e-03
      vertex -5.134536e-03 -1.810358e-02 -5.943163e-03
    endloop
  endfacet
  facet normal -7.323211e-04 -8.184222e-01 -5.746170e-01
    outer loop
      vertex -5.134536e-03 -1.533239e-02 -1.130497e-02
      vertex -3.981271e-03 -1.543138e-02 -1.116544e-02
      vertex -5.134536e-03 -1.585907e-02 -1.055481e-02
    endloop
  endfacet
  facet normal -5.799446e-03 -6.970207e-01 -7.170275e-01
    outer loop
      vertex -5.120181e-03 -1.276669e-02 -1.414242e-02
      vertex -3.891015e-03 -1.348521e-02 -1.345389e-02
      vertex -5.119882e-03 -1.379997e-02 -1.313797e-02
    endloop
  endfacet
  facet normal -7.338060e-03 -6.446923e-01 -7.644069e-01
    outer loop
      vertex -5.137554e-03 -1.175733e-02 -1.499354e-02
      vertex -4.091583e-03 -1.230039e-02 -1.454556e-02
      vertex -5.120181e-03 -1.276669e-02 -1.414242e-02
    endloop
  endfacet
  facet normal -1.319770e-03 -5.427868e-01 -8.398695e-01
    outer loop
      vertex -4.191867e-03 -1.041687e-02 -1.594834e-02
      vertex -5.191069e-03 -1.080882e-02 -1.569346e-02
      vertex -5.134536e-03 -9.975920e-03 -1.623183e-02
    endloop
  endfacet
  facet normal -4.400578e-03 -4.703864e-01 -8.824496e-01
    outer loop
      vertex -5.198243e-03 -8.403747e-03 -1.710250e-02
      vertex -4.324487e-03 -8.656792e-03 -1.697197e-02
      vertex -5.134536e-03 -9.381414e-03 -1.658168e-02
    endloop
  endfacet
  facet normal 1.183366e-02 -4.258226e-01 -9.047293e-01
    outer loop
      vertex -4.324487e-03 -8.656792e-03 -1.697197e-02
      vertex -5.198243e-03 -8.403747e-03 -1.710250e-02
      vertex -4.276986e-03 -7.447924e-03 -1.754032e-02
    endloop
  endfacet
  facet normal 4.965609e-03 -4.203934e-01 -9.073283e-01
    outer loop
      vertex -5.134536e-03 -7.680696e-03 -1.743716e-02
      vertex -4.276986e-03 -7.447924e-03 -1.754032e-02
      vertex -5.198243e-03 -8.403747e-03 -1.710250e-02
    endloop
  endfacet
  facet normal -6.489251e-03 -3.850767e-01 -9.228618e-01
    outer loop
      vertex -5.197253e-03 -6.845118e-03 -1.778538e-02
      vertex -4.276986e-03 -7.447924e-03 -1.754032e-02
      vertex -5.134536e-03 -7.680696e-03 -1.743716e-02
    endloop
  endfacet
  facet normal -5.451780e-04 -3.288650e-01 -9.443768e-01
    outer loop
      vertex -5.134211e-03 -5.658551e-03 -1.819862e-02
      vertex -3.630277e-03 -6.096930e-03 -1.804683e-02
      vertex -5.197253e-03 -6.845118e-03 -1.778538e-02
    endloop
  endfacet
  facet normal -3.255006e-03 -2.641728e-01 -9.644699e-01
    outer loop
      vertex -5.132004e-03 -4.389688e-03 -1.854618e-02
      vertex -3.794858e-03 -5.156116e-03 -1.834076e-02
      vertex -5.134211e-03 -5.658551e-03 -1.819862e-02
    endloop
  endfacet
  facet normal -1.080232e-03 -1.955409e-01 -9.806949e-01
    outer loop
      vertex -5.203273e-03 -3.213318e-03 -1.878065e-02
      vertex -3.527733e-03 -3.474473e-03 -1.873043e-02
      vertex -5.132004e-03 -4.389688e-03 -1.854618e-02
    endloop
  endfacet
  facet normal -2.327045e-03 -1.417067e-01 -9.899060e-01
    outer loop
      vertex -5.198575e-03 -2.196776e-03 -1.892618e-02
      vertex -3.719124e-03 -2.645879e-03 -1.886537e-02
      vertex -5.203273e-03 -3.213318e-03 -1.878065e-02
    endloop
  endfacet
  facet normal -2.166867e-03 5.199577e-03 -9.999841e-01
    outer loop
      vertex -3.419681e-03 -1.810198e-05 -1.904873e-02
      vertex -5.174694e-03 -4.116414e-04 -1.904697e-02
      vertex -5.213311e-03 5.894623e-04 -1.904168e-02
    endloop
  endfacet
  facet normal -6.599209e-04 8.864400e-02 -9.960632e-01
    outer loop
      vertex -5.206441e-03 2.079515e-03 -1.893764e-02
      vertex -3.338281e-03 1.764545e-03 -1.896690e-02
      vertex -5.118840e-03 1.295362e-03 -1.900748e-02
    endloop
  endfacet
  facet normal -6.341958e-03 1.303529e-01 -9.914474e-01
    outer loop
      vertex -5.201165e-03 2.965601e-03 -1.882117e-02
      vertex -4.307796e-03 2.806199e-03 -1.884784e-02
      vertex -5.206441e-03 2.079515e-03 -1.893764e-02
    endloop
  endfacet
  facet normal 3.293937e-03 1.829629e-01 -9.831143e-01
    outer loop
      vertex -5.195473e-03 4.109423e-03 -1.860828e-02
      vertex -4.307796e-03 2.806199e-03 -1.884784e-02
      vertex -5.201165e-03 2.965601e-03 -1.882117e-02
    endloop
  endfacet
  facet normal 5.150584e-03 2.416592e-01 -9.703475e-01
    outer loop
      vertex -5.132394e-03 5.109834e-03 -1.835880e-02
      vertex -4.212385e-03 5.089613e-03 -1.835895e-02
      vertex -5.195473e-03 4.109423e-03 -1.860828e-02
    endloop
  endfacet
  facet normal 6.277879e-03 2.928408e-01 -9.561406e-01
    outer loop
      vertex -5.134536e-03 5.943163e-03 -1.810358e-02
      vertex -4.212385e-03 5.089613e-03 -1.835895e-02
      vertex -5.132394e-03 5.109834e-03 -1.835880e-02
    endloop
  endfacet
  facet normal -1.030228e-03 3.939346e-01 -9.191379e-01
    outer loop
      vertex -5.134536e-03 7.944228e-03 -1.731763e-02
      vertex -4.258565e-03 7.126654e-03 -1.766902e-02
      vertex -5.182157e-03 6.890742e-03 -1.776910e-02
    endloop
  endfacet
  facet normal -2.738557e-03 4.438845e-01 -8.960798e-01
    outer loop
      vertex -5.134536e-03 8.978771e-03 -1.680516e-02
      vertex -3.931129e-03 8.618990e-03 -1.698706e-02
      vertex -5.134536e-03 7.944228e-03 -1.731763e-02
    endloop
  endfacet
  facet normal -5.009559e-03 5.627645e-01 -8.266021e-01
    outer loop
      vertex -5.134536e-03 1.107386e-02 -1.550136e-02
      vertex -3.922126e-03 1.059170e-02 -1.583697e-02
      vertex -5.134536e-03 1.036318e-02 -1.598520e-02
    endloop
  endfacet
  facet normal -4.136689e-03 7.709307e-01 -6.369056e-01
    outer loop
      vertex -5.143327e-03 1.515983e-02 -1.154520e-02
      vertex -3.269255e-03 1.455319e-02 -1.229167e-02
      vertex -5.134536e-03 1.432824e-02 -1.255185e-02
    endloop
  endfacet
  facet normal 9.058245e-04 8.776092e-01 -4.793760e-01
    outer loop
      vertex -5.134536e-03 1.691275e-02 -8.774862e-03
      vertex -4.151753e-03 1.671862e-02 -9.128391e-03
      vertex -5.134536e-03 1.655389e-02 -9.431839e-03
    endloop
  endfacet
  facet normal 6.233636e-04 8.964332e-01 -4.431784e-01
    outer loop
      vertex -5.134536e-03 1.721978e-02 -8.153814e-03
      vertex -4.101612e-03 1.710752e-02 -8.379439e-03
      vertex -5.134536e-03 1.691275e-02 -8.774862e-03
    endloop
  endfacet
  facet normal 8.387796e-03 9.100522e-01 -4.144087e-01
    outer loop
      vertex -4.101612e-03 1.710752e-02 -8.379439e-03
      vertex -5.134536e-03 1.721978e-02 -8.153814e-03
      vertex -4.352322e-03 1.750341e-02 -7.515122e-03
    endloop
  endfacet
  facet normal -3.898643e-03 9.156905e-01 -4.018652e-01
    outer loop
      vertex -5.134536e-03 1.768535e-02 -7.092974e-03
      vertex -4.352322e-03 1.750341e-02 -7.515122e-03
      vertex -5.134536e-03 1.721978e-02 -8.153814e-03
    endloop
  endfacet
  facet normal 3.942149e-04 9.473996e-01 -3.200527e-01
    outer loop
      vertex -5.134536e-03 1.817516e-02 -5.720367e-03
      vertex -3.550050e-03 1.807361e-02 -6.018998e-03
      vertex -5.134536e-03 1.793216e-02 -6.439681e-03
    endloop
  endfacet
  facet normal 2.771442e-03 9.706077e-01 -2.406511e-01
    outer loop
      vertex -5.134536e-03 1.858669e-02 -4.186192e-03
      vertex -3.439738e-03 1.859328e-02 -4.140087e-03
      vertex -5.134536e-03 1.837377e-02 -5.044957e-03
    endloop
  endfacet
  facet normal 7.934901e-03 9.917356e-01 1.280531e-01
    outer loop
      vertex -5.134536e-03 1.887239e-02 2.604460e-03
      vertex -4.071527e-03 1.882440e-02 2.910280e-03
      vertex -3.860930e-03 1.894973e-02 1.926599e-03
    endloop
  endfacet
  facet normal 3.323330e-03 8.466786e-01 5.320943e-01
    outer loop
      vertex -5.134536e-03 1.626138e-02 9.926631e-03
      vertex -4.171810e-03 1.596622e-02 1.039027e-02
      vertex -3.850902e-03 1.629777e-02 9.860700e-03
    endloop
  endfacet
  facet normal 4.752641e-03 7.895009e-01 6.137310e-01
    outer loop
      vertex -4.131697e-03 1.479522e-02 1.199725e-02
      vertex -4.252037e-03 1.526745e-02 1.139072e-02
      vertex -5.134005e-03 1.476570e-02 1.204299e-02
    endloop
  endfacet
  facet normal 1.235374e-04 7.227166e-01 6.911445e-01
    outer loop
      vertex -3.891015e-03 1.348521e-02 1.345389e-02
      vertex -4.031413e-03 1.403781e-02 1.287607e-02
      vertex -5.134536e-03 1.402279e-02 1.289197e-02
    endloop
  endfacet
  facet normal 4.745486e-03 5.991583e-01 8.006165e-01
    outer loop
      vertex -5.128831e-03 1.132584e-02 1.532408e-02
      vertex -2.983446e-03 1.111055e-02 1.547248e-02
      vertex -3.284298e-03 1.166038e-02 1.506278e-02
    endloop
  endfacet
  facet normal 6.684196e-03 2.017733e-01 9.794094e-01
    outer loop
      vertex -3.391270e-03 3.337976e-03 1.875627e-02
      vertex -3.697130e-03 4.256180e-03 1.856919e-02
      vertex -5.166895e-03 3.789368e-03 1.867540e-02
    endloop
  endfacet
  facet normal 1.876797e-03 1.058627e-01 9.943790e-01
    outer loop
      vertex -5.239337e-03 2.056486e-03 1.893877e-02
      vertex -3.309369e-03 1.712863e-03 1.897171e-02
      vertex -2.828006e-03 2.362022e-03 1.890169e-02
    endloop
  endfacet
  facet normal -1.250761e-03 -6.572963e-03 9.999776e-01
    outer loop
      vertex -5.206066e-03 -5.908681e-04 1.904348e-02
      vertex -3.409653e-03 -2.032068e-04 1.904828e-02
      vertex -5.199773e-03 2.482796e-04 1.904901e-02
    endloop
  endfacet
  facet normal 3.053951e-03 -8.866742e-02 9.960566e-01
    outer loop
      vertex -5.209377e-03 -1.832032e-03 1.896336e-02
      vertex -3.279284e-03 -2.081252e-03 1.893526e-02
      vertex -3.899830e-03 -1.487515e-03 1.899001e-02
    endloop
  endfacet
  facet normal 4.342276e-03 -1.678320e-01 9.858061e-01
    outer loop
      vertex -5.191846e-03 -2.927480e-03 1.882902e-02
      vertex -3.344468e-03 -3.567545e-03 1.871192e-02
      vertex -3.329426e-03 -2.839993e-03 1.883571e-02
    endloop
  endfacet
  facet normal -1.955985e-05 -1.800288e-01 9.836613e-01
    outer loop
      vertex -3.344468e-03 -3.567545e-03 1.871192e-02
      vertex -5.191846e-03 -2.927480e-03 1.882902e-02
      vertex -5.194711e-03 -3.907505e-03 1.864966e-02
    endloop
  endfacet
  facet normal 6.727650e-03 -2.154383e-01 9.764943e-01
    outer loop
      vertex -5.194711e-03 -3.907505e-03 1.864966e-02
      vertex -5.093241e-03 -4.297642e-03 1.856289e-02
      vertex -3.344468e-03 -3.567545e-03 1.871192e-02
    endloop
  endfacet
  facet normal -1.840080e-03 -4.553867e-01 8.902919e-01
    outer loop
      vertex -5.134536e-03 -9.029197e-03 1.677737e-02
      vertex -4.267236e-03 -8.334142e-03 1.713469e-02
      vertex -5.128796e-03 -8.085358e-03 1.726016e-02
    endloop
  endfacet
  facet normal -4.370070e-04 -6.316064e-01 7.752891e-01
    outer loop
      vertex -5.134536e-03 -1.166996e-02 1.505601e-02
      vertex -4.292151e-03 -1.234266e-02 1.450846e-02
      vertex -4.131697e-03 -1.169158e-02 1.503896e-02
    endloop
  endfacet
  facet normal 3.953663e-03 -7.932650e-01 6.088637e-01
    outer loop
      vertex -5.134536e-03 -1.491568e-02 1.185075e-02
      vertex -5.134536e-03 -1.529892e-02 1.135144e-02
      vertex -3.981271e-03 -1.535160e-02 1.127530e-02
    endloop
  endfacet
  facet normal -2.620842e-03 -8.480083e-01 5.299765e-01
    outer loop
      vertex -5.134536e-03 -1.646700e-02 9.580853e-03
      vertex -3.058659e-03 -1.626348e-02 9.916777e-03
      vertex -4.031413e-03 -1.597152e-02 1.037912e-02
    endloop
  endfacet
  facet normal 4.925682e-03 -8.684608e-01 4.957335e-01
    outer loop
      vertex -5.134536e-03 -1.646700e-02 9.580853e-03
      vertex -3.850902e-03 -1.672657e-02 9.113377e-03
      vertex -3.058659e-03 -1.626348e-02 9.916777e-03
    endloop
  endfacet
  facet normal 1.771854e-02 -9.627495e-01 2.698136e-01
    outer loop
      vertex -5.134536e-03 -1.842021e-02 4.874743e-03
      vertex -4.272094e-03 -1.815764e-02 5.755007e-03
      vertex -5.134536e-03 -1.827750e-02 5.383960e-03
    endloop
  endfacet
  facet normal 1.469088e-03 -9.809499e-01 1.942553e-01
    outer loop
      vertex -5.134536e-03 -1.877126e-02 3.254158e-03
      vertex -3.439738e-03 -1.859328e-02 4.140087e-03
      vertex -5.134536e-03 -1.858669e-02 4.186192e-03
    endloop
  endfacet
  facet normal 8.030408e-03 -9.988590e-01 -4.707701e-02
    outer loop
      vertex -5.134536e-03 -1.901406e-02 -1.162440e-03
      vertex -3.870959e-03 -1.898614e-02 -1.539166e-03
      vertex -5.134536e-03 -1.903990e-02 -6.140408e-04
    endloop
  endfacet
  facet normal 3.753327e-03 -9.951824e-01 -9.796937e-02
    outer loop
      vertex -5.134536e-03 -1.895663e-02 -1.887385e-03
      vertex -4.171810e-03 -1.892302e-02 -2.191890e-03
      vertex -3.870959e-03 -1.898614e-02 -1.539166e-03
    endloop
  endfacet
  facet normal 5.837132e-03 -9.908014e-01 -1.351982e-01
    outer loop
      vertex -5.134536e-03 -1.887239e-02 -2.604460e-03
      vertex -4.071527e-03 -1.882440e-02 -2.910280e-03
      vertex -4.171810e-03 -1.892302e-02 -2.191890e-03
    endloop
  endfacet
  facet normal 4.189683e-03 -9.864209e-01 -1.641837e-01
    outer loop
      vertex -5.134536e-03 -1.876186e-02 -3.313160e-03
      vertex -3.344468e-03 -1.871192e-02 -3.567545e-03
      vertex -4.071527e-03 -1.882440e-02 -2.910280e-03
    endloop
  endfacet
  facet normal -6.014993e-04 -9.804580e-01 -1.967278e-01
    outer loop
      vertex -5.134536e-03 -1.876186e-02 -3.313160e-03
      vertex -5.134536e-03 -1.858669e-02 -4.186192e-03
      vertex -3.344468e-03 -1.871192e-02 -3.567545e-03
    endloop
  endfacet
  facet normal 2.332208e-03 -5.936751e-01 -8.047014e-01
    outer loop
      vertex -5.137554e-03 -1.175733e-02 -1.499354e-02
      vertex -5.191069e-03 -1.080882e-02 -1.569346e-02
      vertex -4.051470e-03 -1.166671e-02 -1.505724e-02
    endloop
  endfacet
  facet normal 2.687927e-04 -5.954469e-01 -8.033946e-01
    outer loop
      vertex -5.191069e-03 -1.080882e-02 -1.569346e-02
      vertex -3.419681e-03 -1.097759e-02 -1.556778e-02
      vertex -4.051470e-03 -1.166671e-02 -1.505724e-02
    endloop
  endfacet
  facet normal 3.146140e-03 -2.026573e-01 -9.792447e-01
    outer loop
      vertex -3.527733e-03 -3.474473e-03 -1.873043e-02
      vertex -3.697130e-03 -4.256180e-03 -1.856919e-02
      vertex -5.132004e-03 -4.389688e-03 -1.854618e-02
    endloop
  endfacet
  facet normal 4.702530e-03 -1.596823e-01 -9.871573e-01
    outer loop
      vertex -3.719124e-03 -2.645879e-03 -1.886537e-02
      vertex -3.527733e-03 -3.474473e-03 -1.873043e-02
      vertex -5.203273e-03 -3.213318e-03 -1.878065e-02
    endloop
  endfacet
  facet normal 5.285586e-03 -1.170628e-01 -9.931104e-01
    outer loop
      vertex -3.901044e-03 -1.968499e-03 -1.894619e-02
      vertex -3.719124e-03 -2.645879e-03 -1.886537e-02
      vertex -5.198575e-03 -2.196776e-03 -1.892618e-02
    endloop
  endfacet
  facet normal -7.230837e-04 -4.324988e-02 -9.990640e-01
    outer loop
      vertex -5.174694e-03 -4.116414e-04 -1.904697e-02
      vertex -2.577296e-03 -8.053828e-04 -1.903181e-02
      vertex -5.203558e-03 -1.240621e-03 -1.901106e-02
    endloop
  endfacet
  facet normal 4.245430e-03 1.174605e-01 -9.930685e-01
    outer loop
      vertex -5.206441e-03 2.079515e-03 -1.893764e-02
      vertex -4.307796e-03 2.806199e-03 -1.884784e-02
      vertex -3.338281e-03 1.764545e-03 -1.896690e-02
    endloop
  endfacet
  facet normal 1.163581e-02 1.884429e-01 -9.820152e-01
    outer loop
      vertex -5.195473e-03 4.109423e-03 -1.860828e-02
      vertex -4.292151e-03 4.191239e-03 -1.858187e-02
      vertex -4.307796e-03 2.806199e-03 -1.884784e-02
    endloop
  endfacet
  facet normal 6.609417e-03 2.402809e-01 -9.706809e-01
    outer loop
      vertex -5.195473e-03 4.109423e-03 -1.860828e-02
      vertex -4.212385e-03 5.089613e-03 -1.835895e-02
      vertex -4.292151e-03 4.191239e-03 -1.858187e-02
    endloop
  endfacet
  facet normal 3.308013e-03 6.861254e-01 -7.274758e-01
    outer loop
      vertex -3.770675e-03 1.338105e-02 -1.355754e-02
      vertex -4.963579e-03 1.275656e-02 -1.415196e-02
      vertex -5.134536e-03 1.322560e-02 -1.371036e-02
    endloop
  endfacet
  facet normal -8.211192e-04 7.046933e-01 -7.095116e-01
    outer loop
      vertex -5.102175e-03 1.371806e-02 -1.322128e-02
      vertex -3.770675e-03 1.338105e-02 -1.355754e-02
      vertex -5.134536e-03 1.322560e-02 -1.371036e-02
    endloop
  endfacet
  facet normal 8.087317e-03 7.996389e-01 -6.004267e-01
    outer loop
      vertex -5.143327e-03 1.515983e-02 -1.154520e-02
      vertex -3.239170e-03 1.558083e-02 -1.095887e-02
      vertex -4.021384e-03 1.505774e-02 -1.166606e-02
    endloop
  endfacet
  facet normal 1.302903e-02 8.604698e-01 -5.093349e-01
    outer loop
      vertex -4.151753e-03 1.671862e-02 -9.128391e-03
      vertex -5.134536e-03 1.623183e-02 -9.975920e-03
      vertex -5.134536e-03 1.655389e-02 -9.431839e-03
    endloop
  endfacet
  facet normal 1.469088e-03 9.809499e-01 -1.942553e-01
    outer loop
      vertex -5.134536e-03 1.877126e-02 -3.254158e-03
      vertex -3.439738e-03 1.859328e-02 -4.140087e-03
      vertex -5.134536e-03 1.858669e-02 -4.186192e-03
    endloop
  endfacet
  facet normal 9.762341e-03 9.968002e-01 -7.933474e-02
    outer loop
      vertex -3.640306e-03 1.903181e-02 -7.802309e-04
      vertex -5.134536e-03 1.896310e-02 -1.827458e-03
      vertex -5.134536e-03 1.900637e-02 -1.283791e-03
    endloop
  endfacet
  facet normal -1.539467e-04 9.987488e-01 -5.000827e-02
    outer loop
      vertex -5.134536e-03 1.900637e-02 -1.283791e-03
      vertex -5.134536e-03 1.903990e-02 -6.140408e-04
      vertex -3.640306e-03 1.903181e-02 -7.802309e-04
    endloop
  endfacet
  facet normal 3.616570e-03 9.998629e-01 -1.616146e-02
    outer loop
      vertex -3.640306e-03 1.903181e-02 -7.802309e-04
      vertex -5.134536e-03 1.903990e-02 -6.140408e-04
      vertex -5.134536e-03 1.904883e-02 -6.155466e-05
    endloop
  endfacet
  facet normal 5.230842e-01 8.448394e-01 1.123803e-01
    outer loop
      vertex 4.318915e-03 -8.064846e-03 1.198943e-04
      vertex 4.316966e-03 -8.110868e-03 4.749401e-04
      vertex 4.826052e-03 -8.350829e-03 -9.069214e-05
    endloop
  endfacet
  facet normal 4.917991e-01 8.407615e-01 2.263930e-01
    outer loop
      vertex 4.826027e-03 -8.470465e-03 7.045400e-04
      vertex 4.316966e-03 -8.110868e-03 4.749401e-04
      vertex 4.318117e-03 -8.204723e-03 8.209944e-04
    endloop
  endfacet
  facet normal 4.959384e-01 7.881199e-01 3.645710e-01
    outer loop
      vertex 4.318117e-03 -8.204723e-03 8.209944e-04
      vertex 4.316811e-03 -8.363272e-03 1.165517e-03
      vertex 4.826027e-03 -8.470465e-03 7.045400e-04
    endloop
  endfacet
  facet normal 4.951811e-01 7.328869e-01 4.665537e-01
    outer loop
      vertex 4.825999e-03 -8.719808e-03 1.185150e-03
      vertex 4.316811e-03 -8.363272e-03 1.165517e-03
      vertex 4.317939e-03 -8.544491e-03 1.448988e-03
    endloop
  endfacet
  facet normal 4.983559e-01 6.491910e-01 5.746237e-01
    outer loop
      vertex 4.825997e-03 -8.978711e-03 1.498931e-03
      vertex 4.317939e-03 -8.544491e-03 1.448988e-03
      vertex 4.315724e-03 -8.776062e-03 1.712531e-03
    endloop
  endfacet
  facet normal 4.994665e-01 5.700304e-01 6.523791e-01
    outer loop
      vertex 4.825997e-03 -8.978711e-03 1.498931e-03
      vertex 4.315724e-03 -8.776062e-03 1.712531e-03
      vertex 4.320496e-03 -9.044153e-03 1.943128e-03
    endloop
  endfacet
  facet normal 4.956264e-01 4.581217e-01 7.378882e-01
    outer loop
      vertex 4.825991e-03 -9.292181e-03 1.757585e-03
      vertex 4.320496e-03 -9.044153e-03 1.943128e-03
      vertex 4.316089e-03 -9.339584e-03 2.129508e-03
    endloop
  endfacet
  facet normal 4.913674e-01 3.615416e-01 7.923672e-01
    outer loop
      vertex 4.316089e-03 -9.339584e-03 2.129508e-03
      vertex 4.319138e-03 -9.655291e-03 2.271668e-03
      vertex 4.826032e-03 -9.754598e-03 2.002641e-03
    endloop
  endfacet
  facet normal 4.910602e-01 2.313846e-01 8.398339e-01
    outer loop
      vertex 4.319138e-03 -9.655291e-03 2.271668e-03
      vertex 4.313477e-03 -9.971063e-03 2.361977e-03
      vertex 4.826032e-03 -9.754598e-03 2.002641e-03
    endloop
  endfacet
  facet normal 5.046052e-01 1.143954e-01 8.557379e-01
    outer loop
      vertex 4.826068e-03 -1.051724e-02 2.132730e-03
      vertex 4.313477e-03 -9.971063e-03 2.361977e-03
      vertex 4.317088e-03 -1.036061e-02 2.411922e-03
    endloop
  endfacet
  facet normal 4.698110e-01 -4.481603e-02 8.816287e-01
    outer loop
      vertex 4.826068e-03 -1.051724e-02 2.132730e-03
      vertex 4.317088e-03 -1.036061e-02 2.411922e-03
      vertex 4.315548e-03 -1.084213e-02 2.388266e-03
    endloop
  endfacet
  facet normal 5.131535e-01 -1.917731e-01 8.365982e-01
    outer loop
      vertex 4.826038e-03 -1.124108e-02 1.983690e-03
      vertex 4.315548e-03 -1.084213e-02 2.388266e-03
      vertex 4.316396e-03 -1.117561e-02 2.311300e-03
    endloop
  endfacet
  facet normal 4.860244e-01 -3.084399e-01 8.177073e-01
    outer loop
      vertex 4.826038e-03 -1.124108e-02 1.983690e-03
      vertex 4.316396e-03 -1.117561e-02 2.311300e-03
      vertex 4.318039e-03 -1.151507e-02 2.182282e-03
    endloop
  endfacet
  facet normal 4.922052e-01 -4.498852e-01 7.452096e-01
    outer loop
      vertex 4.318039e-03 -1.151507e-02 2.182282e-03
      vertex 4.317304e-03 -1.192148e-02 1.937413e-03
      vertex 4.825991e-03 -1.166282e-02 1.757587e-03
    endloop
  endfacet
  facet normal 4.928648e-01 -5.842225e-01 6.448010e-01
    outer loop
      vertex 4.317304e-03 -1.192148e-02 1.937413e-03
      vertex 4.319803e-03 -1.226093e-02 1.627941e-03
      vertex 4.825994e-03 -1.197636e-02 1.498861e-03
    endloop
  endfacet
  facet normal 4.991561e-01 -6.849064e-01 5.307979e-01
    outer loop
      vertex 4.319803e-03 -1.226093e-02 1.627941e-03
      vertex 4.317862e-03 -1.247830e-02 1.349288e-03
      vertex 4.826002e-03 -1.223509e-02 1.185271e-03
    endloop
  endfacet
  facet normal 4.992666e-01 -7.467260e-01 4.394692e-01
    outer loop
      vertex 4.317862e-03 -1.247830e-02 1.349288e-03
      vertex 4.319876e-03 -1.265751e-02 1.042503e-03
      vertex 4.826002e-03 -1.223509e-02 1.185271e-03
    endloop
  endfacet
  facet normal 4.907440e-01 -8.140195e-01 3.107131e-01
    outer loop
      vertex 4.826024e-03 -1.245102e-02 7.840501e-04
      vertex 4.319876e-03 -1.265751e-02 1.042503e-03
      vertex 4.317002e-03 -1.277881e-02 7.292455e-04
    endloop
  endfacet
  facet normal 5.096542e-01 -8.295799e-01 2.281443e-01
    outer loop
      vertex 4.317002e-03 -1.277881e-02 7.292455e-04
      vertex 4.826004e-03 -1.257123e-02 3.470083e-04
      vertex 4.826024e-03 -1.245102e-02 7.840501e-04
    endloop
  endfacet
  facet normal 4.958921e-01 -8.446508e-01 2.016334e-01
    outer loop
      vertex 4.826004e-03 -1.257123e-02 3.470083e-04
      vertex 4.317002e-03 -1.277881e-02 7.292455e-04
      vertex 4.319004e-03 -1.286716e-02 3.542325e-04
    endloop
  endfacet
  facet normal 5.039889e-01 -8.621970e-01 5.110411e-02
    outer loop
      vertex 4.319004e-03 -1.286716e-02 3.542325e-04
      vertex 4.826009e-03 -1.259819e-02 -1.079182e-04
      vertex 4.826004e-03 -1.257123e-02 3.470083e-04
    endloop
  endfacet
  facet normal 5.014002e-01 -8.639239e-01 4.725911e-02
    outer loop
      vertex 4.826009e-03 -1.259819e-02 -1.079182e-04
      vertex 4.319004e-03 -1.286716e-02 3.542325e-04
      vertex 4.318375e-03 -1.289178e-02 -8.922088e-05
    endloop
  endfacet
  facet normal 4.774613e-01 4.049414e-02 -8.777191e-01
    outer loop
      vertex 4.318884e-03 -1.060008e-02 -2.412470e-03
      vertex 4.322272e-03 -1.011340e-02 -2.388173e-03
      vertex 4.826050e-03 -1.038690e-02 -2.126747e-03
    endloop
  endfacet
  facet normal 5.073094e-01 2.153507e-01 -8.344227e-01
    outer loop
      vertex 4.826024e-03 -9.693443e-03 -1.973520e-03
      vertex 4.322272e-03 -1.011340e-02 -2.388173e-03
      vertex 4.318242e-03 -9.656079e-03 -2.272596e-03
    endloop
  endfacet
  facet normal 4.904374e-01 3.773642e-01 -7.855363e-01
    outer loop
      vertex 4.826024e-03 -9.693443e-03 -1.973520e-03
      vertex 4.318242e-03 -9.656079e-03 -2.272596e-03
      vertex 4.316241e-03 -9.219928e-03 -2.064322e-03
    endloop
  endfacet
  facet normal 5.006891e-01 4.831184e-01 -7.182667e-01
    outer loop
      vertex 4.316241e-03 -9.219928e-03 -2.064322e-03
      vertex 4.320497e-03 -9.044154e-03 -1.943128e-03
      vertex 4.825991e-03 -9.292180e-03 -1.757584e-03
    endloop
  endfacet
  facet normal 4.927858e-01 5.823181e-01 -6.465816e-01
    outer loop
      vertex 4.320497e-03 -9.044154e-03 -1.943128e-03
      vertex 4.318109e-03 -8.694961e-03 -1.630461e-03
      vertex 4.825994e-03 -8.978638e-03 -1.498863e-03
    endloop
  endfacet
  facet normal 5.001175e-01 6.830590e-01 -5.322714e-01
    outer loop
      vertex 4.318109e-03 -8.694961e-03 -1.630461e-03
      vertex 4.317342e-03 -8.483202e-03 -1.359433e-03
      vertex 4.826002e-03 -8.719912e-03 -1.185268e-03
    endloop
  endfacet
  facet normal 4.986933e-01 7.421224e-01 -4.478384e-01
    outer loop
      vertex 4.317342e-03 -8.483202e-03 -1.359433e-03
      vertex 4.317084e-03 -8.340874e-03 -1.123865e-03
      vertex 4.826002e-03 -8.719912e-03 -1.185268e-03
    endloop
  endfacet
  facet normal 4.941486e-01 7.923109e-01 -3.578557e-01
    outer loop
      vertex 4.826035e-03 -8.489849e-03 -7.509142e-04
      vertex 4.317084e-03 -8.340874e-03 -1.123865e-03
      vertex 4.318117e-03 -8.204722e-03 -8.209925e-04
    endloop
  endfacet
  facet normal 5.004659e-01 8.401176e-01 -2.091321e-01
    outer loop
      vertex 4.318117e-03 -8.204722e-03 -8.209925e-04
      vertex 4.315778e-03 -8.088731e-03 -3.606325e-04
      vertex 4.826035e-03 -8.489849e-03 -7.509142e-04
    endloop
  endfacet
  facet normal 4.758581e-01 8.782781e-01 -4.676132e-02
    outer loop
      vertex 4.315778e-03 -8.088731e-03 -3.606325e-04
      vertex 4.318915e-03 -8.064846e-03 1.198943e-04
      vertex 4.826052e-03 -8.350829e-03 -9.069214e-05
    endloop
  endfacet
  facet normal 4.943373e-01 -8.619101e-01 -1.128788e-01
    outer loop
      vertex 4.318375e-03 -1.289178e-02 -8.922088e-05
      vertex 4.316725e-03 -1.283834e-02 -5.044922e-04
      vertex 4.826009e-03 -1.259819e-02 -1.079182e-04
    endloop
  endfacet
  facet normal 5.193817e-01 -8.397182e-01 -1.584800e-01
    outer loop
      vertex 4.826094e-03 -1.248352e-02 -7.151898e-04
      vertex 4.826009e-03 -1.259819e-02 -1.079182e-04
      vertex 4.316725e-03 -1.283834e-02 -5.044922e-04
    endloop
  endfacet
  facet normal 4.936321e-01 -8.407396e-01 -2.224507e-01
    outer loop
      vertex 4.316725e-03 -1.283834e-02 -5.044922e-04
      vertex 4.316966e-03 -1.277803e-02 -7.319273e-04
      vertex 4.826094e-03 -1.248352e-02 -7.151898e-04
    endloop
  endfacet
  facet normal 4.829416e-01 -8.169922e-01 -3.151050e-01
    outer loop
      vertex 4.316966e-03 -1.277803e-02 -7.319273e-04
      vertex 4.319101e-03 -1.265415e-02 -1.049837e-03
      vertex 4.826094e-03 -1.248352e-02 -7.151898e-04
    endloop
  endfacet
  facet normal 4.940428e-01 -7.433983e-01 -4.508666e-01
    outer loop
      vertex 4.826005e-03 -1.223558e-02 -1.184529e-03
      vertex 4.319101e-03 -1.265415e-02 -1.049837e-03
      vertex 4.320496e-03 -1.242062e-02 -1.433352e-03
    endloop
  endfacet
  facet normal 4.937504e-01 -6.474205e-01 -5.805663e-01
    outer loop
      vertex 4.320496e-03 -1.242062e-02 -1.433352e-03
      vertex 4.317821e-03 -1.211594e-02 -1.775389e-03
      vertex 4.825994e-03 -1.197636e-02 -1.498861e-03
    endloop
  endfacet
  facet normal 5.000603e-01 -5.340220e-01 -6.817332e-01
    outer loop
      vertex 4.317821e-03 -1.211594e-02 -1.775389e-03
      vertex 4.317342e-03 -1.183693e-02 -1.994298e-03
      vertex 4.825994e-03 -1.166293e-02 -1.757496e-03
    endloop
  endfacet
  facet normal 4.982929e-01 -4.397330e-01 -7.472209e-01
    outer loop
      vertex 4.317342e-03 -1.183693e-02 -1.994298e-03
      vertex 4.318022e-03 -1.152404e-02 -2.177978e-03
      vertex 4.825994e-03 -1.166293e-02 -1.757496e-03
    endloop
  endfacet
  facet normal 4.861624e-01 -3.147667e-01 -8.152105e-01
    outer loop
      vertex 4.318022e-03 -1.152404e-02 -2.177978e-03
      vertex 4.317369e-03 -1.120251e-02 -2.302517e-03
      vertex 4.826066e-03 -1.118265e-02 -2.006815e-03
    endloop
  endfacet
  facet normal 4.970810e-01 -2.147503e-01 -8.407097e-01
    outer loop
      vertex 4.317369e-03 -1.120251e-02 -2.302517e-03
      vertex 4.316967e-03 -1.095244e-02 -2.366632e-03
      vertex 4.826066e-03 -1.118265e-02 -2.006815e-03
    endloop
  endfacet
  facet normal 5.232559e-01 -1.127290e-01 -8.446866e-01
    outer loop
      vertex 4.826050e-03 -1.038690e-02 -2.126747e-03
      vertex 4.316967e-03 -1.095244e-02 -2.366632e-03
      vertex 4.318884e-03 -1.060008e-02 -2.412470e-03
    endloop
  endfacet
  facet normal 5.123897e-01 6.623812e-01 5.465418e-01
    outer loop
      vertex 4.825999e-03 -8.719808e-03 1.185150e-03
      vertex 4.317939e-03 -8.544491e-03 1.448988e-03
      vertex 4.825997e-03 -8.978711e-03 1.498931e-03
    endloop
  endfacet
  facet normal 5.168663e-01 7.598756e-01 3.942567e-01
    outer loop
      vertex 4.826027e-03 -8.470465e-03 7.045400e-04
      vertex 4.316811e-03 -8.363272e-03 1.165517e-03
      vertex 4.825999e-03 -8.719808e-03 1.185150e-03
    endloop
  endfacet
  facet normal 5.338993e-01 8.361365e-01 1.258063e-01
    outer loop
      vertex 4.826052e-03 -8.350829e-03 -9.069214e-05
      vertex 4.316966e-03 -8.110868e-03 4.749401e-04
      vertex 4.826027e-03 -8.470465e-03 7.045400e-04
    endloop
  endfacet
  facet normal 5.152757e-01 -7.546571e-01 4.061818e-01
    outer loop
      vertex 4.826024e-03 -1.245102e-02 7.840501e-04
      vertex 4.826002e-03 -1.223509e-02 1.185271e-03
      vertex 4.319876e-03 -1.265751e-02 1.042503e-03
    endloop
  endfacet
  facet normal 5.339420e-01 -1.259989e-01 -8.360802e-01
    outer loop
      vertex 4.826066e-03 -1.118265e-02 -2.006815e-03
      vertex 4.316967e-03 -1.095244e-02 -2.366632e-03
      vertex 4.826050e-03 -1.038690e-02 -2.126747e-03
    endloop
  endfacet
  facet normal 5.199190e-01 -3.936270e-01 -7.581175e-01
    outer loop
      vertex 4.825994e-03 -1.166293e-02 -1.757496e-03
      vertex 4.318022e-03 -1.152404e-02 -2.177978e-03
      vertex 4.826066e-03 -1.118265e-02 -2.006815e-03
    endloop
  endfacet
  facet normal 5.182213e-01 -7.561711e-01 -3.995646e-01
    outer loop
      vertex 4.319101e-03 -1.265415e-02 -1.049837e-03
      vertex 4.826005e-03 -1.223558e-02 -1.184529e-03
      vertex 4.826094e-03 -1.248352e-02 -7.151898e-04
    endloop
  endfacet
  facet normal 5.155517e-01 7.571852e-01 -4.010947e-01
    outer loop
      vertex 4.826002e-03 -8.719912e-03 -1.185268e-03
      vertex 4.317084e-03 -8.340874e-03 -1.123865e-03
      vertex 4.826035e-03 -8.489849e-03 -7.509142e-04
    endloop
  endfacet
  facet normal 5.292998e-01 1.830732e-01 -8.284479e-01
    outer loop
      vertex 4.826050e-03 -1.038690e-02 -2.126747e-03
      vertex 4.322272e-03 -1.011340e-02 -2.388173e-03
      vertex 4.826024e-03 -9.693443e-03 -1.973520e-03
    endloop
  endfacet
  facet normal 1.000000e+00 -3.199251e-06 -3.356389e-05
    outer loop
      vertex 4.826032e-03 -9.754598e-03 2.002641e-03
      vertex 4.826000e-03 -1.105850e-02 1.189275e-03
      vertex 4.826000e-03 -9.335232e-03 1.025016e-03
    endloop
  endfacet
  facet normal 1.000000e+00 -3.209882e-05 -3.292356e-06
    outer loop
      vertex 4.826000e-03 -9.335232e-03 1.025016e-03
      vertex 4.826000e-03 -9.194427e-03 -3.477643e-04
      vertex 4.826027e-03 -8.470465e-03 7.045400e-04
    endloop
  endfacet
  facet normal 1.000000e+00 4.160183e-06 2.919167e-06
    outer loop
      vertex 4.826000e-03 -1.103031e-02 -1.268728e-03
      vertex 4.826000e-03 -1.195067e-02 4.290786e-05
      vertex 4.826005e-03 -1.223558e-02 -1.184529e-03
    endloop
  endfacet
  facet normal 1.000000e+00 -3.519064e-07 7.307903e-06
    outer loop
      vertex 4.825999e-03 -8.719808e-03 1.185150e-03
      vertex 4.825997e-03 -8.978711e-03 1.498931e-03
      vertex 4.826000e-03 -9.335232e-03 1.025016e-03
    endloop
  endfacet
  facet normal 1.000000e+00 -7.676966e-06 1.281846e-05
    outer loop
      vertex 4.826000e-03 -9.335232e-03 1.025016e-03
      vertex 4.825997e-03 -8.978711e-03 1.498931e-03
      vertex 4.825991e-03 -9.292181e-03 1.757585e-03
    endloop
  endfacet
  facet normal 1.000000e+00 -1.336418e-06 1.452071e-05
    outer loop
      vertex 4.825991e-03 -1.166282e-02 1.757587e-03
      vertex 4.825994e-03 -1.197636e-02 1.498861e-03
      vertex 4.826000e-03 -1.105850e-02 1.189275e-03
    endloop
  endfacet
  facet normal 1.000000e+00 1.542616e-06 2.305650e-05
    outer loop
      vertex 4.825994e-03 -1.197636e-02 1.498861e-03
      vertex 4.826002e-03 -1.223509e-02 1.185271e-03
      vertex 4.826000e-03 -1.105850e-02 1.189275e-03
    endloop
  endfacet
  facet normal 1.000000e+00 7.006232e-05 1.577366e-05
    outer loop
      vertex 4.826002e-03 -1.223509e-02 1.185271e-03
      vertex 4.826024e-03 -1.245102e-02 7.840501e-04
      vertex 4.826000e-03 -1.195067e-02 4.290786e-05
    endloop
  endfacet
  facet normal 1.000000e+00 1.071774e-05 1.089460e-05
    outer loop
      vertex 4.826004e-03 -1.257123e-02 3.470083e-04
      vertex 4.826009e-03 -1.259819e-02 -1.079182e-04
      vertex 4.826000e-03 -1.195067e-02 4.290786e-05
    endloop
  endfacet
  facet normal 1.000000e+00 2.549633e-04 -5.529675e-05
    outer loop
      vertex 4.826094e-03 -1.248352e-02 -7.151898e-04
      vertex 4.826005e-03 -1.223558e-02 -1.184529e-03
      vertex 4.826000e-03 -1.195067e-02 4.290786e-05
    endloop
  endfacet
  facet normal 1.000000e+00 1.724133e-06 -3.195183e-05
    outer loop
      vertex 4.826000e-03 -1.103031e-02 -1.268728e-03
      vertex 4.826005e-03 -1.223558e-02 -1.184529e-03
      vertex 4.825994e-03 -1.197636e-02 -1.498861e-03
    endloop
  endfacet
  facet normal 1.000000e+00 -4.324898e-06 -7.084867e-06
    outer loop
      vertex 4.826000e-03 -1.103031e-02 -1.268728e-03
      vertex 4.825994e-03 -1.197636e-02 -1.498861e-03
      vertex 4.825994e-03 -1.166293e-02 -1.757496e-03
    endloop
  endfacet
  facet normal 1.000000e+00 4.791451e-06 -1.870808e-05
    outer loop
      vertex 4.825991e-03 -9.292180e-03 -1.757584e-03
      vertex 4.825994e-03 -8.978638e-03 -1.498863e-03
      vertex 4.826000e-03 -9.832550e-03 -1.411704e-03
    endloop
  endfacet
  facet normal 1.000000e+00 3.890154e-06 -2.753830e-05
    outer loop
      vertex 4.825994e-03 -8.978638e-03 -1.498863e-03
      vertex 4.826002e-03 -8.719912e-03 -1.185268e-03
      vertex 4.826000e-03 -9.832550e-03 -1.411704e-03
    endloop
  endfacet
  facet normal 1.000000e+00 -7.117564e-05 -3.804947e-05
    outer loop
      vertex 4.826002e-03 -8.719912e-03 -1.185268e-03
      vertex 4.826035e-03 -8.489849e-03 -7.509142e-04
      vertex 4.826000e-03 -9.194427e-03 -3.477643e-04
    endloop
  endfacet
  facet normal 1.000000e+00 3.213188e-05 -9.020314e-05
    outer loop
      vertex 4.826032e-03 -9.754598e-03 2.002641e-03
      vertex 4.826068e-03 -1.051724e-02 2.132730e-03
      vertex 4.826000e-03 -1.105850e-02 1.189275e-03
    endloop
  endfacet
  facet normal 1.000000e+00 -6.817058e-05 2.152421e-05
    outer loop
      vertex 4.826052e-03 -8.350829e-03 -9.069214e-05
      vertex 4.826027e-03 -8.470465e-03 7.045400e-04
      vertex 4.826000e-03 -9.194427e-03 -3.477643e-04
    endloop
  endfacet
  facet normal 1.000000e+00 1.625397e-06 -1.264980e-06
    outer loop
      vertex 4.826000e-03 -1.105850e-02 1.189275e-03
      vertex 4.826002e-03 -1.223509e-02 1.185271e-03
      vertex 4.826000e-03 -1.195067e-02 4.290786e-05
    endloop
  endfacet
  facet normal 1.000000e+00 7.577512e-06 6.347938e-05
    outer loop
      vertex 4.826000e-03 -1.103031e-02 -1.268728e-03
      vertex 4.826050e-03 -1.038690e-02 -2.126747e-03
      vertex 4.826000e-03 -9.832550e-03 -1.411704e-03
    endloop
  endfacet
  facet normal 1.000000e+00 -1.952595e-06 1.171116e-06
    outer loop
      vertex 4.826002e-03 -8.719912e-03 -1.185268e-03
      vertex 4.826000e-03 -9.194427e-03 -3.477643e-04
      vertex 4.826000e-03 -9.832550e-03 -1.411704e-03
    endloop
  endfacet
  facet normal 1.000000e+00 2.405325e-15 1.267000e-15
    outer loop
      vertex 2.758904e-17 -1.689223e-02 5.459092e-03
      vertex 2.409184e-17 -1.517768e-02 4.964348e-03
      vertex 2.442491e-17 -1.606057e-02 6.377587e-03
    endloop
  endfacet
  facet normal 1.000000e+00 -2.485973e-16 5.060189e-15
    outer loop
      vertex 1.855460e-17 -1.535534e-02 -1.439912e-03
      vertex 2.652739e-17 -1.585019e-02 -3.039814e-03
      vertex 2.231548e-17 -1.425680e-02 -2.129172e-03
    endloop
  endfacet
  facet normal 1.000000e+00 -1.047130e-15 1.815140e-15
    outer loop
      vertex 2.475797e-17 -1.467631e-02 -3.806279e-03
      vertex 2.742251e-17 -1.341035e-02 -4.543909e-03
      vertex 2.464695e-17 -1.302804e-02 -2.794248e-03
    endloop
  endfacet
  facet normal 1.000000e+00 5.898142e-15 2.975883e-16
    outer loop
      vertex 2.087219e-17 -1.233971e-02 -3.752329e-03
      vertex 2.464695e-17 -1.302804e-02 -2.794248e-03
      vertex 2.742251e-17 -1.341035e-02 -4.543909e-03
    endloop
  endfacet
  facet normal 1.000000e+00 2.792281e-15 -1.933809e-15
    outer loop
      vertex 1.865175e-17 -1.093769e-02 -2.876131e-03
      vertex 2.464695e-17 -1.302804e-02 -2.794248e-03
      vertex 2.087219e-17 -1.233971e-02 -3.752329e-03
    endloop
  endfacet
  facet normal 1.000000e+00 -8.137574e-16 -3.035980e-15
    outer loop
      vertex 2.176037e-17 -1.482328e-02 3.631406e-03
      vertex 1.826317e-17 -1.571997e-02 2.719834e-03
      vertex 1.837419e-17 -1.428564e-02 2.371948e-03
    endloop
  endfacet
  facet normal 1.000000e+00 -3.104191e-15 4.453960e-15
    outer loop
      vertex 2.241263e-17 -1.208856e-02 6.008936e-03
      vertex 1.890155e-17 -1.383357e-02 5.581055e-03
      vertex 2.628453e-17 -1.342244e-02 4.209975e-03
    endloop
  endfacet
  facet normal 1.000000e+00 1.134782e-15 6.097404e-15
    outer loop
      vertex 1.865175e-17 -1.093769e-02 -2.876131e-03
      vertex 3.014256e-17 -1.140768e-02 -4.673203e-03
      vertex 2.611800e-17 -9.880327e-03 -4.297412e-03
    endloop
  endfacet
  facet normal 1.000000e+00 -3.555902e-15 2.607776e-15
    outer loop
      vertex 1.865175e-17 -1.093769e-02 -2.876131e-03
      vertex 2.611800e-17 -9.880327e-03 -4.297412e-03
      vertex 2.364775e-17 -9.789169e-03 -3.225850e-03
    endloop
  endfacet
  facet normal 1.000000e+00 -1.790937e-16 -1.704430e-15
    outer loop
      vertex 2.578493e-17 -7.352574e-03 -2.606817e-03
      vertex 2.575717e-17 -8.949574e-03 -2.455297e-03
      vertex 2.331468e-17 -8.278564e-03 -3.958828e-03
    endloop
  endfacet
  facet normal 1.000000e+00 2.686890e-15 1.291081e-15
    outer loop
      vertex 2.517431e-17 -1.182905e-02 3.621174e-03
      vertex 2.065015e-17 -1.006078e-02 3.445371e-03
      vertex 2.062239e-17 -1.066726e-02 4.729013e-03
    endloop
  endfacet
  facet normal 1.000000e+00 -5.861146e-15 -5.099262e-15
    outer loop
      vertex 3.369527e-17 -9.415239e-03 6.931670e-03
      vertex 2.038647e-17 -1.073423e-02 5.837783e-03
      vertex 2.647882e-17 -9.212461e-03 5.283399e-03
    endloop
  endfacet
  facet normal 1.000000e+00 -4.014287e-15 -2.969539e-17
    outer loop
      vertex 2.647882e-17 -9.212461e-03 5.283399e-03
      vertex 2.038647e-17 -1.073423e-02 5.837783e-03
      vertex 2.062239e-17 -1.066726e-02 4.729013e-03
    endloop
  endfacet
  facet normal 1.000000e+00 1.534656e-15 3.054759e-16
    outer loop
      vertex 2.038647e-17 -1.073423e-02 5.837783e-03
      vertex 2.241263e-17 -1.208856e-02 6.008936e-03
      vertex 2.062239e-17 -1.066726e-02 4.729013e-03
    endloop
  endfacet
  facet normal 1.000000e+00 1.052394e-15 -2.300594e-16
    outer loop
      vertex 2.241263e-17 -1.208856e-02 6.008936e-03
      vertex 2.187139e-17 -1.189881e-02 4.524375e-03
      vertex 2.062239e-17 -1.066726e-02 4.729013e-03
    endloop
  endfacet
  facet normal 1.000000e+00 4.013745e-16 3.687901e-15
    outer loop
      vertex 2.187139e-17 -1.189881e-02 4.524375e-03
      vertex 2.517431e-17 -1.182905e-02 3.621174e-03
      vertex 2.062239e-17 -1.066726e-02 4.729013e-03
    endloop
  endfacet
  facet normal 1.000000e+00 -9.578587e-16 -4.309313e-16
    outer loop
      vertex 2.065015e-17 -1.006078e-02 3.445371e-03
      vertex 2.187139e-17 -8.855273e-03 3.599780e-03
      vertex 2.062239e-17 -1.066726e-02 4.729013e-03
    endloop
  endfacet
  facet normal 1.000000e+00 -2.496344e-15 1.569905e-15
    outer loop
      vertex 2.976785e-17 -1.026914e-02 8.468321e-03
      vertex 3.386527e-17 -8.639473e-03 8.449717e-03
      vertex 2.896988e-17 -9.737080e-03 9.822657e-03
    endloop
  endfacet
  facet normal 1.000000e+00 3.458444e-17 2.385658e-15
    outer loop
      vertex 2.842171e-17 -4.438799e-03 -8.442276e-03
      vertex 2.498002e-17 -5.275957e-03 -6.987481e-03
      vertex 2.703393e-17 -6.018237e-03 -7.837662e-03
    endloop
  endfacet
  facet normal 1.000000e+00 -2.689318e-15 -5.771941e-16
    outer loop
      vertex 2.489675e-17 -4.755059e-03 -4.487168e-03
      vertex 2.034484e-17 -6.277757e-03 -5.278748e-03
      vertex 2.137179e-17 -5.744765e-03 -5.982891e-03
    endloop
  endfacet
  facet normal 1.000000e+00 2.144191e-15 -3.258851e-15
    outer loop
      vertex 2.622902e-17 -5.640586e-03 4.650878e-05
      vertex 2.475797e-17 -6.846094e-03 -1.198066e-03
      vertex 2.053913e-17 -5.752207e-03 -1.772915e-03
    endloop
  endfacet
  facet normal 9.999976e-01 1.558747e-03 -1.509818e-03
    outer loop
      vertex 2.475797e-17 -6.846094e-03 -1.198066e-03
      vertex 2.622902e-17 -5.640586e-03 4.650878e-05
      vertex 3.720976e-06 -7.646926e-03 4.396630e-04
    endloop
  endfacet
  facet normal 1.000000e+00 3.566084e-15 -5.531104e-16
    outer loop
      vertex 2.053913e-17 -5.752207e-03 -1.772915e-03
      vertex 2.475797e-17 -6.846094e-03 -1.198066e-03
      vertex 2.578493e-17 -7.352574e-03 -2.606817e-03
    endloop
  endfacet
  facet normal 1.000000e+00 -2.247753e-15 9.819955e-16
    outer loop
      vertex 2.159384e-17 -6.213574e-03 -3.903018e-03
      vertex 2.405021e-17 -4.896445e-03 -3.389561e-03
      vertex 2.053913e-17 -5.752207e-03 -1.772915e-03
    endloop
  endfacet
  facet normal 1.000000e+00 -1.558364e-15 3.298626e-16
    outer loop
      vertex 2.250977e-17 -4.381128e-03 -1.269690e-03
      vertex 2.053913e-17 -5.752207e-03 -1.772915e-03
      vertex 2.295386e-17 -4.375547e-03 -2.589609e-03
    endloop
  endfacet
  facet normal 1.000000e+00 -2.537626e-15 -4.643297e-16
    outer loop
      vertex 2.753353e-17 -5.759648e-03 3.765352e-03
      vertex 2.314815e-17 -7.280486e-03 2.632398e-03
      vertex 2.706169e-17 -5.640586e-03 2.098477e-03
    endloop
  endfacet
  facet normal 1.000000e+00 -2.590696e-15 -6.273279e-16
    outer loop
      vertex 2.706169e-17 -5.640586e-03 2.098477e-03
      vertex 2.314815e-17 -7.280486e-03 2.632398e-03
      vertex 2.356448e-17 -6.767959e-03 1.179463e-03
    endloop
  endfacet
  facet normal 9.999947e-01 2.303823e-03 2.292474e-03
    outer loop
      vertex 2.622902e-17 -5.640586e-03 4.650878e-05
      vertex 2.356448e-17 -6.767959e-03 1.179463e-03
      vertex 3.720976e-06 -7.646926e-03 4.396630e-04
    endloop
  endfacet
  facet normal 1.000000e+00 -2.751896e-16 -1.870096e-15
    outer loop
      vertex 2.384898e-17 -3.147715e-03 -1.528465e-02
      vertex 2.595146e-17 -1.272480e-03 -1.443633e-02
      vertex 2.675637e-17 -2.291953e-03 -1.385590e-02
    endloop
  endfacet
  facet normal 1.000000e+00 -1.912858e-15 2.479981e-15
    outer loop
      vertex 2.488287e-17 -1.540371e-03 -8.025557e-03
      vertex 2.937928e-17 -8.780860e-04 -9.327803e-03
      vertex 2.675637e-17 3.720704e-05 -7.564189e-03
    endloop
  endfacet
  facet normal 1.000000e+00 -1.470477e-15 -4.334644e-16
    outer loop
      vertex 2.937928e-17 -8.780860e-04 -9.327803e-03
      vertex 2.711720e-17 -2.448223e-03 -9.219902e-03
      vertex 2.764455e-17 -1.756172e-03 -1.035100e-02
    endloop
  endfacet
  facet normal 1.000000e+00 1.439993e-15 -1.340436e-15
    outer loop
      vertex 2.836273e-17 -2.783086e-03 -1.091840e-02
      vertex 2.450817e-17 -8.111133e-04 -1.167557e-02
      vertex 2.764455e-17 -1.756172e-03 -1.035100e-02
    endloop
  endfacet
  facet normal 1.000000e+00 -1.192768e-15 2.094664e-15
    outer loop
      vertex 1.876277e-17 -1.919883e-03 -3.080742e-03
      vertex 2.184364e-17 -2.224980e-03 -4.725293e-03
      vertex 2.262079e-17 -6.325195e-04 -4.189512e-03
    endloop
  endfacet
  facet normal 1.000000e+00 -1.915443e-15 2.082988e-15
    outer loop
      vertex 2.184364e-17 -2.224980e-03 -4.725293e-03
      vertex 2.647882e-17 -1.488281e-03 -6.273106e-03
      vertex 2.661760e-17 -3.720701e-06 -4.974580e-03
    endloop
  endfacet
  facet normal 1.000000e+00 -5.595264e-16 2.728352e-15
    outer loop
      vertex 2.184364e-17 -2.224980e-03 -4.725293e-03
      vertex 2.597922e-17 -2.671465e-03 -6.332637e-03
      vertex 2.647882e-17 -1.488281e-03 -6.273106e-03
    endloop
  endfacet
  facet normal 1.000000e+00 -3.788270e-15 6.869028e-16
    outer loop
      vertex 1.942890e-17 -4.397871e-03 -6.317754e-03
      vertex 2.597922e-17 -2.671465e-03 -6.332637e-03
      vertex 2.026157e-17 -3.951387e-03 -5.067597e-03
    endloop
  endfacet
  facet normal 1.000000e+00 -1.296812e-15 -1.317277e-15
    outer loop
      vertex 2.647882e-17 -1.488281e-03 -6.273106e-03
      vertex 2.675637e-17 3.720704e-05 -7.564189e-03
      vertex 2.828293e-17 -7.441407e-05 -6.295430e-03
    endloop
  endfacet
  facet normal 1.000000e+00 -2.897526e-15 -8.245673e-16
    outer loop
      vertex 2.386980e-17 -2.128242e-03 -7.188398e-03
      vertex 2.488287e-17 -1.540371e-03 -8.025557e-03
      vertex 2.647882e-17 -1.488281e-03 -6.273106e-03
    endloop
  endfacet
  facet normal 1.000000e+00 -7.694475e-17 4.800639e-15
    outer loop
      vertex 2.359224e-17 -2.384971e-03 1.651992e-03
      vertex 1.773581e-17 -2.820293e-03 2.864941e-03
      vertex 2.239875e-17 -3.735586e-03 1.878955e-03
    endloop
  endfacet
  facet normal 1.000000e+00 -6.156657e-16 2.207848e-15
    outer loop
      vertex 1.953993e-17 -1.064121e-03 2.537519e-03
      vertex 1.618150e-17 -2.009180e-03 3.795117e-03
      vertex 1.773581e-17 -2.820293e-03 2.864941e-03
    endloop
  endfacet
  facet normal 1.000000e+00 -6.765854e-16 -1.902817e-15
    outer loop
      vertex 2.174649e-17 -1.942207e-03 1.161231e-02
      vertex 1.956768e-17 -5.060157e-04 9.956601e-03
      vertex 2.269018e-17 4.492749e-04 1.125792e-02
    endloop
  endfacet
  facet normal 1.000000e+00 3.304808e-15 2.777383e-15
    outer loop
      vertex 2.686046e-17 -1.707803e-03 1.509861e-02
      vertex 2.003953e-17 -5.506641e-04 1.617762e-02
      vertex 2.209344e-17 -1.540806e-03 1.661627e-02
    endloop
  endfacet
  facet normal 1.000000e+00 2.499734e-15 9.601552e-16
    outer loop
      vertex 2.209344e-17 -1.540806e-03 1.661627e-02
      vertex 2.003953e-17 -5.506641e-04 1.617762e-02
      vertex 1.881134e-17 -6.836805e-04 1.780307e-02
    endloop
  endfacet
  facet normal 1.000000e+00 5.630347e-16 -7.411428e-16
    outer loop
      vertex 2.386980e-17 2.730996e-03 -1.179091e-02
      vertex 2.318978e-17 2.048247e-03 -1.322710e-02
      vertex 2.225997e-17 3.758143e-03 -1.318268e-02
    endloop
  endfacet
  facet normal 1.000000e+00 -1.885298e-15 3.084768e-16
    outer loop
      vertex 2.275957e-17 -2.678906e-04 -1.497211e-02
      vertex 2.542411e-17 1.116211e-03 -1.515070e-02
      vertex 2.255141e-17 -1.302246e-04 -1.345592e-02
    endloop
  endfacet
  facet normal 1.000000e+00 -3.883920e-16 -1.534516e-15
    outer loop
      vertex 2.442491e-17 2.760462e-03 -7.583321e-03
      vertex 2.470246e-17 1.503164e-03 -7.084219e-03
      vertex 2.220446e-17 1.480840e-03 -8.706445e-03
    endloop
  endfacet
  facet normal 1.000000e+00 3.724397e-15 7.220345e-16
    outer loop
      vertex 2.220446e-17 1.480840e-03 -8.706445e-03
      vertex 2.675637e-17 3.720704e-05 -7.564189e-03
      vertex 2.622902e-17 4.911328e-04 -9.175254e-03
    endloop
  endfacet
  facet normal 1.000000e+00 1.916405e-16 9.187732e-16
    outer loop
      vertex 2.220446e-17 1.480840e-03 -8.706445e-03
      vertex 2.381428e-17 1.473398e-03 -1.045704e-02
      vertex 2.309264e-17 2.432718e-03 -9.871691e-03
    endloop
  endfacet
  facet normal 1.000000e+00 -2.977965e-16 -2.112097e-15
    outer loop
      vertex 2.381428e-17 1.473398e-03 -1.045704e-02
      vertex 2.622902e-17 4.911328e-04 -9.175254e-03
      vertex 2.260692e-17 -3.906738e-04 -1.076585e-02
    endloop
  endfacet
  facet normal 1.000000e+00 -1.650188e-15 2.852619e-15
    outer loop
      vertex 2.450817e-17 -8.111133e-04 -1.167557e-02
      vertex 2.805395e-17 1.121327e-03 -1.180067e-02
      vertex 2.260692e-17 -3.906738e-04 -1.076585e-02
    endloop
  endfacet
  facet normal 1.000000e+00 -1.223563e-15 3.475972e-15
    outer loop
      vertex 2.260692e-17 -3.906738e-04 -1.076585e-02
      vertex 2.805395e-17 1.121327e-03 -1.180067e-02
      vertex 2.381428e-17 1.473398e-03 -1.045704e-02
    endloop
  endfacet
  facet normal 1.000000e+00 1.404875e-15 1.366158e-15
    outer loop
      vertex 2.381428e-17 1.473398e-03 -1.045704e-02
      vertex 2.386980e-17 2.730996e-03 -1.179091e-02
      vertex 2.220446e-17 2.775423e-03 -1.061760e-02
    endloop
  endfacet
  facet normal 1.000000e+00 3.716982e-15 -5.880024e-15
    outer loop
      vertex 2.864375e-17 2.902148e-03 -4.196953e-03
      vertex 3.289730e-17 1.753381e-03 -4.199743e-03
      vertex 2.003953e-17 3.050977e-03 -5.566172e-03
    endloop
  endfacet
  facet normal 1.000000e+00 4.256378e-15 2.898911e-16
    outer loop
      vertex 2.003953e-17 3.050977e-03 -5.566172e-03
      vertex 2.753353e-17 1.291084e-03 -5.577334e-03
      vertex 2.461920e-17 2.018481e-03 -6.204272e-03
    endloop
  endfacet
  facet normal 1.000000e+00 1.430914e-15 -1.677368e-15
    outer loop
      vertex 2.753353e-17 1.291084e-03 -5.577334e-03
      vertex 2.828293e-17 -7.441407e-05 -6.295430e-03
      vertex 2.470246e-17 1.503164e-03 -7.084219e-03
    endloop
  endfacet
  facet normal 1.000000e+00 1.744753e-15 -1.049691e-15
    outer loop
      vertex 2.828293e-17 -7.441407e-05 -6.295430e-03
      vertex 2.675637e-17 3.720704e-05 -7.564189e-03
      vertex 2.470246e-17 1.503164e-03 -7.084219e-03
    endloop
  endfacet
  facet normal 1.000000e+00 8.848705e-16 -5.901412e-15
    outer loop
      vertex 2.836620e-17 1.428750e-03 3.725290e-12
      vertex 1.894318e-17 1.432471e-03 -1.596182e-03
      vertex 2.139955e-17 2.701230e-03 -9.897071e-04
    endloop
  endfacet
  facet normal 1.000000e+00 1.247276e-15 6.143942e-15
    outer loop
      vertex 2.972622e-17 5.153174e-04 7.776269e-04
      vertex 2.464695e-17 2.113359e-03 1.279922e-03
      vertex 2.275957e-17 5.841504e-04 1.897559e-03
    endloop
  endfacet
  facet normal 1.000000e+00 -1.786867e-15 5.597732e-17
    outer loop
      vertex 2.264855e-17 3.899297e-03 5.915918e-03
      vertex 2.015055e-17 2.470547e-03 4.933652e-03
      vertex 2.266243e-17 3.869531e-03 4.717852e-03
    endloop
  endfacet
  facet normal 1.000000e+00 8.506798e-17 2.387728e-15
    outer loop
      vertex 2.577105e-17 3.147715e-03 3.441650e-03
      vertex 2.453593e-17 5.030391e-03 3.891856e-03
      vertex 2.266243e-17 3.869531e-03 4.717852e-03
    endloop
  endfacet
  facet normal 9.999966e-01 -2.179869e-03 -1.411950e-03
    outer loop
      vertex 1.687539e-17 2.758527e-03 1.059746e-02
      vertex 2.480651e-06 3.434273e-03 1.131108e-02
      vertex 2.514655e-17 2.024063e-03 1.173138e-02
    endloop
  endfacet
  facet normal 1.000000e+00 5.835353e-15 -3.514627e-15
    outer loop
      vertex 2.514655e-17 2.024063e-03 1.173138e-02
      vertex 2.323142e-17 1.564556e-03 1.042355e-02
      vertex 1.687539e-17 2.758527e-03 1.059746e-02
    endloop
  endfacet
  facet normal 1.000000e+00 1.870938e-16 -4.381774e-16
    outer loop
      vertex 2.456368e-17 1.250156e-03 9.487793e-03
      vertex 2.386980e-17 1.486421e-03 8.005093e-03
      vertex 2.398082e-17 2.362144e-03 8.632383e-03
    endloop
  endfacet
  facet normal 1.000000e+00 -3.154302e-15 2.197764e-15
    outer loop
      vertex 2.386980e-17 1.486421e-03 8.005093e-03
      vertex 1.761091e-17 -5.581057e-05 8.639473e-03
      vertex 2.448042e-17 9.450586e-04 6.950274e-03
    endloop
  endfacet
  facet normal 1.000000e+00 -4.977429e-15 -1.748447e-15
    outer loop
      vertex 2.386980e-17 1.486421e-03 8.005093e-03
      vertex 2.559064e-17 2.323579e-03 6.606108e-03
      vertex 2.930989e-17 2.700902e-03 7.659127e-03
    endloop
  endfacet
  facet normal 1.000000e+00 9.217677e-16 1.656002e-17
    outer loop
      vertex 2.234324e-17 -3.795117e-04 1.340941e-02
      vertex 2.131628e-17 7.404199e-04 1.308571e-02
      vertex 2.212119e-17 -1.674316e-04 1.501304e-02
    endloop
  endfacet
  facet normal 1.000000e+00 9.919510e-16 -8.331475e-16
    outer loop
      vertex 1.781908e-17 7.292578e-04 1.617762e-02
      vertex 1.693090e-17 1.949648e-03 1.656457e-02
      vertex 1.910971e-17 7.425289e-04 1.774253e-02
    endloop
  endfacet
  facet normal 1.000000e+00 7.049300e-16 3.151357e-15
    outer loop
      vertex 2.212119e-17 -1.674316e-04 1.501304e-02
      vertex 2.102485e-17 1.387822e-03 1.501304e-02
      vertex 1.781908e-17 7.292578e-04 1.617762e-02
    endloop
  endfacet
  facet normal 1.000000e+00 -1.097286e-15 3.035982e-15
    outer loop
      vertex 2.102485e-17 1.387822e-03 1.501304e-02
      vertex 2.051137e-17 3.534668e-03 1.595810e-02
      vertex 1.693090e-17 1.949648e-03 1.656457e-02
    endloop
  endfacet
  facet normal 1.000000e+00 2.099041e-16 -6.678860e-15
    outer loop
      vertex 2.964295e-17 3.958828e-03 -1.461864e-02
      vertex 1.562639e-17 3.609082e-03 -1.672828e-02
      vertex 2.102485e-17 4.764360e-03 -1.588368e-02
    endloop
  endfacet
  facet normal 1.000000e+00 -8.902164e-16 -2.502331e-15
    outer loop
      vertex 2.102485e-17 4.764360e-03 -1.588368e-02
      vertex 2.332162e-17 6.413562e-03 -1.555254e-02
      vertex 2.570166e-17 5.342930e-03 -1.422053e-02
    endloop
  endfacet
  facet normal 1.000000e+00 8.000898e-16 3.758220e-15
    outer loop
      vertex 2.303713e-17 8.511108e-03 -1.365312e-02
      vertex 2.697842e-17 6.704707e-03 -1.431727e-02
      vertex 2.914335e-17 7.685160e-03 -1.510205e-02
    endloop
  endfacet
  facet normal 1.000000e+00 -1.419125e-15 4.213599e-16
    outer loop
      vertex 2.034484e-17 8.166944e-03 -3.274219e-03
      vertex 1.854072e-17 6.652617e-03 -4.092773e-03
      vertex 2.111505e-17 8.296238e-03 -4.666692e-03
    endloop
  endfacet
  facet normal 1.000000e+00 -5.653183e-16 2.866542e-15
    outer loop
      vertex 2.111505e-17 8.296238e-03 -4.666692e-03
      vertex 1.854072e-17 6.652617e-03 -4.092773e-03
      vertex 2.198242e-17 6.929810e-03 -5.238750e-03
    endloop
  endfacet
  facet normal 1.000000e+00 1.980908e-15 -6.846969e-15
    outer loop
      vertex 1.854072e-17 6.652617e-03 -4.092773e-03
      vertex 2.596534e-17 5.901035e-03 -3.225850e-03
      vertex 1.687539e-17 5.409903e-03 -4.695528e-03
    endloop
  endfacet
  facet normal 1.000000e+00 -2.503096e-15 2.397827e-15
    outer loop
      vertex 2.198242e-17 6.929810e-03 -5.238750e-03
      vertex 1.854072e-17 6.652617e-03 -4.092773e-03
      vertex 1.687539e-17 5.409903e-03 -4.695528e-03
    endloop
  endfacet
  facet normal 1.000000e+00 1.608599e-15 -2.623925e-15
    outer loop
      vertex 2.876865e-17 4.044405e-03 -3.449092e-03
      vertex 2.864375e-17 2.902148e-03 -4.196953e-03
      vertex 2.431388e-17 4.243462e-03 -5.024810e-03
    endloop
  endfacet
  facet normal 1.000000e+00 4.804155e-15 5.571915e-15
    outer loop
      vertex 1.687539e-17 5.409903e-03 -4.695528e-03
      vertex 2.431388e-17 4.243462e-03 -5.024810e-03
      vertex 2.398082e-17 5.663607e-03 -6.189496e-03
    endloop
  endfacet
  facet normal 1.000000e+00 -4.883081e-15 -7.645624e-16
    outer loop
      vertex 2.542411e-17 7.813477e-03 -6.381006e-03
      vertex 2.198242e-17 6.929810e-03 -5.238750e-03
      vertex 2.131628e-17 7.037104e-03 -6.795274e-03
    endloop
  endfacet
  facet normal 1.000000e+00 9.106752e-15 -1.002644e-14
    outer loop
      vertex 2.198242e-17 6.929810e-03 -5.238750e-03
      vertex 2.398082e-17 5.663607e-03 -6.189496e-03
      vertex 1.598721e-17 6.341759e-03 -6.370801e-03
    endloop
  endfacet
  facet normal 1.000000e+00 2.474355e-15 -2.861530e-16
    outer loop
      vertex 2.493145e-17 6.453560e-03 -2.061270e-03
      vertex 2.596534e-17 5.901035e-03 -3.225850e-03
      vertex 2.034484e-17 8.166944e-03 -3.274219e-03
    endloop
  endfacet
  facet normal 1.000000e+00 -3.002783e-15 -8.023030e-15
    outer loop
      vertex 3.096134e-17 8.059044e-03 -1.910581e-03
      vertex 2.493145e-17 6.453560e-03 -2.061270e-03
      vertex 2.034484e-17 8.166944e-03 -3.274219e-03
    endloop
  endfacet
  facet normal 1.000000e+00 3.600781e-16 -7.673587e-16
    outer loop
      vertex 2.367551e-17 5.168056e-03 2.835176e-03
      vertex 2.361999e-17 6.384727e-03 3.333750e-03
      vertex 2.453593e-17 5.030391e-03 3.891856e-03
    endloop
  endfacet
  facet normal 1.000000e+00 3.201310e-16 3.629991e-18
    outer loop
      vertex 2.206568e-17 5.729883e-03 5.045274e-03
      vertex 2.264855e-17 3.899297e-03 5.915918e-03
      vertex 2.266243e-17 3.869531e-03 4.717852e-03
    endloop
  endfacet
  facet normal 1.000000e+00 1.247173e-15 1.385324e-15
    outer loop
      vertex 2.453593e-17 5.030391e-03 3.891856e-03
      vertex 2.361999e-17 6.384727e-03 3.333750e-03
      vertex 2.206568e-17 5.729883e-03 5.045274e-03
    endloop
  endfacet
  facet normal 1.000000e+00 -1.959316e-15 1.584944e-16
    outer loop
      vertex 2.361999e-17 6.384727e-03 3.333750e-03
      vertex 2.589595e-17 7.630232e-03 4.370896e-03
      vertex 2.206568e-17 5.729883e-03 5.045274e-03
    endloop
  endfacet
  facet normal 1.000000e+00 -4.993356e-15 -1.740216e-15
    outer loop
      vertex 2.600697e-17 7.891535e-03 1.498639e-02
      vertex 2.120526e-17 6.818189e-03 1.530697e-02
      vertex 2.103873e-17 7.337227e-03 1.372195e-02
    endloop
  endfacet
  facet normal 1.000000e+00 -5.111962e-16 -2.724660e-16
    outer loop
      vertex 2.103873e-17 7.337227e-03 1.372195e-02
      vertex 2.120526e-17 6.818189e-03 1.530697e-02
      vertex 2.032402e-17 5.564312e-03 1.442517e-02
    endloop
  endfacet
  facet normal 1.000000e+00 -8.475419e-16 -1.510807e-15
    outer loop
      vertex 2.087219e-17 6.854045e-03 1.148631e-02
      vertex 2.281508e-17 7.774409e-03 1.225600e-02
      vertex 2.264855e-17 6.470303e-03 1.287735e-02
    endloop
  endfacet
  facet normal 1.000000e+00 -5.982032e-18 3.571150e-15
    outer loop
      vertex 2.241263e-17 8.755745e-03 -7.618139e-03
      vertex 2.620126e-17 1.016496e-02 -8.676680e-03
      vertex 2.216283e-17 1.031007e-02 -7.545586e-03
    endloop
  endfacet
  facet normal 1.000000e+00 -8.061147e-17 -2.820534e-15
    outer loop
      vertex 2.620126e-17 1.016496e-02 -8.676680e-03
      vertex 2.453593e-17 9.033868e-03 -9.234785e-03
      vertex 2.253753e-17 1.015008e-02 -9.975205e-03
    endloop
  endfacet
  facet normal 1.000000e+00 -1.954474e-15 9.771575e-16
    outer loop
      vertex 2.620126e-17 1.016496e-02 -8.676680e-03
      vertex 2.241263e-17 8.755745e-03 -7.618139e-03
      vertex 2.453593e-17 9.033868e-03 -9.234785e-03
    endloop
  endfacet
  facet normal 1.000000e+00 3.192357e-16 7.295296e-16
    outer loop
      vertex 2.453593e-17 9.033868e-03 -9.234785e-03
      vertex 2.509104e-17 8.286316e-03 -9.668580e-03
      vertex 2.556289e-17 9.128745e-03 -1.068400e-02
    endloop
  endfacet
  facet normal 1.000000e+00 -1.730822e-15 -9.712742e-16
    outer loop
      vertex 2.556289e-17 9.128745e-03 -1.068400e-02
      vertex 2.509104e-17 8.286316e-03 -9.668580e-03
      vertex 2.264855e-17 7.813477e-03 -1.134070e-02
    endloop
  endfacet
  facet normal 1.000000e+00 5.523819e-16 -5.544151e-15
    outer loop
      vertex 2.264855e-17 7.813477e-03 -1.134070e-02
      vertex 1.892930e-17 8.832949e-03 -1.190997e-02
      vertex 2.556289e-17 9.128745e-03 -1.068400e-02
    endloop
  endfacet
  facet normal 1.000000e+00 -4.477684e-15 -4.330522e-15
    outer loop
      vertex 1.892930e-17 8.832949e-03 -1.190997e-02
      vertex 2.851885e-17 1.060214e-02 -1.152488e-02
      vertex 2.556289e-17 9.128745e-03 -1.068400e-02
    endloop
  endfacet
  facet normal 1.000000e+00 -2.189092e-15 3.221142e-15
    outer loop
      vertex 2.253753e-17 1.015008e-02 -9.975205e-03
      vertex 2.851885e-17 1.060214e-02 -1.152488e-02
      vertex 2.454287e-17 1.124955e-02 -9.850561e-03
    endloop
  endfacet
  facet normal 1.000000e+00 -1.441535e-15 -9.164968e-16
    outer loop
      vertex 2.658984e-17 1.065609e-02 8.085088e-03
      vertex 2.411960e-17 8.867365e-03 8.203220e-03
      vertex 2.399470e-17 1.000962e-02 6.270315e-03
    endloop
  endfacet
  facet normal 1.000000e+00 2.268070e-15 2.527739e-15
    outer loop
      vertex 2.292611e-17 7.221885e-03 5.912197e-03
      vertex 2.589595e-17 7.630232e-03 4.370896e-03
      vertex 2.051137e-17 9.096189e-03 5.185730e-03
    endloop
  endfacet
  facet normal 1.000000e+00 1.863059e-15 2.598578e-15
    outer loop
      vertex 1.820766e-17 1.029891e-02 1.077516e-02
      vertex 2.187139e-17 8.996660e-03 1.029891e-02
      vertex 2.231548e-17 9.889628e-03 9.487793e-03
    endloop
  endfacet
  facet normal 1.000000e+00 1.481205e-15 2.931433e-15
    outer loop
      vertex 1.659783e-17 1.142256e-02 1.075655e-02
      vertex 1.820766e-17 1.029891e-02 1.077516e-02
      vertex 2.026157e-17 1.113606e-02 9.651504e-03
    endloop
  endfacet
  facet normal 1.000000e+00 4.518017e-16 1.044902e-15
    outer loop
      vertex 2.231548e-17 9.889628e-03 9.487793e-03
      vertex 2.187139e-17 8.996660e-03 1.029891e-02
      vertex 2.411960e-17 8.867365e-03 8.203220e-03
    endloop
  endfacet
  facet normal 1.000000e+00 -1.223927e-15 2.378448e-15
    outer loop
      vertex 2.411960e-17 8.867365e-03 8.203220e-03
      vertex 2.658984e-17 1.065609e-02 8.085088e-03
      vertex 2.231548e-17 9.889628e-03 9.487793e-03
    endloop
  endfacet
  facet normal 1.000000e+00 5.583773e-15 1.853874e-15
    outer loop
      vertex 2.660372e-17 1.111932e-02 6.682383e-03
      vertex 1.998401e-17 1.211461e-02 7.255371e-03
      vertex 2.658984e-17 1.065609e-02 8.085088e-03
    endloop
  endfacet
  facet normal 1.000000e+00 -1.602285e-15 -1.873238e-15
    outer loop
      vertex 2.516043e-17 9.494560e-03 1.488834e-02
      vertex 2.109424e-17 8.905502e-03 1.322152e-02
      vertex 2.253753e-17 9.969551e-03 1.308186e-02
    endloop
  endfacet
  facet normal 1.000000e+00 3.882111e-16 1.327512e-15
    outer loop
      vertex 2.103873e-17 7.337227e-03 1.372195e-02
      vertex 2.281508e-17 7.774409e-03 1.225600e-02
      vertex 2.109424e-17 8.905502e-03 1.322152e-02
    endloop
  endfacet
  facet normal 1.000000e+00 -4.906224e-15 -3.465691e-15
    outer loop
      vertex 2.281508e-17 7.774409e-03 1.225600e-02
      vertex 1.965095e-17 7.934654e-03 1.111616e-02
      vertex 2.847722e-17 9.391054e-03 1.160115e-02
    endloop
  endfacet
  facet normal 1.000000e+00 5.613004e-15 -3.968897e-15
    outer loop
      vertex 2.851885e-17 1.060214e-02 -1.152488e-02
      vertex 1.761785e-17 1.156671e-02 -1.290735e-02
      vertex 2.081668e-17 1.221507e-02 -1.118443e-02
    endloop
  endfacet
  facet normal 1.000000e+00 6.303435e-15 -4.057586e-15
    outer loop
      vertex 2.089995e-17 1.274713e-02 -7.876729e-03
      vertex 2.690903e-17 1.159743e-02 -8.181827e-03
      vertex 1.314227e-17 1.291084e-02 -9.534302e-03
    endloop
  endfacet
  facet normal 1.000000e+00 -8.746280e-16 -2.186567e-16
    outer loop
      vertex 2.117750e-17 1.324942e-02 8.174385e-03
      vertex 2.058076e-17 1.230064e-02 9.240366e-03
      vertex 1.998401e-17 1.211461e-02 7.255371e-03
    endloop
  endfacet
  facet normal 1.000000e+00 8.127934e-16 1.283237e-15
    outer loop
      vertex 2.117750e-17 1.324942e-02 8.174385e-03
      vertex 1.884604e-17 1.411794e-02 9.441139e-03
      vertex 2.058076e-17 1.230064e-02 9.240366e-03
    endloop
  endfacet
  facet normal 1.000000e+00 9.215950e-16 3.562236e-15
    outer loop
      vertex 2.438327e-17 1.484520e-02 7.698561e-03
      vertex 1.965095e-17 1.531106e-02 8.906506e-03
      vertex 1.884604e-17 1.411794e-02 9.441139e-03
    endloop
  endfacet
  facet normal 1.000000e+00 3.707452e-15 -1.226739e-16
    outer loop
      vertex 1.951217e-17 1.619994e-02 -4.323457e-03
      vertex 2.303713e-17 1.518047e-02 -6.399610e-03
      vertex 1.898481e-17 1.628965e-02 -5.911019e-03
    endloop
  endfacet
  facet normal 1.000000e+00 8.026228e-16 2.075729e-15
    outer loop
      vertex 1.951217e-17 1.619994e-02 -4.323457e-03
      vertex 1.754152e-17 1.764912e-02 -3.934436e-03
      vertex 1.676437e-17 1.637109e-02 -3.065859e-03
    endloop
  endfacet
  facet normal 1.000000e+00 8.030399e-16 -1.315023e-15
    outer loop
      vertex 2.375877e-17 1.680270e-02 2.902148e-03
      vertex 2.170486e-17 1.647880e-02 1.142473e-03
      vertex 2.195466e-17 1.749476e-02 1.952844e-03
    endloop
  endfacet
  facet normal 1.000000e+00 -1.842926e-15 2.032949e-15
    outer loop
      vertex 2.431388e-17 1.602879e-02 5.104805e-03
      vertex 2.747802e-17 1.689199e-02 4.330898e-03
      vertex 2.495226e-17 1.725513e-02 5.902499e-03
    endloop
  endfacet
  facet normal 1.000000e+00 4.496888e-16 3.292903e-15
    outer loop
      vertex 2.195466e-17 1.749476e-02 1.952844e-03
      vertex 2.686046e-17 1.832904e-02 3.491024e-04
      vertex 2.131628e-17 1.895165e-02 1.947752e-03
    endloop
  endfacet
  facet normal 1.000000e+00 -1.969370e-06 3.840669e-05
    outer loop
      vertex 1.941503e-17 2.911160e-03 1.785373e-02
      vertex -4.409211e-08 1.942975e-03 1.895211e-02
      vertex 1.910971e-17 7.425289e-04 1.774253e-02
    endloop
  endfacet
  facet normal 1.000000e+00 1.267760e-07 2.986173e-06
    outer loop
      vertex 1.881134e-17 -6.836805e-04 1.780307e-02
      vertex 1.910971e-17 7.425289e-04 1.774253e-02
      vertex -3.810843e-09 6.125071e-06 1.904995e-02
    endloop
  endfacet
  facet normal 1.000000e+00 -1.396999e-07 1.895835e-06
    outer loop
      vertex 1.855460e-17 -2.432002e-03 1.767424e-02
      vertex 1.881134e-17 -6.836805e-04 1.780307e-02
      vertex -2.353466e-09 -1.956350e-03 1.895068e-02
    endloop
  endfacet
  facet normal 1.000000e+00 3.133983e-15 -7.106247e-15
    outer loop
      vertex 1.804112e-17 -1.779112e-02 -1.896824e-03
      vertex 2.842171e-17 -1.902521e-02 -9.803105e-04
      vertex 2.131628e-17 -1.895165e-02 -1.947752e-03
    endloop
  endfacet
  facet normal 1.000000e+00 -6.774432e-06 1.052911e-05
    outer loop
      vertex 1.963707e-17 -1.398434e-02 -1.165717e-02
      vertex -1.113966e-08 -1.525232e-02 -1.141500e-02
      vertex 1.421085e-17 -1.469991e-02 -1.211757e-02
    endloop
  endfacet
  facet normal 1.000000e+00 -2.621859e-15 -5.322568e-15
    outer loop
      vertex 2.707556e-17 -1.169296e-02 -1.382702e-02
      vertex 2.131628e-17 -1.211757e-02 -1.469991e-02
      vertex 2.465736e-17 -1.060014e-02 -1.481966e-02
    endloop
  endfacet
  facet normal 1.000000e+00 3.714474e-06 -1.732046e-06
    outer loop
      vertex 2.470246e-17 -1.255705e-03 -1.748189e-02
      vertex 4.587211e-12 -1.942508e-03 -1.895213e-02
      vertex -3.718934e-09 -9.742835e-04 -1.902550e-02
    endloop
  endfacet
  facet normal 1.000000e+00 6.086728e-06 -1.744577e-06
    outer loop
      vertex 2.471634e-17 1.408467e-03 -1.746437e-02
      vertex 1.519699e-11 9.583321e-04 -1.902615e-02
      vertex -5.888579e-09 1.949687e-03 -1.895144e-02
    endloop
  endfacet
  facet normal 1.000000e+00 -1.299269e-16 -7.334676e-15
    outer loop
      vertex 1.909584e-17 1.748189e-02 -1.255705e-03
      vertex 1.421085e-17 1.895165e-02 -1.947752e-03
      vertex 2.131628e-17 1.902521e-02 -9.803105e-04
    endloop
  endfacet
  facet normal 1.000000e+00 4.220057e-16 -4.360057e-15
    outer loop
      vertex 2.126077e-17 -1.717893e-02 -3.588071e-03
      vertex 1.398881e-17 -1.735276e-02 -5.272755e-03
      vertex 1.804112e-17 -1.637854e-02 -4.249043e-03
    endloop
  endfacet
  facet normal 1.000000e+00 -5.767949e-16 -1.555201e-14
    outer loop
      vertex 3.552714e-17 -1.866297e-02 -3.839239e-03
      vertex 2.131628e-17 -1.845026e-02 -4.760892e-03
      vertex 1.398881e-17 -1.735276e-02 -5.272755e-03
    endloop
  endfacet
  facet normal 1.000000e+00 -9.388977e-15 -2.168319e-15
    outer loop
      vertex 1.579292e-17 -1.808840e-02 2.922784e-03
      vertex 1.770806e-17 -1.752643e-02 1.372649e-03
      vertex 2.700618e-17 -1.696699e-02 3.238375e-03
    endloop
  endfacet
  facet normal 1.000000e+00 -2.675375e-06 -1.201322e-05
    outer loop
      vertex -1.182761e-08 -4.781792e-03 -1.844496e-02
      vertex 2.409184e-17 -3.934436e-03 -1.764912e-02
      vertex 2.342571e-17 -5.198341e-03 -1.736765e-02
    endloop
  endfacet
  facet normal 1.000000e+00 9.852332e-17 2.808981e-15
    outer loop
      vertex 2.342571e-17 -5.198341e-03 -1.736765e-02
      vertex 2.409184e-17 -3.934436e-03 -1.764912e-02
      vertex 2.142730e-17 -4.204394e-03 -1.669107e-02
    endloop
  endfacet
  facet normal 1.000000e+00 5.105154e-16 5.815055e-15
    outer loop
      vertex 2.128853e-17 -4.076074e-03 1.734843e-02
      vertex 2.559064e-17 -3.065859e-03 1.651992e-02
      vertex 1.855460e-17 -2.432002e-03 1.767424e-02
    endloop
  endfacet
  facet normal 1.000000e+00 4.667715e-15 -2.123503e-15
    outer loop
      vertex 2.471634e-17 1.408467e-03 -1.746437e-02
      vertex 1.687539e-17 2.911160e-03 -1.785373e-02
      vertex 2.278733e-17 2.217539e-03 -1.659434e-02
    endloop
  endfacet
  facet normal 1.000000e+00 -3.184646e-16 1.307274e-15
    outer loop
      vertex 1.687539e-17 2.911160e-03 -1.785373e-02
      vertex 1.720846e-17 4.172410e-03 -1.780125e-02
      vertex 1.562639e-17 3.609082e-03 -1.672828e-02
    endloop
  endfacet
  facet normal 1.000000e+00 3.599349e-16 -1.611961e-15
    outer loop
      vertex 2.292611e-17 7.221885e-03 5.912197e-03
      vertex 2.398082e-17 6.253227e-03 6.350209e-03
      vertex 2.206568e-17 5.729883e-03 5.045274e-03
    endloop
  endfacet
  facet normal 1.000000e+00 -8.323535e-15 7.254155e-15
    outer loop
      vertex 2.364775e-17 1.575645e-02 -8.763478e-03
      vertex 1.690315e-17 1.425288e-02 -9.558949e-03
      vertex 2.869927e-17 1.512119e-02 -1.018875e-02
    endloop
  endfacet
  facet normal 1.000000e+00 1.751622e-06 -2.244285e-06
    outer loop
      vertex -2.961205e-09 1.526952e-02 -1.139243e-02
      vertex 2.869927e-17 1.512119e-02 -1.018875e-02
      vertex 2.203793e-17 1.385896e-02 -1.117390e-02
    endloop
  endfacet
  facet normal 1.000000e+00 -4.235073e-15 4.620804e-16
    outer loop
      vertex 1.754152e-17 1.764912e-02 -3.934436e-03
      vertex 1.643130e-17 1.727067e-02 -5.000323e-03
      vertex 2.131628e-17 1.845026e-02 -4.760892e-03
    endloop
  endfacet
  facet normal 1.000000e+00 1.812164e-15 -1.685009e-15
    outer loop
      vertex 1.754152e-17 1.764912e-02 -3.934436e-03
      vertex 1.951217e-17 1.619994e-02 -4.323457e-03
      vertex 1.643130e-17 1.727067e-02 -5.000323e-03
    endloop
  endfacet
  facet normal 1.000000e+00 9.486155e-16 2.290543e-15
    outer loop
      vertex 1.754152e-17 1.764912e-02 -3.934436e-03
      vertex 1.421085e-17 1.767343e-02 -2.490407e-03
      vertex 1.676437e-17 1.637109e-02 -3.065859e-03
    endloop
  endfacet
  facet normal 1.000000e+00 -2.538443e-15 -4.238184e-15
    outer loop
      vertex 3.019807e-17 1.780488e-02 3.821249e-03
      vertex 2.375877e-17 1.680270e-02 2.902148e-03
      vertex 2.646494e-17 1.785373e-02 2.911160e-03
    endloop
  endfacet
  facet normal 1.000000e+00 1.731601e-15 2.346365e-15
    outer loop
      vertex 2.438327e-17 1.484520e-02 7.698561e-03
      vertex 2.514655e-17 1.591882e-02 6.580931e-03
      vertex 2.084444e-17 1.624360e-02 8.174772e-03
    endloop
  endfacet
  facet normal 1.000000e+00 -1.390876e-15 2.845762e-15
    outer loop
      vertex 3.019807e-17 1.780488e-02 3.821249e-03
      vertex 2.842171e-17 1.845026e-02 4.760892e-03
      vertex 2.747802e-17 1.689199e-02 4.330898e-03
    endloop
  endfacet
  facet normal 1.000000e+00 -1.353356e-05 5.372511e-06
    outer loop
      vertex 1.786765e-17 -1.510457e-02 9.178978e-03
      vertex 1.866562e-17 -1.451062e-02 1.067517e-02
      vertex -1.726939e-08 -1.579580e-02 1.065215e-02
    endloop
  endfacet
  facet normal -8.836380e-03 -9.944613e-01 -1.047315e-01
    outer loop
      vertex 2.990328e-03 2.826700e-03 -9.114780e-03
      vertex 2.486408e-03 2.880669e-03 -9.584717e-03
      vertex 4.315161e-03 2.850309e-03 -9.450731e-03
    endloop
  endfacet
  facet normal 2.210439e-03 -7.105815e-01 -7.036114e-01
    outer loop
      vertex 4.318937e-03 3.392628e-03 -1.062976e-02
      vertex 2.273979e-03 3.537160e-03 -1.078215e-02
      vertex 4.317333e-03 3.689425e-03 -1.092950e-02
    endloop
  endfacet
  facet normal -5.301885e-03 -5.087356e-02 -9.986910e-01
    outer loop
      vertex 2.869306e-03 4.945092e-03 -1.146815e-02
      vertex 2.492956e-03 5.283595e-03 -1.148340e-02
      vertex 4.321685e-03 5.235556e-03 -1.149066e-02
    endloop
  endfacet
  facet normal -1.537555e-03 9.198099e-02 -9.957596e-01
    outer loop
      vertex 4.321685e-03 5.235556e-03 -1.149066e-02
      vertex 2.492956e-03 5.283595e-03 -1.148340e-02
      vertex 4.318072e-03 5.673644e-03 -1.145019e-02
    endloop
  endfacet
  facet normal -3.000949e-03 4.029123e-01 -9.152337e-01
    outer loop
      vertex 2.278479e-03 6.039230e-03 -1.134919e-02
      vertex 2.037660e-03 6.376148e-03 -1.120008e-02
      vertex 4.315179e-03 6.068851e-03 -1.134283e-02
    endloop
  endfacet
  facet normal -5.865584e-03 6.573088e-01 -7.535985e-01
    outer loop
      vertex 2.407467e-03 6.700896e-03 -1.099048e-02
      vertex 2.017219e-03 6.956621e-03 -1.076439e-02
      vertex 4.314922e-03 6.899730e-03 -1.083190e-02
    endloop
  endfacet
  facet normal 2.727177e-03 7.687448e-01 -6.395498e-01
    outer loop
      vertex 4.314922e-03 6.899730e-03 -1.083190e-02
      vertex 2.248663e-03 7.184122e-03 -1.049887e-02
      vertex 4.317230e-03 7.274071e-03 -1.038193e-02
    endloop
  endfacet
  facet normal 2.066756e-03 8.952633e-01 -4.455327e-01
    outer loop
      vertex 4.317230e-03 7.274071e-03 -1.038193e-02
      vertex 2.346255e-03 7.336843e-03 -1.026494e-02
      vertex 2.326026e-03 7.450041e-03 -1.003757e-02
    endloop
  endfacet
  facet normal 3.961313e-05 -9.934652e-01 -1.141350e-01
    outer loop
      vertex 1.839175e-03 2.825354e-03 -9.103465e-03
      vertex 2.486408e-03 2.880669e-03 -9.584717e-03
      vertex 2.990328e-03 2.826700e-03 -9.114780e-03
    endloop
  endfacet
  facet normal 1.461923e-03 -5.706302e-01 -8.212058e-01
    outer loop
      vertex 4.127114e-04 3.980898e-03 -1.113621e-02
      vertex 4.316491e-03 4.051105e-03 -1.117804e-02
      vertex 1.707630e-03 3.785884e-03 -1.099839e-02
    endloop
  endfacet
  facet normal 7.023040e-04 -2.907994e-01 -9.567838e-01
    outer loop
      vertex 5.755978e-04 4.741252e-03 -1.144037e-02
      vertex 4.317665e-03 4.740186e-03 -1.143730e-02
      vertex 2.595493e-03 4.398155e-03 -1.133461e-02
    endloop
  endfacet
  facet normal -2.382249e-03 1.840877e-01 -9.829069e-01
    outer loop
      vertex 1.489189e-03 5.562224e-03 -1.146420e-02
      vertex 2.407509e-03 5.763026e-03 -1.142882e-02
      vertex 4.318072e-03 5.673644e-03 -1.145019e-02
    endloop
  endfacet
  facet normal 1.955019e-03 7.575477e-02 -9.971246e-01
    outer loop
      vertex 1.489189e-03 5.562224e-03 -1.146420e-02
      vertex 4.318072e-03 5.673644e-03 -1.145019e-02
      vertex 2.492956e-03 5.283595e-03 -1.148340e-02
    endloop
  endfacet
  facet normal 6.768670e-03 4.087409e-01 -9.126254e-01
    outer loop
      vertex 2.037660e-03 6.376148e-03 -1.120008e-02
      vertex 2.278479e-03 6.039230e-03 -1.134919e-02
      vertex 5.773083e-04 6.215997e-03 -1.128264e-02
    endloop
  endfacet
  facet normal -5.461309e-03 5.466510e-01 -8.373427e-01
    outer loop
      vertex 2.407467e-03 6.700896e-03 -1.099048e-02
      vertex 4.314647e-03 6.464849e-03 -1.115702e-02
      vertex 2.037660e-03 6.376148e-03 -1.120008e-02
    endloop
  endfacet
  facet normal -3.360831e-03 9.556522e-01 -2.944784e-01
    outer loop
      vertex 2.093395e-03 7.589833e-03 -9.602654e-03
      vertex 4.318270e-03 7.590220e-03 -9.626790e-03
      vertex 4.318971e-03 7.490247e-03 -9.951235e-03
    endloop
  endfacet
  facet normal -1.849720e-02 9.923992e-01 -1.216619e-01
    outer loop
      vertex 1.936747e-03 7.651750e-03 -9.073781e-03
      vertex 2.869077e-03 7.642507e-03 -9.290930e-03
      vertex 2.093395e-03 7.589833e-03 -9.602654e-03
    endloop
  endfacet
  facet normal 6.507809e-03 -9.943935e-01 -1.055427e-01
    outer loop
      vertex 4.486729e-04 2.855948e-03 -9.477453e-03
      vertex 2.486408e-03 2.880669e-03 -9.584717e-03
      vertex 1.839175e-03 2.825354e-03 -9.103465e-03
    endloop
  endfacet
  facet normal 6.291001e-03 -8.505267e-01 -5.258943e-01
    outer loop
      vertex 4.111367e-04 3.174109e-03 -1.032980e-02
      vertex 2.003710e-03 3.263586e-03 -1.045546e-02
      vertex 2.557336e-03 3.082822e-03 -1.015649e-02
    endloop
  endfacet
  facet normal 8.287804e-03 -7.700165e-01 -6.379701e-01
    outer loop
      vertex 2.003710e-03 3.263586e-03 -1.045546e-02
      vertex 4.153712e-04 3.508606e-03 -1.077183e-02
      vertex 2.273979e-03 3.537160e-03 -1.078215e-02
    endloop
  endfacet
  facet normal 3.887684e-03 -3.944007e-01 -9.189303e-01
    outer loop
      vertex 2.326026e-03 4.180318e-03 -1.124225e-02
      vertex 5.237822e-04 4.279448e-03 -1.129242e-02
      vertex 2.595493e-03 4.398155e-03 -1.133461e-02
    endloop
  endfacet
  facet normal -8.182089e-04 -4.633727e-01 -8.861631e-01
    outer loop
      vertex 5.237822e-04 4.279448e-03 -1.129242e-02
      vertex 2.326026e-03 4.180318e-03 -1.124225e-02
      vertex 4.127114e-04 3.980898e-03 -1.113621e-02
    endloop
  endfacet
  facet normal -1.922153e-03 -3.048941e-01 -9.523843e-01
    outer loop
      vertex 2.595493e-03 4.398155e-03 -1.133461e-02
      vertex 5.237822e-04 4.279448e-03 -1.129242e-02
      vertex 5.755978e-04 4.741252e-03 -1.144037e-02
    endloop
  endfacet
  facet normal 5.500428e-03 -3.888767e-02 -9.992284e-01
    outer loop
      vertex 4.068811e-04 5.151098e-03 -1.148973e-02
      vertex 2.492956e-03 5.283595e-03 -1.148340e-02
      vertex 2.869306e-03 4.945092e-03 -1.146815e-02
    endloop
  endfacet
  facet normal -1.091443e-03 6.483296e-02 -9.978955e-01
    outer loop
      vertex 1.489189e-03 5.562224e-03 -1.146420e-02
      vertex 2.492956e-03 5.283595e-03 -1.148340e-02
      vertex 4.068811e-04 5.151098e-03 -1.148973e-02
    endloop
  endfacet
  facet normal 7.057667e-03 6.683663e-01 -7.437988e-01
    outer loop
      vertex 2.407467e-03 6.700896e-03 -1.099048e-02
      vertex 4.151814e-04 6.825768e-03 -1.089718e-02
      vertex 2.017219e-03 6.956621e-03 -1.076439e-02
    endloop
  endfacet
  facet normal 2.988291e-03 8.367795e-01 -5.475319e-01
    outer loop
      vertex 2.248663e-03 7.184122e-03 -1.049887e-02
      vertex 4.517928e-04 7.325948e-03 -1.029193e-02
      vertex 2.346255e-03 7.336843e-03 -1.026494e-02
    endloop
  endfacet
  facet normal 1.199926e-03 8.952338e-01 -4.455951e-01
    outer loop
      vertex 2.346255e-03 7.336843e-03 -1.026494e-02
      vertex 4.517928e-04 7.325948e-03 -1.029193e-02
      vertex 2.326026e-03 7.450041e-03 -1.003757e-02
    endloop
  endfacet
  facet normal 1.064408e-02 9.536200e-01 -3.008249e-01
    outer loop
      vertex 2.326026e-03 7.450041e-03 -1.003757e-02
      vertex 4.045306e-04 7.540055e-03 -9.820209e-03
      vertex 2.093395e-03 7.589833e-03 -9.602654e-03
    endloop
  endfacet
  facet normal 1.362557e-02 9.935825e-01 -1.122860e-01
    outer loop
      vertex 1.936747e-03 7.651750e-03 -9.073781e-03
      vertex 2.093395e-03 7.589833e-03 -9.602654e-03
      vertex 4.623539e-04 7.642267e-03 -9.336605e-03
    endloop
  endfacet
  facet normal 5.389713e-03 9.997969e-01 -1.941811e-02
    outer loop
      vertex 2.869077e-03 7.642507e-03 -9.290930e-03
      vertex 1.936747e-03 7.651750e-03 -9.073781e-03
      vertex 2.931299e-03 7.648125e-03 -8.984371e-03
    endloop
  endfacet
  facet normal -5.442198e-03 -9.616068e-01 2.743770e-01
    outer loop
      vertex 4.321564e-03 2.952211e-03 -8.282296e-03
      vertex 2.184912e-03 2.980742e-03 -8.224682e-03
      vertex 2.353611e-03 2.883158e-03 -8.563339e-03
    endloop
  endfacet
  facet normal -1.348246e-03 -9.151190e-01 4.031815e-01
    outer loop
      vertex 4.321564e-03 2.952211e-03 -8.282296e-03
      vertex 2.526864e-03 3.087319e-03 -7.981637e-03
      vertex 2.184912e-03 2.980742e-03 -8.224682e-03
    endloop
  endfacet
  facet normal -1.543598e-03 -8.701616e-01 4.927640e-01
    outer loop
      vertex 4.315056e-03 3.205372e-03 -7.767568e-03
      vertex 1.846508e-03 3.204932e-03 -7.776077e-03
      vertex 2.526864e-03 3.087319e-03 -7.981637e-03
    endloop
  endfacet
  facet normal -6.535458e-03 -7.246150e-01 6.891229e-01
    outer loop
      vertex 4.321704e-03 3.477075e-03 -7.417529e-03
      vertex 2.398362e-03 3.614349e-03 -7.291425e-03
      vertex 2.386546e-03 3.372960e-03 -7.545359e-03
    endloop
  endfacet
  facet normal 1.999714e-03 -7.899697e-01 6.131426e-01
    outer loop
      vertex 4.315056e-03 3.205372e-03 -7.767568e-03
      vertex 4.321704e-03 3.477075e-03 -7.417529e-03
      vertex 2.386546e-03 3.372960e-03 -7.545359e-03
    endloop
  endfacet
  facet normal -4.496814e-03 -5.570107e-01 8.304932e-01
    outer loop
      vertex 2.418518e-03 3.771572e-03 -7.158840e-03
      vertex 4.316689e-03 3.861060e-03 -7.088543e-03
      vertex 2.326592e-03 4.014780e-03 -6.996219e-03
    endloop
  endfacet
  facet normal 2.571521e-02 -1.085506e-01 9.937583e-01
    outer loop
      vertex 2.626688e-03 5.202965e-03 -6.661843e-03
      vertex 2.248660e-03 4.988354e-03 -6.675504e-03
      vertex 2.536581e-03 4.785229e-03 -6.705142e-03
    endloop
  endfacet
  facet normal -1.025633e-03 5.414271e-01 8.407471e-01
    outer loop
      vertex 4.326553e-03 6.689283e-03 -7.139968e-03
      vertex 2.388645e-03 6.642184e-03 -7.112001e-03
      vertex 2.346450e-03 6.433917e-03 -6.977931e-03
    endloop
  endfacet
  facet normal -2.157464e-03 6.938625e-01 7.201043e-01
    outer loop
      vertex 4.316352e-03 7.000814e-03 -7.422866e-03
      vertex 2.329043e-03 7.008568e-03 -7.436292e-03
      vertex 2.890922e-03 6.809437e-03 -7.242734e-03
    endloop
  endfacet
  facet normal -3.852636e-03 6.229916e-01 7.822190e-01
    outer loop
      vertex 2.388645e-03 6.642184e-03 -7.112001e-03
      vertex 4.326553e-03 6.689283e-03 -7.139968e-03
      vertex 2.890922e-03 6.809437e-03 -7.242734e-03
    endloop
  endfacet
  facet normal -4.885844e-03 8.298880e-01 5.579086e-01
    outer loop
      vertex 2.288549e-03 7.156727e-03 -7.610435e-03
      vertex 4.317778e-03 7.257683e-03 -7.742836e-03
      vertex 2.200147e-03 7.305710e-03 -7.832821e-03
    endloop
  endfacet
  facet normal -1.186527e-03 7.798078e-01 6.260178e-01
    outer loop
      vertex 4.317778e-03 7.257683e-03 -7.742836e-03
      vertex 2.329043e-03 7.008568e-03 -7.436292e-03
      vertex 4.316352e-03 7.000814e-03 -7.422866e-03
    endloop
  endfacet
  facet normal 4.324605e-03 7.621319e-01 6.474073e-01
    outer loop
      vertex 2.329043e-03 7.008568e-03 -7.436292e-03
      vertex 4.317778e-03 7.257683e-03 -7.742836e-03
      vertex 2.288549e-03 7.156727e-03 -7.610435e-03
    endloop
  endfacet
  facet normal -5.485758e-03 9.952998e-01 9.668661e-02
    outer loop
      vertex 2.575988e-03 7.613615e-03 -8.649281e-03
      vertex 4.319555e-03 7.640496e-03 -8.827067e-03
      vertex 2.931299e-03 7.648125e-03 -8.984371e-03
    endloop
  endfacet
  facet normal -1.053011e-04 3.314565e-01 9.434705e-01
    outer loop
      vertex 1.676654e-03 6.150960e-03 -6.841185e-03
      vertex 4.318575e-03 5.874557e-03 -6.743785e-03
      vertex 4.319284e-03 6.227995e-03 -6.867953e-03
    endloop
  endfacet
  facet normal -3.813016e-03 4.424282e-01 8.967958e-01
    outer loop
      vertex 1.676654e-03 6.150960e-03 -6.841185e-03
      vertex 4.319284e-03 6.227995e-03 -6.867953e-03
      vertex 2.346450e-03 6.433917e-03 -6.977931e-03
    endloop
  endfacet
  facet normal 2.849278e-03 7.011204e-01 7.130372e-01
    outer loop
      vertex 4.470434e-04 6.892574e-03 -7.314716e-03
      vertex 2.890922e-03 6.809437e-03 -7.242734e-03
      vertex 2.329043e-03 7.008568e-03 -7.436292e-03
    endloop
  endfacet
  facet normal -2.039164e-03 6.196328e-01 7.848892e-01
    outer loop
      vertex 2.388645e-03 6.642184e-03 -7.112001e-03
      vertex 2.890922e-03 6.809437e-03 -7.242734e-03
      vertex 4.470434e-04 6.892574e-03 -7.314716e-03
    endloop
  endfacet
  facet normal -5.100921e-03 9.952625e-01 9.709083e-02
    outer loop
      vertex 1.936747e-03 7.651750e-03 -9.073781e-03
      vertex 2.575988e-03 7.613615e-03 -8.649281e-03
      vertex 2.931299e-03 7.648125e-03 -8.984371e-03
    endloop
  endfacet
  facet normal 4.998239e-03 -9.952852e-01 9.686259e-02
    outer loop
      vertex 4.400951e-04 2.869775e-03 -8.574838e-03
      vertex 4.200491e-04 2.821621e-03 -9.068598e-03
      vertex 1.839175e-03 2.825354e-03 -9.103465e-03
    endloop
  endfacet
  facet normal 6.354938e-03 -9.949245e-01 1.004230e-01
    outer loop
      vertex 1.839175e-03 2.825354e-03 -9.103465e-03
      vertex 2.353611e-03 2.883158e-03 -8.563339e-03
      vertex 4.400951e-04 2.869775e-03 -8.574838e-03
    endloop
  endfacet
  facet normal 5.824375e-04 -8.707038e-01 4.918074e-01
    outer loop
      vertex 1.846508e-03 3.204932e-03 -7.776077e-03
      vertex 4.069606e-04 3.244088e-03 -7.705051e-03
      vertex 4.098627e-04 3.052922e-03 -8.043498e-03
    endloop
  endfacet
  facet normal 3.686125e-03 -5.548754e-01 8.319253e-01
    outer loop
      vertex 2.326592e-03 4.014780e-03 -6.996219e-03
      vertex 4.092205e-04 3.994091e-03 -7.001522e-03
      vertex 2.418518e-03 3.771572e-03 -7.158840e-03
    endloop
  endfacet
  facet normal 1.580147e-03 -4.619425e-01 8.869085e-01
    outer loop
      vertex 2.337483e-03 4.260480e-03 -6.868266e-03
      vertex 4.365218e-04 4.281052e-03 -6.854165e-03
      vertex 2.326592e-03 4.014780e-03 -6.996219e-03
    endloop
  endfacet
  facet normal -3.216692e-03 -3.033708e-01 9.528671e-01
    outer loop
      vertex 4.365218e-04 4.281052e-03 -6.854165e-03
      vertex 2.495072e-03 4.504956e-03 -6.775929e-03
      vertex 4.095356e-04 4.771974e-03 -6.697958e-03
    endloop
  endfacet
  facet normal 3.092176e-03 -3.550727e-01 9.348336e-01
    outer loop
      vertex 2.495072e-03 4.504956e-03 -6.775929e-03
      vertex 4.365218e-04 4.281052e-03 -6.854165e-03
      vertex 2.337483e-03 4.260480e-03 -6.868266e-03
    endloop
  endfacet
  facet normal 4.804342e-03 -2.455429e-01 9.693738e-01
    outer loop
      vertex 4.095356e-04 4.771974e-03 -6.697958e-03
      vertex 2.495072e-03 4.504956e-03 -6.775929e-03
      vertex 2.536581e-03 4.785229e-03 -6.705142e-03
    endloop
  endfacet
  facet normal 4.018493e-03 1.130737e-01 9.935785e-01
    outer loop
      vertex 2.208685e-03 5.414118e-03 -6.667694e-03
      vertex 2.555759e-03 5.641039e-03 -6.694922e-03
      vertex 4.114836e-04 5.393275e-03 -6.658053e-03
    endloop
  endfacet
  facet normal 6.212767e-03 4.231602e-01 9.060336e-01
    outer loop
      vertex 1.676654e-03 6.150960e-03 -6.841185e-03
      vertex 2.346450e-03 6.433917e-03 -6.977931e-03
      vertex 4.104697e-04 6.310230e-03 -6.906889e-03
    endloop
  endfacet
  facet normal -3.773254e-03 5.418170e-01 8.404880e-01
    outer loop
      vertex 4.104697e-04 6.310230e-03 -6.906889e-03
      vertex 2.346450e-03 6.433917e-03 -6.977931e-03
      vertex 2.388645e-03 6.642184e-03 -7.112001e-03
    endloop
  endfacet
  facet normal 3.643134e-03 7.620558e-01 6.475011e-01
    outer loop
      vertex 2.329043e-03 7.008568e-03 -7.436292e-03
      vertex 2.288549e-03 7.156727e-03 -7.610435e-03
      vertex 4.001581e-04 7.170455e-03 -7.615966e-03
    endloop
  endfacet
  facet normal 7.562843e-03 9.349368e-01 3.547338e-01
    outer loop
      vertex 2.491359e-03 7.544434e-03 -8.367437e-03
      vertex 4.223058e-04 7.491432e-03 -8.183634e-03
      vertex 2.160802e-03 7.441028e-03 -8.087854e-03
    endloop
  endfacet
  facet normal 1.289603e-06 9.711708e-01 2.383847e-01
    outer loop
      vertex 4.547826e-04 7.629423e-03 -8.713671e-03
      vertex 2.491359e-03 7.544434e-03 -8.367437e-03
      vertex 2.575988e-03 7.613615e-03 -8.649281e-03
    endloop
  endfacet
  facet normal 5.226806e-01 8.450106e-01 1.129690e-01
    outer loop
      vertex 4.319726e-03 7.651169e-03 9.188332e-03
      vertex 4.826111e-03 7.265475e-03 9.730410e-03
      vertex 4.826052e-03 7.365420e-03 8.983089e-03
    endloop
  endfacet
  facet normal 5.202379e-01 8.461029e-01 1.160281e-01
    outer loop
      vertex 4.826111e-03 7.265475e-03 9.730410e-03
      vertex 4.319726e-03 7.651169e-03 9.188332e-03
      vertex 4.316698e-03 7.599517e-03 9.578571e-03
    endloop
  endfacet
  facet normal 4.846185e-01 8.438122e-01 2.304906e-01
    outer loop
      vertex 4.826111e-03 7.265475e-03 9.730410e-03
      vertex 4.316698e-03 7.599517e-03 9.578571e-03
      vertex 4.315989e-03 7.525067e-03 9.852619e-03
    endloop
  endfacet
  facet normal 4.895365e-01 8.101099e-01 3.226080e-01
    outer loop
      vertex 4.826111e-03 7.265475e-03 9.730410e-03
      vertex 4.315989e-03 7.525067e-03 9.852619e-03
      vertex 4.316957e-03 7.419269e-03 1.011682e-02
    endloop
  endfacet
  facet normal 4.999840e-01 7.483962e-01 4.357972e-01
    outer loop
      vertex 4.826003e-03 6.996651e-03 1.025856e-02
      vertex 4.316957e-03 7.419269e-03 1.011682e-02
      vertex 4.316109e-03 7.247494e-03 1.041278e-02
    endloop
  endfacet
  facet normal 4.980735e-01 6.877258e-01 5.281629e-01
    outer loop
      vertex 4.316109e-03 7.247494e-03 1.041278e-02
      vertex 4.317975e-03 7.027474e-03 1.069751e-02
      vertex 4.826003e-03 6.996651e-03 1.025856e-02
    endloop
  endfacet
  facet normal 4.919004e-01 5.839088e-01 6.458208e-01
    outer loop
      vertex 4.825997e-03 6.737535e-03 1.057271e-02
      vertex 4.317975e-03 7.027474e-03 1.069751e-02
      vertex 4.320496e-03 6.672071e-03 1.101693e-02
    endloop
  endfacet
  facet normal 4.960618e-01 4.600920e-01 7.363682e-01
    outer loop
      vertex 4.320496e-03 6.672071e-03 1.101693e-02
      vertex 4.317980e-03 6.388699e-03 1.119568e-02
      vertex 4.825994e-03 6.424182e-03 1.083128e-02
    endloop
  endfacet
  facet normal 4.912436e-01 3.634408e-01 7.915747e-01
    outer loop
      vertex 4.317980e-03 6.388699e-03 1.119568e-02
      vertex 4.318824e-03 6.059942e-03 1.134610e-02
      vertex 4.826081e-03 5.962096e-03 1.107622e-02
    endloop
  endfacet
  facet normal 4.907166e-01 2.152463e-01 8.443141e-01
    outer loop
      vertex 4.318824e-03 6.059942e-03 1.134610e-02
      vertex 4.317849e-03 5.608871e-03 1.146166e-02
      vertex 4.826081e-03 5.962096e-03 1.107622e-02
    endloop
  endfacet
  facet normal 4.925870e-01 4.441600e-02 8.691290e-01
    outer loop
      vertex 4.826050e-03 5.114810e-03 1.119888e-02
      vertex 4.317849e-03 5.608871e-03 1.146166e-02
      vertex 4.320279e-03 5.116431e-03 1.148545e-02
    endloop
  endfacet
  facet normal 4.885489e-01 -1.287705e-01 8.629821e-01
    outer loop
      vertex 4.320279e-03 5.116431e-03 1.148545e-02
      vertex 4.318269e-03 4.645634e-03 1.141633e-02
      vertex 4.826050e-03 5.114810e-03 1.119888e-02
    endloop
  endfacet
  facet normal 5.245885e-01 -1.823183e-01 8.316050e-01
    outer loop
      vertex 4.318269e-03 4.645634e-03 1.141633e-02
      vertex 4.826035e-03 4.487835e-03 1.106143e-02
      vertex 4.826050e-03 5.114810e-03 1.119888e-02
    endloop
  endfacet
  facet normal 4.893527e-01 -2.816437e-01 8.253550e-01
    outer loop
      vertex 4.826035e-03 4.487835e-03 1.106143e-02
      vertex 4.318269e-03 4.645634e-03 1.141633e-02
      vertex 4.317346e-03 4.315237e-03 1.130414e-02
    endloop
  endfacet
  facet normal 5.005488e-01 -3.846837e-01 7.755446e-01
    outer loop
      vertex 4.317346e-03 4.315237e-03 1.130414e-02
      vertex 4.316971e-03 3.993644e-03 1.114486e-02
      vertex 4.826035e-03 4.487835e-03 1.106143e-02
    endloop
  endfacet
  facet normal 4.943146e-01 -5.074013e-01 7.058307e-01
    outer loop
      vertex 4.316971e-03 3.993644e-03 1.114486e-02
      vertex 4.318023e-03 3.704314e-03 1.093613e-02
      vertex 4.825999e-03 4.053602e-03 1.083148e-02
    endloop
  endfacet
  facet normal 4.954247e-01 -5.935396e-01 6.342437e-01
    outer loop
      vertex 4.825997e-03 3.739820e-03 1.057257e-02
      vertex 4.318023e-03 3.704314e-03 1.093613e-02
      vertex 4.319561e-03 3.455156e-03 1.070177e-02
    endloop
  endfacet
  facet normal 4.991547e-01 -6.849287e-01 5.307704e-01
    outer loop
      vertex 4.319561e-03 3.455156e-03 1.070177e-02
      vertex 4.317859e-03 3.237950e-03 1.042307e-02
      vertex 4.826002e-03 3.481161e-03 1.025905e-02
    endloop
  endfacet
  facet normal 4.996129e-01 -7.386169e-01 4.525837e-01
    outer loop
      vertex 4.317859e-03 3.237950e-03 1.042307e-02
      vertex 4.316605e-03 3.126663e-03 1.024284e-02
      vertex 4.826002e-03 3.481161e-03 1.025905e-02
    endloop
  endfacet
  facet normal 4.916520e-01 -7.900551e-01 3.661846e-01
    outer loop
      vertex 4.316605e-03 3.126663e-03 1.024284e-02
      vertex 4.318944e-03 2.965156e-03 9.891240e-03
      vertex 4.826024e-03 3.265230e-03 9.857838e-03
    endloop
  endfacet
  facet normal 5.070005e-01 -8.314621e-01 2.272032e-01
    outer loop
      vertex 4.318944e-03 2.965156e-03 9.891240e-03
      vertex 4.316274e-03 2.877367e-03 9.575933e-03
      vertex 4.826024e-03 3.265230e-03 9.857838e-03
    endloop
  endfacet
  facet normal 5.455806e-01 1.200489e-01 8.294155e-01
    outer loop
      vertex 4.826081e-03 5.962096e-03 1.107622e-02
      vertex 4.317849e-03 5.608871e-03 1.146166e-02
      vertex 4.826050e-03 5.114810e-03 1.119888e-02
    endloop
  endfacet
  facet normal 5.151338e-01 4.015056e-01 7.572519e-01
    outer loop
      vertex 4.826081e-03 5.962096e-03 1.107622e-02
      vertex 4.825994e-03 6.424182e-03 1.083128e-02
      vertex 4.317980e-03 6.388699e-03 1.119568e-02
    endloop
  endfacet
  facet normal 5.123406e-01 6.624976e-01 5.464468e-01
    outer loop
      vertex 4.826003e-03 6.996651e-03 1.025856e-02
      vertex 4.317975e-03 7.027474e-03 1.069751e-02
      vertex 4.825997e-03 6.737535e-03 1.057271e-02
    endloop
  endfacet
  facet normal 5.229394e-01 7.595889e-01 3.867288e-01
    outer loop
      vertex 4.826111e-03 7.265475e-03 9.730410e-03
      vertex 4.316957e-03 7.419269e-03 1.011682e-02
      vertex 4.826003e-03 6.996651e-03 1.025856e-02
    endloop
  endfacet
  facet normal 5.277158e-01 -8.287908e-01 1.860697e-01
    outer loop
      vertex 4.826024e-03 3.265230e-03 9.857838e-03
      vertex 4.316274e-03 2.877367e-03 9.575933e-03
      vertex 4.826043e-03 3.113295e-03 9.181037e-03
    endloop
  endfacet
  facet normal 5.130497e-01 -7.558320e-01 4.068145e-01
    outer loop
      vertex 4.826024e-03 3.265230e-03 9.857838e-03
      vertex 4.826002e-03 3.481161e-03 1.025905e-02
      vertex 4.316605e-03 3.126663e-03 1.024284e-02
    endloop
  endfacet
  facet normal 5.123066e-01 -5.465754e-01 6.624177e-01
    outer loop
      vertex 4.825999e-03 4.053602e-03 1.083148e-02
      vertex 4.318023e-03 3.704314e-03 1.093613e-02
      vertex 4.825997e-03 3.739820e-03 1.057257e-02
    endloop
  endfacet
  facet normal 5.139851e-01 -4.014785e-01 7.580464e-01
    outer loop
      vertex 4.826035e-03 4.487835e-03 1.106143e-02
      vertex 4.316971e-03 3.993644e-03 1.114486e-02
      vertex 4.825999e-03 4.053602e-03 1.083148e-02
    endloop
  endfacet
  facet normal 5.401067e-01 -1.286588e-01 -8.317041e-01
    outer loop
      vertex 4.826031e-03 4.512271e-03 7.072911e-03
      vertex 4.315692e-03 4.877097e-03 6.685062e-03
      vertex 4.826050e-03 5.327301e-03 6.946845e-03
    endloop
  endfacet
  facet normal 5.124220e-01 -4.022719e-01 -7.586837e-01
    outer loop
      vertex 4.826031e-03 4.512271e-03 7.072911e-03
      vertex 4.825999e-03 4.053599e-03 7.316089e-03
      vertex 4.315593e-03 3.987231e-03 7.006545e-03
    endloop
  endfacet
  facet normal 5.122887e-01 -5.465810e-01 -6.624270e-01
    outer loop
      vertex 4.825997e-03 3.739820e-03 7.574992e-03
      vertex 4.317368e-03 3.711740e-03 7.204813e-03
      vertex 4.825999e-03 4.053599e-03 7.316089e-03
    endloop
  endfacet
  facet normal 5.114453e-01 -7.592018e-01 -4.025373e-01
    outer loop
      vertex 4.315230e-03 3.179915e-03 7.807733e-03
      vertex 4.825994e-03 3.481253e-03 7.888350e-03
      vertex 4.826081e-03 3.236309e-03 8.350436e-03
    endloop
  endfacet
  facet normal 5.437871e-01 -8.301717e-01 -1.229247e-01
    outer loop
      vertex 4.826043e-03 3.113295e-03 9.181037e-03
      vertex 4.317580e-03 2.852058e-03 8.695993e-03
      vertex 4.826081e-03 3.236309e-03 8.350436e-03
    endloop
  endfacet
  facet normal 5.159536e-01 7.549666e-01 -4.047435e-01
    outer loop
      vertex 4.826038e-03 7.222442e-03 8.310210e-03
      vertex 4.826003e-03 6.996649e-03 7.888995e-03
      vertex 4.320765e-03 7.414975e-03 8.025237e-03
    endloop
  endfacet
  facet normal 5.123400e-01 6.624979e-01 -5.464469e-01
    outer loop
      vertex 4.825997e-03 6.737538e-03 7.574850e-03
      vertex 4.317976e-03 7.027478e-03 7.450053e-03
      vertex 4.826003e-03 6.996649e-03 7.888995e-03
    endloop
  endfacet
  facet normal 5.135561e-01 4.066852e-01 -7.555576e-01
    outer loop
      vertex 4.317981e-03 6.388697e-03 6.951886e-03
      vertex 4.825994e-03 6.424181e-03 7.316285e-03
      vertex 4.826024e-03 6.022807e-03 7.100262e-03
    endloop
  endfacet
  facet normal 5.295778e-01 1.827392e-01 -8.283440e-01
    outer loop
      vertex 4.826050e-03 5.327301e-03 6.946845e-03
      vertex 4.317762e-03 5.714521e-03 6.707309e-03
      vertex 4.826024e-03 6.022807e-03 7.100262e-03
    endloop
  endfacet
  facet normal 5.169509e-01 2.065785e-01 -8.307148e-01
    outer loop
      vertex 4.826024e-03 6.022807e-03 7.100262e-03
      vertex 4.317762e-03 5.714521e-03 6.707309e-03
      vertex 4.316767e-03 5.923350e-03 6.758621e-03
    endloop
  endfacet
  facet normal 4.944967e-01 2.866461e-01 -8.205529e-01
    outer loop
      vertex 4.316767e-03 5.923350e-03 6.758621e-03
      vertex 4.317042e-03 6.146871e-03 6.836869e-03
      vertex 4.826024e-03 6.022807e-03 7.100262e-03
    endloop
  endfacet
  facet normal 4.965261e-01 3.712520e-01 -7.846233e-01
    outer loop
      vertex 4.826024e-03 6.022807e-03 7.100262e-03
      vertex 4.317042e-03 6.146871e-03 6.836869e-03
      vertex 4.317981e-03 6.388697e-03 6.951886e-03
    endloop
  endfacet
  facet normal 4.960617e-01 4.600905e-01 -7.363691e-01
    outer loop
      vertex 4.825994e-03 6.424181e-03 7.316285e-03
      vertex 4.317981e-03 6.388697e-03 6.951886e-03
      vertex 4.320496e-03 6.672072e-03 7.130636e-03
    endloop
  endfacet
  facet normal 4.918999e-01 5.839113e-01 -6.458189e-01
    outer loop
      vertex 4.320496e-03 6.672072e-03 7.130636e-03
      vertex 4.317976e-03 7.027478e-03 7.450053e-03
      vertex 4.825997e-03 6.737538e-03 7.574850e-03
    endloop
  endfacet
  facet normal 4.983200e-01 6.873050e-01 -5.284780e-01
    outer loop
      vertex 4.826003e-03 6.996649e-03 7.888995e-03
      vertex 4.317976e-03 7.027478e-03 7.450053e-03
      vertex 4.316097e-03 7.246347e-03 7.732930e-03
    endloop
  endfacet
  facet normal 4.999414e-01 7.467010e-01 -4.387440e-01
    outer loop
      vertex 4.316097e-03 7.246347e-03 7.732930e-03
      vertex 4.320765e-03 7.414975e-03 8.025237e-03
      vertex 4.826003e-03 6.996649e-03 7.888995e-03
    endloop
  endfacet
  facet normal 4.816727e-01 8.244936e-01 -2.969878e-01
    outer loop
      vertex 4.320765e-03 7.414975e-03 8.025237e-03
      vertex 4.319565e-03 7.585320e-03 8.496200e-03
      vertex 4.826038e-03 7.222442e-03 8.310210e-03
    endloop
  endfacet
  facet normal 5.001104e-01 8.555570e-01 -1.338351e-01
    outer loop
      vertex 4.826052e-03 7.365420e-03 8.983089e-03
      vertex 4.319565e-03 7.585320e-03 8.496200e-03
      vertex 4.316453e-03 7.641593e-03 8.844300e-03
    endloop
  endfacet
  facet normal 4.823543e-01 8.754974e-01 -2.896019e-02
    outer loop
      vertex 4.316453e-03 7.641593e-03 8.844300e-03
      vertex 4.319726e-03 7.651169e-03 9.188332e-03
      vertex 4.826052e-03 7.365420e-03 8.983089e-03
    endloop
  endfacet
  facet normal 4.939708e-01 -8.680213e-01 -5.031791e-02
    outer loop
      vertex 4.318915e-03 2.824075e-03 9.191835e-03
      vertex 4.317580e-03 2.852058e-03 8.695993e-03
      vertex 4.826043e-03 3.113295e-03 9.181037e-03
    endloop
  endfacet
  facet normal 4.907630e-01 -8.440081e-01 -2.163376e-01
    outer loop
      vertex 4.826081e-03 3.236309e-03 8.350436e-03
      vertex 4.317580e-03 2.852058e-03 8.695993e-03
      vertex 4.318824e-03 2.966437e-03 8.252584e-03
    endloop
  endfacet
  facet normal 4.905095e-01 -7.841019e-01 -3.802429e-01
    outer loop
      vertex 4.826081e-03 3.236309e-03 8.350436e-03
      vertex 4.318824e-03 2.966437e-03 8.252584e-03
      vertex 4.315230e-03 3.179915e-03 7.807733e-03
    endloop
  endfacet
  facet normal 4.928321e-01 -6.954369e-01 -5.229570e-01
    outer loop
      vertex 4.825994e-03 3.481253e-03 7.888350e-03
      vertex 4.315230e-03 3.179915e-03 7.807733e-03
      vertex 4.319561e-03 3.455149e-03 7.445804e-03
    endloop
  endfacet
  facet normal 4.951519e-01 -5.925349e-01 -6.353951e-01
    outer loop
      vertex 4.319561e-03 3.455149e-03 7.445804e-03
      vertex 4.317368e-03 3.711740e-03 7.204813e-03
      vertex 4.825997e-03 3.739820e-03 7.574992e-03
    endloop
  endfacet
  facet normal 4.945026e-01 -5.056165e-01 -7.069789e-01
    outer loop
      vertex 4.825999e-03 4.053599e-03 7.316089e-03
      vertex 4.317368e-03 3.711740e-03 7.204813e-03
      vertex 4.315593e-03 3.987231e-03 7.006545e-03
    endloop
  endfacet
  facet normal 4.922232e-01 -3.795130e-01 -7.833812e-01
    outer loop
      vertex 4.315593e-03 3.987231e-03 7.006545e-03
      vertex 4.317172e-03 4.405175e-03 6.805062e-03
      vertex 4.826031e-03 4.512271e-03 7.072911e-03
    endloop
  endfacet
  facet normal 4.898481e-01 -2.134022e-01 -8.452860e-01
    outer loop
      vertex 4.317172e-03 4.405175e-03 6.805062e-03
      vertex 4.315692e-03 4.877097e-03 6.685062e-03
      vertex 4.826031e-03 4.512271e-03 7.072911e-03
    endloop
  endfacet
  facet normal 4.868834e-01 -4.470566e-02 -8.723221e-01
    outer loop
      vertex 4.826050e-03 5.327301e-03 6.946845e-03
      vertex 4.315692e-03 4.877097e-03 6.685062e-03
      vertex 4.322073e-03 5.379378e-03 6.662883e-03
    endloop
  endfacet
  facet normal 1.000000e+00 0.000000e+00 -0.000000e+00
    outer loop
      vertex 4.826000e-03 4.221565e-03 8.033088e-03
      vertex 4.826000e-03 4.951016e-03 9.048941e-03
      vertex 4.826000e-03 3.716237e-03 9.232611e-03
    endloop
  endfacet
  facet normal 1.000000e+00 1.523022e-06 3.224442e-05
    outer loop
      vertex 4.826000e-03 6.012266e-03 7.948506e-03
      vertex 4.826000e-03 4.221565e-03 8.033088e-03
      vertex 4.826031e-03 4.512271e-03 7.072911e-03
    endloop
  endfacet
  facet normal 1.000000e+00 -2.073925e-04 9.848067e-05
    outer loop
      vertex 4.826111e-03 7.265475e-03 9.730410e-03
      vertex 4.826003e-03 6.996651e-03 1.025856e-02
      vertex 4.826000e-03 6.537007e-03 9.319642e-03
    endloop
  endfacet
  facet normal 1.000000e+00 -1.332769e-06 1.863290e-05
    outer loop
      vertex 4.826000e-03 5.618432e-03 1.031353e-02
      vertex 4.826003e-03 6.996651e-03 1.025856e-02
      vertex 4.825997e-03 6.737535e-03 1.057271e-02
    endloop
  endfacet
  facet normal 1.000000e+00 -5.609272e-09 1.290252e-05
    outer loop
      vertex 4.826000e-03 5.618432e-03 1.031353e-02
      vertex 4.825997e-03 6.737535e-03 1.057271e-02
      vertex 4.825994e-03 6.424182e-03 1.083128e-02
    endloop
  endfacet
  facet normal 1.000000e+00 -5.166437e-06 -2.947213e-06
    outer loop
      vertex 4.825999e-03 4.053602e-03 1.083148e-02
      vertex 4.825997e-03 3.739820e-03 1.057257e-02
      vertex 4.826000e-03 4.477880e-03 1.041131e-02
    endloop
  endfacet
  facet normal 1.000000e+00 -7.346130e-07 1.733605e-05
    outer loop
      vertex 4.825997e-03 3.739820e-03 1.057257e-02
      vertex 4.826002e-03 3.481161e-03 1.025905e-02
      vertex 4.826000e-03 4.477880e-03 1.041131e-02
    endloop
  endfacet
  facet normal 1.000000e+00 7.213129e-05 1.466140e-05
    outer loop
      vertex 4.826002e-03 3.481161e-03 1.025905e-02
      vertex 4.826024e-03 3.265230e-03 9.857838e-03
      vertex 4.826000e-03 3.716237e-03 9.232611e-03
    endloop
  endfacet
  facet normal 1.000000e+00 9.463215e-05 3.986605e-05
    outer loop
      vertex 4.826081e-03 3.236309e-03 8.350436e-03
      vertex 4.826000e-03 4.221565e-03 8.033088e-03
      vertex 4.826000e-03 3.716237e-03 9.232611e-03
    endloop
  endfacet
  facet normal 1.000000e+00 -8.747244e-06 1.912435e-06
    outer loop
      vertex 4.825994e-03 3.481253e-03 7.888350e-03
      vertex 4.825997e-03 3.739820e-03 7.574992e-03
      vertex 4.826000e-03 4.221565e-03 8.033088e-03
    endloop
  endfacet
  facet normal 1.000000e+00 -7.287209e-06 3.770273e-07
    outer loop
      vertex 4.826000e-03 4.221565e-03 8.033088e-03
      vertex 4.825997e-03 3.739820e-03 7.574992e-03
      vertex 4.825999e-03 4.053599e-03 7.316089e-03
    endloop
  endfacet
  facet normal 1.000000e+00 -6.762044e-07 -1.024549e-05
    outer loop
      vertex 4.825994e-03 6.424181e-03 7.316285e-03
      vertex 4.825997e-03 6.737538e-03 7.574850e-03
      vertex 4.826000e-03 6.012266e-03 7.948506e-03
    endloop
  endfacet
  facet normal 1.000000e+00 -3.904647e-06 -1.651194e-05
    outer loop
      vertex 4.825997e-03 6.737538e-03 7.574850e-03
      vertex 4.826003e-03 6.996649e-03 7.888995e-03
      vertex 4.826000e-03 6.012266e-03 7.948506e-03
    endloop
  endfacet
  facet normal 1.000000e+00 -7.654368e-06 -7.853663e-05
    outer loop
      vertex 4.826003e-03 6.996649e-03 7.888995e-03
      vertex 4.826038e-03 7.222442e-03 8.310210e-03
      vertex 4.826000e-03 6.012266e-03 7.948506e-03
    endloop
  endfacet
  facet normal 1.000000e+00 -2.155329e-06 -1.992007e-06
    outer loop
      vertex 4.826003e-03 6.996651e-03 1.025856e-02
      vertex 4.826000e-03 5.618432e-03 1.031353e-02
      vertex 4.826000e-03 6.537007e-03 9.319642e-03
    endloop
  endfacet
  facet normal 1.000000e+00 -5.048013e-06 -5.888457e-05
    outer loop
      vertex 4.826000e-03 5.618432e-03 1.031353e-02
      vertex 4.826050e-03 5.114810e-03 1.119888e-02
      vertex 4.826000e-03 4.477880e-03 1.041131e-02
    endloop
  endfacet
  facet normal 1.000000e+00 2.123207e-06 -1.371961e-06
    outer loop
      vertex 4.826000e-03 4.477880e-03 1.041131e-02
      vertex 4.826002e-03 3.481161e-03 1.025905e-02
      vertex 4.826000e-03 3.716237e-03 9.232611e-03
    endloop
  endfacet
  facet normal 1.000000e+00 -1.470078e-05 6.003766e-05
    outer loop
      vertex 4.826031e-03 4.512271e-03 7.072911e-03
      vertex 4.826050e-03 5.327301e-03 6.946845e-03
      vertex 4.826000e-03 6.012266e-03 7.948506e-03
    endloop
  endfacet
  facet normal 1.000000e+00 -5.429846e-05 2.078032e-05
    outer loop
      vertex 4.826052e-03 7.365420e-03 8.983089e-03
      vertex 4.826000e-03 6.537007e-03 9.319642e-03
      vertex 4.826000e-03 6.012266e-03 7.948506e-03
    endloop
  endfacet
  facet normal -1.442689e-03 8.027205e-01 5.963538e-01
    outer loop
      vertex 2.749424e-03 7.107812e-03 1.059701e-02
      vertex 4.316109e-03 7.247494e-03 1.041278e-02
      vertex 1.665868e-03 7.266607e-03 1.038065e-02
    endloop
  endfacet
  facet normal 2.894872e-03 9.139405e-01 4.058378e-01
    outer loop
      vertex 2.764280e-03 7.394224e-03 1.015834e-02
      vertex 4.315989e-03 7.525067e-03 9.852619e-03
      vertex 4.532788e-04 7.451858e-03 1.004504e-02
    endloop
  endfacet
  facet normal 1.006365e-04 -6.964847e-02 -9.975716e-01
    outer loop
      vertex 1.547858e-03 5.129360e-03 6.665541e-03
      vertex 3.109637e-03 5.178892e-03 6.662240e-03
      vertex 3.169841e-03 4.956918e-03 6.677744e-03
    endloop
  endfacet
  facet normal -1.556517e-03 1.261883e-02 -9.999192e-01
    outer loop
      vertex 1.469632e-03 5.416904e-03 6.667797e-03
      vertex 4.322073e-03 5.379378e-03 6.662883e-03
      vertex 3.109637e-03 5.178892e-03 6.662240e-03
    endloop
  endfacet
  facet normal 1.265426e-03 3.304105e-01 -9.438365e-01
    outer loop
      vertex 4.187734e-04 6.059360e-03 6.801008e-03
      vertex 4.317042e-03 6.146871e-03 6.836869e-03
      vertex 4.316767e-03 5.923350e-03 6.758621e-03
    endloop
  endfacet
  facet normal -2.845729e-03 -9.292906e-01 3.693384e-01
    outer loop
      vertex 1.537683e-03 -1.279416e-02 6.692033e-04
      vertex 4.317002e-03 -1.277881e-02 7.292455e-04
      vertex 2.809153e-03 -1.264383e-02 1.057268e-03
    endloop
  endfacet
  facet normal -5.520561e-04 -2.554410e-01 9.668245e-01
    outer loop
      vertex 4.610944e-04 -1.124381e-02 2.291080e-03
      vertex 4.316396e-03 -1.117561e-02 2.311300e-03
      vertex 1.598370e-03 -1.101108e-02 2.353218e-03
    endloop
  endfacet
  facet normal -1.386941e-03 2.590398e-01 9.658657e-01
    outer loop
      vertex 1.598370e-03 -9.981921e-03 2.360990e-03
      vertex 4.313477e-03 -9.971063e-03 2.361977e-03
      vertex 2.014483e-03 -9.726667e-03 2.293130e-03
    endloop
  endfacet
  facet normal -2.686284e-03 3.665040e-01 9.304126e-01
    outer loop
      vertex 2.014483e-03 -9.726667e-03 2.293130e-03
      vertex 4.319138e-03 -9.655291e-03 2.271668e-03
      vertex 1.958143e-03 -9.457731e-03 2.187029e-03
    endloop
  endfacet
  facet normal -5.479151e-04 -9.317605e-01 -3.630730e-01
    outer loop
      vertex 4.319101e-03 -1.265415e-02 -1.049837e-03
      vertex 4.316966e-03 -1.277803e-02 -7.319273e-04
      vertex 1.686502e-03 -1.269517e-02 -9.405880e-04
    endloop
  endfacet
  facet normal 7.494191e-04 -6.030128e-01 -7.977312e-01
    outer loop
      vertex 2.563443e-03 -1.179724e-02 -2.017948e-03
      vertex 4.317821e-03 -1.211594e-02 -1.775389e-03
      vertex 4.717804e-04 -1.208980e-02 -1.798763e-03
    endloop
  endfacet
  facet normal 1.004296e-03 6.026021e-01 -7.980412e-01
    outer loop
      vertex 4.316241e-03 -9.219928e-03 -2.064322e-03
      vertex 4.119931e-04 -9.181890e-03 -2.040514e-03
      vertex 2.966184e-03 -8.900772e-03 -1.825027e-03
    endloop
  endfacet
  facet normal 2.976837e-03 9.956111e-01 -9.353993e-02
    outer loop
      vertex 2.179987e-03 -8.103621e-03 -4.294988e-04
      vertex 1.895497e-03 -8.065229e-03 -2.992893e-05
      vertex 2.911698e-03 -8.064224e-03 1.310966e-05
    endloop
  endfacet
  facet normal 1.619650e-03 9.992917e-01 3.759581e-02
    outer loop
      vertex -2.647495e-03 1.904590e-02 3.280693e-04
      vertex -5.134536e-03 1.904378e-02 4.916891e-04
      vertex -2.286473e-03 1.901589e-02 1.110133e-03
    endloop
  endfacet
  facet normal -2.285911e-03 9.919026e-01 1.269804e-01
    outer loop
      vertex -2.386757e-03 1.894749e-02 1.970614e-03
      vertex -3.860930e-03 1.894973e-02 1.926599e-03
      vertex -2.256388e-03 1.883686e-02 2.837188e-03
    endloop
  endfacet
  facet normal 3.376624e-05 9.856510e-01 1.687961e-01
    outer loop
      vertex -2.256388e-03 1.883686e-02 2.837188e-03
      vertex -4.071527e-03 1.882440e-02 2.910280e-03
      vertex -2.637467e-03 1.871372e-02 3.556284e-03
    endloop
  endfacet
  facet normal 1.451689e-03 9.791680e-01 2.030465e-01
    outer loop
      vertex -2.637467e-03 1.871372e-02 3.556284e-03
      vertex -5.134536e-03 1.871926e-02 3.547445e-03
      vertex -3.529993e-03 1.859729e-02 4.124165e-03
    endloop
  endfacet
  facet normal -2.660754e-03 9.393514e-01 3.429458e-01
    outer loop
      vertex -1.599528e-03 1.797577e-02 6.306880e-03
      vertex -4.211924e-03 1.806281e-02 6.048188e-03
      vertex -2.567268e-03 1.777370e-02 6.852856e-03
    endloop
  endfacet
  facet normal 2.051424e-03 9.257075e-01 3.782347e-01
    outer loop
      vertex -2.567268e-03 1.777370e-02 6.852856e-03
      vertex -4.332264e-03 1.757659e-02 7.344837e-03
      vertex -2.848063e-03 1.749008e-02 7.548515e-03
    endloop
  endfacet
  facet normal 4.989047e-03 8.922602e-01 4.514940e-01
    outer loop
      vertex -2.697637e-03 1.721331e-02 8.156447e-03
      vertex -5.134536e-03 1.701793e-02 8.569503e-03
      vertex -2.326587e-03 1.672037e-02 9.126528e-03
    endloop
  endfacet
  facet normal 2.941377e-03 8.336167e-01 5.523355e-01
    outer loop
      vertex -1.945508e-03 1.617387e-02 1.006503e-02
      vertex -4.171810e-03 1.596622e-02 1.039027e-02
      vertex -3.419681e-03 1.570603e-02 1.077897e-02
    endloop
  endfacet
  facet normal -7.124535e-04 7.869206e-01 6.170539e-01
    outer loop
      vertex -1.815693e-03 1.521588e-02 1.146347e-02
      vertex -4.131697e-03 1.479522e-02 1.199725e-02
      vertex -2.241886e-03 1.469064e-02 1.213281e-02
    endloop
  endfacet
  facet normal 4.619956e-04 6.534820e-01 7.569419e-01
    outer loop
      vertex -1.854469e-03 1.277818e-02 1.413172e-02
      vertex -4.091583e-03 1.230039e-02 1.454556e-02
      vertex -1.586585e-03 1.211163e-02 1.470699e-02
    endloop
  endfacet
  facet normal 1.791282e-03 5.623127e-01 8.269228e-01
    outer loop
      vertex -2.983446e-03 1.111055e-02 1.547248e-02
      vertex -4.143531e-03 1.018633e-02 1.610346e-02
      vertex -2.446927e-03 1.029021e-02 1.602915e-02
    endloop
  endfacet
  facet normal 5.671012e-03 4.852936e-01 8.743329e-01
    outer loop
      vertex -2.567268e-03 9.728748e-03 1.637731e-02
      vertex -4.081554e-03 9.308655e-03 1.662030e-02
      vertex -2.466984e-03 8.775367e-03 1.690583e-02
    endloop
  endfacet
  facet normal 2.837376e-04 4.726786e-01 8.812349e-01
    outer loop
      vertex -4.081554e-03 9.308655e-03 1.662030e-02
      vertex -4.090454e-03 8.547135e-03 1.702877e-02
      vertex -2.466984e-03 8.775367e-03 1.690583e-02
    endloop
  endfacet
  facet normal 5.003641e-03 4.464176e-01 8.948107e-01
    outer loop
      vertex -2.466984e-03 8.775367e-03 1.690583e-02
      vertex -4.090454e-03 8.547135e-03 1.702877e-02
      vertex -2.426870e-03 8.112895e-03 1.723611e-02
    endloop
  endfacet
  facet normal -1.475304e-03 -5.878755e-02 9.982694e-01
    outer loop
      vertex -3.209085e-03 -7.623080e-04 1.903374e-02
      vertex -3.899830e-03 -1.487515e-03 1.899001e-02
      vertex -1.405387e-03 -1.284560e-03 1.900565e-02
    endloop
  endfacet
  facet normal 4.067806e-03 -3.789299e-01 9.254164e-01
    outer loop
      vertex -2.567268e-03 -6.852856e-03 1.777370e-02
      vertex -4.258570e-03 -7.126653e-03 1.766902e-02
      vertex -2.848063e-03 -7.548515e-03 1.749008e-02
    endloop
  endfacet
  facet normal 7.056255e-03 -4.561032e-01 8.898989e-01
    outer loop
      vertex -2.697637e-03 -8.156447e-03 1.721331e-02
      vertex -4.267236e-03 -8.334142e-03 1.713469e-02
      vertex -2.968404e-03 -9.188423e-03 1.668654e-02
    endloop
  endfacet
  facet normal 1.547563e-03 -5.270391e-01 8.498397e-01
    outer loop
      vertex -2.146075e-03 -9.665037e-03 1.641494e-02
      vertex -4.282123e-03 -1.020132e-02 1.608625e-02
      vertex -2.868120e-03 -1.030793e-02 1.601756e-02
    endloop
  endfacet
  facet normal -1.577547e-03 -5.923372e-01 8.056886e-01
    outer loop
      vertex -3.138886e-03 -1.093167e-02 1.559958e-02
      vertex -4.131697e-03 -1.169158e-02 1.503896e-02
      vertex -2.426870e-03 -1.159053e-02 1.511659e-02
    endloop
  endfacet
  facet normal 8.079823e-04 -6.177494e-01 7.863746e-01
    outer loop
      vertex -2.426870e-03 -1.159053e-02 1.511659e-02
      vertex -4.131697e-03 -1.169158e-02 1.503896e-02
      vertex -1.747268e-03 -1.213902e-02 1.468502e-02
    endloop
  endfacet
  facet normal -1.344907e-03 -7.951247e-01 6.064445e-01
    outer loop
      vertex -3.088744e-03 -1.492134e-02 1.184141e-02
      vertex -3.981271e-03 -1.535160e-02 1.127530e-02
      vertex -2.236331e-03 -1.531443e-02 1.132792e-02
    endloop
  endfacet
  facet normal -3.409013e-05 -8.161564e-01 5.778311e-01
    outer loop
      vertex -2.236331e-03 -1.531443e-02 1.132792e-02
      vertex -3.981271e-03 -1.535160e-02 1.127530e-02
      vertex -2.236331e-03 -1.576547e-02 1.069084e-02
    endloop
  endfacet
  facet normal 8.896067e-04 -8.975428e-01 4.409263e-01
    outer loop
      vertex -1.604542e-03 -1.697047e-02 8.651961e-03
      vertex -3.921101e-03 -1.713084e-02 8.330189e-03
      vertex -2.426870e-03 -1.723611e-02 8.112895e-03
    endloop
  endfacet
  facet normal -3.673900e-03 -9.096309e-01 4.154012e-01
    outer loop
      vertex -2.426870e-03 -1.723611e-02 8.112895e-03
      vertex -3.921101e-03 -1.713084e-02 8.330189e-03
      vertex -3.269255e-03 -1.747017e-02 7.592920e-03
    endloop
  endfacet
  facet normal 9.543184e-05 -9.386586e-01 3.448478e-01
    outer loop
      vertex -2.888176e-03 -1.773399e-02 6.955814e-03
      vertex -5.134536e-03 -1.768407e-02 7.092324e-03
      vertex -2.883162e-03 -1.799706e-02 6.239752e-03
    endloop
  endfacet
  facet normal 4.695794e-04 -9.859570e-01 1.669987e-01
    outer loop
      vertex -2.075877e-03 -1.873315e-02 3.451667e-03
      vertex -3.911072e-03 -1.882209e-02 2.931707e-03
      vertex -1.714855e-03 -1.883276e-02 2.862527e-03
    endloop
  endfacet
  facet normal 1.500420e-03 -9.991771e-01 4.053210e-02
    outer loop
      vertex -1.955536e-03 -1.901351e-02 1.162526e-03
      vertex -5.134536e-03 -1.903062e-02 8.583515e-04
      vertex -3.048631e-03 -1.904308e-02 4.740072e-04
    endloop
  endfacet
  facet normal 4.023221e-03 -9.999848e-01 -3.768925e-03
    outer loop
      vertex -3.048631e-03 -1.904308e-02 4.740072e-04
      vertex -5.134536e-03 -1.904922e-02 -1.231093e-04
      vertex -3.028574e-03 -1.903909e-02 -5.632700e-04
    endloop
  endfacet
  facet normal -3.031012e-03 -9.986649e-01 -5.156698e-02
    outer loop
      vertex -3.028574e-03 -1.903909e-02 -5.632700e-04
      vertex -3.870959e-03 -1.898614e-02 -1.539166e-03
      vertex -1.704826e-03 -1.900877e-02 -1.228324e-03
    endloop
  endfacet
  facet normal 6.489709e-04 -9.914539e-01 -1.304562e-01
    outer loop
      vertex -2.045792e-03 -1.892880e-02 -2.137377e-03
      vertex -4.171810e-03 -1.892302e-02 -2.191890e-03
      vertex -2.256388e-03 -1.883686e-02 -2.837188e-03
    endloop
  endfacet
  facet normal 2.293194e-03 -9.960753e-01 -8.848070e-02
    outer loop
      vertex -1.704826e-03 -1.900877e-02 -1.228324e-03
      vertex -3.870959e-03 -1.898614e-02 -1.539166e-03
      vertex -2.045792e-03 -1.892880e-02 -2.137377e-03
    endloop
  endfacet
  facet normal 2.810359e-05 -9.856744e-01 -1.686594e-01
    outer loop
      vertex -2.256388e-03 -1.883686e-02 -2.837188e-03
      vertex -4.071527e-03 -1.882440e-02 -2.910280e-03
      vertex -3.344468e-03 -1.871192e-02 -3.567545e-03
    endloop
  endfacet
  facet normal 1.296877e-03 -9.722002e-01 -2.341474e-01
    outer loop
      vertex -2.201232e-03 -1.859187e-02 -4.148412e-03
      vertex -5.134536e-03 -1.858669e-02 -4.186192e-03
      vertex -2.898205e-03 -1.845483e-02 -4.721294e-03
    endloop
  endfacet
  facet normal -2.660754e-03 -9.393514e-01 -3.429458e-01
    outer loop
      vertex -1.599528e-03 -1.797577e-02 -6.306880e-03
      vertex -4.211924e-03 -1.806281e-02 -6.048188e-03
      vertex -2.567268e-03 -1.777370e-02 -6.852856e-03
    endloop
  endfacet
  facet normal 3.632179e-03 -9.254797e-01 -3.787799e-01
    outer loop
      vertex -2.567268e-03 -1.777370e-02 -6.852856e-03
      vertex -5.134536e-03 -1.759751e-02 -7.307956e-03
      vertex -2.848063e-03 -1.749008e-02 -7.548515e-03
    endloop
  endfacet
  facet normal 5.033431e-03 -8.921531e-01 -4.517052e-01
    outer loop
      vertex -2.697637e-03 -1.721331e-02 -8.156447e-03
      vertex -5.134536e-03 -1.701793e-02 -8.569503e-03
      vertex -2.567268e-03 -1.673392e-02 -9.101837e-03
    endloop
  endfacet
  facet normal 1.085604e-03 -8.563205e-01 -5.164436e-01
    outer loop
      vertex -2.276444e-03 -1.640829e-02 -9.677021e-03
      vertex -5.134536e-03 -1.626138e-02 -9.926631e-03
      vertex -1.945508e-03 -1.617387e-02 -1.006503e-02
    endloop
  endfacet
  facet normal 7.235188e-04 -8.390809e-01 -5.440062e-01
    outer loop
      vertex -1.945508e-03 -1.617387e-02 -1.006503e-02
      vertex -5.134536e-03 -1.585907e-02 -1.055481e-02
      vertex -1.978214e-03 -1.576179e-02 -1.070066e-02
    endloop
  endfacet
  facet normal 6.149485e-04 -7.868676e-01 -6.171216e-01
    outer loop
      vertex -1.848977e-03 -1.521624e-02 -1.146304e-02
      vertex -5.109374e-03 -1.469960e-02 -1.212504e-02
      vertex -1.783707e-03 -1.469944e-02 -1.212193e-02
    endloop
  endfacet
  facet normal 1.655567e-03 -6.291117e-01 -7.773131e-01
    outer loop
      vertex -2.667552e-03 -1.235185e-02 -1.449978e-02
      vertex -4.051470e-03 -1.166671e-02 -1.505724e-02
      vertex -1.782034e-03 -1.143185e-02 -1.524249e-02
    endloop
  endfacet
  facet normal 2.224210e-03 -5.594694e-01 -8.288480e-01
    outer loop
      vertex -3.419681e-03 -1.097759e-02 -1.556778e-02
      vertex -4.191867e-03 -1.041687e-02 -1.594834e-02
      vertex -2.446927e-03 -1.029021e-02 -1.602915e-02
    endloop
  endfacet
  facet normal 3.404749e-03 -4.909165e-01 -8.712000e-01
    outer loop
      vertex -2.487041e-03 -9.799117e-03 -1.633596e-02
      vertex -5.134536e-03 -9.381414e-03 -1.658168e-02
      vertex -2.487041e-03 -8.937102e-03 -1.682170e-02
    endloop
  endfacet
  facet normal 2.931543e-03 -4.574934e-01 -8.892082e-01
    outer loop
      vertex -2.487041e-03 -8.937102e-03 -1.682170e-02
      vertex -4.324487e-03 -8.656792e-03 -1.697197e-02
      vertex -2.226303e-03 -8.354851e-03 -1.712040e-02
    endloop
  endfacet
  facet normal -2.886203e-04 -4.739584e-01 -8.805472e-01
    outer loop
      vertex -5.134536e-03 -9.381414e-03 -1.658168e-02
      vertex -4.324487e-03 -8.656792e-03 -1.697197e-02
      vertex -2.487041e-03 -8.937102e-03 -1.682170e-02
    endloop
  endfacet
  facet normal -1.106108e-03 -1.187570e-01 -9.929227e-01
    outer loop
      vertex -3.719124e-03 -2.645879e-03 -1.886537e-02
      vertex -3.901044e-03 -1.968499e-03 -1.894619e-02
      vertex -2.206246e-03 -2.161363e-03 -1.892501e-02
    endloop
  endfacet
  facet normal -5.659641e-03 6.198982e-02 -9.980607e-01
    outer loop
      vertex -2.998489e-03 6.629868e-04 -1.903725e-02
      vertex -3.338281e-03 1.764545e-03 -1.896690e-02
      vertex -1.488221e-03 1.154949e-03 -1.901526e-02
    endloop
  endfacet
  facet normal 3.063115e-03 1.163752e-01 -9.932006e-01
    outer loop
      vertex -3.338281e-03 1.764545e-03 -1.896690e-02
      vertex -4.307796e-03 2.806199e-03 -1.884784e-02
      vertex -2.607381e-03 2.747345e-03 -1.884949e-02
    endloop
  endfacet
  facet normal 4.795992e-03 1.662419e-01 -9.860733e-01
    outer loop
      vertex -2.607381e-03 2.747345e-03 -1.884949e-02
      vertex -4.307796e-03 2.806199e-03 -1.884784e-02
      vertex -2.757807e-03 3.549980e-03 -1.871491e-02
    endloop
  endfacet
  facet normal 6.092423e-05 2.301618e-01 -9.731524e-01
    outer loop
      vertex -2.201232e-03 4.148412e-03 -1.859187e-02
      vertex -4.292151e-03 4.191239e-03 -1.858187e-02
      vertex -2.767836e-03 4.631061e-03 -1.847776e-02
    endloop
  endfacet
  facet normal 4.068160e-03 3.789300e-01 -9.254164e-01
    outer loop
      vertex -2.567268e-03 6.852856e-03 -1.777370e-02
      vertex -4.258565e-03 7.126654e-03 -1.766902e-02
      vertex -2.848063e-03 7.548515e-03 -1.749008e-02
    endloop
  endfacet
  facet normal 7.883146e-03 4.562723e-01 -8.898053e-01
    outer loop
      vertex -2.697637e-03 8.156447e-03 -1.721331e-02
      vertex -3.931129e-03 8.618990e-03 -1.698706e-02
      vertex -2.968404e-03 9.188423e-03 -1.668654e-02
    endloop
  endfacet
  facet normal -4.771720e-03 5.884171e-01 -8.085434e-01
    outer loop
      vertex -2.547211e-03 1.101102e-02 -1.554359e-02
      vertex -4.131697e-03 1.169158e-02 -1.503896e-02
      vertex -1.792192e-03 1.146270e-02 -1.521934e-02
    endloop
  endfacet
  facet normal 1.640556e-03 6.292564e-01 -7.771960e-01
    outer loop
      vertex -1.792192e-03 1.146270e-02 -1.521934e-02
      vertex -4.131697e-03 1.169158e-02 -1.503896e-02
      vertex -2.346643e-03 1.237477e-02 -1.448205e-02
    endloop
  endfacet
  facet normal -1.025991e-03 6.902566e-01 -7.235639e-01
    outer loop
      vertex -2.079547e-03 1.287056e-02 -1.404729e-02
      vertex -4.963579e-03 1.275656e-02 -1.415196e-02
      vertex -2.179416e-03 1.346015e-02 -1.348470e-02
    endloop
  endfacet
  facet normal -2.947970e-03 7.766629e-01 -6.299095e-01
    outer loop
      vertex -3.269255e-03 1.455319e-02 -1.229167e-02
      vertex -4.021384e-03 1.505774e-02 -1.166606e-02
      vertex -2.406814e-03 1.489238e-02 -1.187750e-02
    endloop
  endfacet
  facet normal 1.408432e-03 7.929036e-01 -6.093455e-01
    outer loop
      vertex -2.406814e-03 1.489238e-02 -1.187750e-02
      vertex -4.021384e-03 1.505774e-02 -1.166606e-02
      vertex -2.236331e-03 1.531443e-02 -1.132792e-02
    endloop
  endfacet
  facet normal 4.440285e-04 8.245885e-01 -5.657327e-01
    outer loop
      vertex -3.239170e-03 1.558083e-02 -1.095887e-02
      vertex -5.134536e-03 1.585907e-02 -1.055481e-02
      vertex -2.025735e-03 1.587835e-02 -1.052427e-02
    endloop
  endfacet
  facet normal 1.186976e-03 8.977219e-01 -4.405610e-01
    outer loop
      vertex -1.604542e-03 1.697047e-02 -8.651961e-03
      vertex -4.101612e-03 1.710752e-02 -8.379439e-03
      vertex -2.426870e-03 1.723611e-02 -8.112895e-03
    endloop
  endfacet
  facet normal -4.908057e-03 9.123720e-01 -4.093328e-01
    outer loop
      vertex -2.426870e-03 1.723611e-02 -8.112895e-03
      vertex -4.101612e-03 1.710752e-02 -8.379439e-03
      vertex -2.156104e-03 1.746045e-02 -7.616099e-03
    endloop
  endfacet
  facet normal -3.191775e-03 9.412187e-01 -3.377828e-01
    outer loop
      vertex -1.754968e-03 1.794886e-02 -6.383572e-03
      vertex -3.289312e-03 1.782425e-02 -6.716291e-03
      vertex -3.550050e-03 1.807361e-02 -6.018998e-03
    endloop
  endfacet
  facet normal 4.695794e-04 9.859570e-01 -1.669987e-01
    outer loop
      vertex -2.075877e-03 1.873315e-02 -3.451667e-03
      vertex -3.911072e-03 1.882209e-02 -2.931707e-03
      vertex -1.714855e-03 1.883276e-02 -2.862527e-03
    endloop
  endfacet
  facet normal 7.368015e-03 9.997864e-01 -1.931203e-02
    outer loop
      vertex -3.640306e-03 1.903181e-02 -7.802309e-04
      vertex -4.011356e-03 1.904909e-02 -2.707904e-05
      vertex -2.647495e-03 1.904590e-02 3.280693e-04
    endloop
  endfacet
  facet normal -1.244947e-03 8.131171e-01 5.820989e-01
    outer loop
      vertex -1.815693e-03 1.521588e-02 1.146347e-02
      vertex -1.047454e-08 1.526694e-02 1.139602e-02
      vertex -1.228706e-03 1.578955e-02 1.066338e-02
    endloop
  endfacet
  facet normal -1.703435e-03 -9.910198e-01 1.337045e-01
    outer loop
      vertex -1.694798e-03 -1.891652e-02 2.241943e-03
      vertex 7.105427e-18 -1.883050e-02 2.901127e-03
      vertex -1.714855e-03 -1.883276e-02 2.862527e-03
    endloop
  endfacet
  facet normal 1.104531e-03 -5.399225e-01 8.417140e-01
    outer loop
      vertex -1.445919e-03 -1.065993e-02 1.579257e-02
      vertex -1.013880e-08 -1.065520e-02 1.579371e-02
      vertex -3.003438e-08 -9.882186e-03 1.628956e-02
    endloop
  endfacet
  facet normal 2.809436e-04 -8.132542e-01 -5.819086e-01
    outer loop
      vertex -1.848977e-03 -1.521624e-02 -1.146304e-02
      vertex -1.559280e-08 -1.579532e-02 -1.065285e-02
      vertex -1.978214e-03 -1.576179e-02 -1.070066e-02
    endloop
  endfacet
  facet normal -1.703435e-03 9.910198e-01 -1.337045e-01
    outer loop
      vertex -1.694798e-03 1.891652e-02 -2.241943e-03
      vertex 1.421085e-17 1.883050e-02 -2.901127e-03
      vertex -1.714855e-03 1.883276e-02 -2.862527e-03
    endloop
  endfacet
  facet normal -1.389093e-04 5.793738e-01 -8.150619e-01
    outer loop
      vertex -1.792192e-03 1.146270e-02 -1.521934e-02
      vertex -1.976457e-08 1.138510e-02 -1.527480e-02
      vertex -4.672575e-08 1.065236e-02 -1.579566e-02
    endloop
  endfacet
  facet normal -1.095042e-02 9.797136e-01 2.001031e-01
    outer loop
      vertex -1.158279e-03 1.854899e-02 4.333911e-03
      vertex 3.552714e-17 1.866297e-02 3.839239e-03
      vertex -1.113151e-03 1.875798e-02 3.313147e-03
    endloop
  endfacet
  facet normal -1.064257e-02 9.234629e-01 3.835401e-01
    outer loop
      vertex -1.253549e-03 1.737316e-02 7.813247e-03
      vertex 1.421085e-17 1.755296e-02 7.415120e-03
      vertex -8.824983e-04 1.774538e-02 6.927315e-03
    endloop
  endfacet
  facet normal 7.152949e-03 8.565681e-01 5.159845e-01
    outer loop
      vertex -1.945508e-03 1.617387e-02 1.006503e-02
      vertex 2.842171e-17 1.675077e-02 9.080361e-03
      vertex -2.015707e-03 1.641238e-02 9.670052e-03
    endloop
  endfacet
  facet normal -2.438857e-04 4.992261e-01 8.664717e-01
    outer loop
      vertex -1.414003e-03 9.306147e-03 1.662112e-02
      vertex -7.030241e-09 9.880506e-03 1.629060e-02
      vertex -2.567268e-03 9.728748e-03 1.637731e-02
    endloop
  endfacet
  facet normal -3.112309e-03 4.495798e-01 8.932347e-01
    outer loop
      vertex -2.426870e-03 8.112895e-03 1.723611e-02
      vertex -2.811044e-08 8.243769e-03 1.717870e-02
      vertex -8.423848e-04 8.687576e-03 1.695238e-02
    endloop
  endfacet
  facet normal -7.010310e-03 3.443201e-01 9.388261e-01
    outer loop
      vertex -1.484202e-03 6.187362e-03 1.801594e-02
      vertex -2.282511e-08 6.555910e-03 1.789186e-02
      vertex -1.815139e-03 7.036236e-03 1.770214e-02
    endloop
  endfacet
  facet normal 5.830013e-03 2.975538e-01 9.546873e-01
    outer loop
      vertex -1.363861e-03 5.134263e-03 1.834343e-02
      vertex -1.182763e-08 4.781792e-03 1.844496e-02
      vertex -1.484202e-03 6.187362e-03 1.801594e-02
    endloop
  endfacet
  facet normal -6.630022e-03 2.041898e-01 9.789089e-01
    outer loop
      vertex -1.504259e-03 3.486243e-03 1.872639e-02
      vertex -1.730271e-09 3.843615e-03 1.866204e-02
      vertex -1.494230e-03 4.329302e-03 1.855061e-02
    endloop
  endfacet
  facet normal -1.064447e-02 -3.835394e-01 9.234632e-01
    outer loop
      vertex -1.253549e-03 -7.813247e-03 1.737316e-02
      vertex -7.873243e-09 -7.407084e-03 1.755630e-02
      vertex -8.824983e-04 -6.927315e-03 1.774538e-02
    endloop
  endfacet
  facet normal -4.007261e-03 -4.674335e-01 8.840191e-01
    outer loop
      vertex -1.283634e-03 -9.233536e-03 1.666381e-02
      vertex -1.372427e-08 -9.086281e-03 1.674749e-02
      vertex -1.263577e-03 -8.688275e-03 1.695222e-02
    endloop
  endfacet
  facet normal -1.094374e-03 -8.167607e-01 5.769755e-01
    outer loop
      vertex -2.236331e-03 -1.576547e-02 1.069084e-02
      vertex -1.726939e-08 -1.579580e-02 1.065215e-02
      vertex -9.324641e-04 -1.527685e-02 1.138500e-02
    endloop
  endfacet
  facet normal -1.927126e-03 -8.380767e-01 5.455491e-01
    outer loop
      vertex -1.063009e-03 -1.605325e-02 1.025289e-02
      vertex -1.726939e-08 -1.579580e-02 1.065215e-02
      vertex -2.236331e-03 -1.576547e-02 1.069084e-02
    endloop
  endfacet
  facet normal 1.040076e-05 -8.663653e-01 4.994108e-01
    outer loop
      vertex -1.865281e-03 -1.662787e-02 9.295467e-03
      vertex -1.069486e-08 -1.629048e-02 9.880713e-03
      vertex -2.045792e-03 -1.638268e-02 9.720823e-03
    endloop
  endfacet
  facet normal -6.152031e-04 -9.106177e-01 4.132493e-01
    outer loop
      vertex -9.827822e-04 -1.739147e-02 7.772694e-03
      vertex 2.842171e-17 -1.717146e-02 8.258963e-03
      vertex -2.426870e-03 -1.723611e-02 8.112895e-03
    endloop
  endfacet
  facet normal -2.977251e-03 -8.951936e-01 4.456675e-01
    outer loop
      vertex -2.426870e-03 -1.723611e-02 8.112895e-03
      vertex 2.842171e-17 -1.717146e-02 8.258963e-03
      vertex -1.604542e-03 -1.697047e-02 8.651961e-03
    endloop
  endfacet
  facet normal -6.022390e-03 -9.348270e-01 3.550524e-01
    outer loop
      vertex -1.283634e-03 -1.795931e-02 6.356436e-03
      vertex 2.131628e-17 -1.789405e-02 6.550029e-03
      vertex -1.313719e-03 -1.766958e-02 7.118764e-03
    endloop
  endfacet
  facet normal 7.233619e-03 -9.541016e-01 2.993958e-01
    outer loop
      vertex -1.363861e-03 -1.834343e-02 5.134263e-03
      vertex 3.552714e-17 -1.845026e-02 4.760892e-03
      vertex -1.283634e-03 -1.795931e-02 6.356436e-03
    endloop
  endfacet
  facet normal -5.651878e-03 -9.782408e-01 2.073958e-01
    outer loop
      vertex -2.075877e-03 -1.873315e-02 3.451667e-03
      vertex 1.421085e-17 -1.866297e-02 3.839239e-03
      vertex -1.343804e-03 -1.856022e-02 4.287271e-03
    endloop
  endfacet
  facet normal -5.249346e-03 -9.820659e-01 -1.884651e-01
    outer loop
      vertex -2.201232e-03 -1.859187e-02 -4.148412e-03
      vertex 3.552714e-17 -1.866297e-02 -3.839239e-03
      vertex -1.113151e-03 -1.875798e-02 -3.313147e-03
    endloop
  endfacet
  facet normal -1.064257e-02 -9.234629e-01 -3.835401e-01
    outer loop
      vertex -1.253549e-03 -1.737316e-02 -7.813247e-03
      vertex 2.131628e-17 -1.755296e-02 -7.415120e-03
      vertex -8.824983e-04 -1.774538e-02 -6.927315e-03
    endloop
  endfacet
  facet normal 5.547875e-03 -8.579857e-01 -5.136437e-01
    outer loop
      vertex -1.945508e-03 -1.617387e-02 -1.006503e-02
      vertex 2.131628e-17 -1.675077e-02 -9.080361e-03
      vertex -2.276444e-03 -1.640829e-02 -9.677021e-03
    endloop
  endfacet
  facet normal -6.958142e-04 -5.020679e-01 -8.648279e-01
    outer loop
      vertex -1.564429e-03 -9.425915e-03 -1.655336e-02
      vertex -5.299564e-09 -9.875807e-03 -1.629344e-02
      vertex -2.487041e-03 -9.799117e-03 -1.633596e-02
    endloop
  endfacet
  facet normal -5.398653e-03 -4.775006e-01 -8.786148e-01
    outer loop
      vertex -1.183350e-03 -8.887313e-03 -1.684841e-02
      vertex -4.577028e-09 -9.072219e-03 -1.675519e-02
      vertex -1.564429e-03 -9.425915e-03 -1.655336e-02
    endloop
  endfacet
  facet normal -3.155853e-04 -4.553924e-01 -8.902908e-01
    outer loop
      vertex -2.226303e-03 -8.354851e-03 -1.712040e-02
      vertex -1.077472e-07 -8.230891e-03 -1.718460e-02
      vertex -1.183350e-03 -8.887313e-03 -1.684841e-02
    endloop
  endfacet
  facet normal -7.203677e-03 -3.460446e-01 -9.381904e-01
    outer loop
      vertex -1.484202e-03 -6.177152e-03 -1.802016e-02
      vertex -3.734772e-09 -6.554336e-03 -1.789244e-02
      vertex -1.303691e-03 -6.950680e-03 -1.773624e-02
    endloop
  endfacet
  facet normal 5.578953e-03 -2.966623e-01 -9.549662e-01
    outer loop
      vertex -1.363861e-03 -5.134263e-03 -1.834343e-02
      vertex -1.182761e-08 -4.781792e-03 -1.844496e-02
      vertex -1.484202e-03 -6.177152e-03 -1.802016e-02
    endloop
  endfacet
  facet normal -6.642940e-03 -2.041899e-01 -9.789088e-01
    outer loop
      vertex -1.504259e-03 -3.486243e-03 -1.872639e-02
      vertex -1.011622e-08 -3.839229e-03 -1.866297e-02
      vertex -1.494230e-03 -4.329302e-03 -1.855061e-02
    endloop
  endfacet
  facet normal -1.064447e-02 3.835394e-01 -9.234632e-01
    outer loop
      vertex -1.253549e-03 7.813247e-03 -1.737316e-02
      vertex -7.873243e-09 7.407084e-03 -1.755630e-02
      vertex -8.824983e-04 6.927315e-03 -1.774538e-02
    endloop
  endfacet
  facet normal -3.927641e-03 4.674360e-01 -8.840182e-01
    outer loop
      vertex -1.283634e-03 9.233536e-03 -1.666381e-02
      vertex -6.136550e-09 9.090900e-03 -1.674494e-02
      vertex -1.263577e-03 8.688275e-03 -1.695222e-02
    endloop
  endfacet
  facet normal -1.251367e-02 7.758466e-01 -6.307975e-01
    outer loop
      vertex -1.053554e-03 1.526546e-02 -1.140105e-02
      vertex -1.239952e-08 1.469899e-02 -1.211868e-02
      vertex -1.525613e-03 1.419535e-02 -1.270786e-02
    endloop
  endfacet
  facet normal -2.811613e-03 8.181348e-01 -5.750196e-01
    outer loop
      vertex -2.025735e-03 1.587835e-02 -1.052427e-02
      vertex -1.719653e-08 1.580228e-02 -1.064241e-02
      vertex -1.053554e-03 1.526546e-02 -1.140105e-02
    endloop
  endfacet
  facet normal -2.375135e-05 8.405877e-01 -5.416754e-01
    outer loop
      vertex -1.063009e-03 1.605325e-02 -1.025289e-02
      vertex -1.719653e-08 1.580228e-02 -1.064241e-02
      vertex -2.025735e-03 1.587835e-02 -1.052427e-02
    endloop
  endfacet
  facet normal -2.140811e-03 8.634260e-01 -5.044710e-01
    outer loop
      vertex -1.865281e-03 1.662787e-02 -9.295467e-03
      vertex 3.552714e-17 1.629207e-02 -9.878118e-03
      vertex -2.206246e-03 1.627489e-02 -9.898155e-03
    endloop
  endfacet
  facet normal -2.977251e-03 8.951936e-01 -4.456675e-01
    outer loop
      vertex -2.426870e-03 1.723611e-02 -8.112895e-03
      vertex 2.842171e-17 1.717146e-02 -8.258963e-03
      vertex -1.604542e-03 1.697047e-02 -8.651961e-03
    endloop
  endfacet
  facet normal -4.752053e-03 9.338607e-01 -3.576054e-01
    outer loop
      vertex -1.754968e-03 1.794886e-02 -6.383572e-03
      vertex 2.131628e-17 1.789405e-02 -6.550029e-03
      vertex -1.313719e-03 1.766958e-02 -7.118764e-03
    endloop
  endfacet
  facet normal -5.624760e-04 9.619662e-01 -2.731681e-01
    outer loop
      vertex -1.363861e-03 1.834343e-02 -5.134263e-03
      vertex 2.131628e-17 1.845026e-02 -4.760892e-03
      vertex 2.131628e-17 1.819355e-02 -5.664887e-03
    endloop
  endfacet
  facet normal -5.651878e-03 9.782408e-01 -2.073958e-01
    outer loop
      vertex -2.075877e-03 1.873315e-02 -3.451667e-03
      vertex 2.842171e-17 1.866297e-02 -3.839239e-03
      vertex -1.343804e-03 1.856022e-02 -4.287271e-03
    endloop
  endfacet
  facet normal 1.000000e+00 -1.461489e-15 -7.169548e-16
    outer loop
      vertex 2.636780e-17 -1.512652e-02 1.659434e-03
      vertex 2.400857e-17 -1.651992e-02 1.209229e-03
      vertex 2.464695e-17 -1.542604e-02 -1.302246e-04
    endloop
  endfacet
  facet normal 1.000000e+00 -1.971783e-15 1.165031e-15
    outer loop
      vertex 2.482736e-17 -1.533558e-02 -5.574776e-03
      vertex 2.869927e-17 -1.378893e-02 -6.280547e-03
      vertex 2.742251e-17 -1.341035e-02 -4.543909e-03
    endloop
  endfacet
  facet normal 1.000000e+00 -2.644247e-15 -1.417255e-15
    outer loop
      vertex 2.628453e-17 -1.342244e-02 4.209975e-03
      vertex 2.176037e-17 -1.482328e-02 3.631406e-03
      vertex 2.481348e-17 -1.328477e-02 2.915171e-03
    endloop
  endfacet
  facet normal 1.000000e+00 8.831107e-16 -1.858026e-15
    outer loop
      vertex 2.536860e-17 -8.702559e-03 -1.401016e-02
      vertex 3.019807e-17 -9.439424e-03 -1.176114e-02
      vertex 2.746067e-17 -1.015567e-02 -1.357485e-02
    endloop
  endfacet
  facet normal 1.000000e+00 5.891402e-16 -7.158458e-15
    outer loop
      vertex 1.898481e-17 -8.133457e-03 -6.135439e-03
      vertex 2.486900e-17 -1.020961e-02 -5.484316e-03
      vertex 1.344064e-17 -9.301758e-03 -7.006083e-03
    endloop
  endfacet
  facet normal 1.000000e+00 -2.759639e-15 -3.322091e-15
    outer loop
      vertex 2.647882e-17 -9.212461e-03 5.283399e-03
      vertex 2.062239e-17 -1.066726e-02 4.729013e-03
      vertex 2.187139e-17 -8.855273e-03 3.599780e-03
    endloop
  endfacet
  facet normal 1.000000e+00 3.613228e-15 -1.970058e-15
    outer loop
      vertex 2.009504e-17 -7.977188e-03 4.308574e-03
      vertex 2.647882e-17 -9.212461e-03 5.283399e-03
      vertex 2.187139e-17 -8.855273e-03 3.599780e-03
    endloop
  endfacet
  facet normal 1.000000e+00 -1.042051e-15 6.696822e-16
    outer loop
      vertex 1.898481e-17 -8.133457e-03 -6.135439e-03
      vertex 2.137179e-17 -5.744765e-03 -5.982891e-03
      vertex 2.034484e-17 -6.277757e-03 -5.278748e-03
    endloop
  endfacet
  facet normal 1.000000e+00 -8.776898e-16 3.182150e-15
    outer loop
      vertex 2.703393e-17 -6.018237e-03 -7.837662e-03
      vertex 2.498002e-17 -5.275957e-03 -6.987481e-03
      vertex 2.137179e-17 -5.744765e-03 -5.982891e-03
    endloop
  endfacet
  facet normal 1.000000e+00 2.642000e-15 4.824671e-15
    outer loop
      vertex 2.498002e-17 -5.275957e-03 -6.987481e-03
      vertex 1.942890e-17 -4.397871e-03 -6.317754e-03
      vertex 2.137179e-17 -5.744765e-03 -5.982891e-03
    endloop
  endfacet
  facet normal 1.000000e+00 9.897518e-16 -1.078306e-15
    outer loop
      vertex 2.459838e-17 -4.364385e-03 1.271364e-02
      vertex 2.718659e-17 -5.718720e-03 1.387078e-02
      vertex 2.551431e-17 -5.528965e-03 1.249412e-02
    endloop
  endfacet
  facet normal 1.000000e+00 -9.166516e-16 3.870656e-15
    outer loop
      vertex 2.759945e-17 -6.741371e-03 1.511773e-02
      vertex 2.783884e-17 -5.335488e-03 1.538883e-02
      vertex 2.220446e-17 -6.807273e-03 1.649594e-02
    endloop
  endfacet
  facet normal 1.000000e+00 -2.334233e-16 4.569089e-15
    outer loop
      vertex 2.128853e-17 -5.902499e-03 1.725513e-02
      vertex 2.961520e-17 -4.431357e-03 1.550789e-02
      vertex 2.128853e-17 -4.076074e-03 1.734843e-02
    endloop
  endfacet
  facet normal 1.000000e+00 -5.332716e-15 1.617658e-15
    outer loop
      vertex 2.386980e-17 -9.078516e-04 -1.582043e-02
      vertex 2.470246e-17 -1.255705e-03 -1.748189e-02
      vertex 3.010092e-17 -1.766248e-04 -1.726184e-02
    endloop
  endfacet
  facet normal 1.000000e+00 1.823023e-16 5.690277e-16
    outer loop
      vertex 2.875478e-17 -4.312295e-03 -1.111746e-02
      vertex 2.836273e-17 -2.783086e-03 -1.091840e-02
      vertex 2.756129e-17 -3.560713e-03 -9.260830e-03
    endloop
  endfacet
  facet normal 1.000000e+00 3.749261e-16 6.593944e-16
    outer loop
      vertex 2.756129e-17 -3.560713e-03 -9.260830e-03
      vertex 2.836273e-17 -2.783086e-03 -1.091840e-02
      vertex 2.711720e-17 -2.448223e-03 -9.219902e-03
    endloop
  endfacet
  facet normal 1.000000e+00 2.517705e-15 -3.856050e-15
    outer loop
      vertex 2.764455e-17 -1.756172e-03 -1.035100e-02
      vertex 2.260692e-17 -3.906738e-04 -1.076585e-02
      vertex 2.937928e-17 -8.780860e-04 -9.327803e-03
    endloop
  endfacet
  facet normal 1.000000e+00 1.419688e-15 3.288226e-15
    outer loop
      vertex 2.295386e-17 -4.375547e-03 -2.589609e-03
      vertex 2.464695e-17 -3.155156e-03 -3.631406e-03
      vertex 2.046974e-17 -2.987725e-03 -2.433340e-03
    endloop
  endfacet
  facet normal 1.000000e+00 1.753911e-15 7.455149e-16
    outer loop
      vertex 2.018524e-17 -4.308574e-03 3.080742e-03
      vertex 1.773581e-17 -2.820293e-03 2.864941e-03
      vertex 1.884604e-17 -4.025801e-03 4.211836e-03
    endloop
  endfacet
  facet normal 1.000000e+00 -1.648032e-15 5.235939e-15
    outer loop
      vertex 2.359224e-17 -2.384971e-03 1.651992e-03
      vertex 3.108624e-17 -2.920752e-03 5.208986e-05
      vertex 2.903233e-17 -1.566416e-03 8.706445e-04
    endloop
  endfacet
  facet normal 1.000000e+00 -1.166549e-15 -1.322815e-15
    outer loop
      vertex 2.331468e-17 -3.571875e-03 6.250781e-03
      vertex 2.292611e-17 -2.597051e-03 5.097363e-03
      vertex 2.531308e-17 -1.998018e-03 6.373565e-03
    endloop
  endfacet
  facet normal 1.000000e+00 2.768731e-16 -5.054221e-15
    outer loop
      vertex 1.884604e-17 -4.025801e-03 4.211836e-03
      vertex 1.618150e-17 -2.009180e-03 3.795117e-03
      vertex 2.292611e-17 -2.597051e-03 5.097363e-03
    endloop
  endfacet
  facet normal 1.000000e+00 -1.216725e-15 5.224588e-15
    outer loop
      vertex 1.806888e-17 -4.263926e-03 8.222754e-03
      vertex 2.026851e-17 -2.232422e-03 8.274844e-03
      vertex 1.376677e-17 -2.783086e-03 9.391054e-03
    endloop
  endfacet
  facet normal 1.000000e+00 1.516142e-15 -1.481970e-15
    outer loop
      vertex 2.371020e-17 -1.655713e-03 1.302618e-02
      vertex 2.234324e-17 -3.795117e-04 1.340941e-02
      vertex 2.686046e-17 -1.707803e-03 1.509861e-02
    endloop
  endfacet
  facet normal 1.000000e+00 4.136351e-15 -1.048970e-14
    outer loop
      vertex 3.094747e-17 2.924473e-03 -1.553766e-02
      vertex 2.278733e-17 2.217539e-03 -1.659434e-02
      vertex 1.562639e-17 3.609082e-03 -1.672828e-02
    endloop
  endfacet
  facet normal 1.000000e+00 2.609786e-15 -1.714145e-15
    outer loop
      vertex 2.318978e-17 2.048247e-03 -1.322710e-02
      vertex 2.386980e-17 2.730996e-03 -1.179091e-02
      vertex 2.805395e-17 1.121327e-03 -1.180067e-02
    endloop
  endfacet
  facet normal 1.000000e+00 -1.954416e-15 -1.846545e-15
    outer loop
      vertex 2.805395e-17 1.121327e-03 -1.180067e-02
      vertex 2.450817e-17 -8.111133e-04 -1.167557e-02
      vertex 2.255141e-17 -1.302246e-04 -1.345592e-02
    endloop
  endfacet
  facet normal 1.000000e+00 5.101260e-16 -3.078547e-15
    outer loop
      vertex 2.805395e-17 1.121327e-03 -1.180067e-02
      vertex 2.153833e-17 1.041797e-03 -1.393031e-02
      vertex 2.318978e-17 2.048247e-03 -1.322710e-02
    endloop
  endfacet
  facet normal 1.000000e+00 -1.794231e-15 4.890744e-15
    outer loop
      vertex 2.225997e-17 3.758143e-03 -1.318268e-02
      vertex 2.664535e-17 2.749599e-03 -1.444935e-02
      vertex 2.964295e-17 3.958828e-03 -1.461864e-02
    endloop
  endfacet
  facet normal 1.000000e+00 4.292049e-15 -5.333925e-15
    outer loop
      vertex 3.289730e-17 1.753381e-03 -4.199743e-03
      vertex 2.753353e-17 1.291084e-03 -5.577334e-03
      vertex 2.003953e-17 3.050977e-03 -5.566172e-03
    endloop
  endfacet
  facet normal 1.000000e+00 -5.499627e-15 4.531723e-15
    outer loop
      vertex 1.842970e-17 4.836914e-05 -3.162598e-03
      vertex 2.586126e-17 1.568276e-03 -2.957959e-03
      vertex 1.894318e-17 1.432471e-03 -1.596182e-03
    endloop
  endfacet
  facet normal 1.000000e+00 -5.846184e-16 -2.047207e-15
    outer loop
      vertex 2.535472e-17 -2.232422e-05 3.338401e-03
      vertex 2.275957e-17 5.841504e-04 1.897559e-03
      vertex 2.498002e-17 2.154287e-03 2.533799e-03
    endloop
  endfacet
  facet normal 1.000000e+00 2.722850e-15 1.449431e-15
    outer loop
      vertex 2.836620e-17 1.428750e-03 3.725290e-12
      vertex 2.464695e-17 2.113359e-03 1.279922e-03
      vertex 2.972622e-17 5.153174e-04 7.776269e-04
    endloop
  endfacet
  facet normal 1.000000e+00 -3.836493e-16 -2.531070e-16
    outer loop
      vertex 2.464695e-17 2.113359e-03 1.279922e-03
      vertex 2.486900e-17 3.006328e-03 8.036718e-04
      vertex 2.498002e-17 2.154287e-03 2.533799e-03
    endloop
  endfacet
  facet normal 1.000000e+00 2.010762e-16 -8.368051e-16
    outer loop
      vertex 2.482736e-17 -4.939234e-04 7.019106e-03
      vertex 2.332162e-17 1.024356e-03 5.584543e-03
      vertex 2.448042e-17 9.450586e-04 6.950274e-03
    endloop
  endfacet
  facet normal 1.000000e+00 -1.305831e-15 3.174417e-15
    outer loop
      vertex 2.577105e-17 3.147715e-03 3.441650e-03
      vertex 2.266243e-17 3.869531e-03 4.717852e-03
      vertex 2.015055e-17 2.470547e-03 4.933652e-03
    endloop
  endfacet
  facet normal 1.000000e+00 1.959835e-15 4.394940e-16
    outer loop
      vertex 2.269018e-17 4.492749e-04 1.125792e-02
      vertex 2.131628e-17 7.404199e-04 1.308571e-02
      vertex 2.409184e-17 -4.613672e-04 1.212949e-02
    endloop
  endfacet
  facet normal 1.000000e+00 1.734829e-15 -8.394474e-16
    outer loop
      vertex 2.003953e-17 -5.506641e-04 1.617762e-02
      vertex 1.781908e-17 7.292578e-04 1.617762e-02
      vertex 1.910971e-17 7.425289e-04 1.774253e-02
    endloop
  endfacet
  facet normal 1.000000e+00 -2.262998e-15 -1.059686e-17
    outer loop
      vertex 1.693090e-17 1.949648e-03 1.656457e-02
      vertex 2.051137e-17 3.534668e-03 1.595810e-02
      vertex 2.020606e-17 3.394594e-03 1.705987e-02
    endloop
  endfacet
  facet normal 1.000000e+00 6.348346e-16 4.207695e-15
    outer loop
      vertex 2.303713e-17 8.511108e-03 -1.365312e-02
      vertex 2.015055e-17 6.831211e-03 -1.271364e-02
      vertex 2.697842e-17 6.704707e-03 -1.431727e-02
    endloop
  endfacet
  facet normal 1.000000e+00 4.062915e-15 -4.225400e-15
    outer loop
      vertex 2.102485e-17 4.764360e-03 -1.588368e-02
      vertex 2.570166e-17 5.342930e-03 -1.422053e-02
      vertex 2.964295e-17 3.958828e-03 -1.461864e-02
    endloop
  endfacet
  facet normal 1.000000e+00 1.342766e-15 1.389938e-15
    outer loop
      vertex 2.538247e-17 4.836914e-03 -1.778496e-03
      vertex 2.876865e-17 4.044405e-03 -3.449092e-03
      vertex 2.596534e-17 5.901035e-03 -3.225850e-03
    endloop
  endfacet
  facet normal 1.000000e+00 5.241221e-16 1.368044e-15
    outer loop
      vertex 2.103873e-17 7.337227e-03 1.372195e-02
      vertex 2.264855e-17 6.470303e-03 1.287735e-02
      vertex 2.281508e-17 7.774409e-03 1.225600e-02
    endloop
  endfacet
  facet normal 1.000000e+00 -3.629359e-16 2.423564e-15
    outer loop
      vertex 2.015055e-17 6.831211e-03 -1.271364e-02
      vertex 2.303713e-17 8.511108e-03 -1.365312e-02
      vertex 1.892930e-17 8.832949e-03 -1.190997e-02
    endloop
  endfacet
  facet normal 1.000000e+00 2.362587e-16 -1.618429e-15
    outer loop
      vertex 2.453593e-17 9.434772e-03 -6.207063e-03
      vertex 2.241263e-17 8.755745e-03 -7.618139e-03
      vertex 2.216283e-17 1.031007e-02 -7.545586e-03
    endloop
  endfacet
  facet normal 1.000000e+00 -4.116039e-15 4.137077e-15
    outer loop
      vertex 1.992503e-17 7.778131e-03 -2.418457e-04
      vertex 3.190503e-17 9.764985e-03 -1.160859e-03
      vertex 2.399470e-17 9.324081e-03 3.125391e-04
    endloop
  endfacet
  facet normal 1.000000e+00 1.039700e-15 3.721391e-15
    outer loop
      vertex 2.026157e-17 1.113606e-02 9.651504e-03
      vertex 2.658984e-17 1.065609e-02 8.085088e-03
      vertex 2.058076e-17 1.230064e-02 9.240366e-03
    endloop
  endfacet
  facet normal 1.000000e+00 7.115540e-16 3.733400e-15
    outer loop
      vertex 2.847722e-17 9.391054e-03 1.160115e-02
      vertex 2.665923e-17 1.078446e-02 1.182253e-02
      vertex 2.253753e-17 9.969551e-03 1.308186e-02
    endloop
  endfacet
  facet normal 1.000000e+00 -4.581445e-15 1.809594e-16
    outer loop
      vertex 1.590394e-17 1.409402e-02 -8.059043e-03
      vertex 1.690315e-17 1.425288e-02 -9.558949e-03
      vertex 2.364775e-17 1.575645e-02 -8.763478e-03
    endloop
  endfacet
  facet normal 1.000000e+00 -1.508152e-15 -7.658258e-16
    outer loop
      vertex 2.237099e-17 1.403449e-02 6.667500e-03
      vertex 2.514655e-17 1.591882e-02 6.580931e-03
      vertex 2.438327e-17 1.484520e-02 7.698561e-03
    endloop
  endfacet
  facet normal 1.000000e+00 -1.212279e-15 2.671671e-15
    outer loop
      vertex 2.117750e-17 1.324942e-02 8.174385e-03
      vertex 2.438327e-17 1.484520e-02 7.698561e-03
      vertex 1.884604e-17 1.411794e-02 9.441139e-03
    endloop
  endfacet
  facet normal 1.000000e+00 2.766174e-15 -1.758649e-16
    outer loop
      vertex 1.951217e-17 1.619994e-02 -4.323457e-03
      vertex 1.898481e-17 1.628965e-02 -5.911019e-03
      vertex 1.643130e-17 1.727067e-02 -5.000323e-03
    endloop
  endfacet
  facet normal 1.000000e+00 -3.714303e-15 -2.904930e-15
    outer loop
      vertex 1.720846e-17 1.539999e-02 2.440781e-03
      vertex 2.375877e-17 1.680270e-02 2.902148e-03
      vertex 2.222528e-17 1.561579e-02 3.891855e-03
    endloop
  endfacet
  facet normal 1.000000e+00 4.211791e-16 -4.864230e-15
    outer loop
      vertex 2.195466e-17 1.749476e-02 1.952844e-03
      vertex 2.131628e-17 1.895165e-02 1.947752e-03
      vertex 2.646494e-17 1.785373e-02 2.911160e-03
    endloop
  endfacet
  facet normal 1.000000e+00 1.662173e-14 2.044010e-14
    outer loop
      vertex 2.842171e-17 1.845026e-02 4.760892e-03
      vertex 1.421085e-17 1.819355e-02 5.664887e-03
      vertex 2.495226e-17 1.725513e-02 5.902499e-03
    endloop
  endfacet
  facet normal 1.000000e+00 -2.306606e-14 4.550826e-15
    outer loop
      vertex 1.421085e-17 1.629207e-02 9.878118e-03
      vertex 2.084444e-17 1.624360e-02 8.174772e-03
      vertex 2.842171e-17 1.675077e-02 9.080361e-03
    endloop
  endfacet
  facet normal 1.000000e+00 -4.814841e-06 6.338710e-06
    outer loop
      vertex 2.516043e-17 9.494560e-03 1.488834e-02
      vertex -7.030241e-09 9.880506e-03 1.629060e-02
      vertex -1.376953e-08 9.083973e-03 1.674875e-02
    endloop
  endfacet
  facet normal 1.000000e+00 -9.445472e-06 1.386722e-05
    outer loop
      vertex -1.182763e-08 4.781792e-03 1.844496e-02
      vertex 1.904032e-17 4.702466e-03 1.753801e-02
      vertex 2.842171e-17 5.664887e-03 1.819355e-02
    endloop
  endfacet
  facet normal 1.000000e+00 1.783938e-07 -4.318585e-07
    outer loop
      vertex 3.142613e-10 -4.790246e-03 1.844228e-02
      vertex 3.635231e-10 -5.682076e-03 1.818794e-02
      vertex 2.128853e-17 -5.902499e-03 1.725513e-02
    endloop
  endfacet
  facet normal 1.000000e+00 -1.302596e-05 6.890083e-06
    outer loop
      vertex 1.992850e-17 -1.382226e-02 1.197655e-02
      vertex -1.239952e-08 -1.469899e-02 1.211868e-02
      vertex 1.866562e-17 -1.451062e-02 1.067517e-02
    endloop
  endfacet
  facet normal 1.000000e+00 -1.735110e-14 -1.018392e-14
    outer loop
      vertex 2.131628e-17 -1.789405e-02 6.550029e-03
      vertex 7.105427e-18 -1.819355e-02 5.664887e-03
      vertex 2.758904e-17 -1.689223e-02 5.459092e-03
    endloop
  endfacet
  facet normal 1.000000e+00 2.664283e-14 2.387438e-14
    outer loop
      vertex 3.552714e-17 -1.845026e-02 4.760892e-03
      vertex 3.086420e-17 -1.780125e-02 4.231941e-03
      vertex 7.105427e-18 -1.819355e-02 5.664887e-03
    endloop
  endfacet
  facet normal 1.000000e+00 -1.371218e-14 1.282638e-14
    outer loop
      vertex 2.758904e-17 -1.689223e-02 5.459092e-03
      vertex 7.105427e-18 -1.819355e-02 5.664887e-03
      vertex 3.086420e-17 -1.780125e-02 4.231941e-03
    endloop
  endfacet
  facet normal 1.000000e+00 -1.082051e-15 7.220779e-15
    outer loop
      vertex 2.842171e-17 -1.902521e-02 -9.803105e-04
      vertex 2.563227e-17 -1.726473e-02 -3.301921e-04
      vertex 2.131628e-17 -1.905000e-02 -4.352074e-17
    endloop
  endfacet
  facet normal 1.000000e+00 2.645327e-15 4.029059e-15
    outer loop
      vertex 1.804112e-17 -1.779112e-02 -1.896824e-03
      vertex 2.131628e-17 -1.895165e-02 -1.947752e-03
      vertex 2.173262e-17 -1.772234e-02 -2.858203e-03
    endloop
  endfacet
  facet normal 1.000000e+00 1.192127e-14 1.124529e-14
    outer loop
      vertex 2.842171e-17 -1.819355e-02 -5.664887e-03
      vertex 1.398881e-17 -1.735276e-02 -5.272755e-03
      vertex 2.131628e-17 -1.845026e-02 -4.760892e-03
    endloop
  endfacet
  facet normal 1.000000e+00 1.159262e-14 1.194997e-14
    outer loop
      vertex 1.398881e-17 -1.735276e-02 -5.272755e-03
      vertex 2.842171e-17 -1.819355e-02 -5.664887e-03
      vertex 3.552714e-17 -1.789405e-02 -6.550029e-03
    endloop
  endfacet
  facet normal 1.000000e+00 -3.335187e-06 1.501028e-06
    outer loop
      vertex -3.734772e-09 -6.554336e-03 -1.789244e-02
      vertex -3.827060e-10 -5.682250e-03 -1.818790e-02
      vertex 2.342571e-17 -5.198341e-03 -1.736765e-02
    endloop
  endfacet
  facet normal 1.000000e+00 1.076400e-05 -6.816813e-06
    outer loop
      vertex -1.182761e-08 -4.781792e-03 -1.844496e-02
      vertex 2.342571e-17 -5.198341e-03 -1.736765e-02
      vertex -3.827060e-10 -5.682250e-03 -1.818790e-02
    endloop
  endfacet
  facet normal 1.000000e+00 8.578301e-07 -2.496620e-06
    outer loop
      vertex -4.642102e-09 3.242681e-05 -1.904936e-02
      vertex 3.010092e-17 -1.766248e-04 -1.726184e-02
      vertex -3.718934e-09 -9.742835e-04 -1.902550e-02
    endloop
  endfacet
  facet normal 1.000000e+00 -1.132857e-06 -4.372134e-06
    outer loop
      vertex 2.471634e-17 1.408467e-03 -1.746437e-02
      vertex -5.888579e-09 1.949687e-03 -1.895144e-02
      vertex 1.687539e-17 2.911160e-03 -1.785373e-02
    endloop
  endfacet
  facet normal 1.000000e+00 -2.796849e-05 -9.051034e-06
    outer loop
      vertex 2.842171e-17 5.664887e-03 -1.819355e-02
      vertex 2.511880e-17 5.339559e-03 -1.718826e-02
      vertex -2.769215e-08 4.758065e-03 -1.845094e-02
    endloop
  endfacet
  facet normal 1.000000e+00 2.887787e-05 2.746528e-06
    outer loop
      vertex -3.039690e-08 9.887383e-03 -1.628631e-02
      vertex 2.611800e-17 8.785803e-03 -1.577134e-02
      vertex -6.136550e-09 9.090900e-03 -1.674494e-02
    endloop
  endfacet
  facet normal 1.000000e+00 1.664744e-05 -2.341577e-05
    outer loop
      vertex 2.611800e-17 8.785803e-03 -1.577134e-02
      vertex -3.039690e-08 9.887383e-03 -1.628631e-02
      vertex 2.289835e-17 9.814276e-03 -1.504014e-02
    endloop
  endfacet
  facet normal 1.000000e+00 -1.658754e-15 9.860529e-15
    outer loop
      vertex 2.842171e-17 1.675077e-02 -9.080361e-03
      vertex 2.364775e-17 1.575645e-02 -8.763478e-03
      vertex 3.552714e-17 1.629207e-02 -9.878118e-03
    endloop
  endfacet
  facet normal 1.000000e+00 -4.394583e-15 1.247923e-15
    outer loop
      vertex 2.131628e-17 1.845026e-02 -4.760892e-03
      vertex 1.643130e-17 1.727067e-02 -5.000323e-03
      vertex 2.131628e-17 1.819355e-02 -5.664887e-03
    endloop
  endfacet
  facet normal 1.000000e+00 -4.256172e-15 1.440133e-15
    outer loop
      vertex 2.131628e-17 1.789405e-02 -6.550029e-03
      vertex 2.131628e-17 1.819355e-02 -5.664887e-03
      vertex 1.643130e-17 1.727067e-02 -5.000323e-03
    endloop
  endfacet
  facet normal 1.000000e+00 1.199119e-09 9.384918e-09
    outer loop
      vertex 2.471634e-17 1.408467e-03 -1.746437e-02
      vertex 3.010092e-17 -1.766248e-04 -1.726184e-02
      vertex 1.519699e-11 9.583321e-04 -1.902615e-02
    endloop
  endfacet
  facet normal 1.000000e+00 5.013823e-15 -1.853042e-15
    outer loop
      vertex 1.831868e-17 1.085083e-02 -1.470695e-02
      vertex 2.529227e-17 1.000389e-02 -1.323520e-02
      vertex 2.289835e-17 9.814276e-03 -1.504014e-02
    endloop
  endfacet
  facet normal 1.000000e+00 3.710230e-06 -3.189695e-08
    outer loop
      vertex 2.509104e-17 1.085083e-02 1.470695e-02
      vertex 2.464695e-17 1.084048e-02 1.350335e-02
      vertex -4.621043e-09 1.209640e-02 1.471707e-02
    endloop
  endfacet
  facet normal 1.000000e+00 3.375381e-16 -6.663380e-16
    outer loop
      vertex 1.998401e-17 1.431328e-02 1.124790e-02
      vertex 1.884604e-17 1.411794e-02 9.441139e-03
      vertex 1.909584e-17 1.504560e-02 1.028594e-02
    endloop
  endfacet
  facet normal 1.000000e+00 -1.425396e-15 2.317468e-15
    outer loop
      vertex 2.580575e-17 1.702507e-02 2.186239e-06
      vertex 2.686046e-17 1.832904e-02 3.491024e-04
      vertex 2.195466e-17 1.749476e-02 1.952844e-03
    endloop
  endfacet
  facet normal -1.237353e-03 -4.602231e-01 -8.878025e-01
    outer loop
      vertex 4.316491e-03 4.051105e-03 -1.117804e-02
      vertex 4.127114e-04 3.980898e-03 -1.113621e-02
      vertex 2.326026e-03 4.180318e-03 -1.124225e-02
    endloop
  endfacet
  facet normal 2.188482e-03 -9.945382e-01 1.043499e-01
    outer loop
      vertex 2.353611e-03 2.883158e-03 -8.563339e-03
      vertex 1.839175e-03 2.825354e-03 -9.103465e-03
      vertex 2.990328e-03 2.826700e-03 -9.114780e-03
    endloop
  endfacet
  facet normal 2.820245e-04 3.347488e-01 9.423074e-01
    outer loop
      vertex 1.676654e-03 6.150960e-03 -6.841185e-03
      vertex 4.590705e-04 5.877599e-03 -6.743711e-03
      vertex 4.318575e-03 5.874557e-03 -6.743785e-03
    endloop
  endfacet
  facet normal 1.000000e+00 0.000000e+00 -0.000000e+00
    outer loop
      vertex 4.826000e-03 6.012266e-03 7.948506e-03
      vertex 4.826000e-03 6.537007e-03 9.319642e-03
      vertex 4.826000e-03 4.951016e-03 9.048941e-03
    endloop
  endfacet
  facet normal -2.711112e-03 -9.690581e-01 2.468179e-01
    outer loop
      vertex 2.170244e-03 2.950855e-03 9.840889e-03
      vertex 2.386228e-03 2.869110e-03 9.522312e-03
      vertex 4.316274e-03 2.877367e-03 9.575933e-03
    endloop
  endfacet
  facet normal -9.300112e-03 -7.680156e-01 6.403636e-01
    outer loop
      vertex 2.246468e-03 3.270792e-03 1.046818e-02
      vertex 3.229559e-03 3.377686e-03 1.061066e-02
      vertex 2.260625e-03 3.507925e-03 1.075279e-02
    endloop
  endfacet
  facet normal -3.257035e-03 3.351853e-01 9.421466e-01
    outer loop
      vertex 3.030654e-03 6.170959e-03 1.129809e-02
      vertex 6.456453e-04 6.304777e-03 1.124223e-02
      vertex 2.557818e-03 5.894101e-03 1.139495e-02
    endloop
  endfacet
  facet normal 2.046423e-04 8.668173e-01 4.986258e-01
    outer loop
      vertex 1.665868e-03 7.266607e-03 1.038065e-02
      vertex 4.316109e-03 7.247494e-03 1.041278e-02
      vertex 2.764280e-03 7.394224e-03 1.015834e-02
    endloop
  endfacet
  facet normal -1.298406e-03 9.650229e-01 2.621624e-01
    outer loop
      vertex 4.316698e-03 7.599517e-03 9.578571e-03
      vertex 1.982134e-03 7.589833e-03 9.602654e-03
      vertex 4.315989e-03 7.525067e-03 9.852619e-03
    endloop
  endfacet
  facet normal -1.296395e-03 4.280956e-01 -9.037325e-01
    outer loop
      vertex 4.317042e-03 6.146871e-03 6.836869e-03
      vertex 4.187734e-04 6.059360e-03 6.801008e-03
      vertex 2.486413e-03 6.371144e-03 6.945733e-03
    endloop
  endfacet
  facet normal 6.453558e-05 8.661994e-01 -4.996985e-01
    outer loop
      vertex 1.974038e-03 7.375687e-03 7.956830e-03
      vertex 4.320765e-03 7.414975e-03 8.025237e-03
      vertex 4.316097e-03 7.246347e-03 7.732930e-03
    endloop
  endfacet
  facet normal -2.513103e-03 8.542940e-01 -5.197840e-01
    outer loop
      vertex 4.316097e-03 7.246347e-03 7.732930e-03
      vertex 2.267356e-03 7.209427e-03 7.682154e-03
      vertex 1.974038e-03 7.375687e-03 7.956830e-03
    endloop
  endfacet
  facet normal -5.977364e-03 9.638223e-01 -2.664787e-01
    outer loop
      vertex 4.319565e-03 7.585320e-03 8.496200e-03
      vertex 2.406922e-03 7.504500e-03 8.246785e-03
      vertex 2.386230e-03 7.606837e-03 8.617392e-03
    endloop
  endfacet
  facet normal 1.000000e+00 0.000000e+00 0.000000e+00
    outer loop
      vertex 4.826000e-03 6.247501e-03 -7.957388e-03
      vertex 4.826000e-03 4.362755e-03 -7.898146e-03
      vertex 4.826000e-03 5.408492e-03 -9.061361e-03
    endloop
  endfacet
  facet normal 1.000000e+00 0.000000e+00 0.000000e+00
    outer loop
      vertex 4.826000e-03 6.247501e-03 -7.957388e-03
      vertex 4.826000e-03 5.408492e-03 -9.061361e-03
      vertex 4.826000e-03 6.411170e-03 -9.766468e-03
    endloop
  endfacet
  facet normal 1.000000e+00 0.000000e+00 0.000000e+00
    outer loop
      vertex 4.826000e-03 4.057817e-03 -9.600174e-03
      vertex 4.826000e-03 5.408492e-03 -9.061361e-03
      vertex 4.826000e-03 4.362755e-03 -7.898146e-03
    endloop
  endfacet
  facet normal 1.000000e+00 -0.000000e+00 0.000000e+00
    outer loop
      vertex 4.826000e-03 4.057817e-03 -9.600174e-03
      vertex 4.826000e-03 4.842813e-03 -1.060906e-02
      vertex 4.826000e-03 5.408492e-03 -9.061361e-03
    endloop
  endfacet
  facet normal 1.000000e+00 0.000000e+00 0.000000e+00
    outer loop
      vertex 4.826000e-03 6.411170e-03 -9.766468e-03
      vertex 4.826000e-03 5.408492e-03 -9.061361e-03
      vertex 4.826000e-03 4.842813e-03 -1.060906e-02
    endloop
  endfacet
  facet normal 5.553921e-03 -9.384515e-01 3.453664e-01
    outer loop
      vertex 5.654960e-04 -1.268638e-02 9.777285e-04
      vertex 1.537683e-03 -1.279416e-02 6.692033e-04
      vertex 2.809153e-03 -1.264383e-02 1.057268e-03
    endloop
  endfacet
  facet normal 1.414815e-03 -2.248750e-01 9.743866e-01
    outer loop
      vertex 4.315548e-03 -1.084213e-02 2.388266e-03
      vertex 1.598370e-03 -1.101108e-02 2.353218e-03
      vertex 4.316396e-03 -1.117561e-02 2.311300e-03
    endloop
  endfacet
  facet normal -2.614636e-03 -1.626240e-01 9.866846e-01
    outer loop
      vertex 2.358686e-03 -1.078347e-02 2.392748e-03
      vertex 1.598370e-03 -1.101108e-02 2.353218e-03
      vertex 4.315548e-03 -1.084213e-02 2.388266e-03
    endloop
  endfacet
  facet normal -1.661459e-03 4.643522e-01 8.856490e-01
    outer loop
      vertex 2.399610e-03 -9.283182e-03 2.096340e-03
      vertex 1.958143e-03 -9.457731e-03 2.187029e-03
      vertex 4.316089e-03 -9.339584e-03 2.129508e-03
    endloop
  endfacet
  facet normal 1.670175e-03 4.105993e-01 9.118143e-01
    outer loop
      vertex 4.316089e-03 -9.339584e-03 2.129508e-03
      vertex 1.958143e-03 -9.457731e-03 2.187029e-03
      vertex 4.319138e-03 -9.655291e-03 2.271668e-03
    endloop
  endfacet
  facet normal 3.829949e-03 5.442397e-01 8.389210e-01
    outer loop
      vertex 5.583050e-04 -9.168953e-03 2.030642e-03
      vertex 2.399610e-03 -9.283182e-03 2.096340e-03
      vertex 2.968071e-03 -9.041808e-03 1.937157e-03
    endloop
  endfacet
  facet normal 4.481343e-04 -9.665847e-01 -2.563472e-01
    outer loop
      vertex 1.598370e-03 -1.281107e-02 -6.120880e-04
      vertex 4.316966e-03 -1.277803e-02 -7.319273e-04
      vertex 4.316725e-03 -1.283834e-02 -5.044922e-04
    endloop
  endfacet
  facet normal -3.241626e-03 -9.427518e-01 -3.334793e-01
    outer loop
      vertex 1.686502e-03 -1.269517e-02 -9.405880e-04
      vertex 4.316966e-03 -1.277803e-02 -7.319273e-04
      vertex 1.598370e-03 -1.281107e-02 -6.120880e-04
    endloop
  endfacet
  facet normal -4.784360e-03 9.407992e-02 -9.955532e-01
    outer loop
      vertex 2.679344e-03 -1.004463e-02 -2.373779e-03
      vertex 4.322272e-03 -1.011340e-02 -2.388173e-03
      vertex 3.199915e-03 -1.041788e-02 -2.411553e-03
    endloop
  endfacet
  facet normal -7.747609e-04 4.722217e-01 -8.814795e-01
    outer loop
      vertex 2.716441e-03 -9.323037e-03 -2.118154e-03
      vertex 4.119931e-04 -9.181890e-03 -2.040514e-03
      vertex 4.316241e-03 -9.219928e-03 -2.064322e-03
    endloop
  endfacet
  facet normal 5.659402e-03 7.160442e-01 -6.980320e-01
    outer loop
      vertex 1.696678e-03 -8.822571e-03 -1.755100e-03
      vertex 2.577956e-03 -8.628510e-03 -1.548887e-03
      vertex 2.966184e-03 -8.900772e-03 -1.825027e-03
    endloop
  endfacet
  facet normal -2.150897e-03 9.071592e-01 -4.207821e-01
    outer loop
      vertex 4.317084e-03 -8.340874e-03 -1.123865e-03
      vertex 2.278338e-03 -8.357125e-03 -1.148480e-03
      vertex 2.576184e-03 -8.224943e-03 -8.650324e-04
    endloop
  endfacet
  facet normal -5.488743e-03 9.975142e-01 7.025127e-02
    outer loop
      vertex -3.860930e-03 1.894973e-02 1.926599e-03
      vertex -2.286473e-03 1.901589e-02 1.110133e-03
      vertex -5.134536e-03 1.904378e-02 4.916891e-04
    endloop
  endfacet
  facet normal -8.501016e-04 9.968629e-01 7.914356e-02
    outer loop
      vertex -2.286473e-03 1.901589e-02 1.110133e-03
      vertex -3.860930e-03 1.894973e-02 1.926599e-03
      vertex -2.386757e-03 1.894749e-02 1.970614e-03
    endloop
  endfacet
  facet normal 1.600538e-03 9.862226e-01 1.654160e-01
    outer loop
      vertex -5.134536e-03 1.871926e-02 3.547445e-03
      vertex -2.637467e-03 1.871372e-02 3.556284e-03
      vertex -4.071527e-03 1.882440e-02 2.910280e-03
    endloop
  endfacet
  facet normal 1.541506e-03 9.523848e-01 3.048949e-01
    outer loop
      vertex -4.211924e-03 1.806281e-02 6.048188e-03
      vertex -1.599528e-03 1.797577e-02 6.306880e-03
      vertex -2.246359e-03 1.827192e-02 5.385069e-03
    endloop
  endfacet
  facet normal 1.360612e-04 9.281032e-01 3.723231e-01
    outer loop
      vertex -2.567268e-03 1.777370e-02 6.852856e-03
      vertex -5.134536e-03 1.785205e-02 6.658497e-03
      vertex -4.332264e-03 1.757659e-02 7.344837e-03
    endloop
  endfacet
  facet normal 2.643585e-03 9.103645e-01 4.137989e-01
    outer loop
      vertex -2.848063e-03 1.749008e-02 7.548515e-03
      vertex -5.134536e-03 1.724517e-02 8.101939e-03
      vertex -2.697637e-03 1.721331e-02 8.156447e-03
    endloop
  endfacet
  facet normal 1.978817e-03 8.994040e-01 4.371138e-01
    outer loop
      vertex -5.134536e-03 1.701793e-02 8.569503e-03
      vertex -2.697637e-03 1.721331e-02 8.156447e-03
      vertex -5.134536e-03 1.724517e-02 8.101939e-03
    endloop
  endfacet
  facet normal -4.565017e-04 8.810778e-01 4.729712e-01
    outer loop
      vertex -4.121668e-03 1.665174e-02 9.252629e-03
      vertex -2.326587e-03 1.672037e-02 9.126528e-03
      vertex -5.134536e-03 1.701793e-02 8.569503e-03
    endloop
  endfacet
  facet normal -1.632194e-03 8.639155e-01 5.036342e-01
    outer loop
      vertex -2.015707e-03 1.641238e-02 9.670052e-03
      vertex -4.121668e-03 1.665174e-02 9.252629e-03
      vertex -3.850902e-03 1.629777e-02 9.860700e-03
    endloop
  endfacet
  facet normal -1.891974e-04 8.128387e-01 5.824888e-01
    outer loop
      vertex -4.252037e-03 1.526745e-02 1.139072e-02
      vertex -1.815693e-03 1.521588e-02 1.146347e-02
      vertex -3.419681e-03 1.570603e-02 1.077897e-02
    endloop
  endfacet
  facet normal -1.652757e-03 7.888929e-01 6.145285e-01
    outer loop
      vertex -4.131697e-03 1.479522e-02 1.199725e-02
      vertex -1.815693e-03 1.521588e-02 1.146347e-02
      vertex -4.252037e-03 1.526745e-02 1.139072e-02
    endloop
  endfacet
  facet normal -4.947295e-03 7.572009e-01 6.531633e-01
    outer loop
      vertex -4.131697e-03 1.479522e-02 1.199725e-02
      vertex -4.031413e-03 1.403781e-02 1.287607e-02
      vertex -2.241886e-03 1.469064e-02 1.213281e-02
    endloop
  endfacet
  facet normal -1.353930e-03 7.529476e-01 6.580791e-01
    outer loop
      vertex -2.213794e-03 1.400732e-02 1.291470e-02
      vertex -2.241886e-03 1.469064e-02 1.213281e-02
      vertex -4.031413e-03 1.403781e-02 1.287607e-02
    endloop
  endfacet
  facet normal 2.314702e-03 7.147859e-01 6.993395e-01
    outer loop
      vertex -2.213794e-03 1.400732e-02 1.291470e-02
      vertex -3.891015e-03 1.348521e-02 1.345389e-02
      vertex -2.085905e-03 1.331773e-02 1.361909e-02
    endloop
  endfacet
  facet normal -2.576425e-03 7.223864e-01 6.914848e-01
    outer loop
      vertex -2.213794e-03 1.400732e-02 1.291470e-02
      vertex -4.031413e-03 1.403781e-02 1.287607e-02
      vertex -3.891015e-03 1.348521e-02 1.345389e-02
    endloop
  endfacet
  facet normal 6.302002e-03 6.628408e-01 7.487339e-01
    outer loop
      vertex -3.499908e-03 1.305241e-02 1.387483e-02
      vertex -5.199489e-03 1.241295e-02 1.445524e-02
      vertex -4.091583e-03 1.230039e-02 1.454556e-02
    endloop
  endfacet
  facet normal 5.026795e-03 5.262159e-01 8.503362e-01
    outer loop
      vertex -2.567268e-03 9.728748e-03 1.637731e-02
      vertex -2.446927e-03 1.029021e-02 1.602915e-02
      vertex -4.143531e-03 1.018633e-02 1.610346e-02
    endloop
  endfacet
  facet normal -2.450372e-03 5.072995e-01 8.617663e-01
    outer loop
      vertex -4.081554e-03 9.308655e-03 1.662030e-02
      vertex -2.567268e-03 9.728748e-03 1.637731e-02
      vertex -4.143531e-03 1.018633e-02 1.610346e-02
    endloop
  endfacet
  facet normal 7.908981e-03 3.905810e-01 9.205346e-01
    outer loop
      vertex -2.426870e-03 8.112895e-03 1.723611e-02
      vertex -5.138644e-03 7.418642e-03 1.755398e-02
      vertex -3.961214e-03 7.250100e-03 1.761538e-02
    endloop
  endfacet
  facet normal 2.629948e-03 3.984895e-01 9.171691e-01
    outer loop
      vertex -3.961214e-03 7.250100e-03 1.761538e-02
      vertex -1.815139e-03 7.036236e-03 1.770214e-02
      vertex -2.426870e-03 8.112895e-03 1.723611e-02
    endloop
  endfacet
  facet normal -1.682092e-03 3.614019e-01 9.324086e-01
    outer loop
      vertex -4.089014e-03 6.394117e-03 1.794692e-02
      vertex -1.815139e-03 7.036236e-03 1.770214e-02
      vertex -3.961214e-03 7.250100e-03 1.761538e-02
    endloop
  endfacet
  facet normal -5.157230e-03 3.020347e-01 9.532830e-01
    outer loop
      vertex -3.794858e-03 5.156116e-03 1.834076e-02
      vertex -2.737751e-03 5.738058e-03 1.816210e-02
      vertex -4.089014e-03 6.394117e-03 1.794692e-02
    endloop
  endfacet
  facet normal -4.712863e-03 1.447091e-01 9.894630e-01
    outer loop
      vertex -2.828006e-03 2.362022e-03 1.890169e-02
      vertex -1.703739e-03 2.874711e-03 1.883206e-02
      vertex -3.391270e-03 3.337976e-03 1.875627e-02
    endloop
  endfacet
  facet normal 1.424154e-03 4.032917e-03 9.999909e-01
    outer loop
      vertex -5.199773e-03 2.482796e-04 1.904901e-02
      vertex -3.409653e-03 -2.032068e-04 1.904828e-02
      vertex -2.948347e-03 3.584364e-04 1.904535e-02
    endloop
  endfacet
  facet normal 1.132831e-03 -9.065913e-02 9.958813e-01
    outer loop
      vertex -1.405387e-03 -1.284560e-03 1.900565e-02
      vertex -3.899830e-03 -1.487515e-03 1.899001e-02
      vertex -3.279284e-03 -2.081252e-03 1.893526e-02
    endloop
  endfacet
  facet normal 3.652955e-03 -2.083890e-01 9.780392e-01
    outer loop
      vertex -5.093241e-03 -4.297642e-03 1.856289e-02
      vertex -2.807950e-03 -4.403515e-03 1.853179e-02
      vertex -3.344468e-03 -3.567545e-03 1.871192e-02
    endloop
  endfacet
  facet normal 1.712281e-03 -2.475846e-01 9.688648e-01
    outer loop
      vertex -5.093241e-03 -4.297642e-03 1.856289e-02
      vertex -4.212385e-03 -5.089612e-03 1.835895e-02
      vertex -2.807950e-03 -4.403515e-03 1.853179e-02
    endloop
  endfacet
  facet normal 3.594361e-03 -3.175016e-01 9.482509e-01
    outer loop
      vertex -2.236331e-03 -5.609733e-03 1.820584e-02
      vertex -5.114977e-03 -6.137449e-03 1.804006e-02
      vertex -2.687608e-03 -6.342967e-03 1.796205e-02
    endloop
  endfacet
  facet normal -2.046638e-03 -2.895312e-01 9.571664e-01
    outer loop
      vertex -5.114977e-03 -6.137449e-03 1.804006e-02
      vertex -2.236331e-03 -5.609733e-03 1.820584e-02
      vertex -4.212385e-03 -5.089612e-03 1.835895e-02
    endloop
  endfacet
  facet normal 1.279799e-03 -4.140796e-01 9.102398e-01
    outer loop
      vertex -2.848063e-03 -7.548515e-03 1.749008e-02
      vertex -4.267236e-03 -8.334142e-03 1.713469e-02
      vertex -2.697637e-03 -8.156447e-03 1.721331e-02
    endloop
  endfacet
  facet normal -1.564708e-03 -5.562064e-01 8.310427e-01
    outer loop
      vertex -4.282123e-03 -1.020132e-02 1.608625e-02
      vertex -3.138886e-03 -1.093167e-02 1.559958e-02
      vertex -2.868120e-03 -1.030793e-02 1.601756e-02
    endloop
  endfacet
  facet normal -3.306674e-03 -6.311779e-01 7.756311e-01
    outer loop
      vertex -4.292151e-03 -1.234266e-02 1.450846e-02
      vertex -1.747268e-03 -1.213902e-02 1.468502e-02
      vertex -4.131697e-03 -1.169158e-02 1.503896e-02
    endloop
  endfacet
  facet normal 8.833135e-04 -6.613696e-01 7.500597e-01
    outer loop
      vertex -1.747268e-03 -1.213902e-02 1.468502e-02
      vertex -4.292151e-03 -1.234266e-02 1.450846e-02
      vertex -4.031413e-03 -1.287607e-02 1.403781e-02
    endloop
  endfacet
  facet normal -1.332771e-03 -6.574897e-01 7.534623e-01
    outer loop
      vertex -2.213794e-03 -1.291470e-02 1.400732e-02
      vertex -1.747268e-03 -1.213902e-02 1.468502e-02
      vertex -4.031413e-03 -1.287607e-02 1.403781e-02
    endloop
  endfacet
  facet normal 3.086120e-03 -6.992665e-01 7.148544e-01
    outer loop
      vertex -2.213794e-03 -1.291470e-02 1.400732e-02
      vertex -4.959795e-03 -1.333890e-02 1.360422e-02
      vertex -2.085905e-03 -1.361909e-02 1.331773e-02
    endloop
  endfacet
  facet normal -2.199582e-03 -6.813232e-01 7.319794e-01
    outer loop
      vertex -2.213794e-03 -1.291470e-02 1.400732e-02
      vertex -4.031413e-03 -1.287607e-02 1.403781e-02
      vertex -4.959795e-03 -1.333890e-02 1.360422e-02
    endloop
  endfacet
  facet normal 5.573774e-03 -7.446687e-01 6.674110e-01
    outer loop
      vertex -3.499908e-03 -1.387483e-02 1.305241e-02
      vertex -5.130978e-03 -1.433444e-02 1.255322e-02
      vertex -3.349482e-03 -1.449809e-02 1.235575e-02
    endloop
  endfacet
  facet normal -3.672407e-03 -7.730739e-01 6.343054e-01
    outer loop
      vertex -3.349482e-03 -1.449809e-02 1.235575e-02
      vertex -3.088744e-03 -1.492134e-02 1.184141e-02
      vertex -1.452144e-03 -1.471166e-02 1.210644e-02
    endloop
  endfacet
  facet normal -4.430043e-03 -8.222906e-01 5.690505e-01
    outer loop
      vertex -4.031413e-03 -1.597152e-02 1.037912e-02
      vertex -2.236331e-03 -1.576547e-02 1.069084e-02
      vertex -3.981271e-03 -1.535160e-02 1.127530e-02
    endloop
  endfacet
  facet normal 3.165144e-03 -8.425070e-01 5.386761e-01
    outer loop
      vertex -4.031413e-03 -1.597152e-02 1.037912e-02
      vertex -3.058659e-03 -1.626348e-02 9.916777e-03
      vertex -2.236331e-03 -1.576547e-02 1.069084e-02
    endloop
  endfacet
  facet normal -2.998325e-03 -8.650914e-01 5.016053e-01
    outer loop
      vertex -3.850902e-03 -1.672657e-02 9.113377e-03
      vertex -1.865281e-03 -1.662787e-02 9.295467e-03
      vertex -3.058659e-03 -1.626348e-02 9.916777e-03
    endloop
  endfacet
  facet normal -5.824499e-03 -8.674200e-01 4.975426e-01
    outer loop
      vertex -2.045792e-03 -1.638268e-02 9.720823e-03
      vertex -3.058659e-03 -1.626348e-02 9.916777e-03
      vertex -1.865281e-03 -1.662787e-02 9.295467e-03
    endloop
  endfacet
  facet normal -2.224502e-03 -8.885132e-01 4.588456e-01
    outer loop
      vertex -3.921101e-03 -1.713084e-02 8.330189e-03
      vertex -1.604542e-03 -1.697047e-02 8.651961e-03
      vertex -3.850902e-03 -1.672657e-02 9.113377e-03
    endloop
  endfacet
  facet normal 7.512855e-04 -8.825655e-01 4.701889e-01
    outer loop
      vertex -1.865281e-03 -1.662787e-02 9.295467e-03
      vertex -3.850902e-03 -1.672657e-02 9.113377e-03
      vertex -1.604542e-03 -1.697047e-02 8.651961e-03
    endloop
  endfacet
  facet normal 2.817743e-03 -9.233147e-01 3.840339e-01
    outer loop
      vertex -5.134536e-03 -1.768407e-02 7.092324e-03
      vertex -2.888176e-03 -1.773399e-02 6.955814e-03
      vertex -3.269255e-03 -1.747017e-02 7.592920e-03
    endloop
  endfacet
  facet normal 1.866055e-03 -9.508557e-01 3.096287e-01
    outer loop
      vertex -2.883162e-03 -1.799706e-02 6.239752e-03
      vertex -4.272094e-03 -1.815764e-02 5.755007e-03
      vertex -2.527154e-03 -1.825116e-02 5.457280e-03
    endloop
  endfacet
  facet normal 1.806398e-03 -9.867215e-01 1.624112e-01
    outer loop
      vertex -3.911072e-03 -1.882209e-02 2.931707e-03
      vertex -2.075877e-03 -1.873315e-02 3.451667e-03
      vertex -5.134536e-03 -1.877126e-02 3.254158e-03
    endloop
  endfacet
  facet normal -5.737733e-04 -9.801993e-01 1.980125e-01
    outer loop
      vertex -5.134536e-03 -1.877126e-02 3.254158e-03
      vertex -2.075877e-03 -1.873315e-02 3.451667e-03
      vertex -3.439738e-03 -1.859328e-02 4.140087e-03
    endloop
  endfacet
  facet normal 6.279664e-03 -9.916173e-01 1.290572e-01
    outer loop
      vertex -2.928290e-03 -1.896207e-02 1.808342e-03
      vertex -3.911072e-03 -1.882209e-02 2.931707e-03
      vertex -5.134536e-03 -1.890342e-02 2.366341e-03
    endloop
  endfacet
  facet normal -6.026600e-04 -9.910163e-01 1.337396e-01
    outer loop
      vertex -1.714855e-03 -1.883276e-02 2.862527e-03
      vertex -3.911072e-03 -1.882209e-02 2.931707e-03
      vertex -1.694798e-03 -1.891652e-02 2.241943e-03
    endloop
  endfacet
  facet normal -1.950151e-03 -9.970695e-01 7.647630e-02
    outer loop
      vertex -5.134536e-03 -1.903062e-02 8.583515e-04
      vertex -1.955536e-03 -1.901351e-02 1.162526e-03
      vertex -2.928290e-03 -1.896207e-02 1.808342e-03
    endloop
  endfacet
  facet normal -2.414050e-04 -9.953672e-01 -9.614600e-02
    outer loop
      vertex -4.171810e-03 -1.892302e-02 -2.191890e-03
      vertex -2.045792e-03 -1.892880e-02 -2.137377e-03
      vertex -3.870959e-03 -1.898614e-02 -1.539166e-03
    endloop
  endfacet
  facet normal 8.538770e-04 -9.796374e-01 -2.007729e-01
    outer loop
      vertex -5.134536e-03 -1.858669e-02 -4.186192e-03
      vertex -2.201232e-03 -1.859187e-02 -4.148412e-03
      vertex -3.344468e-03 -1.871192e-02 -3.567545e-03
    endloop
  endfacet
  facet normal 1.541506e-03 -9.523848e-01 -3.048949e-01
    outer loop
      vertex -4.211924e-03 -1.806281e-02 -6.048188e-03
      vertex -1.599528e-03 -1.797577e-02 -6.306880e-03
      vertex -2.246359e-03 -1.827192e-02 -5.385069e-03
    endloop
  endfacet
  facet normal 7.883962e-04 -9.310488e-01 -3.648938e-01
    outer loop
      vertex -2.567268e-03 -1.777370e-02 -6.852856e-03
      vertex -5.134536e-03 -1.785205e-02 -6.658497e-03
      vertex -5.134536e-03 -1.759751e-02 -7.307956e-03
    endloop
  endfacet
  facet normal 2.942054e-03 -9.103915e-01 -4.137374e-01
    outer loop
      vertex -2.848063e-03 -1.749008e-02 -7.548515e-03
      vertex -5.134536e-03 -1.731763e-02 -7.944228e-03
      vertex -2.697637e-03 -1.721331e-02 -8.156447e-03
    endloop
  endfacet
  facet normal 9.621131e-04 -9.017624e-01 -4.322311e-01
    outer loop
      vertex -5.134536e-03 -1.701793e-02 -8.569503e-03
      vertex -2.697637e-03 -1.721331e-02 -8.156447e-03
      vertex -5.134536e-03 -1.731763e-02 -7.944228e-03
    endloop
  endfacet
  facet normal 1.597641e-03 -8.705678e-01 -4.920459e-01
    outer loop
      vertex -2.567268e-03 -1.673392e-02 -9.101837e-03
      vertex -5.134536e-03 -1.675077e-02 -9.080361e-03
      vertex -2.276444e-03 -1.640829e-02 -9.677021e-03
    endloop
  endfacet
  facet normal 8.514143e-04 -8.132997e-01 -5.818444e-01
    outer loop
      vertex -1.978214e-03 -1.576179e-02 -1.070066e-02
      vertex -3.981271e-03 -1.543138e-02 -1.116544e-02
      vertex -1.848977e-03 -1.521624e-02 -1.146304e-02
    endloop
  endfacet
  facet normal -3.792957e-03 -7.973081e-01 -6.035606e-01
    outer loop
      vertex -5.109374e-03 -1.469960e-02 -1.212504e-02
      vertex -1.848977e-03 -1.521624e-02 -1.146304e-02
      vertex -3.981271e-03 -1.543138e-02 -1.116544e-02
    endloop
  endfacet
  facet normal 6.520496e-04 -7.525442e-01 -6.585414e-01
    outer loop
      vertex -4.292151e-03 -1.450846e-02 -1.234266e-02
      vertex -1.783707e-03 -1.469944e-02 -1.212193e-02
      vertex -5.109374e-03 -1.469960e-02 -1.212504e-02
    endloop
  endfacet
  facet normal 5.431605e-04 -7.531602e-01 -6.578369e-01
    outer loop
      vertex -1.783707e-03 -1.469944e-02 -1.212193e-02
      vertex -4.292151e-03 -1.450846e-02 -1.234266e-02
      vertex -2.213794e-03 -1.400732e-02 -1.291470e-02
    endloop
  endfacet
  facet normal 2.314702e-03 -7.147859e-01 -6.993395e-01
    outer loop
      vertex -2.213794e-03 -1.400732e-02 -1.291470e-02
      vertex -3.891015e-03 -1.348521e-02 -1.345389e-02
      vertex -2.085905e-03 -1.331773e-02 -1.361909e-02
    endloop
  endfacet
  facet normal 5.542660e-03 -6.609806e-01 -7.503825e-01
    outer loop
      vertex -3.179000e-03 -1.301492e-02 -1.390943e-02
      vertex -5.120181e-03 -1.276669e-02 -1.414242e-02
      vertex -4.091583e-03 -1.230039e-02 -1.454556e-02
    endloop
  endfacet
  facet normal 2.661386e-03 -5.367588e-01 -8.437315e-01
    outer loop
      vertex -4.191867e-03 -1.041687e-02 -1.594834e-02
      vertex -5.134536e-03 -9.975920e-03 -1.623183e-02
      vertex -2.487041e-03 -9.799117e-03 -1.633596e-02
    endloop
  endfacet
  facet normal -8.129879e-04 -5.298902e-01 -8.480659e-01
    outer loop
      vertex -2.487041e-03 -9.799117e-03 -1.633596e-02
      vertex -2.446927e-03 -1.029021e-02 -1.602915e-02
      vertex -4.191867e-03 -1.041687e-02 -1.594834e-02
    endloop
  endfacet
  facet normal -2.725331e-05 -5.071675e-01 -8.618475e-01
    outer loop
      vertex -5.134536e-03 -9.381414e-03 -1.658168e-02
      vertex -2.487041e-03 -9.799117e-03 -1.633596e-02
      vertex -5.134536e-03 -9.975920e-03 -1.623183e-02
    endloop
  endfacet
  facet normal -4.502887e-04 -4.209985e-01 -9.070612e-01
    outer loop
      vertex -4.276986e-03 -7.447924e-03 -1.754032e-02
      vertex -2.080891e-03 -7.782540e-03 -1.738610e-02
      vertex -2.226303e-03 -8.354851e-03 -1.712040e-02
    endloop
  endfacet
  facet normal -2.807721e-03 -4.253796e-01 -9.050107e-01
    outer loop
      vertex -4.276986e-03 -7.447924e-03 -1.754032e-02
      vertex -2.226303e-03 -8.354851e-03 -1.712040e-02
      vertex -4.324487e-03 -8.656792e-03 -1.697197e-02
    endloop
  endfacet
  facet normal -3.528335e-03 -2.987669e-01 -9.543196e-01
    outer loop
      vertex -3.794858e-03 -5.156116e-03 -1.834076e-02
      vertex -2.527154e-03 -5.457280e-03 -1.825116e-02
      vertex -3.630277e-03 -6.096930e-03 -1.804683e-02
    endloop
  endfacet
  facet normal -1.990219e-03 -1.611898e-01 -9.869214e-01
    outer loop
      vertex -3.719124e-03 -2.645879e-03 -1.886537e-02
      vertex -1.703739e-03 -2.874711e-03 -1.883206e-02
      vertex -3.527733e-03 -3.474473e-03 -1.873043e-02
    endloop
  endfacet
  facet normal 1.869165e-03 -1.279070e-01 -9.917844e-01
    outer loop
      vertex -1.703739e-03 -2.874711e-03 -1.883206e-02
      vertex -3.719124e-03 -2.645879e-03 -1.886537e-02
      vertex -2.206246e-03 -2.161363e-03 -1.892501e-02
    endloop
  endfacet
  facet normal 1.563142e-03 -9.557520e-02 -9.954210e-01
    outer loop
      vertex -3.901044e-03 -1.968499e-03 -1.894619e-02
      vertex -2.088568e-03 -1.367475e-03 -1.900105e-02
      vertex -2.206246e-03 -2.161363e-03 -1.892501e-02
    endloop
  endfacet
  facet normal -9.390107e-03 -6.277798e-02 -9.979833e-01
    outer loop
      vertex -2.577296e-03 -8.053828e-04 -1.903181e-02
      vertex -2.088568e-03 -1.367475e-03 -1.900105e-02
      vertex -3.901044e-03 -1.968499e-03 -1.894619e-02
    endloop
  endfacet
  facet normal -5.484223e-04 2.018736e-01 -9.794114e-01
    outer loop
      vertex -4.292151e-03 4.191239e-03 -1.858187e-02
      vertex -2.201232e-03 4.148412e-03 -1.859187e-02
      vertex -2.757807e-03 3.549980e-03 -1.871491e-02
    endloop
  endfacet
  facet normal -3.280376e-03 2.411121e-01 -9.704917e-01
    outer loop
      vertex -4.292151e-03 4.191239e-03 -1.858187e-02
      vertex -4.212385e-03 5.089613e-03 -1.835895e-02
      vertex -2.767836e-03 4.631061e-03 -1.847776e-02
    endloop
  endfacet
  facet normal 3.029863e-03 3.171895e-01 -9.483573e-01
    outer loop
      vertex -2.236331e-03 5.609733e-03 -1.820584e-02
      vertex -5.134536e-03 5.943163e-03 -1.810358e-02
      vertex -2.687608e-03 6.342967e-03 -1.796205e-02
    endloop
  endfacet
  facet normal -9.457620e-04 2.856891e-01 -9.583219e-01
    outer loop
      vertex -5.134536e-03 5.943163e-03 -1.810358e-02
      vertex -2.236331e-03 5.609733e-03 -1.820584e-02
      vertex -4.212385e-03 5.089613e-03 -1.835895e-02
    endloop
  endfacet
  facet normal 2.942054e-03 4.137374e-01 -9.103915e-01
    outer loop
      vertex -2.848063e-03 7.548515e-03 -1.749008e-02
      vertex -5.134536e-03 7.944228e-03 -1.731763e-02
      vertex -2.697637e-03 8.156447e-03 -1.721331e-02
    endloop
  endfacet
  facet normal 1.534665e-04 4.397309e-01 -8.981295e-01
    outer loop
      vertex -3.931129e-03 8.618990e-03 -1.698706e-02
      vertex -2.697637e-03 8.156447e-03 -1.721331e-02
      vertex -5.134536e-03 7.944228e-03 -1.731763e-02
    endloop
  endfacet
  facet normal -1.100722e-02 5.093438e-01 -8.604928e-01
    outer loop
      vertex -2.146075e-03 9.665037e-03 -1.641494e-02
      vertex -2.968404e-03 9.188423e-03 -1.668654e-02
      vertex -2.607381e-03 1.009559e-02 -1.615419e-02
    endloop
  endfacet
  facet normal -6.041652e-03 5.864910e-01 -8.099332e-01
    outer loop
      vertex -4.131697e-03 1.169158e-02 -1.503896e-02
      vertex -2.547211e-03 1.101102e-02 -1.554359e-02
      vertex -3.922126e-03 1.059170e-02 -1.583697e-02
    endloop
  endfacet
  facet normal 5.973133e-03 6.224023e-01 -7.826747e-01
    outer loop
      vertex -5.118638e-03 1.191623e-02 -1.486785e-02
      vertex -2.346643e-03 1.237477e-02 -1.448205e-02
      vertex -4.131697e-03 1.169158e-02 -1.503896e-02
    endloop
  endfacet
  facet normal -1.370653e-03 6.486400e-01 -7.610941e-01
    outer loop
      vertex -5.118638e-03 1.191623e-02 -1.486785e-02
      vertex -4.963579e-03 1.275656e-02 -1.415196e-02
      vertex -2.346643e-03 1.237477e-02 -1.448205e-02
    endloop
  endfacet
  facet normal 1.251799e-03 6.589292e-01 -7.522039e-01
    outer loop
      vertex -2.079547e-03 1.287056e-02 -1.404729e-02
      vertex -2.346643e-03 1.237477e-02 -1.448205e-02
      vertex -4.963579e-03 1.275656e-02 -1.415196e-02
    endloop
  endfacet
  facet normal -1.232484e-03 6.906853e-01 -7.231544e-01
    outer loop
      vertex -2.179416e-03 1.346015e-02 -1.348470e-02
      vertex -4.963579e-03 1.275656e-02 -1.415196e-02
      vertex -3.770675e-03 1.338105e-02 -1.355754e-02
    endloop
  endfacet
  facet normal 2.610626e-03 7.471164e-01 -6.646881e-01
    outer loop
      vertex -3.179000e-03 1.390943e-02 -1.301492e-02
      vertex -5.134536e-03 1.432824e-02 -1.255185e-02
      vertex -3.269255e-03 1.455319e-02 -1.229167e-02
    endloop
  endfacet
  facet normal 1.772909e-03 8.450486e-01 -5.346866e-01
    outer loop
      vertex -5.134536e-03 1.623183e-02 -9.975920e-03
      vertex -2.206246e-03 1.627489e-02 -9.898155e-03
      vertex -2.025735e-03 1.587835e-02 -1.052427e-02
    endloop
  endfacet
  facet normal -2.572830e-03 8.635315e-01 -5.042884e-01
    outer loop
      vertex -4.151753e-03 1.671862e-02 -9.128391e-03
      vertex -1.865281e-03 1.662787e-02 -9.295467e-03
      vertex -2.206246e-03 1.627489e-02 -9.898155e-03
    endloop
  endfacet
  facet normal -1.575120e-03 8.875312e-01 -4.607449e-01
    outer loop
      vertex -4.101612e-03 1.710752e-02 -8.379439e-03
      vertex -1.604542e-03 1.697047e-02 -8.651961e-03
      vertex -4.151753e-03 1.671862e-02 -9.128391e-03
    endloop
  endfacet
  facet normal 6.766129e-04 8.825781e-01 -4.701654e-01
    outer loop
      vertex -1.865281e-03 1.662787e-02 -9.295467e-03
      vertex -4.151753e-03 1.671862e-02 -9.128391e-03
      vertex -1.604542e-03 1.697047e-02 -8.651961e-03
    endloop
  endfacet
  facet normal 3.198229e-03 9.518091e-01 -3.066744e-01
    outer loop
      vertex -5.134536e-03 1.817516e-02 -5.720367e-03
      vertex -2.527154e-03 1.825116e-02 -5.457280e-03
      vertex -3.550050e-03 1.807361e-02 -6.018998e-03
    endloop
  endfacet
  facet normal 1.806398e-03 9.867215e-01 -1.624112e-01
    outer loop
      vertex -3.911072e-03 1.882209e-02 -2.931707e-03
      vertex -2.075877e-03 1.873315e-02 -3.451667e-03
      vertex -5.134536e-03 1.877126e-02 -3.254158e-03
    endloop
  endfacet
  facet normal -5.737733e-04 9.801993e-01 -1.980125e-01
    outer loop
      vertex -5.134536e-03 1.877126e-02 -3.254158e-03
      vertex -2.075877e-03 1.873315e-02 -3.451667e-03
      vertex -3.439738e-03 1.859328e-02 -4.140087e-03
    endloop
  endfacet
  facet normal 5.882606e-03 9.915095e-01 -1.299010e-01
    outer loop
      vertex -2.667552e-03 1.896244e-02 -1.804156e-03
      vertex -3.911072e-03 1.882209e-02 -2.931707e-03
      vertex -5.134536e-03 1.890342e-02 -2.366341e-03
    endloop
  endfacet
  facet normal -6.026600e-04 9.910163e-01 -1.337396e-01
    outer loop
      vertex -1.714855e-03 1.883276e-02 -2.862527e-03
      vertex -3.911072e-03 1.882209e-02 -2.931707e-03
      vertex -1.694798e-03 1.891652e-02 -2.241943e-03
    endloop
  endfacet
  facet normal 1.305552e-03 9.939231e-01 -1.100693e-01
    outer loop
      vertex -5.134536e-03 1.890342e-02 -2.366341e-03
      vertex -5.134536e-03 1.896310e-02 -1.827458e-03
      vertex -2.667552e-03 1.896244e-02 -1.804156e-03
    endloop
  endfacet
  facet normal 8.973998e-04 9.977694e-01 -6.674943e-02
    outer loop
      vertex -5.134536e-03 1.896310e-02 -1.827458e-03
      vertex -3.640306e-03 1.903181e-02 -7.802309e-04
      vertex -2.667552e-03 1.896244e-02 -1.804156e-03
    endloop
  endfacet
  facet normal -5.734296e-03 9.973141e-01 -7.301886e-02
    outer loop
      vertex -3.640306e-03 1.903181e-02 -7.802309e-04
      vertex -1.955536e-03 1.901351e-02 -1.162526e-03
      vertex -2.667552e-03 1.896244e-02 -1.804156e-03
    endloop
  endfacet
  facet normal -1.557383e-04 3.668479e-01 9.302809e-01
    outer loop
      vertex -4.248194e-08 7.408497e-03 1.755565e-02
      vertex -1.815139e-03 7.036236e-03 1.770214e-02
      vertex -2.282511e-08 6.555910e-03 1.789186e-02
    endloop
  endfacet
  facet normal 1.089230e-03 5.396023e-01 8.419194e-01
    outer loop
      vertex -1.719657e-08 1.064241e-02 1.580228e-02
      vertex -1.305060e-03 1.065366e-02 1.579675e-02
      vertex -7.030241e-09 9.880506e-03 1.629060e-02
    endloop
  endfacet
  facet normal 1.237611e-03 5.790812e-01 8.152689e-01
    outer loop
      vertex -1.249374e-08 1.138987e-02 1.527136e-02
      vertex -1.156444e-03 1.139617e-02 1.526865e-02
      vertex -1.719657e-08 1.064241e-02 1.580228e-02
    endloop
  endfacet
  facet normal 9.276993e-04 6.172424e-01 7.867725e-01
    outer loop
      vertex -4.621043e-09 1.209640e-02 1.471707e-02
      vertex -1.586585e-03 1.211163e-02 1.470699e-02
      vertex -1.249374e-08 1.138987e-02 1.527136e-02
    endloop
  endfacet
  facet normal 1.937064e-03 9.971195e-01 7.582127e-02
    outer loop
      vertex 2.131628e-17 1.902521e-02 9.803105e-04
      vertex -1.103123e-03 1.898717e-02 1.508706e-03
      vertex 2.131628e-17 1.895165e-02 1.947752e-03
    endloop
  endfacet
  facet normal 2.295749e-03 9.996778e-01 2.527762e-02
    outer loop
      vertex 3.552714e-17 1.905000e-02 -4.352074e-17
      vertex -1.032924e-03 1.903666e-02 6.213056e-04
      vertex 2.131628e-17 1.902521e-02 9.803105e-04
    endloop
  endfacet
  facet normal 1.960742e-03 -9.971195e-01 7.582126e-02
    outer loop
      vertex 2.131628e-17 -1.895165e-02 1.947752e-03
      vertex -1.163293e-03 -1.897760e-02 1.636550e-03
      vertex 1.421085e-17 -1.902521e-02 9.803105e-04
    endloop
  endfacet
  facet normal 4.741688e-04 -9.743850e-01 2.248857e-01
    outer loop
      vertex 3.552714e-17 -1.845026e-02 4.760892e-03
      vertex -1.343804e-03 -1.856022e-02 4.287271e-03
      vertex 1.421085e-17 -1.866297e-02 3.839239e-03
    endloop
  endfacet
  facet normal 4.620936e-04 -8.669874e-01 4.983298e-01
    outer loop
      vertex -1.069486e-08 -1.629048e-02 9.880713e-03
      vertex -1.865281e-03 -1.662787e-02 9.295467e-03
      vertex -4.577048e-09 -1.675519e-02 9.072216e-03
    endloop
  endfacet
  facet normal 1.271283e-03 -7.863699e-01 6.177546e-01
    outer loop
      vertex -1.239952e-08 -1.469899e-02 1.211868e-02
      vertex -9.324641e-04 -1.527685e-02 1.138500e-02
      vertex -3.788621e-09 -1.526962e-02 1.139228e-02
    endloop
  endfacet
  facet normal 7.043358e-04 -4.987036e-01 8.667723e-01
    outer loop
      vertex -1.372427e-08 -9.086281e-03 1.674749e-02
      vertex -1.283634e-03 -9.233536e-03 1.666381e-02
      vertex -3.003438e-08 -9.882186e-03 1.628956e-02
    endloop
  endfacet
  facet normal 5.343606e-04 -4.560641e-01 8.899468e-01
    outer loop
      vertex 1.421085e-17 -8.258963e-03 1.717146e-02
      vertex -1.263577e-03 -8.688275e-03 1.695222e-02
      vertex -1.372427e-08 -9.086281e-03 1.674749e-02
    endloop
  endfacet
  facet normal 1.995641e-03 -2.487739e-02 9.996885e-01
    outer loop
      vertex -3.810843e-09 6.125071e-06 1.904995e-02
      vertex -1.373889e-03 -5.169792e-04 1.903968e-02
      vertex -8.300762e-09 -9.525645e-04 1.902609e-02
    endloop
  endfacet
  facet normal 7.787334e-04 -4.982233e-01 -8.670484e-01
    outer loop
      vertex -5.299564e-09 -9.875807e-03 -1.629344e-02
      vertex -1.564429e-03 -9.425915e-03 -1.655336e-02
      vertex -4.577028e-09 -9.072219e-03 -1.675519e-02
    endloop
  endfacet
  facet normal 1.091566e-03 -5.394719e-01 -8.420029e-01
    outer loop
      vertex -1.951492e-08 -1.064268e-02 -1.580210e-02
      vertex -1.305060e-03 -1.065366e-02 -1.579675e-02
      vertex -5.299564e-09 -9.875807e-03 -1.629344e-02
    endloop
  endfacet
  facet normal 4.326897e-04 -5.790903e-01 -8.152633e-01
    outer loop
      vertex -1.599324e-08 -1.138976e-02 -1.527144e-02
      vertex -1.782034e-03 -1.143185e-02 -1.524249e-02
      vertex -1.951492e-08 -1.064268e-02 -1.580210e-02
    endloop
  endfacet
  facet normal 1.650794e-03 -6.176102e-01 -7.864826e-01
    outer loop
      vertex 2.131628e-17 -1.211757e-02 -1.469991e-02
      vertex -1.202786e-03 -1.211422e-02 -1.470506e-02
      vertex -1.599324e-08 -1.138976e-02 -1.527144e-02
    endloop
  endfacet
  facet normal 1.775416e-03 -9.996789e-01 -2.527765e-02
    outer loop
      vertex 2.131628e-17 -1.905000e-02 -4.352074e-17
      vertex -1.213435e-03 -1.904227e-02 -3.909523e-04
      vertex 2.842171e-17 -1.902521e-02 -9.803105e-04
    endloop
  endfacet
  facet normal 1.960742e-03 9.971195e-01 -7.582126e-02
    outer loop
      vertex 1.421085e-17 1.895165e-02 -1.947752e-03
      vertex -1.163293e-03 1.897760e-02 -1.636550e-03
      vertex 2.131628e-17 1.902521e-02 -9.803105e-04
    endloop
  endfacet
  facet normal 4.741688e-04 9.743850e-01 -2.248857e-01
    outer loop
      vertex 2.131628e-17 1.845026e-02 -4.760892e-03
      vertex -1.343804e-03 1.856022e-02 -4.287271e-03
      vertex 2.842171e-17 1.866297e-02 -3.839239e-03
    endloop
  endfacet
  facet normal 1.074667e-03 8.419495e-01 -5.395553e-01
    outer loop
      vertex -1.719653e-08 1.580228e-02 -1.064241e-02
      vertex -1.063009e-03 1.605325e-02 -1.025289e-02
      vertex 3.552714e-17 1.629207e-02 -9.878118e-03
    endloop
  endfacet
  facet normal 1.321554e-03 6.547290e-01 -7.558626e-01
    outer loop
      vertex -2.936052e-08 1.280835e-02 -1.410155e-02
      vertex 2.131628e-17 1.211757e-02 -1.469991e-02
      vertex -1.002602e-03 1.211257e-02 -1.470599e-02
    endloop
  endfacet
  facet normal 1.694242e-03 6.174109e-01 -7.866390e-01
    outer loop
      vertex -1.976457e-08 1.138510e-02 -1.527480e-02
      vertex -1.002602e-03 1.211257e-02 -1.470599e-02
      vertex 2.131628e-17 1.211757e-02 -1.469991e-02
    endloop
  endfacet
  facet normal 6.810646e-04 4.990044e-01 -8.665992e-01
    outer loop
      vertex -6.136550e-09 9.090900e-03 -1.674494e-02
      vertex -1.283634e-03 9.233536e-03 -1.666381e-02
      vertex -3.039690e-08 9.887383e-03 -1.628631e-02
    endloop
  endfacet
  facet normal 6.128980e-04 4.562020e-01 -8.898760e-01
    outer loop
      vertex -9.304730e-10 8.258180e-03 -1.717184e-02
      vertex -1.263577e-03 8.688275e-03 -1.695222e-02
      vertex -6.136550e-09 9.090900e-03 -1.674494e-02
    endloop
  endfacet
  facet normal -1.358186e-03 9.992395e-01 3.896846e-02
    outer loop
      vertex -1.032924e-03 1.903666e-02 6.213056e-04
      vertex -2.647495e-03 1.904590e-02 3.280693e-04
      vertex -2.286473e-03 1.901589e-02 1.110133e-03
    endloop
  endfacet
  facet normal -2.402918e-03 9.968746e-01 7.896352e-02
    outer loop
      vertex -1.103123e-03 1.898717e-02 1.508706e-03
      vertex -2.286473e-03 1.901589e-02 1.110133e-03
      vertex -2.386757e-03 1.894749e-02 1.970614e-03
    endloop
  endfacet
  facet normal 4.235156e-03 9.952489e-01 9.727094e-02
    outer loop
      vertex -2.386757e-03 1.894749e-02 1.970614e-03
      vertex -1.444088e-03 1.891891e-02 2.221971e-03
      vertex -1.103123e-03 1.898717e-02 1.508706e-03
    endloop
  endfacet
  facet normal -1.855297e-03 9.858154e-01 1.678231e-01
    outer loop
      vertex -2.637467e-03 1.871372e-02 3.556284e-03
      vertex -1.113151e-03 1.875798e-02 3.313147e-03
      vertex -2.256388e-03 1.883686e-02 2.837188e-03
    endloop
  endfacet
  facet normal 3.572882e-03 9.796401e-01 2.007301e-01
    outer loop
      vertex -2.637467e-03 1.871372e-02 3.556284e-03
      vertex -1.158279e-03 1.854899e-02 4.333911e-03
      vertex -1.113151e-03 1.875798e-02 3.313147e-03
    endloop
  endfacet
  facet normal 1.917320e-03 9.790214e-01 2.037483e-01
    outer loop
      vertex -3.529993e-03 1.859729e-02 4.124165e-03
      vertex -1.158279e-03 1.854899e-02 4.333911e-03
      vertex -2.637467e-03 1.871372e-02 3.556284e-03
    endloop
  endfacet
  facet normal 5.729445e-03 9.654799e-01 2.604146e-01
    outer loop
      vertex -1.158279e-03 1.854899e-02 4.333911e-03
      vertex -2.898205e-03 1.845483e-02 4.721294e-03
      vertex -2.246359e-03 1.827192e-02 5.385069e-03
    endloop
  endfacet
  facet normal 3.078669e-03 9.214656e-01 3.884477e-01
    outer loop
      vertex -2.848063e-03 1.749008e-02 7.548515e-03
      vertex -1.253549e-03 1.737316e-02 7.813247e-03
      vertex -8.824983e-04 1.774538e-02 6.927315e-03
    endloop
  endfacet
  facet normal 2.610738e-03 9.022532e-01 4.311987e-01
    outer loop
      vertex -1.253549e-03 1.737316e-02 7.813247e-03
      vertex -2.697637e-03 1.721331e-02 8.156447e-03
      vertex -1.223464e-03 1.699219e-02 8.610202e-03
    endloop
  endfacet
  facet normal -4.132487e-04 7.529649e-01 6.580605e-01
    outer loop
      vertex -2.213794e-03 1.400732e-02 1.291470e-02
      vertex -3.675686e-08 1.409970e-02 1.281038e-02
      vertex -2.241886e-03 1.469064e-02 1.213281e-02
    endloop
  endfacet
  facet normal 3.148045e-04 5.795604e-01 8.149292e-01
    outer loop
      vertex -1.156444e-03 1.139617e-02 1.526865e-02
      vertex -2.983446e-03 1.111055e-02 1.547248e-02
      vertex -1.305060e-03 1.065366e-02 1.579675e-02
    endloop
  endfacet
  facet normal 5.608753e-03 5.261241e-01 8.503893e-01
    outer loop
      vertex -2.446927e-03 1.029021e-02 1.602915e-02
      vertex -2.567268e-03 9.728748e-03 1.637731e-02
      vertex -1.305060e-03 1.065366e-02 1.579675e-02
    endloop
  endfacet
  facet normal 4.706157e-03 2.974385e-01 9.547294e-01
    outer loop
      vertex -2.737751e-03 5.738058e-03 1.816210e-02
      vertex -1.363861e-03 5.134263e-03 1.834343e-02
      vertex -1.484202e-03 6.187362e-03 1.801594e-02
    endloop
  endfacet
  facet normal 1.562614e-03 2.908937e-01 9.567541e-01
    outer loop
      vertex -1.363861e-03 5.134263e-03 1.834343e-02
      vertex -2.737751e-03 5.738058e-03 1.816210e-02
      vertex -3.794858e-03 5.156116e-03 1.834076e-02
    endloop
  endfacet
  facet normal 1.173754e-03 2.490728e-01 9.684841e-01
    outer loop
      vertex -1.363861e-03 5.134263e-03 1.834343e-02
      vertex -3.794858e-03 5.156116e-03 1.834076e-02
      vertex -1.494230e-03 4.329302e-03 1.855061e-02
    endloop
  endfacet
  facet normal 1.532384e-03 3.769714e-02 9.992880e-01
    outer loop
      vertex -2.918262e-03 9.700670e-04 1.902369e-02
      vertex -1.263577e-03 4.032148e-04 1.904253e-02
      vertex -1.674362e-03 1.180395e-03 1.901384e-02
    endloop
  endfacet
  facet normal 2.703556e-03 -4.439491e-02 9.990104e-01
    outer loop
      vertex -1.373889e-03 -5.169792e-04 1.903968e-02
      vertex -3.209085e-03 -7.623080e-04 1.903374e-02
      vertex -1.405387e-03 -1.284560e-03 1.900565e-02
    endloop
  endfacet
  facet normal 4.938686e-03 -1.437632e-01 9.895998e-01
    outer loop
      vertex -3.329426e-03 -2.839993e-03 1.883571e-02
      vertex -1.243520e-03 -3.353601e-03 1.875069e-02
      vertex -1.290831e-03 -1.990566e-03 1.894894e-02
    endloop
  endfacet
  facet normal -1.114610e-03 -1.677238e-01 9.858334e-01
    outer loop
      vertex -3.344468e-03 -3.567545e-03 1.871192e-02
      vertex -1.243520e-03 -3.353601e-03 1.875069e-02
      vertex -3.329426e-03 -2.839993e-03 1.883571e-02
    endloop
  endfacet
  facet normal 2.423795e-03 -2.013272e-01 9.795210e-01
    outer loop
      vertex -3.344468e-03 -3.567545e-03 1.871192e-02
      vertex -1.158279e-03 -4.333911e-03 1.854899e-02
      vertex -1.243520e-03 -3.353601e-03 1.875069e-02
    endloop
  endfacet
  facet normal -1.268763e-03 -2.114093e-01 9.773968e-01
    outer loop
      vertex -2.807950e-03 -4.403515e-03 1.853179e-02
      vertex -1.158279e-03 -4.333911e-03 1.854899e-02
      vertex -3.344468e-03 -3.567545e-03 1.871192e-02
    endloop
  endfacet
  facet normal 5.117450e-04 -2.512669e-01 9.679177e-01
    outer loop
      vertex -1.158279e-03 -4.333911e-03 1.854899e-02
      vertex -2.807950e-03 -4.403515e-03 1.853179e-02
      vertex -1.338790e-03 -5.266869e-03 1.830689e-02
    endloop
  endfacet
  facet normal 3.078669e-03 -3.884477e-01 9.214656e-01
    outer loop
      vertex -2.848063e-03 -7.548515e-03 1.749008e-02
      vertex -1.253549e-03 -7.813247e-03 1.737316e-02
      vertex -8.824983e-04 -6.927315e-03 1.774538e-02
    endloop
  endfacet
  facet normal 3.290178e-03 -4.335348e-01 9.011308e-01
    outer loop
      vertex -1.253549e-03 -7.813247e-03 1.737316e-02
      vertex -2.697637e-03 -8.156447e-03 1.721331e-02
      vertex -1.263577e-03 -8.688275e-03 1.695222e-02
    endloop
  endfacet
  facet normal 3.458980e-03 -5.285875e-01 8.488718e-01
    outer loop
      vertex -2.146075e-03 -9.665037e-03 1.641494e-02
      vertex -2.868120e-03 -1.030793e-02 1.601756e-02
      vertex -1.445919e-03 -1.065993e-02 1.579257e-02
    endloop
  endfacet
  facet normal 2.528876e-03 -5.894487e-01 8.078018e-01
    outer loop
      vertex -1.445919e-03 -1.065993e-02 1.579257e-02
      vertex -3.138886e-03 -1.093167e-02 1.559958e-02
      vertex -2.426870e-03 -1.159053e-02 1.511659e-02
    endloop
  endfacet
  facet normal 7.688107e-04 -6.177795e-01 7.863510e-01
    outer loop
      vertex -4.717168e-08 -1.140107e-02 1.526306e-02
      vertex -2.426870e-03 -1.159053e-02 1.511659e-02
      vertex -1.747268e-03 -1.213902e-02 1.468502e-02
    endloop
  endfacet
  facet normal -3.717143e-04 -6.578182e-01 7.531767e-01
    outer loop
      vertex -2.213794e-03 -1.291470e-02 1.400732e-02
      vertex -3.448356e-08 -1.281412e-02 1.409625e-02
      vertex -1.747268e-03 -1.213902e-02 1.468502e-02
    endloop
  endfacet
  facet normal 1.314654e-03 -8.513175e-01 5.246492e-01
    outer loop
      vertex -3.058659e-03 -1.626348e-02 9.916777e-03
      vertex -2.045792e-03 -1.638268e-02 9.720823e-03
      vertex -1.063009e-03 -1.605325e-02 1.025289e-02
    endloop
  endfacet
  facet normal 2.710678e-03 -9.386492e-01 3.448627e-01
    outer loop
      vertex -1.313719e-03 -1.766958e-02 7.118764e-03
      vertex -2.888176e-03 -1.773399e-02 6.955814e-03
      vertex -2.883162e-03 -1.799706e-02 6.239752e-03
    endloop
  endfacet
  facet normal -3.842071e-03 -9.348085e-01 3.551315e-01
    outer loop
      vertex -2.883162e-03 -1.799706e-02 6.239752e-03
      vertex -1.283634e-03 -1.795931e-02 6.356436e-03
      vertex -1.313719e-03 -1.766958e-02 7.118764e-03
    endloop
  endfacet
  facet normal 7.451981e-03 -9.541041e-01 2.993823e-01
    outer loop
      vertex -2.527154e-03 -1.825116e-02 5.457280e-03
      vertex -1.363861e-03 -1.834343e-02 5.134263e-03
      vertex -1.283634e-03 -1.795931e-02 6.356436e-03
    endloop
  endfacet
  facet normal -4.362858e-04 -9.619526e-01 2.732160e-01
    outer loop
      vertex -1.363861e-03 -1.834343e-02 5.134263e-03
      vertex -2.527154e-03 -1.825116e-02 5.457280e-03
      vertex -3.128858e-03 -1.839901e-02 4.935755e-03
    endloop
  endfacet
  facet normal 2.612291e-03 -9.687529e-01 2.480141e-01
    outer loop
      vertex -1.363861e-03 -1.834343e-02 5.134263e-03
      vertex -3.128858e-03 -1.839901e-02 4.935755e-03
      vertex -1.343804e-03 -1.856022e-02 4.287271e-03
    endloop
  endfacet
  facet normal -1.027954e-03 -9.990071e-01 4.453885e-02
    outer loop
      vertex -3.048631e-03 -1.904308e-02 4.740072e-04
      vertex -1.484202e-03 -1.903724e-02 6.411121e-04
      vertex -1.955536e-03 -1.901351e-02 1.162526e-03
    endloop
  endfacet
  facet normal 3.124988e-03 -9.999789e-01 5.693167e-03
    outer loop
      vertex -3.048631e-03 -1.904308e-02 4.740072e-04
      vertex -1.213435e-03 -1.904227e-02 -3.909523e-04
      vertex -1.484202e-03 -1.903724e-02 6.411121e-04
    endloop
  endfacet
  facet normal 2.165422e-03 -9.991467e-01 -4.124578e-02
    outer loop
      vertex -1.213435e-03 -1.904227e-02 -3.909523e-04
      vertex -3.028574e-03 -1.903909e-02 -5.632700e-04
      vertex -1.704826e-03 -1.900877e-02 -1.228324e-03
    endloop
  endfacet
  facet normal -1.355681e-03 -9.860142e-01 -1.666560e-01
    outer loop
      vertex -3.344468e-03 -1.871192e-02 -3.567545e-03
      vertex -1.113151e-03 -1.875798e-02 -3.313147e-03
      vertex -2.256388e-03 -1.883686e-02 -2.837188e-03
    endloop
  endfacet
  facet normal 2.335016e-03 -9.802043e-01 -1.979749e-01
    outer loop
      vertex -3.344468e-03 -1.871192e-02 -3.567545e-03
      vertex -2.201232e-03 -1.859187e-02 -4.148412e-03
      vertex -1.113151e-03 -1.875798e-02 -3.313147e-03
    endloop
  endfacet
  facet normal -1.618355e-03 -9.730017e-01 -2.307924e-01
    outer loop
      vertex -2.898205e-03 -1.845483e-02 -4.721294e-03
      vertex 2.131628e-17 -1.845026e-02 -4.760892e-03
      vertex -2.201232e-03 -1.859187e-02 -4.148412e-03
    endloop
  endfacet
  facet normal -2.136207e-03 -9.635275e-01 -2.676009e-01
    outer loop
      vertex 2.131628e-17 -1.845026e-02 -4.760892e-03
      vertex -2.898205e-03 -1.845483e-02 -4.721294e-03
      vertex -2.246359e-03 -1.827192e-02 -5.385069e-03
    endloop
  endfacet
  facet normal 3.078669e-03 -9.214656e-01 -3.884477e-01
    outer loop
      vertex -2.848063e-03 -1.749008e-02 -7.548515e-03
      vertex -1.253549e-03 -1.737316e-02 -7.813247e-03
      vertex -8.824983e-04 -1.774538e-02 -6.927315e-03
    endloop
  endfacet
  facet normal 3.276653e-03 -9.011532e-01 -4.334883e-01
    outer loop
      vertex -1.253549e-03 -1.737316e-02 -7.813247e-03
      vertex -2.697637e-03 -1.721331e-02 -8.156447e-03
      vertex -1.233492e-03 -1.695146e-02 -8.689737e-03
    endloop
  endfacet
  facet normal -4.789198e-04 -7.534350e-01 -6.575223e-01
    outer loop
      vertex -2.213794e-03 -1.400732e-02 -1.291470e-02
      vertex -6.719220e-08 -1.410098e-02 -1.280899e-02
      vertex -1.783707e-03 -1.469944e-02 -1.212193e-02
    endloop
  endfacet
  facet normal -8.505191e-03 -6.231566e-01 -7.820509e-01
    outer loop
      vertex -1.782034e-03 -1.143185e-02 -1.524249e-02
      vertex -1.202786e-03 -1.211422e-02 -1.470506e-02
      vertex -2.667552e-03 -1.235185e-02 -1.449978e-02
    endloop
  endfacet
  facet normal 4.064754e-03 -5.295994e-01 -8.482382e-01
    outer loop
      vertex -2.446927e-03 -1.029021e-02 -1.602915e-02
      vertex -2.487041e-03 -9.799117e-03 -1.633596e-02
      vertex -1.305060e-03 -1.065366e-02 -1.579675e-02
    endloop
  endfacet
  facet normal 3.866351e-04 -4.806587e-01 -8.769077e-01
    outer loop
      vertex -1.183350e-03 -8.887313e-03 -1.684841e-02
      vertex -1.564429e-03 -9.425915e-03 -1.655336e-02
      vertex -2.487041e-03 -8.937102e-03 -1.682170e-02
    endloop
  endfacet
  facet normal 3.864698e-03 -3.910016e-01 -9.203819e-01
    outer loop
      vertex -2.080891e-03 -7.782540e-03 -1.738610e-02
      vertex -2.717694e-03 -7.227978e-03 -1.762437e-02
      vertex -1.303691e-03 -6.950680e-03 -1.773624e-02
    endloop
  endfacet
  facet normal -2.628799e-03 -3.625594e-01 -9.319570e-01
    outer loop
      vertex -1.303691e-03 -6.950680e-03 -1.773624e-02
      vertex -2.717694e-03 -7.227978e-03 -1.762437e-02
      vertex -2.828006e-03 -6.560139e-03 -1.788387e-02
    endloop
  endfacet
  facet normal 2.806847e-03 -3.439938e-01 -9.389677e-01
    outer loop
      vertex -2.828006e-03 -6.560139e-03 -1.788387e-02
      vertex -1.484202e-03 -6.177152e-03 -1.802016e-02
      vertex -1.303691e-03 -6.950680e-03 -1.773624e-02
    endloop
  endfacet
  facet normal 4.344935e-04 -3.049751e-01 -9.523602e-01
    outer loop
      vertex -3.630277e-03 -6.096930e-03 -1.804683e-02
      vertex -2.527154e-03 -5.457280e-03 -1.825116e-02
      vertex -1.484202e-03 -6.177152e-03 -1.802016e-02
    endloop
  endfacet
  facet normal 6.662771e-03 -2.967744e-01 -9.549244e-01
    outer loop
      vertex -2.527154e-03 -5.457280e-03 -1.825116e-02
      vertex -1.363861e-03 -5.134263e-03 -1.834343e-02
      vertex -1.484202e-03 -6.177152e-03 -1.802016e-02
    endloop
  endfacet
  facet normal 1.456600e-03 -2.795152e-01 -9.601402e-01
    outer loop
      vertex -1.363861e-03 -5.134263e-03 -1.834343e-02
      vertex -2.527154e-03 -5.457280e-03 -1.825116e-02
      vertex -3.794858e-03 -5.156116e-03 -1.834076e-02
    endloop
  endfacet
  facet normal 1.173754e-03 -2.490728e-01 -9.684841e-01
    outer loop
      vertex -1.363861e-03 -5.134263e-03 -1.834343e-02
      vertex -3.794858e-03 -5.156116e-03 -1.834076e-02
      vertex -1.494230e-03 -4.329302e-03 -1.855061e-02
    endloop
  endfacet
  facet normal 2.563941e-03 3.527179e-03 -9.999905e-01
    outer loop
      vertex -3.419681e-03 -1.810198e-05 -1.904873e-02
      vertex -1.343804e-03 4.358540e-04 -1.904181e-02
      vertex -1.133208e-03 -3.261178e-04 -1.904395e-02
    endloop
  endfacet
  facet normal 2.377904e-03 3.737083e-02 -9.992986e-01
    outer loop
      vertex -1.343804e-03 4.358540e-04 -1.904181e-02
      vertex -2.998489e-03 6.629868e-04 -1.903725e-02
      vertex -1.488221e-03 1.154949e-03 -1.901526e-02
    endloop
  endfacet
  facet normal -1.641595e-03 1.276131e-01 -9.918227e-01
    outer loop
      vertex -2.607381e-03 2.747345e-03 -1.884949e-02
      vertex -1.171570e-03 2.880065e-03 -1.883479e-02
      vertex -1.514412e-03 1.967677e-03 -1.895162e-02
    endloop
  endfacet
  facet normal -5.101243e-03 1.644375e-01 -9.863743e-01
    outer loop
      vertex -2.757807e-03 3.549980e-03 -1.871491e-02
      vertex -1.171570e-03 2.880065e-03 -1.883479e-02
      vertex -2.607381e-03 2.747345e-03 -1.884949e-02
    endloop
  endfacet
  facet normal 7.924264e-03 1.943016e-01 -9.809098e-01
    outer loop
      vertex -2.757807e-03 3.549980e-03 -1.871491e-02
      vertex -2.201232e-03 4.148412e-03 -1.859187e-02
      vertex -1.171570e-03 2.880065e-03 -1.883479e-02
    endloop
  endfacet
  facet normal -1.073567e-03 2.289002e-01 -9.734493e-01
    outer loop
      vertex -2.767836e-03 4.631061e-03 -1.847776e-02
      vertex -2.769215e-08 4.758065e-03 -1.845094e-02
      vertex -2.201232e-03 4.148412e-03 -1.859187e-02
    endloop
  endfacet
  facet normal -2.842378e-03 2.654771e-01 -9.641130e-01
    outer loop
      vertex -2.769215e-08 4.758065e-03 -1.845094e-02
      vertex -2.767836e-03 4.631061e-03 -1.847776e-02
      vertex -1.338790e-03 5.266869e-03 -1.830689e-02
    endloop
  endfacet
  facet normal 3.078669e-03 3.884477e-01 -9.214656e-01
    outer loop
      vertex -2.848063e-03 7.548515e-03 -1.749008e-02
      vertex -1.253549e-03 7.813247e-03 -1.737316e-02
      vertex -8.824983e-04 6.927315e-03 -1.774538e-02
    endloop
  endfacet
  facet normal 3.290178e-03 4.335348e-01 -9.011308e-01
    outer loop
      vertex -1.253549e-03 7.813247e-03 -1.737316e-02
      vertex -2.697637e-03 8.156447e-03 -1.721331e-02
      vertex -1.263577e-03 8.688275e-03 -1.695222e-02
    endloop
  endfacet
  facet normal 9.553914e-03 5.254761e-01 -8.507547e-01
    outer loop
      vertex -2.146075e-03 9.665037e-03 -1.641494e-02
      vertex -2.607381e-03 1.009559e-02 -1.615419e-02
      vertex -1.445919e-03 1.065993e-02 -1.579257e-02
    endloop
  endfacet
  facet normal 1.473632e-03 5.815450e-01 -8.135129e-01
    outer loop
      vertex -1.445919e-03 1.065993e-02 -1.579257e-02
      vertex -2.547211e-03 1.101102e-02 -1.554359e-02
      vertex -1.792192e-03 1.146270e-02 -1.521934e-02
    endloop
  endfacet
  facet normal 1.041746e-04 6.592793e-01 -7.518981e-01
    outer loop
      vertex -2.079547e-03 1.287056e-02 -1.404729e-02
      vertex -2.936052e-08 1.280835e-02 -1.410155e-02
      vertex -2.346643e-03 1.237477e-02 -1.448205e-02
    endloop
  endfacet
  facet normal 3.043231e-03 8.211822e-01 -5.706579e-01
    outer loop
      vertex -3.239170e-03 1.558083e-02 -1.095887e-02
      vertex -2.025735e-03 1.587835e-02 -1.052427e-02
      vertex -1.053554e-03 1.526546e-02 -1.140105e-02
    endloop
  endfacet
  facet normal 9.619562e-04 9.350125e-01 -3.546135e-01
    outer loop
      vertex -1.313719e-03 1.766958e-02 -7.118764e-03
      vertex -3.289312e-03 1.782425e-02 -6.716291e-03
      vertex -1.754968e-03 1.794886e-02 -6.383572e-03
    endloop
  endfacet
  facet normal 8.743195e-03 9.527454e-01 -3.036442e-01
    outer loop
      vertex -2.527154e-03 1.825116e-02 -5.457280e-03
      vertex -1.363861e-03 1.834343e-02 -5.134263e-03
      vertex -1.754968e-03 1.794886e-02 -6.383572e-03
    endloop
  endfacet
  facet normal -4.362858e-04 9.619526e-01 -2.732160e-01
    outer loop
      vertex -1.363861e-03 1.834343e-02 -5.134263e-03
      vertex -2.527154e-03 1.825116e-02 -5.457280e-03
      vertex -3.128858e-03 1.839901e-02 -4.935755e-03
    endloop
  endfacet
  facet normal 2.612291e-03 9.687529e-01 -2.480141e-01
    outer loop
      vertex -1.363861e-03 1.834343e-02 -5.134263e-03
      vertex -3.128858e-03 1.839901e-02 -4.935755e-03
      vertex -1.343804e-03 1.856022e-02 -4.287271e-03
    endloop
  endfacet
  facet normal 2.343664e-03 9.992933e-01 -3.751412e-02
    outer loop
      vertex -3.640306e-03 1.903181e-02 -7.802309e-04
      vertex -1.444088e-03 1.904522e-02 -2.858978e-04
      vertex -1.955536e-03 1.901351e-02 -1.162526e-03
    endloop
  endfacet
  facet normal 1.000000e+00 0.000000e+00 0.000000e+00
    outer loop
      vertex 4.826000e-03 -9.335232e-03 1.025016e-03
      vertex 4.826000e-03 -1.105850e-02 1.189275e-03
      vertex 4.826000e-03 -1.030776e-02 -8.694108e-05
    endloop
  endfacet
  facet normal 1.000000e+00 0.000000e+00 0.000000e+00
    outer loop
      vertex 4.826000e-03 -9.335232e-03 1.025016e-03
      vertex 4.826000e-03 -1.030776e-02 -8.694108e-05
      vertex 4.826000e-03 -9.194427e-03 -3.477643e-04
    endloop
  endfacet
  facet normal 1.000000e+00 0.000000e+00 0.000000e+00
    outer loop
      vertex 4.826000e-03 -1.105850e-02 1.189275e-03
      vertex 4.826000e-03 -1.195067e-02 4.290786e-05
      vertex 4.826000e-03 -1.030776e-02 -8.694108e-05
    endloop
  endfacet
  facet normal 1.000000e+00 0.000000e+00 -0.000000e+00
    outer loop
      vertex 4.826000e-03 -1.103031e-02 -1.268728e-03
      vertex 4.826000e-03 -1.030776e-02 -8.694108e-05
      vertex 4.826000e-03 -1.195067e-02 4.290786e-05
    endloop
  endfacet
  facet normal 1.000000e+00 0.000000e+00 0.000000e+00
    outer loop
      vertex 4.826000e-03 -9.832550e-03 -1.411704e-03
      vertex 4.826000e-03 -1.030776e-02 -8.694108e-05
      vertex 4.826000e-03 -1.103031e-02 -1.268728e-03
    endloop
  endfacet
  facet normal 1.000000e+00 0.000000e+00 0.000000e+00
    outer loop
      vertex 4.826000e-03 -9.194427e-03 -3.477643e-04
      vertex 4.826000e-03 -1.030776e-02 -8.694108e-05
      vertex 4.826000e-03 -9.832550e-03 -1.411704e-03
    endloop
  endfacet
  facet normal 1.000000e+00 -2.392394e-15 -5.972624e-15
    outer loop
      vertex 2.652739e-17 -1.585019e-02 -3.039814e-03
      vertex 1.804112e-17 -1.637854e-02 -4.249043e-03
      vertex 2.475797e-17 -1.467631e-02 -3.806279e-03
    endloop
  endfacet
  facet normal 1.000000e+00 1.289260e-15 -6.927308e-15
    outer loop
      vertex 2.464695e-17 -1.542604e-02 -1.302246e-04
      vertex 2.563227e-17 -1.726473e-02 -3.301921e-04
      vertex 1.691702e-17 -1.666856e-02 -1.477336e-03
    endloop
  endfacet
  facet normal 1.000000e+00 -2.069608e-15 5.066747e-15
    outer loop
      vertex 2.652739e-17 -1.585019e-02 -3.039814e-03
      vertex 1.691702e-17 -1.666856e-02 -1.477336e-03
      vertex 2.173262e-17 -1.772234e-02 -2.858203e-03
    endloop
  endfacet
  facet normal 1.000000e+00 -2.828089e-15 -2.752067e-15
    outer loop
      vertex 2.652739e-17 -1.585019e-02 -3.039814e-03
      vertex 2.173262e-17 -1.772234e-02 -2.858203e-03
      vertex 2.126077e-17 -1.717893e-02 -3.588071e-03
    endloop
  endfacet
  facet normal 1.000000e+00 -1.116369e-14 -1.232071e-15
    outer loop
      vertex 3.014256e-17 -1.140768e-02 -4.673203e-03
      vertex 2.087219e-17 -1.233971e-02 -3.752329e-03
      vertex 2.053913e-17 -1.219646e-02 -5.320605e-03
    endloop
  endfacet
  facet normal 1.000000e+00 5.389252e-15 -4.396498e-16
    outer loop
      vertex 2.053913e-17 -1.219646e-02 -5.320605e-03
      vertex 2.742251e-17 -1.341035e-02 -4.543909e-03
      vertex 2.869927e-17 -1.378893e-02 -6.280547e-03
    endloop
  endfacet
  facet normal 1.000000e+00 4.312774e-15 -3.462701e-16
    outer loop
      vertex 2.808170e-17 -1.591966e-02 -8.169507e-03
      vertex 2.069178e-17 -1.418146e-02 -7.861846e-03
      vertex 2.631229e-17 -1.540433e-02 -6.861070e-03
    endloop
  endfacet
  facet normal 1.000000e+00 -3.298006e-15 2.000663e-16
    outer loop
      vertex 2.331468e-17 -1.388008e-02 -9.134327e-04
      vertex 1.855460e-17 -1.535534e-02 -1.439912e-03
      vertex 2.231548e-17 -1.425680e-02 -2.129172e-03
    endloop
  endfacet
  facet normal 1.000000e+00 2.113113e-15 9.278007e-16
    outer loop
      vertex 2.652739e-17 -1.585019e-02 -3.039814e-03
      vertex 2.475797e-17 -1.467631e-02 -3.806279e-03
      vertex 2.231548e-17 -1.425680e-02 -2.129172e-03
    endloop
  endfacet
  facet normal 1.000000e+00 -9.768818e-16 1.700727e-15
    outer loop
      vertex 2.231548e-17 -1.425680e-02 -2.129172e-03
      vertex 2.475797e-17 -1.467631e-02 -3.806279e-03
      vertex 2.464695e-17 -1.302804e-02 -2.794248e-03
    endloop
  endfacet
  facet normal 1.000000e+00 2.882686e-16 -1.105465e-15
    outer loop
      vertex 2.628453e-17 -1.342244e-02 4.209975e-03
      vertex 2.481348e-17 -1.328477e-02 2.915171e-03
      vertex 2.517431e-17 -1.182905e-02 3.621174e-03
    endloop
  endfacet
  facet normal 1.000000e+00 -4.038724e-15 -4.412662e-15
    outer loop
      vertex 2.481348e-17 -1.328477e-02 2.915171e-03
      vertex 2.176037e-17 -1.482328e-02 3.631406e-03
      vertex 1.837419e-17 -1.428564e-02 2.371948e-03
    endloop
  endfacet
  facet normal 1.000000e+00 2.055333e-15 8.793254e-15
    outer loop
      vertex 1.826317e-17 -1.571997e-02 2.719834e-03
      vertex 2.636780e-17 -1.512652e-02 1.659434e-03
      vertex 1.837419e-17 -1.428564e-02 2.371948e-03
    endloop
  endfacet
  facet normal 1.000000e+00 5.950540e-15 4.196308e-15
    outer loop
      vertex 1.837419e-17 -1.428564e-02 2.371948e-03
      vertex 2.636780e-17 -1.512652e-02 1.659434e-03
      vertex 2.231548e-17 -1.388008e-02 8.576221e-04
    endloop
  endfacet
  facet normal 1.000000e+00 2.376698e-15 -1.359315e-15
    outer loop
      vertex 2.464695e-17 -1.542604e-02 -1.302246e-04
      vertex 2.231548e-17 -1.388008e-02 8.576221e-04
      vertex 2.636780e-17 -1.512652e-02 1.659434e-03
    endloop
  endfacet
  facet normal 1.000000e+00 9.123466e-16 -1.070672e-16
    outer loop
      vertex 2.048361e-17 -1.359370e-02 8.637485e-03
      vertex 2.109424e-17 -1.441526e-02 7.339938e-03
      vertex 1.972034e-17 -1.297037e-02 6.820049e-03
    endloop
  endfacet
  facet normal 1.000000e+00 -2.259110e-15 -2.349758e-15
    outer loop
      vertex 2.409184e-17 -1.517768e-02 4.964348e-03
      vertex 2.176037e-17 -1.482328e-02 3.631406e-03
      vertex 2.628453e-17 -1.342244e-02 4.209975e-03
    endloop
  endfacet
  facet normal 1.000000e+00 2.895332e-15 5.502289e-18
    outer loop
      vertex 2.241263e-17 -1.208856e-02 6.008936e-03
      vertex 2.628453e-17 -1.342244e-02 4.209975e-03
      vertex 2.187139e-17 -1.189881e-02 4.524375e-03
    endloop
  endfacet
  facet normal 1.000000e+00 2.108266e-15 3.819741e-15
    outer loop
      vertex 2.628453e-17 -1.342244e-02 4.209975e-03
      vertex 2.517431e-17 -1.182905e-02 3.621174e-03
      vertex 2.187139e-17 -1.189881e-02 4.524375e-03
    endloop
  endfacet
  facet normal 1.000000e+00 2.329992e-15 -2.429407e-15
    outer loop
      vertex 3.273423e-17 -1.086445e-02 -1.208391e-02
      vertex 2.746067e-17 -1.015567e-02 -1.357485e-02
      vertex 3.019807e-17 -9.439424e-03 -1.176114e-02
    endloop
  endfacet
  facet normal 1.000000e+00 1.177019e-15 1.220701e-15
    outer loop
      vertex 3.019807e-17 -9.439424e-03 -1.176114e-02
      vertex 2.875478e-17 -7.908355e-03 -1.205508e-02
      vertex 2.783884e-17 -8.133457e-03 -1.108770e-02
    endloop
  endfacet
  facet normal 1.000000e+00 1.479260e-15 -1.462709e-15
    outer loop
      vertex 2.264855e-17 -8.237637e-03 -5.008066e-03
      vertex 2.611800e-17 -9.880327e-03 -4.297412e-03
      vertex 2.486900e-17 -1.020961e-02 -5.484316e-03
    endloop
  endfacet
  facet normal 1.000000e+00 1.869144e-15 -3.077073e-15
    outer loop
      vertex 2.264855e-17 -8.237637e-03 -5.008066e-03
      vertex 2.486900e-17 -1.020961e-02 -5.484316e-03
      vertex 1.898481e-17 -8.133457e-03 -6.135439e-03
    endloop
  endfacet
  facet normal 1.000000e+00 -2.883628e-15 7.148342e-15
    outer loop
      vertex 2.087219e-17 -1.233971e-02 -3.752329e-03
      vertex 3.014256e-17 -1.140768e-02 -4.673203e-03
      vertex 1.865175e-17 -1.093769e-02 -2.876131e-03
    endloop
  endfacet
  facet normal 1.000000e+00 3.105916e-15 -1.913992e-15
    outer loop
      vertex 3.014256e-17 -1.140768e-02 -4.673203e-03
      vertex 2.486900e-17 -1.020961e-02 -5.484316e-03
      vertex 2.611800e-17 -9.880327e-03 -4.297412e-03
    endloop
  endfacet
  facet normal 1.000000e+00 4.138387e-16 1.993487e-15
    outer loop
      vertex 2.187139e-17 -8.855273e-03 3.599780e-03
      vertex 2.314815e-17 -7.280486e-03 2.632398e-03
      vertex 2.009504e-17 -7.977188e-03 4.308574e-03
    endloop
  endfacet
  facet normal 1.000000e+00 -2.667869e-15 -4.706408e-15
    outer loop
      vertex 3.369527e-17 -9.415239e-03 6.931670e-03
      vertex 2.647882e-17 -9.212461e-03 5.283399e-03
      vertex 3.541611e-17 -8.356699e-03 6.697266e-03
    endloop
  endfacet
  facet normal 1.000000e+00 3.851831e-16 -6.554308e-15
    outer loop
      vertex 2.647882e-17 -9.212461e-03 5.283399e-03
      vertex 2.833844e-17 -7.835801e-03 5.648027e-03
      vertex 3.541611e-17 -8.356699e-03 6.697266e-03
    endloop
  endfacet
  facet normal 1.000000e+00 2.872682e-16 -6.184630e-15
    outer loop
      vertex 2.833844e-17 -7.835801e-03 5.648027e-03
      vertex 2.647882e-17 -9.212461e-03 5.283399e-03
      vertex 2.009504e-17 -7.977188e-03 4.308574e-03
    endloop
  endfacet
  facet normal 1.000000e+00 3.816765e-15 -4.589488e-15
    outer loop
      vertex 2.384898e-17 -3.147715e-03 -1.528465e-02
      vertex 2.852232e-17 -5.038762e-03 -1.583903e-02
      vertex 2.142730e-17 -4.204394e-03 -1.669107e-02
    endloop
  endfacet
  facet normal 1.000000e+00 7.657164e-15 1.260367e-15
    outer loop
      vertex 3.214096e-17 -5.069458e-03 -1.253877e-02
      vertex 3.827494e-17 -5.614541e-03 -1.409402e-02
      vertex 2.932377e-17 -4.390429e-03 -1.442889e-02
    endloop
  endfacet
  facet normal 1.000000e+00 1.619529e-15 6.861648e-16
    outer loop
      vertex 2.756129e-17 -3.560713e-03 -9.260830e-03
      vertex 2.600697e-17 -3.356074e-03 -7.478613e-03
      vertex 2.842171e-17 -4.438799e-03 -8.442276e-03
    endloop
  endfacet
  facet normal 1.000000e+00 -5.385738e-16 1.555075e-15
    outer loop
      vertex 2.563574e-17 -7.255371e-03 -9.366870e-03
      vertex 2.783884e-17 -8.133457e-03 -1.108770e-02
      vertex 2.901498e-17 -6.313568e-03 -1.121373e-02
    endloop
  endfacet
  facet normal 1.000000e+00 -2.062056e-15 5.056437e-16
    outer loop
      vertex 2.405021e-17 -4.896445e-03 -3.389561e-03
      vertex 2.159384e-17 -6.213574e-03 -3.903018e-03
      vertex 2.489675e-17 -4.755059e-03 -4.487168e-03
    endloop
  endfacet
  facet normal 1.000000e+00 3.404053e-15 -2.421509e-16
    outer loop
      vertex 2.053913e-17 -5.752207e-03 -1.772915e-03
      vertex 2.578493e-17 -7.352574e-03 -2.606817e-03
      vertex 2.159384e-17 -6.213574e-03 -3.903018e-03
    endloop
  endfacet
  facet normal 1.000000e+00 8.993724e-16 -2.443070e-15
    outer loop
      vertex 2.331468e-17 -8.278564e-03 -3.958828e-03
      vertex 2.159384e-17 -6.213574e-03 -3.903018e-03
      vertex 2.578493e-17 -7.352574e-03 -2.606817e-03
    endloop
  endfacet
  facet normal 1.000000e+00 -2.771289e-15 -4.057903e-16
    outer loop
      vertex 2.706169e-17 -5.640586e-03 2.098477e-03
      vertex 2.356448e-17 -6.767959e-03 1.179463e-03
      vertex 2.622902e-17 -5.640586e-03 4.650878e-05
    endloop
  endfacet
  facet normal 1.000000e+00 -3.235646e-15 6.086142e-15
    outer loop
      vertex 2.575717e-17 -3.497461e-03 7.366992e-03
      vertex 1.806888e-17 -4.263926e-03 8.222754e-03
      vertex 2.210038e-17 -5.288980e-03 7.015386e-03
    endloop
  endfacet
  facet normal 1.000000e+00 2.310269e-15 1.571784e-15
    outer loop
      vertex 2.442491e-17 -6.749355e-03 6.540996e-03
      vertex 2.833844e-17 -7.835801e-03 5.648027e-03
      vertex 2.689515e-17 -6.669360e-03 4.851797e-03
    endloop
  endfacet
  facet normal 1.000000e+00 -1.039919e-16 5.005088e-16
    outer loop
      vertex 2.685352e-17 -5.547568e-03 5.168056e-03
      vertex 2.689515e-17 -6.669360e-03 4.851797e-03
      vertex 2.753353e-17 -5.759648e-03 3.765352e-03
    endloop
  endfacet
  facet normal 1.000000e+00 5.083618e-15 -2.838245e-16
    outer loop
      vertex 2.753353e-17 -5.759648e-03 3.765352e-03
      vertex 1.884604e-17 -4.025801e-03 4.211836e-03
      vertex 2.685352e-17 -5.547568e-03 5.168056e-03
    endloop
  endfacet
  facet normal 1.000000e+00 1.415238e-15 -1.180627e-15
    outer loop
      vertex 2.553860e-17 -6.315893e-03 1.157139e-02
      vertex 2.551431e-17 -5.528965e-03 1.249412e-02
      vertex 2.851538e-17 -7.311182e-03 1.289968e-02
    endloop
  endfacet
  facet normal 1.000000e+00 -4.733601e-16 4.615405e-15
    outer loop
      vertex 2.961520e-17 -4.431357e-03 1.550789e-02
      vertex 2.559064e-17 -3.065859e-03 1.651992e-02
      vertex 2.128853e-17 -4.076074e-03 1.734843e-02
    endloop
  endfacet
  facet normal 1.000000e+00 -6.234651e-16 -1.100224e-15
    outer loop
      vertex 2.595146e-17 -1.272480e-03 -1.443633e-02
      vertex 2.384898e-17 -3.147715e-03 -1.528465e-02
      vertex 2.342571e-17 -1.830586e-03 -1.641574e-02
    endloop
  endfacet
  facet normal 1.000000e+00 3.576230e-15 -1.456201e-15
    outer loop
      vertex 3.214096e-17 -5.069458e-03 -1.253877e-02
      vertex 2.503553e-17 -3.482578e-03 -1.352104e-02
      vertex 2.703393e-17 -3.538389e-03 -1.228576e-02
    endloop
  endfacet
  facet normal 1.000000e+00 2.266104e-15 3.111527e-16
    outer loop
      vertex 2.622902e-17 4.911328e-04 -9.175254e-03
      vertex 2.675637e-17 3.720704e-05 -7.564189e-03
      vertex 2.937928e-17 -8.780860e-04 -9.327803e-03
    endloop
  endfacet
  facet normal 1.000000e+00 3.686572e-16 8.297930e-16
    outer loop
      vertex 2.600697e-17 -3.356074e-03 -7.478613e-03
      vertex 2.756129e-17 -3.560713e-03 -9.260830e-03
      vertex 2.711720e-17 -2.448223e-03 -9.219902e-03
    endloop
  endfacet
  facet normal 1.000000e+00 4.125351e-16 -1.199677e-15
    outer loop
      vertex 2.875478e-17 -4.312295e-03 -1.111746e-02
      vertex 2.703393e-17 -3.538389e-03 -1.228576e-02
      vertex 2.836273e-17 -2.783086e-03 -1.091840e-02
    endloop
  endfacet
  facet normal 1.000000e+00 -1.733697e-15 3.702424e-15
    outer loop
      vertex 2.262079e-17 -6.325195e-04 -4.189512e-03
      vertex 2.184364e-17 -2.224980e-03 -4.725293e-03
      vertex 2.661760e-17 -3.720701e-06 -4.974580e-03
    endloop
  endfacet
  facet normal 1.000000e+00 -1.509692e-15 2.992287e-15
    outer loop
      vertex 2.184364e-17 -2.224980e-03 -4.725293e-03
      vertex 2.026157e-17 -3.951387e-03 -5.067597e-03
      vertex 2.597922e-17 -2.671465e-03 -6.332637e-03
    endloop
  endfacet
  facet normal 1.000000e+00 1.751226e-15 3.438563e-16
    outer loop
      vertex 2.250977e-17 -4.381128e-03 -1.269690e-03
      vertex 2.295386e-17 -4.375547e-03 -2.589609e-03
      vertex 2.046974e-17 -2.987725e-03 -2.433340e-03
    endloop
  endfacet
  facet normal 1.000000e+00 3.422396e-15 3.008345e-15
    outer loop
      vertex 2.046974e-17 -2.987725e-03 -2.433340e-03
      vertex 2.464695e-17 -3.155156e-03 -3.631406e-03
      vertex 1.876277e-17 -1.919883e-03 -3.080742e-03
    endloop
  endfacet
  facet normal 1.000000e+00 -1.095019e-16 -1.884257e-15
    outer loop
      vertex 2.331468e-17 -2.232422e-03 -9.673828e-04
      vertex 2.250977e-17 -4.381128e-03 -1.269690e-03
      vertex 2.046974e-17 -2.987725e-03 -2.433340e-03
    endloop
  endfacet
  facet normal 1.000000e+00 2.054944e-15 2.821602e-15
    outer loop
      vertex 2.018524e-17 -4.308574e-03 3.080742e-03
      vertex 2.239875e-17 -3.735586e-03 1.878955e-03
      vertex 1.773581e-17 -2.820293e-03 2.864941e-03
    endloop
  endfacet
  facet normal 1.000000e+00 -9.139530e-17 4.714646e-15
    outer loop
      vertex 2.359224e-17 -2.384971e-03 1.651992e-03
      vertex 2.239875e-17 -3.735586e-03 1.878955e-03
      vertex 3.108624e-17 -2.920752e-03 5.208986e-05
    endloop
  endfacet
  facet normal 1.000000e+00 -9.397738e-16 5.977923e-15
    outer loop
      vertex 2.359224e-17 -2.384971e-03 1.651992e-03
      vertex 2.903233e-17 -1.566416e-03 8.706445e-04
      vertex 1.953993e-17 -1.064121e-03 2.537519e-03
    endloop
  endfacet
  facet normal 1.000000e+00 -8.126169e-16 -3.676467e-15
    outer loop
      vertex 1.967870e-17 -1.272480e-03 4.680645e-03
      vertex 2.305101e-17 -1.525488e-04 5.350371e-03
      vertex 2.531308e-17 -1.998018e-03 6.373565e-03
    endloop
  endfacet
  facet normal 1.000000e+00 1.623486e-15 -2.632423e-15
    outer loop
      vertex 2.531308e-17 -1.998018e-03 6.373565e-03
      vertex 2.292611e-17 -2.597051e-03 5.097363e-03
      vertex 1.967870e-17 -1.272480e-03 4.680645e-03
    endloop
  endfacet
  facet normal 1.000000e+00 -4.637850e-15 -9.090912e-17
    outer loop
      vertex 1.618150e-17 -2.009180e-03 3.795117e-03
      vertex 2.535472e-17 -2.232422e-05 3.338401e-03
      vertex 1.967870e-17 -1.272480e-03 4.680645e-03
    endloop
  endfacet
  facet normal 1.000000e+00 -4.134690e-16 -4.523743e-15
    outer loop
      vertex 2.317938e-17 -3.337471e-03 1.222437e-02
      vertex 1.202684e-17 -4.089518e-03 9.827772e-03
      vertex 1.632028e-17 -2.768203e-03 1.065609e-02
    endloop
  endfacet
  facet normal 1.000000e+00 -2.836870e-15 -3.224125e-15
    outer loop
      vertex 2.174649e-17 -1.942207e-03 1.161231e-02
      vertex 1.632028e-17 -2.768203e-03 1.065609e-02
      vertex 1.701417e-17 -1.555254e-03 9.804052e-03
    endloop
  endfacet
  facet normal 1.000000e+00 -1.283646e-15 7.834455e-15
    outer loop
      vertex 1.806888e-17 -4.263926e-03 8.222754e-03
      vertex 2.575717e-17 -3.497461e-03 7.366992e-03
      vertex 2.026851e-17 -2.232422e-03 8.274844e-03
    endloop
  endfacet
  facet normal 1.000000e+00 -1.182407e-15 -1.149298e-15
    outer loop
      vertex 2.174649e-17 -1.942207e-03 1.161231e-02
      vertex 2.409184e-17 -4.613672e-04 1.212949e-02
      vertex 2.371020e-17 -1.655713e-03 1.302618e-02
    endloop
  endfacet
  facet normal 1.000000e+00 -7.488754e-16 -2.390632e-15
    outer loop
      vertex 2.174649e-17 -1.942207e-03 1.161231e-02
      vertex 2.269018e-17 4.492749e-04 1.125792e-02
      vertex 2.409184e-17 -4.613672e-04 1.212949e-02
    endloop
  endfacet
  facet normal 1.000000e+00 1.345476e-16 -2.081482e-16
    outer loop
      vertex 2.961520e-17 -4.431357e-03 1.550789e-02
      vertex 2.924050e-17 -4.092773e-03 1.392659e-02
      vertex 2.918499e-17 -2.931914e-03 1.441028e-02
    endloop
  endfacet
  facet normal 1.000000e+00 1.608869e-15 1.805925e-15
    outer loop
      vertex 2.961520e-17 -4.431357e-03 1.550789e-02
      vertex 2.918499e-17 -2.931914e-03 1.441028e-02
      vertex 2.559064e-17 -3.065859e-03 1.651992e-02
    endloop
  endfacet
  facet normal 1.000000e+00 9.084709e-16 1.761455e-15
    outer loop
      vertex 2.918499e-17 -2.931914e-03 1.441028e-02
      vertex 2.686046e-17 -1.707803e-03 1.509861e-02
      vertex 2.559064e-17 -3.065859e-03 1.651992e-02
    endloop
  endfacet
  facet normal 1.000000e+00 1.976640e-15 5.009981e-15
    outer loop
      vertex 2.559064e-17 -3.065859e-03 1.651992e-02
      vertex 2.209344e-17 -1.540806e-03 1.661627e-02
      vertex 1.855460e-17 -2.432002e-03 1.767424e-02
    endloop
  endfacet
  facet normal 1.000000e+00 -4.117567e-15 -4.967718e-15
    outer loop
      vertex 3.094747e-17 2.924473e-03 -1.553766e-02
      vertex 2.542411e-17 1.116211e-03 -1.515070e-02
      vertex 2.278733e-17 2.217539e-03 -1.659434e-02
    endloop
  endfacet
  facet normal 1.000000e+00 -1.573858e-15 1.924107e-15
    outer loop
      vertex 2.664535e-17 2.749599e-03 -1.444935e-02
      vertex 2.318978e-17 2.048247e-03 -1.322710e-02
      vertex 2.542411e-17 1.116211e-03 -1.515070e-02
    endloop
  endfacet
  facet normal 1.000000e+00 -6.971924e-16 -6.359826e-15
    outer loop
      vertex 2.003953e-17 3.050977e-03 -5.566172e-03
      vertex 2.431388e-17 4.243462e-03 -5.024810e-03
      vertex 2.864375e-17 2.902148e-03 -4.196953e-03
    endloop
  endfacet
  facet normal 1.000000e+00 7.500088e-15 -3.210536e-15
    outer loop
      vertex 1.693090e-17 3.720703e-03 0.000000e+00
      vertex 2.486900e-17 3.006328e-03 8.036718e-04
      vertex 2.139955e-17 2.701230e-03 -9.897071e-04
    endloop
  endfacet
  facet normal 1.000000e+00 3.506237e-15 -2.531084e-15
    outer loop
      vertex 2.486900e-17 3.006328e-03 8.036718e-04
      vertex 2.836620e-17 1.428750e-03 3.725290e-12
      vertex 2.139955e-17 2.701230e-03 -9.897071e-04
    endloop
  endfacet
  facet normal 1.000000e+00 -5.541145e-15 4.840087e-15
    outer loop
      vertex 1.842970e-17 4.836914e-05 -3.162598e-03
      vertex 3.289730e-17 1.753381e-03 -4.199743e-03
      vertex 2.586126e-17 1.568276e-03 -2.957959e-03
    endloop
  endfacet
  facet normal 1.000000e+00 -9.265881e-16 1.248227e-15
    outer loop
      vertex 2.586126e-17 1.568276e-03 -2.957959e-03
      vertex 2.864375e-17 2.902148e-03 -4.196953e-03
      vertex 2.876865e-17 4.044405e-03 -3.449092e-03
    endloop
  endfacet
  facet normal 1.000000e+00 -1.821563e-15 -5.393392e-15
    outer loop
      vertex 3.039236e-17 1.346895e-03 3.810000e-03
      vertex 2.535472e-17 -2.232422e-05 3.338401e-03
      vertex 2.498002e-17 2.154287e-03 2.533799e-03
    endloop
  endfacet
  facet normal 1.000000e+00 1.254921e-15 -2.748582e-16
    outer loop
      vertex 3.119727e-17 -8.687842e-04 -1.897559e-04
      vertex 2.836620e-17 1.428750e-03 3.725290e-12
      vertex 2.972622e-17 5.153174e-04 7.776269e-04
    endloop
  endfacet
  facet normal 1.000000e+00 3.576195e-15 -3.765350e-15
    outer loop
      vertex 2.486900e-17 3.006328e-03 8.036718e-04
      vertex 2.120526e-17 4.375547e-03 1.131094e-03
      vertex 2.677025e-17 3.947666e-03 2.202656e-03
    endloop
  endfacet
  facet normal 1.000000e+00 -5.857868e-16 8.795305e-16
    outer loop
      vertex 2.559064e-17 2.323579e-03 6.606108e-03
      vertex 2.386980e-17 1.486421e-03 8.005093e-03
      vertex 2.448042e-17 9.450586e-04 6.950274e-03
    endloop
  endfacet
  facet normal 1.000000e+00 -1.032169e-15 -9.084102e-16
    outer loop
      vertex 2.559064e-17 2.323579e-03 6.606108e-03
      vertex 2.448042e-17 9.450586e-04 6.950274e-03
      vertex 2.332162e-17 1.024356e-03 5.584543e-03
    endloop
  endfacet
  facet normal 1.000000e+00 3.678234e-15 5.436513e-15
    outer loop
      vertex 3.039236e-17 1.346895e-03 3.810000e-03
      vertex 2.577105e-17 3.147715e-03 3.441650e-03
      vertex 2.015055e-17 2.470547e-03 4.933652e-03
    endloop
  endfacet
  facet normal 1.000000e+00 -1.251779e-15 -1.024550e-15
    outer loop
      vertex 2.269018e-17 4.492749e-04 1.125792e-02
      vertex 2.323142e-17 1.564556e-03 1.042355e-02
      vertex 2.514655e-17 2.024063e-03 1.173138e-02
    endloop
  endfacet
  facet normal 1.000000e+00 4.633662e-16 1.268048e-15
    outer loop
      vertex 2.323142e-17 1.564556e-03 1.042355e-02
      vertex 2.269018e-17 4.492749e-04 1.125792e-02
      vertex 2.456368e-17 1.250156e-03 9.487793e-03
    endloop
  endfacet
  facet normal 1.000000e+00 -2.914271e-15 -2.601419e-16
    outer loop
      vertex 2.269018e-17 4.492749e-04 1.125792e-02
      vertex 1.956768e-17 -5.060157e-04 9.956601e-03
      vertex 2.456368e-17 1.250156e-03 9.487793e-03
    endloop
  endfacet
  facet normal 1.000000e+00 -4.549000e-15 -1.192862e-15
    outer loop
      vertex 2.456368e-17 1.250156e-03 9.487793e-03
      vertex 1.761091e-17 -5.581057e-05 8.639473e-03
      vertex 2.386980e-17 1.486421e-03 8.005093e-03
    endloop
  endfacet
  facet normal 1.000000e+00 4.483407e-16 4.332369e-15
    outer loop
      vertex 2.482736e-17 -4.939234e-04 7.019106e-03
      vertex 2.448042e-17 9.450586e-04 6.950274e-03
      vertex 1.761091e-17 -5.581057e-05 8.639473e-03
    endloop
  endfacet
  facet normal 1.000000e+00 1.888158e-15 -2.610113e-15
    outer loop
      vertex 2.051137e-17 3.534668e-03 1.595810e-02
      vertex 1.915135e-17 2.794248e-03 1.490142e-02
      vertex 1.737499e-17 4.100215e-03 1.516559e-02
    endloop
  endfacet
  facet normal 1.000000e+00 -5.567765e-16 6.801368e-16
    outer loop
      vertex 1.966483e-17 2.026853e-03 1.351824e-02
      vertex 2.077505e-17 3.889065e-03 1.341034e-02
      vertex 1.915135e-17 2.794248e-03 1.490142e-02
    endloop
  endfacet
  facet normal 1.000000e+00 -1.777459e-16 7.410482e-16
    outer loop
      vertex 1.881134e-17 -6.836805e-04 1.780307e-02
      vertex 2.003953e-17 -5.506641e-04 1.617762e-02
      vertex 1.910971e-17 7.425289e-04 1.774253e-02
    endloop
  endfacet
  facet normal 1.000000e+00 1.734829e-15 2.358368e-15
    outer loop
      vertex 2.003953e-17 -5.506641e-04 1.617762e-02
      vertex 2.212119e-17 -1.674316e-04 1.501304e-02
      vertex 1.781908e-17 7.292578e-04 1.617762e-02
    endloop
  endfacet
  facet normal 1.000000e+00 -3.072522e-15 3.116112e-15
    outer loop
      vertex 2.511880e-17 5.339559e-03 -1.718826e-02
      vertex 2.839395e-17 7.248267e-03 -1.635729e-02
      vertex 2.332162e-17 6.413562e-03 -1.555254e-02
    endloop
  endfacet
  facet normal 1.000000e+00 -5.268768e-15 8.151030e-16
    outer loop
      vertex 2.102485e-17 4.764360e-03 -1.588368e-02
      vertex 1.562639e-17 3.609082e-03 -1.672828e-02
      vertex 2.511880e-17 5.339559e-03 -1.718826e-02
    endloop
  endfacet
  facet normal 1.000000e+00 -2.148411e-15 3.557155e-17
    outer loop
      vertex 2.542411e-17 5.238750e-03 -1.270992e-02
      vertex 2.225997e-17 3.758143e-03 -1.318268e-02
      vertex 2.570166e-17 5.342930e-03 -1.422053e-02
    endloop
  endfacet
  facet normal 1.000000e+00 3.312541e-15 4.121895e-16
    outer loop
      vertex 2.542411e-17 5.238750e-03 -1.270992e-02
      vertex 2.570166e-17 5.342930e-03 -1.422053e-02
      vertex 2.015055e-17 6.831211e-03 -1.271364e-02
    endloop
  endfacet
  facet normal 1.000000e+00 1.315780e-15 5.325390e-15
    outer loop
      vertex 2.570166e-17 5.342930e-03 -1.422053e-02
      vertex 2.225997e-17 3.758143e-03 -1.318268e-02
      vertex 2.964295e-17 3.958828e-03 -1.461864e-02
    endloop
  endfacet
  facet normal 1.000000e+00 -6.315605e-16 4.307596e-15
    outer loop
      vertex 2.697842e-17 6.704707e-03 -1.431727e-02
      vertex 2.015055e-17 6.831211e-03 -1.271364e-02
      vertex 2.570166e-17 5.342930e-03 -1.422053e-02
    endloop
  endfacet
  facet normal 1.000000e+00 -1.128960e-15 -2.694226e-15
    outer loop
      vertex 2.570166e-17 5.342930e-03 -1.422053e-02
      vertex 2.332162e-17 6.413562e-03 -1.555254e-02
      vertex 2.697842e-17 6.704707e-03 -1.431727e-02
    endloop
  endfacet
  facet normal 1.000000e+00 -3.851089e-15 -2.052639e-15
    outer loop
      vertex 2.697842e-17 6.704707e-03 -1.431727e-02
      vertex 2.332162e-17 6.413562e-03 -1.555254e-02
      vertex 2.914335e-17 7.685160e-03 -1.510205e-02
    endloop
  endfacet
  facet normal 1.000000e+00 2.106288e-15 4.174916e-15
    outer loop
      vertex 1.926237e-17 6.622851e-03 -7.887890e-04
      vertex 2.027545e-17 5.205264e-03 -3.162597e-04
      vertex 2.493145e-17 6.453560e-03 -2.061270e-03
    endloop
  endfacet
  facet normal 1.000000e+00 -1.091487e-15 5.451747e-15
    outer loop
      vertex 1.693090e-17 3.720703e-03 0.000000e+00
      vertex 2.287059e-17 4.107656e-03 -1.012031e-03
      vertex 2.027545e-17 5.205264e-03 -3.162597e-04
    endloop
  endfacet
  facet normal 1.000000e+00 8.523400e-16 3.277902e-15
    outer loop
      vertex 2.027545e-17 5.205264e-03 -3.162597e-04
      vertex 2.538247e-17 4.836914e-03 -1.778496e-03
      vertex 2.493145e-17 6.453560e-03 -2.061270e-03
    endloop
  endfacet
  facet normal 1.000000e+00 2.657169e-15 -2.901606e-15
    outer loop
      vertex 2.361999e-17 6.384727e-03 3.333750e-03
      vertex 2.108730e-17 5.651748e-03 1.789658e-03
      vertex 1.725009e-17 7.311182e-03 1.986856e-03
    endloop
  endfacet
  facet normal 1.000000e+00 2.298716e-15 -4.275454e-15
    outer loop
      vertex 2.677025e-17 3.947666e-03 2.202656e-03
      vertex 2.120526e-17 4.375547e-03 1.131094e-03
      vertex 2.108730e-17 5.651748e-03 1.789658e-03
    endloop
  endfacet
  facet normal 1.000000e+00 -2.722189e-15 -2.202957e-15
    outer loop
      vertex 1.693090e-17 3.720703e-03 0.000000e+00
      vertex 2.027545e-17 5.205264e-03 -3.162597e-04
      vertex 2.120526e-17 4.375547e-03 1.131094e-03
    endloop
  endfacet
  facet normal 1.000000e+00 8.110899e-16 -1.392654e-15
    outer loop
      vertex 2.120526e-17 4.375547e-03 1.131094e-03
      vertex 1.888767e-17 6.306592e-03 5.915918e-04
      vertex 2.108730e-17 5.651748e-03 1.789658e-03
    endloop
  endfacet
  facet normal 1.000000e+00 -6.334040e-16 1.263277e-16
    outer loop
      vertex 1.926237e-17 6.622851e-03 -7.887890e-04
      vertex 1.992503e-17 7.778131e-03 -2.418457e-04
      vertex 1.888767e-17 6.306592e-03 5.915918e-04
    endloop
  endfacet
  facet normal 1.000000e+00 -2.856909e-17 1.194240e-15
    outer loop
      vertex 1.888767e-17 6.306592e-03 5.915918e-04
      vertex 1.992503e-17 7.778131e-03 -2.418457e-04
      vertex 1.725009e-17 7.311182e-03 1.986856e-03
    endloop
  endfacet
  facet normal 1.000000e+00 -6.287622e-17 2.179806e-15
    outer loop
      vertex 2.266243e-17 3.869531e-03 4.717852e-03
      vertex 2.453593e-17 5.030391e-03 3.891856e-03
      vertex 2.206568e-17 5.729883e-03 5.045274e-03
    endloop
  endfacet
  facet normal 1.000000e+00 -1.271645e-15 8.088470e-16
    outer loop
      vertex 2.120526e-17 6.818189e-03 1.530697e-02
      vertex 1.890849e-17 5.660206e-03 1.632599e-02
      vertex 2.032402e-17 5.564312e-03 1.442517e-02
    endloop
  endfacet
  facet normal 1.000000e+00 -3.569463e-16 1.292882e-15
    outer loop
      vertex 2.264855e-17 6.470303e-03 1.287735e-02
      vertex 2.032402e-17 5.564312e-03 1.442517e-02
      vertex 2.209344e-17 5.022949e-03 1.290712e-02
    endloop
  endfacet
  facet normal 1.000000e+00 2.507825e-16 1.648608e-15
    outer loop
      vertex 2.103873e-17 7.337227e-03 1.372195e-02
      vertex 2.032402e-17 5.564312e-03 1.442517e-02
      vertex 2.264855e-17 6.470303e-03 1.287735e-02
    endloop
  endfacet
  facet normal 1.000000e+00 -5.572323e-16 1.364308e-15
    outer loop
      vertex 2.209344e-17 5.022949e-03 1.290712e-02
      vertex 2.032402e-17 5.564312e-03 1.442517e-02
      vertex 2.077505e-17 3.889065e-03 1.341034e-02
    endloop
  endfacet
  facet normal 1.000000e+00 7.549255e-16 3.730867e-16
    outer loop
      vertex 2.020606e-17 3.394594e-03 1.705987e-02
      vertex 2.051137e-17 3.534668e-03 1.595810e-02
      vertex 1.904032e-17 4.702466e-03 1.753801e-02
    endloop
  endfacet
  facet normal 1.000000e+00 -1.596885e-15 8.252550e-16
    outer loop
      vertex 1.737499e-17 4.100215e-03 1.516559e-02
      vertex 2.032402e-17 5.564312e-03 1.442517e-02
      vertex 1.890849e-17 5.660206e-03 1.632599e-02
    endloop
  endfacet
  facet normal 1.000000e+00 1.880836e-15 -3.165094e-15
    outer loop
      vertex 2.264855e-17 7.813477e-03 -1.134070e-02
      vertex 2.015055e-17 6.831211e-03 -1.271364e-02
      vertex 1.892930e-17 8.832949e-03 -1.190997e-02
    endloop
  endfacet
  facet normal 1.000000e+00 -2.288734e-15 2.779127e-15
    outer loop
      vertex 2.529227e-17 1.000389e-02 -1.323520e-02
      vertex 1.892930e-17 8.832949e-03 -1.190997e-02
      vertex 2.303713e-17 8.511108e-03 -1.365312e-02
    endloop
  endfacet
  facet normal 1.000000e+00 -1.807602e-15 3.802278e-15
    outer loop
      vertex 2.216283e-17 1.031007e-02 -7.545586e-03
      vertex 2.620126e-17 1.016496e-02 -8.676680e-03
      vertex 2.690903e-17 1.159743e-02 -8.181827e-03
    endloop
  endfacet
  facet normal 1.000000e+00 -1.506013e-15 -2.804197e-15
    outer loop
      vertex 2.454287e-17 1.124955e-02 -9.850561e-03
      vertex 2.620126e-17 1.016496e-02 -8.676680e-03
      vertex 2.253753e-17 1.015008e-02 -9.975205e-03
    endloop
  endfacet
  facet normal 1.000000e+00 2.363023e-15 8.633324e-16
    outer loop
      vertex 2.453593e-17 9.033868e-03 -9.234785e-03
      vertex 2.556289e-17 9.128745e-03 -1.068400e-02
      vertex 2.253753e-17 1.015008e-02 -9.975205e-03
    endloop
  endfacet
  facet normal 1.000000e+00 2.358121e-16 3.928527e-15
    outer loop
      vertex 2.556289e-17 9.128745e-03 -1.068400e-02
      vertex 2.851885e-17 1.060214e-02 -1.152488e-02
      vertex 2.253753e-17 1.015008e-02 -9.975205e-03
    endloop
  endfacet
  facet normal 1.000000e+00 2.868125e-16 2.432804e-15
    outer loop
      vertex 2.111505e-17 8.296238e-03 -4.666692e-03
      vertex 2.542411e-17 7.813477e-03 -6.381006e-03
      vertex 2.453593e-17 9.434772e-03 -6.207063e-03
    endloop
  endfacet
  facet normal 1.000000e+00 1.658260e-15 6.233566e-16
    outer loop
      vertex 2.205180e-17 1.118071e-02 -6.866558e-03
      vertex 2.061545e-17 1.148953e-02 -5.383858e-03
      vertex 2.453593e-17 9.434772e-03 -6.207063e-03
    endloop
  endfacet
  facet normal 1.000000e+00 6.351555e-15 -4.476571e-15
    outer loop
      vertex 2.589595e-17 7.630232e-03 4.370896e-03
      vertex 1.725009e-17 7.311182e-03 1.986856e-03
      vertex 1.677825e-17 8.442276e-03 3.486299e-03
    endloop
  endfacet
  facet normal 1.000000e+00 -3.674459e-15 2.905693e-15
    outer loop
      vertex 2.399470e-17 9.324081e-03 3.125391e-04
      vertex 1.705927e-17 8.381815e-03 1.507815e-03
      vertex 1.992503e-17 7.778131e-03 -2.418457e-04
    endloop
  endfacet
  facet normal 1.000000e+00 -3.413743e-15 4.627523e-15
    outer loop
      vertex 2.368938e-17 1.008683e-02 1.369219e-03
      vertex 3.180615e-17 1.102770e-02 3.092834e-04
      vertex 2.683964e-17 1.153418e-02 1.756172e-03
    endloop
  endfacet
  facet normal 1.000000e+00 -1.089779e-15 -7.086256e-16
    outer loop
      vertex 2.259304e-17 8.438555e-03 6.708427e-03
      vertex 2.399470e-17 1.000962e-02 6.270315e-03
      vertex 2.411960e-17 8.867365e-03 8.203220e-03
    endloop
  endfacet
  facet normal 1.000000e+00 9.109514e-16 -9.736635e-16
    outer loop
      vertex 2.259304e-17 8.438555e-03 6.708427e-03
      vertex 2.292611e-17 7.221885e-03 5.912197e-03
      vertex 2.051137e-17 9.096189e-03 5.185730e-03
    endloop
  endfacet
  facet normal 1.000000e+00 8.140805e-15 -5.329140e-15
    outer loop
      vertex 1.677825e-17 8.442276e-03 3.486299e-03
      vertex 1.089406e-17 9.420820e-03 3.876973e-03
      vertex 2.051137e-17 9.096189e-03 5.185730e-03
    endloop
  endfacet
  facet normal 1.000000e+00 -5.119094e-15 -5.090174e-15
    outer loop
      vertex 2.399470e-17 1.000962e-02 6.270315e-03
      vertex 1.795786e-17 1.049982e-02 4.591348e-03
      vertex 2.489675e-17 1.140396e-02 5.045274e-03
    endloop
  endfacet
  facet normal 1.000000e+00 -7.400176e-15 1.289278e-15
    outer loop
      vertex 1.089406e-17 9.420820e-03 3.876973e-03
      vertex 1.642783e-17 9.959393e-03 2.676116e-03
      vertex 1.795786e-17 1.049982e-02 4.591348e-03
    endloop
  endfacet
  facet normal 1.000000e+00 5.250026e-15 -6.662646e-15
    outer loop
      vertex 1.820766e-17 1.029891e-02 1.077516e-02
      vertex 2.847722e-17 9.391054e-03 1.160115e-02
      vertex 2.187139e-17 8.996660e-03 1.029891e-02
    endloop
  endfacet
  facet normal 1.000000e+00 1.282272e-15 2.783222e-15
    outer loop
      vertex 1.820766e-17 1.029891e-02 1.077516e-02
      vertex 2.231548e-17 9.889628e-03 9.487793e-03
      vertex 2.026157e-17 1.113606e-02 9.651504e-03
    endloop
  endfacet
  facet normal 1.000000e+00 -4.861385e-15 -3.600338e-15
    outer loop
      vertex 2.187139e-17 8.996660e-03 1.029891e-02
      vertex 2.847722e-17 9.391054e-03 1.160115e-02
      vertex 1.965095e-17 7.934654e-03 1.111616e-02
    endloop
  endfacet
  facet normal 1.000000e+00 1.164054e-15 3.683287e-15
    outer loop
      vertex 2.026157e-17 1.113606e-02 9.651504e-03
      vertex 2.231548e-17 9.889628e-03 9.487793e-03
      vertex 2.658984e-17 1.065609e-02 8.085088e-03
    endloop
  endfacet
  facet normal 1.000000e+00 -1.885665e-15 3.991317e-15
    outer loop
      vertex 2.109424e-17 8.905502e-03 1.322152e-02
      vertex 2.281508e-17 7.774409e-03 1.225600e-02
      vertex 2.847722e-17 9.391054e-03 1.160115e-02
    endloop
  endfacet
  facet normal 1.000000e+00 3.117452e-15 -4.372251e-15
    outer loop
      vertex 1.590394e-17 1.409402e-02 -8.059043e-03
      vertex 2.089995e-17 1.274713e-02 -7.876729e-03
      vertex 1.314227e-17 1.291084e-02 -9.534302e-03
    endloop
  endfacet
  facet normal 1.000000e+00 -2.714125e-15 4.587736e-15
    outer loop
      vertex 1.862399e-17 1.608944e-02 -7.471441e-03
      vertex 1.590394e-17 1.409402e-02 -8.059043e-03
      vertex 2.364775e-17 1.575645e-02 -8.763478e-03
    endloop
  endfacet
  facet normal 1.000000e+00 3.917299e-15 4.934073e-15
    outer loop
      vertex 2.205180e-17 1.118071e-02 -6.866558e-03
      vertex 2.690903e-17 1.159743e-02 -8.181827e-03
      vertex 2.089995e-17 1.274713e-02 -7.876729e-03
    endloop
  endfacet
  facet normal 1.000000e+00 -1.205695e-16 -4.219628e-15
    outer loop
      vertex 1.590394e-17 1.409402e-02 -8.059043e-03
      vertex 1.862399e-17 1.608944e-02 -7.471441e-03
      vertex 2.303713e-17 1.518047e-02 -6.399610e-03
    endloop
  endfacet
  facet normal 1.000000e+00 1.936695e-16 -2.273223e-15
    outer loop
      vertex 2.413347e-17 1.388008e-02 5.450830e-04
      vertex 2.016443e-17 1.432843e-02 -1.162720e-03
      vertex 2.217670e-17 1.566416e-02 -1.637109e-04
    endloop
  endfacet
  facet normal 1.000000e+00 1.263858e-15 -1.113319e-16
    outer loop
      vertex 3.087808e-17 1.167185e-02 -7.143750e-04
      vertex 2.997602e-17 1.246063e-02 1.376660e-04
      vertex 3.180615e-17 1.102770e-02 3.092834e-04
    endloop
  endfacet
  facet normal 1.000000e+00 2.092277e-15 3.692030e-17
    outer loop
      vertex 2.428613e-17 1.314896e-02 4.978301e-03
      vertex 2.237099e-17 1.403449e-02 6.667500e-03
      vertex 2.478573e-17 1.288852e-02 6.206133e-03
    endloop
  endfacet
  facet normal 1.000000e+00 -2.098788e-15 -3.014185e-16
    outer loop
      vertex 2.117750e-17 1.324942e-02 8.174385e-03
      vertex 2.237099e-17 1.403449e-02 6.667500e-03
      vertex 2.438327e-17 1.484520e-02 7.698561e-03
    endloop
  endfacet
  facet normal 1.000000e+00 -1.519628e-15 -1.015617e-15
    outer loop
      vertex 2.237099e-17 1.403449e-02 6.667500e-03
      vertex 2.204487e-17 1.483444e-02 5.149453e-03
      vertex 2.514655e-17 1.591882e-02 6.580931e-03
    endloop
  endfacet
  facet normal 1.000000e+00 4.061086e-15 -7.007634e-15
    outer loop
      vertex 2.665923e-17 1.078446e-02 1.182253e-02
      vertex 1.659783e-17 1.142256e-02 1.075655e-02
      vertex 1.713907e-17 1.266114e-02 1.155157e-02
    endloop
  endfacet
  facet normal 1.000000e+00 4.137529e-15 -6.884021e-16
    outer loop
      vertex 1.998401e-17 1.211461e-02 7.255371e-03
      vertex 2.058076e-17 1.230064e-02 9.240366e-03
      vertex 2.658984e-17 1.065609e-02 8.085088e-03
    endloop
  endfacet
  facet normal 1.000000e+00 2.524252e-15 3.516696e-15
    outer loop
      vertex 1.951217e-17 1.498699e-02 -3.452813e-03
      vertex 2.425143e-17 1.492374e-02 -4.755058e-03
      vertex 1.951217e-17 1.619994e-02 -4.323457e-03
    endloop
  endfacet
  facet normal 1.000000e+00 -4.595449e-16 -4.027694e-15
    outer loop
      vertex 1.909584e-17 1.748189e-02 -1.255705e-03
      vertex 1.681988e-17 1.613297e-02 -1.666875e-03
      vertex 1.421085e-17 1.767343e-02 -2.490407e-03
    endloop
  endfacet
  facet normal 1.000000e+00 1.180179e-15 2.879711e-15
    outer loop
      vertex 1.567496e-17 1.518791e-02 -2.202656e-03
      vertex 1.951217e-17 1.498699e-02 -3.452813e-03
      vertex 1.676437e-17 1.637109e-02 -3.065859e-03
    endloop
  endfacet
  facet normal 1.000000e+00 -2.799623e-16 -3.415679e-15
    outer loop
      vertex 1.977585e-17 1.376660e-02 3.326309e-03
      vertex 1.720846e-17 1.539999e-02 2.440781e-03
      vertex 2.222528e-17 1.561579e-02 3.891855e-03
    endloop
  endfacet
  facet normal 1.000000e+00 -2.933717e-15 2.190940e-15
    outer loop
      vertex 2.217670e-17 1.566416e-02 -1.637109e-04
      vertex 2.580575e-17 1.702507e-02 2.186239e-06
      vertex 2.170486e-17 1.647880e-02 1.142473e-03
    endloop
  endfacet
  facet normal 1.000000e+00 -6.028980e-15 -8.650844e-15
    outer loop
      vertex 2.842171e-17 1.883050e-02 2.901127e-03
      vertex 3.552714e-17 1.866297e-02 3.839239e-03
      vertex 3.019807e-17 1.780488e-02 3.821249e-03
    endloop
  endfacet
  facet normal 1.000000e+00 1.029574e-14 -4.543747e-15
    outer loop
      vertex 2.495226e-17 1.725513e-02 5.902499e-03
      vertex 1.421085e-17 1.819355e-02 5.664887e-03
      vertex 2.131628e-17 1.789405e-02 6.550029e-03
    endloop
  endfacet
  facet normal 1.000000e+00 -1.881500e-15 7.471651e-15
    outer loop
      vertex 2.495226e-17 1.725513e-02 5.902499e-03
      vertex 2.131628e-17 1.789405e-02 6.550029e-03
      vertex 1.421085e-17 1.755296e-02 7.415120e-03
    endloop
  endfacet
  facet normal 1.000000e+00 1.639968e-14 -1.755180e-14
    outer loop
      vertex 2.084444e-17 1.624360e-02 8.174772e-03
      vertex 7.105427e-18 1.717146e-02 8.258963e-03
      vertex 2.842171e-17 1.675077e-02 9.080361e-03
    endloop
  endfacet
  facet normal 1.000000e+00 1.737238e-15 3.845008e-15
    outer loop
      vertex 2.084444e-17 1.624360e-02 8.174772e-03
      vertex 1.421085e-17 1.629207e-02 9.878118e-03
      vertex 1.965095e-17 1.531106e-02 8.906506e-03
    endloop
  endfacet
  facet normal 1.000000e+00 4.322907e-15 1.234345e-15
    outer loop
      vertex 1.965095e-17 1.531106e-02 8.906506e-03
      vertex 1.421085e-17 1.629207e-02 9.878118e-03
      vertex 1.909584e-17 1.504560e-02 1.028594e-02
    endloop
  endfacet
  facet normal 1.000000e+00 1.619432e-06 9.112881e-06
    outer loop
      vertex 1.909584e-17 1.504560e-02 1.028594e-02
      vertex -4.506394e-09 1.579960e-02 1.064645e-02
      vertex -1.047454e-08 1.526694e-02 1.139602e-02
    endloop
  endfacet
  facet normal 1.000000e+00 9.940880e-06 6.712495e-06
    outer loop
      vertex -1.047454e-08 1.526694e-02 1.139602e-02
      vertex -9.652944e-09 1.468597e-02 1.213402e-02
      vertex 1.998401e-17 1.431328e-02 1.124790e-02
    endloop
  endfacet
  facet normal 1.000000e+00 -2.266615e-05 2.042646e-05
    outer loop
      vertex -9.652944e-09 1.468597e-02 1.213402e-02
      vertex -3.675686e-08 1.409970e-02 1.281038e-02
      vertex 1.998401e-17 1.431328e-02 1.124790e-02
    endloop
  endfacet
  facet normal 1.000000e+00 8.417196e-06 1.389084e-06
    outer loop
      vertex -9.736874e-09 1.280531e-02 1.410428e-02
      vertex -4.621043e-09 1.209640e-02 1.471707e-02
      vertex 2.503553e-17 1.185228e-02 1.286963e-02
    endloop
  endfacet
  facet normal 1.000000e+00 5.619299e-06 1.676916e-05
    outer loop
      vertex -1.249374e-08 1.138987e-02 1.527136e-02
      vertex -1.719657e-08 1.064241e-02 1.580228e-02
      vertex 2.509104e-17 1.085083e-02 1.470695e-02
    endloop
  endfacet
  facet normal 1.000000e+00 2.154555e-06 1.610988e-05
    outer loop
      vertex 2.516043e-17 9.494560e-03 1.488834e-02
      vertex 2.509104e-17 1.085083e-02 1.470695e-02
      vertex -1.719657e-08 1.064241e-02 1.580228e-02
    endloop
  endfacet
  facet normal 1.000000e+00 3.408070e-06 4.567743e-05
    outer loop
      vertex -2.811044e-08 8.243769e-03 1.717870e-02
      vertex -4.248194e-08 7.408497e-03 1.755565e-02
      vertex 2.127465e-17 7.334388e-03 1.663113e-02
    endloop
  endfacet
  facet normal 1.000000e+00 3.991400e-05 4.275109e-05
    outer loop
      vertex -4.248194e-08 7.408497e-03 1.755565e-02
      vertex -2.282511e-08 6.555910e-03 1.789186e-02
      vertex 2.127465e-17 7.334388e-03 1.663113e-02
    endloop
  endfacet
  facet normal 1.000000e+00 -2.966021e-06 1.627330e-05
    outer loop
      vertex 1.890849e-17 5.660206e-03 1.632599e-02
      vertex 2.127465e-17 7.334388e-03 1.663113e-02
      vertex -2.282511e-08 6.555910e-03 1.789186e-02
    endloop
  endfacet
  facet normal 1.000000e+00 2.559505e-05 -6.416159e-08
    outer loop
      vertex -2.282511e-08 6.555910e-03 1.789186e-02
      vertex 2.842171e-17 5.664887e-03 1.819355e-02
      vertex 1.890849e-17 5.660206e-03 1.632599e-02
    endloop
  endfacet
  facet normal 1.000000e+00 -6.288759e-15 -5.078174e-15
    outer loop
      vertex 2.842171e-17 5.664887e-03 1.819355e-02
      vertex 1.904032e-17 4.702466e-03 1.753801e-02
      vertex 1.890849e-17 5.660206e-03 1.632599e-02
    endloop
  endfacet
  facet normal 1.000000e+00 -4.398884e-07 1.203236e-06
    outer loop
      vertex 1.904032e-17 4.702466e-03 1.753801e-02
      vertex -1.730271e-09 3.843615e-03 1.866204e-02
      vertex 2.020606e-17 3.394594e-03 1.705987e-02
    endloop
  endfacet
  facet normal 1.000000e+00 1.214487e-06 7.395847e-07
    outer loop
      vertex 2.020606e-17 3.394594e-03 1.705987e-02
      vertex -1.730271e-09 3.843615e-03 1.866204e-02
      vertex 1.941503e-17 2.911160e-03 1.785373e-02
    endloop
  endfacet
  facet normal 1.000000e+00 3.270586e-05 3.993508e-06
    outer loop
      vertex -1.339819e-08 9.956905e-04 1.902419e-02
      vertex 1.910971e-17 7.425289e-04 1.774253e-02
      vertex -4.409211e-08 1.942975e-03 1.895211e-02
    endloop
  endfacet
  facet normal 1.000000e+00 2.840238e-06 3.319151e-06
    outer loop
      vertex -8.198492e-09 -2.918188e-03 1.882767e-02
      vertex -4.914173e-09 -3.873168e-03 1.865536e-02
      vertex 2.128853e-17 -4.076074e-03 1.734843e-02
    endloop
  endfacet
  facet normal 1.000000e+00 -3.118216e-07 -3.160217e-07
    outer loop
      vertex 2.128853e-17 -5.902499e-03 1.725513e-02
      vertex 3.635231e-10 -5.682076e-03 1.818794e-02
      vertex 2.131628e-17 -6.550029e-03 1.789405e-02
    endloop
  endfacet
  facet normal 1.000000e+00 -6.564541e-06 -6.652961e-06
    outer loop
      vertex 2.128853e-17 -5.902499e-03 1.725513e-02
      vertex 2.131628e-17 -6.550029e-03 1.789405e-02
      vertex -7.873243e-09 -7.407084e-03 1.755630e-02
    endloop
  endfacet
  facet normal 1.000000e+00 -1.295288e-05 7.340884e-06
    outer loop
      vertex -9.736874e-09 -1.410428e-02 1.280531e-02
      vertex -1.239952e-08 -1.469899e-02 1.211868e-02
      vertex 1.992850e-17 -1.382226e-02 1.197655e-02
    endloop
  endfacet
  facet normal 1.000000e+00 -2.107598e-15 1.443962e-16
    outer loop
      vertex 2.087219e-17 -1.347738e-02 1.047486e-02
      vertex 1.992850e-17 -1.382226e-02 1.197655e-02
      vertex 1.866562e-17 -1.451062e-02 1.067517e-02
    endloop
  endfacet
  facet normal 1.000000e+00 3.563550e-06 9.054868e-06
    outer loop
      vertex -3.788621e-09 -1.526962e-02 1.139228e-02
      vertex 1.866562e-17 -1.451062e-02 1.067517e-02
      vertex -1.239952e-08 -1.469899e-02 1.211868e-02
    endloop
  endfacet
  facet normal 1.000000e+00 -1.328023e-05 -8.772837e-06
    outer loop
      vertex -3.788621e-09 -1.526962e-02 1.139228e-02
      vertex -1.726939e-08 -1.579580e-02 1.065215e-02
      vertex 1.866562e-17 -1.451062e-02 1.067517e-02
    endloop
  endfacet
  facet normal 1.000000e+00 -3.388319e-06 9.514443e-06
    outer loop
      vertex 1.786765e-17 -1.510457e-02 9.178978e-03
      vertex -1.069486e-08 -1.629048e-02 9.880713e-03
      vertex -4.577048e-09 -1.675519e-02 9.072216e-03
    endloop
  endfacet
  facet normal 1.000000e+00 2.733277e-15 2.778990e-15
    outer loop
      vertex 2.109424e-17 -1.441526e-02 7.339938e-03
      vertex 1.786765e-17 -1.510457e-02 9.178978e-03
      vertex 2.424450e-17 -1.628596e-02 8.046267e-03
    endloop
  endfacet
  facet normal 1.000000e+00 -9.818390e-15 -2.086227e-14
    outer loop
      vertex 3.552714e-17 -1.845026e-02 4.760892e-03
      vertex 1.421085e-17 -1.866297e-02 3.839239e-03
      vertex 3.086420e-17 -1.780125e-02 4.231941e-03
    endloop
  endfacet
  facet normal 1.000000e+00 -1.154580e-14 -5.512302e-15
    outer loop
      vertex 1.579292e-17 -1.808840e-02 2.922784e-03
      vertex 1.421085e-17 -1.866297e-02 3.839239e-03
      vertex 7.105427e-18 -1.883050e-02 2.901127e-03
    endloop
  endfacet
  facet normal 1.000000e+00 -1.218686e-14 1.645442e-14
    outer loop
      vertex 7.105427e-18 -1.883050e-02 2.901127e-03
      vertex 2.131628e-17 -1.895165e-02 1.947752e-03
      vertex 1.579292e-17 -1.808840e-02 2.922784e-03
    endloop
  endfacet
  facet normal 1.000000e+00 8.634573e-15 5.782187e-15
    outer loop
      vertex 2.173262e-17 -1.772234e-02 -2.858203e-03
      vertex 3.552714e-17 -1.866297e-02 -3.839239e-03
      vertex 2.126077e-17 -1.717893e-02 -3.588071e-03
    endloop
  endfacet
  facet normal 1.000000e+00 8.102251e-06 -1.493164e-05
    outer loop
      vertex 1.774622e-17 -1.531123e-02 -9.345891e-03
      vertex 4.263256e-17 -1.629207e-02 -9.878118e-03
      vertex -1.559280e-08 -1.579532e-02 -1.065285e-02
    endloop
  endfacet
  facet normal 1.000000e+00 4.014926e-05 -6.240168e-05
    outer loop
      vertex 1.963707e-17 -1.398434e-02 -1.165717e-02
      vertex 1.421085e-17 -1.469991e-02 -1.211757e-02
      vertex -6.719220e-08 -1.410098e-02 -1.280899e-02
    endloop
  endfacet
  facet normal 1.000000e+00 -5.929743e-05 -5.233131e-05
    outer loop
      vertex -6.719220e-08 -1.410098e-02 -1.280899e-02
      vertex 1.826317e-17 -1.319971e-02 -1.254625e-02
      vertex 1.963707e-17 -1.398434e-02 -1.165717e-02
    endloop
  endfacet
  facet normal 1.000000e+00 -6.615695e-05 -2.880134e-05
    outer loop
      vertex -6.719220e-08 -1.410098e-02 -1.280899e-02
      vertex -4.432607e-08 -1.346517e-02 -1.347551e-02
      vertex 1.826317e-17 -1.319971e-02 -1.254625e-02
    endloop
  endfacet
  facet normal 1.000000e+00 -9.961160e-06 4.845527e-06
    outer loop
      vertex -9.736874e-09 -1.280531e-02 -1.410428e-02
      vertex 2.131628e-17 -1.211757e-02 -1.469991e-02
      vertex 2.707556e-17 -1.169296e-02 -1.382702e-02
    endloop
  endfacet
  facet normal 1.000000e+00 -2.455202e-06 -3.110953e-05
    outer loop
      vertex 2.465736e-17 -1.060014e-02 -1.481966e-02
      vertex 2.131628e-17 -1.211757e-02 -1.469991e-02
      vertex -1.599324e-08 -1.138976e-02 -1.527144e-02
    endloop
  endfacet
  facet normal 1.000000e+00 -4.215109e-06 -1.037382e-05
    outer loop
      vertex -1.182761e-08 -4.781792e-03 -1.844496e-02
      vertex -1.011622e-08 -3.839229e-03 -1.866297e-02
      vertex 2.409184e-17 -3.934436e-03 -1.764912e-02
    endloop
  endfacet
  facet normal 1.000000e+00 9.097377e-07 -9.892562e-06
    outer loop
      vertex 2.409184e-17 -3.934436e-03 -1.764912e-02
      vertex -1.011622e-08 -3.839229e-03 -1.866297e-02
      vertex -1.261236e-08 -2.906999e-03 -1.882957e-02
    endloop
  endfacet
  facet normal 1.000000e+00 -2.562994e-06 -4.855631e-06
    outer loop
      vertex -8.198492e-09 2.918188e-03 -1.882767e-02
      vertex -4.914173e-09 3.873168e-03 -1.865536e-02
      vertex 1.720846e-17 4.172410e-03 -1.780125e-02
    endloop
  endfacet
  facet normal 1.000000e+00 2.945371e-05 -1.607290e-05
    outer loop
      vertex 1.720846e-17 4.172410e-03 -1.780125e-02
      vertex -4.914173e-09 3.873168e-03 -1.865536e-02
      vertex -2.769215e-08 4.758065e-03 -1.845094e-02
    endloop
  endfacet
  facet normal 1.000000e+00 9.695072e-07 3.137474e-07
    outer loop
      vertex 2.511880e-17 5.339559e-03 -1.718826e-02
      vertex 2.842171e-17 5.664887e-03 -1.819355e-02
      vertex -9.371963e-10 6.536215e-03 -1.789893e-02
    endloop
  endfacet
  facet normal 1.000000e+00 3.564922e-05 -2.230102e-05
    outer loop
      vertex 2.289835e-17 9.814276e-03 -1.504014e-02
      vertex -3.039690e-08 9.887383e-03 -1.628631e-02
      vertex -4.672575e-08 1.065236e-02 -1.579566e-02
    endloop
  endfacet
  facet normal 1.000000e+00 1.465463e-05 -4.559009e-05
    outer loop
      vertex -4.672575e-08 1.065236e-02 -1.579566e-02
      vertex 1.831868e-17 1.085083e-02 -1.470695e-02
      vertex 2.289835e-17 9.814276e-03 -1.504014e-02
    endloop
  endfacet
  facet normal 1.000000e+00 -7.222992e-06 -4.160184e-05
    outer loop
      vertex 1.831868e-17 1.085083e-02 -1.470695e-02
      vertex -4.672575e-08 1.065236e-02 -1.579566e-02
      vertex -1.976457e-08 1.138510e-02 -1.527480e-02
    endloop
  endfacet
  facet normal 1.000000e+00 1.416858e-05 -1.186878e-05
    outer loop
      vertex 1.867950e-17 1.263162e-02 -1.263906e-02
      vertex -2.284007e-08 1.410556e-02 -1.280390e-02
      vertex 2.203793e-17 1.385896e-02 -1.117390e-02
    endloop
  endfacet
  facet normal 1.000000e+00 -1.203542e-06 -1.419437e-05
    outer loop
      vertex 2.203793e-17 1.385896e-02 -1.117390e-02
      vertex -2.284007e-08 1.410556e-02 -1.280390e-02
      vertex -1.239952e-08 1.469899e-02 -1.211868e-02
    endloop
  endfacet
  facet normal 1.000000e+00 7.660691e-08 -1.305616e-05
    outer loop
      vertex 2.203793e-17 1.385896e-02 -1.117390e-02
      vertex -1.239952e-08 1.469899e-02 -1.211868e-02
      vertex -2.961205e-09 1.526952e-02 -1.139243e-02
    endloop
  endfacet
  facet normal 1.000000e+00 2.572112e-05 7.094131e-07
    outer loop
      vertex -2.961205e-09 1.526952e-02 -1.139243e-02
      vertex -1.719653e-08 1.580228e-02 -1.064241e-02
      vertex 2.869927e-17 1.512119e-02 -1.018875e-02
    endloop
  endfacet
  facet normal 1.000000e+00 -7.679817e-15 6.967242e-15
    outer loop
      vertex 2.869927e-17 1.512119e-02 -1.018875e-02
      vertex 3.552714e-17 1.629207e-02 -9.878118e-03
      vertex 2.364775e-17 1.575645e-02 -8.763478e-03
    endloop
  endfacet
  facet normal 1.000000e+00 -1.022934e-14 -5.348537e-15
    outer loop
      vertex 2.131628e-17 1.845026e-02 -4.760892e-03
      vertex 2.842171e-17 1.866297e-02 -3.839239e-03
      vertex 1.754152e-17 1.764912e-02 -3.934436e-03
    endloop
  endfacet
  facet normal 1.000000e+00 5.056590e-15 1.424534e-14
    outer loop
      vertex 1.421085e-17 1.767343e-02 -2.490407e-03
      vertex 2.842171e-17 1.866297e-02 -3.839239e-03
      vertex 1.421085e-17 1.883050e-02 -2.901127e-03
    endloop
  endfacet
  facet normal 1.000000e+00 0.000000e+00 -0.000000e+00
    outer loop
      vertex 1.421085e-17 1.883050e-02 -2.901127e-03
      vertex 1.421085e-17 1.895165e-02 -1.947752e-03
      vertex 1.421085e-17 1.767343e-02 -2.490407e-03
    endloop
  endfacet
  facet normal 1.000000e+00 1.052759e-14 -5.402788e-15
    outer loop
      vertex 2.126077e-17 -1.717893e-02 -3.588071e-03
      vertex 3.552714e-17 -1.866297e-02 -3.839239e-03
      vertex 1.398881e-17 -1.735276e-02 -5.272755e-03
    endloop
  endfacet
  facet normal 1.000000e+00 -4.222195e-16 3.809577e-15
    outer loop
      vertex 1.804112e-17 -1.779112e-02 -1.896824e-03
      vertex 2.173262e-17 -1.772234e-02 -2.858203e-03
      vertex 1.691702e-17 -1.666856e-02 -1.477336e-03
    endloop
  endfacet
  facet normal 1.000000e+00 -7.204094e-15 -9.932047e-15
    outer loop
      vertex 3.086420e-17 -1.780125e-02 4.231941e-03
      vertex 1.579292e-17 -1.808840e-02 2.922784e-03
      vertex 2.700618e-17 -1.696699e-02 3.238375e-03
    endloop
  endfacet
  facet normal 1.000000e+00 -4.317755e-15 -5.355831e-15
    outer loop
      vertex 1.826317e-17 -1.319971e-02 -1.254625e-02
      vertex 2.910866e-17 -1.240017e-02 -1.116583e-02
      vertex 1.963707e-17 -1.398434e-02 -1.165717e-02
    endloop
  endfacet
  facet normal 1.000000e+00 -6.511971e-16 -4.380245e-17
    outer loop
      vertex 2.131628e-17 -1.241227e-02 1.008311e-02
      vertex 2.048361e-17 -1.359370e-02 8.637485e-03
      vertex 2.131628e-17 -1.230064e-02 8.423673e-03
    endloop
  endfacet
  facet normal 1.000000e+00 -2.811020e-05 1.386412e-05
    outer loop
      vertex -4.432607e-08 -1.347551e-02 1.346517e-02
      vertex 2.550737e-17 -1.258812e-02 1.206722e-02
      vertex -3.448356e-08 -1.281412e-02 1.409625e-02
    endloop
  endfacet
  facet normal 1.000000e+00 1.420370e-08 -2.780269e-07
    outer loop
      vertex 3.142613e-10 -4.790246e-03 1.844228e-02
      vertex 2.128853e-17 -5.902499e-03 1.725513e-02
      vertex 2.128853e-17 -4.076074e-03 1.734843e-02
    endloop
  endfacet
  facet normal 1.000000e+00 2.472322e-16 3.370129e-15
    outer loop
      vertex 2.409184e-17 -3.934436e-03 -1.764912e-02
      vertex 2.550737e-17 -2.953913e-03 -1.814108e-02
      vertex 2.273182e-17 -2.510952e-03 -1.734999e-02
    endloop
  endfacet
  facet normal 1.000000e+00 4.956978e-15 -1.964188e-15
    outer loop
      vertex 2.278733e-17 2.217539e-03 -1.659434e-02
      vertex 1.687539e-17 2.911160e-03 -1.785373e-02
      vertex 1.562639e-17 3.609082e-03 -1.672828e-02
    endloop
  endfacet
  facet normal 1.000000e+00 -4.364729e-17 -1.894387e-15
    outer loop
      vertex 1.941503e-17 2.911160e-03 1.785373e-02
      vertex 1.910971e-17 7.425289e-04 1.774253e-02
      vertex 1.693090e-17 1.949648e-03 1.656457e-02
    endloop
  endfacet
  facet normal 1.000000e+00 -2.157773e-15 -3.175732e-16
    outer loop
      vertex 1.941503e-17 2.911160e-03 1.785373e-02
      vertex 1.693090e-17 1.949648e-03 1.656457e-02
      vertex 2.020606e-17 3.394594e-03 1.705987e-02
    endloop
  endfacet
  facet normal 1.000000e+00 -5.919605e-15 -1.633419e-15
    outer loop
      vertex 1.562639e-17 3.609082e-03 -1.672828e-02
      vertex 1.720846e-17 4.172410e-03 -1.780125e-02
      vertex 2.511880e-17 5.339559e-03 -1.718826e-02
    endloop
  endfacet
  facet normal 1.000000e+00 1.519317e-05 -2.892784e-05
    outer loop
      vertex 1.720846e-17 4.172410e-03 -1.780125e-02
      vertex -2.769215e-08 4.758065e-03 -1.845094e-02
      vertex 2.511880e-17 5.339559e-03 -1.718826e-02
    endloop
  endfacet
  facet normal 1.000000e+00 3.557751e-06 1.873803e-05
    outer loop
      vertex -1.249374e-08 1.138987e-02 1.527136e-02
      vertex 2.509104e-17 1.085083e-02 1.470695e-02
      vertex -4.621043e-09 1.209640e-02 1.471707e-02
    endloop
  endfacet
  facet normal 1.000000e+00 1.813373e-18 -3.689836e-16
    outer loop
      vertex 2.509104e-17 1.085083e-02 1.470695e-02
      vertex 2.516043e-17 9.494560e-03 1.488834e-02
      vertex 2.464695e-17 1.084048e-02 1.350335e-02
    endloop
  endfacet
  facet normal 1.000000e+00 1.446912e-06 2.310124e-06
    outer loop
      vertex -4.621043e-09 1.209640e-02 1.471707e-02
      vertex 2.464695e-17 1.084048e-02 1.350335e-02
      vertex 2.503553e-17 1.185228e-02 1.286963e-02
    endloop
  endfacet
  facet normal 1.000000e+00 3.728346e-05 -1.557031e-05
    outer loop
      vertex -2.936052e-08 1.280835e-02 -1.410155e-02
      vertex -4.432607e-08 1.347551e-02 -1.346517e-02
      vertex 1.867950e-17 1.263162e-02 -1.263906e-02
    endloop
  endfacet
  facet normal 1.000000e+00 -9.583436e-15 5.517117e-15
    outer loop
      vertex 2.203793e-17 1.385896e-02 -1.117390e-02
      vertex 2.869927e-17 1.512119e-02 -1.018875e-02
      vertex 1.690315e-17 1.425288e-02 -9.558949e-03
    endloop
  endfacet
  facet normal 1.000000e+00 9.822084e-06 7.477334e-06
    outer loop
      vertex -1.047454e-08 1.526694e-02 1.139602e-02
      vertex 1.998401e-17 1.431328e-02 1.124790e-02
      vertex 1.909584e-17 1.504560e-02 1.028594e-02
    endloop
  endfacet
  facet normal 1.000000e+00 1.689098e-05 2.032533e-05
    outer loop
      vertex -3.954187e-08 1.347037e-02 1.347039e-02
      vertex 2.503553e-17 1.185228e-02 1.286963e-02
      vertex -3.675686e-08 1.409970e-02 1.281038e-02
    endloop
  endfacet
  facet normal 1.000000e+00 -4.283463e-15 -2.335427e-15
    outer loop
      vertex 3.019807e-17 1.780488e-02 3.821249e-03
      vertex 2.747802e-17 1.689199e-02 4.330898e-03
      vertex 2.375877e-17 1.680270e-02 2.902148e-03
    endloop
  endfacet
  facet normal 1.000000e+00 -2.542593e-15 -3.754064e-15
    outer loop
      vertex 2.646494e-17 1.785373e-02 2.911160e-03
      vertex 2.375877e-17 1.680270e-02 2.902148e-03
      vertex 2.195466e-17 1.749476e-02 1.952844e-03
    endloop
  endfacet
  facet normal 1.000000e+00 -1.120525e-15 1.866031e-15
    outer loop
      vertex 2.747802e-17 1.689199e-02 4.330898e-03
      vertex 2.842171e-17 1.845026e-02 4.760892e-03
      vertex 2.495226e-17 1.725513e-02 5.902499e-03
    endloop
  endfacet
  facet normal 1.000000e+00 1.262869e-16 -2.297085e-15
    outer loop
      vertex 2.707556e-17 -1.169296e-02 -1.382702e-02
      vertex 2.465736e-17 -1.060014e-02 -1.481966e-02
      vertex 2.746067e-17 -1.015567e-02 -1.357485e-02
    endloop
  endfacet
  facet normal 1.000000e+00 -4.997162e-07 -3.841519e-06
    outer loop
      vertex 2.465736e-17 -1.060014e-02 -1.481966e-02
      vertex -5.299564e-09 -9.875807e-03 -1.629344e-02
      vertex 2.282549e-17 -8.418729e-03 -1.510343e-02
    endloop
  endfacet
  facet normal -4.545892e-03 -8.594402e-01 -5.112161e-01
    outer loop
      vertex 4.316705e-03 3.207173e-03 -1.038119e-02
      vertex 2.557336e-03 3.082822e-03 -1.015649e-02
      vertex 2.003710e-03 3.263586e-03 -1.045546e-02
    endloop
  endfacet
  facet normal -3.463455e-04 -8.015019e-01 -5.979922e-01
    outer loop
      vertex 2.003710e-03 3.263586e-03 -1.045546e-02
      vertex 4.318937e-03 3.392628e-03 -1.062976e-02
      vertex 4.316705e-03 3.207173e-03 -1.038119e-02
    endloop
  endfacet
  facet normal -5.955791e-03 -7.642340e-01 -6.449116e-01
    outer loop
      vertex 4.318937e-03 3.392628e-03 -1.062976e-02
      vertex 2.003710e-03 3.263586e-03 -1.045546e-02
      vertex 2.273979e-03 3.537160e-03 -1.078215e-02
    endloop
  endfacet
  facet normal -4.693545e-03 -6.621780e-01 -7.493319e-01
    outer loop
      vertex 2.273979e-03 3.537160e-03 -1.078215e-02
      vertex 1.707630e-03 3.785884e-03 -1.099839e-02
      vertex 4.317333e-03 3.689425e-03 -1.092950e-02
    endloop
  endfacet
  facet normal 8.236757e-04 -5.663542e-01 -8.241616e-01
    outer loop
      vertex 4.316491e-03 4.051105e-03 -1.117804e-02
      vertex 4.317333e-03 3.689425e-03 -1.092950e-02
      vertex 1.707630e-03 3.785884e-03 -1.099839e-02
    endloop
  endfacet
  facet normal 7.712102e-04 -1.435840e-01 -9.896378e-01
    outer loop
      vertex 4.317665e-03 4.740186e-03 -1.143730e-02
      vertex 5.755978e-04 4.741252e-03 -1.144037e-02
      vertex 2.869306e-03 4.945092e-03 -1.146815e-02
    endloop
  endfacet
  facet normal -5.810200e-03 9.511036e-01 -3.088173e-01
    outer loop
      vertex 4.318971e-03 7.490247e-03 -9.951235e-03
      vertex 2.326026e-03 7.450041e-03 -1.003757e-02
      vertex 2.093395e-03 7.589833e-03 -9.602654e-03
    endloop
  endfacet
  facet normal -1.895671e-03 -8.062302e-01 5.915989e-01
    outer loop
      vertex 1.846508e-03 3.204932e-03 -7.776077e-03
      vertex 4.315056e-03 3.205372e-03 -7.767568e-03
      vertex 2.386546e-03 3.372960e-03 -7.545359e-03
    endloop
  endfacet
  facet normal 4.661980e-03 -7.248828e-01 6.888564e-01
    outer loop
      vertex 4.599745e-04 3.423310e-03 -7.479337e-03
      vertex 2.386546e-03 3.372960e-03 -7.545359e-03
      vertex 2.398362e-03 3.614349e-03 -7.291425e-03
    endloop
  endfacet
  facet normal 1.792871e-04 2.035124e-01 9.790724e-01
    outer loop
      vertex 4.318575e-03 5.874557e-03 -6.743785e-03
      vertex 4.590705e-04 5.877599e-03 -6.743711e-03
      vertex 2.555759e-03 5.641039e-03 -6.694922e-03
    endloop
  endfacet
  facet normal 1.000000e+00 0.000000e+00 0.000000e+00
    outer loop
      vertex 4.826000e-03 4.951016e-03 9.048941e-03
      vertex 4.826000e-03 6.537007e-03 9.319642e-03
      vertex 4.826000e-03 5.618432e-03 1.031353e-02
    endloop
  endfacet
  facet normal 1.000000e+00 0.000000e+00 0.000000e+00
    outer loop
      vertex 4.826000e-03 5.618432e-03 1.031353e-02
      vertex 4.826000e-03 4.477880e-03 1.041131e-02
      vertex 4.826000e-03 4.951016e-03 9.048941e-03
    endloop
  endfacet
  facet normal 1.000000e+00 -0.000000e+00 0.000000e+00
    outer loop
      vertex 4.826000e-03 3.716237e-03 9.232611e-03
      vertex 4.826000e-03 4.951016e-03 9.048941e-03
      vertex 4.826000e-03 4.477880e-03 1.041131e-02
    endloop
  endfacet
  facet normal 1.000000e+00 -0.000000e+00 0.000000e+00
    outer loop
      vertex 4.826000e-03 4.221565e-03 8.033088e-03
      vertex 4.826000e-03 6.012266e-03 7.948506e-03
      vertex 4.826000e-03 4.951016e-03 9.048941e-03
    endloop
  endfacet
  facet normal -5.688442e-03 9.999117e-01 1.200888e-02
    outer loop
      vertex -1.032924e-03 1.903666e-02 6.213056e-04
      vertex 3.552714e-17 1.905000e-02 -4.352074e-17
      vertex -1.444088e-03 1.904522e-02 -2.858978e-04
    endloop
  endfacet
  facet normal -4.920653e-03 9.956602e-01 9.293350e-02
    outer loop
      vertex -1.444088e-03 1.891891e-02 2.221971e-03
      vertex 2.131628e-17 1.895165e-02 1.947752e-03
      vertex -1.103123e-03 1.898717e-02 1.508706e-03
    endloop
  endfacet
  facet normal 1.314179e-03 8.151459e-01 5.792543e-01
    outer loop
      vertex -4.506394e-09 1.579960e-02 1.064645e-02
      vertex -1.228706e-03 1.578955e-02 1.066338e-02
      vertex -1.047454e-08 1.526694e-02 1.139602e-02
    endloop
  endfacet
  facet normal -6.598287e-03 -2.311860e-03 9.999756e-01
    outer loop
      vertex -1.373889e-03 -5.169792e-04 1.903968e-02
      vertex -3.810843e-09 6.125071e-06 1.904995e-02
      vertex -1.263577e-03 4.032148e-04 1.904253e-02
    endloop
  endfacet
  facet normal -4.110421e-03 -4.411563e-02 9.990180e-01
    outer loop
      vertex -1.405387e-03 -1.284560e-03 1.900565e-02
      vertex -8.300762e-09 -9.525645e-04 1.902609e-02
      vertex -1.373889e-03 -5.169792e-04 1.903968e-02
    endloop
  endfacet
  facet normal -5.209557e-03 1.378699e-03 -9.999855e-01
    outer loop
      vertex -1.343804e-03 4.358540e-04 -1.904181e-02
      vertex -4.642102e-09 3.242681e-05 -1.904936e-02
      vertex -1.133208e-03 -3.261178e-04 -1.904395e-02
    endloop
  endfacet
  facet normal 1.000000e+00 -6.457070e-15 1.499565e-15
    outer loop
      vertex 1.892930e-17 -1.654101e-02 -6.832140e-03
      vertex 2.631229e-17 -1.540433e-02 -6.861070e-03
      vertex 2.482736e-17 -1.533558e-02 -5.574776e-03
    endloop
  endfacet
  facet normal 1.000000e+00 5.048847e-16 -2.280358e-15
    outer loop
      vertex 2.675637e-17 -8.319492e-03 -1.302246e-02
      vertex 2.875478e-17 -7.908355e-03 -1.205508e-02
      vertex 3.019807e-17 -9.439424e-03 -1.176114e-02
    endloop
  endfacet
  facet normal 1.000000e+00 1.881760e-15 6.034746e-15
    outer loop
      vertex 2.281508e-17 -8.847832e-03 -1.020961e-02
      vertex 1.626130e-17 -9.231064e-03 -9.004101e-03
      vertex 2.688127e-17 -1.038820e-02 -1.040309e-02
    endloop
  endfacet
  facet normal 1.000000e+00 1.165754e-16 2.795128e-16
    outer loop
      vertex 2.875478e-17 -4.312295e-03 -1.111746e-02
      vertex 2.842171e-17 -5.465248e-03 -9.445005e-03
      vertex 2.901498e-17 -6.313568e-03 -1.121373e-02
    endloop
  endfacet
  facet normal 1.000000e+00 1.043324e-15 -9.565567e-16
    outer loop
      vertex 2.264855e-17 -8.237637e-03 -5.008066e-03
      vertex 2.034484e-17 -6.277757e-03 -5.278748e-03
      vertex 2.159384e-17 -6.213574e-03 -3.903018e-03
    endloop
  endfacet
  facet normal 1.000000e+00 1.187239e-15 6.732023e-15
    outer loop
      vertex 2.600697e-17 -3.356074e-03 -7.478613e-03
      vertex 1.942890e-17 -4.397871e-03 -6.317754e-03
      vertex 2.498002e-17 -5.275957e-03 -6.987481e-03
    endloop
  endfacet
  facet normal 1.000000e+00 2.690602e-15 3.332312e-16
    outer loop
      vertex 2.595146e-17 -1.272480e-03 -1.443633e-02
      vertex 2.255141e-17 -1.302246e-04 -1.345592e-02
      vertex 2.681882e-17 -1.826865e-03 -1.256295e-02
    endloop
  endfacet
  facet normal 1.000000e+00 2.020140e-15 -1.182617e-15
    outer loop
      vertex 2.386980e-17 -2.128242e-03 -7.188398e-03
      vertex 2.597922e-17 -2.671465e-03 -6.332637e-03
      vertex 2.600697e-17 -3.356074e-03 -7.478613e-03
    endloop
  endfacet
  facet normal 1.000000e+00 2.548561e-15 1.567020e-15
    outer loop
      vertex 1.876277e-17 -1.919883e-03 -3.080742e-03
      vertex 1.562639e-17 -1.421309e-03 -1.890117e-03
      vertex 2.046974e-17 -2.987725e-03 -2.433340e-03
    endloop
  endfacet
  facet normal 1.000000e+00 1.215342e-15 5.429075e-17
    outer loop
      vertex 1.888767e-17 6.306592e-03 5.915918e-04
      vertex 2.120526e-17 4.375547e-03 1.131094e-03
      vertex 2.027545e-17 5.205264e-03 -3.162597e-04
    endloop
  endfacet
  facet normal 1.000000e+00 2.376197e-15 -5.371911e-16
    outer loop
      vertex 1.888767e-17 6.306592e-03 5.915918e-04
      vertex 1.725009e-17 7.311182e-03 1.986856e-03
      vertex 2.108730e-17 5.651748e-03 1.789658e-03
    endloop
  endfacet
  facet normal 1.000000e+00 -3.464403e-15 5.218522e-15
    outer loop
      vertex 2.368938e-17 1.008683e-02 1.369219e-03
      vertex 1.642783e-17 9.959393e-03 2.676116e-03
      vertex 1.705927e-17 8.381815e-03 1.507815e-03
    endloop
  endfacet
  facet normal 1.000000e+00 -5.846091e-16 -1.636639e-15
    outer loop
      vertex 1.867950e-17 1.263162e-02 -1.263906e-02
      vertex 2.081668e-17 1.221507e-02 -1.118443e-02
      vertex 1.761785e-17 1.156671e-02 -1.290735e-02
    endloop
  endfacet
  facet normal 1.000000e+00 -4.579423e-16 -3.685171e-15
    outer loop
      vertex 1.968564e-17 1.257598e-02 -2.258467e-03
      vertex 1.723968e-17 1.391171e-02 -3.088184e-03
      vertex 2.440409e-17 1.320850e-02 -1.056680e-03
    endloop
  endfacet
  facet normal 1.000000e+00 -1.084344e-15 -2.242488e-16
    outer loop
      vertex 1.676437e-17 1.637109e-02 -3.065859e-03
      vertex 1.681988e-17 1.613297e-02 -1.666875e-03
      vertex 1.567496e-17 1.518791e-02 -2.202656e-03
    endloop
  endfacet
  facet normal 1.000000e+00 -3.991029e-15 -3.630155e-16
    outer loop
      vertex 2.747802e-17 1.689199e-02 4.330898e-03
      vertex 2.431388e-17 1.602879e-02 5.104805e-03
      vertex 2.222528e-17 1.561579e-02 3.891855e-03
    endloop
  endfacet
  facet normal 1.000000e+00 4.974300e-06 4.307626e-05
    outer loop
      vertex -1.376953e-08 9.083973e-03 1.674875e-02
      vertex -2.811044e-08 8.243769e-03 1.717870e-02
      vertex 2.127465e-17 7.334388e-03 1.663113e-02
    endloop
  endfacet
  facet normal 1.000000e+00 -4.950369e-06 -3.175891e-06
    outer loop
      vertex -4.642102e-09 3.242681e-05 -1.904936e-02
      vertex 1.519699e-11 9.583321e-04 -1.902615e-02
      vertex 3.010092e-17 -1.766248e-04 -1.726184e-02
    endloop
  endfacet
  facet normal 1.000000e+00 2.956420e-07 -7.757661e-07
    outer loop
      vertex 2.839395e-17 7.248267e-03 -1.635729e-02
      vertex -9.304730e-10 8.258180e-03 -1.717184e-02
      vertex 2.611800e-17 8.785803e-03 -1.577134e-02
    endloop
  endfacet
  facet normal 1.000000e+00 -5.241805e-15 5.239174e-15
    outer loop
      vertex 2.364775e-17 1.575645e-02 -8.763478e-03
      vertex 2.842171e-17 1.717146e-02 -8.258963e-03
      vertex 1.862399e-17 1.608944e-02 -7.471441e-03
    endloop
  endfacet
  facet normal 1.000000e+00 5.268617e-15 -1.706418e-15
    outer loop
      vertex 1.831868e-17 1.085083e-02 -1.470695e-02
      vertex 1.761785e-17 1.156671e-02 -1.290735e-02
      vertex 2.529227e-17 1.000389e-02 -1.323520e-02
    endloop
  endfacet
  facet normal 1.000000e+00 4.588886e-07 7.502606e-06
    outer loop
      vertex 2.600697e-17 7.891535e-03 1.498639e-02
      vertex 2.516043e-17 9.494560e-03 1.488834e-02
      vertex -1.376953e-08 9.083973e-03 1.674875e-02
    endloop
  endfacet
  facet normal 1.000000e+00 -1.767126e-15 -9.961840e-17
    outer loop
      vertex 2.048361e-17 -1.359370e-02 8.637485e-03
      vertex 2.087219e-17 -1.347738e-02 1.047486e-02
      vertex 1.786765e-17 -1.510457e-02 9.178978e-03
    endloop
  endfacet
  facet normal 7.343863e-04 3.537058e-02 9.993740e-01
    outer loop
      vertex -1.263577e-03 4.032148e-04 1.904253e-02
      vertex -2.918262e-03 9.700670e-04 1.902369e-02
      vertex -2.948347e-03 3.584364e-04 1.904535e-02
    endloop
  endfacet
  facet normal -9.385385e-04 1.261012e-01 9.920169e-01
    outer loop
      vertex -1.261235e-08 2.907003e-03 1.882957e-02
      vertex -1.703739e-03 2.874711e-03 1.883206e-02
      vertex -4.409211e-08 1.942975e-03 1.895211e-02
    endloop
  endfacet
  facet normal 2.282085e-03 1.695445e-01 9.855199e-01
    outer loop
      vertex -1.504259e-03 3.486243e-03 1.872639e-02
      vertex -3.391270e-03 3.337976e-03 1.875627e-02
      vertex -1.703739e-03 2.874711e-03 1.883206e-02
    endloop
  endfacet
  facet normal 2.835854e-04 1.760736e-01 9.843770e-01
    outer loop
      vertex -1.730271e-09 3.843615e-03 1.866204e-02
      vertex -1.504259e-03 3.486243e-03 1.872639e-02
      vertex -1.261235e-08 2.907003e-03 1.882957e-02
    endloop
  endfacet
  facet normal 1.546295e-03 5.793961e-01 8.150447e-01
    outer loop
      vertex -1.156444e-03 1.139617e-02 1.526865e-02
      vertex -1.305060e-03 1.065366e-02 1.579675e-02
      vertex -1.719657e-08 1.064241e-02 1.580228e-02
    endloop
  endfacet
  facet normal 1.472240e-03 6.539552e-01 7.565318e-01
    outer loop
      vertex -9.736874e-09 1.280531e-02 1.410428e-02
      vertex -1.586585e-03 1.211163e-02 1.470699e-02
      vertex -4.621043e-09 1.209640e-02 1.471707e-02
    endloop
  endfacet
  facet normal 1.057814e-03 7.556389e-01 6.549876e-01
    outer loop
      vertex -9.652944e-09 1.468597e-02 1.213402e-02
      vertex -1.084990e-03 1.470713e-02 1.211136e-02
      vertex -3.675686e-08 1.409970e-02 1.281038e-02
    endloop
  endfacet
  facet normal -2.139872e-03 9.099193e-01 4.147799e-01
    outer loop
      vertex -2.848063e-03 1.749008e-02 7.548515e-03
      vertex -2.697637e-03 1.721331e-02 8.156447e-03
      vertex -1.253549e-03 1.737316e-02 7.813247e-03
    endloop
  endfacet
  facet normal -1.221226e-03 -9.969863e-01 7.756761e-02
    outer loop
      vertex -1.163293e-03 -1.897760e-02 1.636550e-03
      vertex -2.928290e-03 -1.896207e-02 1.808342e-03
      vertex -1.955536e-03 -1.901351e-02 1.162526e-03
    endloop
  endfacet
  facet normal 1.322258e-03 -9.920222e-01 1.260561e-01
    outer loop
      vertex 7.105427e-18 -1.883050e-02 2.901127e-03
      vertex -1.694798e-03 -1.891652e-02 2.241943e-03
      vertex 2.131628e-17 -1.895165e-02 1.947752e-03
    endloop
  endfacet
  facet normal 4.560776e-04 -9.844257e-01 1.758008e-01
    outer loop
      vertex 1.421085e-17 -1.866297e-02 3.839239e-03
      vertex -2.075877e-03 -1.873315e-02 3.451667e-03
      vertex 7.105427e-18 -1.883050e-02 2.901127e-03
    endloop
  endfacet
  facet normal -1.018170e-03 -9.112593e-01 4.118318e-01
    outer loop
      vertex -2.426870e-03 -1.723611e-02 8.112895e-03
      vertex -3.269255e-03 -1.747017e-02 7.592920e-03
      vertex -9.827822e-04 -1.739147e-02 7.772694e-03
    endloop
  endfacet
  facet normal 2.592789e-03 -7.919643e-01 6.105619e-01
    outer loop
      vertex -1.452144e-03 -1.471166e-02 1.210644e-02
      vertex -3.088744e-03 -1.492134e-02 1.184141e-02
      vertex -2.236331e-03 -1.531443e-02 1.132792e-02
    endloop
  endfacet
  facet normal 1.664058e-03 -7.866116e-01 6.174458e-01
    outer loop
      vertex -1.239952e-08 -1.469899e-02 1.211868e-02
      vertex -1.452144e-03 -1.471166e-02 1.210644e-02
      vertex -9.324641e-04 -1.527685e-02 1.138500e-02
    endloop
  endfacet
  facet normal 1.082083e-03 -7.558949e-01 6.546921e-01
    outer loop
      vertex -9.736874e-09 -1.410428e-02 1.280531e-02
      vertex -1.452144e-03 -1.471166e-02 1.210644e-02
      vertex -1.239952e-08 -1.469899e-02 1.211868e-02
    endloop
  endfacet
  facet normal -2.139872e-03 -4.147799e-01 9.099193e-01
    outer loop
      vertex -2.848063e-03 -7.548515e-03 1.749008e-02
      vertex -2.697637e-03 -8.156447e-03 1.721331e-02
      vertex -1.253549e-03 -7.813247e-03 1.737316e-02
    endloop
  endfacet
  facet normal -9.745378e-04 -1.279969e-01 -9.917741e-01
    outer loop
      vertex -1.261236e-08 -2.906999e-03 -1.882957e-02
      vertex -1.703739e-03 -2.874711e-03 -1.883206e-02
      vertex -8.100154e-04 -1.935412e-03 -1.895416e-02
    endloop
  endfacet
  facet normal 9.751421e-04 -1.699588e-01 -9.854507e-01
    outer loop
      vertex -1.504259e-03 -3.486243e-03 -1.872639e-02
      vertex -3.527733e-03 -3.474473e-03 -1.873043e-02
      vertex -1.703739e-03 -2.874711e-03 -1.883206e-02
    endloop
  endfacet
  facet normal 2.227314e-04 -1.759193e-01 -9.844046e-01
    outer loop
      vertex -1.011622e-08 -3.839229e-03 -1.866297e-02
      vertex -1.504259e-03 -3.486243e-03 -1.872639e-02
      vertex -1.261236e-08 -2.906999e-03 -1.882957e-02
    endloop
  endfacet
  facet normal 1.553451e-03 -5.807715e-01 -8.140652e-01
    outer loop
      vertex -1.782034e-03 -1.143185e-02 -1.524249e-02
      vertex -1.305060e-03 -1.065366e-02 -1.579675e-02
      vertex -1.951492e-08 -1.064268e-02 -1.580210e-02
    endloop
  endfacet
  facet normal 1.416793e-03 -6.546681e-01 -7.559151e-01
    outer loop
      vertex -9.736874e-09 -1.280531e-02 -1.410428e-02
      vertex -1.202786e-03 -1.211422e-02 -1.470506e-02
      vertex 2.131628e-17 -1.211757e-02 -1.469991e-02
    endloop
  endfacet
  facet normal 1.401961e-03 -7.558502e-01 -6.547431e-01
    outer loop
      vertex 1.421085e-17 -1.469991e-02 -1.211757e-02
      vertex -1.783707e-03 -1.469944e-02 -1.212193e-02
      vertex -6.719220e-08 -1.410098e-02 -1.280899e-02
    endloop
  endfacet
  facet normal 6.786933e-04 -7.868706e-01 -6.171177e-01
    outer loop
      vertex -1.113966e-08 -1.525232e-02 -1.141500e-02
      vertex -1.848977e-03 -1.521624e-02 -1.146304e-02
      vertex -1.783707e-03 -1.469944e-02 -1.212193e-02
    endloop
  endfacet
  facet normal -8.169940e-04 -8.144385e-01 -5.802494e-01
    outer loop
      vertex -1.559280e-08 -1.579532e-02 -1.065285e-02
      vertex -1.848977e-03 -1.521624e-02 -1.146304e-02
      vertex -1.113966e-08 -1.525232e-02 -1.141500e-02
    endloop
  endfacet
  facet normal -2.139872e-03 -9.099193e-01 -4.147799e-01
    outer loop
      vertex -2.848063e-03 -1.749008e-02 -7.548515e-03
      vertex -2.697637e-03 -1.721331e-02 -8.156447e-03
      vertex -1.253549e-03 -1.737316e-02 -7.813247e-03
    endloop
  endfacet
  facet normal 1.141615e-04 -9.743851e-01 -2.248857e-01
    outer loop
      vertex 3.552714e-17 -1.866297e-02 -3.839239e-03
      vertex -2.201232e-03 -1.859187e-02 -4.148412e-03
      vertex 2.131628e-17 -1.845026e-02 -4.760892e-03
    endloop
  endfacet
  facet normal 6.058684e-04 -9.920229e-01 -1.260562e-01
    outer loop
      vertex 2.131628e-17 -1.895165e-02 -1.947752e-03
      vertex -2.045792e-03 -1.892880e-02 -2.137377e-03
      vertex 2.842171e-17 -1.883050e-02 -2.901127e-03
    endloop
  endfacet
  facet normal -1.377008e-03 9.969660e-01 -7.782643e-02
    outer loop
      vertex -1.163293e-03 1.897760e-02 -1.636550e-03
      vertex -2.667552e-03 1.896244e-02 -1.804156e-03
      vertex -1.955536e-03 1.901351e-02 -1.162526e-03
    endloop
  endfacet
  facet normal 1.322258e-03 9.920222e-01 -1.260561e-01
    outer loop
      vertex 1.421085e-17 1.883050e-02 -2.901127e-03
      vertex -1.694798e-03 1.891652e-02 -2.241943e-03
      vertex 1.421085e-17 1.895165e-02 -1.947752e-03
    endloop
  endfacet
  facet normal 4.560776e-04 9.844257e-01 -1.758008e-01
    outer loop
      vertex 2.842171e-17 1.866297e-02 -3.839239e-03
      vertex -2.075877e-03 1.873315e-02 -3.451667e-03
      vertex 1.421085e-17 1.883050e-02 -2.901127e-03
    endloop
  endfacet
  facet normal -8.158595e-04 9.472439e-01 -3.205127e-01
    outer loop
      vertex 2.131628e-17 1.789405e-02 -6.550029e-03
      vertex -1.754968e-03 1.794886e-02 -6.383572e-03
      vertex 2.131628e-17 1.819355e-02 -5.664887e-03
    endloop
  endfacet
  facet normal 3.277687e-03 7.559212e-01 -6.546544e-01
    outer loop
      vertex -2.284007e-08 1.410556e-02 -1.280390e-02
      vertex -1.525613e-03 1.419535e-02 -1.270786e-02
      vertex -1.239952e-08 1.469899e-02 -1.211868e-02
    endloop
  endfacet
  facet normal 2.430105e-03 6.180383e-01 -7.861443e-01
    outer loop
      vertex -1.976457e-08 1.138510e-02 -1.527480e-02
      vertex -1.792192e-03 1.146270e-02 -1.521934e-02
      vertex -1.002602e-03 1.211257e-02 -1.470599e-02
    endloop
  endfacet
  facet normal 1.030843e-03 5.398832e-01 -8.417393e-01
    outer loop
      vertex -4.672575e-08 1.065236e-02 -1.579566e-02
      vertex -3.039690e-08 9.887383e-03 -1.628631e-02
      vertex -1.445919e-03 1.065993e-02 -1.579257e-02
    endloop
  endfacet
  facet normal -2.139872e-03 4.147799e-01 -9.099193e-01
    outer loop
      vertex -2.848063e-03 7.548515e-03 -1.749008e-02
      vertex -2.697637e-03 8.156447e-03 -1.721331e-02
      vertex -1.253549e-03 7.813247e-03 -1.737316e-02
    endloop
  endfacet
  facet normal 4.313411e-05 2.250745e-01 -9.743416e-01
    outer loop
      vertex -4.914173e-09 3.873168e-03 -1.865536e-02
      vertex -2.201232e-03 4.148412e-03 -1.859187e-02
      vertex -2.769215e-08 4.758065e-03 -1.845094e-02
    endloop
  endfacet
  facet normal 1.616649e-03 1.264085e-01 -9.919769e-01
    outer loop
      vertex -5.888579e-09 1.949687e-03 -1.895144e-02
      vertex -1.514412e-03 1.967677e-03 -1.895162e-02
      vertex -1.171570e-03 2.880065e-03 -1.883479e-02
    endloop
  endfacet
  facet normal 1.043293e-03 7.809696e-02 -9.969452e-01
    outer loop
      vertex -1.488221e-03 1.154949e-03 -1.901526e-02
      vertex -1.514412e-03 1.967677e-03 -1.895162e-02
      vertex -5.888579e-09 1.949687e-03 -1.895144e-02
    endloop
  endfacet
  facet normal 3.905008e-04 9.376031e-01 3.477070e-01
    outer loop
      vertex -2.567268e-03 1.777370e-02 6.852856e-03
      vertex -8.824983e-04 1.774538e-02 6.927315e-03
      vertex -1.599528e-03 1.797577e-02 6.306880e-03
    endloop
  endfacet
  facet normal -1.102874e-03 9.261541e-01 3.771436e-01
    outer loop
      vertex -2.848063e-03 1.749008e-02 7.548515e-03
      vertex -8.824983e-04 1.774538e-02 6.927315e-03
      vertex -2.567268e-03 1.777370e-02 6.852856e-03
    endloop
  endfacet
  facet normal -2.390153e-03 7.143588e-01 6.997756e-01
    outer loop
      vertex -2.085905e-03 1.331773e-02 1.361909e-02
      vertex -3.954187e-08 1.347037e-02 1.347039e-02
      vertex -2.213794e-03 1.400732e-02 1.291470e-02
    endloop
  endfacet
  facet normal -3.639336e-03 5.962115e-01 8.028191e-01
    outer loop
      vertex -2.983446e-03 1.111055e-02 1.547248e-02
      vertex -1.156444e-03 1.139617e-02 1.526865e-02
      vertex -3.284298e-03 1.166038e-02 1.506278e-02
    endloop
  endfacet
  facet normal -1.539799e-03 4.461054e-01 8.949791e-01
    outer loop
      vertex -2.426870e-03 8.112895e-03 1.723611e-02
      vertex -8.423848e-04 8.687576e-03 1.695238e-02
      vertex -2.466984e-03 8.775367e-03 1.690583e-02
    endloop
  endfacet
  facet normal -1.655147e-03 1.084516e-01 9.941004e-01
    outer loop
      vertex -3.309369e-03 1.712863e-03 1.897171e-02
      vertex -4.409211e-08 1.942975e-03 1.895211e-02
      vertex -2.828006e-03 2.362022e-03 1.890169e-02
    endloop
  endfacet
  facet normal 3.435588e-04 7.993735e-02 9.967998e-01
    outer loop
      vertex -1.674362e-03 1.180395e-03 1.901384e-02
      vertex -4.409211e-08 1.942975e-03 1.895211e-02
      vertex -3.309369e-03 1.712863e-03 1.897171e-02
    endloop
  endfacet
  facet normal -3.183940e-03 -8.058179e-02 9.967429e-01
    outer loop
      vertex -3.279284e-03 -2.081252e-03 1.893526e-02
      vertex -1.290831e-03 -1.990566e-03 1.894894e-02
      vertex -1.405387e-03 -1.284560e-03 1.900565e-02
    endloop
  endfacet
  facet normal 4.557665e-04 -3.464125e-01 9.380822e-01
    outer loop
      vertex -2.567268e-03 -6.852856e-03 1.777370e-02
      vertex -8.824983e-04 -6.927315e-03 1.774538e-02
      vertex -2.687608e-03 -6.342967e-03 1.796205e-02
    endloop
  endfacet
  facet normal -1.102874e-03 -3.771436e-01 9.261541e-01
    outer loop
      vertex -2.848063e-03 -7.548515e-03 1.749008e-02
      vertex -8.824983e-04 -6.927315e-03 1.774538e-02
      vertex -2.567268e-03 -6.852856e-03 1.777370e-02
    endloop
  endfacet
  facet normal -3.221449e-03 -5.854789e-01 8.106813e-01
    outer loop
      vertex -2.426870e-03 -1.159053e-02 1.511659e-02
      vertex -4.717168e-08 -1.140107e-02 1.526306e-02
      vertex -1.445919e-03 -1.065993e-02 1.579257e-02
    endloop
  endfacet
  facet normal -2.327408e-03 -6.997699e-01 7.143646e-01
    outer loop
      vertex -2.085905e-03 -1.361909e-02 1.331773e-02
      vertex -4.432607e-08 -1.347551e-02 1.346517e-02
      vertex -2.213794e-03 -1.291470e-02 1.400732e-02
    endloop
  endfacet
  facet normal -7.936621e-05 -9.511177e-01 3.088287e-01
    outer loop
      vertex -2.527154e-03 -1.825116e-02 5.457280e-03
      vertex -1.283634e-03 -1.795931e-02 6.356436e-03
      vertex -2.883162e-03 -1.799706e-02 6.239752e-03
    endloop
  endfacet
  facet normal 3.905008e-04 -9.376031e-01 -3.477070e-01
    outer loop
      vertex -2.567268e-03 -1.777370e-02 -6.852856e-03
      vertex -8.824983e-04 -1.774538e-02 -6.927315e-03
      vertex -1.599528e-03 -1.797577e-02 -6.306880e-03
    endloop
  endfacet
  facet normal -1.102874e-03 -9.261541e-01 -3.771436e-01
    outer loop
      vertex -2.848063e-03 -1.749008e-02 -7.548515e-03
      vertex -8.824983e-04 -1.774538e-02 -6.927315e-03
      vertex -2.567268e-03 -1.777370e-02 -6.852856e-03
    endloop
  endfacet
  facet normal -2.327408e-03 -7.143646e-01 -6.997699e-01
    outer loop
      vertex -2.085905e-03 -1.331773e-02 -1.361909e-02
      vertex -4.432607e-08 -1.346517e-02 -1.347551e-02
      vertex -2.213794e-03 -1.400732e-02 -1.291470e-02
    endloop
  endfacet
  facet normal -8.148346e-04 -4.561674e-01 -8.898936e-01
    outer loop
      vertex -2.226303e-03 -8.354851e-03 -1.712040e-02
      vertex -1.183350e-03 -8.887313e-03 -1.684841e-02
      vertex -2.487041e-03 -8.937102e-03 -1.682170e-02
    endloop
  endfacet
  facet normal -5.490295e-03 -9.453783e-02 -9.955061e-01
    outer loop
      vertex -2.088568e-03 -1.367475e-03 -1.900105e-02
      vertex -8.100154e-04 -1.935412e-03 -1.895416e-02
      vertex -2.206246e-03 -2.161363e-03 -1.892501e-02
    endloop
  endfacet
  facet normal -3.378353e-04 7.805276e-02 -9.969492e-01
    outer loop
      vertex -3.338281e-03 1.764545e-03 -1.896690e-02
      vertex -1.514412e-03 1.967677e-03 -1.895162e-02
      vertex -1.488221e-03 1.154949e-03 -1.901526e-02
    endloop
  endfacet
  facet normal 4.557665e-04 3.464125e-01 -9.380822e-01
    outer loop
      vertex -2.567268e-03 6.852856e-03 -1.777370e-02
      vertex -8.824983e-04 6.927315e-03 -1.774538e-02
      vertex -2.687608e-03 6.342967e-03 -1.796205e-02
    endloop
  endfacet
  facet normal -1.102874e-03 3.771436e-01 -9.261541e-01
    outer loop
      vertex -2.848063e-03 7.548515e-03 -1.749008e-02
      vertex -8.824983e-04 6.927315e-03 -1.774538e-02
      vertex -2.567268e-03 6.852856e-03 -1.777370e-02
    endloop
  endfacet
  facet normal -7.893213e-03 6.257283e-01 -7.800011e-01
    outer loop
      vertex -2.346643e-03 1.237477e-02 -1.448205e-02
      vertex -1.002602e-03 1.211257e-02 -1.470599e-02
      vertex -1.792192e-03 1.146270e-02 -1.521934e-02
    endloop
  endfacet
  facet normal 1.614759e-03 6.904902e-01 -7.233399e-01
    outer loop
      vertex -2.179416e-03 1.346015e-02 -1.348470e-02
      vertex -4.432607e-08 1.347551e-02 -1.346517e-02
      vertex -2.079547e-03 1.287056e-02 -1.404729e-02
    endloop
  endfacet
  facet normal 5.007422e-03 7.685198e-01 -6.398064e-01
    outer loop
      vertex -2.406814e-03 1.489238e-02 -1.187750e-02
      vertex -1.525613e-03 1.419535e-02 -1.270786e-02
      vertex -3.269255e-03 1.455319e-02 -1.229167e-02
    endloop
  endfacet
  facet normal 3.681925e-03 9.515496e-01 -3.074732e-01
    outer loop
      vertex -2.527154e-03 1.825116e-02 -5.457280e-03
      vertex -1.754968e-03 1.794886e-02 -6.383572e-03
      vertex -3.550050e-03 1.807361e-02 -6.018998e-03
    endloop
  endfacet
  facet normal 1.000000e+00 -4.380925e-15 1.672363e-15
    outer loop
      vertex 1.804112e-17 -1.637854e-02 -4.249043e-03
      vertex 2.482736e-17 -1.533558e-02 -5.574776e-03
      vertex 2.475797e-17 -1.467631e-02 -3.806279e-03
    endloop
  endfacet
  facet normal 1.000000e+00 -1.112722e-15 -4.711820e-15
    outer loop
      vertex 1.691702e-17 -1.666856e-02 -1.477336e-03
      vertex 1.855460e-17 -1.535534e-02 -1.439912e-03
      vertex 2.464695e-17 -1.542604e-02 -1.302246e-04
    endloop
  endfacet
  facet normal 1.000000e+00 -1.302806e-15 -6.448691e-15
    outer loop
      vertex 2.126077e-17 -1.717893e-02 -3.588071e-03
      vertex 1.804112e-17 -1.637854e-02 -4.249043e-03
      vertex 2.652739e-17 -1.585019e-02 -3.039814e-03
    endloop
  endfacet
  facet normal 1.000000e+00 1.944931e-15 1.228180e-15
    outer loop
      vertex 3.086420e-17 -1.780125e-02 4.231941e-03
      vertex 2.786660e-17 -1.616273e-02 4.077891e-03
      vertex 2.758904e-17 -1.689223e-02 5.459092e-03
    endloop
  endfacet
  facet normal 1.000000e+00 -3.857072e-15 1.048112e-15
    outer loop
      vertex 2.652392e-17 -1.275131e-02 -9.991947e-03
      vertex 2.910866e-17 -1.240017e-02 -1.116583e-02
      vertex 3.218259e-17 -1.133326e-02 -1.017240e-02
    endloop
  endfacet
  facet normal 1.000000e+00 -1.710377e-15 6.768327e-16
    outer loop
      vertex 2.482736e-17 -1.533558e-02 -5.574776e-03
      vertex 2.742251e-17 -1.341035e-02 -4.543909e-03
      vertex 2.475797e-17 -1.467631e-02 -3.806279e-03
    endloop
  endfacet
  facet normal 1.000000e+00 -8.422120e-15 -8.648775e-16
    outer loop
      vertex 1.872114e-17 -1.221135e-02 -7.277696e-03
      vertex 2.720046e-17 -1.128861e-02 -6.459141e-03
      vertex 2.053913e-17 -1.219646e-02 -5.320605e-03
    endloop
  endfacet
  facet normal 1.000000e+00 1.222638e-15 5.751421e-15
    outer loop
      vertex 2.409184e-17 -1.517768e-02 4.964348e-03
      vertex 2.628453e-17 -1.342244e-02 4.209975e-03
      vertex 1.890155e-17 -1.383357e-02 5.581055e-03
    endloop
  endfacet
  facet normal 1.000000e+00 -1.899005e-15 -2.819167e-15
    outer loop
      vertex 2.536860e-17 -8.702559e-03 -1.401016e-02
      vertex 2.282549e-17 -8.418729e-03 -1.510343e-02
      vertex 2.817191e-17 -7.366992e-03 -1.391543e-02
    endloop
  endfacet
  facet normal 1.000000e+00 -3.742105e-15 -1.566872e-17
    outer loop
      vertex 2.627065e-17 -1.046634e-02 1.172021e-02
      vertex 2.352979e-17 -1.119188e-02 1.007194e-02
      vertex 2.896988e-17 -9.737080e-03 9.822657e-03
    endloop
  endfacet
  facet normal 1.000000e+00 4.607508e-15 -3.815147e-15
    outer loop
      vertex 2.342571e-17 -5.198341e-03 -1.736765e-02
      vertex 2.142730e-17 -4.204394e-03 -1.669107e-02
      vertex 2.852232e-17 -5.038762e-03 -1.583903e-02
    endloop
  endfacet
  facet normal 1.000000e+00 -5.172473e-15 7.884032e-17
    outer loop
      vertex 3.125278e-17 -6.786563e-03 -1.491258e-02
      vertex 2.817191e-17 -7.366992e-03 -1.391543e-02
      vertex 2.282549e-17 -8.418729e-03 -1.510343e-02
    endloop
  endfacet
  facet normal 1.000000e+00 -2.961542e-16 -3.109136e-15
    outer loop
      vertex 2.053913e-17 -5.752207e-03 -1.772915e-03
      vertex 2.250977e-17 -4.381128e-03 -1.269690e-03
      vertex 2.622902e-17 -5.640586e-03 4.650878e-05
    endloop
  endfacet
  facet normal 1.000000e+00 -6.787893e-16 1.812517e-15
    outer loop
      vertex 2.405021e-17 -4.896445e-03 -3.389561e-03
      vertex 2.295386e-17 -4.375547e-03 -2.589609e-03
      vertex 2.053913e-17 -5.752207e-03 -1.772915e-03
    endloop
  endfacet
  facet normal 1.000000e+00 5.029422e-15 -7.336317e-17
    outer loop
      vertex 2.018524e-17 -4.308574e-03 3.080742e-03
      vertex 1.884604e-17 -4.025801e-03 4.211836e-03
      vertex 2.753353e-17 -5.759648e-03 3.765352e-03
    endloop
  endfacet
  facet normal 1.000000e+00 -2.455351e-15 -4.057902e-16
    outer loop
      vertex 2.622902e-17 -5.640586e-03 4.650878e-05
      vertex 2.989275e-17 -4.241601e-03 6.101953e-04
      vertex 2.706169e-17 -5.640586e-03 2.098477e-03
    endloop
  endfacet
  facet normal 1.000000e+00 -1.633080e-15 -2.079326e-15
    outer loop
      vertex 2.210038e-17 -5.288980e-03 7.015386e-03
      vertex 2.331468e-17 -3.571875e-03 6.250781e-03
      vertex 2.575717e-17 -3.497461e-03 7.366992e-03
    endloop
  endfacet
  facet normal 1.000000e+00 7.919344e-16 2.462125e-15
    outer loop
      vertex 2.442491e-17 -6.749355e-03 6.540996e-03
      vertex 2.685352e-17 -5.547568e-03 5.168056e-03
      vertex 2.210038e-17 -5.288980e-03 7.015386e-03
    endloop
  endfacet
  facet normal 1.000000e+00 3.238630e-15 -2.855285e-15
    outer loop
      vertex 1.692396e-17 -5.874990e-03 9.152929e-03
      vertex 1.855113e-17 -5.062016e-03 1.064493e-02
      vertex 2.626371e-17 -7.264673e-03 1.084771e-02
    endloop
  endfacet
  facet normal 1.000000e+00 -9.302638e-16 6.959328e-16
    outer loop
      vertex 2.342571e-17 -1.830586e-03 -1.641574e-02
      vertex 2.470246e-17 -1.255705e-03 -1.748189e-02
      vertex 2.386980e-17 -9.078516e-04 -1.582043e-02
    endloop
  endfacet
  facet normal 1.000000e+00 -1.114498e-15 -8.845166e-16
    outer loop
      vertex 2.142730e-17 -4.204394e-03 -1.669107e-02
      vertex 2.273182e-17 -2.510952e-03 -1.734999e-02
      vertex 2.384898e-17 -3.147715e-03 -1.528465e-02
    endloop
  endfacet
  facet normal 1.000000e+00 -1.246992e-15 2.818621e-15
    outer loop
      vertex 2.711720e-17 -2.448223e-03 -9.219902e-03
      vertex 2.937928e-17 -8.780860e-04 -9.327803e-03
      vertex 2.488287e-17 -1.540371e-03 -8.025557e-03
    endloop
  endfacet
  facet normal 1.000000e+00 1.415477e-15 1.375571e-15
    outer loop
      vertex 2.600697e-17 -3.356074e-03 -7.478613e-03
      vertex 2.711720e-17 -2.448223e-03 -9.219902e-03
      vertex 2.386980e-17 -2.128242e-03 -7.188398e-03
    endloop
  endfacet
  facet normal 1.000000e+00 -2.889973e-16 -2.648417e-15
    outer loop
      vertex 2.386980e-17 -2.128242e-03 -7.188398e-03
      vertex 2.647882e-17 -1.488281e-03 -6.273106e-03
      vertex 2.597922e-17 -2.671465e-03 -6.332637e-03
    endloop
  endfacet
  facet normal 1.000000e+00 -9.670449e-16 1.086122e-15
    outer loop
      vertex 1.562639e-17 -1.421309e-03 -1.890117e-03
      vertex 1.842970e-17 4.836914e-05 -3.162598e-03
      vertex 1.626477e-17 -9.673828e-05 -1.298525e-03
    endloop
  endfacet
  facet normal 1.000000e+00 2.236732e-15 2.929015e-15
    outer loop
      vertex 2.575717e-17 -3.497461e-03 7.366992e-03
      vertex 2.531308e-17 -1.998018e-03 6.373565e-03
      vertex 2.026851e-17 -2.232422e-03 8.274844e-03
    endloop
  endfacet
  facet normal 1.000000e+00 6.298523e-16 1.954343e-16
    outer loop
      vertex 2.395306e-17 -4.405313e-03 5.670352e-03
      vertex 2.292611e-17 -2.597051e-03 5.097363e-03
      vertex 2.331468e-17 -3.571875e-03 6.250781e-03
    endloop
  endfacet
  facet normal 1.000000e+00 -1.973679e-15 -1.995304e-15
    outer loop
      vertex 1.632028e-17 -2.768203e-03 1.065609e-02
      vertex 1.376677e-17 -2.783086e-03 9.391054e-03
      vertex 1.701417e-17 -1.555254e-03 9.804052e-03
    endloop
  endfacet
  facet normal 1.000000e+00 8.401955e-15 -8.036979e-15
    outer loop
      vertex 3.094747e-17 2.924473e-03 -1.553766e-02
      vertex 1.562639e-17 3.609082e-03 -1.672828e-02
      vertex 2.964295e-17 3.958828e-03 -1.461864e-02
    endloop
  endfacet
  facet normal 1.000000e+00 -1.305285e-15 4.803576e-15
    outer loop
      vertex 2.275957e-17 -2.678906e-04 -1.497211e-02
      vertex 2.886580e-17 3.571875e-04 -1.607344e-02
      vertex 2.542411e-17 1.116211e-03 -1.515070e-02
    endloop
  endfacet
  facet normal 1.000000e+00 -2.287241e-15 3.585513e-15
    outer loop
      vertex 2.542411e-17 1.116211e-03 -1.515070e-02
      vertex 3.094747e-17 2.924473e-03 -1.553766e-02
      vertex 2.664535e-17 2.749599e-03 -1.444935e-02
    endloop
  endfacet
  facet normal 1.000000e+00 -6.897416e-16 4.538577e-15
    outer loop
      vertex 1.842970e-17 4.836914e-05 -3.162598e-03
      vertex 2.262079e-17 -6.325195e-04 -4.189512e-03
      vertex 2.661760e-17 -3.720701e-06 -4.974580e-03
    endloop
  endfacet
  facet normal 1.000000e+00 -1.175362e-16 1.267096e-15
    outer loop
      vertex 2.661760e-17 -3.720701e-06 -4.974580e-03
      vertex 2.828293e-17 -7.441407e-05 -6.295430e-03
      vertex 2.753353e-17 1.291084e-03 -5.577334e-03
    endloop
  endfacet
  facet normal 1.000000e+00 -9.820279e-16 4.026815e-15
    outer loop
      vertex 2.139955e-17 2.701230e-03 -9.897071e-04
      vertex 2.745720e-17 3.194224e-03 -2.373809e-03
      vertex 2.287059e-17 4.107656e-03 -1.012031e-03
    endloop
  endfacet
  facet normal 1.000000e+00 -2.709612e-15 4.809962e-15
    outer loop
      vertex 2.586126e-17 1.568276e-03 -2.957959e-03
      vertex 2.745720e-17 3.194224e-03 -2.373809e-03
      vertex 1.894318e-17 1.432471e-03 -1.596182e-03
    endloop
  endfacet
  facet normal 1.000000e+00 1.012333e-15 2.364359e-15
    outer loop
      vertex 2.464695e-17 2.113359e-03 1.279922e-03
      vertex 2.836620e-17 1.428750e-03 3.725290e-12
      vertex 2.486900e-17 3.006328e-03 8.036718e-04
    endloop
  endfacet
  facet normal 1.000000e+00 -1.875622e-15 1.050434e-15
    outer loop
      vertex 2.269018e-17 4.492749e-04 1.125792e-02
      vertex 2.514655e-17 2.024063e-03 1.173138e-02
      vertex 2.131628e-17 7.404199e-04 1.308571e-02
    endloop
  endfacet
  facet normal 1.000000e+00 8.717040e-16 4.711633e-16
    outer loop
      vertex 1.888767e-17 6.306592e-03 5.915918e-04
      vertex 2.027545e-17 5.205264e-03 -3.162597e-04
      vertex 1.926237e-17 6.622851e-03 -7.887890e-04
    endloop
  endfacet
  facet normal 1.000000e+00 1.342103e-15 -3.806168e-15
    outer loop
      vertex 2.361999e-17 6.384727e-03 3.333750e-03
      vertex 1.725009e-17 7.311182e-03 1.986856e-03
      vertex 2.589595e-17 7.630232e-03 4.370896e-03
    endloop
  endfacet
  facet normal 1.000000e+00 6.799388e-16 4.285134e-16
    outer loop
      vertex 2.051137e-17 3.534668e-03 1.595810e-02
      vertex 1.890849e-17 5.660206e-03 1.632599e-02
      vertex 1.904032e-17 4.702466e-03 1.753801e-02
    endloop
  endfacet
  facet normal 1.000000e+00 1.280885e-15 -3.043472e-15
    outer loop
      vertex 1.737499e-17 4.100215e-03 1.516559e-02
      vertex 1.890849e-17 5.660206e-03 1.632599e-02
      vertex 2.051137e-17 3.534668e-03 1.595810e-02
    endloop
  endfacet
  facet normal 1.000000e+00 1.919490e-15 1.703387e-15
    outer loop
      vertex 2.289835e-17 9.814276e-03 -1.504014e-02
      vertex 2.303713e-17 8.511108e-03 -1.365312e-02
      vertex 2.611800e-17 8.785803e-03 -1.577134e-02
    endloop
  endfacet
  facet normal 1.000000e+00 4.583264e-16 5.956857e-16
    outer loop
      vertex 1.977585e-17 1.036588e-02 -4.010918e-03
      vertex 2.034484e-17 8.166944e-03 -3.274219e-03
      vertex 2.111505e-17 8.296238e-03 -4.666692e-03
    endloop
  endfacet
  facet normal 1.000000e+00 2.385233e-16 1.347516e-16
    outer loop
      vertex 1.725009e-17 7.311182e-03 1.986856e-03
      vertex 1.705927e-17 8.381815e-03 1.507815e-03
      vertex 1.677825e-17 8.442276e-03 3.486299e-03
    endloop
  endfacet
  facet normal 1.000000e+00 3.583241e-16 1.185259e-15
    outer loop
      vertex 2.464695e-17 1.084048e-02 1.350335e-02
      vertex 2.665923e-17 1.078446e-02 1.182253e-02
      vertex 2.503553e-17 1.185228e-02 1.286963e-02
    endloop
  endfacet
  facet normal 1.000000e+00 -3.050645e-15 1.298882e-15
    outer loop
      vertex 2.464695e-17 1.084048e-02 1.350335e-02
      vertex 2.253753e-17 9.969551e-03 1.308186e-02
      vertex 2.665923e-17 1.078446e-02 1.182253e-02
    endloop
  endfacet
  facet normal 1.000000e+00 6.498765e-15 1.910616e-15
    outer loop
      vertex 1.314227e-17 1.291084e-02 -9.534302e-03
      vertex 2.454287e-17 1.124955e-02 -9.850561e-03
      vertex 2.081668e-17 1.221507e-02 -1.118443e-02
    endloop
  endfacet
  facet normal 1.000000e+00 1.746274e-16 5.382066e-16
    outer loop
      vertex 2.343958e-17 1.363266e-02 -6.645176e-03
      vertex 2.303713e-17 1.518047e-02 -6.399610e-03
      vertex 2.261732e-17 1.344476e-02 -5.056436e-03
    endloop
  endfacet
  facet normal 1.000000e+00 -8.650488e-16 3.681318e-15
    outer loop
      vertex 1.951217e-17 1.498699e-02 -3.452813e-03
      vertex 1.723968e-17 1.391171e-02 -3.088184e-03
      vertex 2.425143e-17 1.492374e-02 -4.755058e-03
    endloop
  endfacet
  facet normal 1.000000e+00 2.819270e-15 6.655845e-15
    outer loop
      vertex 2.660372e-17 1.111932e-02 6.682383e-03
      vertex 2.478573e-17 1.288852e-02 6.206133e-03
      vertex 1.998401e-17 1.211461e-02 7.255371e-03
    endloop
  endfacet
  facet normal 1.000000e+00 2.836909e-16 -1.725767e-15
    outer loop
      vertex 2.179507e-17 1.186904e-02 3.324448e-03
      vertex 2.428613e-17 1.314896e-02 4.978301e-03
      vertex 2.489675e-17 1.140396e-02 5.045274e-03
    endloop
  endfacet
  facet normal 1.000000e+00 1.839876e-15 2.734905e-16
    outer loop
      vertex 1.676437e-17 1.637109e-02 -3.065859e-03
      vertex 1.421085e-17 1.767343e-02 -2.490407e-03
      vertex 1.681988e-17 1.613297e-02 -1.666875e-03
    endloop
  endfacet
  facet normal 1.000000e+00 -2.868384e-15 2.150193e-15
    outer loop
      vertex 2.217670e-17 1.566416e-02 -1.637109e-04
      vertex 2.170486e-17 1.647880e-02 1.142473e-03
      vertex 1.842276e-17 1.532186e-02 1.125513e-03
    endloop
  endfacet
  facet normal 1.000000e+00 -4.980520e-05 2.176460e-07
    outer loop
      vertex 3.272729e-17 -1.046055e-02 1.375069e-02
      vertex -1.013880e-08 -1.065520e-02 1.579371e-02
      vertex -4.717168e-08 -1.140107e-02 1.526306e-02
    endloop
  endfacet
  facet normal 1.000000e+00 1.450159e-14 1.071719e-14
    outer loop
      vertex 3.552714e-17 -1.789405e-02 -6.550029e-03
      vertex 1.892930e-17 -1.654101e-02 -6.832140e-03
      vertex 1.398881e-17 -1.735276e-02 -5.272755e-03
    endloop
  endfacet
  facet normal 1.000000e+00 -2.104526e-16 6.745819e-15
    outer loop
      vertex 2.842171e-17 -1.717146e-02 -8.258963e-03
      vertex 2.808170e-17 -1.591966e-02 -8.169507e-03
      vertex 1.892930e-17 -1.654101e-02 -6.832140e-03
    endloop
  endfacet
  facet normal 1.000000e+00 3.215850e-15 -5.926048e-15
    outer loop
      vertex 1.691702e-17 -1.666856e-02 -1.477336e-03
      vertex 2.563227e-17 -1.726473e-02 -3.301921e-04
      vertex 1.804112e-17 -1.779112e-02 -1.896824e-03
    endloop
  endfacet
  facet normal 1.000000e+00 -2.215905e-15 -1.911848e-16
    outer loop
      vertex 2.131628e-17 -1.755296e-02 7.415120e-03
      vertex 2.442491e-17 -1.606057e-02 6.377587e-03
      vertex 2.424450e-17 -1.628596e-02 8.046267e-03
    endloop
  endfacet
  facet normal 1.000000e+00 -1.263849e-15 4.589271e-15
    outer loop
      vertex 2.131628e-17 -1.789405e-02 6.550029e-03
      vertex 2.758904e-17 -1.689223e-02 5.459092e-03
      vertex 2.442491e-17 -1.606057e-02 6.377587e-03
    endloop
  endfacet
  facet normal 1.000000e+00 -7.522956e-15 -1.969786e-15
    outer loop
      vertex 2.707556e-17 -1.169296e-02 -1.382702e-02
      vertex 2.816497e-17 -1.193494e-02 -1.234980e-02
      vertex 1.826317e-17 -1.319971e-02 -1.254625e-02
    endloop
  endfacet
  facet normal 1.000000e+00 -7.261885e-15 -3.650588e-15
    outer loop
      vertex 2.816497e-17 -1.193494e-02 -1.234980e-02
      vertex 2.910866e-17 -1.240017e-02 -1.116583e-02
      vertex 1.826317e-17 -1.319971e-02 -1.254625e-02
    endloop
  endfacet
  facet normal 1.000000e+00 8.379740e-16 -2.038050e-15
    outer loop
      vertex 2.389061e-17 -1.157511e-02 1.169045e-02
      vertex 2.550737e-17 -1.258812e-02 1.206722e-02
      vertex 2.131628e-17 -1.241227e-02 1.008311e-02
    endloop
  endfacet
  facet normal 1.000000e+00 -7.796677e-08 -2.714182e-07
    outer loop
      vertex 2.341183e-17 -7.880425e-03 -1.604082e-02
      vertex -3.747982e-10 -7.395250e-03 -1.756108e-02
      vertex 2.409184e-17 -6.640741e-03 -1.639693e-02
    endloop
  endfacet
  facet normal 1.000000e+00 -3.703416e-16 3.032968e-15
    outer loop
      vertex 1.855460e-17 -2.432002e-03 1.767424e-02
      vertex 2.209344e-17 -1.540806e-03 1.661627e-02
      vertex 1.881134e-17 -6.836805e-04 1.780307e-02
    endloop
  endfacet
  facet normal 1.000000e+00 -4.980957e-15 1.136631e-15
    outer loop
      vertex 2.914335e-17 7.685160e-03 -1.510205e-02
      vertex 2.332162e-17 6.413562e-03 -1.555254e-02
      vertex 2.839395e-17 7.248267e-03 -1.635729e-02
    endloop
  endfacet
  facet normal 1.000000e+00 -4.021056e-15 1.515130e-15
    outer loop
      vertex 2.600697e-17 7.891535e-03 1.498639e-02
      vertex 2.127465e-17 7.334388e-03 1.663113e-02
      vertex 2.120526e-17 6.818189e-03 1.530697e-02
    endloop
  endfacet
  facet normal 1.000000e+00 -7.321400e-16 -1.678886e-15
    outer loop
      vertex 1.867950e-17 1.263162e-02 -1.263906e-02
      vertex 2.203793e-17 1.385896e-02 -1.117390e-02
      vertex 2.081668e-17 1.221507e-02 -1.118443e-02
    endloop
  endfacet
  facet normal 1.000000e+00 -2.731735e-15 3.845853e-15
    outer loop
      vertex 2.203793e-17 1.385896e-02 -1.117390e-02
      vertex 1.690315e-17 1.425288e-02 -9.558949e-03
      vertex 1.314227e-17 1.291084e-02 -9.534302e-03
    endloop
  endfacet
  facet normal 1.000000e+00 -2.253415e-15 2.516845e-15
    outer loop
      vertex 2.170486e-17 1.647880e-02 1.142473e-03
      vertex 2.580575e-17 1.702507e-02 2.186239e-06
      vertex 2.195466e-17 1.749476e-02 1.952844e-03
    endloop
  endfacet
  facet normal 1.629260e-03 6.537500e-01 7.567089e-01
    outer loop
      vertex -1.586585e-03 1.211163e-02 1.470699e-02
      vertex -9.736874e-09 1.280531e-02 1.410428e-02
      vertex -1.854469e-03 1.277818e-02 1.413172e-02
    endloop
  endfacet
  facet normal 7.169848e-04 8.417860e-01 5.398108e-01
    outer loop
      vertex -1.228706e-03 1.578955e-02 1.066338e-02
      vertex 1.421085e-17 1.629207e-02 9.878118e-03
      vertex -1.945508e-03 1.617387e-02 1.006503e-02
    endloop
  endfacet
  facet normal 2.324305e-03 -9.996778e-01 2.527762e-02
    outer loop
      vertex 1.421085e-17 -1.902521e-02 9.803105e-04
      vertex -1.484202e-03 -1.903724e-02 6.411121e-04
      vertex 2.131628e-17 -1.905000e-02 -4.352074e-17
    endloop
  endfacet
  facet normal 1.167266e-03 -7.559823e-01 6.545910e-01
    outer loop
      vertex -1.452144e-03 -1.471166e-02 1.210644e-02
      vertex -9.736874e-09 -1.410428e-02 1.280531e-02
      vertex -1.528803e-03 -1.410669e-02 1.280526e-02
    endloop
  endfacet
  facet normal 1.255931e-03 -5.797050e-01 8.148255e-01
    outer loop
      vertex -1.013880e-08 -1.065520e-02 1.579371e-02
      vertex -1.445919e-03 -1.065993e-02 1.579257e-02
      vertex -4.717168e-08 -1.140107e-02 1.526306e-02
    endloop
  endfacet
  facet normal 1.166809e-03 -6.549165e-01 -7.557004e-01
    outer loop
      vertex -1.202786e-03 -1.211422e-02 -1.470506e-02
      vertex -9.736874e-09 -1.280531e-02 -1.410428e-02
      vertex -1.528803e-03 -1.280526e-02 -1.410669e-02
    endloop
  endfacet
  facet normal 1.287160e-03 -8.390672e-01 -5.440263e-01
    outer loop
      vertex -1.978214e-03 -1.576179e-02 -1.070066e-02
      vertex 4.263256e-17 -1.629207e-02 -9.878118e-03
      vertex -1.945508e-03 -1.617387e-02 -1.006503e-02
    endloop
  endfacet
  facet normal 1.308839e-03 5.814980e-01 -8.135467e-01
    outer loop
      vertex -4.672575e-08 1.065236e-02 -1.579566e-02
      vertex -1.445919e-03 1.065993e-02 -1.579257e-02
      vertex -1.792192e-03 1.146270e-02 -1.521934e-02
    endloop
  endfacet
  facet normal -8.062517e-03 9.984515e-01 5.504118e-02
    outer loop
      vertex -1.032924e-03 1.903666e-02 6.213056e-04
      vertex -1.103123e-03 1.898717e-02 1.508706e-03
      vertex 2.131628e-17 1.902521e-02 9.803105e-04
    endloop
  endfacet
  facet normal 5.335601e-03 9.984110e-01 5.609879e-02
    outer loop
      vertex -1.032924e-03 1.903666e-02 6.213056e-04
      vertex -2.286473e-03 1.901589e-02 1.110133e-03
      vertex -1.103123e-03 1.898717e-02 1.508706e-03
    endloop
  endfacet
  facet normal 8.597313e-03 9.896348e-01 1.433493e-01
    outer loop
      vertex -1.444088e-03 1.891891e-02 2.221971e-03
      vertex -2.256388e-03 1.883686e-02 2.837188e-03
      vertex -1.113151e-03 1.875798e-02 3.313147e-03
    endloop
  endfacet
  facet normal -5.346442e-03 9.509592e-01 3.092701e-01
    outer loop
      vertex 1.421085e-17 1.819355e-02 5.664887e-03
      vertex -2.246359e-03 1.827192e-02 5.385069e-03
      vertex -1.599528e-03 1.797577e-02 6.306880e-03
    endloop
  endfacet
  facet normal -4.781818e-03 8.669009e-01 4.984576e-01
    outer loop
      vertex 2.842171e-17 1.675077e-02 9.080361e-03
      vertex -1.945508e-03 1.617387e-02 1.006503e-02
      vertex 1.421085e-17 1.629207e-02 9.878118e-03
    endloop
  endfacet
  facet normal -3.058655e-03 5.346230e-01 8.450852e-01
    outer loop
      vertex -2.567268e-03 9.728748e-03 1.637731e-02
      vertex -7.030241e-09 9.880506e-03 1.629060e-02
      vertex -1.305060e-03 1.065366e-02 1.579675e-02
    endloop
  endfacet
  facet normal -6.325835e-03 4.675362e-01 8.839513e-01
    outer loop
      vertex -1.376953e-08 9.083973e-03 1.674875e-02
      vertex -1.414003e-03 9.306147e-03 1.662112e-02
      vertex -8.423848e-04 8.687576e-03 1.695238e-02
    endloop
  endfacet
  facet normal -6.248126e-04 4.114387e-01 9.114372e-01
    outer loop
      vertex -1.524315e-03 7.600434e-03 1.746806e-02
      vertex -2.811044e-08 8.243769e-03 1.717870e-02
      vertex -2.426870e-03 8.112895e-03 1.723611e-02
    endloop
  endfacet
  facet normal -5.765400e-04 4.113436e-01 9.114802e-01
    outer loop
      vertex -2.811044e-08 8.243769e-03 1.717870e-02
      vertex -1.524315e-03 7.600434e-03 1.746806e-02
      vertex -4.248194e-08 7.408497e-03 1.755565e-02
    endloop
  endfacet
  facet normal -4.520769e-03 3.851965e-01 9.228235e-01
    outer loop
      vertex -1.815139e-03 7.036236e-03 1.770214e-02
      vertex -4.248194e-08 7.408497e-03 1.755565e-02
      vertex -1.524315e-03 7.600434e-03 1.746806e-02
    endloop
  endfacet
  facet normal -7.366084e-03 2.503632e-01 9.681240e-01
    outer loop
      vertex -1.182763e-08 4.781792e-03 1.844496e-02
      vertex -1.363861e-03 5.134263e-03 1.834343e-02
      vertex -1.494230e-03 4.329302e-03 1.855061e-02
    endloop
  endfacet
  facet normal -1.796261e-03 1.708364e-01 9.852978e-01
    outer loop
      vertex -1.703739e-03 2.874711e-03 1.883206e-02
      vertex -1.261235e-08 2.907003e-03 1.882957e-02
      vertex -1.504259e-03 3.486243e-03 1.872639e-02
    endloop
  endfacet
  facet normal -2.233296e-03 3.570940e-02 9.993597e-01
    outer loop
      vertex -1.339819e-08 9.956905e-04 1.902419e-02
      vertex -1.674362e-03 1.180395e-03 1.901384e-02
      vertex -1.263577e-03 4.032148e-04 1.904253e-02
    endloop
  endfacet
  facet normal -1.073478e-02 -1.442894e-01 9.894773e-01
    outer loop
      vertex -1.243520e-03 -3.353601e-03 1.875069e-02
      vertex -8.198492e-09 -2.918188e-03 1.882767e-02
      vertex -1.290831e-03 -1.990566e-03 1.894894e-02
    endloop
  endfacet
  facet normal -9.453831e-03 -2.023096e-01 9.792760e-01
    outer loop
      vertex -1.243520e-03 -3.353601e-03 1.875069e-02
      vertex -1.158279e-03 -4.333911e-03 1.854899e-02
      vertex -4.914173e-09 -3.873168e-03 1.865536e-02
    endloop
  endfacet
  facet normal 8.045434e-03 -3.020105e-01 9.532706e-01
    outer loop
      vertex -1.338790e-03 -5.266869e-03 1.830689e-02
      vertex -2.236331e-03 -5.609733e-03 1.820584e-02
      vertex -9.526971e-04 -6.402491e-03 1.794385e-02
    endloop
  endfacet
  facet normal -4.188807e-03 -7.886507e-01 6.148272e-01
    outer loop
      vertex -2.236331e-03 -1.531443e-02 1.132792e-02
      vertex -9.324641e-04 -1.527685e-02 1.138500e-02
      vertex -1.452144e-03 -1.471166e-02 1.210644e-02
    endloop
  endfacet
  facet normal -3.292643e-03 -8.474952e-01 5.307928e-01
    outer loop
      vertex -2.045792e-03 -1.638268e-02 9.720823e-03
      vertex -1.069486e-08 -1.629048e-02 9.880713e-03
      vertex -1.063009e-03 -1.605325e-02 1.025289e-02
    endloop
  endfacet
  facet normal -4.213964e-03 -8.833915e-01 4.686169e-01
    outer loop
      vertex -4.577048e-09 -1.675519e-02 9.072216e-03
      vertex -1.865281e-03 -1.662787e-02 9.295467e-03
      vertex -1.604542e-03 -1.697047e-02 8.651961e-03
    endloop
  endfacet
  facet normal 9.378303e-04 -9.204078e-01 3.909586e-01
    outer loop
      vertex -9.827822e-04 -1.739147e-02 7.772694e-03
      vertex -3.269255e-03 -1.747017e-02 7.592920e-03
      vertex -1.313719e-03 -1.766958e-02 7.118764e-03
    endloop
  endfacet
  facet normal -8.049568e-03 -9.687854e-01 2.477700e-01
    outer loop
      vertex -1.343804e-03 -1.856022e-02 4.287271e-03
      vertex 3.552714e-17 -1.845026e-02 4.760892e-03
      vertex -1.363861e-03 -1.834343e-02 5.134263e-03
    endloop
  endfacet
  facet normal -2.420393e-03 -9.862443e-01 1.652763e-01
    outer loop
      vertex -1.714855e-03 -1.883276e-02 2.862527e-03
      vertex 7.105427e-18 -1.883050e-02 2.901127e-03
      vertex -2.075877e-03 -1.873315e-02 3.451667e-03
    endloop
  endfacet
  facet normal -3.772000e-03 -9.952679e-01 9.709623e-02
    outer loop
      vertex 2.131628e-17 -1.895165e-02 1.947752e-03
      vertex -1.694798e-03 -1.891652e-02 2.241943e-03
      vertex -1.163293e-03 -1.897760e-02 1.636550e-03
    endloop
  endfacet
  facet normal -1.902486e-03 -9.990407e-01 4.374984e-02
    outer loop
      vertex -1.484202e-03 -1.903724e-02 6.411121e-04
      vertex 1.421085e-17 -1.902521e-02 9.803105e-04
      vertex -1.955536e-03 -1.901351e-02 1.162526e-03
    endloop
  endfacet
  facet normal -7.321758e-03 -9.999688e-01 2.952368e-03
    outer loop
      vertex -1.213435e-03 -1.904227e-02 -3.909523e-04
      vertex 2.131628e-17 -1.905000e-02 -4.352074e-17
      vertex -1.484202e-03 -1.903724e-02 6.411121e-04
    endloop
  endfacet
  facet normal -3.110674e-03 -9.962497e-01 -8.646918e-02
    outer loop
      vertex -1.704826e-03 -1.900877e-02 -1.228324e-03
      vertex -2.045792e-03 -1.892880e-02 -2.137377e-03
      vertex 2.131628e-17 -1.895165e-02 -1.947752e-03
    endloop
  endfacet
  facet normal -1.987875e-03 -9.857623e-01 -1.681328e-01
    outer loop
      vertex 2.842171e-17 -1.883050e-02 -2.901127e-03
      vertex -2.256388e-03 -1.883686e-02 -2.837188e-03
      vertex -1.113151e-03 -1.875798e-02 -3.313147e-03
    endloop
  endfacet
  facet normal -5.346442e-03 -9.509592e-01 -3.092701e-01
    outer loop
      vertex 2.842171e-17 -1.819355e-02 -5.664887e-03
      vertex -2.246359e-03 -1.827192e-02 -5.385069e-03
      vertex -1.599528e-03 -1.797577e-02 -6.306880e-03
    endloop
  endfacet
  facet normal -4.781818e-03 -8.669009e-01 -4.984576e-01
    outer loop
      vertex 2.131628e-17 -1.675077e-02 -9.080361e-03
      vertex -1.945508e-03 -1.617387e-02 -1.006503e-02
      vertex 4.263256e-17 -1.629207e-02 -9.878118e-03
    endloop
  endfacet
  facet normal -2.081521e-03 -5.356876e-01 -8.444137e-01
    outer loop
      vertex -2.487041e-03 -9.799117e-03 -1.633596e-02
      vertex -5.299564e-09 -9.875807e-03 -1.629344e-02
      vertex -1.305060e-03 -1.065366e-02 -1.579675e-02
    endloop
  endfacet
  facet normal -2.747465e-03 -4.205167e-01 -9.072806e-01
    outer loop
      vertex -2.080891e-03 -7.782540e-03 -1.738610e-02
      vertex -1.077472e-07 -8.230891e-03 -1.718460e-02
      vertex -2.226303e-03 -8.354851e-03 -1.712040e-02
    endloop
  endfacet
  facet normal 4.709194e-03 -3.916694e-01 -9.200940e-01
    outer loop
      vertex -1.077472e-07 -8.230891e-03 -1.718460e-02
      vertex -2.080891e-03 -7.782540e-03 -1.738610e-02
      vertex -1.303691e-03 -6.950680e-03 -1.773624e-02
    endloop
  endfacet
  facet normal -7.366000e-03 -2.503632e-01 -9.681240e-01
    outer loop
      vertex -1.182761e-08 -4.781792e-03 -1.844496e-02
      vertex -1.363861e-03 -5.134263e-03 -1.834343e-02
      vertex -1.494230e-03 -4.329302e-03 -1.855061e-02
    endloop
  endfacet
  facet normal -1.795876e-03 -1.708363e-01 -9.852978e-01
    outer loop
      vertex -1.703739e-03 -2.874711e-03 -1.883206e-02
      vertex -1.261236e-08 -2.906999e-03 -1.882957e-02
      vertex -1.504259e-03 -3.486243e-03 -1.872639e-02
    endloop
  endfacet
  facet normal -4.771511e-03 -3.679599e-02 -9.993114e-01
    outer loop
      vertex -3.718934e-09 -9.742835e-04 -1.902550e-02
      vertex -2.088568e-03 -1.367475e-03 -1.900105e-02
      vertex -1.133208e-03 -3.261178e-04 -1.904395e-02
    endloop
  endfacet
  facet normal -5.351677e-03 1.839106e-01 -9.829284e-01
    outer loop
      vertex -1.171570e-03 2.880065e-03 -1.883479e-02
      vertex -2.201232e-03 4.148412e-03 -1.859187e-02
      vertex -4.914173e-09 3.873168e-03 -1.865536e-02
    endloop
  endfacet
  facet normal 8.045434e-03 3.020105e-01 -9.532706e-01
    outer loop
      vertex -1.338790e-03 5.266869e-03 -1.830689e-02
      vertex -2.236331e-03 5.609733e-03 -1.820584e-02
      vertex -9.526971e-04 6.402491e-03 -1.794385e-02
    endloop
  endfacet
  facet normal -1.734528e-03 8.455553e-01 -5.338850e-01
    outer loop
      vertex -2.206246e-03 1.627489e-02 -9.898155e-03
      vertex 3.552714e-17 1.629207e-02 -9.878118e-03
      vertex -1.063009e-03 1.605325e-02 -1.025289e-02
    endloop
  endfacet
  facet normal -4.162168e-03 8.833830e-01 -4.686333e-01
    outer loop
      vertex 2.842171e-17 1.675077e-02 -9.080361e-03
      vertex -1.865281e-03 1.662787e-02 -9.295467e-03
      vertex -1.604542e-03 1.697047e-02 -8.651961e-03
    endloop
  endfacet
  facet normal -4.776002e-04 9.114798e-01 -4.113446e-01
    outer loop
      vertex -2.156104e-03 1.746045e-02 -7.616099e-03
      vertex 2.842171e-17 1.717146e-02 -8.258963e-03
      vertex -2.426870e-03 1.723611e-02 -8.112895e-03
    endloop
  endfacet
  facet normal 5.285376e-03 9.185771e-01 -3.952066e-01
    outer loop
      vertex 2.842171e-17 1.717146e-02 -8.258963e-03
      vertex -2.156104e-03 1.746045e-02 -7.616099e-03
      vertex -1.313719e-03 1.766958e-02 -7.118764e-03
    endloop
  endfacet
  facet normal -1.104544e-02 9.545008e-01 -2.980037e-01
    outer loop
      vertex -1.363861e-03 1.834343e-02 -5.134263e-03
      vertex 2.131628e-17 1.819355e-02 -5.664887e-03
      vertex -1.754968e-03 1.794886e-02 -6.383572e-03
    endloop
  endfacet
  facet normal -8.049568e-03 9.687854e-01 -2.477700e-01
    outer loop
      vertex -1.343804e-03 1.856022e-02 -4.287271e-03
      vertex 2.131628e-17 1.845026e-02 -4.760892e-03
      vertex -1.363861e-03 1.834343e-02 -5.134263e-03
    endloop
  endfacet
  facet normal -2.420393e-03 9.862443e-01 -1.652763e-01
    outer loop
      vertex -1.714855e-03 1.883276e-02 -2.862527e-03
      vertex 1.421085e-17 1.883050e-02 -2.901127e-03
      vertex -2.075877e-03 1.873315e-02 -3.451667e-03
    endloop
  endfacet
  facet normal -3.772000e-03 9.952679e-01 -9.709623e-02
    outer loop
      vertex 1.421085e-17 1.895165e-02 -1.947752e-03
      vertex -1.694798e-03 1.891652e-02 -2.241943e-03
      vertex -1.163293e-03 1.897760e-02 -1.636550e-03
    endloop
  endfacet
  facet normal -2.762925e-03 9.993995e-01 -3.453865e-02
    outer loop
      vertex -1.444088e-03 1.904522e-02 -2.858978e-04
      vertex 2.131628e-17 1.902521e-02 -9.803105e-04
      vertex -1.955536e-03 1.901351e-02 -1.162526e-03
    endloop
  endfacet
  facet normal 1.000000e+00 -1.401368e-15 5.416743e-15
    outer loop
      vertex 1.691702e-17 -1.666856e-02 -1.477336e-03
      vertex 2.652739e-17 -1.585019e-02 -3.039814e-03
      vertex 1.855460e-17 -1.535534e-02 -1.439912e-03
    endloop
  endfacet
  facet normal 1.000000e+00 4.709061e-15 -5.536164e-15
    outer loop
      vertex 2.786660e-17 -1.616273e-02 4.077891e-03
      vertex 2.700618e-17 -1.696699e-02 3.238375e-03
      vertex 1.826317e-17 -1.571997e-02 2.719834e-03
    endloop
  endfacet
  facet normal 1.000000e+00 -3.525141e-15 5.670145e-15
    outer loop
      vertex 2.636780e-17 -1.512652e-02 1.659434e-03
      vertex 1.826317e-17 -1.571997e-02 2.719834e-03
      vertex 2.400857e-17 -1.651992e-02 1.209229e-03
    endloop
  endfacet
  facet normal 1.000000e+00 1.043907e-15 -1.388137e-15
    outer loop
      vertex 2.098322e-17 -1.483816e-02 6.325195e-03
      vertex 1.890155e-17 -1.383357e-02 5.581055e-03
      vertex 1.972034e-17 -1.297037e-02 6.820049e-03
    endloop
  endfacet
  facet normal 1.000000e+00 6.495833e-15 -3.520655e-15
    outer loop
      vertex 3.541611e-17 -8.356699e-03 6.697266e-03
      vertex 2.833844e-17 -7.835801e-03 5.648027e-03
      vertex 2.442491e-17 -6.749355e-03 6.540996e-03
    endloop
  endfacet
  facet normal 1.000000e+00 1.369564e-15 -1.000903e-15
    outer loop
      vertex 2.241263e-17 -1.208856e-02 6.008936e-03
      vertex 2.038647e-17 -1.073423e-02 5.837783e-03
      vertex 2.209344e-17 -1.102072e-02 7.151192e-03
    endloop
  endfacet
  facet normal 1.000000e+00 -1.102882e-15 1.622203e-15
    outer loop
      vertex 1.898481e-17 -8.133457e-03 -6.135439e-03
      vertex 2.227385e-17 -7.214443e-03 -7.538145e-03
      vertex 2.137179e-17 -5.744765e-03 -5.982891e-03
    endloop
  endfacet
  facet normal 1.000000e+00 -1.326339e-16 1.290287e-15
    outer loop
      vertex 2.210038e-17 -5.288980e-03 7.015386e-03
      vertex 2.395306e-17 -4.405313e-03 5.670352e-03
      vertex 2.331468e-17 -3.571875e-03 6.250781e-03
    endloop
  endfacet
  facet normal 1.000000e+00 3.660189e-15 -2.549126e-15
    outer loop
      vertex 1.884604e-17 -4.025801e-03 4.211836e-03
      vertex 2.395306e-17 -4.405313e-03 5.670352e-03
      vertex 2.685352e-17 -5.547568e-03 5.168056e-03
    endloop
  endfacet
  facet normal 1.000000e+00 7.429638e-15 8.210974e-16
    outer loop
      vertex 2.335979e-17 -6.613550e-03 7.997651e-03
      vertex 1.692396e-17 -5.874990e-03 9.152929e-03
      vertex 3.003500e-17 -7.686973e-03 9.580811e-03
    endloop
  endfacet
  facet normal 1.000000e+00 -3.433012e-15 2.581379e-15
    outer loop
      vertex 2.386980e-17 -9.078516e-04 -1.582043e-02
      vertex 3.010092e-17 -1.766248e-04 -1.726184e-02
      vertex 2.886580e-17 3.571875e-04 -1.607344e-02
    endloop
  endfacet
  facet normal 1.000000e+00 -1.946970e-16 -6.009346e-16
    outer loop
      vertex 2.384898e-17 -3.147715e-03 -1.528465e-02
      vertex 2.273182e-17 -2.510952e-03 -1.734999e-02
      vertex 2.342571e-17 -1.830586e-03 -1.641574e-02
    endloop
  endfacet
  facet normal 1.000000e+00 6.325016e-16 -2.758191e-16
    outer loop
      vertex 2.675637e-17 -2.291953e-03 -1.385590e-02
      vertex 2.595146e-17 -1.272480e-03 -1.443633e-02
      vertex 2.681882e-17 -1.826865e-03 -1.256295e-02
    endloop
  endfacet
  facet normal 1.000000e+00 2.424838e-15 -1.717202e-16
    outer loop
      vertex 2.681882e-17 -1.826865e-03 -1.256295e-02
      vertex 2.255141e-17 -1.302246e-04 -1.345592e-02
      vertex 2.450817e-17 -8.111133e-04 -1.167557e-02
    endloop
  endfacet
  facet normal 1.000000e+00 -1.373345e-16 -1.623983e-15
    outer loop
      vertex 2.681882e-17 -1.826865e-03 -1.256295e-02
      vertex 2.703393e-17 -3.538389e-03 -1.228576e-02
      vertex 2.503553e-17 -3.482578e-03 -1.352104e-02
    endloop
  endfacet
  facet normal 1.000000e+00 -3.774544e-15 2.279142e-15
    outer loop
      vertex 1.942890e-17 -4.397871e-03 -6.317754e-03
      vertex 2.600697e-17 -3.356074e-03 -7.478613e-03
      vertex 2.597922e-17 -2.671465e-03 -6.332637e-03
    endloop
  endfacet
  facet normal 1.000000e+00 2.739998e-16 2.519492e-15
    outer loop
      vertex 1.876277e-17 -1.919883e-03 -3.080742e-03
      vertex 1.842970e-17 4.836914e-05 -3.162598e-03
      vertex 1.562639e-17 -1.421309e-03 -1.890117e-03
    endloop
  endfacet
  facet normal 1.000000e+00 9.583584e-16 -4.746579e-15
    outer loop
      vertex 1.618150e-17 -2.009180e-03 3.795117e-03
      vertex 1.967870e-17 -1.272480e-03 4.680645e-03
      vertex 2.292611e-17 -2.597051e-03 5.097363e-03
    endloop
  endfacet
  facet normal 1.000000e+00 -1.991237e-15 -3.043166e-15
    outer loop
      vertex 2.174649e-17 -1.942207e-03 1.161231e-02
      vertex 1.701417e-17 -1.555254e-03 9.804052e-03
      vertex 1.956768e-17 -5.060157e-04 9.956601e-03
    endloop
  endfacet
  facet normal 1.000000e+00 -2.112695e-15 -2.207769e-15
    outer loop
      vertex 1.761091e-17 -5.581057e-05 8.639473e-03
      vertex 1.956768e-17 -5.060157e-04 9.956601e-03
      vertex 1.701417e-17 -1.555254e-03 9.804052e-03
    endloop
  endfacet
  facet normal 1.000000e+00 6.738061e-16 1.323085e-15
    outer loop
      vertex 2.371020e-17 -1.655713e-03 1.302618e-02
      vertex 2.409184e-17 -4.613672e-04 1.212949e-02
      vertex 2.234324e-17 -3.795117e-04 1.340941e-02
    endloop
  endfacet
  facet normal 1.000000e+00 3.061899e-15 -2.664737e-16
    outer loop
      vertex 2.686046e-17 -1.707803e-03 1.509861e-02
      vertex 2.234324e-17 -3.795117e-04 1.340941e-02
      vertex 2.212119e-17 -1.674316e-04 1.501304e-02
    endloop
  endfacet
  facet normal 1.000000e+00 3.084927e-15 -6.516077e-16
    outer loop
      vertex 2.886580e-17 3.571875e-04 -1.607344e-02
      vertex 2.471634e-17 1.408467e-03 -1.746437e-02
      vertex 2.278733e-17 2.217539e-03 -1.659434e-02
    endloop
  endfacet
  facet normal 1.000000e+00 -3.707628e-15 2.957975e-15
    outer loop
      vertex 2.542411e-17 1.116211e-03 -1.515070e-02
      vertex 2.318978e-17 2.048247e-03 -1.322710e-02
      vertex 2.153833e-17 1.041797e-03 -1.393031e-02
    endloop
  endfacet
  facet normal 1.000000e+00 -5.638021e-15 4.680828e-15
    outer loop
      vertex 1.842970e-17 4.836914e-05 -3.162598e-03
      vertex 2.661760e-17 -3.720701e-06 -4.974580e-03
      vertex 3.289730e-17 1.753381e-03 -4.199743e-03
    endloop
  endfacet
  facet normal 1.000000e+00 -2.901914e-15 -5.910239e-15
    outer loop
      vertex 1.626477e-17 -9.673828e-05 -1.298525e-03
      vertex 1.894318e-17 1.432471e-03 -1.596182e-03
      vertex 2.836620e-17 1.428750e-03 3.725290e-12
    endloop
  endfacet
  facet normal 1.000000e+00 -1.229818e-16 2.683177e-15
    outer loop
      vertex 2.102485e-17 1.387822e-03 1.501304e-02
      vertex 1.693090e-17 1.949648e-03 1.656457e-02
      vertex 1.781908e-17 7.292578e-04 1.617762e-02
    endloop
  endfacet
  facet normal 1.000000e+00 -4.226746e-15 5.017467e-15
    outer loop
      vertex 1.926237e-17 6.622851e-03 -7.887890e-04
      vertex 2.493145e-17 6.453560e-03 -2.061270e-03
      vertex 3.096134e-17 8.059044e-03 -1.910581e-03
    endloop
  endfacet
  facet normal 1.000000e+00 -3.431205e-15 6.035972e-15
    outer loop
      vertex 1.926237e-17 6.622851e-03 -7.887890e-04
      vertex 3.096134e-17 8.059044e-03 -1.910581e-03
      vertex 1.992503e-17 7.778131e-03 -2.418457e-04
    endloop
  endfacet
  facet normal 1.000000e+00 1.586865e-15 1.831014e-15
    outer loop
      vertex 2.577105e-17 3.147715e-03 3.441650e-03
      vertex 2.677025e-17 3.947666e-03 2.202656e-03
      vertex 2.367551e-17 5.168056e-03 2.835176e-03
    endloop
  endfacet
  facet normal 1.000000e+00 -1.511143e-15 5.366882e-16
    outer loop
      vertex 1.890849e-17 5.660206e-03 1.632599e-02
      vertex 2.120526e-17 6.818189e-03 1.530697e-02
      vertex 2.127465e-17 7.334388e-03 1.663113e-02
    endloop
  endfacet
  facet normal 1.000000e+00 5.726615e-15 -3.889630e-15
    outer loop
      vertex 1.761785e-17 1.156671e-02 -1.290735e-02
      vertex 2.851885e-17 1.060214e-02 -1.152488e-02
      vertex 2.529227e-17 1.000389e-02 -1.323520e-02
    endloop
  endfacet
  facet normal 1.000000e+00 3.944191e-15 1.965954e-15
    outer loop
      vertex 2.303713e-17 8.511108e-03 -1.365312e-02
      vertex 2.914335e-17 7.685160e-03 -1.510205e-02
      vertex 2.611800e-17 8.785803e-03 -1.577134e-02
    endloop
  endfacet
  facet normal 1.000000e+00 -1.173905e-15 -1.202987e-15
    outer loop
      vertex 2.289835e-17 9.814276e-03 -1.504014e-02
      vertex 2.529227e-17 1.000389e-02 -1.323520e-02
      vertex 2.303713e-17 8.511108e-03 -1.365312e-02
    endloop
  endfacet
  facet normal 1.000000e+00 1.000159e-15 -1.118895e-15
    outer loop
      vertex 2.205180e-17 1.118071e-02 -6.866558e-03
      vertex 2.453593e-17 9.434772e-03 -6.207063e-03
      vertex 2.216283e-17 1.031007e-02 -7.545586e-03
    endloop
  endfacet
  facet normal 1.000000e+00 3.384881e-16 -3.496738e-15
    outer loop
      vertex 2.051137e-17 9.096189e-03 5.185730e-03
      vertex 1.795786e-17 1.049982e-02 4.591348e-03
      vertex 2.399470e-17 1.000962e-02 6.270315e-03
    endloop
  endfacet
  facet normal 1.000000e+00 -7.747988e-16 4.977479e-15
    outer loop
      vertex 2.081668e-17 1.221507e-02 -1.118443e-02
      vertex 2.203793e-17 1.385896e-02 -1.117390e-02
      vertex 1.314227e-17 1.291084e-02 -9.534302e-03
    endloop
  endfacet
  facet normal 1.000000e+00 -1.125469e-15 -1.252891e-15
    outer loop
      vertex 2.273182e-17 1.238250e-02 -6.087070e-03
      vertex 2.089995e-17 1.274713e-02 -7.876729e-03
      vertex 2.343958e-17 1.363266e-02 -6.645176e-03
    endloop
  endfacet
  facet normal 1.000000e+00 1.051189e-15 -4.986788e-15
    outer loop
      vertex 1.590394e-17 1.409402e-02 -8.059043e-03
      vertex 2.303713e-17 1.518047e-02 -6.399610e-03
      vertex 2.343958e-17 1.363266e-02 -6.645176e-03
    endloop
  endfacet
  facet normal 1.000000e+00 6.912474e-16 1.381315e-15
    outer loop
      vertex 2.058076e-17 1.230064e-02 9.240366e-03
      vertex 1.790235e-17 1.347133e-02 1.059355e-02
      vertex 1.713907e-17 1.266114e-02 1.155157e-02
    endloop
  endfacet
  facet normal 1.000000e+00 -4.562053e-15 -3.274973e-16
    outer loop
      vertex 1.720846e-17 1.539999e-02 2.440781e-03
      vertex 2.170486e-17 1.647880e-02 1.142473e-03
      vertex 2.375877e-17 1.680270e-02 2.902148e-03
    endloop
  endfacet
  facet normal 1.000000e+00 2.274108e-05 4.533273e-05
    outer loop
      vertex 3.272729e-17 -1.046055e-02 1.375069e-02
      vertex -4.717168e-08 -1.140107e-02 1.526306e-02
      vertex -5.219093e-09 -1.211971e-02 1.469813e-02
    endloop
  endfacet
  facet normal 1.000000e+00 -2.973517e-06 3.101289e-06
    outer loop
      vertex 1.786765e-17 -1.510457e-02 9.178978e-03
      vertex -4.577048e-09 -1.675519e-02 9.072216e-03
      vertex 2.424450e-17 -1.628596e-02 8.046267e-03
    endloop
  endfacet
  facet normal 1.000000e+00 3.549493e-15 2.522260e-15
    outer loop
      vertex 1.579292e-17 -1.808840e-02 2.922784e-03
      vertex 2.131628e-17 -1.895165e-02 1.947752e-03
      vertex 1.770806e-17 -1.752643e-02 1.372649e-03
    endloop
  endfacet
  facet normal 1.000000e+00 -2.029926e-06 -1.967889e-06
    outer loop
      vertex -4.577028e-09 -9.072219e-03 -1.675519e-02
      vertex 2.282549e-17 -8.418729e-03 -1.510343e-02
      vertex -5.299564e-09 -9.875807e-03 -1.629344e-02
    endloop
  endfacet
  facet normal 1.000000e+00 -2.857030e-06 -1.640661e-06
    outer loop
      vertex 2.282549e-17 -8.418729e-03 -1.510343e-02
      vertex -4.577028e-09 -9.072219e-03 -1.675519e-02
      vertex 2.341183e-17 -7.880425e-03 -1.604082e-02
    endloop
  endfacet
  facet normal 1.000000e+00 -3.130008e-09 1.752632e-09
    outer loop
      vertex 2.550737e-17 -2.953913e-03 -1.814108e-02
      vertex 4.587211e-12 -1.942508e-03 -1.895213e-02
      vertex 2.273182e-17 -2.510952e-03 -1.734999e-02
    endloop
  endfacet
  facet normal 1.000000e+00 3.124916e-10 2.974046e-09
    outer loop
      vertex 2.273182e-17 -2.510952e-03 -1.734999e-02
      vertex 4.587211e-12 -1.942508e-03 -1.895213e-02
      vertex 2.470246e-17 -1.255705e-03 -1.748189e-02
    endloop
  endfacet
  facet normal 1.000000e+00 1.575866e-15 -3.711940e-15
    outer loop
      vertex 1.421085e-17 1.767343e-02 -2.490407e-03
      vertex 1.421085e-17 1.895165e-02 -1.947752e-03
      vertex 1.909584e-17 1.748189e-02 -1.255705e-03
    endloop
  endfacet
  facet normal 1.000000e+00 -6.396697e-15 3.871650e-15
    outer loop
      vertex 1.892930e-17 -1.654101e-02 -6.832140e-03
      vertex 2.808170e-17 -1.591966e-02 -8.169507e-03
      vertex 2.631229e-17 -1.540433e-02 -6.861070e-03
    endloop
  endfacet
  facet normal 1.000000e+00 -2.536191e-15 3.261547e-15
    outer loop
      vertex 2.652392e-17 -1.275131e-02 -9.991947e-03
      vertex 2.143077e-17 -1.324989e-02 -8.818067e-03
      vertex 2.271100e-17 -1.416560e-02 -9.922647e-03
    endloop
  endfacet
  facet normal 1.000000e+00 -1.273723e-15 1.277074e-15
    outer loop
      vertex 1.786765e-17 -1.510457e-02 9.178978e-03
      vertex 2.109424e-17 -1.441526e-02 7.339938e-03
      vertex 2.048361e-17 -1.359370e-02 8.637485e-03
    endloop
  endfacet
  facet normal 1.000000e+00 1.086816e-15 -4.619672e-16
    outer loop
      vertex 3.014602e-17 -9.054331e-03 1.232855e-02
      vertex 2.851538e-17 -7.311182e-03 1.289968e-02
      vertex 3.086420e-17 -9.036247e-03 1.392570e-02
    endloop
  endfacet
  facet normal 1.000000e+00 4.152971e-17 3.916473e-15
    outer loop
      vertex 2.492451e-17 -8.781013e-03 1.582236e-02
      vertex 2.759945e-17 -6.741371e-03 1.511773e-02
      vertex 2.220446e-17 -6.807273e-03 1.649594e-02
    endloop
  endfacet
  facet normal 1.000000e+00 -2.373807e-15 1.333735e-15
    outer loop
      vertex 1.831868e-17 1.085083e-02 -1.470695e-02
      vertex 2.131628e-17 1.211757e-02 -1.469991e-02
      vertex 1.761785e-17 1.156671e-02 -1.290735e-02
    endloop
  endfacet
  facet normal 1.000000e+00 -6.027064e-07 4.905226e-06
    outer loop
      vertex 3.272729e-17 -1.046055e-02 1.375069e-02
      vertex 3.086420e-17 -9.036247e-03 1.392570e-02
      vertex -1.013880e-08 -1.065520e-02 1.579371e-02
    endloop
  endfacet
  facet normal 1.000000e+00 -2.749836e-06 -5.462077e-06
    outer loop
      vertex 1.774622e-17 -1.531123e-02 -9.345891e-03
      vertex -1.113966e-08 -1.525232e-02 -1.141500e-02
      vertex 2.271100e-17 -1.416560e-02 -9.922647e-03
    endloop
  endfacet
  facet normal 2.310017e-03 2.602920e-02 9.996585e-01
    outer loop
      vertex -1.339819e-08 9.956905e-04 1.902419e-02
      vertex -1.263577e-03 4.032148e-04 1.904253e-02
      vertex -3.810843e-09 6.125071e-06 1.904995e-02
    endloop
  endfacet
  facet normal 1.715707e-03 1.308747e-01 9.913974e-01
    outer loop
      vertex -1.703739e-03 2.874711e-03 1.883206e-02
      vertex -2.828006e-03 2.362022e-03 1.890169e-02
      vertex -4.409211e-08 1.942975e-03 1.895211e-02
    endloop
  endfacet
  facet normal 6.193796e-04 2.254262e-01 9.742600e-01
    outer loop
      vertex -1.730271e-09 3.843615e-03 1.866204e-02
      vertex -1.182763e-08 4.781792e-03 1.844496e-02
      vertex -1.494230e-03 4.329302e-03 1.855061e-02
    endloop
  endfacet
  facet normal 8.361530e-04 4.555354e-01 8.902173e-01
    outer loop
      vertex -1.376953e-08 9.083973e-03 1.674875e-02
      vertex -8.423848e-04 8.687576e-03 1.695238e-02
      vertex -2.811044e-08 8.243769e-03 1.717870e-02
    endloop
  endfacet
  facet normal 9.872152e-05 4.985925e-01 8.668365e-01
    outer loop
      vertex -1.414003e-03 9.306147e-03 1.662112e-02
      vertex -1.376953e-08 9.083973e-03 1.674875e-02
      vertex -7.030241e-09 9.880506e-03 1.629060e-02
    endloop
  endfacet
  facet normal 6.185453e-04 6.177123e-01 7.864039e-01
    outer loop
      vertex -3.284298e-03 1.166038e-02 1.506278e-02
      vertex -1.156444e-03 1.139617e-02 1.526865e-02
      vertex -1.586585e-03 1.211163e-02 1.470699e-02
    endloop
  endfacet
  facet normal 1.237917e-03 6.890624e-01 7.247009e-01
    outer loop
      vertex -3.954187e-08 1.347037e-02 1.347039e-02
      vertex -2.085905e-03 1.331773e-02 1.361909e-02
      vertex -1.854469e-03 1.277818e-02 1.413172e-02
    endloop
  endfacet
  facet normal 2.315770e-03 7.237280e-01 6.900814e-01
    outer loop
      vertex -3.675686e-08 1.409970e-02 1.281038e-02
      vertex -2.213794e-03 1.400732e-02 1.291470e-02
      vertex -3.954187e-08 1.347037e-02 1.347039e-02
    endloop
  endfacet
  facet normal 1.364363e-03 7.558738e-01 6.547159e-01
    outer loop
      vertex -1.084990e-03 1.470713e-02 1.211136e-02
      vertex -2.241886e-03 1.469064e-02 1.213281e-02
      vertex -3.675686e-08 1.409970e-02 1.281038e-02
    endloop
  endfacet
  facet normal 2.344957e-04 7.866279e-01 6.174273e-01
    outer loop
      vertex -1.815693e-03 1.521588e-02 1.146347e-02
      vertex -2.241886e-03 1.469064e-02 1.213281e-02
      vertex -1.084990e-03 1.470713e-02 1.211136e-02
    endloop
  endfacet
  facet normal 2.405965e-03 7.857364e-01 6.185567e-01
    outer loop
      vertex -9.652944e-09 1.468597e-02 1.213402e-02
      vertex -1.047454e-08 1.526694e-02 1.139602e-02
      vertex -1.084990e-03 1.470713e-02 1.211136e-02
    endloop
  endfacet
  facet normal 7.892974e-04 7.869315e-01 6.170399e-01
    outer loop
      vertex -1.084990e-03 1.470713e-02 1.211136e-02
      vertex -1.047454e-08 1.526694e-02 1.139602e-02
      vertex -1.815693e-03 1.521588e-02 1.146347e-02
    endloop
  endfacet
  facet normal 5.496526e-04 8.419052e-01 5.396252e-01
    outer loop
      vertex -1.228706e-03 1.578955e-02 1.066338e-02
      vertex -4.506394e-09 1.579960e-02 1.064645e-02
      vertex 1.421085e-17 1.629207e-02 9.878118e-03
    endloop
  endfacet
  facet normal 4.537895e-04 8.900530e-01 4.558569e-01
    outer loop
      vertex 2.842171e-17 1.675077e-02 9.080361e-03
      vertex 7.105427e-18 1.717146e-02 8.258963e-03
      vertex -1.223464e-03 1.699219e-02 8.610202e-03
    endloop
  endfacet
  facet normal 1.374339e-04 9.112076e-01 4.119475e-01
    outer loop
      vertex 1.421085e-17 1.755296e-02 7.415120e-03
      vertex -1.253549e-03 1.737316e-02 7.813247e-03
      vertex 7.105427e-18 1.717146e-02 8.258963e-03
    endloop
  endfacet
  facet normal 9.799206e-05 9.302977e-01 3.668053e-01
    outer loop
      vertex 2.131628e-17 1.789405e-02 6.550029e-03
      vertex -8.824983e-04 1.774538e-02 6.927315e-03
      vertex 1.421085e-17 1.755296e-02 7.415120e-03
    endloop
  endfacet
  facet normal -3.282160e-04 9.472441e-01 3.205128e-01
    outer loop
      vertex 1.421085e-17 1.819355e-02 5.664887e-03
      vertex -1.599528e-03 1.797577e-02 6.306880e-03
      vertex 2.131628e-17 1.789405e-02 6.550029e-03
    endloop
  endfacet
  facet normal 1.579343e-04 9.743851e-01 2.248857e-01
    outer loop
      vertex 3.552714e-17 1.866297e-02 3.839239e-03
      vertex -1.158279e-03 1.854899e-02 4.333911e-03
      vertex 2.842171e-17 1.845026e-02 4.760892e-03
    endloop
  endfacet
  facet normal 9.374247e-04 9.844253e-01 1.758007e-01
    outer loop
      vertex 3.552714e-17 1.866297e-02 3.839239e-03
      vertex 2.842171e-17 1.883050e-02 2.901127e-03
      vertex -1.113151e-03 1.875798e-02 3.313147e-03
    endloop
  endfacet
  facet normal 1.451477e-03 9.920221e-01 1.260561e-01
    outer loop
      vertex 2.131628e-17 1.895165e-02 1.947752e-03
      vertex -1.444088e-03 1.891891e-02 2.221971e-03
      vertex 2.842171e-17 1.883050e-02 2.901127e-03
    endloop
  endfacet
  facet normal -1.604587e-04 -9.302977e-01 3.668053e-01
    outer loop
      vertex 2.131628e-17 -1.789405e-02 6.550029e-03
      vertex 2.131628e-17 -1.755296e-02 7.415120e-03
      vertex -1.313719e-03 -1.766958e-02 7.118764e-03
    endloop
  endfacet
  facet normal 1.609697e-04 -9.112076e-01 4.119475e-01
    outer loop
      vertex 2.842171e-17 -1.717146e-02 8.258963e-03
      vertex -9.827822e-04 -1.739147e-02 7.772694e-03
      vertex 2.131628e-17 -1.755296e-02 7.415120e-03
    endloop
  endfacet
  facet normal 9.447546e-05 -8.901655e-01 4.556373e-01
    outer loop
      vertex 2.842171e-17 -1.717146e-02 8.258963e-03
      vertex -4.577048e-09 -1.675519e-02 9.072216e-03
      vertex -1.604542e-03 -1.697047e-02 8.651961e-03
    endloop
  endfacet
  facet normal -3.085176e-03 -8.394860e-01 5.433726e-01
    outer loop
      vertex -3.058659e-03 -1.626348e-02 9.916777e-03
      vertex -1.063009e-03 -1.605325e-02 1.025289e-02
      vertex -2.236331e-03 -1.576547e-02 1.069084e-02
    endloop
  endfacet
  facet normal 1.132954e-03 -8.417935e-01 5.397986e-01
    outer loop
      vertex -1.063009e-03 -1.605325e-02 1.025289e-02
      vertex -1.069486e-08 -1.629048e-02 9.880713e-03
      vertex -1.726939e-08 -1.579580e-02 1.065215e-02
    endloop
  endfacet
  facet normal -1.776296e-03 -8.161551e-01 5.778301e-01
    outer loop
      vertex -2.236331e-03 -1.576547e-02 1.069084e-02
      vertex -9.324641e-04 -1.527685e-02 1.138500e-02
      vertex -2.236331e-03 -1.531443e-02 1.132792e-02
    endloop
  endfacet
  facet normal 1.792613e-03 -8.150266e-01 5.794208e-01
    outer loop
      vertex -1.726939e-08 -1.579580e-02 1.065215e-02
      vertex -3.788621e-09 -1.526962e-02 1.139228e-02
      vertex -9.324641e-04 -1.527685e-02 1.138500e-02
    endloop
  endfacet
  facet normal 9.133048e-04 -7.559963e-01 6.545753e-01
    outer loop
      vertex -3.349482e-03 -1.449809e-02 1.235575e-02
      vertex -1.452144e-03 -1.471166e-02 1.210644e-02
      vertex -1.528803e-03 -1.410669e-02 1.280526e-02
    endloop
  endfacet
  facet normal 1.061848e-03 -7.238947e-01 6.899096e-01
    outer loop
      vertex -4.432607e-08 -1.347551e-02 1.346517e-02
      vertex -2.085905e-03 -1.361909e-02 1.331773e-02
      vertex -1.528803e-03 -1.410669e-02 1.280526e-02
    endloop
  endfacet
  facet normal 2.298168e-03 -6.903319e-01 7.234892e-01
    outer loop
      vertex -3.448356e-08 -1.281412e-02 1.409625e-02
      vertex -2.213794e-03 -1.291470e-02 1.400732e-02
      vertex -4.432607e-08 -1.347551e-02 1.346517e-02
    endloop
  endfacet
  facet normal 1.567489e-03 -6.549638e-01 7.556586e-01
    outer loop
      vertex -3.448356e-08 -1.281412e-02 1.409625e-02
      vertex -5.219093e-09 -1.211971e-02 1.469813e-02
      vertex -1.747268e-03 -1.213902e-02 1.468502e-02
    endloop
  endfacet
  facet normal 9.301122e-04 -6.180158e-01 7.861652e-01
    outer loop
      vertex -1.747268e-03 -1.213902e-02 1.468502e-02
      vertex -5.219093e-09 -1.211971e-02 1.469813e-02
      vertex -4.717168e-08 -1.140107e-02 1.526306e-02
    endloop
  endfacet
  facet normal 2.490113e-04 -4.116869e-01 9.113253e-01
    outer loop
      vertex -1.253549e-03 -7.813247e-03 1.737316e-02
      vertex 1.421085e-17 -8.258963e-03 1.717146e-02
      vertex -7.873243e-09 -7.407084e-03 1.755630e-02
    endloop
  endfacet
  facet normal 1.854012e-05 -3.666444e-01 9.303612e-01
    outer loop
      vertex 2.131628e-17 -6.550029e-03 1.789405e-02
      vertex -8.824983e-04 -6.927315e-03 1.774538e-02
      vertex -7.873243e-09 -7.407084e-03 1.755630e-02
    endloop
  endfacet
  facet normal -1.534684e-04 -3.207189e-01 9.471744e-01
    outer loop
      vertex 3.635231e-10 -5.682076e-03 1.818794e-02
      vertex -9.526971e-04 -6.402491e-03 1.794385e-02
      vertex 2.131628e-17 -6.550029e-03 1.789405e-02
    endloop
  endfacet
  facet normal 3.887915e-04 -2.742453e-01 9.616597e-01
    outer loop
      vertex 3.142613e-10 -4.790246e-03 1.844228e-02
      vertex -1.338790e-03 -5.266869e-03 1.830689e-02
      vertex 3.635231e-10 -5.682076e-03 1.818794e-02
    endloop
  endfacet
  facet normal 5.765982e-04 -2.263196e-01 9.740529e-01
    outer loop
      vertex -4.914173e-09 -3.873168e-03 1.865536e-02
      vertex -1.158279e-03 -4.333911e-03 1.854899e-02
      vertex 3.142613e-10 -4.790246e-03 1.844228e-02
    endloop
  endfacet
  facet normal 1.251938e-03 -1.775731e-01 9.841068e-01
    outer loop
      vertex -8.198492e-09 -2.918188e-03 1.882767e-02
      vertex -1.243520e-03 -3.353601e-03 1.875069e-02
      vertex -4.914173e-09 -3.873168e-03 1.865536e-02
    endloop
  endfacet
  facet normal 2.024311e-03 -1.268539e-01 9.919194e-01
    outer loop
      vertex -8.198492e-09 -2.918188e-03 1.882767e-02
      vertex -2.353466e-09 -1.956350e-03 1.895068e-02
      vertex -1.290831e-03 -1.990566e-03 1.894894e-02
    endloop
  endfacet
  facet normal 7.743054e-04 -7.994404e-02 9.967991e-01
    outer loop
      vertex -1.290831e-03 -1.990566e-03 1.894894e-02
      vertex -2.353466e-09 -1.956350e-03 1.895068e-02
      vertex -1.405387e-03 -1.284560e-03 1.900565e-02
    endloop
  endfacet
  facet normal 3.192467e-03 -7.491680e-02 9.971847e-01
    outer loop
      vertex -8.300762e-09 -9.525645e-04 1.902609e-02
      vertex -1.405387e-03 -1.284560e-03 1.900565e-02
      vertex -2.353466e-09 -1.956350e-03 1.895068e-02
    endloop
  endfacet
  facet normal 2.726272e-03 -2.369893e-02 -9.997154e-01
    outer loop
      vertex -3.718934e-09 -9.742835e-04 -1.902550e-02
      vertex -1.133208e-03 -3.261178e-04 -1.904395e-02
      vertex -4.642102e-09 3.242681e-05 -1.904936e-02
    endloop
  endfacet
  facet normal 1.843391e-03 -7.555914e-02 -9.971396e-01
    outer loop
      vertex 4.587211e-12 -1.942508e-03 -1.895213e-02
      vertex -8.100154e-04 -1.935412e-03 -1.895416e-02
      vertex -3.718934e-09 -9.742835e-04 -1.902550e-02
    endloop
  endfacet
  facet normal 1.800556e-04 -1.290773e-01 -9.916345e-01
    outer loop
      vertex -1.703739e-03 -2.874711e-03 -1.883206e-02
      vertex -2.206246e-03 -2.161363e-03 -1.892501e-02
      vertex -8.100154e-04 -1.935412e-03 -1.895416e-02
    endloop
  endfacet
  facet normal 1.388157e-03 -1.260589e-01 -9.920218e-01
    outer loop
      vertex -1.261236e-08 -2.906999e-03 -1.882957e-02
      vertex -8.100154e-04 -1.935412e-03 -1.895416e-02
      vertex 4.587211e-12 -1.942508e-03 -1.895213e-02
    endloop
  endfacet
  facet normal 6.445431e-04 -2.253476e-01 -9.742782e-01
    outer loop
      vertex -1.011622e-08 -3.839229e-03 -1.866297e-02
      vertex -1.182761e-08 -4.781792e-03 -1.844496e-02
      vertex -1.494230e-03 -4.329302e-03 -1.855061e-02
    endloop
  endfacet
  facet normal -1.711973e-05 -3.666040e-01 -9.303771e-01
    outer loop
      vertex -3.734772e-09 -6.554336e-03 -1.789244e-02
      vertex -3.747982e-10 -7.395250e-03 -1.756108e-02
      vertex -1.303691e-03 -6.950680e-03 -1.773624e-02
    endloop
  endfacet
  facet normal -8.689359e-04 -4.546016e-01 -8.906944e-01
    outer loop
      vertex -1.077472e-07 -8.230891e-03 -1.718460e-02
      vertex -4.577028e-09 -9.072219e-03 -1.675519e-02
      vertex -1.183350e-03 -8.887313e-03 -1.684841e-02
    endloop
  endfacet
  facet normal 2.716455e-04 -6.546756e-01 -7.559099e-01
    outer loop
      vertex -2.667552e-03 -1.235185e-02 -1.449978e-02
      vertex -1.202786e-03 -1.211422e-02 -1.470506e-02
      vertex -1.528803e-03 -1.280526e-02 -1.410669e-02
    endloop
  endfacet
  facet normal 1.061848e-03 -6.899096e-01 -7.238947e-01
    outer loop
      vertex -4.432607e-08 -1.346517e-02 -1.347551e-02
      vertex -2.085905e-03 -1.331773e-02 -1.361909e-02
      vertex -1.528803e-03 -1.280526e-02 -1.410669e-02
    endloop
  endfacet
  facet normal 2.346082e-03 -7.235830e-01 -6.902334e-01
    outer loop
      vertex -6.719220e-08 -1.410098e-02 -1.280899e-02
      vertex -2.213794e-03 -1.400732e-02 -1.291470e-02
      vertex -4.432607e-08 -1.346517e-02 -1.347551e-02
    endloop
  endfacet
  facet normal 1.304364e-03 -7.861021e-01 -6.180953e-01
    outer loop
      vertex 1.421085e-17 -1.469991e-02 -1.211757e-02
      vertex -1.113966e-08 -1.525232e-02 -1.141500e-02
      vertex -1.783707e-03 -1.469944e-02 -1.212193e-02
    endloop
  endfacet
  facet normal -1.221816e-03 -8.418155e-01 -5.397640e-01
    outer loop
      vertex -1.978214e-03 -1.576179e-02 -1.070066e-02
      vertex -1.559280e-08 -1.579532e-02 -1.065285e-02
      vertex 4.263256e-17 -1.629207e-02 -9.878118e-03
    endloop
  endfacet
  facet normal 4.503201e-04 -8.900530e-01 -4.558569e-01
    outer loop
      vertex 2.842171e-17 -1.717146e-02 -8.258963e-03
      vertex -1.233492e-03 -1.695146e-02 -8.689737e-03
      vertex 2.131628e-17 -1.675077e-02 -9.080361e-03
    endloop
  endfacet
  facet normal 1.374339e-04 -9.112076e-01 -4.119475e-01
    outer loop
      vertex -1.253549e-03 -1.737316e-02 -7.813247e-03
      vertex 2.842171e-17 -1.717146e-02 -8.258963e-03
      vertex 2.131628e-17 -1.755296e-02 -7.415120e-03
    endloop
  endfacet
  facet normal 9.799206e-05 -9.302977e-01 -3.668053e-01
    outer loop
      vertex 3.552714e-17 -1.789405e-02 -6.550029e-03
      vertex -8.824983e-04 -1.774538e-02 -6.927315e-03
      vertex 2.131628e-17 -1.755296e-02 -7.415120e-03
    endloop
  endfacet
  facet normal -3.282160e-04 -9.472441e-01 -3.205128e-01
    outer loop
      vertex 2.842171e-17 -1.819355e-02 -5.664887e-03
      vertex -1.599528e-03 -1.797577e-02 -6.306880e-03
      vertex 3.552714e-17 -1.789405e-02 -6.550029e-03
    endloop
  endfacet
  facet normal 9.374247e-04 -9.844253e-01 -1.758007e-01
    outer loop
      vertex 3.552714e-17 -1.866297e-02 -3.839239e-03
      vertex 2.842171e-17 -1.883050e-02 -2.901127e-03
      vertex -1.113151e-03 -1.875798e-02 -3.313147e-03
    endloop
  endfacet
  facet normal 1.411834e-03 -9.971204e-01 -7.582133e-02
    outer loop
      vertex 2.842171e-17 -1.902521e-02 -9.803105e-04
      vertex -1.704826e-03 -1.900877e-02 -1.228324e-03
      vertex 2.131628e-17 -1.895165e-02 -1.947752e-03
    endloop
  endfacet
  facet normal 1.694243e-03 9.996790e-01 -2.527765e-02
    outer loop
      vertex -1.444088e-03 1.904522e-02 -2.858978e-04
      vertex 3.552714e-17 1.905000e-02 -4.352074e-17
      vertex 2.131628e-17 1.902521e-02 -9.803105e-04
    endloop
  endfacet
  facet normal -1.604587e-04 9.302977e-01 -3.668053e-01
    outer loop
      vertex 2.131628e-17 1.789405e-02 -6.550029e-03
      vertex 2.842171e-17 1.755296e-02 -7.415120e-03
      vertex -1.313719e-03 1.766958e-02 -7.118764e-03
    endloop
  endfacet
  facet normal 1.623541e-04 8.900531e-01 -4.558569e-01
    outer loop
      vertex 2.842171e-17 1.675077e-02 -9.080361e-03
      vertex -1.604542e-03 1.697047e-02 -8.651961e-03
      vertex 2.842171e-17 1.717146e-02 -8.258963e-03
    endloop
  endfacet
  facet normal 3.631844e-04 8.669108e-01 -4.984632e-01
    outer loop
      vertex -1.865281e-03 1.662787e-02 -9.295467e-03
      vertex 2.842171e-17 1.675077e-02 -9.080361e-03
      vertex 3.552714e-17 1.629207e-02 -9.878118e-03
    endloop
  endfacet
  facet normal -2.458563e-03 8.444959e-01 -5.355564e-01
    outer loop
      vertex -2.206246e-03 1.627489e-02 -9.898155e-03
      vertex -1.063009e-03 1.605325e-02 -1.025289e-02
      vertex -2.025735e-03 1.587835e-02 -1.052427e-02
    endloop
  endfacet
  facet normal -3.130846e-03 8.067512e-01 -5.908829e-01
    outer loop
      vertex -3.239170e-03 1.558083e-02 -1.095887e-02
      vertex -1.053554e-03 1.526546e-02 -1.140105e-02
      vertex -2.236331e-03 1.531443e-02 -1.132792e-02
    endloop
  endfacet
  facet normal 1.595789e-03 8.152538e-01 -5.791016e-01
    outer loop
      vertex -1.719653e-08 1.580228e-02 -1.064241e-02
      vertex -2.961205e-09 1.526952e-02 -1.139243e-02
      vertex -1.053554e-03 1.526546e-02 -1.140105e-02
    endloop
  endfacet
  facet normal -4.733499e-03 7.938153e-01 -6.081405e-01
    outer loop
      vertex -2.236331e-03 1.531443e-02 -1.132792e-02
      vertex -1.053554e-03 1.526546e-02 -1.140105e-02
      vertex -2.406814e-03 1.489238e-02 -1.187750e-02
    endloop
  endfacet
  facet normal 2.023492e-03 7.863652e-01 -6.177586e-01
    outer loop
      vertex -1.053554e-03 1.526546e-02 -1.140105e-02
      vertex -2.961205e-09 1.526952e-02 -1.139243e-02
      vertex -1.239952e-08 1.469899e-02 -1.211868e-02
    endloop
  endfacet
  facet normal 1.047277e-03 7.258661e-01 -6.878352e-01
    outer loop
      vertex -4.432607e-08 1.347551e-02 -1.346517e-02
      vertex -2.179416e-03 1.346015e-02 -1.348470e-02
      vertex -1.525613e-03 1.419535e-02 -1.270786e-02
    endloop
  endfacet
  facet normal 1.768077e-03 6.902153e-01 -7.236019e-01
    outer loop
      vertex -2.936052e-08 1.280835e-02 -1.410155e-02
      vertex -2.079547e-03 1.287056e-02 -1.404729e-02
      vertex -4.432607e-08 1.347551e-02 -1.346517e-02
    endloop
  endfacet
  facet normal 1.684895e-03 6.544298e-01 -7.561209e-01
    outer loop
      vertex -1.002602e-03 1.211257e-02 -1.470599e-02
      vertex -2.346643e-03 1.237477e-02 -1.448205e-02
      vertex -2.936052e-08 1.280835e-02 -1.410155e-02
    endloop
  endfacet
  facet normal 2.420265e-04 4.116690e-01 -9.113334e-01
    outer loop
      vertex -1.253549e-03 7.813247e-03 -1.737316e-02
      vertex -9.304730e-10 8.258180e-03 -1.717184e-02
      vertex -7.873243e-09 7.407084e-03 -1.755630e-02
    endloop
  endfacet
  facet normal 3.488279e-04 3.661185e-01 -9.305682e-01
    outer loop
      vertex -9.371963e-10 6.536215e-03 -1.789893e-02
      vertex -8.824983e-04 6.927315e-03 -1.774538e-02
      vertex -7.873243e-09 7.407084e-03 -1.755630e-02
    endloop
  endfacet
  facet normal -2.872805e-04 3.203165e-01 -9.473105e-01
    outer loop
      vertex 2.842171e-17 5.664887e-03 -1.819355e-02
      vertex -9.526971e-04 6.402491e-03 -1.794385e-02
      vertex -9.371963e-10 6.536215e-03 -1.789893e-02
    endloop
  endfacet
  facet normal 2.655399e-04 2.730559e-01 -9.619981e-01
    outer loop
      vertex -2.769215e-08 4.758065e-03 -1.845094e-02
      vertex -1.338790e-03 5.266869e-03 -1.830689e-02
      vertex 2.842171e-17 5.664887e-03 -1.819355e-02
    endloop
  endfacet
  facet normal 2.008984e-04 1.775733e-01 -9.841076e-01
    outer loop
      vertex -8.198492e-09 2.918188e-03 -1.882767e-02
      vertex -1.171570e-03 2.880065e-03 -1.883479e-02
      vertex -4.914173e-09 3.873168e-03 -1.865536e-02
    endloop
  endfacet
  facet normal 1.901877e-03 1.267620e-01 -9.919313e-01
    outer loop
      vertex -8.198492e-09 2.918188e-03 -1.882767e-02
      vertex -5.888579e-09 1.949687e-03 -1.895144e-02
      vertex -1.171570e-03 2.880065e-03 -1.883479e-02
    endloop
  endfacet
  facet normal 2.630203e-03 7.514332e-02 -9.971693e-01
    outer loop
      vertex 1.519699e-11 9.583321e-04 -1.902615e-02
      vertex -1.488221e-03 1.154949e-03 -1.901526e-02
      vertex -5.888579e-09 1.949687e-03 -1.895144e-02
    endloop
  endfacet
  facet normal 1.902827e-03 2.506412e-02 -9.996840e-01
    outer loop
      vertex -1.343804e-03 4.358540e-04 -1.904181e-02
      vertex 1.519699e-11 9.583321e-04 -1.902615e-02
      vertex -4.642102e-09 3.242681e-05 -1.904936e-02
    endloop
  endfacet
  facet normal 4.370191e-03 9.999627e-01 7.450569e-03
    outer loop
      vertex -1.444088e-03 1.904522e-02 -2.858978e-04
      vertex -2.647495e-03 1.904590e-02 3.280693e-04
      vertex -1.032924e-03 1.903666e-02 6.213056e-04
    endloop
  endfacet
  facet normal -7.886979e-04 9.725128e-01 2.328480e-01
    outer loop
      vertex -1.158279e-03 1.854899e-02 4.333911e-03
      vertex -3.529993e-03 1.859729e-02 4.124165e-03
      vertex -2.898205e-03 1.845483e-02 4.721294e-03
    endloop
  endfacet
  facet normal 1.759855e-03 9.665214e-01 2.565801e-01
    outer loop
      vertex -2.246359e-03 1.827192e-02 5.385069e-03
      vertex 1.421085e-17 1.819355e-02 5.664887e-03
      vertex -1.158279e-03 1.854899e-02 4.333911e-03
    endloop
  endfacet
  facet normal -2.427086e-03 8.869906e-01 4.617811e-01
    outer loop
      vertex 2.842171e-17 1.675077e-02 9.080361e-03
      vertex -1.223464e-03 1.699219e-02 8.610202e-03
      vertex -2.326587e-03 1.672037e-02 9.126528e-03
    endloop
  endfacet
  facet normal -6.473208e-03 8.904811e-01 4.549742e-01
    outer loop
      vertex -2.326587e-03 1.672037e-02 9.126528e-03
      vertex -1.223464e-03 1.699219e-02 8.610202e-03
      vertex -2.697637e-03 1.721331e-02 8.156447e-03
    endloop
  endfacet
  facet normal -1.567459e-03 8.696429e-01 4.936788e-01
    outer loop
      vertex -2.015707e-03 1.641238e-02 9.670052e-03
      vertex 2.842171e-17 1.675077e-02 9.080361e-03
      vertex -2.326587e-03 1.672037e-02 9.126528e-03
    endloop
  endfacet
  facet normal -3.345770e-03 8.395639e-01 5.432506e-01
    outer loop
      vertex -1.228706e-03 1.578955e-02 1.066338e-02
      vertex -1.945508e-03 1.617387e-02 1.006503e-02
      vertex -3.419681e-03 1.570603e-02 1.077897e-02
    endloop
  endfacet
  facet normal 1.737799e-03 6.891745e-01 7.245933e-01
    outer loop
      vertex -3.499908e-03 1.305241e-02 1.387483e-02
      vertex -1.854469e-03 1.277818e-02 1.413172e-02
      vertex -2.085905e-03 1.331773e-02 1.361909e-02
    endloop
  endfacet
  facet normal -8.568344e-03 5.576481e-01 8.300333e-01
    outer loop
      vertex -2.446927e-03 1.029021e-02 1.602915e-02
      vertex -1.305060e-03 1.065366e-02 1.579675e-02
      vertex -2.983446e-03 1.111055e-02 1.547248e-02
    endloop
  endfacet
  facet normal -7.524598e-03 4.842259e-01 8.749107e-01
    outer loop
      vertex -1.414003e-03 9.306147e-03 1.662112e-02
      vertex -2.567268e-03 9.728748e-03 1.637731e-02
      vertex -2.466984e-03 8.775367e-03 1.690583e-02
    endloop
  endfacet
  facet normal 2.625950e-04 4.722833e-01 8.814468e-01
    outer loop
      vertex -2.466984e-03 8.775367e-03 1.690583e-02
      vertex -8.423848e-04 8.687576e-03 1.695238e-02
      vertex -1.414003e-03 9.306147e-03 1.662112e-02
    endloop
  endfacet
  facet normal -1.526263e-02 3.898705e-01 9.207432e-01
    outer loop
      vertex -1.524315e-03 7.600434e-03 1.746806e-02
      vertex -2.426870e-03 8.112895e-03 1.723611e-02
      vertex -1.815139e-03 7.036236e-03 1.770214e-02
    endloop
  endfacet
  facet normal 2.753602e-03 3.476772e-01 9.376103e-01
    outer loop
      vertex -1.484202e-03 6.187362e-03 1.801594e-02
      vertex -1.815139e-03 7.036236e-03 1.770214e-02
      vertex -4.089014e-03 6.394117e-03 1.794692e-02
    endloop
  endfacet
  facet normal 1.063969e-05 2.460337e-01 9.692613e-01
    outer loop
      vertex -3.697130e-03 4.256180e-03 1.856919e-02
      vertex -1.494230e-03 4.329302e-03 1.855061e-02
      vertex -3.794858e-03 5.156116e-03 1.834076e-02
    endloop
  endfacet
  facet normal -1.677012e-04 1.995868e-01 9.798801e-01
    outer loop
      vertex -3.391270e-03 3.337976e-03 1.875627e-02
      vertex -1.504259e-03 3.486243e-03 1.872639e-02
      vertex -3.697130e-03 4.256180e-03 1.856919e-02
    endloop
  endfacet
  facet normal 1.484244e-03 2.041015e-01 9.789486e-01
    outer loop
      vertex -3.697130e-03 4.256180e-03 1.856919e-02
      vertex -1.504259e-03 3.486243e-03 1.872639e-02
      vertex -1.494230e-03 4.329302e-03 1.855061e-02
    endloop
  endfacet
  facet normal -3.591400e-03 6.792454e-02 9.976840e-01
    outer loop
      vertex -1.674362e-03 1.180395e-03 1.901384e-02
      vertex -3.309369e-03 1.712863e-03 1.897171e-02
      vertex -2.918262e-03 9.700670e-04 1.902369e-02
    endloop
  endfacet
  facet normal 1.763604e-03 -3.314331e-03 9.999930e-01
    outer loop
      vertex -1.263577e-03 4.032148e-04 1.904253e-02
      vertex -2.948347e-03 3.584364e-04 1.904535e-02
      vertex -1.373889e-03 -5.169792e-04 1.903968e-02
    endloop
  endfacet
  facet normal 2.300393e-04 -2.590745e-02 9.996643e-01
    outer loop
      vertex -3.209085e-03 -7.623080e-04 1.903374e-02
      vertex -1.373889e-03 -5.169792e-04 1.903968e-02
      vertex -3.409653e-03 -2.032068e-04 1.904828e-02
    endloop
  endfacet
  facet normal 4.461596e-03 1.538103e-03 9.999889e-01
    outer loop
      vertex -3.409653e-03 -2.032068e-04 1.904828e-02
      vertex -1.373889e-03 -5.169792e-04 1.903968e-02
      vertex -2.948347e-03 3.584364e-04 1.904535e-02
    endloop
  endfacet
  facet normal -8.557271e-04 -3.150379e-01 9.490787e-01
    outer loop
      vertex -2.687608e-03 -6.342967e-03 1.796205e-02
      vertex -9.526971e-04 -6.402491e-03 1.794385e-02
      vertex -2.236331e-03 -5.609733e-03 1.820584e-02
    endloop
  endfacet
  facet normal -2.337172e-03 -3.539888e-01 9.352467e-01
    outer loop
      vertex -9.526971e-04 -6.402491e-03 1.794385e-02
      vertex -2.687608e-03 -6.342967e-03 1.796205e-02
      vertex -8.824983e-04 -6.927315e-03 1.774538e-02
    endloop
  endfacet
  facet normal -5.950290e-04 -4.675353e-01 8.839742e-01
    outer loop
      vertex -1.283634e-03 -9.233536e-03 1.666381e-02
      vertex -1.263577e-03 -8.688275e-03 1.695222e-02
      vertex -2.968404e-03 -9.188423e-03 1.668654e-02
    endloop
  endfacet
  facet normal -5.876032e-03 -4.534151e-01 8.912801e-01
    outer loop
      vertex -2.968404e-03 -9.188423e-03 1.668654e-02
      vertex -1.263577e-03 -8.688275e-03 1.695222e-02
      vertex -2.697637e-03 -8.156447e-03 1.721331e-02
    endloop
  endfacet
  facet normal -1.609748e-03 -4.971996e-01 8.676347e-01
    outer loop
      vertex -2.146075e-03 -9.665037e-03 1.641494e-02
      vertex -1.283634e-03 -9.233536e-03 1.666381e-02
      vertex -2.968404e-03 -9.188423e-03 1.668654e-02
    endloop
  endfacet
  facet normal 4.465525e-05 -4.996835e-01 8.662081e-01
    outer loop
      vertex -1.283634e-03 -9.233536e-03 1.666381e-02
      vertex -2.146075e-03 -9.665037e-03 1.641494e-02
      vertex -3.003438e-08 -9.882186e-03 1.628956e-02
    endloop
  endfacet
  facet normal -4.443343e-03 -5.325818e-01 8.463669e-01
    outer loop
      vertex -1.445919e-03 -1.065993e-02 1.579257e-02
      vertex -3.003438e-08 -9.882186e-03 1.628956e-02
      vertex -2.146075e-03 -9.665037e-03 1.641494e-02
    endloop
  endfacet
  facet normal -5.753450e-03 -5.549419e-01 8.318692e-01
    outer loop
      vertex -1.445919e-03 -1.065993e-02 1.579257e-02
      vertex -2.868120e-03 -1.030793e-02 1.601756e-02
      vertex -3.138886e-03 -1.093167e-02 1.559958e-02
    endloop
  endfacet
  facet normal 1.403420e-03 -7.237088e-01 6.901041e-01
    outer loop
      vertex -3.499908e-03 -1.387483e-02 1.305241e-02
      vertex -1.528803e-03 -1.410669e-02 1.280526e-02
      vertex -2.085905e-03 -1.361909e-02 1.331773e-02
    endloop
  endfacet
  facet normal -1.693356e-03 -9.242715e-01 3.817319e-01
    outer loop
      vertex -2.888176e-03 -1.773399e-02 6.955814e-03
      vertex -1.313719e-03 -1.766958e-02 7.118764e-03
      vertex -3.269255e-03 -1.747017e-02 7.592920e-03
    endloop
  endfacet
  facet normal -1.371158e-03 -9.713396e-01 2.376921e-01
    outer loop
      vertex -3.439738e-03 -1.859328e-02 4.140087e-03
      vertex -1.343804e-03 -1.856022e-02 4.287271e-03
      vertex -3.128858e-03 -1.839901e-02 4.935755e-03
    endloop
  endfacet
  facet normal 1.294077e-03 -9.794741e-01 2.015657e-01
    outer loop
      vertex -3.439738e-03 -1.859328e-02 4.140087e-03
      vertex -2.075877e-03 -1.873315e-02 3.451667e-03
      vertex -1.343804e-03 -1.856022e-02 4.287271e-03
    endloop
  endfacet
  facet normal 1.111552e-03 -9.948511e-01 1.013417e-01
    outer loop
      vertex -1.694798e-03 -1.891652e-02 2.241943e-03
      vertex -2.928290e-03 -1.896207e-02 1.808342e-03
      vertex -1.163293e-03 -1.897760e-02 1.636550e-03
    endloop
  endfacet
  facet normal -1.383944e-03 -9.999915e-01 -3.873504e-03
    outer loop
      vertex -1.213435e-03 -1.904227e-02 -3.909523e-04
      vertex -3.048631e-03 -1.904308e-02 4.740072e-04
      vertex -3.028574e-03 -1.903909e-02 -5.632700e-04
    endloop
  endfacet
  facet normal -8.911293e-04 -9.915135e-01 -1.300005e-01
    outer loop
      vertex 2.842171e-17 -1.883050e-02 -2.901127e-03
      vertex -2.045792e-03 -1.892880e-02 -2.137377e-03
      vertex -2.256388e-03 -1.883686e-02 -2.837188e-03
    endloop
  endfacet
  facet normal -4.653572e-04 -9.619662e-01 -2.731681e-01
    outer loop
      vertex -2.246359e-03 -1.827192e-02 -5.385069e-03
      vertex 2.842171e-17 -1.819355e-02 -5.664887e-03
      vertex 2.131628e-17 -1.845026e-02 -4.760892e-03
    endloop
  endfacet
  facet normal -1.957615e-03 -8.869479e-01 -4.618653e-01
    outer loop
      vertex 2.131628e-17 -1.675077e-02 -9.080361e-03
      vertex -1.233492e-03 -1.695146e-02 -8.689737e-03
      vertex -2.567268e-03 -1.673392e-02 -9.101837e-03
    endloop
  endfacet
  facet normal -5.493461e-03 -8.915653e-01 -4.528588e-01
    outer loop
      vertex -2.567268e-03 -1.673392e-02 -9.101837e-03
      vertex -1.233492e-03 -1.695146e-02 -8.689737e-03
      vertex -2.697637e-03 -1.721331e-02 -8.156447e-03
    endloop
  endfacet
  facet normal -1.582928e-03 -8.698784e-01 -4.932637e-01
    outer loop
      vertex -2.276444e-03 -1.640829e-02 -9.677021e-03
      vertex 2.131628e-17 -1.675077e-02 -9.080361e-03
      vertex -2.567268e-03 -1.673392e-02 -9.101837e-03
    endloop
  endfacet
  facet normal 1.130052e-03 -6.899485e-01 -7.238576e-01
    outer loop
      vertex -3.179000e-03 -1.301492e-02 -1.390943e-02
      vertex -1.528803e-03 -1.280526e-02 -1.410669e-02
      vertex -2.085905e-03 -1.331773e-02 -1.361909e-02
    endloop
  endfacet
  facet normal -5.819195e-03 -5.516029e-01 -8.340866e-01
    outer loop
      vertex -2.446927e-03 -1.029021e-02 -1.602915e-02
      vertex -1.305060e-03 -1.065366e-02 -1.579675e-02
      vertex -3.419681e-03 -1.097759e-02 -1.556778e-02
    endloop
  endfacet
  facet normal -7.300476e-04 -3.329934e-01 -9.429289e-01
    outer loop
      vertex -3.630277e-03 -6.096930e-03 -1.804683e-02
      vertex -1.484202e-03 -6.177152e-03 -1.802016e-02
      vertex -2.828006e-03 -6.560139e-03 -1.788387e-02
    endloop
  endfacet
  facet normal 1.063969e-05 -2.460337e-01 -9.692613e-01
    outer loop
      vertex -3.697130e-03 -4.256180e-03 -1.856919e-02
      vertex -1.494230e-03 -4.329302e-03 -1.855061e-02
      vertex -3.794858e-03 -5.156116e-03 -1.834076e-02
    endloop
  endfacet
  facet normal 7.756606e-04 -2.021656e-01 -9.793510e-01
    outer loop
      vertex -3.527733e-03 -3.474473e-03 -1.873043e-02
      vertex -1.504259e-03 -3.486243e-03 -1.872639e-02
      vertex -3.697130e-03 -4.256180e-03 -1.856919e-02
    endloop
  endfacet
  facet normal 1.484244e-03 -2.041015e-01 -9.789486e-01
    outer loop
      vertex -3.697130e-03 -4.256180e-03 -1.856919e-02
      vertex -1.504259e-03 -3.486243e-03 -1.872639e-02
      vertex -1.494230e-03 -4.329302e-03 -1.855061e-02
    endloop
  endfacet
  facet normal 7.558321e-03 -4.808713e-02 -9.988145e-01
    outer loop
      vertex -2.088568e-03 -1.367475e-03 -1.900105e-02
      vertex -2.577296e-03 -8.053828e-04 -1.903181e-02
      vertex -1.133208e-03 -3.261178e-04 -1.904395e-02
    endloop
  endfacet
  facet normal -9.423560e-04 -2.249710e-02 -9.997465e-01
    outer loop
      vertex -1.133208e-03 -3.261178e-04 -1.904395e-02
      vertex -2.577296e-03 -8.053828e-04 -1.903181e-02
      vertex -3.419681e-03 -1.810198e-05 -1.904873e-02
    endloop
  endfacet
  facet normal -4.055563e-04 1.710418e-02 -9.998536e-01
    outer loop
      vertex -2.998489e-03 6.629868e-04 -1.903725e-02
      vertex -1.343804e-03 4.358540e-04 -1.904181e-02
      vertex -3.419681e-03 -1.810198e-05 -1.904873e-02
    endloop
  endfacet
  facet normal -8.557271e-04 3.150379e-01 -9.490787e-01
    outer loop
      vertex -2.687608e-03 6.342967e-03 -1.796205e-02
      vertex -9.526971e-04 6.402491e-03 -1.794385e-02
      vertex -2.236331e-03 5.609733e-03 -1.820584e-02
    endloop
  endfacet
  facet normal -2.337172e-03 3.539888e-01 -9.352467e-01
    outer loop
      vertex -9.526971e-04 6.402491e-03 -1.794385e-02
      vertex -2.687608e-03 6.342967e-03 -1.796205e-02
      vertex -8.824983e-04 6.927315e-03 -1.774538e-02
    endloop
  endfacet
  facet normal -5.950290e-04 4.675353e-01 -8.839742e-01
    outer loop
      vertex -1.283634e-03 9.233536e-03 -1.666381e-02
      vertex -1.263577e-03 8.688275e-03 -1.695222e-02
      vertex -2.968404e-03 9.188423e-03 -1.668654e-02
    endloop
  endfacet
  facet normal -5.876032e-03 4.534151e-01 -8.912801e-01
    outer loop
      vertex -2.968404e-03 9.188423e-03 -1.668654e-02
      vertex -1.263577e-03 8.688275e-03 -1.695222e-02
      vertex -2.697637e-03 8.156447e-03 -1.721331e-02
    endloop
  endfacet
  facet normal -1.609748e-03 4.971996e-01 -8.676347e-01
    outer loop
      vertex -2.146075e-03 9.665037e-03 -1.641494e-02
      vertex -1.283634e-03 9.233536e-03 -1.666381e-02
      vertex -2.968404e-03 9.188423e-03 -1.668654e-02
    endloop
  endfacet
  facet normal 1.315979e-04 4.998138e-01 -8.661328e-01
    outer loop
      vertex -1.283634e-03 9.233536e-03 -1.666381e-02
      vertex -2.146075e-03 9.665037e-03 -1.641494e-02
      vertex -3.039690e-08 9.887383e-03 -1.628631e-02
    endloop
  endfacet
  facet normal -4.448535e-03 5.325844e-01 -8.463652e-01
    outer loop
      vertex -1.445919e-03 1.065993e-02 -1.579257e-02
      vertex -3.039690e-08 9.887383e-03 -1.628631e-02
      vertex -2.146075e-03 9.665037e-03 -1.641494e-02
    endloop
  endfacet
  facet normal 2.448201e-04 5.391568e-01 -8.422054e-01
    outer loop
      vertex -1.445919e-03 1.065993e-02 -1.579257e-02
      vertex -2.607381e-03 1.009559e-02 -1.615419e-02
      vertex -3.922126e-03 1.059170e-02 -1.583697e-02
    endloop
  endfacet
  facet normal -1.211861e-03 5.759416e-01 -8.174900e-01
    outer loop
      vertex -1.445919e-03 1.065993e-02 -1.579257e-02
      vertex -3.922126e-03 1.059170e-02 -1.583697e-02
      vertex -2.547211e-03 1.101102e-02 -1.554359e-02
    endloop
  endfacet
  facet normal 2.430913e-03 7.252824e-01 -6.884472e-01
    outer loop
      vertex -3.179000e-03 1.390943e-02 -1.301492e-02
      vertex -1.525613e-03 1.419535e-02 -1.270786e-02
      vertex -2.179416e-03 1.346015e-02 -1.348470e-02
    endloop
  endfacet
  facet normal 1.115475e-02 7.716691e-01 -6.359264e-01
    outer loop
      vertex -2.406814e-03 1.489238e-02 -1.187750e-02
      vertex -1.053554e-03 1.526546e-02 -1.140105e-02
      vertex -1.525613e-03 1.419535e-02 -1.270786e-02
    endloop
  endfacet
  facet normal -5.068123e-03 9.248468e-01 -3.803062e-01
    outer loop
      vertex -3.289312e-03 1.782425e-02 -6.716291e-03
      vertex -1.313719e-03 1.766958e-02 -7.118764e-03
      vertex -2.156104e-03 1.746045e-02 -7.616099e-03
    endloop
  endfacet
  facet normal -1.371158e-03 9.713396e-01 -2.376921e-01
    outer loop
      vertex -3.439738e-03 1.859328e-02 -4.140087e-03
      vertex -1.343804e-03 1.856022e-02 -4.287271e-03
      vertex -3.128858e-03 1.839901e-02 -4.935755e-03
    endloop
  endfacet
  facet normal 1.294077e-03 9.794741e-01 -2.015657e-01
    outer loop
      vertex -3.439738e-03 1.859328e-02 -4.140087e-03
      vertex -2.075877e-03 1.873315e-02 -3.451667e-03
      vertex -1.343804e-03 1.856022e-02 -4.287271e-03
    endloop
  endfacet
  facet normal 1.280949e-03 9.948358e-01 -1.014889e-01
    outer loop
      vertex -1.694798e-03 1.891652e-02 -2.241943e-03
      vertex -2.667552e-03 1.896244e-02 -1.804156e-03
      vertex -1.163293e-03 1.897760e-02 -1.636550e-03
    endloop
  endfacet
  facet normal 1.000000e+00 -5.221751e-15 1.010882e-15
    outer loop
      vertex 1.804112e-17 -1.637854e-02 -4.249043e-03
      vertex 1.398881e-17 -1.735276e-02 -5.272755e-03
      vertex 2.482736e-17 -1.533558e-02 -5.574776e-03
    endloop
  endfacet
  facet normal 1.000000e+00 -5.312828e-15 4.025829e-16
    outer loop
      vertex 2.482736e-17 -1.533558e-02 -5.574776e-03
      vertex 1.398881e-17 -1.735276e-02 -5.272755e-03
      vertex 1.892930e-17 -1.654101e-02 -6.832140e-03
    endloop
  endfacet
  facet normal 1.000000e+00 2.470027e-15 -6.266151e-15
    outer loop
      vertex 2.786660e-17 -1.616273e-02 4.077891e-03
      vertex 1.826317e-17 -1.571997e-02 2.719834e-03
      vertex 2.176037e-17 -1.482328e-02 3.631406e-03
    endloop
  endfacet
  facet normal 1.000000e+00 7.042003e-15 7.422822e-17
    outer loop
      vertex 2.400857e-17 -1.651992e-02 1.209229e-03
      vertex 1.826317e-17 -1.571997e-02 2.719834e-03
      vertex 2.700618e-17 -1.696699e-02 3.238375e-03
    endloop
  endfacet
  facet normal 1.000000e+00 -6.740752e-15 -2.962401e-15
    outer loop
      vertex 1.770806e-17 -1.752643e-02 1.372649e-03
      vertex 2.400857e-17 -1.651992e-02 1.209229e-03
      vertex 2.700618e-17 -1.696699e-02 3.238375e-03
    endloop
  endfacet
  facet normal 1.000000e+00 4.445638e-16 8.396572e-16
    outer loop
      vertex 2.400857e-17 -1.651992e-02 1.209229e-03
      vertex 2.563227e-17 -1.726473e-02 -3.301921e-04
      vertex 2.464695e-17 -1.542604e-02 -1.302246e-04
    endloop
  endfacet
  facet normal 1.000000e+00 -5.645062e-15 3.785970e-15
    outer loop
      vertex 1.770806e-17 -1.752643e-02 1.372649e-03
      vertex 2.563227e-17 -1.726473e-02 -3.301921e-04
      vertex 2.400857e-17 -1.651992e-02 1.209229e-03
    endloop
  endfacet
  facet normal 1.000000e+00 2.882590e-15 1.565161e-15
    outer loop
      vertex 2.442491e-17 -1.606057e-02 6.377587e-03
      vertex 2.409184e-17 -1.517768e-02 4.964348e-03
      vertex 2.098322e-17 -1.483816e-02 6.325195e-03
    endloop
  endfacet
  facet normal 1.000000e+00 2.761491e-15 -1.260293e-15
    outer loop
      vertex 2.442491e-17 -1.606057e-02 6.377587e-03
      vertex 2.098322e-17 -1.483816e-02 6.325195e-03
      vertex 2.109424e-17 -1.441526e-02 7.339938e-03
    endloop
  endfacet
  facet normal 1.000000e+00 1.589900e-15 -2.548021e-15
    outer loop
      vertex 3.086420e-17 -1.780125e-02 4.231941e-03
      vertex 2.700618e-17 -1.696699e-02 3.238375e-03
      vertex 2.786660e-17 -1.616273e-02 4.077891e-03
    endloop
  endfacet
  facet normal 1.000000e+00 2.474891e-15 1.508082e-15
    outer loop
      vertex 2.758904e-17 -1.689223e-02 5.459092e-03
      vertex 2.786660e-17 -1.616273e-02 4.077891e-03
      vertex 2.409184e-17 -1.517768e-02 4.964348e-03
    endloop
  endfacet
  facet normal 1.000000e+00 4.362317e-15 -5.892809e-16
    outer loop
      vertex 2.786660e-17 -1.616273e-02 4.077891e-03
      vertex 2.176037e-17 -1.482328e-02 3.631406e-03
      vertex 2.409184e-17 -1.517768e-02 4.964348e-03
    endloop
  endfacet
  facet normal 1.000000e+00 -3.708491e-15 -2.254295e-15
    outer loop
      vertex 2.816497e-17 -1.193494e-02 -1.234980e-02
      vertex 3.273423e-17 -1.086445e-02 -1.208391e-02
      vertex 2.910866e-17 -1.240017e-02 -1.116583e-02
    endloop
  endfacet
  facet normal 1.000000e+00 -2.564274e-15 -3.403120e-16
    outer loop
      vertex 3.273423e-17 -1.086445e-02 -1.208391e-02
      vertex 3.218259e-17 -1.133326e-02 -1.017240e-02
      vertex 2.910866e-17 -1.240017e-02 -1.116583e-02
    endloop
  endfacet
  facet normal 1.000000e+00 3.756605e-16 -5.157114e-15
    outer loop
      vertex 2.631229e-17 -1.540433e-02 -6.861070e-03
      vertex 2.069178e-17 -1.418146e-02 -7.861846e-03
      vertex 2.869927e-17 -1.378893e-02 -6.280547e-03
    endloop
  endfacet
  facet normal 1.000000e+00 2.700503e-15 -5.734222e-15
    outer loop
      vertex 1.872114e-17 -1.221135e-02 -7.277696e-03
      vertex 2.869927e-17 -1.378893e-02 -6.280547e-03
      vertex 2.069178e-17 -1.418146e-02 -7.861846e-03
    endloop
  endfacet
  facet normal 1.000000e+00 -2.231184e-15 8.936079e-16
    outer loop
      vertex 2.241263e-17 -1.208856e-02 6.008936e-03
      vertex 1.972034e-17 -1.297037e-02 6.820049e-03
      vertex 1.890155e-17 -1.383357e-02 5.581055e-03
    endloop
  endfacet
  facet normal 1.000000e+00 -1.503365e-15 1.684862e-15
    outer loop
      vertex 1.972034e-17 -1.297037e-02 6.820049e-03
      vertex 2.241263e-17 -1.208856e-02 6.008936e-03
      vertex 2.209344e-17 -1.102072e-02 7.151192e-03
    endloop
  endfacet
  facet normal 1.000000e+00 3.177107e-15 1.491683e-15
    outer loop
      vertex 2.098322e-17 -1.483816e-02 6.325195e-03
      vertex 2.409184e-17 -1.517768e-02 4.964348e-03
      vertex 1.890155e-17 -1.383357e-02 5.581055e-03
    endloop
  endfacet
  facet normal 1.000000e+00 -6.763938e-16 -6.109654e-15
    outer loop
      vertex 2.550737e-17 -1.258812e-02 1.206722e-02
      vertex 2.389061e-17 -1.157511e-02 1.169045e-02
      vertex 3.269607e-17 -1.170691e-02 1.314628e-02
    endloop
  endfacet
  facet normal 1.000000e+00 1.058971e-15 3.182135e-15
    outer loop
      vertex 2.688127e-17 -1.038820e-02 -1.040309e-02
      vertex 3.273423e-17 -1.086445e-02 -1.208391e-02
      vertex 3.019807e-17 -9.439424e-03 -1.176114e-02
    endloop
  endfacet
  facet normal 1.000000e+00 -3.459768e-15 -2.105217e-15
    outer loop
      vertex 2.675637e-17 -8.319492e-03 -1.302246e-02
      vertex 2.817191e-17 -7.366992e-03 -1.391543e-02
      vertex 3.221728e-17 -6.693545e-03 -1.310060e-02
    endloop
  endfacet
  facet normal 1.000000e+00 -1.816519e-15 4.402330e-15
    outer loop
      vertex 2.053913e-17 -1.219646e-02 -5.320605e-03
      vertex 2.720046e-17 -1.128861e-02 -6.459141e-03
      vertex 2.486900e-17 -1.020961e-02 -5.484316e-03
    endloop
  endfacet
  facet normal 1.000000e+00 -2.415107e-15 -7.636418e-15
    outer loop
      vertex 1.872114e-17 -1.221135e-02 -7.277696e-03
      vertex 2.214895e-17 -1.046262e-02 -7.381875e-03
      vertex 2.720046e-17 -1.128861e-02 -6.459141e-03
    endloop
  endfacet
  facet normal 1.000000e+00 3.929103e-15 -1.957324e-15
    outer loop
      vertex 2.486900e-17 -1.020961e-02 -5.484316e-03
      vertex 2.720046e-17 -1.128861e-02 -6.459141e-03
      vertex 2.214895e-17 -1.046262e-02 -7.381875e-03
    endloop
  endfacet
  facet normal 1.000000e+00 8.324967e-15 -2.543437e-15
    outer loop
      vertex 2.214895e-17 -1.046262e-02 -7.381875e-03
      vertex 1.344064e-17 -9.301758e-03 -7.006083e-03
      vertex 2.486900e-17 -1.020961e-02 -5.484316e-03
    endloop
  endfacet
  facet normal 1.000000e+00 -4.362769e-15 -5.135861e-16
    outer loop
      vertex 1.898481e-17 -8.133457e-03 -6.135439e-03
      vertex 1.344064e-17 -9.301758e-03 -7.006083e-03
      vertex 2.227385e-17 -7.214443e-03 -7.538145e-03
    endloop
  endfacet
  facet normal 1.000000e+00 6.847146e-15 9.284246e-17
    outer loop
      vertex 2.335979e-17 -6.613550e-03 7.997651e-03
      vertex 3.541611e-17 -8.356699e-03 6.697266e-03
      vertex 2.442491e-17 -6.749355e-03 6.540996e-03
    endloop
  endfacet
  facet normal 1.000000e+00 -7.631700e-15 -2.964359e-15
    outer loop
      vertex 2.038647e-17 -1.073423e-02 5.837783e-03
      vertex 3.369527e-17 -9.415239e-03 6.931670e-03
      vertex 2.209344e-17 -1.102072e-02 7.151192e-03
    endloop
  endfacet
  facet normal 1.000000e+00 -2.500954e-15 1.166073e-15
    outer loop
      vertex 2.976785e-17 -1.026914e-02 8.468321e-03
      vertex 3.369527e-17 -9.415239e-03 6.931670e-03
      vertex 3.386527e-17 -8.639473e-03 8.449717e-03
    endloop
  endfacet
  facet normal 1.000000e+00 3.048856e-15 -1.970089e-15
    outer loop
      vertex 2.384898e-17 -3.147715e-03 -1.528465e-02
      vertex 2.932377e-17 -4.390429e-03 -1.442889e-02
      vertex 2.852232e-17 -5.038762e-03 -1.583903e-02
    endloop
  endfacet
  facet normal 1.000000e+00 -1.665027e-15 -3.160327e-15
    outer loop
      vertex 2.342571e-17 -5.198341e-03 -1.736765e-02
      vertex 2.852232e-17 -5.038762e-03 -1.583903e-02
      vertex 2.409184e-17 -6.640741e-03 -1.639693e-02
    endloop
  endfacet
  facet normal 1.000000e+00 -1.049636e-15 -4.927391e-15
    outer loop
      vertex 3.125278e-17 -6.786563e-03 -1.491258e-02
      vertex 2.409184e-17 -6.640741e-03 -1.639693e-02
      vertex 2.852232e-17 -5.038762e-03 -1.583903e-02
    endloop
  endfacet
  facet normal 1.000000e+00 -1.990515e-15 -5.019823e-15
    outer loop
      vertex 3.125278e-17 -6.786563e-03 -1.491258e-02
      vertex 2.341183e-17 -7.880425e-03 -1.604082e-02
      vertex 2.409184e-17 -6.640741e-03 -1.639693e-02
    endloop
  endfacet
  facet normal 1.000000e+00 -4.906905e-15 -2.192315e-15
    outer loop
      vertex 2.282549e-17 -8.418729e-03 -1.510343e-02
      vertex 2.341183e-17 -7.880425e-03 -1.604082e-02
      vertex 3.125278e-17 -6.786563e-03 -1.491258e-02
    endloop
  endfacet
  facet normal 1.000000e+00 8.242060e-17 2.413185e-15
    outer loop
      vertex 2.842171e-17 -4.438799e-03 -8.442276e-03
      vertex 2.600697e-17 -3.356074e-03 -7.478613e-03
      vertex 2.498002e-17 -5.275957e-03 -6.987481e-03
    endloop
  endfacet
  facet normal 1.000000e+00 -3.499394e-15 1.916699e-15
    outer loop
      vertex 2.703393e-17 -6.018237e-03 -7.837662e-03
      vertex 2.227385e-17 -7.214443e-03 -7.538145e-03
      vertex 2.563574e-17 -7.255371e-03 -9.366870e-03
    endloop
  endfacet
  facet normal 1.000000e+00 -2.398745e-16 7.403651e-16
    outer loop
      vertex 2.464695e-17 -3.155156e-03 -3.631406e-03
      vertex 2.405021e-17 -4.896445e-03 -3.389561e-03
      vertex 2.489675e-17 -4.755059e-03 -4.487168e-03
    endloop
  endfacet
  facet normal 1.000000e+00 -2.579981e-15 -7.875178e-16
    outer loop
      vertex 2.489675e-17 -4.755059e-03 -4.487168e-03
      vertex 2.159384e-17 -6.213574e-03 -3.903018e-03
      vertex 2.034484e-17 -6.277757e-03 -5.278748e-03
    endloop
  endfacet
  facet normal 1.000000e+00 2.543706e-15 -4.463722e-15
    outer loop
      vertex 2.464695e-17 -3.155156e-03 -3.631406e-03
      vertex 2.489675e-17 -4.755059e-03 -4.487168e-03
      vertex 2.026157e-17 -3.951387e-03 -5.067597e-03
    endloop
  endfacet
  facet normal 1.000000e+00 2.750850e-15 -4.176906e-15
    outer loop
      vertex 2.489675e-17 -4.755059e-03 -4.487168e-03
      vertex 2.137179e-17 -5.744765e-03 -5.982891e-03
      vertex 2.026157e-17 -3.951387e-03 -5.067597e-03
    endloop
  endfacet
  facet normal 1.000000e+00 1.172771e-15 -1.084897e-15
    outer loop
      vertex 2.026157e-17 -3.951387e-03 -5.067597e-03
      vertex 2.137179e-17 -5.744765e-03 -5.982891e-03
      vertex 1.942890e-17 -4.397871e-03 -6.317754e-03
    endloop
  endfacet
  facet normal 1.000000e+00 7.359954e-16 -3.181786e-15
    outer loop
      vertex 2.264855e-17 -8.237637e-03 -5.008066e-03
      vertex 1.898481e-17 -8.133457e-03 -6.135439e-03
      vertex 2.034484e-17 -6.277757e-03 -5.278748e-03
    endloop
  endfacet
  facet normal 1.000000e+00 8.496064e-16 -6.017331e-16
    outer loop
      vertex 2.331468e-17 -8.278564e-03 -3.958828e-03
      vertex 2.264855e-17 -8.237637e-03 -5.008066e-03
      vertex 2.159384e-17 -6.213574e-03 -3.903018e-03
    endloop
  endfacet
  facet normal 1.000000e+00 -1.068371e-15 -3.848063e-15
    outer loop
      vertex 2.250977e-17 -4.381128e-03 -1.269690e-03
      vertex 2.989275e-17 -4.241601e-03 6.101953e-04
      vertex 2.622902e-17 -5.640586e-03 4.650878e-05
    endloop
  endfacet
  facet normal 1.000000e+00 -1.397177e-16 1.461494e-15
    outer loop
      vertex 2.464695e-17 -3.155156e-03 -3.631406e-03
      vertex 2.295386e-17 -4.375547e-03 -2.589609e-03
      vertex 2.405021e-17 -4.896445e-03 -3.389561e-03
    endloop
  endfacet
  facet normal 1.000000e+00 2.814618e-15 3.183800e-15
    outer loop
      vertex 2.239875e-17 -3.735586e-03 1.878955e-03
      vertex 2.018524e-17 -4.308574e-03 3.080742e-03
      vertex 2.706169e-17 -5.640586e-03 2.098477e-03
    endloop
  endfacet
  facet normal 1.000000e+00 5.102432e-15 8.138622e-17
    outer loop
      vertex 2.706169e-17 -5.640586e-03 2.098477e-03
      vertex 2.018524e-17 -4.308574e-03 3.080742e-03
      vertex 2.753353e-17 -5.759648e-03 3.765352e-03
    endloop
  endfacet
  facet normal 1.000000e+00 2.990916e-15 4.713702e-15
    outer loop
      vertex 2.989275e-17 -4.241601e-03 6.101953e-04
      vertex 2.239875e-17 -3.735586e-03 1.878955e-03
      vertex 2.706169e-17 -5.640586e-03 2.098477e-03
    endloop
  endfacet
  facet normal 1.000000e+00 1.500135e-15 2.362992e-15
    outer loop
      vertex 2.395306e-17 -4.405313e-03 5.670352e-03
      vertex 2.210038e-17 -5.288980e-03 7.015386e-03
      vertex 2.685352e-17 -5.547568e-03 5.168056e-03
    endloop
  endfacet
  facet normal 1.000000e+00 1.396500e-15 6.010123e-16
    outer loop
      vertex 2.335979e-17 -6.613550e-03 7.997651e-03
      vertex 2.442491e-17 -6.749355e-03 6.540996e-03
      vertex 2.210038e-17 -5.288980e-03 7.015386e-03
    endloop
  endfacet
  facet normal 1.000000e+00 -3.702223e-16 1.444845e-15
    outer loop
      vertex 2.442491e-17 -6.749355e-03 6.540996e-03
      vertex 2.689515e-17 -6.669360e-03 4.851797e-03
      vertex 2.685352e-17 -5.547568e-03 5.168056e-03
    endloop
  endfacet
  facet normal 1.000000e+00 -2.045395e-15 -1.125083e-15
    outer loop
      vertex 2.314815e-17 -7.280486e-03 2.632398e-03
      vertex 2.753353e-17 -5.759648e-03 3.765352e-03
      vertex 2.689515e-17 -6.669360e-03 4.851797e-03
    endloop
  endfacet
  facet normal 1.000000e+00 -2.764486e-15 -5.862499e-15
    outer loop
      vertex 2.833844e-17 -7.835801e-03 5.648027e-03
      vertex 2.009504e-17 -7.977188e-03 4.308574e-03
      vertex 2.689515e-17 -6.669360e-03 4.851797e-03
    endloop
  endfacet
  facet normal 1.000000e+00 -5.079218e-15 -2.897014e-16
    outer loop
      vertex 2.009504e-17 -7.977188e-03 4.308574e-03
      vertex 2.314815e-17 -7.280486e-03 2.632398e-03
      vertex 2.689515e-17 -6.669360e-03 4.851797e-03
    endloop
  endfacet
  facet normal 1.000000e+00 3.447544e-15 3.366815e-15
    outer loop
      vertex 2.335979e-17 -6.613550e-03 7.997651e-03
      vertex 2.210038e-17 -5.288980e-03 7.015386e-03
      vertex 1.692396e-17 -5.874990e-03 9.152929e-03
    endloop
  endfacet
  facet normal 1.000000e+00 3.430493e-15 -2.899280e-15
    outer loop
      vertex 2.551431e-17 -5.528965e-03 1.249412e-02
      vertex 2.553860e-17 -6.315893e-03 1.157139e-02
      vertex 1.855113e-17 -5.062016e-03 1.064493e-02
    endloop
  endfacet
  facet normal 1.000000e+00 -1.540071e-15 3.041892e-15
    outer loop
      vertex 2.220446e-17 -6.807273e-03 1.649594e-02
      vertex 2.783884e-17 -5.335488e-03 1.538883e-02
      vertex 2.128853e-17 -5.902499e-03 1.725513e-02
    endloop
  endfacet
  facet normal 1.000000e+00 4.179939e-16 -1.393868e-15
    outer loop
      vertex 2.386980e-17 -9.078516e-04 -1.582043e-02
      vertex 2.595146e-17 -1.272480e-03 -1.443633e-02
      vertex 2.342571e-17 -1.830586e-03 -1.641574e-02
    endloop
  endfacet
  facet normal 1.000000e+00 -3.204115e-15 3.725863e-15
    outer loop
      vertex 2.275957e-17 -2.678906e-04 -1.497211e-02
      vertex 2.386980e-17 -9.078516e-04 -1.582043e-02
      vertex 2.886580e-17 3.571875e-04 -1.607344e-02
    endloop
  endfacet
  facet normal 1.000000e+00 -1.530829e-15 3.720992e-16
    outer loop
      vertex 2.342571e-17 -1.830586e-03 -1.641574e-02
      vertex 2.273182e-17 -2.510952e-03 -1.734999e-02
      vertex 2.470246e-17 -1.255705e-03 -1.748189e-02
    endloop
  endfacet
  facet normal 1.000000e+00 3.502449e-16 2.879911e-15
    outer loop
      vertex 2.142730e-17 -4.204394e-03 -1.669107e-02
      vertex 2.409184e-17 -3.934436e-03 -1.764912e-02
      vertex 2.273182e-17 -2.510952e-03 -1.734999e-02
    endloop
  endfacet
  facet normal 1.000000e+00 2.052417e-15 2.545739e-16
    outer loop
      vertex 2.836273e-17 -2.783086e-03 -1.091840e-02
      vertex 2.681882e-17 -1.826865e-03 -1.256295e-02
      vertex 2.450817e-17 -8.111133e-04 -1.167557e-02
    endloop
  endfacet
  facet normal 1.000000e+00 2.763454e-15 -7.759784e-16
    outer loop
      vertex 2.595146e-17 -1.272480e-03 -1.443633e-02
      vertex 2.386980e-17 -9.078516e-04 -1.582043e-02
      vertex 2.275957e-17 -2.678906e-04 -1.497211e-02
    endloop
  endfacet
  facet normal 1.000000e+00 3.100395e-15 -1.442119e-16
    outer loop
      vertex 2.595146e-17 -1.272480e-03 -1.443633e-02
      vertex 2.275957e-17 -2.678906e-04 -1.497211e-02
      vertex 2.255141e-17 -1.302246e-04 -1.345592e-02
    endloop
  endfacet
  facet normal 1.000000e+00 4.517477e-16 1.527367e-15
    outer loop
      vertex 2.386980e-17 -2.128242e-03 -7.188398e-03
      vertex 2.711720e-17 -2.448223e-03 -9.219902e-03
      vertex 2.488287e-17 -1.540371e-03 -8.025557e-03
    endloop
  endfacet
  facet normal 1.000000e+00 3.301342e-16 6.682252e-16
    outer loop
      vertex 2.836273e-17 -2.783086e-03 -1.091840e-02
      vertex 2.764455e-17 -1.756172e-03 -1.035100e-02
      vertex 2.711720e-17 -2.448223e-03 -9.219902e-03
    endloop
  endfacet
  facet normal 1.000000e+00 3.791774e-15 3.375196e-16
    outer loop
      vertex 2.764455e-17 -1.756172e-03 -1.035100e-02
      vertex 2.450817e-17 -8.111133e-04 -1.167557e-02
      vertex 2.260692e-17 -3.906738e-04 -1.076585e-02
    endloop
  endfacet
  facet normal 1.000000e+00 -1.255045e-15 1.327977e-15
    outer loop
      vertex 2.661760e-17 -3.720701e-06 -4.974580e-03
      vertex 2.647882e-17 -1.488281e-03 -6.273106e-03
      vertex 2.828293e-17 -7.441407e-05 -6.295430e-03
    endloop
  endfacet
  facet normal 1.000000e+00 -9.293243e-16 -8.830702e-16
    outer loop
      vertex 2.647882e-17 -1.488281e-03 -6.273106e-03
      vertex 2.488287e-17 -1.540371e-03 -8.025557e-03
      vertex 2.675637e-17 3.720704e-05 -7.564189e-03
    endloop
  endfacet
  facet normal 1.000000e+00 4.282516e-15 1.078887e-15
    outer loop
      vertex 1.876277e-17 -1.919883e-03 -3.080742e-03
      vertex 2.464695e-17 -3.155156e-03 -3.631406e-03
      vertex 2.184364e-17 -2.224980e-03 -4.725293e-03
    endloop
  endfacet
  facet normal 1.000000e+00 3.298543e-16 3.862541e-15
    outer loop
      vertex 1.876277e-17 -1.919883e-03 -3.080742e-03
      vertex 2.262079e-17 -6.325195e-04 -4.189512e-03
      vertex 1.842970e-17 4.836914e-05 -3.162598e-03
    endloop
  endfacet
  facet normal 1.000000e+00 -2.485090e-15 -3.742913e-15
    outer loop
      vertex 2.250977e-17 -4.381128e-03 -1.269690e-03
      vertex 3.108624e-17 -2.920752e-03 5.208986e-05
      vertex 2.989275e-17 -4.241601e-03 6.101953e-04
    endloop
  endfacet
  facet normal 1.000000e+00 -4.838980e-15 -9.658850e-16
    outer loop
      vertex 1.618150e-17 -2.009180e-03 3.795117e-03
      vertex 1.953993e-17 -1.064121e-03 2.537519e-03
      vertex 2.535472e-17 -2.232422e-05 3.338401e-03
    endloop
  endfacet
  facet normal 1.000000e+00 -3.170858e-15 -3.135799e-15
    outer loop
      vertex 1.953993e-17 -1.064121e-03 2.537519e-03
      vertex 2.275957e-17 5.841504e-04 1.897559e-03
      vertex 2.535472e-17 -2.232422e-05 3.338401e-03
    endloop
  endfacet
  facet normal 1.000000e+00 1.412129e-15 4.396109e-16
    outer loop
      vertex 1.884604e-17 -4.025801e-03 4.211836e-03
      vertex 1.773581e-17 -2.820293e-03 2.864941e-03
      vertex 1.618150e-17 -2.009180e-03 3.795117e-03
    endloop
  endfacet
  facet normal 1.000000e+00 7.168626e-16 -9.178436e-16
    outer loop
      vertex 2.482736e-17 -4.939234e-04 7.019106e-03
      vertex 2.531308e-17 -1.998018e-03 6.373565e-03
      vertex 2.305101e-17 -1.525488e-04 5.350371e-03
    endloop
  endfacet
  facet normal 1.000000e+00 -7.748167e-16 2.557728e-15
    outer loop
      vertex 2.531308e-17 -1.998018e-03 6.373565e-03
      vertex 2.482736e-17 -4.939234e-04 7.019106e-03
      vertex 2.026851e-17 -2.232422e-03 8.274844e-03
    endloop
  endfacet
  facet normal 1.000000e+00 -1.104782e-15 -2.114546e-15
    outer loop
      vertex 2.575717e-17 -3.497461e-03 7.366992e-03
      vertex 2.331468e-17 -3.571875e-03 6.250781e-03
      vertex 2.531308e-17 -1.998018e-03 6.373565e-03
    endloop
  endfacet
  facet normal 1.000000e+00 -5.902811e-16 -3.655115e-15
    outer loop
      vertex 2.395306e-17 -4.405313e-03 5.670352e-03
      vertex 1.884604e-17 -4.025801e-03 4.211836e-03
      vertex 2.292611e-17 -2.597051e-03 5.097363e-03
    endloop
  endfacet
  facet normal 1.000000e+00 -1.060475e-15 -4.758600e-15
    outer loop
      vertex 2.317938e-17 -3.337471e-03 1.222437e-02
      vertex 1.632028e-17 -2.768203e-03 1.065609e-02
      vertex 2.174649e-17 -1.942207e-03 1.161231e-02
    endloop
  endfacet
  facet normal 1.000000e+00 -1.998714e-15 -1.995009e-15
    outer loop
      vertex 1.632028e-17 -2.768203e-03 1.065609e-02
      vertex 1.202684e-17 -4.089518e-03 9.827772e-03
      vertex 1.376677e-17 -2.783086e-03 9.391054e-03
    endloop
  endfacet
  facet normal 1.000000e+00 -7.084530e-17 3.772167e-15
    outer loop
      vertex 1.202684e-17 -4.089518e-03 9.827772e-03
      vertex 1.806888e-17 -4.263926e-03 8.222754e-03
      vertex 1.376677e-17 -2.783086e-03 9.391054e-03
    endloop
  endfacet
  facet normal 1.000000e+00 -3.948825e-15 3.876751e-15
    outer loop
      vertex 1.376677e-17 -2.783086e-03 9.391054e-03
      vertex 2.026851e-17 -2.232422e-03 8.274844e-03
      vertex 1.701417e-17 -1.555254e-03 9.804052e-03
    endloop
  endfacet
  facet normal 1.000000e+00 9.337400e-16 1.714641e-15
    outer loop
      vertex 1.701417e-17 -1.555254e-03 9.804052e-03
      vertex 2.026851e-17 -2.232422e-03 8.274844e-03
      vertex 1.761091e-17 -5.581057e-05 8.639473e-03
    endloop
  endfacet
  facet normal 1.000000e+00 4.974385e-16 4.319094e-15
    outer loop
      vertex 2.026851e-17 -2.232422e-03 8.274844e-03
      vertex 2.482736e-17 -4.939234e-04 7.019106e-03
      vertex 1.761091e-17 -5.581057e-05 8.639473e-03
    endloop
  endfacet
  facet normal 1.000000e+00 2.109384e-15 2.908923e-15
    outer loop
      vertex 2.559064e-17 -3.065859e-03 1.651992e-02
      vertex 2.686046e-17 -1.707803e-03 1.509861e-02
      vertex 2.209344e-17 -1.540806e-03 1.661627e-02
    endloop
  endfacet
  facet normal 1.000000e+00 3.235152e-15 2.852084e-15
    outer loop
      vertex 2.686046e-17 -1.707803e-03 1.509861e-02
      vertex 2.212119e-17 -1.674316e-04 1.501304e-02
      vertex 2.003953e-17 -5.506641e-04 1.617762e-02
    endloop
  endfacet
  facet normal 1.000000e+00 3.338221e-15 -4.601656e-16
    outer loop
      vertex 3.010092e-17 -1.766248e-04 -1.726184e-02
      vertex 2.471634e-17 1.408467e-03 -1.746437e-02
      vertex 2.886580e-17 3.571875e-04 -1.607344e-02
    endloop
  endfacet
  facet normal 1.000000e+00 3.504564e-15 8.470947e-16
    outer loop
      vertex 2.542411e-17 1.116211e-03 -1.515070e-02
      vertex 2.886580e-17 3.571875e-04 -1.607344e-02
      vertex 2.278733e-17 2.217539e-03 -1.659434e-02
    endloop
  endfacet
  facet normal 1.000000e+00 -3.684141e-16 -3.045738e-15
    outer loop
      vertex 2.805395e-17 1.121327e-03 -1.180067e-02
      vertex 2.255141e-17 -1.302246e-04 -1.345592e-02
      vertex 2.153833e-17 1.041797e-03 -1.393031e-02
    endloop
  endfacet
  facet normal 1.000000e+00 2.207655e-15 3.318663e-15
    outer loop
      vertex 2.255141e-17 -1.302246e-04 -1.345592e-02
      vertex 2.542411e-17 1.116211e-03 -1.515070e-02
      vertex 2.153833e-17 1.041797e-03 -1.393031e-02
    endloop
  endfacet
  facet normal 1.000000e+00 4.634348e-16 3.093148e-15
    outer loop
      vertex 2.664535e-17 2.749599e-03 -1.444935e-02
      vertex 2.225997e-17 3.758143e-03 -1.318268e-02
      vertex 2.318978e-17 2.048247e-03 -1.322710e-02
    endloop
  endfacet
  facet normal 1.000000e+00 -2.179449e-15 -3.162195e-15
    outer loop
      vertex 3.289730e-17 1.753381e-03 -4.199743e-03
      vertex 2.661760e-17 -3.720701e-06 -4.974580e-03
      vertex 2.753353e-17 1.291084e-03 -5.577334e-03
    endloop
  endfacet
  facet normal 1.000000e+00 -9.586035e-16 5.502556e-15
    outer loop
      vertex 1.693090e-17 3.720703e-03 0.000000e+00
      vertex 2.139955e-17 2.701230e-03 -9.897071e-04
      vertex 2.287059e-17 4.107656e-03 -1.012031e-03
    endloop
  endfacet
  facet normal 1.000000e+00 -3.442044e-15 3.150599e-15
    outer loop
      vertex 2.139955e-17 2.701230e-03 -9.897071e-04
      vertex 1.894318e-17 1.432471e-03 -1.596182e-03
      vertex 2.745720e-17 3.194224e-03 -2.373809e-03
    endloop
  endfacet
  facet normal 1.000000e+00 2.217028e-15 -1.192389e-14
    outer loop
      vertex 3.119727e-17 -8.687842e-04 -1.897559e-04
      vertex 1.626477e-17 -9.673828e-05 -1.298525e-03
      vertex 2.836620e-17 1.428750e-03 3.725290e-12
    endloop
  endfacet
  facet normal 1.000000e+00 -1.548908e-15 1.040827e-15
    outer loop
      vertex 1.626477e-17 -9.673828e-05 -1.298525e-03
      vertex 1.842970e-17 4.836914e-05 -3.162598e-03
      vertex 1.894318e-17 1.432471e-03 -1.596182e-03
    endloop
  endfacet
  facet normal 1.000000e+00 3.687605e-15 6.215758e-15
    outer loop
      vertex 2.864375e-17 2.902148e-03 -4.196953e-03
      vertex 2.586126e-17 1.568276e-03 -2.957959e-03
      vertex 3.289730e-17 1.753381e-03 -4.199743e-03
    endloop
  endfacet
  facet normal 1.000000e+00 -1.105653e-15 3.454397e-16
    outer loop
      vertex 2.876865e-17 4.044405e-03 -3.449092e-03
      vertex 2.745720e-17 3.194224e-03 -2.373809e-03
      vertex 2.586126e-17 1.568276e-03 -2.957959e-03
    endloop
  endfacet
  facet normal 1.000000e+00 1.951253e-15 -3.006508e-15
    outer loop
      vertex 2.498002e-17 2.154287e-03 2.533799e-03
      vertex 2.577105e-17 3.147715e-03 3.441650e-03
      vertex 3.039236e-17 1.346895e-03 3.810000e-03
    endloop
  endfacet
  facet normal 1.000000e+00 -1.324050e-15 -2.224115e-16
    outer loop
      vertex 2.275957e-17 5.841504e-04 1.897559e-03
      vertex 2.464695e-17 2.113359e-03 1.279922e-03
      vertex 2.498002e-17 2.154287e-03 2.533799e-03
    endloop
  endfacet
  facet normal 1.000000e+00 -1.111135e-15 -6.113743e-16
    outer loop
      vertex 2.498002e-17 2.154287e-03 2.533799e-03
      vertex 2.486900e-17 3.006328e-03 8.036718e-04
      vertex 2.677025e-17 3.947666e-03 2.202656e-03
    endloop
  endfacet
  facet normal 1.000000e+00 4.154634e-15 -6.184274e-15
    outer loop
      vertex 2.486900e-17 3.006328e-03 8.036718e-04
      vertex 1.693090e-17 3.720703e-03 0.000000e+00
      vertex 2.120526e-17 4.375547e-03 1.131094e-03
    endloop
  endfacet
  facet normal 1.000000e+00 -4.519434e-16 1.115752e-15
    outer loop
      vertex 2.535472e-17 -2.232422e-05 3.338401e-03
      vertex 2.332162e-17 1.024356e-03 5.584543e-03
      vertex 2.305101e-17 -1.525488e-04 5.350371e-03
    endloop
  endfacet
  facet normal 1.000000e+00 -4.753984e-15 3.120461e-15
    outer loop
      vertex 2.332162e-17 1.024356e-03 5.584543e-03
      vertex 2.535472e-17 -2.232422e-05 3.338401e-03
      vertex 3.039236e-17 1.346895e-03 3.810000e-03
    endloop
  endfacet
  facet normal 1.000000e+00 4.341166e-15 4.773582e-15
    outer loop
      vertex 2.332162e-17 1.024356e-03 5.584543e-03
      vertex 3.039236e-17 1.346895e-03 3.810000e-03
      vertex 2.015055e-17 2.470547e-03 4.933652e-03
    endloop
  endfacet
  facet normal 1.000000e+00 9.925026e-16 1.817693e-15
    outer loop
      vertex 2.077505e-17 3.889065e-03 1.341034e-02
      vertex 1.737499e-17 4.100215e-03 1.516559e-02
      vertex 1.915135e-17 2.794248e-03 1.490142e-02
    endloop
  endfacet
  facet normal 1.000000e+00 1.304140e-15 -3.523151e-16
    outer loop
      vertex 2.102485e-17 1.387822e-03 1.501304e-02
      vertex 1.966483e-17 2.026853e-03 1.351824e-02
      vertex 1.915135e-17 2.794248e-03 1.490142e-02
    endloop
  endfacet
  facet normal 1.000000e+00 7.049300e-16 -8.557975e-17
    outer loop
      vertex 2.212119e-17 -1.674316e-04 1.501304e-02
      vertex 2.131628e-17 7.404199e-04 1.308571e-02
      vertex 2.102485e-17 1.387822e-03 1.501304e-02
    endloop
  endfacet
  facet normal 1.000000e+00 2.524121e-16 3.067390e-15
    outer loop
      vertex 1.966483e-17 2.026853e-03 1.351824e-02
      vertex 2.131628e-17 7.404199e-04 1.308571e-02
      vertex 2.514655e-17 2.024063e-03 1.173138e-02
    endloop
  endfacet
  facet normal 1.000000e+00 1.288048e-15 1.283802e-15
    outer loop
      vertex 2.131628e-17 7.404199e-04 1.308571e-02
      vertex 2.234324e-17 -3.795117e-04 1.340941e-02
      vertex 2.409184e-17 -4.613672e-04 1.212949e-02
    endloop
  endfacet
  facet normal 1.000000e+00 1.165157e-15 -2.103503e-15
    outer loop
      vertex 2.102485e-17 1.387822e-03 1.501304e-02
      vertex 1.915135e-17 2.794248e-03 1.490142e-02
      vertex 2.051137e-17 3.534668e-03 1.595810e-02
    endloop
  endfacet
  facet normal 1.000000e+00 -1.858255e-15 2.318830e-15
    outer loop
      vertex 2.102485e-17 4.764360e-03 -1.588368e-02
      vertex 2.511880e-17 5.339559e-03 -1.718826e-02
      vertex 2.332162e-17 6.413562e-03 -1.555254e-02
    endloop
  endfacet
  facet normal 1.000000e+00 1.789859e-16 3.447525e-15
    outer loop
      vertex 2.027545e-17 5.205264e-03 -3.162597e-04
      vertex 2.287059e-17 4.107656e-03 -1.012031e-03
      vertex 2.538247e-17 4.836914e-03 -1.778496e-03
    endloop
  endfacet
  facet normal 1.000000e+00 5.602007e-17 3.330529e-15
    outer loop
      vertex 2.287059e-17 4.107656e-03 -1.012031e-03
      vertex 2.745720e-17 3.194224e-03 -2.373809e-03
      vertex 2.538247e-17 4.836914e-03 -1.778496e-03
    endloop
  endfacet
  facet normal 1.000000e+00 6.381565e-16 1.724196e-15
    outer loop
      vertex 2.745720e-17 3.194224e-03 -2.373809e-03
      vertex 2.876865e-17 4.044405e-03 -3.449092e-03
      vertex 2.538247e-17 4.836914e-03 -1.778496e-03
    endloop
  endfacet
  facet normal 1.000000e+00 4.009982e-16 6.975335e-16
    outer loop
      vertex 2.538247e-17 4.836914e-03 -1.778496e-03
      vertex 2.596534e-17 5.901035e-03 -3.225850e-03
      vertex 2.493145e-17 6.453560e-03 -2.061270e-03
    endloop
  endfacet
  facet normal 1.000000e+00 2.340968e-15 -6.534813e-15
    outer loop
      vertex 1.854072e-17 6.652617e-03 -4.092773e-03
      vertex 2.034484e-17 8.166944e-03 -3.274219e-03
      vertex 2.596534e-17 5.901035e-03 -3.225850e-03
    endloop
  endfacet
  facet normal 1.000000e+00 8.911219e-16 -2.063265e-15
    outer loop
      vertex 2.361999e-17 6.384727e-03 3.333750e-03
      vertex 2.367551e-17 5.168056e-03 2.835176e-03
      vertex 2.108730e-17 5.651748e-03 1.789658e-03
    endloop
  endfacet
  facet normal 1.000000e+00 3.080317e-15 -1.050470e-15
    outer loop
      vertex 2.367551e-17 5.168056e-03 2.835176e-03
      vertex 2.677025e-17 3.947666e-03 2.202656e-03
      vertex 2.108730e-17 5.651748e-03 1.789658e-03
    endloop
  endfacet
  facet normal 1.000000e+00 8.250595e-16 -7.067803e-16
    outer loop
      vertex 2.577105e-17 3.147715e-03 3.441650e-03
      vertex 2.367551e-17 5.168056e-03 2.835176e-03
      vertex 2.453593e-17 5.030391e-03 3.891856e-03
    endloop
  endfacet
  facet normal 1.000000e+00 2.913986e-15 2.996427e-15
    outer loop
      vertex 1.977585e-17 1.036588e-02 -4.010918e-03
      vertex 2.420286e-17 9.971484e-03 -5.104805e-03
      vertex 2.061545e-17 1.148953e-02 -5.383858e-03
    endloop
  endfacet
  facet normal 1.000000e+00 2.220011e-15 -7.788006e-16
    outer loop
      vertex 2.420286e-17 9.971484e-03 -5.104805e-03
      vertex 2.453593e-17 9.434772e-03 -6.207063e-03
      vertex 2.061545e-17 1.148953e-02 -5.383858e-03
    endloop
  endfacet
  facet normal 1.000000e+00 -7.171824e-16 4.305624e-15
    outer loop
      vertex 2.420286e-17 9.971484e-03 -5.104805e-03
      vertex 1.977585e-17 1.036588e-02 -4.010918e-03
      vertex 2.111505e-17 8.296238e-03 -4.666692e-03
    endloop
  endfacet
  facet normal 1.000000e+00 -1.564898e-15 1.064149e-15
    outer loop
      vertex 2.453593e-17 9.434772e-03 -6.207063e-03
      vertex 2.420286e-17 9.971484e-03 -5.104805e-03
      vertex 2.111505e-17 8.296238e-03 -4.666692e-03
    endloop
  endfacet
  facet normal 1.000000e+00 -2.207254e-15 2.993627e-15
    outer loop
      vertex 2.216283e-17 1.031007e-02 -7.545586e-03
      vertex 2.690903e-17 1.159743e-02 -8.181827e-03
      vertex 2.205180e-17 1.118071e-02 -6.866558e-03
    endloop
  endfacet
  facet normal 1.000000e+00 -1.983189e-15 -6.691872e-15
    outer loop
      vertex 2.658984e-17 9.526860e-03 -2.744019e-03
      vertex 2.034484e-17 8.166944e-03 -3.274219e-03
      vertex 1.977585e-17 1.036588e-02 -4.010918e-03
    endloop
  endfacet
  facet normal 1.000000e+00 -1.510246e-15 -7.904931e-15
    outer loop
      vertex 2.658984e-17 9.526860e-03 -2.744019e-03
      vertex 3.096134e-17 8.059044e-03 -1.910581e-03
      vertex 2.034484e-17 8.166944e-03 -3.274219e-03
    endloop
  endfacet
  facet normal 1.000000e+00 6.544203e-16 -4.948268e-16
    outer loop
      vertex 3.087808e-17 1.167185e-02 -7.143750e-04
      vertex 3.180615e-17 1.102770e-02 3.092834e-04
      vertex 3.190503e-17 9.764985e-03 -1.160859e-03
    endloop
  endfacet
  facet normal 1.000000e+00 -2.808409e-15 -6.407675e-18
    outer loop
      vertex 2.179507e-17 1.186904e-02 3.324448e-03
      vertex 1.795786e-17 1.049982e-02 4.591348e-03
      vertex 1.642783e-17 9.959393e-03 2.676116e-03
    endloop
  endfacet
  facet normal 1.000000e+00 3.539639e-15 6.195675e-15
    outer loop
      vertex 1.677825e-17 8.442276e-03 3.486299e-03
      vertex 1.642783e-17 9.959393e-03 2.676116e-03
      vertex 1.089406e-17 9.420820e-03 3.876973e-03
    endloop
  endfacet
  facet normal 1.000000e+00 -2.097559e-15 -6.828025e-16
    outer loop
      vertex 2.658984e-17 1.065609e-02 8.085088e-03
      vertex 2.399470e-17 1.000962e-02 6.270315e-03
      vertex 2.660372e-17 1.111932e-02 6.682383e-03
    endloop
  endfacet
  facet normal 1.000000e+00 6.225596e-15 -4.592199e-15
    outer loop
      vertex 2.589595e-17 7.630232e-03 4.370896e-03
      vertex 1.677825e-17 8.442276e-03 3.486299e-03
      vertex 2.051137e-17 9.096189e-03 5.185730e-03
    endloop
  endfacet
  facet normal 1.000000e+00 -1.444244e-15 -7.706664e-15
    outer loop
      vertex 2.051137e-17 9.096189e-03 5.185730e-03
      vertex 1.089406e-17 9.420820e-03 3.876973e-03
      vertex 1.795786e-17 1.049982e-02 4.591348e-03
    endloop
  endfacet
  facet normal 1.000000e+00 -1.844824e-15 -1.363420e-15
    outer loop
      vertex 2.399470e-17 1.000962e-02 6.270315e-03
      vertex 2.489675e-17 1.140396e-02 5.045274e-03
      vertex 2.660372e-17 1.111932e-02 6.682383e-03
    endloop
  endfacet
  facet normal 1.000000e+00 -5.960886e-15 -3.413490e-15
    outer loop
      vertex 1.795786e-17 1.049982e-02 4.591348e-03
      vertex 2.179507e-17 1.186904e-02 3.324448e-03
      vertex 2.489675e-17 1.140396e-02 5.045274e-03
    endloop
  endfacet
  facet normal 1.000000e+00 -1.130995e-15 -3.433416e-15
    outer loop
      vertex 2.103873e-17 7.337227e-03 1.372195e-02
      vertex 2.109424e-17 8.905502e-03 1.322152e-02
      vertex 2.600697e-17 7.891535e-03 1.498639e-02
    endloop
  endfacet
  facet normal 1.000000e+00 3.708672e-16 -2.570554e-15
    outer loop
      vertex 2.600697e-17 7.891535e-03 1.498639e-02
      vertex 2.109424e-17 8.905502e-03 1.322152e-02
      vertex 2.516043e-17 9.494560e-03 1.488834e-02
    endloop
  endfacet
  facet normal 1.000000e+00 -2.795568e-15 3.700999e-16
    outer loop
      vertex 1.690315e-17 1.425288e-02 -9.558949e-03
      vertex 1.590394e-17 1.409402e-02 -8.059043e-03
      vertex 1.314227e-17 1.291084e-02 -9.534302e-03
    endloop
  endfacet
  facet normal 1.000000e+00 7.427180e-15 -2.966301e-15
    outer loop
      vertex 1.314227e-17 1.291084e-02 -9.534302e-03
      vertex 2.690903e-17 1.159743e-02 -8.181827e-03
      vertex 2.454287e-17 1.124955e-02 -9.850561e-03
    endloop
  endfacet
  facet normal 1.000000e+00 -3.537702e-16 4.757148e-16
    outer loop
      vertex 2.273182e-17 1.238250e-02 -6.087070e-03
      vertex 2.343958e-17 1.363266e-02 -6.645176e-03
      vertex 2.261732e-17 1.344476e-02 -5.056436e-03
    endloop
  endfacet
  facet normal 1.000000e+00 3.125909e-15 -4.309773e-15
    outer loop
      vertex 2.089995e-17 1.274713e-02 -7.876729e-03
      vertex 1.590394e-17 1.409402e-02 -8.059043e-03
      vertex 2.343958e-17 1.363266e-02 -6.645176e-03
    endloop
  endfacet
  facet normal 1.000000e+00 -1.380686e-15 1.256311e-15
    outer loop
      vertex 2.061545e-17 1.148953e-02 -5.383858e-03
      vertex 2.205180e-17 1.118071e-02 -6.866558e-03
      vertex 2.273182e-17 1.238250e-02 -6.087070e-03
    endloop
  endfacet
  facet normal 1.000000e+00 -9.250023e-16 -8.827822e-16
    outer loop
      vertex 2.303713e-17 1.518047e-02 -6.399610e-03
      vertex 2.425143e-17 1.492374e-02 -4.755058e-03
      vertex 2.261732e-17 1.344476e-02 -5.056436e-03
    endloop
  endfacet
  facet normal 1.000000e+00 1.391054e-17 -2.925551e-15
    outer loop
      vertex 1.968564e-17 1.257598e-02 -2.258467e-03
      vertex 1.559169e-17 1.226716e-02 -3.659312e-03
      vertex 1.723968e-17 1.391171e-02 -3.088184e-03
    endloop
  endfacet
  facet normal 1.000000e+00 3.568690e-15 -2.291337e-15
    outer loop
      vertex 2.016443e-17 1.432843e-02 -1.162720e-03
      vertex 2.440409e-17 1.320850e-02 -1.056680e-03
      vertex 1.723968e-17 1.391171e-02 -3.088184e-03
    endloop
  endfacet
  facet normal 1.000000e+00 2.040944e-16 4.726920e-15
    outer loop
      vertex 1.998401e-17 1.211461e-02 7.255371e-03
      vertex 2.478573e-17 1.288852e-02 6.206133e-03
      vertex 2.237099e-17 1.403449e-02 6.667500e-03
    endloop
  endfacet
  facet normal 1.000000e+00 -1.190728e-15 1.716697e-16
    outer loop
      vertex 1.998401e-17 1.211461e-02 7.255371e-03
      vertex 2.237099e-17 1.403449e-02 6.667500e-03
      vertex 2.117750e-17 1.324942e-02 8.174385e-03
    endloop
  endfacet
  facet normal 1.000000e+00 7.835773e-16 -9.064367e-16
    outer loop
      vertex 2.660372e-17 1.111932e-02 6.682383e-03
      vertex 2.489675e-17 1.140396e-02 5.045274e-03
      vertex 2.478573e-17 1.288852e-02 6.206133e-03
    endloop
  endfacet
  facet normal 1.000000e+00 8.212243e-16 3.102540e-15
    outer loop
      vertex 2.058076e-17 1.230064e-02 9.240366e-03
      vertex 1.659783e-17 1.142256e-02 1.075655e-02
      vertex 2.026157e-17 1.113606e-02 9.651504e-03
    endloop
  endfacet
  facet normal 1.000000e+00 -1.547787e-15 1.730549e-15
    outer loop
      vertex 1.713907e-17 1.266114e-02 1.155157e-02
      vertex 1.659783e-17 1.142256e-02 1.075655e-02
      vertex 2.058076e-17 1.230064e-02 9.240366e-03
    endloop
  endfacet
  facet normal 1.000000e+00 8.136576e-16 1.275415e-15
    outer loop
      vertex 1.790235e-17 1.347133e-02 1.059355e-02
      vertex 2.058076e-17 1.230064e-02 9.240366e-03
      vertex 1.884604e-17 1.411794e-02 9.441139e-03
    endloop
  endfacet
  facet normal 1.000000e+00 4.616956e-15 -3.157708e-15
    outer loop
      vertex 2.503553e-17 1.185228e-02 1.286963e-02
      vertex 2.665923e-17 1.078446e-02 1.182253e-02
      vertex 1.713907e-17 1.266114e-02 1.155157e-02
    endloop
  endfacet
  facet normal 1.000000e+00 3.764539e-15 -1.507057e-16
    outer loop
      vertex 2.425143e-17 1.492374e-02 -4.755058e-03
      vertex 2.303713e-17 1.518047e-02 -6.399610e-03
      vertex 1.951217e-17 1.619994e-02 -4.323457e-03
    endloop
  endfacet
  facet normal 1.000000e+00 -2.354120e-16 3.057504e-15
    outer loop
      vertex 1.643130e-17 1.727067e-02 -5.000323e-03
      vertex 1.898481e-17 1.628965e-02 -5.911019e-03
      vertex 2.131628e-17 1.789405e-02 -6.550029e-03
    endloop
  endfacet
  facet normal 1.000000e+00 -2.150457e-15 -4.234387e-15
    outer loop
      vertex 2.217670e-17 1.566416e-02 -1.637109e-04
      vertex 1.681988e-17 1.613297e-02 -1.666875e-03
      vertex 2.580575e-17 1.702507e-02 2.186239e-06
    endloop
  endfacet
  facet normal 1.000000e+00 -5.517785e-17 -5.354293e-15
    outer loop
      vertex 2.580575e-17 1.702507e-02 2.186239e-06
      vertex 1.681988e-17 1.613297e-02 -1.666875e-03
      vertex 1.909584e-17 1.748189e-02 -1.255705e-03
    endloop
  endfacet
  facet normal 1.000000e+00 1.428772e-15 1.990513e-15
    outer loop
      vertex 1.951217e-17 1.498699e-02 -3.452813e-03
      vertex 1.951217e-17 1.619994e-02 -4.323457e-03
      vertex 1.676437e-17 1.637109e-02 -3.065859e-03
    endloop
  endfacet
  facet normal 1.000000e+00 -3.291138e-15 -2.397449e-15
    outer loop
      vertex 2.222528e-17 1.561579e-02 3.891855e-03
      vertex 2.375877e-17 1.680270e-02 2.902148e-03
      vertex 2.747802e-17 1.689199e-02 4.330898e-03
    endloop
  endfacet
  facet normal 1.000000e+00 -2.852881e-15 1.092716e-15
    outer loop
      vertex 1.720846e-17 1.539999e-02 2.440781e-03
      vertex 1.842276e-17 1.532186e-02 1.125513e-03
      vertex 2.170486e-17 1.647880e-02 1.142473e-03
    endloop
  endfacet
  facet normal 1.000000e+00 -1.926251e-15 -7.075910e-16
    outer loop
      vertex 2.514655e-17 1.591882e-02 6.580931e-03
      vertex 2.204487e-17 1.483444e-02 5.149453e-03
      vertex 2.431388e-17 1.602879e-02 5.104805e-03
    endloop
  endfacet
  facet normal 1.000000e+00 -1.465334e-16 -5.750059e-16
    outer loop
      vertex 2.514655e-17 1.591882e-02 6.580931e-03
      vertex 2.431388e-17 1.602879e-02 5.104805e-03
      vertex 2.495226e-17 1.725513e-02 5.902499e-03
    endloop
  endfacet
  facet normal 1.000000e+00 -1.939483e-15 -1.061548e-15
    outer loop
      vertex 2.204487e-17 1.483444e-02 5.149453e-03
      vertex 2.222528e-17 1.561579e-02 3.891855e-03
      vertex 2.431388e-17 1.602879e-02 5.104805e-03
    endloop
  endfacet
  facet normal 1.000000e+00 -5.063661e-15 1.436824e-14
    outer loop
      vertex 2.131628e-17 1.902521e-02 9.803105e-04
      vertex 2.686046e-17 1.832904e-02 3.491024e-04
      vertex 3.552714e-17 1.905000e-02 -4.352074e-17
    endloop
  endfacet
  facet normal 1.000000e+00 7.450167e-15 5.665129e-16
    outer loop
      vertex 2.131628e-17 1.902521e-02 9.803105e-04
      vertex 2.131628e-17 1.895165e-02 1.947752e-03
      vertex 2.686046e-17 1.832904e-02 3.491024e-04
    endloop
  endfacet
  facet normal 1.000000e+00 1.377413e-15 3.386441e-15
    outer loop
      vertex 2.438327e-17 1.484520e-02 7.698561e-03
      vertex 2.084444e-17 1.624360e-02 8.174772e-03
      vertex 1.965095e-17 1.531106e-02 8.906506e-03
    endloop
  endfacet
  facet normal 1.000000e+00 4.435380e-06 2.413099e-05
    outer loop
      vertex 1.713907e-17 1.266114e-02 1.155157e-02
      vertex 1.998401e-17 1.431328e-02 1.124790e-02
      vertex -3.675686e-08 1.409970e-02 1.281038e-02
    endloop
  endfacet
  facet normal 1.000000e+00 7.694934e-06 2.606610e-06
    outer loop
      vertex -1.376953e-08 9.083973e-03 1.674875e-02
      vertex 2.127465e-17 7.334388e-03 1.663113e-02
      vertex 2.600697e-17 7.891535e-03 1.498639e-02
    endloop
  endfacet
  facet normal 1.000000e+00 9.909670e-06 8.496356e-06
    outer loop
      vertex 1.910971e-17 7.425289e-04 1.774253e-02
      vertex -1.339819e-08 9.956905e-04 1.902419e-02
      vertex -3.810843e-09 6.125071e-06 1.904995e-02
    endloop
  endfacet
  facet normal 1.000000e+00 5.326975e-06 7.958247e-06
    outer loop
      vertex -8.300762e-09 -9.525645e-04 1.902609e-02
      vertex -2.353466e-09 -1.956350e-03 1.895068e-02
      vertex 1.881134e-17 -6.836805e-04 1.780307e-02
    endloop
  endfacet
  facet normal 1.000000e+00 -6.628622e-06 4.313865e-06
    outer loop
      vertex 1.855460e-17 -2.432002e-03 1.767424e-02
      vertex -2.353466e-09 -1.956350e-03 1.895068e-02
      vertex -8.198492e-09 -2.918188e-03 1.882767e-02
    endloop
  endfacet
  facet normal 1.000000e+00 -2.069220e-05 8.007083e-06
    outer loop
      vertex 1.421085e-17 -8.258963e-03 1.717146e-02
      vertex -1.372427e-08 -9.086281e-03 1.674749e-02
      vertex 2.492451e-17 -8.781013e-03 1.582236e-02
    endloop
  endfacet
  facet normal 1.000000e+00 -2.439624e-05 6.784857e-06
    outer loop
      vertex 2.492451e-17 -8.781013e-03 1.582236e-02
      vertex -1.372427e-08 -9.086281e-03 1.674749e-02
      vertex -3.003438e-08 -9.882186e-03 1.628956e-02
    endloop
  endfacet
  facet normal 1.000000e+00 -6.170053e-06 4.974289e-05
    outer loop
      vertex 2.492451e-17 -8.781013e-03 1.582236e-02
      vertex -3.003438e-08 -9.882186e-03 1.628956e-02
      vertex -1.013880e-08 -1.065520e-02 1.579371e-02
    endloop
  endfacet
  facet normal 1.000000e+00 -1.444590e-06 2.978865e-06
    outer loop
      vertex 3.272729e-17 -1.046055e-02 1.375069e-02
      vertex -5.219093e-09 -1.211971e-02 1.469813e-02
      vertex 3.269607e-17 -1.170691e-02 1.314628e-02
    endloop
  endfacet
  facet normal 1.000000e+00 -3.661583e-05 -6.376878e-06
    outer loop
      vertex 3.269607e-17 -1.170691e-02 1.314628e-02
      vertex -5.219093e-09 -1.211971e-02 1.469813e-02
      vertex -3.448356e-08 -1.281412e-02 1.409625e-02
    endloop
  endfacet
  facet normal 1.000000e+00 -2.881829e-06 1.037040e-05
    outer loop
      vertex 1.786765e-17 -1.510457e-02 9.178978e-03
      vertex -1.726939e-08 -1.579580e-02 1.065215e-02
      vertex -1.069486e-08 -1.629048e-02 9.880713e-03
    endloop
  endfacet
  facet normal 1.000000e+00 1.203840e-06 5.011878e-06
    outer loop
      vertex 2.424450e-17 -1.628596e-02 8.046267e-03
      vertex -4.577048e-09 -1.675519e-02 9.072216e-03
      vertex 2.842171e-17 -1.717146e-02 8.258963e-03
    endloop
  endfacet
  facet normal 1.000000e+00 8.583653e-16 -8.210772e-15
    outer loop
      vertex 2.842171e-17 -1.717146e-02 -8.258963e-03
      vertex 2.131628e-17 -1.675077e-02 -9.080361e-03
      vertex 2.808170e-17 -1.591966e-02 -8.169507e-03
    endloop
  endfacet
  facet normal 1.000000e+00 -2.295748e-14 1.352002e-14
    outer loop
      vertex 4.263256e-17 -1.629207e-02 -9.878118e-03
      vertex 2.808170e-17 -1.591966e-02 -8.169507e-03
      vertex 2.131628e-17 -1.675077e-02 -9.080361e-03
    endloop
  endfacet
  facet normal 1.000000e+00 2.353486e-14 3.386523e-15
    outer loop
      vertex 2.808170e-17 -1.591966e-02 -8.169507e-03
      vertex 4.263256e-17 -1.629207e-02 -9.878118e-03
      vertex 1.774622e-17 -1.531123e-02 -9.345891e-03
    endloop
  endfacet
  facet normal 1.000000e+00 -9.115170e-06 -1.946909e-05
    outer loop
      vertex 2.465736e-17 -1.060014e-02 -1.481966e-02
      vertex -1.599324e-08 -1.138976e-02 -1.527144e-02
      vertex -1.951492e-08 -1.064268e-02 -1.580210e-02
    endloop
  endfacet
  facet normal 1.000000e+00 -3.041938e-05 -1.854642e-05
    outer loop
      vertex -5.299564e-09 -9.875807e-03 -1.629344e-02
      vertex 2.465736e-17 -1.060014e-02 -1.481966e-02
      vertex -1.951492e-08 -1.064268e-02 -1.580210e-02
    endloop
  endfacet
  facet normal 1.000000e+00 6.446566e-05 -1.139563e-04
    outer loop
      vertex 2.341183e-17 -7.880425e-03 -1.604082e-02
      vertex -4.577028e-09 -9.072219e-03 -1.675519e-02
      vertex -1.077472e-07 -8.230891e-03 -1.718460e-02
    endloop
  endfacet
  facet normal 1.000000e+00 3.457583e-06 -8.392828e-06
    outer loop
      vertex 1.687539e-17 2.911160e-03 -1.785373e-02
      vertex -5.888579e-09 1.949687e-03 -1.895144e-02
      vertex -8.198492e-09 2.918188e-03 -1.882767e-02
    endloop
  endfacet
  facet normal 1.000000e+00 8.170534e-06 -3.742546e-06
    outer loop
      vertex -9.304730e-10 8.258180e-03 -1.717184e-02
      vertex -6.136550e-09 9.090900e-03 -1.674494e-02
      vertex 2.611800e-17 8.785803e-03 -1.577134e-02
    endloop
  endfacet
  facet normal 1.000000e+00 1.968953e-15 -1.282324e-15
    outer loop
      vertex 2.839395e-17 7.248267e-03 -1.635729e-02
      vertex 2.611800e-17 8.785803e-03 -1.577134e-02
      vertex 2.914335e-17 7.685160e-03 -1.510205e-02
    endloop
  endfacet
  facet normal 1.000000e+00 3.356815e-05 1.031564e-05
    outer loop
      vertex 1.761785e-17 1.156671e-02 -1.290735e-02
      vertex 2.131628e-17 1.211757e-02 -1.469991e-02
      vertex -2.936052e-08 1.280835e-02 -1.410155e-02
    endloop
  endfacet
  facet normal 1.000000e+00 -4.127535e-15 2.113992e-15
    outer loop
      vertex 2.842171e-17 1.675077e-02 -9.080361e-03
      vertex 2.842171e-17 1.717146e-02 -8.258963e-03
      vertex 2.364775e-17 1.575645e-02 -8.763478e-03
    endloop
  endfacet
  facet normal 1.000000e+00 9.633999e-15 -1.262844e-14
    outer loop
      vertex 3.552714e-17 -1.789405e-02 -6.550029e-03
      vertex 2.131628e-17 -1.755296e-02 -7.415120e-03
      vertex 1.892930e-17 -1.654101e-02 -6.832140e-03
    endloop
  endfacet
  facet normal 1.000000e+00 -1.977172e-15 7.526461e-15
    outer loop
      vertex 2.131628e-17 -1.755296e-02 -7.415120e-03
      vertex 2.842171e-17 -1.717146e-02 -8.258963e-03
      vertex 1.892930e-17 -1.654101e-02 -6.832140e-03
    endloop
  endfacet
  facet normal 1.000000e+00 3.851787e-15 -6.139722e-15
    outer loop
      vertex 2.563227e-17 -1.726473e-02 -3.301921e-04
      vertex 2.842171e-17 -1.902521e-02 -9.803105e-04
      vertex 1.804112e-17 -1.779112e-02 -1.896824e-03
    endloop
  endfacet
  facet normal 1.000000e+00 -4.258924e-15 7.355830e-15
    outer loop
      vertex 1.770806e-17 -1.752643e-02 1.372649e-03
      vertex 1.421085e-17 -1.902521e-02 9.803105e-04
      vertex 2.131628e-17 -1.905000e-02 -4.352074e-17
    endloop
  endfacet
  facet normal 1.000000e+00 -4.191100e-16 -7.312687e-15
    outer loop
      vertex 2.131628e-17 -1.895165e-02 1.947752e-03
      vertex 1.421085e-17 -1.902521e-02 9.803105e-04
      vertex 1.770806e-17 -1.752643e-02 1.372649e-03
    endloop
  endfacet
  facet normal 1.000000e+00 -1.602423e-15 4.407259e-15
    outer loop
      vertex 1.770806e-17 -1.752643e-02 1.372649e-03
      vertex 2.131628e-17 -1.905000e-02 -4.352074e-17
      vertex 2.563227e-17 -1.726473e-02 -3.301921e-04
    endloop
  endfacet
  facet normal 1.000000e+00 2.430818e-15 -9.519267e-15
    outer loop
      vertex 2.842171e-17 -1.717146e-02 8.258963e-03
      vertex 2.131628e-17 -1.755296e-02 7.415120e-03
      vertex 2.424450e-17 -1.628596e-02 8.046267e-03
    endloop
  endfacet
  facet normal 1.000000e+00 -1.634851e-15 6.446023e-16
    outer loop
      vertex 2.131628e-17 -1.755296e-02 7.415120e-03
      vertex 2.131628e-17 -1.789405e-02 6.550029e-03
      vertex 2.442491e-17 -1.606057e-02 6.377587e-03
    endloop
  endfacet
  facet normal 1.000000e+00 1.817513e-15 3.536067e-16
    outer loop
      vertex 2.424450e-17 -1.628596e-02 8.046267e-03
      vertex 2.442491e-17 -1.606057e-02 6.377587e-03
      vertex 2.109424e-17 -1.441526e-02 7.339938e-03
    endloop
  endfacet
  facet normal 1.000000e+00 -3.031882e-15 -4.978427e-15
    outer loop
      vertex 2.746067e-17 -1.015567e-02 -1.357485e-02
      vertex 3.273423e-17 -1.086445e-02 -1.208391e-02
      vertex 2.816497e-17 -1.193494e-02 -1.234980e-02
    endloop
  endfacet
  facet normal 1.000000e+00 2.141645e-16 9.814702e-16
    outer loop
      vertex 2.069178e-17 -1.418146e-02 -7.861846e-03
      vertex 2.271100e-17 -1.416560e-02 -9.922647e-03
      vertex 2.143077e-17 -1.324989e-02 -8.818067e-03
    endloop
  endfacet
  facet normal 1.000000e+00 -7.693073e-05 -2.572362e-05
    outer loop
      vertex -4.432607e-08 -1.346517e-02 -1.347551e-02
      vertex -9.736874e-09 -1.280531e-02 -1.410428e-02
      vertex 1.826317e-17 -1.319971e-02 -1.254625e-02
    endloop
  endfacet
  facet normal 1.000000e+00 -6.768595e-06 -7.962871e-06
    outer loop
      vertex -9.736874e-09 -1.280531e-02 -1.410428e-02
      vertex 2.707556e-17 -1.169296e-02 -1.382702e-02
      vertex 1.826317e-17 -1.319971e-02 -1.254625e-02
    endloop
  endfacet
  facet normal 1.000000e+00 1.304512e-05 3.998872e-05
    outer loop
      vertex -4.432607e-08 -1.347551e-02 1.346517e-02
      vertex -9.736874e-09 -1.410428e-02 1.280531e-02
      vertex 2.550737e-17 -1.258812e-02 1.206722e-02
    endloop
  endfacet
  facet normal 1.000000e+00 -8.421636e-07 1.146202e-05
    outer loop
      vertex -9.736874e-09 -1.410428e-02 1.280531e-02
      vertex 1.992850e-17 -1.382226e-02 1.197655e-02
      vertex 2.550737e-17 -1.258812e-02 1.206722e-02
    endloop
  endfacet
  facet normal 1.000000e+00 -4.490859e-15 -4.029375e-16
    outer loop
      vertex 1.992850e-17 -1.382226e-02 1.197655e-02
      vertex 2.087219e-17 -1.347738e-02 1.047486e-02
      vertex 2.550737e-17 -1.258812e-02 1.206722e-02
    endloop
  endfacet
  facet normal 1.000000e+00 -1.831295e-05 1.495535e-05
    outer loop
      vertex -3.448356e-08 -1.281412e-02 1.409625e-02
      vertex 2.550737e-17 -1.258812e-02 1.206722e-02
      vertex 3.269607e-17 -1.170691e-02 1.314628e-02
    endloop
  endfacet
  facet normal 1.000000e+00 -1.501981e-04 -4.818070e-05
    outer loop
      vertex 2.341183e-17 -7.880425e-03 -1.604082e-02
      vertex -1.077472e-07 -8.230891e-03 -1.718460e-02
      vertex -3.747982e-10 -7.395250e-03 -1.756108e-02
    endloop
  endfacet
  facet normal 1.000000e+00 3.081735e-06 -2.319284e-06
    outer loop
      vertex 2.409184e-17 -6.640741e-03 -1.639693e-02
      vertex -3.747982e-10 -7.395250e-03 -1.756108e-02
      vertex -3.734772e-09 -6.554336e-03 -1.789244e-02
    endloop
  endfacet
  facet normal 1.000000e+00 -1.748661e-06 -2.598368e-06
    outer loop
      vertex 2.409184e-17 -6.640741e-03 -1.639693e-02
      vertex -3.734772e-09 -6.554336e-03 -1.789244e-02
      vertex 2.342571e-17 -5.198341e-03 -1.736765e-02
    endloop
  endfacet
  facet normal 1.000000e+00 1.617881e-15 4.309242e-16
    outer loop
      vertex 3.086420e-17 -9.036247e-03 1.392570e-02
      vertex 2.851538e-17 -7.311182e-03 1.289968e-02
      vertex 2.863682e-17 -7.867035e-03 1.470481e-02
    endloop
  endfacet
  facet normal 1.000000e+00 -1.534715e-15 8.535191e-15
    outer loop
      vertex 1.421085e-17 -8.258963e-03 1.717146e-02
      vertex 2.492451e-17 -8.781013e-03 1.582236e-02
      vertex 2.220446e-17 -6.807273e-03 1.649594e-02
    endloop
  endfacet
  facet normal 1.000000e+00 4.689567e-06 1.007789e-05
    outer loop
      vertex 1.421085e-17 -8.258963e-03 1.717146e-02
      vertex 2.220446e-17 -6.807273e-03 1.649594e-02
      vertex -7.873243e-09 -7.407084e-03 1.755630e-02
    endloop
  endfacet
  facet normal 1.000000e+00 -2.284472e-16 3.134986e-15
    outer loop
      vertex 2.492451e-17 -8.781013e-03 1.582236e-02
      vertex 2.863682e-17 -7.867035e-03 1.470481e-02
      vertex 2.759945e-17 -6.741371e-03 1.511773e-02
    endloop
  endfacet
  facet normal 1.000000e+00 -4.224955e-06 5.035194e-06
    outer loop
      vertex -7.873243e-09 -7.407084e-03 1.755630e-02
      vertex 2.220446e-17 -6.807273e-03 1.649594e-02
      vertex 2.128853e-17 -5.902499e-03 1.725513e-02
    endloop
  endfacet
  facet normal 1.000000e+00 4.736931e-07 -2.322885e-06
    outer loop
      vertex 2.470246e-17 -1.255705e-03 -1.748189e-02
      vertex -3.718934e-09 -9.742835e-04 -1.902550e-02
      vertex 3.010092e-17 -1.766248e-04 -1.726184e-02
    endloop
  endfacet
  facet normal 1.000000e+00 -4.898160e-06 -7.215251e-06
    outer loop
      vertex -9.304730e-10 8.258180e-03 -1.717184e-02
      vertex 2.839395e-17 7.248267e-03 -1.635729e-02
      vertex -7.873243e-09 7.407084e-03 -1.755630e-02
    endloop
  endfacet
  facet normal 1.000000e+00 1.002554e-05 -5.238513e-06
    outer loop
      vertex -7.873243e-09 7.407084e-03 -1.755630e-02
      vertex 2.839395e-17 7.248267e-03 -1.635729e-02
      vertex -9.371963e-10 6.536215e-03 -1.789893e-02
    endloop
  endfacet
  facet normal 1.000000e+00 3.312767e-07 -7.609319e-07
    outer loop
      vertex -9.371963e-10 6.536215e-03 -1.789893e-02
      vertex 2.839395e-17 7.248267e-03 -1.635729e-02
      vertex 2.511880e-17 5.339559e-03 -1.718826e-02
    endloop
  endfacet
  facet normal 1.000000e+00 1.925607e-07 -3.462479e-05
    outer loop
      vertex 1.831868e-17 1.085083e-02 -1.470695e-02
      vertex -1.976457e-08 1.138510e-02 -1.527480e-02
      vertex 2.131628e-17 1.211757e-02 -1.469991e-02
    endloop
  endfacet
  facet normal 1.000000e+00 -1.525263e-15 -1.852986e-15
    outer loop
      vertex 2.516043e-17 9.494560e-03 1.488834e-02
      vertex 2.253753e-17 9.969551e-03 1.308186e-02
      vertex 2.464695e-17 1.084048e-02 1.350335e-02
    endloop
  endfacet
  facet normal 1.000000e+00 4.908375e-06 -1.948253e-05
    outer loop
      vertex 1.761785e-17 1.156671e-02 -1.290735e-02
      vertex -2.936052e-08 1.280835e-02 -1.410155e-02
      vertex 1.867950e-17 1.263162e-02 -1.263906e-02
    endloop
  endfacet
  facet normal 1.000000e+00 1.071988e-05 -4.270565e-05
    outer loop
      vertex 1.867950e-17 1.263162e-02 -1.263906e-02
      vertex -4.432607e-08 1.347551e-02 -1.346517e-02
      vertex -2.284007e-08 1.410556e-02 -1.280390e-02
    endloop
  endfacet
  facet normal 1.000000e+00 -2.164841e-15 -3.957902e-16
    outer loop
      vertex 1.884604e-17 1.411794e-02 9.441139e-03
      vertex 1.998401e-17 1.431328e-02 1.124790e-02
      vertex 1.790235e-17 1.347133e-02 1.059355e-02
    endloop
  endfacet
  facet normal 1.000000e+00 -1.865513e-15 -7.809360e-16
    outer loop
      vertex 1.790235e-17 1.347133e-02 1.059355e-02
      vertex 1.998401e-17 1.431328e-02 1.124790e-02
      vertex 1.713907e-17 1.266114e-02 1.155157e-02
    endloop
  endfacet
  facet normal 1.000000e+00 -5.409496e-16 2.983170e-16
    outer loop
      vertex 1.909584e-17 1.504560e-02 1.028594e-02
      vertex 1.884604e-17 1.411794e-02 9.441139e-03
      vertex 1.965095e-17 1.531106e-02 8.906506e-03
    endloop
  endfacet
  facet normal 1.000000e+00 3.015019e-05 -1.538664e-05
    outer loop
      vertex -3.954187e-08 1.347037e-02 1.347039e-02
      vertex -9.736874e-09 1.280531e-02 1.410428e-02
      vertex 2.503553e-17 1.185228e-02 1.286963e-02
    endloop
  endfacet
  facet normal 1.000000e+00 1.662409e-05 1.020172e-05
    outer loop
      vertex -3.675686e-08 1.409970e-02 1.281038e-02
      vertex 2.503553e-17 1.185228e-02 1.286963e-02
      vertex 1.713907e-17 1.266114e-02 1.155157e-02
    endloop
  endfacet
  facet normal 1.000000e+00 -6.813179e-15 3.080167e-15
    outer loop
      vertex 1.862399e-17 1.608944e-02 -7.471441e-03
      vertex 2.842171e-17 1.717146e-02 -8.258963e-03
      vertex 2.842171e-17 1.755296e-02 -7.415120e-03
    endloop
  endfacet
  facet normal 1.000000e+00 -1.470143e-15 -4.260308e-17
    outer loop
      vertex 1.898481e-17 1.628965e-02 -5.911019e-03
      vertex 1.862399e-17 1.608944e-02 -7.471441e-03
      vertex 2.131628e-17 1.789405e-02 -6.550029e-03
    endloop
  endfacet
  facet normal 1.000000e+00 -7.118747e-15 1.102034e-14
    outer loop
      vertex 1.862399e-17 1.608944e-02 -7.471441e-03
      vertex 2.842171e-17 1.755296e-02 -7.415120e-03
      vertex 2.131628e-17 1.789405e-02 -6.550029e-03
    endloop
  endfacet
  facet normal 1.000000e+00 -6.352115e-16 -4.503034e-15
    outer loop
      vertex 1.909584e-17 1.748189e-02 -1.255705e-03
      vertex 2.131628e-17 1.902521e-02 -9.803105e-04
      vertex 2.686046e-17 1.832904e-02 3.491024e-04
    endloop
  endfacet
  facet normal 1.000000e+00 5.565376e-16 -5.132140e-15
    outer loop
      vertex 1.909584e-17 1.748189e-02 -1.255705e-03
      vertex 2.686046e-17 1.832904e-02 3.491024e-04
      vertex 2.580575e-17 1.702507e-02 2.186239e-06
    endloop
  endfacet
  facet normal 1.000000e+00 1.348973e-14 1.451888e-14
    outer loop
      vertex 7.105427e-18 1.717146e-02 8.258963e-03
      vertex 2.084444e-17 1.624360e-02 8.174772e-03
      vertex 1.421085e-17 1.755296e-02 7.415120e-03
    endloop
  endfacet
  facet normal 1.000000e+00 5.931108e-15 1.490635e-15
    outer loop
      vertex 1.421085e-17 1.755296e-02 7.415120e-03
      vertex 2.084444e-17 1.624360e-02 8.174772e-03
      vertex 2.514655e-17 1.591882e-02 6.580931e-03
    endloop
  endfacet
  facet normal 1.000000e+00 3.409764e-15 6.429823e-15
    outer loop
      vertex 1.421085e-17 1.755296e-02 7.415120e-03
      vertex 2.514655e-17 1.591882e-02 6.580931e-03
      vertex 2.495226e-17 1.725513e-02 5.902499e-03
    endloop
  endfacet
  facet normal 1.000000e+00 5.319587e-15 -6.034493e-15
    outer loop
      vertex 2.808170e-17 -1.591966e-02 -8.169507e-03
      vertex 1.774622e-17 -1.531123e-02 -9.345891e-03
      vertex 2.069178e-17 -1.418146e-02 -7.861846e-03
    endloop
  endfacet
  facet normal 1.000000e+00 6.911588e-16 -2.498777e-15
    outer loop
      vertex 2.746067e-17 -1.015567e-02 -1.357485e-02
      vertex 2.465736e-17 -1.060014e-02 -1.481966e-02
      vertex 2.536860e-17 -8.702559e-03 -1.401016e-02
    endloop
  endfacet
  facet normal 1.000000e+00 5.559466e-16 -2.181822e-15
    outer loop
      vertex 2.465736e-17 -1.060014e-02 -1.481966e-02
      vertex 2.282549e-17 -8.418729e-03 -1.510343e-02
      vertex 2.536860e-17 -8.702559e-03 -1.401016e-02
    endloop
  endfacet
  facet normal 1.000000e+00 -5.888849e-15 5.015003e-16
    outer loop
      vertex 2.352979e-17 -1.119188e-02 1.007194e-02
      vertex 2.198242e-17 -1.154906e-02 8.963173e-03
      vertex 2.976785e-17 -1.026914e-02 8.468321e-03
    endloop
  endfacet
  facet normal 1.000000e+00 5.543948e-15 5.794599e-16
    outer loop
      vertex 2.214895e-17 -1.046262e-02 -7.381875e-03
      vertex 2.652045e-17 -1.110258e-02 -8.803184e-03
      vertex 1.626130e-17 -9.231064e-03 -9.004101e-03
    endloop
  endfacet
  facet normal 1.000000e+00 4.054856e-16 4.786810e-16
    outer loop
      vertex 2.875478e-17 -4.312295e-03 -1.111746e-02
      vertex 2.756129e-17 -3.560713e-03 -9.260830e-03
      vertex 2.842171e-17 -5.465248e-03 -9.445005e-03
    endloop
  endfacet
  facet normal 1.000000e+00 2.519371e-15 3.580710e-15
    outer loop
      vertex 2.217670e-17 1.566416e-02 -1.637109e-04
      vertex 1.842276e-17 1.532186e-02 1.125513e-03
      vertex 2.413347e-17 1.388008e-02 5.450830e-04
    endloop
  endfacet
  facet normal 1.000000e+00 1.620363e-15 2.865342e-15
    outer loop
      vertex 3.180615e-17 1.102770e-02 3.092834e-04
      vertex 2.997602e-17 1.246063e-02 1.376660e-04
      vertex 2.683964e-17 1.153418e-02 1.756172e-03
    endloop
  endfacet
  facet normal 1.000000e+00 -1.996699e-16 3.158521e-15
    outer loop
      vertex 3.086420e-17 -9.036247e-03 1.392570e-02
      vertex 2.863682e-17 -7.867035e-03 1.470481e-02
      vertex 2.492451e-17 -8.781013e-03 1.582236e-02
    endloop
  endfacet
  facet normal 1.000000e+00 -2.393634e-15 3.372907e-15
    outer loop
      vertex 2.652045e-17 -1.110258e-02 -8.803184e-03
      vertex 1.872114e-17 -1.221135e-02 -7.277696e-03
      vertex 2.143077e-17 -1.324989e-02 -8.818067e-03
    endloop
  endfacet
  facet normal 1.000000e+00 -2.393283e-15 3.322243e-15
    outer loop
      vertex 2.652045e-17 -1.110258e-02 -8.803184e-03
      vertex 2.143077e-17 -1.324989e-02 -8.818067e-03
      vertex 2.652392e-17 -1.275131e-02 -9.991947e-03
    endloop
  endfacet
  facet normal 1.000000e+00 -5.521764e-17 6.223996e-15
    outer loop
      vertex 2.972622e-17 5.153174e-04 7.776269e-04
      vertex 2.275957e-17 5.841504e-04 1.897559e-03
      vertex 2.903233e-17 -1.566416e-03 8.706445e-04
    endloop
  endfacet
  facet normal 1.000000e+00 -1.017125e-15 3.232849e-15
    outer loop
      vertex 1.951217e-17 1.498699e-02 -3.452813e-03
      vertex 1.567496e-17 1.518791e-02 -2.202656e-03
      vertex 1.723968e-17 1.391171e-02 -3.088184e-03
    endloop
  endfacet
  facet normal 1.000000e+00 -2.127055e-15 -7.265827e-16
    outer loop
      vertex 2.352979e-17 -1.119188e-02 1.007194e-02
      vertex 2.627065e-17 -1.046634e-02 1.172021e-02
      vertex 2.389061e-17 -1.157511e-02 1.169045e-02
    endloop
  endfacet
  facet normal 1.000000e+00 -1.697080e-15 -6.148826e-15
    outer loop
      vertex 3.125278e-17 -6.786563e-03 -1.491258e-02
      vertex 2.852232e-17 -5.038762e-03 -1.583903e-02
      vertex 3.827494e-17 -5.614541e-03 -1.409402e-02
    endloop
  endfacet
  facet normal 1.000000e+00 -5.902105e-16 8.094802e-16
    outer loop
      vertex 2.783884e-17 -8.133457e-03 -1.108770e-02
      vertex 2.875478e-17 -7.908355e-03 -1.205508e-02
      vertex 2.901498e-17 -6.313568e-03 -1.121373e-02
    endloop
  endfacet
  facet normal 1.000000e+00 -6.312806e-16 6.462137e-16
    outer loop
      vertex 2.703393e-17 -6.018237e-03 -7.837662e-03
      vertex 2.842171e-17 -5.465248e-03 -9.445005e-03
      vertex 2.842171e-17 -4.438799e-03 -8.442276e-03
    endloop
  endfacet
  facet normal 1.000000e+00 7.359400e-15 5.236550e-16
    outer loop
      vertex 2.626371e-17 -7.264673e-03 1.084771e-02
      vertex 3.003500e-17 -7.686973e-03 9.580811e-03
      vertex 1.692396e-17 -5.874990e-03 9.152929e-03
    endloop
  endfacet
  facet normal 1.000000e+00 1.574025e-15 -1.061648e-15
    outer loop
      vertex 2.553860e-17 -6.315893e-03 1.157139e-02
      vertex 2.851538e-17 -7.311182e-03 1.289968e-02
      vertex 2.626371e-17 -7.264673e-03 1.084771e-02
    endloop
  endfacet
  facet normal 1.000000e+00 -1.140612e-15 -3.571720e-15
    outer loop
      vertex 2.718659e-17 -5.718720e-03 1.387078e-02
      vertex 2.459838e-17 -4.364385e-03 1.271364e-02
      vertex 2.924050e-17 -4.092773e-03 1.392659e-02
    endloop
  endfacet
  facet normal 1.000000e+00 -1.880484e-15 -6.396016e-16
    outer loop
      vertex 2.783884e-17 -5.335488e-03 1.538883e-02
      vertex 2.924050e-17 -4.092773e-03 1.392659e-02
      vertex 2.961520e-17 -4.431357e-03 1.550789e-02
    endloop
  endfacet
  facet normal 1.000000e+00 -9.428005e-18 -2.920017e-15
    outer loop
      vertex 2.459838e-17 -4.364385e-03 1.271364e-02
      vertex 1.855113e-17 -5.062016e-03 1.064493e-02
      vertex 2.317938e-17 -3.337471e-03 1.222437e-02
    endloop
  endfacet
  facet normal 1.000000e+00 -3.650897e-15 2.924268e-15
    outer loop
      vertex 2.368938e-17 1.008683e-02 1.369219e-03
      vertex 1.705927e-17 8.381815e-03 1.507815e-03
      vertex 2.399470e-17 9.324081e-03 3.125391e-04
    endloop
  endfacet
  facet normal 1.000000e+00 -4.578353e-15 3.593735e-15
    outer loop
      vertex 3.180615e-17 1.102770e-02 3.092834e-04
      vertex 2.368938e-17 1.008683e-02 1.369219e-03
      vertex 2.399470e-17 9.324081e-03 3.125391e-04
    endloop
  endfacet
  facet normal 1.000000e+00 1.063380e-15 7.483757e-16
    outer loop
      vertex 2.129547e-17 1.326059e-02 2.014761e-03
      vertex 1.977585e-17 1.376660e-02 3.326309e-03
      vertex 2.179507e-17 1.186904e-02 3.324448e-03
    endloop
  endfacet
  facet normal 1.000000e+00 1.747172e-15 8.194463e-16
    outer loop
      vertex 1.842276e-17 1.532186e-02 1.125513e-03
      vertex 1.720846e-17 1.539999e-02 2.440781e-03
      vertex 2.129547e-17 1.326059e-02 2.014761e-03
    endloop
  endfacet
  facet normal 1.000000e+00 -1.149960e-15 -5.710154e-16
    outer loop
      vertex 1.977585e-17 1.376660e-02 3.326309e-03
      vertex 2.222528e-17 1.561579e-02 3.891855e-03
      vertex 2.204487e-17 1.483444e-02 5.149453e-03
    endloop
  endfacet
  facet normal 1.000000e+00 -2.797166e-15 -2.064509e-15
    outer loop
      vertex 2.652392e-17 -1.275131e-02 -9.991947e-03
      vertex 2.271100e-17 -1.416560e-02 -9.922647e-03
      vertex 1.963707e-17 -1.398434e-02 -1.165717e-02
    endloop
  endfacet
  facet normal 1.000000e+00 -8.964285e-06 -9.367790e-07
    outer loop
      vertex -1.113966e-08 -1.525232e-02 -1.141500e-02
      vertex 1.963707e-17 -1.398434e-02 -1.165717e-02
      vertex 2.271100e-17 -1.416560e-02 -9.922647e-03
    endloop
  endfacet
  facet normal 1.000000e+00 3.973246e-15 -3.255569e-15
    outer loop
      vertex 1.855113e-17 -5.062016e-03 1.064493e-02
      vertex 1.692396e-17 -5.874990e-03 9.152929e-03
      vertex 1.202684e-17 -4.089518e-03 9.827772e-03
    endloop
  endfacet
  facet normal 1.000000e+00 8.501982e-16 1.945316e-16
    outer loop
      vertex 2.863682e-17 -7.867035e-03 1.470481e-02
      vertex 2.851538e-17 -7.311182e-03 1.289968e-02
      vertex 2.759945e-17 -6.741371e-03 1.511773e-02
    endloop
  endfacet
  facet normal 1.000000e+00 -1.746049e-15 3.146425e-15
    outer loop
      vertex 2.425143e-17 1.492374e-02 -4.755058e-03
      vertex 1.723968e-17 1.391171e-02 -3.088184e-03
      vertex 2.261732e-17 1.344476e-02 -5.056436e-03
    endloop
  endfacet
  facet normal 1.000000e+00 -5.420869e-06 7.294852e-07
    outer loop
      vertex 3.086420e-17 -9.036247e-03 1.392570e-02
      vertex 2.492451e-17 -8.781013e-03 1.582236e-02
      vertex -1.013880e-08 -1.065520e-02 1.579371e-02
    endloop
  endfacet
  facet normal 1.000000e+00 -3.354664e-15 2.992041e-15
    outer loop
      vertex 2.783884e-17 -8.133457e-03 -1.108770e-02
      vertex 2.563574e-17 -7.255371e-03 -9.366870e-03
      vertex 2.281508e-17 -8.847832e-03 -1.020961e-02
    endloop
  endfacet
  facet normal 1.000000e+00 6.357344e-15 -3.491208e-15
    outer loop
      vertex 2.932377e-17 -4.390429e-03 -1.442889e-02
      vertex 3.827494e-17 -5.614541e-03 -1.409402e-02
      vertex 2.852232e-17 -5.038762e-03 -1.583903e-02
    endloop
  endfacet
  facet normal 1.000000e+00 -5.793916e-15 -2.828951e-16
    outer loop
      vertex 2.817191e-17 -7.366992e-03 -1.391543e-02
      vertex 3.125278e-17 -6.786563e-03 -1.491258e-02
      vertex 3.827494e-17 -5.614541e-03 -1.409402e-02
    endloop
  endfacet
  facet normal 1.000000e+00 -1.184336e-15 1.935658e-15
    outer loop
      vertex 2.901498e-17 -6.313568e-03 -1.121373e-02
      vertex 2.875478e-17 -7.908355e-03 -1.205508e-02
      vertex 3.221728e-17 -6.693545e-03 -1.310060e-02
    endloop
  endfacet
  facet normal 1.000000e+00 -5.628011e-15 1.964339e-15
    outer loop
      vertex 1.856848e-17 -8.207870e-03 -8.498086e-03
      vertex 2.563574e-17 -7.255371e-03 -9.366870e-03
      vertex 2.227385e-17 -7.214443e-03 -7.538145e-03
    endloop
  endfacet
  facet normal 1.000000e+00 -1.259375e-15 -1.117378e-16
    outer loop
      vertex 2.924050e-17 -4.092773e-03 1.392659e-02
      vertex 2.783884e-17 -5.335488e-03 1.538883e-02
      vertex 2.718659e-17 -5.718720e-03 1.387078e-02
    endloop
  endfacet
  facet normal 1.000000e+00 1.428304e-15 -3.404864e-15
    outer loop
      vertex 2.551431e-17 -5.528965e-03 1.249412e-02
      vertex 1.855113e-17 -5.062016e-03 1.064493e-02
      vertex 2.459838e-17 -4.364385e-03 1.271364e-02
    endloop
  endfacet
  facet normal 1.000000e+00 4.535184e-15 1.883160e-16
    outer loop
      vertex 2.503553e-17 -3.482578e-03 -1.352104e-02
      vertex 2.932377e-17 -4.390429e-03 -1.442889e-02
      vertex 2.384898e-17 -3.147715e-03 -1.528465e-02
    endloop
  endfacet
  facet normal 1.000000e+00 4.220534e-15 -1.052884e-14
    outer loop
      vertex 1.562639e-17 -1.421309e-03 -1.890117e-03
      vertex 1.626477e-17 -9.673828e-05 -1.298525e-03
      vertex 3.119727e-17 -8.687842e-04 -1.897559e-04
    endloop
  endfacet
  facet normal 1.000000e+00 6.373681e-16 -7.192779e-15
    outer loop
      vertex 3.108624e-17 -2.920752e-03 5.208986e-05
      vertex 2.250977e-17 -4.381128e-03 -1.269690e-03
      vertex 2.331468e-17 -2.232422e-03 -9.673828e-04
    endloop
  endfacet
  facet normal 1.000000e+00 -2.494301e-16 1.877522e-15
    outer loop
      vertex 3.119727e-17 -8.687842e-04 -1.897559e-04
      vertex 2.972622e-17 5.153174e-04 7.776269e-04
      vertex 2.903233e-17 -1.566416e-03 8.706445e-04
    endloop
  endfacet
  facet normal 1.000000e+00 2.307070e-16 5.625211e-15
    outer loop
      vertex 2.903233e-17 -1.566416e-03 8.706445e-04
      vertex 2.275957e-17 5.841504e-04 1.897559e-03
      vertex 1.953993e-17 -1.064121e-03 2.537519e-03
    endloop
  endfacet
  facet normal 1.000000e+00 3.836042e-16 -1.466621e-15
    outer loop
      vertex 2.317938e-17 -3.337471e-03 1.222437e-02
      vertex 2.174649e-17 -1.942207e-03 1.161231e-02
      vertex 2.371020e-17 -1.655713e-03 1.302618e-02
    endloop
  endfacet
  facet normal 1.000000e+00 2.715329e-15 -1.451829e-15
    outer loop
      vertex 2.918499e-17 -2.931914e-03 1.441028e-02
      vertex 2.371020e-17 -1.655713e-03 1.302618e-02
      vertex 2.686046e-17 -1.707803e-03 1.509861e-02
    endloop
  endfacet
  facet normal 1.000000e+00 1.733697e-15 -5.104239e-15
    outer loop
      vertex 3.190503e-17 9.764985e-03 -1.160859e-03
      vertex 2.439368e-17 1.124397e-02 -2.130103e-03
      vertex 3.087808e-17 1.167185e-02 -7.143750e-04
    endloop
  endfacet
  facet normal 1.000000e+00 -1.635150e-15 3.650407e-15
    outer loop
      vertex 1.559169e-17 1.226716e-02 -3.659312e-03
      vertex 2.061545e-17 1.148953e-02 -5.383858e-03
      vertex 2.261732e-17 1.344476e-02 -5.056436e-03
    endloop
  endfacet
  facet normal 1.000000e+00 -1.259917e-15 1.409668e-15
    outer loop
      vertex 2.261732e-17 1.344476e-02 -5.056436e-03
      vertex 2.061545e-17 1.148953e-02 -5.383858e-03
      vertex 2.273182e-17 1.238250e-02 -6.087070e-03
    endloop
  endfacet
  facet normal 1.000000e+00 5.496746e-15 -4.029983e-15
    outer loop
      vertex 2.997602e-17 1.246063e-02 1.376660e-04
      vertex 3.087808e-17 1.167185e-02 -7.143750e-04
      vertex 1.968564e-17 1.257598e-02 -2.258467e-03
    endloop
  endfacet
  facet normal 1.000000e+00 3.185230e-15 -3.624674e-15
    outer loop
      vertex 1.968564e-17 1.257598e-02 -2.258467e-03
      vertex 2.439368e-17 1.124397e-02 -2.130103e-03
      vertex 1.559169e-17 1.226716e-02 -3.659312e-03
    endloop
  endfacet
  facet normal 1.000000e+00 1.066400e-15 -2.331508e-15
    outer loop
      vertex 2.179507e-17 1.186904e-02 3.324448e-03
      vertex 1.977585e-17 1.376660e-02 3.326309e-03
      vertex 2.428613e-17 1.314896e-02 4.978301e-03
    endloop
  endfacet
  facet normal 1.000000e+00 1.819408e-15 4.566882e-16
    outer loop
      vertex 2.129547e-17 1.326059e-02 2.014761e-03
      vertex 1.720846e-17 1.539999e-02 2.440781e-03
      vertex 1.977585e-17 1.376660e-02 3.326309e-03
    endloop
  endfacet
  facet normal 1.000000e+00 2.690465e-15 3.477882e-15
    outer loop
      vertex 2.129547e-17 1.326059e-02 2.014761e-03
      vertex 2.683964e-17 1.153418e-02 1.756172e-03
      vertex 2.997602e-17 1.246063e-02 1.376660e-04
    endloop
  endfacet
  facet normal 1.000000e+00 -1.234095e-15 -2.221700e-15
    outer loop
      vertex 2.550737e-17 -1.258812e-02 1.206722e-02
      vertex 2.087219e-17 -1.347738e-02 1.047486e-02
      vertex 2.131628e-17 -1.241227e-02 1.008311e-02
    endloop
  endfacet
  facet normal 1.000000e+00 -1.819750e-15 -6.538186e-16
    outer loop
      vertex 2.389061e-17 -1.157511e-02 1.169045e-02
      vertex 2.131628e-17 -1.241227e-02 1.008311e-02
      vertex 2.352979e-17 -1.119188e-02 1.007194e-02
    endloop
  endfacet
  facet normal 1.000000e+00 -3.391499e-15 4.706701e-15
    outer loop
      vertex 3.218259e-17 -1.133326e-02 -1.017240e-02
      vertex 2.652045e-17 -1.110258e-02 -8.803184e-03
      vertex 2.652392e-17 -1.275131e-02 -9.991947e-03
    endloop
  endfacet
  facet normal 1.000000e+00 1.037507e-15 -1.807440e-15
    outer loop
      vertex 2.536860e-17 -8.702559e-03 -1.401016e-02
      vertex 2.675637e-17 -8.319492e-03 -1.302246e-02
      vertex 3.019807e-17 -9.439424e-03 -1.176114e-02
    endloop
  endfacet
  facet normal 1.000000e+00 2.144779e-15 3.940713e-15
    outer loop
      vertex 2.688127e-17 -1.038820e-02 -1.040309e-02
      vertex 3.019807e-17 -9.439424e-03 -1.176114e-02
      vertex 2.281508e-17 -8.847832e-03 -1.020961e-02
    endloop
  endfacet
  facet normal 1.000000e+00 5.783171e-15 2.807783e-15
    outer loop
      vertex 2.652045e-17 -1.110258e-02 -8.803184e-03
      vertex 2.688127e-17 -1.038820e-02 -1.040309e-02
      vertex 1.626130e-17 -9.231064e-03 -9.004101e-03
    endloop
  endfacet
  facet normal 1.000000e+00 -3.579407e-16 1.369894e-15
    outer loop
      vertex 2.896988e-17 -9.737080e-03 9.822657e-03
      vertex 3.003500e-17 -7.686973e-03 9.580811e-03
      vertex 2.806089e-17 -8.901782e-03 1.070446e-02
    endloop
  endfacet
  facet normal 1.000000e+00 4.571621e-15 1.518794e-16
    outer loop
      vertex 2.503553e-17 -3.482578e-03 -1.352104e-02
      vertex 3.214096e-17 -5.069458e-03 -1.253877e-02
      vertex 2.932377e-17 -4.390429e-03 -1.442889e-02
    endloop
  endfacet
  facet normal 1.000000e+00 -5.805501e-16 1.814068e-15
    outer loop
      vertex 3.221728e-17 -6.693545e-03 -1.310060e-02
      vertex 3.214096e-17 -5.069458e-03 -1.253877e-02
      vertex 2.901498e-17 -6.313568e-03 -1.121373e-02
    endloop
  endfacet
  facet normal 1.000000e+00 1.453054e-15 -1.014446e-15
    outer loop
      vertex 2.851538e-17 -7.311182e-03 1.289968e-02
      vertex 2.551431e-17 -5.528965e-03 1.249412e-02
      vertex 2.718659e-17 -5.718720e-03 1.387078e-02
    endloop
  endfacet
  facet normal 1.000000e+00 -2.910514e-17 -9.557232e-16
    outer loop
      vertex 2.836273e-17 -2.783086e-03 -1.091840e-02
      vertex 2.703393e-17 -3.538389e-03 -1.228576e-02
      vertex 2.681882e-17 -1.826865e-03 -1.256295e-02
    endloop
  endfacet
  facet normal 1.000000e+00 -5.050144e-15 -1.280842e-15
    outer loop
      vertex 2.331468e-17 -2.232422e-03 -9.673828e-04
      vertex 3.119727e-17 -8.687842e-04 -1.897559e-04
      vertex 2.903233e-17 -1.566416e-03 8.706445e-04
    endloop
  endfacet
  facet normal 1.000000e+00 4.584079e-15 -4.302524e-15
    outer loop
      vertex 1.562639e-17 -1.421309e-03 -1.890117e-03
      vertex 2.331468e-17 -2.232422e-03 -9.673828e-04
      vertex 2.046974e-17 -2.987725e-03 -2.433340e-03
    endloop
  endfacet
  facet normal 1.000000e+00 1.090730e-15 -2.949779e-15
    outer loop
      vertex 2.918499e-17 -2.931914e-03 1.441028e-02
      vertex 2.317938e-17 -3.337471e-03 1.222437e-02
      vertex 2.371020e-17 -1.655713e-03 1.302618e-02
    endloop
  endfacet
  facet normal 1.000000e+00 9.875726e-16 -3.505875e-15
    outer loop
      vertex 3.190503e-17 9.764985e-03 -1.160859e-03
      vertex 3.096134e-17 8.059044e-03 -1.910581e-03
      vertex 2.658984e-17 9.526860e-03 -2.744019e-03
    endloop
  endfacet
  facet normal 1.000000e+00 -3.569021e-15 5.208321e-15
    outer loop
      vertex 2.683964e-17 1.153418e-02 1.756172e-03
      vertex 1.642783e-17 9.959393e-03 2.676116e-03
      vertex 2.368938e-17 1.008683e-02 1.369219e-03
    endloop
  endfacet
  facet normal 1.000000e+00 3.019006e-16 1.328148e-16
    outer loop
      vertex 1.705927e-17 8.381815e-03 1.507815e-03
      vertex 1.642783e-17 9.959393e-03 2.676116e-03
      vertex 1.677825e-17 8.442276e-03 3.486299e-03
    endloop
  endfacet
  facet normal 1.000000e+00 -8.454855e-16 -5.687117e-17
    outer loop
      vertex 2.131628e-17 -1.241227e-02 1.008311e-02
      vertex 2.131628e-17 -1.230064e-02 8.423673e-03
      vertex 2.198242e-17 -1.154906e-02 8.963173e-03
    endloop
  endfacet
  facet normal 1.000000e+00 -4.834674e-16 -1.808795e-16
    outer loop
      vertex 2.131628e-17 -1.241227e-02 1.008311e-02
      vertex 2.087219e-17 -1.347738e-02 1.047486e-02
      vertex 2.048361e-17 -1.359370e-02 8.637485e-03
    endloop
  endfacet
  facet normal 1.000000e+00 -2.106215e-15 -1.481719e-15
    outer loop
      vertex 3.014602e-17 -9.054331e-03 1.232855e-02
      vertex 2.627065e-17 -1.046634e-02 1.172021e-02
      vertex 2.806089e-17 -8.901782e-03 1.070446e-02
    endloop
  endfacet
  facet normal 1.000000e+00 1.365219e-15 -4.651194e-16
    outer loop
      vertex 3.014602e-17 -9.054331e-03 1.232855e-02
      vertex 3.086420e-17 -9.036247e-03 1.392570e-02
      vertex 3.272729e-17 -1.046055e-02 1.375069e-02
    endloop
  endfacet
  facet normal 1.000000e+00 5.982969e-16 1.355701e-15
    outer loop
      vertex 2.069178e-17 -1.418146e-02 -7.861846e-03
      vertex 2.143077e-17 -1.324989e-02 -8.818067e-03
      vertex 1.872114e-17 -1.221135e-02 -7.277696e-03
    endloop
  endfacet
  facet normal 1.000000e+00 -2.055863e-15 -6.077206e-16
    outer loop
      vertex 2.536860e-17 -8.702559e-03 -1.401016e-02
      vertex 2.817191e-17 -7.366992e-03 -1.391543e-02
      vertex 2.675637e-17 -8.319492e-03 -1.302246e-02
    endloop
  endfacet
  facet normal 1.000000e+00 -3.388665e-15 -6.255995e-16
    outer loop
      vertex 2.675637e-17 -8.319492e-03 -1.302246e-02
      vertex 3.221728e-17 -6.693545e-03 -1.310060e-02
      vertex 2.875478e-17 -7.908355e-03 -1.205508e-02
    endloop
  endfacet
  facet normal 1.000000e+00 -1.730521e-15 3.854877e-15
    outer loop
      vertex 1.872114e-17 -1.221135e-02 -7.277696e-03
      vertex 2.652045e-17 -1.110258e-02 -8.803184e-03
      vertex 2.214895e-17 -1.046262e-02 -7.381875e-03
    endloop
  endfacet
  facet normal 1.000000e+00 6.357468e-15 3.064213e-15
    outer loop
      vertex 2.688127e-17 -1.038820e-02 -1.040309e-02
      vertex 2.652045e-17 -1.110258e-02 -8.803184e-03
      vertex 3.218259e-17 -1.133326e-02 -1.017240e-02
    endloop
  endfacet
  facet normal 1.000000e+00 6.964833e-15 1.658160e-15
    outer loop
      vertex 1.344064e-17 -9.301758e-03 -7.006083e-03
      vertex 2.214895e-17 -1.046262e-02 -7.381875e-03
      vertex 1.626130e-17 -9.231064e-03 -9.004101e-03
    endloop
  endfacet
  facet normal 1.000000e+00 -2.902263e-15 1.309042e-15
    outer loop
      vertex 1.856848e-17 -8.207870e-03 -8.498086e-03
      vertex 1.344064e-17 -9.301758e-03 -7.006083e-03
      vertex 1.626130e-17 -9.231064e-03 -9.004101e-03
    endloop
  endfacet
  facet normal 1.000000e+00 -3.978911e-15 4.171634e-15
    outer loop
      vertex 1.626130e-17 -9.231064e-03 -9.004101e-03
      vertex 2.281508e-17 -8.847832e-03 -1.020961e-02
      vertex 2.563574e-17 -7.255371e-03 -9.366870e-03
    endloop
  endfacet
  facet normal 1.000000e+00 -4.127078e-15 4.110481e-16
    outer loop
      vertex 1.344064e-17 -9.301758e-03 -7.006083e-03
      vertex 1.856848e-17 -8.207870e-03 -8.498086e-03
      vertex 2.227385e-17 -7.214443e-03 -7.538145e-03
    endloop
  endfacet
  facet normal 1.000000e+00 6.041637e-15 1.770332e-15
    outer loop
      vertex 3.273423e-17 -1.086445e-02 -1.208391e-02
      vertex 2.688127e-17 -1.038820e-02 -1.040309e-02
      vertex 3.218259e-17 -1.133326e-02 -1.017240e-02
    endloop
  endfacet
  facet normal 1.000000e+00 -8.057460e-16 5.065733e-15
    outer loop
      vertex 3.019807e-17 -9.439424e-03 -1.176114e-02
      vertex 2.783884e-17 -8.133457e-03 -1.108770e-02
      vertex 2.281508e-17 -8.847832e-03 -1.020961e-02
    endloop
  endfacet
  facet normal 1.000000e+00 -1.482691e-15 6.457107e-16
    outer loop
      vertex 3.369527e-17 -9.415239e-03 6.931670e-03
      vertex 3.541611e-17 -8.356699e-03 6.697266e-03
      vertex 3.386527e-17 -8.639473e-03 8.449717e-03
    endloop
  endfacet
  facet normal 1.000000e+00 5.584058e-15 1.785995e-15
    outer loop
      vertex 3.541611e-17 -8.356699e-03 6.697266e-03
      vertex 2.335979e-17 -6.613550e-03 7.997651e-03
      vertex 3.386527e-17 -8.639473e-03 8.449717e-03
    endloop
  endfacet
  facet normal 1.000000e+00 -6.828895e-15 -1.929905e-15
    outer loop
      vertex 2.198242e-17 -1.154906e-02 8.963173e-03
      vertex 2.209344e-17 -1.102072e-02 7.151192e-03
      vertex 2.976785e-17 -1.026914e-02 8.468321e-03
    endloop
  endfacet
  facet normal 1.000000e+00 -7.442390e-15 -1.579831e-15
    outer loop
      vertex 3.369527e-17 -9.415239e-03 6.931670e-03
      vertex 2.976785e-17 -1.026914e-02 8.468321e-03
      vertex 2.209344e-17 -1.102072e-02 7.151192e-03
    endloop
  endfacet
  facet normal 1.000000e+00 -2.941214e-16 1.309440e-15
    outer loop
      vertex 2.627065e-17 -1.046634e-02 1.172021e-02
      vertex 2.896988e-17 -9.737080e-03 9.822657e-03
      vertex 2.806089e-17 -8.901782e-03 1.070446e-02
    endloop
  endfacet
  facet normal 1.000000e+00 -3.408972e-15 1.928438e-15
    outer loop
      vertex 2.352979e-17 -1.119188e-02 1.007194e-02
      vertex 2.976785e-17 -1.026914e-02 8.468321e-03
      vertex 2.896988e-17 -9.737080e-03 9.822657e-03
    endloop
  endfacet
  facet normal 1.000000e+00 -1.092158e-16 3.478312e-15
    outer loop
      vertex 2.896988e-17 -9.737080e-03 9.822657e-03
      vertex 3.386527e-17 -8.639473e-03 8.449717e-03
      vertex 3.003500e-17 -7.686973e-03 9.580811e-03
    endloop
  endfacet
  facet normal 1.000000e+00 8.624598e-16 2.689299e-15
    outer loop
      vertex 2.806089e-17 -8.901782e-03 1.070446e-02
      vertex 3.003500e-17 -7.686973e-03 9.580811e-03
      vertex 2.626371e-17 -7.264673e-03 1.084771e-02
    endloop
  endfacet
  facet normal 1.000000e+00 1.200248e-15 -1.171146e-15
    outer loop
      vertex 3.014602e-17 -9.054331e-03 1.232855e-02
      vertex 2.806089e-17 -8.901782e-03 1.070446e-02
      vertex 2.626371e-17 -7.264673e-03 1.084771e-02
    endloop
  endfacet
  facet normal 1.000000e+00 -5.783876e-15 -1.843815e-16
    outer loop
      vertex 2.817191e-17 -7.366992e-03 -1.391543e-02
      vertex 3.827494e-17 -5.614541e-03 -1.409402e-02
      vertex 3.221728e-17 -6.693545e-03 -1.310060e-02
    endloop
  endfacet
  facet normal 1.000000e+00 -1.499137e-15 4.469452e-15
    outer loop
      vertex 3.221728e-17 -6.693545e-03 -1.310060e-02
      vertex 3.827494e-17 -5.614541e-03 -1.409402e-02
      vertex 3.214096e-17 -5.069458e-03 -1.253877e-02
    endloop
  endfacet
  facet normal 1.000000e+00 1.581812e-17 2.374013e-15
    outer loop
      vertex 2.901498e-17 -6.313568e-03 -1.121373e-02
      vertex 3.214096e-17 -5.069458e-03 -1.253877e-02
      vertex 2.875478e-17 -4.312295e-03 -1.111746e-02
    endloop
  endfacet
  facet normal 1.000000e+00 3.225879e-15 6.639408e-16
    outer loop
      vertex 2.875478e-17 -4.312295e-03 -1.111746e-02
      vertex 3.214096e-17 -5.069458e-03 -1.253877e-02
      vertex 2.703393e-17 -3.538389e-03 -1.228576e-02
    endloop
  endfacet
  facet normal 1.000000e+00 -1.510046e-15 1.059675e-15
    outer loop
      vertex 2.563574e-17 -7.255371e-03 -9.366870e-03
      vertex 2.901498e-17 -6.313568e-03 -1.121373e-02
      vertex 2.842171e-17 -5.465248e-03 -9.445005e-03
    endloop
  endfacet
  facet normal 1.000000e+00 5.014110e-16 -5.132720e-16
    outer loop
      vertex 2.842171e-17 -4.438799e-03 -8.442276e-03
      vertex 2.842171e-17 -5.465248e-03 -9.445005e-03
      vertex 2.756129e-17 -3.560713e-03 -9.260830e-03
    endloop
  endfacet
  facet normal 1.000000e+00 -1.541765e-15 3.329715e-16
    outer loop
      vertex 2.703393e-17 -6.018237e-03 -7.837662e-03
      vertex 2.563574e-17 -7.255371e-03 -9.366870e-03
      vertex 2.842171e-17 -5.465248e-03 -9.445005e-03
    endloop
  endfacet
  facet normal 1.000000e+00 3.206695e-15 -3.202171e-15
    outer loop
      vertex 2.553860e-17 -6.315893e-03 1.157139e-02
      vertex 2.626371e-17 -7.264673e-03 1.084771e-02
      vertex 1.855113e-17 -5.062016e-03 1.064493e-02
    endloop
  endfacet
  facet normal 1.000000e+00 2.214667e-15 -5.348447e-15
    outer loop
      vertex 2.317938e-17 -3.337471e-03 1.222437e-02
      vertex 1.855113e-17 -5.062016e-03 1.064493e-02
      vertex 1.202684e-17 -4.089518e-03 9.827772e-03
    endloop
  endfacet
  facet normal 1.000000e+00 5.001364e-15 -8.253351e-16
    outer loop
      vertex 2.335979e-17 -6.613550e-03 7.997651e-03
      vertex 3.003500e-17 -7.686973e-03 9.580811e-03
      vertex 3.386527e-17 -8.639473e-03 8.449717e-03
    endloop
  endfacet
  facet normal 1.000000e+00 8.168228e-16 2.645599e-15
    outer loop
      vertex 1.806888e-17 -4.263926e-03 8.222754e-03
      vertex 1.692396e-17 -5.874990e-03 9.152929e-03
      vertex 2.210038e-17 -5.288980e-03 7.015386e-03
    endloop
  endfacet
  facet normal 1.000000e+00 1.376463e-15 3.614897e-15
    outer loop
      vertex 1.692396e-17 -5.874990e-03 9.152929e-03
      vertex 1.806888e-17 -4.263926e-03 8.222754e-03
      vertex 1.202684e-17 -4.089518e-03 9.827772e-03
    endloop
  endfacet
  facet normal 1.000000e+00 6.908372e-16 2.354709e-16
    outer loop
      vertex 2.718659e-17 -5.718720e-03 1.387078e-02
      vertex 2.759945e-17 -6.741371e-03 1.511773e-02
      vertex 2.851538e-17 -7.311182e-03 1.289968e-02
    endloop
  endfacet
  facet normal 1.000000e+00 -9.190007e-17 -4.064678e-16
    outer loop
      vertex 2.718659e-17 -5.718720e-03 1.387078e-02
      vertex 2.783884e-17 -5.335488e-03 1.538883e-02
      vertex 2.759945e-17 -6.741371e-03 1.511773e-02
    endloop
  endfacet
  facet normal 1.000000e+00 -1.726766e-15 -1.000663e-15
    outer loop
      vertex 2.675637e-17 -2.291953e-03 -1.385590e-02
      vertex 2.503553e-17 -3.482578e-03 -1.352104e-02
      vertex 2.384898e-17 -3.147715e-03 -1.528465e-02
    endloop
  endfacet
  facet normal 1.000000e+00 -1.324878e-15 4.282740e-16
    outer loop
      vertex 2.503553e-17 -3.482578e-03 -1.352104e-02
      vertex 2.675637e-17 -2.291953e-03 -1.385590e-02
      vertex 2.681882e-17 -1.826865e-03 -1.256295e-02
    endloop
  endfacet
  facet normal 1.000000e+00 4.349140e-15 -4.686656e-15
    outer loop
      vertex 2.903233e-17 -1.566416e-03 8.706445e-04
      vertex 3.108624e-17 -2.920752e-03 5.208986e-05
      vertex 2.331468e-17 -2.232422e-03 -9.673828e-04
    endloop
  endfacet
  facet normal 1.000000e+00 -6.854913e-16 -8.934647e-15
    outer loop
      vertex 1.562639e-17 -1.421309e-03 -1.890117e-03
      vertex 3.119727e-17 -8.687842e-04 -1.897559e-04
      vertex 2.331468e-17 -2.232422e-03 -9.673828e-04
    endloop
  endfacet
  facet normal 1.000000e+00 1.362539e-15 5.363142e-15
    outer loop
      vertex 3.108624e-17 -2.920752e-03 5.208986e-05
      vertex 2.239875e-17 -3.735586e-03 1.878955e-03
      vertex 2.989275e-17 -4.241601e-03 6.101953e-04
    endloop
  endfacet
  facet normal 1.000000e+00 -3.990491e-16 -3.737775e-15
    outer loop
      vertex 2.317938e-17 -3.337471e-03 1.222437e-02
      vertex 2.924050e-17 -4.092773e-03 1.392659e-02
      vertex 2.459838e-17 -4.364385e-03 1.271364e-02
    endloop
  endfacet
  facet normal 1.000000e+00 2.588950e-15 -3.663919e-15
    outer loop
      vertex 2.439368e-17 1.124397e-02 -2.130103e-03
      vertex 2.658984e-17 9.526860e-03 -2.744019e-03
      vertex 1.977585e-17 1.036588e-02 -4.010918e-03
    endloop
  endfacet
  facet normal 1.000000e+00 2.905619e-15 -3.811761e-15
    outer loop
      vertex 1.977585e-17 1.036588e-02 -4.010918e-03
      vertex 1.559169e-17 1.226716e-02 -3.659312e-03
      vertex 2.439368e-17 1.124397e-02 -2.130103e-03
    endloop
  endfacet
  facet normal 1.000000e+00 -3.221372e-15 6.071295e-15
    outer loop
      vertex 3.096134e-17 8.059044e-03 -1.910581e-03
      vertex 3.190503e-17 9.764985e-03 -1.160859e-03
      vertex 1.992503e-17 7.778131e-03 -2.418457e-04
    endloop
  endfacet
  facet normal 1.000000e+00 -4.577578e-15 3.998965e-15
    outer loop
      vertex 3.190503e-17 9.764985e-03 -1.160859e-03
      vertex 3.180615e-17 1.102770e-02 3.092834e-04
      vertex 2.399470e-17 9.324081e-03 3.125391e-04
    endloop
  endfacet
  facet normal 1.000000e+00 2.620243e-15 -3.751447e-15
    outer loop
      vertex 2.658984e-17 9.526860e-03 -2.744019e-03
      vertex 2.439368e-17 1.124397e-02 -2.130103e-03
      vertex 3.190503e-17 9.764985e-03 -1.160859e-03
    endloop
  endfacet
  facet normal 1.000000e+00 7.892431e-16 1.365585e-15
    outer loop
      vertex 1.725009e-17 7.311182e-03 1.986856e-03
      vertex 1.992503e-17 7.778131e-03 -2.418457e-04
      vertex 1.705927e-17 8.381815e-03 1.507815e-03
    endloop
  endfacet
  facet normal 1.000000e+00 -4.207664e-15 4.115072e-15
    outer loop
      vertex 1.642783e-17 9.959393e-03 2.676116e-03
      vertex 2.683964e-17 1.153418e-02 1.756172e-03
      vertex 2.179507e-17 1.186904e-02 3.324448e-03
    endloop
  endfacet
  facet normal 1.000000e+00 -2.126108e-15 3.236590e-15
    outer loop
      vertex 1.723968e-17 1.391171e-02 -3.088184e-03
      vertex 1.559169e-17 1.226716e-02 -3.659312e-03
      vertex 2.261732e-17 1.344476e-02 -5.056436e-03
    endloop
  endfacet
  facet normal 1.000000e+00 1.813182e-15 2.095497e-15
    outer loop
      vertex 2.061545e-17 1.148953e-02 -5.383858e-03
      vertex 1.559169e-17 1.226716e-02 -3.659312e-03
      vertex 1.977585e-17 1.036588e-02 -4.010918e-03
    endloop
  endfacet
  facet normal 1.000000e+00 4.624051e-15 -1.769823e-15
    outer loop
      vertex 2.413347e-17 1.388008e-02 5.450830e-04
      vertex 2.997602e-17 1.246063e-02 1.376660e-04
      vertex 2.440409e-17 1.320850e-02 -1.056680e-03
    endloop
  endfacet
  facet normal 1.000000e+00 8.416360e-16 -3.621465e-15
    outer loop
      vertex 1.681988e-17 1.613297e-02 -1.666875e-03
      vertex 2.016443e-17 1.432843e-02 -1.162720e-03
      vertex 1.567496e-17 1.518791e-02 -2.202656e-03
    endloop
  endfacet
  facet normal 1.000000e+00 9.396495e-16 -3.270641e-15
    outer loop
      vertex 2.217670e-17 1.566416e-02 -1.637109e-04
      vertex 2.016443e-17 1.432843e-02 -1.162720e-03
      vertex 1.681988e-17 1.613297e-02 -1.666875e-03
    endloop
  endfacet
  facet normal 1.000000e+00 3.005601e-15 -5.488652e-15
    outer loop
      vertex 3.087808e-17 1.167185e-02 -7.143750e-04
      vertex 2.439368e-17 1.124397e-02 -2.130103e-03
      vertex 1.968564e-17 1.257598e-02 -2.258467e-03
    endloop
  endfacet
  facet normal 1.000000e+00 6.412802e-16 -4.263709e-15
    outer loop
      vertex 2.440409e-17 1.320850e-02 -1.056680e-03
      vertex 2.997602e-17 1.246063e-02 1.376660e-04
      vertex 1.968564e-17 1.257598e-02 -2.258467e-03
    endloop
  endfacet
  facet normal 1.000000e+00 2.682973e-15 -2.099645e-15
    outer loop
      vertex 2.016443e-17 1.432843e-02 -1.162720e-03
      vertex 1.723968e-17 1.391171e-02 -3.088184e-03
      vertex 1.567496e-17 1.518791e-02 -2.202656e-03
    endloop
  endfacet
  facet normal 1.000000e+00 2.819779e-15 2.614549e-15
    outer loop
      vertex 2.179507e-17 1.186904e-02 3.324448e-03
      vertex 2.683964e-17 1.153418e-02 1.756172e-03
      vertex 2.129547e-17 1.326059e-02 2.014761e-03
    endloop
  endfacet
  facet normal 1.000000e+00 3.177391e-15 3.270372e-15
    outer loop
      vertex 2.413347e-17 1.388008e-02 5.450830e-04
      vertex 2.129547e-17 1.326059e-02 2.014761e-03
      vertex 2.997602e-17 1.246063e-02 1.376660e-04
    endloop
  endfacet
  facet normal 1.000000e+00 2.721645e-15 3.078266e-15
    outer loop
      vertex 2.129547e-17 1.326059e-02 2.014761e-03
      vertex 2.413347e-17 1.388008e-02 5.450830e-04
      vertex 1.842276e-17 1.532186e-02 1.125513e-03
    endloop
  endfacet
  facet normal 1.000000e+00 3.370526e-16 -3.354003e-16
    outer loop
      vertex 2.428613e-17 1.314896e-02 4.978301e-03
      vertex 2.478573e-17 1.288852e-02 6.206133e-03
      vertex 2.489675e-17 1.140396e-02 5.045274e-03
    endloop
  endfacet
  facet normal 1.000000e+00 1.548210e-15 -2.151372e-15
    outer loop
      vertex 2.204487e-17 1.483444e-02 5.149453e-03
      vertex 2.428613e-17 1.314896e-02 4.978301e-03
      vertex 1.977585e-17 1.376660e-02 3.326309e-03
    endloop
  endfacet
  facet normal 1.000000e+00 1.282915e-15 4.612114e-16
    outer loop
      vertex 2.237099e-17 1.403449e-02 6.667500e-03
      vertex 2.428613e-17 1.314896e-02 4.978301e-03
      vertex 2.204487e-17 1.483444e-02 5.149453e-03
    endloop
  endfacet
  facet normal 1.000000e+00 -1.261518e-16 -7.581349e-16
    outer loop
      vertex 2.816497e-17 -1.193494e-02 -1.234980e-02
      vertex 2.707556e-17 -1.169296e-02 -1.382702e-02
      vertex 2.746067e-17 -1.015567e-02 -1.357485e-02
    endloop
  endfacet
  facet normal 1.000000e+00 -6.096248e-15 3.783132e-16
    outer loop
      vertex 2.910866e-17 -1.240017e-02 -1.116583e-02
      vertex 2.652392e-17 -1.275131e-02 -9.991947e-03
      vertex 1.963707e-17 -1.398434e-02 -1.165717e-02
    endloop
  endfacet
  facet normal 1.000000e+00 -7.562893e-16 -6.793605e-16
    outer loop
      vertex 2.131628e-17 -1.230064e-02 8.423673e-03
      vertex 2.048361e-17 -1.359370e-02 8.637485e-03
      vertex 1.972034e-17 -1.297037e-02 6.820049e-03
    endloop
  endfacet
  facet normal 1.000000e+00 -1.128188e-15 -5.240435e-16
    outer loop
      vertex 1.972034e-17 -1.297037e-02 6.820049e-03
      vertex 2.209344e-17 -1.102072e-02 7.151192e-03
      vertex 2.131628e-17 -1.230064e-02 8.423673e-03
    endloop
  endfacet
  facet normal 1.000000e+00 -7.692785e-16 -1.630358e-16
    outer loop
      vertex 2.198242e-17 -1.154906e-02 8.963173e-03
      vertex 2.131628e-17 -1.230064e-02 8.423673e-03
      vertex 2.209344e-17 -1.102072e-02 7.151192e-03
    endloop
  endfacet
  facet normal 1.000000e+00 -1.821168e-15 -8.088918e-16
    outer loop
      vertex 2.352979e-17 -1.119188e-02 1.007194e-02
      vertex 2.131628e-17 -1.241227e-02 1.008311e-02
      vertex 2.198242e-17 -1.154906e-02 8.963173e-03
    endloop
  endfacet
  facet normal 1.000000e+00 2.785801e-15 -5.796216e-15
    outer loop
      vertex 3.269607e-17 -1.170691e-02 1.314628e-02
      vertex 2.389061e-17 -1.157511e-02 1.169045e-02
      vertex 3.272729e-17 -1.046055e-02 1.375069e-02
    endloop
  endfacet
  facet normal 1.000000e+00 -2.061351e-15 -3.173994e-15
    outer loop
      vertex 2.627065e-17 -1.046634e-02 1.172021e-02
      vertex 3.272729e-17 -1.046055e-02 1.375069e-02
      vertex 2.389061e-17 -1.157511e-02 1.169045e-02
    endloop
  endfacet
  facet normal 1.000000e+00 -1.376292e-15 -3.175946e-15
    outer loop
      vertex 3.272729e-17 -1.046055e-02 1.375069e-02
      vertex 2.627065e-17 -1.046634e-02 1.172021e-02
      vertex 3.014602e-17 -9.054331e-03 1.232855e-02
    endloop
  endfacet
  facet normal 1.000000e+00 1.285439e-15 -1.068189e-15
    outer loop
      vertex 3.014602e-17 -9.054331e-03 1.232855e-02
      vertex 2.626371e-17 -7.264673e-03 1.084771e-02
      vertex 2.851538e-17 -7.311182e-03 1.289968e-02
    endloop
  endfacet
  facet normal 1.000000e+00 -3.855329e-15 9.501502e-16
    outer loop
      vertex 2.069178e-17 -1.418146e-02 -7.861846e-03
      vertex 1.774622e-17 -1.531123e-02 -9.345891e-03
      vertex 2.271100e-17 -1.416560e-02 -9.922647e-03
    endloop
  endfacet
  facet normal 1.000000e+00 -1.641358e-05 -5.851096e-06
    outer loop
      vertex 1.774622e-17 -1.531123e-02 -9.345891e-03
      vertex -1.559280e-08 -1.579532e-02 -1.065285e-02
      vertex -1.113966e-08 -1.525232e-02 -1.141500e-02
    endloop
  endfacet
endsolid Patellar Button_simpl05_backing 
