solid Patellar Button_simpl05_contact 
  facet normal -9.303017e-01 3.666628e-01 9.858855e-03
    outer loop
      vertex -5.467632e-03 1.882117e-02 9.860491e-04
      vertex -5.495602e-03 1.878278e-02 -2.252875e-04
      vertex -5.506346e-03 1.872308e-02 9.809103e-04
    endloop
  endfacet
  facet normal -8.755340e-01 4.831316e-01 4.902633e-03
    outer loop
      vertex -5.495602e-03 1.878278e-02 -2.252875e-04
      vertex -5.467632e-03 1.882117e-02 9.860491e-04
      vertex -5.426309e-03 1.890837e-02 -2.267939e-04
    endloop
  endfacet
  facet normal -7.883529e-01 6.149786e-01 1.735187e-02
    outer loop
      vertex -5.426309e-03 1.890837e-02 -2.267939e-04
      vertex -5.467632e-03 1.882117e-02 9.860491e-04
      vertex -5.373884e-03 1.895051e-02 6.614988e-04
    endloop
  endfacet
  facet normal -6.811100e-01 7.321607e-01 5.463488e-03
    outer loop
      vertex -5.426309e-03 1.890837e-02 -2.267939e-04
      vertex -5.373884e-03 1.895051e-02 6.614988e-04
      vertex -5.345556e-03 1.898349e-02 -2.276950e-04
    endloop
  endfacet
  facet normal -4.200914e-01 9.072553e-01 2.027460e-02
    outer loop
      vertex -5.345556e-03 1.898349e-02 -2.276950e-04
      vertex -5.373884e-03 1.895051e-02 6.614988e-04
      vertex -5.244996e-03 1.902752e-02 -1.141451e-04
    endloop
  endfacet
  facet normal -4.129156e-01 9.105086e-01 2.179001e-02
    outer loop
      vertex -5.244996e-03 1.902752e-02 -1.141451e-04
      vertex -5.373884e-03 1.895051e-02 6.614988e-04
      vertex -5.244996e-03 1.899848e-02 1.099283e-03
    endloop
  endfacet
  facet normal -9.303074e-01 3.657238e-01 2.782613e-02
    outer loop
      vertex -5.467632e-03 1.882117e-02 9.860491e-04
      vertex -5.506346e-03 1.872308e-02 9.809103e-04
      vertex -5.467632e-03 1.874704e-02 1.960416e-03
    endloop
  endfacet
  facet normal -9.420041e-01 3.343413e-01 2.905585e-02
    outer loop
      vertex -5.467632e-03 1.874704e-02 1.960416e-03
      vertex -5.506346e-03 1.872308e-02 9.809103e-04
      vertex -5.506346e-03 1.861131e-02 2.267126e-03
    endloop
  endfacet
  facet normal -7.401444e-01 6.703295e-01 5.333488e-02
    outer loop
      vertex -5.373884e-03 1.895051e-02 6.614988e-04
      vertex -5.467632e-03 1.882117e-02 9.860491e-04
      vertex -5.373884e-03 1.882072e-02 2.292636e-03
    endloop
  endfacet
  facet normal -7.249910e-01 6.867734e-01 5.225323e-02
    outer loop
      vertex -5.467632e-03 1.882117e-02 9.860491e-04
      vertex -5.467632e-03 1.874704e-02 1.960416e-03
      vertex -5.373884e-03 1.882072e-02 2.292636e-03
    endloop
  endfacet
  facet normal -5.420484e-01 8.376080e-01 6.779656e-02
    outer loop
      vertex -5.244996e-03 1.899848e-02 1.099283e-03
      vertex -5.373884e-03 1.895051e-02 6.614988e-04
      vertex -5.244996e-03 1.892725e-02 1.979262e-03
    endloop
  endfacet
  facet normal -5.336918e-01 8.430149e-01 6.707462e-02
    outer loop
      vertex -5.373884e-03 1.895051e-02 6.614988e-04
      vertex -5.373884e-03 1.882072e-02 2.292636e-03
      vertex -5.244996e-03 1.892725e-02 1.979262e-03
    endloop
  endfacet
  facet normal -9.216220e-01 3.843474e-01 5.375810e-02
    outer loop
      vertex -5.467632e-03 1.874704e-02 1.960416e-03
      vertex -5.506346e-03 1.861131e-02 2.267126e-03
      vertex -5.467632e-03 1.856519e-02 3.260514e-03
    endloop
  endfacet
  facet normal -7.855137e-01 6.128784e-01 8.572240e-02
    outer loop
      vertex -5.467632e-03 1.874704e-02 1.960416e-03
      vertex -5.467632e-03 1.856519e-02 3.260514e-03
      vertex -5.373884e-03 1.882072e-02 2.292636e-03
    endloop
  endfacet
  facet normal -9.422829e-01 3.307434e-01 5.207504e-02
    outer loop
      vertex -5.467632e-03 1.856519e-02 3.260514e-03
      vertex -5.506346e-03 1.861131e-02 2.267126e-03
      vertex -5.506346e-03 1.840763e-02 3.560707e-03
    endloop
  endfacet
  facet normal -7.688208e-01 6.327271e-01 9.257955e-02
    outer loop
      vertex -5.373884e-03 1.882072e-02 2.292636e-03
      vertex -5.467632e-03 1.856519e-02 3.260514e-03
      vertex -5.373884e-03 1.867625e-02 3.280019e-03
    endloop
  endfacet
  facet normal -4.340246e-01 8.922161e-01 1.247923e-01
    outer loop
      vertex -5.244996e-03 1.892725e-02 1.979262e-03
      vertex -5.373884e-03 1.882072e-02 2.292636e-03
      vertex -5.244996e-03 1.874366e-02 3.291858e-03
    endloop
  endfacet
  facet normal -4.688543e-01 8.739696e-01 1.278778e-01
    outer loop
      vertex -5.373884e-03 1.882072e-02 2.292636e-03
      vertex -5.373884e-03 1.867625e-02 3.280019e-03
      vertex -5.244996e-03 1.874366e-02 3.291858e-03
    endloop
  endfacet
  facet normal -9.271772e-01 3.673905e-01 7.325788e-02
    outer loop
      vertex -5.467632e-03 1.856519e-02 3.260514e-03
      vertex -5.506346e-03 1.840763e-02 3.560707e-03
      vertex -5.467632e-03 1.839684e-02 4.104834e-03
    endloop
  endfacet
  facet normal -7.688661e-01 6.270651e-01 1.250371e-01
    outer loop
      vertex -5.373884e-03 1.867625e-02 3.280019e-03
      vertex -5.467632e-03 1.856519e-02 3.260514e-03
      vertex -5.373884e-03 1.850689e-02 4.129389e-03
    endloop
  endfacet
  facet normal -7.688663e-01 6.270648e-01 1.250371e-01
    outer loop
      vertex -5.467632e-03 1.856519e-02 3.260514e-03
      vertex -5.467632e-03 1.839684e-02 4.104834e-03
      vertex -5.373884e-03 1.850689e-02 4.129389e-03
    endloop
  endfacet
  facet normal -4.689071e-01 8.661951e-01 1.727197e-01
    outer loop
      vertex -5.373884e-03 1.867625e-02 3.280019e-03
      vertex -5.373884e-03 1.850689e-02 4.129389e-03
      vertex -5.244996e-03 1.874366e-02 3.291858e-03
    endloop
  endfacet
  facet normal -9.444157e-01 3.204200e-01 7.355231e-02
    outer loop
      vertex -5.467632e-03 1.839684e-02 4.104834e-03
      vertex -5.506346e-03 1.840763e-02 3.560707e-03
      vertex -5.506346e-03 1.811885e-02 4.818745e-03
    endloop
  endfacet
  facet normal -4.127992e-01 8.911238e-01 1.884017e-01
    outer loop
      vertex -5.244996e-03 1.874366e-02 3.291858e-03
      vertex -5.373884e-03 1.850689e-02 4.129389e-03
      vertex -5.244996e-03 1.847345e-02 4.569965e-03
    endloop
  endfacet
  facet normal -9.303556e-01 3.559087e-01 8.813349e-02
    outer loop
      vertex -5.467632e-03 1.839684e-02 4.104834e-03
      vertex -5.506346e-03 1.811885e-02 4.818745e-03
      vertex -5.467632e-03 1.818718e-02 4.951485e-03
    endloop
  endfacet
  facet normal -7.688626e-01 6.206669e-01 1.536975e-01
    outer loop
      vertex -5.373884e-03 1.850689e-02 4.129389e-03
      vertex -5.467632e-03 1.839684e-02 4.104834e-03
      vertex -5.373884e-03 1.829597e-02 4.981105e-03
    endloop
  endfacet
  facet normal -7.688550e-01 6.206763e-01 1.536977e-01
    outer loop
      vertex -5.467632e-03 1.839684e-02 4.104834e-03
      vertex -5.467632e-03 1.818718e-02 4.951485e-03
      vertex -5.373884e-03 1.829597e-02 4.981105e-03
    endloop
  endfacet
  facet normal -4.950774e-01 8.433749e-01 2.088473e-01
    outer loop
      vertex -5.373884e-03 1.850689e-02 4.129389e-03
      vertex -5.373884e-03 1.829597e-02 4.981105e-03
      vertex -5.244996e-03 1.847345e-02 4.569965e-03
    endloop
  endfacet
  facet normal -3.751456e-01 8.880606e-01 2.657334e-01
    outer loop
      vertex -5.244996e-03 1.847345e-02 4.569965e-03
      vertex -5.373884e-03 1.829597e-02 4.981105e-03
      vertex -5.134536e-03 1.831026e-02 5.271245e-03
    endloop
  endfacet
  facet normal -9.352092e-01 3.403983e-01 9.753315e-02
    outer loop
      vertex -5.467632e-03 1.818718e-02 4.951485e-03
      vertex -5.506346e-03 1.811885e-02 4.818745e-03
      vertex -5.495602e-03 1.787293e-02 5.780040e-03
    endloop
  endfacet
  facet normal -8.755790e-01 4.607404e-01 1.451884e-01
    outer loop
      vertex -5.467632e-03 1.818718e-02 4.951485e-03
      vertex -5.495602e-03 1.787293e-02 5.780040e-03
      vertex -5.426309e-03 1.799244e-02 5.818687e-03
    endloop
  endfacet
  facet normal -7.689195e-01 6.150010e-01 1.747473e-01
    outer loop
      vertex -5.373884e-03 1.829597e-02 4.981105e-03
      vertex -5.467632e-03 1.818718e-02 4.951485e-03
      vertex -5.426309e-03 1.799244e-02 5.818687e-03
    endloop
  endfacet
  facet normal -6.811103e-01 7.009961e-01 2.114077e-01
    outer loop
      vertex -5.373884e-03 1.829597e-02 4.981105e-03
      vertex -5.426309e-03 1.799244e-02 5.818687e-03
      vertex -5.345556e-03 1.806393e-02 5.841806e-03
    endloop
  endfacet
  facet normal -3.514961e-01 9.034359e-01 2.454669e-01
    outer loop
      vertex -5.134536e-03 1.831026e-02 5.271245e-03
      vertex -5.373884e-03 1.829597e-02 4.981105e-03
      vertex -5.263287e-03 1.810180e-02 5.854120e-03
    endloop
  endfacet
  facet normal -4.355110e-01 8.654447e-01 2.476604e-01
    outer loop
      vertex -5.373884e-03 1.829597e-02 4.981105e-03
      vertex -5.345556e-03 1.806393e-02 5.841806e-03
      vertex -5.263287e-03 1.810180e-02 5.854120e-03
    endloop
  endfacet
  facet normal -8.755281e-01 4.560958e-01 1.594588e-01
    outer loop
      vertex -5.426309e-03 1.799244e-02 5.818687e-03
      vertex -5.495602e-03 1.787293e-02 5.780040e-03
      vertex -5.426309e-03 1.770185e-02 6.649860e-03
    endloop
  endfacet
  facet normal -8.755280e-01 4.560960e-01 1.594589e-01
    outer loop
      vertex -5.495602e-03 1.787293e-02 5.780040e-03
      vertex -5.495602e-03 1.758427e-02 6.605692e-03
      vertex -5.426309e-03 1.770185e-02 6.649860e-03
    endloop
  endfacet
  facet normal -6.810811e-01 6.911833e-01 2.416489e-01
    outer loop
      vertex -5.345556e-03 1.806393e-02 5.841806e-03
      vertex -5.426309e-03 1.799244e-02 5.818687e-03
      vertex -5.345556e-03 1.777218e-02 6.676282e-03
    endloop
  endfacet
  facet normal -6.810842e-01 6.911804e-01 2.416484e-01
    outer loop
      vertex -5.426309e-03 1.799244e-02 5.818687e-03
      vertex -5.426309e-03 1.770185e-02 6.649860e-03
      vertex -5.345556e-03 1.777218e-02 6.676282e-03
    endloop
  endfacet
  facet normal -4.356199e-01 8.486469e-01 3.000563e-01
    outer loop
      vertex -5.263287e-03 1.810180e-02 5.854120e-03
      vertex -5.345556e-03 1.806393e-02 5.841806e-03
      vertex -5.272432e-03 1.776572e-02 6.791382e-03
    endloop
  endfacet
  facet normal -3.997264e-01 8.652766e-01 3.025147e-01
    outer loop
      vertex -5.345556e-03 1.806393e-02 5.841806e-03
      vertex -5.345556e-03 1.777218e-02 6.676282e-03
      vertex -5.272432e-03 1.776572e-02 6.791382e-03
    endloop
  endfacet
  facet normal -8.755282e-01 4.482800e-01 1.802649e-01
    outer loop
      vertex -5.426309e-03 1.770185e-02 6.649860e-03
      vertex -5.495602e-03 1.758427e-02 6.605692e-03
      vertex -5.426309e-03 1.737388e-02 7.465443e-03
    endloop
  endfacet
  facet normal -8.835837e-01 4.334196e-01 1.772776e-01
    outer loop
      vertex -5.495602e-03 1.758427e-02 6.605692e-03
      vertex -5.495602e-03 1.719366e-02 7.560689e-03
      vertex -5.426309e-03 1.737388e-02 7.465443e-03
    endloop
  endfacet
  facet normal -6.810276e-01 6.777405e-01 2.772531e-01
    outer loop
      vertex -5.345556e-03 1.777218e-02 6.676282e-03
      vertex -5.426309e-03 1.770185e-02 6.649860e-03
      vertex -5.345840e-03 1.727168e-02 7.899054e-03
    endloop
  endfacet
  facet normal -6.396098e-01 7.131959e-01 2.867943e-01
    outer loop
      vertex -5.426309e-03 1.770185e-02 6.649860e-03
      vertex -5.426309e-03 1.737388e-02 7.465443e-03
      vertex -5.345840e-03 1.727168e-02 7.899054e-03
    endloop
  endfacet
  facet normal -4.573856e-01 8.230316e-01 3.367750e-01
    outer loop
      vertex -5.345556e-03 1.777218e-02 6.676282e-03
      vertex -5.345840e-03 1.727168e-02 7.899054e-03
      vertex -5.272432e-03 1.776572e-02 6.791382e-03
    endloop
  endfacet
  facet normal -2.944509e-01 8.798964e-01 3.729357e-01
    outer loop
      vertex -5.272432e-03 1.776572e-02 6.791382e-03
      vertex -5.345840e-03 1.727168e-02 7.899054e-03
      vertex -5.258330e-03 1.712509e-02 8.314015e-03
    endloop
  endfacet
  facet normal -8.734521e-01 4.428270e-01 2.024490e-01
    outer loop
      vertex -5.426309e-03 1.737388e-02 7.465443e-03
      vertex -5.495602e-03 1.719366e-02 7.560689e-03
      vertex -5.426309e-03 1.701551e-02 8.249324e-03
    endloop
  endfacet
  facet normal -7.354478e-01 6.162357e-01 2.817269e-01
    outer loop
      vertex -5.426309e-03 1.737388e-02 7.465443e-03
      vertex -5.426309e-03 1.701551e-02 8.249324e-03
      vertex -5.345840e-03 1.727168e-02 7.899054e-03
    endloop
  endfacet
  facet normal -9.547402e-01 2.657596e-01 1.335776e-01
    outer loop
      vertex -5.495602e-03 1.719366e-02 7.560689e-03
      vertex -5.510904e-03 1.673391e-02 8.366009e-03
      vertex -5.467632e-03 1.671685e-02 8.709227e-03
    endloop
  endfacet
  facet normal -8.807534e-01 4.294051e-01 1.997114e-01
    outer loop
      vertex -5.495602e-03 1.719366e-02 7.560689e-03
      vertex -5.467632e-03 1.671685e-02 8.709227e-03
      vertex -5.426309e-03 1.701551e-02 8.249324e-03
    endloop
  endfacet
  facet normal -7.718291e-01 5.626986e-01 2.960576e-01
    outer loop
      vertex -5.426309e-03 1.701551e-02 8.249324e-03
      vertex -5.467632e-03 1.671685e-02 8.709227e-03
      vertex -5.373884e-03 1.676781e-02 8.856781e-03
    endloop
  endfacet
  facet normal -6.759457e-01 6.601691e-01 3.275274e-01
    outer loop
      vertex -5.345840e-03 1.727168e-02 7.899054e-03
      vertex -5.426309e-03 1.701551e-02 8.249324e-03
      vertex -5.373884e-03 1.676781e-02 8.856781e-03
    endloop
  endfacet
  facet normal -5.404769e-01 7.510156e-01 3.792892e-01
    outer loop
      vertex -5.345840e-03 1.727168e-02 7.899054e-03
      vertex -5.373884e-03 1.676781e-02 8.856781e-03
      vertex -5.258330e-03 1.712509e-02 8.314015e-03
    endloop
  endfacet
  facet normal -9.593845e-01 2.486154e-01 1.333111e-01
    outer loop
      vertex -5.467632e-03 1.671685e-02 8.709227e-03
      vertex -5.510904e-03 1.673391e-02 8.366009e-03
      vertex -5.495602e-03 1.605878e-02 9.735190e-03
    endloop
  endfacet
  facet normal -9.247574e-01 3.312850e-01 1.872807e-01
    outer loop
      vertex -5.467632e-03 1.671685e-02 8.709227e-03
      vertex -5.495602e-03 1.605878e-02 9.735190e-03
      vertex -5.450406e-03 1.636927e-02 9.409128e-03
    endloop
  endfacet
  facet normal -7.776805e-01 5.502239e-01 3.040833e-01
    outer loop
      vertex -5.373884e-03 1.676781e-02 8.856781e-03
      vertex -5.467632e-03 1.671685e-02 8.709227e-03
      vertex -5.371875e-03 1.625765e-02 9.785025e-03
    endloop
  endfacet
  facet normal -6.924831e-01 6.392091e-01 3.344829e-01
    outer loop
      vertex -5.467632e-03 1.671685e-02 8.709227e-03
      vertex -5.450406e-03 1.636927e-02 9.409128e-03
      vertex -5.371875e-03 1.625765e-02 9.785025e-03
    endloop
  endfacet
  facet normal -4.341498e-01 7.921356e-01 4.289932e-01
    outer loop
      vertex -5.258330e-03 1.712509e-02 8.314015e-03
      vertex -5.373884e-03 1.676781e-02 8.856781e-03
      vertex -5.244996e-03 1.649895e-02 9.483667e-03
    endloop
  endfacet
  facet normal -4.611662e-01 7.771897e-01 4.281378e-01
    outer loop
      vertex -5.373884e-03 1.676781e-02 8.856781e-03
      vertex -5.371875e-03 1.625765e-02 9.785025e-03
      vertex -5.244996e-03 1.649895e-02 9.483667e-03
    endloop
  endfacet
  facet normal -8.888255e-01 3.870327e-01 2.453465e-01
    outer loop
      vertex -5.450406e-03 1.636927e-02 9.409128e-03
      vertex -5.495602e-03 1.605878e-02 9.735190e-03
      vertex -5.426309e-03 1.593787e-02 1.017697e-02
    endloop
  endfacet
  facet normal -7.867503e-01 5.272780e-01 3.209391e-01
    outer loop
      vertex -5.371875e-03 1.625765e-02 9.785025e-03
      vertex -5.450406e-03 1.636927e-02 9.409128e-03
      vertex -5.426309e-03 1.593787e-02 1.017697e-02
    endloop
  endfacet
  facet normal -3.743156e-01 7.943444e-01 4.784400e-01
    outer loop
      vertex -5.244996e-03 1.649895e-02 9.483667e-03
      vertex -5.371875e-03 1.625765e-02 9.785025e-03
      vertex -5.252935e-03 1.593667e-02 1.041100e-02
    endloop
  endfacet
  facet normal -9.032514e-01 3.562666e-01 2.391885e-01
    outer loop
      vertex -5.426309e-03 1.593787e-02 1.017697e-02
      vertex -5.495602e-03 1.605878e-02 9.735190e-03
      vertex -5.426309e-03 1.545788e-02 1.089190e-02
    endloop
  endfacet
  facet normal -8.960312e-01 3.697648e-01 2.457682e-01
    outer loop
      vertex -5.495602e-03 1.605878e-02 9.735190e-03
      vertex -5.495602e-03 1.515928e-02 1.108851e-02
      vertex -5.426309e-03 1.545788e-02 1.089190e-02
    endloop
  endfacet
  facet normal -6.833905e-01 6.092754e-01 4.021952e-01
    outer loop
      vertex -5.371875e-03 1.625765e-02 9.785025e-03
      vertex -5.426309e-03 1.593787e-02 1.017697e-02
      vertex -5.397129e-03 1.532077e-02 1.116138e-02
    endloop
  endfacet
  facet normal -7.800042e-01 5.195439e-01 3.488088e-01
    outer loop
      vertex -5.426309e-03 1.593787e-02 1.017697e-02
      vertex -5.426309e-03 1.545788e-02 1.089190e-02
      vertex -5.397129e-03 1.532077e-02 1.116138e-02
    endloop
  endfacet
  facet normal -5.570979e-01 6.912140e-01 4.602881e-01
    outer loop
      vertex -5.371875e-03 1.625765e-02 9.785025e-03
      vertex -5.397129e-03 1.532077e-02 1.116138e-02
      vertex -5.252935e-03 1.593667e-02 1.041100e-02
    endloop
  endfacet
  facet normal -4.301118e-01 7.366004e-01 5.219423e-01
    outer loop
      vertex -5.252935e-03 1.593667e-02 1.041100e-02
      vertex -5.397129e-03 1.532077e-02 1.116138e-02
      vertex -5.244996e-03 1.529335e-02 1.132543e-02
    endloop
  endfacet
  facet normal -8.690730e-01 3.964764e-01 2.958356e-01
    outer loop
      vertex -5.426309e-03 1.545788e-02 1.089190e-02
      vertex -5.495602e-03 1.515928e-02 1.108851e-02
      vertex -5.397129e-03 1.532077e-02 1.116138e-02
    endloop
  endfacet
  facet normal -9.551574e-01 2.300736e-01 1.863882e-01
    outer loop
      vertex -5.467632e-03 1.461326e-02 1.190585e-02
      vertex -5.495602e-03 1.515928e-02 1.108851e-02
      vertex -5.510904e-03 1.440730e-02 1.193833e-02
    endloop
  endfacet
  facet normal -8.691683e-01 3.969452e-01 2.949253e-01
    outer loop
      vertex -5.397129e-03 1.532077e-02 1.116138e-02
      vertex -5.495602e-03 1.515928e-02 1.108851e-02
      vertex -5.467632e-03 1.461326e-02 1.190585e-02
    endloop
  endfacet
  facet normal -7.885360e-01 4.813476e-01 3.827735e-01
    outer loop
      vertex -5.397129e-03 1.532077e-02 1.116138e-02
      vertex -5.467632e-03 1.461326e-02 1.190585e-02
      vertex -5.383297e-03 1.447220e-02 1.225697e-02
    endloop
  endfacet
  facet normal -4.586824e-01 7.034695e-01 5.429006e-01
    outer loop
      vertex -5.244996e-03 1.529335e-02 1.132543e-02
      vertex -5.397129e-03 1.532077e-02 1.116138e-02
      vertex -5.250120e-03 1.463198e-02 1.217808e-02
    endloop
  endfacet
  facet normal -5.009859e-01 6.811511e-01 5.338974e-01
    outer loop
      vertex -5.397129e-03 1.532077e-02 1.116138e-02
      vertex -5.383297e-03 1.447220e-02 1.225697e-02
      vertex -5.250120e-03 1.463198e-02 1.217808e-02
    endloop
  endfacet
  facet normal -9.526171e-01 2.312985e-01 1.975388e-01
    outer loop
      vertex -5.467632e-03 1.461326e-02 1.190585e-02
      vertex -5.510904e-03 1.440730e-02 1.193833e-02
      vertex -5.467632e-03 1.405056e-02 1.256472e-02
    endloop
  endfacet
  facet normal -8.198693e-01 4.353792e-01 3.718324e-01
    outer loop
      vertex -5.467632e-03 1.461326e-02 1.190585e-02
      vertex -5.467632e-03 1.405056e-02 1.256472e-02
      vertex -5.383297e-03 1.447220e-02 1.225697e-02
    endloop
  endfacet
  facet normal -9.669546e-01 1.869944e-01 1.732971e-01
    outer loop
      vertex -5.467632e-03 1.405056e-02 1.256472e-02
      vertex -5.510904e-03 1.440730e-02 1.193833e-02
      vertex -5.515462e-03 1.346830e-02 1.292612e-02
    endloop
  endfacet
  facet normal -4.577347e-01 6.700371e-01 5.844050e-01
    outer loop
      vertex -5.250120e-03 1.463198e-02 1.217808e-02
      vertex -5.383297e-03 1.447220e-02 1.225697e-02
      vertex -5.285151e-03 1.389789e-02 1.299230e-02
    endloop
  endfacet
  facet normal -9.655742e-01 1.897565e-01 1.779297e-01
    outer loop
      vertex -5.467632e-03 1.405056e-02 1.256472e-02
      vertex -5.515462e-03 1.346830e-02 1.292612e-02
      vertex -5.467632e-03 1.344674e-02 1.320866e-02
    endloop
  endfacet
  facet normal -7.531273e-01 4.794383e-01 4.504866e-01
    outer loop
      vertex -5.383297e-03 1.447220e-02 1.225697e-02
      vertex -5.467632e-03 1.405056e-02 1.256472e-02
      vertex -5.361007e-03 1.322791e-02 1.361848e-02
    endloop
  endfacet
  facet normal -7.494270e-01 4.829751e-01 4.528733e-01
    outer loop
      vertex -5.467632e-03 1.405056e-02 1.256472e-02
      vertex -5.467632e-03 1.344674e-02 1.320866e-02
      vertex -5.361007e-03 1.322791e-02 1.361848e-02
    endloop
  endfacet
  facet normal -6.386309e-01 5.627980e-01 5.247942e-01
    outer loop
      vertex -5.383297e-03 1.447220e-02 1.225697e-02
      vertex -5.361007e-03 1.322791e-02 1.361848e-02
      vertex -5.285151e-03 1.389789e-02 1.299230e-02
    endloop
  endfacet
  facet normal -9.655138e-01 1.900518e-01 1.779420e-01
    outer loop
      vertex -5.467632e-03 1.344674e-02 1.320866e-02
      vertex -5.515462e-03 1.346830e-02 1.292612e-02
      vertex -5.506346e-03 1.275198e-02 1.374065e-02
    endloop
  endfacet
  facet normal -3.322437e-01 6.638419e-01 6.700209e-01
    outer loop
      vertex -5.285151e-03 1.389789e-02 1.299230e-02
      vertex -5.361007e-03 1.322791e-02 1.361848e-02
      vertex -5.165094e-03 1.327668e-02 1.366732e-02
    endloop
  endfacet
  facet normal -9.361068e-01 2.452211e-01 2.521323e-01
    outer loop
      vertex -5.467632e-03 1.344674e-02 1.320866e-02
      vertex -5.506346e-03 1.275198e-02 1.374065e-02
      vertex -5.467632e-03 1.282331e-02 1.381501e-02
    endloop
  endfacet
  facet normal -7.980590e-01 4.201265e-01 4.319671e-01
    outer loop
      vertex -5.467632e-03 1.344674e-02 1.320866e-02
      vertex -5.467632e-03 1.282331e-02 1.381501e-02
      vertex -5.361007e-03 1.322791e-02 1.361848e-02
    endloop
  endfacet
  facet normal -3.321825e-01 6.524999e-01 6.811011e-01
    outer loop
      vertex -5.165094e-03 1.327668e-02 1.366732e-02
      vertex -5.361007e-03 1.322791e-02 1.361848e-02
      vertex -5.285358e-03 1.263752e-02 1.422098e-02
    endloop
  endfacet
  facet normal -9.359628e-01 2.306788e-01 2.660092e-01
    outer loop
      vertex -5.467632e-03 1.282331e-02 1.381501e-02
      vertex -5.506346e-03 1.275198e-02 1.374065e-02
      vertex -5.467632e-03 1.191755e-02 1.460047e-02
    endloop
  endfacet
  facet normal -7.563334e-01 4.361444e-01 4.875837e-01
    outer loop
      vertex -5.361007e-03 1.322791e-02 1.361848e-02
      vertex -5.467632e-03 1.282331e-02 1.381501e-02
      vertex -5.382350e-03 1.199978e-02 1.468395e-02
    endloop
  endfacet
  facet normal -8.079643e-01 3.860370e-01 4.451619e-01
    outer loop
      vertex -5.467632e-03 1.282331e-02 1.381501e-02
      vertex -5.467632e-03 1.191755e-02 1.460047e-02
      vertex -5.382350e-03 1.199978e-02 1.468395e-02
    endloop
  endfacet
  facet normal -6.183696e-01 5.211032e-01 5.882776e-01
    outer loop
      vertex -5.361007e-03 1.322791e-02 1.361848e-02
      vertex -5.382350e-03 1.199978e-02 1.468395e-02
      vertex -5.285358e-03 1.263752e-02 1.422098e-02
    endloop
  endfacet
  facet normal -9.590101e-01 1.805544e-01 2.184028e-01
    outer loop
      vertex -5.467632e-03 1.191755e-02 1.460047e-02
      vertex -5.506346e-03 1.275198e-02 1.374065e-02
      vertex -5.495602e-03 1.109569e-02 1.515709e-02
    endloop
  endfacet
  facet normal -4.177446e-01 5.745049e-01 7.038704e-01
    outer loop
      vertex -5.285358e-03 1.263752e-02 1.422098e-02
      vertex -5.382350e-03 1.199978e-02 1.468395e-02
      vertex -5.199489e-03 1.241295e-02 1.445524e-02
    endloop
  endfacet
  facet normal -4.261907e-01 5.751405e-01 6.982656e-01
    outer loop
      vertex -5.199489e-03 1.241295e-02 1.445524e-02
      vertex -5.382350e-03 1.199978e-02 1.468395e-02
      vertex -5.288360e-03 1.146390e-02 1.518270e-02
    endloop
  endfacet
  facet normal -8.792184e-01 2.873089e-01 3.800375e-01
    outer loop
      vertex -5.467632e-03 1.191755e-02 1.460047e-02
      vertex -5.495602e-03 1.109569e-02 1.515709e-02
      vertex -5.428807e-03 1.080732e-02 1.552963e-02
    endloop
  endfacet
  facet normal -8.065822e-01 3.625397e-01 4.668940e-01
    outer loop
      vertex -5.382350e-03 1.199978e-02 1.468395e-02
      vertex -5.467632e-03 1.191755e-02 1.460047e-02
      vertex -5.428807e-03 1.080732e-02 1.552963e-02
    endloop
  endfacet
  facet normal -6.373057e-01 4.621509e-01 6.166507e-01
    outer loop
      vertex -5.382350e-03 1.199978e-02 1.468395e-02
      vertex -5.428807e-03 1.080732e-02 1.552963e-02
      vertex -5.288360e-03 1.146390e-02 1.518270e-02
    endloop
  endfacet
  facet normal -9.033408e-01 2.453082e-01 3.518513e-01
    outer loop
      vertex -5.495602e-03 1.109569e-02 1.515709e-02
      vertex -5.495602e-03 1.038829e-02 1.565028e-02
      vertex -5.428807e-03 1.080732e-02 1.552963e-02
    endloop
  endfacet
  facet normal -5.750884e-01 4.749666e-01 6.660931e-01
    outer loop
      vertex -5.288360e-03 1.146390e-02 1.518270e-02
      vertex -5.428807e-03 1.080732e-02 1.552963e-02
      vertex -5.282230e-03 1.067119e-02 1.575325e-02
    endloop
  endfacet
  facet normal -8.689291e-01 2.598085e-01 4.212621e-01
    outer loop
      vertex -5.428807e-03 1.080732e-02 1.552963e-02
      vertex -5.495602e-03 1.038829e-02 1.565028e-02
      vertex -5.399130e-03 9.382592e-03 1.646952e-02
    endloop
  endfacet
  facet normal -8.513801e-01 2.797765e-01 4.437082e-01
    outer loop
      vertex -5.495602e-03 1.038829e-02 1.565028e-02
      vertex -5.495602e-03 9.644518e-03 1.611926e-02
      vertex -5.399130e-03 9.382592e-03 1.646952e-02
    endloop
  endfacet
  facet normal -6.169843e-01 4.243687e-01 6.627530e-01
    outer loop
      vertex -5.282230e-03 1.067119e-02 1.575325e-02
      vertex -5.428807e-03 1.080732e-02 1.552963e-02
      vertex -5.399130e-03 9.382592e-03 1.646952e-02
    endloop
  endfacet
  facet normal -4.998317e-01 4.550013e-01 7.369817e-01
    outer loop
      vertex -5.282230e-03 1.067119e-02 1.575325e-02
      vertex -5.399130e-03 9.382592e-03 1.646952e-02
      vertex -5.256258e-03 9.417702e-03 1.654475e-02
    endloop
  endfacet
  facet normal -9.597644e-01 1.326903e-01 2.474786e-01
    outer loop
      vertex -5.469624e-03 8.314165e-03 1.693330e-02
      vertex -5.495602e-03 9.644518e-03 1.611926e-02
      vertex -5.506346e-03 8.147316e-03 1.688035e-02
    endloop
  endfacet
  facet normal -8.748144e-01 2.403143e-01 4.206529e-01
    outer loop
      vertex -5.399130e-03 9.382592e-03 1.646952e-02
      vertex -5.495602e-03 9.644518e-03 1.611926e-02
      vertex -5.469624e-03 8.314165e-03 1.693330e-02
    endloop
  endfacet
  facet normal -7.111312e-01 3.188999e-01 6.265742e-01
    outer loop
      vertex -5.399130e-03 9.382592e-03 1.646952e-02
      vertex -5.469624e-03 8.314165e-03 1.693330e-02
      vertex -5.377084e-03 7.979300e-03 1.720876e-02
    endloop
  endfacet
  facet normal -5.021033e-01 3.955850e-01 7.690285e-01
    outer loop
      vertex -5.256258e-03 9.417702e-03 1.654475e-02
      vertex -5.399130e-03 9.382592e-03 1.646952e-02
      vertex -5.258418e-03 8.033671e-03 1.725528e-02
    endloop
  endfacet
  facet normal -4.876671e-01 4.008870e-01 7.755453e-01
    outer loop
      vertex -5.399130e-03 9.382592e-03 1.646952e-02
      vertex -5.377084e-03 7.979300e-03 1.720876e-02
      vertex -5.258418e-03 8.033671e-03 1.725528e-02
    endloop
  endfacet
  facet normal -9.534627e-01 1.223933e-01 2.755519e-01
    outer loop
      vertex -5.469624e-03 8.314165e-03 1.693330e-02
      vertex -5.506346e-03 8.147316e-03 1.688035e-02
      vertex -5.495602e-03 6.908931e-03 1.746758e-02
    endloop
  endfacet
  facet normal -8.846704e-01 1.798875e-01 4.301148e-01
    outer loop
      vertex -5.469624e-03 8.314165e-03 1.693330e-02
      vertex -5.495602e-03 6.908931e-03 1.746758e-02
      vertex -5.421227e-03 6.694586e-03 1.771021e-02
    endloop
  endfacet
  facet normal -7.867002e-01 2.477335e-01 5.654475e-01
    outer loop
      vertex -5.377084e-03 7.979300e-03 1.720876e-02
      vertex -5.469624e-03 8.314165e-03 1.693330e-02
      vertex -5.421227e-03 6.694586e-03 1.771021e-02
    endloop
  endfacet
  facet normal -4.749935e-01 3.436569e-01 8.101118e-01
    outer loop
      vertex -5.258418e-03 8.033671e-03 1.725528e-02
      vertex -5.377084e-03 7.979300e-03 1.720876e-02
      vertex -5.259830e-03 6.815543e-03 1.777119e-02
    endloop
  endfacet
  facet normal -5.365164e-01 3.227719e-01 7.797233e-01
    outer loop
      vertex -5.377084e-03 7.979300e-03 1.720876e-02
      vertex -5.421227e-03 6.694586e-03 1.771021e-02
      vertex -5.259830e-03 6.815543e-03 1.777119e-02
    endloop
  endfacet
  facet normal -9.039729e-01 1.426165e-01 4.031048e-01
    outer loop
      vertex -5.421227e-03 6.694586e-03 1.771021e-02
      vertex -5.495602e-03 6.908931e-03 1.746758e-02
      vertex -5.495602e-03 5.683002e-03 1.790131e-02
    endloop
  endfacet
  facet normal -8.651567e-01 1.537868e-01 4.773400e-01
    outer loop
      vertex -5.421227e-03 6.694586e-03 1.771021e-02
      vertex -5.495602e-03 5.683002e-03 1.790131e-02
      vertex -5.398764e-03 5.341823e-03 1.818674e-02
    endloop
  endfacet
  facet normal -5.100849e-01 2.686653e-01 8.170877e-01
    outer loop
      vertex -5.259830e-03 6.815543e-03 1.777119e-02
      vertex -5.421227e-03 6.694586e-03 1.771021e-02
      vertex -5.180590e-03 5.766570e-03 1.816557e-02
    endloop
  endfacet
  facet normal -4.748022e-01 2.853936e-01 8.325343e-01
    outer loop
      vertex -5.421227e-03 6.694586e-03 1.771021e-02
      vertex -5.398764e-03 5.341823e-03 1.818674e-02
      vertex -5.180590e-03 5.766570e-03 1.816557e-02
    endloop
  endfacet
  facet normal -8.716333e-01 1.444589e-01 4.683877e-01
    outer loop
      vertex -5.398764e-03 5.341823e-03 1.818674e-02
      vertex -5.495602e-03 5.683002e-03 1.790131e-02
      vertex -5.453944e-03 4.530868e-03 1.833417e-02
    endloop
  endfacet
  facet normal -4.258494e-01 2.619200e-01 8.660544e-01
    outer loop
      vertex -5.180590e-03 5.766570e-03 1.816557e-02
      vertex -5.398764e-03 5.341823e-03 1.818674e-02
      vertex -5.288708e-03 4.713966e-03 1.843074e-02
    endloop
  endfacet
  facet normal -9.286849e-01 1.005404e-01 3.569817e-01
    outer loop
      vertex -5.453944e-03 4.530868e-03 1.833417e-02
      vertex -5.495602e-03 5.683002e-03 1.790131e-02
      vertex -5.495602e-03 4.425382e-03 1.825551e-02
    endloop
  endfacet
  facet normal -6.371064e-01 1.796155e-01 7.495556e-01
    outer loop
      vertex -5.398764e-03 5.341823e-03 1.818674e-02
      vertex -5.453944e-03 4.530868e-03 1.833417e-02
      vertex -5.288708e-03 4.713966e-03 1.843074e-02
    endloop
  endfacet
  facet normal -9.161596e-01 7.748123e-02 3.932534e-01
    outer loop
      vertex -5.425627e-03 3.528341e-03 1.859527e-02
      vertex -5.495602e-03 4.425382e-03 1.825551e-02
      vertex -5.501707e-03 2.444532e-03 1.863156e-02
    endloop
  endfacet
  facet normal -9.192186e-01 7.471990e-02 3.865929e-01
    outer loop
      vertex -5.453944e-03 4.530868e-03 1.833417e-02
      vertex -5.495602e-03 4.425382e-03 1.825551e-02
      vertex -5.425627e-03 3.528341e-03 1.859527e-02
    endloop
  endfacet
  facet normal -6.358369e-01 1.776557e-01 7.510991e-01
    outer loop
      vertex -5.288708e-03 4.713966e-03 1.843074e-02
      vertex -5.453944e-03 4.530868e-03 1.833417e-02
      vertex -5.425627e-03 3.528341e-03 1.859527e-02
    endloop
  endfacet
  facet normal -5.382619e-01 1.765156e-01 8.240852e-01
    outer loop
      vertex -5.288708e-03 4.713966e-03 1.843074e-02
      vertex -5.425627e-03 3.528341e-03 1.859527e-02
      vertex -5.286012e-03 3.281597e-03 1.873931e-02
    endloop
  endfacet
  facet normal -3.472247e-01 1.968668e-01 9.168852e-01
    outer loop
      vertex -5.288708e-03 4.713966e-03 1.843074e-02
      vertex -5.286012e-03 3.281597e-03 1.873931e-02
      vertex -5.166895e-03 3.789368e-03 1.867540e-02
    endloop
  endfacet
  facet normal -8.538878e-01 7.717707e-02 5.147031e-01
    outer loop
      vertex -5.425627e-03 3.528341e-03 1.859527e-02
      vertex -5.501707e-03 2.444532e-03 1.863156e-02
      vertex -5.428763e-03 2.286070e-03 1.877634e-02
    endloop
  endfacet
  facet normal -6.202816e-01 1.029648e-01 7.775918e-01
    outer loop
      vertex -5.286012e-03 3.281597e-03 1.873931e-02
      vertex -5.425627e-03 3.528341e-03 1.859527e-02
      vertex -5.239337e-03 2.056486e-03 1.893877e-02
    endloop
  endfacet
  facet normal -5.574679e-01 1.211193e-01 8.213158e-01
    outer loop
      vertex -5.425627e-03 3.528341e-03 1.859527e-02
      vertex -5.428763e-03 2.286070e-03 1.877634e-02
      vertex -5.239337e-03 2.056486e-03 1.893877e-02
    endloop
  endfacet
  facet normal -8.726554e-01 4.273708e-02 4.864628e-01
    outer loop
      vertex -5.428763e-03 2.286070e-03 1.877634e-02
      vertex -5.501707e-03 2.444532e-03 1.863156e-02
      vertex -5.410532e-03 1.276745e-03 1.889771e-02
    endloop
  endfacet
  facet normal -5.861843e-01 8.628555e-02 8.055698e-01
    outer loop
      vertex -5.239337e-03 2.056486e-03 1.893877e-02
      vertex -5.428763e-03 2.286070e-03 1.877634e-02
      vertex -5.410532e-03 1.276745e-03 1.889771e-02
    endloop
  endfacet
  facet normal -5.493090e-01 7.679349e-02 8.320832e-01
    outer loop
      vertex -5.239337e-03 2.056486e-03 1.893877e-02
      vertex -5.410532e-03 1.276745e-03 1.889771e-02
      vertex -5.281189e-03 1.215644e-03 1.898874e-02
    endloop
  endfacet
  facet normal -8.844547e-01 3.696073e-02 4.651599e-01
    outer loop
      vertex -5.501707e-03 2.444532e-03 1.863156e-02
      vertex -5.500941e-03 7.027422e-04 1.877142e-02
      vertex -5.410532e-03 1.276745e-03 1.889771e-02
    endloop
  endfacet
  facet normal -8.538774e-01 2.005937e-02 5.200874e-01
    outer loop
      vertex -5.410532e-03 1.276745e-03 1.889771e-02
      vertex -5.500941e-03 7.027422e-04 1.877142e-02
      vertex -5.467632e-03 1.088706e-04 1.884901e-02
    endloop
  endfacet
  facet normal -7.856636e-01 1.261924e-02 6.185252e-01
    outer loop
      vertex -5.410532e-03 1.276745e-03 1.889771e-02
      vertex -5.467632e-03 1.088706e-04 1.884901e-02
      vertex -5.377220e-03 -1.080842e-04 1.896828e-02
    endloop
  endfacet
  facet normal -5.663006e-01 2.835199e-02 8.237110e-01
    outer loop
      vertex -5.281189e-03 1.215644e-03 1.898874e-02
      vertex -5.410532e-03 1.276745e-03 1.889771e-02
      vertex -5.377220e-03 -1.080842e-04 1.896828e-02
    endloop
  endfacet
  facet normal -4.443953e-01 1.839664e-02 8.956419e-01
    outer loop
      vertex -5.281189e-03 1.215644e-03 1.898874e-02
      vertex -5.377220e-03 -1.080842e-04 1.896828e-02
      vertex -5.199773e-03 2.482796e-04 1.904901e-02
    endloop
  endfacet
  facet normal -2.377323e-01 4.045289e-02 9.704880e-01
    outer loop
      vertex -5.165379e-03 9.887571e-04 1.902657e-02
      vertex -5.281189e-03 1.215644e-03 1.898874e-02
      vertex -5.199773e-03 2.482796e-04 1.904901e-02
    endloop
  endfacet
  facet normal -4.091933e-01 -2.937582e-03 9.124430e-01
    outer loop
      vertex -5.199773e-03 2.482796e-04 1.904901e-02
      vertex -5.377220e-03 -1.080842e-04 1.896828e-02
      vertex -5.206066e-03 -5.908681e-04 1.904348e-02
    endloop
  endfacet
  facet normal -9.148765e-01 1.435854e-03 4.037312e-01
    outer loop
      vertex -5.467632e-03 1.088706e-04 1.884901e-02
      vertex -5.500941e-03 7.027422e-04 1.877142e-02
      vertex -5.490714e-03 -8.568270e-04 1.880014e-02
    endloop
  endfacet
  facet normal -8.061174e-01 -1.067397e-02 5.916594e-01
    outer loop
      vertex -5.467632e-03 1.088706e-04 1.884901e-02
      vertex -5.490714e-03 -8.568270e-04 1.880014e-02
      vertex -5.377220e-03 -1.080842e-04 1.896828e-02
    endloop
  endfacet
  facet normal -7.715357e-01 -2.579743e-02 6.356628e-01
    outer loop
      vertex -5.377220e-03 -1.080842e-04 1.896828e-02
      vertex -5.490714e-03 -8.568270e-04 1.880014e-02
      vertex -5.377214e-03 -1.425801e-03 1.891481e-02
    endloop
  endfacet
  facet normal -4.841948e-01 -3.547725e-02 8.742407e-01
    outer loop
      vertex -5.377220e-03 -1.080842e-04 1.896828e-02
      vertex -5.377214e-03 -1.425801e-03 1.891481e-02
      vertex -5.206066e-03 -5.908681e-04 1.904348e-02
    endloop
  endfacet
  facet normal -8.052172e-01 -4.141025e-02 5.915323e-01
    outer loop
      vertex -5.490714e-03 -8.568270e-04 1.880014e-02
      vertex -5.486175e-03 -1.924695e-03 1.873156e-02
      vertex -5.377214e-03 -1.425801e-03 1.891481e-02
    endloop
  endfacet
  facet normal -4.040932e-01 -5.785250e-02 9.128865e-01
    outer loop
      vertex -5.206066e-03 -5.908681e-04 1.904348e-02
      vertex -5.377214e-03 -1.425801e-03 1.891481e-02
      vertex -5.209377e-03 -1.832032e-03 1.896336e-02
    endloop
  endfacet
  facet normal -7.673716e-01 -6.664446e-02 6.377298e-01
    outer loop
      vertex -5.377214e-03 -1.425801e-03 1.891481e-02
      vertex -5.486175e-03 -1.924695e-03 1.873156e-02
      vertex -5.400807e-03 -2.796951e-03 1.874313e-02
    endloop
  endfacet
  facet normal -4.918381e-01 -9.983455e-02 8.649441e-01
    outer loop
      vertex -5.377214e-03 -1.425801e-03 1.891481e-02
      vertex -5.400807e-03 -2.796951e-03 1.874313e-02
      vertex -5.209377e-03 -1.832032e-03 1.896336e-02
    endloop
  endfacet
  facet normal -8.675009e-01 -7.838709e-02 4.912206e-01
    outer loop
      vertex -5.486175e-03 -1.924695e-03 1.873156e-02
      vertex -5.495602e-03 -2.928510e-03 1.855473e-02
      vertex -5.400807e-03 -2.796951e-03 1.874313e-02
    endloop
  endfacet
  facet normal -4.388737e-01 -1.162872e-01 8.909922e-01
    outer loop
      vertex -5.209377e-03 -1.832032e-03 1.896336e-02
      vertex -5.400807e-03 -2.796951e-03 1.874313e-02
      vertex -5.191846e-03 -2.927480e-03 1.882902e-02
    endloop
  endfacet
  facet normal -8.655581e-01 -8.348276e-02 4.938013e-01
    outer loop
      vertex -5.400807e-03 -2.796951e-03 1.874313e-02
      vertex -5.495602e-03 -2.928510e-03 1.855473e-02
      vertex -5.485004e-03 -4.270347e-03 1.834645e-02
    endloop
  endfacet
  facet normal -7.964295e-01 -1.143608e-01 5.938196e-01
    outer loop
      vertex -5.400807e-03 -2.796951e-03 1.874313e-02
      vertex -5.485004e-03 -4.270347e-03 1.834645e-02
      vertex -5.377216e-03 -3.828257e-03 1.857616e-02
    endloop
  endfacet
  facet normal -4.585373e-01 -1.586898e-01 8.743918e-01
    outer loop
      vertex -5.191846e-03 -2.927480e-03 1.882902e-02
      vertex -5.400807e-03 -2.796951e-03 1.874313e-02
      vertex -5.194711e-03 -3.907505e-03 1.864966e-02
    endloop
  endfacet
  facet normal -4.259589e-01 -1.540860e-01 8.915248e-01
    outer loop
      vertex -5.400807e-03 -2.796951e-03 1.874313e-02
      vertex -5.377216e-03 -3.828257e-03 1.857616e-02
      vertex -5.194711e-03 -3.907505e-03 1.864966e-02
    endloop
  endfacet
  facet normal -7.375477e-01 -1.609405e-01 6.558365e-01
    outer loop
      vertex -5.377216e-03 -3.828257e-03 1.857616e-02
      vertex -5.485004e-03 -4.270347e-03 1.834645e-02
      vertex -5.327404e-03 -4.666130e-03 1.842657e-02
    endloop
  endfacet
  facet normal -4.346880e-01 -1.832672e-01 8.817366e-01
    outer loop
      vertex -5.194711e-03 -3.907505e-03 1.864966e-02
      vertex -5.377216e-03 -3.828257e-03 1.857616e-02
      vertex -5.327404e-03 -4.666130e-03 1.842657e-02
    endloop
  endfacet
  facet normal -9.334472e-01 -1.019787e-01 3.439137e-01
    outer loop
      vertex -5.485004e-03 -4.270347e-03 1.834645e-02
      vertex -5.495602e-03 -4.842430e-03 1.814805e-02
      vertex -5.467632e-03 -5.491027e-03 1.803164e-02
    endloop
  endfacet
  facet normal -7.561874e-01 -1.733976e-01 6.309627e-01
    outer loop
      vertex -5.327404e-03 -4.666130e-03 1.842657e-02
      vertex -5.485004e-03 -4.270347e-03 1.834645e-02
      vertex -5.377303e-03 -5.954363e-03 1.801274e-02
    endloop
  endfacet
  facet normal -7.569248e-01 -1.732761e-01 6.301113e-01
    outer loop
      vertex -5.485004e-03 -4.270347e-03 1.834645e-02
      vertex -5.467632e-03 -5.491027e-03 1.803164e-02
      vertex -5.377303e-03 -5.954363e-03 1.801274e-02
    endloop
  endfacet
  facet normal -4.396105e-01 -2.592252e-01 8.599680e-01
    outer loop
      vertex -5.327404e-03 -4.666130e-03 1.842657e-02
      vertex -5.377303e-03 -5.954363e-03 1.801274e-02
      vertex -5.192590e-03 -5.365974e-03 1.828452e-02
    endloop
  endfacet
  facet normal -9.453519e-01 -9.665585e-02 3.113959e-01
    outer loop
      vertex -5.467632e-03 -5.491027e-03 1.803164e-02
      vertex -5.495602e-03 -4.842430e-03 1.814805e-02
      vertex -5.506346e-03 -6.193663e-03 1.769602e-02
    endloop
  endfacet
  facet normal -9.303195e-01 -1.150776e-01 3.482281e-01
    outer loop
      vertex -5.467632e-03 -5.491027e-03 1.803164e-02
      vertex -5.506346e-03 -6.193663e-03 1.769602e-02
      vertex -5.467632e-03 -6.334698e-03 1.775284e-02
    endloop
  endfacet
  facet normal -8.158310e-01 -1.814539e-01 5.490849e-01
    outer loop
      vertex -5.467632e-03 -5.491027e-03 1.803164e-02
      vertex -5.467632e-03 -6.334698e-03 1.775284e-02
      vertex -5.377303e-03 -5.954363e-03 1.801274e-02
    endloop
  endfacet
  facet normal -3.970156e-01 -2.792209e-01 8.743079e-01
    outer loop
      vertex -5.192590e-03 -5.365974e-03 1.828452e-02
      vertex -5.377303e-03 -5.954363e-03 1.801274e-02
      vertex -5.259965e-03 -6.369664e-03 1.793339e-02
    endloop
  endfacet
  facet normal -9.374566e-01 -1.267080e-01 3.242226e-01
    outer loop
      vertex -5.467632e-03 -6.334698e-03 1.775284e-02
      vertex -5.506346e-03 -6.193663e-03 1.769602e-02
      vertex -5.495602e-03 -7.503972e-03 1.721501e-02
    endloop
  endfacet
  facet normal -9.022747e-01 -1.621746e-01 3.994994e-01
    outer loop
      vertex -5.467632e-03 -6.334698e-03 1.775284e-02
      vertex -5.495602e-03 -7.503972e-03 1.721501e-02
      vertex -5.428779e-03 -7.577926e-03 1.733591e-02
    endloop
  endfacet
  facet normal -7.713514e-01 -2.238901e-01 5.957267e-01
    outer loop
      vertex -5.377303e-03 -5.954363e-03 1.801274e-02
      vertex -5.467632e-03 -6.334698e-03 1.775284e-02
      vertex -5.428779e-03 -7.577926e-03 1.733591e-02
    endloop
  endfacet
  facet normal -6.290442e-01 -2.820432e-01 7.243998e-01
    outer loop
      vertex -5.377303e-03 -5.954363e-03 1.801274e-02
      vertex -5.428779e-03 -7.577926e-03 1.733591e-02
      vertex -5.287651e-03 -7.358154e-03 1.754403e-02
    endloop
  endfacet
  facet normal -5.216539e-01 -2.999855e-01 7.986776e-01
    outer loop
      vertex -5.259965e-03 -6.369664e-03 1.793339e-02
      vertex -5.377303e-03 -5.954363e-03 1.801274e-02
      vertex -5.287651e-03 -7.358154e-03 1.754403e-02
    endloop
  endfacet
  facet normal -5.776866e-01 -3.342375e-01 7.446903e-01
    outer loop
      vertex -5.287651e-03 -7.358154e-03 1.754403e-02
      vertex -5.428779e-03 -7.577926e-03 1.733591e-02
      vertex -5.307832e-03 -8.398077e-03 1.706162e-02
    endloop
  endfacet
  facet normal -9.038176e-01 -1.892119e-01 3.838133e-01
    outer loop
      vertex -5.428779e-03 -7.577926e-03 1.733591e-02
      vertex -5.495602e-03 -7.503972e-03 1.721501e-02
      vertex -5.426309e-03 -8.737009e-03 1.677032e-02
    endloop
  endfacet
  facet normal -8.754328e-01 -2.067569e-01 4.368855e-01
    outer loop
      vertex -5.495602e-03 -7.503972e-03 1.721501e-02
      vertex -5.495602e-03 -8.678978e-03 1.665893e-02
      vertex -5.426309e-03 -8.737009e-03 1.677032e-02
    endloop
  endfacet
  facet normal -6.881884e-01 -3.193563e-01 6.514662e-01
    outer loop
      vertex -5.428779e-03 -7.577926e-03 1.733591e-02
      vertex -5.426309e-03 -8.737009e-03 1.677032e-02
      vertex -5.307832e-03 -8.398077e-03 1.706162e-02
    endloop
  endfacet
  facet normal -9.303011e-01 -1.819448e-01 3.184902e-01
    outer loop
      vertex -5.467632e-03 -9.757637e-03 1.612442e-02
      vertex -5.495602e-03 -8.678978e-03 1.665893e-02
      vertex -5.506346e-03 -9.706785e-03 1.604039e-02
    endloop
  endfacet
  facet normal -8.755336e-01 -2.325624e-01 4.235040e-01
    outer loop
      vertex -5.426309e-03 -8.737009e-03 1.677032e-02
      vertex -5.495602e-03 -8.678978e-03 1.665893e-02
      vertex -5.467632e-03 -9.757637e-03 1.612442e-02
    endloop
  endfacet
  facet normal -8.074048e-01 -2.918167e-01 5.127772e-01
    outer loop
      vertex -5.426309e-03 -8.737009e-03 1.677032e-02
      vertex -5.467632e-03 -9.757637e-03 1.612442e-02
      vertex -5.377086e-03 -9.743513e-03 1.627503e-02
    endloop
  endfacet
  facet normal -6.304709e-01 -3.673214e-01 6.837993e-01
    outer loop
      vertex -5.307832e-03 -8.398077e-03 1.706162e-02
      vertex -5.426309e-03 -8.737009e-03 1.677032e-02
      vertex -5.377086e-03 -9.743513e-03 1.627503e-02
    endloop
  endfacet
  facet normal -5.449826e-01 -4.020899e-01 7.357429e-01
    outer loop
      vertex -5.307832e-03 -8.398077e-03 1.706162e-02
      vertex -5.377086e-03 -9.743513e-03 1.627503e-02
      vertex -5.256323e-03 -9.366242e-03 1.657067e-02
    endloop
  endfacet
  facet normal -4.063021e-01 -4.794663e-01 7.778372e-01
    outer loop
      vertex -5.256323e-03 -9.366242e-03 1.657067e-02
      vertex -5.377086e-03 -9.743513e-03 1.627503e-02
      vertex -5.244996e-03 -1.032929e-02 1.598295e-02
    endloop
  endfacet
  facet normal -9.302637e-01 -2.008424e-01 3.070371e-01
    outer loop
      vertex -5.467632e-03 -9.757637e-03 1.612442e-02
      vertex -5.506346e-03 -9.706785e-03 1.604039e-02
      vertex -5.467632e-03 -1.086418e-02 1.540060e-02
    endloop
  endfacet
  facet normal -9.378805e-01 -1.913574e-01 2.894177e-01
    outer loop
      vertex -5.467632e-03 -1.086418e-02 1.540060e-02
      vertex -5.506346e-03 -9.706785e-03 1.604039e-02
      vertex -5.506346e-03 -1.089506e-02 1.525473e-02
    endloop
  endfacet
  facet normal -7.943632e-01 -3.319769e-01 5.087027e-01
    outer loop
      vertex -5.377086e-03 -9.743513e-03 1.627503e-02
      vertex -5.467632e-03 -9.757637e-03 1.612442e-02
      vertex -5.373884e-03 -1.065931e-02 1.568239e-02
    endloop
  endfacet
  facet normal -7.969065e-01 -3.306956e-01 5.055496e-01
    outer loop
      vertex -5.467632e-03 -9.757637e-03 1.612442e-02
      vertex -5.467632e-03 -1.086418e-02 1.540060e-02
      vertex -5.373884e-03 -1.065931e-02 1.568239e-02
    endloop
  endfacet
  facet normal -4.892912e-01 -4.750252e-01 7.313995e-01
    outer loop
      vertex -5.377086e-03 -9.743513e-03 1.627503e-02
      vertex -5.373884e-03 -1.065931e-02 1.568239e-02
      vertex -5.244996e-03 -1.032929e-02 1.598295e-02
    endloop
  endfacet
  facet normal -4.465327e-01 -5.008706e-01 7.414427e-01
    outer loop
      vertex -5.244996e-03 -1.032929e-02 1.598295e-02
      vertex -5.373884e-03 -1.065931e-02 1.568239e-02
      vertex -5.250974e-03 -1.123191e-02 1.536960e-02
    endloop
  endfacet
  facet normal -7.650547e-01 -3.724650e-01 5.253200e-01
    outer loop
      vertex -5.373884e-03 -1.065931e-02 1.568239e-02
      vertex -5.467632e-03 -1.086418e-02 1.540060e-02
      vertex -5.377191e-03 -1.156291e-02 1.503690e-02
    endloop
  endfacet
  facet normal -5.314389e-01 -4.911080e-01 6.902069e-01
    outer loop
      vertex -5.373884e-03 -1.065931e-02 1.568239e-02
      vertex -5.377191e-03 -1.156291e-02 1.503690e-02
      vertex -5.250974e-03 -1.123191e-02 1.536960e-02
    endloop
  endfacet
  facet normal -9.310311e-01 -2.174055e-01 2.931143e-01
    outer loop
      vertex -5.467632e-03 -1.086418e-02 1.540060e-02
      vertex -5.506346e-03 -1.089506e-02 1.525473e-02
      vertex -5.467632e-03 -1.165288e-02 1.481561e-02
    endloop
  endfacet
  facet normal -8.082342e-01 -3.508020e-01 4.729645e-01
    outer loop
      vertex -5.467632e-03 -1.086418e-02 1.540060e-02
      vertex -5.467632e-03 -1.165288e-02 1.481561e-02
      vertex -5.377191e-03 -1.156291e-02 1.503690e-02
    endloop
  endfacet
  facet normal -9.522228e-01 -1.880733e-01 2.406246e-01
    outer loop
      vertex -5.467632e-03 -1.165288e-02 1.481561e-02
      vertex -5.506346e-03 -1.089506e-02 1.525473e-02
      vertex -5.506346e-03 -1.225973e-02 1.418809e-02
    endloop
  endfacet
  facet normal -3.952700e-01 -5.718366e-01 7.188634e-01
    outer loop
      vertex -5.250974e-03 -1.123191e-02 1.536960e-02
      vertex -5.377191e-03 -1.156291e-02 1.503690e-02
      vertex -5.208110e-03 -1.240592e-02 1.445927e-02
    endloop
  endfacet
  facet normal -9.303227e-01 -2.332762e-01 2.829875e-01
    outer loop
      vertex -5.467632e-03 -1.165288e-02 1.481561e-02
      vertex -5.506346e-03 -1.225973e-02 1.418809e-02
      vertex -5.467632e-03 -1.232396e-02 1.426242e-02
    endloop
  endfacet
  facet normal -7.783032e-01 -4.026279e-01 4.818039e-01
    outer loop
      vertex -5.377191e-03 -1.156291e-02 1.503690e-02
      vertex -5.467632e-03 -1.165288e-02 1.481561e-02
      vertex -5.348022e-03 -1.242703e-02 1.436190e-02
    endloop
  endfacet
  facet normal -7.655454e-01 -4.092405e-01 4.964499e-01
    outer loop
      vertex -5.467632e-03 -1.165288e-02 1.481561e-02
      vertex -5.467632e-03 -1.232396e-02 1.426242e-02
      vertex -5.348022e-03 -1.242703e-02 1.436190e-02
    endloop
  endfacet
  facet normal -4.096265e-01 -5.701211e-01 7.121574e-01
    outer loop
      vertex -5.208110e-03 -1.240592e-02 1.445927e-02
      vertex -5.377191e-03 -1.156291e-02 1.503690e-02
      vertex -5.348022e-03 -1.242703e-02 1.436190e-02
    endloop
  endfacet
  facet normal -9.303042e-01 -2.477274e-01 2.704908e-01
    outer loop
      vertex -5.467632e-03 -1.232396e-02 1.426242e-02
      vertex -5.506346e-03 -1.225973e-02 1.418809e-02
      vertex -5.495602e-03 -1.315947e-02 1.340103e-02
    endloop
  endfacet
  facet normal -8.849594e-01 -3.195721e-01 3.387041e-01
    outer loop
      vertex -5.467632e-03 -1.232396e-02 1.426242e-02
      vertex -5.495602e-03 -1.315947e-02 1.340103e-02
      vertex -5.426309e-03 -1.300619e-02 1.372669e-02
    endloop
  endfacet
  facet normal -7.665688e-01 -4.246779e-01 4.816856e-01
    outer loop
      vertex -5.348022e-03 -1.242703e-02 1.436190e-02
      vertex -5.467632e-03 -1.232396e-02 1.426242e-02
      vertex -5.426309e-03 -1.300619e-02 1.372669e-02
    endloop
  endfacet
  facet normal -6.323033e-01 -5.321003e-01 5.630825e-01
    outer loop
      vertex -5.348022e-03 -1.242703e-02 1.436190e-02
      vertex -5.426309e-03 -1.300619e-02 1.372669e-02
      vertex -5.285210e-03 -1.307563e-02 1.381952e-02
    endloop
  endfacet
  facet normal -3.867528e-01 -6.133301e-01 6.886570e-01
    outer loop
      vertex -5.208110e-03 -1.240592e-02 1.445927e-02
      vertex -5.348022e-03 -1.242703e-02 1.436190e-02
      vertex -5.285210e-03 -1.307563e-02 1.381952e-02
    endloop
  endfacet
  facet normal -8.644960e-01 -3.582591e-01 3.525579e-01
    outer loop
      vertex -5.426309e-03 -1.300619e-02 1.372669e-02
      vertex -5.495602e-03 -1.315947e-02 1.340103e-02
      vertex -5.396573e-03 -1.379779e-02 1.299521e-02
    endloop
  endfacet
  facet normal -6.317829e-01 -5.387364e-01 5.573271e-01
    outer loop
      vertex -5.285210e-03 -1.307563e-02 1.381952e-02
      vertex -5.426309e-03 -1.300619e-02 1.372669e-02
      vertex -5.396573e-03 -1.379779e-02 1.299521e-02
    endloop
  endfacet
  facet normal -4.686884e-01 -6.320933e-01 6.170812e-01
    outer loop
      vertex -5.285210e-03 -1.307563e-02 1.381952e-02
      vertex -5.396573e-03 -1.379779e-02 1.299521e-02
      vertex -5.208880e-03 -1.354150e-02 1.340030e-02
    endloop
  endfacet
  facet normal -9.556293e-01 -2.166172e-01 1.996236e-01
    outer loop
      vertex -5.467632e-03 -1.389459e-02 1.273722e-02
      vertex -5.495602e-03 -1.315947e-02 1.340103e-02
      vertex -5.506346e-03 -1.435251e-02 1.205499e-02
    endloop
  endfacet
  facet normal -8.512272e-01 -3.691848e-01 3.729810e-01
    outer loop
      vertex -5.396573e-03 -1.379779e-02 1.299521e-02
      vertex -5.495602e-03 -1.315947e-02 1.340103e-02
      vertex -5.467632e-03 -1.389459e-02 1.273722e-02
    endloop
  endfacet
  facet normal -4.128982e-01 -6.710028e-01 6.158492e-01
    outer loop
      vertex -5.208880e-03 -1.354150e-02 1.340030e-02
      vertex -5.396573e-03 -1.379779e-02 1.299521e-02
      vertex -5.250078e-03 -1.461174e-02 1.220658e-02
    endloop
  endfacet
  facet normal -9.376387e-01 -2.616622e-01 2.288372e-01
    outer loop
      vertex -5.467632e-03 -1.389459e-02 1.273722e-02
      vertex -5.506346e-03 -1.435251e-02 1.205499e-02
      vertex -5.467632e-03 -1.446786e-02 1.208172e-02
    endloop
  endfacet
  facet normal -7.968866e-01 -4.597019e-01 3.919770e-01
    outer loop
      vertex -5.396573e-03 -1.379779e-02 1.299521e-02
      vertex -5.467632e-03 -1.389459e-02 1.273722e-02
      vertex -5.373884e-03 -1.455441e-02 1.215400e-02
    endloop
  endfacet
  facet normal -7.688577e-01 -4.813194e-01 4.209388e-01
    outer loop
      vertex -5.467632e-03 -1.389459e-02 1.273722e-02
      vertex -5.467632e-03 -1.446786e-02 1.208172e-02
      vertex -5.373884e-03 -1.455441e-02 1.215400e-02
    endloop
  endfacet
  facet normal -5.319724e-01 -6.366550e-01 5.582794e-01
    outer loop
      vertex -5.396573e-03 -1.379779e-02 1.299521e-02
      vertex -5.373884e-03 -1.455441e-02 1.215400e-02
      vertex -5.250078e-03 -1.461174e-02 1.220658e-02
    endloop
  endfacet
  facet normal -9.402216e-01 -2.663888e-01 2.121799e-01
    outer loop
      vertex -5.467632e-03 -1.446786e-02 1.208172e-02
      vertex -5.506346e-03 -1.435251e-02 1.205499e-02
      vertex -5.467632e-03 -1.501361e-02 1.139653e-02
    endloop
  endfacet
  facet normal -7.688751e-01 -4.989749e-01 3.998188e-01
    outer loop
      vertex -5.373884e-03 -1.455441e-02 1.215400e-02
      vertex -5.467632e-03 -1.446786e-02 1.208172e-02
      vertex -5.377064e-03 -1.525632e-02 1.127189e-02
    endloop
  endfacet
  facet normal -7.780921e-01 -4.913396e-01 3.913542e-01
    outer loop
      vertex -5.467632e-03 -1.446786e-02 1.208172e-02
      vertex -5.467632e-03 -1.501361e-02 1.139653e-02
      vertex -5.377064e-03 -1.525632e-02 1.127189e-02
    endloop
  endfacet
  facet normal -5.311775e-01 -6.620456e-01 5.287212e-01
    outer loop
      vertex -5.373884e-03 -1.455441e-02 1.215400e-02
      vertex -5.377064e-03 -1.525632e-02 1.127189e-02
      vertex -5.250078e-03 -1.461174e-02 1.220658e-02
    endloop
  endfacet
  facet normal -9.531167e-01 -2.397303e-01 1.846560e-01
    outer loop
      vertex -5.467632e-03 -1.501361e-02 1.139653e-02
      vertex -5.506346e-03 -1.435251e-02 1.205499e-02
      vertex -5.506346e-03 -1.538745e-02 1.071138e-02
    endloop
  endfacet
  facet normal -3.831815e-01 -7.352454e-01 5.590940e-01
    outer loop
      vertex -5.250078e-03 -1.461174e-02 1.220658e-02
      vertex -5.377064e-03 -1.525632e-02 1.127189e-02
      vertex -5.252011e-03 -1.567067e-02 1.081269e-02
    endloop
  endfacet
  facet normal -9.314465e-01 -2.947116e-01 2.134303e-01
    outer loop
      vertex -5.467632e-03 -1.501361e-02 1.139653e-02
      vertex -5.506346e-03 -1.538745e-02 1.071138e-02
      vertex -5.476245e-03 -1.557829e-02 1.057922e-02
    endloop
  endfacet
  facet normal -8.118272e-01 -4.763578e-01 3.376684e-01
    outer loop
      vertex -5.467632e-03 -1.501361e-02 1.139653e-02
      vertex -5.476245e-03 -1.557829e-02 1.057922e-02
      vertex -5.377064e-03 -1.525632e-02 1.127189e-02
    endloop
  endfacet
  facet normal -7.971723e-01 -4.957577e-01 3.445877e-01
    outer loop
      vertex -5.377064e-03 -1.525632e-02 1.127189e-02
      vertex -5.476245e-03 -1.557829e-02 1.057922e-02
      vertex -5.399333e-03 -1.608290e-02 1.003117e-02
    endloop
  endfacet
  facet normal -5.580059e-01 -6.859548e-01 4.670069e-01
    outer loop
      vertex -5.377064e-03 -1.525632e-02 1.127189e-02
      vertex -5.399333e-03 -1.608290e-02 1.003117e-02
      vertex -5.252011e-03 -1.567067e-02 1.081269e-02
    endloop
  endfacet
  facet normal -9.511932e-01 -2.624455e-01 1.623389e-01
    outer loop
      vertex -5.476245e-03 -1.557829e-02 1.057922e-02
      vertex -5.506346e-03 -1.538745e-02 1.071138e-02
      vertex -5.510904e-03 -1.611672e-02 9.505693e-03
    endloop
  endfacet
  facet normal -9.376736e-01 -2.975611e-01 1.795146e-01
    outer loop
      vertex -5.476245e-03 -1.557829e-02 1.057922e-02
      vertex -5.510904e-03 -1.611672e-02 9.505693e-03
      vertex -5.459019e-03 -1.645514e-02 9.215754e-03
    endloop
  endfacet
  facet normal -8.798515e-01 -4.047049e-01 2.491491e-01
    outer loop
      vertex -5.399333e-03 -1.608290e-02 1.003117e-02
      vertex -5.476245e-03 -1.557829e-02 1.057922e-02
      vertex -5.459019e-03 -1.645514e-02 9.215754e-03
    endloop
  endfacet
  facet normal -3.912759e-01 -7.814951e-01 4.859718e-01
    outer loop
      vertex -5.252011e-03 -1.567067e-02 1.081269e-02
      vertex -5.399333e-03 -1.608290e-02 1.003117e-02
      vertex -5.244996e-03 -1.644062e-02 9.580182e-03
    endloop
  endfacet
  facet normal -9.357479e-01 -3.009667e-01 1.838342e-01
    outer loop
      vertex -5.459019e-03 -1.645514e-02 9.215754e-03
      vertex -5.510904e-03 -1.611672e-02 9.505693e-03
      vertex -5.495602e-03 -1.659626e-02 8.798502e-03
    endloop
  endfacet
  facet normal -7.686400e-01 -5.587963e-01 3.113507e-01
    outer loop
      vertex -5.399333e-03 -1.608290e-02 1.003117e-02
      vertex -5.459019e-03 -1.645514e-02 9.215754e-03
      vertex -5.373884e-03 -1.665310e-02 9.070642e-03
    endloop
  endfacet
  facet normal -4.802437e-01 -7.597765e-01 4.382985e-01
    outer loop
      vertex -5.399333e-03 -1.608290e-02 1.003117e-02
      vertex -5.373884e-03 -1.665310e-02 9.070642e-03
      vertex -5.244996e-03 -1.644062e-02 9.580182e-03
    endloop
  endfacet
  facet normal -7.865227e-01 -5.475772e-01 2.855542e-01
    outer loop
      vertex -5.373884e-03 -1.665310e-02 9.070642e-03
      vertex -5.459019e-03 -1.645514e-02 9.215754e-03
      vertex -5.377149e-03 -1.716175e-02 8.086256e-03
    endloop
  endfacet
  facet normal -4.023596e-01 -8.043487e-01 4.371841e-01
    outer loop
      vertex -5.244996e-03 -1.644062e-02 9.580182e-03
      vertex -5.373884e-03 -1.665310e-02 9.070642e-03
      vertex -5.244996e-03 -1.701319e-02 8.526751e-03
    endloop
  endfacet
  facet normal -4.730542e-01 -7.820742e-01 4.056842e-01
    outer loop
      vertex -5.373884e-03 -1.665310e-02 9.070642e-03
      vertex -5.377149e-03 -1.716175e-02 8.086256e-03
      vertex -5.244996e-03 -1.701319e-02 8.526751e-03
    endloop
  endfacet
  facet normal -8.631180e-01 -4.505706e-01 2.280646e-01
    outer loop
      vertex -5.459019e-03 -1.645514e-02 9.215754e-03
      vertex -5.495602e-03 -1.659626e-02 8.798502e-03
      vertex -5.459019e-03 -1.719587e-02 7.752347e-03
    endloop
  endfacet
  facet normal -8.793746e-01 -4.257071e-01 2.132455e-01
    outer loop
      vertex -5.495602e-03 -1.659626e-02 8.798502e-03
      vertex -5.495602e-03 -1.698357e-02 8.025298e-03
      vertex -5.459019e-03 -1.719587e-02 7.752347e-03
    endloop
  endfacet
  facet normal -8.268404e-01 -5.018143e-01 2.540026e-01
    outer loop
      vertex -5.459019e-03 -1.645514e-02 9.215754e-03
      vertex -5.459019e-03 -1.719587e-02 7.752347e-03
      vertex -5.377149e-03 -1.716175e-02 8.086256e-03
    endloop
  endfacet
  facet normal -3.826392e-01 -8.345986e-01 3.962731e-01
    outer loop
      vertex -5.244996e-03 -1.701319e-02 8.526751e-03
      vertex -5.377149e-03 -1.716175e-02 8.086256e-03
      vertex -5.263287e-03 -1.738860e-02 7.718427e-03
    endloop
  endfacet
  facet normal -9.264817e-01 -3.469889e-01 1.457065e-01
    outer loop
      vertex -5.459019e-03 -1.719587e-02 7.752347e-03
      vertex -5.495602e-03 -1.698357e-02 8.025298e-03
      vertex -5.506346e-03 -1.746762e-02 6.804252e-03
    endloop
  endfacet
  facet normal -9.206958e-01 -3.605884e-01 1.493158e-01
    outer loop
      vertex -5.459019e-03 -1.719587e-02 7.752347e-03
      vertex -5.506346e-03 -1.746762e-02 6.804252e-03
      vertex -5.467632e-03 -1.767629e-02 6.539046e-03
    endloop
  endfacet
  facet normal -7.565442e-01 -6.053598e-01 2.473465e-01
    outer loop
      vertex -5.377149e-03 -1.716175e-02 8.086256e-03
      vertex -5.459019e-03 -1.719587e-02 7.752347e-03
      vertex -5.373884e-03 -1.778203e-02 6.578162e-03
    endloop
  endfacet
  facet normal -7.687569e-01 -5.927363e-01 2.401593e-01
    outer loop
      vertex -5.459019e-03 -1.719587e-02 7.752347e-03
      vertex -5.467632e-03 -1.767629e-02 6.539046e-03
      vertex -5.373884e-03 -1.778203e-02 6.578162e-03
    endloop
  endfacet
  facet normal -5.228232e-01 -7.883264e-01 3.243414e-01
    outer loop
      vertex -5.263287e-03 -1.738860e-02 7.718427e-03
      vertex -5.377149e-03 -1.716175e-02 8.086256e-03
      vertex -5.259230e-03 -1.788885e-02 6.509082e-03
    endloop
  endfacet
  facet normal -5.352328e-01 -7.816146e-01 3.203193e-01
    outer loop
      vertex -5.377149e-03 -1.716175e-02 8.086256e-03
      vertex -5.373884e-03 -1.778203e-02 6.578162e-03
      vertex -5.259230e-03 -1.788885e-02 6.509082e-03
    endloop
  endfacet
  facet normal -9.406910e-01 -3.195107e-01 1.140764e-01
    outer loop
      vertex -5.467632e-03 -1.767629e-02 6.539046e-03
      vertex -5.506346e-03 -1.746762e-02 6.804252e-03
      vertex -5.495602e-03 -1.793577e-02 5.581624e-03
    endloop
  endfacet
  facet normal -8.299430e-01 -5.318283e-01 1.683844e-01
    outer loop
      vertex -5.467632e-03 -1.767629e-02 6.539046e-03
      vertex -5.495602e-03 -1.793577e-02 5.581624e-03
      vertex -5.385932e-03 -1.809157e-02 5.630107e-03
    endloop
  endfacet
  facet normal -7.688124e-01 -6.049465e-01 2.072856e-01
    outer loop
      vertex -5.373884e-03 -1.778203e-02 6.578162e-03
      vertex -5.467632e-03 -1.767629e-02 6.539046e-03
      vertex -5.385932e-03 -1.809157e-02 5.630107e-03
    endloop
  endfacet
  facet normal -5.687364e-01 -7.797391e-01 2.618126e-01
    outer loop
      vertex -5.373884e-03 -1.778203e-02 6.578162e-03
      vertex -5.385932e-03 -1.809157e-02 5.630107e-03
      vertex -5.259230e-03 -1.788885e-02 6.509082e-03
    endloop
  endfacet
  facet normal -4.793336e-01 -8.375332e-01 2.622543e-01
    outer loop
      vertex -5.259230e-03 -1.788885e-02 6.509082e-03
      vertex -5.385932e-03 -1.809157e-02 5.630107e-03
      vertex -5.244996e-03 -1.829787e-02 5.228856e-03
    endloop
  endfacet
  facet normal -8.299451e-01 -5.321837e-01 1.672474e-01
    outer loop
      vertex -5.385932e-03 -1.809157e-02 5.630107e-03
      vertex -5.495602e-03 -1.793577e-02 5.581624e-03
      vertex -5.426309e-03 -1.829603e-02 4.779150e-03
    endloop
  endfacet
  facet normal -8.948820e-01 -4.309163e-01 1.161782e-01
    outer loop
      vertex -5.495602e-03 -1.793577e-02 5.581624e-03
      vertex -5.495602e-03 -1.827390e-02 4.327469e-03
      vertex -5.426309e-03 -1.829603e-02 4.779150e-03
    endloop
  endfacet
  facet normal -6.810897e-01 -7.039414e-01 2.014528e-01
    outer loop
      vertex -5.385932e-03 -1.809157e-02 5.630107e-03
      vertex -5.426309e-03 -1.829603e-02 4.779150e-03
      vertex -5.345556e-03 -1.836872e-02 4.798139e-03
    endloop
  endfacet
  facet normal -4.965830e-01 -8.304368e-01 2.525470e-01
    outer loop
      vertex -5.385932e-03 -1.809157e-02 5.630107e-03
      vertex -5.345556e-03 -1.836872e-02 4.798139e-03
      vertex -5.244996e-03 -1.829787e-02 5.228856e-03
    endloop
  endfacet
  facet normal -3.722615e-01 -8.979805e-01 2.346326e-01
    outer loop
      vertex -5.244996e-03 -1.829787e-02 5.228856e-03
      vertex -5.345556e-03 -1.836872e-02 4.798139e-03
      vertex -5.244996e-03 -1.851716e-02 4.389603e-03
    endloop
  endfacet
  facet normal -8.755298e-01 -4.701733e-01 1.112863e-01
    outer loop
      vertex -5.426309e-03 -1.829603e-02 4.779150e-03
      vertex -5.495602e-03 -1.827390e-02 4.327469e-03
      vertex -5.426309e-03 -1.849615e-02 3.933659e-03
    endloop
  endfacet
  facet normal -6.810909e-01 -7.125122e-01 1.686462e-01
    outer loop
      vertex -5.345556e-03 -1.836872e-02 4.798139e-03
      vertex -5.426309e-03 -1.829603e-02 4.779150e-03
      vertex -5.345556e-03 -1.856964e-02 3.949289e-03
    endloop
  endfacet
  facet normal -6.810918e-01 -7.125114e-01 1.686458e-01
    outer loop
      vertex -5.426309e-03 -1.829603e-02 4.779150e-03
      vertex -5.426309e-03 -1.849615e-02 3.933659e-03
      vertex -5.345556e-03 -1.856964e-02 3.949289e-03
    endloop
  endfacet
  facet normal -4.476775e-01 -8.701528e-01 2.059585e-01
    outer loop
      vertex -5.345556e-03 -1.836872e-02 4.798139e-03
      vertex -5.345556e-03 -1.856964e-02 3.949289e-03
      vertex -5.244996e-03 -1.851716e-02 4.389603e-03
    endloop
  endfacet
  facet normal -3.706381e-01 -9.085168e-01 1.929368e-01
    outer loop
      vertex -5.244996e-03 -1.851716e-02 4.389603e-03
      vertex -5.345556e-03 -1.856964e-02 3.949289e-03
      vertex -5.244996e-03 -1.870219e-02 3.518291e-03
    endloop
  endfacet
  facet normal -9.029649e-01 -4.223065e-01 7.944538e-02
    outer loop
      vertex -5.426309e-03 -1.849615e-02 3.933659e-03
      vertex -5.495602e-03 -1.827390e-02 4.327469e-03
      vertex -5.426309e-03 -1.866117e-02 3.056455e-03
    endloop
  endfacet
  facet normal -9.032083e-01 -4.218162e-01 7.928273e-02
    outer loop
      vertex -5.495602e-03 -1.827390e-02 4.327469e-03
      vertex -5.495602e-03 -1.859782e-02 2.604118e-03
      vertex -5.426309e-03 -1.866117e-02 3.056455e-03
    endloop
  endfacet
  facet normal -6.810856e-01 -7.195817e-01 1.353684e-01
    outer loop
      vertex -5.345556e-03 -1.856964e-02 3.949289e-03
      vertex -5.426309e-03 -1.849615e-02 3.933659e-03
      vertex -5.345556e-03 -1.873532e-02 3.068599e-03
    endloop
  endfacet
  facet normal -6.810788e-01 -7.195877e-01 1.353707e-01
    outer loop
      vertex -5.426309e-03 -1.849615e-02 3.933659e-03
      vertex -5.426309e-03 -1.866117e-02 3.056455e-03
      vertex -5.345556e-03 -1.873532e-02 3.068599e-03
    endloop
  endfacet
  facet normal -4.493870e-01 -8.779374e-01 1.651584e-01
    outer loop
      vertex -5.345556e-03 -1.856964e-02 3.949289e-03
      vertex -5.345556e-03 -1.873532e-02 3.068599e-03
      vertex -5.244996e-03 -1.870219e-02 3.518291e-03
    endloop
  endfacet
  facet normal -3.523304e-01 -9.242798e-01 1.468680e-01
    outer loop
      vertex -5.244996e-03 -1.870219e-02 3.518291e-03
      vertex -5.345556e-03 -1.873532e-02 3.068599e-03
      vertex -5.244996e-03 -1.885931e-02 2.529506e-03
    endloop
  endfacet
  facet normal -8.498401e-01 -5.239711e-01 5.679940e-02
    outer loop
      vertex -5.426309e-03 -1.866117e-02 3.056455e-03
      vertex -5.495602e-03 -1.859782e-02 2.604118e-03
      vertex -5.385932e-03 -1.882048e-02 2.190949e-03
    endloop
  endfacet
  facet normal -6.810839e-01 -7.251090e-01 1.016944e-01
    outer loop
      vertex -5.345556e-03 -1.873532e-02 3.068599e-03
      vertex -5.426309e-03 -1.866117e-02 3.056455e-03
      vertex -5.385932e-03 -1.882048e-02 2.190949e-03
    endloop
  endfacet
  facet normal -4.935726e-01 -8.631636e-01 1.064642e-01
    outer loop
      vertex -5.345556e-03 -1.873532e-02 3.068599e-03
      vertex -5.385932e-03 -1.882048e-02 2.190949e-03
      vertex -5.244996e-03 -1.885931e-02 2.529506e-03
    endloop
  endfacet
  facet normal -8.411083e-01 -5.368197e-01 6.604146e-02
    outer loop
      vertex -5.385932e-03 -1.882048e-02 2.190949e-03
      vertex -5.495602e-03 -1.859782e-02 2.604118e-03
      vertex -5.426309e-03 -1.886279e-02 1.332807e-03
    endloop
  endfacet
  facet normal -8.754354e-01 -4.804832e-01 5.242852e-02
    outer loop
      vertex -5.495602e-03 -1.859782e-02 2.604118e-03
      vertex -5.495602e-03 -1.873750e-02 1.323955e-03
      vertex -5.426309e-03 -1.886279e-02 1.332807e-03
    endloop
  endfacet
  facet normal -6.810883e-01 -7.290378e-01 6.798930e-02
    outer loop
      vertex -5.385932e-03 -1.882048e-02 2.190949e-03
      vertex -5.426309e-03 -1.886279e-02 1.332807e-03
      vertex -5.345556e-03 -1.893774e-02 1.338103e-03
    endloop
  endfacet
  facet normal -4.754955e-01 -8.742802e-01 9.766389e-02
    outer loop
      vertex -5.244996e-03 -1.885931e-02 2.529506e-03
      vertex -5.385932e-03 -1.882048e-02 2.190949e-03
      vertex -5.244996e-03 -1.896749e-02 1.561129e-03
    endloop
  endfacet
  facet normal -4.753717e-01 -8.743428e-01 9.770620e-02
    outer loop
      vertex -5.385932e-03 -1.882048e-02 2.190949e-03
      vertex -5.345556e-03 -1.893774e-02 1.338103e-03
      vertex -5.244996e-03 -1.896749e-02 1.561129e-03
    endloop
  endfacet
  facet normal -3.978805e-01 -9.156489e-01 5.725615e-02
    outer loop
      vertex -5.244996e-03 -1.896749e-02 1.561129e-03
      vertex -5.345556e-03 -1.893774e-02 1.338103e-03
      vertex -5.244996e-03 -1.900932e-02 8.922070e-04
    endloop
  endfacet
  facet normal -9.637411e-01 -2.668303e-01 2.165263e-03
    outer loop
      vertex -5.467632e-03 -1.884924e-02 4.052814e-06
      vertex -5.495602e-03 -1.873750e-02 1.323955e-03
      vertex -5.515462e-03 -1.867533e-02 1.459010e-04
    endloop
  endfacet
  facet normal -8.755235e-01 -4.826603e-01 2.230513e-02
    outer loop
      vertex -5.426309e-03 -1.886279e-02 1.332807e-03
      vertex -5.495602e-03 -1.873750e-02 1.323955e-03
      vertex -5.467632e-03 -1.884924e-02 4.052814e-06
    endloop
  endfacet
  facet normal -7.688287e-01 -6.392183e-01 1.739004e-02
    outer loop
      vertex -5.426309e-03 -1.886279e-02 1.332807e-03
      vertex -5.467632e-03 -1.884924e-02 4.052814e-06
      vertex -5.373884e-03 -1.896199e-02 4.077062e-06
    endloop
  endfacet
  facet normal -6.809861e-01 -7.317698e-01 2.776576e-02
    outer loop
      vertex -5.345556e-03 -1.893774e-02 1.338103e-03
      vertex -5.426309e-03 -1.886279e-02 1.332807e-03
      vertex -5.373884e-03 -1.896199e-02 4.077062e-06
    endloop
  endfacet
  facet normal -4.995106e-01 -8.659069e-01 2.635113e-02
    outer loop
      vertex -5.345556e-03 -1.893774e-02 1.338103e-03
      vertex -5.373884e-03 -1.896199e-02 4.077062e-06
      vertex -5.244996e-03 -1.900932e-02 8.922070e-04
    endloop
  endfacet
  facet normal -3.277977e-01 -9.447439e-01 -2.769020e-03
    outer loop
      vertex -5.244996e-03 -1.900932e-02 8.922070e-04
      vertex -5.373884e-03 -1.896199e-02 4.077062e-06
      vertex -5.134536e-03 -1.904611e-02 3.689539e-04
    endloop
  endfacet
  facet normal -3.673919e-01 -9.296836e-01 2.667545e-02
    outer loop
      vertex -5.134536e-03 -1.904611e-02 3.689539e-04
      vertex -5.373884e-03 -1.896199e-02 4.077062e-06
      vertex -5.244996e-03 -1.902542e-02 -4.315314e-04
    endloop
  endfacet
  facet normal -9.654036e-01 -2.606930e-01 -5.919592e-03
    outer loop
      vertex -5.467632e-03 -1.884924e-02 4.052814e-06
      vertex -5.515462e-03 -1.867533e-02 1.459010e-04
      vertex -5.467632e-03 -1.882963e-02 -8.592763e-04
    endloop
  endfacet
  facet normal -9.519104e-01 -3.063718e-01 1.734425e-03
    outer loop
      vertex -5.467632e-03 -1.882963e-02 -8.592763e-04
      vertex -5.515462e-03 -1.867533e-02 1.459010e-04
      vertex -5.506346e-03 -1.871119e-02 -1.184884e-03
    endloop
  endfacet
  facet normal -7.688606e-01 -6.392517e-01 -1.451489e-02
    outer loop
      vertex -5.373884e-03 -1.896199e-02 4.077062e-06
      vertex -5.467632e-03 -1.884924e-02 4.052814e-06
      vertex -5.373884e-03 -1.894227e-02 -8.644165e-04
    endloop
  endfacet
  facet normal -7.688631e-01 -6.392486e-01 -1.451550e-02
    outer loop
      vertex -5.467632e-03 -1.884924e-02 4.052814e-06
      vertex -5.467632e-03 -1.882963e-02 -8.592763e-04
      vertex -5.373884e-03 -1.894227e-02 -8.644165e-04
    endloop
  endfacet
  facet normal -4.943822e-01 -8.690206e-01 -1.973204e-02
    outer loop
      vertex -5.373884e-03 -1.896199e-02 4.077062e-06
      vertex -5.373884e-03 -1.894227e-02 -8.644165e-04
      vertex -5.244996e-03 -1.902542e-02 -4.315314e-04
    endloop
  endfacet
  facet normal -4.404268e-01 -8.968454e-01 -4.114164e-02
    outer loop
      vertex -5.244996e-03 -1.902542e-02 -4.315314e-04
      vertex -5.373884e-03 -1.894227e-02 -8.644165e-04
      vertex -5.244996e-03 -1.898517e-02 -1.309082e-03
    endloop
  endfacet
  facet normal -9.271002e-01 -3.739255e-01 -2.578866e-02
    outer loop
      vertex -5.467632e-03 -1.882963e-02 -8.592763e-04
      vertex -5.506346e-03 -1.871119e-02 -1.184884e-03
      vertex -5.467632e-03 -1.876933e-02 -1.733670e-03
    endloop
  endfacet
  facet normal -7.688606e-01 -6.379012e-01 -4.399419e-02
    outer loop
      vertex -5.373884e-03 -1.894227e-02 -8.644165e-04
      vertex -5.467632e-03 -1.882963e-02 -8.592763e-04
      vertex -5.373884e-03 -1.888161e-02 -1.744041e-03
    endloop
  endfacet
  facet normal -7.688613e-01 -6.379004e-01 -4.399432e-02
    outer loop
      vertex -5.467632e-03 -1.882963e-02 -8.592763e-04
      vertex -5.467632e-03 -1.876933e-02 -1.733670e-03
      vertex -5.373884e-03 -1.888161e-02 -1.744041e-03
    endloop
  endfacet
  facet normal -4.948123e-01 -8.669405e-01 -5.979037e-02
    outer loop
      vertex -5.373884e-03 -1.894227e-02 -8.644165e-04
      vertex -5.373884e-03 -1.888161e-02 -1.744041e-03
      vertex -5.244996e-03 -1.898517e-02 -1.309082e-03
    endloop
  endfacet
  facet normal -9.469964e-01 -3.195497e-01 -3.295275e-02
    outer loop
      vertex -5.467632e-03 -1.876933e-02 -1.733670e-03
      vertex -5.506346e-03 -1.871119e-02 -1.184884e-03
      vertex -5.506346e-03 -1.856699e-02 -2.583216e-03
    endloop
  endfacet
  facet normal -4.405002e-01 -8.939704e-01 -8.231987e-02
    outer loop
      vertex -5.244996e-03 -1.898517e-02 -1.309082e-03
      vertex -5.373884e-03 -1.888161e-02 -1.744041e-03
      vertex -5.244996e-03 -1.890464e-02 -2.183554e-03
    endloop
  endfacet
  facet normal -9.248061e-01 -3.774304e-01 -4.774948e-02
    outer loop
      vertex -5.467632e-03 -1.876933e-02 -1.733670e-03
      vertex -5.506346e-03 -1.856699e-02 -2.583216e-03
      vertex -5.467632e-03 -1.861890e-02 -2.922733e-03
    endloop
  endfacet
  facet normal -7.688620e-01 -6.351729e-01 -7.353022e-02
    outer loop
      vertex -5.373884e-03 -1.888161e-02 -1.744041e-03
      vertex -5.467632e-03 -1.876933e-02 -1.733670e-03
      vertex -5.373884e-03 -1.878106e-02 -2.612631e-03
    endloop
  endfacet
  facet normal -7.928226e-01 -6.046330e-01 -7.649333e-02
    outer loop
      vertex -5.467632e-03 -1.876933e-02 -1.733670e-03
      vertex -5.467632e-03 -1.861890e-02 -2.922733e-03
      vertex -5.373884e-03 -1.878106e-02 -2.612631e-03
    endloop
  endfacet
  facet normal -4.950020e-01 -8.631275e-01 -9.991919e-02
    outer loop
      vertex -5.373884e-03 -1.888161e-02 -1.744041e-03
      vertex -5.373884e-03 -1.878106e-02 -2.612631e-03
      vertex -5.244996e-03 -1.890464e-02 -2.183554e-03
    endloop
  endfacet
  facet normal -4.407051e-01 -8.890871e-01 -1.237063e-01
    outer loop
      vertex -5.244996e-03 -1.890464e-02 -2.183554e-03
      vertex -5.373884e-03 -1.878106e-02 -2.612631e-03
      vertex -5.244996e-03 -1.878271e-02 -3.059869e-03
    endloop
  endfacet
  facet normal -7.689031e-01 -6.318193e-01 -9.794091e-02
    outer loop
      vertex -5.373884e-03 -1.878106e-02 -2.612631e-03
      vertex -5.467632e-03 -1.861890e-02 -2.922733e-03
      vertex -5.373884e-03 -1.867949e-02 -3.267801e-03
    endloop
  endfacet
  facet normal -4.780501e-01 -8.679661e-01 -1.345470e-01
    outer loop
      vertex -5.373884e-03 -1.878106e-02 -2.612631e-03
      vertex -5.373884e-03 -1.867949e-02 -3.267801e-03
      vertex -5.244996e-03 -1.878271e-02 -3.059869e-03
    endloop
  endfacet
  facet normal -9.461577e-01 -3.182404e-01 -5.923333e-02
    outer loop
      vertex -5.467632e-03 -1.861890e-02 -2.922733e-03
      vertex -5.506346e-03 -1.856699e-02 -2.583216e-03
      vertex -5.495602e-03 -1.827639e-02 -4.316129e-03
    endloop
  endfacet
  facet normal -8.946528e-01 -4.376798e-01 -8.962622e-02
    outer loop
      vertex -5.467632e-03 -1.861890e-02 -2.922733e-03
      vertex -5.495602e-03 -1.827639e-02 -4.316129e-03
      vertex -5.426309e-03 -1.850069e-02 -3.912455e-03
    endloop
  endfacet
  facet normal -7.843450e-01 -6.112446e-01 -1.057494e-01
    outer loop
      vertex -5.373884e-03 -1.867949e-02 -3.267801e-03
      vertex -5.467632e-03 -1.861890e-02 -2.922733e-03
      vertex -5.426309e-03 -1.850069e-02 -3.912455e-03
    endloop
  endfacet
  facet normal -5.982703e-01 -7.833524e-01 -1.686171e-01
    outer loop
      vertex -5.373884e-03 -1.867949e-02 -3.267801e-03
      vertex -5.426309e-03 -1.850069e-02 -3.912455e-03
      vertex -5.295276e-03 -1.859641e-02 -3.932696e-03
    endloop
  endfacet
  facet normal -4.435680e-01 -8.813720e-01 -1.625757e-01
    outer loop
      vertex -5.244996e-03 -1.878271e-02 -3.059869e-03
      vertex -5.373884e-03 -1.867949e-02 -3.267801e-03
      vertex -5.295276e-03 -1.859641e-02 -3.932696e-03
    endloop
  endfacet
  facet normal -8.498395e-01 -5.089461e-01 -1.369184e-01
    outer loop
      vertex -5.426309e-03 -1.850069e-02 -3.912455e-03
      vertex -5.495602e-03 -1.827639e-02 -4.316129e-03
      vertex -5.385932e-03 -1.833284e-02 -4.787013e-03
    endloop
  endfacet
  facet normal -5.982291e-01 -7.813975e-01 -1.775945e-01
    outer loop
      vertex -5.295276e-03 -1.859641e-02 -3.932696e-03
      vertex -5.426309e-03 -1.850069e-02 -3.912455e-03
      vertex -5.385932e-03 -1.833284e-02 -4.787013e-03
    endloop
  endfacet
  facet normal -5.072467e-01 -8.371950e-01 -2.044637e-01
    outer loop
      vertex -5.295276e-03 -1.859641e-02 -3.932696e-03
      vertex -5.385932e-03 -1.833284e-02 -4.787013e-03
      vertex -5.244996e-03 -1.841311e-02 -4.807973e-03
    endloop
  endfacet
  facet normal -8.413543e-01 -5.238241e-01 -1.331586e-01
    outer loop
      vertex -5.385932e-03 -1.833284e-02 -4.787013e-03
      vertex -5.495602e-03 -1.827639e-02 -4.316129e-03
      vertex -5.426309e-03 -1.805955e-02 -5.606964e-03
    endloop
  endfacet
  facet normal -8.754337e-01 -4.667858e-01 -1.254066e-01
    outer loop
      vertex -5.495602e-03 -1.827639e-02 -4.316129e-03
      vertex -5.495602e-03 -1.793960e-02 -5.569722e-03
      vertex -5.426309e-03 -1.805955e-02 -5.606964e-03
    endloop
  endfacet
  facet normal -6.042714e-01 -7.643502e-01 -2.249996e-01
    outer loop
      vertex -5.385932e-03 -1.833284e-02 -4.787013e-03
      vertex -5.426309e-03 -1.805955e-02 -5.606964e-03
      vertex -5.295276e-03 -1.818419e-02 -5.535470e-03
    endloop
  endfacet
  facet normal -5.072728e-01 -8.314659e-01 -2.265806e-01
    outer loop
      vertex -5.244996e-03 -1.841311e-02 -4.807973e-03
      vertex -5.385932e-03 -1.833284e-02 -4.787013e-03
      vertex -5.295276e-03 -1.818419e-02 -5.535470e-03
    endloop
  endfacet
  facet normal -9.492825e-01 -2.952631e-01 -1.080853e-01
    outer loop
      vertex -5.467632e-03 -1.756671e-02 -6.834026e-03
      vertex -5.495602e-03 -1.793960e-02 -5.569722e-03
      vertex -5.510904e-03 -1.760039e-02 -6.361975e-03
    endloop
  endfacet
  facet normal -8.755258e-01 -4.578365e-01 -1.544028e-01
    outer loop
      vertex -5.426309e-03 -1.805955e-02 -5.606964e-03
      vertex -5.495602e-03 -1.793960e-02 -5.569722e-03
      vertex -5.467632e-03 -1.756671e-02 -6.834026e-03
    endloop
  endfacet
  facet normal -7.927546e-01 -5.743892e-01 -2.040030e-01
    outer loop
      vertex -5.426309e-03 -1.805955e-02 -5.606964e-03
      vertex -5.467632e-03 -1.756671e-02 -6.834026e-03
      vertex -5.373884e-03 -1.790874e-02 -6.235296e-03
    endloop
  endfacet
  facet normal -6.001478e-01 -7.649943e-01 -2.336801e-01
    outer loop
      vertex -5.295276e-03 -1.818419e-02 -5.535470e-03
      vertex -5.426309e-03 -1.805955e-02 -5.606964e-03
      vertex -5.373884e-03 -1.790874e-02 -6.235296e-03
    endloop
  endfacet
  facet normal -5.071342e-01 -8.198796e-01 -2.657299e-01
    outer loop
      vertex -5.295276e-03 -1.818419e-02 -5.535470e-03
      vertex -5.373884e-03 -1.790874e-02 -6.235296e-03
      vertex -5.263287e-03 -1.803756e-02 -6.048923e-03
    endloop
  endfacet
  facet normal -7.718921e-01 -5.965096e-01 -2.199064e-01
    outer loop
      vertex -5.373884e-03 -1.790874e-02 -6.235296e-03
      vertex -5.467632e-03 -1.756671e-02 -6.834026e-03
      vertex -5.377373e-03 -1.751880e-02 -7.280801e-03
    endloop
  endfacet
  facet normal -4.511602e-01 -8.366681e-01 -3.105495e-01
    outer loop
      vertex -5.373884e-03 -1.790874e-02 -6.235296e-03
      vertex -5.377373e-03 -1.751880e-02 -7.280801e-03
      vertex -5.263287e-03 -1.803756e-02 -6.048923e-03
    endloop
  endfacet
  facet normal -9.531421e-01 -2.827610e-01 -1.075471e-01
    outer loop
      vertex -5.467632e-03 -1.756671e-02 -6.834026e-03
      vertex -5.510904e-03 -1.760039e-02 -6.361975e-03
      vertex -5.506346e-03 -1.718196e-02 -7.502491e-03
    endloop
  endfacet
  facet normal -4.238310e-01 -8.481187e-01 -3.179025e-01
    outer loop
      vertex -5.263287e-03 -1.803756e-02 -6.048923e-03
      vertex -5.377373e-03 -1.751880e-02 -7.280801e-03
      vertex -5.263287e-03 -1.756937e-02 -7.297975e-03
    endloop
  endfacet
  facet normal -9.304253e-01 -3.383345e-01 -1.408490e-01
    outer loop
      vertex -5.467632e-03 -1.756671e-02 -6.834026e-03
      vertex -5.506346e-03 -1.718196e-02 -7.502491e-03
      vertex -5.467632e-03 -1.723060e-02 -7.641388e-03
    endloop
  endfacet
  facet normal -8.161389e-01 -5.334746e-01 -2.220860e-01
    outer loop
      vertex -5.467632e-03 -1.756671e-02 -6.834026e-03
      vertex -5.467632e-03 -1.723060e-02 -7.641388e-03
      vertex -5.377373e-03 -1.751880e-02 -7.280801e-03
    endloop
  endfacet
  facet normal -4.224906e-01 -8.273993e-01 -3.700164e-01
    outer loop
      vertex -5.263287e-03 -1.756937e-02 -7.297975e-03
      vertex -5.377373e-03 -1.751880e-02 -7.280801e-03
      vertex -5.257445e-03 -1.703878e-02 -8.491122e-03
    endloop
  endfacet
  facet normal -9.371458e-01 -3.145490e-01 -1.510518e-01
    outer loop
      vertex -5.467632e-03 -1.723060e-02 -7.641388e-03
      vertex -5.506346e-03 -1.718196e-02 -7.502491e-03
      vertex -5.495602e-03 -1.660141e-02 -8.778076e-03
    endloop
  endfacet
  facet normal -8.393513e-01 -4.840796e-01 -2.472981e-01
    outer loop
      vertex -5.467632e-03 -1.723060e-02 -7.641388e-03
      vertex -5.495602e-03 -1.660141e-02 -8.778076e-03
      vertex -5.385932e-03 -1.694915e-02 -8.469620e-03
    endloop
  endfacet
  facet normal -7.660180e-01 -5.818353e-01 -2.732839e-01
    outer loop
      vertex -5.377373e-03 -1.751880e-02 -7.280801e-03
      vertex -5.467632e-03 -1.723060e-02 -7.641388e-03
      vertex -5.385932e-03 -1.694915e-02 -8.469620e-03
    endloop
  endfacet
  facet normal -5.745901e-01 -7.396865e-01 -3.503000e-01
    outer loop
      vertex -5.377373e-03 -1.751880e-02 -7.280801e-03
      vertex -5.385932e-03 -1.694915e-02 -8.469620e-03
      vertex -5.257445e-03 -1.703878e-02 -8.491122e-03
    endloop
  endfacet
  facet normal -8.498385e-01 -4.734415e-01 -2.315766e-01
    outer loop
      vertex -5.385932e-03 -1.694915e-02 -8.469620e-03
      vertex -5.495602e-03 -1.660141e-02 -8.778076e-03
      vertex -5.426309e-03 -1.650929e-02 -9.220712e-03
    endloop
  endfacet
  facet normal -6.489969e-01 -6.711978e-01 -3.581851e-01
    outer loop
      vertex -5.385932e-03 -1.694915e-02 -8.469620e-03
      vertex -5.426309e-03 -1.650929e-02 -9.220712e-03
      vertex -5.345980e-03 -1.635721e-02 -9.651231e-03
    endloop
  endfacet
  facet normal -5.707303e-01 -7.262766e-01 -3.831308e-01
    outer loop
      vertex -5.385932e-03 -1.694915e-02 -8.469620e-03
      vertex -5.345980e-03 -1.635721e-02 -9.651231e-03
      vertex -5.257445e-03 -1.703878e-02 -8.491122e-03
    endloop
  endfacet
  facet normal -3.502213e-01 -8.190339e-01 -4.544540e-01
    outer loop
      vertex -5.257445e-03 -1.703878e-02 -8.491122e-03
      vertex -5.345980e-03 -1.635721e-02 -9.651231e-03
      vertex -5.244996e-03 -1.638582e-02 -9.677494e-03
    endloop
  endfacet
  facet normal -9.026963e-01 -3.706912e-01 -2.184662e-01
    outer loop
      vertex -5.426309e-03 -1.650929e-02 -9.220712e-03
      vertex -5.495602e-03 -1.660141e-02 -8.778076e-03
      vertex -5.426309e-03 -1.605818e-02 -9.986149e-03
    endloop
  endfacet
  facet normal -8.754306e-01 -4.200610e-01 -2.391024e-01
    outer loop
      vertex -5.495602e-03 -1.660141e-02 -8.778076e-03
      vertex -5.495602e-03 -1.595152e-02 -9.919821e-03
      vertex -5.426309e-03 -1.605818e-02 -9.986149e-03
    endloop
  endfacet
  facet normal -7.369317e-01 -5.823558e-01 -3.432103e-01
    outer loop
      vertex -5.426309e-03 -1.650929e-02 -9.220712e-03
      vertex -5.426309e-03 -1.605818e-02 -9.986149e-03
      vertex -5.345980e-03 -1.635721e-02 -9.651231e-03
    endloop
  endfacet
  facet normal -3.536923e-01 -7.927609e-01 -4.964190e-01
    outer loop
      vertex -5.244996e-03 -1.638582e-02 -9.677494e-03
      vertex -5.345980e-03 -1.635721e-02 -9.651231e-03
      vertex -5.251478e-03 -1.568806e-02 -1.078717e-02
    endloop
  endfacet
  facet normal -9.402895e-01 -2.820855e-01 -1.904823e-01
    outer loop
      vertex -5.467632e-03 -1.553238e-02 -1.067861e-02
      vertex -5.495602e-03 -1.595152e-02 -9.919821e-03
      vertex -5.506346e-03 -1.519835e-02 -1.098216e-02
    endloop
  endfacet
  facet normal -8.755804e-01 -4.084638e-01 -2.579075e-01
    outer loop
      vertex -5.426309e-03 -1.605818e-02 -9.986149e-03
      vertex -5.495602e-03 -1.595152e-02 -9.919821e-03
      vertex -5.467632e-03 -1.553238e-02 -1.067861e-02
    endloop
  endfacet
  facet normal -7.776345e-01 -5.222067e-01 -3.501212e-01
    outer loop
      vertex -5.426309e-03 -1.605818e-02 -9.986149e-03
      vertex -5.467632e-03 -1.553238e-02 -1.067861e-02
      vertex -5.377192e-03 -1.537287e-02 -1.111739e-02
    endloop
  endfacet
  facet normal -6.475233e-01 -6.389885e-01 -4.152196e-01
    outer loop
      vertex -5.345980e-03 -1.635721e-02 -9.651231e-03
      vertex -5.426309e-03 -1.605818e-02 -9.986149e-03
      vertex -5.377192e-03 -1.537287e-02 -1.111739e-02
    endloop
  endfacet
  facet normal -5.503227e-01 -6.985850e-01 -4.573008e-01
    outer loop
      vertex -5.345980e-03 -1.635721e-02 -9.651231e-03
      vertex -5.377192e-03 -1.537287e-02 -1.111739e-02
      vertex -5.251478e-03 -1.568806e-02 -1.078717e-02
    endloop
  endfacet
  facet normal -9.234668e-01 -3.111008e-01 -2.245559e-01
    outer loop
      vertex -5.467632e-03 -1.553238e-02 -1.067861e-02
      vertex -5.506346e-03 -1.519835e-02 -1.098216e-02
      vertex -5.467632e-03 -1.502287e-02 -1.138448e-02
    endloop
  endfacet
  facet normal -8.155734e-01 -4.691941e-01 -3.386694e-01
    outer loop
      vertex -5.467632e-03 -1.553238e-02 -1.067861e-02
      vertex -5.467632e-03 -1.502287e-02 -1.138448e-02
      vertex -5.377192e-03 -1.537287e-02 -1.111739e-02
    endloop
  endfacet
  facet normal -3.917653e-01 -7.354453e-01 -5.528474e-01
    outer loop
      vertex -5.251478e-03 -1.568806e-02 -1.078717e-02
      vertex -5.377192e-03 -1.537287e-02 -1.111739e-02
      vertex -5.250416e-03 -1.476214e-02 -1.201966e-02
    endloop
  endfacet
  facet normal -9.462372e-01 -2.530910e-01 -2.014449e-01
    outer loop
      vertex -5.467632e-03 -1.502287e-02 -1.138448e-02
      vertex -5.506346e-03 -1.519835e-02 -1.098216e-02
      vertex -5.467632e-03 -1.446885e-02 -1.208054e-02
    endloop
  endfacet
  facet normal -7.649143e-01 -5.038747e-01 -4.012685e-01
    outer loop
      vertex -5.377192e-03 -1.537287e-02 -1.111739e-02
      vertex -5.467632e-03 -1.502287e-02 -1.138448e-02
      vertex -5.377276e-03 -1.427511e-02 -1.249568e-02
    endloop
  endfacet
  facet normal -7.638786e-01 -5.049403e-01 -4.019014e-01
    outer loop
      vertex -5.467632e-03 -1.502287e-02 -1.138448e-02
      vertex -5.467632e-03 -1.446885e-02 -1.208054e-02
      vertex -5.377276e-03 -1.427511e-02 -1.249568e-02
    endloop
  endfacet
  facet normal -5.540173e-01 -6.512173e-01 -5.186336e-01
    outer loop
      vertex -5.377192e-03 -1.537287e-02 -1.111739e-02
      vertex -5.377276e-03 -1.427511e-02 -1.249568e-02
      vertex -5.250416e-03 -1.476214e-02 -1.201966e-02
    endloop
  endfacet
  facet normal -9.613856e-01 -2.124231e-01 -1.749687e-01
    outer loop
      vertex -5.467632e-03 -1.446885e-02 -1.208054e-02
      vertex -5.506346e-03 -1.519835e-02 -1.098216e-02
      vertex -5.510904e-03 -1.404331e-02 -1.235941e-02
    endloop
  endfacet
  facet normal -9.499268e-01 -2.330230e-01 -2.081811e-01
    outer loop
      vertex -5.467632e-03 -1.446885e-02 -1.208054e-02
      vertex -5.510904e-03 -1.404331e-02 -1.235941e-02
      vertex -5.467632e-03 -1.367113e-02 -1.297344e-02
    endloop
  endfacet
  facet normal -8.254039e-01 -4.210015e-01 -3.761198e-01
    outer loop
      vertex -5.467632e-03 -1.446885e-02 -1.208054e-02
      vertex -5.467632e-03 -1.367113e-02 -1.297344e-02
      vertex -5.377276e-03 -1.427511e-02 -1.249568e-02
    endloop
  endfacet
  facet normal -3.901421e-01 -6.935515e-01 -6.056199e-01
    outer loop
      vertex -5.250416e-03 -1.476214e-02 -1.201966e-02
      vertex -5.377276e-03 -1.427511e-02 -1.249568e-02
      vertex -5.248490e-03 -1.389942e-02 -1.300888e-02
    endloop
  endfacet
  facet normal -9.628136e-01 -1.955728e-01 -1.863902e-01
    outer loop
      vertex -5.467632e-03 -1.367113e-02 -1.297344e-02
      vertex -5.510904e-03 -1.404331e-02 -1.235941e-02
      vertex -5.513184e-03 -1.316772e-02 -1.326636e-02
    endloop
  endfacet
  facet normal -7.657063e-01 -4.655806e-01 -4.437663e-01
    outer loop
      vertex -5.377276e-03 -1.427511e-02 -1.249568e-02
      vertex -5.467632e-03 -1.367113e-02 -1.297344e-02
      vertex -5.377291e-03 -1.321815e-02 -1.360457e-02
    endloop
  endfacet
  facet normal -5.377242e-01 -6.102994e-01 -5.817107e-01
    outer loop
      vertex -5.377276e-03 -1.427511e-02 -1.249568e-02
      vertex -5.377291e-03 -1.321815e-02 -1.360457e-02
      vertex -5.248490e-03 -1.389942e-02 -1.300888e-02
    endloop
  endfacet
  facet normal -9.569359e-01 -2.057497e-01 -2.047945e-01
    outer loop
      vertex -5.467632e-03 -1.367113e-02 -1.297344e-02
      vertex -5.513184e-03 -1.316772e-02 -1.326636e-02
      vertex -5.467632e-03 -1.297779e-02 -1.367002e-02
    endloop
  endfacet
  facet normal -8.086616e-01 -4.169393e-01 -4.150037e-01
    outer loop
      vertex -5.467632e-03 -1.367113e-02 -1.297344e-02
      vertex -5.467632e-03 -1.297779e-02 -1.367002e-02
      vertex -5.377291e-03 -1.321815e-02 -1.360457e-02
    endloop
  endfacet
  facet normal -4.368797e-01 -6.374936e-01 -6.346165e-01
    outer loop
      vertex -5.248490e-03 -1.389942e-02 -1.300888e-02
      vertex -5.377291e-03 -1.321815e-02 -1.360457e-02
      vertex -5.248603e-03 -1.312309e-02 -1.378866e-02
    endloop
  endfacet
  facet normal -9.587496e-01 -1.997906e-01 -2.021953e-01
    outer loop
      vertex -5.467632e-03 -1.297779e-02 -1.367002e-02
      vertex -5.513184e-03 -1.316772e-02 -1.326636e-02
      vertex -5.506346e-03 -1.235239e-02 -1.410441e-02
    endloop
  endfacet
  facet normal -9.303342e-01 -2.463001e-01 -2.716884e-01
    outer loop
      vertex -5.467632e-03 -1.297779e-02 -1.367002e-02
      vertex -5.506346e-03 -1.235239e-02 -1.410441e-02
      vertex -5.467632e-03 -1.233614e-02 -1.425171e-02
    endloop
  endfacet
  facet normal -7.791385e-01 -4.196391e-01 -4.656675e-01
    outer loop
      vertex -5.377291e-03 -1.321815e-02 -1.360457e-02
      vertex -5.467632e-03 -1.297779e-02 -1.367002e-02
      vertex -5.373971e-03 -1.240484e-02 -1.434305e-02
    endloop
  endfacet
  facet normal -7.721502e-01 -4.267888e-01 -4.707816e-01
    outer loop
      vertex -5.467632e-03 -1.297779e-02 -1.367002e-02
      vertex -5.467632e-03 -1.233614e-02 -1.425171e-02
      vertex -5.373971e-03 -1.240484e-02 -1.434305e-02
    endloop
  endfacet
  facet normal -4.936015e-01 -5.824477e-01 -6.458423e-01
    outer loop
      vertex -5.248603e-03 -1.312309e-02 -1.378866e-02
      vertex -5.377291e-03 -1.321815e-02 -1.360457e-02
      vertex -5.249397e-03 -1.231071e-02 -1.452069e-02
    endloop
  endfacet
  facet normal -4.821169e-01 -5.878615e-01 -6.496015e-01
    outer loop
      vertex -5.377291e-03 -1.321815e-02 -1.360457e-02
      vertex -5.373971e-03 -1.240484e-02 -1.434305e-02
      vertex -5.249397e-03 -1.231071e-02 -1.452069e-02
    endloop
  endfacet
  facet normal -9.372059e-01 -2.200495e-01 -2.705980e-01
    outer loop
      vertex -5.467632e-03 -1.233614e-02 -1.425171e-02
      vertex -5.506346e-03 -1.235239e-02 -1.410441e-02
      vertex -5.495602e-03 -1.127027e-02 -1.502160e-02
    endloop
  endfacet
  facet normal -8.926846e-01 -2.790507e-01 -3.538995e-01
    outer loop
      vertex -5.467632e-03 -1.233614e-02 -1.425171e-02
      vertex -5.495602e-03 -1.127027e-02 -1.502160e-02
      vertex -5.413158e-03 -1.144555e-02 -1.509135e-02
    endloop
  endfacet
  facet normal -7.729536e-01 -4.095623e-01 -4.845631e-01
    outer loop
      vertex -5.373971e-03 -1.240484e-02 -1.434305e-02
      vertex -5.467632e-03 -1.233614e-02 -1.425171e-02
      vertex -5.413158e-03 -1.144555e-02 -1.509135e-02
    endloop
  endfacet
  facet normal -5.327954e-01 -5.339148e-01 -6.565547e-01
    outer loop
      vertex -5.373971e-03 -1.240484e-02 -1.434305e-02
      vertex -5.413158e-03 -1.144555e-02 -1.509135e-02
      vertex -5.249397e-03 -1.231071e-02 -1.452069e-02
    endloop
  endfacet
  facet normal -4.945609e-01 -5.418534e-01 -6.795619e-01
    outer loop
      vertex -5.249397e-03 -1.231071e-02 -1.452069e-02
      vertex -5.413158e-03 -1.144555e-02 -1.509135e-02
      vertex -5.281214e-03 -1.121176e-02 -1.537379e-02
    endloop
  endfacet
  facet normal -8.839826e-01 -2.615908e-01 -3.874855e-01
    outer loop
      vertex -5.413158e-03 -1.144555e-02 -1.509135e-02
      vertex -5.495602e-03 -1.127027e-02 -1.502160e-02
      vertex -5.398941e-03 -9.950507e-03 -1.613309e-02
    endloop
  endfacet
  facet normal -8.410061e-01 -3.111530e-01 -4.425975e-01
    outer loop
      vertex -5.495602e-03 -1.127027e-02 -1.502160e-02
      vertex -5.495602e-03 -1.020595e-02 -1.576983e-02
      vertex -5.398941e-03 -9.950507e-03 -1.613309e-02
    endloop
  endfacet
  facet normal -6.046511e-01 -4.514710e-01 -6.561791e-01
    outer loop
      vertex -5.281214e-03 -1.121176e-02 -1.537379e-02
      vertex -5.413158e-03 -1.144555e-02 -1.509135e-02
      vertex -5.398941e-03 -9.950507e-03 -1.613309e-02
    endloop
  endfacet
  facet normal -4.500885e-01 -4.910333e-01 -7.458596e-01
    outer loop
      vertex -5.281214e-03 -1.121176e-02 -1.537379e-02
      vertex -5.398941e-03 -9.950507e-03 -1.613309e-02
      vertex -5.191069e-03 -1.080882e-02 -1.569346e-02
    endloop
  endfacet
  facet normal -4.233723e-01 -4.921303e-01 -7.606337e-01
    outer loop
      vertex -5.191069e-03 -1.080882e-02 -1.569346e-02
      vertex -5.398941e-03 -9.950507e-03 -1.613309e-02
      vertex -5.255914e-03 -9.590503e-03 -1.644562e-02
    endloop
  endfacet
  facet normal -9.397229e-01 -1.750694e-01 -2.937203e-01
    outer loop
      vertex -5.467632e-03 -9.491348e-03 -1.628525e-02
      vertex -5.495602e-03 -1.020595e-02 -1.576983e-02
      vertex -5.506346e-03 -9.160310e-03 -1.635870e-02
    endloop
  endfacet
  facet normal -8.669460e-01 -2.687901e-01 -4.197101e-01
    outer loop
      vertex -5.398941e-03 -9.950507e-03 -1.613309e-02
      vertex -5.495602e-03 -1.020595e-02 -1.576983e-02
      vertex -5.467632e-03 -9.491348e-03 -1.628525e-02
    endloop
  endfacet
  facet normal -9.246434e-01 -1.823221e-01 -3.343550e-01
    outer loop
      vertex -5.467632e-03 -9.491348e-03 -1.628525e-02
      vertex -5.506346e-03 -9.160310e-03 -1.635870e-02
      vertex -5.469584e-03 -8.123910e-03 -1.702551e-02
    endloop
  endfacet
  facet normal -7.813619e-01 -2.985190e-01 -5.480510e-01
    outer loop
      vertex -5.398941e-03 -9.950507e-03 -1.613309e-02
      vertex -5.467632e-03 -9.491348e-03 -1.628525e-02
      vertex -5.373884e-03 -8.772804e-03 -1.681030e-02
    endloop
  endfacet
  facet normal -7.836311e-01 -2.966098e-01 -5.458433e-01
    outer loop
      vertex -5.467632e-03 -9.491348e-03 -1.628525e-02
      vertex -5.469584e-03 -8.123910e-03 -1.702551e-02
      vertex -5.373884e-03 -8.772804e-03 -1.681030e-02
    endloop
  endfacet
  facet normal -5.626388e-01 -4.030728e-01 -7.217825e-01
    outer loop
      vertex -5.398941e-03 -9.950507e-03 -1.613309e-02
      vertex -5.373884e-03 -8.772804e-03 -1.681030e-02
      vertex -5.255914e-03 -9.590503e-03 -1.644562e-02
    endloop
  endfacet
  facet normal -9.588895e-01 -1.287085e-01 -2.529132e-01
    outer loop
      vertex -5.469584e-03 -8.123910e-03 -1.702551e-02
      vertex -5.506346e-03 -9.160310e-03 -1.635870e-02
      vertex -5.506346e-03 -7.895457e-03 -1.700239e-02
    endloop
  endfacet
  facet normal -4.424440e-01 -4.177427e-01 -7.935580e-01
    outer loop
      vertex -5.255914e-03 -9.590503e-03 -1.644562e-02
      vertex -5.373884e-03 -8.772804e-03 -1.681030e-02
      vertex -5.198243e-03 -8.403747e-03 -1.710250e-02
    endloop
  endfacet
  facet normal -7.074351e-01 -3.142963e-01 -6.330509e-01
    outer loop
      vertex -5.373884e-03 -8.772804e-03 -1.681030e-02
      vertex -5.469584e-03 -8.123910e-03 -1.702551e-02
      vertex -5.372655e-03 -7.813076e-03 -1.728815e-02
    endloop
  endfacet
  facet normal -4.848622e-01 -3.893213e-01 -7.831587e-01
    outer loop
      vertex -5.373884e-03 -8.772804e-03 -1.681030e-02
      vertex -5.372655e-03 -7.813076e-03 -1.728815e-02
      vertex -5.198243e-03 -8.403747e-03 -1.710250e-02
    endloop
  endfacet
  facet normal -7.783090e-01 -2.455682e-01 -5.778679e-01
    outer loop
      vertex -5.372655e-03 -7.813076e-03 -1.728815e-02
      vertex -5.469584e-03 -8.123910e-03 -1.702551e-02
      vertex -5.379262e-03 -6.935592e-03 -1.765215e-02
    endloop
  endfacet
  facet normal -3.579107e-01 -3.745267e-01 -8.553535e-01
    outer loop
      vertex -5.198243e-03 -8.403747e-03 -1.710250e-02
      vertex -5.372655e-03 -7.813076e-03 -1.728815e-02
      vertex -5.197253e-03 -6.845118e-03 -1.778538e-02
    endloop
  endfacet
  facet normal -9.467255e-01 -1.221921e-01 -2.979596e-01
    outer loop
      vertex -5.469584e-03 -8.123910e-03 -1.702551e-02
      vertex -5.506346e-03 -7.895457e-03 -1.700239e-02
      vertex -5.495602e-03 -6.301195e-03 -1.769033e-02
    endloop
  endfacet
  facet normal -8.821924e-01 -1.724179e-01 -4.381880e-01
    outer loop
      vertex -5.469584e-03 -8.123910e-03 -1.702551e-02
      vertex -5.495602e-03 -6.301195e-03 -1.769033e-02
      vertex -5.414936e-03 -6.165126e-03 -1.790627e-02
    endloop
  endfacet
  facet normal -8.315042e-01 -2.083547e-01 -5.149652e-01
    outer loop
      vertex -5.469584e-03 -8.123910e-03 -1.702551e-02
      vertex -5.414936e-03 -6.165126e-03 -1.790627e-02
      vertex -5.379262e-03 -6.935592e-03 -1.765215e-02
    endloop
  endfacet
  facet normal -4.350732e-01 -3.477855e-01 -8.305158e-01
    outer loop
      vertex -5.372655e-03 -7.813076e-03 -1.728815e-02
      vertex -5.379262e-03 -6.935592e-03 -1.765215e-02
      vertex -5.197253e-03 -6.845118e-03 -1.778538e-02
    endloop
  endfacet
  facet normal -4.541862e-01 -3.140515e-01 -8.337185e-01
    outer loop
      vertex -5.197253e-03 -6.845118e-03 -1.778538e-02
      vertex -5.379262e-03 -6.935592e-03 -1.765215e-02
      vertex -5.259636e-03 -6.180193e-03 -1.800186e-02
    endloop
  endfacet
  facet normal -5.219999e-01 -2.888768e-01 -8.025374e-01
    outer loop
      vertex -5.379262e-03 -6.935592e-03 -1.765215e-02
      vertex -5.414936e-03 -6.165126e-03 -1.790627e-02
      vertex -5.259636e-03 -6.180193e-03 -1.800186e-02
    endloop
  endfacet
  facet normal -9.014433e-01 -1.238787e-01 -4.147940e-01
    outer loop
      vertex -5.414936e-03 -6.165126e-03 -1.790627e-02
      vertex -5.495602e-03 -6.301195e-03 -1.769033e-02
      vertex -5.405625e-03 -5.069284e-03 -1.825378e-02
    endloop
  endfacet
  facet normal -8.941465e-01 -1.305926e-01 -4.283078e-01
    outer loop
      vertex -5.495602e-03 -6.301195e-03 -1.769033e-02
      vertex -5.495602e-03 -4.633301e-03 -1.819888e-02
      vertex -5.405625e-03 -5.069284e-03 -1.825378e-02
    endloop
  endfacet
  facet normal -5.253338e-01 -2.449401e-01 -8.148796e-01
    outer loop
      vertex -5.259636e-03 -6.180193e-03 -1.800186e-02
      vertex -5.414936e-03 -6.165126e-03 -1.790627e-02
      vertex -5.258498e-03 -4.710969e-03 -1.844422e-02
    endloop
  endfacet
  facet normal -4.535074e-01 -2.659045e-01 -8.506620e-01
    outer loop
      vertex -5.414936e-03 -6.165126e-03 -1.790627e-02
      vertex -5.405625e-03 -5.069284e-03 -1.825378e-02
      vertex -5.258498e-03 -4.710969e-03 -1.844422e-02
    endloop
  endfacet
  facet normal -8.668440e-01 -1.178888e-01 -4.844416e-01
    outer loop
      vertex -5.405625e-03 -5.069284e-03 -1.825378e-02
      vertex -5.495602e-03 -4.633301e-03 -1.819888e-02
      vertex -5.401563e-03 -3.851238e-03 -1.855746e-02
    endloop
  endfacet
  facet normal -5.581140e-01 -1.989773e-01 -8.055537e-01
    outer loop
      vertex -5.405625e-03 -5.069284e-03 -1.825378e-02
      vertex -5.401563e-03 -3.851238e-03 -1.855746e-02
      vertex -5.258498e-03 -4.710969e-03 -1.844422e-02
    endloop
  endfacet
  facet normal -8.939924e-01 -9.343667e-02 -4.382318e-01
    outer loop
      vertex -5.495602e-03 -4.633301e-03 -1.819888e-02
      vertex -5.486721e-03 -2.572834e-03 -1.865631e-02
      vertex -5.401563e-03 -3.851238e-03 -1.855746e-02
    endloop
  endfacet
  facet normal -4.085110e-01 -1.856880e-01 -8.936659e-01
    outer loop
      vertex -5.258498e-03 -4.710969e-03 -1.844422e-02
      vertex -5.401563e-03 -3.851238e-03 -1.855746e-02
      vertex -5.203273e-03 -3.213318e-03 -1.878065e-02
    endloop
  endfacet
  facet normal -7.597668e-01 -1.002837e-01 -6.424155e-01
    outer loop
      vertex -5.401563e-03 -3.851238e-03 -1.855746e-02
      vertex -5.486721e-03 -2.572834e-03 -1.865631e-02
      vertex -5.377285e-03 -2.295230e-03 -1.882907e-02
    endloop
  endfacet
  facet normal -5.054999e-01 -1.407091e-01 -8.512760e-01
    outer loop
      vertex -5.401563e-03 -3.851238e-03 -1.855746e-02
      vertex -5.377285e-03 -2.295230e-03 -1.882907e-02
      vertex -5.203273e-03 -3.213318e-03 -1.878065e-02
    endloop
  endfacet
  facet normal -4.187598e-01 -1.267963e-01 -8.992013e-01
    outer loop
      vertex -5.203273e-03 -3.213318e-03 -1.878065e-02
      vertex -5.377285e-03 -2.295230e-03 -1.882907e-02
      vertex -5.198575e-03 -2.196776e-03 -1.892618e-02
    endloop
  endfacet
  facet normal -9.827067e-01 -1.861440e-02 -1.842308e-01
    outer loop
      vertex -5.486721e-03 -2.572834e-03 -1.865631e-02
      vertex -5.513184e-03 -2.442307e-03 -1.852835e-02
      vertex -5.491747e-03 -9.287643e-04 -1.879562e-02
    endloop
  endfacet
  facet normal -8.019813e-01 -5.406957e-02 -5.948970e-01
    outer loop
      vertex -5.377285e-03 -2.295230e-03 -1.882907e-02
      vertex -5.486721e-03 -2.572834e-03 -1.865631e-02
      vertex -5.377253e-03 -1.214280e-03 -1.892736e-02
    endloop
  endfacet
  facet normal -8.071112e-01 -5.229590e-02 -5.880788e-01
    outer loop
      vertex -5.486721e-03 -2.572834e-03 -1.865631e-02
      vertex -5.491747e-03 -9.287643e-04 -1.879562e-02
      vertex -5.377253e-03 -1.214280e-03 -1.892736e-02
    endloop
  endfacet
  facet normal -4.407534e-01 -8.165225e-02 -8.939068e-01
    outer loop
      vertex -5.198575e-03 -2.196776e-03 -1.892618e-02
      vertex -5.377285e-03 -2.295230e-03 -1.882907e-02
      vertex -5.203558e-03 -1.240621e-03 -1.901106e-02
    endloop
  endfacet
  facet normal -4.426400e-01 -8.118783e-02 -8.930165e-01
    outer loop
      vertex -5.377285e-03 -2.295230e-03 -1.882907e-02
      vertex -5.377253e-03 -1.214280e-03 -1.892736e-02
      vertex -5.203558e-03 -1.240621e-03 -1.901106e-02
    endloop
  endfacet
  facet normal -7.802322e-01 -2.447531e-02 -6.250109e-01
    outer loop
      vertex -5.377253e-03 -1.214280e-03 -1.892736e-02
      vertex -5.491747e-03 -9.287643e-04 -1.879562e-02
      vertex -5.408775e-03 2.049794e-04 -1.894359e-02
    endloop
  endfacet
  facet normal -6.070435e-01 -2.256498e-02 -7.943482e-01
    outer loop
      vertex -5.377253e-03 -1.214280e-03 -1.892736e-02
      vertex -5.408775e-03 2.049794e-04 -1.894359e-02
      vertex -5.313550e-03 -3.350482e-04 -1.900102e-02
    endloop
  endfacet
  facet normal -4.390298e-01 -4.337329e-02 -8.974250e-01
    outer loop
      vertex -5.203558e-03 -1.240621e-03 -1.901106e-02
      vertex -5.377253e-03 -1.214280e-03 -1.892736e-02
      vertex -5.313550e-03 -3.350482e-04 -1.900102e-02
    endloop
  endfacet
  facet normal -3.286276e-01 -2.944721e-02 -9.440004e-01
    outer loop
      vertex -5.203558e-03 -1.240621e-03 -1.901106e-02
      vertex -5.313550e-03 -3.350482e-04 -1.900102e-02
      vertex -5.174694e-03 -4.116414e-04 -1.904697e-02
    endloop
  endfacet
  facet normal -8.731345e-01 2.742843e-04 -4.874793e-01
    outer loop
      vertex -5.408775e-03 2.049794e-04 -1.894359e-02
      vertex -5.491747e-03 -9.287643e-04 -1.879562e-02
      vertex -5.487688e-03 1.031950e-03 -1.880178e-02
    endloop
  endfacet
  facet normal -4.668222e-01 1.172385e-02 -8.842735e-01
    outer loop
      vertex -5.313550e-03 -3.350482e-04 -1.900102e-02
      vertex -5.408775e-03 2.049794e-04 -1.894359e-02
      vertex -5.213311e-03 5.894623e-04 -1.904168e-02
    endloop
  endfacet
  facet normal -3.177542e-01 -7.247944e-03 -9.481454e-01
    outer loop
      vertex -5.174694e-03 -4.116414e-04 -1.904697e-02
      vertex -5.313550e-03 -3.350482e-04 -1.900102e-02
      vertex -5.213311e-03 5.894623e-04 -1.904168e-02
    endloop
  endfacet
  facet normal -7.568250e-01 3.965561e-02 -6.524135e-01
    outer loop
      vertex -5.408775e-03 2.049794e-04 -1.894359e-02
      vertex -5.487688e-03 1.031950e-03 -1.880178e-02
      vertex -5.377223e-03 1.874671e-03 -1.887870e-02
    endloop
  endfacet
  facet normal -5.144004e-01 4.300478e-02 -8.564712e-01
    outer loop
      vertex -5.408775e-03 2.049794e-04 -1.894359e-02
      vertex -5.377223e-03 1.874671e-03 -1.887870e-02
      vertex -5.213311e-03 5.894623e-04 -1.904168e-02
    endloop
  endfacet
  facet normal -3.951040e-01 6.580358e-02 -9.162766e-01
    outer loop
      vertex -5.213311e-03 5.894623e-04 -1.904168e-02
      vertex -5.377223e-03 1.874671e-03 -1.887870e-02
      vertex -5.206441e-03 2.079515e-03 -1.893764e-02
    endloop
  endfacet
  facet normal -8.202138e-01 5.554589e-02 -5.693541e-01
    outer loop
      vertex -5.487688e-03 1.031950e-03 -1.880178e-02
      vertex -5.487041e-03 2.556808e-03 -1.865395e-02
      vertex -5.377223e-03 1.874671e-03 -1.887870e-02
    endloop
  endfacet
  facet normal -4.485150e-01 1.191000e-01 -8.858044e-01
    outer loop
      vertex -5.206441e-03 2.079515e-03 -1.893764e-02
      vertex -5.377223e-03 1.874671e-03 -1.887870e-02
      vertex -5.201165e-03 2.965601e-03 -1.882117e-02
    endloop
  endfacet
  facet normal -7.379983e-01 1.010198e-01 -6.671982e-01
    outer loop
      vertex -5.377223e-03 1.874671e-03 -1.887870e-02
      vertex -5.487041e-03 2.556808e-03 -1.865395e-02
      vertex -5.332813e-03 3.490021e-03 -1.868325e-02
    endloop
  endfacet
  facet normal -4.509429e-01 1.194244e-01 -8.845272e-01
    outer loop
      vertex -5.377223e-03 1.874671e-03 -1.887870e-02
      vertex -5.332813e-03 3.490021e-03 -1.868325e-02
      vertex -5.201165e-03 2.965601e-03 -1.882117e-02
    endloop
  endfacet
  facet normal -9.089482e-01 7.838259e-02 -4.094745e-01
    outer loop
      vertex -5.487041e-03 2.556808e-03 -1.865395e-02
      vertex -5.497970e-03 4.483156e-03 -1.826095e-02
      vertex -5.450709e-03 4.037737e-03 -1.845112e-02
    endloop
  endfacet
  facet normal -7.629189e-01 1.060633e-01 -6.377345e-01
    outer loop
      vertex -5.487041e-03 2.556808e-03 -1.865395e-02
      vertex -5.450709e-03 4.037737e-03 -1.845112e-02
      vertex -5.332813e-03 3.490021e-03 -1.868325e-02
    endloop
  endfacet
  facet normal -6.949745e-01 1.485684e-01 -7.035182e-01
    outer loop
      vertex -5.332813e-03 3.490021e-03 -1.868325e-02
      vertex -5.450709e-03 4.037737e-03 -1.845112e-02
      vertex -5.377326e-03 4.464587e-03 -1.843347e-02
    endloop
  endfacet
  facet normal -4.419086e-01 2.037244e-01 -8.736207e-01
    outer loop
      vertex -5.332813e-03 3.490021e-03 -1.868325e-02
      vertex -5.377326e-03 4.464587e-03 -1.843347e-02
      vertex -5.195473e-03 4.109423e-03 -1.860828e-02
    endloop
  endfacet
  facet normal -8.174650e-01 1.506210e-01 -5.559355e-01
    outer loop
      vertex -5.450709e-03 4.037737e-03 -1.845112e-02
      vertex -5.497970e-03 4.483156e-03 -1.826095e-02
      vertex -5.450406e-03 5.608068e-03 -1.802611e-02
    endloop
  endfacet
  facet normal -8.267140e-01 1.643753e-01 -5.380750e-01
    outer loop
      vertex -5.377326e-03 4.464587e-03 -1.843347e-02
      vertex -5.450709e-03 4.037737e-03 -1.845112e-02
      vertex -5.328348e-03 5.299668e-03 -1.825361e-02
    endloop
  endfacet
  facet normal -7.513137e-01 1.725455e-01 -6.369896e-01
    outer loop
      vertex -5.450709e-03 4.037737e-03 -1.845112e-02
      vertex -5.450406e-03 5.608068e-03 -1.802611e-02
      vertex -5.328348e-03 5.299668e-03 -1.825361e-02
    endloop
  endfacet
  facet normal -4.263017e-01 2.142818e-01 -8.788346e-01
    outer loop
      vertex -5.195473e-03 4.109423e-03 -1.860828e-02
      vertex -5.377326e-03 4.464587e-03 -1.843347e-02
      vertex -5.328348e-03 5.299668e-03 -1.825361e-02
    endloop
  endfacet
  facet normal -9.273969e-01 1.136158e-01 -3.564077e-01
    outer loop
      vertex -5.497970e-03 4.483156e-03 -1.826095e-02
      vertex -5.495602e-03 6.493993e-03 -1.762609e-02
      vertex -5.450406e-03 5.608068e-03 -1.802611e-02
    endloop
  endfacet
  facet normal -7.082417e-01 2.155986e-01 -6.722432e-01
    outer loop
      vertex -5.328348e-03 5.299668e-03 -1.825361e-02
      vertex -5.450406e-03 5.608068e-03 -1.802611e-02
      vertex -5.322002e-03 6.170680e-03 -1.798095e-02
    endloop
  endfacet
  facet normal -8.639523e-01 1.699600e-01 -4.740253e-01
    outer loop
      vertex -5.450406e-03 5.608068e-03 -1.802611e-02
      vertex -5.495602e-03 6.493993e-03 -1.762609e-02
      vertex -5.412854e-03 7.098977e-03 -1.755999e-02
    endloop
  endfacet
  facet normal -7.347216e-01 2.192124e-01 -6.419736e-01
    outer loop
      vertex -5.322002e-03 6.170680e-03 -1.798095e-02
      vertex -5.450406e-03 5.608068e-03 -1.802611e-02
      vertex -5.412854e-03 7.098977e-03 -1.755999e-02
    endloop
  endfacet
  facet normal -8.940955e-01 1.676676e-01 -4.153082e-01
    outer loop
      vertex -5.495602e-03 6.493993e-03 -1.762609e-02
      vertex -5.481617e-03 7.631005e-03 -1.719717e-02
      vertex -5.412854e-03 7.098977e-03 -1.755999e-02
    endloop
  endfacet
  facet normal -4.516555e-01 3.314320e-01 -8.283479e-01
    outer loop
      vertex -5.322002e-03 6.170680e-03 -1.798095e-02
      vertex -5.412854e-03 7.098977e-03 -1.755999e-02
      vertex -5.182157e-03 6.890742e-03 -1.776910e-02
    endloop
  endfacet
  facet normal -4.427384e-01 3.418806e-01 -8.289152e-01
    outer loop
      vertex -5.182157e-03 6.890742e-03 -1.776910e-02
      vertex -5.412854e-03 7.098977e-03 -1.755999e-02
      vertex -5.258454e-03 7.995909e-03 -1.727253e-02
    endloop
  endfacet
  facet normal -8.297165e-01 2.373101e-01 -5.052272e-01
    outer loop
      vertex -5.412854e-03 7.098977e-03 -1.755999e-02
      vertex -5.481617e-03 7.631005e-03 -1.719717e-02
      vertex -5.377251e-03 8.399090e-03 -1.700779e-02
    endloop
  endfacet
  facet normal -5.496886e-01 3.392832e-01 -7.633672e-01
    outer loop
      vertex -5.412854e-03 7.098977e-03 -1.755999e-02
      vertex -5.377251e-03 8.399090e-03 -1.700779e-02
      vertex -5.258454e-03 7.995909e-03 -1.727253e-02
    endloop
  endfacet
  facet normal -9.382629e-01 1.524245e-01 -3.105310e-01
    outer loop
      vertex -5.481617e-03 7.631005e-03 -1.719717e-02
      vertex -5.506346e-03 8.818574e-03 -1.653953e-02
      vertex -5.467632e-03 8.820928e-03 -1.665535e-02
    endloop
  endfacet
  facet normal -8.352922e-01 2.359422e-01 -4.966067e-01
    outer loop
      vertex -5.481617e-03 7.631005e-03 -1.719717e-02
      vertex -5.467632e-03 8.820928e-03 -1.665535e-02
      vertex -5.377251e-03 8.399090e-03 -1.700779e-02
    endloop
  endfacet
  facet normal -4.133635e-01 4.115514e-01 -8.122537e-01
    outer loop
      vertex -5.258454e-03 7.995909e-03 -1.727253e-02
      vertex -5.377251e-03 8.399090e-03 -1.700779e-02
      vertex -5.256418e-03 9.189885e-03 -1.666860e-02
    endloop
  endfacet
  facet normal -7.747828e-01 2.992835e-01 -5.569030e-01
    outer loop
      vertex -5.377251e-03 8.399090e-03 -1.700779e-02
      vertex -5.467632e-03 8.820928e-03 -1.665535e-02
      vertex -5.377235e-03 9.547344e-03 -1.639073e-02
    endloop
  endfacet
  facet normal -5.302233e-01 4.013531e-01 -7.468460e-01
    outer loop
      vertex -5.377251e-03 8.399090e-03 -1.700779e-02
      vertex -5.377235e-03 9.547344e-03 -1.639073e-02
      vertex -5.256418e-03 9.189885e-03 -1.666860e-02
    endloop
  endfacet
  facet normal -9.351563e-01 1.730800e-01 -3.090728e-01
    outer loop
      vertex -5.467632e-03 8.820928e-03 -1.665535e-02
      vertex -5.506346e-03 8.818574e-03 -1.653953e-02
      vertex -5.467632e-03 9.666660e-03 -1.618174e-02
    endloop
  endfacet
  facet normal -8.081758e-01 2.877576e-01 -5.138554e-01
    outer loop
      vertex -5.467632e-03 8.820928e-03 -1.665535e-02
      vertex -5.467632e-03 9.666660e-03 -1.618174e-02
      vertex -5.377235e-03 9.547344e-03 -1.639073e-02
    endloop
  endfacet
  facet normal -9.557250e-01 1.503441e-01 -2.529554e-01
    outer loop
      vertex -5.467632e-03 9.666660e-03 -1.618174e-02
      vertex -5.506346e-03 8.818574e-03 -1.653953e-02
      vertex -5.506346e-03 1.035140e-02 -1.562849e-02
    endloop
  endfacet
  facet normal -4.091565e-01 4.697836e-01 -7.822367e-01
    outer loop
      vertex -5.256418e-03 9.189885e-03 -1.666860e-02
      vertex -5.377235e-03 9.547344e-03 -1.639073e-02
      vertex -5.244996e-03 1.013423e-02 -1.610743e-02
    endloop
  endfacet
  facet normal -9.366101e-01 1.866317e-01 -2.965302e-01
    outer loop
      vertex -5.467632e-03 9.666660e-03 -1.618174e-02
      vertex -5.506346e-03 1.035140e-02 -1.562849e-02
      vertex -5.467632e-03 1.040689e-02 -1.571585e-02
    endloop
  endfacet
  facet normal -7.792254e-01 3.361586e-01 -5.289661e-01
    outer loop
      vertex -5.377235e-03 9.547344e-03 -1.639073e-02
      vertex -5.467632e-03 9.666660e-03 -1.618174e-02
      vertex -5.373884e-03 1.046914e-02 -1.580986e-02
    endloop
  endfacet
  facet normal -7.688562e-01 3.405977e-01 -5.411593e-01
    outer loop
      vertex -5.467632e-03 9.666660e-03 -1.618174e-02
      vertex -5.467632e-03 1.040689e-02 -1.571585e-02
      vertex -5.373884e-03 1.046914e-02 -1.580986e-02
    endloop
  endfacet
  facet normal -4.899705e-01 4.660208e-01 -7.367181e-01
    outer loop
      vertex -5.377235e-03 9.547344e-03 -1.639073e-02
      vertex -5.373884e-03 1.046914e-02 -1.580986e-02
      vertex -5.244996e-03 1.013423e-02 -1.610743e-02
    endloop
  endfacet
  facet normal -4.478303e-01 4.913702e-01 -7.469962e-01
    outer loop
      vertex -5.244996e-03 1.013423e-02 -1.610743e-02
      vertex -5.373884e-03 1.046914e-02 -1.580986e-02
      vertex -5.251515e-03 1.104351e-02 -1.550540e-02
    endloop
  endfacet
  facet normal -9.364398e-01 2.039760e-01 -2.854371e-01
    outer loop
      vertex -5.467632e-03 1.040689e-02 -1.571585e-02
      vertex -5.506346e-03 1.035140e-02 -1.562849e-02
      vertex -5.459019e-03 1.122464e-02 -1.515973e-02
    endloop
  endfacet
  facet normal -7.688807e-01 3.633363e-01 -5.261266e-01
    outer loop
      vertex -5.373884e-03 1.046914e-02 -1.580986e-02
      vertex -5.467632e-03 1.040689e-02 -1.571585e-02
      vertex -5.377237e-03 1.137587e-02 -1.517879e-02
    endloop
  endfacet
  facet normal -7.802916e-01 3.572958e-01 -5.133076e-01
    outer loop
      vertex -5.467632e-03 1.040689e-02 -1.571585e-02
      vertex -5.459019e-03 1.122464e-02 -1.515973e-02
      vertex -5.377237e-03 1.137587e-02 -1.517879e-02
    endloop
  endfacet
  facet normal -5.325194e-01 4.821907e-01 -6.956402e-01
    outer loop
      vertex -5.373884e-03 1.046914e-02 -1.580986e-02
      vertex -5.377237e-03 1.137587e-02 -1.517879e-02
      vertex -5.251515e-03 1.104351e-02 -1.550540e-02
    endloop
  endfacet
  facet normal -9.262295e-01 2.160278e-01 -3.089189e-01
    outer loop
      vertex -5.459019e-03 1.122464e-02 -1.515973e-02
      vertex -5.506346e-03 1.035140e-02 -1.562849e-02
      vertex -5.495602e-03 1.143081e-02 -1.490587e-02
    endloop
  endfacet
  facet normal -4.133437e-01 5.538978e-01 -7.227339e-01
    outer loop
      vertex -5.251515e-03 1.104351e-02 -1.550540e-02
      vertex -5.377237e-03 1.137587e-02 -1.517879e-02
      vertex -5.249712e-03 1.210370e-02 -1.469392e-02
    endloop
  endfacet
  facet normal -9.551093e-01 1.923048e-01 -2.253555e-01
    outer loop
      vertex -5.467632e-03 1.215123e-02 -1.440965e-02
      vertex -5.495602e-03 1.143081e-02 -1.490587e-02
      vertex -5.510904e-03 1.212156e-02 -1.425158e-02
    endloop
  endfacet
  facet normal -8.918918e-01 2.795133e-01 -3.555295e-01
    outer loop
      vertex -5.459019e-03 1.122464e-02 -1.515973e-02
      vertex -5.495602e-03 1.143081e-02 -1.490587e-02
      vertex -5.467632e-03 1.215123e-02 -1.440965e-02
    endloop
  endfacet
  facet normal -8.039812e-01 3.768214e-01 -4.600216e-01
    outer loop
      vertex -5.377237e-03 1.137587e-02 -1.517879e-02
      vertex -5.459019e-03 1.122464e-02 -1.515973e-02
      vertex -5.365239e-03 1.260088e-02 -1.419630e-02
    endloop
  endfacet
  facet normal -7.416823e-01 4.178520e-01 -5.246971e-01
    outer loop
      vertex -5.459019e-03 1.122464e-02 -1.515973e-02
      vertex -5.467632e-03 1.215123e-02 -1.440965e-02
      vertex -5.365239e-03 1.260088e-02 -1.419630e-02
    endloop
  endfacet
  facet normal -5.379022e-01 5.306322e-01 -6.550501e-01
    outer loop
      vertex -5.377237e-03 1.137587e-02 -1.517879e-02
      vertex -5.365239e-03 1.260088e-02 -1.419630e-02
      vertex -5.249712e-03 1.210370e-02 -1.469392e-02
    endloop
  endfacet
  facet normal -9.542103e-01 1.982710e-01 -2.239894e-01
    outer loop
      vertex -5.467632e-03 1.215123e-02 -1.440965e-02
      vertex -5.510904e-03 1.212156e-02 -1.425158e-02
      vertex -5.467632e-03 1.282734e-02 -1.381118e-02
    endloop
  endfacet
  facet normal -8.036579e-01 3.944333e-01 -4.455966e-01
    outer loop
      vertex -5.467632e-03 1.215123e-02 -1.440965e-02
      vertex -5.467632e-03 1.282734e-02 -1.381118e-02
      vertex -5.365239e-03 1.260088e-02 -1.419630e-02
    endloop
  endfacet
  facet normal -3.139666e-01 6.342071e-01 -7.065453e-01
    outer loop
      vertex -5.249712e-03 1.210370e-02 -1.469392e-02
      vertex -5.365239e-03 1.260088e-02 -1.419630e-02
      vertex -5.171241e-03 1.287241e-02 -1.403878e-02
    endloop
  endfacet
  facet normal -9.597881e-01 1.885969e-01 -2.079377e-01
    outer loop
      vertex -5.467632e-03 1.282734e-02 -1.381118e-02
      vertex -5.510904e-03 1.212156e-02 -1.425158e-02
      vertex -5.506346e-03 1.336917e-02 -1.314104e-02
    endloop
  endfacet
  facet normal -3.295187e-01 6.387724e-01 -6.952606e-01
    outer loop
      vertex -5.365239e-03 1.260088e-02 -1.419630e-02
      vertex -5.256542e-03 1.345767e-02 -1.346064e-02
      vertex -5.171241e-03 1.287241e-02 -1.403878e-02
    endloop
  endfacet
  facet normal -9.360679e-01 2.451793e-01 -2.523172e-01
    outer loop
      vertex -5.467632e-03 1.282734e-02 -1.381118e-02
      vertex -5.506346e-03 1.336917e-02 -1.314104e-02
      vertex -5.467632e-03 1.344240e-02 -1.321352e-02
    endloop
  endfacet
  facet normal -7.571161e-01 4.549612e-01 -4.688129e-01
    outer loop
      vertex -5.365239e-03 1.260088e-02 -1.419630e-02
      vertex -5.467632e-03 1.282734e-02 -1.381118e-02
      vertex -5.376988e-03 1.385348e-02 -1.296173e-02
    endloop
  endfacet
  facet normal -7.597396e-01 4.531368e-01 -4.663290e-01
    outer loop
      vertex -5.467632e-03 1.282734e-02 -1.381118e-02
      vertex -5.467632e-03 1.344240e-02 -1.321352e-02
      vertex -5.376988e-03 1.385348e-02 -1.296173e-02
    endloop
  endfacet
  facet normal -5.547028e-01 5.814204e-01 -5.951933e-01
    outer loop
      vertex -5.365239e-03 1.260088e-02 -1.419630e-02
      vertex -5.376988e-03 1.385348e-02 -1.296173e-02
      vertex -5.256542e-03 1.345767e-02 -1.346064e-02
    endloop
  endfacet
  facet normal -9.360497e-01 2.565187e-01 -2.408507e-01
    outer loop
      vertex -5.467632e-03 1.344240e-02 -1.321352e-02
      vertex -5.506346e-03 1.336917e-02 -1.314104e-02
      vertex -5.467632e-03 1.402928e-02 -1.258845e-02
    endloop
  endfacet
  facet normal -8.146981e-01 4.227481e-01 -3.969269e-01
    outer loop
      vertex -5.467632e-03 1.344240e-02 -1.321352e-02
      vertex -5.467632e-03 1.402928e-02 -1.258845e-02
      vertex -5.376988e-03 1.385348e-02 -1.296173e-02
    endloop
  endfacet
  facet normal -3.962769e-01 6.702815e-01 -6.274451e-01
    outer loop
      vertex -5.256542e-03 1.345767e-02 -1.346064e-02
      vertex -5.376988e-03 1.385348e-02 -1.296173e-02
      vertex -5.249006e-03 1.431805e-02 -1.254628e-02
    endloop
  endfacet
  facet normal -9.580176e-01 2.149837e-01 -1.896952e-01
    outer loop
      vertex -5.467632e-03 1.402928e-02 -1.258845e-02
      vertex -5.506346e-03 1.336917e-02 -1.314104e-02
      vertex -5.506346e-03 1.462604e-02 -1.171662e-02
    endloop
  endfacet
  facet normal -9.458651e-01 2.467183e-01 -2.108776e-01
    outer loop
      vertex -5.467632e-03 1.402928e-02 -1.258845e-02
      vertex -5.506346e-03 1.462604e-02 -1.171662e-02
      vertex -5.467632e-03 1.461892e-02 -1.189860e-02
    endloop
  endfacet
  facet normal -7.686684e-01 4.862060e-01 -4.156352e-01
    outer loop
      vertex -5.376988e-03 1.385348e-02 -1.296173e-02
      vertex -5.467632e-03 1.402928e-02 -1.258845e-02
      vertex -5.373884e-03 1.470637e-02 -1.196978e-02
    endloop
  endfacet
  facet normal -7.688500e-01 4.860698e-01 -4.154586e-01
    outer loop
      vertex -5.467632e-03 1.402928e-02 -1.258845e-02
      vertex -5.467632e-03 1.461892e-02 -1.189860e-02
      vertex -5.373884e-03 1.470637e-02 -1.196978e-02
    endloop
  endfacet
  facet normal -5.411083e-01 6.384970e-01 -5.472873e-01
    outer loop
      vertex -5.376988e-03 1.385348e-02 -1.296173e-02
      vertex -5.373884e-03 1.470637e-02 -1.196978e-02
      vertex -5.249006e-03 1.431805e-02 -1.254628e-02
    endloop
  endfacet
  facet normal -4.414487e-01 6.969857e-01 -5.650964e-01
    outer loop
      vertex -5.249006e-03 1.431805e-02 -1.254628e-02
      vertex -5.373884e-03 1.470637e-02 -1.196978e-02
      vertex -5.251744e-03 1.528416e-02 -1.135255e-02
    endloop
  endfacet
  facet normal -9.393675e-01 2.707498e-01 -2.104359e-01
    outer loop
      vertex -5.467632e-03 1.461892e-02 -1.189860e-02
      vertex -5.506346e-03 1.462604e-02 -1.171662e-02
      vertex -5.467632e-03 1.514324e-02 -1.122400e-02
    endloop
  endfacet
  facet normal -7.688468e-01 5.056606e-01 -3.913846e-01
    outer loop
      vertex -5.373884e-03 1.470637e-02 -1.196978e-02
      vertex -5.467632e-03 1.461892e-02 -1.189860e-02
      vertex -5.377143e-03 1.550652e-02 -1.092960e-02
    endloop
  endfacet
  facet normal -7.610552e-01 5.121776e-01 -3.980817e-01
    outer loop
      vertex -5.467632e-03 1.461892e-02 -1.189860e-02
      vertex -5.467632e-03 1.514324e-02 -1.122400e-02
      vertex -5.377143e-03 1.550652e-02 -1.092960e-02
    endloop
  endfacet
  facet normal -5.491654e-01 6.615705e-01 -5.106288e-01
    outer loop
      vertex -5.373884e-03 1.470637e-02 -1.196978e-02
      vertex -5.377143e-03 1.550652e-02 -1.092960e-02
      vertex -5.251744e-03 1.528416e-02 -1.135255e-02
    endloop
  endfacet
  facet normal -9.629951e-01 2.201607e-01 -1.554660e-01
    outer loop
      vertex -5.467632e-03 1.514324e-02 -1.122400e-02
      vertex -5.506346e-03 1.462604e-02 -1.171662e-02
      vertex -5.467632e-03 1.564103e-02 -1.051906e-02
    endloop
  endfacet
  facet normal -9.617800e-01 2.234397e-01 -1.582844e-01
    outer loop
      vertex -5.467632e-03 1.564103e-02 -1.051906e-02
      vertex -5.506346e-03 1.462604e-02 -1.171662e-02
      vertex -5.510904e-03 1.576477e-02 -1.008146e-02
    endloop
  endfacet
  facet normal -8.142661e-01 4.741838e-01 -3.348438e-01
    outer loop
      vertex -5.467632e-03 1.514324e-02 -1.122400e-02
      vertex -5.467632e-03 1.564103e-02 -1.051906e-02
      vertex -5.377143e-03 1.550652e-02 -1.092960e-02
    endloop
  endfacet
  facet normal -3.813240e-01 7.668763e-01 -5.162294e-01
    outer loop
      vertex -5.251744e-03 1.528416e-02 -1.135255e-02
      vertex -5.377143e-03 1.550652e-02 -1.092960e-02
      vertex -5.254264e-03 1.627165e-02 -9.883739e-03
    endloop
  endfacet
  facet normal -9.497888e-01 2.636634e-01 -1.684722e-01
    outer loop
      vertex -5.467632e-03 1.564103e-02 -1.051906e-02
      vertex -5.510904e-03 1.576477e-02 -1.008146e-02
      vertex -5.467632e-03 1.611390e-02 -9.779009e-03
    endloop
  endfacet
  facet normal -7.666988e-01 5.406959e-01 -3.461516e-01
    outer loop
      vertex -5.377143e-03 1.550652e-02 -1.092960e-02
      vertex -5.467632e-03 1.564103e-02 -1.051906e-02
      vertex -5.373884e-03 1.621029e-02 -9.837507e-03
    endloop
  endfacet
  facet normal -7.688554e-01 5.388200e-01 -3.442882e-01
    outer loop
      vertex -5.467632e-03 1.564103e-02 -1.051906e-02
      vertex -5.467632e-03 1.611390e-02 -9.779009e-03
      vertex -5.373884e-03 1.621029e-02 -9.837507e-03
    endloop
  endfacet
  facet normal -5.393118e-01 7.085872e-01 -4.550242e-01
    outer loop
      vertex -5.377143e-03 1.550652e-02 -1.092960e-02
      vertex -5.373884e-03 1.621029e-02 -9.837507e-03
      vertex -5.254264e-03 1.627165e-02 -9.883739e-03
    endloop
  endfacet
  facet normal -9.626344e-01 2.353533e-01 -1.339546e-01
    outer loop
      vertex -5.467632e-03 1.611390e-02 -9.779009e-03
      vertex -5.510904e-03 1.576477e-02 -1.008146e-02
      vertex -5.515462e-03 1.640462e-02 -8.924498e-03
    endloop
  endfacet
  facet normal -9.642183e-01 2.298188e-01 -1.321603e-01
    outer loop
      vertex -5.467632e-03 1.611390e-02 -9.779009e-03
      vertex -5.515462e-03 1.640462e-02 -8.924498e-03
      vertex -5.467632e-03 1.655784e-02 -9.007022e-03
    endloop
  endfacet
  facet normal -7.688405e-01 5.548012e-01 -3.179307e-01
    outer loop
      vertex -5.373884e-03 1.621029e-02 -9.837507e-03
      vertex -5.467632e-03 1.611390e-02 -9.779009e-03
      vertex -5.377266e-03 1.687207e-02 -8.674497e-03
    endloop
  endfacet
  facet normal -7.629032e-01 5.604507e-01 -3.222944e-01
    outer loop
      vertex -5.467632e-03 1.611390e-02 -9.779009e-03
      vertex -5.467632e-03 1.655784e-02 -9.007022e-03
      vertex -5.377266e-03 1.687207e-02 -8.674497e-03
    endloop
  endfacet
  facet normal -5.373035e-01 7.323525e-01 -4.182880e-01
    outer loop
      vertex -5.373884e-03 1.621029e-02 -9.837507e-03
      vertex -5.377266e-03 1.687207e-02 -8.674497e-03
      vertex -5.254264e-03 1.627165e-02 -9.883739e-03
    endloop
  endfacet
  facet normal -9.642236e-01 2.301934e-01 -1.314680e-01
    outer loop
      vertex -5.467632e-03 1.655784e-02 -9.007022e-03
      vertex -5.515462e-03 1.640462e-02 -8.924498e-03
      vertex -5.506346e-03 1.686266e-02 -8.189364e-03
    endloop
  endfacet
  facet normal -3.892393e-01 8.086495e-01 -4.411108e-01
    outer loop
      vertex -5.254264e-03 1.627165e-02 -9.883739e-03
      vertex -5.377266e-03 1.687207e-02 -8.674497e-03
      vertex -5.257731e-03 1.712130e-02 -8.323095e-03
    endloop
  endfacet
  facet normal -9.247409e-01 3.402136e-01 -1.706134e-01
    outer loop
      vertex -5.467632e-03 1.655784e-02 -9.007022e-03
      vertex -5.506346e-03 1.686266e-02 -8.189364e-03
      vertex -5.467632e-03 1.709237e-02 -7.941135e-03
    endloop
  endfacet
  facet normal -8.248142e-01 5.054112e-01 -2.534582e-01
    outer loop
      vertex -5.467632e-03 1.655784e-02 -9.007022e-03
      vertex -5.467632e-03 1.709237e-02 -7.941135e-03
      vertex -5.377266e-03 1.687207e-02 -8.674497e-03
    endloop
  endfacet
  facet normal -7.705023e-01 5.780848e-01 -2.685966e-01
    outer loop
      vertex -5.377266e-03 1.687207e-02 -8.674497e-03
      vertex -5.467632e-03 1.709237e-02 -7.941135e-03
      vertex -5.373884e-03 1.733271e-02 -7.692792e-03
    endloop
  endfacet
  facet normal -5.425487e-01 7.611862e-01 -3.552978e-01
    outer loop
      vertex -5.377266e-03 1.687207e-02 -8.674497e-03
      vertex -5.373884e-03 1.733271e-02 -7.692792e-03
      vertex -5.257731e-03 1.712130e-02 -8.323095e-03
    endloop
  endfacet
  facet normal -9.406109e-01 3.094320e-01 -1.396528e-01
    outer loop
      vertex -5.467632e-03 1.709237e-02 -7.941135e-03
      vertex -5.506346e-03 1.686266e-02 -8.189364e-03
      vertex -5.495602e-03 1.742550e-02 -7.014637e-03
    endloop
  endfacet
  facet normal -8.755643e-01 4.455904e-01 -1.866451e-01
    outer loop
      vertex -5.467632e-03 1.709237e-02 -7.941135e-03
      vertex -5.495602e-03 1.742550e-02 -7.014637e-03
      vertex -5.426309e-03 1.754201e-02 -7.061540e-03
    endloop
  endfacet
  facet normal -7.836556e-01 5.672676e-01 -2.531626e-01
    outer loop
      vertex -5.373884e-03 1.733271e-02 -7.692792e-03
      vertex -5.467632e-03 1.709237e-02 -7.941135e-03
      vertex -5.426309e-03 1.754201e-02 -7.061540e-03
    endloop
  endfacet
  facet normal -6.727369e-01 6.837915e-01 -2.825851e-01
    outer loop
      vertex -5.373884e-03 1.733271e-02 -7.692792e-03
      vertex -5.426309e-03 1.754201e-02 -7.061540e-03
      vertex -5.345964e-03 1.777967e-02 -6.677722e-03
    endloop
  endfacet
  facet normal -4.447410e-01 8.212524e-01 -3.574212e-01
    outer loop
      vertex -5.257731e-03 1.712130e-02 -8.323095e-03
      vertex -5.373884e-03 1.733271e-02 -7.692792e-03
      vertex -5.263287e-03 1.764868e-02 -7.104414e-03
    endloop
  endfacet
  facet normal -4.851243e-01 8.051408e-01 -3.411783e-01
    outer loop
      vertex -5.373884e-03 1.733271e-02 -7.692792e-03
      vertex -5.345964e-03 1.777967e-02 -6.677722e-03
      vertex -5.263287e-03 1.764868e-02 -7.104414e-03
    endloop
  endfacet
  facet normal -8.755292e-01 4.522762e-01 -1.699848e-01
    outer loop
      vertex -5.426309e-03 1.754201e-02 -7.061540e-03
      vertex -5.495602e-03 1.742550e-02 -7.014637e-03
      vertex -5.426309e-03 1.785146e-02 -6.238200e-03
    endloop
  endfacet
  facet normal -8.948967e-01 4.200942e-01 -1.506011e-01
    outer loop
      vertex -5.495602e-03 1.742550e-02 -7.014637e-03
      vertex -5.495602e-03 1.786523e-02 -5.788033e-03
      vertex -5.426309e-03 1.785146e-02 -6.238200e-03
    endloop
  endfacet
  facet normal -7.363368e-01 6.333589e-01 -2.380435e-01
    outer loop
      vertex -5.426309e-03 1.754201e-02 -7.061540e-03
      vertex -5.426309e-03 1.785146e-02 -6.238200e-03
      vertex -5.345964e-03 1.777967e-02 -6.677722e-03
    endloop
  endfacet
  facet normal -3.155701e-01 8.882392e-01 -3.338362e-01
    outer loop
      vertex -5.263287e-03 1.764868e-02 -7.104414e-03
      vertex -5.345964e-03 1.777967e-02 -6.677722e-03
      vertex -5.263287e-03 1.796000e-02 -6.276070e-03
    endloop
  endfacet
  facet normal -8.755320e-01 4.596664e-01 -1.488309e-01
    outer loop
      vertex -5.426309e-03 1.785146e-02 -6.238200e-03
      vertex -5.495602e-03 1.786523e-02 -5.788033e-03
      vertex -5.426309e-03 1.811790e-02 -5.415268e-03
    endloop
  endfacet
  facet normal -6.096191e-01 7.570355e-01 -2.350784e-01
    outer loop
      vertex -5.345964e-03 1.777967e-02 -6.677722e-03
      vertex -5.426309e-03 1.785146e-02 -6.238200e-03
      vertex -5.263287e-03 1.822807e-02 -5.448130e-03
    endloop
  endfacet
  facet normal -5.762010e-01 7.775661e-01 -2.517605e-01
    outer loop
      vertex -5.426309e-03 1.785146e-02 -6.238200e-03
      vertex -5.426309e-03 1.811790e-02 -5.415268e-03
      vertex -5.263287e-03 1.822807e-02 -5.448130e-03
    endloop
  endfacet
  facet normal -5.008360e-01 8.234561e-01 -2.666146e-01
    outer loop
      vertex -5.263287e-03 1.796000e-02 -6.276070e-03
      vertex -5.345964e-03 1.777967e-02 -6.677722e-03
      vertex -5.263287e-03 1.822807e-02 -5.448130e-03
    endloop
  endfacet
  facet normal -9.359971e-01 3.398347e-01 -9.177011e-02
    outer loop
      vertex -5.467632e-03 1.839695e-02 -4.104294e-03
      vertex -5.495602e-03 1.786523e-02 -5.788033e-03
      vertex -5.506346e-03 1.829421e-02 -4.089863e-03
    endloop
  endfacet
  facet normal -8.995589e-01 4.205930e-01 -1.178786e-01
    outer loop
      vertex -5.426309e-03 1.811790e-02 -5.415268e-03
      vertex -5.495602e-03 1.786523e-02 -5.788033e-03
      vertex -5.467632e-03 1.839695e-02 -4.104294e-03
    endloop
  endfacet
  facet normal -7.688282e-01 6.200798e-01 -1.562186e-01
    outer loop
      vertex -5.426309e-03 1.811790e-02 -5.415268e-03
      vertex -5.467632e-03 1.839695e-02 -4.104294e-03
      vertex -5.373884e-03 1.850700e-02 -4.128846e-03
    endloop
  endfacet
  facet normal -5.761970e-01 7.885209e-01 -2.150158e-01
    outer loop
      vertex -5.263287e-03 1.822807e-02 -5.448130e-03
      vertex -5.426309e-03 1.811790e-02 -5.415268e-03
      vertex -5.373884e-03 1.850700e-02 -4.128846e-03
    endloop
  endfacet
  facet normal -5.053301e-01 8.347154e-01 -2.188416e-01
    outer loop
      vertex -5.263287e-03 1.822807e-02 -5.448130e-03
      vertex -5.373884e-03 1.850700e-02 -4.128846e-03
      vertex -5.244996e-03 1.849387e-02 -4.476529e-03
    endloop
  endfacet
  facet normal -9.366993e-01 3.433665e-01 -6.851148e-02
    outer loop
      vertex -5.467632e-03 1.839695e-02 -4.104294e-03
      vertex -5.506346e-03 1.829421e-02 -4.089863e-03
      vertex -5.467632e-03 1.856378e-02 -3.268145e-03
    endloop
  endfacet
  facet normal -7.688654e-01 6.270506e-01 -1.251143e-01
    outer loop
      vertex -5.373884e-03 1.850700e-02 -4.128846e-03
      vertex -5.467632e-03 1.839695e-02 -4.104294e-03
      vertex -5.373884e-03 1.867483e-02 -3.287695e-03
    endloop
  endfacet
  facet normal -7.688643e-01 6.270518e-01 -1.251149e-01
    outer loop
      vertex -5.467632e-03 1.839695e-02 -4.104294e-03
      vertex -5.467632e-03 1.856378e-02 -3.268145e-03
      vertex -5.373884e-03 1.867483e-02 -3.287695e-03
    endloop
  endfacet
  facet normal -4.159038e-01 8.898124e-01 -1.877710e-01
    outer loop
      vertex -5.244996e-03 1.849387e-02 -4.476529e-03
      vertex -5.373884e-03 1.850700e-02 -4.128846e-03
      vertex -5.244996e-03 1.874224e-02 -3.299562e-03
    endloop
  endfacet
  facet normal -4.689150e-01 8.661698e-01 -1.728253e-01
    outer loop
      vertex -5.373884e-03 1.850700e-02 -4.128846e-03
      vertex -5.373884e-03 1.867483e-02 -3.287695e-03
      vertex -5.244996e-03 1.874224e-02 -3.299562e-03
    endloop
  endfacet
  facet normal -9.540802e-01 2.950321e-01 -5.183636e-02
    outer loop
      vertex -5.467632e-03 1.856378e-02 -3.268145e-03
      vertex -5.506346e-03 1.829421e-02 -4.089863e-03
      vertex -5.506346e-03 1.859220e-02 -2.393860e-03
    endloop
  endfacet
  facet normal -9.247531e-01 3.768313e-01 -5.319634e-02
    outer loop
      vertex -5.467632e-03 1.856378e-02 -3.268145e-03
      vertex -5.506346e-03 1.859220e-02 -2.393860e-03
      vertex -5.467632e-03 1.873209e-02 -2.075899e-03
    endloop
  endfacet
  facet normal -7.688607e-01 6.321309e-01 -9.624770e-02
    outer loop
      vertex -5.373884e-03 1.867483e-02 -3.287695e-03
      vertex -5.467632e-03 1.856378e-02 -3.268145e-03
      vertex -5.373884e-03 1.880619e-02 -2.424986e-03
    endloop
  endfacet
  facet normal -7.933330e-01 6.028110e-01 -8.509733e-02
    outer loop
      vertex -5.467632e-03 1.856378e-02 -3.268145e-03
      vertex -5.467632e-03 1.873209e-02 -2.075899e-03
      vertex -5.373884e-03 1.880619e-02 -2.424986e-03
    endloop
  endfacet
  facet normal -4.689110e-01 8.731822e-01 -1.329488e-01
    outer loop
      vertex -5.244996e-03 1.874224e-02 -3.299562e-03
      vertex -5.373884e-03 1.867483e-02 -3.287695e-03
      vertex -5.244996e-03 1.887407e-02 -2.433739e-03
    endloop
  endfacet
  facet normal -4.689051e-01 8.731851e-01 -1.329504e-01
    outer loop
      vertex -5.373884e-03 1.867483e-02 -3.287695e-03
      vertex -5.373884e-03 1.880619e-02 -2.424986e-03
      vertex -5.244996e-03 1.887407e-02 -2.433739e-03
    endloop
  endfacet
  facet normal -7.689035e-01 6.353395e-01 -7.163207e-02
    outer loop
      vertex -5.373884e-03 1.880619e-02 -2.424986e-03
      vertex -5.467632e-03 1.873209e-02 -2.075899e-03
      vertex -5.373884e-03 1.888210e-02 -1.751648e-03
    endloop
  endfacet
  facet normal -4.688511e-01 8.788961e-01 -8.786534e-02
    outer loop
      vertex -5.244996e-03 1.887407e-02 -2.433739e-03
      vertex -5.373884e-03 1.880619e-02 -2.424986e-03
      vertex -5.244996e-03 1.897432e-02 -1.430903e-03
    endloop
  endfacet
  facet normal -3.967275e-01 9.121572e-01 -1.028422e-01
    outer loop
      vertex -5.373884e-03 1.880619e-02 -2.424986e-03
      vertex -5.373884e-03 1.888210e-02 -1.751648e-03
      vertex -5.244996e-03 1.897432e-02 -1.430903e-03
    endloop
  endfacet
  facet normal -9.453027e-01 3.249999e-01 -2.789044e-02
    outer loop
      vertex -5.467632e-03 1.873209e-02 -2.075899e-03
      vertex -5.506346e-03 1.859220e-02 -2.393860e-03
      vertex -5.473004e-03 1.880087e-02 -1.092358e-03
    endloop
  endfacet
  facet normal -8.018778e-01 5.958775e-01 -4.384132e-02
    outer loop
      vertex -5.373884e-03 1.888210e-02 -1.751648e-03
      vertex -5.467632e-03 1.873209e-02 -2.075899e-03
      vertex -5.373884e-03 1.893006e-02 -1.099864e-03
    endloop
  endfacet
  facet normal -7.938277e-01 6.063442e-01 -4.673749e-02
    outer loop
      vertex -5.467632e-03 1.873209e-02 -2.075899e-03
      vertex -5.473004e-03 1.880087e-02 -1.092358e-03
      vertex -5.373884e-03 1.893006e-02 -1.099864e-03
    endloop
  endfacet
  facet normal -4.689688e-01 8.808339e-01 -6.480681e-02
    outer loop
      vertex -5.373884e-03 1.888210e-02 -1.751648e-03
      vertex -5.373884e-03 1.893006e-02 -1.099864e-03
      vertex -5.244996e-03 1.897432e-02 -1.430903e-03
    endloop
  endfacet
  facet normal -8.755629e-01 4.829360e-01 -1.274278e-02
    outer loop
      vertex -5.473004e-03 1.880087e-02 -1.092358e-03
      vertex -5.495602e-03 1.878278e-02 -2.252875e-04
      vertex -5.426309e-03 1.890837e-02 -2.267939e-04
    endloop
  endfacet
  facet normal -7.938772e-01 6.072045e-01 -3.258303e-02
    outer loop
      vertex -5.373884e-03 1.893006e-02 -1.099864e-03
      vertex -5.473004e-03 1.880087e-02 -1.092358e-03
      vertex -5.426309e-03 1.890837e-02 -2.267939e-04
    endloop
  endfacet
  facet normal -6.811130e-01 7.318259e-01 -2.271559e-02
    outer loop
      vertex -5.373884e-03 1.893006e-02 -1.099864e-03
      vertex -5.426309e-03 1.890837e-02 -2.267939e-04
      vertex -5.345556e-03 1.898349e-02 -2.276950e-04
    endloop
  endfacet
  facet normal -4.079657e-01 9.122531e-01 -3.685430e-02
    outer loop
      vertex -5.244996e-03 1.897432e-02 -1.430903e-03
      vertex -5.373884e-03 1.893006e-02 -1.099864e-03
      vertex -5.244996e-03 1.902752e-02 -1.141451e-04
    endloop
  endfacet
  facet normal -3.570107e-01 9.329882e-01 -4.556707e-02
    outer loop
      vertex -5.373884e-03 1.893006e-02 -1.099864e-03
      vertex -5.345556e-03 1.898349e-02 -2.276950e-04
      vertex -5.244996e-03 1.902752e-02 -1.141451e-04
    endloop
  endfacet
  facet normal -1.800910e-01 -9.831578e-01 3.111340e-02
    outer loop
      vertex -5.134536e-03 -1.904611e-02 3.689539e-04
      vertex -5.134536e-03 -1.903062e-02 8.583515e-04
      vertex -5.244996e-03 -1.900932e-02 8.922070e-04
    endloop
  endfacet
  facet normal -1.699394e-01 -9.833508e-01 6.435653e-02
    outer loop
      vertex -5.134536e-03 -1.903062e-02 8.583515e-04
      vertex -5.134536e-03 -1.898300e-02 1.586014e-03
      vertex -5.244996e-03 -1.900932e-02 8.922070e-04
    endloop
  endfacet
  facet normal -2.401433e-01 -9.657286e-01 9.848580e-02
    outer loop
      vertex -5.134536e-03 -1.898300e-02 1.586014e-03
      vertex -5.134536e-03 -1.890342e-02 2.366341e-03
      vertex -5.244996e-03 -1.885931e-02 2.529506e-03
    endloop
  endfacet
  facet normal -1.747271e-01 -9.738852e-01 1.449763e-01
    outer loop
      vertex -5.134536e-03 -1.890342e-02 2.366341e-03
      vertex -5.134536e-03 -1.877126e-02 3.254158e-03
      vertex -5.244996e-03 -1.885931e-02 2.529506e-03
    endloop
  endfacet
  facet normal -1.471799e-01 -9.702681e-01 1.921400e-01
    outer loop
      vertex -5.134536e-03 -1.877126e-02 3.254158e-03
      vertex -5.134536e-03 -1.858669e-02 4.186192e-03
      vertex -5.244996e-03 -1.870219e-02 3.518291e-03
    endloop
  endfacet
  facet normal -1.762396e-01 -9.567780e-01 2.313342e-01
    outer loop
      vertex -5.134536e-03 -1.858669e-02 4.186192e-03
      vertex -5.134536e-03 -1.842021e-02 4.874743e-03
      vertex -5.244996e-03 -1.851716e-02 4.389603e-03
    endloop
  endfacet
  facet normal -1.973548e-01 -9.439625e-01 2.645484e-01
    outer loop
      vertex -5.134536e-03 -1.842021e-02 4.874743e-03
      vertex -5.134536e-03 -1.827750e-02 5.383960e-03
      vertex -5.244996e-03 -1.829787e-02 5.228856e-03
    endloop
  endfacet
  facet normal -1.669732e-01 -9.374937e-01 3.053285e-01
    outer loop
      vertex -5.134536e-03 -1.827750e-02 5.383960e-03
      vertex -5.134536e-03 -1.793346e-02 6.440303e-03
      vertex -5.259230e-03 -1.788885e-02 6.509082e-03
    endloop
  endfacet
  facet normal -1.358193e-01 -9.253551e-01 3.539365e-01
    outer loop
      vertex -5.134536e-03 -1.793346e-02 6.440303e-03
      vertex -5.134536e-03 -1.768407e-02 7.092324e-03
      vertex -5.259230e-03 -1.788885e-02 6.509082e-03
    endloop
  endfacet
  facet normal -1.834860e-01 -9.030273e-01 3.884259e-01
    outer loop
      vertex -5.134536e-03 -1.768407e-02 7.092324e-03
      vertex -5.134536e-03 -1.731763e-02 7.944228e-03
      vertex -5.263287e-03 -1.738860e-02 7.718427e-03
    endloop
  endfacet
  facet normal -1.558936e-01 -8.872502e-01 4.341477e-01
    outer loop
      vertex -5.134536e-03 -1.731763e-02 7.944228e-03
      vertex -5.134536e-03 -1.691154e-02 8.774137e-03
      vertex -5.244996e-03 -1.701319e-02 8.526751e-03
    endloop
  endfacet
  facet normal -2.074961e-01 -8.567649e-01 4.721220e-01
    outer loop
      vertex -5.134536e-03 -1.691154e-02 8.774137e-03
      vertex -5.134536e-03 -1.646700e-02 9.580853e-03
      vertex -5.244996e-03 -1.644062e-02 9.580182e-03
    endloop
  endfacet
  facet normal -2.020270e-01 -8.327651e-01 5.154487e-01
    outer loop
      vertex -5.134536e-03 -1.646700e-02 9.580853e-03
      vertex -5.127717e-03 -1.585289e-02 1.057569e-02
      vertex -5.244996e-03 -1.644062e-02 9.580182e-03
    endloop
  endfacet
  facet normal -8.609127e-02 -8.111347e-01 5.784884e-01
    outer loop
      vertex -5.127717e-03 -1.585289e-02 1.057569e-02
      vertex -5.134536e-03 -1.529892e-02 1.135144e-02
      vertex -5.252011e-03 -1.567067e-02 1.081269e-02
    endloop
  endfacet
  facet normal -2.069956e-01 -7.760905e-01 5.956815e-01
    outer loop
      vertex -5.134536e-03 -1.529892e-02 1.135144e-02
      vertex -5.134536e-03 -1.491568e-02 1.185075e-02
      vertex -5.250078e-03 -1.461174e-02 1.220658e-02
    endloop
  endfacet
  facet normal -6.232385e-02 -7.688069e-01 6.364367e-01
    outer loop
      vertex -5.134536e-03 -1.491568e-02 1.185075e-02
      vertex -5.130978e-03 -1.433444e-02 1.255322e-02
      vertex -5.250078e-03 -1.461174e-02 1.220658e-02
    endloop
  endfacet
  facet normal -5.646104e-02 -6.729449e-01 7.375346e-01
    outer loop
      vertex -5.208880e-03 -1.354150e-02 1.340030e-02
      vertex -4.959795e-03 -1.333890e-02 1.360422e-02
      vertex -5.285210e-03 -1.307563e-02 1.381952e-02
    endloop
  endfacet
  facet normal -7.379824e-02 -6.844117e-01 7.253513e-01
    outer loop
      vertex -4.959795e-03 -1.333890e-02 1.360422e-02
      vertex -5.208110e-03 -1.240592e-02 1.445927e-02
      vertex -5.285210e-03 -1.307563e-02 1.381952e-02
    endloop
  endfacet
  facet normal -6.835501e-02 -5.926856e-01 8.025281e-01
    outer loop
      vertex -5.134536e-03 -1.166996e-02 1.505601e-02
      vertex -5.134536e-03 -1.093320e-02 1.560012e-02
      vertex -5.250974e-03 -1.123191e-02 1.536960e-02
    endloop
  endfacet
  facet normal -1.182274e-01 -5.469856e-01 8.287515e-01
    outer loop
      vertex -5.134536e-03 -1.093320e-02 1.560012e-02
      vertex -5.124095e-03 -9.897348e-03 1.628529e-02
      vertex -5.244996e-03 -1.032929e-02 1.598295e-02
    endloop
  endfacet
  facet normal -1.075600e-01 -4.912305e-01 8.643630e-01
    outer loop
      vertex -5.124095e-03 -9.897348e-03 1.628529e-02
      vertex -5.134536e-03 -9.029197e-03 1.677737e-02
      vertex -5.256323e-03 -9.366242e-03 1.657067e-02
    endloop
  endfacet
  facet normal -1.904266e-01 -4.461450e-01 8.744669e-01
    outer loop
      vertex -5.134536e-03 -9.029197e-03 1.677737e-02
      vertex -5.128796e-03 -8.085358e-03 1.726016e-02
      vertex -5.307832e-03 -8.398077e-03 1.706162e-02
    endloop
  endfacet
  facet normal -1.534501e-01 -3.882338e-01 9.086955e-01
    outer loop
      vertex -5.128796e-03 -8.085358e-03 1.726016e-02
      vertex -5.134536e-03 -7.038742e-03 1.770635e-02
      vertex -5.287651e-03 -7.358154e-03 1.754403e-02
    endloop
  endfacet
  facet normal -1.374936e-01 -3.413009e-01 9.298436e-01
    outer loop
      vertex -5.134536e-03 -7.038742e-03 1.770635e-02
      vertex -5.114977e-03 -6.137449e-03 1.804006e-02
      vertex -5.259965e-03 -6.369664e-03 1.793339e-02
    endloop
  endfacet
  facet normal -1.923421e-01 -2.306450e-01 9.538382e-01
    outer loop
      vertex -5.192590e-03 -5.365974e-03 1.828452e-02
      vertex -5.093241e-03 -4.297642e-03 1.856289e-02
      vertex -5.327404e-03 -4.666130e-03 1.842657e-02
    endloop
  endfacet
  facet normal -1.572518e-01 -2.532058e-01 9.545463e-01
    outer loop
      vertex -5.093241e-03 -4.297642e-03 1.856289e-02
      vertex -5.194711e-03 -3.907505e-03 1.864966e-02
      vertex -5.327404e-03 -4.666130e-03 1.842657e-02
    endloop
  endfacet
  facet normal -1.876666e-01 6.757823e-02 9.799053e-01
    outer loop
      vertex -5.165379e-03 9.887571e-04 1.902657e-02
      vertex -5.239337e-03 2.056486e-03 1.893877e-02
      vertex -5.281189e-03 1.215644e-03 1.898874e-02
    endloop
  endfacet
  facet normal -1.766475e-01 1.636104e-01 9.705809e-01
    outer loop
      vertex -5.135279e-03 2.803701e-03 1.884730e-02
      vertex -5.166895e-03 3.789368e-03 1.867540e-02
      vertex -5.286012e-03 3.281597e-03 1.873931e-02
    endloop
  endfacet
  facet normal -1.957591e-01 2.584237e-01 9.459892e-01
    outer loop
      vertex -5.133000e-03 4.655837e-03 1.847884e-02
      vertex -5.180590e-03 5.766570e-03 1.816557e-02
      vertex -5.288708e-03 4.713966e-03 1.843074e-02
    endloop
  endfacet
  facet normal -1.900067e-01 3.328974e-01 9.236215e-01
    outer loop
      vertex -5.180590e-03 5.766570e-03 1.816557e-02
      vertex -5.134536e-03 6.659128e-03 1.785334e-02
      vertex -5.259830e-03 6.815543e-03 1.777119e-02
    endloop
  endfacet
  facet normal -1.515359e-01 3.617479e-01 9.198779e-01
    outer loop
      vertex -5.134536e-03 6.659128e-03 1.785334e-02
      vertex -5.138644e-03 7.418642e-03 1.755398e-02
      vertex -5.259830e-03 6.815543e-03 1.777119e-02
    endloop
  endfacet
  facet normal -1.021319e-01 4.184265e-01 9.024901e-01
    outer loop
      vertex -5.138644e-03 7.418642e-03 1.755398e-02
      vertex -5.136435e-03 8.581365e-03 1.701515e-02
      vertex -5.258418e-03 8.033671e-03 1.725528e-02
    endloop
  endfacet
  facet normal -8.442220e-02 4.792669e-01 8.735995e-01
    outer loop
      vertex -5.136435e-03 8.581365e-03 1.701515e-02
      vertex -5.134536e-03 9.580853e-03 1.646700e-02
      vertex -5.256258e-03 9.417702e-03 1.654475e-02
    endloop
  endfacet
  facet normal -1.570526e-01 5.178791e-01 8.409136e-01
    outer loop
      vertex -5.134536e-03 9.580853e-03 1.646700e-02
      vertex -5.134536e-03 1.036318e-02 1.598520e-02
      vertex -5.256258e-03 9.417702e-03 1.654475e-02
    endloop
  endfacet
  facet normal -1.118513e-01 5.630200e-01 8.188393e-01
    outer loop
      vertex -5.134536e-03 1.036318e-02 1.598520e-02
      vertex -5.128831e-03 1.132584e-02 1.532408e-02
      vertex -5.282230e-03 1.067119e-02 1.575325e-02
    endloop
  endfacet
  facet normal -1.599822e-01 6.099133e-01 7.761517e-01
    outer loop
      vertex -5.128831e-03 1.132584e-02 1.532408e-02
      vertex -5.199489e-03 1.241295e-02 1.445524e-02
      vertex -5.288360e-03 1.146390e-02 1.518270e-02
    endloop
  endfacet
  facet normal -2.219883e-01 6.619380e-01 7.159325e-01
    outer loop
      vertex -5.199489e-03 1.241295e-02 1.445524e-02
      vertex -5.165094e-03 1.327668e-02 1.366732e-02
      vertex -5.285358e-03 1.263752e-02 1.422098e-02
    endloop
  endfacet
  facet normal -1.384783e-01 7.163398e-01 6.838721e-01
    outer loop
      vertex -5.165094e-03 1.327668e-02 1.366732e-02
      vertex -5.134536e-03 1.402279e-02 1.289197e-02
      vertex -5.285151e-03 1.389789e-02 1.299230e-02
    endloop
  endfacet
  facet normal -1.000623e-01 7.488073e-01 6.551909e-01
    outer loop
      vertex -5.134536e-03 1.402279e-02 1.289197e-02
      vertex -5.134005e-03 1.476570e-02 1.204299e-02
      vertex -5.250120e-03 1.463198e-02 1.217808e-02
    endloop
  endfacet
  facet normal -1.165690e-01 7.914480e-01 6.000182e-01
    outer loop
      vertex -5.134005e-03 1.476570e-02 1.204299e-02
      vertex -5.131522e-03 1.560507e-02 1.093631e-02
      vertex -5.244996e-03 1.529335e-02 1.132543e-02
    endloop
  endfacet
  facet normal -6.880742e-02 8.363579e-01 5.438483e-01
    outer loop
      vertex -5.131522e-03 1.560507e-02 1.093631e-02
      vertex -5.134536e-03 1.626138e-02 9.926631e-03
      vertex -5.252935e-03 1.593667e-02 1.041100e-02
    endloop
  endfacet
  facet normal -1.491387e-01 8.554284e-01 4.959838e-01
    outer loop
      vertex -5.134536e-03 1.626138e-02 9.926631e-03
      vertex -5.134536e-03 1.669401e-02 9.180469e-03
      vertex -5.244996e-03 1.649895e-02 9.483667e-03
    endloop
  endfacet
  facet normal -1.979633e-01 8.660212e-01 4.591490e-01
    outer loop
      vertex -5.134536e-03 1.669401e-02 9.180469e-03
      vertex -5.134536e-03 1.701793e-02 8.569503e-03
      vertex -5.258330e-03 1.712509e-02 8.314015e-03
    endloop
  endfacet
  facet normal -1.226578e-01 8.926144e-01 4.338140e-01
    outer loop
      vertex -5.134536e-03 1.701793e-02 8.569503e-03
      vertex -5.134536e-03 1.724517e-02 8.101939e-03
      vertex -5.258330e-03 1.712509e-02 8.314015e-03
    endloop
  endfacet
  facet normal -1.867928e-01 8.976278e-01 3.992153e-01
    outer loop
      vertex -5.134536e-03 1.724517e-02 8.101939e-03
      vertex -5.134536e-03 1.757460e-02 7.361206e-03
      vertex -5.258330e-03 1.712509e-02 8.314015e-03
    endloop
  endfacet
  facet normal -2.226548e-01 9.067812e-01 3.580122e-01
    outer loop
      vertex -5.134536e-03 1.757460e-02 7.361206e-03
      vertex -5.134536e-03 1.785205e-02 6.658497e-03
      vertex -5.272432e-03 1.776572e-02 6.791382e-03
    endloop
  endfacet
  facet normal -2.356451e-01 9.168090e-01 3.223857e-01
    outer loop
      vertex -5.134536e-03 1.785205e-02 6.658497e-03
      vertex -5.134536e-03 1.810358e-02 5.943163e-03
      vertex -5.263287e-03 1.810180e-02 5.854120e-03
    endloop
  endfacet
  facet normal -2.116495e-01 9.341513e-01 2.873426e-01
    outer loop
      vertex -5.134536e-03 1.810358e-02 5.943163e-03
      vertex -5.134536e-03 1.831026e-02 5.271245e-03
      vertex -5.263287e-03 1.810180e-02 5.854120e-03
    endloop
  endfacet
  facet normal -1.881032e-01 9.496401e-01 2.506009e-01
    outer loop
      vertex -5.134536e-03 1.831026e-02 5.271245e-03
      vertex -5.134536e-03 1.852056e-02 4.474344e-03
      vertex -5.244996e-03 1.847345e-02 4.569965e-03
    endloop
  endfacet
  facet normal -2.597217e-01 9.442316e-01 2.024136e-01
    outer loop
      vertex -5.134536e-03 1.852056e-02 4.474344e-03
      vertex -5.134536e-03 1.871926e-02 3.547445e-03
      vertex -5.244996e-03 1.874366e-02 3.291858e-03
    endloop
  endfacet
  facet normal -1.510509e-01 9.757433e-01 1.584570e-01
    outer loop
      vertex -5.134536e-03 1.871926e-02 3.547445e-03
      vertex -5.134536e-03 1.887239e-02 2.604460e-03
      vertex -5.244996e-03 1.874366e-02 3.291858e-03
    endloop
  endfacet
  facet normal -1.501161e-01 9.822228e-01 1.127096e-01
    outer loop
      vertex -5.134536e-03 1.887239e-02 2.604460e-03
      vertex -5.134536e-03 1.896161e-02 1.827023e-03
      vertex -5.244996e-03 1.892725e-02 1.979262e-03
    endloop
  endfacet
  facet normal -1.776580e-01 9.811004e-01 7.667849e-02
    outer loop
      vertex -5.134536e-03 1.896161e-02 1.827023e-03
      vertex -5.134536e-03 1.901828e-02 1.101867e-03
      vertex -5.244996e-03 1.899848e-02 1.099283e-03
    endloop
  endfacet
  facet normal -1.772219e-01 9.833128e-01 4.108956e-02
    outer loop
      vertex -5.134536e-03 1.901828e-02 1.101867e-03
      vertex -5.134536e-03 1.904378e-02 4.916891e-04
      vertex -5.244996e-03 1.899848e-02 1.099283e-03
    endloop
  endfacet
  facet normal -1.935553e-01 9.810484e-01 8.962928e-03
    outer loop
      vertex -5.134536e-03 1.904378e-02 4.916891e-04
      vertex -5.134536e-03 1.904883e-02 -6.155466e-05
      vertex -5.244996e-03 1.902752e-02 -1.141451e-04
    endloop
  endfacet
  facet normal -1.062298e-01 -2.625128e-01 -9.590632e-01
    outer loop
      vertex -5.132004e-03 -4.389688e-03 -1.854618e-02
      vertex -5.134211e-03 -5.658551e-03 -1.819862e-02
      vertex -5.258498e-03 -4.710969e-03 -1.844422e-02
    endloop
  endfacet
  facet normal -1.446392e-01 -3.185702e-01 -9.367991e-01
    outer loop
      vertex -5.134211e-03 -5.658551e-03 -1.819862e-02
      vertex -5.197253e-03 -6.845118e-03 -1.778538e-02
      vertex -5.259636e-03 -6.180193e-03 -1.800186e-02
    endloop
  endfacet
  facet normal -1.584706e-01 -4.722503e-01 -8.671025e-01
    outer loop
      vertex -5.198243e-03 -8.403747e-03 -1.710250e-02
      vertex -5.134536e-03 -9.381414e-03 -1.658168e-02
      vertex -5.255914e-03 -9.590503e-03 -1.644562e-02
    endloop
  endfacet
  facet normal -9.203867e-02 -5.050148e-01 -8.581893e-01
    outer loop
      vertex -5.134536e-03 -9.381414e-03 -1.658168e-02
      vertex -5.134536e-03 -9.975920e-03 -1.623183e-02
      vertex -5.255914e-03 -9.590503e-03 -1.644562e-02
    endloop
  endfacet
  facet normal -1.986132e-01 -5.224920e-01 -8.291893e-01
    outer loop
      vertex -5.134536e-03 -9.975920e-03 -1.623183e-02
      vertex -5.191069e-03 -1.080882e-02 -1.569346e-02
      vertex -5.255914e-03 -9.590503e-03 -1.644562e-02
    endloop
  endfacet
  facet normal -1.564036e-01 -5.921528e-01 -7.905017e-01
    outer loop
      vertex -5.191069e-03 -1.080882e-02 -1.569346e-02
      vertex -5.137554e-03 -1.175733e-02 -1.499354e-02
      vertex -5.281214e-03 -1.121176e-02 -1.537379e-02
    endloop
  endfacet
  facet normal -8.715308e-02 -7.452895e-01 -6.610204e-01
    outer loop
      vertex -5.119882e-03 -1.379997e-02 -1.313797e-02
      vertex -5.109374e-03 -1.469960e-02 -1.212504e-02
      vertex -5.248490e-03 -1.389942e-02 -1.300888e-02
    endloop
  endfacet
  facet normal -1.069849e-01 -7.855735e-01 -6.094494e-01
    outer loop
      vertex -5.109374e-03 -1.469960e-02 -1.212504e-02
      vertex -5.134536e-03 -1.533239e-02 -1.130497e-02
      vertex -5.250416e-03 -1.476214e-02 -1.201966e-02
    endloop
  endfacet
  facet normal -5.499136e-02 -8.171840e-01 -5.737476e-01
    outer loop
      vertex -5.134536e-03 -1.533239e-02 -1.130497e-02
      vertex -5.134536e-03 -1.585907e-02 -1.055481e-02
      vertex -5.251478e-03 -1.568806e-02 -1.078717e-02
    endloop
  endfacet
  facet normal -1.578617e-01 -8.315490e-01 -5.325467e-01
    outer loop
      vertex -5.134536e-03 -1.585907e-02 -1.055481e-02
      vertex -5.134536e-03 -1.626138e-02 -9.926631e-03
      vertex -5.251478e-03 -1.568806e-02 -1.078717e-02
    endloop
  endfacet
  facet normal -1.520331e-01 -8.556081e-01 -4.947936e-01
    outer loop
      vertex -5.134536e-03 -1.626138e-02 -9.926631e-03
      vertex -5.134536e-03 -1.675077e-02 -9.080361e-03
      vertex -5.244996e-03 -1.638582e-02 -9.677494e-03
    endloop
  endfacet
  facet normal -1.437168e-01 -8.769403e-01 -4.586079e-01
    outer loop
      vertex -5.134536e-03 -1.675077e-02 -9.080361e-03
      vertex -5.134536e-03 -1.701793e-02 -8.569503e-03
      vertex -5.257445e-03 -1.703878e-02 -8.491122e-03
    endloop
  endfacet
  facet normal -1.217728e-01 -8.950519e-01 -4.290146e-01
    outer loop
      vertex -5.134536e-03 -1.701793e-02 -8.569503e-03
      vertex -5.134536e-03 -1.731763e-02 -7.944228e-03
      vertex -5.257445e-03 -1.703878e-02 -8.491122e-03
    endloop
  endfacet
  facet normal -2.253101e-01 -8.918226e-01 -3.922854e-01
    outer loop
      vertex -5.134536e-03 -1.731763e-02 -7.944228e-03
      vertex -5.134536e-03 -1.759751e-02 -7.307956e-03
      vertex -5.263287e-03 -1.756937e-02 -7.297975e-03
    endloop
  endfacet
  facet normal -2.257751e-01 -9.070089e-01 -3.554722e-01
    outer loop
      vertex -5.134536e-03 -1.759751e-02 -7.307956e-03
      vertex -5.134536e-03 -1.785205e-02 -6.658497e-03
      vertex -5.263287e-03 -1.756937e-02 -7.297975e-03
    endloop
  endfacet
  facet normal -2.067199e-01 -9.229985e-01 -3.245622e-01
    outer loop
      vertex -5.134536e-03 -1.785205e-02 -6.658497e-03
      vertex -5.134536e-03 -1.810358e-02 -5.943163e-03
      vertex -5.263287e-03 -1.803756e-02 -6.048923e-03
    endloop
  endfacet
  facet normal -2.443576e-01 -9.284123e-01 -2.798929e-01
    outer loop
      vertex -5.134536e-03 -1.810358e-02 -5.943163e-03
      vertex -5.134536e-03 -1.835738e-02 -5.101316e-03
      vertex -5.295276e-03 -1.818419e-02 -5.535470e-03
    endloop
  endfacet
  facet normal -1.542130e-01 -9.584075e-01 -2.401527e-01
    outer loop
      vertex -5.134536e-03 -1.835738e-02 -5.101316e-03
      vertex -5.134536e-03 -1.858669e-02 -4.186192e-03
      vertex -5.244996e-03 -1.841311e-02 -4.807973e-03
    endloop
  endfacet
  facet normal -2.433921e-01 -9.509738e-01 -1.908118e-01
    outer loop
      vertex -5.134536e-03 -1.858669e-02 -4.186192e-03
      vertex -5.134536e-03 -1.876186e-02 -3.313160e-03
      vertex -5.295276e-03 -1.859641e-02 -3.932696e-03
    endloop
  endfacet
  facet normal -1.645516e-01 -9.745858e-01 -1.520044e-01
    outer loop
      vertex -5.134536e-03 -1.876186e-02 -3.313160e-03
      vertex -5.134536e-03 -1.887239e-02 -2.604460e-03
      vertex -5.244996e-03 -1.878271e-02 -3.059869e-03
    endloop
  endfacet
  facet normal -1.527703e-01 -9.815133e-01 -1.152950e-01
    outer loop
      vertex -5.134536e-03 -1.887239e-02 -2.604460e-03
      vertex -5.134536e-03 -1.895663e-02 -1.887385e-03
      vertex -5.244996e-03 -1.890464e-02 -2.183554e-03
    endloop
  endfacet
  facet normal -1.540001e-01 -9.849851e-01 -7.802810e-02
    outer loop
      vertex -5.134536e-03 -1.895663e-02 -1.887385e-03
      vertex -5.134536e-03 -1.901406e-02 -1.162440e-03
      vertex -5.244996e-03 -1.898517e-02 -1.309082e-03
    endloop
  endfacet
  facet normal -2.042977e-01 -9.778234e-01 -4.608558e-02
    outer loop
      vertex -5.134536e-03 -1.901406e-02 -1.162440e-03
      vertex -5.134536e-03 -1.903990e-02 -6.140408e-04
      vertex -5.244996e-03 -1.902542e-02 -4.315314e-04
    endloop
  endfacet
  facet normal -1.602943e-01 -9.868915e-01 -1.873407e-02
    outer loop
      vertex -5.134536e-03 -1.903990e-02 -6.140408e-04
      vertex -5.134536e-03 -1.904922e-02 -1.231093e-04
      vertex -5.244996e-03 -1.902542e-02 -4.315314e-04
    endloop
  endfacet
  facet normal -1.821269e-01 9.831466e-01 -1.589126e-02
    outer loop
      vertex -5.134536e-03 1.904883e-02 -6.155466e-05
      vertex -5.134536e-03 1.903990e-02 -6.140408e-04
      vertex -5.244996e-03 1.902752e-02 -1.141451e-04
    endloop
  endfacet
  facet normal -2.177710e-01 9.747787e-01 -4.880806e-02
    outer loop
      vertex -5.134536e-03 1.903990e-02 -6.140408e-04
      vertex -5.134536e-03 1.900637e-02 -1.283791e-03
      vertex -5.244996e-03 1.897432e-02 -1.430903e-03
    endloop
  endfacet
  facet normal -1.804982e-01 9.804748e-01 -7.803541e-02
    outer loop
      vertex -5.134536e-03 1.900637e-02 -1.283791e-03
      vertex -5.134536e-03 1.896310e-02 -1.827458e-03
      vertex -5.244996e-03 1.897432e-02 -1.430903e-03
    endloop
  endfacet
  facet normal -1.932393e-01 9.751901e-01 -1.079948e-01
    outer loop
      vertex -5.134536e-03 1.896310e-02 -1.827458e-03
      vertex -5.134536e-03 1.890342e-02 -2.366341e-03
      vertex -5.244996e-03 1.887407e-02 -2.433739e-03
    endloop
  endfacet
  facet normal -1.704573e-01 9.746252e-01 -1.450865e-01
    outer loop
      vertex -5.134536e-03 1.890342e-02 -2.366341e-03
      vertex -5.134536e-03 1.877126e-02 -3.254158e-03
      vertex -5.244996e-03 1.887407e-02 -2.433739e-03
    endloop
  endfacet
  facet normal -1.750895e-01 9.657977e-01 -1.912547e-01
    outer loop
      vertex -5.134536e-03 1.877126e-02 -3.254158e-03
      vertex -5.134536e-03 1.858669e-02 -4.186192e-03
      vertex -5.244996e-03 1.874224e-02 -3.299562e-03
    endloop
  endfacet
  facet normal -1.800376e-01 9.547514e-01 -2.367197e-01
    outer loop
      vertex -5.134536e-03 1.858669e-02 -4.186192e-03
      vertex -5.134536e-03 1.837377e-02 -5.044957e-03
      vertex -5.244996e-03 1.849387e-02 -4.476529e-03
    endloop
  endfacet
  facet normal -1.982214e-01 9.403441e-01 -2.765164e-01
    outer loop
      vertex -5.134536e-03 1.837377e-02 -5.044957e-03
      vertex -5.134536e-03 1.817516e-02 -5.720367e-03
      vertex -5.263287e-03 1.822807e-02 -5.448130e-03
    endloop
  endfacet
  facet normal -1.978103e-01 9.286794e-01 -3.137286e-01
    outer loop
      vertex -5.134536e-03 1.817516e-02 -5.720367e-03
      vertex -5.134536e-03 1.793216e-02 -6.439681e-03
      vertex -5.263287e-03 1.796000e-02 -6.276070e-03
    endloop
  endfacet
  facet normal -2.287899e-01 9.106551e-01 -3.440384e-01
    outer loop
      vertex -5.134536e-03 1.793216e-02 -6.439681e-03
      vertex -5.134536e-03 1.768535e-02 -7.092974e-03
      vertex -5.263287e-03 1.764868e-02 -7.104414e-03
    endloop
  endfacet
  facet normal -1.769669e-01 9.012448e-01 -3.955255e-01
    outer loop
      vertex -5.134536e-03 1.768535e-02 -7.092974e-03
      vertex -5.134536e-03 1.721978e-02 -8.153814e-03
      vertex -5.257731e-03 1.712130e-02 -8.323095e-03
    endloop
  endfacet
  facet normal -1.070233e-01 8.912847e-01 -4.406331e-01
    outer loop
      vertex -5.134536e-03 1.721978e-02 -8.153814e-03
      vertex -5.134536e-03 1.691275e-02 -8.774862e-03
      vertex -5.257731e-03 1.712130e-02 -8.323095e-03
    endloop
  endfacet
  facet normal -2.511325e-01 8.494845e-01 -4.640135e-01
    outer loop
      vertex -5.134536e-03 1.691275e-02 -8.774862e-03
      vertex -5.134536e-03 1.655389e-02 -9.431839e-03
      vertex -5.254264e-03 1.627165e-02 -9.883739e-03
    endloop
  endfacet
  facet normal -1.053872e-01 8.557507e-01 -5.065415e-01
    outer loop
      vertex -5.134536e-03 1.655389e-02 -9.431839e-03
      vertex -5.134536e-03 1.623183e-02 -9.975920e-03
      vertex -5.254264e-03 1.627165e-02 -9.883739e-03
    endloop
  endfacet
  facet normal -1.359251e-01 8.329692e-01 -5.363643e-01
    outer loop
      vertex -5.134536e-03 1.623183e-02 -9.975920e-03
      vertex -5.134536e-03 1.585907e-02 -1.055481e-02
      vertex -5.254264e-03 1.627165e-02 -9.883739e-03
    endloop
  endfacet
  facet normal -8.642346e-02 8.142185e-01 -5.740899e-01
    outer loop
      vertex -5.134536e-03 1.585907e-02 -1.055481e-02
      vertex -5.143327e-03 1.515983e-02 -1.154520e-02
      vertex -5.251744e-03 1.528416e-02 -1.135255e-02
    endloop
  endfacet
  facet normal -9.907760e-02 7.667367e-01 -6.342701e-01
    outer loop
      vertex -5.143327e-03 1.515983e-02 -1.154520e-02
      vertex -5.134536e-03 1.432824e-02 -1.255185e-02
      vertex -5.249006e-03 1.431805e-02 -1.254628e-02
    endloop
  endfacet
  facet normal -9.797086e-02 7.331379e-01 -6.729863e-01
    outer loop
      vertex -5.134536e-03 1.432824e-02 -1.255185e-02
      vertex -5.102175e-03 1.371806e-02 -1.322128e-02
      vertex -5.249006e-03 1.431805e-02 -1.254628e-02
    endloop
  endfacet
  facet normal -9.849485e-02 7.044910e-01 -7.028451e-01
    outer loop
      vertex -5.102175e-03 1.371806e-02 -1.322128e-02
      vertex -5.134536e-03 1.322560e-02 -1.371036e-02
      vertex -5.256542e-03 1.345767e-02 -1.346064e-02
    endloop
  endfacet
  facet normal -6.469242e-02 6.540259e-01 -7.537009e-01
    outer loop
      vertex -4.963579e-03 1.275656e-02 -1.415196e-02
      vertex -5.118638e-03 1.191623e-02 -1.486785e-02
      vertex -5.249712e-03 1.210370e-02 -1.469392e-02
    endloop
  endfacet
  facet normal -1.276955e-01 5.976732e-01 -7.915053e-01
    outer loop
      vertex -5.118638e-03 1.191623e-02 -1.486785e-02
      vertex -5.134536e-03 1.107386e-02 -1.550136e-02
      vertex -5.251515e-03 1.104351e-02 -1.550540e-02
    endloop
  endfacet
  facet normal -1.166247e-01 5.589312e-01 -8.209717e-01
    outer loop
      vertex -5.134536e-03 1.107386e-02 -1.550136e-02
      vertex -5.134536e-03 1.036318e-02 -1.598520e-02
      vertex -5.251515e-03 1.104351e-02 -1.550540e-02
    endloop
  endfacet
  facet normal -1.431928e-01 5.189827e-01 -8.427056e-01
    outer loop
      vertex -5.134536e-03 1.036318e-02 -1.598520e-02
      vertex -5.134536e-03 9.580853e-03 -1.646700e-02
      vertex -5.244996e-03 1.013423e-02 -1.610743e-02
    endloop
  endfacet
  facet normal -1.276317e-01 4.856918e-01 -8.647622e-01
    outer loop
      vertex -5.134536e-03 9.580853e-03 -1.646700e-02
      vertex -5.134536e-03 8.978771e-03 -1.680516e-02
      vertex -5.256418e-03 9.189885e-03 -1.666860e-02
    endloop
  endfacet
  facet normal -1.396850e-01 4.395343e-01 -8.872980e-01
    outer loop
      vertex -5.134536e-03 8.978771e-03 -1.680516e-02
      vertex -5.134536e-03 7.944228e-03 -1.731763e-02
      vertex -5.258454e-03 7.995909e-03 -1.727253e-02
    endloop
  endfacet
  facet normal -1.643964e-01 3.948052e-01 -9.039373e-01
    outer loop
      vertex -5.134536e-03 7.944228e-03 -1.731763e-02
      vertex -5.182157e-03 6.890742e-03 -1.776910e-02
      vertex -5.258454e-03 7.995909e-03 -1.727253e-02
    endloop
  endfacet
  facet normal -2.218853e-01 3.146313e-01 -9.229161e-01
    outer loop
      vertex -5.182157e-03 6.890742e-03 -1.776910e-02
      vertex -5.134536e-03 5.943163e-03 -1.810358e-02
      vertex -5.322002e-03 6.170680e-03 -1.798095e-02
    endloop
  endfacet
  facet normal -2.243132e-01 2.848425e-01 -9.319594e-01
    outer loop
      vertex -5.134536e-03 5.943163e-03 -1.810358e-02
      vertex -5.132394e-03 5.109834e-03 -1.835880e-02
      vertex -5.328348e-03 5.299668e-03 -1.825361e-02
    endloop
  endfacet
  facet normal -2.830558e-01 1.768578e-01 -9.426562e-01
    outer loop
      vertex -5.195473e-03 4.109423e-03 -1.860828e-02
      vertex -5.201165e-03 2.965601e-03 -1.882117e-02
      vertex -5.332813e-03 3.490021e-03 -1.868325e-02
    endloop
  endfacet
  facet normal -9.871353e-01 8.860266e-03 -1.596415e-01
    outer loop
      vertex -5.487688e-03 1.031950e-03 -1.880178e-02
      vertex -5.515462e-03 3.903919e-04 -1.866565e-02
      vertex -5.515462e-03 1.820465e-03 -1.858628e-02
    endloop
  endfacet
  facet normal -9.877538e-01 2.395613e-02 -1.541704e-01
    outer loop
      vertex -5.487041e-03 2.556808e-03 -1.865395e-02
      vertex -5.515462e-03 1.820465e-03 -1.858628e-02
      vertex -5.515462e-03 3.788557e-03 -1.828046e-02
    endloop
  endfacet
  facet normal -9.932778e-01 2.816897e-02 -1.122750e-01
    outer loop
      vertex -5.497970e-03 4.483156e-03 -1.826095e-02
      vertex -5.515462e-03 3.788557e-03 -1.828046e-02
      vertex -5.515462e-03 5.441865e-03 -1.786566e-02
    endloop
  endfacet
  facet normal -9.882588e-01 5.141540e-02 -1.438785e-01
    outer loop
      vertex -5.495602e-03 6.493993e-03 -1.762609e-02
      vertex -5.515462e-03 5.441865e-03 -1.786566e-02
      vertex -5.515462e-03 7.015470e-03 -1.730333e-02
    endloop
  endfacet
  facet normal -9.961883e-01 3.824569e-02 -7.839713e-02
    outer loop
      vertex -5.506346e-03 8.818574e-03 -1.653953e-02
      vertex -5.515462e-03 7.015470e-03 -1.730333e-02
      vertex -5.515462e-03 9.252532e-03 -1.621198e-02
    endloop
  endfacet
  facet normal -9.953046e-01 5.170528e-02 -8.182441e-02
    outer loop
      vertex -5.506346e-03 1.035140e-02 -1.562849e-02
      vertex -5.515462e-03 9.252532e-03 -1.621198e-02
      vertex -5.515462e-03 1.078573e-02 -1.524315e-02
    endloop
  endfacet
  facet normal -9.878358e-01 9.484245e-02 -1.232289e-01
    outer loop
      vertex -5.495602e-03 1.143081e-02 -1.490587e-02
      vertex -5.515462e-03 1.078573e-02 -1.524315e-02
      vertex -5.510904e-03 1.212156e-02 -1.425158e-02
    endloop
  endfacet
  facet normal -9.947197e-01 7.316977e-02 -7.196489e-02
    outer loop
      vertex -5.506346e-03 1.336917e-02 -1.314104e-02
      vertex -5.515462e-03 1.282057e-02 -1.357283e-02
      vertex -5.515462e-03 1.382171e-02 -1.255492e-02
    endloop
  endfacet
  facet normal -9.949394e-01 7.768737e-02 -6.371962e-02
    outer loop
      vertex -5.506346e-03 1.462604e-02 -1.171662e-02
      vertex -5.515462e-03 1.382171e-02 -1.255492e-02
      vertex -5.515462e-03 1.494987e-02 -1.117946e-02
    endloop
  endfacet
  facet normal -9.938881e-01 9.880401e-02 -4.923624e-02
    outer loop
      vertex -5.506346e-03 1.686266e-02 -8.189364e-03
      vertex -5.515462e-03 1.640462e-02 -8.924498e-03
      vertex -5.515462e-03 1.703545e-02 -7.658607e-03
    endloop
  endfacet
  facet normal -9.862665e-01 1.529838e-01 -6.224500e-02
    outer loop
      vertex -5.495602e-03 1.742550e-02 -7.014637e-03
      vertex -5.515462e-03 1.703545e-02 -7.658607e-03
      vertex -5.515462e-03 1.752875e-02 -6.446187e-03
    endloop
  endfacet
  facet normal -9.856594e-01 1.604431e-01 -5.228304e-02
    outer loop
      vertex -5.495602e-03 1.786523e-02 -5.788033e-03
      vertex -5.515462e-03 1.752875e-02 -6.446187e-03
      vertex -5.515462e-03 1.797268e-02 -5.083888e-03
    endloop
  endfacet
  facet normal -9.932021e-01 1.131128e-01 -2.748016e-02
    outer loop
      vertex -5.506346e-03 1.829421e-02 -4.089863e-03
      vertex -5.515462e-03 1.797268e-02 -5.083888e-03
      vertex -5.515462e-03 1.827315e-02 -3.847103e-03
    endloop
  endfacet
  facet normal -9.968623e-01 7.839361e-02 -1.095759e-02
    outer loop
      vertex -5.506346e-03 1.859220e-02 -2.393860e-03
      vertex -5.515462e-03 1.827315e-02 -3.847103e-03
      vertex -5.515462e-03 1.860438e-02 -1.477392e-03
    endloop
  endfacet
  facet normal -9.903059e-01 1.388437e-01 -4.074718e-03
    outer loop
      vertex -5.495602e-03 1.878278e-02 -2.252875e-04
      vertex -5.515462e-03 1.860438e-02 -1.477392e-03
      vertex -5.515462e-03 1.866290e-02 5.166213e-04
    endloop
  endfacet
  facet normal -9.957537e-01 -9.195540e-02 -4.343385e-03
    outer loop
      vertex -5.506346e-03 -1.871119e-02 -1.184884e-03
      vertex -5.515462e-03 -1.867533e-02 1.459010e-04
      vertex -5.515462e-03 -1.858462e-02 -1.774547e-03
    endloop
  endfacet
  facet normal -9.954029e-01 -9.484977e-02 -1.328927e-02
    outer loop
      vertex -5.506346e-03 -1.856699e-02 -2.583216e-03
      vertex -5.515462e-03 -1.858462e-02 -1.774547e-03
      vertex -5.515462e-03 -1.833810e-02 -3.534019e-03
    endloop
  endfacet
  facet normal -9.865151e-01 -1.592880e-01 -3.761978e-02
    outer loop
      vertex -5.495602e-03 -1.827639e-02 -4.316129e-03
      vertex -5.515462e-03 -1.833810e-02 -3.534019e-03
      vertex -5.515462e-03 -1.799210e-02 -4.999072e-03
    endloop
  endfacet
  facet normal -9.861065e-01 -1.587470e-01 -4.892300e-02
    outer loop
      vertex -5.495602e-03 -1.793960e-02 -5.569722e-03
      vertex -5.515462e-03 -1.799210e-02 -4.999072e-03
      vertex -5.510904e-03 -1.760039e-02 -6.361975e-03
    endloop
  endfacet
  facet normal -9.962413e-01 -7.995831e-02 -3.331615e-02
    outer loop
      vertex -5.506346e-03 -1.718196e-02 -7.502491e-03
      vertex -5.510904e-03 -1.760039e-02 -6.361975e-03
      vertex -5.515462e-03 -1.680147e-02 -8.143072e-03
    endloop
  endfacet
  facet normal -9.885480e-01 -1.322971e-01 -7.259704e-02
    outer loop
      vertex -5.495602e-03 -1.660141e-02 -8.778076e-03
      vertex -5.515462e-03 -1.680147e-02 -8.143072e-03
      vertex -5.515462e-03 -1.588552e-02 -9.812250e-03
    endloop
  endfacet
  facet normal -9.935629e-01 -9.412752e-02 -6.302972e-02
    outer loop
      vertex -5.506346e-03 -1.519835e-02 -1.098216e-02
      vertex -5.515462e-03 -1.588552e-02 -9.812250e-03
      vertex -5.515462e-03 -1.508044e-02 -1.101455e-02
    endloop
  endfacet
  facet normal -9.919746e-01 -9.847477e-02 -7.930373e-02
    outer loop
      vertex -5.506346e-03 -1.519835e-02 -1.098216e-02
      vertex -5.515462e-03 -1.508044e-02 -1.101455e-02
      vertex -5.510904e-03 -1.404331e-02 -1.235941e-02
    endloop
  endfacet
  facet normal -9.953645e-01 -6.474852e-02 -7.111368e-02
    outer loop
      vertex -5.506346e-03 -1.235239e-02 -1.410441e-02
      vertex -5.513184e-03 -1.316772e-02 -1.326636e-02
      vertex -5.515462e-03 -1.189843e-02 -1.439014e-02
    endloop
  endfacet
  facet normal -9.872010e-01 -9.645851e-02 -1.270037e-01
    outer loop
      vertex -5.495602e-03 -1.127027e-02 -1.502160e-02
      vertex -5.515462e-03 -1.189843e-02 -1.439014e-02
      vertex -5.515462e-03 -1.064785e-02 -1.533995e-02
    endloop
  endfacet
  facet normal -9.888348e-01 -7.867314e-02 -1.265556e-01
    outer loop
      vertex -5.495602e-03 -1.020595e-02 -1.576983e-02
      vertex -5.515462e-03 -1.064785e-02 -1.533995e-02
      vertex -5.515462e-03 -9.106920e-03 -1.629787e-02
    endloop
  endfacet
  facet normal -9.957240e-01 -4.072693e-02 -8.291595e-02
    outer loop
      vertex -5.506346e-03 -7.895457e-03 -1.700239e-02
      vertex -5.515462e-03 -9.106920e-03 -1.629787e-02
      vertex -5.515462e-03 -7.304321e-03 -1.718327e-02
    endloop
  endfacet
  facet normal -9.865042e-01 -5.788831e-02 -1.531612e-01
    outer loop
      vertex -5.495602e-03 -6.301195e-03 -1.769033e-02
      vertex -5.515462e-03 -7.304321e-03 -1.718327e-02
      vertex -5.515462e-03 -5.743876e-03 -1.777305e-02
    endloop
  endfacet
  facet normal -9.858952e-01 -4.425678e-02 -1.614064e-01
    outer loop
      vertex -5.495602e-03 -4.633301e-03 -1.819888e-02
      vertex -5.515462e-03 -5.743876e-03 -1.777305e-02
      vertex -5.515462e-03 -4.201592e-03 -1.819594e-02
    endloop
  endfacet
  facet normal -9.846370e-01 -3.118646e-02 -1.718064e-01
    outer loop
      vertex -5.486721e-03 -2.572834e-03 -1.865631e-02
      vertex -5.515462e-03 -4.201592e-03 -1.819594e-02
      vertex -5.513184e-03 -2.442307e-03 -1.852835e-02
    endloop
  endfacet
  facet normal -9.871131e-01 -1.416646e-02 -1.593956e-01
    outer loop
      vertex -5.491747e-03 -9.287643e-04 -1.879562e-02
      vertex -5.513184e-03 -2.442307e-03 -1.852835e-02
      vertex -5.515462e-03 -8.708239e-04 -1.865390e-02
    endloop
  endfacet
  facet normal -9.863859e-01 -1.531395e-03 -1.644398e-01
    outer loop
      vertex -5.491747e-03 -9.287643e-04 -1.879562e-02
      vertex -5.515462e-03 -8.708239e-04 -1.865390e-02
      vertex -5.515462e-03 3.903919e-04 -1.866565e-02
    endloop
  endfacet
  facet normal -9.954634e-01 9.486905e-02 7.247232e-03
    outer loop
      vertex -5.506346e-03 1.872308e-02 9.809103e-04
      vertex -5.515462e-03 1.866290e-02 5.166213e-04
      vertex -5.515462e-03 1.852758e-02 2.287896e-03
    endloop
  endfacet
  facet normal -9.947316e-01 1.011512e-01 1.665711e-02
    outer loop
      vertex -5.506346e-03 1.840763e-02 3.560707e-03
      vertex -5.515462e-03 1.852758e-02 2.287896e-03
      vertex -5.515462e-03 1.826287e-02 3.895359e-03
    endloop
  endfacet
  facet normal -9.941204e-01 1.050627e-01 2.620151e-02
    outer loop
      vertex -5.506346e-03 1.811885e-02 4.818745e-03
      vertex -5.515462e-03 1.826287e-02 3.895359e-03
      vertex -5.515462e-03 1.795869e-02 5.115074e-03
    endloop
  endfacet
  facet normal -9.879506e-01 1.469861e-01 4.846296e-02
    outer loop
      vertex -5.495602e-03 1.787293e-02 5.780040e-03
      vertex -5.515462e-03 1.795869e-02 5.115074e-03
      vertex -5.515462e-03 1.751367e-02 6.464797e-03
    endloop
  endfacet
  facet normal -9.896774e-01 1.317459e-01 5.640693e-02
    outer loop
      vertex -5.495602e-03 1.719366e-02 7.560689e-03
      vertex -5.515462e-03 1.751367e-02 6.464797e-03
      vertex -5.510904e-03 1.673391e-02 8.366009e-03
    endloop
  endfacet
  facet normal -9.845718e-01 1.523248e-01 8.611306e-02
    outer loop
      vertex -5.495602e-03 1.605878e-02 9.735190e-03
      vertex -5.510904e-03 1.673391e-02 8.366009e-03
      vertex -5.515462e-03 1.588294e-02 9.819168e-03
    endloop
  endfacet
  facet normal -9.809886e-01 1.618981e-01 1.070064e-01
    outer loop
      vertex -5.495602e-03 1.605878e-02 9.735190e-03
      vertex -5.515462e-03 1.588294e-02 9.819168e-03
      vertex -5.515462e-03 1.525611e-02 1.076754e-02
    endloop
  endfacet
  facet normal -9.856113e-01 1.350005e-01 1.017118e-01
    outer loop
      vertex -5.495602e-03 1.515928e-02 1.108851e-02
      vertex -5.515462e-03 1.525611e-02 1.076754e-02
      vertex -5.510904e-03 1.440730e-02 1.193833e-02
    endloop
  endfacet
  facet normal -9.956014e-01 6.454811e-02 6.790782e-02
    outer loop
      vertex -5.506346e-03 1.275198e-02 1.374065e-02
      vertex -5.515462e-03 1.346830e-02 1.292612e-02
      vertex -5.515462e-03 1.219745e-02 1.413409e-02
    endloop
  endfacet
  facet normal -9.899234e-01 8.635682e-02 1.122239e-01
    outer loop
      vertex -5.495602e-03 1.109569e-02 1.515709e-02
      vertex -5.515462e-03 1.219745e-02 1.413409e-02
      vertex -5.515462e-03 1.062978e-02 1.534042e-02
    endloop
  endfacet
  facet normal -9.979235e-01 2.634650e-02 5.877616e-02
    outer loop
      vertex -5.495602e-03 9.644518e-03 1.611926e-02
      vertex -5.515462e-03 1.062978e-02 1.534042e-02
      vertex -5.536007e-03 8.693464e-03 1.585956e-02
    endloop
  endfacet
  facet normal -9.975955e-01 4.474404e-02 5.292639e-02
    outer loop
      vertex -5.506346e-03 8.147316e-03 1.688035e-02
      vertex -5.536007e-03 8.693464e-03 1.585956e-02
      vertex -5.515462e-03 7.902412e-03 1.691556e-02
    endloop
  endfacet
  facet normal -9.891849e-01 5.563409e-02 1.357134e-01
    outer loop
      vertex -5.495602e-03 6.908931e-03 1.746758e-02
      vertex -5.515462e-03 7.902412e-03 1.691556e-02
      vertex -5.515462e-03 6.240651e-03 1.759678e-02
    endloop
  endfacet
  facet normal -9.888921e-01 4.255321e-02 1.424137e-01
    outer loop
      vertex -5.495602e-03 5.683002e-03 1.790131e-02
      vertex -5.515462e-03 6.240651e-03 1.759678e-02
      vertex -5.515462e-03 4.513186e-03 1.811295e-02
    endloop
  endfacet
  facet normal -9.937244e-01 2.093929e-02 1.098789e-01
    outer loop
      vertex -5.501707e-03 2.444532e-03 1.863156e-02
      vertex -5.515462e-03 4.513186e-03 1.811295e-02
      vertex -5.515462e-03 2.401837e-03 1.851530e-02
    endloop
  endfacet
  facet normal -9.934710e-01 1.079824e-02 1.135729e-01
    outer loop
      vertex -5.501707e-03 2.444532e-03 1.863156e-02
      vertex -5.515462e-03 2.401837e-03 1.851530e-02
      vertex -5.515462e-03 1.052074e-03 1.864363e-02
    endloop
  endfacet
  facet normal -9.926629e-01 2.953756e-03 1.208786e-01
    outer loop
      vertex -5.500941e-03 7.027422e-04 1.877142e-02
      vertex -5.515462e-03 1.052074e-03 1.864363e-02
      vertex -5.515462e-03 -1.481886e-04 1.867296e-02
    endloop
  endfacet
  facet normal -9.876416e-01 -6.387188e-03 1.565989e-01
    outer loop
      vertex -5.490714e-03 -8.568270e-04 1.880014e-02
      vertex -5.515462e-03 -1.481886e-04 1.867296e-02
      vertex -5.515462e-03 -1.362035e-03 1.862345e-02
    endloop
  endfacet
  facet normal -9.861373e-01 -1.967286e-02 1.647609e-01
    outer loop
      vertex -5.486175e-03 -1.924695e-03 1.873156e-02
      vertex -5.515462e-03 -1.362035e-03 1.862345e-02
      vertex -5.515462e-03 -2.898904e-03 1.843995e-02
    endloop
  endfacet
  facet normal -9.888739e-01 -3.186705e-02 1.453031e-01
    outer loop
      vertex -5.485004e-03 -4.270347e-03 1.834645e-02
      vertex -5.515462e-03 -2.898904e-03 1.843995e-02
      vertex -5.515462e-03 -5.055884e-03 1.796689e-02
    endloop
  endfacet
  facet normal -9.961668e-01 -2.773208e-02 8.296126e-02
    outer loop
      vertex -5.506346e-03 -6.193663e-03 1.769602e-02
      vertex -5.515462e-03 -5.055884e-03 1.796689e-02
      vertex -5.515462e-03 -6.886092e-03 1.735509e-02
    endloop
  endfacet
  facet normal -9.887943e-01 -6.251685e-02 1.355633e-01
    outer loop
      vertex -5.495602e-03 -7.503972e-03 1.721501e-02
      vertex -5.515462e-03 -6.886092e-03 1.735509e-02
      vertex -5.515462e-03 -8.610001e-03 1.656009e-02
    endloop
  endfacet
  facet normal -9.955167e-01 -4.713189e-02 8.200619e-02
    outer loop
      vertex -5.506346e-03 -9.706785e-03 1.604039e-02
      vertex -5.515462e-03 -8.610001e-03 1.656009e-02
      vertex -5.515462e-03 -1.014779e-02 1.567626e-02
    endloop
  endfacet
  facet normal -9.946441e-01 -5.972125e-02 8.435909e-02
    outer loop
      vertex -5.506346e-03 -1.089506e-02 1.525473e-02
      vertex -5.515462e-03 -1.014779e-02 1.567626e-02
      vertex -5.515462e-03 -1.129757e-02 1.486229e-02
    endloop
  endfacet
  facet normal -9.958431e-01 -5.840901e-02 6.989166e-02
    outer loop
      vertex -5.506346e-03 -1.225973e-02 1.418809e-02
      vertex -5.515462e-03 -1.129757e-02 1.486229e-02
      vertex -5.515462e-03 -1.265094e-02 1.373127e-02
    endloop
  endfacet
  facet normal -9.875733e-01 -1.108904e-01 1.113658e-01
    outer loop
      vertex -5.495602e-03 -1.315947e-02 1.340103e-02
      vertex -5.515462e-03 -1.265094e-02 1.373127e-02
      vertex -5.515462e-03 -1.370805e-02 1.267867e-02
    endloop
  endfacet
  facet normal -9.946922e-01 -7.847525e-02 6.655071e-02
    outer loop
      vertex -5.506346e-03 -1.435251e-02 1.205499e-02
      vertex -5.515462e-03 -1.370805e-02 1.267867e-02
      vertex -5.515462e-03 -1.472600e-02 1.147832e-02
    endloop
  endfacet
  facet normal -9.944402e-01 -8.529987e-02 6.174604e-02
    outer loop
      vertex -5.506346e-03 -1.538745e-02 1.071138e-02
      vertex -5.515462e-03 -1.472600e-02 1.147832e-02
      vertex -5.515462e-03 -1.551902e-02 1.038280e-02
    endloop
  endfacet
  facet normal -9.877698e-01 -1.381433e-01 7.229997e-02
    outer loop
      vertex -5.495602e-03 -1.659626e-02 8.798502e-03
      vertex -5.510904e-03 -1.611672e-02 9.505693e-03
      vertex -5.515462e-03 -1.680024e-02 8.137419e-03
    endloop
  endfacet
  facet normal -9.960526e-01 -8.191422e-02 3.419514e-02
    outer loop
      vertex -5.506346e-03 -1.746762e-02 6.804252e-03
      vertex -5.515462e-03 -1.680024e-02 8.137419e-03
      vertex -5.515462e-03 -1.760962e-02 6.198565e-03
    endloop
  endfacet
  facet normal -9.892182e-01 -1.402126e-01 4.228182e-02
    outer loop
      vertex -5.495602e-03 -1.793577e-02 5.581624e-03
      vertex -5.515462e-03 -1.760962e-02 6.198565e-03
      vertex -5.515462e-03 -1.812444e-02 4.491347e-03
    endloop
  endfacet
  facet normal -9.847972e-01 -1.699992e-01 3.570346e-02
    outer loop
      vertex -5.495602e-03 -1.827390e-02 4.327469e-03
      vertex -5.515462e-03 -1.812444e-02 4.491347e-03
      vertex -5.515462e-03 -1.839128e-02 3.220801e-03
    endloop
  endfacet
  facet normal -9.881803e-01 -1.520997e-01 1.911683e-02
    outer loop
      vertex -5.495602e-03 -1.859782e-02 2.604118e-03
      vertex -5.515462e-03 -1.839128e-02 3.220801e-03
      vertex -5.515462e-03 -1.860854e-02 1.492222e-03
    endloop
  endfacet
  facet normal -9.875411e-01 1.573579e-01 -1.009092e-03
    outer loop
      vertex -5.506346e-03 1.872308e-02 9.809103e-04
      vertex -5.495602e-03 1.878278e-02 -2.252875e-04
      vertex -5.515462e-03 1.866290e-02 5.166213e-04
    endloop
  endfacet
  facet normal -2.681674e-01 9.630966e-01 2.304853e-02
    outer loop
      vertex -5.134536e-03 1.904378e-02 4.916891e-04
      vertex -5.244996e-03 1.902752e-02 -1.141451e-04
      vertex -5.244996e-03 1.899848e-02 1.099283e-03
    endloop
  endfacet
  facet normal -9.938187e-01 1.105987e-01 9.611554e-03
    outer loop
      vertex -5.506346e-03 1.861131e-02 2.267126e-03
      vertex -5.506346e-03 1.872308e-02 9.809103e-04
      vertex -5.515462e-03 1.852758e-02 2.287896e-03
    endloop
  endfacet
  facet normal -1.949646e-01 9.776131e-01 7.912867e-02
    outer loop
      vertex -5.134536e-03 1.896161e-02 1.827023e-03
      vertex -5.244996e-03 1.899848e-02 1.099283e-03
      vertex -5.244996e-03 1.892725e-02 1.979262e-03
    endloop
  endfacet
  facet normal -9.934851e-01 1.125752e-01 1.772479e-02
    outer loop
      vertex -5.506346e-03 1.840763e-02 3.560707e-03
      vertex -5.506346e-03 1.861131e-02 2.267126e-03
      vertex -5.515462e-03 1.852758e-02 2.287896e-03
    endloop
  endfacet
  facet normal -2.804338e-01 9.506199e-01 1.329611e-01
    outer loop
      vertex -5.134536e-03 1.887239e-02 2.604460e-03
      vertex -5.244996e-03 1.892725e-02 1.979262e-03
      vertex -5.244996e-03 1.874366e-02 3.291858e-03
    endloop
  endfacet
  facet normal -9.906559e-01 1.329278e-01 3.051354e-02
    outer loop
      vertex -5.506346e-03 1.811885e-02 4.818745e-03
      vertex -5.506346e-03 1.840763e-02 3.560707e-03
      vertex -5.515462e-03 1.826287e-02 3.895359e-03
    endloop
  endfacet
  facet normal -2.317481e-01 9.517377e-01 2.012167e-01
    outer loop
      vertex -5.134536e-03 1.852056e-02 4.474344e-03
      vertex -5.244996e-03 1.874366e-02 3.291858e-03
      vertex -5.244996e-03 1.847345e-02 4.569965e-03
    endloop
  endfacet
  facet normal -9.881657e-01 1.455910e-01 4.828946e-02
    outer loop
      vertex -5.495602e-03 1.787293e-02 5.780040e-03
      vertex -5.506346e-03 1.811885e-02 4.818745e-03
      vertex -5.515462e-03 1.795869e-02 5.115074e-03
    endloop
  endfacet
  facet normal -9.849412e-01 1.632031e-01 5.705856e-02
    outer loop
      vertex -5.495602e-03 1.758427e-02 6.605692e-03
      vertex -5.495602e-03 1.787293e-02 5.780040e-03
      vertex -5.515462e-03 1.751367e-02 6.464797e-03
    endloop
  endfacet
  facet normal -2.577326e-01 9.103082e-01 3.239026e-01
    outer loop
      vertex -5.134536e-03 1.785205e-02 6.658497e-03
      vertex -5.263287e-03 1.810180e-02 5.854120e-03
      vertex -5.272432e-03 1.776572e-02 6.791382e-03
    endloop
  endfacet
  facet normal -9.862864e-01 1.527588e-01 6.248150e-02
    outer loop
      vertex -5.495602e-03 1.719366e-02 7.560689e-03
      vertex -5.495602e-03 1.758427e-02 6.605692e-03
      vertex -5.515462e-03 1.751367e-02 6.464797e-03
    endloop
  endfacet
  facet normal -3.198596e-01 8.722519e-01 3.699546e-01
    outer loop
      vertex -5.134536e-03 1.757460e-02 7.361206e-03
      vertex -5.272432e-03 1.776572e-02 6.791382e-03
      vertex -5.258330e-03 1.712509e-02 8.314015e-03
    endloop
  endfacet
  facet normal -2.453570e-01 8.535102e-01 4.596958e-01
    outer loop
      vertex -5.134536e-03 1.669401e-02 9.180469e-03
      vertex -5.258330e-03 1.712509e-02 8.314015e-03
      vertex -5.244996e-03 1.649895e-02 9.483667e-03
    endloop
  endfacet
  facet normal -2.263116e-01 8.337635e-01 5.036085e-01
    outer loop
      vertex -5.134536e-03 1.626138e-02 9.926631e-03
      vertex -5.244996e-03 1.649895e-02 9.483667e-03
      vertex -5.252935e-03 1.593667e-02 1.041100e-02
    endloop
  endfacet
  facet normal -9.796885e-01 1.670016e-01 1.109994e-01
    outer loop
      vertex -5.495602e-03 1.515928e-02 1.108851e-02
      vertex -5.495602e-03 1.605878e-02 9.735190e-03
      vertex -5.515462e-03 1.525611e-02 1.076754e-02
    endloop
  endfacet
  facet normal -2.564934e-01 7.894690e-01 5.576288e-01
    outer loop
      vertex -5.131522e-03 1.560507e-02 1.093631e-02
      vertex -5.252935e-03 1.593667e-02 1.041100e-02
      vertex -5.244996e-03 1.529335e-02 1.132543e-02
    endloop
  endfacet
  facet normal -1.946208e-01 7.756174e-01 6.004501e-01
    outer loop
      vertex -5.134005e-03 1.476570e-02 1.204299e-02
      vertex -5.244996e-03 1.529335e-02 1.132543e-02
      vertex -5.250120e-03 1.463198e-02 1.217808e-02
    endloop
  endfacet
  facet normal -1.730804e-01 7.351896e-01 6.553926e-01
    outer loop
      vertex -5.134536e-03 1.402279e-02 1.289197e-02
      vertex -5.250120e-03 1.463198e-02 1.217808e-02
      vertex -5.285151e-03 1.389789e-02 1.299230e-02
    endloop
  endfacet
  facet normal -9.800275e-01 1.255374e-01 1.542289e-01
    outer loop
      vertex -5.495602e-03 1.109569e-02 1.515709e-02
      vertex -5.506346e-03 1.275198e-02 1.374065e-02
      vertex -5.515462e-03 1.219745e-02 1.413409e-02
    endloop
  endfacet
  facet normal -2.105318e-01 5.699996e-01 7.942146e-01
    outer loop
      vertex -5.128831e-03 1.132584e-02 1.532408e-02
      vertex -5.288360e-03 1.146390e-02 1.518270e-02
      vertex -5.282230e-03 1.067119e-02 1.575325e-02
    endloop
  endfacet
  facet normal -9.856754e-01 9.645570e-02 1.383487e-01
    outer loop
      vertex -5.495602e-03 1.038829e-02 1.565028e-02
      vertex -5.495602e-03 1.109569e-02 1.515709e-02
      vertex -5.515462e-03 1.062978e-02 1.534042e-02
    endloop
  endfacet
  facet normal -9.890832e-01 7.859581e-02 1.246481e-01
    outer loop
      vertex -5.495602e-03 9.644518e-03 1.611926e-02
      vertex -5.495602e-03 1.038829e-02 1.565028e-02
      vertex -5.515462e-03 1.062978e-02 1.534042e-02
    endloop
  endfacet
  facet normal -2.192762e-01 5.176613e-01 8.270095e-01
    outer loop
      vertex -5.134536e-03 1.036318e-02 1.598520e-02
      vertex -5.282230e-03 1.067119e-02 1.575325e-02
      vertex -5.256258e-03 9.417702e-03 1.654475e-02
    endloop
  endfacet
  facet normal -9.985280e-01 3.010145e-02 4.511934e-02
    outer loop
      vertex -5.506346e-03 8.147316e-03 1.688035e-02
      vertex -5.495602e-03 9.644518e-03 1.611926e-02
      vertex -5.536007e-03 8.693464e-03 1.585956e-02
    endloop
  endfacet
  facet normal -2.885812e-01 4.376344e-01 8.515850e-01
    outer loop
      vertex -5.136435e-03 8.581365e-03 1.701515e-02
      vertex -5.256258e-03 9.417702e-03 1.654475e-02
      vertex -5.258418e-03 8.033671e-03 1.725528e-02
    endloop
  endfacet
  facet normal -9.889028e-01 5.656289e-02 1.373749e-01
    outer loop
      vertex -5.495602e-03 6.908931e-03 1.746758e-02
      vertex -5.506346e-03 8.147316e-03 1.688035e-02
      vertex -5.515462e-03 7.902412e-03 1.691556e-02
    endloop
  endfacet
  facet normal -2.803517e-01 3.746291e-01 8.837737e-01
    outer loop
      vertex -5.138644e-03 7.418642e-03 1.755398e-02
      vertex -5.258418e-03 8.033671e-03 1.725528e-02
      vertex -5.259830e-03 6.815543e-03 1.777119e-02
    endloop
  endfacet
  facet normal -9.812453e-01 6.429340e-02 1.817250e-01
    outer loop
      vertex -5.495602e-03 5.683002e-03 1.790131e-02
      vertex -5.495602e-03 6.908931e-03 1.746758e-02
      vertex -5.515462e-03 6.240651e-03 1.759678e-02
    endloop
  endfacet
  facet normal -9.850130e-01 4.675832e-02 1.660215e-01
    outer loop
      vertex -5.495602e-03 4.425382e-03 1.825551e-02
      vertex -5.495602e-03 5.683002e-03 1.790131e-02
      vertex -5.515462e-03 4.513186e-03 1.811295e-02
    endloop
  endfacet
  facet normal -2.103108e-01 2.240919e-01 9.516051e-01
    outer loop
      vertex -5.133000e-03 4.655837e-03 1.847884e-02
      vertex -5.288708e-03 4.713966e-03 1.843074e-02
      vertex -5.166895e-03 3.789368e-03 1.867540e-02
    endloop
  endfacet
  facet normal -9.869172e-01 3.300209e-02 1.578142e-01
    outer loop
      vertex -5.501707e-03 2.444532e-03 1.863156e-02
      vertex -5.495602e-03 4.425382e-03 1.825551e-02
      vertex -5.515462e-03 4.513186e-03 1.811295e-02
    endloop
  endfacet
  facet normal -2.196344e-01 1.486093e-01 9.641971e-01
    outer loop
      vertex -5.135279e-03 2.803701e-03 1.884730e-02
      vertex -5.286012e-03 3.281597e-03 1.873931e-02
      vertex -5.239337e-03 2.056486e-03 1.893877e-02
    endloop
  endfacet
  facet normal -9.897228e-01 1.101255e-02 1.425746e-01
    outer loop
      vertex -5.500941e-03 7.027422e-04 1.877142e-02
      vertex -5.501707e-03 2.444532e-03 1.863156e-02
      vertex -5.515462e-03 1.052074e-03 1.864363e-02
    endloop
  endfacet
  facet normal -9.848360e-01 -3.263595e-03 1.734574e-01
    outer loop
      vertex -5.490714e-03 -8.568270e-04 1.880014e-02
      vertex -5.500941e-03 7.027422e-04 1.877142e-02
      vertex -5.515462e-03 -1.481886e-04 1.867296e-02
    endloop
  endfacet
  facet normal -9.829319e-01 -1.594820e-02 1.832771e-01
    outer loop
      vertex -5.486175e-03 -1.924695e-03 1.873156e-02
      vertex -5.490714e-03 -8.568270e-04 1.880014e-02
      vertex -5.515462e-03 -1.362035e-03 1.862345e-02
    endloop
  endfacet
  facet normal -9.860138e-01 -1.988963e-02 1.654727e-01
    outer loop
      vertex -5.495602e-03 -2.928510e-03 1.855473e-02
      vertex -5.486175e-03 -1.924695e-03 1.873156e-02
      vertex -5.515462e-03 -2.898904e-03 1.843995e-02
    endloop
  endfacet
  facet normal -9.862176e-01 -3.295571e-02 1.621379e-01
    outer loop
      vertex -5.485004e-03 -4.270347e-03 1.834645e-02
      vertex -5.495602e-03 -2.928510e-03 1.855473e-02
      vertex -5.515462e-03 -2.898904e-03 1.843995e-02
    endloop
  endfacet
  facet normal -9.886326e-01 -3.258874e-02 1.467773e-01
    outer loop
      vertex -5.495602e-03 -4.842430e-03 1.814805e-02
      vertex -5.485004e-03 -4.270347e-03 1.834645e-02
      vertex -5.515462e-03 -5.055884e-03 1.796689e-02
    endloop
  endfacet
  facet normal -9.855048e-01 -4.672213e-02 1.630869e-01
    outer loop
      vertex -5.506346e-03 -6.193663e-03 1.769602e-02
      vertex -5.495602e-03 -4.842430e-03 1.814805e-02
      vertex -5.515462e-03 -5.055884e-03 1.796689e-02
    endloop
  endfacet
  facet normal -1.831364e-01 -3.136591e-01 9.317076e-01
    outer loop
      vertex -5.114977e-03 -6.137449e-03 1.804006e-02
      vertex -5.192590e-03 -5.365974e-03 1.828452e-02
      vertex -5.259965e-03 -6.369664e-03 1.793339e-02
    endloop
  endfacet
  facet normal -9.833721e-01 -6.963333e-02 1.677214e-01
    outer loop
      vertex -5.495602e-03 -7.503972e-03 1.721501e-02
      vertex -5.506346e-03 -6.193663e-03 1.769602e-02
      vertex -5.515462e-03 -6.886092e-03 1.735509e-02
    endloop
  endfacet
  facet normal -2.298529e-01 -3.510972e-01 9.076885e-01
    outer loop
      vertex -5.134536e-03 -7.038742e-03 1.770635e-02
      vertex -5.259965e-03 -6.369664e-03 1.793339e-02
      vertex -5.287651e-03 -7.358154e-03 1.754403e-02
    endloop
  endfacet
  facet normal -2.705818e-01 -4.007861e-01 8.753034e-01
    outer loop
      vertex -5.128796e-03 -8.085358e-03 1.726016e-02
      vertex -5.287651e-03 -7.358154e-03 1.754403e-02
      vertex -5.307832e-03 -8.398077e-03 1.706162e-02
    endloop
  endfacet
  facet normal -9.863245e-01 -7.050247e-02 1.489745e-01
    outer loop
      vertex -5.495602e-03 -8.678978e-03 1.665893e-02
      vertex -5.495602e-03 -7.503972e-03 1.721501e-02
      vertex -5.515462e-03 -8.610001e-03 1.656009e-02
    endloop
  endfacet
  facet normal -2.215358e-01 -4.503844e-01 8.649137e-01
    outer loop
      vertex -5.134536e-03 -9.029197e-03 1.677737e-02
      vertex -5.307832e-03 -8.398077e-03 1.706162e-02
      vertex -5.256323e-03 -9.366242e-03 1.657067e-02
    endloop
  endfacet
  facet normal -9.865016e-01 -7.674247e-02 1.446556e-01
    outer loop
      vertex -5.506346e-03 -9.706785e-03 1.604039e-02
      vertex -5.495602e-03 -8.678978e-03 1.665893e-02
      vertex -5.515462e-03 -8.610001e-03 1.656009e-02
    endloop
  endfacet
  facet normal -2.534717e-01 -5.060831e-01 8.243979e-01
    outer loop
      vertex -5.124095e-03 -9.897348e-03 1.628529e-02
      vertex -5.256323e-03 -9.366242e-03 1.657067e-02
      vertex -5.244996e-03 -1.032929e-02 1.598295e-02
    endloop
  endfacet
  facet normal -9.888418e-01 -8.216072e-02 1.242636e-01
    outer loop
      vertex -5.506346e-03 -1.089506e-02 1.525473e-02
      vertex -5.506346e-03 -9.706785e-03 1.604039e-02
      vertex -5.515462e-03 -1.014779e-02 1.567626e-02
    endloop
  endfacet
  facet normal -1.953310e-01 -5.503289e-01 8.117783e-01
    outer loop
      vertex -5.134536e-03 -1.093320e-02 1.560012e-02
      vertex -5.244996e-03 -1.032929e-02 1.598295e-02
      vertex -5.250974e-03 -1.123191e-02 1.536960e-02
    endloop
  endfacet
  facet normal -9.891309e-01 -9.054832e-02 1.158493e-01
    outer loop
      vertex -5.506346e-03 -1.225973e-02 1.418809e-02
      vertex -5.506346e-03 -1.089506e-02 1.525473e-02
      vertex -5.515462e-03 -1.129757e-02 1.486229e-02
    endloop
  endfacet
  facet normal -2.000474e-01 -6.049326e-01 7.707383e-01
    outer loop
      vertex -5.134536e-03 -1.166996e-02 1.505601e-02
      vertex -5.250974e-03 -1.123191e-02 1.536960e-02
      vertex -5.208110e-03 -1.240592e-02 1.445927e-02
    endloop
  endfacet
  facet normal -9.861894e-01 -1.155617e-01 1.186422e-01
    outer loop
      vertex -5.495602e-03 -1.315947e-02 1.340103e-02
      vertex -5.506346e-03 -1.225973e-02 1.418809e-02
      vertex -5.515462e-03 -1.265094e-02 1.373127e-02
    endloop
  endfacet
  facet normal -9.784895e-01 -1.504445e-01 1.411548e-01
    outer loop
      vertex -5.506346e-03 -1.435251e-02 1.205499e-02
      vertex -5.495602e-03 -1.315947e-02 1.340103e-02
      vertex -5.515462e-03 -1.370805e-02 1.267867e-02
    endloop
  endfacet
  facet normal -2.254989e-01 -7.215053e-01 6.546605e-01
    outer loop
      vertex -5.130978e-03 -1.433444e-02 1.255322e-02
      vertex -5.208880e-03 -1.354150e-02 1.340030e-02
      vertex -5.250078e-03 -1.461174e-02 1.220658e-02
    endloop
  endfacet
  facet normal -9.870106e-01 -1.272753e-01 9.803577e-02
    outer loop
      vertex -5.506346e-03 -1.538745e-02 1.071138e-02
      vertex -5.506346e-03 -1.435251e-02 1.205499e-02
      vertex -5.515462e-03 -1.472600e-02 1.147832e-02
    endloop
  endfacet
  facet normal -2.479446e-01 -7.712489e-01 5.862581e-01
    outer loop
      vertex -5.134536e-03 -1.529892e-02 1.135144e-02
      vertex -5.250078e-03 -1.461174e-02 1.220658e-02
      vertex -5.252011e-03 -1.567067e-02 1.081269e-02
    endloop
  endfacet
  facet normal -9.904790e-01 -1.161025e-01 7.397031e-02
    outer loop
      vertex -5.510904e-03 -1.611672e-02 9.505693e-03
      vertex -5.506346e-03 -1.538745e-02 1.071138e-02
      vertex -5.515462e-03 -1.551902e-02 1.038280e-02
    endloop
  endfacet
  facet normal -2.295429e-01 -8.260539e-01 5.147281e-01
    outer loop
      vertex -5.127717e-03 -1.585289e-02 1.057569e-02
      vertex -5.252011e-03 -1.567067e-02 1.081269e-02
      vertex -5.244996e-03 -1.644062e-02 9.580182e-03
    endloop
  endfacet
  facet normal -2.525766e-01 -8.501199e-01 4.620619e-01
    outer loop
      vertex -5.134536e-03 -1.691154e-02 8.774137e-03
      vertex -5.244996e-03 -1.644062e-02 9.580182e-03
      vertex -5.244996e-03 -1.701319e-02 8.526751e-03
    endloop
  endfacet
  facet normal -9.850851e-01 -1.538454e-01 7.706434e-02
    outer loop
      vertex -5.495602e-03 -1.698357e-02 8.025298e-03
      vertex -5.495602e-03 -1.659626e-02 8.798502e-03
      vertex -5.515462e-03 -1.680024e-02 8.137419e-03
    endloop
  endfacet
  facet normal -2.408117e-01 -8.781749e-01 4.133021e-01
    outer loop
      vertex -5.134536e-03 -1.731763e-02 7.944228e-03
      vertex -5.244996e-03 -1.701319e-02 8.526751e-03
      vertex -5.263287e-03 -1.738860e-02 7.718427e-03
    endloop
  endfacet
  facet normal -9.866731e-01 -1.481027e-01 6.739313e-02
    outer loop
      vertex -5.506346e-03 -1.746762e-02 6.804252e-03
      vertex -5.495602e-03 -1.698357e-02 8.025298e-03
      vertex -5.515462e-03 -1.680024e-02 8.137419e-03
    endloop
  endfacet
  facet normal -2.572941e-01 -8.932562e-01 3.686369e-01
    outer loop
      vertex -5.134536e-03 -1.768407e-02 7.092324e-03
      vertex -5.263287e-03 -1.738860e-02 7.718427e-03
      vertex -5.259230e-03 -1.788885e-02 6.509082e-03
    endloop
  endfacet
  facet normal -9.860207e-01 -1.583157e-01 5.195536e-02
    outer loop
      vertex -5.495602e-03 -1.793577e-02 5.581624e-03
      vertex -5.506346e-03 -1.746762e-02 6.804252e-03
      vertex -5.515462e-03 -1.760962e-02 6.198565e-03
    endloop
  endfacet
  facet normal -2.406843e-01 -9.253355e-01 2.929596e-01
    outer loop
      vertex -5.134536e-03 -1.827750e-02 5.383960e-03
      vertex -5.259230e-03 -1.788885e-02 6.509082e-03
      vertex -5.244996e-03 -1.829787e-02 5.228856e-03
    endloop
  endfacet
  facet normal -9.814449e-01 -1.851337e-01 4.991338e-02
    outer loop
      vertex -5.495602e-03 -1.827390e-02 4.327469e-03
      vertex -5.495602e-03 -1.793577e-02 5.581624e-03
      vertex -5.515462e-03 -1.812444e-02 4.491347e-03
    endloop
  endfacet
  facet normal -2.526300e-01 -9.361346e-01 2.446019e-01
    outer loop
      vertex -5.134536e-03 -1.842021e-02 4.874743e-03
      vertex -5.244996e-03 -1.829787e-02 5.228856e-03
      vertex -5.244996e-03 -1.851716e-02 4.389603e-03
    endloop
  endfacet
  facet normal -2.270859e-01 -9.526304e-01 2.023049e-01
    outer loop
      vertex -5.134536e-03 -1.858669e-02 4.186192e-03
      vertex -5.244996e-03 -1.851716e-02 4.389603e-03
      vertex -5.244996e-03 -1.870219e-02 3.518291e-03
    endloop
  endfacet
  facet normal -9.760317e-01 -2.138831e-01 4.020053e-02
    outer loop
      vertex -5.495602e-03 -1.859782e-02 2.604118e-03
      vertex -5.495602e-03 -1.827390e-02 4.327469e-03
      vertex -5.515462e-03 -1.839128e-02 3.220801e-03
    endloop
  endfacet
  facet normal -2.354065e-01 -9.598548e-01 1.525209e-01
    outer loop
      vertex -5.134536e-03 -1.877126e-02 3.254158e-03
      vertex -5.244996e-03 -1.870219e-02 3.518291e-03
      vertex -5.244996e-03 -1.885931e-02 2.529506e-03
    endloop
  endfacet
  facet normal -9.840762e-01 -1.766985e-01 1.928067e-02
    outer loop
      vertex -5.495602e-03 -1.873750e-02 1.323955e-03
      vertex -5.495602e-03 -1.859782e-02 2.604118e-03
      vertex -5.515462e-03 -1.860854e-02 1.492222e-03
    endloop
  endfacet
  facet normal -1.623756e-01 -9.806295e-01 1.095439e-01
    outer loop
      vertex -5.134536e-03 -1.898300e-02 1.586014e-03
      vertex -5.244996e-03 -1.885931e-02 2.529506e-03
      vertex -5.244996e-03 -1.896749e-02 1.561129e-03
    endloop
  endfacet
  facet normal -1.524019e-01 -9.863920e-01 6.167977e-02
    outer loop
      vertex -5.134536e-03 -1.898300e-02 1.586014e-03
      vertex -5.244996e-03 -1.896749e-02 1.561129e-03
      vertex -5.244996e-03 -1.900932e-02 8.922070e-04
    endloop
  endfacet
  facet normal -9.866822e-01 -1.624601e-01 8.060171e-03
    outer loop
      vertex -5.515462e-03 -1.867533e-02 1.459010e-04
      vertex -5.495602e-03 -1.873750e-02 1.323955e-03
      vertex -5.515462e-03 -1.860854e-02 1.492222e-03
    endloop
  endfacet
  facet normal -2.270003e-01 -9.738752e-01 6.160737e-03
    outer loop
      vertex -5.134536e-03 -1.904922e-02 -1.231093e-04
      vertex -5.134536e-03 -1.904611e-02 3.689539e-04
      vertex -5.244996e-03 -1.902542e-02 -4.315314e-04
    endloop
  endfacet
  facet normal -1.964956e-01 -9.794746e-01 -4.493216e-02
    outer loop
      vertex -5.134536e-03 -1.901406e-02 -1.162440e-03
      vertex -5.244996e-03 -1.902542e-02 -4.315314e-04
      vertex -5.244996e-03 -1.898517e-02 -1.309082e-03
    endloop
  endfacet
  facet normal -9.904283e-01 -1.373003e-01 -1.415875e-02
    outer loop
      vertex -5.506346e-03 -1.856699e-02 -2.583216e-03
      vertex -5.506346e-03 -1.871119e-02 -1.184884e-03
      vertex -5.515462e-03 -1.858462e-02 -1.774547e-03
    endloop
  endfacet
  facet normal -2.174337e-01 -9.719630e-01 -8.950169e-02
    outer loop
      vertex -5.134536e-03 -1.895663e-02 -1.887385e-03
      vertex -5.244996e-03 -1.898517e-02 -1.309082e-03
      vertex -5.244996e-03 -1.890464e-02 -2.183554e-03
    endloop
  endfacet
  facet normal -2.296489e-01 -9.639871e-01 -1.341278e-01
    outer loop
      vertex -5.134536e-03 -1.887239e-02 -2.604460e-03
      vertex -5.244996e-03 -1.890464e-02 -2.183554e-03
      vertex -5.244996e-03 -1.878271e-02 -3.059869e-03
    endloop
  endfacet
  facet normal -9.765830e-01 -2.111090e-01 -4.145663e-02
    outer loop
      vertex -5.495602e-03 -1.827639e-02 -4.316129e-03
      vertex -5.506346e-03 -1.856699e-02 -2.583216e-03
      vertex -5.515462e-03 -1.833810e-02 -3.534019e-03
    endloop
  endfacet
  facet normal -2.520907e-01 -9.492476e-01 -1.880939e-01
    outer loop
      vertex -5.134536e-03 -1.876186e-02 -3.313160e-03
      vertex -5.244996e-03 -1.878271e-02 -3.059869e-03
      vertex -5.295276e-03 -1.859641e-02 -3.932696e-03
    endloop
  endfacet
  facet normal -2.779216e-01 -9.368805e-01 -2.121662e-01
    outer loop
      vertex -5.134536e-03 -1.858669e-02 -4.186192e-03
      vertex -5.295276e-03 -1.859641e-02 -3.932696e-03
      vertex -5.244996e-03 -1.841311e-02 -4.807973e-03
    endloop
  endfacet
  facet normal -9.798229e-01 -1.930228e-01 -5.185746e-02
    outer loop
      vertex -5.495602e-03 -1.793960e-02 -5.569722e-03
      vertex -5.495602e-03 -1.827639e-02 -4.316129e-03
      vertex -5.515462e-03 -1.799210e-02 -4.999072e-03
    endloop
  endfacet
  facet normal -2.591536e-01 -9.262836e-01 -2.735657e-01
    outer loop
      vertex -5.134536e-03 -1.835738e-02 -5.101316e-03
      vertex -5.244996e-03 -1.841311e-02 -4.807973e-03
      vertex -5.295276e-03 -1.818419e-02 -5.535470e-03
    endloop
  endfacet
  facet normal -2.456199e-01 -9.279561e-01 -2.803004e-01
    outer loop
      vertex -5.134536e-03 -1.810358e-02 -5.943163e-03
      vertex -5.295276e-03 -1.818419e-02 -5.535470e-03
      vertex -5.263287e-03 -1.803756e-02 -6.048923e-03
    endloop
  endfacet
  facet normal -2.983118e-01 -8.937459e-01 -3.350051e-01
    outer loop
      vertex -5.134536e-03 -1.785205e-02 -6.658497e-03
      vertex -5.263287e-03 -1.803756e-02 -6.048923e-03
      vertex -5.263287e-03 -1.756937e-02 -7.297975e-03
    endloop
  endfacet
  facet normal -2.509611e-01 -8.840249e-01 -3.943583e-01
    outer loop
      vertex -5.134536e-03 -1.731763e-02 -7.944228e-03
      vertex -5.263287e-03 -1.756937e-02 -7.297975e-03
      vertex -5.257445e-03 -1.703878e-02 -8.491122e-03
    endloop
  endfacet
  facet normal -9.836829e-01 -1.604816e-01 -8.132424e-02
    outer loop
      vertex -5.495602e-03 -1.660141e-02 -8.778076e-03
      vertex -5.506346e-03 -1.718196e-02 -7.502491e-03
      vertex -5.515462e-03 -1.680147e-02 -8.143072e-03
    endloop
  endfacet
  facet normal -2.625075e-01 -8.441854e-01 -4.673765e-01
    outer loop
      vertex -5.134536e-03 -1.675077e-02 -9.080361e-03
      vertex -5.257445e-03 -1.703878e-02 -8.491122e-03
      vertex -5.244996e-03 -1.638582e-02 -9.677494e-03
    endloop
  endfacet
  facet normal -9.842505e-01 -1.536342e-01 -8.744989e-02
    outer loop
      vertex -5.495602e-03 -1.595152e-02 -9.919821e-03
      vertex -5.495602e-03 -1.660141e-02 -8.778076e-03
      vertex -5.515462e-03 -1.588552e-02 -9.812250e-03
    endloop
  endfacet
  facet normal -2.368834e-01 -8.230793e-01 -5.161654e-01
    outer loop
      vertex -5.134536e-03 -1.626138e-02 -9.926631e-03
      vertex -5.244996e-03 -1.638582e-02 -9.677494e-03
      vertex -5.251478e-03 -1.568806e-02 -1.078717e-02
    endloop
  endfacet
  facet normal -9.850571e-01 -1.450435e-01 -9.286994e-02
    outer loop
      vertex -5.506346e-03 -1.519835e-02 -1.098216e-02
      vertex -5.495602e-03 -1.595152e-02 -9.919821e-03
      vertex -5.515462e-03 -1.588552e-02 -9.812250e-03
    endloop
  endfacet
  facet normal -2.229110e-01 -7.793076e-01 -5.856538e-01
    outer loop
      vertex -5.134536e-03 -1.533239e-02 -1.130497e-02
      vertex -5.251478e-03 -1.568806e-02 -1.078717e-02
      vertex -5.250416e-03 -1.476214e-02 -1.201966e-02
    endloop
  endfacet
  facet normal -1.551689e-01 -7.443733e-01 -6.494852e-01
    outer loop
      vertex -5.109374e-03 -1.469960e-02 -1.212504e-02
      vertex -5.250416e-03 -1.476214e-02 -1.201966e-02
      vertex -5.248490e-03 -1.389942e-02 -1.300888e-02
    endloop
  endfacet
  facet normal -1.581243e-01 -6.997649e-01 -6.966533e-01
    outer loop
      vertex -5.119882e-03 -1.379997e-02 -1.313797e-02
      vertex -5.248490e-03 -1.389942e-02 -1.300888e-02
      vertex -5.248603e-03 -1.312309e-02 -1.378866e-02
    endloop
  endfacet
  facet normal -1.848646e-01 -6.579758e-01 -7.299952e-01
    outer loop
      vertex -5.120181e-03 -1.276669e-02 -1.414242e-02
      vertex -5.248603e-03 -1.312309e-02 -1.378866e-02
      vertex -5.249397e-03 -1.231071e-02 -1.452069e-02
    endloop
  endfacet
  facet normal -9.851866e-01 -1.050817e-01 -1.355184e-01
    outer loop
      vertex -5.495602e-03 -1.127027e-02 -1.502160e-02
      vertex -5.506346e-03 -1.235239e-02 -1.410441e-02
      vertex -5.515462e-03 -1.189843e-02 -1.439014e-02
    endloop
  endfacet
  facet normal -2.570681e-01 -5.972316e-01 -7.597568e-01
    outer loop
      vertex -5.137554e-03 -1.175733e-02 -1.499354e-02
      vertex -5.249397e-03 -1.231071e-02 -1.452069e-02
      vertex -5.281214e-03 -1.121176e-02 -1.537379e-02
    endloop
  endfacet
  facet normal -9.798907e-01 -1.147561e-01 -1.632340e-01
    outer loop
      vertex -5.495602e-03 -1.020595e-02 -1.576983e-02
      vertex -5.495602e-03 -1.127027e-02 -1.502160e-02
      vertex -5.515462e-03 -1.064785e-02 -1.533995e-02
    endloop
  endfacet
  facet normal -9.936135e-01 -6.294831e-02 -9.364679e-02
    outer loop
      vertex -5.506346e-03 -9.160310e-03 -1.635870e-02
      vertex -5.495602e-03 -1.020595e-02 -1.576983e-02
      vertex -5.515462e-03 -9.106920e-03 -1.629787e-02
    endloop
  endfacet
  facet normal -9.933134e-01 -5.236216e-02 -1.028921e-01
    outer loop
      vertex -5.506346e-03 -7.895457e-03 -1.700239e-02
      vertex -5.506346e-03 -9.160310e-03 -1.635870e-02
      vertex -5.515462e-03 -9.106920e-03 -1.629787e-02
    endloop
  endfacet
  facet normal -2.506131e-01 -3.883612e-01 -8.867743e-01
    outer loop
      vertex -5.134536e-03 -7.680696e-03 -1.743716e-02
      vertex -5.198243e-03 -8.403747e-03 -1.710250e-02
      vertex -5.197253e-03 -6.845118e-03 -1.778538e-02
    endloop
  endfacet
  facet normal -9.824752e-01 -6.822744e-02 -1.734576e-01
    outer loop
      vertex -5.495602e-03 -6.301195e-03 -1.769033e-02
      vertex -5.506346e-03 -7.895457e-03 -1.700239e-02
      vertex -5.515462e-03 -7.304321e-03 -1.718327e-02
    endloop
  endfacet
  facet normal -9.728067e-01 -6.755107e-02 -2.215490e-01
    outer loop
      vertex -5.495602e-03 -4.633301e-03 -1.819888e-02
      vertex -5.495602e-03 -6.301195e-03 -1.769033e-02
      vertex -5.515462e-03 -5.743876e-03 -1.777305e-02
    endloop
  endfacet
  facet normal -2.909177e-01 -2.756238e-01 -9.161869e-01
    outer loop
      vertex -5.134211e-03 -5.658551e-03 -1.819862e-02
      vertex -5.259636e-03 -6.180193e-03 -1.800186e-02
      vertex -5.258498e-03 -4.710969e-03 -1.844422e-02
    endloop
  endfacet
  facet normal -9.757446e-01 -4.342815e-02 -2.145612e-01
    outer loop
      vertex -5.486721e-03 -2.572834e-03 -1.865631e-02
      vertex -5.495602e-03 -4.633301e-03 -1.819888e-02
      vertex -5.515462e-03 -4.201592e-03 -1.819594e-02
    endloop
  endfacet
  facet normal -2.461307e-01 -2.037848e-01 -9.475713e-01
    outer loop
      vertex -5.132004e-03 -4.389688e-03 -1.854618e-02
      vertex -5.258498e-03 -4.710969e-03 -1.844422e-02
      vertex -5.203273e-03 -3.213318e-03 -1.878065e-02
    endloop
  endfacet
  facet normal -9.811069e-01 1.422823e-03 -1.934612e-01
    outer loop
      vertex -5.487688e-03 1.031950e-03 -1.880178e-02
      vertex -5.491747e-03 -9.287643e-04 -1.879562e-02
      vertex -5.515462e-03 3.903919e-04 -1.866565e-02
    endloop
  endfacet
  facet normal -1.627896e-01 6.947630e-02 -9.842117e-01
    outer loop
      vertex -5.118840e-03 1.295362e-03 -1.900748e-02
      vertex -5.213311e-03 5.894623e-04 -1.904168e-02
      vertex -5.206441e-03 2.079515e-03 -1.893764e-02
    endloop
  endfacet
  facet normal -9.799877e-01 1.961998e-02 -1.980888e-01
    outer loop
      vertex -5.487041e-03 2.556808e-03 -1.865395e-02
      vertex -5.487688e-03 1.031950e-03 -1.880178e-02
      vertex -5.515462e-03 1.820465e-03 -1.858628e-02
    endloop
  endfacet
  facet normal -9.845300e-01 2.964595e-02 -1.726897e-01
    outer loop
      vertex -5.497970e-03 4.483156e-03 -1.826095e-02
      vertex -5.487041e-03 2.556808e-03 -1.865395e-02
      vertex -5.515462e-03 3.788557e-03 -1.828046e-02
    endloop
  endfacet
  facet normal -2.595753e-01 2.490514e-01 -9.330563e-01
    outer loop
      vertex -5.132394e-03 5.109834e-03 -1.835880e-02
      vertex -5.195473e-03 4.109423e-03 -1.860828e-02
      vertex -5.328348e-03 5.299668e-03 -1.825361e-02
    endloop
  endfacet
  facet normal -9.784127e-01 6.326565e-02 -1.967386e-01
    outer loop
      vertex -5.495602e-03 6.493993e-03 -1.762609e-02
      vertex -5.497970e-03 4.483156e-03 -1.826095e-02
      vertex -5.515462e-03 5.441865e-03 -1.786566e-02
    endloop
  endfacet
  facet normal -2.509791e-01 2.908468e-01 -9.232647e-01
    outer loop
      vertex -5.134536e-03 5.943163e-03 -1.810358e-02
      vertex -5.328348e-03 5.299668e-03 -1.825361e-02
      vertex -5.322002e-03 6.170680e-03 -1.798095e-02
    endloop
  endfacet
  facet normal -9.751007e-01 8.867233e-02 -2.032631e-01
    outer loop
      vertex -5.481617e-03 7.631005e-03 -1.719717e-02
      vertex -5.495602e-03 6.493993e-03 -1.762609e-02
      vertex -5.515462e-03 7.015470e-03 -1.730333e-02
    endloop
  endfacet
  facet normal -9.770651e-01 8.722687e-02 -1.942557e-01
    outer loop
      vertex -5.506346e-03 8.818574e-03 -1.653953e-02
      vertex -5.481617e-03 7.631005e-03 -1.719717e-02
      vertex -5.515462e-03 7.015470e-03 -1.730333e-02
    endloop
  endfacet
  facet normal -2.123712e-01 4.413493e-01 -8.718425e-01
    outer loop
      vertex -5.134536e-03 8.978771e-03 -1.680516e-02
      vertex -5.258454e-03 7.995909e-03 -1.727253e-02
      vertex -5.256418e-03 9.189885e-03 -1.666860e-02
    endloop
  endfacet
  facet normal -9.885968e-01 7.693766e-02 -1.294484e-01
    outer loop
      vertex -5.506346e-03 1.035140e-02 -1.562849e-02
      vertex -5.506346e-03 8.818574e-03 -1.653953e-02
      vertex -5.515462e-03 9.252532e-03 -1.621198e-02
    endloop
  endfacet
  facet normal -2.196852e-01 5.003317e-01 -8.375002e-01
    outer loop
      vertex -5.134536e-03 9.580853e-03 -1.646700e-02
      vertex -5.256418e-03 9.189885e-03 -1.666860e-02
      vertex -5.244996e-03 1.013423e-02 -1.610743e-02
    endloop
  endfacet
  facet normal -2.134983e-01 5.382641e-01 -8.152854e-01
    outer loop
      vertex -5.134536e-03 1.036318e-02 -1.598520e-02
      vertex -5.244996e-03 1.013423e-02 -1.610743e-02
      vertex -5.251515e-03 1.104351e-02 -1.550540e-02
    endloop
  endfacet
  facet normal -9.847393e-01 1.034795e-01 -1.399306e-01
    outer loop
      vertex -5.495602e-03 1.143081e-02 -1.490587e-02
      vertex -5.506346e-03 1.035140e-02 -1.562849e-02
      vertex -5.515462e-03 1.078573e-02 -1.524315e-02
    endloop
  endfacet
  facet normal -1.808690e-01 5.979771e-01 -7.808391e-01
    outer loop
      vertex -5.118638e-03 1.191623e-02 -1.486785e-02
      vertex -5.251515e-03 1.104351e-02 -1.550540e-02
      vertex -5.249712e-03 1.210370e-02 -1.469392e-02
    endloop
  endfacet
  facet normal -4.985098e-02 6.507807e-01 -7.576274e-01
    outer loop
      vertex -4.963579e-03 1.275656e-02 -1.415196e-02
      vertex -5.249712e-03 1.210370e-02 -1.469392e-02
      vertex -5.171241e-03 1.287241e-02 -1.403878e-02
    endloop
  endfacet
  facet normal -9.857186e-01 1.139613e-01 -1.239828e-01
    outer loop
      vertex -5.506346e-03 1.336917e-02 -1.314104e-02
      vertex -5.510904e-03 1.212156e-02 -1.425158e-02
      vertex -5.515462e-03 1.282057e-02 -1.357283e-02
    endloop
  endfacet
  facet normal -1.656052e-01 6.807395e-01 -7.135605e-01
    outer loop
      vertex -5.134536e-03 1.322560e-02 -1.371036e-02
      vertex -5.171241e-03 1.287241e-02 -1.403878e-02
      vertex -5.256542e-03 1.345767e-02 -1.346064e-02
    endloop
  endfacet
  facet normal -1.658278e-01 7.188756e-01 -6.750696e-01
    outer loop
      vertex -5.102175e-03 1.371806e-02 -1.322128e-02
      vertex -5.256542e-03 1.345767e-02 -1.346064e-02
      vertex -5.249006e-03 1.431805e-02 -1.254628e-02
    endloop
  endfacet
  facet normal -9.827673e-01 1.386040e-01 -1.223001e-01
    outer loop
      vertex -5.506346e-03 1.462604e-02 -1.171662e-02
      vertex -5.506346e-03 1.336917e-02 -1.314104e-02
      vertex -5.515462e-03 1.382171e-02 -1.255492e-02
    endloop
  endfacet
  facet normal -2.216829e-01 7.577332e-01 -6.137565e-01
    outer loop
      vertex -5.143327e-03 1.515983e-02 -1.154520e-02
      vertex -5.249006e-03 1.431805e-02 -1.254628e-02
      vertex -5.251744e-03 1.528416e-02 -1.135255e-02
    endloop
  endfacet
  facet normal -9.830710e-01 1.490614e-01 -1.065467e-01
    outer loop
      vertex -5.510904e-03 1.576477e-02 -1.008146e-02
      vertex -5.506346e-03 1.462604e-02 -1.171662e-02
      vertex -5.515462e-03 1.494987e-02 -1.117946e-02
    endloop
  endfacet
  facet normal -2.606561e-01 8.009894e-01 -5.389568e-01
    outer loop
      vertex -5.134536e-03 1.585907e-02 -1.055481e-02
      vertex -5.251744e-03 1.528416e-02 -1.135255e-02
      vertex -5.254264e-03 1.627165e-02 -9.883739e-03
    endloop
  endfacet
  facet normal -2.595349e-01 8.479392e-01 -4.622128e-01
    outer loop
      vertex -5.134536e-03 1.691275e-02 -8.774862e-03
      vertex -5.254264e-03 1.627165e-02 -9.883739e-03
      vertex -5.257731e-03 1.712130e-02 -8.323095e-03
    endloop
  endfacet
  facet normal -9.830883e-01 1.684963e-01 -7.173892e-02
    outer loop
      vertex -5.495602e-03 1.742550e-02 -7.014637e-03
      vertex -5.506346e-03 1.686266e-02 -8.189364e-03
      vertex -5.515462e-03 1.703545e-02 -7.658607e-03
    endloop
  endfacet
  facet normal -2.203548e-01 8.948270e-01 -3.882375e-01
    outer loop
      vertex -5.134536e-03 1.768535e-02 -7.092974e-03
      vertex -5.257731e-03 1.712130e-02 -8.323095e-03
      vertex -5.263287e-03 1.764868e-02 -7.104414e-03
    endloop
  endfacet
  facet normal -9.786818e-01 1.933341e-01 -6.930906e-02
    outer loop
      vertex -5.495602e-03 1.786523e-02 -5.788033e-03
      vertex -5.495602e-03 1.742550e-02 -7.014637e-03
      vertex -5.515462e-03 1.752875e-02 -6.446187e-03
    endloop
  endfacet
  facet normal -2.376027e-01 9.092635e-01 -3.417379e-01
    outer loop
      vertex -5.134536e-03 1.793216e-02 -6.439681e-03
      vertex -5.263287e-03 1.764868e-02 -7.104414e-03
      vertex -5.263287e-03 1.796000e-02 -6.276070e-03
    endloop
  endfacet
  facet normal -2.519290e-01 9.206901e-01 -2.980966e-01
    outer loop
      vertex -5.134536e-03 1.817516e-02 -5.720367e-03
      vertex -5.263287e-03 1.796000e-02 -6.276070e-03
      vertex -5.263287e-03 1.822807e-02 -5.448130e-03
    endloop
  endfacet
  facet normal -9.751413e-01 2.132915e-01 -6.005076e-02
    outer loop
      vertex -5.506346e-03 1.829421e-02 -4.089863e-03
      vertex -5.495602e-03 1.786523e-02 -5.788033e-03
      vertex -5.515462e-03 1.797268e-02 -5.083888e-03
    endloop
  endfacet
  facet normal -2.716012e-01 9.295881e-01 -2.491960e-01
    outer loop
      vertex -5.134536e-03 1.837377e-02 -5.044957e-03
      vertex -5.263287e-03 1.822807e-02 -5.448130e-03
      vertex -5.244996e-03 1.849387e-02 -4.476529e-03
    endloop
  endfacet
  facet normal -2.691349e-01 9.423492e-01 -1.988575e-01
    outer loop
      vertex -5.134536e-03 1.858669e-02 -4.186192e-03
      vertex -5.244996e-03 1.849387e-02 -4.476529e-03
      vertex -5.244996e-03 1.874224e-02 -3.299562e-03
    endloop
  endfacet
  facet normal -9.896145e-01 1.415785e-01 -2.487496e-02
    outer loop
      vertex -5.506346e-03 1.859220e-02 -2.393860e-03
      vertex -5.506346e-03 1.829421e-02 -4.089863e-03
      vertex -5.515462e-03 1.827315e-02 -3.847103e-03
    endloop
  endfacet
  facet normal -1.940626e-01 9.698122e-01 -1.476615e-01
    outer loop
      vertex -5.134536e-03 1.877126e-02 -3.254158e-03
      vertex -5.244996e-03 1.874224e-02 -3.299562e-03
      vertex -5.244996e-03 1.887407e-02 -2.433739e-03
    endloop
  endfacet
  facet normal -2.479951e-01 9.639561e-01 -9.636900e-02
    outer loop
      vertex -5.134536e-03 1.896310e-02 -1.827458e-03
      vertex -5.244996e-03 1.887407e-02 -2.433739e-03
      vertex -5.244996e-03 1.897432e-02 -1.430903e-03
    endloop
  endfacet
  facet normal -9.718936e-01 2.350730e-01 -1.279125e-02
    outer loop
      vertex -5.473004e-03 1.880087e-02 -1.092358e-03
      vertex -5.506346e-03 1.859220e-02 -2.393860e-03
      vertex -5.515462e-03 1.860438e-02 -1.477392e-03
    endloop
  endfacet
  facet normal -9.684114e-01 2.485503e-01 -2.005301e-02
    outer loop
      vertex -5.495602e-03 1.878278e-02 -2.252875e-04
      vertex -5.473004e-03 1.880087e-02 -1.092358e-03
      vertex -5.515462e-03 1.860438e-02 -1.477392e-03
    endloop
  endfacet
  facet normal -2.826700e-01 9.584354e-01 -3.872003e-02
    outer loop
      vertex -5.134536e-03 1.903990e-02 -6.140408e-04
      vertex -5.244996e-03 1.897432e-02 -1.430903e-03
      vertex -5.244996e-03 1.902752e-02 -1.141451e-04
    endloop
  endfacet
  facet normal -9.981769e-01 -1.065299e-02 5.940795e-02
    outer loop
      vertex -5.529808e-03 -2.932165e-03 1.799115e-02
      vertex -5.574773e-03 -2.417749e-03 1.732788e-02
      vertex -5.574773e-03 -3.823642e-03 1.707578e-02
    endloop
  endfacet
  facet normal -9.980422e-01 -4.319701e-02 4.523007e-02
    outer loop
      vertex -5.574773e-03 -1.126997e-02 1.337810e-02
      vertex -5.574773e-03 -1.284579e-02 1.187310e-02
      vertex -5.536007e-03 -1.240801e-02 1.314661e-02
    endloop
  endfacet
  facet normal -9.980163e-01 -4.868601e-02 3.991320e-02
    outer loop
      vertex -5.574773e-03 -1.284579e-02 1.187310e-02
      vertex -5.536007e-03 -1.435551e-02 1.100088e-02
      vertex -5.536007e-03 -1.355709e-02 1.197479e-02
    endloop
  endfacet
  facet normal -9.977582e-01 -5.463063e-02 3.865326e-02
    outer loop
      vertex -5.574773e-03 -1.421938e-02 1.019262e-02
      vertex -5.536007e-03 -1.515335e-02 9.873260e-03
      vertex -5.536007e-03 -1.435551e-02 1.100088e-02
    endloop
  endfacet
  facet normal -9.978971e-01 -5.676581e-02 3.129067e-02
    outer loop
      vertex -5.574773e-03 -1.560047e-02 7.919697e-03
      vertex -5.536007e-03 -1.591318e-02 8.588686e-03
      vertex -5.574773e-03 -1.495925e-02 9.082960e-03
    endloop
  endfacet
  facet normal -9.977859e-01 -5.930911e-02 3.009539e-02
    outer loop
      vertex -5.574773e-03 -1.560047e-02 7.919697e-03
      vertex -5.536007e-03 -1.642781e-02 7.574498e-03
      vertex -5.536007e-03 -1.591318e-02 8.588686e-03
    endloop
  endfacet
  facet normal -9.976927e-01 -6.297267e-02 2.537273e-02
    outer loop
      vertex -5.574773e-03 -1.620166e-02 6.611445e-03
      vertex -5.536007e-03 -1.700344e-02 6.145835e-03
      vertex -5.536007e-03 -1.642781e-02 7.574498e-03
    endloop
  endfacet
  facet normal -9.979234e-01 -6.221957e-02 1.665877e-02
    outer loop
      vertex -5.574773e-03 -1.704887e-02 3.930507e-03
      vertex -5.536007e-03 -1.747144e-02 4.674459e-03
      vertex -5.574773e-03 -1.669119e-02 5.266419e-03
    endloop
  endfacet
  facet normal -9.978691e-01 -6.508846e-02 4.545176e-03
    outer loop
      vertex -5.574773e-03 -1.748225e-02 6.775081e-04
      vertex -5.536007e-03 -1.807489e-02 7.014426e-04
      vertex -5.536007e-03 -1.800340e-02 1.725303e-03
    endloop
  endfacet
  facet normal -9.978668e-01 -6.528250e-02 -2.634164e-04
    outer loop
      vertex -5.574773e-03 -1.748225e-02 6.775081e-04
      vertex -5.536007e-03 -1.806928e-02 -6.897086e-04
      vertex -5.536007e-03 -1.807489e-02 7.014426e-04
    endloop
  endfacet
  facet normal -9.976900e-01 -6.766316e-02 -6.023474e-03
    outer loop
      vertex -5.574773e-03 -1.746023e-02 -1.110385e-03
      vertex -5.536007e-03 -1.790685e-02 -2.514301e-03
      vertex -5.536007e-03 -1.806928e-02 -6.897086e-04
    endloop
  endfacet
  facet normal -9.978141e-01 -6.510010e-02 -1.135631e-02
    outer loop
      vertex -5.574773e-03 -1.711938e-02 -3.622337e-03
      vertex -5.536007e-03 -1.767384e-02 -3.850050e-03
      vertex -5.536007e-03 -1.790685e-02 -2.514301e-03
    endloop
  endfacet
  facet normal -9.977498e-01 -5.889338e-02 -3.204436e-02
    outer loop
      vertex -5.574773e-03 -1.560804e-02 -7.904599e-03
      vertex -5.536007e-03 -1.548220e-02 -9.342913e-03
      vertex -5.536007e-03 -1.628494e-02 -7.867591e-03
    endloop
  endfacet
  facet normal -9.978285e-01 2.162511e-03 -6.582999e-02
    outer loop
      vertex -5.574773e-03 1.130714e-03 -1.746442e-02
      vertex -5.536007e-03 1.168677e-03 -1.805077e-02
      vertex -5.574773e-03 1.114850e-04 -1.749790e-02
    endloop
  endfacet
  facet normal -9.978246e-01 1.262056e-02 -6.470521e-02
    outer loop
      vertex -5.574773e-03 4.144940e-03 -1.699729e-02
      vertex -5.536007e-03 4.284102e-03 -1.756796e-02
      vertex -5.536007e-03 2.666846e-03 -1.788340e-02
    endloop
  endfacet
  facet normal -9.979056e-01 4.551798e-02 -4.596220e-02
    outer loop
      vertex -5.574773e-03 1.284579e-02 -1.187310e-02
      vertex -5.536007e-03 1.324184e-02 -1.232255e-02
      vertex -5.536007e-03 1.228893e-02 -1.326624e-02
    endloop
  endfacet
  facet normal -9.978670e-01 4.987248e-02 -4.212178e-02
    outer loop
      vertex -5.574773e-03 1.284579e-02 -1.187310e-02
      vertex -5.536007e-03 1.424779e-02 -1.113149e-02
      vertex -5.536007e-03 1.324184e-02 -1.232255e-02
    endloop
  endfacet
  facet normal -9.976717e-01 5.604083e-02 -3.886625e-02
    outer loop
      vertex -5.574773e-03 1.472017e-02 -9.455284e-03
      vertex -5.536007e-03 1.532958e-02 -9.571672e-03
      vertex -5.536007e-03 1.424779e-02 -1.113149e-02
    endloop
  endfacet
  facet normal -9.976628e-01 6.208770e-02 -2.853180e-02
    outer loop
      vertex -5.574773e-03 1.620166e-02 -6.611445e-03
      vertex -5.536007e-03 1.686695e-02 -6.519242e-03
      vertex -5.574773e-03 1.560047e-02 -7.919697e-03
    endloop
  endfacet
  facet normal -9.977699e-01 6.667805e-02 3.059916e-03
    outer loop
      vertex -5.574773e-03 1.746023e-02 1.110385e-03
      vertex -5.536007e-03 1.801802e-02 1.596405e-03
      vertex -5.536007e-03 1.808085e-02 2.271644e-04
    endloop
  endfacet
  facet normal -9.980276e-01 6.224343e-02 8.169937e-03
    outer loop
      vertex -5.574773e-03 1.746023e-02 1.110385e-03
      vertex -5.536007e-03 1.783854e-02 2.963758e-03
      vertex -5.536007e-03 1.801802e-02 1.596405e-03
    endloop
  endfacet
  facet normal -9.979775e-01 6.154829e-02 1.589550e-02
    outer loop
      vertex -5.574773e-03 1.675108e-02 5.048414e-03
      vertex -5.536007e-03 1.750707e-02 4.555054e-03
      vertex -5.574773e-03 1.711938e-02 3.622337e-03
    endloop
  endfacet
  facet normal -9.977867e-01 6.367315e-02 1.916647e-02
    outer loop
      vertex -5.574773e-03 1.675108e-02 5.048414e-03
      vertex -5.536007e-03 1.717684e-02 5.652117e-03
      vertex -5.536007e-03 1.750707e-02 4.555054e-03
    endloop
  endfacet
  facet normal -9.976019e-01 5.311482e-02 4.437584e-02
    outer loop
      vertex -5.574773e-03 1.342279e-02 1.123006e-02
      vertex -5.536007e-03 1.327349e-02 1.228024e-02
      vertex -5.536007e-03 1.443774e-02 1.088672e-02
    endloop
  endfacet
  facet normal -9.981674e-01 9.207338e-03 5.980909e-02
    outer loop
      vertex -5.532872e-03 2.664558e-03 1.795687e-02
      vertex -5.574773e-03 3.718133e-03 1.709538e-02
      vertex -5.574773e-03 1.629516e-03 1.741691e-02
    endloop
  endfacet
  facet normal -9.979935e-01 1.782624e-03 6.329097e-02
    outer loop
      vertex -5.574773e-03 -6.783564e-04 1.748191e-02
      vertex -5.536007e-03 -2.349550e-04 1.808070e-02
      vertex -5.574773e-03 1.629516e-03 1.741691e-02
    endloop
  endfacet
  facet normal -9.948809e-01 -8.913882e-03 1.006606e-01
    outer loop
      vertex -5.635490e-03 -1.922745e-03 1.677162e-02
      vertex -5.574773e-03 -2.417749e-03 1.732788e-02
      vertex -5.574773e-03 -6.783564e-04 1.748191e-02
    endloop
  endfacet
  facet normal -9.913588e-01 -1.001072e-02 1.307960e-01
    outer loop
      vertex -5.716659e-03 -1.045261e-03 1.622357e-02
      vertex -5.635490e-03 -1.922745e-03 1.677162e-02
      vertex -5.635490e-03 -6.594688e-04 1.686831e-02
    endloop
  endfacet
  facet normal -9.912639e-01 -2.046707e-02 1.302956e-01
    outer loop
      vertex -5.716659e-03 -2.646651e-03 1.604039e-02
      vertex -5.635490e-03 -3.163673e-03 1.657669e-02
      vertex -5.635490e-03 -1.922745e-03 1.677162e-02
    endloop
  endfacet
  facet normal -9.921949e-01 -2.749007e-02 1.216290e-01
    outer loop
      vertex -5.716659e-03 -4.601909e-03 1.558949e-02
      vertex -5.635490e-03 -4.410604e-03 1.629487e-02
      vertex -5.635490e-03 -3.163673e-03 1.657669e-02
    endloop
  endfacet
  facet normal -9.916277e-01 -4.730135e-02 1.201547e-01
    outer loop
      vertex -5.716659e-03 -6.433759e-03 1.492345e-02
      vertex -5.635490e-03 -6.844354e-03 1.543170e-02
      vertex -5.635490e-03 -5.638968e-03 1.590622e-02
    endloop
  endfacet
  facet normal -9.919734e-01 -5.541003e-02 1.136592e-01
    outer loop
      vertex -5.716659e-03 -6.433759e-03 1.492345e-02
      vertex -5.635490e-03 -7.878122e-03 1.492772e-02
      vertex -5.635490e-03 -6.844354e-03 1.543170e-02
    endloop
  endfacet
  facet normal -9.952201e-01 -4.127403e-02 8.850689e-02
    outer loop
      vertex -5.635490e-03 -7.878122e-03 1.492772e-02
      vertex -5.574773e-03 -8.167273e-03 1.547561e-02
      vertex -5.574773e-03 -6.674468e-03 1.617176e-02
    endloop
  endfacet
  facet normal -9.952206e-01 -4.968321e-02 8.406898e-02
    outer loop
      vertex -5.635490e-03 -7.878122e-03 1.492772e-02
      vertex -5.574773e-03 -9.501514e-03 1.468710e-02
      vertex -5.574773e-03 -8.167273e-03 1.547561e-02
    endloop
  endfacet
  facet normal -9.914348e-01 -6.417735e-02 1.137465e-01
    outer loop
      vertex -5.716659e-03 -8.060154e-03 1.411754e-02
      vertex -5.635490e-03 -8.762012e-03 1.442902e-02
      vertex -5.635490e-03 -7.878122e-03 1.492772e-02
    endloop
  endfacet
  facet normal -9.918511e-01 -6.940825e-02 1.068354e-01
    outer loop
      vertex -5.716659e-03 -9.460025e-03 1.322197e-02
      vertex -5.635490e-03 -9.568243e-03 1.390523e-02
      vertex -5.635490e-03 -8.762012e-03 1.442902e-02
    endloop
  endfacet
  facet normal -9.913508e-01 -8.541345e-02 9.963968e-02
    outer loop
      vertex -5.716659e-03 -1.074929e-02 1.219677e-02
      vertex -5.635490e-03 -1.146838e-02 1.238793e-02
      vertex -5.635490e-03 -1.049587e-02 1.322158e-02
    endloop
  endfacet
  facet normal -9.952789e-01 -6.316672e-02 7.368760e-02
    outer loop
      vertex -5.635490e-03 -1.146838e-02 1.238793e-02
      vertex -5.574773e-03 -1.126997e-02 1.337810e-02
      vertex -5.635490e-03 -1.049587e-02 1.322158e-02
    endloop
  endfacet
  facet normal -9.914572e-01 -9.873394e-02 8.523102e-02
    outer loop
      vertex -5.716659e-03 -1.190424e-02 1.107165e-02
      vertex -5.635490e-03 -1.319830e-02 1.051678e-02
      vertex -5.635490e-03 -1.228439e-02 1.157548e-02
    endloop
  endfacet
  facet normal -9.912538e-01 -1.059530e-01 7.867521e-02
    outer loop
      vertex -5.716659e-03 -1.296786e-02 9.804445e-03
      vertex -5.635490e-03 -1.396840e-02 9.479677e-03
      vertex -5.635490e-03 -1.319830e-02 1.051678e-02
    endloop
  endfacet
  facet normal -9.914647e-01 -1.105348e-01 6.913627e-02
    outer loop
      vertex -5.716659e-03 -1.392159e-02 8.390500e-03
      vertex -5.635490e-03 -1.459637e-02 8.475674e-03
      vertex -5.635490e-03 -1.396840e-02 9.479677e-03
    endloop
  endfacet
  facet normal -9.955135e-01 -7.872499e-02 5.249046e-02
    outer loop
      vertex -5.635490e-03 -1.459637e-02 8.475674e-03
      vertex -5.574773e-03 -1.495925e-02 9.082960e-03
      vertex -5.574773e-03 -1.421938e-02 1.019262e-02
    endloop
  endfacet
  facet normal -9.950981e-01 -8.660638e-02 4.773950e-02
    outer loop
      vertex -5.635490e-03 -1.459637e-02 8.475674e-03
      vertex -5.574773e-03 -1.560047e-02 7.919697e-03
      vertex -5.574773e-03 -1.495925e-02 9.082960e-03
    endloop
  endfacet
  facet normal -9.919819e-01 -1.119123e-01 5.871649e-02
    outer loop
      vertex -5.716659e-03 -1.392159e-02 8.390500e-03
      vertex -5.635490e-03 -1.523531e-02 7.257878e-03
      vertex -5.635490e-03 -1.459637e-02 8.475674e-03
    endloop
  endfacet
  facet normal -9.950531e-01 -9.026887e-02 4.148218e-02
    outer loop
      vertex -5.635490e-03 -1.523531e-02 7.257878e-03
      vertex -5.574773e-03 -1.620166e-02 6.611445e-03
      vertex -5.574773e-03 -1.560047e-02 7.919697e-03
    endloop
  endfacet
  facet normal -9.909994e-01 -1.289861e-01 3.581648e-02
    outer loop
      vertex -5.716659e-03 -1.578185e-02 3.902651e-03
      vertex -5.635490e-03 -1.647972e-02 3.635260e-03
      vertex -5.635490e-03 -1.600815e-02 5.333538e-03
    endloop
  endfacet
  facet normal -9.916430e-01 -1.268565e-01 2.348742e-02
    outer loop
      vertex -5.716659e-03 -1.609659e-02 2.277591e-03
      vertex -5.635490e-03 -1.671420e-02 2.368834e-03
      vertex -5.635490e-03 -1.647972e-02 3.635260e-03
    endloop
  endfacet
  facet normal -9.951359e-01 -9.686936e-02 1.791104e-02
    outer loop
      vertex -5.635490e-03 -1.647972e-02 3.635260e-03
      vertex -5.574773e-03 -1.732243e-02 2.451040e-03
      vertex -5.574773e-03 -1.704887e-02 3.930507e-03
    endloop
  endfacet
  facet normal -9.916378e-01 -1.283757e-01 1.319962e-02
    outer loop
      vertex -5.716659e-03 -1.609659e-02 2.277591e-03
      vertex -5.635490e-03 -1.684685e-02 1.078771e-03
      vertex -5.635490e-03 -1.671420e-02 2.368834e-03
    endloop
  endfacet
  facet normal -9.948690e-01 -1.011642e-01 -1.245759e-03
    outer loop
      vertex -5.635490e-03 -1.687419e-02 -2.120042e-04
      vertex -5.574773e-03 -1.746023e-02 -1.110385e-03
      vertex -5.574773e-03 -1.748225e-02 6.775081e-04
    endloop
  endfacet
  facet normal -9.914437e-01 -1.305057e-01 2.764824e-03
    outer loop
      vertex -5.716659e-03 -1.623322e-02 9.365920e-04
      vertex -5.635490e-03 -1.687419e-02 -2.120042e-04
      vertex -5.635490e-03 -1.684685e-02 1.078771e-03
    endloop
  endfacet
  facet normal -9.951111e-01 -9.828883e-02 -9.649420e-03
    outer loop
      vertex -5.635490e-03 -1.676567e-02 -1.923697e-03
      vertex -5.574773e-03 -1.732930e-02 -2.444055e-03
      vertex -5.574773e-03 -1.746023e-02 -1.110385e-03
    endloop
  endfacet
  facet normal -9.910302e-01 -1.333701e-01 -8.456048e-03
    outer loop
      vertex -5.716659e-03 -1.624518e-02 -6.200821e-04
      vertex -5.635490e-03 -1.676567e-02 -1.923697e-03
      vertex -5.635490e-03 -1.687419e-02 -2.120042e-04
    endloop
  endfacet
  facet normal -9.955169e-01 -9.338585e-02 -1.500747e-02
    outer loop
      vertex -5.635490e-03 -1.676567e-02 -1.923697e-03
      vertex -5.635490e-03 -1.651330e-02 -3.494094e-03
      vertex -5.574773e-03 -1.732930e-02 -2.444055e-03
    endloop
  endfacet
  facet normal -9.911093e-01 -1.313650e-01 -2.111086e-02
    outer loop
      vertex -5.716659e-03 -1.609915e-02 -2.260481e-03
      vertex -5.635490e-03 -1.651330e-02 -3.494094e-03
      vertex -5.635490e-03 -1.676567e-02 -1.923697e-03
    endloop
  endfacet
  facet normal -9.910423e-01 -1.290297e-01 -3.444428e-02
    outer loop
      vertex -5.716659e-03 -1.578718e-02 -3.878752e-03
      vertex -5.635490e-03 -1.610656e-02 -5.017738e-03
      vertex -5.635490e-03 -1.651330e-02 -3.494094e-03
    endloop
  endfacet
  facet normal -9.952150e-01 -9.221632e-02 -3.230069e-02
    outer loop
      vertex -5.635490e-03 -1.610656e-02 -5.017738e-03
      vertex -5.574773e-03 -1.621496e-02 -6.579021e-03
      vertex -5.574773e-03 -1.675108e-02 -5.048414e-03
    endloop
  endfacet
  facet normal -9.950441e-01 -9.040874e-02 -4.139336e-02
    outer loop
      vertex -5.635490e-03 -1.542417e-02 -6.846646e-03
      vertex -5.574773e-03 -1.560804e-02 -7.904599e-03
      vertex -5.574773e-03 -1.621496e-02 -6.579021e-03
    endloop
  endfacet
  facet normal -9.906230e-01 -1.280041e-01 -4.776000e-02
    outer loop
      vertex -5.716659e-03 -1.531214e-02 -5.463326e-03
      vertex -5.635490e-03 -1.542417e-02 -6.846646e-03
      vertex -5.635490e-03 -1.610656e-02 -5.017738e-03
    endloop
  endfacet
  facet normal -9.908844e-01 -1.195062e-01 -6.218077e-02
    outer loop
      vertex -5.716659e-03 -1.468551e-02 -6.972828e-03
      vertex -5.635490e-03 -1.447292e-02 -8.674871e-03
      vertex -5.635490e-03 -1.542417e-02 -6.846646e-03
    endloop
  endfacet
  facet normal -9.916003e-01 -1.095476e-01 -6.876215e-02
    outer loop
      vertex -5.716659e-03 -1.347239e-02 -9.098348e-03
      vertex -5.635490e-03 -1.447292e-02 -8.674871e-03
      vertex -5.716659e-03 -1.412948e-02 -8.051512e-03
    endloop
  endfacet
  facet normal -9.954842e-01 -7.877536e-02 -5.296824e-02
    outer loop
      vertex -5.635490e-03 -1.347421e-02 -1.016018e-02
      vertex -5.574773e-03 -1.417374e-02 -1.026092e-02
      vertex -5.635490e-03 -1.447292e-02 -8.674871e-03
    endloop
  endfacet
  facet normal -9.950643e-01 -7.742930e-02 -6.206173e-02
    outer loop
      vertex -5.635490e-03 -1.347421e-02 -1.016018e-02
      vertex -5.574773e-03 -1.313373e-02 -1.155847e-02
      vertex -5.574773e-03 -1.417374e-02 -1.026092e-02
    endloop
  endfacet
  facet normal -9.954214e-01 -6.209891e-02 -7.266276e-02
    outer loop
      vertex -5.635490e-03 -1.052282e-02 -1.319323e-02
      vertex -5.574773e-03 -1.108588e-02 -1.354380e-02
      vertex -5.635490e-03 -1.150305e-02 -1.235550e-02
    endloop
  endfacet
  facet normal -9.910732e-01 -4.224944e-02 -1.264472e-01
    outer loop
      vertex -5.716659e-03 -4.657474e-03 -1.558128e-02
      vertex -5.635490e-03 -4.533385e-03 -1.625893e-02
      vertex -5.635490e-03 -6.080296e-03 -1.574207e-02
    endloop
  endfacet
  facet normal -9.955896e-01 -2.874074e-02 -8.930435e-02
    outer loop
      vertex -5.635490e-03 -6.080296e-03 -1.574207e-02
      vertex -5.574773e-03 -4.908438e-03 -1.679609e-02
      vertex -5.574773e-03 -5.879171e-03 -1.648368e-02
    endloop
  endfacet
  facet normal -9.917112e-01 -3.152516e-02 -1.245598e-01
    outer loop
      vertex -5.716659e-03 -3.455018e-03 -1.588561e-02
      vertex -5.635490e-03 -4.533385e-03 -1.625893e-02
      vertex -5.716659e-03 -4.657474e-03 -1.558128e-02
    endloop
  endfacet
  facet normal -9.911981e-01 -2.996643e-02 -1.289508e-01
    outer loop
      vertex -5.716659e-03 -3.455018e-03 -1.588561e-02
      vertex -5.635490e-03 -3.168732e-03 -1.657606e-02
      vertex -5.635490e-03 -4.533385e-03 -1.625893e-02
    endloop
  endfacet
  facet normal -9.949631e-01 -4.355783e-03 -1.001469e-01
    outer loop
      vertex -5.635490e-03 -3.341895e-04 -1.687530e-02
      vertex -5.574773e-03 1.114850e-04 -1.749790e-02
      vertex -5.574773e-03 -1.575284e-03 -1.742454e-02
    endloop
  endfacet
  facet normal -9.955139e-01 3.106434e-03 -9.456440e-02
    outer loop
      vertex -5.635490e-03 1.291107e-03 -1.681997e-02
      vertex -5.574773e-03 1.130714e-03 -1.746442e-02
      vertex -5.574773e-03 1.114850e-04 -1.749790e-02
    endloop
  endfacet
  facet normal -9.911029e-01 4.528460e-03 -1.330210e-01
    outer loop
      vertex -5.716659e-03 1.045261e-03 -1.622357e-02
      vertex -5.635490e-03 1.291107e-03 -1.681997e-02
      vertex -5.635490e-03 -3.341895e-04 -1.687530e-02
    endloop
  endfacet
  facet normal -9.952986e-01 1.021779e-02 -9.631400e-02
    outer loop
      vertex -5.635490e-03 1.291107e-03 -1.681997e-02
      vertex -5.574773e-03 2.417749e-03 -1.732788e-02
      vertex -5.574773e-03 1.130714e-03 -1.746442e-02
    endloop
  endfacet
  facet normal -9.916338e-01 1.439426e-02 -1.282777e-01
    outer loop
      vertex -5.716659e-03 2.646651e-03 -1.604039e-02
      vertex -5.635490e-03 2.741560e-03 -1.665721e-02
      vertex -5.635490e-03 1.291107e-03 -1.681997e-02
    endloop
  endfacet
  facet normal -9.916248e-01 2.632976e-02 -1.264400e-01
    outer loop
      vertex -5.716659e-03 2.646651e-03 -1.604039e-02
      vertex -5.635490e-03 3.998195e-03 -1.639553e-02
      vertex -5.635490e-03 2.741560e-03 -1.665721e-02
    endloop
  endfacet
  facet normal -9.952180e-01 1.836283e-02 -9.593751e-02
    outer loop
      vertex -5.635490e-03 3.998195e-03 -1.639553e-02
      vertex -5.574773e-03 4.144940e-03 -1.699729e-02
      vertex -5.574773e-03 2.417749e-03 -1.732788e-02
    endloop
  endfacet
  facet normal -9.950865e-01 2.829484e-02 -9.488013e-02
    outer loop
      vertex -5.635490e-03 5.535394e-03 -1.594585e-02
      vertex -5.574773e-03 5.845935e-03 -1.649002e-02
      vertex -5.574773e-03 4.144940e-03 -1.699729e-02
    endloop
  endfacet
  facet normal -9.952244e-01 3.575647e-02 -9.082885e-02
    outer loop
      vertex -5.635490e-03 6.844354e-03 -1.543170e-02
      vertex -5.574773e-03 7.095561e-03 -1.599809e-02
      vertex -5.574773e-03 5.845935e-03 -1.649002e-02
    endloop
  endfacet
  facet normal -9.916237e-01 4.722109e-02 -1.202189e-01
    outer loop
      vertex -5.716659e-03 6.433759e-03 -1.492345e-02
      vertex -5.635490e-03 6.844354e-03 -1.543170e-02
      vertex -5.635490e-03 5.535394e-03 -1.594585e-02
    endloop
  endfacet
  facet normal -9.919734e-01 5.541003e-02 -1.136592e-01
    outer loop
      vertex -5.716659e-03 6.433759e-03 -1.492345e-02
      vertex -5.635490e-03 7.878122e-03 -1.492772e-02
      vertex -5.635490e-03 6.844354e-03 -1.543170e-02
    endloop
  endfacet
  facet normal -9.952267e-01 4.276489e-02 -8.772082e-02
    outer loop
      vertex -5.635490e-03 7.878122e-03 -1.492772e-02
      vertex -5.574773e-03 8.167273e-03 -1.547561e-02
      vertex -5.574773e-03 7.095561e-03 -1.599809e-02
    endloop
  endfacet
  facet normal -9.952206e-01 4.968321e-02 -8.406898e-02
    outer loop
      vertex -5.635490e-03 7.878122e-03 -1.492772e-02
      vertex -5.574773e-03 9.501514e-03 -1.468710e-02
      vertex -5.574773e-03 8.167273e-03 -1.547561e-02
    endloop
  endfacet
  facet normal -9.914348e-01 6.417735e-02 -1.137465e-01
    outer loop
      vertex -5.716659e-03 8.060154e-03 -1.411754e-02
      vertex -5.635490e-03 8.762012e-03 -1.442902e-02
      vertex -5.635490e-03 7.878122e-03 -1.492772e-02
    endloop
  endfacet
  facet normal -9.918511e-01 6.940825e-02 -1.068354e-01
    outer loop
      vertex -5.716659e-03 9.460025e-03 -1.322197e-02
      vertex -5.635490e-03 9.568243e-03 -1.390523e-02
      vertex -5.635490e-03 8.762012e-03 -1.442902e-02
    endloop
  endfacet
  facet normal -9.913508e-01 8.541345e-02 -9.963968e-02
    outer loop
      vertex -5.716659e-03 1.074929e-02 -1.219677e-02
      vertex -5.635490e-03 1.146838e-02 -1.238793e-02
      vertex -5.635490e-03 1.049587e-02 -1.322158e-02
    endloop
  endfacet
  facet normal -9.953309e-01 6.281850e-02 -7.328137e-02
    outer loop
      vertex -5.635490e-03 1.146838e-02 -1.238793e-02
      vertex -5.574773e-03 1.165883e-02 -1.304934e-02
      vertex -5.635490e-03 1.049587e-02 -1.322158e-02
    endloop
  endfacet
  facet normal -9.914572e-01 9.873394e-02 -8.523102e-02
    outer loop
      vertex -5.716659e-03 1.190424e-02 -1.107165e-02
      vertex -5.635490e-03 1.319830e-02 -1.051678e-02
      vertex -5.635490e-03 1.228439e-02 -1.157548e-02
    endloop
  endfacet
  facet normal -9.912538e-01 1.059530e-01 -7.867521e-02
    outer loop
      vertex -5.716659e-03 1.296786e-02 -9.804445e-03
      vertex -5.635490e-03 1.396840e-02 -9.479677e-03
      vertex -5.635490e-03 1.319830e-02 -1.051678e-02
    endloop
  endfacet
  facet normal -9.949919e-01 8.220586e-02 -5.686164e-02
    outer loop
      vertex -5.635490e-03 1.396840e-02 -9.479677e-03
      vertex -5.574773e-03 1.472017e-02 -9.455284e-03
      vertex -5.574773e-03 1.395768e-02 -1.055763e-02
    endloop
  endfacet
  facet normal -9.914647e-01 1.105348e-01 -6.913627e-02
    outer loop
      vertex -5.716659e-03 1.392159e-02 -8.390500e-03
      vertex -5.635490e-03 1.459637e-02 -8.475674e-03
      vertex -5.635490e-03 1.396840e-02 -9.479677e-03
    endloop
  endfacet
  facet normal -9.948268e-01 8.813109e-02 -5.052277e-02
    outer loop
      vertex -5.635490e-03 1.459637e-02 -8.475674e-03
      vertex -5.574773e-03 1.560047e-02 -7.919697e-03
      vertex -5.574773e-03 1.472017e-02 -9.455284e-03
    endloop
  endfacet
  facet normal -9.919819e-01 1.119123e-01 -5.871649e-02
    outer loop
      vertex -5.716659e-03 1.392159e-02 -8.390500e-03
      vertex -5.635490e-03 1.523531e-02 -7.257878e-03
      vertex -5.635490e-03 1.459637e-02 -8.475674e-03
    endloop
  endfacet
  facet normal -9.950531e-01 9.026887e-02 -4.148218e-02
    outer loop
      vertex -5.635490e-03 1.523531e-02 -7.257878e-03
      vertex -5.574773e-03 1.620166e-02 -6.611445e-03
      vertex -5.574773e-03 1.560047e-02 -7.919697e-03
    endloop
  endfacet
  facet normal -9.909994e-01 1.289861e-01 -3.581648e-02
    outer loop
      vertex -5.716659e-03 1.578185e-02 -3.902651e-03
      vertex -5.635490e-03 1.647972e-02 -3.635260e-03
      vertex -5.635490e-03 1.600815e-02 -5.333538e-03
    endloop
  endfacet
  facet normal -9.955808e-01 9.048557e-02 -2.512576e-02
    outer loop
      vertex -5.635490e-03 1.647972e-02 -3.635260e-03
      vertex -5.574773e-03 1.687203e-02 -4.628284e-03
      vertex -5.635490e-03 1.600815e-02 -5.333538e-03
    endloop
  endfacet
  facet normal -9.950393e-01 9.689080e-02 -2.256221e-02
    outer loop
      vertex -5.635490e-03 1.647972e-02 -3.635260e-03
      vertex -5.574773e-03 1.719840e-02 -3.226725e-03
      vertex -5.574773e-03 1.687203e-02 -4.628284e-03
    endloop
  endfacet
  facet normal -9.916430e-01 1.268565e-01 -2.348742e-02
    outer loop
      vertex -5.716659e-03 1.609659e-02 -2.277591e-03
      vertex -5.635490e-03 1.671420e-02 -2.368834e-03
      vertex -5.635490e-03 1.647972e-02 -3.635260e-03
    endloop
  endfacet
  facet normal -9.916378e-01 1.283757e-01 -1.319962e-02
    outer loop
      vertex -5.716659e-03 1.609659e-02 -2.277591e-03
      vertex -5.635490e-03 1.684685e-02 -1.078771e-03
      vertex -5.635490e-03 1.671420e-02 -2.368834e-03
    endloop
  endfacet
  facet normal -9.950579e-01 9.815229e-02 -1.502715e-02
    outer loop
      vertex -5.635490e-03 1.671420e-02 -2.368834e-03
      vertex -5.574773e-03 1.738601e-02 -2.001340e-03
      vertex -5.574773e-03 1.719840e-02 -3.226725e-03
    endloop
  endfacet
  facet normal -9.948690e-01 1.011642e-01 1.245759e-03
    outer loop
      vertex -5.635490e-03 1.687419e-02 2.120042e-04
      vertex -5.574773e-03 1.746023e-02 1.110385e-03
      vertex -5.574773e-03 1.748225e-02 -6.775081e-04
    endloop
  endfacet
  facet normal -9.914437e-01 1.305057e-01 -2.764824e-03
    outer loop
      vertex -5.716659e-03 1.623322e-02 -9.365920e-04
      vertex -5.635490e-03 1.687419e-02 2.120042e-04
      vertex -5.635490e-03 1.684685e-02 -1.078771e-03
    endloop
  endfacet
  facet normal -9.951111e-01 9.828883e-02 9.649420e-03
    outer loop
      vertex -5.635490e-03 1.676567e-02 1.923697e-03
      vertex -5.574773e-03 1.732930e-02 2.444055e-03
      vertex -5.574773e-03 1.746023e-02 1.110385e-03
    endloop
  endfacet
  facet normal -9.910302e-01 1.333701e-01 8.456048e-03
    outer loop
      vertex -5.716659e-03 1.624518e-02 6.200821e-04
      vertex -5.635490e-03 1.676567e-02 1.923697e-03
      vertex -5.635490e-03 1.687419e-02 2.120042e-04
    endloop
  endfacet
  facet normal -9.955169e-01 9.338585e-02 1.500747e-02
    outer loop
      vertex -5.635490e-03 1.676567e-02 1.923697e-03
      vertex -5.635490e-03 1.651330e-02 3.494094e-03
      vertex -5.574773e-03 1.732930e-02 2.444055e-03
    endloop
  endfacet
  facet normal -9.911093e-01 1.313650e-01 2.111086e-02
    outer loop
      vertex -5.716659e-03 1.609915e-02 2.260481e-03
      vertex -5.635490e-03 1.651330e-02 3.494094e-03
      vertex -5.635490e-03 1.676567e-02 1.923697e-03
    endloop
  endfacet
  facet normal -9.911736e-01 1.283588e-01 3.315005e-02
    outer loop
      vertex -5.716659e-03 1.578718e-02 3.878752e-03
      vertex -5.635490e-03 1.615804e-02 4.869683e-03
      vertex -5.635490e-03 1.651330e-02 3.494094e-03
    endloop
  endfacet
  facet normal -9.952222e-01 9.453384e-02 2.441439e-02
    outer loop
      vertex -5.635490e-03 1.615804e-02 4.869683e-03
      vertex -5.574773e-03 1.675108e-02 5.048414e-03
      vertex -5.635490e-03 1.651330e-02 3.494094e-03
    endloop
  endfacet
  facet normal -9.909887e-01 1.263322e-01 4.451520e-02
    outer loop
      vertex -5.716659e-03 1.531214e-02 5.463326e-03
      vertex -5.635490e-03 1.560419e-02 6.441466e-03
      vertex -5.635490e-03 1.615804e-02 4.869683e-03
    endloop
  endfacet
  facet normal -9.947627e-01 9.583326e-02 3.554177e-02
    outer loop
      vertex -5.635490e-03 1.560419e-02 6.441466e-03
      vertex -5.574773e-03 1.600931e-02 7.048505e-03
      vertex -5.574773e-03 1.675108e-02 5.048414e-03
    endloop
  endfacet
  facet normal -9.952388e-01 8.785772e-02 4.219854e-02
    outer loop
      vertex -5.635490e-03 1.497962e-02 7.760346e-03
      vertex -5.574773e-03 1.541243e-02 8.291210e-03
      vertex -5.574773e-03 1.600931e-02 7.048505e-03
    endloop
  endfacet
  facet normal -9.910577e-01 1.205951e-01 5.710968e-02
    outer loop
      vertex -5.716659e-03 1.468551e-02 6.972828e-03
      vertex -5.635490e-03 1.497962e-02 7.760346e-03
      vertex -5.635490e-03 1.560419e-02 6.441466e-03
    endloop
  endfacet
  facet normal -9.918796e-01 1.077182e-01 6.761384e-02
    outer loop
      vertex -5.716659e-03 1.347239e-02 9.098348e-03
      vertex -5.635490e-03 1.423076e-02 9.080877e-03
      vertex -5.716659e-03 1.412948e-02 8.051512e-03
    endloop
  endfacet
  facet normal -9.953974e-01 7.847408e-02 5.500790e-02
    outer loop
      vertex -5.635490e-03 1.347421e-02 1.016018e-02
      vertex -5.574773e-03 1.417374e-02 1.026092e-02
      vertex -5.635490e-03 1.423076e-02 9.080877e-03
    endloop
  endfacet
  facet normal -9.951567e-01 7.770396e-02 6.021025e-02
    outer loop
      vertex -5.635490e-03 1.347421e-02 1.016018e-02
      vertex -5.574773e-03 1.342279e-02 1.123006e-02
      vertex -5.574773e-03 1.417374e-02 1.026092e-02
    endloop
  endfacet
  facet normal -9.950904e-01 7.320760e-02 6.660123e-02
    outer loop
      vertex -5.635490e-03 1.238766e-02 1.146070e-02
      vertex -5.574773e-03 1.254289e-02 1.219725e-02
      vertex -5.574773e-03 1.342279e-02 1.123006e-02
    endloop
  endfacet
  facet normal -9.953673e-01 5.335870e-02 7.998005e-02
    outer loop
      vertex -5.635490e-03 8.765619e-03 1.442710e-02
      vertex -5.574773e-03 9.279994e-03 1.483957e-02
      vertex -5.635490e-03 9.837933e-03 1.371171e-02
    endloop
  endfacet
  facet normal -9.955559e-01 3.087760e-02 8.896595e-02
    outer loop
      vertex -5.635490e-03 4.742464e-03 1.619040e-02
      vertex -5.574773e-03 5.445667e-03 1.662577e-02
      vertex -5.635490e-03 6.489562e-03 1.558403e-02
    endloop
  endfacet
  facet normal -9.913010e-01 3.229237e-02 1.275912e-01
    outer loop
      vertex -5.716659e-03 3.455018e-03 1.588561e-02
      vertex -5.635490e-03 4.742464e-03 1.619040e-02
      vertex -5.716659e-03 4.657474e-03 1.558128e-02
    endloop
  endfacet
  facet normal -9.910458e-01 3.178058e-02 1.296851e-01
    outer loop
      vertex -5.716659e-03 3.455018e-03 1.588561e-02
      vertex -5.635490e-03 3.168732e-03 1.657606e-02
      vertex -5.635490e-03 4.742464e-03 1.619040e-02
    endloop
  endfacet
  facet normal -9.951399e-01 2.913790e-05 9.847119e-02
    outer loop
      vertex -5.635490e-03 -6.594688e-04 1.686831e-02
      vertex -5.574773e-03 -6.783564e-04 1.748191e-02
      vertex -5.635490e-03 6.683790e-04 1.686792e-02
    endloop
  endfacet
  facet normal -9.713038e-01 -1.678755e-01 1.684838e-01
    outer loop
      vertex -6.202186e-03 -9.610152e-03 1.013652e-02
      vertex -6.202186e-03 -1.010171e-02 9.646736e-03
      vertex -5.923788e-03 -1.052879e-02 1.082615e-02
    endloop
  endfacet
  facet normal -9.713038e-01 1.678755e-01 -1.684838e-01
    outer loop
      vertex -6.202186e-03 9.610152e-03 -1.013652e-02
      vertex -6.202186e-03 1.010171e-02 -9.646736e-03
      vertex -5.923788e-03 1.052879e-02 -1.082615e-02
    endloop
  endfacet
  facet normal -9.547027e-01 -1.844708e-01 2.334806e-01
    outer loop
      vertex -6.562718e-03 -7.579540e-03 1.032253e-02
      vertex -6.562718e-03 -8.364559e-03 9.702292e-03
      vertex -6.202186e-03 -9.120560e-03 1.057920e-02
    endloop
  endfacet
  facet normal -9.558570e-01 -2.024190e-01 2.129879e-01
    outer loop
      vertex -6.562718e-03 -8.364559e-03 9.702292e-03
      vertex -6.562718e-03 -9.264382e-03 8.847120e-03
      vertex -6.202186e-03 -9.610152e-03 1.013652e-02
    endloop
  endfacet
  facet normal -9.547027e-01 1.844708e-01 -2.334806e-01
    outer loop
      vertex -6.562718e-03 7.579540e-03 -1.032253e-02
      vertex -6.562718e-03 8.364559e-03 -9.702292e-03
      vertex -6.202186e-03 9.120560e-03 -1.057920e-02
    endloop
  endfacet
  facet normal -9.558570e-01 2.024190e-01 -2.129879e-01
    outer loop
      vertex -6.562718e-03 8.364559e-03 -9.702292e-03
      vertex -6.562718e-03 9.264382e-03 -8.847120e-03
      vertex -6.202186e-03 9.610152e-03 -1.013652e-02
    endloop
  endfacet
  facet normal -9.340942e-01 -3.162995e-01 1.655975e-01
    outer loop
      vertex -6.987973e-03 -1.022869e-02 5.674449e-03
      vertex -6.987973e-03 -1.049107e-02 5.173291e-03
      vertex -6.562718e-03 -1.120189e-02 6.214342e-03
    endloop
  endfacet
  facet normal -9.346017e-01 -3.255468e-01 -1.433140e-01
    outer loop
      vertex -6.987973e-03 -1.086229e-02 -4.330852e-03
      vertex -6.987973e-03 -1.049444e-02 -5.166442e-03
      vertex -6.562718e-03 -1.163706e-02 -5.344150e-03
    endloop
  endfacet
  facet normal -9.345995e-01 -3.005302e-01 -1.902770e-01
    outer loop
      vertex -6.987973e-03 -1.008771e-02 -5.914368e-03
      vertex -6.987973e-03 -9.610332e-03 -6.668351e-03
      vertex -6.562718e-03 -1.070592e-02 -7.026702e-03
    endloop
  endfacet
  facet normal -9.356720e-01 -1.144224e-01 -3.338046e-01
    outer loop
      vertex -6.987973e-03 -4.356732e-03 -1.085141e-02
      vertex -6.987973e-03 -3.211110e-03 -1.124411e-02
      vertex -6.562718e-03 -3.822077e-03 -1.222669e-02
    endloop
  endfacet
  facet normal -9.340942e-01 3.162995e-01 -1.655975e-01
    outer loop
      vertex -6.987973e-03 1.022869e-02 -5.674449e-03
      vertex -6.987973e-03 1.049107e-02 -5.173291e-03
      vertex -6.562718e-03 1.120189e-02 -6.214342e-03
    endloop
  endfacet
  facet normal -9.346017e-01 3.255468e-01 1.433140e-01
    outer loop
      vertex -6.987973e-03 1.086229e-02 4.330852e-03
      vertex -6.987973e-03 1.049444e-02 5.166442e-03
      vertex -6.562718e-03 1.163706e-02 5.344150e-03
    endloop
  endfacet
  facet normal -9.345995e-01 3.005302e-01 1.902770e-01
    outer loop
      vertex -6.987973e-03 1.008771e-02 5.914368e-03
      vertex -6.987973e-03 9.610332e-03 6.668351e-03
      vertex -6.562718e-03 1.070592e-02 7.026702e-03
    endloop
  endfacet
  facet normal -9.356720e-01 1.144224e-01 3.338046e-01
    outer loop
      vertex -6.987973e-03 4.356732e-03 1.085141e-02
      vertex -6.987973e-03 3.211110e-03 1.124411e-02
      vertex -6.562718e-03 3.822077e-03 1.222669e-02
    endloop
  endfacet
  facet normal -9.088936e-01 -1.778625e-02 4.166486e-01
    outer loop
      vertex -7.494265e-03 -2.768751e-04 1.058097e-02
      vertex -6.987973e-03 -9.026976e-04 1.165870e-02
      vertex -6.987973e-03 -1.569855e-16 1.169724e-02
    endloop
  endfacet
  facet normal -9.102592e-01 -1.264238e-01 3.942653e-01
    outer loop
      vertex -7.494265e-03 -2.901268e-03 1.017915e-02
      vertex -7.494265e-03 -3.653131e-03 9.938059e-03
      vertex -6.987973e-03 -3.768779e-03 1.106988e-02
    endloop
  endfacet
  facet normal -9.102325e-01 -2.833039e-01 -3.020194e-01
    outer loop
      vertex -7.494265e-03 -7.496642e-03 -7.472813e-03
      vertex -7.494265e-03 -6.916469e-03 -8.017035e-03
      vertex -6.987973e-03 -7.859834e-03 -8.658001e-03
    endloop
  endfacet
  facet normal -9.115449e-01 -2.267619e-01 -3.430233e-01
    outer loop
      vertex -7.494265e-03 -6.279843e-03 -8.520723e-03
      vertex -7.494265e-03 -5.380884e-03 -9.114997e-03
      vertex -6.987973e-03 -6.451141e-03 -9.752895e-03
    endloop
  endfacet
  facet normal -9.074695e-01 -2.136980e-01 -3.617074e-01
    outer loop
      vertex -6.987973e-03 -6.451141e-03 -9.752895e-03
      vertex -7.494265e-03 -5.380884e-03 -9.114997e-03
      vertex -6.987973e-03 -5.427194e-03 -1.035785e-02
    endloop
  endfacet
  facet normal -9.088936e-01 1.778625e-02 -4.166486e-01
    outer loop
      vertex -6.987973e-03 -9.792167e-17 -1.169724e-02
      vertex -7.494265e-03 2.768751e-04 -1.058097e-02
      vertex -6.987973e-03 9.026976e-04 -1.165870e-02
    endloop
  endfacet
  facet normal -9.102592e-01 1.264238e-01 -3.942653e-01
    outer loop
      vertex -7.494265e-03 2.901268e-03 -1.017915e-02
      vertex -7.494265e-03 3.653131e-03 -9.938059e-03
      vertex -6.987973e-03 3.768779e-03 -1.106988e-02
    endloop
  endfacet
  facet normal -9.102325e-01 2.833039e-01 3.020194e-01
    outer loop
      vertex -7.494265e-03 7.496642e-03 7.472813e-03
      vertex -7.494265e-03 6.916469e-03 8.017035e-03
      vertex -6.987973e-03 7.859834e-03 8.658001e-03
    endloop
  endfacet
  facet normal -9.115449e-01 2.267619e-01 3.430233e-01
    outer loop
      vertex -7.494265e-03 6.279843e-03 8.520723e-03
      vertex -7.494265e-03 5.380884e-03 9.114997e-03
      vertex -6.987973e-03 6.451141e-03 9.752895e-03
    endloop
  endfacet
  facet normal -9.074695e-01 2.136980e-01 3.617074e-01
    outer loop
      vertex -6.987973e-03 6.451141e-03 9.752895e-03
      vertex -7.494265e-03 5.380884e-03 9.114997e-03
      vertex -6.987973e-03 5.427194e-03 1.035785e-02
    endloop
  endfacet
  facet normal -8.965700e-01 -3.987508e-01 1.927695e-01
    outer loop
      vertex -7.771222e-03 -9.333059e-03 3.710804e-03
      vertex -7.494265e-03 -9.696655e-03 4.246821e-03
      vertex -7.494265e-03 -9.348562e-03 4.966864e-03
    endloop
  endfacet
  facet normal -8.890706e-01 -4.457389e-01 1.042611e-01
    outer loop
      vertex -7.771222e-03 -9.866098e-03 1.915719e-03
      vertex -7.494265e-03 -1.026484e-02 2.572712e-03
      vertex -7.771222e-03 -9.692249e-03 2.658962e-03
    endloop
  endfacet
  facet normal -8.905977e-01 -4.493916e-01 6.987773e-02
    outer loop
      vertex -7.771222e-03 -9.975149e-03 1.214401e-03
      vertex -7.494265e-03 -1.045065e-02 1.686278e-03
      vertex -7.771222e-03 -9.866098e-03 1.915719e-03
    endloop
  endfacet
  facet normal -8.934474e-01 -4.481058e-01 3.086969e-02
    outer loop
      vertex -7.771222e-03 -1.004945e-02 1.359035e-04
      vertex -7.494265e-03 -1.055986e-02 7.425637e-04
      vertex -7.771222e-03 -9.975149e-03 1.214401e-03
    endloop
  endfacet
  facet normal -8.876984e-01 -4.603152e-01 -1.007464e-02
    outer loop
      vertex -7.963383e-03 -9.654648e-03 -9.709323e-04
      vertex -7.494265e-03 -1.056575e-02 -6.772438e-04
      vertex -7.771222e-03 -1.004945e-02 1.359035e-04
    endloop
  endfacet
  facet normal -8.827400e-01 -4.679966e-01 -4.182491e-02
    outer loop
      vertex -7.963383e-03 -9.654648e-03 -9.709323e-04
      vertex -7.494265e-03 -1.051889e-02 -1.201609e-03
      vertex -7.494265e-03 -1.056575e-02 -6.772438e-04
    endloop
  endfacet
  facet normal -8.845366e-01 -4.608282e-01 -7.233558e-02
    outer loop
      vertex -7.963383e-03 -9.654648e-03 -9.709323e-04
      vertex -7.494265e-03 -1.039395e-02 -1.997576e-03
      vertex -7.494265e-03 -1.051889e-02 -1.201609e-03
    endloop
  endfacet
  facet normal -8.884243e-01 -4.260550e-01 -1.708197e-01
    outer loop
      vertex -7.771222e-03 -9.211862e-03 -4.015177e-03
      vertex -7.494265e-03 -9.679728e-03 -4.288677e-03
      vertex -7.494265e-03 -9.948133e-03 -3.619224e-03
    endloop
  endfacet
  facet normal -8.916821e-01 4.097981e-01 -1.922720e-01
    outer loop
      vertex -7.844385e-03 9.231542e-03 -3.614417e-03
      vertex -7.494265e-03 9.696655e-03 -4.246821e-03
      vertex -7.771222e-03 8.874388e-03 -4.714937e-03
    endloop
  endfacet
  facet normal -8.890706e-01 4.457389e-01 -1.042611e-01
    outer loop
      vertex -7.771222e-03 9.866098e-03 -1.915719e-03
      vertex -7.494265e-03 1.026484e-02 -2.572712e-03
      vertex -7.771222e-03 9.692249e-03 -2.658962e-03
    endloop
  endfacet
  facet normal -8.874816e-01 4.532303e-01 -8.341927e-02
    outer loop
      vertex -7.938172e-03 9.681943e-03 -1.140114e-03
      vertex -7.494265e-03 1.045065e-02 -1.686278e-03
      vertex -7.771222e-03 9.866098e-03 -1.915719e-03
    endloop
  endfacet
  facet normal -8.883505e-01 4.586862e-01 -2.098566e-02
    outer loop
      vertex -7.771222e-03 1.003964e-02 -3.890769e-04
      vertex -7.494265e-03 1.055986e-02 -7.425637e-04
      vertex -7.938172e-03 9.681943e-03 -1.140114e-03
    endloop
  endfacet
  facet normal -8.816979e-01 4.717993e-01 -3.774541e-03
    outer loop
      vertex -7.917623e-03 9.773062e-03 4.876690e-04
      vertex -7.494265e-03 1.056575e-02 6.772438e-04
      vertex -7.771222e-03 1.003964e-02 -3.890769e-04
    endloop
  endfacet
  facet normal -8.887032e-01 4.566629e-01 4.081201e-02
    outer loop
      vertex -7.771222e-03 9.985353e-03 1.140662e-03
      vertex -7.494265e-03 1.051889e-02 1.201609e-03
      vertex -7.494265e-03 1.056575e-02 6.772438e-04
    endloop
  endfacet
  facet normal -8.885952e-01 4.531436e-01 7.112935e-02
    outer loop
      vertex -7.771222e-03 9.985353e-03 1.140662e-03
      vertex -7.494265e-03 1.039395e-02 1.997576e-03
      vertex -7.494265e-03 1.051889e-02 1.201609e-03
    endloop
  endfacet
  facet normal -8.884243e-01 4.260550e-01 1.708197e-01
    outer loop
      vertex -7.771222e-03 9.211862e-03 4.015177e-03
      vertex -7.494265e-03 9.679728e-03 4.288677e-03
      vertex -7.494265e-03 9.948133e-03 3.619224e-03
    endloop
  endfacet
  facet normal -9.993928e-01 6.522285e-03 3.422568e-02
    outer loop
      vertex -5.515462e-03 2.401837e-03 1.851530e-02
      vertex -5.515462e-03 4.513186e-03 1.811295e-02
      vertex -5.532872e-03 2.664558e-03 1.795687e-02
    endloop
  endfacet
  facet normal -9.994461e-01 2.776309e-02 1.834998e-02
    outer loop
      vertex -5.536007e-03 1.443774e-02 1.088672e-02
      vertex -5.515462e-03 1.525611e-02 1.076754e-02
      vertex -5.515462e-03 1.588294e-02 9.819168e-03
    endloop
  endfacet
  facet normal -9.994021e-01 3.310696e-02 9.965635e-03
    outer loop
      vertex -5.536007e-03 1.717684e-02 5.652117e-03
      vertex -5.515462e-03 1.795869e-02 5.115074e-03
      vertex -5.536007e-03 1.750707e-02 4.555054e-03
    endloop
  endfacet
  facet normal -9.994472e-01 -7.122163e-03 3.247467e-02
    outer loop
      vertex -5.515462e-03 -5.055884e-03 1.796689e-02
      vertex -5.515462e-03 -2.898904e-03 1.843995e-02
      vertex -5.529808e-03 -2.932165e-03 1.799115e-02
    endloop
  endfacet
  facet normal -8.740620e-01 4.698425e-01 -1.235459e-01
    outer loop
      vertex -7.771222e-03 9.692249e-03 -2.658962e-03
      vertex -8.228239e-03 8.831626e-03 -2.698593e-03
      vertex -8.323433e-03 8.831626e-03 -2.025116e-03
    endloop
  endfacet
  facet normal -8.799026e-01 -4.103638e-01 2.395266e-01
    outer loop
      vertex -7.494265e-03 -9.348562e-03 4.966864e-03
      vertex -8.063375e-03 -8.094307e-03 5.025061e-03
      vertex -8.288840e-03 -8.155694e-03 4.091640e-03
    endloop
  endfacet
  facet normal -8.741869e-01 -4.692308e-01 1.249790e-01
    outer loop
      vertex -7.771222e-03 -9.692249e-03 2.658962e-03
      vertex -8.219406e-03 -8.836626e-03 2.736480e-03
      vertex -8.319059e-03 -8.836626e-03 2.039438e-03
    endloop
  endfacet
  facet normal -8.748418e-01 -4.762133e-01 8.872862e-02
    outer loop
      vertex -7.771222e-03 -9.866098e-03 1.915719e-03
      vertex -8.319059e-03 -8.836626e-03 2.039438e-03
      vertex -8.387391e-03 -8.836626e-03 1.365705e-03
    endloop
  endfacet
  facet normal -9.994041e-01 -1.613747e-03 3.447953e-02
    outer loop
      vertex -5.515462e-03 -1.362035e-03 1.862345e-02
      vertex -5.536007e-03 -2.349550e-04 1.808070e-02
      vertex -5.536007e-03 -1.618630e-03 1.801594e-02
    endloop
  endfacet
  facet normal -9.993970e-01 -1.059659e-02 3.306580e-02
    outer loop
      vertex -5.536007e-03 -6.209507e-03 1.697622e-02
      vertex -5.515462e-03 -5.055884e-03 1.796689e-02
      vertex -5.536007e-03 -4.616188e-03 1.748684e-02
    endloop
  endfacet
  facet normal -9.994279e-01 -1.282322e-02 3.129667e-02
    outer loop
      vertex -5.515462e-03 -6.886092e-03 1.735509e-02
      vertex -5.536007e-03 -6.209507e-03 1.697622e-02
      vertex -5.536007e-03 -7.737221e-03 1.635027e-02
    endloop
  endfacet
  facet normal -9.994106e-01 -1.625722e-02 3.023594e-02
    outer loop
      vertex -5.515462e-03 -8.610001e-03 1.656009e-02
      vertex -5.536007e-03 -7.737221e-03 1.635027e-02
      vertex -5.536007e-03 -9.098993e-03 1.561808e-02
    endloop
  endfacet
  facet normal -9.994622e-01 -1.806008e-02 2.737015e-02
    outer loop
      vertex -5.536007e-03 -1.088689e-02 1.443834e-02
      vertex -5.515462e-03 -1.014779e-02 1.567626e-02
      vertex -5.536007e-03 -9.098993e-03 1.561808e-02
    endloop
  endfacet
  facet normal -9.994199e-01 -2.204515e-02 2.595999e-02
    outer loop
      vertex -5.515462e-03 -1.265094e-02 1.373127e-02
      vertex -5.536007e-03 -1.088689e-02 1.443834e-02
      vertex -5.536007e-03 -1.240801e-02 1.314661e-02
    endloop
  endfacet
  facet normal -9.994154e-01 -2.440981e-02 2.393615e-02
    outer loop
      vertex -5.515462e-03 -1.370805e-02 1.267867e-02
      vertex -5.536007e-03 -1.240801e-02 1.314661e-02
      vertex -5.536007e-03 -1.355709e-02 1.197479e-02
    endloop
  endfacet
  facet normal -9.993926e-01 -2.694909e-02 2.209309e-02
    outer loop
      vertex -5.515462e-03 -1.472600e-02 1.147832e-02
      vertex -5.536007e-03 -1.355709e-02 1.197479e-02
      vertex -5.536007e-03 -1.435551e-02 1.100088e-02
    endloop
  endfacet
  facet normal -9.992365e-01 -3.362664e-02 1.989038e-02
    outer loop
      vertex -5.510904e-03 -1.611672e-02 9.505693e-03
      vertex -5.536007e-03 -1.515335e-02 9.873260e-03
      vertex -5.536007e-03 -1.591318e-02 8.588686e-03
    endloop
  endfacet
  facet normal -9.993175e-01 -3.426188e-02 1.380468e-02
    outer loop
      vertex -5.515462e-03 -1.680024e-02 8.137419e-03
      vertex -5.536007e-03 -1.642781e-02 7.574498e-03
      vertex -5.536007e-03 -1.700344e-02 6.145835e-03
    endloop
  endfacet
  facet normal -9.993560e-01 -3.583989e-02 1.778133e-03
    outer loop
      vertex -5.515462e-03 -1.860854e-02 1.492222e-03
      vertex -5.536007e-03 -1.807489e-02 7.014426e-04
      vertex -5.515462e-03 -1.867533e-02 1.459010e-04
    endloop
  endfacet
  facet normal -9.994324e-01 -3.355589e-02 -2.987195e-03
    outer loop
      vertex -5.536007e-03 -1.790685e-02 -2.514301e-03
      vertex -5.515462e-03 -1.858462e-02 -1.774547e-03
      vertex -5.536007e-03 -1.806928e-02 -6.897086e-04
    endloop
  endfacet
  facet normal -9.994144e-01 -3.370841e-02 -5.880221e-03
    outer loop
      vertex -5.536007e-03 -1.767384e-02 -3.850050e-03
      vertex -5.515462e-03 -1.833810e-02 -3.534019e-03
      vertex -5.536007e-03 -1.790685e-02 -2.514301e-03
    endloop
  endfacet
  facet normal -9.994152e-01 -3.306661e-02 -8.711177e-03
    outer loop
      vertex -5.536007e-03 -1.731349e-02 -5.217910e-03
      vertex -5.515462e-03 -1.799210e-02 -4.999072e-03
      vertex -5.536007e-03 -1.767384e-02 -3.850050e-03
    endloop
  endfacet
  facet normal -9.992381e-01 -3.691634e-02 -1.266765e-02
    outer loop
      vertex -5.536007e-03 -1.684026e-02 -6.596986e-03
      vertex -5.510904e-03 -1.760039e-02 -6.361975e-03
      vertex -5.536007e-03 -1.731349e-02 -5.217910e-03
    endloop
  endfacet
  facet normal -9.993847e-01 -3.080992e-02 -1.676392e-02
    outer loop
      vertex -5.536007e-03 -1.548220e-02 -9.342913e-03
      vertex -5.515462e-03 -1.680147e-02 -8.143072e-03
      vertex -5.536007e-03 -1.628494e-02 -7.867591e-03
    endloop
  endfacet
  facet normal -9.994123e-01 -2.815672e-02 -1.955291e-02
    outer loop
      vertex -5.536007e-03 -1.419024e-02 -1.120338e-02
      vertex -5.515462e-03 -1.588552e-02 -9.812250e-03
      vertex -5.536007e-03 -1.548220e-02 -9.342913e-03
    endloop
  endfacet
  facet normal -9.992488e-01 -2.910507e-02 -2.558738e-02
    outer loop
      vertex -5.513184e-03 -1.316772e-02 -1.326636e-02
      vertex -5.510904e-03 -1.404331e-02 -1.235941e-02
      vertex -5.536007e-03 -1.296400e-02 -1.260676e-02
    endloop
  endfacet
  facet normal -9.992551e-01 -2.906051e-02 -2.539233e-02
    outer loop
      vertex -5.510904e-03 -1.404331e-02 -1.235941e-02
      vertex -5.536007e-03 -1.419024e-02 -1.120338e-02
      vertex -5.536007e-03 -1.296400e-02 -1.260676e-02
    endloop
  endfacet
  facet normal -9.993322e-01 -2.465904e-02 -2.696340e-02
    outer loop
      vertex -5.513184e-03 -1.316772e-02 -1.326636e-02
      vertex -5.536007e-03 -1.296400e-02 -1.260676e-02
      vertex -5.536007e-03 -1.149535e-02 -1.394989e-02
    endloop
  endfacet
  facet normal -9.994570e-01 -1.942450e-02 -2.661485e-02
    outer loop
      vertex -5.536007e-03 -9.731263e-03 -1.523739e-02
      vertex -5.515462e-03 -1.064785e-02 -1.533995e-02
      vertex -5.536007e-03 -1.149535e-02 -1.394989e-02
    endloop
  endfacet
  facet normal -9.994347e-01 -1.668756e-02 -2.918703e-02
    outer loop
      vertex -5.515462e-03 -9.106920e-03 -1.629787e-02
      vertex -5.536007e-03 -9.731263e-03 -1.523739e-02
      vertex -5.536007e-03 -8.089403e-03 -1.617612e-02
    endloop
  endfacet
  facet normal -9.994004e-01 -1.430090e-02 -3.153439e-02
    outer loop
      vertex -5.536007e-03 -6.845686e-03 -1.674014e-02
      vertex -5.515462e-03 -7.304321e-03 -1.718327e-02
      vertex -5.536007e-03 -8.089403e-03 -1.617612e-02
    endloop
  endfacet
  facet normal -9.994194e-01 -1.144720e-02 -3.208967e-02
    outer loop
      vertex -5.515462e-03 -5.743876e-03 -1.777305e-02
      vertex -5.536007e-03 -6.845686e-03 -1.674014e-02
      vertex -5.536007e-03 -5.293267e-03 -1.729393e-02
    endloop
  endfacet
  facet normal -9.994136e-01 -8.580290e-03 -3.314810e-02
    outer loop
      vertex -5.536007e-03 -3.842966e-03 -1.766934e-02
      vertex -5.515462e-03 -4.201592e-03 -1.819594e-02
      vertex -5.536007e-03 -5.293267e-03 -1.729393e-02
    endloop
  endfacet
  facet normal -9.994264e-01 3.695946e-04 -3.386202e-02
    outer loop
      vertex -5.536007e-03 1.168677e-03 -1.805077e-02
      vertex -5.515462e-03 3.903919e-04 -1.866565e-02
      vertex -5.536007e-03 -5.903575e-04 -1.806997e-02
    endloop
  endfacet
  facet normal -9.994552e-01 9.617100e-03 -3.157382e-02
    outer loop
      vertex -5.536007e-03 6.205034e-03 -1.698286e-02
      vertex -5.515462e-03 5.441865e-03 -1.786566e-02
      vertex -5.536007e-03 4.284102e-03 -1.756796e-02
    endloop
  endfacet
  facet normal -9.994226e-01 1.290820e-02 -3.142893e-02
    outer loop
      vertex -5.536007e-03 7.636590e-03 -1.639491e-02
      vertex -5.515462e-03 7.015470e-03 -1.730333e-02
      vertex -5.536007e-03 6.205034e-03 -1.698286e-02
    endloop
  endfacet
  facet normal -9.994497e-01 1.599638e-02 -2.905924e-02
    outer loop
      vertex -5.515462e-03 9.252532e-03 -1.621198e-02
      vertex -5.536007e-03 7.636590e-03 -1.639491e-02
      vertex -5.536007e-03 9.551105e-03 -1.534101e-02
    endloop
  endfacet
  facet normal -9.994514e-01 1.879312e-02 -2.726968e-02
    outer loop
      vertex -5.515462e-03 1.078573e-02 -1.524315e-02
      vertex -5.536007e-03 9.551105e-03 -1.534101e-02
      vertex -5.536007e-03 1.115836e-02 -1.423336e-02
    endloop
  endfacet
  facet normal -9.993982e-01 2.440844e-02 -2.464665e-02
    outer loop
      vertex -5.536007e-03 1.324184e-02 -1.232255e-02
      vertex -5.515462e-03 1.282057e-02 -1.357283e-02
      vertex -5.536007e-03 1.228893e-02 -1.326624e-02
    endloop
  endfacet
  facet normal -9.994003e-01 2.645508e-02 -2.234368e-02
    outer loop
      vertex -5.536007e-03 1.424779e-02 -1.113149e-02
      vertex -5.515462e-03 1.382171e-02 -1.255492e-02
      vertex -5.536007e-03 1.324184e-02 -1.232255e-02
    endloop
  endfacet
  facet normal -9.994225e-01 2.792298e-02 -1.936555e-02
    outer loop
      vertex -5.536007e-03 1.532958e-02 -9.571672e-03
      vertex -5.515462e-03 1.494987e-02 -1.117946e-02
      vertex -5.536007e-03 1.424779e-02 -1.113149e-02
    endloop
  endfacet
  facet normal -9.994179e-01 3.138255e-02 -1.338041e-02
    outer loop
      vertex -5.536007e-03 1.686695e-02 -6.519242e-03
      vertex -5.515462e-03 1.703545e-02 -7.658607e-03
      vertex -5.536007e-03 1.632619e-02 -7.787533e-03
    endloop
  endfacet
  facet normal -9.994191e-01 3.224443e-02 -1.103610e-02
    outer loop
      vertex -5.536007e-03 1.734778e-02 -5.114398e-03
      vertex -5.515462e-03 1.752875e-02 -6.446187e-03
      vertex -5.536007e-03 1.686695e-02 -6.519242e-03
    endloop
  endfacet
  facet normal -9.994498e-01 3.232996e-02 -7.404315e-03
    outer loop
      vertex -5.515462e-03 1.827315e-02 -3.847103e-03
      vertex -5.536007e-03 1.734778e-02 -5.114398e-03
      vertex -5.536007e-03 1.782078e-02 -3.049100e-03
    endloop
  endfacet
  facet normal -9.993824e-01 3.487393e-02 -4.323213e-03
    outer loop
      vertex -5.536007e-03 1.804149e-02 -1.268668e-03
      vertex -5.515462e-03 1.860438e-02 -1.477392e-03
      vertex -5.536007e-03 1.782078e-02 -3.049100e-03
    endloop
  endfacet
  facet normal -9.992519e-01 3.452588e-02 1.742690e-02
    outer loop
      vertex -5.510904e-03 1.673391e-02 8.366009e-03
      vertex -5.536007e-03 1.652715e-02 7.336245e-03
      vertex -5.536007e-03 1.570973e-02 8.955702e-03
    endloop
  endfacet
  facet normal -9.992571e-01 2.957564e-02 2.470956e-02
    outer loop
      vertex -5.536007e-03 1.327349e-02 1.228024e-02
      vertex -5.510904e-03 1.440730e-02 1.193833e-02
      vertex -5.536007e-03 1.443774e-02 1.088672e-02
    endloop
  endfacet
  facet normal -9.993926e-01 2.133590e-02 2.755260e-02
    outer loop
      vertex -5.515462e-03 1.062978e-02 1.534042e-02
      vertex -5.536007e-03 1.184622e-02 1.365324e-02
      vertex -5.536007e-03 1.016528e-02 1.495490e-02
    endloop
  endfacet
  facet normal -9.993548e-01 1.880691e-02 3.059772e-02
    outer loop
      vertex -5.515462e-03 1.062978e-02 1.534042e-02
      vertex -5.536007e-03 1.016528e-02 1.495490e-02
      vertex -5.536007e-03 8.693464e-03 1.585956e-02
    endloop
  endfacet
  facet normal -9.993951e-01 1.556175e-02 3.110096e-02
    outer loop
      vertex -5.536007e-03 7.478513e-03 1.646747e-02
      vertex -5.515462e-03 7.902412e-03 1.691556e-02
      vertex -5.536007e-03 8.693464e-03 1.585956e-02
    endloop
  endfacet
  facet normal -9.993623e-01 1.348798e-02 3.306128e-02
    outer loop
      vertex -5.515462e-03 7.902412e-03 1.691556e-02
      vertex -5.536007e-03 7.478513e-03 1.646747e-02
      vertex -5.536007e-03 6.184499e-03 1.699539e-02
    endloop
  endfacet
  facet normal -9.993991e-01 9.905516e-03 3.321718e-02
    outer loop
      vertex -5.532872e-03 4.662393e-03 1.754362e-02
      vertex -5.515462e-03 6.240651e-03 1.759678e-02
      vertex -5.536007e-03 6.184499e-03 1.699539e-02
    endloop
  endfacet
  facet normal -9.994554e-01 6.684222e-03 3.231467e-02
    outer loop
      vertex -5.532872e-03 2.664558e-03 1.795687e-02
      vertex -5.515462e-03 4.513186e-03 1.811295e-02
      vertex -5.532872e-03 4.662393e-03 1.754362e-02
    endloop
  endfacet
  facet normal -9.994422e-01 4.191210e-03 3.313055e-02
    outer loop
      vertex -5.515462e-03 2.401837e-03 1.851530e-02
      vertex -5.532872e-03 2.664558e-03 1.795687e-02
      vertex -5.536007e-03 1.180715e-03 1.805000e-02
    endloop
  endfacet
  facet normal -9.993949e-01 8.496867e-04 3.477231e-02
    outer loop
      vertex -5.515462e-03 1.052074e-03 1.864363e-02
      vertex -5.536007e-03 1.180715e-03 1.805000e-02
      vertex -5.515462e-03 -1.481886e-04 1.867296e-02
    endloop
  endfacet
  facet normal -8.739511e-01 -4.522217e-01 -1.780589e-01
    outer loop
      vertex -8.429211e-03 -8.155694e-03 -3.468010e-03
      vertex -7.771222e-03 -9.211862e-03 -4.015177e-03
      vertex -7.887648e-03 -9.283974e-03 -3.260588e-03
    endloop
  endfacet
  facet normal -8.737831e-01 4.546750e-01 1.725506e-01
    outer loop
      vertex -8.431351e-03 8.147843e-03 3.476049e-03
      vertex -7.771222e-03 9.211862e-03 4.015177e-03
      vertex -7.771222e-03 9.543827e-03 3.140440e-03
    endloop
  endfacet
  facet normal -8.790525e-01 1.819987e-01 4.406168e-01
    outer loop
      vertex -8.431351e-03 3.845541e-03 7.980106e-03
      vertex -8.557973e-03 3.088906e-03 8.040020e-03
      vertex -8.142520e-03 3.174574e-03 8.833484e-03
    endloop
  endfacet
  facet normal -8.935082e-01 6.071992e-02 4.449226e-01
    outer loop
      vertex -8.389999e-03 1.541591e-03 8.802661e-03
      vertex -8.771709e-03 7.717977e-04 8.141154e-03
      vertex -8.431499e-03 7.717977e-04 8.824375e-03
    endloop
  endfacet
  facet normal -8.949759e-01 2.025710e-02 4.456543e-01
    outer loop
      vertex -8.771709e-03 7.717977e-04 8.141154e-03
      vertex -8.785848e-03 4.019007e-17 8.147843e-03
      vertex -8.445357e-03 3.486100e-17 8.831626e-03
    endloop
  endfacet
  facet normal -8.949918e-01 -1.936616e-02 4.456621e-01
    outer loop
      vertex -8.785848e-03 4.019007e-17 8.147843e-03
      vertex -8.772926e-03 -7.378471e-04 8.141729e-03
      vertex -8.432692e-03 -7.378471e-04 8.824999e-03
    endloop
  endfacet
  facet normal -8.936095e-01 -5.882436e-02 4.449738e-01
    outer loop
      vertex -8.772926e-03 -7.378471e-04 8.141729e-03
      vertex -8.732144e-03 -1.503341e-03 8.122433e-03
      vertex -8.432692e-03 -7.378471e-04 8.824999e-03
    endloop
  endfacet
  facet normal -8.967302e-01 1.820111e-01 4.034191e-01
    outer loop
      vertex -8.431351e-03 3.845541e-03 7.980106e-03
      vertex -8.725324e-03 3.845541e-03 7.326655e-03
      vertex -8.854153e-03 3.088906e-03 7.381663e-03
    endloop
  endfacet
  facet normal -8.987321e-01 1.294382e-01 4.189587e-01
    outer loop
      vertex -8.557973e-03 3.088906e-03 8.040020e-03
      vertex -8.957604e-03 2.302094e-03 7.425835e-03
      vertex -8.490654e-03 2.302094e-03 8.427517e-03
    endloop
  endfacet
  facet normal -9.102799e-01 6.072106e-02 4.095160e-01
    outer loop
      vertex -8.729372e-03 1.541591e-03 8.121121e-03
      vertex -9.028541e-03 1.541591e-03 7.456124e-03
      vertex -8.771709e-03 7.717977e-04 8.141154e-03
    endloop
  endfacet
  facet normal -8.880777e-01 -2.328547e-01 3.963542e-01
    outer loop
      vertex -8.726851e-03 -3.837476e-03 7.327307e-03
      vertex -8.491211e-03 -4.907439e-03 7.226693e-03
      vertex -8.175560e-03 -4.695855e-03 8.058249e-03
    endloop
  endfacet
  facet normal -8.971829e-01 2.324883e-01 3.755158e-01
    outer loop
      vertex -8.438227e-03 4.527545e-03 7.590348e-03
      vertex -8.859424e-03 4.527545e-03 6.584023e-03
      vertex -8.725324e-03 3.845541e-03 7.326655e-03
    endloop
  endfacet
  facet normal -9.179679e-01 1.414996e-01 3.705575e-01
    outer loop
      vertex -8.854153e-03 3.088906e-03 7.381663e-03
      vertex -9.239072e-03 2.302094e-03 6.728567e-03
      vertex -8.957604e-03 2.302094e-03 7.425835e-03
    endloop
  endfacet
  facet normal -9.225671e-01 1.008851e-01 3.724141e-01
    outer loop
      vertex -8.957604e-03 2.302094e-03 7.425835e-03
      vertex -9.239072e-03 2.302094e-03 6.728567e-03
      vertex -9.028541e-03 1.541591e-03 7.456124e-03
    endloop
  endfacet
  facet normal -9.181751e-01 -1.399293e-01 3.706403e-01
    outer loop
      vertex -8.860641e-03 -3.045667e-03 7.384433e-03
      vertex -9.240945e-03 -2.285572e-03 6.729280e-03
      vertex -9.140538e-03 -3.045667e-03 6.691052e-03
    endloop
  endfacet
  facet normal -9.186417e-01 2.197588e-01 3.283343e-01
    outer loop
      vertex -8.859424e-03 4.527545e-03 6.584023e-03
      vertex -9.115005e-03 4.527545e-03 5.868937e-03
      vertex -9.003032e-03 3.845541e-03 6.638699e-03
    endloop
  endfacet
  facet normal -9.368572e-01 1.008827e-01 3.348452e-01
    outer loop
      vertex -9.239072e-03 2.302094e-03 6.728567e-03
      vertex -9.573413e-03 1.541591e-03 6.022245e-03
      vertex -9.311155e-03 1.541591e-03 6.756011e-03
    endloop
  endfacet
  facet normal -9.399237e-01 6.071945e-02 3.359412e-01
    outer loop
      vertex -9.311155e-03 1.541591e-03 6.756011e-03
      vertex -9.573413e-03 1.541591e-03 6.022245e-03
      vertex -9.354928e-03 7.717977e-04 6.772676e-03
    endloop
  endfacet
  facet normal -9.414685e-01 2.025666e-02 3.364919e-01
    outer loop
      vertex -9.354928e-03 7.717977e-04 6.772676e-03
      vertex -9.617831e-03 7.717977e-04 6.037101e-03
      vertex -9.369545e-03 -3.974598e-17 6.778241e-03
    endloop
  endfacet
  facet normal -9.414849e-01 -1.936549e-02 3.364985e-01
    outer loop
      vertex -9.369545e-03 -3.974598e-17 6.778241e-03
      vertex -9.632665e-03 9.992007e-18 6.042062e-03
      vertex -9.356186e-03 -7.378471e-04 6.773155e-03
    endloop
  endfacet
  facet normal -9.400309e-01 -5.882331e-02 3.359787e-01
    outer loop
      vertex -9.356186e-03 -7.378471e-04 6.773155e-03
      vertex -9.619108e-03 -7.378471e-04 6.037528e-03
      vertex -9.314022e-03 -1.503341e-03 6.757102e-03
    endloop
  endfacet
  facet normal -9.261664e-01 -1.806639e-01 3.310231e-01
    outer loop
      vertex -9.140538e-03 -3.045667e-03 6.691052e-03
      vertex -9.400273e-03 -3.045667e-03 5.964342e-03
      vertex -9.004583e-03 -3.837476e-03 6.639290e-03
    endloop
  endfacet
  facet normal -8.850795e-01 3.742602e-01 2.767012e-01
    outer loop
      vertex -8.450345e-03 6.778241e-03 5.646652e-03
      vertex -8.387820e-03 7.480658e-03 4.896574e-03
      vertex -8.660066e-03 6.778241e-03 4.975822e-03
    endloop
  endfacet
  facet normal -8.987839e-01 3.365034e-01 2.809857e-01
    outer loop
      vertex -8.450345e-03 6.778241e-03 5.646652e-03
      vertex -8.912700e-03 6.042062e-03 5.049361e-03
      vertex -8.699880e-03 6.042062e-03 5.730105e-03
    endloop
  endfacet
  facet normal -9.219812e-01 2.585914e-01 2.882379e-01
    outer loop
      vertex -8.912700e-03 5.324257e-03 5.801280e-03
      vertex -9.128163e-03 5.324257e-03 5.112080e-03
      vertex -9.332981e-03 4.527545e-03 5.171700e-03
    endloop
  endfacet
  facet normal -9.448417e-01 1.415000e-01 2.953843e-01
    outer loop
      vertex -9.615021e-03 3.088906e-03 5.253798e-03
      vertex -9.723025e-03 2.302094e-03 5.285238e-03
      vertex -9.393584e-03 3.088906e-03 5.962104e-03
    endloop
  endfacet
  facet normal -9.310501e-01 -2.200510e-01 2.910726e-01
    outer loop
      vertex -9.262310e-03 -3.837476e-03 5.918201e-03
      vertex -9.482116e-03 -3.837476e-03 5.215112e-03
      vertex -9.110597e-03 -4.546499e-03 5.867463e-03
    endloop
  endfacet
  facet normal -9.219885e-01 2.983232e-01 2.468613e-01
    outer loop
      vertex -8.912700e-03 6.042062e-03 5.049361e-03
      vertex -9.115005e-03 6.042062e-03 4.293784e-03
      vertex -9.128163e-03 5.324257e-03 5.112080e-03
    endloop
  endfacet
  facet normal -9.331208e-01 2.585819e-01 2.498420e-01
    outer loop
      vertex -9.128163e-03 5.324257e-03 5.112080e-03
      vertex -9.332981e-03 5.324257e-03 4.347118e-03
      vertex -9.332981e-03 4.527545e-03 5.171700e-03
    endloop
  endfacet
  facet normal -9.423616e-01 2.197533e-01 2.523155e-01
    outer loop
      vertex -9.332981e-03 4.527545e-03 5.171700e-03
      vertex -9.540187e-03 4.527545e-03 4.397817e-03
      vertex -9.480521e-03 3.845541e-03 5.214648e-03
    endloop
  endfacet
  facet normal -9.641920e-01 6.071701e-02 2.581611e-01
    outer loop
      vertex -9.797083e-03 1.541591e-03 5.306795e-03
      vertex -1.005520e-02 7.717977e-04 4.523828e-03
      vertex -9.842053e-03 7.717977e-04 5.319885e-03
    endloop
  endfacet
  facet normal -9.657759e-01 2.025698e-02 2.585855e-01
    outer loop
      vertex -9.857071e-03 3.663736e-17 5.324257e-03
      vertex -1.005520e-02 7.717977e-04 4.523828e-03
      vertex -1.007039e-02 3.219647e-17 4.527545e-03
    endloop
  endfacet
  facet normal -9.643020e-01 -5.882129e-02 2.581894e-01
    outer loop
      vertex -1.005650e-02 -7.378471e-04 4.524148e-03
      vertex -1.001268e-02 -1.503341e-03 4.513425e-03
      vertex -9.843347e-03 -7.378471e-04 5.320262e-03
    endloop
  endfacet
  facet normal -9.333739e-01 -2.576022e-01 2.499087e-01
    outer loop
      vertex -9.535672e-03 -4.546499e-03 4.396712e-03
      vertex -9.348690e-03 -5.268378e-03 4.350962e-03
      vertex -9.143692e-03 -5.268378e-03 5.116601e-03
    endloop
  endfacet
  facet normal -9.101002e-01 -3.351690e-01 2.436790e-01
    outer loop
      vertex -8.912482e-03 -6.042738e-03 5.049298e-03
      vertex -9.114785e-03 -6.042738e-03 4.293730e-03
      vertex -8.878104e-03 -6.727512e-03 4.235820e-03
    endloop
  endfacet
  facet normal -8.896856e-01 4.102149e-01 2.004578e-01
    outer loop
      vertex -8.725324e-03 7.480658e-03 3.536640e-03
      vertex -8.292451e-03 8.147843e-03 4.092524e-03
      vertex -8.431351e-03 8.147843e-03 3.476049e-03
    endloop
  endfacet
  facet normal -9.186497e-01 3.365118e-01 2.069844e-01
    outer loop
      vertex -8.859424e-03 6.778241e-03 4.231249e-03
      vertex -9.260736e-03 6.042062e-03 3.646993e-03
      vertex -9.115005e-03 6.042062e-03 4.293784e-03
    endloop
  endfacet
  facet normal -9.311175e-01 2.983412e-01 2.097922e-01
    outer loop
      vertex -9.115005e-03 6.042062e-03 4.293784e-03
      vertex -9.480521e-03 5.324257e-03 3.692293e-03
      vertex -9.332981e-03 5.324257e-03 4.347118e-03
    endloop
  endfacet
  facet normal -9.423614e-01 2.585971e-01 2.123264e-01
    outer loop
      vertex -9.332981e-03 5.324257e-03 4.347118e-03
      vertex -9.689448e-03 4.527545e-03 3.735354e-03
      vertex -9.540187e-03 4.527545e-03 4.397817e-03
    endloop
  endfacet
  facet normal -9.516944e-01 2.197677e-01 2.144293e-01
    outer loop
      vertex -9.540187e-03 4.527545e-03 4.397817e-03
      vertex -9.689448e-03 4.527545e-03 3.735354e-03
      vertex -9.689448e-03 3.845541e-03 4.434337e-03
    endloop
  endfacet
  facet normal -9.592486e-01 1.820139e-01 2.161319e-01
    outer loop
      vertex -9.689448e-03 3.845541e-03 4.434337e-03
      vertex -9.839950e-03 3.845541e-03 3.766374e-03
      vertex -9.977147e-03 3.088906e-03 3.794652e-03
    endloop
  endfacet
  facet normal -9.594903e-01 -1.806712e-01 2.161856e-01
    outer loop
      vertex -9.832368e-03 -3.045667e-03 4.469306e-03
      vertex -9.984056e-03 -3.045667e-03 3.796076e-03
      vertex -9.691061e-03 -3.837476e-03 4.434732e-03
    endloop
  endfacet
  facet normal -9.191101e-01 -3.351886e-01 2.070875e-01
    outer loop
      vertex -9.114785e-03 -6.042738e-03 4.293730e-03
      vertex -9.141191e-03 -6.385125e-03 3.622354e-03
      vertex -8.878104e-03 -6.727512e-03 4.235820e-03
    endloop
  endfacet
  facet normal -9.132058e-01 -3.601689e-01 1.906135e-01
    outer loop
      vertex -8.878104e-03 -6.727512e-03 4.235820e-03
      vertex -9.141191e-03 -6.385125e-03 3.622354e-03
      vertex -8.742664e-03 -7.439057e-03 3.540214e-03
    endloop
  endfacet
  facet normal -9.385141e-01 2.983304e-01 1.737537e-01
    outer loop
      vertex -9.260736e-03 6.042062e-03 3.646993e-03
      vertex -9.393584e-03 6.042062e-03 2.929423e-03
      vertex -9.480521e-03 5.324257e-03 3.692293e-03
    endloop
  endfacet
  facet normal -9.498463e-01 2.585884e-01 1.758525e-01
    outer loop
      vertex -9.480521e-03 5.324257e-03 3.692293e-03
      vertex -9.615021e-03 5.324257e-03 2.965810e-03
      vertex -9.825516e-03 4.527545e-03 3.000399e-03
    endloop
  endfacet
  facet normal -9.592528e-01 2.197608e-01 1.775932e-01
    outer loop
      vertex -9.689448e-03 4.527545e-03 3.735354e-03
      vertex -9.977147e-03 3.845541e-03 3.025315e-03
      vertex -9.839950e-03 3.845541e-03 3.766374e-03
    endloop
  endfacet
  facet normal -9.733972e-01 1.414983e-01 1.802114e-01
    outer loop
      vertex -9.977147e-03 3.088906e-03 3.794652e-03
      vertex -1.022637e-02 2.302094e-03 3.066268e-03
      vertex -1.008732e-02 2.302094e-03 3.817359e-03
    endloop
  endfacet
  facet normal -8.971416e-01 -4.093286e-01 1.660935e-01
    outer loop
      vertex -8.742664e-03 -7.439057e-03 3.540214e-03
      vertex -8.871623e-03 -7.439057e-03 2.843653e-03
      vertex -8.427711e-03 -8.155694e-03 3.475299e-03
    endloop
  endfacet
  facet normal -9.028169e-01 4.101977e-01 1.290716e-01
    outer loop
      vertex -8.557973e-03 8.147843e-03 2.792114e-03
      vertex -8.659652e-03 8.147843e-03 2.080901e-03
      vertex -8.854153e-03 7.480658e-03 2.840783e-03
    endloop
  endfacet
  facet normal -9.322055e-01 3.364978e-01 1.332743e-01
    outer loop
      vertex -9.133945e-03 6.778241e-03 2.886759e-03
      vertex -9.239072e-03 6.778241e-03 2.151438e-03
      vertex -9.393584e-03 6.042062e-03 2.929423e-03
    endloop
  endfacet
  facet normal -9.562652e-01 2.585851e-01 1.367136e-01
    outer loop
      vertex -9.615021e-03 5.324257e-03 2.965810e-03
      vertex -9.934780e-03 4.527545e-03 2.236131e-03
      vertex -9.825516e-03 4.527545e-03 3.000399e-03
    endloop
  endfacet
  facet normal -9.657348e-01 2.197581e-01 1.380674e-01
    outer loop
      vertex -9.825516e-03 4.527545e-03 3.000399e-03
      vertex -9.934780e-03 4.527545e-03 2.236131e-03
      vertex -9.977147e-03 3.845541e-03 3.025315e-03
    endloop
  endfacet
  facet normal -9.734002e-01 1.820051e-01 1.391623e-01
    outer loop
      vertex -9.977147e-03 3.845541e-03 3.025315e-03
      vertex -1.022637e-02 3.088906e-03 2.271629e-03
      vertex -1.011537e-02 3.088906e-03 3.048029e-03
    endloop
  endfacet
  facet normal -9.848840e-01 1.008837e-01 1.408048e-01
    outer loop
      vertex -1.022637e-02 2.302094e-03 3.066268e-03
      vertex -1.033804e-02 2.302094e-03 2.285223e-03
      vertex -1.030248e-02 1.541591e-03 3.078775e-03
    endloop
  endfacet
  facet normal -9.881081e-01 6.071778e-02 1.412650e-01
    outer loop
      vertex -1.030248e-02 1.541591e-03 3.078775e-03
      vertex -1.041460e-02 1.541591e-03 2.294544e-03
      vertex -1.034870e-02 7.717977e-04 3.086370e-03
    endloop
  endfacet
  facet normal -9.897314e-01 2.025623e-02 1.414971e-01
    outer loop
      vertex -1.034870e-02 7.717977e-04 3.086370e-03
      vertex -1.046110e-02 7.717977e-04 2.300204e-03
      vertex -1.036413e-02 3.796963e-17 3.088906e-03
    endloop
  endfacet
  facet normal -9.736452e-01 -1.806624e-01 1.391978e-01
    outer loop
      vertex -1.012234e-02 -3.045667e-03 3.049173e-03
      vertex -1.023338e-02 -3.045667e-03 2.272482e-03
      vertex -9.978786e-03 -3.837476e-03 3.025584e-03
    endloop
  endfacet
  facet normal -9.584152e-01 -2.391775e-01 1.556743e-01
    outer loop
      vertex -9.978786e-03 -3.837476e-03 3.025584e-03
      vertex -9.930166e-03 -4.546499e-03 2.235570e-03
      vertex -9.630980e-03 -5.268378e-03 2.968432e-03
    endloop
  endfacet
  facet normal -9.565242e-01 -2.576058e-01 1.367502e-01
    outer loop
      vertex -9.930166e-03 -4.546499e-03 2.235570e-03
      vertex -9.739079e-03 -5.268378e-03 2.212307e-03
      vertex -9.630980e-03 -5.268378e-03 2.968432e-03
    endloop
  endfacet
  facet normal -9.326727e-01 -3.351743e-01 1.333411e-01
    outer loop
      vertex -9.393361e-03 -6.042738e-03 2.929386e-03
      vertex -9.258162e-03 -6.727512e-03 2.153762e-03
      vertex -9.152923e-03 -6.727512e-03 2.889877e-03
    endloop
  endfacet
  facet normal -9.032051e-01 -4.093243e-01 1.291283e-01
    outer loop
      vertex -8.871623e-03 -7.439057e-03 2.843653e-03
      vertex -8.975180e-03 -7.439057e-03 2.119313e-03
      vertex -8.655962e-03 -8.155694e-03 2.080452e-03
    endloop
  endfacet
  facet normal -8.906267e-01 4.456734e-01 9.032871e-02
    outer loop
      vertex -8.321657e-03 8.831626e-03 2.039755e-03
      vertex -8.729372e-03 8.147843e-03 1.393470e-03
      vertex -8.659652e-03 8.147843e-03 2.080901e-03
    endloop
  endfacet
  facet normal -9.225914e-01 3.742587e-01 9.357145e-02
    outer loop
      vertex -8.957604e-03 7.480658e-03 2.117173e-03
      vertex -9.028541e-03 7.480658e-03 1.417760e-03
      vertex -9.239072e-03 6.778241e-03 2.151438e-03
    endloop
  endfacet
  facet normal -9.368767e-01 3.365015e-01 9.502041e-02
    outer loop
      vertex -9.239072e-03 6.778241e-03 2.151438e-03
      vertex -9.573413e-03 6.042062e-03 1.461998e-03
      vertex -9.500263e-03 6.042062e-03 2.183235e-03
    endloop
  endfacet
  facet normal -9.495905e-01 2.983325e-01 9.630988e-02
    outer loop
      vertex -9.500263e-03 6.042062e-03 2.183235e-03
      vertex -9.573413e-03 6.042062e-03 1.461998e-03
      vertex -9.723025e-03 5.324257e-03 2.210353e-03
    endloop
  endfacet
  facet normal -9.782786e-01 1.820076e-01 9.921847e-02
    outer loop
      vertex -1.008732e-02 3.845541e-03 2.254701e-03
      vertex -1.016286e-02 3.845541e-03 1.509855e-03
      vertex -1.022637e-02 3.088906e-03 2.271629e-03
    endloop
  endfacet
  facet normal -9.848859e-01 1.414989e-01 9.988946e-02
    outer loop
      vertex -1.022637e-02 3.088906e-03 2.271629e-03
      vertex -1.041460e-02 2.302094e-03 1.530294e-03
      vertex -1.033804e-02 2.302094e-03 2.285223e-03
    endloop
  endfacet
  facet normal -9.931733e-01 -5.882398e-02 1.007299e-01
    outer loop
      vertex -1.046243e-02 -7.378471e-04 2.300366e-03
      vertex -1.053951e-02 -7.378471e-04 1.540435e-03
      vertex -1.049454e-02 -1.503341e-03 1.536784e-03
    endloop
  endfacet
  facet normal -9.103106e-01 4.102034e-01 5.538741e-02
    outer loop
      vertex -8.729372e-03 8.147843e-03 1.393470e-03
      vertex -8.771709e-03 8.147843e-03 6.976408e-04
      vertex -9.028541e-03 7.480658e-03 1.417760e-03
    endloop
  endfacet
  facet normal -9.527008e-01 2.983307e-01 5.796516e-02
    outer loop
      vertex -9.573413e-03 6.042062e-03 1.461998e-03
      vertex -9.617831e-03 6.042062e-03 7.319491e-04
      vertex -9.797083e-03 5.324257e-03 1.480157e-03
    endloop
  endfacet
  facet normal -9.814820e-01 1.820085e-01 5.971675e-02
    outer loop
      vertex -1.016286e-02 3.845541e-03 1.509855e-03
      vertex -1.020873e-02 3.845541e-03 7.559088e-04
      vertex -1.030248e-02 3.088906e-03 1.521191e-03
    endloop
  endfacet
  facet normal -9.930618e-01 1.008837e-01 6.042114e-02
    outer loop
      vertex -1.041460e-02 2.302094e-03 1.530294e-03
      vertex -1.046110e-02 2.302094e-03 7.661414e-04
      vertex -1.049148e-02 1.541591e-03 1.536536e-03
    endloop
  endfacet
  facet normal -9.979493e-01 2.025615e-02 6.071984e-02
    outer loop
      vertex -1.055375e-02 3.774758e-18 1.541591e-03
      vertex -1.053817e-02 7.717977e-04 1.540326e-03
      vertex -1.060059e-02 -7.771561e-18 7.717977e-04
    endloop
  endfacet
  facet normal -9.979669e-01 -1.936474e-02 6.072092e-02
    outer loop
      vertex -1.055375e-02 3.774758e-18 1.541591e-03
      vertex -1.060059e-02 -7.771561e-18 7.717977e-04
      vertex -1.053951e-02 -7.378471e-04 1.540435e-03
    endloop
  endfacet
  facet normal -9.736882e-01 -2.200494e-01 5.924220e-02
    outer loop
      vertex -1.016452e-02 -3.837476e-03 1.509989e-03
      vertex -1.021039e-02 -3.837476e-03 7.559761e-04
      vertex -1.000507e-02 -4.546499e-03 1.497044e-03
    endloop
  endfacet
  facet normal -9.107030e-01 -4.093284e-01 5.541077e-02
    outer loop
      vertex -9.046187e-03 -7.439057e-03 1.419192e-03
      vertex -8.767996e-03 -8.155694e-03 6.974903e-04
      vertex -8.725668e-03 -8.155694e-03 1.393170e-03
    endloop
  endfacet
  facet normal -8.933766e-01 -4.460086e-01 5.435656e-02
    outer loop
      vertex -8.725668e-03 -8.155694e-03 1.393170e-03
      vertex -8.767996e-03 -8.155694e-03 6.974903e-04
      vertex -8.428885e-03 -8.836626e-03 6.837401e-04
    endloop
  endfacet
  facet normal -8.950128e-01 4.456716e-01 1.813704e-02
    outer loop
      vertex -8.431499e-03 8.831626e-03 6.838462e-04
      vertex -8.445357e-03 8.831626e-03 -3.375078e-17
      vertex -8.771709e-03 8.147843e-03 6.976408e-04
    endloop
  endfacet
  facet normal -9.946938e-01 1.008851e-01 2.015866e-02
    outer loop
      vertex -1.046110e-02 2.302094e-03 7.661414e-04
      vertex -1.047662e-02 2.302094e-03 -2.575717e-17
      vertex -1.053817e-02 1.541591e-03 7.692664e-04
    endloop
  endfacet
  facet normal -9.996072e-01 -1.936621e-02 2.025713e-02
    outer loop
      vertex -1.060059e-02 -7.771561e-18 7.717977e-04
      vertex -1.060194e-02 -7.378471e-04 -6.572520e-17
      vertex -1.058631e-02 -7.378471e-04 7.712185e-04
    endloop
  endfacet
  facet normal -9.980635e-01 -5.882337e-02 2.022585e-02
    outer loop
      vertex -1.058631e-02 -7.378471e-04 7.712185e-04
      vertex -1.060194e-02 -7.378471e-04 -6.572520e-17
      vertex -1.054123e-02 -1.503341e-03 7.693906e-04
    endloop
  endfacet
  facet normal -9.833429e-01 -1.806642e-01 1.992864e-02
    outer loop
      vertex -1.035575e-02 -3.045667e-03 7.618699e-04
      vertex -1.022571e-02 -3.837476e-03 -4.440892e-17
      vertex -1.021039e-02 -3.837476e-03 7.559761e-04
    endloop
  endfacet
  facet normal -9.833430e-01 -1.806639e-01 1.992834e-02
    outer loop
      vertex -1.035575e-02 -3.045667e-03 7.618699e-04
      vertex -1.037119e-02 -3.045667e-03 -5.240253e-17
      vertex -1.022571e-02 -3.837476e-03 -4.440892e-17
    endloop
  endfacet
  facet normal -9.547152e-01 -2.968915e-01 1.934781e-02
    outer loop
      vertex -9.858213e-03 -5.268378e-03 7.416960e-04
      vertex -9.873244e-03 -5.268378e-03 -6.750156e-17
      vertex -9.632439e-03 -6.042738e-03 -5.062617e-17
    endloop
  endfacet
  facet normal -8.948450e-01 -4.460084e-01 1.813396e-02
    outer loop
      vertex -8.767996e-03 -8.155694e-03 6.974903e-04
      vertex -8.442740e-03 -8.836626e-03 -4.796163e-17
      vertex -8.428885e-03 -8.836626e-03 6.837401e-04
    endloop
  endfacet
  facet normal -8.950253e-01 4.456782e-01 -1.733983e-02
    outer loop
      vertex -8.445357e-03 8.831626e-03 -3.375078e-17
      vertex -8.432692e-03 8.831626e-03 -6.537645e-04
      vertex -8.779387e-03 8.147843e-03 -3.334762e-04
    endloop
  endfacet
  facet normal -9.415048e-01 3.365056e-01 -1.824007e-02
    outer loop
      vertex -9.369545e-03 6.778241e-03 -4.796163e-17
      vertex -9.356186e-03 6.778241e-03 -6.895603e-04
      vertex -9.632665e-03 6.042062e-03 -5.595524e-17
    endloop
  endfacet
  facet normal -9.580240e-01 2.866348e-01 -5.518454e-03
    outer loop
      vertex -9.632665e-03 6.042062e-03 -5.595524e-17
      vertex -9.843347e-03 5.324257e-03 -7.084432e-04
      vertex -9.849562e-03 5.324257e-03 3.705204e-04
    endloop
  endfacet
  facet normal -9.753700e-01 2.197639e-01 -1.889688e-02
    outer loop
      vertex -1.007039e-02 4.527545e-03 -6.306067e-17
      vertex -1.005650e-02 4.527545e-03 -7.167055e-04
      vertex -1.021005e-02 3.845541e-03 -7.226572e-04
    endloop
  endfacet
  facet normal -9.897523e-01 1.415015e-01 -1.917469e-02
    outer loop
      vertex -1.036413e-02 3.088906e-03 -5.595524e-17
      vertex -1.046243e-02 2.302094e-03 -7.324398e-04
      vertex -1.047662e-02 2.302094e-03 -2.575717e-17
    endloop
  endfacet
  facet normal -9.979675e-01 6.072095e-02 -1.933296e-02
    outer loop
      vertex -1.055375e-02 1.541591e-03 -3.108624e-17
      vertex -1.053951e-02 1.541591e-03 -7.354272e-04
      vertex -1.060059e-02 7.717977e-04 -2.398082e-17
    endloop
  endfacet
  facet normal -9.996072e-01 2.025675e-02 -1.936581e-02
    outer loop
      vertex -1.060059e-02 7.717977e-04 -2.398082e-17
      vertex -1.060194e-02 6.883383e-17 -7.378471e-04
      vertex -1.061623e-02 1.310063e-17 -7.371881e-17
    endloop
  endfacet
  facet normal -9.996249e-01 -1.936615e-02 -1.936615e-02
    outer loop
      vertex -1.061623e-02 1.310063e-17 -7.371881e-17
      vertex -1.060194e-02 6.883383e-17 -7.378471e-04
      vertex -1.060194e-02 -7.378471e-04 -6.572520e-17
    endloop
  endfacet
  facet normal -9.660670e-01 -2.576128e-01 -1.871551e-02
    outer loop
      vertex -1.006574e-02 -4.546499e-03 -4.085621e-17
      vertex -9.859508e-03 -5.268378e-03 -7.090696e-04
      vertex -9.873244e-03 -5.268378e-03 -6.750156e-17
    endloop
  endfacet
  facet normal -9.547306e-01 -2.968963e-01 -1.849589e-02
    outer loop
      vertex -9.873244e-03 -5.268378e-03 -6.750156e-17
      vertex -9.859508e-03 -5.268378e-03 -7.090696e-04
      vertex -9.632439e-03 -6.042738e-03 -5.062617e-17
    endloop
  endfacet
  facet normal -8.936451e-01 4.456729e-01 -5.266947e-02
    outer loop
      vertex -8.432692e-03 8.831626e-03 -6.537645e-04
      vertex -8.392716e-03 8.831626e-03 -1.332025e-03
      vertex -8.732144e-03 8.147843e-03 -1.358895e-03
    endloop
  endfacet
  facet normal -9.104142e-01 4.102034e-01 -5.365786e-02
    outer loop
      vertex -8.732144e-03 8.147843e-03 -1.358895e-03
      vertex -9.031361e-03 7.480658e-03 -1.382582e-03
      vertex -9.072853e-03 7.480658e-03 -6.785780e-04
    endloop
  endfacet
  facet normal -9.400516e-01 3.365016e-01 -5.540445e-02
    outer loop
      vertex -9.356186e-03 6.778241e-03 -6.895603e-04
      vertex -9.314022e-03 6.778241e-03 -1.404958e-03
      vertex -9.576322e-03 6.042062e-03 -1.425722e-03
    endloop
  endfacet
  facet normal -9.643142e-01 2.585885e-01 -5.683480e-02
    outer loop
      vertex -9.843347e-03 5.324257e-03 -7.084432e-04
      vertex -9.800028e-03 5.324257e-03 -1.443431e-03
      vertex -1.005650e-02 4.527545e-03 -7.167055e-04
    endloop
  endfacet
  facet normal -9.738640e-01 2.197603e-01 -5.739671e-02
    outer loop
      vertex -1.005650e-02 4.527545e-03 -7.167055e-04
      vertex -1.001268e-02 4.527545e-03 -1.460265e-03
      vertex -1.016587e-02 3.845541e-03 -1.472392e-03
    endloop
  endfacet
  facet normal -9.980629e-01 2.025683e-02 -5.882353e-02
    outer loop
      vertex -1.060194e-02 6.883383e-17 -7.378471e-04
      vertex -1.058631e-02 7.717977e-04 -7.372413e-04
      vertex -1.055682e-02 3.841372e-17 -1.503341e-03
    endloop
  endfacet
  facet normal -9.737988e-01 -2.200498e-01 -5.739320e-02
    outer loop
      vertex -1.021171e-02 -3.837476e-03 -7.227215e-04
      vertex -1.016752e-02 -3.837476e-03 -1.472523e-03
      vertex -1.000805e-02 -4.546499e-03 -1.459898e-03
    endloop
  endfacet
  facet normal -9.405230e-01 -3.351771e-01 -5.543240e-02
    outer loop
      vertex -9.618882e-03 -6.042738e-03 -6.997427e-04
      vertex -9.576096e-03 -6.042738e-03 -1.425704e-03
      vertex -9.375403e-03 -6.727512e-03 -6.903052e-04
    endloop
  endfacet
  facet normal -9.227270e-01 3.742553e-01 -9.223816e-02
    outer loop
      vertex -9.031361e-03 7.480658e-03 -1.382582e-03
      vertex -8.959448e-03 7.480658e-03 -2.101979e-03
      vertex -9.314022e-03 6.778241e-03 -1.404958e-03
    endloop
  endfacet
  facet normal -9.370140e-01 3.364985e-01 -9.366707e-02
    outer loop
      vertex -9.314022e-03 6.778241e-03 -1.404958e-03
      vertex -9.240945e-03 6.778241e-03 -2.135998e-03
      vertex -9.576322e-03 6.042062e-03 -1.425722e-03
    endloop
  endfacet
  facet normal -9.707164e-01 2.197581e-01 -9.703622e-02
    outer loop
      vertex -1.001268e-02 4.527545e-03 -1.460265e-03
      vertex -1.008928e-02 3.845541e-03 -2.238519e-03
      vertex -1.016587e-02 3.845541e-03 -1.472392e-03
    endloop
  endfacet
  facet normal -9.707163e-01 2.197586e-01 -9.703666e-02
    outer loop
      vertex -1.001268e-02 4.527545e-03 -1.460265e-03
      vertex -9.936727e-03 4.527545e-03 -2.220083e-03
      vertex -1.008928e-02 3.845541e-03 -2.238519e-03
    endloop
  endfacet
  facet normal -9.932048e-01 6.071838e-02 -9.928466e-02
    outer loop
      vertex -1.049454e-02 1.541591e-03 -1.498410e-03
      vertex -1.046310e-02 7.717977e-04 -2.283695e-03
      vertex -1.054123e-02 7.717977e-04 -1.502106e-03
    endloop
  endfacet
  facet normal -9.948366e-01 2.025683e-02 -9.944738e-02
    outer loop
      vertex -1.055682e-02 3.841372e-17 -1.503341e-03
      vertex -1.046310e-02 7.717977e-04 -2.283695e-03
      vertex -1.047863e-02 6.217249e-17 -2.285572e-03
    endloop
  endfacet
  facet normal -9.786676e-01 -1.806624e-01 -9.783069e-02
    outer loop
      vertex -1.031254e-02 -3.045667e-03 -1.484003e-03
      vertex -1.023535e-02 -3.045667e-03 -2.256172e-03
      vertex -1.009093e-02 -3.837476e-03 -2.238719e-03
    endloop
  endfacet
  facet normal -9.706514e-01 -2.200477e-01 -9.703018e-02
    outer loop
      vertex -1.016752e-02 -3.837476e-03 -1.472523e-03
      vertex -9.932112e-03 -4.546499e-03 -2.219526e-03
      vertex -1.000805e-02 -4.546499e-03 -1.459898e-03
    endloop
  endfacet
  facet normal -9.614583e-01 -2.576055e-01 -9.611064e-02
    outer loop
      vertex -9.932112e-03 -4.546499e-03 -2.219526e-03
      vertex -9.741006e-03 -5.268378e-03 -2.196430e-03
      vertex -9.816151e-03 -5.268378e-03 -1.444707e-03
    endloop
  endfacet
  facet normal -9.501763e-01 -2.968893e-01 -9.498285e-02
    outer loop
      vertex -9.816151e-03 -5.268378e-03 -1.444707e-03
      vertex -9.741006e-03 -5.268378e-03 -2.196430e-03
      vertex -9.501940e-03 -6.042738e-03 -2.167539e-03
    endloop
  endfacet
  facet normal -9.236958e-01 -3.718336e-01 -9.233598e-02
    outer loop
      vertex -9.333194e-03 -6.727512e-03 -1.406475e-03
      vertex -8.977024e-03 -7.439057e-03 -2.104103e-03
      vertex -9.049010e-03 -7.439057e-03 -1.383979e-03
    endloop
  endfacet
  facet normal -9.078637e-01 -4.093255e-01 -9.075335e-02
    outer loop
      vertex -9.049010e-03 -7.439057e-03 -1.383979e-03
      vertex -8.977024e-03 -7.439057e-03 -2.104103e-03
      vertex -8.657773e-03 -8.155694e-03 -2.065521e-03
    endloop
  endfacet
  facet normal -8.863856e-01 4.456720e-01 -1.252878e-01
    outer loop
      vertex -8.612906e-03 8.147843e-03 -2.409498e-03
      vertex -8.323433e-03 8.831626e-03 -2.025116e-03
      vertex -8.228239e-03 8.831626e-03 -2.698593e-03
    endloop
  endfacet
  facet normal -9.030175e-01 4.102043e-01 -1.276392e-01
    outer loop
      vertex -8.612906e-03 8.147843e-03 -2.409498e-03
      vertex -8.860641e-03 7.480658e-03 -2.801017e-03
      vertex -8.959448e-03 7.480658e-03 -2.101979e-03
    endloop
  endfacet
  facet normal -9.181977e-01 3.742576e-01 -1.297849e-01
    outer loop
      vertex -8.959448e-03 7.480658e-03 -2.101979e-03
      vertex -8.860641e-03 7.480658e-03 -2.801017e-03
      vertex -9.140538e-03 6.778241e-03 -2.846350e-03
    endloop
  endfacet
  facet normal -9.564799e-01 2.585894e-01 -1.351949e-01
    outer loop
      vertex -9.724949e-03 5.324257e-03 -2.194490e-03
      vertex -9.621794e-03 5.324257e-03 -2.924294e-03
      vertex -9.936727e-03 4.527545e-03 -2.220083e-03
    endloop
  endfacet
  facet normal -9.659521e-01 2.197607e-01 -1.365347e-01
    outer loop
      vertex -9.936727e-03 4.527545e-03 -2.220083e-03
      vertex -9.984056e-03 3.845541e-03 -2.982966e-03
      vertex -1.008928e-02 3.845541e-03 -2.238519e-03
    endloop
  endfacet
  facet normal -9.659523e-01 2.197603e-01 -1.365344e-01
    outer loop
      vertex -9.936727e-03 4.527545e-03 -2.220083e-03
      vertex -9.832368e-03 4.527545e-03 -2.958399e-03
      vertex -9.984056e-03 3.845541e-03 -2.982966e-03
    endloop
  endfacet
  facet normal -9.736191e-01 1.820084e-01 -1.376184e-01
    outer loop
      vertex -1.008928e-02 3.845541e-03 -2.238519e-03
      vertex -9.984056e-03 3.845541e-03 -2.982966e-03
      vertex -1.012234e-02 3.088906e-03 -3.005362e-03
    endloop
  endfacet
  facet normal -9.851060e-01 1.008851e-01 -1.392424e-01
    outer loop
      vertex -1.034002e-02 2.302094e-03 -2.268822e-03
      vertex -1.030951e-02 1.541591e-03 -3.035678e-03
      vertex -1.041660e-02 1.541591e-03 -2.278076e-03
    endloop
  endfacet
  facet normal -9.883308e-01 6.071848e-02 -1.396982e-01
    outer loop
      vertex -1.041660e-02 1.541591e-03 -2.278076e-03
      vertex -1.030951e-02 1.541591e-03 -3.035678e-03
      vertex -1.046310e-02 7.717977e-04 -2.283695e-03
    endloop
  endfacet
  facet normal -9.455124e-01 -2.968920e-01 -1.336463e-01
    outer loop
      vertex -9.741006e-03 -5.268378e-03 -2.196430e-03
      vertex -9.637758e-03 -5.268378e-03 -2.926880e-03
      vertex -9.501940e-03 -6.042738e-03 -2.167539e-03
    endloop
  endfacet
  facet normal -9.328818e-01 -3.351779e-01 -1.318611e-01
    outer loop
      vertex -9.400050e-03 -6.042738e-03 -2.888381e-03
      vertex -9.159522e-03 -6.727512e-03 -2.849424e-03
      vertex -9.260037e-03 -6.727512e-03 -2.138305e-03
    endloop
  endfacet
  facet normal -9.034070e-01 -4.093289e-01 -1.276934e-01
    outer loop
      vertex -8.977024e-03 -7.439057e-03 -2.104103e-03
      vertex -8.878118e-03 -7.439057e-03 -2.803848e-03
      vertex -8.657773e-03 -8.155694e-03 -2.065521e-03
    endloop
  endfacet
  facet normal -9.120620e-01 3.742511e-01 -1.675681e-01
    outer loop
      vertex -8.860641e-03 7.480658e-03 -2.801017e-03
      vertex -8.726851e-03 7.480658e-03 -3.529222e-03
      vertex -9.140538e-03 6.778241e-03 -2.846350e-03
    endloop
  endfacet
  facet normal -9.387515e-01 2.983269e-01 -1.724724e-01
    outer loop
      vertex -9.400273e-03 6.042062e-03 -2.888417e-03
      vertex -9.482116e-03 5.324257e-03 -3.684549e-03
      vertex -9.621794e-03 5.324257e-03 -2.924294e-03
    endloop
  endfacet
  facet normal -9.500868e-01 2.585839e-01 -1.745550e-01
    outer loop
      vertex -9.621794e-03 5.324257e-03 -2.924294e-03
      vertex -9.482116e-03 5.324257e-03 -3.684549e-03
      vertex -9.832368e-03 4.527545e-03 -2.958399e-03
    endloop
  endfacet
  facet normal -9.671109e-01 1.820045e-01 -1.776820e-01
    outer loop
      vertex -9.984056e-03 3.845541e-03 -2.982966e-03
      vertex -9.841576e-03 3.845541e-03 -3.758475e-03
      vertex -9.978786e-03 3.088906e-03 -3.786693e-03
    endloop
  endfacet
  facet normal -9.817236e-01 6.071726e-02 -1.803667e-01
    outer loop
      vertex -1.030951e-02 1.541591e-03 -3.035678e-03
      vertex -1.021039e-02 7.717977e-04 -3.834325e-03
      vertex -1.035575e-02 7.717977e-04 -3.043166e-03
    endloop
  endfacet
  facet normal -9.833538e-01 -1.936518e-02 -1.806664e-01
    outer loop
      vertex -1.037119e-02 -1.332268e-17 -3.045667e-03
      vertex -1.021171e-02 -7.378471e-04 -3.834596e-03
      vertex -1.035708e-02 -7.378471e-04 -3.043382e-03
    endloop
  endfacet
  facet normal -9.833539e-01 -1.936577e-02 -1.806659e-01
    outer loop
      vertex -1.037119e-02 -1.332268e-17 -3.045667e-03
      vertex -1.022571e-02 6.639134e-17 -3.837476e-03
      vertex -1.021171e-02 -7.378471e-04 -3.834596e-03
    endloop
  endfacet
  facet normal -9.786630e-01 -9.944547e-02 -1.798038e-01
    outer loop
      vertex -1.031254e-02 -1.503341e-03 -3.036169e-03
      vertex -1.016752e-02 -1.503341e-03 -3.825508e-03
      vertex -1.023535e-02 -2.285572e-03 -3.023667e-03
    endloop
  endfacet
  facet normal -9.594315e-01 -2.200450e-01 -1.762708e-01
    outer loop
      vertex -9.985695e-03 -3.837476e-03 -2.983232e-03
      vertex -9.843203e-03 -3.837476e-03 -3.758809e-03
      vertex -9.827780e-03 -4.546499e-03 -2.957656e-03
    endloop
  endfacet
  facet normal -9.503443e-01 -2.576040e-01 -1.746024e-01
    outer loop
      vertex -9.686508e-03 -4.546499e-03 -3.726584e-03
      vertex -9.497957e-03 -5.268378e-03 -3.687807e-03
      vertex -9.827780e-03 -4.546499e-03 -2.957656e-03
    endloop
  endfacet
  facet normal -9.391932e-01 -2.968866e-01 -1.725530e-01
    outer loop
      vertex -9.637758e-03 -5.268378e-03 -2.926880e-03
      vertex -9.497957e-03 -5.268378e-03 -3.687807e-03
      vertex -9.400050e-03 -6.042738e-03 -2.888381e-03
    endloop
  endfacet
  facet normal -9.266476e-01 -3.351719e-01 -1.702471e-01
    outer loop
      vertex -9.400050e-03 -6.042738e-03 -2.888381e-03
      vertex -9.262089e-03 -6.042738e-03 -3.639298e-03
      vertex -9.159522e-03 -6.727512e-03 -2.849424e-03
    endloop
  endfacet
  facet normal -9.130199e-01 -3.718290e-01 -1.677435e-01
    outer loop
      vertex -9.159522e-03 -6.727512e-03 -2.849424e-03
      vertex -9.023421e-03 -6.727512e-03 -3.590214e-03
      vertex -8.878118e-03 -7.439057e-03 -2.803848e-03
    endloop
  endfacet
  facet normal -9.516318e-01 2.197641e-01 -2.147107e-01
    outer loop
      vertex -9.535672e-03 4.527545e-03 -4.416228e-03
      vertex -9.684896e-03 3.845541e-03 -4.452901e-03
      vertex -9.691061e-03 4.527545e-03 -3.727520e-03
    endloop
  endfacet
  facet normal -9.656641e-01 1.415011e-01 -2.178768e-01
    outer loop
      vertex -9.978786e-03 3.088906e-03 -3.786693e-03
      vertex -9.930166e-03 2.302094e-03 -4.513180e-03
      vertex -1.008897e-02 2.302094e-03 -3.809353e-03
    endloop
  endfacet
  facet normal -9.705022e-01 1.008859e-01 -2.189694e-01
    outer loop
      vertex -9.930166e-03 2.302094e-03 -4.513180e-03
      vertex -1.000507e-02 1.541591e-03 -4.531588e-03
      vertex -1.016452e-02 1.541591e-03 -3.824890e-03
    endloop
  endfacet
  facet normal -9.736791e-01 6.071980e-02 -2.196862e-01
    outer loop
      vertex -1.016452e-02 1.541591e-03 -3.824890e-03
      vertex -1.000507e-02 1.541591e-03 -4.531588e-03
      vertex -1.021039e-02 7.717977e-04 -3.834325e-03
    endloop
  endfacet
  facet normal -9.752961e-01 -1.936655e-02 -2.200508e-01
    outer loop
      vertex -1.022571e-02 6.639134e-17 -3.837476e-03
      vertex -1.006574e-02 -6.439294e-18 -4.546499e-03
      vertex -1.021171e-02 -7.378471e-04 -3.834596e-03
    endloop
  endfacet
  facet normal -9.425548e-01 -2.576139e-01 -2.126628e-01
    outer loop
      vertex -9.686508e-03 -4.546499e-03 -3.726584e-03
      vertex -9.531158e-03 -4.546499e-03 -4.415118e-03
      vertex -9.497957e-03 -5.268378e-03 -3.687807e-03
    endloop
  endfacet
  facet normal -9.314940e-01 -2.968985e-01 -2.101671e-01
    outer loop
      vertex -9.497957e-03 -5.268378e-03 -3.687807e-03
      vertex -9.344224e-03 -5.268378e-03 -4.369177e-03
      vertex -9.110376e-03 -6.042738e-03 -4.311706e-03
    endloop
  endfacet
  facet normal -9.190501e-01 -3.351843e-01 -2.073607e-01
    outer loop
      vertex -9.262089e-03 -6.042738e-03 -3.639298e-03
      vertex -8.873755e-03 -6.727512e-03 -4.253553e-03
      vertex -9.023421e-03 -6.727512e-03 -3.590214e-03
    endloop
  endfacet
  facet normal -8.960132e-01 3.742617e-01 -2.389320e-01
    outer loop
      vertex -8.579728e-03 7.480658e-03 -4.181292e-03
      vertex -8.402694e-03 7.480658e-03 -4.845184e-03
      vertex -8.675180e-03 6.778241e-03 -4.923600e-03
    endloop
  endfacet
  facet normal -9.333713e-01 2.585919e-01 -2.488939e-01
    outer loop
      vertex -9.328518e-03 5.324257e-03 -4.365317e-03
      vertex -9.143692e-03 5.324257e-03 -5.058428e-03
      vertex -9.535672e-03 4.527545e-03 -4.416228e-03
    endloop
  endfacet
  facet normal -9.500970e-01 1.820105e-01 -2.533534e-01
    outer loop
      vertex -9.684896e-03 3.845541e-03 -4.452901e-03
      vertex -9.496362e-03 3.845541e-03 -5.159919e-03
      vertex -9.820930e-03 3.088906e-03 -4.486333e-03
    endloop
  endfacet
  facet normal -9.565141e-01 1.415002e-01 -2.550658e-01
    outer loop
      vertex -9.820930e-03 3.088906e-03 -4.486333e-03
      vertex -9.739079e-03 2.302094e-03 -5.229768e-03
      vertex -9.930166e-03 2.302094e-03 -4.513180e-03
    endloop
  endfacet
  facet normal -9.613065e-01 1.008848e-01 -2.563437e-01
    outer loop
      vertex -9.930166e-03 2.302094e-03 -4.513180e-03
      vertex -9.739079e-03 2.302094e-03 -5.229768e-03
      vertex -1.000507e-02 1.541591e-03 -4.531588e-03
    endloop
  endfacet
  facet normal -9.567296e-01 -1.399305e-01 -2.551234e-01
    outer loop
      vertex -9.827780e-03 -3.045667e-03 -4.488017e-03
      vertex -9.741006e-03 -2.285572e-03 -5.230323e-03
      vertex -9.637758e-03 -3.045667e-03 -5.200610e-03
    endloop
  endfacet
  facet normal -9.425523e-01 -2.200510e-01 -2.513420e-01
    outer loop
      vertex -9.686508e-03 -3.837476e-03 -4.453298e-03
      vertex -9.497957e-03 -3.837476e-03 -5.160378e-03
      vertex -9.531158e-03 -4.546499e-03 -4.415118e-03
    endloop
  endfacet
  facet normal -8.999513e-01 -3.717342e-01 -2.278186e-01
    outer loop
      vertex -8.670557e-03 -7.439057e-03 -3.859153e-03
      vertex -8.693662e-03 -6.727512e-03 -4.928919e-03
      vertex -8.419708e-03 -7.439057e-03 -4.850080e-03
    endloop
  endfacet
  facet normal -9.114119e-01 2.983256e-01 -2.834258e-01
    outer loop
      vertex -8.928038e-03 6.042062e-03 -4.996367e-03
      vertex -8.912482e-03 5.324257e-03 -5.801929e-03
      vertex -9.143692e-03 5.324257e-03 -5.058428e-03
    endloop
  endfacet
  facet normal -9.224170e-01 2.585829e-01 -2.868481e-01
    outer loop
      vertex -9.143692e-03 5.324257e-03 -5.058428e-03
      vertex -8.912482e-03 5.324257e-03 -5.801929e-03
      vertex -9.348690e-03 4.527545e-03 -5.117423e-03
    endloop
  endfacet
  facet normal -9.315513e-01 2.197563e-01 -2.896883e-01
    outer loop
      vertex -9.348690e-03 4.527545e-03 -5.117423e-03
      vertex -9.187649e-03 4.186543e-03 -5.893966e-03
      vertex -9.496362e-03 3.845541e-03 -5.159919e-03
    endloop
  endfacet
  facet normal -9.500227e-01 1.008818e-01 -2.954316e-01
    outer loop
      vertex -9.739079e-03 2.302094e-03 -5.229768e-03
      vertex -9.500039e-03 2.302094e-03 -5.998453e-03
      vertex -9.813203e-03 1.541591e-03 -5.251100e-03
    endloop
  endfacet
  facet normal -9.531320e-01 6.071803e-02 -2.963996e-01
    outer loop
      vertex -9.813203e-03 1.541591e-03 -5.251100e-03
      vertex -9.617605e-03 7.717977e-04 -6.037776e-03
      vertex -9.858213e-03 7.717977e-04 -5.264053e-03
    endloop
  endfacet
  facet normal -9.547148e-01 -1.936499e-02 -2.968918e-01
    outer loop
      vertex -9.873244e-03 -1.665335e-17 -5.268378e-03
      vertex -9.618882e-03 -7.378471e-04 -6.038204e-03
      vertex -9.859508e-03 -7.378471e-04 -5.264425e-03
    endloop
  endfacet
  facet normal -9.547149e-01 -1.936546e-02 -2.968914e-01
    outer loop
      vertex -9.873244e-03 -1.665335e-17 -5.268378e-03
      vertex -9.632439e-03 6.261658e-17 -6.042738e-03
      vertex -9.618882e-03 -7.378471e-04 -6.038204e-03
    endloop
  endfacet
  facet normal -9.532404e-01 -5.882253e-02 -2.964333e-01
    outer loop
      vertex -9.618882e-03 -7.378471e-04 -6.038204e-03
      vertex -9.576096e-03 -1.503341e-03 -6.023892e-03
      vertex -9.859508e-03 -7.378471e-04 -5.264425e-03
    endloop
  endfacet
  facet normal -9.226669e-01 -2.576034e-01 -2.869256e-01
    outer loop
      vertex -9.110376e-03 -4.546499e-03 -5.868120e-03
      vertex -8.927820e-03 -5.268378e-03 -5.807059e-03
      vertex -9.159234e-03 -5.268378e-03 -5.062901e-03
    endloop
  endfacet
  facet normal -8.871893e-01 3.365076e-01 -3.156864e-01
    outer loop
      vertex -8.450133e-03 6.778241e-03 -5.647284e-03
      vertex -8.222418e-03 6.778241e-03 -6.287244e-03
      vertex -8.699665e-03 6.042062e-03 -5.730746e-03
    endloop
  endfacet
  facet normal -8.992296e-01 2.983369e-01 -3.199707e-01
    outer loop
      vertex -8.699665e-03 6.042062e-03 -5.730746e-03
      vertex -8.468584e-03 6.042062e-03 -6.380165e-03
      vertex -8.678531e-03 5.324257e-03 -6.459414e-03
    endloop
  endfacet
  facet normal -9.191010e-01 2.197654e-01 -3.270419e-01
    outer loop
      vertex -8.878104e-03 4.527545e-03 -6.534747e-03
      vertex -9.021868e-03 3.845541e-03 -6.589014e-03
      vertex -9.187649e-03 4.186543e-03 -5.893966e-03
    endloop
  endfacet
  facet normal -9.403952e-01 6.072037e-02 -3.346191e-01
    outer loop
      vertex -9.573187e-03 1.541591e-03 -6.022920e-03
      vertex -9.330324e-03 1.541591e-03 -6.705448e-03
      vertex -9.617605e-03 7.717977e-04 -6.037776e-03
    endloop
  endfacet
  facet normal -9.419569e-01 -1.936607e-02 -3.351748e-01
    outer loop
      vertex -9.632439e-03 6.261658e-17 -6.042738e-03
      vertex -9.388777e-03 1.776357e-17 -6.727512e-03
      vertex -9.375403e-03 -7.378471e-04 -6.722464e-03
    endloop
  endfacet
  facet normal -9.190393e-01 -2.200548e-01 -3.270209e-01
    outer loop
      vertex -9.262089e-03 -3.837476e-03 -5.918864e-03
      vertex -9.023421e-03 -3.837476e-03 -6.589600e-03
      vertex -9.110376e-03 -4.546499e-03 -5.868120e-03
    endloop
  endfacet
  facet normal -9.127675e-01 1.820072e-01 -3.656896e-01
    outer loop
      vertex -9.021868e-03 3.845541e-03 -6.589014e-03
      vertex -8.742664e-03 3.845541e-03 -7.285911e-03
      vertex -9.152923e-03 3.088906e-03 -6.638484e-03
    endloop
  endfacet
  facet normal -9.189323e-01 1.414996e-01 -3.681593e-01
    outer loop
      vertex -9.152923e-03 3.088906e-03 -6.638484e-03
      vertex -8.871623e-03 3.088906e-03 -7.340612e-03
      vertex -8.975180e-03 2.302094e-03 -7.384539e-03
    endloop
  endfacet
  facet normal -9.235365e-01 1.008842e-01 -3.700037e-01
    outer loop
      vertex -9.258162e-03 2.302094e-03 -6.678208e-03
      vertex -8.975180e-03 2.302094e-03 -7.384539e-03
      vertex -9.046187e-03 1.541591e-03 -7.414659e-03
    endloop
  endfacet
  facet normal -9.280819e-01 2.025742e-02 -3.718246e-01
    outer loop
      vertex -9.374144e-03 7.717977e-04 -6.721988e-03
      vertex -9.089306e-03 7.717977e-04 -7.432949e-03
      vertex -9.388777e-03 1.776357e-17 -6.727512e-03
    endloop
  endfacet
  facet normal -9.055193e-01 -2.200492e-01 -3.627854e-01
    outer loop
      vertex -9.023421e-03 -3.837476e-03 -6.589600e-03
      vertex -8.744193e-03 -3.837476e-03 -7.286559e-03
      vertex -8.596922e-03 -4.546499e-03 -7.224089e-03
    endloop
  endfacet
  facet normal -8.863443e-01 2.197104e-01 -4.075795e-01
    outer loop
      vertex -8.601200e-03 4.527545e-03 -7.225904e-03
      vertex -8.175844e-03 4.601165e-03 -8.111220e-03
      vertex -8.742664e-03 3.845541e-03 -7.285911e-03
    endloop
  endfacet
  facet normal -8.971176e-01 1.820055e-01 -4.025593e-01
    outer loop
      vertex -8.742664e-03 3.845541e-03 -7.285911e-03
      vertex -8.554305e-03 3.088906e-03 -8.047767e-03
      vertex -8.871623e-03 3.088906e-03 -7.340612e-03
    endloop
  endfacet
  facet normal -9.106725e-01 6.071874e-02 -4.086426e-01
    outer loop
      vertex -9.046187e-03 1.541591e-03 -7.414659e-03
      vertex -8.767996e-03 7.717977e-04 -8.148998e-03
      vertex -9.089306e-03 7.717977e-04 -7.432949e-03
    endloop
  endfacet
  facet normal -8.973428e-01 -1.806631e-01 -4.026621e-01
    outer loop
      vertex -8.878118e-03 -3.045667e-03 -7.343367e-03
      vertex -8.560679e-03 -3.045667e-03 -8.050786e-03
      vertex -8.429211e-03 -3.837476e-03 -7.988505e-03
    endloop
  endfacet
  facet normal -8.899933e-01 -2.200471e-01 -3.993636e-01
    outer loop
      vertex -8.744193e-03 -3.837476e-03 -7.286559e-03
      vertex -8.284640e-03 -4.546499e-03 -7.920018e-03
      vertex -8.596922e-03 -4.546499e-03 -7.224089e-03
    endloop
  endfacet
  facet normal -8.937389e-01 1.283571e-01 -4.298316e-01
    outer loop
      vertex -8.554305e-03 3.088906e-03 -8.047767e-03
      vertex -8.319059e-03 2.302094e-03 -8.771867e-03
      vertex -8.690815e-03 1.921843e-03 -8.112435e-03
    endloop
  endfacet
  facet normal -8.948244e-01 -1.936600e-02 -4.459981e-01
    outer loop
      vertex -8.782130e-03 6.949996e-17 -8.155694e-03
      vertex -8.430077e-03 -7.378471e-04 -8.829995e-03
      vertex -8.769212e-03 -7.378471e-04 -8.149574e-03
    endloop
  endfacet
  facet normal -8.737513e-01 5.108506e-02 4.836828e-01
    outer loop
      vertex -8.431499e-03 7.717977e-04 8.824375e-03
      vertex -8.033527e-03 5.856528e-04 9.562954e-03
      vertex -8.063759e-03 1.374055e-03 9.425074e-03
    endloop
  endfacet
  facet normal -8.750413e-01 2.445844e-01 4.177096e-01
    outer loop
      vertex -7.973994e-03 4.417370e-03 8.627359e-03
      vertex -8.062966e-03 5.093634e-03 8.044998e-03
      vertex -8.438227e-03 4.527545e-03 7.590348e-03
    endloop
  endfacet
  facet normal -8.746815e-01 3.298715e-01 3.551295e-01
    outer loop
      vertex -8.450345e-03 6.042062e-03 6.428275e-03
      vertex -8.063679e-03 6.210623e-03 7.224059e-03
      vertex -8.164843e-03 6.584618e-03 6.627498e-03
    endloop
  endfacet
  facet normal -8.684713e-01 4.954538e-01 -1.682538e-02
    outer loop
      vertex -8.432692e-03 8.831626e-03 -6.537645e-04
      vertex -8.445357e-03 8.831626e-03 -3.375078e-17
      vertex -7.938172e-03 9.681943e-03 -1.140114e-03
    endloop
  endfacet
  facet normal -8.725830e-01 4.829570e-01 -7.315419e-02
    outer loop
      vertex -8.392716e-03 8.831626e-03 -1.332025e-03
      vertex -7.938172e-03 9.681943e-03 -1.140114e-03
      vertex -7.771222e-03 9.866098e-03 -1.915719e-03
    endloop
  endfacet
  facet normal -8.736698e-01 5.111184e-02 -4.838270e-01
    outer loop
      vertex -8.428885e-03 7.717977e-04 -8.829371e-03
      vertex -8.063759e-03 1.374055e-03 -9.425074e-03
      vertex -8.033363e-03 5.850381e-04 -9.563313e-03
    endloop
  endfacet
  facet normal -8.804616e-01 -1.803641e-01 -4.384703e-01
    outer loop
      vertex -8.225656e-03 -3.045667e-03 -8.722960e-03
      vertex -7.920750e-03 -3.862003e-03 -8.999420e-03
      vertex -8.429211e-03 -3.837476e-03 -7.988505e-03
    endloop
  endfacet
  facet normal -8.702979e-01 -3.411587e-01 -3.552355e-01
    outer loop
      vertex -8.130850e-03 -6.126680e-03 -7.139471e-03
      vertex -7.956903e-03 -7.230772e-03 -6.505285e-03
      vertex -8.240410e-03 -6.727512e-03 -6.294035e-03
    endloop
  endfacet
  facet normal -8.766067e-01 -4.614660e-01 -1.364178e-01
    outer loop
      vertex -7.887648e-03 -9.283974e-03 -3.260588e-03
      vertex -7.771222e-03 -9.759331e-03 -2.400719e-03
      vertex -8.560679e-03 -8.155694e-03 -2.752435e-03
    endloop
  endfacet
  facet normal -8.720663e-01 -4.847071e-01 -6.752294e-02
    outer loop
      vertex -8.390108e-03 -8.836626e-03 -1.331818e-03
      vertex -7.927739e-03 -9.610919e-03 -1.745183e-03
      vertex -7.963383e-03 -9.654648e-03 -9.709323e-04
    endloop
  endfacet
  facet normal -8.736865e-01 -4.853076e-01 -3.388904e-02
    outer loop
      vertex -8.430077e-03 -8.836626e-03 -6.536632e-04
      vertex -7.963383e-03 -9.654648e-03 -9.709323e-04
      vertex -8.064018e-03 -9.520253e-03 -3.010651e-04
    endloop
  endfacet
  facet normal -8.784291e-01 2.606047e-01 4.005589e-01
    outer loop
      vertex -8.387820e-03 5.324257e-03 7.182547e-03
      vertex -8.438227e-03 4.527545e-03 7.590348e-03
      vertex -8.062966e-03 5.093634e-03 8.044998e-03
    endloop
  endfacet
  facet normal -8.789131e-01 2.299580e-01 4.178889e-01
    outer loop
      vertex -8.431351e-03 3.845541e-03 7.980106e-03
      vertex -7.973994e-03 4.417370e-03 8.627359e-03
      vertex -8.438227e-03 4.527545e-03 7.590348e-03
    endloop
  endfacet
  facet normal -8.775348e-01 -2.248264e-01 4.235395e-01
    outer loop
      vertex -8.432852e-03 -3.837476e-03 7.980816e-03
      vertex -8.175560e-03 -4.695855e-03 8.058249e-03
      vertex -8.062834e-03 -4.330568e-03 8.485712e-03
    endloop
  endfacet
  facet normal -8.759608e-01 -3.706112e-01 3.087718e-01
    outer loop
      vertex -8.103340e-03 -7.031368e-03 6.324208e-03
      vertex -8.468584e-03 -6.727512e-03 5.652751e-03
      vertex -8.130853e-03 -7.490948e-03 5.694534e-03
    endloop
  endfacet
  facet normal -8.743920e-01 -4.000990e-01 -2.745169e-01
    outer loop
      vertex -8.419708e-03 -7.439057e-03 -4.850080e-03
      vertex -8.130749e-03 -7.490948e-03 -5.694845e-03
      vertex -7.926963e-03 -8.379374e-03 -5.049095e-03
    endloop
  endfacet
  facet normal -8.876333e-01 -3.351843e-01 -3.158458e-01
    outer loop
      vertex -8.468372e-03 -6.042738e-03 -6.380085e-03
      vertex -8.240410e-03 -6.727512e-03 -6.294035e-03
      vertex -8.699451e-03 -6.042738e-03 -5.730675e-03
    endloop
  endfacet
  facet normal -8.741326e-01 2.983206e-01 -3.832716e-01
    outer loop
      vertex -8.404819e-03 5.324257e-03 -7.142603e-03
      vertex -8.077572e-03 6.198056e-03 -7.208837e-03
      vertex -8.063280e-03 5.664334e-03 -7.656856e-03
    endloop
  endfacet
  facet normal -8.777173e-01 -2.200823e-01 -4.256479e-01
    outer loop
      vertex -8.429211e-03 -3.837476e-03 -7.988505e-03
      vertex -7.973994e-03 -4.417370e-03 -8.627359e-03
      vertex -8.284640e-03 -4.546499e-03 -7.920018e-03
    endloop
  endfacet
  facet normal -9.980185e-01 -5.550172e-03 6.267571e-02
    outer loop
      vertex -5.574773e-03 -2.417749e-03 1.732788e-02
      vertex -5.536007e-03 -1.618630e-03 1.801594e-02
      vertex -5.574773e-03 -6.783564e-04 1.748191e-02
    endloop
  endfacet
  facet normal -9.977538e-01 -3.131806e-03 6.691459e-02
    outer loop
      vertex -5.574773e-03 -6.783564e-04 1.748191e-02
      vertex -5.536007e-03 -1.618630e-03 1.801594e-02
      vertex -5.536007e-03 -2.349550e-04 1.808070e-02
    endloop
  endfacet
  facet normal -9.979910e-01 -5.900625e-03 6.308118e-02
    outer loop
      vertex -5.529808e-03 -2.932165e-03 1.799115e-02
      vertex -5.536007e-03 -1.618630e-03 1.801594e-02
      vertex -5.574773e-03 -2.417749e-03 1.732788e-02
    endloop
  endfacet
  facet normal -9.978195e-01 -1.553655e-02 6.414648e-02
    outer loop
      vertex -5.574773e-03 -3.823642e-03 1.707578e-02
      vertex -5.536007e-03 -4.616188e-03 1.748684e-02
      vertex -5.529808e-03 -2.932165e-03 1.799115e-02
    endloop
  endfacet
  facet normal -9.976506e-01 -2.090726e-02 6.523942e-02
    outer loop
      vertex -5.536007e-03 -4.616188e-03 1.748684e-02
      vertex -5.574773e-03 -5.115769e-03 1.673392e-02
      vertex -5.536007e-03 -6.209507e-03 1.697622e-02
    endloop
  endfacet
  facet normal -9.979199e-01 -1.648820e-02 6.232111e-02
    outer loop
      vertex -5.536007e-03 -4.616188e-03 1.748684e-02
      vertex -5.574773e-03 -3.823642e-03 1.707578e-02
      vertex -5.574773e-03 -5.115769e-03 1.673392e-02
    endloop
  endfacet
  facet normal -9.979124e-01 -2.191067e-02 6.075200e-02
    outer loop
      vertex -5.574773e-03 -6.674468e-03 1.617176e-02
      vertex -5.536007e-03 -6.209507e-03 1.697622e-02
      vertex -5.574773e-03 -5.115769e-03 1.673392e-02
    endloop
  endfacet
  facet normal -9.979929e-01 -2.676373e-02 5.739142e-02
    outer loop
      vertex -5.574773e-03 -8.167273e-03 1.547561e-02
      vertex -5.536007e-03 -7.737221e-03 1.635027e-02
      vertex -5.574773e-03 -6.674468e-03 1.617176e-02
    endloop
  endfacet
  facet normal -9.976800e-01 -2.581107e-02 6.299515e-02
    outer loop
      vertex -5.574773e-03 -6.674468e-03 1.617176e-02
      vertex -5.536007e-03 -7.737221e-03 1.635027e-02
      vertex -5.536007e-03 -6.209507e-03 1.697622e-02
    endloop
  endfacet
  facet normal -9.976685e-01 -3.231903e-02 6.010846e-02
    outer loop
      vertex -5.574773e-03 -8.167273e-03 1.547561e-02
      vertex -5.536007e-03 -9.098993e-03 1.561808e-02
      vertex -5.536007e-03 -7.737221e-03 1.635027e-02
    endloop
  endfacet
  facet normal -9.978962e-01 -3.298512e-02 5.581413e-02
    outer loop
      vertex -5.536007e-03 -9.098993e-03 1.561808e-02
      vertex -5.574773e-03 -8.167273e-03 1.547561e-02
      vertex -5.574773e-03 -9.501514e-03 1.468710e-02
    endloop
  endfacet
  facet normal -9.975727e-01 -3.835055e-02 5.812049e-02
    outer loop
      vertex -5.536007e-03 -9.098993e-03 1.561808e-02
      vertex -5.574773e-03 -9.501514e-03 1.468710e-02
      vertex -5.536007e-03 -1.088689e-02 1.443834e-02
    endloop
  endfacet
  facet normal -9.980775e-01 -3.687343e-02 4.981559e-02
    outer loop
      vertex -5.574773e-03 -1.126997e-02 1.337810e-02
      vertex -5.536007e-03 -1.088689e-02 1.443834e-02
      vertex -5.574773e-03 -9.501514e-03 1.468710e-02
    endloop
  endfacet
  facet normal -9.976142e-01 -4.468589e-02 5.262136e-02
    outer loop
      vertex -5.536007e-03 -1.088689e-02 1.443834e-02
      vertex -5.574773e-03 -1.126997e-02 1.337810e-02
      vertex -5.536007e-03 -1.240801e-02 1.314661e-02
    endloop
  endfacet
  facet normal -9.977666e-01 -4.769250e-02 4.676705e-02
    outer loop
      vertex -5.536007e-03 -1.355709e-02 1.197479e-02
      vertex -5.536007e-03 -1.240801e-02 1.314661e-02
      vertex -5.574773e-03 -1.284579e-02 1.187310e-02
    endloop
  endfacet
  facet normal -9.980315e-01 -4.855706e-02 3.968933e-02
    outer loop
      vertex -5.574773e-03 -1.421938e-02 1.019262e-02
      vertex -5.536007e-03 -1.435551e-02 1.100088e-02
      vertex -5.574773e-03 -1.284579e-02 1.187310e-02
    endloop
  endfacet
  facet normal -9.979187e-01 -5.365249e-02 3.577318e-02
    outer loop
      vertex -5.574773e-03 -1.495925e-02 9.082960e-03
      vertex -5.536007e-03 -1.515335e-02 9.873260e-03
      vertex -5.574773e-03 -1.421938e-02 1.019262e-02
    endloop
  endfacet
  facet normal -9.976905e-01 -5.846216e-02 3.458076e-02
    outer loop
      vertex -5.574773e-03 -1.495925e-02 9.082960e-03
      vertex -5.536007e-03 -1.591318e-02 8.588686e-03
      vertex -5.536007e-03 -1.515335e-02 9.873260e-03
    endloop
  endfacet
  facet normal -9.979710e-01 -5.785355e-02 2.658603e-02
    outer loop
      vertex -5.574773e-03 -1.620166e-02 6.611445e-03
      vertex -5.536007e-03 -1.642781e-02 7.574498e-03
      vertex -5.574773e-03 -1.560047e-02 7.919697e-03
    endloop
  endfacet
  facet normal -9.978785e-01 -6.117747e-02 2.226592e-02
    outer loop
      vertex -5.574773e-03 -1.669119e-02 5.266419e-03
      vertex -5.536007e-03 -1.700344e-02 6.145835e-03
      vertex -5.574773e-03 -1.620166e-02 6.611445e-03
    endloop
  endfacet
  facet normal -9.976471e-01 -6.533277e-02 2.078031e-02
    outer loop
      vertex -5.574773e-03 -1.669119e-02 5.266419e-03
      vertex -5.536007e-03 -1.747144e-02 4.674459e-03
      vertex -5.536007e-03 -1.700344e-02 6.145835e-03
    endloop
  endfacet
  facet normal -9.977501e-01 -6.537622e-02 1.485674e-02
    outer loop
      vertex -5.536007e-03 -1.747144e-02 4.674459e-03
      vertex -5.574773e-03 -1.704887e-02 3.930507e-03
      vertex -5.536007e-03 -1.777582e-02 3.335060e-03
    endloop
  endfacet
  facet normal -9.979640e-01 -6.271699e-02 1.159631e-02
    outer loop
      vertex -5.536007e-03 -1.777582e-02 3.335060e-03
      vertex -5.574773e-03 -1.704887e-02 3.930507e-03
      vertex -5.574773e-03 -1.732243e-02 2.451040e-03
    endloop
  endfacet
  facet normal -9.977167e-01 -6.687288e-02 9.453987e-03
    outer loop
      vertex -5.574773e-03 -1.732243e-02 2.451040e-03
      vertex -5.536007e-03 -1.800340e-02 1.725303e-03
      vertex -5.536007e-03 -1.777582e-02 3.335060e-03
    endloop
  endfacet
  facet normal -9.980069e-01 -6.284992e-02 5.663675e-03
    outer loop
      vertex -5.574773e-03 -1.748225e-02 6.775081e-04
      vertex -5.536007e-03 -1.800340e-02 1.725303e-03
      vertex -5.574773e-03 -1.732243e-02 2.451040e-03
    endloop
  endfacet
  facet normal -9.979455e-01 -6.406385e-02 -7.888967e-04
    outer loop
      vertex -5.574773e-03 -1.746023e-02 -1.110385e-03
      vertex -5.536007e-03 -1.806928e-02 -6.897086e-04
      vertex -5.574773e-03 -1.748225e-02 6.775081e-04
    endloop
  endfacet
  facet normal -9.977864e-01 -6.618193e-02 -6.497353e-03
    outer loop
      vertex -5.574773e-03 -1.732930e-02 -2.444055e-03
      vertex -5.536007e-03 -1.790685e-02 -2.514301e-03
      vertex -5.574773e-03 -1.746023e-02 -1.110385e-03
    endloop
  endfacet
  facet normal -9.977809e-01 -6.555143e-02 -1.167822e-02
    outer loop
      vertex -5.574773e-03 -1.711938e-02 -3.622337e-03
      vertex -5.536007e-03 -1.790685e-02 -2.514301e-03
      vertex -5.574773e-03 -1.732930e-02 -2.444055e-03
    endloop
  endfacet
  facet normal -9.978266e-01 -6.372015e-02 -1.678664e-02
    outer loop
      vertex -5.574773e-03 -1.675108e-02 -5.048414e-03
      vertex -5.536007e-03 -1.731349e-02 -5.217910e-03
      vertex -5.536007e-03 -1.767384e-02 -3.850050e-03
    endloop
  endfacet
  facet normal -9.978756e-01 -6.307793e-02 -1.629055e-02
    outer loop
      vertex -5.574773e-03 -1.675108e-02 -5.048414e-03
      vertex -5.536007e-03 -1.767384e-02 -3.850050e-03
      vertex -5.574773e-03 -1.711938e-02 -3.622337e-03
    endloop
  endfacet
  facet normal -9.978920e-01 -6.124797e-02 -2.145338e-02
    outer loop
      vertex -5.574773e-03 -1.621496e-02 -6.579021e-03
      vertex -5.536007e-03 -1.684026e-02 -6.596986e-03
      vertex -5.574773e-03 -1.675108e-02 -5.048414e-03
    endloop
  endfacet
  facet normal -9.978262e-01 -6.233299e-02 -2.138925e-02
    outer loop
      vertex -5.536007e-03 -1.731349e-02 -5.217910e-03
      vertex -5.574773e-03 -1.675108e-02 -5.048414e-03
      vertex -5.536007e-03 -1.684026e-02 -6.596986e-03
    endloop
  endfacet
  facet normal -9.977751e-01 -6.109001e-02 -2.669970e-02
    outer loop
      vertex -5.536007e-03 -1.628494e-02 -7.867591e-03
      vertex -5.536007e-03 -1.684026e-02 -6.596986e-03
      vertex -5.574773e-03 -1.621496e-02 -6.579021e-03
    endloop
  endfacet
  facet normal -9.979196e-01 -5.861847e-02 -2.683828e-02
    outer loop
      vertex -5.574773e-03 -1.560804e-02 -7.904599e-03
      vertex -5.536007e-03 -1.628494e-02 -7.867591e-03
      vertex -5.574773e-03 -1.621496e-02 -6.579021e-03
    endloop
  endfacet
  facet normal -9.977826e-01 -5.836050e-02 -3.199862e-02
    outer loop
      vertex -5.574773e-03 -1.498641e-02 -9.038367e-03
      vertex -5.536007e-03 -1.548220e-02 -9.342913e-03
      vertex -5.574773e-03 -1.560804e-02 -7.904599e-03
    endloop
  endfacet
  facet normal -9.975352e-01 -5.763388e-02 -4.002278e-02
    outer loop
      vertex -5.574773e-03 -1.417374e-02 -1.026092e-02
      vertex -5.536007e-03 -1.419024e-02 -1.120338e-02
      vertex -5.536007e-03 -1.548220e-02 -9.342913e-03
    endloop
  endfacet
  facet normal -9.977851e-01 -5.539685e-02 -3.682373e-02
    outer loop
      vertex -5.574773e-03 -1.417374e-02 -1.026092e-02
      vertex -5.536007e-03 -1.548220e-02 -9.342913e-03
      vertex -5.574773e-03 -1.498641e-02 -9.038367e-03
    endloop
  endfacet
  facet normal -9.979351e-01 -5.011775e-02 -4.017077e-02
    outer loop
      vertex -5.574773e-03 -1.313373e-02 -1.155847e-02
      vertex -5.536007e-03 -1.419024e-02 -1.120338e-02
      vertex -5.574773e-03 -1.417374e-02 -1.026092e-02
    endloop
  endfacet
  facet normal -9.976290e-01 -5.182475e-02 -4.528314e-02
    outer loop
      vertex -5.574773e-03 -1.313373e-02 -1.155847e-02
      vertex -5.536007e-03 -1.296400e-02 -1.260676e-02
      vertex -5.536007e-03 -1.419024e-02 -1.120338e-02
    endloop
  endfacet
  facet normal -9.979816e-01 -4.552232e-02 -4.427578e-02
    outer loop
      vertex -5.574773e-03 -1.191939e-02 -1.280699e-02
      vertex -5.536007e-03 -1.296400e-02 -1.260676e-02
      vertex -5.574773e-03 -1.313373e-02 -1.155847e-02
    endloop
  endfacet
  facet normal -9.977386e-01 -4.451560e-02 -5.035827e-02
    outer loop
      vertex -5.574773e-03 -1.108588e-02 -1.354380e-02
      vertex -5.536007e-03 -1.149535e-02 -1.394989e-02
      vertex -5.574773e-03 -1.191939e-02 -1.280699e-02
    endloop
  endfacet
  facet normal -9.975887e-01 -4.683782e-02 -5.121477e-02
    outer loop
      vertex -5.574773e-03 -1.191939e-02 -1.280699e-02
      vertex -5.536007e-03 -1.149535e-02 -1.394989e-02
      vertex -5.536007e-03 -1.296400e-02 -1.260676e-02
    endloop
  endfacet
  facet normal -9.976620e-01 -4.028926e-02 -5.520310e-02
    outer loop
      vertex -5.536007e-03 -1.149535e-02 -1.394989e-02
      vertex -5.574773e-03 -9.741751e-03 -1.452914e-02
      vertex -5.536007e-03 -9.731263e-03 -1.523739e-02
    endloop
  endfacet
  facet normal -9.976921e-01 -4.014410e-02 -5.476161e-02
    outer loop
      vertex -5.536007e-03 -1.149535e-02 -1.394989e-02
      vertex -5.574773e-03 -1.108588e-02 -1.354380e-02
      vertex -5.574773e-03 -9.741751e-03 -1.452914e-02
    endloop
  endfacet
  facet normal -9.979221e-01 -3.337417e-02 -5.511494e-02
    outer loop
      vertex -5.536007e-03 -9.731263e-03 -1.523739e-02
      vertex -5.574773e-03 -9.741751e-03 -1.452914e-02
      vertex -5.574773e-03 -8.314016e-03 -1.539368e-02
    endloop
  endfacet
  facet normal -9.979664e-01 -2.771558e-02 -5.740086e-02
    outer loop
      vertex -5.574773e-03 -6.826761e-03 -1.611179e-02
      vertex -5.536007e-03 -8.089403e-03 -1.617612e-02
      vertex -5.574773e-03 -8.314016e-03 -1.539368e-02
    endloop
  endfacet
  facet normal -9.976772e-01 -3.381094e-02 -5.913633e-02
    outer loop
      vertex -5.574773e-03 -8.314016e-03 -1.539368e-02
      vertex -5.536007e-03 -8.089403e-03 -1.617612e-02
      vertex -5.536007e-03 -9.731263e-03 -1.523739e-02
    endloop
  endfacet
  facet normal -9.977744e-01 -2.754019e-02 -6.072788e-02
    outer loop
      vertex -5.536007e-03 -8.089403e-03 -1.617612e-02
      vertex -5.574773e-03 -6.826761e-03 -1.611179e-02
      vertex -5.536007e-03 -6.845686e-03 -1.674014e-02
    endloop
  endfacet
  facet normal -9.978617e-01 -2.387829e-02 -6.084356e-02
    outer loop
      vertex -5.574773e-03 -5.879171e-03 -1.648368e-02
      vertex -5.536007e-03 -6.845686e-03 -1.674014e-02
      vertex -5.574773e-03 -6.826761e-03 -1.611179e-02
    endloop
  endfacet
  facet normal -9.978614e-01 -2.002489e-02 -6.222212e-02
    outer loop
      vertex -5.574773e-03 -4.908438e-03 -1.679609e-02
      vertex -5.536007e-03 -5.293267e-03 -1.729393e-02
      vertex -5.574773e-03 -5.879171e-03 -1.648368e-02
    endloop
  endfacet
  facet normal -9.976651e-01 -2.294650e-02 -6.432538e-02
    outer loop
      vertex -5.574773e-03 -5.879171e-03 -1.648368e-02
      vertex -5.536007e-03 -5.293267e-03 -1.729393e-02
      vertex -5.536007e-03 -6.845686e-03 -1.674014e-02
    endloop
  endfacet
  facet normal -9.977615e-01 -1.675772e-02 -6.473984e-02
    outer loop
      vertex -5.536007e-03 -5.293267e-03 -1.729393e-02
      vertex -5.574773e-03 -4.908438e-03 -1.679609e-02
      vertex -5.536007e-03 -3.842966e-03 -1.766934e-02
    endloop
  endfacet
  facet normal -9.977827e-01 -1.251613e-02 -6.536877e-02
    outer loop
      vertex -5.574773e-03 -2.860917e-03 -1.726565e-02
      vertex -5.536007e-03 -3.842966e-03 -1.766934e-02
      vertex -5.574773e-03 -3.709149e-03 -1.710324e-02
    endloop
  endfacet
  facet normal -9.977860e-01 -1.650054e-02 -6.442714e-02
    outer loop
      vertex -5.536007e-03 -3.842966e-03 -1.766934e-02
      vertex -5.574773e-03 -4.908438e-03 -1.679609e-02
      vertex -5.574773e-03 -3.709149e-03 -1.710324e-02
    endloop
  endfacet
  facet normal -9.976457e-01 -1.159692e-02 -6.759179e-02
    outer loop
      vertex -5.536007e-03 -3.842966e-03 -1.766934e-02
      vertex -5.574773e-03 -2.860917e-03 -1.726565e-02
      vertex -5.536007e-03 -2.187736e-03 -1.795333e-02
    endloop
  endfacet
  facet normal -9.979187e-01 -7.909138e-03 -6.399714e-02
    outer loop
      vertex -5.574773e-03 -1.575284e-03 -1.742454e-02
      vertex -5.536007e-03 -2.187736e-03 -1.795333e-02
      vertex -5.574773e-03 -2.860917e-03 -1.726565e-02
    endloop
  endfacet
  facet normal -9.977113e-01 -4.924444e-03 -6.743882e-02
    outer loop
      vertex -5.574773e-03 -1.575284e-03 -1.742454e-02
      vertex -5.536007e-03 -5.903575e-04 -1.806997e-02
      vertex -5.536007e-03 -2.187736e-03 -1.795333e-02
    endloop
  endfacet
  facet normal -9.979332e-01 -2.792244e-03 -6.419844e-02
    outer loop
      vertex -5.574773e-03 1.114850e-04 -1.749790e-02
      vertex -5.536007e-03 -5.903575e-04 -1.806997e-02
      vertex -5.574773e-03 -1.575284e-03 -1.742454e-02
    endloop
  endfacet
  facet normal -9.976493e-01 7.479031e-04 -6.852241e-02
    outer loop
      vertex -5.536007e-03 -5.903575e-04 -1.806997e-02
      vertex -5.574773e-03 1.114850e-04 -1.749790e-02
      vertex -5.536007e-03 1.168677e-03 -1.805077e-02
    endloop
  endfacet
  facet normal -9.977718e-01 7.407640e-03 -6.630612e-02
    outer loop
      vertex -5.574773e-03 2.417749e-03 -1.732788e-02
      vertex -5.536007e-03 2.666846e-03 -1.788340e-02
      vertex -5.536007e-03 1.168677e-03 -1.805077e-02
    endloop
  endfacet
  facet normal -9.978271e-01 6.950895e-03 -6.551988e-02
    outer loop
      vertex -5.574773e-03 2.417749e-03 -1.732788e-02
      vertex -5.536007e-03 1.168677e-03 -1.805077e-02
      vertex -5.574773e-03 1.130714e-03 -1.746442e-02
    endloop
  endfacet
  facet normal -9.978660e-01 1.227479e-02 -6.413025e-02
    outer loop
      vertex -5.574773e-03 4.144940e-03 -1.699729e-02
      vertex -5.536007e-03 2.666846e-03 -1.788340e-02
      vertex -5.574773e-03 2.417749e-03 -1.732788e-02
    endloop
  endfacet
  facet normal -9.977435e-01 1.956297e-02 -6.422703e-02
    outer loop
      vertex -5.574773e-03 5.845935e-03 -1.649002e-02
      vertex -5.536007e-03 6.205034e-03 -1.698286e-02
      vertex -5.536007e-03 4.284102e-03 -1.756796e-02
    endloop
  endfacet
  facet normal -9.978238e-01 1.884360e-02 -6.318761e-02
    outer loop
      vertex -5.574773e-03 5.845935e-03 -1.649002e-02
      vertex -5.536007e-03 4.284102e-03 -1.756796e-02
      vertex -5.574773e-03 4.144940e-03 -1.699729e-02
    endloop
  endfacet
  facet normal -9.977162e-01 2.566166e-02 -6.248108e-02
    outer loop
      vertex -5.574773e-03 7.095561e-03 -1.599809e-02
      vertex -5.536007e-03 7.636590e-03 -1.639491e-02
      vertex -5.536007e-03 6.205034e-03 -1.698286e-02
    endloop
  endfacet
  facet normal -9.978493e-01 2.401143e-02 -6.099403e-02
    outer loop
      vertex -5.574773e-03 7.095561e-03 -1.599809e-02
      vertex -5.536007e-03 6.205034e-03 -1.698286e-02
      vertex -5.574773e-03 5.845935e-03 -1.649002e-02
    endloop
  endfacet
  facet normal -9.978756e-01 2.854880e-02 -5.856028e-02
    outer loop
      vertex -5.574773e-03 8.167273e-03 -1.547561e-02
      vertex -5.536007e-03 7.636590e-03 -1.639491e-02
      vertex -5.574773e-03 7.095561e-03 -1.599809e-02
    endloop
  endfacet
  facet normal -9.975200e-01 3.394131e-02 -6.165825e-02
    outer loop
      vertex -5.574773e-03 8.167273e-03 -1.547561e-02
      vertex -5.536007e-03 9.551105e-03 -1.534101e-02
      vertex -5.536007e-03 7.636590e-03 -1.639491e-02
    endloop
  endfacet
  facet normal -9.978351e-01 3.345982e-02 -5.661738e-02
    outer loop
      vertex -5.536007e-03 9.551105e-03 -1.534101e-02
      vertex -5.574773e-03 8.167273e-03 -1.547561e-02
      vertex -5.574773e-03 9.501514e-03 -1.468710e-02
    endloop
  endfacet
  facet normal -9.976674e-01 3.873573e-02 -5.620733e-02
    outer loop
      vertex -5.536007e-03 1.115836e-02 -1.423336e-02
      vertex -5.536007e-03 9.551105e-03 -1.534101e-02
      vertex -5.574773e-03 9.501514e-03 -1.468710e-02
    endloop
  endfacet
  facet normal -9.981730e-01 3.653375e-02 -4.812356e-02
    outer loop
      vertex -5.574773e-03 1.165883e-02 -1.304934e-02
      vertex -5.536007e-03 1.115836e-02 -1.423336e-02
      vertex -5.574773e-03 9.501514e-03 -1.468710e-02
    endloop
  endfacet
  facet normal -9.977304e-01 4.376999e-02 -5.116775e-02
    outer loop
      vertex -5.574773e-03 1.165883e-02 -1.304934e-02
      vertex -5.536007e-03 1.228893e-02 -1.326624e-02
      vertex -5.536007e-03 1.115836e-02 -1.423336e-02
    endloop
  endfacet
  facet normal -9.979025e-01 4.556591e-02 -4.598127e-02
    outer loop
      vertex -5.574773e-03 1.284579e-02 -1.187310e-02
      vertex -5.536007e-03 1.228893e-02 -1.326624e-02
      vertex -5.574773e-03 1.165883e-02 -1.304934e-02
    endloop
  endfacet
  facet normal -9.978630e-01 4.990304e-02 -4.217975e-02
    outer loop
      vertex -5.574773e-03 1.395768e-02 -1.055763e-02
      vertex -5.536007e-03 1.424779e-02 -1.113149e-02
      vertex -5.574773e-03 1.284579e-02 -1.187310e-02
    endloop
  endfacet
  facet normal -9.976549e-01 5.629094e-02 -3.893634e-02
    outer loop
      vertex -5.574773e-03 1.472017e-02 -9.455284e-03
      vertex -5.536007e-03 1.424779e-02 -1.113149e-02
      vertex -5.574773e-03 1.395768e-02 -1.055763e-02
    endloop
  endfacet
  facet normal -9.978234e-01 5.720970e-02 -3.279651e-02
    outer loop
      vertex -5.574773e-03 1.560047e-02 -7.919697e-03
      vertex -5.536007e-03 1.532958e-02 -9.571672e-03
      vertex -5.574773e-03 1.472017e-02 -9.455284e-03
    endloop
  endfacet
  facet normal -9.976882e-01 5.932869e-02 -3.314081e-02
    outer loop
      vertex -5.536007e-03 1.532958e-02 -9.571672e-03
      vertex -5.574773e-03 1.560047e-02 -7.919697e-03
      vertex -5.536007e-03 1.632619e-02 -7.787533e-03
    endloop
  endfacet
  facet normal -9.980240e-01 5.779916e-02 -2.464352e-02
    outer loop
      vertex -5.536007e-03 1.632619e-02 -7.787533e-03
      vertex -5.574773e-03 1.560047e-02 -7.919697e-03
      vertex -5.536007e-03 1.686695e-02 -6.519242e-03
    endloop
  endfacet
  facet normal -9.979704e-01 6.024855e-02 -2.062090e-02
    outer loop
      vertex -5.574773e-03 1.687203e-02 -4.628284e-03
      vertex -5.536007e-03 1.734778e-02 -5.114398e-03
      vertex -5.536007e-03 1.686695e-02 -6.519242e-03
    endloop
  endfacet
  facet normal -9.979243e-01 6.100671e-02 -2.062199e-02
    outer loop
      vertex -5.574773e-03 1.687203e-02 -4.628284e-03
      vertex -5.536007e-03 1.686695e-02 -6.519242e-03
      vertex -5.574773e-03 1.620166e-02 -6.611445e-03
    endloop
  endfacet
  facet normal -9.976617e-01 6.656476e-02 -1.550042e-02
    outer loop
      vertex -5.574773e-03 1.719840e-02 -3.226725e-03
      vertex -5.536007e-03 1.782078e-02 -3.049100e-03
      vertex -5.574773e-03 1.687203e-02 -4.628284e-03
    endloop
  endfacet
  facet normal -9.977134e-01 6.588081e-02 -1.508824e-02
    outer loop
      vertex -5.574773e-03 1.687203e-02 -4.628284e-03
      vertex -5.536007e-03 1.782078e-02 -3.049100e-03
      vertex -5.536007e-03 1.734778e-02 -5.114398e-03
    endloop
  endfacet
  facet normal -9.976157e-01 6.848985e-02 -8.490474e-03
    outer loop
      vertex -5.536007e-03 1.782078e-02 -3.049100e-03
      vertex -5.574773e-03 1.738601e-02 -2.001340e-03
      vertex -5.536007e-03 1.804149e-02 -1.268668e-03
    endloop
  endfacet
  facet normal -9.978362e-01 6.499162e-02 -9.950237e-03
    outer loop
      vertex -5.536007e-03 1.782078e-02 -3.049100e-03
      vertex -5.574773e-03 1.719840e-02 -3.226725e-03
      vertex -5.574773e-03 1.738601e-02 -2.001340e-03
    endloop
  endfacet
  facet normal -9.979237e-01 6.423773e-02 -4.670006e-03
    outer loop
      vertex -5.574773e-03 1.748225e-02 -6.775081e-04
      vertex -5.536007e-03 1.804149e-02 -1.268668e-03
      vertex -5.574773e-03 1.738601e-02 -2.001340e-03
    endloop
  endfacet
  facet normal -9.977319e-01 6.728922e-02 -1.770676e-03
    outer loop
      vertex -5.574773e-03 1.748225e-02 -6.775081e-04
      vertex -5.536007e-03 1.808085e-02 2.271644e-04
      vertex -5.536007e-03 1.804149e-02 -1.268668e-03
    endloop
  endfacet
  facet normal -9.979848e-01 6.344877e-02 7.813226e-04
    outer loop
      vertex -5.574773e-03 1.746023e-02 1.110385e-03
      vertex -5.536007e-03 1.808085e-02 2.271644e-04
      vertex -5.574773e-03 1.748225e-02 -6.775081e-04
    endloop
  endfacet
  facet normal -9.975919e-01 6.902530e-02 6.776499e-03
    outer loop
      vertex -5.574773e-03 1.732930e-02 2.444055e-03
      vertex -5.536007e-03 1.783854e-02 2.963758e-03
      vertex -5.574773e-03 1.746023e-02 1.110385e-03
    endloop
  endfacet
  facet normal -9.978665e-01 6.427575e-02 1.145095e-02
    outer loop
      vertex -5.574773e-03 1.711938e-02 3.622337e-03
      vertex -5.536007e-03 1.783854e-02 2.963758e-03
      vertex -5.574773e-03 1.732930e-02 2.444055e-03
    endloop
  endfacet
  facet normal -9.976932e-01 6.645720e-02 1.384327e-02
    outer loop
      vertex -5.574773e-03 1.711938e-02 3.622337e-03
      vertex -5.536007e-03 1.750707e-02 4.555054e-03
      vertex -5.536007e-03 1.783854e-02 2.963758e-03
    endloop
  endfacet
  facet normal -9.979809e-01 5.955129e-02 2.208584e-02
    outer loop
      vertex -5.574773e-03 1.600931e-02 7.048505e-03
      vertex -5.536007e-03 1.717684e-02 5.652117e-03
      vertex -5.574773e-03 1.675108e-02 5.048414e-03
    endloop
  endfacet
  facet normal -9.978242e-01 6.151253e-02 2.373000e-02
    outer loop
      vertex -5.574773e-03 1.600931e-02 7.048505e-03
      vertex -5.536007e-03 1.652715e-02 7.336245e-03
      vertex -5.536007e-03 1.717684e-02 5.652117e-03
    endloop
  endfacet
  facet normal -9.978583e-01 5.896417e-02 2.832081e-02
    outer loop
      vertex -5.574773e-03 1.541243e-02 8.291210e-03
      vertex -5.536007e-03 1.652715e-02 7.336245e-03
      vertex -5.574773e-03 1.600931e-02 7.048505e-03
    endloop
  endfacet
  facet normal -9.976530e-01 6.112700e-02 3.085378e-02
    outer loop
      vertex -5.574773e-03 1.541243e-02 8.291210e-03
      vertex -5.536007e-03 1.570973e-02 8.955702e-03
      vertex -5.536007e-03 1.652715e-02 7.336245e-03
    endloop
  endfacet
  facet normal -9.979562e-01 5.409415e-02 3.401800e-02
    outer loop
      vertex -5.574773e-03 1.417374e-02 1.026092e-02
      vertex -5.536007e-03 1.570973e-02 8.955702e-03
      vertex -5.574773e-03 1.541243e-02 8.291210e-03
    endloop
  endfacet
  facet normal -9.976521e-01 5.719294e-02 3.767368e-02
    outer loop
      vertex -5.574773e-03 1.417374e-02 1.026092e-02
      vertex -5.536007e-03 1.443774e-02 1.088672e-02
      vertex -5.536007e-03 1.570973e-02 8.955702e-03
    endloop
  endfacet
  facet normal -9.978628e-01 5.165262e-02 4.002392e-02
    outer loop
      vertex -5.574773e-03 1.342279e-02 1.123006e-02
      vertex -5.536007e-03 1.443774e-02 1.088672e-02
      vertex -5.574773e-03 1.417374e-02 1.026092e-02
    endloop
  endfacet
  facet normal -9.978933e-01 4.798835e-02 4.365781e-02
    outer loop
      vertex -5.574773e-03 1.254289e-02 1.219725e-02
      vertex -5.536007e-03 1.327349e-02 1.228024e-02
      vertex -5.574773e-03 1.342279e-02 1.123006e-02
    endloop
  endfacet
  facet normal -9.976654e-01 4.734476e-02 4.921666e-02
    outer loop
      vertex -5.536007e-03 1.327349e-02 1.228024e-02
      vertex -5.574773e-03 1.254289e-02 1.219725e-02
      vertex -5.536007e-03 1.184622e-02 1.365324e-02
    endloop
  endfacet
  facet normal -9.980196e-01 4.211601e-02 4.672421e-02
    outer loop
      vertex -5.574773e-03 1.090570e-02 1.367296e-02
      vertex -5.536007e-03 1.184622e-02 1.365324e-02
      vertex -5.574773e-03 1.254289e-02 1.219725e-02
    endloop
  endfacet
  facet normal -9.976146e-01 4.226403e-02 5.457864e-02
    outer loop
      vertex -5.574773e-03 1.090570e-02 1.367296e-02
      vertex -5.536007e-03 1.016528e-02 1.495490e-02
      vertex -5.536007e-03 1.184622e-02 1.365324e-02
    endloop
  endfacet
  facet normal -9.979857e-01 3.698620e-02 5.154150e-02
    outer loop
      vertex -5.574773e-03 9.279994e-03 1.483957e-02
      vertex -5.536007e-03 1.016528e-02 1.495490e-02
      vertex -5.574773e-03 1.090570e-02 1.367296e-02
    endloop
  endfacet
  facet normal -9.978694e-01 3.246342e-02 5.659300e-02
    outer loop
      vertex -5.536007e-03 8.693464e-03 1.585956e-02
      vertex -5.574773e-03 9.279994e-03 1.483957e-02
      vertex -5.574773e-03 8.314016e-03 1.539368e-02
    endloop
  endfacet
  facet normal -9.976280e-01 3.604529e-02 5.864353e-02
    outer loop
      vertex -5.574773e-03 9.279994e-03 1.483957e-02
      vertex -5.536007e-03 8.693464e-03 1.585956e-02
      vertex -5.536007e-03 1.016528e-02 1.495490e-02
    endloop
  endfacet
  facet normal -9.978221e-01 2.951616e-02 5.898957e-02
    outer loop
      vertex -5.536007e-03 8.693464e-03 1.585956e-02
      vertex -5.574773e-03 8.314016e-03 1.539368e-02
      vertex -5.536007e-03 7.478513e-03 1.646747e-02
    endloop
  endfacet
  facet normal -9.979445e-01 2.786417e-02 5.770860e-02
    outer loop
      vertex -5.574773e-03 6.826761e-03 1.611179e-02
      vertex -5.536007e-03 7.478513e-03 1.646747e-02
      vertex -5.574773e-03 8.314016e-03 1.539368e-02
    endloop
  endfacet
  facet normal -9.979473e-01 2.233611e-02 6.001833e-02
    outer loop
      vertex -5.574773e-03 5.445667e-03 1.662577e-02
      vertex -5.536007e-03 6.184499e-03 1.699539e-02
      vertex -5.574773e-03 6.826761e-03 1.611179e-02
    endloop
  endfacet
  facet normal -9.977391e-01 2.538646e-02 6.222641e-02
    outer loop
      vertex -5.574773e-03 6.826761e-03 1.611179e-02
      vertex -5.536007e-03 6.184499e-03 1.699539e-02
      vertex -5.536007e-03 7.478513e-03 1.646747e-02
    endloop
  endfacet
  facet normal -9.977837e-01 2.071963e-02 6.323239e-02
    outer loop
      vertex -5.536007e-03 6.184499e-03 1.699539e-02
      vertex -5.574773e-03 5.445667e-03 1.662577e-02
      vertex -5.532872e-03 4.662393e-03 1.754362e-02
    endloop
  endfacet
  facet normal -9.981082e-01 1.612737e-02 5.932824e-02
    outer loop
      vertex -5.574773e-03 3.718133e-03 1.709538e-02
      vertex -5.532872e-03 4.662393e-03 1.754362e-02
      vertex -5.574773e-03 5.445667e-03 1.662577e-02
    endloop
  endfacet
  facet normal -9.977971e-01 1.343785e-02 6.496486e-02
    outer loop
      vertex -5.532872e-03 4.662393e-03 1.754362e-02
      vertex -5.574773e-03 3.718133e-03 1.709538e-02
      vertex -5.532872e-03 2.664558e-03 1.795687e-02
    endloop
  endfacet
  facet normal -9.978326e-01 6.220116e-03 6.550931e-02
    outer loop
      vertex -5.574773e-03 1.629516e-03 1.741691e-02
      vertex -5.536007e-03 1.180715e-03 1.805000e-02
      vertex -5.532872e-03 2.664558e-03 1.795687e-02
    endloop
  endfacet
  facet normal -9.980710e-01 1.345787e-03 6.206849e-02
    outer loop
      vertex -5.574773e-03 1.629516e-03 1.741691e-02
      vertex -5.536007e-03 -2.349550e-04 1.808070e-02
      vertex -5.536007e-03 1.180715e-03 1.805000e-02
    endloop
  endfacet
  facet normal -9.920511e-01 -1.558702e-03 1.258257e-01
    outer loop
      vertex -5.716659e-03 -1.045261e-03 1.622357e-02
      vertex -5.635490e-03 -6.594688e-04 1.686831e-02
      vertex -5.716659e-03 6.371708e-04 1.624441e-02
    endloop
  endfacet
  facet normal -9.951345e-01 -7.518861e-03 9.823832e-02
    outer loop
      vertex -5.635490e-03 -1.922745e-03 1.677162e-02
      vertex -5.574773e-03 -6.783564e-04 1.748191e-02
      vertex -5.635490e-03 -6.594688e-04 1.686831e-02
    endloop
  endfacet
  facet normal -9.953342e-01 -1.497279e-02 9.531842e-02
    outer loop
      vertex -5.635490e-03 -3.163673e-03 1.657669e-02
      vertex -5.574773e-03 -2.417749e-03 1.732788e-02
      vertex -5.635490e-03 -1.922745e-03 1.677162e-02
    endloop
  endfacet
  facet normal -9.921559e-01 -1.420630e-02 1.241966e-01
    outer loop
      vertex -5.716659e-03 -2.646651e-03 1.604039e-02
      vertex -5.635490e-03 -1.922745e-03 1.677162e-02
      vertex -5.716659e-03 -1.045261e-03 1.622357e-02
    endloop
  endfacet
  facet normal -9.950464e-01 -1.754656e-02 9.785089e-02
    outer loop
      vertex -5.635490e-03 -3.163673e-03 1.657669e-02
      vertex -5.574773e-03 -3.823642e-03 1.707578e-02
      vertex -5.574773e-03 -2.417749e-03 1.732788e-02
    endloop
  endfacet
  facet normal -9.954212e-01 -2.107237e-02 9.323407e-02
    outer loop
      vertex -5.574773e-03 -3.823642e-03 1.707578e-02
      vertex -5.635490e-03 -3.163673e-03 1.657669e-02
      vertex -5.635490e-03 -4.410604e-03 1.629487e-02
    endloop
  endfacet
  facet normal -9.920229e-01 -2.832658e-02 1.228335e-01
    outer loop
      vertex -5.716659e-03 -4.601909e-03 1.558949e-02
      vertex -5.635490e-03 -3.163673e-03 1.657669e-02
      vertex -5.716659e-03 -2.646651e-03 1.604039e-02
    endloop
  endfacet
  facet normal -9.913973e-01 -3.948259e-02 1.247897e-01
    outer loop
      vertex -5.635490e-03 -4.410604e-03 1.629487e-02
      vertex -5.716659e-03 -4.601909e-03 1.558949e-02
      vertex -5.635490e-03 -5.638968e-03 1.590622e-02
    endloop
  endfacet
  facet normal -9.954071e-01 -2.887826e-02 9.127338e-02
    outer loop
      vertex -5.574773e-03 -5.115769e-03 1.673392e-02
      vertex -5.635490e-03 -4.410604e-03 1.629487e-02
      vertex -5.635490e-03 -5.638968e-03 1.590622e-02
    endloop
  endfacet
  facet normal -9.949987e-01 -2.554816e-02 9.656540e-02
    outer loop
      vertex -5.635490e-03 -4.410604e-03 1.629487e-02
      vertex -5.574773e-03 -5.115769e-03 1.673392e-02
      vertex -5.574773e-03 -3.823642e-03 1.707578e-02
    endloop
  endfacet
  facet normal -9.923405e-01 -4.221125e-02 1.160971e-01
    outer loop
      vertex -5.716659e-03 -6.433759e-03 1.492345e-02
      vertex -5.635490e-03 -5.638968e-03 1.590622e-02
      vertex -5.716659e-03 -4.601909e-03 1.558949e-02
    endloop
  endfacet
  facet normal -9.949373e-01 -3.409539e-02 9.453674e-02
    outer loop
      vertex -5.635490e-03 -5.638968e-03 1.590622e-02
      vertex -5.574773e-03 -6.674468e-03 1.617176e-02
      vertex -5.574773e-03 -5.115769e-03 1.673392e-02
    endloop
  endfacet
  facet normal -9.953351e-01 -3.534058e-02 8.977200e-02
    outer loop
      vertex -5.635490e-03 -6.844354e-03 1.543170e-02
      vertex -5.574773e-03 -6.674468e-03 1.617176e-02
      vertex -5.635490e-03 -5.638968e-03 1.590622e-02
    endloop
  endfacet
  facet normal -9.947603e-01 -4.480045e-02 9.189639e-02
    outer loop
      vertex -5.635490e-03 -7.878122e-03 1.492772e-02
      vertex -5.574773e-03 -6.674468e-03 1.617176e-02
      vertex -5.635490e-03 -6.844354e-03 1.543170e-02
    endloop
  endfacet
  facet normal -9.921776e-01 -5.542684e-02 1.118549e-01
    outer loop
      vertex -5.716659e-03 -8.060154e-03 1.411754e-02
      vertex -5.635490e-03 -7.878122e-03 1.492772e-02
      vertex -5.716659e-03 -6.433759e-03 1.492345e-02
    endloop
  endfacet
  facet normal -9.947138e-01 -5.045932e-02 8.943298e-02
    outer loop
      vertex -5.635490e-03 -8.762012e-03 1.442902e-02
      vertex -5.574773e-03 -9.501514e-03 1.468710e-02
      vertex -5.635490e-03 -7.878122e-03 1.492772e-02
    endloop
  endfacet
  facet normal -9.952283e-01 -5.315771e-02 8.182206e-02
    outer loop
      vertex -5.635490e-03 -9.568243e-03 1.390523e-02
      vertex -5.574773e-03 -9.501514e-03 1.468710e-02
      vertex -5.635490e-03 -8.762012e-03 1.442902e-02
    endloop
  endfacet
  facet normal -9.920684e-01 -6.773957e-02 1.058850e-01
    outer loop
      vertex -5.716659e-03 -9.460025e-03 1.322197e-02
      vertex -5.635490e-03 -8.762012e-03 1.442902e-02
      vertex -5.716659e-03 -8.060154e-03 1.411754e-02
    endloop
  endfacet
  facet normal -9.913812e-01 -7.772434e-02 1.054624e-01
    outer loop
      vertex -5.635490e-03 -9.568243e-03 1.390523e-02
      vertex -5.716659e-03 -9.460025e-03 1.322197e-02
      vertex -5.635490e-03 -1.049587e-02 1.322158e-02
    endloop
  endfacet
  facet normal -9.946614e-01 -6.122131e-02 8.306982e-02
    outer loop
      vertex -5.574773e-03 -1.126997e-02 1.337810e-02
      vertex -5.635490e-03 -9.568243e-03 1.390523e-02
      vertex -5.635490e-03 -1.049587e-02 1.322158e-02
    endloop
  endfacet
  facet normal -9.947241e-01 -6.103310e-02 8.245503e-02
    outer loop
      vertex -5.635490e-03 -9.568243e-03 1.390523e-02
      vertex -5.574773e-03 -1.126997e-02 1.337810e-02
      vertex -5.574773e-03 -9.501514e-03 1.468710e-02
    endloop
  endfacet
  facet normal -9.921601e-01 -7.778251e-02 9.781679e-02
    outer loop
      vertex -5.716659e-03 -1.074929e-02 1.219677e-02
      vertex -5.635490e-03 -1.049587e-02 1.322158e-02
      vertex -5.716659e-03 -9.460025e-03 1.322197e-02
    endloop
  endfacet
  facet normal -9.950347e-01 -7.022325e-02 7.053112e-02
    outer loop
      vertex -5.574773e-03 -1.284579e-02 1.187310e-02
      vertex -5.635490e-03 -1.146838e-02 1.238793e-02
      vertex -5.635490e-03 -1.228439e-02 1.157548e-02
    endloop
  endfacet
  facet normal -9.945471e-01 -7.202847e-02 7.541847e-02
    outer loop
      vertex -5.635490e-03 -1.146838e-02 1.238793e-02
      vertex -5.574773e-03 -1.284579e-02 1.187310e-02
      vertex -5.574773e-03 -1.126997e-02 1.337810e-02
    endloop
  endfacet
  facet normal -9.916788e-01 -9.083124e-02 9.122946e-02
    outer loop
      vertex -5.635490e-03 -1.228439e-02 1.157548e-02
      vertex -5.635490e-03 -1.146838e-02 1.238793e-02
      vertex -5.716659e-03 -1.190424e-02 1.107165e-02
    endloop
  endfacet
  facet normal -9.920214e-01 -8.797106e-02 9.030350e-02
    outer loop
      vertex -5.716659e-03 -1.190424e-02 1.107165e-02
      vertex -5.635490e-03 -1.146838e-02 1.238793e-02
      vertex -5.716659e-03 -1.074929e-02 1.219677e-02
    endloop
  endfacet
  facet normal -9.952306e-01 -7.384259e-02 6.374383e-02
    outer loop
      vertex -5.635490e-03 -1.319830e-02 1.051678e-02
      vertex -5.574773e-03 -1.284579e-02 1.187310e-02
      vertex -5.635490e-03 -1.228439e-02 1.157548e-02
    endloop
  endfacet
  facet normal -9.946649e-01 -7.987229e-02 6.528561e-02
    outer loop
      vertex -5.635490e-03 -1.319830e-02 1.051678e-02
      vertex -5.574773e-03 -1.421938e-02 1.019262e-02
      vertex -5.574773e-03 -1.284579e-02 1.187310e-02
    endloop
  endfacet
  facet normal -9.919157e-01 -9.719840e-02 8.158278e-02
    outer loop
      vertex -5.716659e-03 -1.296786e-02 9.804445e-03
      vertex -5.635490e-03 -1.319830e-02 1.051678e-02
      vertex -5.716659e-03 -1.190424e-02 1.107165e-02
    endloop
  endfacet
  facet normal -9.953371e-01 -7.744195e-02 5.750437e-02
    outer loop
      vertex -5.635490e-03 -1.396840e-02 9.479677e-03
      vertex -5.574773e-03 -1.421938e-02 1.019262e-02
      vertex -5.635490e-03 -1.319830e-02 1.051678e-02
    endloop
  endfacet
  facet normal -9.947614e-01 -8.666717e-02 5.420775e-02
    outer loop
      vertex -5.635490e-03 -1.459637e-02 8.475674e-03
      vertex -5.574773e-03 -1.421938e-02 1.019262e-02
      vertex -5.635490e-03 -1.396840e-02 9.479677e-03
    endloop
  endfacet
  facet normal -9.922430e-01 -1.030601e-01 6.951555e-02
    outer loop
      vertex -5.716659e-03 -1.392159e-02 8.390500e-03
      vertex -5.635490e-03 -1.396840e-02 9.479677e-03
      vertex -5.716659e-03 -1.296786e-02 9.804445e-03
    endloop
  endfacet
  facet normal -9.915450e-01 -1.142719e-01 6.148477e-02
    outer loop
      vertex -5.716659e-03 -1.472146e-02 6.903893e-03
      vertex -5.635490e-03 -1.523531e-02 7.257878e-03
      vertex -5.716659e-03 -1.392159e-02 8.390500e-03
    endloop
  endfacet
  facet normal -9.954001e-01 -8.483702e-02 4.451105e-02
    outer loop
      vertex -5.635490e-03 -1.523531e-02 7.257878e-03
      vertex -5.574773e-03 -1.560047e-02 7.919697e-03
      vertex -5.635490e-03 -1.459637e-02 8.475674e-03
    endloop
  endfacet
  facet normal -9.957418e-01 -8.554529e-02 3.435620e-02
    outer loop
      vertex -5.635490e-03 -1.600815e-02 5.333538e-03
      vertex -5.574773e-03 -1.620166e-02 6.611445e-03
      vertex -5.635490e-03 -1.523531e-02 7.257878e-03
    endloop
  endfacet
  facet normal -9.908885e-01 -1.249821e-01 5.019459e-02
    outer loop
      vertex -5.635490e-03 -1.600815e-02 5.333538e-03
      vertex -5.635490e-03 -1.523531e-02 7.257878e-03
      vertex -5.716659e-03 -1.530597e-02 5.479579e-03
    endloop
  endfacet
  facet normal -9.912562e-01 -1.220721e-01 5.009575e-02
    outer loop
      vertex -5.716659e-03 -1.530597e-02 5.479579e-03
      vertex -5.635490e-03 -1.523531e-02 7.257878e-03
      vertex -5.716659e-03 -1.472146e-02 6.903893e-03
    endloop
  endfacet
  facet normal -9.952222e-01 -9.174799e-02 3.339225e-02
    outer loop
      vertex -5.635490e-03 -1.600815e-02 5.333538e-03
      vertex -5.574773e-03 -1.669119e-02 5.266419e-03
      vertex -5.574773e-03 -1.620166e-02 6.611445e-03
    endloop
  endfacet
  facet normal -9.953499e-01 -9.281411e-02 2.577234e-02
    outer loop
      vertex -5.574773e-03 -1.704887e-02 3.930507e-03
      vertex -5.635490e-03 -1.600815e-02 5.333538e-03
      vertex -5.635490e-03 -1.647972e-02 3.635260e-03
    endloop
  endfacet
  facet normal -9.955637e-01 -9.088831e-02 2.433459e-02
    outer loop
      vertex -5.635490e-03 -1.600815e-02 5.333538e-03
      vertex -5.574773e-03 -1.704887e-02 3.930507e-03
      vertex -5.574773e-03 -1.669119e-02 5.266419e-03
    endloop
  endfacet
  facet normal -9.918032e-01 -1.223260e-01 3.691539e-02
    outer loop
      vertex -5.716659e-03 -1.578185e-02 3.902651e-03
      vertex -5.635490e-03 -1.600815e-02 5.333538e-03
      vertex -5.716659e-03 -1.530597e-02 5.479579e-03
    endloop
  endfacet
  facet normal -9.951309e-01 -9.691497e-02 1.794376e-02
    outer loop
      vertex -5.635490e-03 -1.671420e-02 2.368834e-03
      vertex -5.574773e-03 -1.732243e-02 2.451040e-03
      vertex -5.635490e-03 -1.647972e-02 3.635260e-03
    endloop
  endfacet
  facet normal -9.919114e-01 -1.246166e-01 2.413555e-02
    outer loop
      vertex -5.716659e-03 -1.609659e-02 2.277591e-03
      vertex -5.635490e-03 -1.647972e-02 3.635260e-03
      vertex -5.716659e-03 -1.578185e-02 3.902651e-03
    endloop
  endfacet
  facet normal -9.951375e-01 -9.797925e-02 1.007425e-02
    outer loop
      vertex -5.635490e-03 -1.684685e-02 1.078771e-03
      vertex -5.574773e-03 -1.732243e-02 2.451040e-03
      vertex -5.635490e-03 -1.671420e-02 2.368834e-03
    endloop
  endfacet
  facet normal -9.948650e-01 -1.008025e-01 9.083747e-03
    outer loop
      vertex -5.635490e-03 -1.684685e-02 1.078771e-03
      vertex -5.574773e-03 -1.748225e-02 6.775081e-04
      vertex -5.574773e-03 -1.732243e-02 2.451040e-03
    endloop
  endfacet
  facet normal -9.916687e-01 -1.281508e-01 1.305678e-02
    outer loop
      vertex -5.716659e-03 -1.623322e-02 9.365920e-04
      vertex -5.635490e-03 -1.684685e-02 1.078771e-03
      vertex -5.716659e-03 -1.609659e-02 2.277591e-03
    endloop
  endfacet
  facet normal -9.918566e-01 -1.273563e-01 9.780964e-04
    outer loop
      vertex -5.716659e-03 -1.624518e-02 -6.200821e-04
      vertex -5.635490e-03 -1.687419e-02 -2.120042e-04
      vertex -5.716659e-03 -1.623322e-02 9.365920e-04
    endloop
  endfacet
  facet normal -9.953405e-01 -9.640121e-02 2.042304e-03
    outer loop
      vertex -5.635490e-03 -1.687419e-02 -2.120042e-04
      vertex -5.574773e-03 -1.748225e-02 6.775081e-04
      vertex -5.635490e-03 -1.684685e-02 1.078771e-03
    endloop
  endfacet
  facet normal -9.919047e-01 -1.264842e-01 -1.125979e-02
    outer loop
      vertex -5.716659e-03 -1.609915e-02 -2.260481e-03
      vertex -5.635490e-03 -1.676567e-02 -1.923697e-03
      vertex -5.716659e-03 -1.624518e-02 -6.200821e-04
    endloop
  endfacet
  facet normal -9.955536e-01 -9.400774e-02 -5.960361e-03
    outer loop
      vertex -5.635490e-03 -1.676567e-02 -1.923697e-03
      vertex -5.574773e-03 -1.746023e-02 -1.110385e-03
      vertex -5.635490e-03 -1.687419e-02 -2.120042e-04
    endloop
  endfacet
  facet normal -9.920576e-01 -1.235100e-01 -2.381036e-02
    outer loop
      vertex -5.716659e-03 -1.578718e-02 -3.878752e-03
      vertex -5.635490e-03 -1.651330e-02 -3.494094e-03
      vertex -5.716659e-03 -1.609915e-02 -2.260481e-03
    endloop
  endfacet
  facet normal -9.952266e-01 -9.607847e-02 -1.711672e-02
    outer loop
      vertex -5.635490e-03 -1.651330e-02 -3.494094e-03
      vertex -5.574773e-03 -1.711938e-02 -3.622337e-03
      vertex -5.574773e-03 -1.732930e-02 -2.444055e-03
    endloop
  endfacet
  facet normal -9.953971e-01 -9.259438e-02 -2.471793e-02
    outer loop
      vertex -5.574773e-03 -1.675108e-02 -5.048414e-03
      vertex -5.635490e-03 -1.651330e-02 -3.494094e-03
      vertex -5.635490e-03 -1.610656e-02 -5.017738e-03
    endloop
  endfacet
  facet normal -9.952222e-01 -9.453390e-02 -2.441438e-02
    outer loop
      vertex -5.635490e-03 -1.651330e-02 -3.494094e-03
      vertex -5.574773e-03 -1.675108e-02 -5.048414e-03
      vertex -5.574773e-03 -1.711938e-02 -3.622337e-03
    endloop
  endfacet
  facet normal -9.918788e-01 -1.218296e-01 -3.652290e-02
    outer loop
      vertex -5.716659e-03 -1.531214e-02 -5.463326e-03
      vertex -5.635490e-03 -1.610656e-02 -5.017738e-03
      vertex -5.716659e-03 -1.578718e-02 -3.878752e-03
    endloop
  endfacet
  facet normal -9.918999e-01 -1.173150e-01 -4.870062e-02
    outer loop
      vertex -5.716659e-03 -1.468551e-02 -6.972828e-03
      vertex -5.635490e-03 -1.542417e-02 -6.846646e-03
      vertex -5.716659e-03 -1.531214e-02 -5.463326e-03
    endloop
  endfacet
  facet normal -9.956301e-01 -8.749294e-02 -3.264476e-02
    outer loop
      vertex -5.635490e-03 -1.542417e-02 -6.846646e-03
      vertex -5.574773e-03 -1.621496e-02 -6.579021e-03
      vertex -5.635490e-03 -1.610656e-02 -5.017738e-03
    endloop
  endfacet
  facet normal -9.906965e-01 -1.209649e-01 -6.235400e-02
    outer loop
      vertex -5.716659e-03 -1.412948e-02 -8.051512e-03
      vertex -5.635490e-03 -1.447292e-02 -8.674871e-03
      vertex -5.716659e-03 -1.468551e-02 -6.972828e-03
    endloop
  endfacet
  facet normal -9.956845e-01 -8.232525e-02 -4.283501e-02
    outer loop
      vertex -5.635490e-03 -1.447292e-02 -8.674871e-03
      vertex -5.574773e-03 -1.560804e-02 -7.904599e-03
      vertex -5.635490e-03 -1.542417e-02 -6.846646e-03
    endloop
  endfacet
  facet normal -9.953145e-01 -8.478278e-02 -4.648575e-02
    outer loop
      vertex -5.635490e-03 -1.447292e-02 -8.674871e-03
      vertex -5.574773e-03 -1.498641e-02 -9.038367e-03
      vertex -5.574773e-03 -1.560804e-02 -7.904599e-03
    endloop
  endfacet
  facet normal -9.907924e-01 -1.123533e-01 -7.554595e-02
    outer loop
      vertex -5.635490e-03 -1.447292e-02 -8.674871e-03
      vertex -5.716659e-03 -1.347239e-02 -9.098348e-03
      vertex -5.635490e-03 -1.347421e-02 -1.016018e-02
    endloop
  endfacet
  facet normal -9.953713e-01 -8.003536e-02 -5.320159e-02
    outer loop
      vertex -5.635490e-03 -1.447292e-02 -8.674871e-03
      vertex -5.574773e-03 -1.417374e-02 -1.026092e-02
      vertex -5.574773e-03 -1.498641e-02 -9.038367e-03
    endloop
  endfacet
  facet normal -9.922089e-01 -9.896731e-02 -7.567720e-02
    outer loop
      vertex -5.716659e-03 -1.236419e-02 -1.054759e-02
      vertex -5.635490e-03 -1.347421e-02 -1.016018e-02
      vertex -5.716659e-03 -1.347239e-02 -9.098348e-03
    endloop
  endfacet
  facet normal -9.910747e-01 -1.023025e-01 -8.547069e-02
    outer loop
      vertex -5.635490e-03 -1.347421e-02 -1.016018e-02
      vertex -5.716659e-03 -1.236419e-02 -1.054759e-02
      vertex -5.635490e-03 -1.238766e-02 -1.146070e-02
    endloop
  endfacet
  facet normal -9.954630e-01 -7.301887e-02 -6.100511e-02
    outer loop
      vertex -5.635490e-03 -1.238766e-02 -1.146070e-02
      vertex -5.574773e-03 -1.313373e-02 -1.155847e-02
      vertex -5.635490e-03 -1.347421e-02 -1.016018e-02
    endloop
  endfacet
  facet normal -9.916328e-01 -9.180262e-02 -9.075659e-02
    outer loop
      vertex -5.635490e-03 -1.238766e-02 -1.146070e-02
      vertex -5.716659e-03 -1.107590e-02 -1.190070e-02
      vertex -5.635490e-03 -1.150305e-02 -1.235550e-02
    endloop
  endfacet
  facet normal -9.951383e-01 -7.003914e-02 -6.924109e-02
    outer loop
      vertex -5.574773e-03 -1.191939e-02 -1.280699e-02
      vertex -5.635490e-03 -1.238766e-02 -1.146070e-02
      vertex -5.635490e-03 -1.150305e-02 -1.235550e-02
    endloop
  endfacet
  facet normal -9.949687e-01 -7.181921e-02 -6.985259e-02
    outer loop
      vertex -5.635490e-03 -1.238766e-02 -1.146070e-02
      vertex -5.574773e-03 -1.191939e-02 -1.280699e-02
      vertex -5.574773e-03 -1.313373e-02 -1.155847e-02
    endloop
  endfacet
  facet normal -9.922134e-01 -9.020378e-02 -8.588289e-02
    outer loop
      vertex -5.716659e-03 -1.107590e-02 -1.190070e-02
      vertex -5.635490e-03 -1.238766e-02 -1.146070e-02
      vertex -5.716659e-03 -1.236419e-02 -1.054759e-02
    endloop
  endfacet
  facet normal -9.916260e-01 -8.390230e-02 -9.817519e-02
    outer loop
      vertex -5.635490e-03 -1.150305e-02 -1.235550e-02
      vertex -5.716659e-03 -1.107590e-02 -1.190070e-02
      vertex -5.635490e-03 -1.052282e-02 -1.319323e-02
    endloop
  endfacet
  facet normal -9.951464e-01 -6.517424e-02 -7.372835e-02
    outer loop
      vertex -5.574773e-03 -1.191939e-02 -1.280699e-02
      vertex -5.635490e-03 -1.150305e-02 -1.235550e-02
      vertex -5.574773e-03 -1.108588e-02 -1.354380e-02
    endloop
  endfacet
  facet normal -9.913436e-01 -8.611694e-02 -9.910512e-02
    outer loop
      vertex -5.716659e-03 -1.013870e-02 -1.271507e-02
      vertex -5.635490e-03 -1.052282e-02 -1.319323e-02
      vertex -5.716659e-03 -1.107590e-02 -1.190070e-02
    endloop
  endfacet
  facet normal -9.910317e-01 -7.790360e-02 -1.085692e-01
    outer loop
      vertex -5.635490e-03 -1.052282e-02 -1.319323e-02
      vertex -5.716659e-03 -9.139090e-03 -1.344520e-02
      vertex -5.635490e-03 -9.128309e-03 -1.419386e-02
    endloop
  endfacet
  facet normal -9.953885e-01 -5.592360e-02 -7.793709e-02
    outer loop
      vertex -5.574773e-03 -9.741751e-03 -1.452914e-02
      vertex -5.635490e-03 -1.052282e-02 -1.319323e-02
      vertex -5.635490e-03 -9.128309e-03 -1.419386e-02
    endloop
  endfacet
  facet normal -9.951717e-01 -5.802814e-02 -7.915770e-02
    outer loop
      vertex -5.635490e-03 -1.052282e-02 -1.319323e-02
      vertex -5.574773e-03 -9.741751e-03 -1.452914e-02
      vertex -5.574773e-03 -1.108588e-02 -1.354380e-02
    endloop
  endfacet
  facet normal -9.913383e-01 -7.746387e-02 -1.060556e-01
    outer loop
      vertex -5.716659e-03 -9.139090e-03 -1.344520e-02
      vertex -5.635490e-03 -1.052282e-02 -1.319323e-02
      vertex -5.716659e-03 -1.013870e-02 -1.271507e-02
    endloop
  endfacet
  facet normal -9.907228e-01 -6.763507e-02 -1.178725e-01
    outer loop
      vertex -5.635490e-03 -9.128309e-03 -1.419386e-02
      vertex -5.716659e-03 -8.086146e-03 -1.410962e-02
      vertex -5.635490e-03 -7.643350e-03 -1.504592e-02
    endloop
  endfacet
  facet normal -9.954657e-01 -4.734067e-02 -8.250396e-02
    outer loop
      vertex -5.574773e-03 -8.314016e-03 -1.539368e-02
      vertex -5.635490e-03 -9.128309e-03 -1.419386e-02
      vertex -5.635490e-03 -7.643350e-03 -1.504592e-02
    endloop
  endfacet
  facet normal -9.949944e-01 -5.176167e-02 -8.548053e-02
    outer loop
      vertex -5.574773e-03 -8.314016e-03 -1.539368e-02
      vertex -5.574773e-03 -9.741751e-03 -1.452914e-02
      vertex -5.635490e-03 -9.128309e-03 -1.419386e-02
    endloop
  endfacet
  facet normal -9.917346e-01 -6.847067e-02 -1.085096e-01
    outer loop
      vertex -5.716659e-03 -8.086146e-03 -1.410962e-02
      vertex -5.635490e-03 -9.128309e-03 -1.419386e-02
      vertex -5.716659e-03 -9.139090e-03 -1.344520e-02
    endloop
  endfacet
  facet normal -9.917290e-01 -5.910999e-02 -1.139280e-01
    outer loop
      vertex -5.716659e-03 -6.998164e-03 -1.467410e-02
      vertex -5.635490e-03 -7.643350e-03 -1.504592e-02
      vertex -5.716659e-03 -8.086146e-03 -1.410962e-02
    endloop
  endfacet
  facet normal -9.910366e-01 -5.435093e-02 -1.220348e-01
    outer loop
      vertex -5.635490e-03 -7.643350e-03 -1.504592e-02
      vertex -5.716659e-03 -6.998164e-03 -1.467410e-02
      vertex -5.635490e-03 -6.080296e-03 -1.574207e-02
    endloop
  endfacet
  facet normal -9.955500e-01 -3.833924e-02 -8.608355e-02
    outer loop
      vertex -5.574773e-03 -6.826761e-03 -1.611179e-02
      vertex -5.635490e-03 -7.643350e-03 -1.504592e-02
      vertex -5.635490e-03 -6.080296e-03 -1.574207e-02
    endloop
  endfacet
  facet normal -9.949982e-01 -4.343443e-02 -8.995567e-02
    outer loop
      vertex -5.635490e-03 -7.643350e-03 -1.504592e-02
      vertex -5.574773e-03 -6.826761e-03 -1.611179e-02
      vertex -5.574773e-03 -8.314016e-03 -1.539368e-02
    endloop
  endfacet
  facet normal -9.951911e-01 -3.578475e-02 -9.118205e-02
    outer loop
      vertex -5.635490e-03 -6.080296e-03 -1.574207e-02
      vertex -5.574773e-03 -5.879171e-03 -1.648368e-02
      vertex -5.574773e-03 -6.826761e-03 -1.611179e-02
    endloop
  endfacet
  facet normal -9.915223e-01 -5.124707e-02 -1.194041e-01
    outer loop
      vertex -5.716659e-03 -5.759657e-03 -1.520566e-02
      vertex -5.635490e-03 -6.080296e-03 -1.574207e-02
      vertex -5.716659e-03 -6.998164e-03 -1.467410e-02
    endloop
  endfacet
  facet normal -9.912956e-01 -4.246896e-02 -1.246169e-01
    outer loop
      vertex -5.716659e-03 -4.657474e-03 -1.558128e-02
      vertex -5.635490e-03 -6.080296e-03 -1.574207e-02
      vertex -5.716659e-03 -5.759657e-03 -1.520566e-02
    endloop
  endfacet
  facet normal -9.953636e-01 -3.048121e-02 -9.122638e-02
    outer loop
      vertex -5.635490e-03 -4.533385e-03 -1.625893e-02
      vertex -5.574773e-03 -4.908438e-03 -1.679609e-02
      vertex -5.635490e-03 -6.080296e-03 -1.574207e-02
    endloop
  endfacet
  facet normal -9.954715e-01 -2.151730e-02 -9.259270e-02
    outer loop
      vertex -5.574773e-03 -3.709149e-03 -1.710324e-02
      vertex -5.635490e-03 -4.533385e-03 -1.625893e-02
      vertex -5.635490e-03 -3.168732e-03 -1.657606e-02
    endloop
  endfacet
  facet normal -9.951371e-01 -2.443820e-02 -9.542010e-02
    outer loop
      vertex -5.635490e-03 -4.533385e-03 -1.625893e-02
      vertex -5.574773e-03 -3.709149e-03 -1.710324e-02
      vertex -5.574773e-03 -4.908438e-03 -1.679609e-02
    endloop
  endfacet
  facet normal -9.918556e-01 -2.153810e-02 -1.255334e-01
    outer loop
      vertex -5.716659e-03 -1.966883e-03 -1.614093e-02
      vertex -5.635490e-03 -3.168732e-03 -1.657606e-02
      vertex -5.716659e-03 -3.455018e-03 -1.588561e-02
    endloop
  endfacet
  facet normal -9.952300e-01 -1.834585e-02 -9.581595e-02
    outer loop
      vertex -5.635490e-03 -3.168732e-03 -1.657606e-02
      vertex -5.574773e-03 -2.860917e-03 -1.726565e-02
      vertex -5.574773e-03 -3.709149e-03 -1.710324e-02
    endloop
  endfacet
  facet normal -9.950635e-01 -1.217213e-02 -9.849133e-02
    outer loop
      vertex -5.574773e-03 -1.575284e-03 -1.742454e-02
      vertex -5.574773e-03 -2.860917e-03 -1.726565e-02
      vertex -5.635490e-03 -1.831408e-03 -1.677946e-02
    endloop
  endfacet
  facet normal -9.954665e-01 -1.430198e-02 -9.403171e-02
    outer loop
      vertex -5.635490e-03 -1.831408e-03 -1.677946e-02
      vertex -5.574773e-03 -2.860917e-03 -1.726565e-02
      vertex -5.635490e-03 -3.168732e-03 -1.657606e-02
    endloop
  endfacet
  facet normal -9.912881e-01 -1.980520e-02 -1.302139e-01
    outer loop
      vertex -5.716659e-03 -1.966883e-03 -1.614093e-02
      vertex -5.635490e-03 -1.831408e-03 -1.677946e-02
      vertex -5.635490e-03 -3.168732e-03 -1.657606e-02
    endloop
  endfacet
  facet normal -9.912698e-01 -8.422247e-03 -1.315801e-01
    outer loop
      vertex -5.635490e-03 -1.831408e-03 -1.677946e-02
      vertex -5.716659e-03 -6.371708e-04 -1.624441e-02
      vertex -5.635490e-03 -3.341895e-04 -1.687530e-02
    endloop
  endfacet
  facet normal -9.953499e-01 -6.153041e-03 -9.612845e-02
    outer loop
      vertex -5.635490e-03 -3.341895e-04 -1.687530e-02
      vertex -5.574773e-03 -1.575284e-03 -1.742454e-02
      vertex -5.635490e-03 -1.831408e-03 -1.677946e-02
    endloop
  endfacet
  facet normal -9.917007e-01 -9.974582e-03 -1.281806e-01
    outer loop
      vertex -5.716659e-03 -6.371708e-04 -1.624441e-02
      vertex -5.635490e-03 -1.831408e-03 -1.677946e-02
      vertex -5.716659e-03 -1.966883e-03 -1.614093e-02
    endloop
  endfacet
  facet normal -9.954939e-01 3.226314e-03 -9.477120e-02
    outer loop
      vertex -5.635490e-03 1.291107e-03 -1.681997e-02
      vertex -5.574773e-03 1.114850e-04 -1.749790e-02
      vertex -5.635490e-03 -3.341895e-04 -1.687530e-02
    endloop
  endfacet
  facet normal -9.919189e-01 1.571565e-03 -1.268641e-01
    outer loop
      vertex -5.716659e-03 1.045261e-03 -1.622357e-02
      vertex -5.635490e-03 -3.341895e-04 -1.687530e-02
      vertex -5.716659e-03 -6.371708e-04 -1.624441e-02
    endloop
  endfacet
  facet normal -9.953935e-01 1.069104e-02 -9.527561e-02
    outer loop
      vertex -5.635490e-03 2.741560e-03 -1.665721e-02
      vertex -5.574773e-03 2.417749e-03 -1.732788e-02
      vertex -5.635490e-03 1.291107e-03 -1.681997e-02
    endloop
  endfacet
  facet normal -9.915516e-01 1.474114e-02 -1.288723e-01
    outer loop
      vertex -5.716659e-03 2.646651e-03 -1.604039e-02
      vertex -5.635490e-03 1.291107e-03 -1.681997e-02
      vertex -5.716659e-03 1.045261e-03 -1.622357e-02
    endloop
  endfacet
  facet normal -9.947566e-01 2.084945e-02 -1.001226e-01
    outer loop
      vertex -5.635490e-03 3.998195e-03 -1.639553e-02
      vertex -5.574773e-03 2.417749e-03 -1.732788e-02
      vertex -5.635490e-03 2.741560e-03 -1.665721e-02
    endloop
  endfacet
  facet normal -9.922875e-01 2.785478e-02 -1.207877e-01
    outer loop
      vertex -5.716659e-03 4.601909e-03 -1.558949e-02
      vertex -5.635490e-03 3.998195e-03 -1.639553e-02
      vertex -5.716659e-03 2.646651e-03 -1.604039e-02
    endloop
  endfacet
  facet normal -9.910940e-01 3.738776e-02 -1.278076e-01
    outer loop
      vertex -5.635490e-03 3.998195e-03 -1.639553e-02
      vertex -5.716659e-03 4.601909e-03 -1.558949e-02
      vertex -5.635490e-03 5.535394e-03 -1.594585e-02
    endloop
  endfacet
  facet normal -9.952201e-01 2.741880e-02 -9.372935e-02
    outer loop
      vertex -5.635490e-03 5.535394e-03 -1.594585e-02
      vertex -5.574773e-03 4.144940e-03 -1.699729e-02
      vertex -5.635490e-03 3.998195e-03 -1.639553e-02
    endloop
  endfacet
  facet normal -9.923833e-01 4.209374e-02 -1.157739e-01
    outer loop
      vertex -5.716659e-03 6.433759e-03 -1.492345e-02
      vertex -5.635490e-03 5.535394e-03 -1.594585e-02
      vertex -5.716659e-03 4.601909e-03 -1.558949e-02
    endloop
  endfacet
  facet normal -9.952397e-01 3.563059e-02 -9.071098e-02
    outer loop
      vertex -5.635490e-03 6.844354e-03 -1.543170e-02
      vertex -5.574773e-03 5.845935e-03 -1.649002e-02
      vertex -5.635490e-03 5.535394e-03 -1.594585e-02
    endloop
  endfacet
  facet normal -9.952267e-01 4.276478e-02 -8.772074e-02
    outer loop
      vertex -5.635490e-03 7.878122e-03 -1.492772e-02
      vertex -5.574773e-03 7.095561e-03 -1.599809e-02
      vertex -5.635490e-03 6.844354e-03 -1.543170e-02
    endloop
  endfacet
  facet normal -9.921776e-01 5.542684e-02 -1.118549e-01
    outer loop
      vertex -5.716659e-03 8.060154e-03 -1.411754e-02
      vertex -5.635490e-03 7.878122e-03 -1.492772e-02
      vertex -5.716659e-03 6.433759e-03 -1.492345e-02
    endloop
  endfacet
  facet normal -9.947138e-01 5.045932e-02 -8.943298e-02
    outer loop
      vertex -5.635490e-03 8.762012e-03 -1.442902e-02
      vertex -5.574773e-03 9.501514e-03 -1.468710e-02
      vertex -5.635490e-03 7.878122e-03 -1.492772e-02
    endloop
  endfacet
  facet normal -9.952283e-01 5.315771e-02 -8.182206e-02
    outer loop
      vertex -5.635490e-03 9.568243e-03 -1.390523e-02
      vertex -5.574773e-03 9.501514e-03 -1.468710e-02
      vertex -5.635490e-03 8.762012e-03 -1.442902e-02
    endloop
  endfacet
  facet normal -9.920684e-01 6.773957e-02 -1.058850e-01
    outer loop
      vertex -5.716659e-03 9.460025e-03 -1.322197e-02
      vertex -5.635490e-03 8.762012e-03 -1.442902e-02
      vertex -5.716659e-03 8.060154e-03 -1.411754e-02
    endloop
  endfacet
  facet normal -9.913812e-01 7.772434e-02 -1.054624e-01
    outer loop
      vertex -5.635490e-03 9.568243e-03 -1.390523e-02
      vertex -5.716659e-03 9.460025e-03 -1.322197e-02
      vertex -5.635490e-03 1.049587e-02 -1.322158e-02
    endloop
  endfacet
  facet normal -9.939899e-01 6.494693e-02 -8.812504e-02
    outer loop
      vertex -5.574773e-03 1.165883e-02 -1.304934e-02
      vertex -5.635490e-03 9.568243e-03 -1.390523e-02
      vertex -5.635490e-03 1.049587e-02 -1.322158e-02
    endloop
  endfacet
  facet normal -9.946095e-01 6.269814e-02 -8.258824e-02
    outer loop
      vertex -5.635490e-03 9.568243e-03 -1.390523e-02
      vertex -5.574773e-03 1.165883e-02 -1.304934e-02
      vertex -5.574773e-03 9.501514e-03 -1.468710e-02
    endloop
  endfacet
  facet normal -9.921601e-01 7.778251e-02 -9.781679e-02
    outer loop
      vertex -5.716659e-03 1.074929e-02 -1.219677e-02
      vertex -5.635490e-03 1.049587e-02 -1.322158e-02
      vertex -5.716659e-03 9.460025e-03 -1.322197e-02
    endloop
  endfacet
  facet normal -9.950347e-01 7.022325e-02 -7.053112e-02
    outer loop
      vertex -5.574773e-03 1.284579e-02 -1.187310e-02
      vertex -5.635490e-03 1.146838e-02 -1.238793e-02
      vertex -5.635490e-03 1.228439e-02 -1.157548e-02
    endloop
  endfacet
  facet normal -9.949832e-01 7.041899e-02 -7.106090e-02
    outer loop
      vertex -5.635490e-03 1.146838e-02 -1.238793e-02
      vertex -5.574773e-03 1.284579e-02 -1.187310e-02
      vertex -5.574773e-03 1.165883e-02 -1.304934e-02
    endloop
  endfacet
  facet normal -9.916788e-01 9.083124e-02 -9.122946e-02
    outer loop
      vertex -5.635490e-03 1.228439e-02 -1.157548e-02
      vertex -5.635490e-03 1.146838e-02 -1.238793e-02
      vertex -5.716659e-03 1.190424e-02 -1.107165e-02
    endloop
  endfacet
  facet normal -9.920214e-01 8.797106e-02 -9.030350e-02
    outer loop
      vertex -5.716659e-03 1.190424e-02 -1.107165e-02
      vertex -5.635490e-03 1.146838e-02 -1.238793e-02
      vertex -5.716659e-03 1.074929e-02 -1.219677e-02
    endloop
  endfacet
  facet normal -9.952306e-01 7.384259e-02 -6.374383e-02
    outer loop
      vertex -5.635490e-03 1.319830e-02 -1.051678e-02
      vertex -5.574773e-03 1.284579e-02 -1.187310e-02
      vertex -5.635490e-03 1.228439e-02 -1.157548e-02
    endloop
  endfacet
  facet normal -9.950236e-01 7.609819e-02 -6.432079e-02
    outer loop
      vertex -5.635490e-03 1.319830e-02 -1.051678e-02
      vertex -5.574773e-03 1.395768e-02 -1.055763e-02
      vertex -5.574773e-03 1.284579e-02 -1.187310e-02
    endloop
  endfacet
  facet normal -9.919157e-01 9.719840e-02 -8.158278e-02
    outer loop
      vertex -5.716659e-03 1.296786e-02 -9.804445e-03
      vertex -5.635490e-03 1.319830e-02 -1.051678e-02
      vertex -5.716659e-03 1.190424e-02 -1.107165e-02
    endloop
  endfacet
  facet normal -9.954460e-01 7.653485e-02 -5.683081e-02
    outer loop
      vertex -5.635490e-03 1.396840e-02 -9.479677e-03
      vertex -5.574773e-03 1.395768e-02 -1.055763e-02
      vertex -5.635490e-03 1.319830e-02 -1.051678e-02
    endloop
  endfacet
  facet normal -9.953059e-01 8.205142e-02 -5.132074e-02
    outer loop
      vertex -5.635490e-03 1.459637e-02 -8.475674e-03
      vertex -5.574773e-03 1.472017e-02 -9.455284e-03
      vertex -5.635490e-03 1.396840e-02 -9.479677e-03
    endloop
  endfacet
  facet normal -9.922430e-01 1.030601e-01 -6.951555e-02
    outer loop
      vertex -5.716659e-03 1.392159e-02 -8.390500e-03
      vertex -5.635490e-03 1.396840e-02 -9.479677e-03
      vertex -5.716659e-03 1.296786e-02 -9.804445e-03
    endloop
  endfacet
  facet normal -9.915450e-01 1.142719e-01 -6.148477e-02
    outer loop
      vertex -5.716659e-03 1.472146e-02 -6.903893e-03
      vertex -5.635490e-03 1.523531e-02 -7.257878e-03
      vertex -5.716659e-03 1.392159e-02 -8.390500e-03
    endloop
  endfacet
  facet normal -9.954001e-01 8.483702e-02 -4.451105e-02
    outer loop
      vertex -5.635490e-03 1.523531e-02 -7.257878e-03
      vertex -5.574773e-03 1.560047e-02 -7.919697e-03
      vertex -5.635490e-03 1.459637e-02 -8.475674e-03
    endloop
  endfacet
  facet normal -9.957418e-01 8.554529e-02 -3.435620e-02
    outer loop
      vertex -5.635490e-03 1.600815e-02 -5.333538e-03
      vertex -5.574773e-03 1.620166e-02 -6.611445e-03
      vertex -5.635490e-03 1.523531e-02 -7.257878e-03
    endloop
  endfacet
  facet normal -9.908885e-01 1.249821e-01 -5.019459e-02
    outer loop
      vertex -5.635490e-03 1.600815e-02 -5.333538e-03
      vertex -5.635490e-03 1.523531e-02 -7.257878e-03
      vertex -5.716659e-03 1.530597e-02 -5.479579e-03
    endloop
  endfacet
  facet normal -9.912562e-01 1.220721e-01 -5.009575e-02
    outer loop
      vertex -5.716659e-03 1.530597e-02 -5.479579e-03
      vertex -5.635490e-03 1.523531e-02 -7.257878e-03
      vertex -5.716659e-03 1.472146e-02 -6.903893e-03
    endloop
  endfacet
  facet normal -9.947912e-01 9.656631e-02 -3.264214e-02
    outer loop
      vertex -5.635490e-03 1.600815e-02 -5.333538e-03
      vertex -5.574773e-03 1.687203e-02 -4.628284e-03
      vertex -5.574773e-03 1.620166e-02 -6.611445e-03
    endloop
  endfacet
  facet normal -9.918032e-01 1.223260e-01 -3.691539e-02
    outer loop
      vertex -5.716659e-03 1.578185e-02 -3.902651e-03
      vertex -5.635490e-03 1.600815e-02 -5.333538e-03
      vertex -5.716659e-03 1.530597e-02 -5.479579e-03
    endloop
  endfacet
  facet normal -9.954211e-01 9.398980e-02 -1.740217e-02
    outer loop
      vertex -5.635490e-03 1.671420e-02 -2.368834e-03
      vertex -5.574773e-03 1.719840e-02 -3.226725e-03
      vertex -5.635490e-03 1.647972e-02 -3.635260e-03
    endloop
  endfacet
  facet normal -9.919114e-01 1.246166e-01 -2.413555e-02
    outer loop
      vertex -5.716659e-03 1.609659e-02 -2.277591e-03
      vertex -5.635490e-03 1.647972e-02 -3.635260e-03
      vertex -5.716659e-03 1.578185e-02 -3.902651e-03
    endloop
  endfacet
  facet normal -9.953980e-01 9.532433e-02 -9.801268e-03
    outer loop
      vertex -5.635490e-03 1.684685e-02 -1.078771e-03
      vertex -5.574773e-03 1.738601e-02 -2.001340e-03
      vertex -5.635490e-03 1.671420e-02 -2.368834e-03
    endloop
  endfacet
  facet normal -9.949958e-01 9.965365e-02 -7.244701e-03
    outer loop
      vertex -5.635490e-03 1.684685e-02 -1.078771e-03
      vertex -5.574773e-03 1.748225e-02 -6.775081e-04
      vertex -5.574773e-03 1.738601e-02 -2.001340e-03
    endloop
  endfacet
  facet normal -9.916687e-01 1.281508e-01 -1.305678e-02
    outer loop
      vertex -5.716659e-03 1.623322e-02 -9.365920e-04
      vertex -5.635490e-03 1.684685e-02 -1.078771e-03
      vertex -5.716659e-03 1.609659e-02 -2.277591e-03
    endloop
  endfacet
  facet normal -9.918566e-01 1.273563e-01 -9.780964e-04
    outer loop
      vertex -5.716659e-03 1.624518e-02 6.200821e-04
      vertex -5.635490e-03 1.687419e-02 2.120042e-04
      vertex -5.716659e-03 1.623322e-02 -9.365920e-04
    endloop
  endfacet
  facet normal -9.953405e-01 9.640121e-02 -2.042304e-03
    outer loop
      vertex -5.635490e-03 1.687419e-02 2.120042e-04
      vertex -5.574773e-03 1.748225e-02 -6.775081e-04
      vertex -5.635490e-03 1.684685e-02 -1.078771e-03
    endloop
  endfacet
  facet normal -9.919047e-01 1.264842e-01 1.125979e-02
    outer loop
      vertex -5.716659e-03 1.609915e-02 2.260481e-03
      vertex -5.635490e-03 1.676567e-02 1.923697e-03
      vertex -5.716659e-03 1.624518e-02 6.200821e-04
    endloop
  endfacet
  facet normal -9.955536e-01 9.400774e-02 5.960361e-03
    outer loop
      vertex -5.635490e-03 1.676567e-02 1.923697e-03
      vertex -5.574773e-03 1.746023e-02 1.110385e-03
      vertex -5.635490e-03 1.687419e-02 2.120042e-04
    endloop
  endfacet
  facet normal -9.920576e-01 1.235100e-01 2.381036e-02
    outer loop
      vertex -5.716659e-03 1.578718e-02 3.878752e-03
      vertex -5.635490e-03 1.651330e-02 3.494094e-03
      vertex -5.716659e-03 1.609915e-02 2.260481e-03
    endloop
  endfacet
  facet normal -9.952266e-01 9.607847e-02 1.711672e-02
    outer loop
      vertex -5.635490e-03 1.651330e-02 3.494094e-03
      vertex -5.574773e-03 1.711938e-02 3.622337e-03
      vertex -5.574773e-03 1.732930e-02 2.444055e-03
    endloop
  endfacet
  facet normal -9.952222e-01 9.453390e-02 2.441438e-02
    outer loop
      vertex -5.635490e-03 1.651330e-02 3.494094e-03
      vertex -5.574773e-03 1.675108e-02 5.048414e-03
      vertex -5.574773e-03 1.711938e-02 3.622337e-03
    endloop
  endfacet
  facet normal -9.920483e-01 1.205572e-01 3.614146e-02
    outer loop
      vertex -5.716659e-03 1.531214e-02 5.463326e-03
      vertex -5.635490e-03 1.615804e-02 4.869683e-03
      vertex -5.716659e-03 1.578718e-02 3.878752e-03
    endloop
  endfacet
  facet normal -9.952197e-01 9.210989e-02 3.245643e-02
    outer loop
      vertex -5.635490e-03 1.560419e-02 6.441466e-03
      vertex -5.574773e-03 1.675108e-02 5.048414e-03
      vertex -5.635490e-03 1.615804e-02 4.869683e-03
    endloop
  endfacet
  facet normal -9.921687e-01 1.153602e-01 4.788912e-02
    outer loop
      vertex -5.716659e-03 1.468551e-02 6.972828e-03
      vertex -5.635490e-03 1.560419e-02 6.441466e-03
      vertex -5.716659e-03 1.531214e-02 5.463326e-03
    endloop
  endfacet
  facet normal -9.953285e-01 8.725695e-02 4.132186e-02
    outer loop
      vertex -5.635490e-03 1.497962e-02 7.760346e-03
      vertex -5.574773e-03 1.600931e-02 7.048505e-03
      vertex -5.635490e-03 1.560419e-02 6.441466e-03
    endloop
  endfacet
  facet normal -9.915992e-01 1.149728e-01 5.926524e-02
    outer loop
      vertex -5.716659e-03 1.412948e-02 8.051512e-03
      vertex -5.635490e-03 1.497962e-02 7.760346e-03
      vertex -5.716659e-03 1.468551e-02 6.972828e-03
    endloop
  endfacet
  facet normal -9.908496e-01 1.174062e-01 6.657933e-02
    outer loop
      vertex -5.635490e-03 1.497962e-02 7.760346e-03
      vertex -5.716659e-03 1.412948e-02 8.051512e-03
      vertex -5.635490e-03 1.423076e-02 9.080877e-03
    endloop
  endfacet
  facet normal -9.955071e-01 8.236461e-02 4.670774e-02
    outer loop
      vertex -5.574773e-03 1.541243e-02 8.291210e-03
      vertex -5.635490e-03 1.497962e-02 7.760346e-03
      vertex -5.635490e-03 1.423076e-02 9.080877e-03
    endloop
  endfacet
  facet normal -9.912904e-01 1.078389e-01 7.559177e-02
    outer loop
      vertex -5.635490e-03 1.423076e-02 9.080877e-03
      vertex -5.716659e-03 1.347239e-02 9.098348e-03
      vertex -5.635490e-03 1.347421e-02 1.016018e-02
    endloop
  endfacet
  facet normal -9.945639e-01 8.814654e-02 5.543240e-02
    outer loop
      vertex -5.635490e-03 1.423076e-02 9.080877e-03
      vertex -5.574773e-03 1.417374e-02 1.026092e-02
      vertex -5.574773e-03 1.541243e-02 8.291210e-03
    endloop
  endfacet
  facet normal -9.922089e-01 9.896731e-02 7.567720e-02
    outer loop
      vertex -5.716659e-03 1.236419e-02 1.054759e-02
      vertex -5.635490e-03 1.347421e-02 1.016018e-02
      vertex -5.716659e-03 1.347239e-02 9.098348e-03
    endloop
  endfacet
  facet normal -9.910747e-01 1.023025e-01 8.547069e-02
    outer loop
      vertex -5.635490e-03 1.347421e-02 1.016018e-02
      vertex -5.716659e-03 1.236419e-02 1.054759e-02
      vertex -5.635490e-03 1.238766e-02 1.146070e-02
    endloop
  endfacet
  facet normal -9.956188e-01 7.175678e-02 5.995067e-02
    outer loop
      vertex -5.635490e-03 1.238766e-02 1.146070e-02
      vertex -5.574773e-03 1.342279e-02 1.123006e-02
      vertex -5.635490e-03 1.347421e-02 1.016018e-02
    endloop
  endfacet
  facet normal -9.910448e-01 9.334993e-02 9.547801e-02
    outer loop
      vertex -5.635490e-03 1.238766e-02 1.146070e-02
      vertex -5.716659e-03 1.107590e-02 1.190070e-02
      vertex -5.635490e-03 1.118191e-02 1.263957e-02
    endloop
  endfacet
  facet normal -9.954622e-01 6.652391e-02 6.804044e-02
    outer loop
      vertex -5.574773e-03 1.254289e-02 1.219725e-02
      vertex -5.635490e-03 1.238766e-02 1.146070e-02
      vertex -5.635490e-03 1.118191e-02 1.263957e-02
    endloop
  endfacet
  facet normal -9.922134e-01 9.020378e-02 8.588289e-02
    outer loop
      vertex -5.716659e-03 1.107590e-02 1.190070e-02
      vertex -5.635490e-03 1.238766e-02 1.146070e-02
      vertex -5.716659e-03 1.236419e-02 1.054759e-02
    endloop
  endfacet
  facet normal -9.946143e-01 6.939360e-02 7.698644e-02
    outer loop
      vertex -5.635490e-03 1.118191e-02 1.263957e-02
      vertex -5.574773e-03 1.090570e-02 1.367296e-02
      vertex -5.574773e-03 1.254289e-02 1.219725e-02
    endloop
  endfacet
  facet normal -9.907166e-01 8.477607e-02 1.062711e-01
    outer loop
      vertex -5.635490e-03 1.118191e-02 1.263957e-02
      vertex -5.716659e-03 1.013870e-02 1.271507e-02
      vertex -5.635490e-03 9.837933e-03 1.371171e-02
    endloop
  endfacet
  facet normal -9.954681e-01 5.930317e-02 7.433956e-02
    outer loop
      vertex -5.635490e-03 9.837933e-03 1.371171e-02
      vertex -5.574773e-03 1.090570e-02 1.367296e-02
      vertex -5.635490e-03 1.118191e-02 1.263957e-02
    endloop
  endfacet
  facet normal -9.917313e-01 8.417460e-02 9.686983e-02
    outer loop
      vertex -5.716659e-03 1.013870e-02 1.271507e-02
      vertex -5.635490e-03 1.118191e-02 1.263957e-02
      vertex -5.716659e-03 1.107590e-02 1.190070e-02
    endloop
  endfacet
  facet normal -9.917351e-01 7.567601e-02 1.036078e-01
    outer loop
      vertex -5.716659e-03 9.139090e-03 1.344520e-02
      vertex -5.635490e-03 9.837933e-03 1.371171e-02
      vertex -5.716659e-03 1.013870e-02 1.271507e-02
    endloop
  endfacet
  facet normal -9.912499e-01 7.325635e-02 1.098049e-01
    outer loop
      vertex -5.635490e-03 9.837933e-03 1.371171e-02
      vertex -5.716659e-03 9.139090e-03 1.344520e-02
      vertex -5.635490e-03 8.765619e-03 1.442710e-02
    endloop
  endfacet
  facet normal -9.947650e-01 5.957836e-02 8.302441e-02
    outer loop
      vertex -5.635490e-03 9.837933e-03 1.371171e-02
      vertex -5.574773e-03 9.279994e-03 1.483957e-02
      vertex -5.574773e-03 1.090570e-02 1.367296e-02
    endloop
  endfacet
  facet normal -9.911519e-01 6.409125e-02 1.162337e-01
    outer loop
      vertex -5.635490e-03 8.765619e-03 1.442710e-02
      vertex -5.716659e-03 8.086146e-03 1.410962e-02
      vertex -5.635490e-03 7.643350e-03 1.504592e-02
    endloop
  endfacet
  facet normal -9.953642e-01 4.644032e-02 8.422259e-02
    outer loop
      vertex -5.574773e-03 8.314016e-03 1.539368e-02
      vertex -5.635490e-03 8.765619e-03 1.442710e-02
      vertex -5.635490e-03 7.643350e-03 1.504592e-02
    endloop
  endfacet
  facet normal -9.951419e-01 4.898713e-02 8.539854e-02
    outer loop
      vertex -5.574773e-03 8.314016e-03 1.539368e-02
      vertex -5.574773e-03 9.279994e-03 1.483957e-02
      vertex -5.635490e-03 8.765619e-03 1.442710e-02
    endloop
  endfacet
  facet normal -9.918303e-01 6.807467e-02 1.078820e-01
    outer loop
      vertex -5.716659e-03 8.086146e-03 1.410962e-02
      vertex -5.635490e-03 8.765619e-03 1.442710e-02
      vertex -5.716659e-03 9.139090e-03 1.344520e-02
    endloop
  endfacet
  facet normal -9.917290e-01 5.910999e-02 1.139280e-01
    outer loop
      vertex -5.716659e-03 6.998164e-03 1.467410e-02
      vertex -5.635490e-03 7.643350e-03 1.504592e-02
      vertex -5.716659e-03 8.086146e-03 1.410962e-02
    endloop
  endfacet
  facet normal -9.912537e-01 5.578025e-02 1.196020e-01
    outer loop
      vertex -5.635490e-03 7.643350e-03 1.504592e-02
      vertex -5.716659e-03 6.998164e-03 1.467410e-02
      vertex -5.635490e-03 6.489562e-03 1.558403e-02
    endloop
  endfacet
  facet normal -9.952517e-01 4.114099e-02 8.821305e-02
    outer loop
      vertex -5.574773e-03 6.826761e-03 1.611179e-02
      vertex -5.635490e-03 7.643350e-03 1.504592e-02
      vertex -5.635490e-03 6.489562e-03 1.558403e-02
    endloop
  endfacet
  facet normal -9.949982e-01 4.343443e-02 8.995567e-02
    outer loop
      vertex -5.635490e-03 7.643350e-03 1.504592e-02
      vertex -5.574773e-03 6.826761e-03 1.611179e-02
      vertex -5.574773e-03 8.314016e-03 1.539368e-02
    endloop
  endfacet
  facet normal -9.908768e-01 4.418941e-02 1.273205e-01
    outer loop
      vertex -5.635490e-03 6.489562e-03 1.558403e-02
      vertex -5.716659e-03 5.759657e-03 1.520566e-02
      vertex -5.635490e-03 4.742464e-03 1.619040e-02
    endloop
  endfacet
  facet normal -9.951184e-01 3.442106e-02 9.249122e-02
    outer loop
      vertex -5.635490e-03 6.489562e-03 1.558403e-02
      vertex -5.574773e-03 5.445667e-03 1.662577e-02
      vertex -5.574773e-03 6.826761e-03 1.611179e-02
    endloop
  endfacet
  facet normal -9.919435e-01 4.996289e-02 1.164120e-01
    outer loop
      vertex -5.716659e-03 5.759657e-03 1.520566e-02
      vertex -5.635490e-03 6.489562e-03 1.558403e-02
      vertex -5.716659e-03 6.998164e-03 1.467410e-02
    endloop
  endfacet
  facet normal -9.910900e-01 4.296549e-02 1.260739e-01
    outer loop
      vertex -5.716659e-03 4.657474e-03 1.558128e-02
      vertex -5.635490e-03 4.742464e-03 1.619040e-02
      vertex -5.716659e-03 5.759657e-03 1.520566e-02
    endloop
  endfacet
  facet normal -9.949951e-01 2.621136e-02 9.642450e-02
    outer loop
      vertex -5.635490e-03 4.742464e-03 1.619040e-02
      vertex -5.574773e-03 3.718133e-03 1.709538e-02
      vertex -5.574773e-03 5.445667e-03 1.662577e-02
    endloop
  endfacet
  facet normal -9.954621e-01 2.264942e-02 9.242412e-02
    outer loop
      vertex -5.574773e-03 3.718133e-03 1.709538e-02
      vertex -5.635490e-03 4.742464e-03 1.619040e-02
      vertex -5.635490e-03 3.168732e-03 1.657606e-02
    endloop
  endfacet
  facet normal -9.918556e-01 2.153810e-02 1.255334e-01
    outer loop
      vertex -5.716659e-03 1.966883e-03 1.614093e-02
      vertex -5.635490e-03 3.168732e-03 1.657606e-02
      vertex -5.716659e-03 3.455018e-03 1.588561e-02
    endloop
  endfacet
  facet normal -9.948657e-01 1.539846e-02 1.000254e-01
    outer loop
      vertex -5.635490e-03 3.168732e-03 1.657606e-02
      vertex -5.574773e-03 1.629516e-03 1.741691e-02
      vertex -5.574773e-03 3.718133e-03 1.709538e-02
    endloop
  endfacet
  facet normal -9.949162e-01 1.514304e-02 9.956150e-02
    outer loop
      vertex -5.574773e-03 1.629516e-03 1.741691e-02
      vertex -5.635490e-03 3.168732e-03 1.657606e-02
      vertex -5.635490e-03 1.831408e-03 1.677946e-02
    endloop
  endfacet
  facet normal -9.912881e-01 1.980520e-02 1.302139e-01
    outer loop
      vertex -5.716659e-03 1.966883e-03 1.614093e-02
      vertex -5.635490e-03 1.831408e-03 1.677946e-02
      vertex -5.635490e-03 3.168732e-03 1.657606e-02
    endloop
  endfacet
  facet normal -9.916477e-01 9.781124e-03 1.286044e-01
    outer loop
      vertex -5.635490e-03 1.831408e-03 1.677946e-02
      vertex -5.716659e-03 6.371708e-04 1.624441e-02
      vertex -5.635490e-03 6.683790e-04 1.686792e-02
    endloop
  endfacet
  facet normal -9.952437e-01 7.387801e-03 9.713646e-02
    outer loop
      vertex -5.635490e-03 6.683790e-04 1.686792e-02
      vertex -5.574773e-03 1.629516e-03 1.741691e-02
      vertex -5.635490e-03 1.831408e-03 1.677946e-02
    endloop
  endfacet
  facet normal -9.917007e-01 9.974582e-03 1.281806e-01
    outer loop
      vertex -5.716659e-03 6.371708e-04 1.624441e-02
      vertex -5.635490e-03 1.831408e-03 1.677946e-02
      vertex -5.716659e-03 1.966883e-03 1.614093e-02
    endloop
  endfacet
  facet normal -9.916329e-01 3.819812e-05 1.290901e-01
    outer loop
      vertex -5.635490e-03 6.683790e-04 1.686792e-02
      vertex -5.716659e-03 6.371708e-04 1.624441e-02
      vertex -5.635490e-03 -6.594688e-04 1.686831e-02
    endloop
  endfacet
  facet normal -9.944870e-01 2.952260e-03 1.048182e-01
    outer loop
      vertex -5.635490e-03 6.683790e-04 1.686792e-02
      vertex -5.574773e-03 -6.783564e-04 1.748191e-02
      vertex -5.574773e-03 1.629516e-03 1.741691e-02
    endloop
  endfacet
  facet normal -9.837700e-01 -2.039173e-02 1.782718e-01
    outer loop
      vertex -5.923788e-03 -1.353945e-03 1.504524e-02
      vertex -5.716659e-03 -2.646651e-03 1.604039e-02
      vertex -5.716659e-03 -1.045261e-03 1.622357e-02
    endloop
  endfacet
  facet normal -9.833238e-01 -4.086684e-02 1.772123e-01
    outer loop
      vertex -5.923788e-03 -3.574804e-03 1.467702e-02
      vertex -5.716659e-03 -4.601909e-03 1.558949e-02
      vertex -5.716659e-03 -2.646651e-03 1.604039e-02
    endloop
  endfacet
  facet normal -9.836289e-01 -6.157654e-02 1.693590e-01
    outer loop
      vertex -5.923788e-03 -4.686198e-03 1.435585e-02
      vertex -5.716659e-03 -6.433759e-03 1.492345e-02
      vertex -5.716659e-03 -4.601909e-03 1.558949e-02
    endloop
  endfacet
  facet normal -9.836136e-01 -8.004893e-02 1.615438e-01
    outer loop
      vertex -5.923788e-03 -7.134705e-03 1.331494e-02
      vertex -5.716659e-03 -8.060154e-03 1.411754e-02
      vertex -5.716659e-03 -6.433759e-03 1.492345e-02
    endloop
  endfacet
  facet normal -9.837545e-01 -9.674304e-02 1.512210e-01
    outer loop
      vertex -5.923788e-03 -8.165436e-03 1.270272e-02
      vertex -5.716659e-03 -9.460025e-03 1.322197e-02
      vertex -5.716659e-03 -8.060154e-03 1.411754e-02
    endloop
  endfacet
  facet normal -9.837842e-01 -1.116304e-01 1.403828e-01
    outer loop
      vertex -5.923788e-03 -9.397917e-03 1.181983e-02
      vertex -5.716659e-03 -1.074929e-02 1.219677e-02
      vertex -5.716659e-03 -9.460025e-03 1.322197e-02
    endloop
  endfacet
  facet normal -9.837705e-01 -1.252063e-01 1.285259e-01
    outer loop
      vertex -5.923788e-03 -1.052879e-02 1.082615e-02
      vertex -5.716659e-03 -1.190424e-02 1.107165e-02
      vertex -5.716659e-03 -1.074929e-02 1.219677e-02
    endloop
  endfacet
  facet normal -9.837510e-01 -1.375176e-01 1.154244e-01
    outer loop
      vertex -5.923788e-03 -1.156742e-02 9.707598e-03
      vertex -5.716659e-03 -1.296786e-02 9.804445e-03
      vertex -5.716659e-03 -1.190424e-02 1.107165e-02
    endloop
  endfacet
  facet normal -9.836800e-01 -1.491655e-01 1.006143e-01
    outer loop
      vertex -5.923788e-03 -1.249391e-02 8.482050e-03
      vertex -5.716659e-03 -1.392159e-02 8.390500e-03
      vertex -5.716659e-03 -1.296786e-02 9.804445e-03
    endloop
  endfacet
  facet normal -9.837212e-01 -1.582489e-01 8.514686e-02
    outer loop
      vertex -5.923788e-03 -1.328965e-02 7.171965e-03
      vertex -5.716659e-03 -1.472146e-02 6.903893e-03
      vertex -5.716659e-03 -1.392159e-02 8.390500e-03
    endloop
  endfacet
  facet normal -9.838708e-01 -1.654877e-01 6.791253e-02
    outer loop
      vertex -5.923788e-03 -1.394438e-02 5.796736e-03
      vertex -5.716659e-03 -1.530597e-02 5.479579e-03
      vertex -5.716659e-03 -1.472146e-02 6.903893e-03
    endloop
  endfacet
  facet normal -9.837620e-01 -1.718242e-01 5.185290e-02
    outer loop
      vertex -5.923788e-03 -1.445711e-02 4.362741e-03
      vertex -5.716659e-03 -1.578185e-02 3.902651e-03
      vertex -5.716659e-03 -1.530597e-02 5.479579e-03
    endloop
  endfacet
  facet normal -9.837499e-01 -1.762685e-01 3.413942e-02
    outer loop
      vertex -5.923788e-03 -1.482423e-02 2.878486e-03
      vertex -5.716659e-03 -1.609659e-02 2.277591e-03
      vertex -5.716659e-03 -1.578185e-02 3.902651e-03
    endloop
  endfacet
  facet normal -9.840201e-01 -1.771402e-01 1.804812e-02
    outer loop
      vertex -5.923788e-03 -1.504088e-02 1.346222e-03
      vertex -5.716659e-03 -1.623322e-02 9.365920e-04
      vertex -5.716659e-03 -1.609659e-02 2.277591e-03
    endloop
  endfacet
  facet normal -9.838847e-01 -1.780998e-01 -1.585468e-02
    outer loop
      vertex -5.923788e-03 -1.507081e-02 -9.584061e-04
      vertex -5.716659e-03 -1.609915e-02 -2.260481e-03
      vertex -5.716659e-03 -1.624518e-02 -6.200821e-04
    endloop
  endfacet
  facet normal -9.838800e-01 -1.755970e-01 -3.385175e-02
    outer loop
      vertex -5.923788e-03 -1.489725e-02 -2.474936e-03
      vertex -5.716659e-03 -1.578718e-02 -3.878752e-03
      vertex -5.716659e-03 -1.609915e-02 -2.260481e-03
    endloop
  endfacet
  facet normal -9.838881e-01 -1.712554e-01 -5.134012e-02
    outer loop
      vertex -5.923788e-03 -1.456542e-02 -3.984736e-03
      vertex -5.716659e-03 -1.531214e-02 -5.463326e-03
      vertex -5.716659e-03 -1.578718e-02 -3.878752e-03
    endloop
  endfacet
  facet normal -9.838967e-01 -1.650792e-01 -6.852883e-02
    outer loop
      vertex -5.923788e-03 -1.409520e-02 -5.420984e-03
      vertex -5.716659e-03 -1.468551e-02 -6.972828e-03
      vertex -5.716659e-03 -1.531214e-02 -5.463326e-03
    endloop
  endfacet
  facet normal -9.844278e-01 -1.562520e-01 -8.054350e-02
    outer loop
      vertex -5.923788e-03 -1.311982e-02 -7.478622e-03
      vertex -5.716659e-03 -1.412948e-02 -8.051512e-03
      vertex -5.716659e-03 -1.468551e-02 -6.972828e-03
    endloop
  endfacet
  facet normal -9.844223e-01 -1.489148e-01 -9.347257e-02
    outer loop
      vertex -5.923788e-03 -1.311982e-02 -7.478622e-03
      vertex -5.716659e-03 -1.347239e-02 -9.098348e-03
      vertex -5.716659e-03 -1.412948e-02 -8.051512e-03
    endloop
  endfacet
  facet normal -9.836194e-01 -1.431918e-01 -1.094943e-01
    outer loop
      vertex -5.923788e-03 -1.182154e-02 -9.396544e-03
      vertex -5.716659e-03 -1.236419e-02 -1.054759e-02
      vertex -5.716659e-03 -1.347239e-02 -9.098348e-03
    endloop
  endfacet
  facet normal -9.834201e-01 -1.313350e-01 -1.250438e-01
    outer loop
      vertex -5.923788e-03 -1.108750e-02 -1.025953e-02
      vertex -5.716659e-03 -1.107590e-02 -1.190070e-02
      vertex -5.716659e-03 -1.236419e-02 -1.054759e-02
    endloop
  endfacet
  facet normal -9.841379e-01 -1.046382e-01 -1.432599e-01
    outer loop
      vertex -5.923788e-03 -9.113329e-03 -1.204112e-02
      vertex -5.716659e-03 -9.139090e-03 -1.344520e-02
      vertex -5.716659e-03 -1.013870e-02 -1.271507e-02
    endloop
  endfacet
  facet normal -9.841426e-01 -8.169001e-02 -1.574485e-01
    outer loop
      vertex -5.923788e-03 -7.177468e-03 -1.328640e-02
      vertex -5.716659e-03 -6.998164e-03 -1.467410e-02
      vertex -5.716659e-03 -8.086146e-03 -1.410962e-02
    endloop
  endfacet
  facet normal -9.847916e-01 -6.852287e-02 -1.596561e-01
    outer loop
      vertex -5.923788e-03 -5.072135e-03 -1.422312e-02
      vertex -5.716659e-03 -5.759657e-03 -1.520566e-02
      vertex -5.716659e-03 -6.998164e-03 -1.467410e-02
    endloop
  endfacet
  facet normal -9.842122e-01 -5.709400e-02 -1.675312e-01
    outer loop
      vertex -5.923788e-03 -5.072135e-03 -1.422312e-02
      vertex -5.716659e-03 -4.657474e-03 -1.558128e-02
      vertex -5.716659e-03 -5.759657e-03 -1.520566e-02
    endloop
  endfacet
  facet normal -9.840036e-01 -4.370980e-02 -1.727029e-01
    outer loop
      vertex -5.923788e-03 -3.967720e-03 -1.457570e-02
      vertex -5.716659e-03 -3.455018e-03 -1.588561e-02
      vertex -5.716659e-03 -4.657474e-03 -1.558128e-02
    endloop
  endfacet
  facet normal -9.840654e-01 -3.006743e-02 -1.752460e-01
    outer loop
      vertex -5.923788e-03 -2.103308e-03 -1.495443e-02
      vertex -5.716659e-03 -1.966883e-03 -1.614093e-02
      vertex -5.716659e-03 -3.455018e-03 -1.588561e-02
    endloop
  endfacet
  facet normal -9.838900e-01 -1.386973e-02 -1.782361e-01
    outer loop
      vertex -5.923788e-03 -9.881601e-04 -1.507371e-02
      vertex -5.716659e-03 -6.371708e-04 -1.624441e-02
      vertex -5.716659e-03 -1.966883e-03 -1.614093e-02
    endloop
  endfacet
  facet normal -9.837700e-01 2.039173e-02 -1.782718e-01
    outer loop
      vertex -5.923788e-03 1.353945e-03 -1.504524e-02
      vertex -5.716659e-03 2.646651e-03 -1.604039e-02
      vertex -5.716659e-03 1.045261e-03 -1.622357e-02
    endloop
  endfacet
  facet normal -9.833238e-01 4.086684e-02 -1.772123e-01
    outer loop
      vertex -5.923788e-03 3.574804e-03 -1.467702e-02
      vertex -5.716659e-03 4.601909e-03 -1.558949e-02
      vertex -5.716659e-03 2.646651e-03 -1.604039e-02
    endloop
  endfacet
  facet normal -9.836289e-01 6.157654e-02 -1.693590e-01
    outer loop
      vertex -5.923788e-03 4.686198e-03 -1.435585e-02
      vertex -5.716659e-03 6.433759e-03 -1.492345e-02
      vertex -5.716659e-03 4.601909e-03 -1.558949e-02
    endloop
  endfacet
  facet normal -9.836136e-01 8.004893e-02 -1.615438e-01
    outer loop
      vertex -5.923788e-03 7.134705e-03 -1.331494e-02
      vertex -5.716659e-03 8.060154e-03 -1.411754e-02
      vertex -5.716659e-03 6.433759e-03 -1.492345e-02
    endloop
  endfacet
  facet normal -9.837545e-01 9.674304e-02 -1.512210e-01
    outer loop
      vertex -5.923788e-03 8.165436e-03 -1.270272e-02
      vertex -5.716659e-03 9.460025e-03 -1.322197e-02
      vertex -5.716659e-03 8.060154e-03 -1.411754e-02
    endloop
  endfacet
  facet normal -9.837842e-01 1.116304e-01 -1.403828e-01
    outer loop
      vertex -5.923788e-03 9.397917e-03 -1.181983e-02
      vertex -5.716659e-03 1.074929e-02 -1.219677e-02
      vertex -5.716659e-03 9.460025e-03 -1.322197e-02
    endloop
  endfacet
  facet normal -9.837705e-01 1.252063e-01 -1.285259e-01
    outer loop
      vertex -5.923788e-03 1.052879e-02 -1.082615e-02
      vertex -5.716659e-03 1.190424e-02 -1.107165e-02
      vertex -5.716659e-03 1.074929e-02 -1.219677e-02
    endloop
  endfacet
  facet normal -9.837510e-01 1.375176e-01 -1.154244e-01
    outer loop
      vertex -5.923788e-03 1.156742e-02 -9.707598e-03
      vertex -5.716659e-03 1.296786e-02 -9.804445e-03
      vertex -5.716659e-03 1.190424e-02 -1.107165e-02
    endloop
  endfacet
  facet normal -9.836800e-01 1.491655e-01 -1.006143e-01
    outer loop
      vertex -5.923788e-03 1.249391e-02 -8.482050e-03
      vertex -5.716659e-03 1.392159e-02 -8.390500e-03
      vertex -5.716659e-03 1.296786e-02 -9.804445e-03
    endloop
  endfacet
  facet normal -9.837212e-01 1.582489e-01 -8.514686e-02
    outer loop
      vertex -5.923788e-03 1.328965e-02 -7.171965e-03
      vertex -5.716659e-03 1.472146e-02 -6.903893e-03
      vertex -5.716659e-03 1.392159e-02 -8.390500e-03
    endloop
  endfacet
  facet normal -9.838708e-01 1.654877e-01 -6.791253e-02
    outer loop
      vertex -5.923788e-03 1.394438e-02 -5.796736e-03
      vertex -5.716659e-03 1.530597e-02 -5.479579e-03
      vertex -5.716659e-03 1.472146e-02 -6.903893e-03
    endloop
  endfacet
  facet normal -9.837620e-01 1.718242e-01 -5.185290e-02
    outer loop
      vertex -5.923788e-03 1.445711e-02 -4.362741e-03
      vertex -5.716659e-03 1.578185e-02 -3.902651e-03
      vertex -5.716659e-03 1.530597e-02 -5.479579e-03
    endloop
  endfacet
  facet normal -9.837499e-01 1.762685e-01 -3.413942e-02
    outer loop
      vertex -5.923788e-03 1.482423e-02 -2.878486e-03
      vertex -5.716659e-03 1.609659e-02 -2.277591e-03
      vertex -5.716659e-03 1.578185e-02 -3.902651e-03
    endloop
  endfacet
  facet normal -9.840201e-01 1.771402e-01 -1.804812e-02
    outer loop
      vertex -5.923788e-03 1.504088e-02 -1.346222e-03
      vertex -5.716659e-03 1.623322e-02 -9.365920e-04
      vertex -5.716659e-03 1.609659e-02 -2.277591e-03
    endloop
  endfacet
  facet normal -9.838847e-01 1.780998e-01 1.585468e-02
    outer loop
      vertex -5.923788e-03 1.507081e-02 9.584061e-04
      vertex -5.716659e-03 1.609915e-02 2.260481e-03
      vertex -5.716659e-03 1.624518e-02 6.200821e-04
    endloop
  endfacet
  facet normal -9.838800e-01 1.755970e-01 3.385175e-02
    outer loop
      vertex -5.923788e-03 1.489725e-02 2.474936e-03
      vertex -5.716659e-03 1.578718e-02 3.878752e-03
      vertex -5.716659e-03 1.609915e-02 2.260481e-03
    endloop
  endfacet
  facet normal -9.838881e-01 1.712554e-01 5.134012e-02
    outer loop
      vertex -5.923788e-03 1.456542e-02 3.984736e-03
      vertex -5.716659e-03 1.531214e-02 5.463326e-03
      vertex -5.716659e-03 1.578718e-02 3.878752e-03
    endloop
  endfacet
  facet normal -9.838967e-01 1.650792e-01 6.852883e-02
    outer loop
      vertex -5.923788e-03 1.409520e-02 5.420984e-03
      vertex -5.716659e-03 1.468551e-02 6.972828e-03
      vertex -5.716659e-03 1.531214e-02 5.463326e-03
    endloop
  endfacet
  facet normal -9.844278e-01 1.562520e-01 8.054350e-02
    outer loop
      vertex -5.923788e-03 1.311982e-02 7.478622e-03
      vertex -5.716659e-03 1.412948e-02 8.051512e-03
      vertex -5.716659e-03 1.468551e-02 6.972828e-03
    endloop
  endfacet
  facet normal -9.844223e-01 1.489148e-01 9.347257e-02
    outer loop
      vertex -5.923788e-03 1.311982e-02 7.478622e-03
      vertex -5.716659e-03 1.347239e-02 9.098348e-03
      vertex -5.716659e-03 1.412948e-02 8.051512e-03
    endloop
  endfacet
  facet normal -9.836194e-01 1.431918e-01 1.094943e-01
    outer loop
      vertex -5.923788e-03 1.182154e-02 9.396544e-03
      vertex -5.716659e-03 1.236419e-02 1.054759e-02
      vertex -5.716659e-03 1.347239e-02 9.098348e-03
    endloop
  endfacet
  facet normal -9.834201e-01 1.313350e-01 1.250438e-01
    outer loop
      vertex -5.923788e-03 1.108750e-02 1.025953e-02
      vertex -5.716659e-03 1.107590e-02 1.190070e-02
      vertex -5.716659e-03 1.236419e-02 1.054759e-02
    endloop
  endfacet
  facet normal -9.841379e-01 1.046382e-01 1.432599e-01
    outer loop
      vertex -5.923788e-03 9.113329e-03 1.204112e-02
      vertex -5.716659e-03 9.139090e-03 1.344520e-02
      vertex -5.716659e-03 1.013870e-02 1.271507e-02
    endloop
  endfacet
  facet normal -9.841426e-01 8.169001e-02 1.574485e-01
    outer loop
      vertex -5.923788e-03 7.177468e-03 1.328640e-02
      vertex -5.716659e-03 6.998164e-03 1.467410e-02
      vertex -5.716659e-03 8.086146e-03 1.410962e-02
    endloop
  endfacet
  facet normal -9.847916e-01 6.852287e-02 1.596561e-01
    outer loop
      vertex -5.923788e-03 5.072135e-03 1.422312e-02
      vertex -5.716659e-03 5.759657e-03 1.520566e-02
      vertex -5.716659e-03 6.998164e-03 1.467410e-02
    endloop
  endfacet
  facet normal -9.842122e-01 5.709400e-02 1.675312e-01
    outer loop
      vertex -5.923788e-03 5.072135e-03 1.422312e-02
      vertex -5.716659e-03 4.657474e-03 1.558128e-02
      vertex -5.716659e-03 5.759657e-03 1.520566e-02
    endloop
  endfacet
  facet normal -9.840036e-01 4.370980e-02 1.727029e-01
    outer loop
      vertex -5.923788e-03 3.967720e-03 1.457570e-02
      vertex -5.716659e-03 3.455018e-03 1.588561e-02
      vertex -5.716659e-03 4.657474e-03 1.558128e-02
    endloop
  endfacet
  facet normal -9.840654e-01 3.006743e-02 1.752460e-01
    outer loop
      vertex -5.923788e-03 2.103308e-03 1.495443e-02
      vertex -5.716659e-03 1.966883e-03 1.614093e-02
      vertex -5.716659e-03 3.455018e-03 1.588561e-02
    endloop
  endfacet
  facet normal -9.838900e-01 1.386973e-02 1.782361e-01
    outer loop
      vertex -5.923788e-03 9.881601e-04 1.507371e-02
      vertex -5.716659e-03 6.371708e-04 1.624441e-02
      vertex -5.716659e-03 1.966883e-03 1.614093e-02
    endloop
  endfacet
  facet normal -9.710779e-01 -1.275300e-02 2.384220e-01
    outer loop
      vertex -6.202186e-03 -9.042202e-04 1.393540e-02
      vertex -5.923788e-03 -1.353945e-03 1.504524e-02
      vertex -5.923788e-03 -2.963291e-04 1.510181e-02
    endloop
  endfacet
  facet normal -9.710779e-01 1.275300e-02 -2.384220e-01
    outer loop
      vertex -6.202186e-03 9.042202e-04 -1.393540e-02
      vertex -5.923788e-03 1.353945e-03 -1.504524e-02
      vertex -5.923788e-03 2.963291e-04 -1.510181e-02
    endloop
  endfacet
  facet normal -9.549121e-01 -2.764343e-02 2.955988e-01
    outer loop
      vertex -6.562718e-03 -1.613435e-03 1.270440e-02
      vertex -6.202186e-03 -9.042202e-04 1.393540e-02
      vertex -6.562718e-03 -6.699553e-04 1.279263e-02
    endloop
  endfacet
  facet normal -9.548112e-01 -4.741245e-02 2.934069e-01
    outer loop
      vertex -6.562718e-03 -2.567441e-03 1.255024e-02
      vertex -6.202186e-03 -1.931025e-03 1.382633e-02
      vertex -6.562718e-03 -1.613435e-03 1.270440e-02
    endloop
  endfacet
  facet normal -9.547548e-01 -1.239265e-01 2.703433e-01
    outer loop
      vertex -6.562718e-03 -5.622180e-03 1.151049e-02
      vertex -6.202186e-03 -5.663061e-03 1.276502e-02
      vertex -6.562718e-03 -5.050808e-03 1.177241e-02
    endloop
  endfacet
  facet normal -9.549123e-01 -1.677540e-01 2.449513e-01
    outer loop
      vertex -6.562718e-03 -7.579540e-03 1.032253e-02
      vertex -6.202186e-03 -7.559528e-03 1.174172e-02
      vertex -6.562718e-03 -6.800762e-03 1.085587e-02
    endloop
  endfacet
  facet normal -9.553590e-01 -2.824716e-01 8.659624e-02
    outer loop
      vertex -6.562718e-03 -1.239562e-02 3.232469e-03
      vertex -6.202186e-03 -1.336947e-02 4.033360e-03
      vertex -6.562718e-03 -1.210983e-02 4.164700e-03
    endloop
  endfacet
  facet normal -9.550299e-01 -2.898141e-01 6.265499e-02
    outer loop
      vertex -6.562718e-03 -1.260115e-02 2.281786e-03
      vertex -6.202186e-03 -1.363244e-02 3.006972e-03
      vertex -6.562718e-03 -1.239562e-02 3.232469e-03
    endloop
  endfacet
  facet normal -9.550277e-01 -2.959903e-01 1.766056e-02
    outer loop
      vertex -6.562718e-03 -1.280170e-02 3.348828e-04
      vertex -6.202186e-03 -1.393177e-02 8.912766e-04
      vertex -6.562718e-03 -1.274423e-02 1.298083e-03
    endloop
  endfacet
  facet normal -9.553946e-01 -2.852407e-01 -7.654355e-02
    outer loop
      vertex -6.562718e-03 -1.221632e-02 -3.855103e-03
      vertex -6.202186e-03 -1.346854e-02 -3.688737e-03
      vertex -6.562718e-03 -1.247470e-02 -2.892264e-03
    endloop
  endfacet
  facet normal -9.544519e-01 -2.822215e-01 -9.681205e-02
    outer loop
      vertex -6.562718e-03 -1.201036e-02 -4.455516e-03
      vertex -6.202186e-03 -1.314885e-02 -4.691049e-03
      vertex -6.562718e-03 -1.221632e-02 -3.855103e-03
    endloop
  endfacet
  facet normal -9.553713e-01 -2.642832e-01 -1.319854e-01
    outer loop
      vertex -6.562718e-03 -1.120785e-02 -6.203575e-03
      vertex -6.202186e-03 -1.245396e-02 -6.318099e-03
      vertex -6.562718e-03 -1.163706e-02 -5.344150e-03
    endloop
  endfacet
  facet normal -9.544350e-01 -2.312173e-01 -1.886592e-01
    outer loop
      vertex -6.562718e-03 -9.724064e-03 -8.339239e-03
      vertex -6.202186e-03 -1.070631e-02 -8.959364e-03
      vertex -6.562718e-03 -1.012082e-02 -7.852988e-03
    endloop
  endfacet
  facet normal -9.538099e-01 -2.230458e-01 -2.012391e-01
    outer loop
      vertex -6.562718e-03 -9.292226e-03 -8.817872e-03
      vertex -6.202186e-03 -1.070631e-02 -8.959364e-03
      vertex -6.562718e-03 -9.724064e-03 -8.339239e-03
    endloop
  endfacet
  facet normal -9.550244e-01 -2.064357e-01 -2.128678e-01
    outer loop
      vertex -6.562718e-03 -8.607653e-03 -9.481760e-03
      vertex -6.202186e-03 -9.763577e-03 -9.978278e-03
      vertex -6.562718e-03 -9.292226e-03 -8.817872e-03
    endloop
  endfacet
  facet normal -9.537348e-01 -1.783707e-01 -2.420201e-01
    outer loop
      vertex -6.562718e-03 -7.337718e-03 -1.050039e-02
      vertex -6.202186e-03 -8.705593e-03 -1.091301e-02
      vertex -6.562718e-03 -7.857627e-03 -1.011721e-02
    endloop
  endfacet
  facet normal -9.544181e-01 -1.646645e-01 -2.489412e-01
    outer loop
      vertex -6.562718e-03 -6.792144e-03 -1.086127e-02
      vertex -6.202186e-03 -7.552216e-03 -1.174076e-02
      vertex -6.562718e-03 -7.337718e-03 -1.050039e-02
    endloop
  endfacet
  facet normal -9.534659e-01 -1.489259e-01 -2.621524e-01
    outer loop
      vertex -6.562718e-03 -5.943561e-03 -1.134334e-02
      vertex -6.202186e-03 -7.552216e-03 -1.174076e-02
      vertex -6.562718e-03 -6.792144e-03 -1.086127e-02
    endloop
  endfacet
  facet normal -9.547557e-01 -5.218146e-02 -2.927775e-01
    outer loop
      vertex -6.562718e-03 -1.943215e-03 -1.266192e-02
      vertex -6.202186e-03 -2.615840e-03 -1.371774e-02
      vertex -6.562718e-03 -2.550947e-03 -1.255361e-02
    endloop
  endfacet
  facet normal -9.547544e-01 -3.782052e-02 -2.949809e-01
    outer loop
      vertex -6.562718e-03 -1.313990e-03 -1.274260e-02
      vertex -6.202186e-03 -1.947322e-03 -1.382831e-02
      vertex -6.562718e-03 -1.943215e-03 -1.266192e-02
    endloop
  endfacet
  facet normal -9.549121e-01 2.764343e-02 -2.955988e-01
    outer loop
      vertex -6.562718e-03 1.613435e-03 -1.270440e-02
      vertex -6.202186e-03 9.042202e-04 -1.393540e-02
      vertex -6.562718e-03 6.699553e-04 -1.279263e-02
    endloop
  endfacet
  facet normal -9.548112e-01 4.741245e-02 -2.934069e-01
    outer loop
      vertex -6.562718e-03 2.567441e-03 -1.255024e-02
      vertex -6.202186e-03 1.931025e-03 -1.382633e-02
      vertex -6.562718e-03 1.613435e-03 -1.270440e-02
    endloop
  endfacet
  facet normal -9.547548e-01 1.239265e-01 -2.703433e-01
    outer loop
      vertex -6.562718e-03 5.622180e-03 -1.151049e-02
      vertex -6.202186e-03 5.663061e-03 -1.276502e-02
      vertex -6.562718e-03 5.050808e-03 -1.177241e-02
    endloop
  endfacet
  facet normal -9.549123e-01 1.677540e-01 -2.449513e-01
    outer loop
      vertex -6.562718e-03 7.579540e-03 -1.032253e-02
      vertex -6.202186e-03 7.559528e-03 -1.174172e-02
      vertex -6.562718e-03 6.800762e-03 -1.085587e-02
    endloop
  endfacet
  facet normal -9.553590e-01 2.824716e-01 -8.659624e-02
    outer loop
      vertex -6.562718e-03 1.239562e-02 -3.232469e-03
      vertex -6.202186e-03 1.336947e-02 -4.033360e-03
      vertex -6.562718e-03 1.210983e-02 -4.164700e-03
    endloop
  endfacet
  facet normal -9.550299e-01 2.898141e-01 -6.265499e-02
    outer loop
      vertex -6.562718e-03 1.260115e-02 -2.281786e-03
      vertex -6.202186e-03 1.363244e-02 -3.006972e-03
      vertex -6.562718e-03 1.239562e-02 -3.232469e-03
    endloop
  endfacet
  facet normal -9.550277e-01 2.959903e-01 -1.766056e-02
    outer loop
      vertex -6.562718e-03 1.280170e-02 -3.348828e-04
      vertex -6.202186e-03 1.393177e-02 -8.912766e-04
      vertex -6.562718e-03 1.274423e-02 -1.298083e-03
    endloop
  endfacet
  facet normal -9.553946e-01 2.852407e-01 7.654355e-02
    outer loop
      vertex -6.562718e-03 1.221632e-02 3.855103e-03
      vertex -6.202186e-03 1.346854e-02 3.688737e-03
      vertex -6.562718e-03 1.247470e-02 2.892264e-03
    endloop
  endfacet
  facet normal -9.544519e-01 2.822215e-01 9.681205e-02
    outer loop
      vertex -6.562718e-03 1.201036e-02 4.455516e-03
      vertex -6.202186e-03 1.314885e-02 4.691049e-03
      vertex -6.562718e-03 1.221632e-02 3.855103e-03
    endloop
  endfacet
  facet normal -9.553713e-01 2.642832e-01 1.319854e-01
    outer loop
      vertex -6.562718e-03 1.120785e-02 6.203575e-03
      vertex -6.202186e-03 1.245396e-02 6.318099e-03
      vertex -6.562718e-03 1.163706e-02 5.344150e-03
    endloop
  endfacet
  facet normal -9.544350e-01 2.312173e-01 1.886592e-01
    outer loop
      vertex -6.562718e-03 9.724064e-03 8.339239e-03
      vertex -6.202186e-03 1.070631e-02 8.959364e-03
      vertex -6.562718e-03 1.012082e-02 7.852988e-03
    endloop
  endfacet
  facet normal -9.538099e-01 2.230458e-01 2.012391e-01
    outer loop
      vertex -6.562718e-03 9.292226e-03 8.817872e-03
      vertex -6.202186e-03 1.070631e-02 8.959364e-03
      vertex -6.562718e-03 9.724064e-03 8.339239e-03
    endloop
  endfacet
  facet normal -9.550244e-01 2.064357e-01 2.128678e-01
    outer loop
      vertex -6.562718e-03 8.607653e-03 9.481760e-03
      vertex -6.202186e-03 9.763577e-03 9.978278e-03
      vertex -6.562718e-03 9.292226e-03 8.817872e-03
    endloop
  endfacet
  facet normal -9.537348e-01 1.783707e-01 2.420201e-01
    outer loop
      vertex -6.562718e-03 7.337718e-03 1.050039e-02
      vertex -6.202186e-03 8.705593e-03 1.091301e-02
      vertex -6.562718e-03 7.857627e-03 1.011721e-02
    endloop
  endfacet
  facet normal -9.544181e-01 1.646645e-01 2.489412e-01
    outer loop
      vertex -6.562718e-03 6.792144e-03 1.086127e-02
      vertex -6.202186e-03 7.552216e-03 1.174076e-02
      vertex -6.562718e-03 7.337718e-03 1.050039e-02
    endloop
  endfacet
  facet normal -9.534659e-01 1.489259e-01 2.621524e-01
    outer loop
      vertex -6.562718e-03 5.943561e-03 1.134334e-02
      vertex -6.202186e-03 7.552216e-03 1.174076e-02
      vertex -6.562718e-03 6.792144e-03 1.086127e-02
    endloop
  endfacet
  facet normal -9.547557e-01 5.218146e-02 2.927775e-01
    outer loop
      vertex -6.562718e-03 1.943215e-03 1.266192e-02
      vertex -6.202186e-03 2.615840e-03 1.371774e-02
      vertex -6.562718e-03 2.550947e-03 1.255361e-02
    endloop
  endfacet
  facet normal -9.547544e-01 3.782052e-02 2.949809e-01
    outer loop
      vertex -6.562718e-03 1.313990e-03 1.274260e-02
      vertex -6.202186e-03 1.947322e-03 1.382831e-02
      vertex -6.562718e-03 1.943215e-03 1.266192e-02
    endloop
  endfacet
  facet normal -9.334795e-01 -2.696551e-01 2.364363e-01
    outer loop
      vertex -6.987973e-03 -8.663353e-03 7.853635e-03
      vertex -6.562718e-03 -9.913549e-03 8.106747e-03
      vertex -6.562718e-03 -9.264382e-03 8.847120e-03
    endloop
  endfacet
  facet normal -9.329406e-01 -3.519005e-01 7.607746e-02
    outer loop
      vertex -6.987973e-03 -1.145372e-02 2.374365e-03
      vertex -6.562718e-03 -1.260115e-02 2.281786e-03
      vertex -6.562718e-03 -1.239562e-02 3.232469e-03
    endloop
  endfacet
  facet normal -9.323372e-01 -3.614789e-01 -8.964848e-03
    outer loop
      vertex -6.987973e-03 -1.168153e-02 -6.059401e-04
      vertex -6.562718e-03 -1.276922e-02 -9.747022e-04
      vertex -6.562718e-03 -1.280170e-02 3.348828e-04
    endloop
  endfacet
  facet normal -9.340220e-01 -3.550214e-01 -3.953028e-02
    outer loop
      vertex -6.987973e-03 -1.156008e-02 -1.786016e-03
      vertex -6.562718e-03 -1.265996e-02 -1.955945e-03
      vertex -6.562718e-03 -1.276922e-02 -9.747022e-04
    endloop
  endfacet
  facet normal -9.322036e-01 -3.562669e-01 -6.379925e-02
    outer loop
      vertex -6.987973e-03 -1.146148e-02 -2.336608e-03
      vertex -6.562718e-03 -1.247470e-02 -2.892264e-03
      vertex -6.987973e-03 -1.156008e-02 -1.786016e-03
    endloop
  endfacet
  facet normal -9.340914e-01 -2.650868e-01 -2.391699e-01
    outer loop
      vertex -6.987973e-03 -8.484932e-03 -8.051789e-03
      vertex -6.562718e-03 -9.292226e-03 -8.817872e-03
      vertex -6.562718e-03 -9.724064e-03 -8.339239e-03
    endloop
  endfacet
  facet normal -9.334795e-01 2.696551e-01 -2.364363e-01
    outer loop
      vertex -6.987973e-03 8.663353e-03 -7.853635e-03
      vertex -6.562718e-03 9.913549e-03 -8.106747e-03
      vertex -6.562718e-03 9.264382e-03 -8.847120e-03
    endloop
  endfacet
  facet normal -9.329406e-01 3.519005e-01 -7.607746e-02
    outer loop
      vertex -6.987973e-03 1.145372e-02 -2.374365e-03
      vertex -6.562718e-03 1.260115e-02 -2.281786e-03
      vertex -6.562718e-03 1.239562e-02 -3.232469e-03
    endloop
  endfacet
  facet normal -9.323372e-01 3.614789e-01 8.964848e-03
    outer loop
      vertex -6.987973e-03 1.168153e-02 6.059401e-04
      vertex -6.562718e-03 1.276922e-02 9.747022e-04
      vertex -6.562718e-03 1.280170e-02 -3.348828e-04
    endloop
  endfacet
  facet normal -9.340220e-01 3.550214e-01 3.953028e-02
    outer loop
      vertex -6.987973e-03 1.156008e-02 1.786016e-03
      vertex -6.562718e-03 1.265996e-02 1.955945e-03
      vertex -6.562718e-03 1.276922e-02 9.747022e-04
    endloop
  endfacet
  facet normal -9.322036e-01 3.562669e-01 6.379925e-02
    outer loop
      vertex -6.987973e-03 1.146148e-02 2.336608e-03
      vertex -6.562718e-03 1.247470e-02 2.892264e-03
      vertex -6.987973e-03 1.156008e-02 1.786016e-03
    endloop
  endfacet
  facet normal -9.340914e-01 2.650868e-01 2.391699e-01
    outer loop
      vertex -6.987973e-03 8.484932e-03 8.051789e-03
      vertex -6.562718e-03 9.292226e-03 8.817872e-03
      vertex -6.562718e-03 9.724064e-03 8.339239e-03
    endloop
  endfacet
  facet normal -9.085926e-01 -2.388036e-01 3.426839e-01
    outer loop
      vertex -7.494265e-03 -6.264855e-03 8.532068e-03
      vertex -6.987973e-03 -7.149448e-03 9.258012e-03
      vertex -6.987973e-03 -6.209922e-03 9.912732e-03
    endloop
  endfacet
  facet normal -9.078953e-01 -3.848735e-01 1.661281e-01
    outer loop
      vertex -7.494265e-03 -9.696655e-03 4.246821e-03
      vertex -6.987973e-03 -1.096035e-02 4.086074e-03
      vertex -6.987973e-03 -1.049107e-02 5.173291e-03
    endloop
  endfacet
  facet normal -9.103372e-01 -3.842705e-01 1.536960e-01
    outer loop
      vertex -7.494265e-03 -9.966827e-03 3.571337e-03
      vertex -6.987973e-03 -1.096035e-02 4.086074e-03
      vertex -7.494265e-03 -9.696655e-03 4.246821e-03
    endloop
  endfacet
  facet normal -9.091177e-01 -4.148857e-01 -3.707838e-02
    outer loop
      vertex -7.494265e-03 -1.051889e-02 -1.201609e-03
      vertex -6.987973e-03 -1.168153e-02 -6.059401e-04
      vertex -7.494265e-03 -1.056575e-02 -6.772438e-04
    endloop
  endfacet
  facet normal -9.077540e-01 -4.172988e-01 -4.294733e-02
    outer loop
      vertex -7.494265e-03 -1.051889e-02 -1.201609e-03
      vertex -6.987973e-03 -1.156008e-02 -1.786016e-03
      vertex -6.987973e-03 -1.168153e-02 -6.059401e-04
    endloop
  endfacet
  facet normal -9.098879e-01 -3.951231e-01 -1.264194e-01
    outer loop
      vertex -7.494265e-03 -9.948133e-03 -3.619224e-03
      vertex -6.987973e-03 -1.123767e-02 -3.232773e-03
      vertex -7.494265e-03 -1.021123e-02 -2.796908e-03
    endloop
  endfacet
  facet normal -9.102934e-01 -3.842317e-01 -1.540513e-01
    outer loop
      vertex -7.494265e-03 -9.679728e-03 -4.288677e-03
      vertex -6.987973e-03 -1.086229e-02 -4.330852e-03
      vertex -7.494265e-03 -9.948133e-03 -3.619224e-03
    endloop
  endfacet
  facet normal -9.083003e-01 -3.828615e-01 -1.685454e-01
    outer loop
      vertex -7.494265e-03 -9.679728e-03 -4.288677e-03
      vertex -6.987973e-03 -1.049444e-02 -5.166442e-03
      vertex -6.987973e-03 -1.086229e-02 -4.330852e-03
    endloop
  endfacet
  facet normal -9.089108e-01 -3.523128e-01 -2.230625e-01
    outer loop
      vertex -7.494265e-03 -8.848959e-03 -5.807908e-03
      vertex -6.987973e-03 -9.610332e-03 -6.668351e-03
      vertex -6.987973e-03 -1.008771e-02 -5.914368e-03
    endloop
  endfacet
  facet normal -9.119423e-01 -3.090769e-01 -2.698754e-01
    outer loop
      vertex -7.494265e-03 -7.496642e-03 -7.472813e-03
      vertex -6.987973e-03 -8.484932e-03 -8.051789e-03
      vertex -6.987973e-03 -9.060394e-03 -7.392736e-03
    endloop
  endfacet
  facet normal -9.089244e-01 -2.902794e-01 -2.993230e-01
    outer loop
      vertex -7.494265e-03 -7.496642e-03 -7.472813e-03
      vertex -6.987973e-03 -7.859834e-03 -8.658001e-03
      vertex -6.987973e-03 -8.484932e-03 -8.051789e-03
    endloop
  endfacet
  facet normal -9.120570e-01 -2.650757e-01 -3.128689e-01
    outer loop
      vertex -7.494265e-03 -6.279843e-03 -8.520723e-03
      vertex -6.987973e-03 -7.174969e-03 -9.238247e-03
      vertex -6.987973e-03 -7.859834e-03 -8.658001e-03
    endloop
  endfacet
  facet normal -9.088987e-01 -2.416483e-01 -3.398665e-01
    outer loop
      vertex -7.494265e-03 -6.279843e-03 -8.520723e-03
      vertex -6.987973e-03 -6.451141e-03 -9.752895e-03
      vertex -6.987973e-03 -7.174969e-03 -9.238247e-03
    endloop
  endfacet
  facet normal -9.075013e-01 -1.758798e-01 -3.814547e-01
    outer loop
      vertex -7.494265e-03 -4.677546e-03 -9.498997e-03
      vertex -6.987973e-03 -4.356732e-03 -1.085141e-02
      vertex -6.987973e-03 -5.427194e-03 -1.035785e-02
    endloop
  endfacet
  facet normal -9.085926e-01 2.388036e-01 -3.426839e-01
    outer loop
      vertex -7.494265e-03 6.264855e-03 -8.532068e-03
      vertex -6.987973e-03 7.149448e-03 -9.258012e-03
      vertex -6.987973e-03 6.209922e-03 -9.912732e-03
    endloop
  endfacet
  facet normal -9.078953e-01 3.848735e-01 -1.661281e-01
    outer loop
      vertex -7.494265e-03 9.696655e-03 -4.246821e-03
      vertex -6.987973e-03 1.096035e-02 -4.086074e-03
      vertex -6.987973e-03 1.049107e-02 -5.173291e-03
    endloop
  endfacet
  facet normal -9.103372e-01 3.842705e-01 -1.536960e-01
    outer loop
      vertex -7.494265e-03 9.966827e-03 -3.571337e-03
      vertex -6.987973e-03 1.096035e-02 -4.086074e-03
      vertex -7.494265e-03 9.696655e-03 -4.246821e-03
    endloop
  endfacet
  facet normal -9.091177e-01 4.148857e-01 3.707838e-02
    outer loop
      vertex -7.494265e-03 1.051889e-02 1.201609e-03
      vertex -6.987973e-03 1.168153e-02 6.059401e-04
      vertex -7.494265e-03 1.056575e-02 6.772438e-04
    endloop
  endfacet
  facet normal -9.077540e-01 4.172988e-01 4.294733e-02
    outer loop
      vertex -7.494265e-03 1.051889e-02 1.201609e-03
      vertex -6.987973e-03 1.156008e-02 1.786016e-03
      vertex -6.987973e-03 1.168153e-02 6.059401e-04
    endloop
  endfacet
  facet normal -9.098879e-01 3.951231e-01 1.264194e-01
    outer loop
      vertex -7.494265e-03 9.948133e-03 3.619224e-03
      vertex -6.987973e-03 1.123767e-02 3.232773e-03
      vertex -7.494265e-03 1.021123e-02 2.796908e-03
    endloop
  endfacet
  facet normal -9.102934e-01 3.842317e-01 1.540513e-01
    outer loop
      vertex -7.494265e-03 9.679728e-03 4.288677e-03
      vertex -6.987973e-03 1.086229e-02 4.330852e-03
      vertex -7.494265e-03 9.948133e-03 3.619224e-03
    endloop
  endfacet
  facet normal -9.083003e-01 3.828615e-01 1.685454e-01
    outer loop
      vertex -7.494265e-03 9.679728e-03 4.288677e-03
      vertex -6.987973e-03 1.049444e-02 5.166442e-03
      vertex -6.987973e-03 1.086229e-02 4.330852e-03
    endloop
  endfacet
  facet normal -9.089108e-01 3.523128e-01 2.230625e-01
    outer loop
      vertex -7.494265e-03 8.848959e-03 5.807908e-03
      vertex -6.987973e-03 9.610332e-03 6.668351e-03
      vertex -6.987973e-03 1.008771e-02 5.914368e-03
    endloop
  endfacet
  facet normal -9.119423e-01 3.090769e-01 2.698754e-01
    outer loop
      vertex -7.494265e-03 7.496642e-03 7.472813e-03
      vertex -6.987973e-03 8.484932e-03 8.051789e-03
      vertex -6.987973e-03 9.060394e-03 7.392736e-03
    endloop
  endfacet
  facet normal -9.089244e-01 2.902794e-01 2.993230e-01
    outer loop
      vertex -7.494265e-03 7.496642e-03 7.472813e-03
      vertex -6.987973e-03 7.859834e-03 8.658001e-03
      vertex -6.987973e-03 8.484932e-03 8.051789e-03
    endloop
  endfacet
  facet normal -9.120570e-01 2.650757e-01 3.128689e-01
    outer loop
      vertex -7.494265e-03 6.279843e-03 8.520723e-03
      vertex -6.987973e-03 7.174969e-03 9.238247e-03
      vertex -6.987973e-03 7.859834e-03 8.658001e-03
    endloop
  endfacet
  facet normal -9.088987e-01 2.416483e-01 3.398665e-01
    outer loop
      vertex -7.494265e-03 6.279843e-03 8.520723e-03
      vertex -6.987973e-03 6.451141e-03 9.752895e-03
      vertex -6.987973e-03 7.174969e-03 9.238247e-03
    endloop
  endfacet
  facet normal -9.075013e-01 1.758798e-01 3.814547e-01
    outer loop
      vertex -7.494265e-03 4.677546e-03 9.498997e-03
      vertex -6.987973e-03 4.356732e-03 1.085141e-02
      vertex -6.987973e-03 5.427194e-03 1.035785e-02
    endloop
  endfacet
  facet normal -8.886370e-01 -4.258146e-01 1.703124e-01
    outer loop
      vertex -7.494265e-03 -9.696655e-03 4.246821e-03
      vertex -7.771222e-03 -9.333059e-03 3.710804e-03
      vertex -7.494265e-03 -9.966827e-03 3.571337e-03
    endloop
  endfacet
  facet normal -8.841113e-01 -4.477631e-01 1.336241e-01
    outer loop
      vertex -7.494265e-03 -1.026484e-02 2.572712e-03
      vertex -7.494265e-03 -9.966827e-03 3.571337e-03
      vertex -7.771222e-03 -9.692249e-03 2.658962e-03
    endloop
  endfacet
  facet normal -8.946775e-01 -4.227435e-01 1.443611e-01
    outer loop
      vertex -7.771222e-03 -9.692249e-03 2.658962e-03
      vertex -7.494265e-03 -9.966827e-03 3.571337e-03
      vertex -7.771222e-03 -9.333059e-03 3.710804e-03
    endloop
  endfacet
  facet normal -8.844887e-01 -4.566383e-01 9.571448e-02
    outer loop
      vertex -7.771222e-03 -9.866098e-03 1.915719e-03
      vertex -7.494265e-03 -1.045065e-02 1.686278e-03
      vertex -7.494265e-03 -1.026484e-02 2.572712e-03
    endloop
  endfacet
  facet normal -8.850538e-01 -4.624025e-01 5.351319e-02
    outer loop
      vertex -7.494265e-03 -1.055986e-02 7.425637e-04
      vertex -7.494265e-03 -1.045065e-02 1.686278e-03
      vertex -7.771222e-03 -9.975149e-03 1.214401e-03
    endloop
  endfacet
  facet normal -8.799217e-01 -4.751146e-01 1.970953e-03
    outer loop
      vertex -7.771222e-03 -1.004945e-02 1.359035e-04
      vertex -7.494265e-03 -1.056575e-02 -6.772438e-04
      vertex -7.494265e-03 -1.055986e-02 7.425637e-04
    endloop
  endfacet
  facet normal -8.819124e-01 -4.666342e-01 -6.695549e-02
    outer loop
      vertex -7.927739e-03 -9.610919e-03 -1.745183e-03
      vertex -7.494265e-03 -1.039395e-02 -1.997576e-03
      vertex -7.963383e-03 -9.654648e-03 -9.709323e-04
    endloop
  endfacet
  facet normal -8.858630e-01 -4.522816e-01 -1.033832e-01
    outer loop
      vertex -7.494265e-03 -1.021123e-02 -2.796908e-03
      vertex -7.494265e-03 -1.039395e-02 -1.997576e-03
      vertex -7.771222e-03 -9.759331e-03 -2.400719e-03
    endloop
  endfacet
  facet normal -8.841185e-01 -4.545675e-01 -1.081801e-01
    outer loop
      vertex -7.771222e-03 -9.759331e-03 -2.400719e-03
      vertex -7.494265e-03 -1.039395e-02 -1.997576e-03
      vertex -7.927739e-03 -9.610919e-03 -1.745183e-03
    endloop
  endfacet
  facet normal -8.834752e-01 -4.461962e-01 -1.427603e-01
    outer loop
      vertex -7.494265e-03 -1.021123e-02 -2.796908e-03
      vertex -7.887648e-03 -9.283974e-03 -3.260588e-03
      vertex -7.494265e-03 -9.948133e-03 -3.619224e-03
    endloop
  endfacet
  facet normal -8.903136e-01 -4.387058e-01 -1.219794e-01
    outer loop
      vertex -7.494265e-03 -1.021123e-02 -2.796908e-03
      vertex -7.771222e-03 -9.759331e-03 -2.400719e-03
      vertex -7.887648e-03 -9.283974e-03 -3.260588e-03
    endloop
  endfacet
  facet normal -8.857937e-01 -4.287341e-01 -1.776415e-01
    outer loop
      vertex -7.771222e-03 -9.211862e-03 -4.015177e-03
      vertex -7.494265e-03 -9.948133e-03 -3.619224e-03
      vertex -7.887648e-03 -9.283974e-03 -3.260588e-03
    endloop
  endfacet
  facet normal -8.886327e-01 -4.121991e-01 -2.010567e-01
    outer loop
      vertex -7.494265e-03 -9.352781e-03 -4.958970e-03
      vertex -7.494265e-03 -9.679728e-03 -4.288677e-03
      vertex -7.771222e-03 -8.878393e-03 -4.707443e-03
    endloop
  endfacet
  facet normal -8.898645e-01 -4.110234e-01 -1.979921e-01
    outer loop
      vertex -7.771222e-03 -8.878393e-03 -4.707443e-03
      vertex -7.494265e-03 -9.679728e-03 -4.288677e-03
      vertex -7.771222e-03 -9.211862e-03 -4.015177e-03
    endloop
  endfacet
  facet normal -8.886031e-01 4.129530e-01 -1.996354e-01
    outer loop
      vertex -7.771222e-03 8.874388e-03 -4.714937e-03
      vertex -7.494265e-03 9.696655e-03 -4.246821e-03
      vertex -7.494265e-03 9.348562e-03 -4.966864e-03
    endloop
  endfacet
  facet normal -8.853429e-01 4.316893e-01 -1.726621e-01
    outer loop
      vertex -7.494265e-03 9.696655e-03 -4.246821e-03
      vertex -7.844385e-03 9.231542e-03 -3.614417e-03
      vertex -7.494265e-03 9.966827e-03 -3.571337e-03
    endloop
  endfacet
  facet normal -8.841113e-01 4.477631e-01 -1.336241e-01
    outer loop
      vertex -7.494265e-03 1.026484e-02 -2.572712e-03
      vertex -7.494265e-03 9.966827e-03 -3.571337e-03
      vertex -7.771222e-03 9.692249e-03 -2.658962e-03
    endloop
  endfacet
  facet normal -8.907265e-01 4.323549e-01 -1.402692e-01
    outer loop
      vertex -7.771222e-03 9.692249e-03 -2.658962e-03
      vertex -7.494265e-03 9.966827e-03 -3.571337e-03
      vertex -7.844385e-03 9.231542e-03 -3.614417e-03
    endloop
  endfacet
  facet normal -8.844887e-01 4.566383e-01 -9.571448e-02
    outer loop
      vertex -7.771222e-03 9.866098e-03 -1.915719e-03
      vertex -7.494265e-03 1.045065e-02 -1.686278e-03
      vertex -7.494265e-03 1.026484e-02 -2.572712e-03
    endloop
  endfacet
  facet normal -8.809484e-01 4.700750e-01 -5.440112e-02
    outer loop
      vertex -7.494265e-03 1.055986e-02 -7.425637e-04
      vertex -7.494265e-03 1.045065e-02 -1.686278e-03
      vertex -7.938172e-03 9.681943e-03 -1.140114e-03
    endloop
  endfacet
  facet normal -8.832457e-01 4.689064e-01 -1.945199e-03
    outer loop
      vertex -7.771222e-03 1.003964e-02 -3.890769e-04
      vertex -7.494265e-03 1.056575e-02 6.772438e-04
      vertex -7.494265e-03 1.055986e-02 -7.425637e-04
    endloop
  endfacet
  facet normal -8.858191e-01 4.614817e-01 4.857087e-02
    outer loop
      vertex -7.771222e-03 9.985353e-03 1.140662e-03
      vertex -7.494265e-03 1.056575e-02 6.772438e-04
      vertex -7.917623e-03 9.773062e-03 4.876690e-04
    endloop
  endfacet
  facet normal -8.942827e-01 4.404725e-01 7.900940e-02
    outer loop
      vertex -7.771222e-03 9.759331e-03 2.400719e-03
      vertex -7.494265e-03 1.039395e-02 1.997576e-03
      vertex -7.771222e-03 9.985353e-03 1.140662e-03
    endloop
  endfacet
  facet normal -8.858630e-01 4.522816e-01 1.033832e-01
    outer loop
      vertex -7.494265e-03 1.021123e-02 2.796908e-03
      vertex -7.494265e-03 1.039395e-02 1.997576e-03
      vertex -7.771222e-03 9.759331e-03 2.400719e-03
    endloop
  endfacet
  facet normal -8.866358e-01 4.404725e-01 1.409290e-01
    outer loop
      vertex -7.494265e-03 1.021123e-02 2.796908e-03
      vertex -7.771222e-03 9.543827e-03 3.140440e-03
      vertex -7.494265e-03 9.948133e-03 3.619224e-03
    endloop
  endfacet
  facet normal -8.913843e-01 4.351576e-01 1.267750e-01
    outer loop
      vertex -7.494265e-03 1.021123e-02 2.796908e-03
      vertex -7.771222e-03 9.759331e-03 2.400719e-03
      vertex -7.771222e-03 9.543827e-03 3.140440e-03
    endloop
  endfacet
  facet normal -8.924523e-01 4.217894e-01 1.600704e-01
    outer loop
      vertex -7.771222e-03 9.211862e-03 4.015177e-03
      vertex -7.494265e-03 9.948133e-03 3.619224e-03
      vertex -7.771222e-03 9.543827e-03 3.140440e-03
    endloop
  endfacet
  facet normal -8.886327e-01 4.121991e-01 2.010567e-01
    outer loop
      vertex -7.494265e-03 9.352781e-03 4.958970e-03
      vertex -7.494265e-03 9.679728e-03 4.288677e-03
      vertex -7.771222e-03 8.878393e-03 4.707443e-03
    endloop
  endfacet
  facet normal -8.898645e-01 4.110234e-01 1.979921e-01
    outer loop
      vertex -7.771222e-03 8.878393e-03 4.707443e-03
      vertex -7.494265e-03 9.679728e-03 4.288677e-03
      vertex -7.771222e-03 9.211862e-03 4.015177e-03
    endloop
  endfacet
  facet normal -9.993585e-01 3.579805e-02 -1.050584e-03
    outer loop
      vertex -5.515462e-03 1.866290e-02 5.166213e-04
      vertex -5.515462e-03 1.860438e-02 -1.477392e-03
      vertex -5.536007e-03 1.808085e-02 2.271644e-04
    endloop
  endfacet
  facet normal -9.993469e-01 3.612326e-02 -9.505624e-04
    outer loop
      vertex -5.515462e-03 1.860438e-02 -1.477392e-03
      vertex -5.536007e-03 1.804149e-02 -1.268668e-03
      vertex -5.536007e-03 1.808085e-02 2.271644e-04
    endloop
  endfacet
  facet normal -9.993240e-01 3.640850e-02 -5.089057e-03
    outer loop
      vertex -5.536007e-03 1.782078e-02 -3.049100e-03
      vertex -5.515462e-03 1.860438e-02 -1.477392e-03
      vertex -5.515462e-03 1.827315e-02 -3.847103e-03
    endloop
  endfacet
  facet normal -9.994143e-01 3.325250e-02 -8.078518e-03
    outer loop
      vertex -5.515462e-03 1.827315e-02 -3.847103e-03
      vertex -5.515462e-03 1.797268e-02 -5.083888e-03
      vertex -5.536007e-03 1.734778e-02 -5.114398e-03
    endloop
  endfacet
  facet normal -9.993832e-01 3.338826e-02 -1.088012e-02
    outer loop
      vertex -5.536007e-03 1.734778e-02 -5.114398e-03
      vertex -5.515462e-03 1.797268e-02 -5.083888e-03
      vertex -5.515462e-03 1.752875e-02 -6.446187e-03
    endloop
  endfacet
  facet normal -9.993849e-01 3.248411e-02 -1.321691e-02
    outer loop
      vertex -5.515462e-03 1.752875e-02 -6.446187e-03
      vertex -5.515462e-03 1.703545e-02 -7.658607e-03
      vertex -5.536007e-03 1.686695e-02 -6.519242e-03
    endloop
  endfacet
  facet normal -9.993673e-01 3.183232e-02 -1.586275e-02
    outer loop
      vertex -5.515462e-03 1.703545e-02 -7.658607e-03
      vertex -5.515462e-03 1.640462e-02 -8.924498e-03
      vertex -5.536007e-03 1.632619e-02 -7.787533e-03
    endloop
  endfacet
  facet normal -9.994566e-01 2.877763e-02 -1.607509e-02
    outer loop
      vertex -5.536007e-03 1.532958e-02 -9.571672e-03
      vertex -5.536007e-03 1.632619e-02 -7.787533e-03
      vertex -5.515462e-03 1.640462e-02 -8.924498e-03
    endloop
  endfacet
  facet normal -9.992457e-01 3.218027e-02 -2.173402e-02
    outer loop
      vertex -5.536007e-03 1.532958e-02 -9.571672e-03
      vertex -5.515462e-03 1.640462e-02 -8.924498e-03
      vertex -5.510904e-03 1.576477e-02 -1.008146e-02
    endloop
  endfacet
  facet normal -9.992273e-01 3.343241e-02 -2.066420e-02
    outer loop
      vertex -5.536007e-03 1.532958e-02 -9.571672e-03
      vertex -5.510904e-03 1.576477e-02 -1.008146e-02
      vertex -5.515462e-03 1.494987e-02 -1.117946e-02
    endloop
  endfacet
  facet normal -9.993584e-01 2.769237e-02 -2.271344e-02
    outer loop
      vertex -5.536007e-03 1.424779e-02 -1.113149e-02
      vertex -5.515462e-03 1.494987e-02 -1.117946e-02
      vertex -5.515462e-03 1.382171e-02 -1.255492e-02
    endloop
  endfacet
  facet normal -9.993653e-01 2.539762e-02 -2.497940e-02
    outer loop
      vertex -5.536007e-03 1.324184e-02 -1.232255e-02
      vertex -5.515462e-03 1.382171e-02 -1.255492e-02
      vertex -5.515462e-03 1.282057e-02 -1.357283e-02
    endloop
  endfacet
  facet normal -9.993369e-01 2.180142e-02 -2.916322e-02
    outer loop
      vertex -5.515462e-03 1.282057e-02 -1.357283e-02
      vertex -5.510904e-03 1.212156e-02 -1.425158e-02
      vertex -5.536007e-03 1.228893e-02 -1.326624e-02
    endloop
  endfacet
  facet normal -9.992315e-01 2.547892e-02 -2.978522e-02
    outer loop
      vertex -5.536007e-03 1.115836e-02 -1.423336e-02
      vertex -5.536007e-03 1.228893e-02 -1.326624e-02
      vertex -5.510904e-03 1.212156e-02 -1.425158e-02
    endloop
  endfacet
  facet normal -9.992331e-01 2.547995e-02 -2.973277e-02
    outer loop
      vertex -5.510904e-03 1.212156e-02 -1.425158e-02
      vertex -5.515462e-03 1.078573e-02 -1.524315e-02
      vertex -5.536007e-03 1.115836e-02 -1.423336e-02
    endloop
  endfacet
  facet normal -9.993662e-01 1.901544e-02 -3.009222e-02
    outer loop
      vertex -5.536007e-03 9.551105e-03 -1.534101e-02
      vertex -5.515462e-03 1.078573e-02 -1.524315e-02
      vertex -5.515462e-03 9.252532e-03 -1.621198e-02
    endloop
  endfacet
  facet normal -9.992879e-01 1.654359e-02 -3.391153e-02
    outer loop
      vertex -5.536007e-03 7.636590e-03 -1.639491e-02
      vertex -5.515462e-03 9.252532e-03 -1.621198e-02
      vertex -5.515462e-03 7.015470e-03 -1.730333e-02
    endloop
  endfacet
  facet normal -9.993612e-01 1.202657e-02 -3.365459e-02
    outer loop
      vertex -5.515462e-03 7.015470e-03 -1.730333e-02
      vertex -5.515462e-03 5.441865e-03 -1.786566e-02
      vertex -5.536007e-03 6.205034e-03 -1.698286e-02
    endloop
  endfacet
  facet normal -9.993522e-01 8.758051e-03 -3.490759e-02
    outer loop
      vertex -5.515462e-03 5.441865e-03 -1.786566e-02
      vertex -5.515462e-03 3.788557e-03 -1.828046e-02
      vertex -5.536007e-03 4.284102e-03 -1.756796e-02
    endloop
  endfacet
  facet normal -9.994229e-01 6.503126e-03 -3.334132e-02
    outer loop
      vertex -5.515462e-03 3.788557e-03 -1.828046e-02
      vertex -5.536007e-03 2.666846e-03 -1.788340e-02
      vertex -5.536007e-03 4.284102e-03 -1.756796e-02
    endloop
  endfacet
  facet normal -9.993386e-01 5.583733e-03 -3.593428e-02
    outer loop
      vertex -5.515462e-03 3.788557e-03 -1.828046e-02
      vertex -5.515462e-03 1.820465e-03 -1.858628e-02
      vertex -5.536007e-03 2.666846e-03 -1.788340e-02
    endloop
  endfacet
  facet normal -9.994231e-01 3.770939e-03 -3.375385e-02
    outer loop
      vertex -5.536007e-03 1.168677e-03 -1.805077e-02
      vertex -5.536007e-03 2.666846e-03 -1.788340e-02
      vertex -5.515462e-03 1.820465e-03 -1.858628e-02
    endloop
  endfacet
  facet normal -9.993529e-01 1.993308e-03 -3.591480e-02
    outer loop
      vertex -5.536007e-03 1.168677e-03 -1.805077e-02
      vertex -5.515462e-03 1.820465e-03 -1.858628e-02
      vertex -5.515462e-03 3.903919e-04 -1.866565e-02
    endloop
  endfacet
  facet normal -9.993871e-01 -3.260033e-04 -3.500593e-02
    outer loop
      vertex -5.515462e-03 3.903919e-04 -1.866565e-02
      vertex -5.515462e-03 -8.708239e-04 -1.865390e-02
      vertex -5.536007e-03 -5.903575e-04 -1.806997e-02
    endloop
  endfacet
  facet normal -9.994197e-01 -2.480679e-03 -3.397217e-02
    outer loop
      vertex -5.515462e-03 -8.708239e-04 -1.865390e-02
      vertex -5.536007e-03 -2.187736e-03 -1.795333e-02
      vertex -5.536007e-03 -5.903575e-04 -1.806997e-02
    endloop
  endfacet
  facet normal -9.992796e-01 -4.460266e-03 -3.768923e-02
    outer loop
      vertex -5.536007e-03 -2.187736e-03 -1.795333e-02
      vertex -5.515462e-03 -8.708239e-04 -1.865390e-02
      vertex -5.513184e-03 -2.442307e-03 -1.852835e-02
    endloop
  endfacet
  facet normal -9.993003e-01 -6.324952e-03 -3.686451e-02
    outer loop
      vertex -5.536007e-03 -3.842966e-03 -1.766934e-02
      vertex -5.536007e-03 -2.187736e-03 -1.795333e-02
      vertex -5.513184e-03 -2.442307e-03 -1.852835e-02
    endloop
  endfacet
  facet normal -9.993614e-01 -5.380075e-03 -3.532546e-02
    outer loop
      vertex -5.536007e-03 -3.842966e-03 -1.766934e-02
      vertex -5.513184e-03 -2.442307e-03 -1.852835e-02
      vertex -5.515462e-03 -4.201592e-03 -1.819594e-02
    endloop
  endfacet
  facet normal -9.993758e-01 -9.341354e-03 -3.406833e-02
    outer loop
      vertex -5.536007e-03 -5.293267e-03 -1.729393e-02
      vertex -5.515462e-03 -4.201592e-03 -1.819594e-02
      vertex -5.515462e-03 -5.743876e-03 -1.777305e-02
    endloop
  endfacet
  facet normal -9.993659e-01 -1.258806e-02 -3.330557e-02
    outer loop
      vertex -5.515462e-03 -5.743876e-03 -1.777305e-02
      vertex -5.515462e-03 -7.304321e-03 -1.718327e-02
      vertex -5.536007e-03 -6.845686e-03 -1.674014e-02
    endloop
  endfacet
  facet normal -9.993226e-01 -1.622514e-02 -3.303275e-02
    outer loop
      vertex -5.515462e-03 -7.304321e-03 -1.718327e-02
      vertex -5.515462e-03 -9.106920e-03 -1.629787e-02
      vertex -5.536007e-03 -8.089403e-03 -1.617612e-02
    endloop
  endfacet
  facet normal -9.993534e-01 -1.898332e-02 -3.053705e-02
    outer loop
      vertex -5.536007e-03 -9.731263e-03 -1.523739e-02
      vertex -5.515462e-03 -9.106920e-03 -1.629787e-02
      vertex -5.515462e-03 -1.064785e-02 -1.533995e-02
    endloop
  endfacet
  facet normal -9.994032e-01 -2.089338e-02 -2.750961e-02
    outer loop
      vertex -5.536007e-03 -1.149535e-02 -1.394989e-02
      vertex -5.515462e-03 -1.064785e-02 -1.533995e-02
      vertex -5.515462e-03 -1.189843e-02 -1.439014e-02
    endloop
  endfacet
  facet normal -9.994079e-01 -2.379687e-02 -2.485147e-02
    outer loop
      vertex -5.515462e-03 -1.189843e-02 -1.439014e-02
      vertex -5.513184e-03 -1.316772e-02 -1.326636e-02
      vertex -5.536007e-03 -1.149535e-02 -1.394989e-02
    endloop
  endfacet
  facet normal -9.992752e-01 -2.843188e-02 -2.531287e-02
    outer loop
      vertex -5.536007e-03 -1.419024e-02 -1.120338e-02
      vertex -5.510904e-03 -1.404331e-02 -1.235941e-02
      vertex -5.515462e-03 -1.508044e-02 -1.101455e-02
    endloop
  endfacet
  facet normal -9.994764e-01 -2.688600e-02 -1.800342e-02
    outer loop
      vertex -5.536007e-03 -1.419024e-02 -1.120338e-02
      vertex -5.515462e-03 -1.508044e-02 -1.101455e-02
      vertex -5.515462e-03 -1.588552e-02 -9.812250e-03
    endloop
  endfacet
  facet normal -9.993718e-01 -3.106876e-02 -1.704875e-02
    outer loop
      vertex -5.536007e-03 -1.548220e-02 -9.342913e-03
      vertex -5.515462e-03 -1.588552e-02 -9.812250e-03
      vertex -5.515462e-03 -1.680147e-02 -8.143072e-03
    endloop
  endfacet
  facet normal -9.993810e-01 -3.223635e-02 -1.408907e-02
    outer loop
      vertex -5.515462e-03 -1.680147e-02 -8.143072e-03
      vertex -5.536007e-03 -1.684026e-02 -6.596986e-03
      vertex -5.536007e-03 -1.628494e-02 -7.867591e-03
    endloop
  endfacet
  facet normal -9.991995e-01 -3.739380e-02 -1.421607e-02
    outer loop
      vertex -5.515462e-03 -1.680147e-02 -8.143072e-03
      vertex -5.510904e-03 -1.760039e-02 -6.361975e-03
      vertex -5.536007e-03 -1.684026e-02 -6.596986e-03
    endloop
  endfacet
  facet normal -9.993155e-01 -3.453279e-02 -1.326709e-02
    outer loop
      vertex -5.536007e-03 -1.731349e-02 -5.217910e-03
      vertex -5.510904e-03 -1.760039e-02 -6.361975e-03
      vertex -5.515462e-03 -1.799210e-02 -4.999072e-03
    endloop
  endfacet
  facet normal -9.993597e-01 -3.482181e-02 -8.224029e-03
    outer loop
      vertex -5.536007e-03 -1.767384e-02 -3.850050e-03
      vertex -5.515462e-03 -1.799210e-02 -4.999072e-03
      vertex -5.515462e-03 -1.833810e-02 -3.534019e-03
    endloop
  endfacet
  facet normal -9.993478e-01 -3.576169e-02 -5.010521e-03
    outer loop
      vertex -5.536007e-03 -1.790685e-02 -2.514301e-03
      vertex -5.515462e-03 -1.833810e-02 -3.534019e-03
      vertex -5.515462e-03 -1.858462e-02 -1.774547e-03
    endloop
  endfacet
  facet normal -9.993417e-01 -3.623746e-02 -1.711626e-03
    outer loop
      vertex -5.515462e-03 -1.858462e-02 -1.774547e-03
      vertex -5.515462e-03 -1.867533e-02 1.459010e-04
      vertex -5.536007e-03 -1.806928e-02 -6.897086e-04
    endloop
  endfacet
  facet normal -9.993706e-01 3.357658e-03 3.531495e-02
    outer loop
      vertex -5.536007e-03 1.180715e-03 1.805000e-02
      vertex -5.515462e-03 1.052074e-03 1.864363e-02
      vertex -5.515462e-03 2.401837e-03 1.851530e-02
    endloop
  endfacet
  facet normal -9.994010e-01 9.907539e-03 3.315776e-02
    outer loop
      vertex -5.515462e-03 4.513186e-03 1.811295e-02
      vertex -5.515462e-03 6.240651e-03 1.759678e-02
      vertex -5.532872e-03 4.662393e-03 1.754362e-02
    endloop
  endfacet
  facet normal -9.993683e-01 1.347974e-02 3.288240e-02
    outer loop
      vertex -5.536007e-03 6.184499e-03 1.699539e-02
      vertex -5.515462e-03 6.240651e-03 1.759678e-02
      vertex -5.515462e-03 7.902412e-03 1.691556e-02
    endloop
  endfacet
  facet normal -9.994050e-01 2.103509e-02 2.733588e-02
    outer loop
      vertex -5.536007e-03 1.184622e-02 1.365324e-02
      vertex -5.515462e-03 1.062978e-02 1.534042e-02
      vertex -5.515462e-03 1.219745e-02 1.413409e-02
    endloop
  endfacet
  facet normal -9.993953e-01 2.395546e-02 2.520233e-02
    outer loop
      vertex -5.515462e-03 1.219745e-02 1.413409e-02
      vertex -5.515462e-03 1.346830e-02 1.292612e-02
      vertex -5.536007e-03 1.184622e-02 1.365324e-02
    endloop
  endfacet
  facet normal -9.994153e-01 2.370433e-02 2.464155e-02
    outer loop
      vertex -5.515462e-03 1.346830e-02 1.292612e-02
      vertex -5.536007e-03 1.327349e-02 1.228024e-02
      vertex -5.536007e-03 1.184622e-02 1.365324e-02
    endloop
  endfacet
  facet normal -9.993123e-01 2.906756e-02 2.302066e-02
    outer loop
      vertex -5.515462e-03 1.346830e-02 1.292612e-02
      vertex -5.510904e-03 1.440730e-02 1.193833e-02
      vertex -5.536007e-03 1.327349e-02 1.228024e-02
    endloop
  endfacet
  facet normal -9.992838e-01 2.868151e-02 2.468431e-02
    outer loop
      vertex -5.536007e-03 1.443774e-02 1.088672e-02
      vertex -5.510904e-03 1.440730e-02 1.193833e-02
      vertex -5.515462e-03 1.525611e-02 1.076754e-02
    endloop
  endfacet
  facet normal -9.992710e-01 3.422869e-02 1.690991e-02
    outer loop
      vertex -5.515462e-03 1.588294e-02 9.819168e-03
      vertex -5.510904e-03 1.673391e-02 8.366009e-03
      vertex -5.536007e-03 1.570973e-02 8.955702e-03
    endloop
  endfacet
  facet normal -9.992066e-01 3.594963e-02 1.713992e-02
    outer loop
      vertex -5.510904e-03 1.673391e-02 8.366009e-03
      vertex -5.515462e-03 1.751367e-02 6.464797e-03
      vertex -5.536007e-03 1.652715e-02 7.336245e-03
    endloop
  endfacet
  facet normal -9.993609e-01 3.394924e-02 1.119345e-02
    outer loop
      vertex -5.515462e-03 1.751367e-02 6.464797e-03
      vertex -5.515462e-03 1.795869e-02 5.115074e-03
      vertex -5.536007e-03 1.717684e-02 5.652117e-03
    endloop
  endfacet
  facet normal -9.993594e-01 3.472422e-02 8.659852e-03
    outer loop
      vertex -5.515462e-03 1.795869e-02 5.115074e-03
      vertex -5.515462e-03 1.826287e-02 3.895359e-03
      vertex -5.536007e-03 1.750707e-02 4.555054e-03
    endloop
  endfacet
  facet normal -9.993512e-01 3.553772e-02 5.852185e-03
    outer loop
      vertex -5.515462e-03 1.826287e-02 3.895359e-03
      vertex -5.515462e-03 1.852758e-02 2.287896e-03
      vertex -5.536007e-03 1.783854e-02 2.963758e-03
    endloop
  endfacet
  facet normal -9.993295e-01 3.650713e-02 2.788851e-03
    outer loop
      vertex -5.536007e-03 1.801802e-02 1.596405e-03
      vertex -5.515462e-03 1.852758e-02 2.287896e-03
      vertex -5.515462e-03 1.866290e-02 5.166213e-04
    endloop
  endfacet
  facet normal -9.994038e-01 3.449004e-02 1.582779e-03
    outer loop
      vertex -5.536007e-03 1.808085e-02 2.271644e-04
      vertex -5.536007e-03 1.801802e-02 1.596405e-03
      vertex -5.515462e-03 1.866290e-02 5.166213e-04
    endloop
  endfacet
  facet normal -9.993890e-01 -3.486799e-02 2.434858e-03
    outer loop
      vertex -5.515462e-03 -1.860854e-02 1.492222e-03
      vertex -5.536007e-03 -1.800340e-02 1.725303e-03
      vertex -5.536007e-03 -1.807489e-02 7.014426e-04
    endloop
  endfacet
  facet normal -9.993431e-01 -3.588249e-02 5.072797e-03
    outer loop
      vertex -5.515462e-03 -1.860854e-02 1.492222e-03
      vertex -5.536007e-03 -1.777582e-02 3.335060e-03
      vertex -5.536007e-03 -1.800340e-02 1.725303e-03
    endloop
  endfacet
  facet normal -9.994072e-01 -3.415904e-02 4.293319e-03
    outer loop
      vertex -5.536007e-03 -1.777582e-02 3.335060e-03
      vertex -5.515462e-03 -1.860854e-02 1.492222e-03
      vertex -5.515462e-03 -1.839128e-02 3.220801e-03
    endloop
  endfacet
  facet normal -9.993707e-01 -3.471429e-02 7.290743e-03
    outer loop
      vertex -5.536007e-03 -1.777582e-02 3.335060e-03
      vertex -5.515462e-03 -1.839128e-02 3.220801e-03
      vertex -5.515462e-03 -1.812444e-02 4.491347e-03
    endloop
  endfacet
  facet normal -9.994067e-01 -3.358438e-02 7.632047e-03
    outer loop
      vertex -5.536007e-03 -1.747144e-02 4.674459e-03
      vertex -5.536007e-03 -1.777582e-02 3.335060e-03
      vertex -5.515462e-03 -1.812444e-02 4.491347e-03
    endloop
  endfacet
  facet normal -9.993563e-01 -3.434707e-02 1.035754e-02
    outer loop
      vertex -5.536007e-03 -1.747144e-02 4.674459e-03
      vertex -5.515462e-03 -1.812444e-02 4.491347e-03
      vertex -5.515462e-03 -1.760962e-02 6.198565e-03
    endloop
  endfacet
  facet normal -9.994017e-01 -3.296086e-02 1.048382e-02
    outer loop
      vertex -5.536007e-03 -1.700344e-02 6.145835e-03
      vertex -5.536007e-03 -1.747144e-02 4.674459e-03
      vertex -5.515462e-03 -1.760962e-02 6.198565e-03
    endloop
  endfacet
  facet normal -9.993726e-01 -3.268494e-02 1.364435e-02
    outer loop
      vertex -5.536007e-03 -1.700344e-02 6.145835e-03
      vertex -5.515462e-03 -1.760962e-02 6.198565e-03
      vertex -5.515462e-03 -1.680024e-02 8.137419e-03
    endloop
  endfacet
  facet normal -9.993877e-01 -3.120091e-02 1.583237e-02
    outer loop
      vertex -5.536007e-03 -1.591318e-02 8.588686e-03
      vertex -5.536007e-03 -1.642781e-02 7.574498e-03
      vertex -5.515462e-03 -1.680024e-02 8.137419e-03
    endloop
  endfacet
  facet normal -9.992460e-01 -3.329915e-02 1.996333e-02
    outer loop
      vertex -5.515462e-03 -1.680024e-02 8.137419e-03
      vertex -5.510904e-03 -1.611672e-02 9.505693e-03
      vertex -5.536007e-03 -1.591318e-02 8.588686e-03
    endloop
  endfacet
  facet normal -9.993274e-01 -3.251158e-02 1.696164e-02
    outer loop
      vertex -5.510904e-03 -1.611672e-02 9.505693e-03
      vertex -5.515462e-03 -1.551902e-02 1.038280e-02
      vertex -5.536007e-03 -1.515335e-02 9.873260e-03
    endloop
  endfacet
  facet normal -9.994000e-01 -2.827452e-02 2.000530e-02
    outer loop
      vertex -5.515462e-03 -1.551902e-02 1.038280e-02
      vertex -5.536007e-03 -1.435551e-02 1.100088e-02
      vertex -5.536007e-03 -1.515335e-02 9.873260e-03
    endloop
  endfacet
  facet normal -9.993734e-01 -2.867233e-02 2.075505e-02
    outer loop
      vertex -5.515462e-03 -1.551902e-02 1.038280e-02
      vertex -5.515462e-03 -1.472600e-02 1.147832e-02
      vertex -5.536007e-03 -1.435551e-02 1.100088e-02
    endloop
  endfacet
  facet normal -9.993519e-01 -2.745316e-02 2.328157e-02
    outer loop
      vertex -5.536007e-03 -1.355709e-02 1.197479e-02
      vertex -5.515462e-03 -1.472600e-02 1.147832e-02
      vertex -5.515462e-03 -1.370805e-02 1.267867e-02
    endloop
  endfacet
  facet normal -9.993854e-01 -2.473507e-02 2.484111e-02
    outer loop
      vertex -5.515462e-03 -1.370805e-02 1.267867e-02
      vertex -5.515462e-03 -1.265094e-02 1.373127e-02
      vertex -5.536007e-03 -1.240801e-02 1.314661e-02
    endloop
  endfacet
  facet normal -9.993915e-01 -2.236726e-02 2.676445e-02
    outer loop
      vertex -5.536007e-03 -1.088689e-02 1.443834e-02
      vertex -5.515462e-03 -1.265094e-02 1.373127e-02
      vertex -5.515462e-03 -1.129757e-02 1.486229e-02
    endloop
  endfacet
  facet normal -9.993803e-01 -2.033853e-02 2.872914e-02
    outer loop
      vertex -5.536007e-03 -1.088689e-02 1.443834e-02
      vertex -5.515462e-03 -1.129757e-02 1.486229e-02
      vertex -5.515462e-03 -1.014779e-02 1.567626e-02
    endloop
  endfacet
  facet normal -9.993580e-01 -1.785315e-02 3.106324e-02
    outer loop
      vertex -5.515462e-03 -1.014779e-02 1.567626e-02
      vertex -5.515462e-03 -8.610001e-03 1.656009e-02
      vertex -5.536007e-03 -9.098993e-03 1.561808e-02
    endloop
  endfacet
  facet normal -9.993181e-01 -1.546304e-02 3.353048e-02
    outer loop
      vertex -5.536007e-03 -7.737221e-03 1.635027e-02
      vertex -5.515462e-03 -8.610001e-03 1.656009e-02
      vertex -5.515462e-03 -6.886092e-03 1.735509e-02
    endloop
  endfacet
  facet normal -9.993597e-01 -1.134373e-02 3.393507e-02
    outer loop
      vertex -5.515462e-03 -6.886092e-03 1.735509e-02
      vertex -5.515462e-03 -5.055884e-03 1.796689e-02
      vertex -5.536007e-03 -6.209507e-03 1.697622e-02
    endloop
  endfacet
  facet normal -9.993574e-01 -4.249688e-03 3.559129e-02
    outer loop
      vertex -5.515462e-03 -2.898904e-03 1.843995e-02
      vertex -5.515462e-03 -1.362035e-03 1.862345e-02
      vertex -5.536007e-03 -1.618630e-03 1.801594e-02
    endloop
  endfacet
  facet normal -9.993906e-01 -1.422492e-03 3.487618e-02
    outer loop
      vertex -5.536007e-03 -2.349550e-04 1.808070e-02
      vertex -5.515462e-03 -1.362035e-03 1.862345e-02
      vertex -5.515462e-03 -1.481886e-04 1.867296e-02
    endloop
  endfacet
  facet normal -8.806698e-01 2.099197e-01 -4.246815e-01
    outer loop
      vertex -8.175844e-03 4.601165e-03 -8.111220e-03
      vertex -7.494265e-03 5.117311e-03 -9.269494e-03
      vertex -8.020973e-03 3.965404e-03 -8.746635e-03
    endloop
  endfacet
  facet normal -8.809451e-01 3.255733e-01 -3.434207e-01
    outer loop
      vertex -8.222418e-03 6.778241e-03 -6.287244e-03
      vertex -7.494265e-03 7.471149e-03 -7.498209e-03
      vertex -8.077572e-03 6.198056e-03 -7.208837e-03
    endloop
  endfacet
  facet normal -8.810245e-01 3.646948e-01 -3.013197e-01
    outer loop
      vertex -8.122354e-03 7.511749e-03 -5.692038e-03
      vertex -7.494265e-03 8.026497e-03 -6.905486e-03
      vertex -8.222418e-03 6.778241e-03 -6.287244e-03
    endloop
  endfacet
  facet normal -8.827253e-01 3.920895e-01 -2.589629e-01
    outer loop
      vertex -7.494265e-03 8.978312e-03 -5.612512e-03
      vertex -7.494265e-03 8.686403e-03 -6.054484e-03
      vertex -8.122354e-03 7.511749e-03 -5.692038e-03
    endloop
  endfacet
  facet normal -8.740353e-01 4.233058e-01 -2.384835e-01
    outer loop
      vertex -8.288249e-03 8.147843e-03 -4.109657e-03
      vertex -7.771222e-03 8.874388e-03 -4.714937e-03
      vertex -8.124866e-03 8.037677e-03 -4.903994e-03
    endloop
  endfacet
  facet normal -8.771447e-01 4.784637e-01 4.110514e-02
    outer loop
      vertex -8.389999e-03 8.831626e-03 1.365917e-03
      vertex -7.771222e-03 9.985353e-03 1.140662e-03
      vertex -7.917623e-03 9.773062e-03 4.876690e-04
    endloop
  endfacet
  facet normal -8.746888e-01 4.428086e-01 1.970788e-01
    outer loop
      vertex -8.292451e-03 8.147843e-03 4.092524e-03
      vertex -7.771222e-03 9.211862e-03 4.015177e-03
      vertex -8.431351e-03 8.147843e-03 3.476049e-03
    endloop
  endfacet
  facet normal -8.741362e-01 4.234207e-01 2.379094e-01
    outer loop
      vertex -7.903314e-03 8.281910e-03 5.283702e-03
      vertex -7.771222e-03 8.878393e-03 4.707443e-03
      vertex -8.292451e-03 8.147843e-03 4.092524e-03
    endloop
  endfacet
  facet normal -8.812260e-01 3.186120e-01 3.491806e-01
    outer loop
      vertex -8.063679e-03 6.210623e-03 7.224059e-03
      vertex -7.494265e-03 6.916469e-03 8.017035e-03
      vertex -8.164843e-03 6.584618e-03 6.627498e-03
    endloop
  endfacet
  facet normal -8.857358e-01 2.745329e-01 3.743045e-01
    outer loop
      vertex -8.062966e-03 5.093634e-03 8.044998e-03
      vertex -7.494265e-03 6.279843e-03 8.520723e-03
      vertex -8.063679e-03 6.210623e-03 7.224059e-03
    endloop
  endfacet
  facet normal -8.788680e-01 1.402027e-01 4.559980e-01
    outer loop
      vertex -8.063328e-03 2.519176e-03 9.187626e-03
      vertex -7.494265e-03 3.690057e-03 9.924407e-03
      vertex -8.142520e-03 3.174574e-03 8.833484e-03
    endloop
  endfacet
  facet normal -8.815667e-01 8.027403e-02 4.651841e-01
    outer loop
      vertex -8.063759e-03 1.374055e-03 9.425074e-03
      vertex -7.494265e-03 1.857321e-03 1.042092e-02
      vertex -8.063553e-03 1.951636e-03 9.325794e-03
    endloop
  endfacet
  facet normal -8.814606e-01 -2.024324e-01 4.266713e-01
    outer loop
      vertex -8.062834e-03 -4.330568e-03 8.485712e-03
      vertex -7.494265e-03 -4.410870e-03 9.622221e-03
      vertex -7.956282e-03 -3.861333e-03 8.928465e-03
    endloop
  endfacet
  facet normal -8.830807e-01 -2.813875e-01 3.754859e-01
    outer loop
      vertex -8.010161e-03 -6.088775e-03 7.450718e-03
      vertex -7.494265e-03 -6.264855e-03 8.532068e-03
      vertex -8.063063e-03 -5.342056e-03 7.885891e-03
    endloop
  endfacet
  facet normal -8.801084e-01 -3.432287e-01 3.280294e-01
    outer loop
      vertex -8.103340e-03 -7.031368e-03 6.324208e-03
      vertex -7.494265e-03 -7.471149e-03 7.498209e-03
      vertex -8.450133e-03 -6.042738e-03 6.428195e-03
    endloop
  endfacet
  facet normal -8.813672e-01 -3.624343e-01 3.030400e-01
    outer loop
      vertex -8.130853e-03 -7.490948e-03 5.694534e-03
      vertex -7.494265e-03 -8.026497e-03 6.905486e-03
      vertex -8.103340e-03 -7.031368e-03 6.324208e-03
    endloop
  endfacet
  facet normal -8.821880e-01 -3.905606e-01 2.630719e-01
    outer loop
      vertex -8.063375e-03 -8.094307e-03 5.025061e-03
      vertex -7.494265e-03 -8.686403e-03 6.054484e-03
      vertex -8.130853e-03 -7.490948e-03 5.694534e-03
    endloop
  endfacet
  facet normal -8.725574e-01 -4.472050e-01 1.965993e-01
    outer loop
      vertex -8.427711e-03 -8.155694e-03 3.475299e-03
      vertex -7.771222e-03 -9.333059e-03 3.710804e-03
      vertex -8.288840e-03 -8.155694e-03 4.091640e-03
    endloop
  endfacet
  facet normal -8.746684e-01 -4.534411e-01 1.713076e-01
    outer loop
      vertex -8.219406e-03 -8.836626e-03 2.736480e-03
      vertex -7.771222e-03 -9.333059e-03 3.710804e-03
      vertex -8.427711e-03 -8.155694e-03 3.475299e-03
    endloop
  endfacet
  facet normal -8.746890e-01 -4.426872e-01 -1.973503e-01
    outer loop
      vertex -8.284640e-03 -8.155694e-03 -4.108770e-03
      vertex -7.771222e-03 -9.211862e-03 -4.015177e-03
      vertex -8.429211e-03 -8.155694e-03 -3.468010e-03
    endloop
  endfacet
  facet normal -8.731374e-01 -4.298761e-01 -2.298642e-01
    outer loop
      vertex -7.926963e-03 -8.379374e-03 -5.049095e-03
      vertex -7.771222e-03 -8.878393e-03 -4.707443e-03
      vertex -8.284640e-03 -8.155694e-03 -4.108770e-03
    endloop
  endfacet
  facet normal -8.770996e-01 -3.874535e-01 -2.838594e-01
    outer loop
      vertex -8.130749e-03 -7.490948e-03 -5.694845e-03
      vertex -7.494265e-03 -8.201374e-03 -6.691828e-03
      vertex -7.494265e-03 -8.848959e-03 -5.807908e-03
    endloop
  endfacet
  facet normal -8.811235e-01 -3.613666e-01 -3.050172e-01
    outer loop
      vertex -7.956903e-03 -7.230772e-03 -6.505285e-03
      vertex -7.494265e-03 -8.201374e-03 -6.691828e-03
      vertex -8.130749e-03 -7.490948e-03 -5.694845e-03
    endloop
  endfacet
  facet normal -8.837423e-01 -3.298872e-01 -3.319247e-01
    outer loop
      vertex -8.130850e-03 -6.126680e-03 -7.139471e-03
      vertex -7.494265e-03 -7.496642e-03 -7.472813e-03
      vertex -7.956903e-03 -7.230772e-03 -6.505285e-03
    endloop
  endfacet
  facet normal -8.798070e-01 -2.950603e-01 -3.726648e-01
    outer loop
      vertex -8.063409e-03 -5.823499e-03 -7.538735e-03
      vertex -7.494265e-03 -6.916469e-03 -8.017035e-03
      vertex -8.130850e-03 -6.126680e-03 -7.139471e-03
    endloop
  endfacet
  facet normal -8.806294e-01 -2.868864e-01 -3.770783e-01
    outer loop
      vertex -8.241385e-03 -5.305217e-03 -7.517405e-03
      vertex -7.494265e-03 -6.279843e-03 -8.520723e-03
      vertex -8.063409e-03 -5.823499e-03 -7.538735e-03
    endloop
  endfacet
  facet normal -8.769884e-01 -1.362794e-01 -4.607811e-01
    outer loop
      vertex -8.063328e-03 -2.519176e-03 -9.187626e-03
      vertex -7.494265e-03 -3.690057e-03 -9.924407e-03
      vertex -8.225656e-03 -3.045667e-03 -8.722960e-03
    endloop
  endfacet
  facet normal -8.814231e-01 -6.751426e-02 -4.674774e-01
    outer loop
      vertex -8.063873e-03 -9.849602e-04 -9.472921e-03
      vertex -7.494265e-03 -1.857321e-03 -1.042092e-02
      vertex -8.063624e-03 -1.759714e-03 -9.361499e-03
    endloop
  endfacet
  facet normal -9.994195e-01 -3.406969e-02 -1.374720e-04
    outer loop
      vertex -5.536007e-03 -1.806928e-02 -6.897086e-04
      vertex -5.515462e-03 -1.867533e-02 1.459010e-04
      vertex -5.536007e-03 -1.807489e-02 7.014426e-04
    endloop
  endfacet
  facet normal -9.994048e-01 3.420255e-02 4.489352e-03
    outer loop
      vertex -5.536007e-03 1.783854e-02 2.963758e-03
      vertex -5.515462e-03 1.852758e-02 2.287896e-03
      vertex -5.536007e-03 1.801802e-02 1.596405e-03
    endloop
  endfacet
  facet normal -9.994246e-01 3.320441e-02 6.916595e-03
    outer loop
      vertex -5.536007e-03 1.750707e-02 4.555054e-03
      vertex -5.515462e-03 1.826287e-02 3.895359e-03
      vertex -5.536007e-03 1.783854e-02 2.963758e-03
    endloop
  endfacet
  facet normal -9.994272e-01 3.157291e-02 1.218004e-02
    outer loop
      vertex -5.536007e-03 1.652715e-02 7.336245e-03
      vertex -5.515462e-03 1.751367e-02 6.464797e-03
      vertex -5.536007e-03 1.717684e-02 5.652117e-03
    endloop
  endfacet
  facet normal -9.994508e-01 2.767387e-02 1.822911e-02
    outer loop
      vertex -5.536007e-03 1.443774e-02 1.088672e-02
      vertex -5.515462e-03 1.588294e-02 9.819168e-03
      vertex -5.536007e-03 1.570973e-02 8.955702e-03
    endloop
  endfacet
  facet normal -9.994024e-01 7.493055e-04 3.455842e-02
    outer loop
      vertex -5.536007e-03 1.180715e-03 1.805000e-02
      vertex -5.536007e-03 -2.349550e-04 1.808070e-02
      vertex -5.515462e-03 -1.481886e-04 1.867296e-02
    endloop
  endfacet
  facet normal -8.811085e-01 -3.577643e-02 4.715589e-01
    outer loop
      vertex -8.063988e-03 -2.964092e-04 9.514963e-03
      vertex -7.494265e-03 -1.333581e-03 1.050080e-02
      vertex -7.494265e-03 -2.768751e-04 1.058097e-02
    endloop
  endfacet
  facet normal -8.790171e-01 -1.834369e-01 4.400907e-01
    outer loop
      vertex -7.956282e-03 -3.861333e-03 8.928465e-03
      vertex -7.494265e-03 -4.410870e-03 9.622221e-03
      vertex -7.494265e-03 -3.653131e-03 9.938059e-03
    endloop
  endfacet
  facet normal -8.801364e-01 -2.682368e-01 3.916745e-01
    outer loop
      vertex -8.063063e-03 -5.342056e-03 7.885891e-03
      vertex -7.494265e-03 -6.264855e-03 8.532068e-03
      vertex -7.494265e-03 -5.621158e-03 8.972902e-03
    endloop
  endfacet
  facet normal -8.885228e-01 -3.945772e-01 -2.341712e-01
    outer loop
      vertex -7.494265e-03 -8.848959e-03 -5.807908e-03
      vertex -7.494265e-03 -9.352781e-03 -4.958970e-03
      vertex -7.771222e-03 -8.878393e-03 -4.707443e-03
    endloop
  endfacet
  facet normal -8.785859e-01 -2.633700e-01 -3.984005e-01
    outer loop
      vertex -8.241385e-03 -5.305217e-03 -7.517405e-03
      vertex -7.494265e-03 -5.380884e-03 -9.114997e-03
      vertex -7.494265e-03 -6.279843e-03 -8.520723e-03
    endloop
  endfacet
  facet normal -8.785215e-01 3.613869e-02 -4.763339e-01
    outer loop
      vertex -8.033363e-03 5.850381e-04 -9.563313e-03
      vertex -7.494265e-03 1.333581e-03 -1.050080e-02
      vertex -7.494265e-03 2.768751e-04 -1.058097e-02
    endloop
  endfacet
  facet normal -8.807543e-01 1.821994e-01 -4.371215e-01
    outer loop
      vertex -8.020973e-03 3.965404e-03 -8.746635e-03
      vertex -7.494265e-03 4.410870e-03 -9.622221e-03
      vertex -7.494265e-03 3.653131e-03 -9.938059e-03
    endloop
  endfacet
  facet normal -8.837656e-01 2.643997e-01 -3.860716e-01
    outer loop
      vertex -8.175844e-03 4.601165e-03 -8.111220e-03
      vertex -7.494265e-03 6.264855e-03 -8.532068e-03
      vertex -7.494265e-03 5.621158e-03 -8.972902e-03
    endloop
  endfacet
  facet normal -8.886410e-01 3.978316e-01 -2.281385e-01
    outer loop
      vertex -7.494265e-03 9.348562e-03 -4.966864e-03
      vertex -7.494265e-03 8.978312e-03 -5.612512e-03
      vertex -7.771222e-03 8.874388e-03 -4.714937e-03
    endloop
  endfacet
  facet normal -8.885228e-01 3.945772e-01 2.341712e-01
    outer loop
      vertex -7.494265e-03 8.848959e-03 5.807908e-03
      vertex -7.494265e-03 9.352781e-03 4.958970e-03
      vertex -7.771222e-03 8.878393e-03 4.707443e-03
    endloop
  endfacet
  facet normal -8.801778e-01 3.471861e-01 3.236494e-01
    outer loop
      vertex -8.164843e-03 6.584618e-03 6.627498e-03
      vertex -7.494265e-03 7.496642e-03 7.472813e-03
      vertex -8.063609e-03 7.240067e-03 6.199692e-03
    endloop
  endfacet
  facet normal -8.794986e-01 2.624420e-01 3.969967e-01
    outer loop
      vertex -8.062966e-03 5.093634e-03 8.044998e-03
      vertex -7.494265e-03 5.380884e-03 9.114997e-03
      vertex -7.494265e-03 6.279843e-03 8.520723e-03
    endloop
  endfacet
  facet normal -8.754096e-01 -4.455242e-01 1.875264e-01
    outer loop
      vertex -8.288840e-03 -8.155694e-03 4.091640e-03
      vertex -7.771222e-03 -9.333059e-03 3.710804e-03
      vertex -7.494265e-03 -9.348562e-03 4.966864e-03
    endloop
  endfacet
  facet normal -8.683358e-01 -4.693642e-01 1.602815e-01
    outer loop
      vertex -7.771222e-03 -9.692249e-03 2.658962e-03
      vertex -7.771222e-03 -9.333059e-03 3.710804e-03
      vertex -8.219406e-03 -8.836626e-03 2.736480e-03
    endloop
  endfacet
  facet normal -8.716410e-01 -4.772627e-01 1.116347e-01
    outer loop
      vertex -7.771222e-03 -9.866098e-03 1.915719e-03
      vertex -7.771222e-03 -9.692249e-03 2.658962e-03
      vertex -8.319059e-03 -8.836626e-03 2.039438e-03
    endloop
  endfacet
  facet normal -8.727810e-01 -4.823160e-01 7.499729e-02
    outer loop
      vertex -8.387391e-03 -8.836626e-03 1.365705e-03
      vertex -7.771222e-03 -9.975149e-03 1.214401e-03
      vertex -7.771222e-03 -9.866098e-03 1.915719e-03
    endloop
  endfacet
  facet normal -8.752363e-01 -4.807551e-01 5.325281e-02
    outer loop
      vertex -8.387391e-03 -8.836626e-03 1.365705e-03
      vertex -8.428885e-03 -8.836626e-03 6.837401e-04
      vertex -7.771222e-03 -9.975149e-03 1.214401e-03
    endloop
  endfacet
  facet normal -8.721336e-01 -4.881110e-01 3.362562e-02
    outer loop
      vertex -7.771222e-03 -1.004945e-02 1.359035e-04
      vertex -7.771222e-03 -9.975149e-03 1.214401e-03
      vertex -8.428885e-03 -8.836626e-03 6.837401e-04
    endloop
  endfacet
  facet normal -8.642617e-01 -5.022010e-01 -2.908384e-02
    outer loop
      vertex -7.963383e-03 -9.654648e-03 -9.709323e-04
      vertex -7.771222e-03 -1.004945e-02 1.359035e-04
      vertex -8.064018e-03 -9.520253e-03 -3.010651e-04
    endloop
  endfacet
  facet normal -8.711533e-01 -4.423631e-01 -2.130887e-01
    outer loop
      vertex -7.771222e-03 -8.878393e-03 -4.707443e-03
      vertex -7.771222e-03 -9.211862e-03 -4.015177e-03
      vertex -8.284640e-03 -8.155694e-03 -4.108770e-03
    endloop
  endfacet
  facet normal -8.698397e-01 4.493382e-01 -2.036519e-01
    outer loop
      vertex -8.288249e-03 8.147843e-03 -4.109657e-03
      vertex -7.844385e-03 9.231542e-03 -3.614417e-03
      vertex -7.771222e-03 8.874388e-03 -4.714937e-03
    endloop
  endfacet
  facet normal -8.688314e-01 4.687196e-01 -1.594804e-01
    outer loop
      vertex -7.771222e-03 9.692249e-03 -2.658962e-03
      vertex -7.844385e-03 9.231542e-03 -3.614417e-03
      vertex -8.228239e-03 8.831626e-03 -2.698593e-03
    endloop
  endfacet
  facet normal -8.717162e-01 4.771324e-01 -1.116042e-01
    outer loop
      vertex -7.771222e-03 9.866098e-03 -1.915719e-03
      vertex -7.771222e-03 9.692249e-03 -2.658962e-03
      vertex -8.323433e-03 8.831626e-03 -2.025116e-03
    endloop
  endfacet
  facet normal -8.707690e-01 4.839680e-01 8.681138e-02
    outer loop
      vertex -7.771222e-03 9.759331e-03 2.400719e-03
      vertex -7.771222e-03 9.985353e-03 1.140662e-03
      vertex -8.389999e-03 8.831626e-03 1.365917e-03
    endloop
  endfacet
  facet normal -8.703339e-01 4.728063e-01 1.377432e-01
    outer loop
      vertex -7.771222e-03 9.759331e-03 2.400719e-03
      vertex -8.221989e-03 8.831626e-03 2.736904e-03
      vertex -7.771222e-03 9.543827e-03 3.140440e-03
    endloop
  endfacet
  facet normal -8.712136e-01 4.422667e-01 2.130422e-01
    outer loop
      vertex -7.771222e-03 8.878393e-03 4.707443e-03
      vertex -7.771222e-03 9.211862e-03 4.015177e-03
      vertex -8.292451e-03 8.147843e-03 4.092524e-03
    endloop
  endfacet
  facet normal -9.993187e-01 -7.163921e-03 3.620654e-02
    outer loop
      vertex -5.515462e-03 -5.055884e-03 1.796689e-02
      vertex -5.529808e-03 -2.932165e-03 1.799115e-02
      vertex -5.536007e-03 -4.616188e-03 1.748684e-02
    endloop
  endfacet
  facet normal -9.994627e-01 -5.327445e-03 3.234216e-02
    outer loop
      vertex -5.515462e-03 -2.898904e-03 1.843995e-02
      vertex -5.536007e-03 -1.618630e-03 1.801594e-02
      vertex -5.529808e-03 -2.932165e-03 1.799115e-02
    endloop
  endfacet
  facet normal -8.779466e-01 4.187050e-01 2.321548e-01
    outer loop
      vertex -7.494265e-03 8.848959e-03 5.807908e-03
      vertex -7.771222e-03 8.878393e-03 4.707443e-03
      vertex -7.903314e-03 8.281910e-03 5.283702e-03
    endloop
  endfacet
  facet normal -8.808780e-01 -4.106182e-01 2.354710e-01
    outer loop
      vertex -7.494265e-03 -9.348562e-03 4.966864e-03
      vertex -7.494265e-03 -8.978312e-03 5.612512e-03
      vertex -8.063375e-03 -8.094307e-03 5.025061e-03
    endloop
  endfacet
  facet normal -8.724940e-01 -4.305203e-01 -2.310985e-01
    outer loop
      vertex -7.494265e-03 -8.848959e-03 -5.807908e-03
      vertex -7.771222e-03 -8.878393e-03 -4.707443e-03
      vertex -7.926963e-03 -8.379374e-03 -5.049095e-03
    endloop
  endfacet
  facet normal -8.905930e-01 1.008848e-01 4.434708e-01
    outer loop
      vertex -8.490654e-03 2.302094e-03 8.427517e-03
      vertex -8.729372e-03 1.541591e-03 8.121121e-03
      vertex -8.389999e-03 1.541591e-03 8.802661e-03
    endloop
  endfacet
  facet normal -8.825387e-01 -1.318404e-01 4.513796e-01
    outer loop
      vertex -8.193455e-03 -2.213561e-03 9.025072e-03
      vertex -8.661463e-03 -2.285572e-03 8.088988e-03
      vertex -8.145711e-03 -2.968935e-03 8.897789e-03
    endloop
  endfacet
  facet normal -8.767948e-01 -1.806305e-01 4.456495e-01
    outer loop
      vertex -8.145711e-03 -2.968935e-03 8.897789e-03
      vertex -8.564349e-03 -3.045667e-03 8.043036e-03
      vertex -8.432852e-03 -3.837476e-03 7.980816e-03
    endloop
  endfacet
  facet normal -8.896683e-01 2.197647e-01 4.002422e-01
    outer loop
      vertex -8.431351e-03 3.845541e-03 7.980106e-03
      vertex -8.438227e-03 4.527545e-03 7.590348e-03
      vertex -8.725324e-03 3.845541e-03 7.326655e-03
    endloop
  endfacet
  facet normal -9.004960e-01 1.135376e-01 4.197810e-01
    outer loop
      vertex -8.490654e-03 2.302094e-03 8.427517e-03
      vertex -8.957604e-03 2.302094e-03 7.425835e-03
      vertex -8.729372e-03 1.541591e-03 8.121121e-03
    endloop
  endfacet
  facet normal -9.073098e-01 1.008864e-01 4.081798e-01
    outer loop
      vertex -8.729372e-03 1.541591e-03 8.121121e-03
      vertex -8.957604e-03 2.302094e-03 7.425835e-03
      vertex -9.028541e-03 1.541591e-03 7.456124e-03
    endloop
  endfacet
  facet normal -9.102805e-01 6.071991e-02 4.095150e-01
    outer loop
      vertex -8.771709e-03 7.717977e-04 8.141154e-03
      vertex -9.028541e-03 1.541591e-03 7.456124e-03
      vertex -9.071615e-03 7.717977e-04 7.474516e-03
    endloop
  endfacet
  facet normal -8.850708e-01 2.983332e-01 3.572771e-01
    outer loop
      vertex -8.387820e-03 5.324257e-03 7.182547e-03
      vertex -8.450345e-03 6.042062e-03 6.428275e-03
      vertex -8.660066e-03 5.324257e-03 6.508122e-03
    endloop
  endfacet
  facet normal -9.046291e-01 2.197615e-01 3.651726e-01
    outer loop
      vertex -8.725324e-03 3.845541e-03 7.326655e-03
      vertex -8.859424e-03 4.527545e-03 6.584023e-03
      vertex -9.003032e-03 3.845541e-03 6.638699e-03
    endloop
  endfacet
  facet normal -9.118095e-01 1.820088e-01 3.680711e-01
    outer loop
      vertex -8.725324e-03 3.845541e-03 7.326655e-03
      vertex -9.003032e-03 3.845541e-03 6.638699e-03
      vertex -8.854153e-03 3.088906e-03 7.381663e-03
    endloop
  endfacet
  facet normal -9.225676e-01 1.008840e-01 3.724131e-01
    outer loop
      vertex -9.028541e-03 1.541591e-03 7.456124e-03
      vertex -9.239072e-03 2.302094e-03 6.728567e-03
      vertex -9.311155e-03 1.541591e-03 6.756011e-03
    endloop
  endfacet
  facet normal -9.255871e-01 6.071911e-02 3.736332e-01
    outer loop
      vertex -9.071615e-03 7.717977e-04 7.474516e-03
      vertex -9.028541e-03 1.541591e-03 7.456124e-03
      vertex -9.354928e-03 7.717977e-04 6.772676e-03
    endloop
  endfacet
  facet normal -9.255874e-01 6.072020e-02 3.736321e-01
    outer loop
      vertex -9.028541e-03 1.541591e-03 7.456124e-03
      vertex -9.311155e-03 1.541591e-03 6.756011e-03
      vertex -9.354928e-03 7.717977e-04 6.772676e-03
    endloop
  endfacet
  facet normal -9.271078e-01 2.025693e-02 3.742470e-01
    outer loop
      vertex -9.071615e-03 7.717977e-04 7.474516e-03
      vertex -9.354928e-03 7.717977e-04 6.772676e-03
      vertex -9.369545e-03 -3.974598e-17 6.778241e-03
    endloop
  endfacet
  facet normal -9.271241e-01 -1.936601e-02 3.742536e-01
    outer loop
      vertex -9.085999e-03 2.597922e-17 7.480658e-03
      vertex -9.356186e-03 -7.378471e-04 6.773155e-03
      vertex -9.072853e-03 -7.378471e-04 7.475045e-03
    endloop
  endfacet
  facet normal -9.256923e-01 -5.882407e-02 3.736756e-01
    outer loop
      vertex -9.031361e-03 -1.503341e-03 7.457328e-03
      vertex -9.072853e-03 -7.378471e-04 7.475045e-03
      vertex -9.314022e-03 -1.503341e-03 6.757102e-03
    endloop
  endfacet
  facet normal -9.227013e-01 -9.944753e-02 3.724682e-01
    outer loop
      vertex -8.959448e-03 -2.285572e-03 7.426622e-03
      vertex -9.031361e-03 -1.503341e-03 7.457328e-03
      vertex -9.314022e-03 -1.503341e-03 6.757102e-03
    endloop
  endfacet
  facet normal -9.045691e-01 -2.200503e-01 3.651473e-01
    outer loop
      vertex -8.726851e-03 -3.837476e-03 7.327307e-03
      vertex -9.004583e-03 -3.837476e-03 6.639290e-03
      vertex -8.855080e-03 -4.546499e-03 6.582369e-03
    endloop
  endfacet
  facet normal -8.775216e-01 -2.967120e-01 3.767199e-01
    outer loop
      vertex -8.491211e-03 -4.907439e-03 7.226693e-03
      vertex -8.675180e-03 -5.268378e-03 6.513876e-03
      vertex -8.450133e-03 -6.042738e-03 6.428195e-03
    endloop
  endfacet
  facet normal -8.825911e-01 3.486042e-01 3.154489e-01
    outer loop
      vertex -8.699880e-03 6.042062e-03 5.730105e-03
      vertex -8.450345e-03 6.042062e-03 6.428275e-03
      vertex -8.164843e-03 6.584618e-03 6.627498e-03
    endloop
  endfacet
  facet normal -9.096335e-01 2.585871e-01 3.251147e-01
    outer loop
      vertex -8.660066e-03 5.324257e-03 6.508122e-03
      vertex -9.115005e-03 4.527545e-03 5.868937e-03
      vertex -8.859424e-03 4.527545e-03 6.584023e-03
    endloop
  endfacet
  facet normal -9.223328e-01 1.626707e-01 3.504859e-01
    outer loop
      vertex -8.854153e-03 3.088906e-03 7.381663e-03
      vertex -9.003032e-03 3.845541e-03 6.638699e-03
      vertex -9.393584e-03 3.088906e-03 5.962104e-03
    endloop
  endfacet
  facet normal -9.226868e-01 1.603570e-01 3.506204e-01
    outer loop
      vertex -9.239072e-03 2.302094e-03 6.728567e-03
      vertex -8.854153e-03 3.088906e-03 7.381663e-03
      vertex -9.393584e-03 3.088906e-03 5.962104e-03
    endloop
  endfacet
  facet normal -9.413846e-01 1.216371e-01 3.146418e-01
    outer loop
      vertex -9.239072e-03 2.302094e-03 6.728567e-03
      vertex -9.393584e-03 3.088906e-03 5.962104e-03
      vertex -9.573413e-03 1.541591e-03 6.022245e-03
    endloop
  endfacet
  facet normal -9.414682e-01 2.025734e-02 3.364925e-01
    outer loop
      vertex -9.369545e-03 -3.974598e-17 6.778241e-03
      vertex -9.617831e-03 7.717977e-04 6.037101e-03
      vertex -9.632665e-03 9.992007e-18 6.042062e-03
    endloop
  endfacet
  facet normal -9.323973e-01 -1.399276e-01 3.332501e-01
    outer loop
      vertex -9.240945e-03 -2.285572e-03 6.729280e-03
      vertex -9.400273e-03 -3.045667e-03 5.964342e-03
      vertex -9.140538e-03 -3.045667e-03 6.691052e-03
    endloop
  endfacet
  facet normal -9.098798e-01 -2.576077e-01 3.252031e-01
    outer loop
      vertex -8.855080e-03 -4.546499e-03 6.582369e-03
      vertex -9.110597e-03 -4.546499e-03 5.867463e-03
      vertex -8.928038e-03 -5.268378e-03 5.806409e-03
    endloop
  endfacet
  facet normal -8.992033e-01 -2.968906e-01 3.213868e-01
    outer loop
      vertex -8.450133e-03 -6.042738e-03 6.428195e-03
      vertex -8.675180e-03 -5.268378e-03 6.513876e-03
      vertex -8.699665e-03 -6.042738e-03 5.730033e-03
    endloop
  endfacet
  facet normal -8.850791e-01 3.742608e-01 2.767018e-01
    outer loop
      vertex -8.450345e-03 6.778241e-03 5.646652e-03
      vertex -8.181439e-03 7.480658e-03 5.556720e-03
      vertex -8.387820e-03 7.480658e-03 4.896574e-03
    endloop
  endfacet
  facet normal -8.987839e-01 3.365034e-01 2.809856e-01
    outer loop
      vertex -8.450345e-03 6.778241e-03 5.646652e-03
      vertex -8.660066e-03 6.778241e-03 4.975822e-03
      vertex -8.912700e-03 6.042062e-03 5.049361e-03
    endloop
  endfacet
  facet normal -9.109810e-01 2.983339e-01 2.847990e-01
    outer loop
      vertex -8.912700e-03 5.324257e-03 5.801280e-03
      vertex -8.912700e-03 6.042062e-03 5.049361e-03
      vertex -9.128163e-03 5.324257e-03 5.112080e-03
    endloop
  endfacet
  facet normal -9.292519e-01 2.000556e-01 3.105940e-01
    outer loop
      vertex -9.115005e-03 4.527545e-03 5.868937e-03
      vertex -9.480521e-03 3.845541e-03 5.214648e-03
      vertex -9.393584e-03 3.088906e-03 5.962104e-03
    endloop
  endfacet
  facet normal -9.407650e-01 1.216369e-01 3.164896e-01
    outer loop
      vertex -9.393584e-03 3.088906e-03 5.962104e-03
      vertex -9.723025e-03 2.302094e-03 5.285238e-03
      vertex -9.573413e-03 1.541591e-03 6.022245e-03
    endloop
  endfacet
  facet normal -9.526840e-01 6.071938e-02 2.978360e-01
    outer loop
      vertex -9.573413e-03 1.541591e-03 6.022245e-03
      vertex -9.797083e-03 1.541591e-03 5.306795e-03
      vertex -9.842053e-03 7.717977e-04 5.319885e-03
    endloop
  endfacet
  facet normal -9.527921e-01 -5.882467e-02 2.978707e-01
    outer loop
      vertex -9.619108e-03 -7.378471e-04 6.037528e-03
      vertex -9.843347e-03 -7.378471e-04 5.320262e-03
      vertex -9.800028e-03 -1.503341e-03 5.307652e-03
    endloop
  endfacet
  facet normal -8.957759e-01 3.742475e-01 2.398424e-01
    outer loop
      vertex -8.660066e-03 6.778241e-03 4.975822e-03
      vertex -8.387820e-03 7.480658e-03 4.896574e-03
      vertex -8.859424e-03 6.778241e-03 4.231249e-03
    endloop
  endfacet
  facet normal -8.957758e-01 3.742482e-01 2.398416e-01
    outer loop
      vertex -8.387820e-03 7.480658e-03 4.896574e-03
      vertex -8.584002e-03 7.480658e-03 4.163860e-03
      vertex -8.859424e-03 6.778241e-03 4.231249e-03
    endloop
  endfacet
  facet normal -9.096448e-01 3.364916e-01 2.435563e-01
    outer loop
      vertex -8.912700e-03 6.042062e-03 5.049361e-03
      vertex -8.660066e-03 6.778241e-03 4.975822e-03
      vertex -9.115005e-03 6.042062e-03 4.293784e-03
    endloop
  endfacet
  facet normal -9.096448e-01 3.364921e-01 2.435558e-01
    outer loop
      vertex -8.660066e-03 6.778241e-03 4.975822e-03
      vertex -8.859424e-03 6.778241e-03 4.231249e-03
      vertex -9.115005e-03 6.042062e-03 4.293784e-03
    endloop
  endfacet
  facet normal -9.423613e-01 2.197539e-01 2.523160e-01
    outer loop
      vertex -9.480521e-03 3.845541e-03 5.214648e-03
      vertex -9.540187e-03 4.527545e-03 4.397817e-03
      vertex -9.689448e-03 3.845541e-03 4.434337e-03
    endloop
  endfacet
  facet normal -9.498407e-01 1.820021e-01 2.543186e-01
    outer loop
      vertex -9.480521e-03 3.845541e-03 5.214648e-03
      vertex -9.689448e-03 3.845541e-03 4.434337e-03
      vertex -9.825516e-03 3.088906e-03 4.467630e-03
    endloop
  endfacet
  facet normal -9.562558e-01 1.414946e-01 2.560355e-01
    outer loop
      vertex -9.615021e-03 3.088906e-03 5.253798e-03
      vertex -9.825516e-03 3.088906e-03 4.467630e-03
      vertex -9.934780e-03 2.302094e-03 4.494364e-03
    endloop
  endfacet
  facet normal -9.610465e-01 1.008805e-01 2.573183e-01
    outer loop
      vertex -9.797083e-03 1.541591e-03 5.306795e-03
      vertex -9.723025e-03 2.302094e-03 5.285238e-03
      vertex -9.934780e-03 2.302094e-03 4.494364e-03
    endloop
  endfacet
  facet normal -9.641921e-01 6.071722e-02 2.581609e-01
    outer loop
      vertex -9.797083e-03 1.541591e-03 5.306795e-03
      vertex -1.000970e-02 1.541591e-03 4.512696e-03
      vertex -1.005520e-02 7.717977e-04 4.523828e-03
    endloop
  endfacet
  facet normal -9.611860e-01 -9.944526e-02 2.573561e-01
    outer loop
      vertex -9.800028e-03 -1.503341e-03 5.307652e-03
      vertex -1.001268e-02 -1.503341e-03 4.513425e-03
      vertex -9.724949e-03 -2.285572e-03 5.285798e-03
    endloop
  endfacet
  facet normal -9.611859e-01 -9.944513e-02 2.573563e-01
    outer loop
      vertex -9.724949e-03 -2.285572e-03 5.285798e-03
      vertex -1.001268e-02 -1.503341e-03 4.513425e-03
      vertex -9.936727e-03 -2.285572e-03 4.494841e-03
    endloop
  endfacet
  facet normal -9.500799e-01 -1.806598e-01 2.543821e-01
    outer loop
      vertex -9.621794e-03 -3.045667e-03 5.255770e-03
      vertex -9.832368e-03 -3.045667e-03 4.469306e-03
      vertex -9.482116e-03 -3.837476e-03 5.215112e-03
    endloop
  endfacet
  facet normal -9.500799e-01 -1.806597e-01 2.543822e-01
    outer loop
      vertex -9.482116e-03 -3.837476e-03 5.215112e-03
      vertex -9.832368e-03 -3.045667e-03 4.469306e-03
      vertex -9.691061e-03 -3.837476e-03 4.434732e-03
    endloop
  endfacet
  facet normal -9.331780e-01 -2.391764e-01 2.682788e-01
    outer loop
      vertex -9.482116e-03 -3.837476e-03 5.215112e-03
      vertex -9.535672e-03 -4.546499e-03 4.396712e-03
      vertex -9.143692e-03 -5.268378e-03 5.116601e-03
    endloop
  endfacet
  facet normal -9.224221e-01 -2.968842e-01 2.469764e-01
    outer loop
      vertex -9.143692e-03 -5.268378e-03 5.116601e-03
      vertex -9.348690e-03 -5.268378e-03 4.350962e-03
      vertex -8.912482e-03 -6.042738e-03 5.049298e-03
    endloop
  endfacet
  facet normal -8.982579e-01 -3.545893e-01 2.596136e-01
    outer loop
      vertex -8.468584e-03 -6.727512e-03 5.652751e-03
      vertex -8.878104e-03 -6.727512e-03 4.235820e-03
      vertex -8.404819e-03 -7.439057e-03 4.901523e-03
    endloop
  endfacet
  facet normal -8.896856e-01 4.102147e-01 2.004581e-01
    outer loop
      vertex -8.584002e-03 7.480658e-03 4.163860e-03
      vertex -8.292451e-03 8.147843e-03 4.092524e-03
      vertex -8.725324e-03 7.480658e-03 3.536640e-03
    endloop
  endfacet
  facet normal -9.046417e-01 3.742695e-01 2.038279e-01
    outer loop
      vertex -8.584002e-03 7.480658e-03 4.163860e-03
      vertex -8.725324e-03 7.480658e-03 3.536640e-03
      vertex -8.859424e-03 6.778241e-03 4.231249e-03
    endloop
  endfacet
  facet normal -9.516942e-01 2.197682e-01 2.144298e-01
    outer loop
      vertex -9.689448e-03 3.845541e-03 4.434337e-03
      vertex -9.689448e-03 4.527545e-03 3.735354e-03
      vertex -9.839950e-03 3.845541e-03 3.766374e-03
    endloop
  endfacet
  facet normal -9.705670e-01 1.008871e-01 2.186812e-01
    outer loop
      vertex -1.000970e-02 1.541591e-03 4.512696e-03
      vertex -1.008732e-02 2.302094e-03 3.817359e-03
      vertex -1.016286e-02 1.541591e-03 3.832929e-03
    endloop
  endfacet
  facet normal -9.737443e-01 6.072095e-02 2.193971e-01
    outer loop
      vertex -1.000970e-02 1.541591e-03 4.512696e-03
      vertex -1.016286e-02 1.541591e-03 3.832929e-03
      vertex -1.020873e-02 7.717977e-04 3.842384e-03
    endloop
  endfacet
  facet normal -9.753443e-01 2.025832e-02 2.197569e-01
    outer loop
      vertex -1.007039e-02 3.219647e-17 4.527545e-03
      vertex -1.005520e-02 7.717977e-04 4.523828e-03
      vertex -1.022405e-02 -1.487699e-17 3.845541e-03
    endloop
  endfacet
  facet normal -9.659459e-01 -1.399330e-01 2.176401e-01
    outer loop
      vertex -9.832368e-03 -3.045667e-03 4.469306e-03
      vertex -1.008928e-02 -2.285572e-03 3.817764e-03
      vertex -9.984056e-03 -3.045667e-03 3.796076e-03
    endloop
  endfacet
  facet normal -9.516312e-01 -2.200561e-01 2.144142e-01
    outer loop
      vertex -9.535672e-03 -4.546499e-03 4.396712e-03
      vertex -9.691061e-03 -3.837476e-03 4.434732e-03
      vertex -9.684896e-03 -4.546499e-03 3.734416e-03
    endloop
  endfacet
  facet normal -9.516306e-01 -2.200572e-01 2.144154e-01
    outer loop
      vertex -9.691061e-03 -3.837476e-03 4.434732e-03
      vertex -9.841576e-03 -3.837476e-03 3.766709e-03
      vertex -9.684896e-03 -4.546499e-03 3.734416e-03
    endloop
  endfacet
  facet normal -8.802376e-01 4.456726e-01 1.629651e-01
    outer loop
      vertex -8.431351e-03 8.147843e-03 3.476049e-03
      vertex -8.221989e-03 8.831626e-03 2.736904e-03
      vertex -8.557973e-03 8.147843e-03 2.792114e-03
    endloop
  endfacet
  facet normal -8.967555e-01 4.102024e-01 1.660227e-01
    outer loop
      vertex -8.725324e-03 7.480658e-03 3.536640e-03
      vertex -8.557973e-03 8.147843e-03 2.792114e-03
      vertex -8.854153e-03 7.480658e-03 2.840783e-03
    endloop
  endfacet
  facet normal -9.118297e-01 3.742575e-01 1.688135e-01
    outer loop
      vertex -8.725324e-03 7.480658e-03 3.536640e-03
      vertex -8.854153e-03 7.480658e-03 2.840783e-03
      vertex -9.133945e-03 6.778241e-03 2.886759e-03
    endloop
  endfacet
  facet normal -9.172991e-01 3.514004e-01 1.872967e-01
    outer loop
      vertex -8.859424e-03 6.778241e-03 4.231249e-03
      vertex -9.133945e-03 6.778241e-03 2.886759e-03
      vertex -9.260736e-03 6.042062e-03 3.646993e-03
    endloop
  endfacet
  facet normal -9.259477e-01 3.365019e-01 1.714272e-01
    outer loop
      vertex -9.260736e-03 6.042062e-03 3.646993e-03
      vertex -9.133945e-03 6.778241e-03 2.886759e-03
      vertex -9.393584e-03 6.042062e-03 2.929423e-03
    endloop
  endfacet
  facet normal -9.385137e-01 2.983311e-01 1.737544e-01
    outer loop
      vertex -9.480521e-03 5.324257e-03 3.692293e-03
      vertex -9.393584e-03 6.042062e-03 2.929423e-03
      vertex -9.615021e-03 5.324257e-03 2.965810e-03
    endloop
  endfacet
  facet normal -9.668667e-01 1.820076e-01 1.790027e-01
    outer loop
      vertex -9.977147e-03 3.088906e-03 3.794652e-03
      vertex -9.839950e-03 3.845541e-03 3.766374e-03
      vertex -1.011537e-02 3.088906e-03 3.048029e-03
    endloop
  endfacet
  facet normal -9.668667e-01 1.820075e-01 1.790029e-01
    outer loop
      vertex -9.839950e-03 3.845541e-03 3.766374e-03
      vertex -9.977147e-03 3.845541e-03 3.025315e-03
      vertex -1.011537e-02 3.088906e-03 3.048029e-03
    endloop
  endfacet
  facet normal -9.733972e-01 1.414979e-01 1.802118e-01
    outer loop
      vertex -9.977147e-03 3.088906e-03 3.794652e-03
      vertex -1.011537e-02 3.088906e-03 3.048029e-03
      vertex -1.022637e-02 2.302094e-03 3.066268e-03
    endloop
  endfacet
  facet normal -9.782738e-01 1.008836e-01 1.811158e-01
    outer loop
      vertex -1.016286e-02 1.541591e-03 3.832929e-03
      vertex -1.008732e-02 2.302094e-03 3.817359e-03
      vertex -1.030248e-02 1.541591e-03 3.078775e-03
    endloop
  endfacet
  facet normal -9.782739e-01 1.008851e-01 1.811142e-01
    outer loop
      vertex -1.008732e-02 2.302094e-03 3.817359e-03
      vertex -1.022637e-02 2.302094e-03 3.066268e-03
      vertex -1.030248e-02 1.541591e-03 3.078775e-03
    endloop
  endfacet
  facet normal -9.814760e-01 6.071880e-02 1.817086e-01
    outer loop
      vertex -1.016286e-02 1.541591e-03 3.832929e-03
      vertex -1.030248e-02 1.541591e-03 3.078775e-03
      vertex -1.020873e-02 7.717977e-04 3.842384e-03
    endloop
  endfacet
  facet normal -9.830886e-01 2.025721e-02 1.820070e-01
    outer loop
      vertex -1.022405e-02 -1.487699e-17 3.845541e-03
      vertex -1.020873e-02 7.717977e-04 3.842384e-03
      vertex -1.034870e-02 7.717977e-04 3.086370e-03
    endloop
  endfacet
  facet normal -9.815877e-01 -5.882368e-02 1.817286e-01
    outer loop
      vertex -1.016587e-02 -1.503341e-03 3.833548e-03
      vertex -1.035003e-02 -7.378471e-04 3.086588e-03
      vertex -1.030551e-02 -1.503341e-03 3.079273e-03
    endloop
  endfacet
  facet normal -9.784161e-01 -9.944765e-02 1.811414e-01
    outer loop
      vertex -1.008928e-02 -2.285572e-03 3.817764e-03
      vertex -1.016587e-02 -1.503341e-03 3.833548e-03
      vertex -1.030551e-02 -1.503341e-03 3.079273e-03
    endloop
  endfacet
  facet normal -9.671102e-01 -1.806645e-01 1.790482e-01
    outer loop
      vertex -9.841576e-03 -3.837476e-03 3.766709e-03
      vertex -9.984056e-03 -3.045667e-03 3.796076e-03
      vertex -9.978786e-03 -3.837476e-03 3.025584e-03
    endloop
  endfacet
  facet normal -9.671100e-01 -1.806648e-01 1.790486e-01
    outer loop
      vertex -9.984056e-03 -3.045667e-03 3.796076e-03
      vertex -1.012234e-02 -3.045667e-03 3.049173e-03
      vertex -9.978786e-03 -3.837476e-03 3.025584e-03
    endloop
  endfacet
  facet normal -9.501039e-01 -2.576081e-01 1.758994e-01
    outer loop
      vertex -9.496362e-03 -5.268378e-03 3.695558e-03
      vertex -9.684896e-03 -4.546499e-03 3.734416e-03
      vertex -9.630980e-03 -5.268378e-03 2.968432e-03
    endloop
  endfacet
  facet normal -9.389552e-01 -2.968912e-01 1.738353e-01
    outer loop
      vertex -9.393361e-03 -6.042738e-03 2.929386e-03
      vertex -9.496362e-03 -5.268378e-03 3.695558e-03
      vertex -9.630980e-03 -5.268378e-03 2.968432e-03
    endloop
  endfacet
  facet normal -9.147624e-01 -3.601646e-01 1.830060e-01
    outer loop
      vertex -8.742664e-03 -7.439057e-03 3.540214e-03
      vertex -9.141191e-03 -6.385125e-03 3.622354e-03
      vertex -9.152923e-03 -6.727512e-03 2.889877e-03
    endloop
  endfacet
  facet normal -9.127872e-01 -3.718359e-01 1.689901e-01
    outer loop
      vertex -8.742664e-03 -7.439057e-03 3.540214e-03
      vertex -9.152923e-03 -6.727512e-03 2.889877e-03
      vertex -8.871623e-03 -7.439057e-03 2.843653e-03
    endloop
  endfacet
  facet normal -9.028165e-01 4.101983e-01 1.290723e-01
    outer loop
      vertex -8.854153e-03 7.480658e-03 2.840783e-03
      vertex -8.659652e-03 8.147843e-03 2.080901e-03
      vertex -8.957604e-03 7.480658e-03 2.117173e-03
    endloop
  endfacet
  facet normal -9.448564e-01 2.983274e-01 1.350823e-01
    outer loop
      vertex -9.615021e-03 5.324257e-03 2.965810e-03
      vertex -9.393584e-03 6.042062e-03 2.929423e-03
      vertex -9.723025e-03 5.324257e-03 2.210353e-03
    endloop
  endfacet
  facet normal -9.448562e-01 2.983281e-01 1.350815e-01
    outer loop
      vertex -9.393584e-03 6.042062e-03 2.929423e-03
      vertex -9.500263e-03 6.042062e-03 2.183235e-03
      vertex -9.723025e-03 5.324257e-03 2.210353e-03
    endloop
  endfacet
  facet normal -9.562652e-01 2.585853e-01 1.367133e-01
    outer loop
      vertex -9.615021e-03 5.324257e-03 2.965810e-03
      vertex -9.723025e-03 5.324257e-03 2.210353e-03
      vertex -9.934780e-03 4.527545e-03 2.236131e-03
    endloop
  endfacet
  facet normal -9.734002e-01 1.820047e-01 1.391628e-01
    outer loop
      vertex -9.977147e-03 3.845541e-03 3.025315e-03
      vertex -1.008732e-02 3.845541e-03 2.254701e-03
      vertex -1.022637e-02 3.088906e-03 2.271629e-03
    endloop
  endfacet
  facet normal -9.799745e-01 1.414960e-01 1.401029e-01
    outer loop
      vertex -1.022637e-02 2.302094e-03 3.066268e-03
      vertex -1.011537e-02 3.088906e-03 3.048029e-03
      vertex -1.033804e-02 2.302094e-03 2.285223e-03
    endloop
  endfacet
  facet normal -9.799745e-01 1.414966e-01 1.401022e-01
    outer loop
      vertex -1.011537e-02 3.088906e-03 3.048029e-03
      vertex -1.022637e-02 3.088906e-03 2.271629e-03
      vertex -1.033804e-02 2.302094e-03 2.285223e-03
    endloop
  endfacet
  facet normal -9.848842e-01 1.008830e-01 1.408041e-01
    outer loop
      vertex -1.030248e-02 1.541591e-03 3.078775e-03
      vertex -1.033804e-02 2.302094e-03 2.285223e-03
      vertex -1.041460e-02 1.541591e-03 2.294544e-03
    endloop
  endfacet
  facet normal -9.881081e-01 6.071778e-02 1.412650e-01
    outer loop
      vertex -1.034870e-02 7.717977e-04 3.086370e-03
      vertex -1.041460e-02 1.541591e-03 2.294544e-03
      vertex -1.046110e-02 7.717977e-04 2.300204e-03
    endloop
  endfacet
  facet normal -9.897312e-01 2.025763e-02 1.414984e-01
    outer loop
      vertex -1.036413e-02 3.796963e-17 3.088906e-03
      vertex -1.046110e-02 7.717977e-04 2.300204e-03
      vertex -1.047662e-02 2.020606e-17 2.302094e-03
    endloop
  endfacet
  facet normal -9.882204e-01 -5.882288e-02 1.412811e-01
    outer loop
      vertex -1.030551e-02 -1.503341e-03 3.079273e-03
      vertex -1.035003e-02 -7.378471e-04 3.086588e-03
      vertex -1.041765e-02 -1.503341e-03 2.294914e-03
    endloop
  endfacet
  facet normal -9.850273e-01 -9.944643e-02 1.408246e-01
    outer loop
      vertex -1.022835e-02 -2.285572e-03 3.066593e-03
      vertex -1.030551e-02 -1.503341e-03 3.079273e-03
      vertex -1.041765e-02 -1.503341e-03 2.294914e-03
    endloop
  endfacet
  facet normal -9.801955e-01 -1.399258e-01 1.401343e-01
    outer loop
      vertex -1.022835e-02 -2.285572e-03 3.066593e-03
      vertex -1.023338e-02 -3.045667e-03 2.272482e-03
      vertex -1.012234e-02 -3.045667e-03 3.049173e-03
    endloop
  endfacet
  facet normal -9.189562e-01 -3.718316e-01 1.313801e-01
    outer loop
      vertex -8.871623e-03 -7.439057e-03 2.843653e-03
      vertex -9.152923e-03 -6.727512e-03 2.889877e-03
      vertex -9.258162e-03 -6.727512e-03 2.153762e-03
    endloop
  endfacet
  facet normal -8.906269e-01 4.456728e-01 9.032942e-02
    outer loop
      vertex -8.729372e-03 8.147843e-03 1.393470e-03
      vertex -8.321657e-03 8.831626e-03 2.039755e-03
      vertex -8.389999e-03 8.831626e-03 1.365917e-03
    endloop
  endfacet
  facet normal -9.073388e-01 4.102046e-01 9.202450e-02
    outer loop
      vertex -8.957604e-03 7.480658e-03 2.117173e-03
      vertex -8.729372e-03 8.147843e-03 1.393470e-03
      vertex -9.028541e-03 7.480658e-03 1.417760e-03
    endloop
  endfacet
  facet normal -9.495909e-01 2.983317e-01 9.630898e-02
    outer loop
      vertex -9.723025e-03 5.324257e-03 2.210353e-03
      vertex -9.573413e-03 6.042062e-03 1.461998e-03
      vertex -9.797083e-03 5.324257e-03 1.480157e-03
    endloop
  endfacet
  facet normal -9.705747e-01 2.197610e-01 9.843713e-02
    outer loop
      vertex -1.008732e-02 3.845541e-03 2.254701e-03
      vertex -9.934780e-03 4.527545e-03 2.236131e-03
      vertex -1.016286e-02 3.845541e-03 1.509855e-03
    endloop
  endfacet
  facet normal -9.782781e-01 1.820091e-01 9.922003e-02
    outer loop
      vertex -1.022637e-02 3.088906e-03 2.271629e-03
      vertex -1.016286e-02 3.845541e-03 1.509855e-03
      vertex -1.030248e-02 3.088906e-03 1.521191e-03
    endloop
  endfacet
  facet normal -9.848859e-01 1.414982e-01 9.989021e-02
    outer loop
      vertex -1.022637e-02 3.088906e-03 2.271629e-03
      vertex -1.030248e-02 3.088906e-03 1.521191e-03
      vertex -1.041460e-02 2.302094e-03 1.530294e-03
    endloop
  endfacet
  facet normal -9.898203e-01 1.008846e-01 1.003893e-01
    outer loop
      vertex -1.041460e-02 1.541591e-03 2.294544e-03
      vertex -1.033804e-02 2.302094e-03 2.285223e-03
      vertex -1.049148e-02 1.541591e-03 1.536536e-03
    endloop
  endfacet
  facet normal -9.930603e-01 6.072020e-02 1.007194e-01
    outer loop
      vertex -1.046110e-02 7.717977e-04 2.300204e-03
      vertex -1.049148e-02 1.541591e-03 1.536536e-03
      vertex -1.053817e-02 7.717977e-04 1.540326e-03
    endloop
  endfacet
  facet normal -9.946919e-01 2.025623e-02 1.008849e-01
    outer loop
      vertex -1.046110e-02 7.717977e-04 2.300204e-03
      vertex -1.053817e-02 7.717977e-04 1.540326e-03
      vertex -1.055375e-02 3.774758e-18 1.541591e-03
    endloop
  endfacet
  facet normal -9.947096e-01 -1.936568e-02 1.008849e-01
    outer loop
      vertex -1.047662e-02 2.020606e-17 2.302094e-03
      vertex -1.055375e-02 3.774758e-18 1.541591e-03
      vertex -1.046243e-02 -7.378471e-04 2.300366e-03
    endloop
  endfacet
  facet normal -9.947095e-01 -1.936481e-02 1.008858e-01
    outer loop
      vertex -1.046243e-02 -7.378471e-04 2.300366e-03
      vertex -1.055375e-02 3.774758e-18 1.541591e-03
      vertex -1.053951e-02 -7.378471e-04 1.540435e-03
    endloop
  endfacet
  facet normal -9.931732e-01 -5.882468e-02 1.007306e-01
    outer loop
      vertex -1.041765e-02 -1.503341e-03 2.294914e-03
      vertex -1.046243e-02 -7.378471e-04 2.300366e-03
      vertex -1.049454e-02 -1.503341e-03 1.536784e-03
    endloop
  endfacet
  facet normal -9.705097e-01 -2.200501e-01 9.843174e-02
    outer loop
      vertex -1.008897e-02 -3.837476e-03 2.254902e-03
      vertex -1.016452e-02 -3.837476e-03 1.509989e-03
      vertex -1.000507e-02 -4.546499e-03 1.497044e-03
    endloop
  endfacet
  facet normal -9.613175e-01 -2.576098e-01 9.749843e-02
    outer loop
      vertex -9.739079e-03 -5.268378e-03 2.212307e-03
      vertex -9.930166e-03 -4.546499e-03 2.235570e-03
      vertex -1.000507e-02 -4.546499e-03 1.497044e-03
    endloop
  endfacet
  facet normal -9.103111e-01 4.102025e-01 5.538643e-02
    outer loop
      vertex -9.028541e-03 7.480658e-03 1.417760e-03
      vertex -8.771709e-03 8.147843e-03 6.976408e-04
      vertex -9.071615e-03 7.480658e-03 7.098013e-04
    endloop
  endfacet
  facet normal -9.281110e-01 3.632790e-01 8.147565e-02
    outer loop
      vertex -9.239072e-03 6.778241e-03 2.151438e-03
      vertex -9.028541e-03 7.480658e-03 1.417760e-03
      vertex -9.333042e-03 6.778241e-03 1.080997e-03
    endloop
  endfacet
  facet normal -9.256130e-01 3.742578e-01 5.631746e-02
    outer loop
      vertex -9.333042e-03 6.778241e-03 1.080997e-03
      vertex -9.028541e-03 7.480658e-03 1.417760e-03
      vertex -9.354928e-03 6.778241e-03 7.212890e-04
    endloop
  endfacet
  facet normal -9.256130e-01 3.742578e-01 5.631745e-02
    outer loop
      vertex -9.028541e-03 7.480658e-03 1.417760e-03
      vertex -9.071615e-03 7.480658e-03 7.098013e-04
      vertex -9.354928e-03 6.778241e-03 7.212890e-04
    endloop
  endfacet
  facet normal -9.341109e-01 3.474369e-01 8.200236e-02
    outer loop
      vertex -9.573413e-03 6.042062e-03 1.461998e-03
      vertex -9.239072e-03 6.778241e-03 2.151438e-03
      vertex -9.333042e-03 6.778241e-03 1.080997e-03
    endloop
  endfacet
  facet normal -9.399453e-01 3.365001e-01 5.718907e-02
    outer loop
      vertex -9.573413e-03 6.042062e-03 1.461998e-03
      vertex -9.333042e-03 6.778241e-03 1.080997e-03
      vertex -9.617831e-03 6.042062e-03 7.319491e-04
    endloop
  endfacet
  facet normal -9.399453e-01 3.364999e-01 5.718948e-02
    outer loop
      vertex -9.333042e-03 6.778241e-03 1.080997e-03
      vertex -9.354928e-03 6.778241e-03 7.212890e-04
      vertex -9.617831e-03 6.042062e-03 7.319491e-04
    endloop
  endfacet
  facet normal -9.571026e-01 2.861917e-01 4.526488e-02
    outer loop
      vertex -9.797083e-03 5.324257e-03 1.480157e-03
      vertex -9.617831e-03 6.042062e-03 7.319491e-04
      vertex -9.849562e-03 5.324257e-03 3.705204e-04
    endloop
  endfacet
  facet normal -9.633875e-01 2.642131e-01 4.556211e-02
    outer loop
      vertex -9.797083e-03 5.324257e-03 1.480157e-03
      vertex -9.849562e-03 5.324257e-03 3.705204e-04
      vertex -1.003245e-02 4.527545e-03 1.123552e-03
    endloop
  endfacet
  facet normal -9.814820e-01 1.820083e-01 5.971658e-02
    outer loop
      vertex -1.030248e-02 3.088906e-03 1.521191e-03
      vertex -1.020873e-02 3.845541e-03 7.559088e-04
      vertex -1.034870e-02 3.088906e-03 7.615841e-04
    endloop
  endfacet
  facet normal -9.881113e-01 1.414977e-01 6.011993e-02
    outer loop
      vertex -1.041460e-02 2.302094e-03 1.530294e-03
      vertex -1.030248e-02 3.088906e-03 1.521191e-03
      vertex -1.046110e-02 2.302094e-03 7.661414e-04
    endloop
  endfacet
  facet normal -9.881113e-01 1.414977e-01 6.011993e-02
    outer loop
      vertex -1.030248e-02 3.088906e-03 1.521191e-03
      vertex -1.034870e-02 3.088906e-03 7.615841e-04
      vertex -1.046110e-02 2.302094e-03 7.661414e-04
    endloop
  endfacet
  facet normal -9.930616e-01 1.008851e-01 6.042254e-02
    outer loop
      vertex -1.049148e-02 1.541591e-03 1.536536e-03
      vertex -1.046110e-02 2.302094e-03 7.661414e-04
      vertex -1.053817e-02 1.541591e-03 7.692664e-04
    endloop
  endfacet
  facet normal -9.963125e-01 6.071999e-02 6.061818e-02
    outer loop
      vertex -1.053817e-02 7.717977e-04 1.540326e-03
      vertex -1.049148e-02 1.541591e-03 1.536536e-03
      vertex -1.058496e-02 7.717977e-04 7.711639e-04
    endloop
  endfacet
  facet normal -9.963125e-01 6.071784e-02 6.062034e-02
    outer loop
      vertex -1.049148e-02 1.541591e-03 1.536536e-03
      vertex -1.053817e-02 1.541591e-03 7.692664e-04
      vertex -1.058496e-02 7.717977e-04 7.711639e-04
    endloop
  endfacet
  facet normal -9.979494e-01 2.025822e-02 6.071778e-02
    outer loop
      vertex -1.053817e-02 7.717977e-04 1.540326e-03
      vertex -1.058496e-02 7.717977e-04 7.711639e-04
      vertex -1.060059e-02 -7.771561e-18 7.717977e-04
    endloop
  endfacet
  facet normal -9.964257e-01 -5.882378e-02 6.062611e-02
    outer loop
      vertex -1.049454e-02 -1.503341e-03 1.536784e-03
      vertex -1.053951e-02 -7.378471e-04 1.540435e-03
      vertex -1.054123e-02 -1.503341e-03 7.693906e-04
    endloop
  endfacet
  facet normal -9.964258e-01 -5.882339e-02 6.062573e-02
    outer loop
      vertex -1.053951e-02 -7.378471e-04 1.540435e-03
      vertex -1.058631e-02 -7.378471e-04 7.712185e-04
      vertex -1.054123e-02 -1.503341e-03 7.693906e-04
    endloop
  endfacet
  facet normal -9.932061e-01 -9.944751e-02 6.043022e-02
    outer loop
      vertex -1.041660e-02 -2.285572e-03 1.530456e-03
      vertex -1.049454e-02 -1.503341e-03 1.536784e-03
      vertex -1.054123e-02 -1.503341e-03 7.693906e-04
    endloop
  endfacet
  facet normal -9.644658e-01 -2.576086e-01 5.868159e-02
    outer loop
      vertex -1.000507e-02 -4.546499e-03 1.497044e-03
      vertex -1.005055e-02 -4.546499e-03 7.494949e-04
      vertex -9.813203e-03 -5.268378e-03 1.481466e-03
    endloop
  endfacet
  facet normal -9.404163e-01 -3.351765e-01 5.721867e-02
    outer loop
      vertex -9.617605e-03 -6.042738e-03 7.319399e-04
      vertex -9.374144e-03 -6.727512e-03 7.220681e-04
      vertex -9.330324e-03 -6.727512e-03 1.442261e-03
    endloop
  endfacet
  facet normal -8.933766e-01 -4.460086e-01 5.435653e-02
    outer loop
      vertex -8.387391e-03 -8.836626e-03 1.365705e-03
      vertex -8.725668e-03 -8.155694e-03 1.393170e-03
      vertex -8.428885e-03 -8.836626e-03 6.837401e-04
    endloop
  endfacet
  facet normal -9.120217e-01 4.100857e-01 6.790366e-03
    outer loop
      vertex -8.771709e-03 8.147843e-03 6.976408e-04
      vertex -8.779387e-03 8.147843e-03 -3.334762e-04
      vertex -9.071615e-03 7.480658e-03 7.098013e-04
    endloop
  endfacet
  facet normal -9.414902e-01 3.364998e-01 1.907936e-02
    outer loop
      vertex -9.617831e-03 6.042062e-03 7.319491e-04
      vertex -9.354928e-03 6.778241e-03 7.212890e-04
      vertex -9.369545e-03 6.778241e-03 -4.796163e-17
    endloop
  endfacet
  facet normal -9.414900e-01 3.365003e-01 1.907994e-02
    outer loop
      vertex -9.617831e-03 6.042062e-03 7.319491e-04
      vertex -9.369545e-03 6.778241e-03 -4.796163e-17
      vertex -9.632665e-03 6.042062e-03 -5.595524e-17
    endloop
  endfacet
  facet normal -9.542667e-01 2.983304e-01 1.933887e-02
    outer loop
      vertex -9.617831e-03 6.042062e-03 7.319491e-04
      vertex -9.632665e-03 6.042062e-03 -5.595524e-17
      vertex -9.849562e-03 5.324257e-03 3.705204e-04
    endloop
  endfacet
  facet normal -9.718023e-01 2.335024e-01 3.281576e-02
    outer loop
      vertex -1.020873e-02 3.845541e-03 7.559088e-04
      vertex -1.003245e-02 4.527545e-03 1.123552e-03
      vertex -1.007039e-02 4.527545e-03 -6.306067e-17
    endloop
  endfacet
  facet normal -9.797840e-01 2.000548e-01 1.177518e-03
    outer loop
      vertex -1.020873e-02 3.845541e-03 7.559088e-04
      vertex -1.007039e-02 4.527545e-03 -6.306067e-17
      vertex -1.036413e-02 3.088906e-03 -5.595524e-17
    endloop
  endfacet
  facet normal -9.897354e-01 1.414976e-01 2.005674e-02
    outer loop
      vertex -1.046110e-02 2.302094e-03 7.661414e-04
      vertex -1.034870e-02 3.088906e-03 7.615841e-04
      vertex -1.036413e-02 3.088906e-03 -5.595524e-17
    endloop
  endfacet
  facet normal -9.897352e-01 1.414990e-01 2.005817e-02
    outer loop
      vertex -1.046110e-02 2.302094e-03 7.661414e-04
      vertex -1.036413e-02 3.088906e-03 -5.595524e-17
      vertex -1.047662e-02 2.302094e-03 -2.575717e-17
    endloop
  endfacet
  facet normal -9.946940e-01 1.008833e-01 2.015693e-02
    outer loop
      vertex -1.053817e-02 1.541591e-03 7.692664e-04
      vertex -1.047662e-02 2.302094e-03 -2.575717e-17
      vertex -1.055375e-02 1.541591e-03 -3.108624e-17
    endloop
  endfacet
  facet normal -9.979500e-01 6.071782e-02 2.022498e-02
    outer loop
      vertex -1.058496e-02 7.717977e-04 7.711639e-04
      vertex -1.053817e-02 1.541591e-03 7.692664e-04
      vertex -1.060059e-02 7.717977e-04 -2.398082e-17
    endloop
  endfacet
  facet normal -9.979500e-01 6.071988e-02 2.022291e-02
    outer loop
      vertex -1.053817e-02 1.541591e-03 7.692664e-04
      vertex -1.055375e-02 1.541591e-03 -3.108624e-17
      vertex -1.060059e-02 7.717977e-04 -2.398082e-17
    endloop
  endfacet
  facet normal -9.995896e-01 2.025821e-02 2.025640e-02
    outer loop
      vertex -1.060059e-02 -7.771561e-18 7.717977e-04
      vertex -1.058496e-02 7.717977e-04 7.711639e-04
      vertex -1.061623e-02 1.310063e-17 -7.371881e-17
    endloop
  endfacet
  facet normal -9.899585e-01 -1.399277e-01 2.006241e-02
    outer loop
      vertex -1.047863e-02 -2.285572e-03 -6.128431e-17
      vertex -1.037119e-02 -3.045667e-03 -5.240253e-17
      vertex -1.035575e-02 -3.045667e-03 7.618699e-04
    endloop
  endfacet
  facet normal -9.660510e-01 -2.576085e-01 1.957787e-02
    outer loop
      vertex -1.005055e-02 -4.546499e-03 7.494949e-04
      vertex -1.006574e-02 -4.546499e-03 -4.085621e-17
      vertex -9.873244e-03 -5.268378e-03 -6.750156e-17
    endloop
  endfacet
  facet normal -9.660511e-01 -2.576082e-01 1.957754e-02
    outer loop
      vertex -1.005055e-02 -4.546499e-03 7.494949e-04
      vertex -9.873244e-03 -5.268378e-03 -6.750156e-17
      vertex -9.858213e-03 -5.268378e-03 7.416960e-04
    endloop
  endfacet
  facet normal -9.419619e-01 -3.351766e-01 1.908947e-02
    outer loop
      vertex -9.632439e-03 -6.042738e-03 -5.062617e-17
      vertex -9.388777e-03 -6.727512e-03 -1.509903e-17
      vertex -9.374144e-03 -6.727512e-03 7.220681e-04
    endloop
  endfacet
  facet normal -9.281080e-01 -3.718358e-01 1.880871e-02
    outer loop
      vertex -9.374144e-03 -6.727512e-03 7.220681e-04
      vertex -9.388777e-03 -6.727512e-03 -1.509903e-17
      vertex -9.103704e-03 -7.439057e-03 -4.263256e-17
    endloop
  endfacet
  facet normal -9.121999e-01 -4.093283e-01 1.848562e-02
    outer loop
      vertex -9.089306e-03 -7.439057e-03 7.105186e-04
      vertex -9.103704e-03 -7.439057e-03 -4.263256e-17
      vertex -8.767996e-03 -8.155694e-03 6.974903e-04
    endloop
  endfacet
  facet normal -9.118206e-01 4.102086e-01 -1.766512e-02
    outer loop
      vertex -9.085999e-03 7.480658e-03 -2.575717e-17
      vertex -8.779387e-03 8.147843e-03 -3.334762e-04
      vertex -9.072853e-03 7.480658e-03 -6.785780e-04
    endloop
  endfacet
  facet normal -9.629859e-01 2.694946e-01 -5.547035e-03
    outer loop
      vertex -9.849562e-03 5.324257e-03 3.705204e-04
      vertex -9.843347e-03 5.324257e-03 -7.084432e-04
      vertex -1.007039e-02 4.527545e-03 -6.306067e-17
    endloop
  endfacet
  facet normal -9.797845e-01 2.000549e-01 5.565182e-04
    outer loop
      vertex -1.007039e-02 4.527545e-03 -6.306067e-17
      vertex -1.021005e-02 3.845541e-03 -7.226572e-04
      vertex -1.036413e-02 3.088906e-03 -5.595524e-17
    endloop
  endfacet
  facet normal -9.947114e-01 1.008860e-01 -1.926988e-02
    outer loop
      vertex -1.055375e-02 1.541591e-03 -3.108624e-17
      vertex -1.046243e-02 2.302094e-03 -7.324398e-04
      vertex -1.053951e-02 1.541591e-03 -7.354272e-04
    endloop
  endfacet
  facet normal -9.979676e-01 6.071954e-02 -1.933444e-02
    outer loop
      vertex -1.060059e-02 7.717977e-04 -2.398082e-17
      vertex -1.053951e-02 1.541591e-03 -7.354272e-04
      vertex -1.058631e-02 7.717977e-04 -7.372413e-04
    endloop
  endfacet
  facet normal -9.996072e-01 2.025713e-02 -1.936621e-02
    outer loop
      vertex -1.060059e-02 7.717977e-04 -2.398082e-17
      vertex -1.058631e-02 7.717977e-04 -7.372413e-04
      vertex -1.060194e-02 6.883383e-17 -7.378471e-04
    endloop
  endfacet
  facet normal -9.996249e-01 -1.936518e-02 -1.936518e-02
    outer loop
      vertex -1.060194e-02 -7.378471e-04 -6.572520e-17
      vertex -1.060194e-02 6.883383e-17 -7.378471e-04
      vertex -1.058765e-02 -7.378471e-04 -7.372935e-04
    endloop
  endfacet
  facet normal -9.948560e-01 -9.944874e-02 -1.927282e-02
    outer loop
      vertex -1.047863e-02 -2.285572e-03 -6.128431e-17
      vertex -1.054257e-02 -1.503341e-03 -7.355460e-04
      vertex -1.046444e-02 -2.285572e-03 -7.325174e-04
    endloop
  endfacet
  facet normal -9.753049e-01 -2.200528e-01 -1.889534e-02
    outer loop
      vertex -1.006574e-02 -4.546499e-03 -4.085621e-17
      vertex -1.022571e-02 -3.837476e-03 -4.440892e-17
      vertex -1.021171e-02 -3.837476e-03 -7.227215e-04
    endloop
  endfacet
  facet normal -9.547304e-01 -2.968968e-01 -1.849649e-02
    outer loop
      vertex -9.632439e-03 -6.042738e-03 -5.062617e-17
      vertex -9.859508e-03 -5.268378e-03 -7.090696e-04
      vertex -9.618882e-03 -6.042738e-03 -6.997427e-04
    endloop
  endfacet
  facet normal -9.419768e-01 -3.351816e-01 -1.824904e-02
    outer loop
      vertex -9.388777e-03 -6.727512e-03 -1.509903e-17
      vertex -9.618882e-03 -6.042738e-03 -6.997427e-04
      vertex -9.375403e-03 -6.727512e-03 -6.903052e-04
    endloop
  endfacet
  facet normal -9.281221e-01 -3.718415e-01 -1.798063e-02
    outer loop
      vertex -9.103704e-03 -7.439057e-03 -4.263256e-17
      vertex -9.388777e-03 -6.727512e-03 -1.509903e-17
      vertex -9.375403e-03 -6.727512e-03 -6.903052e-04
    endloop
  endfacet
  facet normal -8.948578e-01 -4.460146e-01 -1.733666e-02
    outer loop
      vertex -8.442740e-03 -8.836626e-03 -4.796163e-17
      vertex -8.769212e-03 -8.155694e-03 -6.668084e-04
      vertex -8.430077e-03 -8.836626e-03 -6.536632e-04
    endloop
  endfacet
  facet normal -9.039822e-01 -4.275278e-01 6.009040e-03
    outer loop
      vertex -9.103704e-03 -7.439057e-03 -4.263256e-17
      vertex -8.769212e-03 -8.155694e-03 -6.668084e-04
      vertex -8.442740e-03 -8.836626e-03 -4.796163e-17
    endloop
  endfacet
  facet normal -8.988316e-01 4.363334e-01 -4.141016e-02
    outer loop
      vertex -8.779387e-03 8.147843e-03 -3.334762e-04
      vertex -8.432692e-03 8.831626e-03 -6.537645e-04
      vertex -8.732144e-03 8.147843e-03 -1.358895e-03
    endloop
  endfacet
  facet normal -9.257180e-01 3.742585e-01 -5.455966e-02
    outer loop
      vertex -9.356186e-03 6.778241e-03 -6.895603e-04
      vertex -9.072853e-03 7.480658e-03 -6.785780e-04
      vertex -9.314022e-03 6.778241e-03 -1.404958e-03
    endloop
  endfacet
  facet normal -9.257179e-01 3.742586e-01 -5.455983e-02
    outer loop
      vertex -9.072853e-03 7.480658e-03 -6.785780e-04
      vertex -9.031361e-03 7.480658e-03 -1.382582e-03
      vertex -9.314022e-03 6.778241e-03 -1.404958e-03
    endloop
  endfacet
  facet normal -9.400518e-01 3.365012e-01 -5.540394e-02
    outer loop
      vertex -9.619108e-03 6.042062e-03 -6.997515e-04
      vertex -9.356186e-03 6.778241e-03 -6.895603e-04
      vertex -9.576322e-03 6.042062e-03 -1.425722e-03
    endloop
  endfacet
  facet normal -9.528089e-01 2.983315e-01 -5.615670e-02
    outer loop
      vertex -9.843347e-03 5.324257e-03 -7.084432e-04
      vertex -9.576322e-03 6.042062e-03 -1.425722e-03
      vertex -9.800028e-03 5.324257e-03 -1.443431e-03
    endloop
  endfacet
  facet normal -9.643140e-01 2.585893e-01 -5.683386e-02
    outer loop
      vertex -1.005650e-02 4.527545e-03 -7.167055e-04
      vertex -9.800028e-03 5.324257e-03 -1.443431e-03
      vertex -1.001268e-02 4.527545e-03 -1.460265e-03
    endloop
  endfacet
  facet normal -9.857681e-01 1.635348e-01 -3.895654e-02
    outer loop
      vertex -1.036413e-02 3.088906e-03 -5.595524e-17
      vertex -1.021005e-02 3.845541e-03 -7.226572e-04
      vertex -1.030551e-02 3.088906e-03 -1.483446e-03
    endloop
  endfacet
  facet normal -9.815937e-01 1.820081e-01 -5.785276e-02
    outer loop
      vertex -1.021005e-02 3.845541e-03 -7.226572e-04
      vertex -1.016587e-02 3.845541e-03 -1.472392e-03
      vertex -1.030551e-02 3.088906e-03 -1.483446e-03
    endloop
  endfacet
  facet normal -9.864240e-01 1.595246e-01 -3.898246e-02
    outer loop
      vertex -1.046243e-02 2.302094e-03 -7.324398e-04
      vertex -1.036413e-02 3.088906e-03 -5.595524e-17
      vertex -1.030551e-02 3.088906e-03 -1.483446e-03
    endloop
  endfacet
  facet normal -9.882236e-01 1.414980e-01 -5.824449e-02
    outer loop
      vertex -1.046243e-02 2.302094e-03 -7.324398e-04
      vertex -1.030551e-02 3.088906e-03 -1.483446e-03
      vertex -1.041765e-02 2.302094e-03 -1.492323e-03
    endloop
  endfacet
  facet normal -9.931747e-01 1.008845e-01 -5.853561e-02
    outer loop
      vertex -1.053951e-02 1.541591e-03 -7.354272e-04
      vertex -1.046243e-02 2.302094e-03 -7.324398e-04
      vertex -1.049454e-02 1.541591e-03 -1.498410e-03
    endloop
  endfacet
  facet normal -9.931746e-01 1.008851e-01 -5.853629e-02
    outer loop
      vertex -1.046243e-02 2.302094e-03 -7.324398e-04
      vertex -1.041765e-02 2.302094e-03 -1.492323e-03
      vertex -1.049454e-02 1.541591e-03 -1.498410e-03
    endloop
  endfacet
  facet normal -9.964258e-01 6.071864e-02 -5.872723e-02
    outer loop
      vertex -1.053951e-02 1.541591e-03 -7.354272e-04
      vertex -1.049454e-02 1.541591e-03 -1.498410e-03
      vertex -1.058631e-02 7.717977e-04 -7.372413e-04
    endloop
  endfacet
  facet normal -9.965390e-01 -5.882435e-02 -5.873438e-02
    outer loop
      vertex -1.054257e-02 -1.503341e-03 -7.355460e-04
      vertex -1.058765e-02 -7.378471e-04 -7.372935e-04
      vertex -1.049759e-02 -1.503341e-03 -1.498652e-03
    endloop
  endfacet
  facet normal -9.965390e-01 -5.882440e-02 -5.873433e-02
    outer loop
      vertex -1.058765e-02 -7.378471e-04 -7.372935e-04
      vertex -1.054257e-02 -7.378471e-04 -1.502213e-03
      vertex -1.049759e-02 -1.503341e-03 -1.498652e-03
    endloop
  endfacet
  facet normal -9.933191e-01 -9.944727e-02 -5.854460e-02
    outer loop
      vertex -1.046444e-02 -2.285572e-03 -7.325174e-04
      vertex -1.054257e-02 -1.503341e-03 -7.355460e-04
      vertex -1.049759e-02 -1.503341e-03 -1.498652e-03
    endloop
  endfacet
  facet normal -9.818409e-01 -1.806649e-01 -5.786809e-02
    outer loop
      vertex -1.021171e-02 -3.837476e-03 -7.227215e-04
      vertex -1.035708e-02 -3.045667e-03 -7.283561e-04
      vertex -1.031254e-02 -3.045667e-03 -1.484003e-03
    endloop
  endfacet
  facet normal -9.702316e-01 -2.391774e-01 -3.801056e-02
    outer loop
      vertex -9.859508e-03 -5.268378e-03 -7.090696e-04
      vertex -1.021171e-02 -3.837476e-03 -7.227215e-04
      vertex -1.000805e-02 -4.546499e-03 -1.459898e-03
    endloop
  endfacet
  facet normal -9.645755e-01 -2.576086e-01 -5.684999e-02
    outer loop
      vertex -9.859508e-03 -5.268378e-03 -7.090696e-04
      vertex -1.000805e-02 -4.546499e-03 -1.459898e-03
      vertex -9.816151e-03 -5.268378e-03 -1.444707e-03
    endloop
  endfacet
  facet normal -9.532566e-01 -2.968927e-01 -5.618289e-02
    outer loop
      vertex -9.618882e-03 -6.042738e-03 -6.997427e-04
      vertex -9.859508e-03 -5.268378e-03 -7.090696e-04
      vertex -9.576096e-03 -6.042738e-03 -1.425704e-03
    endloop
  endfacet
  facet normal -9.405230e-01 -3.351772e-01 -5.543253e-02
    outer loop
      vertex -9.375403e-03 -6.727512e-03 -6.903052e-04
      vertex -9.576096e-03 -6.042738e-03 -1.425704e-03
      vertex -9.333194e-03 -6.727512e-03 -1.406475e-03
    endloop
  endfacet
  facet normal -9.266899e-01 -3.718370e-01 -5.461724e-02
    outer loop
      vertex -9.090545e-03 -7.439057e-03 -6.792637e-04
      vertex -9.375403e-03 -6.727512e-03 -6.903052e-04
      vertex -9.333194e-03 -6.727512e-03 -1.406475e-03
    endloop
  endfacet
  facet normal -9.108061e-01 -4.093294e-01 -5.368100e-02
    outer loop
      vertex -8.769212e-03 -8.155694e-03 -6.668084e-04
      vertex -9.090545e-03 -7.439057e-03 -6.792637e-04
      vertex -9.049010e-03 -7.439057e-03 -1.383979e-03
    endloop
  endfacet
  facet normal -8.934779e-01 -4.460093e-01 -5.265898e-02
    outer loop
      vertex -8.430077e-03 -8.836626e-03 -6.536632e-04
      vertex -8.769212e-03 -8.155694e-03 -6.668084e-04
      vertex -8.390108e-03 -8.836626e-03 -1.331818e-03
    endloop
  endfacet
  facet normal -8.907583e-01 4.456692e-01 -8.904290e-02
    outer loop
      vertex -8.732144e-03 8.147843e-03 -1.358895e-03
      vertex -8.392716e-03 8.831626e-03 -1.332025e-03
      vertex -8.323433e-03 8.831626e-03 -2.025116e-03
    endloop
  endfacet
  facet normal -9.001931e-01 4.260926e-01 -8.998562e-02
    outer loop
      vertex -9.031361e-03 7.480658e-03 -1.382582e-03
      vertex -8.612906e-03 8.147843e-03 -2.409498e-03
      vertex -8.959448e-03 7.480658e-03 -2.101979e-03
    endloop
  endfacet
  facet normal -9.227272e-01 3.742547e-01 -9.223891e-02
    outer loop
      vertex -9.314022e-03 6.778241e-03 -1.404958e-03
      vertex -8.959448e-03 7.480658e-03 -2.101979e-03
      vertex -9.240945e-03 6.778241e-03 -2.135998e-03
    endloop
  endfacet
  facet normal -9.497298e-01 2.983286e-01 -9.493895e-02
    outer loop
      vertex -9.800028e-03 5.324257e-03 -1.443431e-03
      vertex -9.576322e-03 6.042062e-03 -1.425722e-03
      vertex -9.724949e-03 5.324257e-03 -2.194490e-03
    endloop
  endfacet
  facet normal -9.497298e-01 2.983285e-01 -9.493880e-02
    outer loop
      vertex -9.576322e-03 6.042062e-03 -1.425722e-03
      vertex -9.502164e-03 6.042062e-03 -2.167566e-03
      vertex -9.724949e-03 5.324257e-03 -2.194490e-03
    endloop
  endfacet
  facet normal -9.611974e-01 2.585868e-01 -9.608512e-02
    outer loop
      vertex -9.800028e-03 5.324257e-03 -1.443431e-03
      vertex -9.936727e-03 4.527545e-03 -2.220083e-03
      vertex -1.001268e-02 4.527545e-03 -1.460265e-03
    endloop
  endfacet
  facet normal -9.784210e-01 1.820063e-01 -9.780648e-02
    outer loop
      vertex -1.030551e-02 3.088906e-03 -1.483446e-03
      vertex -1.016587e-02 3.845541e-03 -1.472392e-03
      vertex -1.022835e-02 3.088906e-03 -2.255326e-03
    endloop
  endfacet
  facet normal -9.850294e-01 1.414966e-01 -9.846708e-02
    outer loop
      vertex -1.030551e-02 3.088906e-03 -1.483446e-03
      vertex -1.022835e-02 3.088906e-03 -2.255326e-03
      vertex -1.041765e-02 2.302094e-03 -1.492323e-03
    endloop
  endfacet
  facet normal -9.899643e-01 1.008841e-01 -9.896022e-02
    outer loop
      vertex -1.049454e-02 1.541591e-03 -1.498410e-03
      vertex -1.041765e-02 2.302094e-03 -1.492323e-03
      vertex -1.041660e-02 1.541591e-03 -2.278076e-03
    endloop
  endfacet
  facet normal -9.899643e-01 1.008841e-01 -9.896021e-02
    outer loop
      vertex -1.041765e-02 2.302094e-03 -1.492323e-03
      vertex -1.034002e-02 2.302094e-03 -2.268822e-03
      vertex -1.041660e-02 1.541591e-03 -2.278076e-03
    endloop
  endfacet
  facet normal -9.932049e-01 6.071788e-02 -9.928417e-02
    outer loop
      vertex -1.049454e-02 1.541591e-03 -1.498410e-03
      vertex -1.041660e-02 1.541591e-03 -2.278076e-03
      vertex -1.046310e-02 7.717977e-04 -2.283695e-03
    endloop
  endfacet
  facet normal -9.901084e-01 -9.944648e-02 -9.897384e-02
    outer loop
      vertex -1.041964e-02 -2.285572e-03 -1.492481e-03
      vertex -1.049759e-02 -1.503341e-03 -1.498652e-03
      vertex -1.034202e-02 -2.285572e-03 -2.269063e-03
    endloop
  endfacet
  facet normal -9.852514e-01 -1.399270e-01 -9.848884e-02
    outer loop
      vertex -1.041964e-02 -2.285572e-03 -1.492481e-03
      vertex -1.023535e-02 -3.045667e-03 -2.256172e-03
      vertex -1.031254e-02 -3.045667e-03 -1.484003e-03
    endloop
  endfacet
  facet normal -9.786676e-01 -1.806623e-01 -9.783086e-02
    outer loop
      vertex -1.016752e-02 -3.837476e-03 -1.472523e-03
      vertex -1.031254e-02 -3.045667e-03 -1.484003e-03
      vertex -1.009093e-02 -3.837476e-03 -2.238719e-03
    endloop
  endfacet
  facet normal -9.026234e-01 -4.243812e-01 -7.191415e-02
    outer loop
      vertex -8.769212e-03 -8.155694e-03 -6.668084e-04
      vertex -9.049010e-03 -7.439057e-03 -1.383979e-03
      vertex -8.657773e-03 -8.155694e-03 -2.065521e-03
    endloop
  endfacet
  facet normal -8.995788e-01 -4.308378e-01 -7.167158e-02
    outer loop
      vertex -8.390108e-03 -8.836626e-03 -1.331818e-03
      vertex -8.769212e-03 -8.155694e-03 -6.668084e-04
      vertex -8.657773e-03 -8.155694e-03 -2.065521e-03
    endloop
  endfacet
  facet normal -9.181976e-01 3.742579e-01 -1.297851e-01
    outer loop
      vertex -9.240945e-03 6.778241e-03 -2.135998e-03
      vertex -8.959448e-03 7.480658e-03 -2.101979e-03
      vertex -9.140538e-03 6.778241e-03 -2.846350e-03
    endloop
  endfacet
  facet normal -9.324148e-01 3.365009e-01 -1.317946e-01
    outer loop
      vertex -9.502164e-03 6.042062e-03 -2.167566e-03
      vertex -9.240945e-03 6.778241e-03 -2.135998e-03
      vertex -9.400273e-03 6.042062e-03 -2.888417e-03
    endloop
  endfacet
  facet normal -9.450681e-01 2.983324e-01 -1.335818e-01
    outer loop
      vertex -9.724949e-03 5.324257e-03 -2.194490e-03
      vertex -9.400273e-03 6.042062e-03 -2.888417e-03
      vertex -9.621794e-03 5.324257e-03 -2.924294e-03
    endloop
  endfacet
  facet normal -9.801953e-01 1.414982e-01 -1.385475e-01
    outer loop
      vertex -1.022835e-02 3.088906e-03 -2.255326e-03
      vertex -1.012234e-02 3.088906e-03 -3.005362e-03
      vertex -1.034002e-02 2.302094e-03 -2.268822e-03
    endloop
  endfacet
  facet normal -9.883308e-01 6.071848e-02 -1.396982e-01
    outer loop
      vertex -1.046310e-02 7.717977e-04 -2.283695e-03
      vertex -1.030951e-02 1.541591e-03 -3.035678e-03
      vertex -1.035575e-02 7.717977e-04 -3.043166e-03
    endloop
  endfacet
  facet normal -9.899721e-01 -1.936558e-02 -1.399296e-01
    outer loop
      vertex -1.047863e-02 6.217249e-17 -2.285572e-03
      vertex -1.037119e-02 -1.332268e-17 -3.045667e-03
      vertex -1.035708e-02 -7.378471e-04 -3.043382e-03
    endloop
  endfacet
  facet normal -9.738642e-01 -1.806656e-01 -1.376533e-01
    outer loop
      vertex -9.985695e-03 -3.837476e-03 -2.983232e-03
      vertex -1.009093e-02 -3.837476e-03 -2.238719e-03
      vertex -1.005750e-02 -3.441571e-03 -2.994861e-03
    endloop
  endfacet
  facet normal -9.567396e-01 -2.576079e-01 -1.352316e-01
    outer loop
      vertex -9.932112e-03 -4.546499e-03 -2.219526e-03
      vertex -9.827780e-03 -4.546499e-03 -2.957656e-03
      vertex -9.741006e-03 -5.268378e-03 -2.196430e-03
    endloop
  endfacet
  facet normal -9.455124e-01 -2.968921e-01 -1.336464e-01
    outer loop
      vertex -9.501940e-03 -6.042738e-03 -2.167539e-03
      vertex -9.637758e-03 -5.268378e-03 -2.926880e-03
      vertex -9.400050e-03 -6.042738e-03 -2.888381e-03
    endloop
  endfacet
  facet normal -9.191617e-01 -3.718368e-01 -1.299203e-01
    outer loop
      vertex -8.977024e-03 -7.439057e-03 -2.104103e-03
      vertex -9.260037e-03 -6.727512e-03 -2.138305e-03
      vertex -8.878118e-03 -7.439057e-03 -2.803848e-03
    endloop
  endfacet
  facet normal -9.034066e-01 -4.093296e-01 -1.276942e-01
    outer loop
      vertex -8.657773e-03 -8.155694e-03 -2.065521e-03
      vertex -8.878118e-03 -7.439057e-03 -2.803848e-03
      vertex -8.560679e-03 -8.155694e-03 -2.752435e-03
    endloop
  endfacet
  facet normal -8.874714e-01 4.354743e-01 -1.508529e-01
    outer loop
      vertex -8.612906e-03 8.147843e-03 -2.409498e-03
      vertex -8.228239e-03 8.831626e-03 -2.698593e-03
      vertex -8.432852e-03 8.147843e-03 -3.468759e-03
    endloop
  endfacet
  facet normal -8.941437e-01 4.211971e-01 -1.519870e-01
    outer loop
      vertex -8.860641e-03 7.480658e-03 -2.801017e-03
      vertex -8.612906e-03 8.147843e-03 -2.409498e-03
      vertex -8.432852e-03 8.147843e-03 -3.468759e-03
    endloop
  endfacet
  facet normal -9.120621e-01 3.742506e-01 -1.675687e-01
    outer loop
      vertex -9.140538e-03 6.778241e-03 -2.846350e-03
      vertex -8.726851e-03 7.480658e-03 -3.529222e-03
      vertex -9.004583e-03 6.778241e-03 -3.586340e-03
    endloop
  endfacet
  facet normal -9.261830e-01 3.364959e-01 -1.701631e-01
    outer loop
      vertex -9.140538e-03 6.778241e-03 -2.846350e-03
      vertex -9.004583e-03 6.778241e-03 -3.586340e-03
      vertex -9.262310e-03 6.042062e-03 -3.639344e-03
    endloop
  endfacet
  facet normal -9.500868e-01 2.585841e-01 -1.745549e-01
    outer loop
      vertex -9.832368e-03 4.527545e-03 -2.958399e-03
      vertex -9.482116e-03 5.324257e-03 -3.684549e-03
      vertex -9.691061e-03 4.527545e-03 -3.727520e-03
    endloop
  endfacet
  facet normal -9.594953e-01 2.197567e-01 -1.762834e-01
    outer loop
      vertex -9.832368e-03 4.527545e-03 -2.958399e-03
      vertex -9.691061e-03 4.527545e-03 -3.727520e-03
      vertex -9.841576e-03 3.845541e-03 -3.758475e-03
    endloop
  endfacet
  facet normal -9.671108e-01 1.820048e-01 -1.776824e-01
    outer loop
      vertex -1.012234e-02 3.088906e-03 -3.005362e-03
      vertex -9.984056e-03 3.845541e-03 -2.982966e-03
      vertex -9.978786e-03 3.088906e-03 -3.786693e-03
    endloop
  endfacet
  facet normal -9.736427e-01 1.414957e-01 -1.788824e-01
    outer loop
      vertex -1.023338e-02 2.302094e-03 -3.023347e-03
      vertex -1.012234e-02 3.088906e-03 -3.005362e-03
      vertex -9.978786e-03 3.088906e-03 -3.786693e-03
    endloop
  endfacet
  facet normal -9.785205e-01 1.008819e-01 -1.797790e-01
    outer loop
      vertex -1.030951e-02 1.541591e-03 -3.035678e-03
      vertex -1.023338e-02 2.302094e-03 -3.023347e-03
      vertex -1.008897e-02 2.302094e-03 -3.809353e-03
    endloop
  endfacet
  facet normal -9.833364e-01 2.025720e-02 -1.806630e-01
    outer loop
      vertex -1.035575e-02 7.717977e-04 -3.043166e-03
      vertex -1.021039e-02 7.717977e-04 -3.834325e-03
      vertex -1.037119e-02 -1.332268e-17 -3.045667e-03
    endloop
  endfacet
  facet normal -9.786629e-01 -9.944557e-02 -1.798039e-01
    outer loop
      vertex -1.023535e-02 -2.285572e-03 -3.023667e-03
      vertex -1.016752e-02 -1.503341e-03 -3.825508e-03
      vertex -1.009093e-02 -2.285572e-03 -3.809756e-03
    endloop
  endfacet
  facet normal -9.673548e-01 -1.806599e-01 -1.777267e-01
    outer loop
      vertex -1.012930e-02 -3.045667e-03 -3.006490e-03
      vertex -9.985695e-03 -3.045667e-03 -3.788114e-03
      vertex -1.005750e-02 -3.441571e-03 -2.994861e-03
    endloop
  endfacet
  facet normal -9.503442e-01 -2.576047e-01 -1.746017e-01
    outer loop
      vertex -9.827780e-03 -4.546499e-03 -2.957656e-03
      vertex -9.497957e-03 -5.268378e-03 -3.687807e-03
      vertex -9.637758e-03 -5.268378e-03 -2.926880e-03
    endloop
  endfacet
  facet normal -8.973701e-01 -4.093226e-01 -1.648691e-01
    outer loop
      vertex -8.560679e-03 -8.155694e-03 -2.752435e-03
      vertex -8.878118e-03 -7.439057e-03 -2.803848e-03
      vertex -8.429211e-03 -8.155694e-03 -3.468010e-03
    endloop
  endfacet
  facet normal -8.896278e-01 4.102108e-01 -2.007224e-01
    outer loop
      vertex -8.726851e-03 7.480658e-03 -3.529222e-03
      vertex -8.432852e-03 8.147843e-03 -3.468759e-03
      vertex -8.288249e-03 8.147843e-03 -4.109657e-03
    endloop
  endfacet
  facet normal -8.896278e-01 4.102108e-01 -2.007224e-01
    outer loop
      vertex -8.726851e-03 7.480658e-03 -3.529222e-03
      vertex -8.288249e-03 8.147843e-03 -4.109657e-03
      vertex -8.579728e-03 7.480658e-03 -4.181292e-03
    endloop
  endfacet
  facet normal -9.310565e-01 2.983369e-01 -2.100689e-01
    outer loop
      vertex -9.262310e-03 6.042062e-03 -3.639344e-03
      vertex -9.110597e-03 6.042062e-03 -4.311760e-03
      vertex -9.482116e-03 5.324257e-03 -3.684549e-03
    endloop
  endfacet
  facet normal -9.422992e-01 2.585944e-01 -2.126056e-01
    outer loop
      vertex -9.482116e-03 5.324257e-03 -3.684549e-03
      vertex -9.328518e-03 5.324257e-03 -4.365317e-03
      vertex -9.535672e-03 4.527545e-03 -4.416228e-03
    endloop
  endfacet
  facet normal -9.516312e-01 2.197653e-01 -2.147119e-01
    outer loop
      vertex -9.841576e-03 3.845541e-03 -3.758475e-03
      vertex -9.691061e-03 4.527545e-03 -3.727520e-03
      vertex -9.684896e-03 3.845541e-03 -4.452901e-03
    endloop
  endfacet
  facet normal -9.736792e-01 6.072040e-02 -2.196856e-01
    outer loop
      vertex -1.021039e-02 7.717977e-04 -3.834325e-03
      vertex -1.000507e-02 1.541591e-03 -4.531588e-03
      vertex -1.005055e-02 7.717977e-04 -4.542767e-03
    endloop
  endfacet
  facet normal -9.737899e-01 -5.882473e-02 -2.197109e-01
    outer loop
      vertex -1.016752e-02 -1.503341e-03 -3.825508e-03
      vertex -1.021171e-02 -7.378471e-04 -3.834596e-03
      vertex -1.005186e-02 -7.378471e-04 -4.543087e-03
    endloop
  endfacet
  facet normal -9.515682e-01 -2.200531e-01 -2.146964e-01
    outer loop
      vertex -9.686508e-03 -4.546499e-03 -3.726584e-03
      vertex -9.686508e-03 -3.837476e-03 -4.453298e-03
      vertex -9.531158e-03 -4.546499e-03 -4.415118e-03
    endloop
  endfacet
  facet normal -9.515675e-01 -2.200548e-01 -2.146980e-01
    outer loop
      vertex -9.843203e-03 -3.837476e-03 -3.758809e-03
      vertex -9.686508e-03 -3.837476e-03 -4.453298e-03
      vertex -9.686508e-03 -4.546499e-03 -3.726584e-03
    endloop
  endfacet
  facet normal -9.190501e-01 -3.351837e-01 -2.073614e-01
    outer loop
      vertex -9.262089e-03 -6.042738e-03 -3.639298e-03
      vertex -9.110376e-03 -6.042738e-03 -4.311706e-03
      vertex -8.873755e-03 -6.727512e-03 -4.253553e-03
    endloop
  endfacet
  facet normal -8.812000e-01 4.102073e-01 -2.349819e-01
    outer loop
      vertex -8.579728e-03 7.480658e-03 -4.181292e-03
      vertex -8.288249e-03 8.147843e-03 -4.109657e-03
      vertex -8.402694e-03 7.480658e-03 -4.845184e-03
    endloop
  endfacet
  facet normal -8.789372e-01 4.132540e-01 -2.380977e-01
    outer loop
      vertex -8.402694e-03 7.480658e-03 -4.845184e-03
      vertex -8.288249e-03 8.147843e-03 -4.109657e-03
      vertex -8.124866e-03 8.037677e-03 -4.903994e-03
    endloop
  endfacet
  facet normal -8.960134e-01 3.742613e-01 -2.389317e-01
    outer loop
      vertex -8.855080e-03 6.778241e-03 -4.248963e-03
      vertex -8.579728e-03 7.480658e-03 -4.181292e-03
      vertex -8.675180e-03 6.778241e-03 -4.923600e-03
    endloop
  endfacet
  facet normal -9.098867e-01 3.365050e-01 -2.426325e-01
    outer loop
      vertex -9.110597e-03 6.042062e-03 -4.311760e-03
      vertex -8.855080e-03 6.778241e-03 -4.248963e-03
      vertex -8.928038e-03 6.042062e-03 -4.996367e-03
    endloop
  endfacet
  facet normal -9.222351e-01 2.983349e-01 -2.459243e-01
    outer loop
      vertex -9.328518e-03 5.324257e-03 -4.365317e-03
      vertex -8.928038e-03 6.042062e-03 -4.996367e-03
      vertex -9.143692e-03 5.324257e-03 -5.058428e-03
    endloop
  endfacet
  facet normal -9.333713e-01 2.585911e-01 -2.488949e-01
    outer loop
      vertex -9.535672e-03 4.527545e-03 -4.416228e-03
      vertex -9.143692e-03 5.324257e-03 -5.058428e-03
      vertex -9.348690e-03 4.527545e-03 -5.117423e-03
    endloop
  endfacet
  facet normal -9.426146e-01 2.197635e-01 -2.513597e-01
    outer loop
      vertex -9.535672e-03 4.527545e-03 -4.416228e-03
      vertex -9.348690e-03 4.527545e-03 -5.117423e-03
      vertex -9.496362e-03 3.845541e-03 -5.159919e-03
    endloop
  endfacet
  facet normal -9.500969e-01 1.820096e-01 -2.533543e-01
    outer loop
      vertex -9.820930e-03 3.088906e-03 -4.486333e-03
      vertex -9.496362e-03 3.845541e-03 -5.159919e-03
      vertex -9.630980e-03 3.088906e-03 -5.198659e-03
    endloop
  endfacet
  facet normal -9.565141e-01 1.415000e-01 -2.550656e-01
    outer loop
      vertex -9.820930e-03 3.088906e-03 -4.486333e-03
      vertex -9.630980e-03 3.088906e-03 -5.198659e-03
      vertex -9.739079e-03 2.302094e-03 -5.229768e-03
    endloop
  endfacet
  facet normal -9.613065e-01 1.008852e-01 -2.563433e-01
    outer loop
      vertex -1.000507e-02 1.541591e-03 -4.531588e-03
      vertex -9.739079e-03 2.302094e-03 -5.229768e-03
      vertex -9.813203e-03 1.541591e-03 -5.251100e-03
    endloop
  endfacet
  facet normal -9.644534e-01 6.071979e-02 -2.571825e-01
    outer loop
      vertex -1.000507e-02 1.541591e-03 -4.531588e-03
      vertex -9.813203e-03 1.541591e-03 -5.251100e-03
      vertex -1.005055e-02 7.717977e-04 -4.542767e-03
    endloop
  endfacet
  facet normal -9.660380e-01 2.025741e-02 -2.576047e-01
    outer loop
      vertex -9.873244e-03 -1.665335e-17 -5.268378e-03
      vertex -1.005055e-02 7.717977e-04 -4.542767e-03
      vertex -9.858213e-03 7.717977e-04 -5.264053e-03
    endloop
  endfacet
  facet normal -9.660550e-01 -1.936564e-02 -2.576096e-01
    outer loop
      vertex -1.006574e-02 -6.439294e-18 -4.546499e-03
      vertex -9.873244e-03 -1.665335e-17 -5.268378e-03
      vertex -9.859508e-03 -7.378471e-04 -5.264425e-03
    endloop
  endfacet
  facet normal -9.645632e-01 -5.882438e-02 -2.572111e-01
    outer loop
      vertex -1.000805e-02 -1.503341e-03 -4.532320e-03
      vertex -1.005186e-02 -7.378471e-04 -4.543087e-03
      vertex -9.816151e-03 -1.503341e-03 -5.251948e-03
    endloop
  endfacet
  facet normal -9.645632e-01 -5.882437e-02 -2.572111e-01
    outer loop
      vertex -1.005186e-02 -7.378471e-04 -4.543087e-03
      vertex -9.859508e-03 -7.378471e-04 -5.264425e-03
      vertex -9.816151e-03 -1.503341e-03 -5.251948e-03
    endloop
  endfacet
  facet normal -9.503359e-01 -1.806674e-01 -2.534185e-01
    outer loop
      vertex -9.686508e-03 -3.837476e-03 -4.453298e-03
      vertex -9.827780e-03 -3.045667e-03 -4.488017e-03
      vertex -9.637758e-03 -3.045667e-03 -5.200610e-03
    endloop
  endfacet
  facet normal -9.336242e-01 -2.576113e-01 -2.489622e-01
    outer loop
      vertex -9.344224e-03 -5.268378e-03 -4.369177e-03
      vertex -9.531158e-03 -4.546499e-03 -4.415118e-03
      vertex -9.159234e-03 -5.268378e-03 -5.062901e-03
    endloop
  endfacet
  facet normal -9.226684e-01 -2.968957e-01 -2.460407e-01
    outer loop
      vertex -9.110376e-03 -6.042738e-03 -4.311706e-03
      vertex -9.344224e-03 -5.268378e-03 -4.369177e-03
      vertex -9.159234e-03 -5.268378e-03 -5.062901e-03
    endloop
  endfacet
  facet normal -9.103433e-01 -3.351805e-01 -2.427531e-01
    outer loop
      vertex -8.873755e-03 -6.727512e-03 -4.253553e-03
      vertex -8.927820e-03 -6.042738e-03 -4.996305e-03
      vertex -8.693662e-03 -6.727512e-03 -4.928919e-03
    endloop
  endfacet
  facet normal -8.854993e-01 3.742506e-01 -2.753678e-01
    outer loop
      vertex -8.675180e-03 6.778241e-03 -4.923600e-03
      vertex -8.402694e-03 7.480658e-03 -4.845184e-03
      vertex -8.450133e-03 6.778241e-03 -5.647284e-03
    endloop
  endfacet
  facet normal -8.992100e-01 3.364937e-01 -2.796308e-01
    outer loop
      vertex -8.928038e-03 6.042062e-03 -4.996367e-03
      vertex -8.675180e-03 6.778241e-03 -4.923600e-03
      vertex -8.699665e-03 6.042062e-03 -5.730746e-03
    endloop
  endfacet
  facet normal -8.992096e-01 3.364943e-01 -2.796313e-01
    outer loop
      vertex -8.675180e-03 6.778241e-03 -4.923600e-03
      vertex -8.450133e-03 6.778241e-03 -5.647284e-03
      vertex -8.699665e-03 6.042062e-03 -5.730746e-03
    endloop
  endfacet
  facet normal -9.114122e-01 2.983250e-01 -2.834253e-01
    outer loop
      vertex -8.928038e-03 6.042062e-03 -4.996367e-03
      vertex -8.699665e-03 6.042062e-03 -5.730746e-03
      vertex -8.912482e-03 5.324257e-03 -5.801929e-03
    endloop
  endfacet
  facet normal -9.215019e-01 2.471116e-01 -2.996167e-01
    outer loop
      vertex -9.348690e-03 4.527545e-03 -5.117423e-03
      vertex -8.912482e-03 5.324257e-03 -5.801929e-03
      vertex -9.187649e-03 4.186543e-03 -5.893966e-03
    endloop
  endfacet
  facet normal -9.332486e-01 1.938615e-01 -3.024315e-01
    outer loop
      vertex -9.496362e-03 3.845541e-03 -5.159919e-03
      vertex -9.187649e-03 4.186543e-03 -5.893966e-03
      vertex -9.393361e-03 3.088906e-03 -5.962771e-03
    endloop
  endfacet
  facet normal -9.452868e-01 1.414954e-01 -2.939590e-01
    outer loop
      vertex -9.630980e-03 3.088906e-03 -5.198659e-03
      vertex -9.393361e-03 3.088906e-03 -5.962771e-03
      vertex -9.500039e-03 2.302094e-03 -5.998453e-03
    endloop
  endfacet
  facet normal -9.546979e-01 2.025671e-02 -2.968866e-01
    outer loop
      vertex -9.858213e-03 7.717977e-04 -5.264053e-03
      vertex -9.617605e-03 7.717977e-04 -6.037776e-03
      vertex -9.873244e-03 -1.665335e-17 -5.268378e-03
    endloop
  endfacet
  facet normal -9.501606e-01 -9.944472e-02 -2.954751e-01
    outer loop
      vertex -9.741006e-03 -2.285572e-03 -5.230323e-03
      vertex -9.576096e-03 -1.503341e-03 -6.023892e-03
      vertex -9.501940e-03 -2.285572e-03 -5.999089e-03
    endloop
  endfacet
  facet normal -9.314893e-01 -2.200455e-01 -2.896680e-01
    outer loop
      vertex -9.497957e-03 -3.837476e-03 -5.160378e-03
      vertex -9.262089e-03 -3.837476e-03 -5.918864e-03
      vertex -9.110376e-03 -4.546499e-03 -5.868120e-03
    endloop
  endfacet
  facet normal -9.323923e-01 -2.391770e-01 -2.709964e-01
    outer loop
      vertex -9.497957e-03 -3.837476e-03 -5.160378e-03
      vertex -9.110376e-03 -4.546499e-03 -5.868120e-03
      vertex -9.159234e-03 -5.268378e-03 -5.062901e-03
    endloop
  endfacet
  facet normal -9.118410e-01 -2.968858e-01 -2.835574e-01
    outer loop
      vertex -8.927820e-03 -6.042738e-03 -4.996305e-03
      vertex -9.159234e-03 -5.268378e-03 -5.062901e-03
      vertex -8.699451e-03 -6.042738e-03 -5.730675e-03
    endloop
  endfacet
  facet normal -8.996609e-01 -3.351703e-01 -2.797698e-01
    outer loop
      vertex -8.693662e-03 -6.727512e-03 -4.928919e-03
      vertex -8.927820e-03 -6.042738e-03 -4.996305e-03
      vertex -8.699451e-03 -6.042738e-03 -5.730675e-03
    endloop
  endfacet
  facet normal -8.996604e-01 -3.351711e-01 -2.797705e-01
    outer loop
      vertex -8.693662e-03 -6.727512e-03 -4.928919e-03
      vertex -8.699451e-03 -6.042738e-03 -5.730675e-03
      vertex -8.468372e-03 -6.727512e-03 -5.653384e-03
    endloop
  endfacet
  facet normal -8.851073e-01 -3.717920e-01 -2.799210e-01
    outer loop
      vertex -8.419708e-03 -7.439057e-03 -4.850080e-03
      vertex -8.693662e-03 -6.727512e-03 -4.928919e-03
      vertex -8.130749e-03 -7.490948e-03 -5.694845e-03
    endloop
  endfacet
  facet normal -9.100880e-01 2.585940e-01 -3.238348e-01
    outer loop
      vertex -8.912482e-03 5.324257e-03 -5.801929e-03
      vertex -8.678531e-03 5.324257e-03 -6.459414e-03
      vertex -8.878104e-03 4.527545e-03 -6.534747e-03
    endloop
  endfacet
  facet normal -9.373266e-01 1.008855e-01 -3.335280e-01
    outer loop
      vertex -9.500039e-03 2.302094e-03 -5.998453e-03
      vertex -9.258162e-03 2.302094e-03 -6.678208e-03
      vertex -9.573187e-03 1.541591e-03 -6.022920e-03
    endloop
  endfacet
  facet normal -9.373268e-01 1.008861e-01 -3.335273e-01
    outer loop
      vertex -9.573187e-03 1.541591e-03 -6.022920e-03
      vertex -9.258162e-03 2.302094e-03 -6.678208e-03
      vertex -9.330324e-03 1.541591e-03 -6.705448e-03
    endloop
  endfacet
  facet normal -9.403953e-01 6.072062e-02 -3.346188e-01
    outer loop
      vertex -9.617605e-03 7.717977e-04 -6.037776e-03
      vertex -9.330324e-03 1.541591e-03 -6.705448e-03
      vertex -9.374144e-03 7.717977e-04 -6.721988e-03
    endloop
  endfacet
  facet normal -8.876333e-01 -3.351844e-01 -3.158457e-01
    outer loop
      vertex -8.468372e-03 -6.727512e-03 -5.653384e-03
      vertex -8.699451e-03 -6.042738e-03 -5.730675e-03
      vertex -8.240410e-03 -6.727512e-03 -6.294035e-03
    endloop
  endfacet
  facet normal -8.966994e-01 2.585886e-01 -3.592521e-01
    outer loop
      vertex -8.878104e-03 4.527545e-03 -6.534747e-03
      vertex -8.404819e-03 5.324257e-03 -7.142603e-03
      vertex -8.601200e-03 4.527545e-03 -7.225904e-03
    endloop
  endfacet
  facet normal -9.055794e-01 2.197612e-01 -3.628098e-01
    outer loop
      vertex -8.878104e-03 4.527545e-03 -6.534747e-03
      vertex -8.601200e-03 4.527545e-03 -7.225904e-03
      vertex -8.742664e-03 3.845541e-03 -7.285911e-03
    endloop
  endfacet
  facet normal -9.127675e-01 1.820073e-01 -3.656895e-01
    outer loop
      vertex -9.152923e-03 3.088906e-03 -6.638484e-03
      vertex -8.742664e-03 3.845541e-03 -7.285911e-03
      vertex -8.871623e-03 3.088906e-03 -7.340612e-03
    endloop
  endfacet
  facet normal -9.189324e-01 1.414993e-01 -3.681591e-01
    outer loop
      vertex -9.258162e-03 2.302094e-03 -6.678208e-03
      vertex -9.152923e-03 3.088906e-03 -6.638484e-03
      vertex -8.975180e-03 2.302094e-03 -7.384539e-03
    endloop
  endfacet
  facet normal -9.235366e-01 1.008841e-01 -3.700035e-01
    outer loop
      vertex -9.330324e-03 1.541591e-03 -6.705448e-03
      vertex -9.258162e-03 2.302094e-03 -6.678208e-03
      vertex -9.046187e-03 1.541591e-03 -7.414659e-03
    endloop
  endfacet
  facet normal -9.265597e-01 6.071935e-02 -3.712147e-01
    outer loop
      vertex -9.330324e-03 1.541591e-03 -6.705448e-03
      vertex -9.046187e-03 1.541591e-03 -7.414659e-03
      vertex -9.089306e-03 7.717977e-04 -7.432949e-03
    endloop
  endfacet
  facet normal -9.280817e-01 2.025672e-02 -3.718253e-01
    outer loop
      vertex -9.388777e-03 1.776357e-17 -6.727512e-03
      vertex -9.089306e-03 7.717977e-04 -7.432949e-03
      vertex -9.103704e-03 8.792966e-17 -7.439057e-03
    endloop
  endfacet
  facet normal -9.266646e-01 -5.882402e-02 -3.712580e-01
    outer loop
      vertex -9.191102e-03 -1.503341e-03 -7.061193e-03
      vertex -9.375403e-03 -7.378471e-04 -6.722464e-03
      vertex -9.090545e-03 -7.378471e-04 -7.433475e-03
    endloop
  endfacet
  facet normal -9.129978e-01 -1.806642e-01 -3.657807e-01
    outer loop
      vertex -9.023421e-03 -3.837476e-03 -6.589600e-03
      vertex -9.159522e-03 -3.045667e-03 -6.640975e-03
      vertex -8.878118e-03 -3.045667e-03 -7.343367e-03
    endloop
  endfacet
  facet normal -9.082757e-01 -2.391778e-01 -3.432626e-01
    outer loop
      vertex -8.693662e-03 -5.268378e-03 -6.465126e-03
      vertex -9.023421e-03 -3.837476e-03 -6.589600e-03
      vertex -8.596922e-03 -4.546499e-03 -7.224089e-03
    endloop
  endfacet
  facet normal -8.877169e-01 2.308295e-01 -3.983420e-01
    outer loop
      vertex -8.742664e-03 3.845541e-03 -7.285911e-03
      vertex -8.175844e-03 4.601165e-03 -8.111220e-03
      vertex -8.427711e-03 3.845541e-03 -7.987794e-03
    endloop
  endfacet
  facet normal -8.971170e-01 1.820065e-01 -4.025601e-01
    outer loop
      vertex -8.742664e-03 3.845541e-03 -7.285911e-03
      vertex -8.427711e-03 3.845541e-03 -7.987794e-03
      vertex -8.554305e-03 3.088906e-03 -8.047767e-03
    endloop
  endfacet
  facet normal -9.031766e-01 1.414982e-01 -4.052781e-01
    outer loop
      vertex -8.871623e-03 3.088906e-03 -7.340612e-03
      vertex -8.554305e-03 3.088906e-03 -8.047767e-03
      vertex -8.975180e-03 2.302094e-03 -7.384539e-03
    endloop
  endfacet
  facet normal -9.077012e-01 1.008832e-01 -4.073096e-01
    outer loop
      vertex -9.046187e-03 1.541591e-03 -7.414659e-03
      vertex -8.975180e-03 2.302094e-03 -7.384539e-03
      vertex -8.690815e-03 1.921843e-03 -8.112435e-03
    endloop
  endfacet
  facet normal -9.043856e-01 7.405493e-02 -4.202410e-01
    outer loop
      vertex -9.046187e-03 1.541591e-03 -7.414659e-03
      vertex -8.690815e-03 1.921843e-03 -8.112435e-03
      vertex -8.767996e-03 7.717977e-04 -8.148998e-03
    endloop
  endfacet
  facet normal -9.121685e-01 2.025653e-02 -4.093144e-01
    outer loop
      vertex -9.103704e-03 8.792966e-17 -7.439057e-03
      vertex -9.089306e-03 7.717977e-04 -7.432949e-03
      vertex -8.782130e-03 6.949996e-17 -8.155694e-03
    endloop
  endfacet
  facet normal -9.121846e-01 -1.936576e-02 -4.093216e-01
    outer loop
      vertex -9.103704e-03 8.792966e-17 -7.439057e-03
      vertex -8.782130e-03 6.949996e-17 -8.155694e-03
      vertex -8.769212e-03 -7.378471e-04 -8.149574e-03
    endloop
  endfacet
  facet normal -9.153340e-01 -7.240938e-02 -3.961320e-01
    outer loop
      vertex -9.191102e-03 -1.503341e-03 -7.061193e-03
      vertex -9.090545e-03 -7.378471e-04 -7.433475e-03
      vertex -8.728439e-03 -1.503341e-03 -8.130259e-03
    endloop
  endfacet
  facet normal -9.143218e-01 -8.626678e-02 -3.956939e-01
    outer loop
      vertex -8.977024e-03 -2.285572e-03 -7.385322e-03
      vertex -9.191102e-03 -1.503341e-03 -7.061193e-03
      vertex -8.728439e-03 -1.503341e-03 -8.130259e-03
    endloop
  endfacet
  facet normal -9.033797e-01 -1.399263e-01 -4.053711e-01
    outer loop
      vertex -8.977024e-03 -2.285572e-03 -7.385322e-03
      vertex -8.560679e-03 -3.045667e-03 -8.050786e-03
      vertex -8.878118e-03 -3.045667e-03 -7.343367e-03
    endloop
  endfacet
  facet normal -8.973428e-01 -1.806630e-01 -4.026622e-01
    outer loop
      vertex -8.744193e-03 -3.837476e-03 -7.286559e-03
      vertex -8.878118e-03 -3.045667e-03 -7.343367e-03
      vertex -8.429211e-03 -3.837476e-03 -7.988505e-03
    endloop
  endfacet
  facet normal -8.859869e-01 1.414995e-01 -4.415938e-01
    outer loop
      vertex -8.319059e-03 2.302094e-03 -8.771867e-03
      vertex -8.554305e-03 3.088906e-03 -8.047767e-03
      vertex -8.219406e-03 3.088906e-03 -8.719687e-03
    endloop
  endfacet
  facet normal -8.985106e-01 7.405548e-02 -4.326599e-01
    outer loop
      vertex -8.690815e-03 1.921843e-03 -8.112435e-03
      vertex -8.387391e-03 1.541591e-03 -8.807645e-03
      vertex -8.767996e-03 7.717977e-04 -8.148998e-03
    endloop
  endfacet
  facet normal -8.933409e-01 6.071980e-02 -4.452586e-01
    outer loop
      vertex -8.767996e-03 7.717977e-04 -8.148998e-03
      vertex -8.387391e-03 1.541591e-03 -8.807645e-03
      vertex -8.428885e-03 7.717977e-04 -8.829371e-03
    endloop
  endfacet
  facet normal -8.948086e-01 2.025638e-02 -4.459901e-01
    outer loop
      vertex -8.767996e-03 7.717977e-04 -8.148998e-03
      vertex -8.428885e-03 7.717977e-04 -8.829371e-03
      vertex -8.782130e-03 6.949996e-17 -8.155694e-03
    endloop
  endfacet
  facet normal -8.881462e-01 5.389041e-03 -4.595294e-01
    outer loop
      vertex -8.782130e-03 6.949996e-17 -8.155694e-03
      vertex -8.428885e-03 7.717977e-04 -8.829371e-03
      vertex -8.253372e-03 -9.900855e-05 -9.178802e-03
    endloop
  endfacet
  facet normal -8.885478e-01 -4.708600e-03 -4.587598e-01
    outer loop
      vertex -8.782130e-03 6.949996e-17 -8.155694e-03
      vertex -8.253372e-03 -9.900855e-05 -9.178802e-03
      vertex -8.430077e-03 -7.378471e-04 -8.829995e-03
    endloop
  endfacet
  facet normal -8.725507e-01 3.553252e-03 4.885107e-01
    outer loop
      vertex -8.063988e-03 -2.964092e-04 9.514963e-03
      vertex -8.033527e-03 5.856528e-04 9.562954e-03
      vertex -8.445357e-03 3.486100e-17 8.831626e-03
    endloop
  endfacet
  facet normal -8.733220e-01 8.282645e-02 4.800505e-01
    outer loop
      vertex -8.063759e-03 1.374055e-03 9.425074e-03
      vertex -8.063553e-03 1.951636e-03 9.325794e-03
      vertex -8.389999e-03 1.541591e-03 8.802661e-03
    endloop
  endfacet
  facet normal -8.795442e-01 1.128803e-01 4.622338e-01
    outer loop
      vertex -8.490654e-03 2.302094e-03 8.427517e-03
      vertex -8.063553e-03 1.951636e-03 9.325794e-03
      vertex -8.063328e-03 2.519176e-03 9.187626e-03
    endloop
  endfacet
  facet normal -8.759320e-01 2.077279e-01 4.354220e-01
    outer loop
      vertex -7.920750e-03 3.862003e-03 8.999420e-03
      vertex -7.973994e-03 4.417370e-03 8.627359e-03
      vertex -8.431351e-03 3.845541e-03 7.980106e-03
    endloop
  endfacet
  facet normal -8.645992e-01 2.972071e-01 4.051373e-01
    outer loop
      vertex -8.062966e-03 5.093634e-03 8.044998e-03
      vertex -8.063679e-03 6.210623e-03 7.224059e-03
      vertex -8.387820e-03 5.324257e-03 7.182547e-03
    endloop
  endfacet
  facet normal -8.736021e-01 4.547573e-01 1.732488e-01
    outer loop
      vertex -8.431351e-03 8.147843e-03 3.476049e-03
      vertex -7.771222e-03 9.543827e-03 3.140440e-03
      vertex -8.221989e-03 8.831626e-03 2.736904e-03
    endloop
  endfacet
  facet normal -8.713607e-01 4.826181e-01 8.837540e-02
    outer loop
      vertex -7.771222e-03 9.759331e-03 2.400719e-03
      vertex -8.389999e-03 8.831626e-03 1.365917e-03
      vertex -8.321657e-03 8.831626e-03 2.039755e-03
    endloop
  endfacet
  facet normal -8.718263e-01 4.869343e-01 5.304565e-02
    outer loop
      vertex -8.389999e-03 8.831626e-03 1.365917e-03
      vertex -7.917623e-03 9.773062e-03 4.876690e-04
      vertex -8.431499e-03 8.831626e-03 6.838462e-04
    endloop
  endfacet
  facet normal -8.728695e-01 4.879468e-01 2.609402e-03
    outer loop
      vertex -8.445357e-03 8.831626e-03 -3.375078e-17
      vertex -7.917623e-03 9.773062e-03 4.876690e-04
      vertex -7.771222e-03 1.003964e-02 -3.890769e-04
    endloop
  endfacet
  facet normal -8.772482e-01 4.788959e-01 -3.307897e-02
    outer loop
      vertex -7.938172e-03 9.681943e-03 -1.140114e-03
      vertex -8.445357e-03 8.831626e-03 -3.375078e-17
      vertex -7.771222e-03 1.003964e-02 -3.890769e-04
    endloop
  endfacet
  facet normal -8.724533e-01 4.472990e-01 -1.968473e-01
    outer loop
      vertex -8.432852e-03 8.147843e-03 -3.468759e-03
      vertex -7.844385e-03 9.231542e-03 -3.614417e-03
      vertex -8.288249e-03 8.147843e-03 -4.109657e-03
    endloop
  endfacet
  facet normal -8.719185e-01 4.059910e-01 -2.737325e-01
    outer loop
      vertex -8.402694e-03 7.480658e-03 -4.845184e-03
      vertex -8.124866e-03 8.037677e-03 -4.903994e-03
      vertex -8.122354e-03 7.511749e-03 -5.692038e-03
    endloop
  endfacet
  facet normal -8.747438e-01 2.657819e-01 -4.051954e-01
    outer loop
      vertex -8.404819e-03 5.324257e-03 -7.142603e-03
      vertex -8.063280e-03 5.664334e-03 -7.656856e-03
      vertex -8.175844e-03 4.601165e-03 -8.111220e-03
    endloop
  endfacet
  facet normal -8.696691e-01 1.008736e-01 -4.832185e-01
    outer loop
      vertex -8.387391e-03 1.541591e-03 -8.807645e-03
      vertex -8.319059e-03 2.302094e-03 -8.771867e-03
      vertex -8.063759e-03 1.374055e-03 -9.425074e-03
    endloop
  endfacet
  facet normal -8.727348e-01 -2.480957e-02 -4.875639e-01
    outer loop
      vertex -8.430077e-03 -7.378471e-04 -8.829995e-03
      vertex -8.253372e-03 -9.900855e-05 -9.178802e-03
      vertex -8.063873e-03 -9.849602e-04 -9.472921e-03
    endloop
  endfacet
  facet normal -8.726464e-01 -6.979270e-02 -4.833397e-01
    outer loop
      vertex -8.063873e-03 -9.849602e-04 -9.472921e-03
      vertex -8.063624e-03 -1.759714e-03 -9.361499e-03
      vertex -8.390108e-03 -1.503341e-03 -8.809068e-03
    endloop
  endfacet
  facet normal -8.710254e-01 -1.099520e-01 -4.787748e-01
    outer loop
      vertex -8.320835e-03 -2.285572e-03 -8.772796e-03
      vertex -8.063624e-03 -1.759714e-03 -9.361499e-03
      vertex -8.063328e-03 -2.519176e-03 -9.187626e-03
    endloop
  endfacet
  facet normal -8.758794e-01 -2.077854e-01 -4.355003e-01
    outer loop
      vertex -7.920750e-03 -3.862003e-03 -8.999420e-03
      vertex -7.973994e-03 -4.417370e-03 -8.627359e-03
      vertex -8.429211e-03 -3.837476e-03 -7.988505e-03
    endloop
  endfacet
  facet normal -8.603568e-01 -2.763213e-01 -4.282904e-01
    outer loop
      vertex -7.973994e-03 -4.417370e-03 -8.627359e-03
      vertex -8.241385e-03 -5.305217e-03 -7.517405e-03
      vertex -8.284640e-03 -4.546499e-03 -7.920018e-03
    endloop
  endfacet
  facet normal -8.721987e-01 -4.788551e-01 -9.983547e-02
    outer loop
      vertex -7.771222e-03 -9.759331e-03 -2.400719e-03
      vertex -7.927739e-03 -9.610919e-03 -1.745183e-03
      vertex -8.320835e-03 -8.836626e-03 -2.024802e-03
    endloop
  endfacet
  facet normal -8.748286e-01 -4.844324e-01 -4.845897e-04
    outer loop
      vertex -8.442740e-03 -8.836626e-03 -4.796163e-17
      vertex -8.064018e-03 -9.520253e-03 -3.010651e-04
      vertex -7.771222e-03 -1.004945e-02 1.359035e-04
    endloop
  endfacet
  facet normal -8.755552e-01 -4.827922e-01 1.774305e-02
    outer loop
      vertex -7.771222e-03 -1.004945e-02 1.359035e-04
      vertex -8.428885e-03 -8.836626e-03 6.837401e-04
      vertex -8.442740e-03 -8.836626e-03 -4.796163e-17
    endloop
  endfacet
  facet normal -8.728662e-01 -4.029603e-01 2.751866e-01
    outer loop
      vertex -8.063375e-03 -8.094307e-03 5.025061e-03
      vertex -8.130853e-03 -7.490948e-03 5.694534e-03
      vertex -8.404819e-03 -7.439057e-03 4.901523e-03
    endloop
  endfacet
  facet normal -8.787444e-01 -2.852643e-01 3.826652e-01
    outer loop
      vertex -8.491211e-03 -4.907439e-03 7.226693e-03
      vertex -8.010161e-03 -6.088775e-03 7.450718e-03
      vertex -8.063063e-03 -5.342056e-03 7.885891e-03
    endloop
  endfacet
  facet normal -8.752956e-01 -2.115568e-01 4.348578e-01
    outer loop
      vertex -8.432852e-03 -3.837476e-03 7.980816e-03
      vertex -8.062834e-03 -4.330568e-03 8.485712e-03
      vertex -7.956282e-03 -3.861333e-03 8.928465e-03
    endloop
  endfacet
  facet normal -8.714071e-01 -9.471609e-02 4.813299e-01
    outer loop
      vertex -8.193455e-03 -2.213561e-03 9.025072e-03
      vertex -8.063759e-03 -1.374055e-03 9.425074e-03
      vertex -8.392716e-03 -1.503341e-03 8.804083e-03
    endloop
  endfacet
  facet normal -8.700360e-01 -4.116276e-02 4.912666e-01
    outer loop
      vertex -8.063759e-03 -1.374055e-03 9.425074e-03
      vertex -8.063988e-03 -2.964092e-04 9.514963e-03
      vertex -8.432692e-03 -7.378471e-04 8.824999e-03
    endloop
  endfacet
  facet normal -8.809088e-01 1.783665e-01 4.383892e-01
    outer loop
      vertex -7.920750e-03 3.862003e-03 8.999420e-03
      vertex -8.431351e-03 3.845541e-03 7.980106e-03
      vertex -8.142520e-03 3.174574e-03 8.833484e-03
    endloop
  endfacet
  facet normal -8.796559e-01 1.394159e-01 4.547182e-01
    outer loop
      vertex -8.063328e-03 2.519176e-03 9.187626e-03
      vertex -8.142520e-03 3.174574e-03 8.833484e-03
      vertex -8.490654e-03 2.302094e-03 8.427517e-03
    endloop
  endfacet
  facet normal -8.799512e-01 1.113496e-01 4.618301e-01
    outer loop
      vertex -8.063553e-03 1.951636e-03 9.325794e-03
      vertex -8.490654e-03 2.302094e-03 8.427517e-03
      vertex -8.389999e-03 1.541591e-03 8.802661e-03
    endloop
  endfacet
  facet normal -8.772572e-01 6.072507e-02 4.761641e-01
    outer loop
      vertex -8.063759e-03 1.374055e-03 9.425074e-03
      vertex -8.389999e-03 1.541591e-03 8.802661e-03
      vertex -8.431499e-03 7.717977e-04 8.824375e-03
    endloop
  endfacet
  facet normal -8.780123e-01 2.025757e-02 4.782093e-01
    outer loop
      vertex -8.033527e-03 5.856528e-04 9.562954e-03
      vertex -8.431499e-03 7.717977e-04 8.824375e-03
      vertex -8.445357e-03 3.486100e-17 8.831626e-03
    endloop
  endfacet
  facet normal -8.766004e-01 -1.936620e-02 4.808291e-01
    outer loop
      vertex -8.063988e-03 -2.964092e-04 9.514963e-03
      vertex -8.445357e-03 3.486100e-17 8.831626e-03
      vertex -8.432692e-03 -7.378471e-04 8.824999e-03
    endloop
  endfacet
  facet normal -8.770230e-01 -5.882817e-02 4.768332e-01
    outer loop
      vertex -8.063759e-03 -1.374055e-03 9.425074e-03
      vertex -8.432692e-03 -7.378471e-04 8.824999e-03
      vertex -8.392716e-03 -1.503341e-03 8.804083e-03
    endloop
  endfacet
  facet normal -8.817942e-01 -1.720838e-01 4.391197e-01
    outer loop
      vertex -7.956282e-03 -3.861333e-03 8.928465e-03
      vertex -8.145711e-03 -2.968935e-03 8.897789e-03
      vertex -8.432852e-03 -3.837476e-03 7.980816e-03
    endloop
  endfacet
  facet normal -8.790728e-01 -2.596636e-01 3.997573e-01
    outer loop
      vertex -8.063063e-03 -5.342056e-03 7.885891e-03
      vertex -8.175560e-03 -4.695855e-03 8.058249e-03
      vertex -8.491211e-03 -4.907439e-03 7.226693e-03
    endloop
  endfacet
  facet normal -8.803985e-01 3.049496e-01 3.631863e-01
    outer loop
      vertex -8.387820e-03 5.324257e-03 7.182547e-03
      vertex -8.063679e-03 6.210623e-03 7.224059e-03
      vertex -8.450345e-03 6.042062e-03 6.428275e-03
    endloop
  endfacet
  facet normal -8.795732e-01 3.477613e-01 3.246737e-01
    outer loop
      vertex -8.164843e-03 6.584618e-03 6.627498e-03
      vertex -8.063609e-03 7.240067e-03 6.199692e-03
      vertex -8.450345e-03 6.778241e-03 5.646652e-03
    endloop
  endfacet
  facet normal -8.771558e-01 3.743141e-01 3.008099e-01
    outer loop
      vertex -8.450345e-03 6.778241e-03 5.646652e-03
      vertex -8.063609e-03 7.240067e-03 6.199692e-03
      vertex -8.181439e-03 7.480658e-03 5.556720e-03
    endloop
  endfacet
  facet normal -8.758711e-01 3.973294e-01 2.738231e-01
    outer loop
      vertex -8.387820e-03 7.480658e-03 4.896574e-03
      vertex -8.181439e-03 7.480658e-03 5.556720e-03
      vertex -7.903314e-03 8.281910e-03 5.283702e-03
    endloop
  endfacet
  facet normal -8.776995e-01 4.147530e-01 2.400490e-01
    outer loop
      vertex -8.292451e-03 8.147843e-03 4.092524e-03
      vertex -8.387820e-03 7.480658e-03 4.896574e-03
      vertex -7.903314e-03 8.281910e-03 5.283702e-03
    endloop
  endfacet
  facet normal -8.918530e-01 -3.944720e-01 2.213370e-01
    outer loop
      vertex -8.404819e-03 -7.439057e-03 4.901523e-03
      vertex -8.742664e-03 -7.439057e-03 3.540214e-03
      vertex -8.288840e-03 -8.155694e-03 4.091640e-03
    endloop
  endfacet
  facet normal -8.906898e-01 -4.306138e-01 1.457516e-01
    outer loop
      vertex -8.427711e-03 -8.155694e-03 3.475299e-03
      vertex -8.655962e-03 -8.155694e-03 2.080452e-03
      vertex -8.219406e-03 -8.836626e-03 2.736480e-03
    endloop
  endfacet
  facet normal -8.738496e-01 4.698714e-01 1.249306e-01
    outer loop
      vertex -8.321657e-03 8.831626e-03 2.039755e-03
      vertex -8.221989e-03 8.831626e-03 2.736904e-03
      vertex -7.771222e-03 9.759331e-03 2.400719e-03
    endloop
  endfacet
  facet normal -8.760534e-01 4.818872e-01 1.775284e-02
    outer loop
      vertex -8.431499e-03 8.831626e-03 6.838462e-04
      vertex -7.917623e-03 9.773062e-03 4.876690e-04
      vertex -8.445357e-03 8.831626e-03 -3.375078e-17
    endloop
  endfacet
  facet normal -8.777676e-01 -4.787848e-01 -1.700556e-02
    outer loop
      vertex -8.064018e-03 -9.520253e-03 -3.010651e-04
      vertex -8.442740e-03 -8.836626e-03 -4.796163e-17
      vertex -8.430077e-03 -8.836626e-03 -6.536632e-04
    endloop
  endfacet
  facet normal -8.758379e-01 4.798368e-01 -5.161995e-02
    outer loop
      vertex -8.432692e-03 8.831626e-03 -6.537645e-04
      vertex -7.938172e-03 9.681943e-03 -1.140114e-03
      vertex -8.392716e-03 8.831626e-03 -1.332025e-03
    endloop
  endfacet
  facet normal -8.759129e-01 -4.796994e-01 -5.162375e-02
    outer loop
      vertex -7.963383e-03 -9.654648e-03 -9.709323e-04
      vertex -8.430077e-03 -8.836626e-03 -6.536632e-04
      vertex -8.390108e-03 -8.836626e-03 -1.331818e-03
    endloop
  endfacet
  facet normal -8.749263e-01 4.762927e-01 -8.746029e-02
    outer loop
      vertex -8.392716e-03 8.831626e-03 -1.332025e-03
      vertex -7.771222e-03 9.866098e-03 -1.915719e-03
      vertex -8.323433e-03 8.831626e-03 -2.025116e-03
    endloop
  endfacet
  facet normal -8.751436e-01 -4.758892e-01 -8.748234e-02
    outer loop
      vertex -7.927739e-03 -9.610919e-03 -1.745183e-03
      vertex -8.390108e-03 -8.836626e-03 -1.331818e-03
      vertex -8.320835e-03 -8.836626e-03 -2.024802e-03
    endloop
  endfacet
  facet normal -8.748826e-01 -4.623434e-01 -1.442881e-01
    outer loop
      vertex -7.771222e-03 -9.759331e-03 -2.400719e-03
      vertex -8.320835e-03 -8.836626e-03 -2.024802e-03
      vertex -8.560679e-03 -8.155694e-03 -2.752435e-03
    endloop
  endfacet
  facet normal -8.754746e-01 4.526444e-01 -1.692844e-01
    outer loop
      vertex -8.228239e-03 8.831626e-03 -2.698593e-03
      vertex -7.844385e-03 9.231542e-03 -3.614417e-03
      vertex -8.432852e-03 8.147843e-03 -3.468759e-03
    endloop
  endfacet
  facet normal -8.745822e-01 3.718337e-01 -3.112004e-01
    outer loop
      vertex -8.222418e-03 6.778241e-03 -6.287244e-03
      vertex -8.450133e-03 6.778241e-03 -5.647284e-03
      vertex -8.122354e-03 7.511749e-03 -5.692038e-03
    endloop
  endfacet
  facet normal -8.764278e-01 -3.709162e-01 -3.070757e-01
    outer loop
      vertex -8.468372e-03 -6.727512e-03 -5.653384e-03
      vertex -7.956903e-03 -7.230772e-03 -6.505285e-03
      vertex -8.130749e-03 -7.490948e-03 -5.694845e-03
    endloop
  endfacet
  facet normal -8.745043e-01 3.365076e-01 -3.492921e-01
    outer loop
      vertex -8.077572e-03 6.198056e-03 -7.208837e-03
      vertex -8.468584e-03 6.042062e-03 -6.380165e-03
      vertex -8.222418e-03 6.778241e-03 -6.287244e-03
    endloop
  endfacet
  facet normal -8.777367e-01 -3.633618e-01 -3.123242e-01
    outer loop
      vertex -7.956903e-03 -7.230772e-03 -6.505285e-03
      vertex -8.468372e-03 -6.727512e-03 -5.653384e-03
      vertex -8.240410e-03 -6.727512e-03 -6.294035e-03
    endloop
  endfacet
  facet normal -8.741418e-01 -3.351706e-01 -3.514780e-01
    outer loop
      vertex -8.468372e-03 -6.042738e-03 -6.380085e-03
      vertex -8.130850e-03 -6.126680e-03 -7.139471e-03
      vertex -8.240410e-03 -6.727512e-03 -6.294035e-03
    endloop
  endfacet
  facet normal -8.838710e-01 -2.883623e-01 -3.682652e-01
    outer loop
      vertex -8.241385e-03 -5.305217e-03 -7.517405e-03
      vertex -8.063409e-03 -5.823499e-03 -7.538735e-03
      vertex -8.130850e-03 -6.126680e-03 -7.139471e-03
    endloop
  endfacet
  facet normal -8.789312e-01 2.585518e-01 -4.007879e-01
    outer loop
      vertex -8.601200e-03 4.527545e-03 -7.225904e-03
      vertex -8.404819e-03 5.324257e-03 -7.142603e-03
      vertex -8.175844e-03 4.601165e-03 -8.111220e-03
    endloop
  endfacet
  facet normal -8.737677e-01 2.204339e-01 -4.335193e-01
    outer loop
      vertex -8.020973e-03 3.965404e-03 -8.746635e-03
      vertex -8.427711e-03 3.845541e-03 -7.987794e-03
      vertex -8.175844e-03 4.601165e-03 -8.111220e-03
    endloop
  endfacet
  facet normal -8.794381e-01 1.856221e-01 -4.383298e-01
    outer loop
      vertex -8.554305e-03 3.088906e-03 -8.047767e-03
      vertex -8.020973e-03 3.965404e-03 -8.746635e-03
      vertex -8.219406e-03 3.088906e-03 -8.719687e-03
    endloop
  endfacet
  facet normal -8.802651e-01 -1.806654e-01 -4.387406e-01
    outer loop
      vertex -8.560679e-03 -3.045667e-03 -8.050786e-03
      vertex -8.225656e-03 -3.045667e-03 -8.722960e-03
      vertex -8.429211e-03 -3.837476e-03 -7.988505e-03
    endloop
  endfacet
  facet normal -8.771990e-01 6.072502e-02 -4.762712e-01
    outer loop
      vertex -8.387391e-03 1.541591e-03 -8.807645e-03
      vertex -8.063759e-03 1.374055e-03 -9.425074e-03
      vertex -8.428885e-03 7.717977e-04 -8.829371e-03
    endloop
  endfacet
  facet normal -8.786861e-01 1.437979e-02 -4.771834e-01
    outer loop
      vertex -8.428885e-03 7.717977e-04 -8.829371e-03
      vertex -8.033363e-03 5.850381e-04 -9.563313e-03
      vertex -8.253372e-03 -9.900855e-05 -9.178802e-03
    endloop
  endfacet
  facet normal -8.769823e-01 -5.882757e-02 -4.769082e-01
    outer loop
      vertex -8.430077e-03 -7.378471e-04 -8.829995e-03
      vertex -8.063873e-03 -9.849602e-04 -9.472921e-03
      vertex -8.390108e-03 -1.503341e-03 -8.809068e-03
    endloop
  endfacet
  facet normal -8.761599e-01 -9.946140e-02 -4.716474e-01
    outer loop
      vertex -8.390108e-03 -1.503341e-03 -8.809068e-03
      vertex -8.063624e-03 -1.759714e-03 -9.361499e-03
      vertex -8.320835e-03 -2.285572e-03 -8.772796e-03
    endloop
  endfacet
  facet normal -8.746431e-01 -1.399541e-01 -4.641254e-01
    outer loop
      vertex -8.320835e-03 -2.285572e-03 -8.772796e-03
      vertex -8.063328e-03 -2.519176e-03 -9.187626e-03
      vertex -8.225656e-03 -3.045667e-03 -8.722960e-03
    endloop
  endfacet
  facet normal -9.836390e-01 2.231496e-03 -1.801368e-01
    outer loop
      vertex -5.716659e-03 -6.371708e-04 -1.624441e-02
      vertex -5.923788e-03 2.963291e-04 -1.510181e-02
      vertex -5.716659e-03 1.045261e-03 -1.622357e-02
    endloop
  endfacet
  facet normal -9.836390e-01 -2.231496e-03 1.801368e-01
    outer loop
      vertex -5.716659e-03 6.371708e-04 1.624441e-02
      vertex -5.923788e-03 -2.963291e-04 1.510181e-02
      vertex -5.716659e-03 -1.045261e-03 1.622357e-02
    endloop
  endfacet
  facet normal -9.719786e-01 -2.482934e-02 2.337544e-01
    outer loop
      vertex -6.202186e-03 -1.931025e-03 1.382633e-02
      vertex -5.923788e-03 -1.353945e-03 1.504524e-02
      vertex -6.202186e-03 -9.042202e-04 1.393540e-02
    endloop
  endfacet
  facet normal -9.720915e-01 -4.415211e-02 2.304099e-01
    outer loop
      vertex -6.202186e-03 -3.309064e-03 1.356227e-02
      vertex -5.923788e-03 -2.460457e-03 1.489943e-02
      vertex -6.202186e-03 -1.931025e-03 1.382633e-02
    endloop
  endfacet
  facet normal -9.721179e-01 -6.703224e-02 2.247075e-01
    outer loop
      vertex -6.202186e-03 -4.666109e-03 1.315745e-02
      vertex -5.923788e-03 -4.686198e-03 1.435585e-02
      vertex -6.202186e-03 -3.309064e-03 1.356227e-02
    endloop
  endfacet
  facet normal -9.712401e-01 -8.721058e-02 2.215556e-01
    outer loop
      vertex -6.202186e-03 -5.663061e-03 1.276502e-02
      vertex -5.923788e-03 -6.117102e-03 1.380672e-02
      vertex -6.202186e-03 -4.666109e-03 1.315745e-02
    endloop
  endfacet
  facet normal -9.712488e-01 -1.019185e-01 2.151473e-01
    outer loop
      vertex -6.202186e-03 -6.285428e-03 1.247020e-02
      vertex -5.923788e-03 -6.117102e-03 1.380672e-02
      vertex -6.202186e-03 -5.663061e-03 1.276502e-02
    endloop
  endfacet
  facet normal -9.717506e-01 -1.118088e-01 2.078450e-01
    outer loop
      vertex -6.202186e-03 -6.916919e-03 1.213049e-02
      vertex -5.923788e-03 -7.134705e-03 1.331494e-02
      vertex -6.202186e-03 -6.285428e-03 1.247020e-02
    endloop
  endfacet
  facet normal -9.712528e-01 -1.232212e-01 2.036775e-01
    outer loop
      vertex -6.202186e-03 -7.559528e-03 1.174172e-02
      vertex -5.923788e-03 -8.165436e-03 1.270272e-02
      vertex -6.202186e-03 -6.916919e-03 1.213049e-02
    endloop
  endfacet
  facet normal -9.712092e-01 -1.357682e-01 1.957541e-01
    outer loop
      vertex -6.202186e-03 -8.332775e-03 1.120543e-02
      vertex -5.923788e-03 -8.165436e-03 1.270272e-02
      vertex -6.202186e-03 -7.559528e-03 1.174172e-02
    endloop
  endfacet
  facet normal -9.716313e-01 -1.471668e-01 1.851339e-01
    outer loop
      vertex -5.923788e-03 -9.397917e-03 1.181983e-02
      vertex -6.202186e-03 -8.332775e-03 1.120543e-02
      vertex -6.202186e-03 -9.120560e-03 1.057920e-02
    endloop
  endfacet
  facet normal -9.719266e-01 -1.782304e-01 1.535987e-01
    outer loop
      vertex -6.202186e-03 -1.091837e-02 8.699116e-03
      vertex -5.923788e-03 -1.156742e-02 9.707598e-03
      vertex -6.202186e-03 -1.010171e-02 9.646736e-03
    endloop
  endfacet
  facet normal -9.721215e-01 -1.905911e-01 1.365826e-01
    outer loop
      vertex -6.202186e-03 -1.174604e-02 7.544160e-03
      vertex -5.923788e-03 -1.249391e-02 8.482050e-03
      vertex -6.202186e-03 -1.091837e-02 8.699116e-03
    endloop
  endfacet
  facet normal -9.721140e-01 -2.034481e-01 1.166327e-01
    outer loop
      vertex -6.202186e-03 -1.244841e-02 6.318989e-03
      vertex -5.923788e-03 -1.328965e-02 7.171965e-03
      vertex -6.202186e-03 -1.174604e-02 7.544160e-03
    endloop
  endfacet
  facet normal -9.721617e-01 -2.141294e-01 9.513283e-02
    outer loop
      vertex -6.202186e-03 -1.308803e-02 4.879283e-03
      vertex -5.923788e-03 -1.394438e-02 5.796736e-03
      vertex -6.202186e-03 -1.244841e-02 6.318989e-03
    endloop
  endfacet
  facet normal -9.712594e-01 -2.258521e-01 7.513921e-02
    outer loop
      vertex -6.202186e-03 -1.336947e-02 4.033360e-03
      vertex -5.923788e-03 -1.445711e-02 4.362741e-03
      vertex -6.202186e-03 -1.308803e-02 4.879283e-03
    endloop
  endfacet
  facet normal -9.712282e-01 -2.306990e-01 5.910805e-02
    outer loop
      vertex -6.202186e-03 -1.363244e-02 3.006972e-03
      vertex -5.923788e-03 -1.445711e-02 4.362741e-03
      vertex -6.202186e-03 -1.336947e-02 4.033360e-03
    endloop
  endfacet
  facet normal -9.718569e-01 -2.316418e-01 4.285061e-02
    outer loop
      vertex -6.202186e-03 -1.382623e-02 1.959410e-03
      vertex -5.923788e-03 -1.482423e-02 2.878486e-03
      vertex -6.202186e-03 -1.363244e-02 3.006972e-03
    endloop
  endfacet
  facet normal -9.718536e-01 -2.344436e-01 2.316661e-02
    outer loop
      vertex -6.202186e-03 -1.393177e-02 8.912766e-04
      vertex -5.923788e-03 -1.504088e-02 1.346222e-03
      vertex -6.202186e-03 -1.382623e-02 1.959410e-03
    endloop
  endfacet
  facet normal -9.720156e-01 -2.348132e-01 6.958872e-03
    outer loop
      vertex -6.202186e-03 -1.396327e-02 -1.715911e-04
      vertex -5.923788e-03 -1.510457e-02 2.042043e-04
      vertex -6.202186e-03 -1.393177e-02 8.912766e-04
    endloop
  endfacet
  facet normal -9.718624e-01 -2.352014e-01 -1.279907e-02
    outer loop
      vertex -6.202186e-03 -1.390519e-02 -1.238942e-03
      vertex -5.923788e-03 -1.507081e-02 -9.584061e-04
      vertex -6.202186e-03 -1.396327e-02 -1.715911e-04
    endloop
  endfacet
  facet normal -9.721144e-01 -2.322358e-01 -3.255917e-02
    outer loop
      vertex -6.202186e-03 -1.370953e-02 -2.634516e-03
      vertex -5.923788e-03 -1.489725e-02 -2.474936e-03
      vertex -6.202186e-03 -1.390519e-02 -1.238942e-03
    endloop
  endfacet
  facet normal -9.712228e-01 -2.321835e-01 -5.307601e-02
    outer loop
      vertex -6.202186e-03 -1.346854e-02 -3.688737e-03
      vertex -5.923788e-03 -1.456542e-02 -3.984736e-03
      vertex -6.202186e-03 -1.370953e-02 -2.634516e-03
    endloop
  endfacet
  facet normal -9.712082e-01 -2.269673e-01 -7.239157e-02
    outer loop
      vertex -6.202186e-03 -1.314885e-02 -4.691049e-03
      vertex -5.923788e-03 -1.456542e-02 -3.984736e-03
      vertex -6.202186e-03 -1.346854e-02 -3.688737e-03
    endloop
  endfacet
  facet normal -9.718510e-01 -2.191008e-01 -8.660522e-02
    outer loop
      vertex -6.202186e-03 -1.276741e-02 -5.656054e-03
      vertex -5.923788e-03 -1.409520e-02 -5.420984e-03
      vertex -6.202186e-03 -1.314885e-02 -4.691049e-03
    endloop
  endfacet
  facet normal -9.717226e-01 -2.134149e-01 -1.010414e-01
    outer loop
      vertex -6.202186e-03 -1.245396e-02 -6.318099e-03
      vertex -5.923788e-03 -1.364089e-02 -6.488509e-03
      vertex -6.202186e-03 -1.276741e-02 -5.656054e-03
    endloop
  endfacet
  facet normal -9.718406e-01 -2.055641e-01 -1.151920e-01
    outer loop
      vertex -6.202186e-03 -1.195287e-02 -7.212317e-03
      vertex -5.923788e-03 -1.311982e-02 -7.478622e-03
      vertex -6.202186e-03 -1.245396e-02 -6.318099e-03
    endloop
  endfacet
  facet normal -9.720216e-01 -1.967729e-01 -1.282744e-01
    outer loop
      vertex -6.202186e-03 -1.136584e-02 -8.112822e-03
      vertex -5.923788e-03 -1.252074e-02 -8.450815e-03
      vertex -6.202186e-03 -1.195287e-02 -7.212317e-03
    endloop
  endfacet
  facet normal -9.718523e-01 -1.858460e-01 -1.447907e-01
    outer loop
      vertex -6.202186e-03 -1.070631e-02 -8.959364e-03
      vertex -5.923788e-03 -1.182154e-02 -9.396544e-03
      vertex -6.202186e-03 -1.136584e-02 -8.112822e-03
    endloop
  endfacet
  facet normal -9.725145e-01 -1.709097e-01 -1.581311e-01
    outer loop
      vertex -6.202186e-03 -9.763577e-03 -9.978278e-03
      vertex -5.923788e-03 -1.108750e-02 -1.025953e-02
      vertex -6.202186e-03 -1.070631e-02 -8.959364e-03
    endloop
  endfacet
  facet normal -9.721047e-01 -1.552956e-01 -1.757718e-01
    outer loop
      vertex -6.202186e-03 -8.705593e-03 -1.091301e-02
      vertex -5.923788e-03 -1.028899e-02 -1.105375e-02
      vertex -6.202186e-03 -9.763577e-03 -9.978278e-03
    endloop
  endfacet
  facet normal -9.721231e-01 -1.367100e-01 -1.904919e-01
    outer loop
      vertex -6.202186e-03 -7.552216e-03 -1.174076e-02
      vertex -5.923788e-03 -9.113329e-03 -1.204112e-02
      vertex -6.202186e-03 -8.705593e-03 -1.091301e-02
    endloop
  endfacet
  facet normal -9.721089e-01 -1.167557e-01 -2.034021e-01
    outer loop
      vertex -6.202186e-03 -6.324018e-03 -1.244576e-02
      vertex -5.923788e-03 -7.177468e-03 -1.328640e-02
      vertex -6.202186e-03 -7.552216e-03 -1.174076e-02
    endloop
  endfacet
  facet normal -9.720039e-01 -9.930865e-02 -2.129467e-01
    outer loop
      vertex -6.202186e-03 -5.369764e-03 -1.289078e-02
      vertex -5.923788e-03 -6.160926e-03 -1.379258e-02
      vertex -6.202186e-03 -6.324018e-03 -1.244576e-02
    endloop
  endfacet
  facet normal -9.715325e-01 -8.357492e-02 -2.216751e-01
    outer loop
      vertex -6.202186e-03 -4.517720e-03 -1.321201e-02
      vertex -5.923788e-03 -5.072135e-03 -1.422312e-02
      vertex -6.202186e-03 -5.369764e-03 -1.289078e-02
    endloop
  endfacet
  facet normal -9.716384e-01 -6.898659e-02 -2.261850e-01
    outer loop
      vertex -6.202186e-03 -3.501412e-03 -1.352199e-02
      vertex -5.923788e-03 -3.967720e-03 -1.457570e-02
      vertex -6.202186e-03 -4.517720e-03 -1.321201e-02
    endloop
  endfacet
  facet normal -9.717605e-01 -5.093157e-02 -2.304072e-01
    outer loop
      vertex -6.202186e-03 -2.615840e-03 -1.371774e-02
      vertex -5.923788e-03 -3.203524e-03 -1.476200e-02
      vertex -6.202186e-03 -3.501412e-03 -1.352199e-02
    endloop
  endfacet
  facet normal -9.712819e-01 -3.882573e-02 -2.347426e-01
    outer loop
      vertex -6.202186e-03 -1.947322e-03 -1.382831e-02
      vertex -5.923788e-03 -2.103308e-03 -1.495443e-02
      vertex -6.202186e-03 -2.615840e-03 -1.371774e-02
    endloop
  endfacet
  facet normal -9.712576e-01 -2.328325e-02 -2.368895e-01
    outer loop
      vertex -6.202186e-03 -9.074895e-04 -1.393052e-02
      vertex -5.923788e-03 -2.103308e-03 -1.495443e-02
      vertex -6.202186e-03 -1.947322e-03 -1.382831e-02
    endloop
  endfacet
  facet normal -9.719786e-01 2.482934e-02 -2.337544e-01
    outer loop
      vertex -6.202186e-03 1.931025e-03 -1.382633e-02
      vertex -5.923788e-03 1.353945e-03 -1.504524e-02
      vertex -6.202186e-03 9.042202e-04 -1.393540e-02
    endloop
  endfacet
  facet normal -9.720915e-01 4.415211e-02 -2.304099e-01
    outer loop
      vertex -6.202186e-03 3.309064e-03 -1.356227e-02
      vertex -5.923788e-03 2.460457e-03 -1.489943e-02
      vertex -6.202186e-03 1.931025e-03 -1.382633e-02
    endloop
  endfacet
  facet normal -9.721179e-01 6.703224e-02 -2.247075e-01
    outer loop
      vertex -6.202186e-03 4.666109e-03 -1.315745e-02
      vertex -5.923788e-03 4.686198e-03 -1.435585e-02
      vertex -6.202186e-03 3.309064e-03 -1.356227e-02
    endloop
  endfacet
  facet normal -9.712401e-01 8.721058e-02 -2.215556e-01
    outer loop
      vertex -6.202186e-03 5.663061e-03 -1.276502e-02
      vertex -5.923788e-03 6.117102e-03 -1.380672e-02
      vertex -6.202186e-03 4.666109e-03 -1.315745e-02
    endloop
  endfacet
  facet normal -9.712488e-01 1.019185e-01 -2.151473e-01
    outer loop
      vertex -6.202186e-03 6.285428e-03 -1.247020e-02
      vertex -5.923788e-03 6.117102e-03 -1.380672e-02
      vertex -6.202186e-03 5.663061e-03 -1.276502e-02
    endloop
  endfacet
  facet normal -9.717506e-01 1.118088e-01 -2.078450e-01
    outer loop
      vertex -6.202186e-03 6.916919e-03 -1.213049e-02
      vertex -5.923788e-03 7.134705e-03 -1.331494e-02
      vertex -6.202186e-03 6.285428e-03 -1.247020e-02
    endloop
  endfacet
  facet normal -9.712528e-01 1.232212e-01 -2.036775e-01
    outer loop
      vertex -6.202186e-03 7.559528e-03 -1.174172e-02
      vertex -5.923788e-03 8.165436e-03 -1.270272e-02
      vertex -6.202186e-03 6.916919e-03 -1.213049e-02
    endloop
  endfacet
  facet normal -9.712092e-01 1.357682e-01 -1.957541e-01
    outer loop
      vertex -6.202186e-03 8.332775e-03 -1.120543e-02
      vertex -5.923788e-03 8.165436e-03 -1.270272e-02
      vertex -6.202186e-03 7.559528e-03 -1.174172e-02
    endloop
  endfacet
  facet normal -9.716313e-01 1.471668e-01 -1.851339e-01
    outer loop
      vertex -5.923788e-03 9.397917e-03 -1.181983e-02
      vertex -6.202186e-03 8.332775e-03 -1.120543e-02
      vertex -6.202186e-03 9.120560e-03 -1.057920e-02
    endloop
  endfacet
  facet normal -9.719266e-01 1.782304e-01 -1.535987e-01
    outer loop
      vertex -6.202186e-03 1.091837e-02 -8.699116e-03
      vertex -5.923788e-03 1.156742e-02 -9.707598e-03
      vertex -6.202186e-03 1.010171e-02 -9.646736e-03
    endloop
  endfacet
  facet normal -9.721215e-01 1.905911e-01 -1.365826e-01
    outer loop
      vertex -6.202186e-03 1.174604e-02 -7.544160e-03
      vertex -5.923788e-03 1.249391e-02 -8.482050e-03
      vertex -6.202186e-03 1.091837e-02 -8.699116e-03
    endloop
  endfacet
  facet normal -9.721140e-01 2.034481e-01 -1.166327e-01
    outer loop
      vertex -6.202186e-03 1.244841e-02 -6.318989e-03
      vertex -5.923788e-03 1.328965e-02 -7.171965e-03
      vertex -6.202186e-03 1.174604e-02 -7.544160e-03
    endloop
  endfacet
  facet normal -9.721617e-01 2.141294e-01 -9.513283e-02
    outer loop
      vertex -6.202186e-03 1.308803e-02 -4.879283e-03
      vertex -5.923788e-03 1.394438e-02 -5.796736e-03
      vertex -6.202186e-03 1.244841e-02 -6.318989e-03
    endloop
  endfacet
  facet normal -9.712594e-01 2.258521e-01 -7.513921e-02
    outer loop
      vertex -6.202186e-03 1.336947e-02 -4.033360e-03
      vertex -5.923788e-03 1.445711e-02 -4.362741e-03
      vertex -6.202186e-03 1.308803e-02 -4.879283e-03
    endloop
  endfacet
  facet normal -9.712282e-01 2.306990e-01 -5.910805e-02
    outer loop
      vertex -6.202186e-03 1.363244e-02 -3.006972e-03
      vertex -5.923788e-03 1.445711e-02 -4.362741e-03
      vertex -6.202186e-03 1.336947e-02 -4.033360e-03
    endloop
  endfacet
  facet normal -9.718569e-01 2.316418e-01 -4.285061e-02
    outer loop
      vertex -6.202186e-03 1.382623e-02 -1.959410e-03
      vertex -5.923788e-03 1.482423e-02 -2.878486e-03
      vertex -6.202186e-03 1.363244e-02 -3.006972e-03
    endloop
  endfacet
  facet normal -9.718536e-01 2.344436e-01 -2.316661e-02
    outer loop
      vertex -6.202186e-03 1.393177e-02 -8.912766e-04
      vertex -5.923788e-03 1.504088e-02 -1.346222e-03
      vertex -6.202186e-03 1.382623e-02 -1.959410e-03
    endloop
  endfacet
  facet normal -9.720156e-01 2.348132e-01 -6.958872e-03
    outer loop
      vertex -6.202186e-03 1.396327e-02 1.715911e-04
      vertex -5.923788e-03 1.510457e-02 -2.042043e-04
      vertex -6.202186e-03 1.393177e-02 -8.912766e-04
    endloop
  endfacet
  facet normal -9.718624e-01 2.352014e-01 1.279907e-02
    outer loop
      vertex -6.202186e-03 1.390519e-02 1.238942e-03
      vertex -5.923788e-03 1.507081e-02 9.584061e-04
      vertex -6.202186e-03 1.396327e-02 1.715911e-04
    endloop
  endfacet
  facet normal -9.721144e-01 2.322358e-01 3.255917e-02
    outer loop
      vertex -6.202186e-03 1.370953e-02 2.634516e-03
      vertex -5.923788e-03 1.489725e-02 2.474936e-03
      vertex -6.202186e-03 1.390519e-02 1.238942e-03
    endloop
  endfacet
  facet normal -9.712228e-01 2.321835e-01 5.307601e-02
    outer loop
      vertex -6.202186e-03 1.346854e-02 3.688737e-03
      vertex -5.923788e-03 1.456542e-02 3.984736e-03
      vertex -6.202186e-03 1.370953e-02 2.634516e-03
    endloop
  endfacet
  facet normal -9.712082e-01 2.269673e-01 7.239157e-02
    outer loop
      vertex -6.202186e-03 1.314885e-02 4.691049e-03
      vertex -5.923788e-03 1.456542e-02 3.984736e-03
      vertex -6.202186e-03 1.346854e-02 3.688737e-03
    endloop
  endfacet
  facet normal -9.718510e-01 2.191008e-01 8.660522e-02
    outer loop
      vertex -6.202186e-03 1.276741e-02 5.656054e-03
      vertex -5.923788e-03 1.409520e-02 5.420984e-03
      vertex -6.202186e-03 1.314885e-02 4.691049e-03
    endloop
  endfacet
  facet normal -9.717226e-01 2.134149e-01 1.010414e-01
    outer loop
      vertex -6.202186e-03 1.245396e-02 6.318099e-03
      vertex -5.923788e-03 1.364089e-02 6.488509e-03
      vertex -6.202186e-03 1.276741e-02 5.656054e-03
    endloop
  endfacet
  facet normal -9.718406e-01 2.055641e-01 1.151920e-01
    outer loop
      vertex -6.202186e-03 1.195287e-02 7.212317e-03
      vertex -5.923788e-03 1.311982e-02 7.478622e-03
      vertex -6.202186e-03 1.245396e-02 6.318099e-03
    endloop
  endfacet
  facet normal -9.720216e-01 1.967729e-01 1.282744e-01
    outer loop
      vertex -6.202186e-03 1.136584e-02 8.112822e-03
      vertex -5.923788e-03 1.252074e-02 8.450815e-03
      vertex -6.202186e-03 1.195287e-02 7.212317e-03
    endloop
  endfacet
  facet normal -9.718523e-01 1.858460e-01 1.447907e-01
    outer loop
      vertex -6.202186e-03 1.070631e-02 8.959364e-03
      vertex -5.923788e-03 1.182154e-02 9.396544e-03
      vertex -6.202186e-03 1.136584e-02 8.112822e-03
    endloop
  endfacet
  facet normal -9.725145e-01 1.709097e-01 1.581311e-01
    outer loop
      vertex -6.202186e-03 9.763577e-03 9.978278e-03
      vertex -5.923788e-03 1.108750e-02 1.025953e-02
      vertex -6.202186e-03 1.070631e-02 8.959364e-03
    endloop
  endfacet
  facet normal -9.721047e-01 1.552956e-01 1.757718e-01
    outer loop
      vertex -6.202186e-03 8.705593e-03 1.091301e-02
      vertex -5.923788e-03 1.028899e-02 1.105375e-02
      vertex -6.202186e-03 9.763577e-03 9.978278e-03
    endloop
  endfacet
  facet normal -9.721231e-01 1.367100e-01 1.904919e-01
    outer loop
      vertex -6.202186e-03 7.552216e-03 1.174076e-02
      vertex -5.923788e-03 9.113329e-03 1.204112e-02
      vertex -6.202186e-03 8.705593e-03 1.091301e-02
    endloop
  endfacet
  facet normal -9.721089e-01 1.167557e-01 2.034021e-01
    outer loop
      vertex -6.202186e-03 6.324018e-03 1.244576e-02
      vertex -5.923788e-03 7.177468e-03 1.328640e-02
      vertex -6.202186e-03 7.552216e-03 1.174076e-02
    endloop
  endfacet
  facet normal -9.720039e-01 9.930865e-02 2.129467e-01
    outer loop
      vertex -6.202186e-03 5.369764e-03 1.289078e-02
      vertex -5.923788e-03 6.160926e-03 1.379258e-02
      vertex -6.202186e-03 6.324018e-03 1.244576e-02
    endloop
  endfacet
  facet normal -9.715325e-01 8.357492e-02 2.216751e-01
    outer loop
      vertex -6.202186e-03 4.517720e-03 1.321201e-02
      vertex -5.923788e-03 5.072135e-03 1.422312e-02
      vertex -6.202186e-03 5.369764e-03 1.289078e-02
    endloop
  endfacet
  facet normal -9.716384e-01 6.898659e-02 2.261850e-01
    outer loop
      vertex -6.202186e-03 3.501412e-03 1.352199e-02
      vertex -5.923788e-03 3.967720e-03 1.457570e-02
      vertex -6.202186e-03 4.517720e-03 1.321201e-02
    endloop
  endfacet
  facet normal -9.717605e-01 5.093157e-02 2.304072e-01
    outer loop
      vertex -6.202186e-03 2.615840e-03 1.371774e-02
      vertex -5.923788e-03 3.203524e-03 1.476200e-02
      vertex -6.202186e-03 3.501412e-03 1.352199e-02
    endloop
  endfacet
  facet normal -9.712819e-01 3.882573e-02 2.347426e-01
    outer loop
      vertex -6.202186e-03 1.947322e-03 1.382831e-02
      vertex -5.923788e-03 2.103308e-03 1.495443e-02
      vertex -6.202186e-03 2.615840e-03 1.371774e-02
    endloop
  endfacet
  facet normal -9.712576e-01 2.328325e-02 2.368895e-01
    outer loop
      vertex -6.202186e-03 9.074895e-04 1.393052e-02
      vertex -5.923788e-03 2.103308e-03 1.495443e-02
      vertex -6.202186e-03 1.947322e-03 1.382831e-02
    endloop
  endfacet
  facet normal -9.554003e-01 -2.494353e-03 2.953032e-01
    outer loop
      vertex -6.562718e-03 3.395216e-04 1.280116e-02
      vertex -6.562718e-03 -6.699553e-04 1.279263e-02
      vertex -6.202186e-03 -1.826267e-04 1.396319e-02
    endloop
  endfacet
  facet normal -9.538036e-01 -1.110930e-01 2.791361e-01
    outer loop
      vertex -6.202186e-03 -4.666109e-03 1.315745e-02
      vertex -6.562718e-03 -4.419743e-03 1.202357e-02
      vertex -6.562718e-03 -5.050808e-03 1.177241e-02
    endloop
  endfacet
  facet normal -9.548955e-01 -1.406751e-01 2.615055e-01
    outer loop
      vertex -6.202186e-03 -6.916919e-03 1.213049e-02
      vertex -6.202186e-03 -6.285428e-03 1.247020e-02
      vertex -6.562718e-03 -5.622180e-03 1.151049e-02
    endloop
  endfacet
  facet normal -9.549292e-01 -1.847100e-01 2.323628e-01
    outer loop
      vertex -6.202186e-03 -8.332775e-03 1.120543e-02
      vertex -6.562718e-03 -7.579540e-03 1.032253e-02
      vertex -6.202186e-03 -9.120560e-03 1.057920e-02
    endloop
  endfacet
  facet normal -9.547566e-01 -1.994511e-01 2.205880e-01
    outer loop
      vertex -6.202186e-03 -9.120560e-03 1.057920e-02
      vertex -6.562718e-03 -8.364559e-03 9.702292e-03
      vertex -6.202186e-03 -9.610152e-03 1.013652e-02
    endloop
  endfacet
  facet normal -9.547039e-01 -2.237340e-01 1.961722e-01
    outer loop
      vertex -6.202186e-03 -1.010171e-02 9.646736e-03
      vertex -6.562718e-03 -9.264382e-03 8.847120e-03
      vertex -6.562718e-03 -9.913549e-03 8.106747e-03
    endloop
  endfacet
  facet normal -9.548133e-01 -2.363923e-01 1.801396e-01
    outer loop
      vertex -6.202186e-03 -1.091837e-02 8.699116e-03
      vertex -6.562718e-03 -9.913549e-03 8.106747e-03
      vertex -6.562718e-03 -1.050925e-02 7.325023e-03
    endloop
  endfacet
  facet normal -9.553296e-01 -2.507756e-01 1.563870e-01
    outer loop
      vertex -6.202186e-03 -1.174604e-02 7.544160e-03
      vertex -6.562718e-03 -1.050925e-02 7.325023e-03
      vertex -6.562718e-03 -1.120189e-02 6.214342e-03
    endloop
  endfacet
  facet normal -9.553129e-01 -2.653751e-01 1.302049e-01
    outer loop
      vertex -6.202186e-03 -1.244841e-02 6.318989e-03
      vertex -6.562718e-03 -1.120189e-02 6.214342e-03
      vertex -6.562718e-03 -1.176990e-02 5.056649e-03
    endloop
  endfacet
  facet normal -9.539075e-01 -2.950941e-01 5.458842e-02
    outer loop
      vertex -6.202186e-03 -1.382623e-02 1.959410e-03
      vertex -6.202186e-03 -1.363244e-02 3.006972e-03
      vertex -6.562718e-03 -1.260115e-02 2.281786e-03
    endloop
  endfacet
  facet normal -9.553663e-01 -2.923477e-01 4.252060e-02
    outer loop
      vertex -6.202186e-03 -1.382623e-02 1.959410e-03
      vertex -6.562718e-03 -1.260115e-02 2.281786e-03
      vertex -6.562718e-03 -1.274423e-02 1.298083e-03
    endloop
  endfacet
  facet normal -9.539126e-01 -2.999530e-01 8.889341e-03
    outer loop
      vertex -6.202186e-03 -1.396327e-02 -1.715911e-04
      vertex -6.202186e-03 -1.393177e-02 8.912766e-04
      vertex -6.562718e-03 -1.280170e-02 3.348828e-04
    endloop
  endfacet
  facet normal -9.559231e-01 -2.935270e-01 -7.279610e-03
    outer loop
      vertex -6.202186e-03 -1.396327e-02 -1.715911e-04
      vertex -6.562718e-03 -1.280170e-02 3.348828e-04
      vertex -6.562718e-03 -1.276922e-02 -9.747022e-04
    endloop
  endfacet
  facet normal -9.548119e-01 -2.953853e-01 -3.289003e-02
    outer loop
      vertex -6.202186e-03 -1.390519e-02 -1.238942e-03
      vertex -6.562718e-03 -1.276922e-02 -9.747022e-04
      vertex -6.562718e-03 -1.265996e-02 -1.955945e-03
    endloop
  endfacet
  facet normal -9.538602e-01 -2.792287e-01 -1.103723e-01
    outer loop
      vertex -6.202186e-03 -1.276741e-02 -5.656054e-03
      vertex -6.202186e-03 -1.314885e-02 -4.691049e-03
      vertex -6.562718e-03 -1.201036e-02 -4.455516e-03
    endloop
  endfacet
  facet normal -9.550316e-01 -2.531502e-01 -1.543683e-01
    outer loop
      vertex -6.562718e-03 -1.070592e-02 -7.026702e-03
      vertex -6.202186e-03 -1.195287e-02 -7.212317e-03
      vertex -6.562718e-03 -1.120785e-02 -6.203575e-03
    endloop
  endfacet
  facet normal -9.539049e-01 -2.514071e-01 -1.638899e-01
    outer loop
      vertex -6.202186e-03 -1.136584e-02 -8.112822e-03
      vertex -6.202186e-03 -1.195287e-02 -7.212317e-03
      vertex -6.562718e-03 -1.070592e-02 -7.026702e-03
    endloop
  endfacet
  facet normal -9.553889e-01 -2.410384e-01 -1.706825e-01
    outer loop
      vertex -6.202186e-03 -1.136584e-02 -8.112822e-03
      vertex -6.562718e-03 -1.070592e-02 -7.026702e-03
      vertex -6.562718e-03 -1.012082e-02 -7.852988e-03
    endloop
  endfacet
  facet normal -9.532597e-01 -2.000573e-01 -2.264356e-01
    outer loop
      vertex -6.202186e-03 -8.705593e-03 -1.091301e-02
      vertex -6.202186e-03 -9.763577e-03 -9.978278e-03
      vertex -6.562718e-03 -8.607653e-03 -9.481760e-03
    endloop
  endfacet
  facet normal -9.545991e-01 -1.925662e-01 -2.272856e-01
    outer loop
      vertex -6.202186e-03 -8.705593e-03 -1.091301e-02
      vertex -6.562718e-03 -8.607653e-03 -9.481760e-03
      vertex -6.562718e-03 -7.857627e-03 -1.011721e-02
    endloop
  endfacet
  facet normal -9.549341e-01 -1.254510e-01 -2.690035e-01
    outer loop
      vertex -6.202186e-03 -5.369764e-03 -1.289078e-02
      vertex -6.202186e-03 -6.324018e-03 -1.244576e-02
      vertex -6.562718e-03 -5.943561e-03 -1.134334e-02
    endloop
  endfacet
  facet normal -9.551598e-01 -1.005852e-01 -2.784824e-01
    outer loop
      vertex -6.202186e-03 -4.517720e-03 -1.321201e-02
      vertex -6.562718e-03 -4.771250e-03 -1.188386e-02
      vertex -6.562718e-03 -3.822077e-03 -1.222669e-02
    endloop
  endfacet
  facet normal -9.559810e-01 -7.308603e-02 -2.841808e-01
    outer loop
      vertex -6.202186e-03 -3.501412e-03 -1.352199e-02
      vertex -6.562718e-03 -3.822077e-03 -1.222669e-02
      vertex -6.562718e-03 -2.550947e-03 -1.255361e-02
    endloop
  endfacet
  facet normal -9.550411e-01 -1.778582e-02 -2.959393e-01
    outer loop
      vertex -6.562718e-03 -3.395216e-04 -1.280116e-02
      vertex -6.202186e-03 -9.074895e-04 -1.393052e-02
      vertex -6.562718e-03 -1.313990e-03 -1.274260e-02
    endloop
  endfacet
  facet normal -9.538976e-01 -8.990454e-03 -2.999975e-01
    outer loop
      vertex -6.202186e-03 1.826267e-04 -1.396319e-02
      vertex -6.202186e-03 -9.074895e-04 -1.393052e-02
      vertex -6.562718e-03 -3.395216e-04 -1.280116e-02
    endloop
  endfacet
  facet normal -9.554003e-01 2.494353e-03 -2.953032e-01
    outer loop
      vertex -6.202186e-03 1.826267e-04 -1.396319e-02
      vertex -6.562718e-03 -3.395216e-04 -1.280116e-02
      vertex -6.562718e-03 6.699553e-04 -1.279263e-02
    endloop
  endfacet
  facet normal -9.538036e-01 1.110930e-01 -2.791361e-01
    outer loop
      vertex -6.202186e-03 4.666109e-03 -1.315745e-02
      vertex -6.562718e-03 4.419743e-03 -1.202357e-02
      vertex -6.562718e-03 5.050808e-03 -1.177241e-02
    endloop
  endfacet
  facet normal -9.548955e-01 1.406751e-01 -2.615055e-01
    outer loop
      vertex -6.202186e-03 6.916919e-03 -1.213049e-02
      vertex -6.202186e-03 6.285428e-03 -1.247020e-02
      vertex -6.562718e-03 5.622180e-03 -1.151049e-02
    endloop
  endfacet
  facet normal -9.549292e-01 1.847100e-01 -2.323628e-01
    outer loop
      vertex -6.202186e-03 8.332775e-03 -1.120543e-02
      vertex -6.562718e-03 7.579540e-03 -1.032253e-02
      vertex -6.202186e-03 9.120560e-03 -1.057920e-02
    endloop
  endfacet
  facet normal -9.547566e-01 1.994511e-01 -2.205880e-01
    outer loop
      vertex -6.202186e-03 9.120560e-03 -1.057920e-02
      vertex -6.562718e-03 8.364559e-03 -9.702292e-03
      vertex -6.202186e-03 9.610152e-03 -1.013652e-02
    endloop
  endfacet
  facet normal -9.547039e-01 2.237340e-01 -1.961722e-01
    outer loop
      vertex -6.202186e-03 1.010171e-02 -9.646736e-03
      vertex -6.562718e-03 9.264382e-03 -8.847120e-03
      vertex -6.562718e-03 9.913549e-03 -8.106747e-03
    endloop
  endfacet
  facet normal -9.548133e-01 2.363923e-01 -1.801396e-01
    outer loop
      vertex -6.202186e-03 1.091837e-02 -8.699116e-03
      vertex -6.562718e-03 9.913549e-03 -8.106747e-03
      vertex -6.562718e-03 1.050925e-02 -7.325023e-03
    endloop
  endfacet
  facet normal -9.553296e-01 2.507756e-01 -1.563870e-01
    outer loop
      vertex -6.202186e-03 1.174604e-02 -7.544160e-03
      vertex -6.562718e-03 1.050925e-02 -7.325023e-03
      vertex -6.562718e-03 1.120189e-02 -6.214342e-03
    endloop
  endfacet
  facet normal -9.553129e-01 2.653751e-01 -1.302049e-01
    outer loop
      vertex -6.202186e-03 1.244841e-02 -6.318989e-03
      vertex -6.562718e-03 1.120189e-02 -6.214342e-03
      vertex -6.562718e-03 1.176990e-02 -5.056649e-03
    endloop
  endfacet
  facet normal -9.539075e-01 2.950941e-01 -5.458842e-02
    outer loop
      vertex -6.202186e-03 1.382623e-02 -1.959410e-03
      vertex -6.202186e-03 1.363244e-02 -3.006972e-03
      vertex -6.562718e-03 1.260115e-02 -2.281786e-03
    endloop
  endfacet
  facet normal -9.553663e-01 2.923477e-01 -4.252060e-02
    outer loop
      vertex -6.202186e-03 1.382623e-02 -1.959410e-03
      vertex -6.562718e-03 1.260115e-02 -2.281786e-03
      vertex -6.562718e-03 1.274423e-02 -1.298083e-03
    endloop
  endfacet
  facet normal -9.539126e-01 2.999530e-01 -8.889341e-03
    outer loop
      vertex -6.202186e-03 1.396327e-02 1.715911e-04
      vertex -6.202186e-03 1.393177e-02 -8.912766e-04
      vertex -6.562718e-03 1.280170e-02 -3.348828e-04
    endloop
  endfacet
  facet normal -9.559231e-01 2.935270e-01 7.279610e-03
    outer loop
      vertex -6.202186e-03 1.396327e-02 1.715911e-04
      vertex -6.562718e-03 1.280170e-02 -3.348828e-04
      vertex -6.562718e-03 1.276922e-02 9.747022e-04
    endloop
  endfacet
  facet normal -9.548119e-01 2.953853e-01 3.289003e-02
    outer loop
      vertex -6.202186e-03 1.390519e-02 1.238942e-03
      vertex -6.562718e-03 1.276922e-02 9.747022e-04
      vertex -6.562718e-03 1.265996e-02 1.955945e-03
    endloop
  endfacet
  facet normal -9.538602e-01 2.792287e-01 1.103723e-01
    outer loop
      vertex -6.202186e-03 1.276741e-02 5.656054e-03
      vertex -6.202186e-03 1.314885e-02 4.691049e-03
      vertex -6.562718e-03 1.201036e-02 4.455516e-03
    endloop
  endfacet
  facet normal -9.550316e-01 2.531502e-01 1.543683e-01
    outer loop
      vertex -6.562718e-03 1.070592e-02 7.026702e-03
      vertex -6.202186e-03 1.195287e-02 7.212317e-03
      vertex -6.562718e-03 1.120785e-02 6.203575e-03
    endloop
  endfacet
  facet normal -9.539049e-01 2.514071e-01 1.638899e-01
    outer loop
      vertex -6.202186e-03 1.136584e-02 8.112822e-03
      vertex -6.202186e-03 1.195287e-02 7.212317e-03
      vertex -6.562718e-03 1.070592e-02 7.026702e-03
    endloop
  endfacet
  facet normal -9.553889e-01 2.410384e-01 1.706825e-01
    outer loop
      vertex -6.202186e-03 1.136584e-02 8.112822e-03
      vertex -6.562718e-03 1.070592e-02 7.026702e-03
      vertex -6.562718e-03 1.012082e-02 7.852988e-03
    endloop
  endfacet
  facet normal -9.532597e-01 2.000573e-01 2.264356e-01
    outer loop
      vertex -6.202186e-03 8.705593e-03 1.091301e-02
      vertex -6.202186e-03 9.763577e-03 9.978278e-03
      vertex -6.562718e-03 8.607653e-03 9.481760e-03
    endloop
  endfacet
  facet normal -9.545991e-01 1.925662e-01 2.272856e-01
    outer loop
      vertex -6.202186e-03 8.705593e-03 1.091301e-02
      vertex -6.562718e-03 8.607653e-03 9.481760e-03
      vertex -6.562718e-03 7.857627e-03 1.011721e-02
    endloop
  endfacet
  facet normal -9.549341e-01 1.254510e-01 2.690035e-01
    outer loop
      vertex -6.202186e-03 5.369764e-03 1.289078e-02
      vertex -6.202186e-03 6.324018e-03 1.244576e-02
      vertex -6.562718e-03 5.943561e-03 1.134334e-02
    endloop
  endfacet
  facet normal -9.551598e-01 1.005852e-01 2.784824e-01
    outer loop
      vertex -6.202186e-03 4.517720e-03 1.321201e-02
      vertex -6.562718e-03 4.771250e-03 1.188386e-02
      vertex -6.562718e-03 3.822077e-03 1.222669e-02
    endloop
  endfacet
  facet normal -9.559810e-01 7.308603e-02 2.841808e-01
    outer loop
      vertex -6.202186e-03 3.501412e-03 1.352199e-02
      vertex -6.562718e-03 3.822077e-03 1.222669e-02
      vertex -6.562718e-03 2.550947e-03 1.255361e-02
    endloop
  endfacet
  facet normal -9.550411e-01 1.778582e-02 2.959393e-01
    outer loop
      vertex -6.562718e-03 3.395216e-04 1.280116e-02
      vertex -6.202186e-03 9.074895e-04 1.393052e-02
      vertex -6.562718e-03 1.313990e-03 1.274260e-02
    endloop
  endfacet
  facet normal -9.538976e-01 8.990454e-03 2.999975e-01
    outer loop
      vertex -6.202186e-03 -1.826267e-04 1.396319e-02
      vertex -6.202186e-03 9.074895e-04 1.393052e-02
      vertex -6.562718e-03 3.395216e-04 1.280116e-02
    endloop
  endfacet
  facet normal -9.335271e-01 -3.338073e-02 3.569494e-01
    outer loop
      vertex -6.562718e-03 -6.699553e-04 1.279263e-02
      vertex -6.987973e-03 -9.026976e-04 1.165870e-02
      vertex -6.562718e-03 -1.613435e-03 1.270440e-02
    endloop
  endfacet
  facet normal -9.345797e-01 -3.890973e-02 3.536195e-01
    outer loop
      vertex -6.562718e-03 -1.613435e-03 1.270440e-02
      vertex -6.987973e-03 -9.026976e-04 1.165870e-02
      vertex -6.987973e-03 -1.752879e-03 1.156516e-02
    endloop
  endfacet
  facet normal -9.329909e-01 -5.741250e-02 3.552912e-01
    outer loop
      vertex -6.562718e-03 -1.613435e-03 1.270440e-02
      vertex -6.987973e-03 -1.752879e-03 1.156516e-02
      vertex -6.562718e-03 -2.567441e-03 1.255024e-02
    endloop
  endfacet
  facet normal -9.334815e-01 -1.095036e-01 3.414986e-01
    outer loop
      vertex -6.562718e-03 -3.510101e-03 1.231525e-02
      vertex -6.987973e-03 -3.768779e-03 1.106988e-02
      vertex -6.562718e-03 -4.419743e-03 1.202357e-02
    endloop
  endfacet
  facet normal -9.351340e-01 -1.582677e-01 3.169789e-01
    outer loop
      vertex -6.562718e-03 -5.622180e-03 1.151049e-02
      vertex -6.987973e-03 -4.872868e-03 1.063006e-02
      vertex -6.987973e-03 -5.653303e-03 1.024039e-02
    endloop
  endfacet
  facet normal -9.340297e-01 -2.018301e-01 2.947086e-01
    outer loop
      vertex -6.562718e-03 -6.800762e-03 1.085587e-02
      vertex -6.987973e-03 -6.209922e-03 9.912732e-03
      vertex -6.562718e-03 -7.579540e-03 1.032253e-02
    endloop
  endfacet
  facet normal -9.329348e-01 -2.232074e-01 2.825087e-01
    outer loop
      vertex -6.562718e-03 -7.579540e-03 1.032253e-02
      vertex -6.987973e-03 -7.149448e-03 9.258012e-03
      vertex -6.562718e-03 -8.364559e-03 9.702292e-03
    endloop
  endfacet
  facet normal -9.334811e-01 -2.852448e-01 2.173670e-01
    outer loop
      vertex -6.562718e-03 -9.913549e-03 8.106747e-03
      vertex -6.987973e-03 -9.416789e-03 6.932378e-03
      vertex -6.562718e-03 -1.050925e-02 7.325023e-03
    endloop
  endfacet
  facet normal -9.339734e-01 -3.032148e-01 1.890888e-01
    outer loop
      vertex -6.562718e-03 -1.050925e-02 7.325023e-03
      vertex -6.987973e-03 -1.022869e-02 5.674449e-03
      vertex -6.562718e-03 -1.120189e-02 6.214342e-03
    endloop
  endfacet
  facet normal -9.323616e-01 -3.245650e-01 1.592462e-01
    outer loop
      vertex -6.562718e-03 -1.120189e-02 6.214342e-03
      vertex -6.987973e-03 -1.049107e-02 5.173291e-03
      vertex -6.562718e-03 -1.176990e-02 5.056649e-03
    endloop
  endfacet
  facet normal -9.351799e-01 -3.434598e-01 8.645217e-02
    outer loop
      vertex -6.562718e-03 -1.239562e-02 3.232469e-03
      vertex -6.987973e-03 -1.123693e-02 3.235659e-03
      vertex -6.987973e-03 -1.145372e-02 2.374365e-03
    endloop
  endfacet
  facet normal -9.340193e-01 -3.535031e-01 5.141536e-02
    outer loop
      vertex -6.562718e-03 -1.260115e-02 2.281786e-03
      vertex -6.987973e-03 -1.163703e-02 1.185308e-03
      vertex -6.562718e-03 -1.274423e-02 1.298083e-03
    endloop
  endfacet
  facet normal -9.340244e-01 -3.565751e-01 2.127542e-02
    outer loop
      vertex -6.987973e-03 -1.168951e-02 3.057887e-04
      vertex -6.562718e-03 -1.280170e-02 3.348828e-04
      vertex -6.562718e-03 -1.274423e-02 1.298083e-03
    endloop
  endfacet
  facet normal -9.340184e-01 -3.572111e-01 -3.123674e-03
    outer loop
      vertex -6.562718e-03 -1.280170e-02 3.348828e-04
      vertex -6.987973e-03 -1.168951e-02 3.057887e-04
      vertex -6.987973e-03 -1.168153e-02 -6.059401e-04
    endloop
  endfacet
  facet normal -9.348500e-01 -3.531774e-01 -3.634812e-02
    outer loop
      vertex -6.562718e-03 -1.276922e-02 -9.747022e-04
      vertex -6.987973e-03 -1.168153e-02 -6.059401e-04
      vertex -6.987973e-03 -1.156008e-02 -1.786016e-03
    endloop
  endfacet
  facet normal -9.356751e-01 -3.337707e-01 -1.144953e-01
    outer loop
      vertex -6.562718e-03 -1.221632e-02 -3.855103e-03
      vertex -6.987973e-03 -1.123767e-02 -3.232773e-03
      vertex -6.562718e-03 -1.201036e-02 -4.455516e-03
    endloop
  endfacet
  facet normal -9.328586e-01 -2.939975e-01 -2.081835e-01
    outer loop
      vertex -6.562718e-03 -1.070592e-02 -7.026702e-03
      vertex -6.987973e-03 -9.610332e-03 -6.668351e-03
      vertex -6.562718e-03 -1.012082e-02 -7.852988e-03
    endloop
  endfacet
  facet normal -9.351363e-01 -2.668714e-01 -2.330229e-01
    outer loop
      vertex -6.562718e-03 -9.724064e-03 -8.339239e-03
      vertex -6.987973e-03 -9.060394e-03 -7.392736e-03
      vertex -6.987973e-03 -8.484932e-03 -8.051789e-03
    endloop
  endfacet
  facet normal -9.340212e-01 -2.309150e-01 -2.725486e-01
    outer loop
      vertex -6.562718e-03 -8.607653e-03 -9.481760e-03
      vertex -6.987973e-03 -7.859834e-03 -8.658001e-03
      vertex -6.562718e-03 -7.857627e-03 -1.011721e-02
    endloop
  endfacet
  facet normal -9.340155e-01 -1.213556e-01 -3.359878e-01
    outer loop
      vertex -6.562718e-03 -4.771250e-03 -1.188386e-02
      vertex -6.987973e-03 -4.356732e-03 -1.085141e-02
      vertex -6.562718e-03 -3.822077e-03 -1.222669e-02
    endloop
  endfacet
  facet normal -9.331418e-01 -8.954498e-02 -3.481783e-01
    outer loop
      vertex -6.562718e-03 -3.822077e-03 -1.222669e-02
      vertex -6.987973e-03 -3.211110e-03 -1.124411e-02
      vertex -6.562718e-03 -2.550947e-03 -1.255361e-02
    endloop
  endfacet
  facet normal -9.335271e-01 3.338073e-02 -3.569494e-01
    outer loop
      vertex -6.562718e-03 6.699553e-04 -1.279263e-02
      vertex -6.987973e-03 9.026976e-04 -1.165870e-02
      vertex -6.562718e-03 1.613435e-03 -1.270440e-02
    endloop
  endfacet
  facet normal -9.345797e-01 3.890973e-02 -3.536195e-01
    outer loop
      vertex -6.562718e-03 1.613435e-03 -1.270440e-02
      vertex -6.987973e-03 9.026976e-04 -1.165870e-02
      vertex -6.987973e-03 1.752879e-03 -1.156516e-02
    endloop
  endfacet
  facet normal -9.329909e-01 5.741250e-02 -3.552912e-01
    outer loop
      vertex -6.562718e-03 1.613435e-03 -1.270440e-02
      vertex -6.987973e-03 1.752879e-03 -1.156516e-02
      vertex -6.562718e-03 2.567441e-03 -1.255024e-02
    endloop
  endfacet
  facet normal -9.334815e-01 1.095036e-01 -3.414986e-01
    outer loop
      vertex -6.562718e-03 3.510101e-03 -1.231525e-02
      vertex -6.987973e-03 3.768779e-03 -1.106988e-02
      vertex -6.562718e-03 4.419743e-03 -1.202357e-02
    endloop
  endfacet
  facet normal -9.351340e-01 1.582677e-01 -3.169789e-01
    outer loop
      vertex -6.562718e-03 5.622180e-03 -1.151049e-02
      vertex -6.987973e-03 4.872868e-03 -1.063006e-02
      vertex -6.987973e-03 5.653303e-03 -1.024039e-02
    endloop
  endfacet
  facet normal -9.340297e-01 2.018301e-01 -2.947086e-01
    outer loop
      vertex -6.562718e-03 6.800762e-03 -1.085587e-02
      vertex -6.987973e-03 6.209922e-03 -9.912732e-03
      vertex -6.562718e-03 7.579540e-03 -1.032253e-02
    endloop
  endfacet
  facet normal -9.329348e-01 2.232074e-01 -2.825087e-01
    outer loop
      vertex -6.562718e-03 7.579540e-03 -1.032253e-02
      vertex -6.987973e-03 7.149448e-03 -9.258012e-03
      vertex -6.562718e-03 8.364559e-03 -9.702292e-03
    endloop
  endfacet
  facet normal -9.334811e-01 2.852448e-01 -2.173670e-01
    outer loop
      vertex -6.562718e-03 9.913549e-03 -8.106747e-03
      vertex -6.987973e-03 9.416789e-03 -6.932378e-03
      vertex -6.562718e-03 1.050925e-02 -7.325023e-03
    endloop
  endfacet
  facet normal -9.339734e-01 3.032148e-01 -1.890888e-01
    outer loop
      vertex -6.562718e-03 1.050925e-02 -7.325023e-03
      vertex -6.987973e-03 1.022869e-02 -5.674449e-03
      vertex -6.562718e-03 1.120189e-02 -6.214342e-03
    endloop
  endfacet
  facet normal -9.323616e-01 3.245650e-01 -1.592462e-01
    outer loop
      vertex -6.562718e-03 1.120189e-02 -6.214342e-03
      vertex -6.987973e-03 1.049107e-02 -5.173291e-03
      vertex -6.562718e-03 1.176990e-02 -5.056649e-03
    endloop
  endfacet
  facet normal -9.351799e-01 3.434598e-01 -8.645217e-02
    outer loop
      vertex -6.562718e-03 1.239562e-02 -3.232469e-03
      vertex -6.987973e-03 1.123693e-02 -3.235659e-03
      vertex -6.987973e-03 1.145372e-02 -2.374365e-03
    endloop
  endfacet
  facet normal -9.340193e-01 3.535031e-01 -5.141536e-02
    outer loop
      vertex -6.562718e-03 1.260115e-02 -2.281786e-03
      vertex -6.987973e-03 1.163703e-02 -1.185308e-03
      vertex -6.562718e-03 1.274423e-02 -1.298083e-03
    endloop
  endfacet
  facet normal -9.340244e-01 3.565751e-01 -2.127542e-02
    outer loop
      vertex -6.987973e-03 1.168951e-02 -3.057887e-04
      vertex -6.562718e-03 1.280170e-02 -3.348828e-04
      vertex -6.562718e-03 1.274423e-02 -1.298083e-03
    endloop
  endfacet
  facet normal -9.340184e-01 3.572111e-01 3.123674e-03
    outer loop
      vertex -6.562718e-03 1.280170e-02 -3.348828e-04
      vertex -6.987973e-03 1.168951e-02 -3.057887e-04
      vertex -6.987973e-03 1.168153e-02 6.059401e-04
    endloop
  endfacet
  facet normal -9.348500e-01 3.531774e-01 3.634812e-02
    outer loop
      vertex -6.562718e-03 1.276922e-02 9.747022e-04
      vertex -6.987973e-03 1.168153e-02 6.059401e-04
      vertex -6.987973e-03 1.156008e-02 1.786016e-03
    endloop
  endfacet
  facet normal -9.356751e-01 3.337707e-01 1.144953e-01
    outer loop
      vertex -6.562718e-03 1.221632e-02 3.855103e-03
      vertex -6.987973e-03 1.123767e-02 3.232773e-03
      vertex -6.562718e-03 1.201036e-02 4.455516e-03
    endloop
  endfacet
  facet normal -9.328586e-01 2.939975e-01 2.081835e-01
    outer loop
      vertex -6.562718e-03 1.070592e-02 7.026702e-03
      vertex -6.987973e-03 9.610332e-03 6.668351e-03
      vertex -6.562718e-03 1.012082e-02 7.852988e-03
    endloop
  endfacet
  facet normal -9.351363e-01 2.668714e-01 2.330229e-01
    outer loop
      vertex -6.562718e-03 9.724064e-03 8.339239e-03
      vertex -6.987973e-03 9.060394e-03 7.392736e-03
      vertex -6.987973e-03 8.484932e-03 8.051789e-03
    endloop
  endfacet
  facet normal -9.340212e-01 2.309150e-01 2.725486e-01
    outer loop
      vertex -6.562718e-03 8.607653e-03 9.481760e-03
      vertex -6.987973e-03 7.859834e-03 8.658001e-03
      vertex -6.562718e-03 7.857627e-03 1.011721e-02
    endloop
  endfacet
  facet normal -9.340155e-01 1.213556e-01 3.359878e-01
    outer loop
      vertex -6.562718e-03 4.771250e-03 1.188386e-02
      vertex -6.987973e-03 4.356732e-03 1.085141e-02
      vertex -6.562718e-03 3.822077e-03 1.222669e-02
    endloop
  endfacet
  facet normal -9.331418e-01 8.954498e-02 3.481783e-01
    outer loop
      vertex -6.562718e-03 3.822077e-03 1.222669e-02
      vertex -6.987973e-03 3.211110e-03 1.124411e-02
      vertex -6.562718e-03 2.550947e-03 1.255361e-02
    endloop
  endfacet
  facet normal -9.109878e-01 -9.976024e-02 4.001864e-01
    outer loop
      vertex -7.494265e-03 -2.901268e-03 1.017915e-02
      vertex -6.987973e-03 -2.908503e-03 1.132987e-02
      vertex -7.494265e-03 -2.122113e-03 1.037338e-02
    endloop
  endfacet
  facet normal -9.075649e-01 -1.553968e-01 3.900996e-01
    outer loop
      vertex -6.987973e-03 -4.872868e-03 1.063006e-02
      vertex -6.987973e-03 -3.768779e-03 1.106988e-02
      vertex -7.494265e-03 -3.653131e-03 9.938059e-03
    endloop
  endfacet
  facet normal -9.096280e-01 -2.107397e-01 3.580022e-01
    outer loop
      vertex -7.494265e-03 -5.621158e-03 8.972902e-03
      vertex -6.987973e-03 -5.653303e-03 1.024039e-02
      vertex -7.494265e-03 -5.117311e-03 9.269494e-03
    endloop
  endfacet
  facet normal -9.095569e-01 -2.348194e-01 3.428790e-01
    outer loop
      vertex -6.987973e-03 -6.209922e-03 9.912732e-03
      vertex -7.494265e-03 -5.621158e-03 8.972902e-03
      vertex -7.494265e-03 -6.264855e-03 8.532068e-03
    endloop
  endfacet
  facet normal -9.109466e-01 -2.557416e-01 3.236860e-01
    outer loop
      vertex -7.494265e-03 -6.913712e-03 8.019412e-03
      vertex -6.987973e-03 -7.149448e-03 9.258012e-03
      vertex -7.494265e-03 -6.264855e-03 8.532068e-03
    endloop
  endfacet
  facet normal -9.075705e-01 -2.968935e-01 2.969342e-01
    outer loop
      vertex -6.987973e-03 -7.842860e-03 8.674015e-03
      vertex -7.494265e-03 -7.471149e-03 7.498209e-03
      vertex -6.987973e-03 -8.663353e-03 7.853635e-03
    endloop
  endfacet
  facet normal -9.102502e-01 -3.021552e-01 2.831019e-01
    outer loop
      vertex -7.494265e-03 -8.026497e-03 6.905486e-03
      vertex -6.987973e-03 -8.663353e-03 7.853635e-03
      vertex -7.494265e-03 -7.471149e-03 7.498209e-03
    endloop
  endfacet
  facet normal -9.105969e-01 -3.585278e-01 2.055995e-01
    outer loop
      vertex -7.494265e-03 -9.348562e-03 4.966864e-03
      vertex -6.987973e-03 -1.022869e-02 5.674449e-03
      vertex -7.494265e-03 -8.978312e-03 5.612512e-03
    endloop
  endfacet
  facet normal -9.130595e-01 -3.613045e-01 1.891597e-01
    outer loop
      vertex -7.494265e-03 -9.696655e-03 4.246821e-03
      vertex -6.987973e-03 -1.049107e-02 5.173291e-03
      vertex -6.987973e-03 -1.022869e-02 5.674449e-03
    endloop
  endfacet
  facet normal -9.116218e-01 -4.022877e-01 8.432222e-02
    outer loop
      vertex -7.494265e-03 -1.045065e-02 1.686278e-03
      vertex -6.987973e-03 -1.145372e-02 2.374365e-03
      vertex -7.494265e-03 -1.026484e-02 2.572712e-03
    endloop
  endfacet
  facet normal -9.111680e-01 -3.543333e-01 -2.102875e-01
    outer loop
      vertex -6.987973e-03 -1.008771e-02 -5.914368e-03
      vertex -7.494265e-03 -9.352781e-03 -4.958970e-03
      vertex -7.494265e-03 -8.848959e-03 -5.807908e-03
    endloop
  endfacet
  facet normal -9.094465e-01 -3.087142e-01 -2.785723e-01
    outer loop
      vertex -6.987973e-03 -9.060394e-03 -7.392736e-03
      vertex -7.494265e-03 -8.201374e-03 -6.691828e-03
      vertex -7.494265e-03 -7.496642e-03 -7.472813e-03
    endloop
  endfacet
  facet normal -9.066422e-01 -2.617768e-01 -3.308667e-01
    outer loop
      vertex -6.987973e-03 -7.859834e-03 -8.658001e-03
      vertex -7.494265e-03 -6.916469e-03 -8.017035e-03
      vertex -7.494265e-03 -6.279843e-03 -8.520723e-03
    endloop
  endfacet
  facet normal -9.115179e-01 -1.090376e-02 -4.111157e-01
    outer loop
      vertex -6.987973e-03 -6.200491e-04 -1.168079e-02
      vertex -7.494265e-03 -8.236691e-04 -1.055285e-02
      vertex -6.987973e-03 -9.792167e-17 -1.169724e-02
    endloop
  endfacet
  facet normal -9.109878e-01 9.976024e-02 -4.001864e-01
    outer loop
      vertex -7.494265e-03 2.901268e-03 -1.017915e-02
      vertex -6.987973e-03 2.908503e-03 -1.132987e-02
      vertex -7.494265e-03 2.122113e-03 -1.037338e-02
    endloop
  endfacet
  facet normal -9.075649e-01 1.553968e-01 -3.900996e-01
    outer loop
      vertex -6.987973e-03 4.872868e-03 -1.063006e-02
      vertex -6.987973e-03 3.768779e-03 -1.106988e-02
      vertex -7.494265e-03 3.653131e-03 -9.938059e-03
    endloop
  endfacet
  facet normal -9.096280e-01 2.107397e-01 -3.580022e-01
    outer loop
      vertex -7.494265e-03 5.621158e-03 -8.972902e-03
      vertex -6.987973e-03 5.653303e-03 -1.024039e-02
      vertex -7.494265e-03 5.117311e-03 -9.269494e-03
    endloop
  endfacet
  facet normal -9.095569e-01 2.348194e-01 -3.428790e-01
    outer loop
      vertex -6.987973e-03 6.209922e-03 -9.912732e-03
      vertex -7.494265e-03 5.621158e-03 -8.972902e-03
      vertex -7.494265e-03 6.264855e-03 -8.532068e-03
    endloop
  endfacet
  facet normal -9.109466e-01 2.557416e-01 -3.236860e-01
    outer loop
      vertex -7.494265e-03 6.913712e-03 -8.019412e-03
      vertex -6.987973e-03 7.149448e-03 -9.258012e-03
      vertex -7.494265e-03 6.264855e-03 -8.532068e-03
    endloop
  endfacet
  facet normal -9.075705e-01 2.968935e-01 -2.969342e-01
    outer loop
      vertex -6.987973e-03 7.842860e-03 -8.674015e-03
      vertex -7.494265e-03 7.471149e-03 -7.498209e-03
      vertex -6.987973e-03 8.663353e-03 -7.853635e-03
    endloop
  endfacet
  facet normal -9.102502e-01 3.021552e-01 -2.831019e-01
    outer loop
      vertex -7.494265e-03 8.026497e-03 -6.905486e-03
      vertex -6.987973e-03 8.663353e-03 -7.853635e-03
      vertex -7.494265e-03 7.471149e-03 -7.498209e-03
    endloop
  endfacet
  facet normal -9.105969e-01 3.585278e-01 -2.055995e-01
    outer loop
      vertex -7.494265e-03 9.348562e-03 -4.966864e-03
      vertex -6.987973e-03 1.022869e-02 -5.674449e-03
      vertex -7.494265e-03 8.978312e-03 -5.612512e-03
    endloop
  endfacet
  facet normal -9.130595e-01 3.613045e-01 -1.891597e-01
    outer loop
      vertex -7.494265e-03 9.696655e-03 -4.246821e-03
      vertex -6.987973e-03 1.049107e-02 -5.173291e-03
      vertex -6.987973e-03 1.022869e-02 -5.674449e-03
    endloop
  endfacet
  facet normal -9.116218e-01 4.022877e-01 -8.432222e-02
    outer loop
      vertex -7.494265e-03 1.045065e-02 -1.686278e-03
      vertex -6.987973e-03 1.145372e-02 -2.374365e-03
      vertex -7.494265e-03 1.026484e-02 -2.572712e-03
    endloop
  endfacet
  facet normal -9.111680e-01 3.543333e-01 2.102875e-01
    outer loop
      vertex -6.987973e-03 1.008771e-02 5.914368e-03
      vertex -7.494265e-03 9.352781e-03 4.958970e-03
      vertex -7.494265e-03 8.848959e-03 5.807908e-03
    endloop
  endfacet
  facet normal -9.109665e-01 3.089368e-01 2.733093e-01
    outer loop
      vertex -6.987973e-03 9.060394e-03 7.392736e-03
      vertex -7.494265e-03 8.365342e-03 6.490873e-03
      vertex -7.494265e-03 7.496642e-03 7.472813e-03
    endloop
  endfacet
  facet normal -9.066422e-01 2.617768e-01 3.308667e-01
    outer loop
      vertex -6.987973e-03 7.859834e-03 8.658001e-03
      vertex -7.494265e-03 6.916469e-03 8.017035e-03
      vertex -7.494265e-03 6.279843e-03 8.520723e-03
    endloop
  endfacet
  facet normal -9.115179e-01 1.090376e-02 4.111157e-01
    outer loop
      vertex -7.494265e-03 8.236691e-04 1.055285e-02
      vertex -6.987973e-03 -1.569855e-16 1.169724e-02
      vertex -6.987973e-03 6.200491e-04 1.168079e-02
    endloop
  endfacet
  facet normal -8.820159e-01 4.814934e-02 -4.687533e-01
    outer loop
      vertex -8.063759e-03 1.374055e-03 -9.425074e-03
      vertex -7.494265e-03 1.333581e-03 -1.050080e-02
      vertex -8.033363e-03 5.850381e-04 -9.563313e-03
    endloop
  endfacet
  facet normal -8.820325e-01 3.845412e-01 2.722990e-01
    outer loop
      vertex -7.494265e-03 8.848959e-03 5.807908e-03
      vertex -7.903314e-03 8.281910e-03 5.283702e-03
      vertex -7.494265e-03 8.365342e-03 6.490873e-03
    endloop
  endfacet
  facet normal -8.813644e-01 1.455269e-01 4.494648e-01
    outer loop
      vertex -8.063328e-03 2.519176e-03 9.187626e-03
      vertex -7.494265e-03 2.906663e-03 1.017805e-02
      vertex -7.494265e-03 3.690057e-03 9.924407e-03
    endloop
  endfacet
  facet normal -8.819509e-01 4.818049e-02 4.688722e-01
    outer loop
      vertex -8.033527e-03 5.856528e-04 9.562954e-03
      vertex -7.494265e-03 8.236691e-04 1.055285e-02
      vertex -8.063759e-03 1.374055e-03 9.425074e-03
    endloop
  endfacet
  facet normal -8.819736e-01 1.203906e-02 4.711451e-01
    outer loop
      vertex -7.494265e-03 -2.768751e-04 1.058097e-02
      vertex -7.494265e-03 8.236691e-04 1.055285e-02
      vertex -8.063988e-03 -2.964092e-04 9.514963e-03
    endloop
  endfacet
  facet normal -8.824972e-01 -3.928093e-02 4.686745e-01
    outer loop
      vertex -8.063759e-03 -1.374055e-03 9.425074e-03
      vertex -7.494265e-03 -1.333581e-03 1.050080e-02
      vertex -8.063988e-03 -2.964092e-04 9.514963e-03
    endloop
  endfacet
  facet normal -8.815504e-01 -2.587838e-01 3.948416e-01
    outer loop
      vertex -8.063063e-03 -5.342056e-03 7.885891e-03
      vertex -7.494265e-03 -5.621158e-03 8.972902e-03
      vertex -8.175560e-03 -4.695855e-03 8.058249e-03
    endloop
  endfacet
  facet normal -8.813049e-01 -3.943081e-01 2.604282e-01
    outer loop
      vertex -8.063375e-03 -8.094307e-03 5.025061e-03
      vertex -7.494265e-03 -8.978312e-03 5.612512e-03
      vertex -7.494265e-03 -8.686403e-03 6.054484e-03
    endloop
  endfacet
  facet normal -8.843565e-01 -2.366802e-01 -4.023632e-01
    outer loop
      vertex -7.973994e-03 -4.417370e-03 -8.627359e-03
      vertex -7.494265e-03 -5.380884e-03 -9.114997e-03
      vertex -8.241385e-03 -5.305217e-03 -7.517405e-03
    endloop
  endfacet
  facet normal -8.813644e-01 -1.455269e-01 -4.494648e-01
    outer loop
      vertex -8.063328e-03 -2.519176e-03 -9.187626e-03
      vertex -7.494265e-03 -2.906663e-03 -1.017805e-02
      vertex -7.494265e-03 -3.690057e-03 -9.924407e-03
    endloop
  endfacet
  facet normal -8.779557e-01 -1.222919e-02 -4.785857e-01
    outer loop
      vertex -7.494265e-03 2.768751e-04 -1.058097e-02
      vertex -7.494265e-03 -8.236691e-04 -1.055285e-02
      vertex -8.253372e-03 -9.900855e-05 -9.178802e-03
    endloop
  endfacet
  facet normal -8.807361e-01 -1.322952e-01 4.547547e-01
    outer loop
      vertex -8.145711e-03 -2.968935e-03 8.897789e-03
      vertex -7.494265e-03 -2.901268e-03 1.017915e-02
      vertex -8.193455e-03 -2.213561e-03 9.025072e-03
    endloop
  endfacet
  facet normal -8.791466e-01 -6.033440e-02 -4.727166e-01
    outer loop
      vertex -8.063873e-03 -9.849602e-04 -9.472921e-03
      vertex -7.494265e-03 -8.236691e-04 -1.055285e-02
      vertex -7.494265e-03 -1.857321e-03 -1.042092e-02
    endloop
  endfacet
  facet normal -8.788443e-01 6.040496e-02 4.732694e-01
    outer loop
      vertex -8.063759e-03 1.374055e-03 9.425074e-03
      vertex -7.494265e-03 8.236691e-04 1.055285e-02
      vertex -7.494265e-03 1.857321e-03 1.042092e-02
    endloop
  endfacet
  facet normal -8.949763e-01 2.025632e-02 4.456536e-01
    outer loop
      vertex -8.771709e-03 7.717977e-04 8.141154e-03
      vertex -8.445357e-03 3.486100e-17 8.831626e-03
      vertex -8.431499e-03 7.717977e-04 8.824375e-03
    endloop
  endfacet
  facet normal -8.949917e-01 -1.936604e-02 4.456622e-01
    outer loop
      vertex -8.785848e-03 4.019007e-17 8.147843e-03
      vertex -8.432692e-03 -7.378471e-04 8.824999e-03
      vertex -8.445357e-03 3.486100e-17 8.831626e-03
    endloop
  endfacet
  facet normal -9.117761e-01 2.025746e-02 4.101878e-01
    outer loop
      vertex -8.785848e-03 4.019007e-17 8.147843e-03
      vertex -9.071615e-03 7.717977e-04 7.474516e-03
      vertex -9.085999e-03 2.597922e-17 7.480658e-03
    endloop
  endfacet
  facet normal -9.103837e-01 -5.882484e-02 4.095622e-01
    outer loop
      vertex -8.732144e-03 -1.503341e-03 8.122433e-03
      vertex -9.072853e-03 -7.378471e-04 7.475045e-03
      vertex -9.031361e-03 -1.503341e-03 7.457328e-03
    endloop
  endfacet
  facet normal -9.074416e-01 -9.944885e-02 4.082397e-01
    outer loop
      vertex -9.031361e-03 -1.503341e-03 7.457328e-03
      vertex -8.959448e-03 -2.285572e-03 7.426622e-03
      vertex -8.661463e-03 -2.285572e-03 8.088988e-03
    endloop
  endfacet
  facet normal -9.029906e-01 -1.399299e-01 4.062360e-01
    outer loop
      vertex -8.564349e-03 -3.045667e-03 8.043036e-03
      vertex -8.661463e-03 -2.285572e-03 8.088988e-03
      vertex -8.860641e-03 -3.045667e-03 7.384433e-03
    endloop
  endfacet
  facet normal -8.957583e-01 2.585902e-01 3.615913e-01
    outer loop
      vertex -8.387820e-03 5.324257e-03 7.182547e-03
      vertex -8.660066e-03 5.324257e-03 6.508122e-03
      vertex -8.859424e-03 4.527545e-03 6.584023e-03
    endloop
  endfacet
  facet normal -9.271079e-01 2.025718e-02 3.742468e-01
    outer loop
      vertex -9.085999e-03 2.597922e-17 7.480658e-03
      vertex -9.071615e-03 7.717977e-04 7.474516e-03
      vertex -9.369545e-03 -3.974598e-17 6.778241e-03
    endloop
  endfacet
  facet normal -9.271242e-01 -1.936573e-02 3.742534e-01
    outer loop
      vertex -9.369545e-03 -3.974598e-17 6.778241e-03
      vertex -9.356186e-03 -7.378471e-04 6.773155e-03
      vertex -9.085999e-03 2.597922e-17 7.480658e-03
    endloop
  endfacet
  facet normal -8.960010e-01 -2.576097e-01 3.616896e-01
    outer loop
      vertex -8.491211e-03 -4.907439e-03 7.226693e-03
      vertex -8.855080e-03 -4.546499e-03 6.582369e-03
      vertex -8.675180e-03 -5.268378e-03 6.513876e-03
    endloop
  endfacet
  facet normal -8.842816e-01 3.364422e-01 3.238098e-01
    outer loop
      vertex -8.164843e-03 6.584618e-03 6.627498e-03
      vertex -8.450345e-03 6.778241e-03 5.646652e-03
      vertex -8.699880e-03 6.042062e-03 5.730105e-03
    endloop
  endfacet
  facet normal -9.369934e-01 -9.944743e-02 3.348935e-01
    outer loop
      vertex -9.576322e-03 -1.503341e-03 6.023218e-03
      vertex -9.502164e-03 -2.285572e-03 5.998417e-03
      vertex -9.314022e-03 -1.503341e-03 6.757102e-03
    endloop
  endfacet
  facet normal -9.323972e-01 -1.399276e-01 3.332501e-01
    outer loop
      vertex -9.502164e-03 -2.285572e-03 5.998417e-03
      vertex -9.400273e-03 -3.045667e-03 5.964342e-03
      vertex -9.240945e-03 -2.285572e-03 6.729280e-03
    endloop
  endfacet
  facet normal -9.261662e-01 -1.806629e-01 3.310242e-01
    outer loop
      vertex -9.400273e-03 -3.045667e-03 5.964342e-03
      vertex -9.262310e-03 -3.837476e-03 5.918201e-03
      vertex -9.004583e-03 -3.837476e-03 6.639290e-03
    endloop
  endfacet
  facet normal -9.185803e-01 -2.200476e-01 3.283129e-01
    outer loop
      vertex -9.004583e-03 -3.837476e-03 6.639290e-03
      vertex -9.262310e-03 -3.837476e-03 5.918201e-03
      vertex -8.855080e-03 -4.546499e-03 6.582369e-03
    endloop
  endfacet
  facet normal -9.098804e-01 -2.576066e-01 3.252022e-01
    outer loop
      vertex -8.675180e-03 -5.268378e-03 6.513876e-03
      vertex -8.855080e-03 -4.546499e-03 6.582369e-03
      vertex -8.928038e-03 -5.268378e-03 5.806409e-03
    endloop
  endfacet
  facet normal -8.815134e-01 -3.433130e-01 3.241455e-01
    outer loop
      vertex -8.468584e-03 -6.727512e-03 5.652751e-03
      vertex -8.103340e-03 -7.031368e-03 6.324208e-03
      vertex -8.450133e-03 -6.042738e-03 6.428195e-03
    endloop
  endfacet
  facet normal -9.495757e-01 1.008845e-01 2.968642e-01
    outer loop
      vertex -9.723025e-03 2.302094e-03 5.285238e-03
      vertex -9.797083e-03 1.541591e-03 5.306795e-03
      vertex -9.573413e-03 1.541591e-03 6.022245e-03
    endloop
  endfacet
  facet normal -9.526839e-01 6.071900e-02 2.978364e-01
    outer loop
      vertex -9.617831e-03 7.717977e-04 6.037101e-03
      vertex -9.573413e-03 1.541591e-03 6.022245e-03
      vertex -9.842053e-03 7.717977e-04 5.319885e-03
    endloop
  endfacet
  facet normal -9.542491e-01 2.025741e-02 2.983257e-01
    outer loop
      vertex -9.842053e-03 7.717977e-04 5.319885e-03
      vertex -9.857071e-03 3.663736e-17 5.324257e-03
      vertex -9.617831e-03 7.717977e-04 6.037101e-03
    endloop
  endfacet
  facet normal -9.542658e-01 -1.936587e-02 2.983315e-01
    outer loop
      vertex -9.619108e-03 -7.378471e-04 6.037528e-03
      vertex -9.632665e-03 9.992007e-18 6.042062e-03
      vertex -9.843347e-03 -7.378471e-04 5.320262e-03
    endloop
  endfacet
  facet normal -9.542661e-01 -1.936509e-02 2.983307e-01
    outer loop
      vertex -9.857071e-03 3.663736e-17 5.324257e-03
      vertex -9.843347e-03 -7.378471e-04 5.320262e-03
      vertex -9.632665e-03 9.992007e-18 6.042062e-03
    endloop
  endfacet
  facet normal -9.497136e-01 -9.944914e-02 2.969072e-01
    outer loop
      vertex -9.800028e-03 -1.503341e-03 5.307652e-03
      vertex -9.724949e-03 -2.285572e-03 5.285798e-03
      vertex -9.502164e-03 -2.285572e-03 5.998417e-03
    endloop
  endfacet
  facet normal -9.450546e-01 -1.399284e-01 2.954521e-01
    outer loop
      vertex -9.400273e-03 -3.045667e-03 5.964342e-03
      vertex -9.724949e-03 -2.285572e-03 5.285798e-03
      vertex -9.621794e-03 -3.045667e-03 5.255770e-03
    endloop
  endfacet
  facet normal -9.387391e-01 -1.806667e-01 2.934764e-01
    outer loop
      vertex -9.621794e-03 -3.045667e-03 5.255770e-03
      vertex -9.482116e-03 -3.837476e-03 5.215112e-03
      vertex -9.262310e-03 -3.837476e-03 5.918201e-03
    endloop
  endfacet
  facet normal -9.114093e-01 -2.968949e-01 2.849323e-01
    outer loop
      vertex -9.143692e-03 -5.268378e-03 5.116601e-03
      vertex -8.912482e-03 -6.042738e-03 5.049298e-03
      vertex -8.699665e-03 -6.042738e-03 5.730033e-03
    endloop
  endfacet
  facet normal -9.564713e-01 -1.399236e-01 2.560939e-01
    outer loop
      vertex -9.936727e-03 -2.285572e-03 4.494841e-03
      vertex -9.832368e-03 -3.045667e-03 4.469306e-03
      vertex -9.724949e-03 -2.285572e-03 5.285798e-03
    endloop
  endfacet
  facet normal -9.422986e-01 -2.200422e-01 2.522988e-01
    outer loop
      vertex -9.482116e-03 -3.837476e-03 5.215112e-03
      vertex -9.691061e-03 -3.837476e-03 4.434732e-03
      vertex -9.535672e-03 -4.546499e-03 4.396712e-03
    endloop
  endfacet
  facet normal -9.224221e-01 -2.968826e-01 2.469782e-01
    outer loop
      vertex -9.348690e-03 -5.268378e-03 4.350962e-03
      vertex -9.114785e-03 -6.042738e-03 4.293730e-03
      vertex -8.912482e-03 -6.042738e-03 5.049298e-03
    endloop
  endfacet
  facet normal -9.737443e-01 6.072120e-02 2.193968e-01
    outer loop
      vertex -1.005520e-02 7.717977e-04 4.523828e-03
      vertex -1.000970e-02 1.541591e-03 4.512696e-03
      vertex -1.020873e-02 7.717977e-04 3.842384e-03
    endloop
  endfacet
  facet normal -9.753442e-01 2.025794e-02 2.197573e-01
    outer loop
      vertex -1.020873e-02 7.717977e-04 3.842384e-03
      vertex -1.022405e-02 -1.487699e-17 3.845541e-03
      vertex -1.005520e-02 7.717977e-04 4.523828e-03
    endloop
  endfacet
  facet normal -9.707080e-01 -9.945116e-02 2.187129e-01
    outer loop
      vertex -1.001268e-02 -1.503341e-03 4.513425e-03
      vertex -1.016587e-02 -1.503341e-03 3.833548e-03
      vertex -1.008928e-02 -2.285572e-03 3.817764e-03
    endloop
  endfacet
  facet normal -9.594903e-01 -1.806707e-01 2.161862e-01
    outer loop
      vertex -9.691061e-03 -3.837476e-03 4.434732e-03
      vertex -9.984056e-03 -3.045667e-03 3.796076e-03
      vertex -9.841576e-03 -3.837476e-03 3.766709e-03
    endloop
  endfacet
  facet normal -9.426168e-01 -2.576167e-01 2.123847e-01
    outer loop
      vertex -9.348690e-03 -5.268378e-03 4.350962e-03
      vertex -9.684896e-03 -4.546499e-03 3.734416e-03
      vertex -9.496362e-03 -5.268378e-03 3.695558e-03
    endloop
  endfacet
  facet normal -9.310891e-01 -3.088496e-01 1.941264e-01
    outer loop
      vertex -9.114785e-03 -6.042738e-03 4.293730e-03
      vertex -9.496362e-03 -5.268378e-03 3.695558e-03
      vertex -9.141191e-03 -6.385125e-03 3.622354e-03
    endloop
  endfacet
  facet normal -8.900685e-01 -4.093408e-01 2.005448e-01
    outer loop
      vertex -8.742664e-03 -7.439057e-03 3.540214e-03
      vertex -8.427711e-03 -8.155694e-03 3.475299e-03
      vertex -8.288840e-03 -8.155694e-03 4.091640e-03
    endloop
  endfacet
  facet normal -9.264118e-01 -3.351783e-01 1.715131e-01
    outer loop
      vertex -9.141191e-03 -6.385125e-03 3.622354e-03
      vertex -9.393361e-03 -6.042738e-03 2.929386e-03
      vertex -9.152923e-03 -6.727512e-03 2.889877e-03
    endloop
  endfacet
  facet normal -8.861879e-01 4.456675e-01 1.266943e-01
    outer loop
      vertex -8.557973e-03 8.147843e-03 2.792114e-03
      vertex -8.321657e-03 8.831626e-03 2.039755e-03
      vertex -8.659652e-03 8.147843e-03 2.080901e-03
    endloop
  endfacet
  facet normal -9.179923e-01 3.742534e-01 1.312419e-01
    outer loop
      vertex -8.854153e-03 7.480658e-03 2.840783e-03
      vertex -8.957604e-03 7.480658e-03 2.117173e-03
      vertex -9.239072e-03 6.778241e-03 2.151438e-03
    endloop
  endfacet
  facet normal -9.657350e-01 2.197576e-01 1.380669e-01
    outer loop
      vertex -9.934780e-03 4.527545e-03 2.236131e-03
      vertex -1.008732e-02 3.845541e-03 2.254701e-03
      vertex -9.977147e-03 3.845541e-03 3.025315e-03
    endloop
  endfacet
  facet normal -9.897488e-01 -1.936476e-02 1.415004e-01
    outer loop
      vertex -1.035003e-02 -7.378471e-04 3.086588e-03
      vertex -1.036413e-02 3.796963e-17 3.088906e-03
      vertex -1.046243e-02 -7.378471e-04 2.300366e-03
    endloop
  endfacet
  facet normal -9.897487e-01 -1.936536e-02 1.415009e-01
    outer loop
      vertex -1.047662e-02 2.020606e-17 2.302094e-03
      vertex -1.046243e-02 -7.378471e-04 2.300366e-03
      vertex -1.036413e-02 3.796963e-17 3.088906e-03
    endloop
  endfacet
  facet normal -9.801956e-01 -1.399255e-01 1.401340e-01
    outer loop
      vertex -1.034002e-02 -2.285572e-03 2.285465e-03
      vertex -1.023338e-02 -3.045667e-03 2.272482e-03
      vertex -1.022835e-02 -2.285572e-03 3.066593e-03
    endloop
  endfacet
  facet normal -9.736452e-01 -1.806628e-01 1.391974e-01
    outer loop
      vertex -1.023338e-02 -3.045667e-03 2.272482e-03
      vertex -1.008897e-02 -3.837476e-03 2.254902e-03
      vertex -9.978786e-03 -3.837476e-03 3.025584e-03
    endloop
  endfacet
  facet normal -9.656708e-01 -2.200457e-01 1.380574e-01
    outer loop
      vertex -9.978786e-03 -3.837476e-03 3.025584e-03
      vertex -1.008897e-02 -3.837476e-03 2.254902e-03
      vertex -9.930166e-03 -4.546499e-03 2.235570e-03
    endloop
  endfacet
  facet normal -9.453007e-01 -2.968876e-01 1.351456e-01
    outer loop
      vertex -9.739079e-03 -5.268378e-03 2.212307e-03
      vertex -9.500039e-03 -6.042738e-03 2.183208e-03
      vertex -9.630980e-03 -5.268378e-03 2.968432e-03
    endloop
  endfacet
  facet normal -8.860220e-01 -4.460039e-01 1.266710e-01
    outer loop
      vertex -8.655962e-03 -8.155694e-03 2.080452e-03
      vertex -8.319059e-03 -8.836626e-03 2.039438e-03
      vertex -8.219406e-03 -8.836626e-03 2.736480e-03
    endloop
  endfacet
  facet normal -9.686575e-01 2.333918e-01 8.503515e-02
    outer loop
      vertex -1.003245e-02 4.527545e-03 1.123552e-03
      vertex -1.016286e-02 3.845541e-03 1.509855e-03
      vertex -9.934780e-03 4.527545e-03 2.236131e-03
    endloop
  endfacet
  facet normal -9.899641e-01 -9.944787e-02 1.004052e-01
    outer loop
      vertex -1.041765e-02 -1.503341e-03 2.294914e-03
      vertex -1.049454e-02 -1.503341e-03 1.536784e-03
      vertex -1.041660e-02 -2.285572e-03 1.530456e-03
    endloop
  endfacet
  facet normal -9.851079e-01 -1.399288e-01 9.991152e-02
    outer loop
      vertex -1.023338e-02 -3.045667e-03 2.272482e-03
      vertex -1.041660e-02 -2.285572e-03 1.530456e-03
      vertex -1.030951e-02 -3.045667e-03 1.521762e-03
    endloop
  endfacet
  facet normal -9.785248e-01 -1.806649e-01 9.924465e-02
    outer loop
      vertex -1.030951e-02 -3.045667e-03 1.521762e-03
      vertex -1.016452e-02 -3.837476e-03 1.509989e-03
      vertex -1.008897e-02 -3.837476e-03 2.254902e-03
    endloop
  endfacet
  facet normal -9.705101e-01 -2.200491e-01 9.843076e-02
    outer loop
      vertex -9.930166e-03 -4.546499e-03 2.235570e-03
      vertex -1.008897e-02 -3.837476e-03 2.254902e-03
      vertex -1.000507e-02 -4.546499e-03 1.497044e-03
    endloop
  endfacet
  facet normal -9.613175e-01 -2.576095e-01 9.749876e-02
    outer loop
      vertex -9.739079e-03 -5.268378e-03 2.212307e-03
      vertex -1.000507e-02 -4.546499e-03 1.497044e-03
      vertex -9.813203e-03 -5.268378e-03 1.481466e-03
    endloop
  endfacet
  facet normal -9.373463e-01 -3.351778e-01 9.506735e-02
    outer loop
      vertex -9.258162e-03 -6.727512e-03 2.153762e-03
      vertex -9.573187e-03 -6.042738e-03 1.461980e-03
      vertex -9.330324e-03 -6.727512e-03 1.442261e-03
    endloop
  endfacet
  facet normal -9.235603e-01 -3.718364e-01 9.366953e-02
    outer loop
      vertex -8.975180e-03 -7.439057e-03 2.119313e-03
      vertex -9.330324e-03 -6.727512e-03 1.442261e-03
      vertex -9.046187e-03 -7.439057e-03 1.419192e-03
    endloop
  endfacet
  facet normal -9.737535e-01 2.197589e-01 5.924652e-02
    outer loop
      vertex -1.003245e-02 4.527545e-03 1.123552e-03
      vertex -1.020873e-02 3.845541e-03 7.559088e-04
      vertex -1.016286e-02 3.845541e-03 1.509855e-03
    endloop
  endfacet
  facet normal -9.979670e-01 -1.936622e-02 6.071950e-02
    outer loop
      vertex -1.053951e-02 -7.378471e-04 1.540435e-03
      vertex -1.060059e-02 -7.771561e-18 7.717977e-04
      vertex -1.058631e-02 -7.378471e-04 7.712185e-04
    endloop
  endfacet
  facet normal -9.736883e-01 -2.200488e-01 5.924272e-02
    outer loop
      vertex -1.000507e-02 -4.546499e-03 1.497044e-03
      vertex -1.021039e-02 -3.837476e-03 7.559761e-04
      vertex -1.005055e-02 -4.546499e-03 7.494949e-04
    endloop
  endfacet
  facet normal -9.644659e-01 -2.576083e-01 5.868194e-02
    outer loop
      vertex -1.005055e-02 -4.546499e-03 7.494949e-04
      vertex -9.858213e-03 -5.268378e-03 7.416960e-04
      vertex -9.813203e-03 -5.268378e-03 1.481466e-03
    endloop
  endfacet
  facet normal -9.531484e-01 -2.968919e-01 5.799334e-02
    outer loop
      vertex -9.813203e-03 -5.268378e-03 1.481466e-03
      vertex -9.858213e-03 -5.268378e-03 7.416960e-04
      vertex -9.617605e-03 -6.042738e-03 7.319399e-04
    endloop
  endfacet
  facet normal -9.265852e-01 -3.718352e-01 5.637705e-02
    outer loop
      vertex -9.046187e-03 -7.439057e-03 1.419192e-03
      vertex -9.330324e-03 -6.727512e-03 1.442261e-03
      vertex -9.089306e-03 -7.439057e-03 7.105186e-04
    endloop
  endfacet
  facet normal -9.271345e-01 3.742575e-01 1.878857e-02
    outer loop
      vertex -9.071615e-03 7.480658e-03 7.098013e-04
      vertex -9.085999e-03 7.480658e-03 -2.575717e-17
      vertex -9.369545e-03 6.778241e-03 -4.796163e-17
    endloop
  endfacet
  facet normal -9.980635e-01 -5.882357e-02 2.022565e-02
    outer loop
      vertex -1.054123e-02 -1.503341e-03 7.693906e-04
      vertex -1.060194e-02 -7.378471e-04 -6.572520e-17
      vertex -1.055682e-02 -1.503341e-03 -4.884981e-17
    endloop
  endfacet
  facet normal -9.752885e-01 -2.200491e-01 1.976508e-02
    outer loop
      vertex -1.022571e-02 -3.837476e-03 -4.440892e-17
      vertex -1.006574e-02 -4.546499e-03 -4.085621e-17
      vertex -1.005055e-02 -4.546499e-03 7.494949e-04
    endloop
  endfacet
  facet normal -9.281082e-01 -3.718352e-01 1.880800e-02
    outer loop
      vertex -9.089306e-03 -7.439057e-03 7.105186e-04
      vertex -9.374144e-03 -6.727512e-03 7.220681e-04
      vertex -9.103704e-03 -7.439057e-03 -4.263256e-17
    endloop
  endfacet
  facet normal -9.271485e-01 3.742633e-01 -1.796207e-02
    outer loop
      vertex -9.085999e-03 7.480658e-03 -2.575717e-17
      vertex -9.072853e-03 7.480658e-03 -6.785780e-04
      vertex -9.356186e-03 6.778241e-03 -6.895603e-04
    endloop
  endfacet
  facet normal -9.415048e-01 3.365056e-01 -1.824003e-02
    outer loop
      vertex -9.632665e-03 6.042062e-03 -5.595524e-17
      vertex -9.356186e-03 6.778241e-03 -6.895603e-04
      vertex -9.619108e-03 6.042062e-03 -6.997515e-04
    endloop
  endfacet
  facet normal -9.980811e-01 -5.882460e-02 -1.933592e-02
    outer loop
      vertex -1.055682e-02 -1.503341e-03 -4.884981e-17
      vertex -1.060194e-02 -7.378471e-04 -6.572520e-17
      vertex -1.054257e-02 -1.503341e-03 -7.355460e-04
    endloop
  endfacet
  facet normal -9.899755e-01 -1.399307e-01 -1.917896e-02
    outer loop
      vertex -1.037119e-02 -3.045667e-03 -5.240253e-17
      vertex -1.046444e-02 -2.285572e-03 -7.325174e-04
      vertex -1.035708e-02 -3.045667e-03 -7.283561e-04
    endloop
  endfacet
  facet normal -9.833597e-01 -1.806675e-01 -1.905139e-02
    outer loop
      vertex -1.035708e-02 -3.045667e-03 -7.283561e-04
      vertex -1.021171e-02 -3.837476e-03 -7.227215e-04
      vertex -1.022571e-02 -3.837476e-03 -4.440892e-17
    endloop
  endfacet
  facet normal -9.122132e-01 -4.093345e-01 -1.767281e-02
    outer loop
      vertex -9.090545e-03 -7.439057e-03 -6.792637e-04
      vertex -8.769212e-03 -8.155694e-03 -6.668084e-04
      vertex -9.103704e-03 -7.439057e-03 -4.263256e-17
    endloop
  endfacet
  facet normal -9.980629e-01 2.025664e-02 -5.882333e-02
    outer loop
      vertex -1.054123e-02 7.717977e-04 -1.502106e-03
      vertex -1.055682e-02 3.841372e-17 -1.503341e-03
      vertex -1.058631e-02 7.717977e-04 -7.372413e-04
    endloop
  endfacet
  facet normal -9.980805e-01 -1.936553e-02 -5.882457e-02
    outer loop
      vertex -1.055682e-02 3.841372e-17 -1.503341e-03
      vertex -1.054257e-02 -7.378471e-04 -1.502213e-03
      vertex -1.060194e-02 6.883383e-17 -7.378471e-04
    endloop
  endfacet
  facet normal -9.532566e-01 -2.968927e-01 -5.618288e-02
    outer loop
      vertex -9.816151e-03 -5.268378e-03 -1.444707e-03
      vertex -9.576096e-03 -6.042738e-03 -1.425704e-03
      vertex -9.859508e-03 -5.268378e-03 -7.090696e-04
    endloop
  endfacet
  facet normal -9.062337e-01 4.100752e-01 -1.028535e-01
    outer loop
      vertex -8.732144e-03 8.147843e-03 -1.358895e-03
      vertex -8.612906e-03 8.147843e-03 -2.409498e-03
      vertex -9.031361e-03 7.480658e-03 -1.382582e-03
    endloop
  endfacet
  facet normal -9.370141e-01 3.364980e-01 -9.366768e-02
    outer loop
      vertex -9.576322e-03 6.042062e-03 -1.425722e-03
      vertex -9.240945e-03 6.778241e-03 -2.135998e-03
      vertex -9.502164e-03 6.042062e-03 -2.167566e-03
    endloop
  endfacet
  facet normal -9.784210e-01 1.820062e-01 -9.780640e-02
    outer loop
      vertex -1.008928e-02 3.845541e-03 -2.238519e-03
      vertex -1.022835e-02 3.088906e-03 -2.255326e-03
      vertex -1.016587e-02 3.845541e-03 -1.472392e-03
    endloop
  endfacet
  facet normal -9.948543e-01 -1.936472e-02 -9.944857e-02
    outer loop
      vertex -1.054257e-02 -7.378471e-04 -1.502213e-03
      vertex -1.047863e-02 6.217249e-17 -2.285572e-03
      vertex -1.046444e-02 -7.378471e-04 -2.283857e-03
    endloop
  endfacet
  facet normal -9.852514e-01 -1.399275e-01 -9.848833e-02
    outer loop
      vertex -1.034202e-02 -2.285572e-03 -2.269063e-03
      vertex -1.023535e-02 -3.045667e-03 -2.256172e-03
      vertex -1.041964e-02 -2.285572e-03 -1.492481e-03
    endloop
  endfacet
  facet normal -9.374836e-01 -3.351750e-01 -9.371340e-02
    outer loop
      vertex -9.501940e-03 -6.042738e-03 -2.167539e-03
      vertex -9.260037e-03 -6.727512e-03 -2.138305e-03
      vertex -9.576096e-03 -6.042738e-03 -1.425704e-03
    endloop
  endfacet
  facet normal -9.899545e-01 2.025761e-02 -1.399277e-01
    outer loop
      vertex -1.035575e-02 7.717977e-04 -3.043166e-03
      vertex -1.037119e-02 -1.332268e-17 -3.045667e-03
      vertex -1.046310e-02 7.717977e-04 -2.283695e-03
    endloop
  endfacet
  facet normal -9.899720e-01 -1.936491e-02 -1.399302e-01
    outer loop
      vertex -1.046444e-02 -7.378471e-04 -2.283857e-03
      vertex -1.047863e-02 6.217249e-17 -2.285572e-03
      vertex -1.035708e-02 -7.378471e-04 -3.043382e-03
    endloop
  endfacet
  facet normal -9.884430e-01 -5.882435e-02 -1.397141e-01
    outer loop
      vertex -1.046444e-02 -7.378471e-04 -2.283857e-03
      vertex -1.035708e-02 -7.378471e-04 -3.043382e-03
      vertex -1.031254e-02 -1.503341e-03 -3.036169e-03
    endloop
  endfacet
  facet normal -9.852492e-01 -9.944746e-02 -1.392630e-01
    outer loop
      vertex -1.031254e-02 -1.503341e-03 -3.036169e-03
      vertex -1.023535e-02 -2.285572e-03 -3.023667e-03
      vertex -1.034202e-02 -2.285572e-03 -2.269063e-03
    endloop
  endfacet
  facet normal -9.804162e-01 -1.399281e-01 -1.385790e-01
    outer loop
      vertex -1.023535e-02 -3.045667e-03 -2.256172e-03
      vertex -1.023535e-02 -2.285572e-03 -3.023667e-03
      vertex -1.012930e-02 -3.045667e-03 -3.006490e-03
    endloop
  endfacet
  facet normal -9.738648e-01 -1.806634e-01 -1.376522e-01
    outer loop
      vertex -1.012930e-02 -3.045667e-03 -3.006490e-03
      vertex -1.005750e-02 -3.441571e-03 -2.994861e-03
      vertex -1.009093e-02 -3.837476e-03 -2.238719e-03
    endloop
  endfacet
  facet normal -9.261836e-01 3.364949e-01 -1.701621e-01
    outer loop
      vertex -9.400273e-03 6.042062e-03 -2.888417e-03
      vertex -9.140538e-03 6.778241e-03 -2.846350e-03
      vertex -9.262310e-03 6.042062e-03 -3.639344e-03
    endloop
  endfacet
  facet normal -9.736427e-01 1.414953e-01 -1.788828e-01
    outer loop
      vertex -1.023338e-02 2.302094e-03 -3.023347e-03
      vertex -9.978786e-03 3.088906e-03 -3.786693e-03
      vertex -1.008897e-02 2.302094e-03 -3.809353e-03
    endloop
  endfacet
  facet normal -9.785206e-01 1.008827e-01 -1.797782e-01
    outer loop
      vertex -1.030951e-02 1.541591e-03 -3.035678e-03
      vertex -1.008897e-02 2.302094e-03 -3.809353e-03
      vertex -1.016452e-02 1.541591e-03 -3.824890e-03
    endloop
  endfacet
  facet normal -9.738623e-01 -1.399257e-01 -1.789219e-01
    outer loop
      vertex -1.009093e-02 -2.285572e-03 -3.809756e-03
      vertex -9.985695e-03 -3.045667e-03 -3.788114e-03
      vertex -1.023535e-02 -2.285572e-03 -3.023667e-03
    endloop
  endfacet
  facet normal -9.673545e-01 -1.806608e-01 -1.777271e-01
    outer loop
      vertex -9.985695e-03 -3.045667e-03 -3.788114e-03
      vertex -9.843203e-03 -3.837476e-03 -3.758809e-03
      vertex -1.005750e-02 -3.441571e-03 -2.994861e-03
    endloop
  endfacet
  facet normal -9.594310e-01 -2.200462e-01 -1.762719e-01
    outer loop
      vertex -9.827780e-03 -4.546499e-03 -2.957656e-03
      vertex -9.843203e-03 -3.837476e-03 -3.758809e-03
      vertex -9.686508e-03 -4.546499e-03 -3.726584e-03
    endloop
  endfacet
  facet normal -9.391936e-01 -2.968858e-01 -1.725521e-01
    outer loop
      vertex -9.497957e-03 -5.268378e-03 -3.687807e-03
      vertex -9.262089e-03 -6.042738e-03 -3.639298e-03
      vertex -9.400050e-03 -6.042738e-03 -2.888381e-03
    endloop
  endfacet
  facet normal -9.045833e-01 3.742646e-01 -2.040957e-01
    outer loop
      vertex -9.004583e-03 6.778241e-03 -3.586340e-03
      vertex -8.579728e-03 7.480658e-03 -4.181292e-03
      vertex -8.855080e-03 6.778241e-03 -4.248963e-03
    endloop
  endfacet
  facet normal -9.185898e-01 3.365081e-01 -2.072561e-01
    outer loop
      vertex -9.262310e-03 6.042062e-03 -3.639344e-03
      vertex -8.855080e-03 6.778241e-03 -4.248963e-03
      vertex -9.110597e-03 6.042062e-03 -4.311760e-03
    endloop
  endfacet
  facet normal -9.422994e-01 2.585940e-01 -2.126051e-01
    outer loop
      vertex -9.691061e-03 4.527545e-03 -3.727520e-03
      vertex -9.482116e-03 5.324257e-03 -3.684549e-03
      vertex -9.535672e-03 4.527545e-03 -4.416228e-03
    endloop
  endfacet
  facet normal -9.591848e-01 1.820123e-01 -2.164162e-01
    outer loop
      vertex -9.841576e-03 3.845541e-03 -3.758475e-03
      vertex -9.684896e-03 3.845541e-03 -4.452901e-03
      vertex -9.820930e-03 3.088906e-03 -4.486333e-03
    endloop
  endfacet
  facet normal -9.706431e-01 -9.945028e-02 -2.190012e-01
    outer loop
      vertex -1.016752e-02 -1.503341e-03 -3.825508e-03
      vertex -1.000805e-02 -1.503341e-03 -4.532320e-03
      vertex -9.932112e-03 -2.285572e-03 -4.513658e-03
    endloop
  endfacet
  facet normal -9.658818e-01 -1.399302e-01 -2.179263e-01
    outer loop
      vertex -9.985695e-03 -3.045667e-03 -3.788114e-03
      vertex -9.932112e-03 -2.285572e-03 -4.513658e-03
      vertex -9.827780e-03 -3.045667e-03 -4.488017e-03
    endloop
  endfacet
  facet normal -9.425549e-01 -2.576138e-01 -2.126627e-01
    outer loop
      vertex -9.531158e-03 -4.546499e-03 -4.415118e-03
      vertex -9.344224e-03 -5.268378e-03 -4.369177e-03
      vertex -9.497957e-03 -5.268378e-03 -3.687807e-03
    endloop
  endfacet
  facet normal -8.900115e-01 -4.093360e-01 -2.008074e-01
    outer loop
      vertex -8.670557e-03 -7.439057e-03 -3.859153e-03
      vertex -8.284640e-03 -8.155694e-03 -4.108770e-03
      vertex -8.429211e-03 -8.155694e-03 -3.468010e-03
    endloop
  endfacet
  facet normal -9.426153e-01 2.197619e-01 -2.513583e-01
    outer loop
      vertex -9.684896e-03 3.845541e-03 -4.452901e-03
      vertex -9.535672e-03 4.527545e-03 -4.416228e-03
      vertex -9.496362e-03 3.845541e-03 -5.159919e-03
    endloop
  endfacet
  facet normal -9.660379e-01 2.025774e-02 -2.576050e-01
    outer loop
      vertex -1.006574e-02 -6.439294e-18 -4.546499e-03
      vertex -1.005055e-02 7.717977e-04 -4.542767e-03
      vertex -9.873244e-03 -1.665335e-17 -5.268378e-03
    endloop
  endfacet
  facet normal -9.660552e-01 -1.936631e-02 -2.576089e-01
    outer loop
      vertex -1.005186e-02 -7.378471e-04 -4.543087e-03
      vertex -1.006574e-02 -6.439294e-18 -4.546499e-03
      vertex -9.859508e-03 -7.378471e-04 -5.264425e-03
    endloop
  endfacet
  facet normal -9.614464e-01 -9.944926e-02 -2.563799e-01
    outer loop
      vertex -1.000805e-02 -1.503341e-03 -4.532320e-03
      vertex -9.816151e-03 -1.503341e-03 -5.251948e-03
      vertex -9.932112e-03 -2.285572e-03 -4.513658e-03
    endloop
  endfacet
  facet normal -8.802366e-01 -4.110952e-01 -2.370320e-01
    outer loop
      vertex -8.419708e-03 -7.439057e-03 -4.850080e-03
      vertex -7.926963e-03 -8.379374e-03 -5.049095e-03
      vertex -8.284640e-03 -8.155694e-03 -4.108770e-03
    endloop
  endfacet
  facet normal -9.500225e-01 1.008810e-01 -2.954323e-01
    outer loop
      vertex -9.813203e-03 1.541591e-03 -5.251100e-03
      vertex -9.500039e-03 2.302094e-03 -5.998453e-03
      vertex -9.573187e-03 1.541591e-03 -6.022920e-03
    endloop
  endfacet
  facet normal -9.454997e-01 -1.399258e-01 -2.940257e-01
    outer loop
      vertex -9.501940e-03 -2.285572e-03 -5.999089e-03
      vertex -9.400050e-03 -3.045667e-03 -5.965009e-03
      vertex -9.741006e-03 -2.285572e-03 -5.230323e-03
    endloop
  endfacet
  facet normal -9.391820e-01 -1.806599e-01 -2.920602e-01
    outer loop
      vertex -9.400050e-03 -3.045667e-03 -5.965009e-03
      vertex -9.262089e-03 -3.837476e-03 -5.918864e-03
      vertex -9.497957e-03 -3.837476e-03 -5.160378e-03
    endloop
  endfacet
  facet normal -9.174822e-01 2.471172e-01 -3.117042e-01
    outer loop
      vertex -9.187649e-03 4.186543e-03 -5.893966e-03
      vertex -8.912482e-03 5.324257e-03 -5.801929e-03
      vertex -8.878104e-03 4.527545e-03 -6.534747e-03
    endloop
  endfacet
  facet normal -9.263962e-01 1.820108e-01 -3.296393e-01
    outer loop
      vertex -9.393361e-03 3.088906e-03 -5.962771e-03
      vertex -9.021868e-03 3.845541e-03 -6.589014e-03
      vertex -9.152923e-03 3.088906e-03 -6.638484e-03
    endloop
  endfacet
  facet normal -9.326536e-01 1.415022e-01 -3.318652e-01
    outer loop
      vertex -9.500039e-03 2.302094e-03 -5.998453e-03
      vertex -9.152923e-03 3.088906e-03 -6.638484e-03
      vertex -9.258162e-03 2.302094e-03 -6.678208e-03
    endloop
  endfacet
  facet normal -9.339482e-01 -8.709469e-02 -3.466342e-01
    outer loop
      vertex -9.576096e-03 -1.503341e-03 -6.023892e-03
      vertex -9.191102e-03 -1.503341e-03 -7.061193e-03
      vertex -9.260037e-03 -2.285572e-03 -6.678916e-03
    endloop
  endfacet
  facet normal -9.328638e-01 -1.399320e-01 -3.319401e-01
    outer loop
      vertex -9.400050e-03 -3.045667e-03 -5.965009e-03
      vertex -9.260037e-03 -2.285572e-03 -6.678916e-03
      vertex -9.159522e-03 -3.045667e-03 -6.640975e-03
    endloop
  endfacet
  facet normal -9.266298e-01 -1.806677e-01 -3.297218e-01
    outer loop
      vertex -9.262089e-03 -3.837476e-03 -5.918864e-03
      vertex -9.159522e-03 -3.045667e-03 -6.640975e-03
      vertex -9.023421e-03 -3.837476e-03 -6.589600e-03
    endloop
  endfacet
  facet normal -9.055794e-01 2.197612e-01 -3.628098e-01
    outer loop
      vertex -9.021868e-03 3.845541e-03 -6.589014e-03
      vertex -8.878104e-03 4.527545e-03 -6.534747e-03
      vertex -8.742664e-03 3.845541e-03 -7.285911e-03
    endloop
  endfacet
  facet normal -9.280979e-01 -1.936568e-02 -3.718322e-01
    outer loop
      vertex -9.388777e-03 1.776357e-17 -6.727512e-03
      vertex -9.090545e-03 -7.378471e-04 -7.433475e-03
      vertex -9.375403e-03 -7.378471e-04 -6.722464e-03
    endloop
  endfacet
  facet normal -9.121847e-01 -1.936593e-02 -4.093214e-01
    outer loop
      vertex -9.090545e-03 -7.378471e-04 -7.433475e-03
      vertex -9.103704e-03 8.792966e-17 -7.439057e-03
      vertex -8.769212e-03 -7.378471e-04 -8.149574e-03
    endloop
  endfacet
  facet normal -9.033800e-01 -1.399274e-01 -4.053701e-01
    outer loop
      vertex -8.657773e-03 -2.285572e-03 -8.096783e-03
      vertex -8.560679e-03 -3.045667e-03 -8.050786e-03
      vertex -8.977024e-03 -2.285572e-03 -7.385322e-03
    endloop
  endfacet
  facet normal -8.904262e-01 1.008844e-01 -4.438058e-01
    outer loop
      vertex -8.690815e-03 1.921843e-03 -8.112435e-03
      vertex -8.319059e-03 2.302094e-03 -8.771867e-03
      vertex -8.387391e-03 1.541591e-03 -8.807645e-03
    endloop
  endfacet
  facet normal -8.934425e-01 -5.882314e-02 -4.453093e-01
    outer loop
      vertex -8.769212e-03 -7.378471e-04 -8.149574e-03
      vertex -8.430077e-03 -7.378471e-04 -8.829995e-03
      vertex -8.390108e-03 -1.503341e-03 -8.809068e-03
    endloop
  endfacet
  facet normal -8.905557e-01 -9.944823e-02 -4.438701e-01
    outer loop
      vertex -8.657773e-03 -2.285572e-03 -8.096783e-03
      vertex -8.390108e-03 -1.503341e-03 -8.809068e-03
      vertex -8.320835e-03 -2.285572e-03 -8.772796e-03
    endloop
  endfacet
  facet normal -8.861872e-01 -1.399288e-01 -4.416923e-01
    outer loop
      vertex -8.560679e-03 -3.045667e-03 -8.050786e-03
      vertex -8.320835e-03 -2.285572e-03 -8.772796e-03
      vertex -8.225656e-03 -3.045667e-03 -8.722960e-03
    endloop
  endfacet
  facet normal -8.778316e-01 -4.509996e-01 -1.612794e-01
    outer loop
      vertex -7.887648e-03 -9.283974e-03 -3.260588e-03
      vertex -8.560679e-03 -8.155694e-03 -2.752435e-03
      vertex -8.429211e-03 -8.155694e-03 -3.468010e-03
    endloop
  endfacet
  facet normal -9.844336e-01 -9.387661e-03 1.755057e-01
    outer loop
      vertex -5.923788e-03 -1.353945e-03 1.504524e-02
      vertex -5.716659e-03 -1.045261e-03 1.622357e-02
      vertex -5.923788e-03 -2.963291e-04 1.510181e-02
    endloop
  endfacet
  facet normal -9.843110e-01 -2.305114e-02 1.749298e-01
    outer loop
      vertex -5.923788e-03 -2.460457e-03 1.489943e-02
      vertex -5.716659e-03 -2.646651e-03 1.604039e-02
      vertex -5.923788e-03 -1.353945e-03 1.504524e-02
    endloop
  endfacet
  facet normal -9.843065e-01 -3.453968e-02 1.730542e-01
    outer loop
      vertex -5.923788e-03 -3.574804e-03 1.467702e-02
      vertex -5.716659e-03 -2.646651e-03 1.604039e-02
      vertex -5.923788e-03 -2.460457e-03 1.489943e-02
    endloop
  endfacet
  facet normal -9.844753e-01 -4.872935e-02 1.686233e-01
    outer loop
      vertex -5.716659e-03 -4.601909e-03 1.558949e-02
      vertex -5.923788e-03 -3.574804e-03 1.467702e-02
      vertex -5.923788e-03 -4.686198e-03 1.435585e-02
    endloop
  endfacet
  facet normal -9.843256e-01 -6.318771e-02 1.646527e-01
    outer loop
      vertex -5.716659e-03 -6.433759e-03 1.492345e-02
      vertex -5.923788e-03 -4.686198e-03 1.435585e-02
      vertex -5.923788e-03 -6.117102e-03 1.380672e-02
    endloop
  endfacet
  facet normal -9.839813e-01 -7.756967e-02 1.605108e-01
    outer loop
      vertex -5.716659e-03 -6.433759e-03 1.492345e-02
      vertex -5.923788e-03 -6.117102e-03 1.380672e-02
      vertex -5.923788e-03 -7.134705e-03 1.331494e-02
    endloop
  endfacet
  facet normal -9.844989e-01 -8.956806e-02 1.507960e-01
    outer loop
      vertex -5.716659e-03 -8.060154e-03 1.411754e-02
      vertex -5.923788e-03 -7.134705e-03 1.331494e-02
      vertex -5.923788e-03 -8.165436e-03 1.270272e-02
    endloop
  endfacet
  facet normal -9.848415e-01 -1.010128e-01 1.410093e-01
    outer loop
      vertex -5.923788e-03 -9.397917e-03 1.181983e-02
      vertex -5.716659e-03 -9.460025e-03 1.322197e-02
      vertex -5.923788e-03 -8.165436e-03 1.270272e-02
    endloop
  endfacet
  facet normal -9.848197e-01 -1.145751e-01 1.303948e-01
    outer loop
      vertex -5.923788e-03 -1.052879e-02 1.082615e-02
      vertex -5.716659e-03 -1.074929e-02 1.219677e-02
      vertex -5.923788e-03 -9.397917e-03 1.181983e-02
    endloop
  endfacet
  facet normal -9.848151e-01 -1.272193e-01 1.181289e-01
    outer loop
      vertex -5.716659e-03 -1.190424e-02 1.107165e-02
      vertex -5.923788e-03 -1.052879e-02 1.082615e-02
      vertex -5.923788e-03 -1.156742e-02 9.707598e-03
    endloop
  endfacet
  facet normal -9.848293e-01 -1.384226e-01 1.046446e-01
    outer loop
      vertex -5.716659e-03 -1.296786e-02 9.804445e-03
      vertex -5.923788e-03 -1.156742e-02 9.707598e-03
      vertex -5.923788e-03 -1.249391e-02 8.482050e-03
    endloop
  endfacet
  facet normal -9.847573e-01 -1.486601e-01 9.029572e-02
    outer loop
      vertex -5.716659e-03 -1.392159e-02 8.390500e-03
      vertex -5.923788e-03 -1.249391e-02 8.482050e-03
      vertex -5.923788e-03 -1.328965e-02 7.171965e-03
    endloop
  endfacet
  facet normal -9.848798e-01 -1.564171e-01 7.446774e-02
    outer loop
      vertex -5.716659e-03 -1.472146e-02 6.903893e-03
      vertex -5.923788e-03 -1.328965e-02 7.171965e-03
      vertex -5.923788e-03 -1.394438e-02 5.796736e-03
    endloop
  endfacet
  facet normal -9.848238e-01 -1.634248e-01 5.843382e-02
    outer loop
      vertex -5.716659e-03 -1.530597e-02 5.479579e-03
      vertex -5.923788e-03 -1.394438e-02 5.796736e-03
      vertex -5.923788e-03 -1.445711e-02 4.362741e-03
    endloop
  endfacet
  facet normal -9.848287e-01 -1.684528e-01 4.166550e-02
    outer loop
      vertex -5.923788e-03 -1.482423e-02 2.878486e-03
      vertex -5.716659e-03 -1.578185e-02 3.902651e-03
      vertex -5.923788e-03 -1.445711e-02 4.362741e-03
    endloop
  endfacet
  facet normal -9.848335e-01 -1.717933e-01 2.428978e-02
    outer loop
      vertex -5.716659e-03 -1.609659e-02 2.277591e-03
      vertex -5.923788e-03 -1.482423e-02 2.878486e-03
      vertex -5.923788e-03 -1.504088e-02 1.346222e-03
    endloop
  endfacet
  facet normal -9.846292e-01 -1.743869e-01 9.725977e-03
    outer loop
      vertex -5.716659e-03 -1.623322e-02 9.365920e-04
      vertex -5.923788e-03 -1.504088e-02 1.346222e-03
      vertex -5.923788e-03 -1.510457e-02 2.042043e-04
    endloop
  endfacet
  facet normal -9.837318e-01 -1.796382e-01 1.379622e-03
    outer loop
      vertex -5.716659e-03 -1.624518e-02 -6.200821e-04
      vertex -5.716659e-03 -1.623322e-02 9.365920e-04
      vertex -5.923788e-03 -1.510457e-02 2.042043e-04
    endloop
  endfacet
  facet normal -9.845354e-01 -1.751121e-01 -5.085364e-03
    outer loop
      vertex -5.716659e-03 -1.624518e-02 -6.200821e-04
      vertex -5.923788e-03 -1.510457e-02 2.042043e-04
      vertex -5.923788e-03 -1.507081e-02 -9.584061e-04
    endloop
  endfacet
  facet normal -9.846814e-01 -1.732324e-01 -1.982557e-02
    outer loop
      vertex -5.716659e-03 -1.609915e-02 -2.260481e-03
      vertex -5.923788e-03 -1.507081e-02 -9.584061e-04
      vertex -5.923788e-03 -1.489725e-02 -2.474936e-03
    endloop
  endfacet
  facet normal -9.847021e-01 -1.701845e-01 -3.740418e-02
    outer loop
      vertex -5.716659e-03 -1.578718e-02 -3.878752e-03
      vertex -5.923788e-03 -1.489725e-02 -2.474936e-03
      vertex -5.923788e-03 -1.456542e-02 -3.984736e-03
    endloop
  endfacet
  facet normal -9.846812e-01 -1.657095e-01 -5.425205e-02
    outer loop
      vertex -5.923788e-03 -1.409520e-02 -5.420984e-03
      vertex -5.716659e-03 -1.531214e-02 -5.463326e-03
      vertex -5.923788e-03 -1.456542e-02 -3.984736e-03
    endloop
  endfacet
  facet normal -9.841869e-01 -1.629874e-01 -6.936327e-02
    outer loop
      vertex -5.716659e-03 -1.468551e-02 -6.972828e-03
      vertex -5.923788e-03 -1.409520e-02 -5.420984e-03
      vertex -5.923788e-03 -1.364089e-02 -6.488509e-03
    endloop
  endfacet
  facet normal -9.841634e-01 -1.568667e-01 -8.255483e-02
    outer loop
      vertex -5.923788e-03 -1.311982e-02 -7.478622e-03
      vertex -5.716659e-03 -1.468551e-02 -6.972828e-03
      vertex -5.923788e-03 -1.364089e-02 -6.488509e-03
    endloop
  endfacet
  facet normal -9.841608e-01 -1.509246e-01 -9.300163e-02
    outer loop
      vertex -5.716659e-03 -1.347239e-02 -9.098348e-03
      vertex -5.923788e-03 -1.311982e-02 -7.478622e-03
      vertex -5.923788e-03 -1.252074e-02 -8.450815e-03
    endloop
  endfacet
  facet normal -9.841687e-01 -1.425146e-01 -1.053639e-01
    outer loop
      vertex -5.716659e-03 -1.347239e-02 -9.098348e-03
      vertex -5.923788e-03 -1.252074e-02 -8.450815e-03
      vertex -5.923788e-03 -1.182154e-02 -9.396544e-03
    endloop
  endfacet
  facet normal -9.844065e-01 -1.339930e-01 -1.139725e-01
    outer loop
      vertex -5.716659e-03 -1.236419e-02 -1.054759e-02
      vertex -5.923788e-03 -1.182154e-02 -9.396544e-03
      vertex -5.923788e-03 -1.108750e-02 -1.025953e-02
    endloop
  endfacet
  facet normal -9.843089e-01 -1.244350e-01 -1.251072e-01
    outer loop
      vertex -5.923788e-03 -1.028899e-02 -1.105375e-02
      vertex -5.716659e-03 -1.107590e-02 -1.190070e-02
      vertex -5.923788e-03 -1.108750e-02 -1.025953e-02
    endloop
  endfacet
  facet normal -9.849730e-01 -1.132814e-01 -1.303665e-01
    outer loop
      vertex -5.716659e-03 -1.013870e-02 -1.271507e-02
      vertex -5.716659e-03 -1.107590e-02 -1.190070e-02
      vertex -5.923788e-03 -9.113329e-03 -1.204112e-02
    endloop
  endfacet
  facet normal -9.842882e-01 -1.135557e-01 -1.352103e-01
    outer loop
      vertex -5.716659e-03 -1.107590e-02 -1.190070e-02
      vertex -5.923788e-03 -1.028899e-02 -1.105375e-02
      vertex -5.923788e-03 -9.113329e-03 -1.204112e-02
    endloop
  endfacet
  facet normal -9.844952e-01 -1.010532e-01 -1.433784e-01
    outer loop
      vertex -5.716659e-03 -9.139090e-03 -1.344520e-02
      vertex -5.923788e-03 -9.113329e-03 -1.204112e-02
      vertex -5.923788e-03 -8.172198e-03 -1.270443e-02
    endloop
  endfacet
  facet normal -9.839592e-01 -9.519976e-02 -1.508687e-01
    outer loop
      vertex -5.716659e-03 -9.139090e-03 -1.344520e-02
      vertex -5.923788e-03 -8.172198e-03 -1.270443e-02
      vertex -5.716659e-03 -8.086146e-03 -1.410962e-02
    endloop
  endfacet
  facet normal -9.846734e-01 -8.807203e-02 -1.505375e-01
    outer loop
      vertex -5.923788e-03 -7.177468e-03 -1.328640e-02
      vertex -5.716659e-03 -8.086146e-03 -1.410962e-02
      vertex -5.923788e-03 -8.172198e-03 -1.270443e-02
    endloop
  endfacet
  facet normal -9.844897e-01 -7.820127e-02 -1.570496e-01
    outer loop
      vertex -5.716659e-03 -6.998164e-03 -1.467410e-02
      vertex -5.923788e-03 -7.177468e-03 -1.328640e-02
      vertex -5.923788e-03 -6.160926e-03 -1.379258e-02
    endloop
  endfacet
  facet normal -9.835453e-01 -6.643430e-02 -1.680035e-01
    outer loop
      vertex -5.716659e-03 -6.998164e-03 -1.467410e-02
      vertex -5.923788e-03 -6.160926e-03 -1.379258e-02
      vertex -5.923788e-03 -5.072135e-03 -1.422312e-02
    endloop
  endfacet
  facet normal -9.846301e-01 -5.311551e-02 -1.663803e-01
    outer loop
      vertex -5.923788e-03 -3.967720e-03 -1.457570e-02
      vertex -5.716659e-03 -4.657474e-03 -1.558128e-02
      vertex -5.923788e-03 -5.072135e-03 -1.422312e-02
    endloop
  endfacet
  facet normal -9.841964e-01 -4.194236e-02 -1.720416e-01
    outer loop
      vertex -5.716659e-03 -3.455018e-03 -1.588561e-02
      vertex -5.923788e-03 -3.967720e-03 -1.457570e-02
      vertex -5.923788e-03 -3.203524e-03 -1.476200e-02
    endloop
  endfacet
  facet normal -9.841677e-01 -3.053537e-02 -1.745895e-01
    outer loop
      vertex -5.923788e-03 -2.103308e-03 -1.495443e-02
      vertex -5.716659e-03 -3.455018e-03 -1.588561e-02
      vertex -5.923788e-03 -3.203524e-03 -1.476200e-02
    endloop
  endfacet
  facet normal -9.845668e-01 -1.861398e-02 -1.740166e-01
    outer loop
      vertex -5.716659e-03 -1.966883e-03 -1.614093e-02
      vertex -5.923788e-03 -2.103308e-03 -1.495443e-02
      vertex -5.923788e-03 -9.881601e-04 -1.507371e-02
    endloop
  endfacet
  facet normal -9.845012e-01 -3.835982e-03 -1.753359e-01
    outer loop
      vertex -5.923788e-03 2.963291e-04 -1.510181e-02
      vertex -5.716659e-03 -6.371708e-04 -1.624441e-02
      vertex -5.923788e-03 -9.881601e-04 -1.507371e-02
    endloop
  endfacet
  facet normal -9.844336e-01 9.387661e-03 -1.755057e-01
    outer loop
      vertex -5.923788e-03 1.353945e-03 -1.504524e-02
      vertex -5.716659e-03 1.045261e-03 -1.622357e-02
      vertex -5.923788e-03 2.963291e-04 -1.510181e-02
    endloop
  endfacet
  facet normal -9.843110e-01 2.305114e-02 -1.749298e-01
    outer loop
      vertex -5.923788e-03 2.460457e-03 -1.489943e-02
      vertex -5.716659e-03 2.646651e-03 -1.604039e-02
      vertex -5.923788e-03 1.353945e-03 -1.504524e-02
    endloop
  endfacet
  facet normal -9.843065e-01 3.453968e-02 -1.730542e-01
    outer loop
      vertex -5.923788e-03 3.574804e-03 -1.467702e-02
      vertex -5.716659e-03 2.646651e-03 -1.604039e-02
      vertex -5.923788e-03 2.460457e-03 -1.489943e-02
    endloop
  endfacet
  facet normal -9.844753e-01 4.872935e-02 -1.686233e-01
    outer loop
      vertex -5.716659e-03 4.601909e-03 -1.558949e-02
      vertex -5.923788e-03 3.574804e-03 -1.467702e-02
      vertex -5.923788e-03 4.686198e-03 -1.435585e-02
    endloop
  endfacet
  facet normal -9.843256e-01 6.318771e-02 -1.646527e-01
    outer loop
      vertex -5.716659e-03 6.433759e-03 -1.492345e-02
      vertex -5.923788e-03 4.686198e-03 -1.435585e-02
      vertex -5.923788e-03 6.117102e-03 -1.380672e-02
    endloop
  endfacet
  facet normal -9.839813e-01 7.756967e-02 -1.605108e-01
    outer loop
      vertex -5.716659e-03 6.433759e-03 -1.492345e-02
      vertex -5.923788e-03 6.117102e-03 -1.380672e-02
      vertex -5.923788e-03 7.134705e-03 -1.331494e-02
    endloop
  endfacet
  facet normal -9.844989e-01 8.956806e-02 -1.507960e-01
    outer loop
      vertex -5.716659e-03 8.060154e-03 -1.411754e-02
      vertex -5.923788e-03 7.134705e-03 -1.331494e-02
      vertex -5.923788e-03 8.165436e-03 -1.270272e-02
    endloop
  endfacet
  facet normal -9.848415e-01 1.010128e-01 -1.410093e-01
    outer loop
      vertex -5.923788e-03 9.397917e-03 -1.181983e-02
      vertex -5.716659e-03 9.460025e-03 -1.322197e-02
      vertex -5.923788e-03 8.165436e-03 -1.270272e-02
    endloop
  endfacet
  facet normal -9.848197e-01 1.145751e-01 -1.303948e-01
    outer loop
      vertex -5.923788e-03 1.052879e-02 -1.082615e-02
      vertex -5.716659e-03 1.074929e-02 -1.219677e-02
      vertex -5.923788e-03 9.397917e-03 -1.181983e-02
    endloop
  endfacet
  facet normal -9.848151e-01 1.272193e-01 -1.181289e-01
    outer loop
      vertex -5.716659e-03 1.190424e-02 -1.107165e-02
      vertex -5.923788e-03 1.052879e-02 -1.082615e-02
      vertex -5.923788e-03 1.156742e-02 -9.707598e-03
    endloop
  endfacet
  facet normal -9.848293e-01 1.384226e-01 -1.046446e-01
    outer loop
      vertex -5.716659e-03 1.296786e-02 -9.804445e-03
      vertex -5.923788e-03 1.156742e-02 -9.707598e-03
      vertex -5.923788e-03 1.249391e-02 -8.482050e-03
    endloop
  endfacet
  facet normal -9.847573e-01 1.486601e-01 -9.029572e-02
    outer loop
      vertex -5.716659e-03 1.392159e-02 -8.390500e-03
      vertex -5.923788e-03 1.249391e-02 -8.482050e-03
      vertex -5.923788e-03 1.328965e-02 -7.171965e-03
    endloop
  endfacet
  facet normal -9.848798e-01 1.564171e-01 -7.446774e-02
    outer loop
      vertex -5.716659e-03 1.472146e-02 -6.903893e-03
      vertex -5.923788e-03 1.328965e-02 -7.171965e-03
      vertex -5.923788e-03 1.394438e-02 -5.796736e-03
    endloop
  endfacet
  facet normal -9.848238e-01 1.634248e-01 -5.843382e-02
    outer loop
      vertex -5.716659e-03 1.530597e-02 -5.479579e-03
      vertex -5.923788e-03 1.394438e-02 -5.796736e-03
      vertex -5.923788e-03 1.445711e-02 -4.362741e-03
    endloop
  endfacet
  facet normal -9.848287e-01 1.684528e-01 -4.166550e-02
    outer loop
      vertex -5.923788e-03 1.482423e-02 -2.878486e-03
      vertex -5.716659e-03 1.578185e-02 -3.902651e-03
      vertex -5.923788e-03 1.445711e-02 -4.362741e-03
    endloop
  endfacet
  facet normal -9.848335e-01 1.717933e-01 -2.428978e-02
    outer loop
      vertex -5.716659e-03 1.609659e-02 -2.277591e-03
      vertex -5.923788e-03 1.482423e-02 -2.878486e-03
      vertex -5.923788e-03 1.504088e-02 -1.346222e-03
    endloop
  endfacet
  facet normal -9.846292e-01 1.743869e-01 -9.725977e-03
    outer loop
      vertex -5.716659e-03 1.623322e-02 -9.365920e-04
      vertex -5.923788e-03 1.504088e-02 -1.346222e-03
      vertex -5.923788e-03 1.510457e-02 -2.042043e-04
    endloop
  endfacet
  facet normal -9.837318e-01 1.796382e-01 -1.379622e-03
    outer loop
      vertex -5.716659e-03 1.624518e-02 6.200821e-04
      vertex -5.716659e-03 1.623322e-02 -9.365920e-04
      vertex -5.923788e-03 1.510457e-02 -2.042043e-04
    endloop
  endfacet
  facet normal -9.845354e-01 1.751121e-01 5.085364e-03
    outer loop
      vertex -5.716659e-03 1.624518e-02 6.200821e-04
      vertex -5.923788e-03 1.510457e-02 -2.042043e-04
      vertex -5.923788e-03 1.507081e-02 9.584061e-04
    endloop
  endfacet
  facet normal -9.846814e-01 1.732324e-01 1.982557e-02
    outer loop
      vertex -5.716659e-03 1.609915e-02 2.260481e-03
      vertex -5.923788e-03 1.507081e-02 9.584061e-04
      vertex -5.923788e-03 1.489725e-02 2.474936e-03
    endloop
  endfacet
  facet normal -9.847021e-01 1.701845e-01 3.740418e-02
    outer loop
      vertex -5.716659e-03 1.578718e-02 3.878752e-03
      vertex -5.923788e-03 1.489725e-02 2.474936e-03
      vertex -5.923788e-03 1.456542e-02 3.984736e-03
    endloop
  endfacet
  facet normal -9.846812e-01 1.657095e-01 5.425205e-02
    outer loop
      vertex -5.923788e-03 1.409520e-02 5.420984e-03
      vertex -5.716659e-03 1.531214e-02 5.463326e-03
      vertex -5.923788e-03 1.456542e-02 3.984736e-03
    endloop
  endfacet
  facet normal -9.841869e-01 1.629874e-01 6.936327e-02
    outer loop
      vertex -5.716659e-03 1.468551e-02 6.972828e-03
      vertex -5.923788e-03 1.409520e-02 5.420984e-03
      vertex -5.923788e-03 1.364089e-02 6.488509e-03
    endloop
  endfacet
  facet normal -9.841634e-01 1.568667e-01 8.255483e-02
    outer loop
      vertex -5.923788e-03 1.311982e-02 7.478622e-03
      vertex -5.716659e-03 1.468551e-02 6.972828e-03
      vertex -5.923788e-03 1.364089e-02 6.488509e-03
    endloop
  endfacet
  facet normal -9.841608e-01 1.509246e-01 9.300163e-02
    outer loop
      vertex -5.716659e-03 1.347239e-02 9.098348e-03
      vertex -5.923788e-03 1.311982e-02 7.478622e-03
      vertex -5.923788e-03 1.252074e-02 8.450815e-03
    endloop
  endfacet
  facet normal -9.841687e-01 1.425146e-01 1.053639e-01
    outer loop
      vertex -5.716659e-03 1.347239e-02 9.098348e-03
      vertex -5.923788e-03 1.252074e-02 8.450815e-03
      vertex -5.923788e-03 1.182154e-02 9.396544e-03
    endloop
  endfacet
  facet normal -9.844065e-01 1.339930e-01 1.139725e-01
    outer loop
      vertex -5.716659e-03 1.236419e-02 1.054759e-02
      vertex -5.923788e-03 1.182154e-02 9.396544e-03
      vertex -5.923788e-03 1.108750e-02 1.025953e-02
    endloop
  endfacet
  facet normal -9.843089e-01 1.244350e-01 1.251072e-01
    outer loop
      vertex -5.923788e-03 1.028899e-02 1.105375e-02
      vertex -5.716659e-03 1.107590e-02 1.190070e-02
      vertex -5.923788e-03 1.108750e-02 1.025953e-02
    endloop
  endfacet
  facet normal -9.849730e-01 1.132814e-01 1.303665e-01
    outer loop
      vertex -5.716659e-03 1.013870e-02 1.271507e-02
      vertex -5.716659e-03 1.107590e-02 1.190070e-02
      vertex -5.923788e-03 9.113329e-03 1.204112e-02
    endloop
  endfacet
  facet normal -9.842882e-01 1.135557e-01 1.352103e-01
    outer loop
      vertex -5.716659e-03 1.107590e-02 1.190070e-02
      vertex -5.923788e-03 1.028899e-02 1.105375e-02
      vertex -5.923788e-03 9.113329e-03 1.204112e-02
    endloop
  endfacet
  facet normal -9.844952e-01 1.010532e-01 1.433784e-01
    outer loop
      vertex -5.716659e-03 9.139090e-03 1.344520e-02
      vertex -5.923788e-03 9.113329e-03 1.204112e-02
      vertex -5.923788e-03 8.172198e-03 1.270443e-02
    endloop
  endfacet
  facet normal -9.839592e-01 9.519976e-02 1.508687e-01
    outer loop
      vertex -5.716659e-03 9.139090e-03 1.344520e-02
      vertex -5.923788e-03 8.172198e-03 1.270443e-02
      vertex -5.716659e-03 8.086146e-03 1.410962e-02
    endloop
  endfacet
  facet normal -9.846734e-01 8.807203e-02 1.505375e-01
    outer loop
      vertex -5.923788e-03 7.177468e-03 1.328640e-02
      vertex -5.716659e-03 8.086146e-03 1.410962e-02
      vertex -5.923788e-03 8.172198e-03 1.270443e-02
    endloop
  endfacet
  facet normal -9.844897e-01 7.820127e-02 1.570496e-01
    outer loop
      vertex -5.716659e-03 6.998164e-03 1.467410e-02
      vertex -5.923788e-03 7.177468e-03 1.328640e-02
      vertex -5.923788e-03 6.160926e-03 1.379258e-02
    endloop
  endfacet
  facet normal -9.835453e-01 6.643430e-02 1.680035e-01
    outer loop
      vertex -5.716659e-03 6.998164e-03 1.467410e-02
      vertex -5.923788e-03 6.160926e-03 1.379258e-02
      vertex -5.923788e-03 5.072135e-03 1.422312e-02
    endloop
  endfacet
  facet normal -9.846301e-01 5.311551e-02 1.663803e-01
    outer loop
      vertex -5.923788e-03 3.967720e-03 1.457570e-02
      vertex -5.716659e-03 4.657474e-03 1.558128e-02
      vertex -5.923788e-03 5.072135e-03 1.422312e-02
    endloop
  endfacet
  facet normal -9.841964e-01 4.194236e-02 1.720416e-01
    outer loop
      vertex -5.716659e-03 3.455018e-03 1.588561e-02
      vertex -5.923788e-03 3.967720e-03 1.457570e-02
      vertex -5.923788e-03 3.203524e-03 1.476200e-02
    endloop
  endfacet
  facet normal -9.841677e-01 3.053537e-02 1.745895e-01
    outer loop
      vertex -5.923788e-03 2.103308e-03 1.495443e-02
      vertex -5.716659e-03 3.455018e-03 1.588561e-02
      vertex -5.923788e-03 3.203524e-03 1.476200e-02
    endloop
  endfacet
  facet normal -9.845668e-01 1.861398e-02 1.740166e-01
    outer loop
      vertex -5.716659e-03 1.966883e-03 1.614093e-02
      vertex -5.923788e-03 2.103308e-03 1.495443e-02
      vertex -5.923788e-03 9.881601e-04 1.507371e-02
    endloop
  endfacet
  facet normal -9.845012e-01 3.835982e-03 1.753359e-01
    outer loop
      vertex -5.923788e-03 -2.963291e-04 1.510181e-02
      vertex -5.716659e-03 6.371708e-04 1.624441e-02
      vertex -5.923788e-03 9.881601e-04 1.507371e-02
    endloop
  endfacet
  facet normal -9.715550e-01 -9.112188e-03 2.366384e-01
    outer loop
      vertex -6.202186e-03 -9.042202e-04 1.393540e-02
      vertex -5.923788e-03 -2.963291e-04 1.510181e-02
      vertex -6.202186e-03 -1.826267e-04 1.396319e-02
    endloop
  endfacet
  facet normal -9.711165e-01 -3.117246e-02 2.365606e-01
    outer loop
      vertex -6.202186e-03 -1.931025e-03 1.382633e-02
      vertex -5.923788e-03 -2.460457e-03 1.489943e-02
      vertex -5.923788e-03 -1.353945e-03 1.504524e-02
    endloop
  endfacet
  facet normal -9.716999e-01 -4.623476e-02 2.316500e-01
    outer loop
      vertex -6.202186e-03 -3.309064e-03 1.356227e-02
      vertex -5.923788e-03 -3.574804e-03 1.467702e-02
      vertex -5.923788e-03 -2.460457e-03 1.489943e-02
    endloop
  endfacet
  facet normal -9.716763e-01 -6.560680e-02 2.270262e-01
    outer loop
      vertex -6.202186e-03 -3.309064e-03 1.356227e-02
      vertex -5.923788e-03 -4.686198e-03 1.435585e-02
      vertex -5.923788e-03 -3.574804e-03 1.467702e-02
    endloop
  endfacet
  facet normal -9.707703e-01 -8.599241e-02 2.240766e-01
    outer loop
      vertex -6.202186e-03 -4.666109e-03 1.315745e-02
      vertex -5.923788e-03 -6.117102e-03 1.380672e-02
      vertex -5.923788e-03 -4.686198e-03 1.435585e-02
    endloop
  endfacet
  facet normal -9.709724e-01 -1.040773e-01 2.153616e-01
    outer loop
      vertex -6.202186e-03 -6.285428e-03 1.247020e-02
      vertex -5.923788e-03 -7.134705e-03 1.331494e-02
      vertex -5.923788e-03 -6.117102e-03 1.380672e-02
    endloop
  endfacet
  facet normal -9.709455e-01 -1.222055e-01 2.057442e-01
    outer loop
      vertex -6.202186e-03 -6.916919e-03 1.213049e-02
      vertex -5.923788e-03 -8.165436e-03 1.270272e-02
      vertex -5.923788e-03 -7.134705e-03 1.331494e-02
    endloop
  endfacet
  facet normal -9.704560e-01 -1.405087e-01 1.961439e-01
    outer loop
      vertex -6.202186e-03 -8.332775e-03 1.120543e-02
      vertex -5.923788e-03 -9.397917e-03 1.181983e-02
      vertex -5.923788e-03 -8.165436e-03 1.270272e-02
    endloop
  endfacet
  facet normal -9.702167e-01 -1.598941e-01 1.819711e-01
    outer loop
      vertex -6.202186e-03 -9.120560e-03 1.057920e-02
      vertex -5.923788e-03 -1.052879e-02 1.082615e-02
      vertex -5.923788e-03 -9.397917e-03 1.181983e-02
    endloop
  endfacet
  facet normal -9.708500e-01 -1.607527e-01 1.777886e-01
    outer loop
      vertex -5.923788e-03 -1.052879e-02 1.082615e-02
      vertex -6.202186e-03 -9.120560e-03 1.057920e-02
      vertex -6.202186e-03 -9.610152e-03 1.013652e-02
    endloop
  endfacet
  facet normal -9.702395e-01 -1.774462e-01 1.647669e-01
    outer loop
      vertex -6.202186e-03 -1.010171e-02 9.646736e-03
      vertex -5.923788e-03 -1.156742e-02 9.707598e-03
      vertex -5.923788e-03 -1.052879e-02 1.082615e-02
    endloop
  endfacet
  facet normal -9.707643e-01 -1.914768e-01 1.447525e-01
    outer loop
      vertex -6.202186e-03 -1.091837e-02 8.699116e-03
      vertex -5.923788e-03 -1.249391e-02 8.482050e-03
      vertex -5.923788e-03 -1.156742e-02 9.707598e-03
    endloop
  endfacet
  facet normal -9.707730e-01 -2.051255e-01 1.245926e-01
    outer loop
      vertex -6.202186e-03 -1.174604e-02 7.544160e-03
      vertex -5.923788e-03 -1.328965e-02 7.171965e-03
      vertex -5.923788e-03 -1.249391e-02 8.482050e-03
    endloop
  endfacet
  facet normal -9.707792e-01 -2.166725e-01 1.031544e-01
    outer loop
      vertex -6.202186e-03 -1.244841e-02 6.318989e-03
      vertex -5.923788e-03 -1.394438e-02 5.796736e-03
      vertex -5.923788e-03 -1.328965e-02 7.171965e-03
    endloop
  endfacet
  facet normal -9.702267e-01 -2.280587e-01 8.154418e-02
    outer loop
      vertex -6.202186e-03 -1.308803e-02 4.879283e-03
      vertex -5.923788e-03 -1.445711e-02 4.362741e-03
      vertex -5.923788e-03 -1.394438e-02 5.796736e-03
    endloop
  endfacet
  facet normal -9.707723e-01 -2.329814e-01 5.762613e-02
    outer loop
      vertex -6.202186e-03 -1.363244e-02 3.006972e-03
      vertex -5.923788e-03 -1.482423e-02 2.878486e-03
      vertex -5.923788e-03 -1.445711e-02 4.362741e-03
    endloop
  endfacet
  facet normal -9.703086e-01 -2.394884e-01 3.386116e-02
    outer loop
      vertex -6.202186e-03 -1.382623e-02 1.959410e-03
      vertex -5.923788e-03 -1.504088e-02 1.346222e-03
      vertex -5.923788e-03 -1.482423e-02 2.878486e-03
    endloop
  endfacet
  facet normal -9.710994e-01 -2.383052e-01 1.329086e-02
    outer loop
      vertex -6.202186e-03 -1.393177e-02 8.912766e-04
      vertex -5.923788e-03 -1.510457e-02 2.042043e-04
      vertex -5.923788e-03 -1.504088e-02 1.346222e-03
    endloop
  endfacet
  facet normal -9.709617e-01 -2.391341e-01 -6.944604e-03
    outer loop
      vertex -6.202186e-03 -1.396327e-02 -1.715911e-04
      vertex -5.923788e-03 -1.507081e-02 -9.584061e-04
      vertex -5.923788e-03 -1.510457e-02 2.042043e-04
    endloop
  endfacet
  facet normal -9.707765e-01 -2.384289e-01 -2.728699e-02
    outer loop
      vertex -6.202186e-03 -1.390519e-02 -1.238942e-03
      vertex -5.923788e-03 -1.489725e-02 -2.474936e-03
      vertex -5.923788e-03 -1.507081e-02 -9.584061e-04
    endloop
  endfacet
  facet normal -9.707573e-01 -2.344670e-01 -5.153256e-02
    outer loop
      vertex -6.202186e-03 -1.370953e-02 -2.634516e-03
      vertex -5.923788e-03 -1.456542e-02 -3.984736e-03
      vertex -5.923788e-03 -1.489725e-02 -2.474936e-03
    endloop
  endfacet
  facet normal -9.707926e-01 -2.280113e-01 -7.464919e-02
    outer loop
      vertex -6.202186e-03 -1.314885e-02 -4.691049e-03
      vertex -5.923788e-03 -1.409520e-02 -5.420984e-03
      vertex -5.923788e-03 -1.456542e-02 -3.984736e-03
    endloop
  endfacet
  facet normal -9.709515e-01 -2.201678e-01 -9.369778e-02
    outer loop
      vertex -6.202186e-03 -1.276741e-02 -5.656054e-03
      vertex -5.923788e-03 -1.364089e-02 -6.488509e-03
      vertex -5.923788e-03 -1.409520e-02 -5.420984e-03
    endloop
  endfacet
  facet normal -9.709520e-01 -2.117420e-01 -1.114342e-01
    outer loop
      vertex -6.202186e-03 -1.245396e-02 -6.318099e-03
      vertex -5.923788e-03 -1.311982e-02 -7.478622e-03
      vertex -5.923788e-03 -1.364089e-02 -6.488509e-03
    endloop
  endfacet
  facet normal -9.711218e-01 -2.031171e-01 -1.251633e-01
    outer loop
      vertex -6.202186e-03 -1.195287e-02 -7.212317e-03
      vertex -5.923788e-03 -1.252074e-02 -8.450815e-03
      vertex -5.923788e-03 -1.311982e-02 -7.478622e-03
    endloop
  endfacet
  facet normal -9.709461e-01 -1.924205e-01 -1.422604e-01
    outer loop
      vertex -6.202186e-03 -1.136584e-02 -8.112822e-03
      vertex -5.923788e-03 -1.182154e-02 -9.396544e-03
      vertex -5.923788e-03 -1.252074e-02 -8.450815e-03
    endloop
  endfacet
  facet normal -9.711009e-01 -1.817991e-01 -1.546357e-01
    outer loop
      vertex -6.202186e-03 -1.070631e-02 -8.959364e-03
      vertex -5.923788e-03 -1.108750e-02 -1.025953e-02
      vertex -5.923788e-03 -1.182154e-02 -9.396544e-03
    endloop
  endfacet
  facet normal -9.711151e-01 -1.682687e-01 -1.691777e-01
    outer loop
      vertex -6.202186e-03 -9.763577e-03 -9.978278e-03
      vertex -5.923788e-03 -1.028899e-02 -1.105375e-02
      vertex -5.923788e-03 -1.108750e-02 -1.025953e-02
    endloop
  endfacet
  facet normal -9.707729e-01 -1.543494e-01 -1.837832e-01
    outer loop
      vertex -6.202186e-03 -8.705593e-03 -1.091301e-02
      vertex -5.923788e-03 -9.113329e-03 -1.204112e-02
      vertex -5.923788e-03 -1.028899e-02 -1.105375e-02
    endloop
  endfacet
  facet normal -9.716835e-01 -1.361228e-01 -1.931364e-01
    outer loop
      vertex -6.202186e-03 -7.552216e-03 -1.174076e-02
      vertex -5.923788e-03 -8.172198e-03 -1.270443e-02
      vertex -5.923788e-03 -9.113329e-03 -1.204112e-02
    endloop
  endfacet
  facet normal -9.716834e-01 -1.193192e-01 -2.039470e-01
    outer loop
      vertex -6.202186e-03 -7.552216e-03 -1.174076e-02
      vertex -5.923788e-03 -7.177468e-03 -1.328640e-02
      vertex -5.923788e-03 -8.172198e-03 -1.270443e-02
    endloop
  endfacet
  facet normal -9.711095e-01 -1.063683e-01 -2.136167e-01
    outer loop
      vertex -6.202186e-03 -6.324018e-03 -1.244576e-02
      vertex -5.923788e-03 -6.160926e-03 -1.379258e-02
      vertex -5.923788e-03 -7.177468e-03 -1.328640e-02
    endloop
  endfacet
  facet normal -9.709437e-01 -8.800013e-02 -2.225406e-01
    outer loop
      vertex -6.202186e-03 -5.369764e-03 -1.289078e-02
      vertex -5.923788e-03 -5.072135e-03 -1.422312e-02
      vertex -5.923788e-03 -6.160926e-03 -1.379258e-02
    endloop
  endfacet
  facet normal -9.710557e-01 -7.264012e-02 -2.275396e-01
    outer loop
      vertex -6.202186e-03 -4.517720e-03 -1.321201e-02
      vertex -5.923788e-03 -3.967720e-03 -1.457570e-02
      vertex -5.923788e-03 -5.072135e-03 -1.422312e-02
    endloop
  endfacet
  facet normal -9.711703e-01 -5.646309e-02 -2.316035e-01
    outer loop
      vertex -6.202186e-03 -3.501412e-03 -1.352199e-02
      vertex -5.923788e-03 -3.203524e-03 -1.476200e-02
      vertex -5.923788e-03 -3.967720e-03 -1.457570e-02
    endloop
  endfacet
  facet normal -9.709608e-01 -4.121672e-02 -2.356613e-01
    outer loop
      vertex -6.202186e-03 -2.615840e-03 -1.371774e-02
      vertex -5.923788e-03 -2.103308e-03 -1.495443e-02
      vertex -5.923788e-03 -3.203524e-03 -1.476200e-02
    endloop
  endfacet
  facet normal -9.717038e-01 -2.512250e-02 -2.348628e-01
    outer loop
      vertex -6.202186e-03 -9.074895e-04 -1.393052e-02
      vertex -5.923788e-03 -9.881601e-04 -1.507371e-02
      vertex -5.923788e-03 -2.103308e-03 -1.495443e-02
    endloop
  endfacet
  facet normal -9.716752e-01 -5.168956e-03 -2.362639e-01
    outer loop
      vertex -6.202186e-03 -9.074895e-04 -1.393052e-02
      vertex -5.923788e-03 2.963291e-04 -1.510181e-02
      vertex -5.923788e-03 -9.881601e-04 -1.507371e-02
    endloop
  endfacet
  facet normal -9.711964e-01 -7.137684e-03 -2.381735e-01
    outer loop
      vertex -5.923788e-03 2.963291e-04 -1.510181e-02
      vertex -6.202186e-03 -9.074895e-04 -1.393052e-02
      vertex -6.202186e-03 1.826267e-04 -1.396319e-02
    endloop
  endfacet
  facet normal -9.715550e-01 9.112188e-03 -2.366384e-01
    outer loop
      vertex -6.202186e-03 9.042202e-04 -1.393540e-02
      vertex -5.923788e-03 2.963291e-04 -1.510181e-02
      vertex -6.202186e-03 1.826267e-04 -1.396319e-02
    endloop
  endfacet
  facet normal -9.711165e-01 3.117246e-02 -2.365606e-01
    outer loop
      vertex -6.202186e-03 1.931025e-03 -1.382633e-02
      vertex -5.923788e-03 2.460457e-03 -1.489943e-02
      vertex -5.923788e-03 1.353945e-03 -1.504524e-02
    endloop
  endfacet
  facet normal -9.716999e-01 4.623476e-02 -2.316500e-01
    outer loop
      vertex -6.202186e-03 3.309064e-03 -1.356227e-02
      vertex -5.923788e-03 3.574804e-03 -1.467702e-02
      vertex -5.923788e-03 2.460457e-03 -1.489943e-02
    endloop
  endfacet
  facet normal -9.716763e-01 6.560680e-02 -2.270262e-01
    outer loop
      vertex -6.202186e-03 3.309064e-03 -1.356227e-02
      vertex -5.923788e-03 4.686198e-03 -1.435585e-02
      vertex -5.923788e-03 3.574804e-03 -1.467702e-02
    endloop
  endfacet
  facet normal -9.707703e-01 8.599241e-02 -2.240766e-01
    outer loop
      vertex -6.202186e-03 4.666109e-03 -1.315745e-02
      vertex -5.923788e-03 6.117102e-03 -1.380672e-02
      vertex -5.923788e-03 4.686198e-03 -1.435585e-02
    endloop
  endfacet
  facet normal -9.709724e-01 1.040773e-01 -2.153616e-01
    outer loop
      vertex -6.202186e-03 6.285428e-03 -1.247020e-02
      vertex -5.923788e-03 7.134705e-03 -1.331494e-02
      vertex -5.923788e-03 6.117102e-03 -1.380672e-02
    endloop
  endfacet
  facet normal -9.709455e-01 1.222055e-01 -2.057442e-01
    outer loop
      vertex -6.202186e-03 6.916919e-03 -1.213049e-02
      vertex -5.923788e-03 8.165436e-03 -1.270272e-02
      vertex -5.923788e-03 7.134705e-03 -1.331494e-02
    endloop
  endfacet
  facet normal -9.704560e-01 1.405087e-01 -1.961439e-01
    outer loop
      vertex -6.202186e-03 8.332775e-03 -1.120543e-02
      vertex -5.923788e-03 9.397917e-03 -1.181983e-02
      vertex -5.923788e-03 8.165436e-03 -1.270272e-02
    endloop
  endfacet
  facet normal -9.702167e-01 1.598941e-01 -1.819711e-01
    outer loop
      vertex -6.202186e-03 9.120560e-03 -1.057920e-02
      vertex -5.923788e-03 1.052879e-02 -1.082615e-02
      vertex -5.923788e-03 9.397917e-03 -1.181983e-02
    endloop
  endfacet
  facet normal -9.708500e-01 1.607527e-01 -1.777886e-01
    outer loop
      vertex -5.923788e-03 1.052879e-02 -1.082615e-02
      vertex -6.202186e-03 9.120560e-03 -1.057920e-02
      vertex -6.202186e-03 9.610152e-03 -1.013652e-02
    endloop
  endfacet
  facet normal -9.702395e-01 1.774462e-01 -1.647669e-01
    outer loop
      vertex -6.202186e-03 1.010171e-02 -9.646736e-03
      vertex -5.923788e-03 1.156742e-02 -9.707598e-03
      vertex -5.923788e-03 1.052879e-02 -1.082615e-02
    endloop
  endfacet
  facet normal -9.707643e-01 1.914768e-01 -1.447525e-01
    outer loop
      vertex -6.202186e-03 1.091837e-02 -8.699116e-03
      vertex -5.923788e-03 1.249391e-02 -8.482050e-03
      vertex -5.923788e-03 1.156742e-02 -9.707598e-03
    endloop
  endfacet
  facet normal -9.707730e-01 2.051255e-01 -1.245926e-01
    outer loop
      vertex -6.202186e-03 1.174604e-02 -7.544160e-03
      vertex -5.923788e-03 1.328965e-02 -7.171965e-03
      vertex -5.923788e-03 1.249391e-02 -8.482050e-03
    endloop
  endfacet
  facet normal -9.707792e-01 2.166725e-01 -1.031544e-01
    outer loop
      vertex -6.202186e-03 1.244841e-02 -6.318989e-03
      vertex -5.923788e-03 1.394438e-02 -5.796736e-03
      vertex -5.923788e-03 1.328965e-02 -7.171965e-03
    endloop
  endfacet
  facet normal -9.702267e-01 2.280587e-01 -8.154418e-02
    outer loop
      vertex -6.202186e-03 1.308803e-02 -4.879283e-03
      vertex -5.923788e-03 1.445711e-02 -4.362741e-03
      vertex -5.923788e-03 1.394438e-02 -5.796736e-03
    endloop
  endfacet
  facet normal -9.707723e-01 2.329814e-01 -5.762613e-02
    outer loop
      vertex -6.202186e-03 1.363244e-02 -3.006972e-03
      vertex -5.923788e-03 1.482423e-02 -2.878486e-03
      vertex -5.923788e-03 1.445711e-02 -4.362741e-03
    endloop
  endfacet
  facet normal -9.703086e-01 2.394884e-01 -3.386116e-02
    outer loop
      vertex -6.202186e-03 1.382623e-02 -1.959410e-03
      vertex -5.923788e-03 1.504088e-02 -1.346222e-03
      vertex -5.923788e-03 1.482423e-02 -2.878486e-03
    endloop
  endfacet
  facet normal -9.710994e-01 2.383052e-01 -1.329086e-02
    outer loop
      vertex -6.202186e-03 1.393177e-02 -8.912766e-04
      vertex -5.923788e-03 1.510457e-02 -2.042043e-04
      vertex -5.923788e-03 1.504088e-02 -1.346222e-03
    endloop
  endfacet
  facet normal -9.709617e-01 2.391341e-01 6.944604e-03
    outer loop
      vertex -6.202186e-03 1.396327e-02 1.715911e-04
      vertex -5.923788e-03 1.507081e-02 9.584061e-04
      vertex -5.923788e-03 1.510457e-02 -2.042043e-04
    endloop
  endfacet
  facet normal -9.707765e-01 2.384289e-01 2.728699e-02
    outer loop
      vertex -6.202186e-03 1.390519e-02 1.238942e-03
      vertex -5.923788e-03 1.489725e-02 2.474936e-03
      vertex -5.923788e-03 1.507081e-02 9.584061e-04
    endloop
  endfacet
  facet normal -9.707573e-01 2.344670e-01 5.153256e-02
    outer loop
      vertex -6.202186e-03 1.370953e-02 2.634516e-03
      vertex -5.923788e-03 1.456542e-02 3.984736e-03
      vertex -5.923788e-03 1.489725e-02 2.474936e-03
    endloop
  endfacet
  facet normal -9.707926e-01 2.280113e-01 7.464919e-02
    outer loop
      vertex -6.202186e-03 1.314885e-02 4.691049e-03
      vertex -5.923788e-03 1.409520e-02 5.420984e-03
      vertex -5.923788e-03 1.456542e-02 3.984736e-03
    endloop
  endfacet
  facet normal -9.709515e-01 2.201678e-01 9.369778e-02
    outer loop
      vertex -6.202186e-03 1.276741e-02 5.656054e-03
      vertex -5.923788e-03 1.364089e-02 6.488509e-03
      vertex -5.923788e-03 1.409520e-02 5.420984e-03
    endloop
  endfacet
  facet normal -9.709520e-01 2.117420e-01 1.114342e-01
    outer loop
      vertex -6.202186e-03 1.245396e-02 6.318099e-03
      vertex -5.923788e-03 1.311982e-02 7.478622e-03
      vertex -5.923788e-03 1.364089e-02 6.488509e-03
    endloop
  endfacet
  facet normal -9.711218e-01 2.031171e-01 1.251633e-01
    outer loop
      vertex -6.202186e-03 1.195287e-02 7.212317e-03
      vertex -5.923788e-03 1.252074e-02 8.450815e-03
      vertex -5.923788e-03 1.311982e-02 7.478622e-03
    endloop
  endfacet
  facet normal -9.709461e-01 1.924205e-01 1.422604e-01
    outer loop
      vertex -6.202186e-03 1.136584e-02 8.112822e-03
      vertex -5.923788e-03 1.182154e-02 9.396544e-03
      vertex -5.923788e-03 1.252074e-02 8.450815e-03
    endloop
  endfacet
  facet normal -9.711009e-01 1.817991e-01 1.546357e-01
    outer loop
      vertex -6.202186e-03 1.070631e-02 8.959364e-03
      vertex -5.923788e-03 1.108750e-02 1.025953e-02
      vertex -5.923788e-03 1.182154e-02 9.396544e-03
    endloop
  endfacet
  facet normal -9.711151e-01 1.682687e-01 1.691777e-01
    outer loop
      vertex -6.202186e-03 9.763577e-03 9.978278e-03
      vertex -5.923788e-03 1.028899e-02 1.105375e-02
      vertex -5.923788e-03 1.108750e-02 1.025953e-02
    endloop
  endfacet
  facet normal -9.707729e-01 1.543494e-01 1.837832e-01
    outer loop
      vertex -6.202186e-03 8.705593e-03 1.091301e-02
      vertex -5.923788e-03 9.113329e-03 1.204112e-02
      vertex -5.923788e-03 1.028899e-02 1.105375e-02
    endloop
  endfacet
  facet normal -9.716835e-01 1.361228e-01 1.931364e-01
    outer loop
      vertex -6.202186e-03 7.552216e-03 1.174076e-02
      vertex -5.923788e-03 8.172198e-03 1.270443e-02
      vertex -5.923788e-03 9.113329e-03 1.204112e-02
    endloop
  endfacet
  facet normal -9.716834e-01 1.193192e-01 2.039470e-01
    outer loop
      vertex -6.202186e-03 7.552216e-03 1.174076e-02
      vertex -5.923788e-03 7.177468e-03 1.328640e-02
      vertex -5.923788e-03 8.172198e-03 1.270443e-02
    endloop
  endfacet
  facet normal -9.711095e-01 1.063683e-01 2.136167e-01
    outer loop
      vertex -6.202186e-03 6.324018e-03 1.244576e-02
      vertex -5.923788e-03 6.160926e-03 1.379258e-02
      vertex -5.923788e-03 7.177468e-03 1.328640e-02
    endloop
  endfacet
  facet normal -9.709437e-01 8.800013e-02 2.225406e-01
    outer loop
      vertex -6.202186e-03 5.369764e-03 1.289078e-02
      vertex -5.923788e-03 5.072135e-03 1.422312e-02
      vertex -5.923788e-03 6.160926e-03 1.379258e-02
    endloop
  endfacet
  facet normal -9.710557e-01 7.264012e-02 2.275396e-01
    outer loop
      vertex -6.202186e-03 4.517720e-03 1.321201e-02
      vertex -5.923788e-03 3.967720e-03 1.457570e-02
      vertex -5.923788e-03 5.072135e-03 1.422312e-02
    endloop
  endfacet
  facet normal -9.711703e-01 5.646309e-02 2.316035e-01
    outer loop
      vertex -6.202186e-03 3.501412e-03 1.352199e-02
      vertex -5.923788e-03 3.203524e-03 1.476200e-02
      vertex -5.923788e-03 3.967720e-03 1.457570e-02
    endloop
  endfacet
  facet normal -9.709608e-01 4.121672e-02 2.356613e-01
    outer loop
      vertex -6.202186e-03 2.615840e-03 1.371774e-02
      vertex -5.923788e-03 2.103308e-03 1.495443e-02
      vertex -5.923788e-03 3.203524e-03 1.476200e-02
    endloop
  endfacet
  facet normal -9.717038e-01 2.512250e-02 2.348628e-01
    outer loop
      vertex -6.202186e-03 9.074895e-04 1.393052e-02
      vertex -5.923788e-03 9.881601e-04 1.507371e-02
      vertex -5.923788e-03 2.103308e-03 1.495443e-02
    endloop
  endfacet
  facet normal -9.716752e-01 5.168956e-03 2.362639e-01
    outer loop
      vertex -6.202186e-03 9.074895e-04 1.393052e-02
      vertex -5.923788e-03 -2.963291e-04 1.510181e-02
      vertex -5.923788e-03 9.881601e-04 1.507371e-02
    endloop
  endfacet
  facet normal -9.711964e-01 7.137684e-03 2.381735e-01
    outer loop
      vertex -5.923788e-03 -2.963291e-04 1.510181e-02
      vertex -6.202186e-03 9.074895e-04 1.393052e-02
      vertex -6.202186e-03 -1.826267e-04 1.396319e-02
    endloop
  endfacet
  facet normal -9.542756e-01 -1.150225e-02 2.987069e-01
    outer loop
      vertex -6.202186e-03 -9.042202e-04 1.393540e-02
      vertex -6.202186e-03 -1.826267e-04 1.396319e-02
      vertex -6.562718e-03 -6.699553e-04 1.279263e-02
    endloop
  endfacet
  facet normal -9.541468e-01 -3.161785e-02 2.976645e-01
    outer loop
      vertex -6.202186e-03 -1.931025e-03 1.382633e-02
      vertex -6.202186e-03 -9.042202e-04 1.393540e-02
      vertex -6.562718e-03 -1.613435e-03 1.270440e-02
    endloop
  endfacet
  facet normal -9.529578e-01 -5.704400e-02 2.976868e-01
    outer loop
      vertex -6.202186e-03 -3.309064e-03 1.356227e-02
      vertex -6.202186e-03 -1.931025e-03 1.382633e-02
      vertex -6.562718e-03 -2.567441e-03 1.255024e-02
    endloop
  endfacet
  facet normal -9.550386e-01 -7.171398e-02 2.876777e-01
    outer loop
      vertex -6.202186e-03 -3.309064e-03 1.356227e-02
      vertex -6.562718e-03 -2.567441e-03 1.255024e-02
      vertex -6.562718e-03 -3.510101e-03 1.231525e-02
    endloop
  endfacet
  facet normal -9.532651e-01 -8.636863e-02 2.895275e-01
    outer loop
      vertex -6.202186e-03 -4.666109e-03 1.315745e-02
      vertex -6.202186e-03 -3.309064e-03 1.356227e-02
      vertex -6.562718e-03 -3.510101e-03 1.231525e-02
    endloop
  endfacet
  facet normal -9.545721e-01 -9.098595e-02 2.837492e-01
    outer loop
      vertex -6.202186e-03 -4.666109e-03 1.315745e-02
      vertex -6.562718e-03 -3.510101e-03 1.231525e-02
      vertex -6.562718e-03 -4.419743e-03 1.202357e-02
    endloop
  endfacet
  facet normal -9.540486e-01 -1.097547e-01 2.788281e-01
    outer loop
      vertex -6.202186e-03 -5.663061e-03 1.276502e-02
      vertex -6.202186e-03 -4.666109e-03 1.315745e-02
      vertex -6.562718e-03 -5.050808e-03 1.177241e-02
    endloop
  endfacet
  facet normal -9.542992e-01 -1.279417e-01 2.700815e-01
    outer loop
      vertex -6.202186e-03 -6.285428e-03 1.247020e-02
      vertex -6.202186e-03 -5.663061e-03 1.276502e-02
      vertex -6.562718e-03 -5.622180e-03 1.151049e-02
    endloop
  endfacet
  facet normal -9.557047e-01 -1.429133e-01 2.573020e-01
    outer loop
      vertex -6.202186e-03 -6.916919e-03 1.213049e-02
      vertex -6.562718e-03 -5.622180e-03 1.151049e-02
      vertex -6.562718e-03 -6.800762e-03 1.085587e-02
    endloop
  endfacet
  facet normal -9.542580e-01 -1.547623e-01 2.558130e-01
    outer loop
      vertex -6.202186e-03 -7.559528e-03 1.174172e-02
      vertex -6.202186e-03 -6.916919e-03 1.213049e-02
      vertex -6.562718e-03 -6.800762e-03 1.085587e-02
    endloop
  endfacet
  facet normal -9.545577e-01 -1.698476e-01 2.448907e-01
    outer loop
      vertex -6.202186e-03 -8.332775e-03 1.120543e-02
      vertex -6.202186e-03 -7.559528e-03 1.174172e-02
      vertex -6.562718e-03 -7.579540e-03 1.032253e-02
    endloop
  endfacet
  facet normal -9.547542e-01 -2.099101e-01 2.106707e-01
    outer loop
      vertex -6.202186e-03 -1.010171e-02 9.646736e-03
      vertex -6.202186e-03 -9.610152e-03 1.013652e-02
      vertex -6.562718e-03 -9.264382e-03 8.847120e-03
    endloop
  endfacet
  facet normal -9.540480e-01 -2.269912e-01 1.956207e-01
    outer loop
      vertex -6.202186e-03 -1.091837e-02 8.699116e-03
      vertex -6.202186e-03 -1.010171e-02 9.646736e-03
      vertex -6.562718e-03 -9.913549e-03 8.106747e-03
    endloop
  endfacet
  facet normal -9.529141e-01 -2.464836e-01 1.766367e-01
    outer loop
      vertex -6.202186e-03 -1.174604e-02 7.544160e-03
      vertex -6.202186e-03 -1.091837e-02 8.699116e-03
      vertex -6.562718e-03 -1.050925e-02 7.325023e-03
    endloop
  endfacet
  facet normal -9.529539e-01 -2.629677e-01 1.507541e-01
    outer loop
      vertex -6.202186e-03 -1.244841e-02 6.318989e-03
      vertex -6.202186e-03 -1.174604e-02 7.544160e-03
      vertex -6.562718e-03 -1.120189e-02 6.214342e-03
    endloop
  endfacet
  facet normal -9.528860e-01 -2.772023e-01 1.231547e-01
    outer loop
      vertex -6.202186e-03 -1.308803e-02 4.879283e-03
      vertex -6.202186e-03 -1.244841e-02 6.318989e-03
      vertex -6.562718e-03 -1.176990e-02 5.056649e-03
    endloop
  endfacet
  facet normal -9.555539e-01 -2.754879e-01 1.049908e-01
    outer loop
      vertex -6.202186e-03 -1.308803e-02 4.879283e-03
      vertex -6.562718e-03 -1.176990e-02 5.056649e-03
      vertex -6.562718e-03 -1.210983e-02 4.164700e-03
    endloop
  endfacet
  facet normal -9.544844e-01 -2.830094e-01 9.415499e-02
    outer loop
      vertex -6.202186e-03 -1.336947e-02 4.033360e-03
      vertex -6.202186e-03 -1.308803e-02 4.879283e-03
      vertex -6.562718e-03 -1.210983e-02 4.164700e-03
    endloop
  endfacet
  facet normal -9.536179e-01 -2.916008e-01 7.471187e-02
    outer loop
      vertex -6.202186e-03 -1.363244e-02 3.006972e-03
      vertex -6.202186e-03 -1.336947e-02 4.033360e-03
      vertex -6.562718e-03 -1.239562e-02 3.232469e-03
    endloop
  endfacet
  facet normal -9.535905e-01 -2.996473e-01 2.960972e-02
    outer loop
      vertex -6.202186e-03 -1.393177e-02 8.912766e-04
      vertex -6.202186e-03 -1.382623e-02 1.959410e-03
      vertex -6.562718e-03 -1.274423e-02 1.298083e-03
    endloop
  endfacet
  facet normal -9.541060e-01 -2.990268e-01 -1.627229e-02
    outer loop
      vertex -6.202186e-03 -1.390519e-02 -1.238942e-03
      vertex -6.202186e-03 -1.396327e-02 -1.715911e-04
      vertex -6.562718e-03 -1.276922e-02 -9.747022e-04
    endloop
  endfacet
  facet normal -9.529659e-01 -3.001422e-01 -4.207955e-02
    outer loop
      vertex -6.202186e-03 -1.370953e-02 -2.634516e-03
      vertex -6.202186e-03 -1.390519e-02 -1.238942e-03
      vertex -6.562718e-03 -1.265996e-02 -1.955945e-03
    endloop
  endfacet
  facet normal -9.550358e-01 -2.908517e-01 -5.754935e-02
    outer loop
      vertex -6.202186e-03 -1.370953e-02 -2.634516e-03
      vertex -6.562718e-03 -1.265996e-02 -1.955945e-03
      vertex -6.562718e-03 -1.247470e-02 -2.892264e-03
    endloop
  endfacet
  facet normal -9.539338e-01 -2.924729e-01 -6.685787e-02
    outer loop
      vertex -6.202186e-03 -1.346854e-02 -3.688737e-03
      vertex -6.202186e-03 -1.370953e-02 -2.634516e-03
      vertex -6.562718e-03 -1.247470e-02 -2.892264e-03
    endloop
  endfacet
  facet normal -9.536410e-01 -2.867160e-01 -9.144849e-02
    outer loop
      vertex -6.202186e-03 -1.314885e-02 -4.691049e-03
      vertex -6.202186e-03 -1.346854e-02 -3.688737e-03
      vertex -6.562718e-03 -1.221632e-02 -3.855103e-03
    endloop
  endfacet
  facet normal -9.551521e-01 -2.730053e-01 -1.146848e-01
    outer loop
      vertex -6.202186e-03 -1.276741e-02 -5.656054e-03
      vertex -6.562718e-03 -1.201036e-02 -4.455516e-03
      vertex -6.562718e-03 -1.163706e-02 -5.344150e-03
    endloop
  endfacet
  facet normal -9.545829e-01 -2.692889e-01 -1.274950e-01
    outer loop
      vertex -6.202186e-03 -1.245396e-02 -6.318099e-03
      vertex -6.202186e-03 -1.276741e-02 -5.656054e-03
      vertex -6.562718e-03 -1.163706e-02 -5.344150e-03
    endloop
  endfacet
  facet normal -9.536862e-01 -2.624114e-01 -1.470475e-01
    outer loop
      vertex -6.202186e-03 -1.195287e-02 -7.212317e-03
      vertex -6.202186e-03 -1.245396e-02 -6.318099e-03
      vertex -6.562718e-03 -1.120785e-02 -6.203575e-03
    endloop
  endfacet
  facet normal -9.535936e-01 -2.375202e-01 -1.850496e-01
    outer loop
      vertex -6.202186e-03 -1.070631e-02 -8.959364e-03
      vertex -6.202186e-03 -1.136584e-02 -8.112822e-03
      vertex -6.562718e-03 -1.012082e-02 -7.852988e-03
    endloop
  endfacet
  facet normal -9.529991e-01 -2.223867e-01 -2.057593e-01
    outer loop
      vertex -6.202186e-03 -9.763577e-03 -9.978278e-03
      vertex -6.202186e-03 -1.070631e-02 -8.959364e-03
      vertex -6.562718e-03 -9.292226e-03 -8.817872e-03
    endloop
  endfacet
  facet normal -9.529007e-01 -1.768308e-01 -2.463962e-01
    outer loop
      vertex -6.202186e-03 -7.552216e-03 -1.174076e-02
      vertex -6.202186e-03 -8.705593e-03 -1.091301e-02
      vertex -6.562718e-03 -7.337718e-03 -1.050039e-02
    endloop
  endfacet
  facet normal -9.538708e-01 -1.494568e-01 -2.603711e-01
    outer loop
      vertex -6.202186e-03 -6.324018e-03 -1.244576e-02
      vertex -6.202186e-03 -7.552216e-03 -1.174076e-02
      vertex -6.562718e-03 -5.943561e-03 -1.134334e-02
    endloop
  endfacet
  facet normal -9.553010e-01 -1.237859e-01 -2.684716e-01
    outer loop
      vertex -6.202186e-03 -5.369764e-03 -1.289078e-02
      vertex -6.562718e-03 -5.943561e-03 -1.134334e-02
      vertex -6.562718e-03 -4.771250e-03 -1.188386e-02
    endloop
  endfacet
  facet normal -9.544520e-01 -1.052559e-01 -2.791818e-01
    outer loop
      vertex -6.202186e-03 -4.517720e-03 -1.321201e-02
      vertex -6.202186e-03 -5.369764e-03 -1.289078e-02
      vertex -6.562718e-03 -4.771250e-03 -1.188386e-02
    endloop
  endfacet
  facet normal -9.538628e-01 -8.759073e-02 -2.871821e-01
    outer loop
      vertex -6.562718e-03 -3.822077e-03 -1.222669e-02
      vertex -6.202186e-03 -3.501412e-03 -1.352199e-02
      vertex -6.202186e-03 -4.517720e-03 -1.321201e-02
    endloop
  endfacet
  facet normal -9.542586e-01 -6.453231e-02 -2.919350e-01
    outer loop
      vertex -6.202186e-03 -2.615840e-03 -1.371774e-02
      vertex -6.202186e-03 -3.501412e-03 -1.352199e-02
      vertex -6.562718e-03 -2.550947e-03 -1.255361e-02
    endloop
  endfacet
  facet normal -9.543123e-01 -4.876000e-02 -2.948057e-01
    outer loop
      vertex -6.202186e-03 -1.947322e-03 -1.382831e-02
      vertex -6.202186e-03 -2.615840e-03 -1.371774e-02
      vertex -6.562718e-03 -1.943215e-03 -1.266192e-02
    endloop
  endfacet
  facet normal -9.536416e-01 -2.943723e-02 -2.995016e-01
    outer loop
      vertex -6.202186e-03 -9.074895e-04 -1.393052e-02
      vertex -6.202186e-03 -1.947322e-03 -1.382831e-02
      vertex -6.562718e-03 -1.313990e-03 -1.274260e-02
    endloop
  endfacet
  facet normal -9.542756e-01 1.150225e-02 -2.987069e-01
    outer loop
      vertex -6.202186e-03 9.042202e-04 -1.393540e-02
      vertex -6.202186e-03 1.826267e-04 -1.396319e-02
      vertex -6.562718e-03 6.699553e-04 -1.279263e-02
    endloop
  endfacet
  facet normal -9.541468e-01 3.161785e-02 -2.976645e-01
    outer loop
      vertex -6.202186e-03 1.931025e-03 -1.382633e-02
      vertex -6.202186e-03 9.042202e-04 -1.393540e-02
      vertex -6.562718e-03 1.613435e-03 -1.270440e-02
    endloop
  endfacet
  facet normal -9.529578e-01 5.704400e-02 -2.976868e-01
    outer loop
      vertex -6.202186e-03 3.309064e-03 -1.356227e-02
      vertex -6.202186e-03 1.931025e-03 -1.382633e-02
      vertex -6.562718e-03 2.567441e-03 -1.255024e-02
    endloop
  endfacet
  facet normal -9.550386e-01 7.171398e-02 -2.876777e-01
    outer loop
      vertex -6.202186e-03 3.309064e-03 -1.356227e-02
      vertex -6.562718e-03 2.567441e-03 -1.255024e-02
      vertex -6.562718e-03 3.510101e-03 -1.231525e-02
    endloop
  endfacet
  facet normal -9.532651e-01 8.636863e-02 -2.895275e-01
    outer loop
      vertex -6.202186e-03 4.666109e-03 -1.315745e-02
      vertex -6.202186e-03 3.309064e-03 -1.356227e-02
      vertex -6.562718e-03 3.510101e-03 -1.231525e-02
    endloop
  endfacet
  facet normal -9.545721e-01 9.098595e-02 -2.837492e-01
    outer loop
      vertex -6.202186e-03 4.666109e-03 -1.315745e-02
      vertex -6.562718e-03 3.510101e-03 -1.231525e-02
      vertex -6.562718e-03 4.419743e-03 -1.202357e-02
    endloop
  endfacet
  facet normal -9.540486e-01 1.097547e-01 -2.788281e-01
    outer loop
      vertex -6.202186e-03 5.663061e-03 -1.276502e-02
      vertex -6.202186e-03 4.666109e-03 -1.315745e-02
      vertex -6.562718e-03 5.050808e-03 -1.177241e-02
    endloop
  endfacet
  facet normal -9.542992e-01 1.279417e-01 -2.700815e-01
    outer loop
      vertex -6.202186e-03 6.285428e-03 -1.247020e-02
      vertex -6.202186e-03 5.663061e-03 -1.276502e-02
      vertex -6.562718e-03 5.622180e-03 -1.151049e-02
    endloop
  endfacet
  facet normal -9.557047e-01 1.429133e-01 -2.573020e-01
    outer loop
      vertex -6.202186e-03 6.916919e-03 -1.213049e-02
      vertex -6.562718e-03 5.622180e-03 -1.151049e-02
      vertex -6.562718e-03 6.800762e-03 -1.085587e-02
    endloop
  endfacet
  facet normal -9.542580e-01 1.547623e-01 -2.558130e-01
    outer loop
      vertex -6.202186e-03 7.559528e-03 -1.174172e-02
      vertex -6.202186e-03 6.916919e-03 -1.213049e-02
      vertex -6.562718e-03 6.800762e-03 -1.085587e-02
    endloop
  endfacet
  facet normal -9.545577e-01 1.698476e-01 -2.448907e-01
    outer loop
      vertex -6.202186e-03 8.332775e-03 -1.120543e-02
      vertex -6.202186e-03 7.559528e-03 -1.174172e-02
      vertex -6.562718e-03 7.579540e-03 -1.032253e-02
    endloop
  endfacet
  facet normal -9.547542e-01 2.099101e-01 -2.106707e-01
    outer loop
      vertex -6.202186e-03 1.010171e-02 -9.646736e-03
      vertex -6.202186e-03 9.610152e-03 -1.013652e-02
      vertex -6.562718e-03 9.264382e-03 -8.847120e-03
    endloop
  endfacet
  facet normal -9.540480e-01 2.269912e-01 -1.956207e-01
    outer loop
      vertex -6.202186e-03 1.091837e-02 -8.699116e-03
      vertex -6.202186e-03 1.010171e-02 -9.646736e-03
      vertex -6.562718e-03 9.913549e-03 -8.106747e-03
    endloop
  endfacet
  facet normal -9.529141e-01 2.464836e-01 -1.766367e-01
    outer loop
      vertex -6.202186e-03 1.174604e-02 -7.544160e-03
      vertex -6.202186e-03 1.091837e-02 -8.699116e-03
      vertex -6.562718e-03 1.050925e-02 -7.325023e-03
    endloop
  endfacet
  facet normal -9.529539e-01 2.629677e-01 -1.507541e-01
    outer loop
      vertex -6.202186e-03 1.244841e-02 -6.318989e-03
      vertex -6.202186e-03 1.174604e-02 -7.544160e-03
      vertex -6.562718e-03 1.120189e-02 -6.214342e-03
    endloop
  endfacet
  facet normal -9.528860e-01 2.772023e-01 -1.231547e-01
    outer loop
      vertex -6.202186e-03 1.308803e-02 -4.879283e-03
      vertex -6.202186e-03 1.244841e-02 -6.318989e-03
      vertex -6.562718e-03 1.176990e-02 -5.056649e-03
    endloop
  endfacet
  facet normal -9.555539e-01 2.754879e-01 -1.049908e-01
    outer loop
      vertex -6.202186e-03 1.308803e-02 -4.879283e-03
      vertex -6.562718e-03 1.176990e-02 -5.056649e-03
      vertex -6.562718e-03 1.210983e-02 -4.164700e-03
    endloop
  endfacet
  facet normal -9.544844e-01 2.830094e-01 -9.415499e-02
    outer loop
      vertex -6.202186e-03 1.336947e-02 -4.033360e-03
      vertex -6.202186e-03 1.308803e-02 -4.879283e-03
      vertex -6.562718e-03 1.210983e-02 -4.164700e-03
    endloop
  endfacet
  facet normal -9.536179e-01 2.916008e-01 -7.471187e-02
    outer loop
      vertex -6.202186e-03 1.363244e-02 -3.006972e-03
      vertex -6.202186e-03 1.336947e-02 -4.033360e-03
      vertex -6.562718e-03 1.239562e-02 -3.232469e-03
    endloop
  endfacet
  facet normal -9.535905e-01 2.996473e-01 -2.960972e-02
    outer loop
      vertex -6.202186e-03 1.393177e-02 -8.912766e-04
      vertex -6.202186e-03 1.382623e-02 -1.959410e-03
      vertex -6.562718e-03 1.274423e-02 -1.298083e-03
    endloop
  endfacet
  facet normal -9.541060e-01 2.990268e-01 1.627229e-02
    outer loop
      vertex -6.202186e-03 1.390519e-02 1.238942e-03
      vertex -6.202186e-03 1.396327e-02 1.715911e-04
      vertex -6.562718e-03 1.276922e-02 9.747022e-04
    endloop
  endfacet
  facet normal -9.529659e-01 3.001422e-01 4.207955e-02
    outer loop
      vertex -6.202186e-03 1.370953e-02 2.634516e-03
      vertex -6.202186e-03 1.390519e-02 1.238942e-03
      vertex -6.562718e-03 1.265996e-02 1.955945e-03
    endloop
  endfacet
  facet normal -9.550358e-01 2.908517e-01 5.754935e-02
    outer loop
      vertex -6.202186e-03 1.370953e-02 2.634516e-03
      vertex -6.562718e-03 1.265996e-02 1.955945e-03
      vertex -6.562718e-03 1.247470e-02 2.892264e-03
    endloop
  endfacet
  facet normal -9.539338e-01 2.924729e-01 6.685787e-02
    outer loop
      vertex -6.202186e-03 1.346854e-02 3.688737e-03
      vertex -6.202186e-03 1.370953e-02 2.634516e-03
      vertex -6.562718e-03 1.247470e-02 2.892264e-03
    endloop
  endfacet
  facet normal -9.536410e-01 2.867160e-01 9.144849e-02
    outer loop
      vertex -6.202186e-03 1.314885e-02 4.691049e-03
      vertex -6.202186e-03 1.346854e-02 3.688737e-03
      vertex -6.562718e-03 1.221632e-02 3.855103e-03
    endloop
  endfacet
  facet normal -9.551521e-01 2.730053e-01 1.146848e-01
    outer loop
      vertex -6.202186e-03 1.276741e-02 5.656054e-03
      vertex -6.562718e-03 1.201036e-02 4.455516e-03
      vertex -6.562718e-03 1.163706e-02 5.344150e-03
    endloop
  endfacet
  facet normal -9.545829e-01 2.692889e-01 1.274950e-01
    outer loop
      vertex -6.202186e-03 1.245396e-02 6.318099e-03
      vertex -6.202186e-03 1.276741e-02 5.656054e-03
      vertex -6.562718e-03 1.163706e-02 5.344150e-03
    endloop
  endfacet
  facet normal -9.536862e-01 2.624114e-01 1.470475e-01
    outer loop
      vertex -6.202186e-03 1.195287e-02 7.212317e-03
      vertex -6.202186e-03 1.245396e-02 6.318099e-03
      vertex -6.562718e-03 1.120785e-02 6.203575e-03
    endloop
  endfacet
  facet normal -9.535936e-01 2.375202e-01 1.850496e-01
    outer loop
      vertex -6.202186e-03 1.070631e-02 8.959364e-03
      vertex -6.202186e-03 1.136584e-02 8.112822e-03
      vertex -6.562718e-03 1.012082e-02 7.852988e-03
    endloop
  endfacet
  facet normal -9.529991e-01 2.223867e-01 2.057593e-01
    outer loop
      vertex -6.202186e-03 9.763577e-03 9.978278e-03
      vertex -6.202186e-03 1.070631e-02 8.959364e-03
      vertex -6.562718e-03 9.292226e-03 8.817872e-03
    endloop
  endfacet
  facet normal -9.529007e-01 1.768308e-01 2.463962e-01
    outer loop
      vertex -6.202186e-03 7.552216e-03 1.174076e-02
      vertex -6.202186e-03 8.705593e-03 1.091301e-02
      vertex -6.562718e-03 7.337718e-03 1.050039e-02
    endloop
  endfacet
  facet normal -9.538708e-01 1.494568e-01 2.603711e-01
    outer loop
      vertex -6.202186e-03 6.324018e-03 1.244576e-02
      vertex -6.202186e-03 7.552216e-03 1.174076e-02
      vertex -6.562718e-03 5.943561e-03 1.134334e-02
    endloop
  endfacet
  facet normal -9.553010e-01 1.237859e-01 2.684716e-01
    outer loop
      vertex -6.202186e-03 5.369764e-03 1.289078e-02
      vertex -6.562718e-03 5.943561e-03 1.134334e-02
      vertex -6.562718e-03 4.771250e-03 1.188386e-02
    endloop
  endfacet
  facet normal -9.544520e-01 1.052559e-01 2.791818e-01
    outer loop
      vertex -6.202186e-03 4.517720e-03 1.321201e-02
      vertex -6.202186e-03 5.369764e-03 1.289078e-02
      vertex -6.562718e-03 4.771250e-03 1.188386e-02
    endloop
  endfacet
  facet normal -9.538628e-01 8.759073e-02 2.871821e-01
    outer loop
      vertex -6.562718e-03 3.822077e-03 1.222669e-02
      vertex -6.202186e-03 3.501412e-03 1.352199e-02
      vertex -6.202186e-03 4.517720e-03 1.321201e-02
    endloop
  endfacet
  facet normal -9.542586e-01 6.453231e-02 2.919350e-01
    outer loop
      vertex -6.202186e-03 2.615840e-03 1.371774e-02
      vertex -6.202186e-03 3.501412e-03 1.352199e-02
      vertex -6.562718e-03 2.550947e-03 1.255361e-02
    endloop
  endfacet
  facet normal -9.543123e-01 4.876000e-02 2.948057e-01
    outer loop
      vertex -6.202186e-03 1.947322e-03 1.382831e-02
      vertex -6.202186e-03 2.615840e-03 1.371774e-02
      vertex -6.562718e-03 1.943215e-03 1.266192e-02
    endloop
  endfacet
  facet normal -9.536416e-01 2.943723e-02 2.995016e-01
    outer loop
      vertex -6.202186e-03 9.074895e-04 1.393052e-02
      vertex -6.202186e-03 1.947322e-03 1.382831e-02
      vertex -6.562718e-03 1.313990e-03 1.274260e-02
    endloop
  endfacet
  facet normal -9.361161e-01 -2.970542e-03 3.516785e-01
    outer loop
      vertex -6.562718e-03 -6.699553e-04 1.279263e-02
      vertex -6.562718e-03 3.395216e-04 1.280116e-02
      vertex -6.987973e-03 -9.026976e-04 1.165870e-02
    endloop
  endfacet
  facet normal -9.314330e-01 -1.552088e-02 3.635816e-01
    outer loop
      vertex -6.987973e-03 -9.026976e-04 1.165870e-02
      vertex -6.562718e-03 3.395216e-04 1.280116e-02
      vertex -6.987973e-03 -1.569855e-16 1.169724e-02
    endloop
  endfacet
  facet normal -9.356914e-01 -7.038930e-02 3.457266e-01
    outer loop
      vertex -6.987973e-03 -2.908503e-03 1.132987e-02
      vertex -6.562718e-03 -2.567441e-03 1.255024e-02
      vertex -6.987973e-03 -1.752879e-03 1.156516e-02
    endloop
  endfacet
  facet normal -9.329053e-01 -8.710747e-02 3.494280e-01
    outer loop
      vertex -6.562718e-03 -3.510101e-03 1.231525e-02
      vertex -6.562718e-03 -2.567441e-03 1.255024e-02
      vertex -6.987973e-03 -2.908503e-03 1.132987e-02
    endloop
  endfacet
  facet normal -9.345927e-01 -1.029099e-01 3.405084e-01
    outer loop
      vertex -6.987973e-03 -3.768779e-03 1.106988e-02
      vertex -6.562718e-03 -3.510101e-03 1.231525e-02
      vertex -6.987973e-03 -2.908503e-03 1.132987e-02
    endloop
  endfacet
  facet normal -9.356280e-01 -1.305274e-01 3.279677e-01
    outer loop
      vertex -6.562718e-03 -5.050808e-03 1.177241e-02
      vertex -6.562718e-03 -4.419743e-03 1.202357e-02
      vertex -6.987973e-03 -4.872868e-03 1.063006e-02
    endloop
  endfacet
  facet normal -9.355977e-01 -1.306599e-01 3.280015e-01
    outer loop
      vertex -6.987973e-03 -4.872868e-03 1.063006e-02
      vertex -6.562718e-03 -4.419743e-03 1.202357e-02
      vertex -6.987973e-03 -3.768779e-03 1.106988e-02
    endloop
  endfacet
  facet normal -9.340933e-01 -1.487768e-01 3.245537e-01
    outer loop
      vertex -6.562718e-03 -5.622180e-03 1.151049e-02
      vertex -6.562718e-03 -5.050808e-03 1.177241e-02
      vertex -6.987973e-03 -4.872868e-03 1.063006e-02
    endloop
  endfacet
  facet normal -9.321952e-01 -1.757511e-01 3.164234e-01
    outer loop
      vertex -6.987973e-03 -5.653303e-03 1.024039e-02
      vertex -6.562718e-03 -6.800762e-03 1.085587e-02
      vertex -6.562718e-03 -5.622180e-03 1.151049e-02
    endloop
  endfacet
  facet normal -9.340836e-01 -1.811296e-01 3.077009e-01
    outer loop
      vertex -6.562718e-03 -6.800762e-03 1.085587e-02
      vertex -6.987973e-03 -5.653303e-03 1.024039e-02
      vertex -6.987973e-03 -6.209922e-03 9.912732e-03
    endloop
  endfacet
  facet normal -9.348023e-01 -2.030617e-01 2.913941e-01
    outer loop
      vertex -6.987973e-03 -7.149448e-03 9.258012e-03
      vertex -6.562718e-03 -7.579540e-03 1.032253e-02
      vertex -6.987973e-03 -6.209922e-03 9.912732e-03
    endloop
  endfacet
  facet normal -9.351487e-01 -2.282047e-01 2.709603e-01
    outer loop
      vertex -6.987973e-03 -7.842860e-03 8.674015e-03
      vertex -6.562718e-03 -8.364559e-03 9.702292e-03
      vertex -6.987973e-03 -7.149448e-03 9.258012e-03
    endloop
  endfacet
  facet normal -9.332468e-01 -2.474753e-01 2.603967e-01
    outer loop
      vertex -6.987973e-03 -7.842860e-03 8.674015e-03
      vertex -6.562718e-03 -9.264382e-03 8.847120e-03
      vertex -6.562718e-03 -8.364559e-03 9.702292e-03
    endloop
  endfacet
  facet normal -9.356623e-01 -2.495185e-01 2.495527e-01
    outer loop
      vertex -6.562718e-03 -9.264382e-03 8.847120e-03
      vertex -6.987973e-03 -7.842860e-03 8.674015e-03
      vertex -6.987973e-03 -8.663353e-03 7.853635e-03
    endloop
  endfacet
  facet normal -9.357131e-01 -2.730692e-01 2.233255e-01
    outer loop
      vertex -6.562718e-03 -9.913549e-03 8.106747e-03
      vertex -6.987973e-03 -8.663353e-03 7.853635e-03
      vertex -6.987973e-03 -9.416789e-03 6.932378e-03
    endloop
  endfacet
  facet normal -9.360017e-01 -2.957454e-01 1.908810e-01
    outer loop
      vertex -6.987973e-03 -1.022869e-02 5.674449e-03
      vertex -6.562718e-03 -1.050925e-02 7.325023e-03
      vertex -6.987973e-03 -9.416789e-03 6.932378e-03
    endloop
  endfacet
  facet normal -9.357027e-01 -3.239033e-01 1.398107e-01
    outer loop
      vertex -6.987973e-03 -1.096035e-02 4.086074e-03
      vertex -6.562718e-03 -1.176990e-02 5.056649e-03
      vertex -6.987973e-03 -1.049107e-02 5.173291e-03
    endloop
  endfacet
  facet normal -9.329583e-01 -3.363835e-01 1.281987e-01
    outer loop
      vertex -6.562718e-03 -1.210983e-02 4.164700e-03
      vertex -6.562718e-03 -1.176990e-02 5.056649e-03
      vertex -6.987973e-03 -1.096035e-02 4.086074e-03
    endloop
  endfacet
  facet normal -9.346090e-01 -3.382388e-01 1.100020e-01
    outer loop
      vertex -6.987973e-03 -1.123693e-02 3.235659e-03
      vertex -6.562718e-03 -1.210983e-02 4.164700e-03
      vertex -6.987973e-03 -1.096035e-02 4.086074e-03
    endloop
  endfacet
  facet normal -9.334770e-01 -3.428862e-01 1.051173e-01
    outer loop
      vertex -6.562718e-03 -1.239562e-02 3.232469e-03
      vertex -6.562718e-03 -1.210983e-02 4.164700e-03
      vertex -6.987973e-03 -1.123693e-02 3.235659e-03
    endloop
  endfacet
  facet normal -9.348715e-01 -3.508418e-01 5.408595e-02
    outer loop
      vertex -6.562718e-03 -1.260115e-02 2.281786e-03
      vertex -6.987973e-03 -1.145372e-02 2.374365e-03
      vertex -6.987973e-03 -1.163703e-02 1.185308e-03
    endloop
  endfacet
  facet normal -9.340244e-01 -3.565750e-01 2.127559e-02
    outer loop
      vertex -6.987973e-03 -1.168951e-02 3.057887e-04
      vertex -6.562718e-03 -1.274423e-02 1.298083e-03
      vertex -6.987973e-03 -1.163703e-02 1.185308e-03
    endloop
  endfacet
  facet normal -9.340238e-01 -3.504173e-01 -6.933529e-02
    outer loop
      vertex -6.562718e-03 -1.265996e-02 -1.955945e-03
      vertex -6.987973e-03 -1.156008e-02 -1.786016e-03
      vertex -6.562718e-03 -1.247470e-02 -2.892264e-03
    endloop
  endfacet
  facet normal -9.346321e-01 -3.450183e-01 -8.616929e-02
    outer loop
      vertex -6.987973e-03 -1.123767e-02 -3.232773e-03
      vertex -6.562718e-03 -1.247470e-02 -2.892264e-03
      vertex -6.987973e-03 -1.146148e-02 -2.336608e-03
    endloop
  endfacet
  facet normal -9.334376e-01 -3.464816e-01 -9.297739e-02
    outer loop
      vertex -6.987973e-03 -1.123767e-02 -3.232773e-03
      vertex -6.562718e-03 -1.221632e-02 -3.855103e-03
      vertex -6.562718e-03 -1.247470e-02 -2.892264e-03
    endloop
  endfacet
  facet normal -9.355756e-01 -3.341416e-01 -1.142262e-01
    outer loop
      vertex -6.987973e-03 -1.086229e-02 -4.330852e-03
      vertex -6.562718e-03 -1.201036e-02 -4.455516e-03
      vertex -6.987973e-03 -1.123767e-02 -3.232773e-03
    endloop
  endfacet
  facet normal -9.334639e-01 -3.306789e-01 -1.389124e-01
    outer loop
      vertex -6.562718e-03 -1.163706e-02 -5.344150e-03
      vertex -6.562718e-03 -1.201036e-02 -4.455516e-03
      vertex -6.987973e-03 -1.086229e-02 -4.330852e-03
    endloop
  endfacet
  facet normal -9.360563e-01 -3.147787e-01 -1.572034e-01
    outer loop
      vertex -6.562718e-03 -1.120785e-02 -6.203575e-03
      vertex -6.562718e-03 -1.163706e-02 -5.344150e-03
      vertex -6.987973e-03 -1.008771e-02 -5.914368e-03
    endloop
  endfacet
  facet normal -9.314616e-01 -3.196335e-01 -1.738209e-01
    outer loop
      vertex -6.987973e-03 -1.008771e-02 -5.914368e-03
      vertex -6.562718e-03 -1.163706e-02 -5.344150e-03
      vertex -6.987973e-03 -1.049444e-02 -5.166442e-03
    endloop
  endfacet
  facet normal -9.334834e-01 -3.061843e-01 -1.867079e-01
    outer loop
      vertex -6.562718e-03 -1.070592e-02 -7.026702e-03
      vertex -6.562718e-03 -1.120785e-02 -6.203575e-03
      vertex -6.987973e-03 -1.008771e-02 -5.914368e-03
    endloop
  endfacet
  facet normal -9.351833e-01 -2.820837e-01 -2.141519e-01
    outer loop
      vertex -6.987973e-03 -9.060394e-03 -7.392736e-03
      vertex -6.562718e-03 -1.012082e-02 -7.852988e-03
      vertex -6.987973e-03 -9.610332e-03 -6.668351e-03
    endloop
  endfacet
  facet normal -9.340933e-01 -2.766290e-01 -2.257124e-01
    outer loop
      vertex -6.562718e-03 -9.724064e-03 -8.339239e-03
      vertex -6.562718e-03 -1.012082e-02 -7.852988e-03
      vertex -6.987973e-03 -9.060394e-03 -7.392736e-03
    endloop
  endfacet
  facet normal -9.340263e-01 -2.486778e-01 -2.564260e-01
    outer loop
      vertex -6.562718e-03 -8.607653e-03 -9.481760e-03
      vertex -6.562718e-03 -9.292226e-03 -8.817872e-03
      vertex -6.987973e-03 -7.859834e-03 -8.658001e-03
    endloop
  endfacet
  facet normal -9.340264e-01 -2.486779e-01 -2.564254e-01
    outer loop
      vertex -6.987973e-03 -7.859834e-03 -8.658001e-03
      vertex -6.562718e-03 -9.292226e-03 -8.817872e-03
      vertex -6.987973e-03 -8.484932e-03 -8.051789e-03
    endloop
  endfacet
  facet normal -9.340212e-01 -2.309147e-01 -2.725487e-01
    outer loop
      vertex -6.987973e-03 -7.174969e-03 -9.238247e-03
      vertex -6.562718e-03 -7.857627e-03 -1.011721e-02
      vertex -6.987973e-03 -7.859834e-03 -8.658001e-03
    endloop
  endfacet
  facet normal -9.356840e-01 -2.093343e-01 -2.840327e-01
    outer loop
      vertex -6.562718e-03 -7.337718e-03 -1.050039e-02
      vertex -6.562718e-03 -7.857627e-03 -1.011721e-02
      vertex -6.987973e-03 -6.451141e-03 -9.752895e-03
    endloop
  endfacet
  facet normal -9.340226e-01 -2.069943e-01 -2.911273e-01
    outer loop
      vertex -6.987973e-03 -6.451141e-03 -9.752895e-03
      vertex -6.562718e-03 -7.857627e-03 -1.011721e-02
      vertex -6.987973e-03 -7.174969e-03 -9.238247e-03
    endloop
  endfacet
  facet normal -9.340902e-01 -1.969737e-01 -2.977865e-01
    outer loop
      vertex -6.562718e-03 -6.792144e-03 -1.086127e-02
      vertex -6.562718e-03 -7.337718e-03 -1.050039e-02
      vertex -6.987973e-03 -6.451141e-03 -9.752895e-03
    endloop
  endfacet
  facet normal -9.340227e-01 -1.764451e-01 -3.105940e-01
    outer loop
      vertex -6.562718e-03 -5.943561e-03 -1.134334e-02
      vertex -6.562718e-03 -6.792144e-03 -1.086127e-02
      vertex -6.987973e-03 -5.427194e-03 -1.035785e-02
    endloop
  endfacet
  facet normal -9.356844e-01 -1.794753e-01 -3.037817e-01
    outer loop
      vertex -6.987973e-03 -5.427194e-03 -1.035785e-02
      vertex -6.562718e-03 -6.792144e-03 -1.086127e-02
      vertex -6.987973e-03 -6.451141e-03 -9.752895e-03
    endloop
  endfacet
  facet normal -9.339388e-01 -1.496615e-01 -3.245916e-01
    outer loop
      vertex -6.987973e-03 -5.427194e-03 -1.035785e-02
      vertex -6.562718e-03 -4.771250e-03 -1.188386e-02
      vertex -6.562718e-03 -5.943561e-03 -1.134334e-02
    endloop
  endfacet
  facet normal -9.339388e-01 -1.496615e-01 -3.245916e-01
    outer loop
      vertex -6.562718e-03 -4.771250e-03 -1.188386e-02
      vertex -6.987973e-03 -5.427194e-03 -1.035785e-02
      vertex -6.987973e-03 -4.356732e-03 -1.085141e-02
    endloop
  endfacet
  facet normal -9.356000e-01 -7.961184e-02 -3.439689e-01
    outer loop
      vertex -6.987973e-03 -2.051858e-03 -1.151242e-02
      vertex -6.562718e-03 -2.550947e-03 -1.255361e-02
      vertex -6.987973e-03 -3.211110e-03 -1.124411e-02
    endloop
  endfacet
  facet normal -9.340945e-01 -6.264519e-02 -3.514869e-01
    outer loop
      vertex -6.562718e-03 -1.943215e-03 -1.266192e-02
      vertex -6.562718e-03 -2.550947e-03 -1.255361e-02
      vertex -6.987973e-03 -2.051858e-03 -1.151242e-02
    endloop
  endfacet
  facet normal -9.370780e-01 -4.439847e-02 -3.462856e-01
    outer loop
      vertex -6.562718e-03 -1.313990e-03 -1.274260e-02
      vertex -6.562718e-03 -1.943215e-03 -1.266192e-02
      vertex -6.987973e-03 -6.200491e-04 -1.168079e-02
    endloop
  endfacet
  facet normal -9.358103e-01 -4.116869e-02 -3.500918e-01
    outer loop
      vertex -6.987973e-03 -6.200491e-04 -1.168079e-02
      vertex -6.562718e-03 -1.943215e-03 -1.266192e-02
      vertex -6.987973e-03 -2.051858e-03 -1.151242e-02
    endloop
  endfacet
  facet normal -9.328929e-01 -2.160612e-02 -3.595054e-01
    outer loop
      vertex -6.562718e-03 -3.395216e-04 -1.280116e-02
      vertex -6.562718e-03 -1.313990e-03 -1.274260e-02
      vertex -6.987973e-03 -6.200491e-04 -1.168079e-02
    endloop
  endfacet
  facet normal -9.340873e-01 -9.466334e-03 -3.569191e-01
    outer loop
      vertex -6.987973e-03 -9.792167e-17 -1.169724e-02
      vertex -6.562718e-03 -3.395216e-04 -1.280116e-02
      vertex -6.987973e-03 -6.200491e-04 -1.168079e-02
    endloop
  endfacet
  facet normal -9.361161e-01 2.970542e-03 -3.516785e-01
    outer loop
      vertex -6.562718e-03 6.699553e-04 -1.279263e-02
      vertex -6.562718e-03 -3.395216e-04 -1.280116e-02
      vertex -6.987973e-03 9.026976e-04 -1.165870e-02
    endloop
  endfacet
  facet normal -9.314330e-01 1.552088e-02 -3.635816e-01
    outer loop
      vertex -6.987973e-03 9.026976e-04 -1.165870e-02
      vertex -6.562718e-03 -3.395216e-04 -1.280116e-02
      vertex -6.987973e-03 -9.792167e-17 -1.169724e-02
    endloop
  endfacet
  facet normal -9.356914e-01 7.038930e-02 -3.457266e-01
    outer loop
      vertex -6.987973e-03 2.908503e-03 -1.132987e-02
      vertex -6.562718e-03 2.567441e-03 -1.255024e-02
      vertex -6.987973e-03 1.752879e-03 -1.156516e-02
    endloop
  endfacet
  facet normal -9.329053e-01 8.710747e-02 -3.494280e-01
    outer loop
      vertex -6.562718e-03 3.510101e-03 -1.231525e-02
      vertex -6.562718e-03 2.567441e-03 -1.255024e-02
      vertex -6.987973e-03 2.908503e-03 -1.132987e-02
    endloop
  endfacet
  facet normal -9.345927e-01 1.029099e-01 -3.405084e-01
    outer loop
      vertex -6.987973e-03 3.768779e-03 -1.106988e-02
      vertex -6.562718e-03 3.510101e-03 -1.231525e-02
      vertex -6.987973e-03 2.908503e-03 -1.132987e-02
    endloop
  endfacet
  facet normal -9.356280e-01 1.305274e-01 -3.279677e-01
    outer loop
      vertex -6.562718e-03 5.050808e-03 -1.177241e-02
      vertex -6.562718e-03 4.419743e-03 -1.202357e-02
      vertex -6.987973e-03 4.872868e-03 -1.063006e-02
    endloop
  endfacet
  facet normal -9.355977e-01 1.306599e-01 -3.280015e-01
    outer loop
      vertex -6.987973e-03 4.872868e-03 -1.063006e-02
      vertex -6.562718e-03 4.419743e-03 -1.202357e-02
      vertex -6.987973e-03 3.768779e-03 -1.106988e-02
    endloop
  endfacet
  facet normal -9.340933e-01 1.487768e-01 -3.245537e-01
    outer loop
      vertex -6.562718e-03 5.622180e-03 -1.151049e-02
      vertex -6.562718e-03 5.050808e-03 -1.177241e-02
      vertex -6.987973e-03 4.872868e-03 -1.063006e-02
    endloop
  endfacet
  facet normal -9.321952e-01 1.757511e-01 -3.164234e-01
    outer loop
      vertex -6.987973e-03 5.653303e-03 -1.024039e-02
      vertex -6.562718e-03 6.800762e-03 -1.085587e-02
      vertex -6.562718e-03 5.622180e-03 -1.151049e-02
    endloop
  endfacet
  facet normal -9.340836e-01 1.811296e-01 -3.077009e-01
    outer loop
      vertex -6.562718e-03 6.800762e-03 -1.085587e-02
      vertex -6.987973e-03 5.653303e-03 -1.024039e-02
      vertex -6.987973e-03 6.209922e-03 -9.912732e-03
    endloop
  endfacet
  facet normal -9.348023e-01 2.030617e-01 -2.913941e-01
    outer loop
      vertex -6.987973e-03 7.149448e-03 -9.258012e-03
      vertex -6.562718e-03 7.579540e-03 -1.032253e-02
      vertex -6.987973e-03 6.209922e-03 -9.912732e-03
    endloop
  endfacet
  facet normal -9.351487e-01 2.282047e-01 -2.709603e-01
    outer loop
      vertex -6.987973e-03 7.842860e-03 -8.674015e-03
      vertex -6.562718e-03 8.364559e-03 -9.702292e-03
      vertex -6.987973e-03 7.149448e-03 -9.258012e-03
    endloop
  endfacet
  facet normal -9.332468e-01 2.474753e-01 -2.603967e-01
    outer loop
      vertex -6.987973e-03 7.842860e-03 -8.674015e-03
      vertex -6.562718e-03 9.264382e-03 -8.847120e-03
      vertex -6.562718e-03 8.364559e-03 -9.702292e-03
    endloop
  endfacet
  facet normal -9.356623e-01 2.495185e-01 -2.495527e-01
    outer loop
      vertex -6.562718e-03 9.264382e-03 -8.847120e-03
      vertex -6.987973e-03 7.842860e-03 -8.674015e-03
      vertex -6.987973e-03 8.663353e-03 -7.853635e-03
    endloop
  endfacet
  facet normal -9.357131e-01 2.730692e-01 -2.233255e-01
    outer loop
      vertex -6.562718e-03 9.913549e-03 -8.106747e-03
      vertex -6.987973e-03 8.663353e-03 -7.853635e-03
      vertex -6.987973e-03 9.416789e-03 -6.932378e-03
    endloop
  endfacet
  facet normal -9.360017e-01 2.957454e-01 -1.908810e-01
    outer loop
      vertex -6.987973e-03 1.022869e-02 -5.674449e-03
      vertex -6.562718e-03 1.050925e-02 -7.325023e-03
      vertex -6.987973e-03 9.416789e-03 -6.932378e-03
    endloop
  endfacet
  facet normal -9.357027e-01 3.239033e-01 -1.398107e-01
    outer loop
      vertex -6.987973e-03 1.096035e-02 -4.086074e-03
      vertex -6.562718e-03 1.176990e-02 -5.056649e-03
      vertex -6.987973e-03 1.049107e-02 -5.173291e-03
    endloop
  endfacet
  facet normal -9.329583e-01 3.363835e-01 -1.281987e-01
    outer loop
      vertex -6.562718e-03 1.210983e-02 -4.164700e-03
      vertex -6.562718e-03 1.176990e-02 -5.056649e-03
      vertex -6.987973e-03 1.096035e-02 -4.086074e-03
    endloop
  endfacet
  facet normal -9.346090e-01 3.382388e-01 -1.100020e-01
    outer loop
      vertex -6.987973e-03 1.123693e-02 -3.235659e-03
      vertex -6.562718e-03 1.210983e-02 -4.164700e-03
      vertex -6.987973e-03 1.096035e-02 -4.086074e-03
    endloop
  endfacet
  facet normal -9.334770e-01 3.428862e-01 -1.051173e-01
    outer loop
      vertex -6.562718e-03 1.239562e-02 -3.232469e-03
      vertex -6.562718e-03 1.210983e-02 -4.164700e-03
      vertex -6.987973e-03 1.123693e-02 -3.235659e-03
    endloop
  endfacet
  facet normal -9.348715e-01 3.508418e-01 -5.408595e-02
    outer loop
      vertex -6.562718e-03 1.260115e-02 -2.281786e-03
      vertex -6.987973e-03 1.145372e-02 -2.374365e-03
      vertex -6.987973e-03 1.163703e-02 -1.185308e-03
    endloop
  endfacet
  facet normal -9.340244e-01 3.565750e-01 -2.127559e-02
    outer loop
      vertex -6.987973e-03 1.168951e-02 -3.057887e-04
      vertex -6.562718e-03 1.274423e-02 -1.298083e-03
      vertex -6.987973e-03 1.163703e-02 -1.185308e-03
    endloop
  endfacet
  facet normal -9.340238e-01 3.504173e-01 6.933529e-02
    outer loop
      vertex -6.562718e-03 1.265996e-02 1.955945e-03
      vertex -6.987973e-03 1.156008e-02 1.786016e-03
      vertex -6.562718e-03 1.247470e-02 2.892264e-03
    endloop
  endfacet
  facet normal -9.346321e-01 3.450183e-01 8.616929e-02
    outer loop
      vertex -6.987973e-03 1.123767e-02 3.232773e-03
      vertex -6.562718e-03 1.247470e-02 2.892264e-03
      vertex -6.987973e-03 1.146148e-02 2.336608e-03
    endloop
  endfacet
  facet normal -9.334376e-01 3.464816e-01 9.297739e-02
    outer loop
      vertex -6.987973e-03 1.123767e-02 3.232773e-03
      vertex -6.562718e-03 1.221632e-02 3.855103e-03
      vertex -6.562718e-03 1.247470e-02 2.892264e-03
    endloop
  endfacet
  facet normal -9.355756e-01 3.341416e-01 1.142262e-01
    outer loop
      vertex -6.987973e-03 1.086229e-02 4.330852e-03
      vertex -6.562718e-03 1.201036e-02 4.455516e-03
      vertex -6.987973e-03 1.123767e-02 3.232773e-03
    endloop
  endfacet
  facet normal -9.334639e-01 3.306789e-01 1.389124e-01
    outer loop
      vertex -6.562718e-03 1.163706e-02 5.344150e-03
      vertex -6.562718e-03 1.201036e-02 4.455516e-03
      vertex -6.987973e-03 1.086229e-02 4.330852e-03
    endloop
  endfacet
  facet normal -9.360563e-01 3.147787e-01 1.572034e-01
    outer loop
      vertex -6.562718e-03 1.120785e-02 6.203575e-03
      vertex -6.562718e-03 1.163706e-02 5.344150e-03
      vertex -6.987973e-03 1.008771e-02 5.914368e-03
    endloop
  endfacet
  facet normal -9.314616e-01 3.196335e-01 1.738209e-01
    outer loop
      vertex -6.987973e-03 1.008771e-02 5.914368e-03
      vertex -6.562718e-03 1.163706e-02 5.344150e-03
      vertex -6.987973e-03 1.049444e-02 5.166442e-03
    endloop
  endfacet
  facet normal -9.334834e-01 3.061843e-01 1.867079e-01
    outer loop
      vertex -6.562718e-03 1.070592e-02 7.026702e-03
      vertex -6.562718e-03 1.120785e-02 6.203575e-03
      vertex -6.987973e-03 1.008771e-02 5.914368e-03
    endloop
  endfacet
  facet normal -9.351833e-01 2.820837e-01 2.141519e-01
    outer loop
      vertex -6.987973e-03 9.060394e-03 7.392736e-03
      vertex -6.562718e-03 1.012082e-02 7.852988e-03
      vertex -6.987973e-03 9.610332e-03 6.668351e-03
    endloop
  endfacet
  facet normal -9.340933e-01 2.766290e-01 2.257124e-01
    outer loop
      vertex -6.562718e-03 9.724064e-03 8.339239e-03
      vertex -6.562718e-03 1.012082e-02 7.852988e-03
      vertex -6.987973e-03 9.060394e-03 7.392736e-03
    endloop
  endfacet
  facet normal -9.340263e-01 2.486778e-01 2.564260e-01
    outer loop
      vertex -6.562718e-03 8.607653e-03 9.481760e-03
      vertex -6.562718e-03 9.292226e-03 8.817872e-03
      vertex -6.987973e-03 7.859834e-03 8.658001e-03
    endloop
  endfacet
  facet normal -9.340264e-01 2.486779e-01 2.564254e-01
    outer loop
      vertex -6.987973e-03 7.859834e-03 8.658001e-03
      vertex -6.562718e-03 9.292226e-03 8.817872e-03
      vertex -6.987973e-03 8.484932e-03 8.051789e-03
    endloop
  endfacet
  facet normal -9.340212e-01 2.309147e-01 2.725487e-01
    outer loop
      vertex -6.987973e-03 7.174969e-03 9.238247e-03
      vertex -6.562718e-03 7.857627e-03 1.011721e-02
      vertex -6.987973e-03 7.859834e-03 8.658001e-03
    endloop
  endfacet
  facet normal -9.356840e-01 2.093343e-01 2.840327e-01
    outer loop
      vertex -6.562718e-03 7.337718e-03 1.050039e-02
      vertex -6.562718e-03 7.857627e-03 1.011721e-02
      vertex -6.987973e-03 6.451141e-03 9.752895e-03
    endloop
  endfacet
  facet normal -9.340226e-01 2.069943e-01 2.911273e-01
    outer loop
      vertex -6.987973e-03 6.451141e-03 9.752895e-03
      vertex -6.562718e-03 7.857627e-03 1.011721e-02
      vertex -6.987973e-03 7.174969e-03 9.238247e-03
    endloop
  endfacet
  facet normal -9.340902e-01 1.969737e-01 2.977865e-01
    outer loop
      vertex -6.562718e-03 6.792144e-03 1.086127e-02
      vertex -6.562718e-03 7.337718e-03 1.050039e-02
      vertex -6.987973e-03 6.451141e-03 9.752895e-03
    endloop
  endfacet
  facet normal -9.340227e-01 1.764451e-01 3.105940e-01
    outer loop
      vertex -6.562718e-03 5.943561e-03 1.134334e-02
      vertex -6.562718e-03 6.792144e-03 1.086127e-02
      vertex -6.987973e-03 5.427194e-03 1.035785e-02
    endloop
  endfacet
  facet normal -9.356844e-01 1.794753e-01 3.037817e-01
    outer loop
      vertex -6.987973e-03 5.427194e-03 1.035785e-02
      vertex -6.562718e-03 6.792144e-03 1.086127e-02
      vertex -6.987973e-03 6.451141e-03 9.752895e-03
    endloop
  endfacet
  facet normal -9.339388e-01 1.496615e-01 3.245916e-01
    outer loop
      vertex -6.987973e-03 5.427194e-03 1.035785e-02
      vertex -6.562718e-03 4.771250e-03 1.188386e-02
      vertex -6.562718e-03 5.943561e-03 1.134334e-02
    endloop
  endfacet
  facet normal -9.339388e-01 1.496615e-01 3.245916e-01
    outer loop
      vertex -6.562718e-03 4.771250e-03 1.188386e-02
      vertex -6.987973e-03 5.427194e-03 1.035785e-02
      vertex -6.987973e-03 4.356732e-03 1.085141e-02
    endloop
  endfacet
  facet normal -9.356000e-01 7.961184e-02 3.439689e-01
    outer loop
      vertex -6.987973e-03 2.051858e-03 1.151242e-02
      vertex -6.562718e-03 2.550947e-03 1.255361e-02
      vertex -6.987973e-03 3.211110e-03 1.124411e-02
    endloop
  endfacet
  facet normal -9.340945e-01 6.264519e-02 3.514869e-01
    outer loop
      vertex -6.562718e-03 1.943215e-03 1.266192e-02
      vertex -6.562718e-03 2.550947e-03 1.255361e-02
      vertex -6.987973e-03 2.051858e-03 1.151242e-02
    endloop
  endfacet
  facet normal -9.370780e-01 4.439847e-02 3.462856e-01
    outer loop
      vertex -6.562718e-03 1.313990e-03 1.274260e-02
      vertex -6.562718e-03 1.943215e-03 1.266192e-02
      vertex -6.987973e-03 6.200491e-04 1.168079e-02
    endloop
  endfacet
  facet normal -9.358103e-01 4.116869e-02 3.500918e-01
    outer loop
      vertex -6.987973e-03 6.200491e-04 1.168079e-02
      vertex -6.562718e-03 1.943215e-03 1.266192e-02
      vertex -6.987973e-03 2.051858e-03 1.151242e-02
    endloop
  endfacet
  facet normal -9.328929e-01 2.160612e-02 3.595054e-01
    outer loop
      vertex -6.562718e-03 3.395216e-04 1.280116e-02
      vertex -6.562718e-03 1.313990e-03 1.274260e-02
      vertex -6.987973e-03 6.200491e-04 1.168079e-02
    endloop
  endfacet
  facet normal -9.340873e-01 9.466334e-03 3.569191e-01
    outer loop
      vertex -6.987973e-03 -1.569855e-16 1.169724e-02
      vertex -6.562718e-03 3.395216e-04 1.280116e-02
      vertex -6.987973e-03 6.200491e-04 1.168079e-02
    endloop
  endfacet
  facet normal -9.114958e-01 -3.111597e-02 4.101307e-01
    outer loop
      vertex -7.494265e-03 -1.333581e-03 1.050080e-02
      vertex -6.987973e-03 -9.026976e-04 1.165870e-02
      vertex -7.494265e-03 -2.768751e-04 1.058097e-02
    endloop
  endfacet
  facet normal -9.089490e-01 -4.559827e-02 4.144063e-01
    outer loop
      vertex -7.494265e-03 -1.333581e-03 1.050080e-02
      vertex -6.987973e-03 -1.752879e-03 1.156516e-02
      vertex -6.987973e-03 -9.026976e-04 1.165870e-02
    endloop
  endfacet
  facet normal -9.038701e-01 -6.824639e-02 4.223283e-01
    outer loop
      vertex -6.987973e-03 -2.908503e-03 1.132987e-02
      vertex -7.494265e-03 -1.333581e-03 1.050080e-02
      vertex -7.494265e-03 -2.122113e-03 1.037338e-02
    endloop
  endfacet
  facet normal -9.121278e-01 -8.177835e-02 4.016654e-01
    outer loop
      vertex -7.494265e-03 -1.333581e-03 1.050080e-02
      vertex -6.987973e-03 -2.908503e-03 1.132987e-02
      vertex -6.987973e-03 -1.752879e-03 1.156516e-02
    endloop
  endfacet
  facet normal -9.089179e-01 -1.206312e-01 3.991445e-01
    outer loop
      vertex -6.987973e-03 -2.908503e-03 1.132987e-02
      vertex -7.494265e-03 -2.901268e-03 1.017915e-02
      vertex -6.987973e-03 -3.768779e-03 1.106988e-02
    endloop
  endfacet
  facet normal -9.095449e-01 -1.598972e-01 3.836157e-01
    outer loop
      vertex -7.494265e-03 -4.410870e-03 9.622221e-03
      vertex -6.987973e-03 -4.872868e-03 1.063006e-02
      vertex -7.494265e-03 -3.653131e-03 9.938059e-03
    endloop
  endfacet
  facet normal -9.095537e-01 -1.856478e-01 3.718158e-01
    outer loop
      vertex -6.987973e-03 -5.653303e-03 1.024039e-02
      vertex -6.987973e-03 -4.872868e-03 1.063006e-02
      vertex -7.494265e-03 -5.117311e-03 9.269494e-03
    endloop
  endfacet
  facet normal -9.095536e-01 -1.856480e-01 3.718158e-01
    outer loop
      vertex -7.494265e-03 -5.117311e-03 9.269494e-03
      vertex -6.987973e-03 -4.872868e-03 1.063006e-02
      vertex -7.494265e-03 -4.410870e-03 9.622221e-03
    endloop
  endfacet
  facet normal -9.096280e-01 -2.107397e-01 3.580023e-01
    outer loop
      vertex -7.494265e-03 -5.621158e-03 8.972902e-03
      vertex -6.987973e-03 -6.209922e-03 9.912732e-03
      vertex -6.987973e-03 -5.653303e-03 1.024039e-02
    endloop
  endfacet
  facet normal -9.082874e-01 -2.694912e-01 3.199821e-01
    outer loop
      vertex -7.494265e-03 -6.913712e-03 8.019412e-03
      vertex -6.987973e-03 -7.842860e-03 8.674015e-03
      vertex -6.987973e-03 -7.149448e-03 9.258012e-03
    endloop
  endfacet
  facet normal -9.102109e-01 -2.828477e-01 3.025115e-01
    outer loop
      vertex -7.494265e-03 -7.471149e-03 7.498209e-03
      vertex -6.987973e-03 -7.842860e-03 8.674015e-03
      vertex -7.494265e-03 -6.913712e-03 8.019412e-03
    endloop
  endfacet
  facet normal -9.074148e-01 -3.253002e-01 2.660418e-01
    outer loop
      vertex -6.987973e-03 -8.663353e-03 7.853635e-03
      vertex -7.494265e-03 -8.026497e-03 6.905486e-03
      vertex -6.987973e-03 -9.416789e-03 6.932378e-03
    endloop
  endfacet
  facet normal -9.105492e-01 -3.266875e-01 2.533288e-01
    outer loop
      vertex -6.987973e-03 -9.416789e-03 6.932378e-03
      vertex -7.494265e-03 -8.026497e-03 6.905486e-03
      vertex -7.494265e-03 -8.686403e-03 6.054484e-03
    endloop
  endfacet
  facet normal -9.060688e-01 -3.555126e-01 2.294561e-01
    outer loop
      vertex -7.494265e-03 -8.978312e-03 5.612512e-03
      vertex -6.987973e-03 -1.022869e-02 5.674449e-03
      vertex -6.987973e-03 -9.416789e-03 6.932378e-03
    endloop
  endfacet
  facet normal -9.074208e-01 -3.506467e-01 2.315912e-01
    outer loop
      vertex -6.987973e-03 -9.416789e-03 6.932378e-03
      vertex -7.494265e-03 -8.686403e-03 6.054484e-03
      vertex -7.494265e-03 -8.978312e-03 5.612512e-03
    endloop
  endfacet
  facet normal -9.084505e-01 -3.763243e-01 1.819278e-01
    outer loop
      vertex -6.987973e-03 -1.022869e-02 5.674449e-03
      vertex -7.494265e-03 -9.348562e-03 4.966864e-03
      vertex -7.494265e-03 -9.696655e-03 4.246821e-03
    endloop
  endfacet
  facet normal -9.125145e-01 -3.889900e-01 1.265074e-01
    outer loop
      vertex -6.987973e-03 -1.096035e-02 4.086074e-03
      vertex -7.494265e-03 -1.026484e-02 2.572712e-03
      vertex -6.987973e-03 -1.123693e-02 3.235659e-03
    endloop
  endfacet
  facet normal -9.082883e-01 -4.008749e-01 1.196314e-01
    outer loop
      vertex -7.494265e-03 -1.026484e-02 2.572712e-03
      vertex -6.987973e-03 -1.096035e-02 4.086074e-03
      vertex -7.494265e-03 -9.966827e-03 3.571337e-03
    endloop
  endfacet
  facet normal -9.090456e-01 -4.040921e-01 1.017139e-01
    outer loop
      vertex -6.987973e-03 -1.145372e-02 2.374365e-03
      vertex -6.987973e-03 -1.123693e-02 3.235659e-03
      vertex -7.494265e-03 -1.026484e-02 2.572712e-03
    endloop
  endfacet
  facet normal -9.078486e-01 -4.144029e-01 6.388456e-02
    outer loop
      vertex -6.987973e-03 -1.163703e-02 1.185308e-03
      vertex -6.987973e-03 -1.145372e-02 2.374365e-03
      vertex -7.494265e-03 -1.045065e-02 1.686278e-03
    endloop
  endfacet
  facet normal -9.113500e-01 -4.089032e-01 4.732180e-02
    outer loop
      vertex -7.494265e-03 -1.055986e-02 7.425637e-04
      vertex -6.987973e-03 -1.163703e-02 1.185308e-03
      vertex -7.494265e-03 -1.045065e-02 1.686278e-03
    endloop
  endfacet
  facet normal -9.086333e-01 -4.168537e-01 2.487221e-02
    outer loop
      vertex -6.987973e-03 -1.168951e-02 3.057887e-04
      vertex -6.987973e-03 -1.163703e-02 1.185308e-03
      vertex -7.494265e-03 -1.055986e-02 7.425637e-04
    endloop
  endfacet
  facet normal -9.130480e-01 -4.078366e-01 -3.566374e-03
    outer loop
      vertex -6.987973e-03 -1.168951e-02 3.057887e-04
      vertex -7.494265e-03 -1.055986e-02 7.425637e-04
      vertex -6.987973e-03 -1.168153e-02 -6.059401e-04
    endloop
  endfacet
  facet normal -9.106775e-01 -4.131145e-01 1.713753e-03
    outer loop
      vertex -7.494265e-03 -1.056575e-02 -6.772438e-04
      vertex -6.987973e-03 -1.168153e-02 -6.059401e-04
      vertex -7.494265e-03 -1.055986e-02 7.425637e-04
    endloop
  endfacet
  facet normal -9.111153e-01 -4.071659e-01 -6.391230e-02
    outer loop
      vertex -7.494265e-03 -1.051889e-02 -1.201609e-03
      vertex -7.494265e-03 -1.039395e-02 -1.997576e-03
      vertex -6.987973e-03 -1.156008e-02 -1.786016e-03
    endloop
  endfacet
  facet normal -9.099090e-01 -4.083126e-01 -7.311943e-02
    outer loop
      vertex -7.494265e-03 -1.039395e-02 -1.997576e-03
      vertex -6.987973e-03 -1.146148e-02 -2.336608e-03
      vertex -6.987973e-03 -1.156008e-02 -1.786016e-03
    endloop
  endfacet
  facet normal -9.086090e-01 -4.052014e-01 -1.012002e-01
    outer loop
      vertex -6.987973e-03 -1.146148e-02 -2.336608e-03
      vertex -7.494265e-03 -1.021123e-02 -2.796908e-03
      vertex -6.987973e-03 -1.123767e-02 -3.232773e-03
    endloop
  endfacet
  facet normal -9.107019e-01 -4.026782e-01 -9.204483e-02
    outer loop
      vertex -7.494265e-03 -1.021123e-02 -2.796908e-03
      vertex -6.987973e-03 -1.146148e-02 -2.336608e-03
      vertex -7.494265e-03 -1.039395e-02 -1.997576e-03
    endloop
  endfacet
  facet normal -9.077020e-01 -3.970561e-01 -1.357335e-01
    outer loop
      vertex -7.494265e-03 -9.948133e-03 -3.619224e-03
      vertex -6.987973e-03 -1.086229e-02 -4.330852e-03
      vertex -6.987973e-03 -1.123767e-02 -3.232773e-03
    endloop
  endfacet
  facet normal -9.108148e-01 -3.710311e-01 -1.809763e-01
    outer loop
      vertex -7.494265e-03 -9.679728e-03 -4.288677e-03
      vertex -7.494265e-03 -9.352781e-03 -4.958970e-03
      vertex -6.987973e-03 -1.049444e-02 -5.166442e-03
    endloop
  endfacet
  facet normal -9.086964e-01 -3.667369e-01 -1.994364e-01
    outer loop
      vertex -7.494265e-03 -9.352781e-03 -4.958970e-03
      vertex -6.987973e-03 -1.008771e-02 -5.914368e-03
      vertex -6.987973e-03 -1.049444e-02 -5.166442e-03
    endloop
  endfacet
  facet normal -9.121404e-01 -3.264585e-01 -2.478403e-01
    outer loop
      vertex -6.987973e-03 -9.610332e-03 -6.668351e-03
      vertex -7.494265e-03 -8.848959e-03 -5.807908e-03
      vertex -6.987973e-03 -9.060394e-03 -7.392736e-03
    endloop
  endfacet
  facet normal -9.094276e-01 -3.354662e-01 -2.457720e-01
    outer loop
      vertex -7.494265e-03 -8.201374e-03 -6.691828e-03
      vertex -6.987973e-03 -9.060394e-03 -7.392736e-03
      vertex -7.494265e-03 -8.848959e-03 -5.807908e-03
    endloop
  endfacet
  facet normal -9.102554e-01 -1.984111e-01 -3.634118e-01
    outer loop
      vertex -7.494265e-03 -4.677546e-03 -9.498997e-03
      vertex -6.987973e-03 -5.427194e-03 -1.035785e-02
      vertex -7.494265e-03 -5.380884e-03 -9.114997e-03
    endloop
  endfacet
  facet normal -9.105467e-01 -1.635633e-01 -3.796732e-01
    outer loop
      vertex -6.987973e-03 -4.356732e-03 -1.085141e-02
      vertex -7.494265e-03 -4.677546e-03 -9.498997e-03
      vertex -7.494265e-03 -3.690057e-03 -9.924407e-03
    endloop
  endfacet
  facet normal -9.073940e-01 -1.362808e-01 -3.975721e-01
    outer loop
      vertex -7.494265e-03 -3.690057e-03 -9.924407e-03
      vertex -6.987973e-03 -3.211110e-03 -1.124411e-02
      vertex -6.987973e-03 -4.356732e-03 -1.085141e-02
    endloop
  endfacet
  facet normal -9.095437e-01 -1.280217e-01 -3.953994e-01
    outer loop
      vertex -7.494265e-03 -2.906663e-03 -1.017805e-02
      vertex -6.987973e-03 -3.211110e-03 -1.124411e-02
      vertex -7.494265e-03 -3.690057e-03 -9.924407e-03
    endloop
  endfacet
  facet normal -9.094374e-01 -9.376789e-02 -4.051312e-01
    outer loop
      vertex -6.987973e-03 -3.211110e-03 -1.124411e-02
      vertex -7.494265e-03 -2.906663e-03 -1.017805e-02
      vertex -6.987973e-03 -2.051858e-03 -1.151242e-02
    endloop
  endfacet
  facet normal -9.094375e-01 -9.376758e-02 -4.051310e-01
    outer loop
      vertex -7.494265e-03 -1.857321e-03 -1.042092e-02
      vertex -6.987973e-03 -2.051858e-03 -1.151242e-02
      vertex -7.494265e-03 -2.906663e-03 -1.017805e-02
    endloop
  endfacet
  facet normal -9.078832e-01 -4.896077e-02 -4.163544e-01
    outer loop
      vertex -7.494265e-03 -8.236691e-04 -1.055285e-02
      vertex -6.987973e-03 -6.200491e-04 -1.168079e-02
      vertex -6.987973e-03 -2.051858e-03 -1.151242e-02
    endloop
  endfacet
  facet normal -9.094504e-01 -5.264447e-02 -4.124664e-01
    outer loop
      vertex -7.494265e-03 -8.236691e-04 -1.055285e-02
      vertex -6.987973e-03 -2.051858e-03 -1.151242e-02
      vertex -7.494265e-03 -1.857321e-03 -1.042092e-02
    endloop
  endfacet
  facet normal -9.116314e-01 -1.049898e-02 -4.108746e-01
    outer loop
      vertex -7.494265e-03 2.768751e-04 -1.058097e-02
      vertex -6.987973e-03 -9.792167e-17 -1.169724e-02
      vertex -7.494265e-03 -8.236691e-04 -1.055285e-02
    endloop
  endfacet
  facet normal -9.114958e-01 3.111597e-02 -4.101307e-01
    outer loop
      vertex -7.494265e-03 1.333581e-03 -1.050080e-02
      vertex -6.987973e-03 9.026976e-04 -1.165870e-02
      vertex -7.494265e-03 2.768751e-04 -1.058097e-02
    endloop
  endfacet
  facet normal -9.089490e-01 4.559827e-02 -4.144063e-01
    outer loop
      vertex -7.494265e-03 1.333581e-03 -1.050080e-02
      vertex -6.987973e-03 1.752879e-03 -1.156516e-02
      vertex -6.987973e-03 9.026976e-04 -1.165870e-02
    endloop
  endfacet
  facet normal -9.038701e-01 6.824639e-02 -4.223283e-01
    outer loop
      vertex -6.987973e-03 2.908503e-03 -1.132987e-02
      vertex -7.494265e-03 1.333581e-03 -1.050080e-02
      vertex -7.494265e-03 2.122113e-03 -1.037338e-02
    endloop
  endfacet
  facet normal -9.121278e-01 8.177835e-02 -4.016654e-01
    outer loop
      vertex -7.494265e-03 1.333581e-03 -1.050080e-02
      vertex -6.987973e-03 2.908503e-03 -1.132987e-02
      vertex -6.987973e-03 1.752879e-03 -1.156516e-02
    endloop
  endfacet
  facet normal -9.089179e-01 1.206312e-01 -3.991445e-01
    outer loop
      vertex -6.987973e-03 2.908503e-03 -1.132987e-02
      vertex -7.494265e-03 2.901268e-03 -1.017915e-02
      vertex -6.987973e-03 3.768779e-03 -1.106988e-02
    endloop
  endfacet
  facet normal -9.095449e-01 1.598972e-01 -3.836157e-01
    outer loop
      vertex -7.494265e-03 4.410870e-03 -9.622221e-03
      vertex -6.987973e-03 4.872868e-03 -1.063006e-02
      vertex -7.494265e-03 3.653131e-03 -9.938059e-03
    endloop
  endfacet
  facet normal -9.095537e-01 1.856478e-01 -3.718158e-01
    outer loop
      vertex -6.987973e-03 5.653303e-03 -1.024039e-02
      vertex -6.987973e-03 4.872868e-03 -1.063006e-02
      vertex -7.494265e-03 5.117311e-03 -9.269494e-03
    endloop
  endfacet
  facet normal -9.095536e-01 1.856480e-01 -3.718158e-01
    outer loop
      vertex -7.494265e-03 5.117311e-03 -9.269494e-03
      vertex -6.987973e-03 4.872868e-03 -1.063006e-02
      vertex -7.494265e-03 4.410870e-03 -9.622221e-03
    endloop
  endfacet
  facet normal -9.096280e-01 2.107397e-01 -3.580023e-01
    outer loop
      vertex -7.494265e-03 5.621158e-03 -8.972902e-03
      vertex -6.987973e-03 6.209922e-03 -9.912732e-03
      vertex -6.987973e-03 5.653303e-03 -1.024039e-02
    endloop
  endfacet
  facet normal -9.082874e-01 2.694912e-01 -3.199821e-01
    outer loop
      vertex -7.494265e-03 6.913712e-03 -8.019412e-03
      vertex -6.987973e-03 7.842860e-03 -8.674015e-03
      vertex -6.987973e-03 7.149448e-03 -9.258012e-03
    endloop
  endfacet
  facet normal -9.102109e-01 2.828477e-01 -3.025115e-01
    outer loop
      vertex -7.494265e-03 7.471149e-03 -7.498209e-03
      vertex -6.987973e-03 7.842860e-03 -8.674015e-03
      vertex -7.494265e-03 6.913712e-03 -8.019412e-03
    endloop
  endfacet
  facet normal -9.074148e-01 3.253002e-01 -2.660418e-01
    outer loop
      vertex -6.987973e-03 8.663353e-03 -7.853635e-03
      vertex -7.494265e-03 8.026497e-03 -6.905486e-03
      vertex -6.987973e-03 9.416789e-03 -6.932378e-03
    endloop
  endfacet
  facet normal -9.105492e-01 3.266875e-01 -2.533288e-01
    outer loop
      vertex -6.987973e-03 9.416789e-03 -6.932378e-03
      vertex -7.494265e-03 8.026497e-03 -6.905486e-03
      vertex -7.494265e-03 8.686403e-03 -6.054484e-03
    endloop
  endfacet
  facet normal -9.060688e-01 3.555126e-01 -2.294561e-01
    outer loop
      vertex -7.494265e-03 8.978312e-03 -5.612512e-03
      vertex -6.987973e-03 1.022869e-02 -5.674449e-03
      vertex -6.987973e-03 9.416789e-03 -6.932378e-03
    endloop
  endfacet
  facet normal -9.074208e-01 3.506467e-01 -2.315912e-01
    outer loop
      vertex -6.987973e-03 9.416789e-03 -6.932378e-03
      vertex -7.494265e-03 8.686403e-03 -6.054484e-03
      vertex -7.494265e-03 8.978312e-03 -5.612512e-03
    endloop
  endfacet
  facet normal -9.084505e-01 3.763243e-01 -1.819278e-01
    outer loop
      vertex -6.987973e-03 1.022869e-02 -5.674449e-03
      vertex -7.494265e-03 9.348562e-03 -4.966864e-03
      vertex -7.494265e-03 9.696655e-03 -4.246821e-03
    endloop
  endfacet
  facet normal -9.125145e-01 3.889900e-01 -1.265074e-01
    outer loop
      vertex -6.987973e-03 1.096035e-02 -4.086074e-03
      vertex -7.494265e-03 1.026484e-02 -2.572712e-03
      vertex -6.987973e-03 1.123693e-02 -3.235659e-03
    endloop
  endfacet
  facet normal -9.082883e-01 4.008749e-01 -1.196314e-01
    outer loop
      vertex -7.494265e-03 1.026484e-02 -2.572712e-03
      vertex -6.987973e-03 1.096035e-02 -4.086074e-03
      vertex -7.494265e-03 9.966827e-03 -3.571337e-03
    endloop
  endfacet
  facet normal -9.090456e-01 4.040921e-01 -1.017139e-01
    outer loop
      vertex -6.987973e-03 1.145372e-02 -2.374365e-03
      vertex -6.987973e-03 1.123693e-02 -3.235659e-03
      vertex -7.494265e-03 1.026484e-02 -2.572712e-03
    endloop
  endfacet
  facet normal -9.078486e-01 4.144029e-01 -6.388456e-02
    outer loop
      vertex -6.987973e-03 1.163703e-02 -1.185308e-03
      vertex -6.987973e-03 1.145372e-02 -2.374365e-03
      vertex -7.494265e-03 1.045065e-02 -1.686278e-03
    endloop
  endfacet
  facet normal -9.113500e-01 4.089032e-01 -4.732180e-02
    outer loop
      vertex -7.494265e-03 1.055986e-02 -7.425637e-04
      vertex -6.987973e-03 1.163703e-02 -1.185308e-03
      vertex -7.494265e-03 1.045065e-02 -1.686278e-03
    endloop
  endfacet
  facet normal -9.086333e-01 4.168537e-01 -2.487221e-02
    outer loop
      vertex -6.987973e-03 1.168951e-02 -3.057887e-04
      vertex -6.987973e-03 1.163703e-02 -1.185308e-03
      vertex -7.494265e-03 1.055986e-02 -7.425637e-04
    endloop
  endfacet
  facet normal -9.130480e-01 4.078366e-01 3.566374e-03
    outer loop
      vertex -6.987973e-03 1.168951e-02 -3.057887e-04
      vertex -7.494265e-03 1.055986e-02 -7.425637e-04
      vertex -6.987973e-03 1.168153e-02 6.059401e-04
    endloop
  endfacet
  facet normal -9.106775e-01 4.131145e-01 -1.713753e-03
    outer loop
      vertex -7.494265e-03 1.056575e-02 6.772438e-04
      vertex -6.987973e-03 1.168153e-02 6.059401e-04
      vertex -7.494265e-03 1.055986e-02 -7.425637e-04
    endloop
  endfacet
  facet normal -9.111153e-01 4.071659e-01 6.391230e-02
    outer loop
      vertex -7.494265e-03 1.051889e-02 1.201609e-03
      vertex -7.494265e-03 1.039395e-02 1.997576e-03
      vertex -6.987973e-03 1.156008e-02 1.786016e-03
    endloop
  endfacet
  facet normal -9.099090e-01 4.083126e-01 7.311943e-02
    outer loop
      vertex -7.494265e-03 1.039395e-02 1.997576e-03
      vertex -6.987973e-03 1.146148e-02 2.336608e-03
      vertex -6.987973e-03 1.156008e-02 1.786016e-03
    endloop
  endfacet
  facet normal -9.086090e-01 4.052014e-01 1.012002e-01
    outer loop
      vertex -6.987973e-03 1.146148e-02 2.336608e-03
      vertex -7.494265e-03 1.021123e-02 2.796908e-03
      vertex -6.987973e-03 1.123767e-02 3.232773e-03
    endloop
  endfacet
  facet normal -9.107019e-01 4.026782e-01 9.204483e-02
    outer loop
      vertex -7.494265e-03 1.021123e-02 2.796908e-03
      vertex -6.987973e-03 1.146148e-02 2.336608e-03
      vertex -7.494265e-03 1.039395e-02 1.997576e-03
    endloop
  endfacet
  facet normal -9.077020e-01 3.970561e-01 1.357335e-01
    outer loop
      vertex -7.494265e-03 9.948133e-03 3.619224e-03
      vertex -6.987973e-03 1.086229e-02 4.330852e-03
      vertex -6.987973e-03 1.123767e-02 3.232773e-03
    endloop
  endfacet
  facet normal -9.108148e-01 3.710311e-01 1.809763e-01
    outer loop
      vertex -7.494265e-03 9.679728e-03 4.288677e-03
      vertex -7.494265e-03 9.352781e-03 4.958970e-03
      vertex -6.987973e-03 1.049444e-02 5.166442e-03
    endloop
  endfacet
  facet normal -9.086964e-01 3.667369e-01 1.994364e-01
    outer loop
      vertex -7.494265e-03 9.352781e-03 4.958970e-03
      vertex -6.987973e-03 1.008771e-02 5.914368e-03
      vertex -6.987973e-03 1.049444e-02 5.166442e-03
    endloop
  endfacet
  facet normal -9.121404e-01 3.264585e-01 2.478403e-01
    outer loop
      vertex -6.987973e-03 9.610332e-03 6.668351e-03
      vertex -7.494265e-03 8.848959e-03 5.807908e-03
      vertex -6.987973e-03 9.060394e-03 7.392736e-03
    endloop
  endfacet
  facet normal -9.067057e-01 3.442053e-01 2.437365e-01
    outer loop
      vertex -7.494265e-03 8.365342e-03 6.490873e-03
      vertex -6.987973e-03 9.060394e-03 7.392736e-03
      vertex -7.494265e-03 8.848959e-03 5.807908e-03
    endloop
  endfacet
  facet normal -9.102554e-01 1.984111e-01 3.634118e-01
    outer loop
      vertex -7.494265e-03 4.677546e-03 9.498997e-03
      vertex -6.987973e-03 5.427194e-03 1.035785e-02
      vertex -7.494265e-03 5.380884e-03 9.114997e-03
    endloop
  endfacet
  facet normal -9.105467e-01 1.635633e-01 3.796732e-01
    outer loop
      vertex -6.987973e-03 4.356732e-03 1.085141e-02
      vertex -7.494265e-03 4.677546e-03 9.498997e-03
      vertex -7.494265e-03 3.690057e-03 9.924407e-03
    endloop
  endfacet
  facet normal -9.073940e-01 1.362808e-01 3.975721e-01
    outer loop
      vertex -7.494265e-03 3.690057e-03 9.924407e-03
      vertex -6.987973e-03 3.211110e-03 1.124411e-02
      vertex -6.987973e-03 4.356732e-03 1.085141e-02
    endloop
  endfacet
  facet normal -9.095437e-01 1.280217e-01 3.953994e-01
    outer loop
      vertex -7.494265e-03 2.906663e-03 1.017805e-02
      vertex -6.987973e-03 3.211110e-03 1.124411e-02
      vertex -7.494265e-03 3.690057e-03 9.924407e-03
    endloop
  endfacet
  facet normal -9.094374e-01 9.376789e-02 4.051312e-01
    outer loop
      vertex -6.987973e-03 3.211110e-03 1.124411e-02
      vertex -7.494265e-03 2.906663e-03 1.017805e-02
      vertex -6.987973e-03 2.051858e-03 1.151242e-02
    endloop
  endfacet
  facet normal -9.094375e-01 9.376758e-02 4.051310e-01
    outer loop
      vertex -7.494265e-03 1.857321e-03 1.042092e-02
      vertex -6.987973e-03 2.051858e-03 1.151242e-02
      vertex -7.494265e-03 2.906663e-03 1.017805e-02
    endloop
  endfacet
  facet normal -9.078832e-01 4.896077e-02 4.163544e-01
    outer loop
      vertex -7.494265e-03 8.236691e-04 1.055285e-02
      vertex -6.987973e-03 6.200491e-04 1.168079e-02
      vertex -6.987973e-03 2.051858e-03 1.151242e-02
    endloop
  endfacet
  facet normal -9.094504e-01 5.264447e-02 4.124664e-01
    outer loop
      vertex -7.494265e-03 8.236691e-04 1.055285e-02
      vertex -6.987973e-03 2.051858e-03 1.151242e-02
      vertex -7.494265e-03 1.857321e-03 1.042092e-02
    endloop
  endfacet
  facet normal -9.116314e-01 1.049898e-02 4.108746e-01
    outer loop
      vertex -7.494265e-03 -2.768751e-04 1.058097e-02
      vertex -6.987973e-03 -1.569855e-16 1.169724e-02
      vertex -7.494265e-03 8.236691e-04 1.055285e-02
    endloop
  endfacet
  facet normal -8.820452e-01 8.370907e-02 -4.636692e-01
    outer loop
      vertex -7.494265e-03 2.122113e-03 -1.037338e-02
      vertex -8.063759e-03 1.374055e-03 -9.425074e-03
      vertex -8.319059e-03 2.302094e-03 -8.771867e-03
    endloop
  endfacet
  facet normal -8.776689e-01 1.159262e-01 -4.650360e-01
    outer loop
      vertex -7.494265e-03 2.122113e-03 -1.037338e-02
      vertex -8.319059e-03 2.302094e-03 -8.771867e-03
      vertex -7.494265e-03 2.901268e-03 -1.017915e-02
    endloop
  endfacet
  facet normal -8.791659e-01 1.415256e-01 -4.550140e-01
    outer loop
      vertex -8.219406e-03 3.088906e-03 -8.719687e-03
      vertex -7.494265e-03 2.901268e-03 -1.017915e-02
      vertex -8.319059e-03 2.302094e-03 -8.771867e-03
    endloop
  endfacet
  facet normal -8.783548e-01 1.459567e-01 -4.551807e-01
    outer loop
      vertex -7.494265e-03 2.901268e-03 -1.017915e-02
      vertex -8.219406e-03 3.088906e-03 -8.719687e-03
      vertex -7.494265e-03 3.653131e-03 -9.938059e-03
    endloop
  endfacet
  facet normal -8.797750e-01 1.857204e-01 -4.376115e-01
    outer loop
      vertex -8.020973e-03 3.965404e-03 -8.746635e-03
      vertex -7.494265e-03 3.653131e-03 -9.938059e-03
      vertex -8.219406e-03 3.088906e-03 -8.719687e-03
    endloop
  endfacet
  facet normal -8.813144e-01 2.110856e-01 -4.227622e-01
    outer loop
      vertex -7.494265e-03 4.410870e-03 -9.622221e-03
      vertex -8.020973e-03 3.965404e-03 -8.746635e-03
      vertex -7.494265e-03 5.117311e-03 -9.269494e-03
    endloop
  endfacet
  facet normal -8.813215e-01 2.615047e-01 -3.935577e-01
    outer loop
      vertex -8.175844e-03 4.601165e-03 -8.111220e-03
      vertex -8.063280e-03 5.664334e-03 -7.656856e-03
      vertex -7.494265e-03 6.264855e-03 -8.532068e-03
    endloop
  endfacet
  facet normal -8.810031e-01 2.901174e-01 -3.737183e-01
    outer loop
      vertex -7.494265e-03 6.264855e-03 -8.532068e-03
      vertex -8.063280e-03 5.664334e-03 -7.656856e-03
      vertex -8.077572e-03 6.198056e-03 -7.208837e-03
    endloop
  endfacet
  facet normal -8.776981e-01 3.786959e-01 -2.936586e-01
    outer loop
      vertex -7.494265e-03 8.026497e-03 -6.905486e-03
      vertex -8.122354e-03 7.511749e-03 -5.692038e-03
      vertex -7.494265e-03 8.686403e-03 -6.054484e-03
    endloop
  endfacet
  facet normal -8.812959e-01 3.917650e-01 -2.642682e-01
    outer loop
      vertex -8.124866e-03 8.037677e-03 -4.903994e-03
      vertex -7.494265e-03 8.978312e-03 -5.612512e-03
      vertex -8.122354e-03 7.511749e-03 -5.692038e-03
    endloop
  endfacet
  facet normal -8.774402e-01 3.965419e-01 2.699135e-01
    outer loop
      vertex -8.181439e-03 7.480658e-03 5.556720e-03
      vertex -7.494265e-03 8.365342e-03 6.490873e-03
      vertex -7.903314e-03 8.281910e-03 5.283702e-03
    endloop
  endfacet
  facet normal -8.803948e-01 3.680579e-01 2.990625e-01
    outer loop
      vertex -7.494265e-03 8.365342e-03 6.490873e-03
      vertex -8.181439e-03 7.480658e-03 5.556720e-03
      vertex -8.063609e-03 7.240067e-03 6.199692e-03
    endloop
  endfacet
  facet normal -8.809094e-01 2.936594e-01 3.711640e-01
    outer loop
      vertex -7.494265e-03 6.916469e-03 8.017035e-03
      vertex -8.063679e-03 6.210623e-03 7.224059e-03
      vertex -7.494265e-03 6.279843e-03 8.520723e-03
    endloop
  endfacet
  facet normal -8.831515e-01 2.339413e-01 4.065894e-01
    outer loop
      vertex -8.062966e-03 5.093634e-03 8.044998e-03
      vertex -7.973994e-03 4.417370e-03 8.627359e-03
      vertex -7.494265e-03 5.380884e-03 9.114997e-03
    endloop
  endfacet
  facet normal -8.822164e-01 -8.441500e-02 4.632152e-01
    outer loop
      vertex -7.494265e-03 -2.122113e-03 1.037338e-02
      vertex -8.063759e-03 -1.374055e-03 9.425074e-03
      vertex -8.193455e-03 -2.213561e-03 9.025072e-03
    endloop
  endfacet
  facet normal -8.818320e-01 -1.720945e-01 4.390397e-01
    outer loop
      vertex -7.956282e-03 -3.861333e-03 8.928465e-03
      vertex -7.494265e-03 -3.653131e-03 9.938059e-03
      vertex -8.145711e-03 -2.968935e-03 8.897789e-03
    endloop
  endfacet
  facet normal -8.798628e-01 -2.122905e-01 4.251754e-01
    outer loop
      vertex -7.494265e-03 -4.410870e-03 9.622221e-03
      vertex -8.062834e-03 -4.330568e-03 8.485712e-03
      vertex -7.494265e-03 -5.117311e-03 9.269494e-03
    endloop
  endfacet
  facet normal -8.810216e-01 -2.188930e-01 4.193886e-01
    outer loop
      vertex -7.494265e-03 -5.117311e-03 9.269494e-03
      vertex -8.062834e-03 -4.330568e-03 8.485712e-03
      vertex -8.175560e-03 -4.695855e-03 8.058249e-03
    endloop
  endfacet
  facet normal -8.769389e-01 -3.147941e-01 3.631567e-01
    outer loop
      vertex -8.010161e-03 -6.088775e-03 7.450718e-03
      vertex -8.450133e-03 -6.042738e-03 6.428195e-03
      vertex -7.494265e-03 -7.471149e-03 7.498209e-03
    endloop
  endfacet
  facet normal -8.775841e-01 -3.788609e-01 2.937865e-01
    outer loop
      vertex -7.494265e-03 -8.026497e-03 6.905486e-03
      vertex -8.130853e-03 -7.490948e-03 5.694534e-03
      vertex -7.494265e-03 -8.686403e-03 6.054484e-03
    endloop
  endfacet
  facet normal -8.823392e-01 -3.918417e-01 -2.606485e-01
    outer loop
      vertex -7.926963e-03 -8.379374e-03 -5.049095e-03
      vertex -8.130749e-03 -7.490948e-03 -5.694845e-03
      vertex -7.494265e-03 -8.848959e-03 -5.807908e-03
    endloop
  endfacet
  facet normal -8.797698e-01 -2.949718e-01 -3.728227e-01
    outer loop
      vertex -7.494265e-03 -6.916469e-03 -8.017035e-03
      vertex -8.063409e-03 -5.823499e-03 -7.538735e-03
      vertex -7.494265e-03 -6.279843e-03 -8.520723e-03
    endloop
  endfacet
  facet normal -8.820174e-01 -3.259671e-02 -4.700880e-01
    outer loop
      vertex -8.063873e-03 -9.849602e-04 -9.472921e-03
      vertex -8.253372e-03 -9.900855e-05 -9.178802e-03
      vertex -7.494265e-03 -8.236691e-04 -1.055285e-02
    endloop
  endfacet
  facet normal -8.800706e-01 -7.574985e-02 4.687619e-01
    outer loop
      vertex -8.063759e-03 -1.374055e-03 9.425074e-03
      vertex -7.494265e-03 -2.122113e-03 1.037338e-02
      vertex -7.494265e-03 -1.333581e-03 1.050080e-02
    endloop
  endfacet
  facet normal -8.785686e-01 -1.155268e-01 4.634337e-01
    outer loop
      vertex -7.494265e-03 -2.901268e-03 1.017915e-02
      vertex -7.494265e-03 -2.122113e-03 1.037338e-02
      vertex -8.193455e-03 -2.213561e-03 9.025072e-03
    endloop
  endfacet
  facet normal -8.787652e-01 -1.457262e-01 4.544619e-01
    outer loop
      vertex -8.145711e-03 -2.968935e-03 8.897789e-03
      vertex -7.494265e-03 -3.653131e-03 9.938059e-03
      vertex -7.494265e-03 -2.901268e-03 1.017915e-02
    endloop
  endfacet
  facet normal -8.792674e-01 -2.416360e-01 4.104885e-01
    outer loop
      vertex -8.175560e-03 -4.695855e-03 8.058249e-03
      vertex -7.494265e-03 -5.621158e-03 8.972902e-03
      vertex -7.494265e-03 -5.117311e-03 9.269494e-03
    endloop
  endfacet
  facet normal -8.803768e-01 -2.940234e-01 3.721383e-01
    outer loop
      vertex -8.010161e-03 -6.088775e-03 7.450718e-03
      vertex -7.494265e-03 -6.913712e-03 8.019412e-03
      vertex -7.494265e-03 -6.264855e-03 8.532068e-03
    endloop
  endfacet
  facet normal -8.846442e-01 -3.184452e-01 3.405837e-01
    outer loop
      vertex -8.010161e-03 -6.088775e-03 7.450718e-03
      vertex -7.494265e-03 -7.471149e-03 7.498209e-03
      vertex -7.494265e-03 -6.913712e-03 8.019412e-03
    endloop
  endfacet
  facet normal -8.791450e-01 -3.477609e-01 3.258318e-01
    outer loop
      vertex -7.494265e-03 -8.026497e-03 6.905486e-03
      vertex -7.494265e-03 -7.471149e-03 7.498209e-03
      vertex -8.103340e-03 -7.031368e-03 6.324208e-03
    endloop
  endfacet
  facet normal -8.772753e-01 -3.563530e-01 -3.215598e-01
    outer loop
      vertex -7.956903e-03 -7.230772e-03 -6.505285e-03
      vertex -7.494265e-03 -7.496642e-03 -7.472813e-03
      vertex -7.494265e-03 -8.201374e-03 -6.691828e-03
    endloop
  endfacet
  facet normal -8.801604e-01 -3.247488e-01 -3.462021e-01
    outer loop
      vertex -7.494265e-03 -6.916469e-03 -8.017035e-03
      vertex -7.494265e-03 -7.496642e-03 -7.472813e-03
      vertex -8.130850e-03 -6.126680e-03 -7.139471e-03
    endloop
  endfacet
  facet normal -8.802021e-01 -2.274274e-01 -4.165585e-01
    outer loop
      vertex -7.494265e-03 -5.380884e-03 -9.114997e-03
      vertex -7.973994e-03 -4.417370e-03 -8.627359e-03
      vertex -7.494265e-03 -4.677546e-03 -9.498997e-03
    endloop
  endfacet
  facet normal -8.777899e-01 -1.895335e-01 -4.399567e-01
    outer loop
      vertex -7.494265e-03 -3.690057e-03 -9.924407e-03
      vertex -7.494265e-03 -4.677546e-03 -9.498997e-03
      vertex -7.920750e-03 -3.862003e-03 -8.999420e-03
    endloop
  endfacet
  facet normal -8.823290e-01 -2.006218e-01 -4.257304e-01
    outer loop
      vertex -7.973994e-03 -4.417370e-03 -8.627359e-03
      vertex -7.920750e-03 -3.862003e-03 -8.999420e-03
      vertex -7.494265e-03 -4.677546e-03 -9.498997e-03
    endloop
  endfacet
  facet normal -8.801444e-01 -1.799763e-01 -4.392657e-01
    outer loop
      vertex -7.494265e-03 -3.690057e-03 -9.924407e-03
      vertex -7.920750e-03 -3.862003e-03 -8.999420e-03
      vertex -8.225656e-03 -3.045667e-03 -8.722960e-03
    endloop
  endfacet
  facet normal -8.798638e-01 -1.071583e-01 -4.629869e-01
    outer loop
      vertex -7.494265e-03 -2.906663e-03 -1.017805e-02
      vertex -8.063624e-03 -1.759714e-03 -9.361499e-03
      vertex -7.494265e-03 -1.857321e-03 -1.042092e-02
    endloop
  endfacet
  facet normal -8.795678e-01 -1.065040e-01 -4.636996e-01
    outer loop
      vertex -8.063624e-03 -1.759714e-03 -9.361499e-03
      vertex -7.494265e-03 -2.906663e-03 -1.017805e-02
      vertex -8.063328e-03 -2.519176e-03 -9.187626e-03
    endloop
  endfacet
  facet normal -8.812639e-01 1.796352e-02 -4.722829e-01
    outer loop
      vertex -7.494265e-03 2.768751e-04 -1.058097e-02
      vertex -8.253372e-03 -9.900855e-05 -9.178802e-03
      vertex -8.033363e-03 5.850381e-04 -9.563313e-03
    endloop
  endfacet
  facet normal -8.800706e-01 7.574985e-02 -4.687619e-01
    outer loop
      vertex -8.063759e-03 1.374055e-03 -9.425074e-03
      vertex -7.494265e-03 2.122113e-03 -1.037338e-02
      vertex -7.494265e-03 1.333581e-03 -1.050080e-02
    endloop
  endfacet
  facet normal -8.795621e-01 2.413599e-01 -4.100194e-01
    outer loop
      vertex -8.175844e-03 4.601165e-03 -8.111220e-03
      vertex -7.494265e-03 5.621158e-03 -8.972902e-03
      vertex -7.494265e-03 5.117311e-03 -9.269494e-03
    endloop
  endfacet
  facet normal -8.798102e-01 2.946745e-01 -3.729624e-01
    outer loop
      vertex -8.077572e-03 6.198056e-03 -7.208837e-03
      vertex -7.494265e-03 6.913712e-03 -8.019412e-03
      vertex -7.494265e-03 6.264855e-03 -8.532068e-03
    endloop
  endfacet
  facet normal -8.800257e-01 3.243592e-01 -3.469089e-01
    outer loop
      vertex -8.077572e-03 6.198056e-03 -7.208837e-03
      vertex -7.494265e-03 7.471149e-03 -7.498209e-03
      vertex -7.494265e-03 6.913712e-03 -8.019412e-03
    endloop
  endfacet
  facet normal -8.776936e-01 3.497078e-01 -3.276560e-01
    outer loop
      vertex -7.494265e-03 8.026497e-03 -6.905486e-03
      vertex -7.494265e-03 7.471149e-03 -7.498209e-03
      vertex -8.222418e-03 6.778241e-03 -6.287244e-03
    endloop
  endfacet
  facet normal -8.763272e-01 3.607929e-01 3.191852e-01
    outer loop
      vertex -8.063609e-03 7.240067e-03 6.199692e-03
      vertex -7.494265e-03 7.496642e-03 7.472813e-03
      vertex -7.494265e-03 8.365342e-03 6.490873e-03
    endloop
  endfacet
  facet normal -8.796929e-01 3.253411e-01 3.468336e-01
    outer loop
      vertex -8.164843e-03 6.584618e-03 6.627498e-03
      vertex -7.494265e-03 6.916469e-03 8.017035e-03
      vertex -7.494265e-03 7.496642e-03 7.472813e-03
    endloop
  endfacet
  facet normal -8.802021e-01 2.274274e-01 4.165585e-01
    outer loop
      vertex -7.494265e-03 5.380884e-03 9.114997e-03
      vertex -7.973994e-03 4.417370e-03 8.627359e-03
      vertex -7.494265e-03 4.677546e-03 9.498997e-03
    endloop
  endfacet
  facet normal -8.777899e-01 1.895335e-01 4.399567e-01
    outer loop
      vertex -7.494265e-03 3.690057e-03 9.924407e-03
      vertex -7.494265e-03 4.677546e-03 9.498997e-03
      vertex -7.920750e-03 3.862003e-03 8.999420e-03
    endloop
  endfacet
  facet normal -8.823290e-01 2.006218e-01 4.257304e-01
    outer loop
      vertex -7.973994e-03 4.417370e-03 8.627359e-03
      vertex -7.920750e-03 3.862003e-03 8.999420e-03
      vertex -7.494265e-03 4.677546e-03 9.498997e-03
    endloop
  endfacet
  facet normal -8.805987e-01 1.780890e-01 4.391243e-01
    outer loop
      vertex -7.494265e-03 3.690057e-03 9.924407e-03
      vertex -7.920750e-03 3.862003e-03 8.999420e-03
      vertex -8.142520e-03 3.174574e-03 8.833484e-03
    endloop
  endfacet
  facet normal -8.782733e-01 1.078197e-01 4.658444e-01
    outer loop
      vertex -7.494265e-03 2.906663e-03 1.017805e-02
      vertex -8.063553e-03 1.951636e-03 9.325794e-03
      vertex -7.494265e-03 1.857321e-03 1.042092e-02
    endloop
  endfacet
  facet normal -8.799540e-01 1.127011e-01 4.614970e-01
    outer loop
      vertex -8.063553e-03 1.951636e-03 9.325794e-03
      vertex -7.494265e-03 2.906663e-03 1.017805e-02
      vertex -8.063328e-03 2.519176e-03 9.187626e-03
    endloop
  endfacet
  facet normal -8.785809e-01 4.356552e-03 4.775736e-01
    outer loop
      vertex -8.033527e-03 5.856528e-04 9.562954e-03
      vertex -8.063988e-03 -2.964092e-04 9.514963e-03
      vertex -7.494265e-03 8.236691e-04 1.055285e-02
    endloop
  endfacet
  facet normal -8.790054e-01 4.217709e-01 -2.223935e-01
    outer loop
      vertex -7.771222e-03 8.874388e-03 -4.714937e-03
      vertex -7.494265e-03 8.978312e-03 -5.612512e-03
      vertex -8.124866e-03 8.037677e-03 -4.903994e-03
    endloop
  endfacet
  facet normal -8.829417e-01 1.444548e-01 4.467066e-01
    outer loop
      vertex -8.142520e-03 3.174574e-03 8.833484e-03
      vertex -8.557973e-03 3.088906e-03 8.040020e-03
      vertex -8.490654e-03 2.302094e-03 8.427517e-03
    endloop
  endfacet
  facet normal -8.935083e-01 6.072005e-02 4.449225e-01
    outer loop
      vertex -8.389999e-03 1.541591e-03 8.802661e-03
      vertex -8.729372e-03 1.541591e-03 8.121121e-03
      vertex -8.771709e-03 7.717977e-04 8.141154e-03
    endloop
  endfacet
  facet normal -8.936098e-01 -5.882383e-02 4.449733e-01
    outer loop
      vertex -8.432692e-03 -7.378471e-04 8.824999e-03
      vertex -8.732144e-03 -1.503341e-03 8.122433e-03
      vertex -8.392716e-03 -1.503341e-03 8.804083e-03
    endloop
  endfacet
  facet normal -8.858426e-01 -1.081387e-01 4.512082e-01
    outer loop
      vertex -8.392716e-03 -1.503341e-03 8.804083e-03
      vertex -8.661463e-03 -2.285572e-03 8.088988e-03
      vertex -8.193455e-03 -2.213561e-03 9.025072e-03
    endloop
  endfacet
  facet normal -8.907224e-01 -9.944811e-02 4.435355e-01
    outer loop
      vertex -8.392716e-03 -1.503341e-03 8.804083e-03
      vertex -8.732144e-03 -1.503341e-03 8.122433e-03
      vertex -8.661463e-03 -2.285572e-03 8.088988e-03
    endloop
  endfacet
  facet normal -8.842166e-01 -1.399127e-01 4.456292e-01
    outer loop
      vertex -8.661463e-03 -2.285572e-03 8.088988e-03
      vertex -8.564349e-03 -3.045667e-03 8.043036e-03
      vertex -8.145711e-03 -2.968935e-03 8.897789e-03
    endloop
  endfacet
  facet normal -8.967303e-01 1.820116e-01 4.034187e-01
    outer loop
      vertex -8.557973e-03 3.088906e-03 8.040020e-03
      vertex -8.431351e-03 3.845541e-03 7.980106e-03
      vertex -8.854153e-03 3.088906e-03 7.381663e-03
    endloop
  endfacet
  facet normal -9.027872e-01 1.415014e-01 4.061436e-01
    outer loop
      vertex -8.557973e-03 3.088906e-03 8.040020e-03
      vertex -8.854153e-03 3.088906e-03 7.381663e-03
      vertex -8.957604e-03 2.302094e-03 7.425835e-03
    endloop
  endfacet
  facet normal -9.117761e-01 2.025747e-02 4.101878e-01
    outer loop
      vertex -8.785848e-03 4.019007e-17 8.147843e-03
      vertex -8.771709e-03 7.717977e-04 8.141154e-03
      vertex -9.071615e-03 7.717977e-04 7.474516e-03
    endloop
  endfacet
  facet normal -9.117922e-01 -1.936648e-02 4.101950e-01
    outer loop
      vertex -8.772926e-03 -7.378471e-04 8.141729e-03
      vertex -8.785848e-03 4.019007e-17 8.147843e-03
      vertex -9.085999e-03 2.597922e-17 7.480658e-03
    endloop
  endfacet
  facet normal -9.117921e-01 -1.936627e-02 4.101952e-01
    outer loop
      vertex -8.772926e-03 -7.378471e-04 8.141729e-03
      vertex -9.085999e-03 2.597922e-17 7.480658e-03
      vertex -9.072853e-03 -7.378471e-04 7.475045e-03
    endloop
  endfacet
  facet normal -9.103839e-01 -5.882535e-02 4.095617e-01
    outer loop
      vertex -8.732144e-03 -1.503341e-03 8.122433e-03
      vertex -8.772926e-03 -7.378471e-04 8.141729e-03
      vertex -9.072853e-03 -7.378471e-04 7.475045e-03
    endloop
  endfacet
  facet normal -9.074419e-01 -9.944975e-02 4.082388e-01
    outer loop
      vertex -8.732144e-03 -1.503341e-03 8.122433e-03
      vertex -9.031361e-03 -1.503341e-03 7.457328e-03
      vertex -8.661463e-03 -2.285572e-03 8.088988e-03
    endloop
  endfacet
  facet normal -9.029899e-01 -1.399310e-01 4.062370e-01
    outer loop
      vertex -8.661463e-03 -2.285572e-03 8.088988e-03
      vertex -8.959448e-03 -2.285572e-03 7.426622e-03
      vertex -8.860641e-03 -3.045667e-03 7.384433e-03
    endloop
  endfacet
  facet normal -8.969558e-01 -1.806679e-01 4.035213e-01
    outer loop
      vertex -8.432852e-03 -3.837476e-03 7.980816e-03
      vertex -8.860641e-03 -3.045667e-03 7.384433e-03
      vertex -8.726851e-03 -3.837476e-03 7.327307e-03
    endloop
  endfacet
  facet normal -8.969558e-01 -1.806682e-01 4.035211e-01
    outer loop
      vertex -8.564349e-03 -3.045667e-03 8.043036e-03
      vertex -8.860641e-03 -3.045667e-03 7.384433e-03
      vertex -8.432852e-03 -3.837476e-03 7.980816e-03
    endloop
  endfacet
  facet normal -8.875124e-01 -2.300061e-01 3.992730e-01
    outer loop
      vertex -8.432852e-03 -3.837476e-03 7.980816e-03
      vertex -8.726851e-03 -3.837476e-03 7.327307e-03
      vertex -8.175560e-03 -4.695855e-03 8.058249e-03
    endloop
  endfacet
  facet normal -8.936436e-01 2.479906e-01 3.740344e-01
    outer loop
      vertex -8.438227e-03 4.527545e-03 7.590348e-03
      vertex -8.387820e-03 5.324257e-03 7.182547e-03
      vertex -8.859424e-03 4.527545e-03 6.584023e-03
    endloop
  endfacet
  facet normal -9.256923e-01 -5.882407e-02 3.736756e-01
    outer loop
      vertex -9.072853e-03 -7.378471e-04 7.475045e-03
      vertex -9.356186e-03 -7.378471e-04 6.773155e-03
      vertex -9.314022e-03 -1.503341e-03 6.757102e-03
    endloop
  endfacet
  facet normal -9.227014e-01 -9.944808e-02 3.724677e-01
    outer loop
      vertex -8.959448e-03 -2.285572e-03 7.426622e-03
      vertex -9.314022e-03 -1.503341e-03 6.757102e-03
      vertex -9.240945e-03 -2.285572e-03 6.729280e-03
    endloop
  endfacet
  facet normal -9.181751e-01 -1.399291e-01 3.706405e-01
    outer loop
      vertex -8.860641e-03 -3.045667e-03 7.384433e-03
      vertex -8.959448e-03 -2.285572e-03 7.426622e-03
      vertex -9.240945e-03 -2.285572e-03 6.729280e-03
    endloop
  endfacet
  facet normal -9.120394e-01 -1.806662e-01 3.681628e-01
    outer loop
      vertex -8.726851e-03 -3.837476e-03 7.327307e-03
      vertex -9.140538e-03 -3.045667e-03 6.691052e-03
      vertex -9.004583e-03 -3.837476e-03 6.639290e-03
    endloop
  endfacet
  facet normal -9.120393e-01 -1.806656e-01 3.681635e-01
    outer loop
      vertex -8.860641e-03 -3.045667e-03 7.384433e-03
      vertex -9.140538e-03 -3.045667e-03 6.691052e-03
      vertex -8.726851e-03 -3.837476e-03 7.327307e-03
    endloop
  endfacet
  facet normal -8.968655e-01 -2.328790e-01 3.760315e-01
    outer loop
      vertex -8.491211e-03 -4.907439e-03 7.226693e-03
      vertex -8.726851e-03 -3.837476e-03 7.327307e-03
      vertex -8.855080e-03 -4.546499e-03 6.582369e-03
    endloop
  endfacet
  facet normal -8.987810e-01 2.983297e-01 3.212352e-01
    outer loop
      vertex -8.660066e-03 5.324257e-03 6.508122e-03
      vertex -8.450345e-03 6.042062e-03 6.428275e-03
      vertex -8.912700e-03 5.324257e-03 5.801280e-03
    endloop
  endfacet
  facet normal -8.987810e-01 2.983296e-01 3.212354e-01
    outer loop
      vertex -8.450345e-03 6.042062e-03 6.428275e-03
      vertex -8.699880e-03 6.042062e-03 5.730105e-03
      vertex -8.912700e-03 5.324257e-03 5.801280e-03
    endloop
  endfacet
  facet normal -9.096336e-01 2.585876e-01 3.251141e-01
    outer loop
      vertex -8.660066e-03 5.324257e-03 6.508122e-03
      vertex -8.912700e-03 5.324257e-03 5.801280e-03
      vertex -9.115005e-03 4.527545e-03 5.868937e-03
    endloop
  endfacet
  facet normal -9.286680e-01 2.000553e-01 3.123357e-01
    outer loop
      vertex -9.003032e-03 3.845541e-03 6.638699e-03
      vertex -9.115005e-03 4.527545e-03 5.868937e-03
      vertex -9.393584e-03 3.088906e-03 5.962104e-03
    endloop
  endfacet
  facet normal -9.399243e-01 6.071807e-02 3.359400e-01
    outer loop
      vertex -9.354928e-03 7.717977e-04 6.772676e-03
      vertex -9.573413e-03 1.541591e-03 6.022245e-03
      vertex -9.617831e-03 7.717977e-04 6.037101e-03
    endloop
  endfacet
  facet normal -9.414849e-01 -1.936557e-02 3.364984e-01
    outer loop
      vertex -9.356186e-03 -7.378471e-04 6.773155e-03
      vertex -9.632665e-03 9.992007e-18 6.042062e-03
      vertex -9.619108e-03 -7.378471e-04 6.037528e-03
    endloop
  endfacet
  facet normal -9.400308e-01 -5.882290e-02 3.359791e-01
    outer loop
      vertex -9.314022e-03 -1.503341e-03 6.757102e-03
      vertex -9.619108e-03 -7.378471e-04 6.037528e-03
      vertex -9.576322e-03 -1.503341e-03 6.023218e-03
    endloop
  endfacet
  facet normal -9.369936e-01 -9.944682e-02 3.348929e-01
    outer loop
      vertex -9.240945e-03 -2.285572e-03 6.729280e-03
      vertex -9.314022e-03 -1.503341e-03 6.757102e-03
      vertex -9.502164e-03 -2.285572e-03 5.998417e-03
    endloop
  endfacet
  facet normal -9.185803e-01 -2.200477e-01 3.283128e-01
    outer loop
      vertex -8.855080e-03 -4.546499e-03 6.582369e-03
      vertex -9.262310e-03 -3.837476e-03 5.918201e-03
      vertex -9.110597e-03 -4.546499e-03 5.867463e-03
    endloop
  endfacet
  facet normal -8.992037e-01 -2.968900e-01 3.213862e-01
    outer loop
      vertex -8.675180e-03 -5.268378e-03 6.513876e-03
      vertex -8.928038e-03 -5.268378e-03 5.806409e-03
      vertex -8.699665e-03 -6.042738e-03 5.730033e-03
    endloop
  endfacet
  facet normal -8.871919e-01 -3.351746e-01 3.170938e-01
    outer loop
      vertex -8.450133e-03 -6.042738e-03 6.428195e-03
      vertex -8.699665e-03 -6.042738e-03 5.730033e-03
      vertex -8.468584e-03 -6.727512e-03 5.652751e-03
    endloop
  endfacet
  facet normal -9.109811e-01 2.983338e-01 2.847989e-01
    outer loop
      vertex -8.699880e-03 6.042062e-03 5.730105e-03
      vertex -8.912700e-03 6.042062e-03 5.049361e-03
      vertex -8.912700e-03 5.324257e-03 5.801280e-03
    endloop
  endfacet
  facet normal -9.219812e-01 2.585914e-01 2.882379e-01
    outer loop
      vertex -9.115005e-03 4.527545e-03 5.868937e-03
      vertex -8.912700e-03 5.324257e-03 5.801280e-03
      vertex -9.332981e-03 4.527545e-03 5.171700e-03
    endloop
  endfacet
  facet normal -9.311122e-01 2.197616e-01 2.910926e-01
    outer loop
      vertex -9.115005e-03 4.527545e-03 5.868937e-03
      vertex -9.332981e-03 4.527545e-03 5.171700e-03
      vertex -9.480521e-03 3.845541e-03 5.214648e-03
    endloop
  endfacet
  facet normal -9.385027e-01 1.820098e-01 2.934026e-01
    outer loop
      vertex -9.393584e-03 3.088906e-03 5.962104e-03
      vertex -9.480521e-03 3.845541e-03 5.214648e-03
      vertex -9.615021e-03 3.088906e-03 5.253798e-03
    endloop
  endfacet
  facet normal -9.542492e-01 2.025765e-02 2.983255e-01
    outer loop
      vertex -9.632665e-03 9.992007e-18 6.042062e-03
      vertex -9.617831e-03 7.717977e-04 6.037101e-03
      vertex -9.857071e-03 3.663736e-17 5.324257e-03
    endloop
  endfacet
  facet normal -9.527924e-01 -5.882379e-02 2.978699e-01
    outer loop
      vertex -9.576322e-03 -1.503341e-03 6.023218e-03
      vertex -9.619108e-03 -7.378471e-04 6.037528e-03
      vertex -9.800028e-03 -1.503341e-03 5.307652e-03
    endloop
  endfacet
  facet normal -9.497136e-01 -9.944898e-02 2.969074e-01
    outer loop
      vertex -9.576322e-03 -1.503341e-03 6.023218e-03
      vertex -9.800028e-03 -1.503341e-03 5.307652e-03
      vertex -9.502164e-03 -2.285572e-03 5.998417e-03
    endloop
  endfacet
  facet normal -9.450548e-01 -1.399297e-01 2.954507e-01
    outer loop
      vertex -9.400273e-03 -3.045667e-03 5.964342e-03
      vertex -9.502164e-03 -2.285572e-03 5.998417e-03
      vertex -9.724949e-03 -2.285572e-03 5.285798e-03
    endloop
  endfacet
  facet normal -9.387390e-01 -1.806656e-01 2.934776e-01
    outer loop
      vertex -9.400273e-03 -3.045667e-03 5.964342e-03
      vertex -9.621794e-03 -3.045667e-03 5.255770e-03
      vertex -9.262310e-03 -3.837476e-03 5.918201e-03
    endloop
  endfacet
  facet normal -9.222310e-01 -2.576116e-01 2.883163e-01
    outer loop
      vertex -8.928038e-03 -5.268378e-03 5.806409e-03
      vertex -9.110597e-03 -4.546499e-03 5.867463e-03
      vertex -9.143692e-03 -5.268378e-03 5.116601e-03
    endloop
  endfacet
  facet normal -9.323791e-01 -2.391776e-01 2.710412e-01
    outer loop
      vertex -9.110597e-03 -4.546499e-03 5.867463e-03
      vertex -9.482116e-03 -3.837476e-03 5.215112e-03
      vertex -9.143692e-03 -5.268378e-03 5.116601e-03
    endloop
  endfacet
  facet normal -9.114093e-01 -2.968942e-01 2.849331e-01
    outer loop
      vertex -8.928038e-03 -5.268378e-03 5.806409e-03
      vertex -9.143692e-03 -5.268378e-03 5.116601e-03
      vertex -8.699665e-03 -6.042738e-03 5.730033e-03
    endloop
  endfacet
  facet normal -8.992346e-01 -3.351793e-01 2.811262e-01
    outer loop
      vertex -8.699665e-03 -6.042738e-03 5.730033e-03
      vertex -8.912482e-03 -6.042738e-03 5.049298e-03
      vertex -8.468584e-03 -6.727512e-03 5.652751e-03
    endloop
  endfacet
  facet normal -8.833541e-01 -3.754231e-01 2.806119e-01
    outer loop
      vertex -8.468584e-03 -6.727512e-03 5.652751e-03
      vertex -8.404819e-03 -7.439057e-03 4.901523e-03
      vertex -8.130853e-03 -7.490948e-03 5.694534e-03
    endloop
  endfacet
  facet normal -8.809680e-01 4.101922e-01 2.358768e-01
    outer loop
      vertex -8.584002e-03 7.480658e-03 4.163860e-03
      vertex -8.387820e-03 7.480658e-03 4.896574e-03
      vertex -8.292451e-03 8.147843e-03 4.092524e-03
    endloop
  endfacet
  facet normal -9.219884e-01 2.983233e-01 2.468614e-01
    outer loop
      vertex -9.128163e-03 5.324257e-03 5.112080e-03
      vertex -9.115005e-03 6.042062e-03 4.293784e-03
      vertex -9.332981e-03 5.324257e-03 4.347118e-03
    endloop
  endfacet
  facet normal -9.331211e-01 2.585812e-01 2.498414e-01
    outer loop
      vertex -9.332981e-03 4.527545e-03 5.171700e-03
      vertex -9.332981e-03 5.324257e-03 4.347118e-03
      vertex -9.540187e-03 4.527545e-03 4.397817e-03
    endloop
  endfacet
  facet normal -9.498407e-01 1.820029e-01 2.543179e-01
    outer loop
      vertex -9.615021e-03 3.088906e-03 5.253798e-03
      vertex -9.480521e-03 3.845541e-03 5.214648e-03
      vertex -9.825516e-03 3.088906e-03 4.467630e-03
    endloop
  endfacet
  facet normal -9.562558e-01 1.414945e-01 2.560356e-01
    outer loop
      vertex -9.723025e-03 2.302094e-03 5.285238e-03
      vertex -9.615021e-03 3.088906e-03 5.253798e-03
      vertex -9.934780e-03 2.302094e-03 4.494364e-03
    endloop
  endfacet
  facet normal -9.610464e-01 1.008809e-01 2.573186e-01
    outer loop
      vertex -9.797083e-03 1.541591e-03 5.306795e-03
      vertex -9.934780e-03 2.302094e-03 4.494364e-03
      vertex -1.000970e-02 1.541591e-03 4.512696e-03
    endloop
  endfacet
  facet normal -9.657760e-01 2.025660e-02 2.585852e-01
    outer loop
      vertex -9.857071e-03 3.663736e-17 5.324257e-03
      vertex -9.842053e-03 7.717977e-04 5.319885e-03
      vertex -1.005520e-02 7.717977e-04 4.523828e-03
    endloop
  endfacet
  facet normal -9.657934e-01 -1.936432e-02 2.585888e-01
    outer loop
      vertex -9.843347e-03 -7.378471e-04 5.320262e-03
      vertex -9.857071e-03 3.663736e-17 5.324257e-03
      vertex -1.005650e-02 -7.378471e-04 4.524148e-03
    endloop
  endfacet
  facet normal -9.657930e-01 -1.936589e-02 2.585901e-01
    outer loop
      vertex -9.857071e-03 3.663736e-17 5.324257e-03
      vertex -1.007039e-02 3.219647e-17 4.527545e-03
      vertex -1.005650e-02 -7.378471e-04 4.524148e-03
    endloop
  endfacet
  facet normal -9.643016e-01 -5.882233e-02 2.581904e-01
    outer loop
      vertex -9.800028e-03 -1.503341e-03 5.307652e-03
      vertex -9.843347e-03 -7.378471e-04 5.320262e-03
      vertex -1.001268e-02 -1.503341e-03 4.513425e-03
    endloop
  endfacet
  facet normal -9.564715e-01 -1.399230e-01 2.560934e-01
    outer loop
      vertex -9.621794e-03 -3.045667e-03 5.255770e-03
      vertex -9.724949e-03 -2.285572e-03 5.285798e-03
      vertex -9.832368e-03 -3.045667e-03 4.469306e-03
    endloop
  endfacet
  facet normal -8.986032e-01 -3.536399e-01 2.597134e-01
    outer loop
      vertex -8.468584e-03 -6.727512e-03 5.652751e-03
      vertex -8.912482e-03 -6.042738e-03 5.049298e-03
      vertex -8.878104e-03 -6.727512e-03 4.235820e-03
    endloop
  endfacet
  facet normal -8.947677e-01 -3.874016e-01 2.220603e-01
    outer loop
      vertex -8.404819e-03 -7.439057e-03 4.901523e-03
      vertex -8.878104e-03 -6.727512e-03 4.235820e-03
      vertex -8.742664e-03 -7.439057e-03 3.540214e-03
    endloop
  endfacet
  facet normal -9.311175e-01 2.983401e-01 2.097936e-01
    outer loop
      vertex -9.115005e-03 6.042062e-03 4.293784e-03
      vertex -9.260736e-03 6.042062e-03 3.646993e-03
      vertex -9.480521e-03 5.324257e-03 3.692293e-03
    endloop
  endfacet
  facet normal -9.423614e-01 2.585978e-01 2.123256e-01
    outer loop
      vertex -9.332981e-03 5.324257e-03 4.347118e-03
      vertex -9.480521e-03 5.324257e-03 3.692293e-03
      vertex -9.689448e-03 4.527545e-03 3.735354e-03
    endloop
  endfacet
  facet normal -9.592486e-01 1.820137e-01 2.161321e-01
    outer loop
      vertex -9.825516e-03 3.088906e-03 4.467630e-03
      vertex -9.689448e-03 3.845541e-03 4.434337e-03
      vertex -9.977147e-03 3.088906e-03 3.794652e-03
    endloop
  endfacet
  facet normal -9.657281e-01 1.415037e-01 2.175914e-01
    outer loop
      vertex -9.934780e-03 2.302094e-03 4.494364e-03
      vertex -9.825516e-03 3.088906e-03 4.467630e-03
      vertex -1.008732e-02 2.302094e-03 3.817359e-03
    endloop
  endfacet
  facet normal -9.657280e-01 1.415032e-01 2.175920e-01
    outer loop
      vertex -9.825516e-03 3.088906e-03 4.467630e-03
      vertex -9.977147e-03 3.088906e-03 3.794652e-03
      vertex -1.008732e-02 2.302094e-03 3.817359e-03
    endloop
  endfacet
  facet normal -9.705669e-01 1.008875e-01 2.186816e-01
    outer loop
      vertex -9.934780e-03 2.302094e-03 4.494364e-03
      vertex -1.008732e-02 2.302094e-03 3.817359e-03
      vertex -1.000970e-02 1.541591e-03 4.512696e-03
    endloop
  endfacet
  facet normal -9.753615e-01 -1.936717e-02 2.197607e-01
    outer loop
      vertex -1.005650e-02 -7.378471e-04 4.524148e-03
      vertex -1.007039e-02 3.219647e-17 4.527545e-03
      vertex -1.022405e-02 -1.487699e-17 3.845541e-03
    endloop
  endfacet
  facet normal -9.792361e-01 -3.948806e-02 1.988400e-01
    outer loop
      vertex -1.005650e-02 -7.378471e-04 4.524148e-03
      vertex -1.022405e-02 -1.487699e-17 3.845541e-03
      vertex -1.016587e-02 -1.503341e-03 3.833548e-03
    endloop
  endfacet
  facet normal -9.738550e-01 -5.882515e-02 2.194220e-01
    outer loop
      vertex -1.001268e-02 -1.503341e-03 4.513425e-03
      vertex -1.005650e-02 -7.378471e-04 4.524148e-03
      vertex -1.016587e-02 -1.503341e-03 3.833548e-03
    endloop
  endfacet
  facet normal -9.707079e-01 -9.945164e-02 2.187135e-01
    outer loop
      vertex -9.936727e-03 -2.285572e-03 4.494841e-03
      vertex -1.001268e-02 -1.503341e-03 4.513425e-03
      vertex -1.008928e-02 -2.285572e-03 3.817764e-03
    endloop
  endfacet
  facet normal -9.659459e-01 -1.399327e-01 2.176405e-01
    outer loop
      vertex -9.832368e-03 -3.045667e-03 4.469306e-03
      vertex -9.936727e-03 -2.285572e-03 4.494841e-03
      vertex -1.008928e-02 -2.285572e-03 3.817764e-03
    endloop
  endfacet
  facet normal -9.426168e-01 -2.576181e-01 2.123831e-01
    outer loop
      vertex -9.348690e-03 -5.268378e-03 4.350962e-03
      vertex -9.535672e-03 -4.546499e-03 4.396712e-03
      vertex -9.684896e-03 -4.546499e-03 3.734416e-03
    endloop
  endfacet
  facet normal -9.315553e-01 -2.969004e-01 2.098924e-01
    outer loop
      vertex -9.114785e-03 -6.042738e-03 4.293730e-03
      vertex -9.348690e-03 -5.268378e-03 4.350962e-03
      vertex -9.496362e-03 -5.268378e-03 3.695558e-03
    endloop
  endfacet
  facet normal -8.967553e-01 4.102027e-01 1.660231e-01
    outer loop
      vertex -8.431351e-03 8.147843e-03 3.476049e-03
      vertex -8.557973e-03 8.147843e-03 2.792114e-03
      vertex -8.725324e-03 7.480658e-03 3.536640e-03
    endloop
  endfacet
  facet normal -9.143953e-01 3.591977e-01 1.867038e-01
    outer loop
      vertex -8.859424e-03 6.778241e-03 4.231249e-03
      vertex -8.725324e-03 7.480658e-03 3.536640e-03
      vertex -9.133945e-03 6.778241e-03 2.886759e-03
    endloop
  endfacet
  facet normal -9.498462e-01 2.585892e-01 1.758516e-01
    outer loop
      vertex -9.689448e-03 4.527545e-03 3.735354e-03
      vertex -9.480521e-03 5.324257e-03 3.692293e-03
      vertex -9.825516e-03 4.527545e-03 3.000399e-03
    endloop
  endfacet
  facet normal -9.592527e-01 2.197609e-01 1.775931e-01
    outer loop
      vertex -9.689448e-03 4.527545e-03 3.735354e-03
      vertex -9.825516e-03 4.527545e-03 3.000399e-03
      vertex -9.977147e-03 3.845541e-03 3.025315e-03
    endloop
  endfacet
  facet normal -9.814761e-01 6.071860e-02 1.817084e-01
    outer loop
      vertex -1.020873e-02 7.717977e-04 3.842384e-03
      vertex -1.030248e-02 1.541591e-03 3.078775e-03
      vertex -1.034870e-02 7.717977e-04 3.086370e-03
    endloop
  endfacet
  facet normal -9.830887e-01 2.025652e-02 1.820063e-01
    outer loop
      vertex -1.022405e-02 -1.487699e-17 3.845541e-03
      vertex -1.034870e-02 7.717977e-04 3.086370e-03
      vertex -1.036413e-02 3.796963e-17 3.088906e-03
    endloop
  endfacet
  facet normal -9.788233e-01 -3.948822e-02 2.008622e-01
    outer loop
      vertex -1.016587e-02 -1.503341e-03 3.833548e-03
      vertex -1.022405e-02 -1.487699e-17 3.845541e-03
      vertex -1.035003e-02 -7.378471e-04 3.086588e-03
    endloop
  endfacet
  facet normal -9.831061e-01 -1.936504e-02 1.820095e-01
    outer loop
      vertex -1.022405e-02 -1.487699e-17 3.845541e-03
      vertex -1.036413e-02 3.796963e-17 3.088906e-03
      vertex -1.035003e-02 -7.378471e-04 3.086588e-03
    endloop
  endfacet
  facet normal -9.784161e-01 -9.944777e-02 1.811412e-01
    outer loop
      vertex -1.008928e-02 -2.285572e-03 3.817764e-03
      vertex -1.030551e-02 -1.503341e-03 3.079273e-03
      vertex -1.022835e-02 -2.285572e-03 3.066593e-03
    endloop
  endfacet
  facet normal -9.736165e-01 -1.399281e-01 1.802527e-01
    outer loop
      vertex -9.984056e-03 -3.045667e-03 3.796076e-03
      vertex -1.008928e-02 -2.285572e-03 3.817764e-03
      vertex -1.022835e-02 -2.285572e-03 3.066593e-03
    endloop
  endfacet
  facet normal -9.736165e-01 -1.399277e-01 1.802531e-01
    outer loop
      vertex -9.984056e-03 -3.045667e-03 3.796076e-03
      vertex -1.022835e-02 -2.285572e-03 3.066593e-03
      vertex -1.012234e-02 -3.045667e-03 3.049173e-03
    endloop
  endfacet
  facet normal -9.591887e-01 -2.200498e-01 1.775816e-01
    outer loop
      vertex -9.841576e-03 -3.837476e-03 3.766709e-03
      vertex -9.978786e-03 -3.837476e-03 3.025584e-03
      vertex -9.684896e-03 -4.546499e-03 3.734416e-03
    endloop
  endfacet
  facet normal -9.580391e-01 -2.391778e-01 1.579718e-01
    outer loop
      vertex -9.684896e-03 -4.546499e-03 3.734416e-03
      vertex -9.978786e-03 -3.837476e-03 3.025584e-03
      vertex -9.630980e-03 -5.268378e-03 2.968432e-03
    endloop
  endfacet
  facet normal -9.325932e-01 -3.088459e-01 1.867731e-01
    outer loop
      vertex -9.141191e-03 -6.385125e-03 3.622354e-03
      vertex -9.496362e-03 -5.268378e-03 3.695558e-03
      vertex -9.393361e-03 -6.042738e-03 2.929386e-03
    endloop
  endfacet
  facet normal -8.934988e-01 -4.245964e-01 1.462113e-01
    outer loop
      vertex -8.427711e-03 -8.155694e-03 3.475299e-03
      vertex -8.871623e-03 -7.439057e-03 2.843653e-03
      vertex -8.655962e-03 -8.155694e-03 2.080452e-03
    endloop
  endfacet
  facet normal -8.861878e-01 4.456677e-01 1.266945e-01
    outer loop
      vertex -8.557973e-03 8.147843e-03 2.792114e-03
      vertex -8.221989e-03 8.831626e-03 2.736904e-03
      vertex -8.321657e-03 8.831626e-03 2.039755e-03
    endloop
  endfacet
  facet normal -9.179924e-01 3.742531e-01 1.312423e-01
    outer loop
      vertex -9.133945e-03 6.778241e-03 2.886759e-03
      vertex -8.854153e-03 7.480658e-03 2.840783e-03
      vertex -9.239072e-03 6.778241e-03 2.151438e-03
    endloop
  endfacet
  facet normal -9.322062e-01 3.364966e-01 1.332730e-01
    outer loop
      vertex -9.393584e-03 6.042062e-03 2.929423e-03
      vertex -9.239072e-03 6.778241e-03 2.151438e-03
      vertex -9.500263e-03 6.042062e-03 2.183235e-03
    endloop
  endfacet
  facet normal -9.882202e-01 -5.882372e-02 1.412819e-01
    outer loop
      vertex -1.035003e-02 -7.378471e-04 3.086588e-03
      vertex -1.046243e-02 -7.378471e-04 2.300366e-03
      vertex -1.041765e-02 -1.503341e-03 2.294914e-03
    endloop
  endfacet
  facet normal -9.850273e-01 -9.944624e-02 1.408247e-01
    outer loop
      vertex -1.022835e-02 -2.285572e-03 3.066593e-03
      vertex -1.041765e-02 -1.503341e-03 2.294914e-03
      vertex -1.034002e-02 -2.285572e-03 2.285465e-03
    endloop
  endfacet
  facet normal -9.453007e-01 -2.968876e-01 1.351456e-01
    outer loop
      vertex -9.393361e-03 -6.042738e-03 2.929386e-03
      vertex -9.630980e-03 -5.268378e-03 2.968432e-03
      vertex -9.500039e-03 -6.042738e-03 2.183208e-03
    endloop
  endfacet
  facet normal -9.326731e-01 -3.351735e-01 1.333403e-01
    outer loop
      vertex -9.393361e-03 -6.042738e-03 2.929386e-03
      vertex -9.500039e-03 -6.042738e-03 2.183208e-03
      vertex -9.258162e-03 -6.727512e-03 2.153762e-03
    endloop
  endfacet
  facet normal -9.189563e-01 -3.718315e-01 1.313801e-01
    outer loop
      vertex -8.871623e-03 -7.439057e-03 2.843653e-03
      vertex -9.258162e-03 -6.727512e-03 2.153762e-03
      vertex -8.975180e-03 -7.439057e-03 2.119313e-03
    endloop
  endfacet
  facet normal -9.073392e-01 4.102039e-01 9.202372e-02
    outer loop
      vertex -8.659652e-03 8.147843e-03 2.080901e-03
      vertex -8.729372e-03 8.147843e-03 1.393470e-03
      vertex -8.957604e-03 7.480658e-03 2.117173e-03
    endloop
  endfacet
  facet normal -9.652452e-01 2.472280e-01 8.473559e-02
    outer loop
      vertex -9.934780e-03 4.527545e-03 2.236131e-03
      vertex -9.797083e-03 5.324257e-03 1.480157e-03
      vertex -1.003245e-02 4.527545e-03 1.123552e-03
    endloop
  endfacet
  facet normal -9.610571e-01 2.585892e-01 9.747191e-02
    outer loop
      vertex -9.934780e-03 4.527545e-03 2.236131e-03
      vertex -9.723025e-03 5.324257e-03 2.210353e-03
      vertex -9.797083e-03 5.324257e-03 1.480157e-03
    endloop
  endfacet
  facet normal -9.898203e-01 1.008841e-01 1.003899e-01
    outer loop
      vertex -1.033804e-02 2.302094e-03 2.285223e-03
      vertex -1.041460e-02 2.302094e-03 1.530294e-03
      vertex -1.049148e-02 1.541591e-03 1.536536e-03
    endloop
  endfacet
  facet normal -9.930605e-01 6.071877e-02 1.007180e-01
    outer loop
      vertex -1.041460e-02 1.541591e-03 2.294544e-03
      vertex -1.049148e-02 1.541591e-03 1.536536e-03
      vertex -1.046110e-02 7.717977e-04 2.300204e-03
    endloop
  endfacet
  facet normal -9.946920e-01 2.025796e-02 1.008831e-01
    outer loop
      vertex -1.047662e-02 2.020606e-17 2.302094e-03
      vertex -1.046110e-02 7.717977e-04 2.300204e-03
      vertex -1.055375e-02 3.774758e-18 1.541591e-03
    endloop
  endfacet
  facet normal -9.899641e-01 -9.944785e-02 1.004051e-01
    outer loop
      vertex -1.034002e-02 -2.285572e-03 2.285465e-03
      vertex -1.041765e-02 -1.503341e-03 2.294914e-03
      vertex -1.041660e-02 -2.285572e-03 1.530456e-03
    endloop
  endfacet
  facet normal -9.851080e-01 -1.399277e-01 9.991262e-02
    outer loop
      vertex -1.023338e-02 -3.045667e-03 2.272482e-03
      vertex -1.034002e-02 -2.285572e-03 2.285465e-03
      vertex -1.041660e-02 -2.285572e-03 1.530456e-03
    endloop
  endfacet
  facet normal -9.785247e-01 -1.806656e-01 9.924383e-02
    outer loop
      vertex -1.023338e-02 -3.045667e-03 2.272482e-03
      vertex -1.030951e-02 -3.045667e-03 1.521762e-03
      vertex -1.008897e-02 -3.837476e-03 2.254902e-03
    endloop
  endfacet
  facet normal -9.500374e-01 -2.968920e-01 9.635389e-02
    outer loop
      vertex -9.500039e-03 -6.042738e-03 2.183208e-03
      vertex -9.739079e-03 -5.268378e-03 2.212307e-03
      vertex -9.573187e-03 -6.042738e-03 1.461980e-03
    endloop
  endfacet
  facet normal -9.500371e-01 -2.968927e-01 9.635468e-02
    outer loop
      vertex -9.739079e-03 -5.268378e-03 2.212307e-03
      vertex -9.813203e-03 -5.268378e-03 1.481466e-03
      vertex -9.573187e-03 -6.042738e-03 1.461980e-03
    endloop
  endfacet
  facet normal -9.373461e-01 -3.351783e-01 9.506672e-02
    outer loop
      vertex -9.258162e-03 -6.727512e-03 2.153762e-03
      vertex -9.500039e-03 -6.042738e-03 2.183208e-03
      vertex -9.573187e-03 -6.042738e-03 1.461980e-03
    endloop
  endfacet
  facet normal -9.235603e-01 -3.718367e-01 9.366914e-02
    outer loop
      vertex -8.975180e-03 -7.439057e-03 2.119313e-03
      vertex -9.258162e-03 -6.727512e-03 2.153762e-03
      vertex -9.330324e-03 -6.727512e-03 1.442261e-03
    endloop
  endfacet
  facet normal -9.077297e-01 -4.093299e-01 9.206396e-02
    outer loop
      vertex -8.655962e-03 -8.155694e-03 2.080452e-03
      vertex -8.975180e-03 -7.439057e-03 2.119313e-03
      vertex -9.046187e-03 -7.439057e-03 1.419192e-03
    endloop
  endfacet
  facet normal -9.077298e-01 -4.093296e-01 9.206429e-02
    outer loop
      vertex -8.655962e-03 -8.155694e-03 2.080452e-03
      vertex -9.046187e-03 -7.439057e-03 1.419192e-03
      vertex -8.725668e-03 -8.155694e-03 1.393170e-03
    endloop
  endfacet
  facet normal -8.904599e-01 -4.460098e-01 9.031265e-02
    outer loop
      vertex -8.319059e-03 -8.836626e-03 2.039438e-03
      vertex -8.725668e-03 -8.155694e-03 1.393170e-03
      vertex -8.387391e-03 -8.836626e-03 1.365705e-03
    endloop
  endfacet
  facet normal -8.904599e-01 -4.460098e-01 9.031273e-02
    outer loop
      vertex -8.319059e-03 -8.836626e-03 2.039438e-03
      vertex -8.655962e-03 -8.155694e-03 2.080452e-03
      vertex -8.725668e-03 -8.155694e-03 1.393170e-03
    endloop
  endfacet
  facet normal -8.935440e-01 4.456717e-01 5.436726e-02
    outer loop
      vertex -8.771709e-03 8.147843e-03 6.976408e-04
      vertex -8.729372e-03 8.147843e-03 1.393470e-03
      vertex -8.431499e-03 8.831626e-03 6.838462e-04
    endloop
  endfacet
  facet normal -8.935441e-01 4.456715e-01 5.436705e-02
    outer loop
      vertex -8.729372e-03 8.147843e-03 1.393470e-03
      vertex -8.389999e-03 8.831626e-03 1.365917e-03
      vertex -8.431499e-03 8.831626e-03 6.838462e-04
    endloop
  endfacet
  facet normal -9.932061e-01 -9.944800e-02 6.042972e-02
    outer loop
      vertex -1.041660e-02 -2.285572e-03 1.530456e-03
      vertex -1.054123e-02 -1.503341e-03 7.693906e-04
      vertex -1.046310e-02 -2.285572e-03 7.662227e-04
    endloop
  endfacet
  facet normal -9.883340e-01 -1.399283e-01 6.013325e-02
    outer loop
      vertex -1.030951e-02 -3.045667e-03 1.521762e-03
      vertex -1.041660e-02 -2.285572e-03 1.530456e-03
      vertex -1.035575e-02 -3.045667e-03 7.618699e-04
    endloop
  endfacet
  facet normal -9.883340e-01 -1.399283e-01 6.013328e-02
    outer loop
      vertex -1.041660e-02 -2.285572e-03 1.530456e-03
      vertex -1.046310e-02 -2.285572e-03 7.662227e-04
      vertex -1.035575e-02 -3.045667e-03 7.618699e-04
    endloop
  endfacet
  facet normal -9.817294e-01 -1.806643e-01 5.973145e-02
    outer loop
      vertex -1.016452e-02 -3.837476e-03 1.509989e-03
      vertex -1.030951e-02 -3.045667e-03 1.521762e-03
      vertex -1.021039e-02 -3.837476e-03 7.559761e-04
    endloop
  endfacet
  facet normal -9.817294e-01 -1.806642e-01 5.973141e-02
    outer loop
      vertex -1.030951e-02 -3.045667e-03 1.521762e-03
      vertex -1.035575e-02 -3.045667e-03 7.618699e-04
      vertex -1.021039e-02 -3.837476e-03 7.559761e-04
    endloop
  endfacet
  facet normal -9.531485e-01 -2.968917e-01 5.799312e-02
    outer loop
      vertex -9.573187e-03 -6.042738e-03 1.461980e-03
      vertex -9.813203e-03 -5.268378e-03 1.481466e-03
      vertex -9.617605e-03 -6.042738e-03 7.319399e-04
    endloop
  endfacet
  facet normal -9.404162e-01 -3.351767e-01 5.721843e-02
    outer loop
      vertex -9.330324e-03 -6.727512e-03 1.442261e-03
      vertex -9.573187e-03 -6.042738e-03 1.461980e-03
      vertex -9.617605e-03 -6.042738e-03 7.319399e-04
    endloop
  endfacet
  facet normal -9.265852e-01 -3.718353e-01 5.637713e-02
    outer loop
      vertex -9.330324e-03 -6.727512e-03 1.442261e-03
      vertex -9.374144e-03 -6.727512e-03 7.220681e-04
      vertex -9.089306e-03 -7.439057e-03 7.105186e-04
    endloop
  endfacet
  facet normal -9.107030e-01 -4.093284e-01 5.541072e-02
    outer loop
      vertex -9.046187e-03 -7.439057e-03 1.419192e-03
      vertex -9.089306e-03 -7.439057e-03 7.105186e-04
      vertex -8.767996e-03 -8.155694e-03 6.974903e-04
    endloop
  endfacet
  facet normal -8.997860e-01 4.362801e-01 6.699266e-03
    outer loop
      vertex -8.771709e-03 8.147843e-03 6.976408e-04
      vertex -8.445357e-03 8.831626e-03 -3.375078e-17
      vertex -8.779387e-03 8.147843e-03 -3.334762e-04
    endloop
  endfacet
  facet normal -9.049791e-01 4.250605e-01 1.833959e-02
    outer loop
      vertex -9.071615e-03 7.480658e-03 7.098013e-04
      vertex -8.779387e-03 8.147843e-03 -3.334762e-04
      vertex -9.085999e-03 7.480658e-03 -2.575717e-17
    endloop
  endfacet
  facet normal -9.271344e-01 3.742576e-01 1.878844e-02
    outer loop
      vertex -9.354928e-03 6.778241e-03 7.212890e-04
      vertex -9.071615e-03 7.480658e-03 7.098013e-04
      vertex -9.369545e-03 6.778241e-03 -4.796163e-17
    endloop
  endfacet
  facet normal -9.669593e-01 2.528310e-01 3.265223e-02
    outer loop
      vertex -1.003245e-02 4.527545e-03 1.123552e-03
      vertex -9.849562e-03 5.324257e-03 3.705204e-04
      vertex -1.007039e-02 4.527545e-03 -6.306067e-17
    endloop
  endfacet
  facet normal -9.830952e-01 1.820082e-01 1.992218e-02
    outer loop
      vertex -1.034870e-02 3.088906e-03 7.615841e-04
      vertex -1.020873e-02 3.845541e-03 7.559088e-04
      vertex -1.036413e-02 3.088906e-03 -5.595524e-17
    endloop
  endfacet
  facet normal -9.995896e-01 2.025640e-02 2.025821e-02
    outer loop
      vertex -1.058496e-02 7.717977e-04 7.711639e-04
      vertex -1.060059e-02 7.717977e-04 -2.398082e-17
      vertex -1.061623e-02 1.310063e-17 -7.371881e-17
    endloop
  endfacet
  facet normal -9.996072e-01 -1.936581e-02 2.025675e-02
    outer loop
      vertex -1.060059e-02 -7.771561e-18 7.717977e-04
      vertex -1.061623e-02 1.310063e-17 -7.371881e-17
      vertex -1.060194e-02 -7.378471e-04 -6.572520e-17
    endloop
  endfacet
  facet normal -9.948385e-01 -9.944796e-02 2.016069e-02
    outer loop
      vertex -1.046310e-02 -2.285572e-03 7.662227e-04
      vertex -1.054123e-02 -1.503341e-03 7.693906e-04
      vertex -1.047863e-02 -2.285572e-03 -6.128431e-17
    endloop
  endfacet
  facet normal -9.948386e-01 -9.944757e-02 2.016030e-02
    outer loop
      vertex -1.054123e-02 -1.503341e-03 7.693906e-04
      vertex -1.055682e-02 -1.503341e-03 -4.884981e-17
      vertex -1.047863e-02 -2.285572e-03 -6.128431e-17
    endloop
  endfacet
  facet normal -9.899584e-01 -1.399283e-01 2.006179e-02
    outer loop
      vertex -1.035575e-02 -3.045667e-03 7.618699e-04
      vertex -1.046310e-02 -2.285572e-03 7.662227e-04
      vertex -1.047863e-02 -2.285572e-03 -6.128431e-17
    endloop
  endfacet
  facet normal -9.752886e-01 -2.200488e-01 1.976541e-02
    outer loop
      vertex -1.021039e-02 -3.837476e-03 7.559761e-04
      vertex -1.022571e-02 -3.837476e-03 -4.440892e-17
      vertex -1.005055e-02 -4.546499e-03 7.494949e-04
    endloop
  endfacet
  facet normal -9.547151e-01 -2.968918e-01 1.934820e-02
    outer loop
      vertex -9.617605e-03 -6.042738e-03 7.319399e-04
      vertex -9.858213e-03 -5.268378e-03 7.416960e-04
      vertex -9.632439e-03 -6.042738e-03 -5.062617e-17
    endloop
  endfacet
  facet normal -9.419620e-01 -3.351764e-01 1.908975e-02
    outer loop
      vertex -9.374144e-03 -6.727512e-03 7.220681e-04
      vertex -9.617605e-03 -6.042738e-03 7.319399e-04
      vertex -9.632439e-03 -6.042738e-03 -5.062617e-17
    endloop
  endfacet
  facet normal -9.039907e-01 -4.275318e-01 -4.168836e-03
    outer loop
      vertex -8.767996e-03 -8.155694e-03 6.974903e-04
      vertex -9.103704e-03 -7.439057e-03 -4.263256e-17
      vertex -8.442740e-03 -8.836626e-03 -4.796163e-17
    endloop
  endfacet
  facet normal -9.271485e-01 3.742632e-01 -1.796194e-02
    outer loop
      vertex -9.369545e-03 6.778241e-03 -4.796163e-17
      vertex -9.085999e-03 7.480658e-03 -2.575717e-17
      vertex -9.356186e-03 6.778241e-03 -6.895603e-04
    endloop
  endfacet
  facet normal -9.542817e-01 2.983363e-01 -1.848757e-02
    outer loop
      vertex -9.632665e-03 6.042062e-03 -5.595524e-17
      vertex -9.619108e-03 6.042062e-03 -6.997515e-04
      vertex -9.843347e-03 5.324257e-03 -7.084432e-04
    endloop
  endfacet
  facet normal -9.658054e-01 2.585921e-01 -1.871157e-02
    outer loop
      vertex -1.007039e-02 4.527545e-03 -6.306067e-17
      vertex -9.843347e-03 5.324257e-03 -7.084432e-04
      vertex -1.005650e-02 4.527545e-03 -7.167055e-04
    endloop
  endfacet
  facet normal -9.947114e-01 1.008851e-01 -1.927077e-02
    outer loop
      vertex -1.047662e-02 2.302094e-03 -2.575717e-17
      vertex -1.046243e-02 2.302094e-03 -7.324398e-04
      vertex -1.055375e-02 1.541591e-03 -3.108624e-17
    endloop
  endfacet
  facet normal -9.980810e-01 -5.882522e-02 -1.933527e-02
    outer loop
      vertex -1.060194e-02 -7.378471e-04 -6.572520e-17
      vertex -1.058765e-02 -7.378471e-04 -7.372935e-04
      vertex -1.054257e-02 -1.503341e-03 -7.355460e-04
    endloop
  endfacet
  facet normal -9.948560e-01 -9.944931e-02 -1.927344e-02
    outer loop
      vertex -1.055682e-02 -1.503341e-03 -4.884981e-17
      vertex -1.054257e-02 -1.503341e-03 -7.355460e-04
      vertex -1.047863e-02 -2.285572e-03 -6.128431e-17
    endloop
  endfacet
  facet normal -9.899756e-01 -1.399301e-01 -1.917828e-02
    outer loop
      vertex -1.037119e-02 -3.045667e-03 -5.240253e-17
      vertex -1.047863e-02 -2.285572e-03 -6.128431e-17
      vertex -1.046444e-02 -2.285572e-03 -7.325174e-04
    endloop
  endfacet
  facet normal -9.833598e-01 -1.806670e-01 -1.905080e-02
    outer loop
      vertex -1.037119e-02 -3.045667e-03 -5.240253e-17
      vertex -1.035708e-02 -3.045667e-03 -7.283561e-04
      vertex -1.022571e-02 -3.837476e-03 -4.440892e-17
    endloop
  endfacet
  facet normal -9.702049e-01 -2.391773e-01 -3.868748e-02
    outer loop
      vertex -1.006574e-02 -4.546499e-03 -4.085621e-17
      vertex -1.021171e-02 -3.837476e-03 -7.227215e-04
      vertex -9.859508e-03 -5.268378e-03 -7.090696e-04
    endloop
  endfacet
  facet normal -9.419767e-01 -3.351819e-01 -1.824940e-02
    outer loop
      vertex -9.388777e-03 -6.727512e-03 -1.509903e-17
      vertex -9.632439e-03 -6.042738e-03 -5.062617e-17
      vertex -9.618882e-03 -6.042738e-03 -6.997427e-04
    endloop
  endfacet
  facet normal -9.281220e-01 -3.718418e-01 -1.798102e-02
    outer loop
      vertex -9.103704e-03 -7.439057e-03 -4.263256e-17
      vertex -9.375403e-03 -6.727512e-03 -6.903052e-04
      vertex -9.090545e-03 -7.439057e-03 -6.792637e-04
    endloop
  endfacet
  facet normal -9.064246e-01 4.202982e-01 -4.175998e-02
    outer loop
      vertex -8.779387e-03 8.147843e-03 -3.334762e-04
      vertex -8.732144e-03 8.147843e-03 -1.358895e-03
      vertex -9.072853e-03 7.480658e-03 -6.785780e-04
    endloop
  endfacet
  facet normal -9.528087e-01 2.983323e-01 -5.615579e-02
    outer loop
      vertex -9.619108e-03 6.042062e-03 -6.997515e-04
      vertex -9.576322e-03 6.042062e-03 -1.425722e-03
      vertex -9.843347e-03 5.324257e-03 -7.084432e-04
    endloop
  endfacet
  facet normal -9.738638e-01 2.197608e-01 -5.739719e-02
    outer loop
      vertex -1.021005e-02 3.845541e-03 -7.226572e-04
      vertex -1.005650e-02 4.527545e-03 -7.167055e-04
      vertex -1.016587e-02 3.845541e-03 -1.472392e-03
    endloop
  endfacet
  facet normal -9.964258e-01 6.071901e-02 -5.872685e-02
    outer loop
      vertex -1.058631e-02 7.717977e-04 -7.372413e-04
      vertex -1.049454e-02 1.541591e-03 -1.498410e-03
      vertex -1.054123e-02 7.717977e-04 -1.502106e-03
    endloop
  endfacet
  facet normal -9.980805e-01 -1.936490e-02 -5.882518e-02
    outer loop
      vertex -1.058765e-02 -7.378471e-04 -7.372935e-04
      vertex -1.060194e-02 6.883383e-17 -7.378471e-04
      vertex -1.054257e-02 -7.378471e-04 -1.502213e-03
    endloop
  endfacet
  facet normal -9.933190e-01 -9.944750e-02 -5.854483e-02
    outer loop
      vertex -1.046444e-02 -2.285572e-03 -7.325174e-04
      vertex -1.049759e-02 -1.503341e-03 -1.498652e-03
      vertex -1.041964e-02 -2.285572e-03 -1.492481e-03
    endloop
  endfacet
  facet normal -9.884463e-01 -1.399287e-01 -5.825764e-02
    outer loop
      vertex -1.035708e-02 -3.045667e-03 -7.283561e-04
      vertex -1.046444e-02 -2.285572e-03 -7.325174e-04
      vertex -1.041964e-02 -2.285572e-03 -1.492481e-03
    endloop
  endfacet
  facet normal -9.884463e-01 -1.399285e-01 -5.825741e-02
    outer loop
      vertex -1.035708e-02 -3.045667e-03 -7.283561e-04
      vertex -1.041964e-02 -2.285572e-03 -1.492481e-03
      vertex -1.031254e-02 -3.045667e-03 -1.484003e-03
    endloop
  endfacet
  facet normal -9.818411e-01 -1.806641e-01 -5.786719e-02
    outer loop
      vertex -1.021171e-02 -3.837476e-03 -7.227215e-04
      vertex -1.031254e-02 -3.045667e-03 -1.484003e-03
      vertex -1.016752e-02 -3.837476e-03 -1.472523e-03
    endloop
  endfacet
  facet normal -9.266900e-01 -3.718369e-01 -5.461716e-02
    outer loop
      vertex -9.090545e-03 -7.439057e-03 -6.792637e-04
      vertex -9.333194e-03 -6.727512e-03 -1.406475e-03
      vertex -9.049010e-03 -7.439057e-03 -1.383979e-03
    endloop
  endfacet
  facet normal -8.943602e-01 4.356792e-01 -1.015059e-01
    outer loop
      vertex -8.612906e-03 8.147843e-03 -2.409498e-03
      vertex -8.732144e-03 8.147843e-03 -1.358895e-03
      vertex -8.323433e-03 8.831626e-03 -2.025116e-03
    endloop
  endfacet
  facet normal -9.611974e-01 2.585870e-01 -9.608530e-02
    outer loop
      vertex -9.800028e-03 5.324257e-03 -1.443431e-03
      vertex -9.724949e-03 5.324257e-03 -2.194490e-03
      vertex -9.936727e-03 4.527545e-03 -2.220083e-03
    endloop
  endfacet
  facet normal -9.850294e-01 1.414968e-01 -9.846690e-02
    outer loop
      vertex -1.041765e-02 2.302094e-03 -1.492323e-03
      vertex -1.022835e-02 3.088906e-03 -2.255326e-03
      vertex -1.034002e-02 2.302094e-03 -2.268822e-03
    endloop
  endfacet
  facet normal -9.948366e-01 2.025643e-02 -9.944777e-02
    outer loop
      vertex -1.055682e-02 3.841372e-17 -1.503341e-03
      vertex -1.054123e-02 7.717977e-04 -1.502106e-03
      vertex -1.046310e-02 7.717977e-04 -2.283695e-03
    endloop
  endfacet
  facet normal -9.948542e-01 -1.936532e-02 -9.944914e-02
    outer loop
      vertex -1.054257e-02 -7.378471e-04 -1.502213e-03
      vertex -1.055682e-02 3.841372e-17 -1.503341e-03
      vertex -1.047863e-02 6.217249e-17 -2.285572e-03
    endloop
  endfacet
  facet normal -9.933178e-01 -5.882379e-02 -9.929498e-02
    outer loop
      vertex -1.054257e-02 -7.378471e-04 -1.502213e-03
      vertex -1.046444e-02 -7.378471e-04 -2.283857e-03
      vertex -1.049759e-02 -1.503341e-03 -1.498652e-03
    endloop
  endfacet
  facet normal -9.896861e-01 -7.942078e-02 -1.192215e-01
    outer loop
      vertex -1.049759e-02 -1.503341e-03 -1.498652e-03
      vertex -1.046444e-02 -7.378471e-04 -2.283857e-03
      vertex -1.034202e-02 -2.285572e-03 -2.269063e-03
    endloop
  endfacet
  facet normal -9.706513e-01 -2.200483e-01 -9.702952e-02
    outer loop
      vertex -1.016752e-02 -3.837476e-03 -1.472523e-03
      vertex -1.009093e-02 -3.837476e-03 -2.238719e-03
      vertex -9.932112e-03 -4.546499e-03 -2.219526e-03
    endloop
  endfacet
  facet normal -9.614581e-01 -2.576061e-01 -9.611119e-02
    outer loop
      vertex -1.000805e-02 -4.546499e-03 -1.459898e-03
      vertex -9.932112e-03 -4.546499e-03 -2.219526e-03
      vertex -9.816151e-03 -5.268378e-03 -1.444707e-03
    endloop
  endfacet
  facet normal -9.501762e-01 -2.968899e-01 -9.498218e-02
    outer loop
      vertex -9.576096e-03 -6.042738e-03 -1.425704e-03
      vertex -9.816151e-03 -5.268378e-03 -1.444707e-03
      vertex -9.501940e-03 -6.042738e-03 -2.167539e-03
    endloop
  endfacet
  facet normal -9.374838e-01 -3.351742e-01 -9.371430e-02
    outer loop
      vertex -9.333194e-03 -6.727512e-03 -1.406475e-03
      vertex -9.576096e-03 -6.042738e-03 -1.425704e-03
      vertex -9.260037e-03 -6.727512e-03 -2.138305e-03
    endloop
  endfacet
  facet normal -9.236958e-01 -3.718336e-01 -9.233599e-02
    outer loop
      vertex -9.333194e-03 -6.727512e-03 -1.406475e-03
      vertex -9.260037e-03 -6.727512e-03 -2.138305e-03
      vertex -8.977024e-03 -7.439057e-03 -2.104103e-03
    endloop
  endfacet
  facet normal -8.905918e-01 -4.460051e-01 -8.902659e-02
    outer loop
      vertex -8.390108e-03 -8.836626e-03 -1.331818e-03
      vertex -8.657773e-03 -8.155694e-03 -2.065521e-03
      vertex -8.320835e-03 -8.836626e-03 -2.024802e-03
    endloop
  endfacet
  facet normal -9.324148e-01 3.365010e-01 -1.317947e-01
    outer loop
      vertex -9.240945e-03 6.778241e-03 -2.135998e-03
      vertex -9.140538e-03 6.778241e-03 -2.846350e-03
      vertex -9.400273e-03 6.042062e-03 -2.888417e-03
    endloop
  endfacet
  facet normal -9.450683e-01 2.983312e-01 -1.335832e-01
    outer loop
      vertex -9.502164e-03 6.042062e-03 -2.167566e-03
      vertex -9.400273e-03 6.042062e-03 -2.888417e-03
      vertex -9.724949e-03 5.324257e-03 -2.194490e-03
    endloop
  endfacet
  facet normal -9.564800e-01 2.585888e-01 -1.351955e-01
    outer loop
      vertex -9.936727e-03 4.527545e-03 -2.220083e-03
      vertex -9.621794e-03 5.324257e-03 -2.924294e-03
      vertex -9.832368e-03 4.527545e-03 -2.958399e-03
    endloop
  endfacet
  facet normal -9.736192e-01 1.820079e-01 -1.376179e-01
    outer loop
      vertex -1.022835e-02 3.088906e-03 -2.255326e-03
      vertex -1.008928e-02 3.845541e-03 -2.238519e-03
      vertex -1.012234e-02 3.088906e-03 -3.005362e-03
    endloop
  endfacet
  facet normal -9.801953e-01 1.414985e-01 -1.385471e-01
    outer loop
      vertex -1.034002e-02 2.302094e-03 -2.268822e-03
      vertex -1.012234e-02 3.088906e-03 -3.005362e-03
      vertex -1.023338e-02 2.302094e-03 -3.023347e-03
    endloop
  endfacet
  facet normal -9.851062e-01 1.008840e-01 -1.392413e-01
    outer loop
      vertex -1.034002e-02 2.302094e-03 -2.268822e-03
      vertex -1.023338e-02 2.302094e-03 -3.023347e-03
      vertex -1.030951e-02 1.541591e-03 -3.035678e-03
    endloop
  endfacet
  facet normal -9.899546e-01 2.025703e-02 -1.399271e-01
    outer loop
      vertex -1.047863e-02 6.217249e-17 -2.285572e-03
      vertex -1.046310e-02 7.717977e-04 -2.283695e-03
      vertex -1.037119e-02 -1.332268e-17 -3.045667e-03
    endloop
  endfacet
  facet normal -9.897112e-01 -7.942077e-02 -1.190129e-01
    outer loop
      vertex -1.034202e-02 -2.285572e-03 -2.269063e-03
      vertex -1.046444e-02 -7.378471e-04 -2.283857e-03
      vertex -1.031254e-02 -1.503341e-03 -3.036169e-03
    endloop
  endfacet
  facet normal -9.804160e-01 -1.399289e-01 -1.385798e-01
    outer loop
      vertex -1.023535e-02 -3.045667e-03 -2.256172e-03
      vertex -1.034202e-02 -2.285572e-03 -2.269063e-03
      vertex -1.023535e-02 -2.285572e-03 -3.023667e-03
    endloop
  endfacet
  facet normal -9.738645e-01 -1.806641e-01 -1.376529e-01
    outer loop
      vertex -1.023535e-02 -3.045667e-03 -2.256172e-03
      vertex -1.012930e-02 -3.045667e-03 -3.006490e-03
      vertex -1.009093e-02 -3.837476e-03 -2.238719e-03
    endloop
  endfacet
  facet normal -9.658874e-01 -2.200504e-01 -1.365258e-01
    outer loop
      vertex -1.009093e-02 -3.837476e-03 -2.238719e-03
      vertex -9.985695e-03 -3.837476e-03 -2.983232e-03
      vertex -9.932112e-03 -4.546499e-03 -2.219526e-03
    endloop
  endfacet
  facet normal -9.658879e-01 -2.200492e-01 -1.365246e-01
    outer loop
      vertex -9.932112e-03 -4.546499e-03 -2.219526e-03
      vertex -9.985695e-03 -3.837476e-03 -2.983232e-03
      vertex -9.827780e-03 -4.546499e-03 -2.957656e-03
    endloop
  endfacet
  facet normal -9.567389e-01 -2.576095e-01 -1.352332e-01
    outer loop
      vertex -9.741006e-03 -5.268378e-03 -2.196430e-03
      vertex -9.827780e-03 -4.546499e-03 -2.957656e-03
      vertex -9.637758e-03 -5.268378e-03 -2.926880e-03
    endloop
  endfacet
  facet normal -9.328818e-01 -3.351779e-01 -1.318611e-01
    outer loop
      vertex -9.501940e-03 -6.042738e-03 -2.167539e-03
      vertex -9.400050e-03 -6.042738e-03 -2.888381e-03
      vertex -9.260037e-03 -6.727512e-03 -2.138305e-03
    endloop
  endfacet
  facet normal -9.191619e-01 -3.718355e-01 -1.299218e-01
    outer loop
      vertex -9.260037e-03 -6.727512e-03 -2.138305e-03
      vertex -9.159522e-03 -6.727512e-03 -2.849424e-03
      vertex -8.878118e-03 -7.439057e-03 -2.803848e-03
    endloop
  endfacet
  facet normal -8.862195e-01 -4.460087e-01 -1.252648e-01
    outer loop
      vertex -8.320835e-03 -8.836626e-03 -2.024802e-03
      vertex -8.657773e-03 -8.155694e-03 -2.065521e-03
      vertex -8.560679e-03 -8.155694e-03 -2.752435e-03
    endloop
  endfacet
  facet normal -8.969840e-01 4.101968e-01 -1.647979e-01
    outer loop
      vertex -8.860641e-03 7.480658e-03 -2.801017e-03
      vertex -8.432852e-03 8.147843e-03 -3.468759e-03
      vertex -8.726851e-03 7.480658e-03 -3.529222e-03
    endloop
  endfacet
  facet normal -9.387521e-01 2.983257e-01 -1.724713e-01
    outer loop
      vertex -9.400273e-03 6.042062e-03 -2.888417e-03
      vertex -9.262310e-03 6.042062e-03 -3.639344e-03
      vertex -9.482116e-03 5.324257e-03 -3.684549e-03
    endloop
  endfacet
  facet normal -9.594955e-01 2.197561e-01 -1.762829e-01
    outer loop
      vertex -9.984056e-03 3.845541e-03 -2.982966e-03
      vertex -9.832368e-03 4.527545e-03 -2.958399e-03
      vertex -9.841576e-03 3.845541e-03 -3.758475e-03
    endloop
  endfacet
  facet normal -9.817236e-01 6.071730e-02 -1.803667e-01
    outer loop
      vertex -1.030951e-02 1.541591e-03 -3.035678e-03
      vertex -1.016452e-02 1.541591e-03 -3.824890e-03
      vertex -1.021039e-02 7.717977e-04 -3.834325e-03
    endloop
  endfacet
  facet normal -9.833365e-01 2.025750e-02 -1.806627e-01
    outer loop
      vertex -1.037119e-02 -1.332268e-17 -3.045667e-03
      vertex -1.021039e-02 7.717977e-04 -3.834325e-03
      vertex -1.022571e-02 6.639134e-17 -3.837476e-03
    endloop
  endfacet
  facet normal -9.818351e-01 -5.882316e-02 -1.803874e-01
    outer loop
      vertex -1.035708e-02 -7.378471e-04 -3.043382e-03
      vertex -1.021171e-02 -7.378471e-04 -3.834596e-03
      vertex -1.031254e-02 -1.503341e-03 -3.036169e-03
    endloop
  endfacet
  facet normal -9.818353e-01 -5.882230e-02 -1.803866e-01
    outer loop
      vertex -1.031254e-02 -1.503341e-03 -3.036169e-03
      vertex -1.021171e-02 -7.378471e-04 -3.834596e-03
      vertex -1.016752e-02 -1.503341e-03 -3.825508e-03
    endloop
  endfacet
  facet normal -9.738623e-01 -1.399253e-01 -1.789223e-01
    outer loop
      vertex -1.012930e-02 -3.045667e-03 -3.006490e-03
      vertex -1.023535e-02 -2.285572e-03 -3.023667e-03
      vertex -9.985695e-03 -3.045667e-03 -3.788114e-03
    endloop
  endfacet
  facet normal -9.673544e-01 -1.806620e-01 -1.777264e-01
    outer loop
      vertex -9.985695e-03 -3.837476e-03 -2.983232e-03
      vertex -1.005750e-02 -3.441571e-03 -2.994861e-03
      vertex -9.843203e-03 -3.837476e-03 -3.758809e-03
    endloop
  endfacet
  facet normal -9.266475e-01 -3.351720e-01 -1.702472e-01
    outer loop
      vertex -9.159522e-03 -6.727512e-03 -2.849424e-03
      vertex -9.262089e-03 -6.042738e-03 -3.639298e-03
      vertex -9.023421e-03 -6.727512e-03 -3.590214e-03
    endloop
  endfacet
  facet normal -9.066930e-01 -3.822379e-01 -1.783311e-01
    outer loop
      vertex -8.878118e-03 -7.439057e-03 -2.803848e-03
      vertex -9.023421e-03 -6.727512e-03 -3.590214e-03
      vertex -8.670557e-03 -7.439057e-03 -3.859153e-03
    endloop
  endfacet
  facet normal -8.995030e-01 -3.994931e-01 -1.769169e-01
    outer loop
      vertex -8.878118e-03 -7.439057e-03 -2.803848e-03
      vertex -8.670557e-03 -7.439057e-03 -3.859153e-03
      vertex -8.429211e-03 -8.155694e-03 -3.468010e-03
    endloop
  endfacet
  facet normal -9.045834e-01 3.742638e-01 -2.040967e-01
    outer loop
      vertex -9.004583e-03 6.778241e-03 -3.586340e-03
      vertex -8.726851e-03 7.480658e-03 -3.529222e-03
      vertex -8.579728e-03 7.480658e-03 -4.181292e-03
    endloop
  endfacet
  facet normal -9.185898e-01 3.365082e-01 -2.072559e-01
    outer loop
      vertex -9.262310e-03 6.042062e-03 -3.639344e-03
      vertex -9.004583e-03 6.778241e-03 -3.586340e-03
      vertex -8.855080e-03 6.778241e-03 -4.248963e-03
    endloop
  endfacet
  facet normal -9.310565e-01 2.983368e-01 -2.100689e-01
    outer loop
      vertex -9.482116e-03 5.324257e-03 -3.684549e-03
      vertex -9.110597e-03 6.042062e-03 -4.311760e-03
      vertex -9.328518e-03 5.324257e-03 -4.365317e-03
    endloop
  endfacet
  facet normal -9.591851e-01 1.820117e-01 -2.164156e-01
    outer loop
      vertex -9.978786e-03 3.088906e-03 -3.786693e-03
      vertex -9.841576e-03 3.845541e-03 -3.758475e-03
      vertex -9.820930e-03 3.088906e-03 -4.486333e-03
    endloop
  endfacet
  facet normal -9.656639e-01 1.415016e-01 -2.178774e-01
    outer loop
      vertex -9.978786e-03 3.088906e-03 -3.786693e-03
      vertex -9.820930e-03 3.088906e-03 -4.486333e-03
      vertex -9.930166e-03 2.302094e-03 -4.513180e-03
    endloop
  endfacet
  facet normal -9.705023e-01 1.008868e-01 -2.189684e-01
    outer loop
      vertex -1.008897e-02 2.302094e-03 -3.809353e-03
      vertex -9.930166e-03 2.302094e-03 -4.513180e-03
      vertex -1.016452e-02 1.541591e-03 -3.824890e-03
    endloop
  endfacet
  facet normal -9.752790e-01 2.025833e-02 -2.200465e-01
    outer loop
      vertex -1.022571e-02 6.639134e-17 -3.837476e-03
      vertex -1.021039e-02 7.717977e-04 -3.834325e-03
      vertex -1.005055e-02 7.717977e-04 -4.542767e-03
    endloop
  endfacet
  facet normal -9.752789e-01 2.025796e-02 -2.200469e-01
    outer loop
      vertex -1.022571e-02 6.639134e-17 -3.837476e-03
      vertex -1.005055e-02 7.717977e-04 -4.542767e-03
      vertex -1.006574e-02 -6.439294e-18 -4.546499e-03
    endloop
  endfacet
  facet normal -9.752962e-01 -1.936650e-02 -2.200508e-01
    outer loop
      vertex -1.021171e-02 -7.378471e-04 -3.834596e-03
      vertex -1.006574e-02 -6.439294e-18 -4.546499e-03
      vertex -1.005186e-02 -7.378471e-04 -4.543087e-03
    endloop
  endfacet
  facet normal -9.737898e-01 -5.882499e-02 -2.197112e-01
    outer loop
      vertex -1.016752e-02 -1.503341e-03 -3.825508e-03
      vertex -1.005186e-02 -7.378471e-04 -4.543087e-03
      vertex -1.000805e-02 -1.503341e-03 -4.532320e-03
    endloop
  endfacet
  facet normal -9.706431e-01 -9.944963e-02 -2.190019e-01
    outer loop
      vertex -1.009093e-02 -2.285572e-03 -3.809756e-03
      vertex -1.016752e-02 -1.503341e-03 -3.825508e-03
      vertex -9.932112e-03 -2.285572e-03 -4.513658e-03
    endloop
  endfacet
  facet normal -9.658814e-01 -1.399314e-01 -2.179275e-01
    outer loop
      vertex -9.985695e-03 -3.045667e-03 -3.788114e-03
      vertex -1.009093e-02 -2.285572e-03 -3.809756e-03
      vertex -9.932112e-03 -2.285572e-03 -4.513658e-03
    endloop
  endfacet
  facet normal -9.594265e-01 -1.806680e-01 -2.164712e-01
    outer loop
      vertex -9.843203e-03 -3.837476e-03 -3.758809e-03
      vertex -9.985695e-03 -3.045667e-03 -3.788114e-03
      vertex -9.686508e-03 -3.837476e-03 -4.453298e-03
    endloop
  endfacet
  facet normal -9.594266e-01 -1.806692e-01 -2.164699e-01
    outer loop
      vertex -9.985695e-03 -3.045667e-03 -3.788114e-03
      vertex -9.827780e-03 -3.045667e-03 -4.488017e-03
      vertex -9.686508e-03 -3.837476e-03 -4.453298e-03
    endloop
  endfacet
  facet normal -9.314941e-01 -2.968969e-01 -2.101690e-01
    outer loop
      vertex -9.262089e-03 -6.042738e-03 -3.639298e-03
      vertex -9.497957e-03 -5.268378e-03 -3.687807e-03
      vertex -9.110376e-03 -6.042738e-03 -4.311706e-03
    endloop
  endfacet
  facet normal -9.055329e-01 -3.718431e-01 -2.043109e-01
    outer loop
      vertex -9.023421e-03 -6.727512e-03 -3.590214e-03
      vertex -8.873755e-03 -6.727512e-03 -4.253553e-03
      vertex -8.670557e-03 -7.439057e-03 -3.859153e-03
    endloop
  endfacet
  facet normal -9.098874e-01 3.365039e-01 -2.426313e-01
    outer loop
      vertex -8.855080e-03 6.778241e-03 -4.248963e-03
      vertex -8.675180e-03 6.778241e-03 -4.923600e-03
      vertex -8.928038e-03 6.042062e-03 -4.996367e-03
    endloop
  endfacet
  facet normal -9.222351e-01 2.983340e-01 -2.459253e-01
    outer loop
      vertex -9.110597e-03 6.042062e-03 -4.311760e-03
      vertex -8.928038e-03 6.042062e-03 -4.996367e-03
      vertex -9.328518e-03 5.324257e-03 -4.365317e-03
    endloop
  endfacet
  facet normal -9.644534e-01 6.072009e-02 -2.571821e-01
    outer loop
      vertex -1.005055e-02 7.717977e-04 -4.542767e-03
      vertex -9.813203e-03 1.541591e-03 -5.251100e-03
      vertex -9.858213e-03 7.717977e-04 -5.264053e-03
    endloop
  endfacet
  facet normal -9.614466e-01 -9.944869e-02 -2.563794e-01
    outer loop
      vertex -9.932112e-03 -2.285572e-03 -4.513658e-03
      vertex -9.816151e-03 -1.503341e-03 -5.251948e-03
      vertex -9.741006e-03 -2.285572e-03 -5.230323e-03
    endloop
  endfacet
  facet normal -9.567303e-01 -1.399287e-01 -2.551217e-01
    outer loop
      vertex -9.827780e-03 -3.045667e-03 -4.488017e-03
      vertex -9.932112e-03 -2.285572e-03 -4.513658e-03
      vertex -9.741006e-03 -2.285572e-03 -5.230323e-03
    endloop
  endfacet
  facet normal -9.503363e-01 -1.806666e-01 -2.534177e-01
    outer loop
      vertex -9.686508e-03 -3.837476e-03 -4.453298e-03
      vertex -9.637758e-03 -3.045667e-03 -5.200610e-03
      vertex -9.497957e-03 -3.837476e-03 -5.160378e-03
    endloop
  endfacet
  facet normal -9.329382e-01 -2.391777e-01 -2.691104e-01
    outer loop
      vertex -9.531158e-03 -4.546499e-03 -4.415118e-03
      vertex -9.497957e-03 -3.837476e-03 -5.160378e-03
      vertex -9.159234e-03 -5.268378e-03 -5.062901e-03
    endloop
  endfacet
  facet normal -9.226687e-01 -2.968951e-01 -2.460400e-01
    outer loop
      vertex -9.110376e-03 -6.042738e-03 -4.311706e-03
      vertex -9.159234e-03 -5.268378e-03 -5.062901e-03
      vertex -8.927820e-03 -6.042738e-03 -4.996305e-03
    endloop
  endfacet
  facet normal -9.103432e-01 -3.351807e-01 -2.427533e-01
    outer loop
      vertex -8.873755e-03 -6.727512e-03 -4.253553e-03
      vertex -9.110376e-03 -6.042738e-03 -4.311706e-03
      vertex -8.927820e-03 -6.042738e-03 -4.996305e-03
    endloop
  endfacet
  facet normal -8.912506e-01 -3.862503e-01 -2.376618e-01
    outer loop
      vertex -8.670557e-03 -7.439057e-03 -3.859153e-03
      vertex -8.873755e-03 -6.727512e-03 -4.253553e-03
      vertex -8.693662e-03 -6.727512e-03 -4.928919e-03
    endloop
  endfacet
  facet normal -8.884468e-01 -4.000994e-01 -2.249063e-01
    outer loop
      vertex -8.670557e-03 -7.439057e-03 -3.859153e-03
      vertex -8.419708e-03 -7.439057e-03 -4.850080e-03
      vertex -8.284640e-03 -8.155694e-03 -4.108770e-03
    endloop
  endfacet
  facet normal -8.830897e-01 3.776323e-01 -2.784717e-01
    outer loop
      vertex -8.450133e-03 6.778241e-03 -5.647284e-03
      vertex -8.402694e-03 7.480658e-03 -4.845184e-03
      vertex -8.122354e-03 7.511749e-03 -5.692038e-03
    endloop
  endfacet
  facet normal -9.389453e-01 1.820036e-01 -2.919869e-01
    outer loop
      vertex -9.630980e-03 3.088906e-03 -5.198659e-03
      vertex -9.496362e-03 3.845541e-03 -5.159919e-03
      vertex -9.393361e-03 3.088906e-03 -5.962771e-03
    endloop
  endfacet
  facet normal -9.452869e-01 1.414953e-01 -2.939589e-01
    outer loop
      vertex -9.739079e-03 2.302094e-03 -5.229768e-03
      vertex -9.630980e-03 3.088906e-03 -5.198659e-03
      vertex -9.500039e-03 2.302094e-03 -5.998453e-03
    endloop
  endfacet
  facet normal -9.531321e-01 6.071768e-02 -2.963993e-01
    outer loop
      vertex -9.813203e-03 1.541591e-03 -5.251100e-03
      vertex -9.573187e-03 1.541591e-03 -6.022920e-03
      vertex -9.617605e-03 7.717977e-04 -6.037776e-03
    endloop
  endfacet
  facet normal -9.546980e-01 2.025720e-02 -2.968861e-01
    outer loop
      vertex -9.873244e-03 -1.665335e-17 -5.268378e-03
      vertex -9.617605e-03 7.717977e-04 -6.037776e-03
      vertex -9.632439e-03 6.261658e-17 -6.042738e-03
    endloop
  endfacet
  facet normal -9.532403e-01 -5.882234e-02 -2.964335e-01
    outer loop
      vertex -9.816151e-03 -1.503341e-03 -5.251948e-03
      vertex -9.859508e-03 -7.378471e-04 -5.264425e-03
      vertex -9.576096e-03 -1.503341e-03 -6.023892e-03
    endloop
  endfacet
  facet normal -9.501604e-01 -9.944532e-02 -2.954757e-01
    outer loop
      vertex -9.816151e-03 -1.503341e-03 -5.251948e-03
      vertex -9.576096e-03 -1.503341e-03 -6.023892e-03
      vertex -9.741006e-03 -2.285572e-03 -5.230323e-03
    endloop
  endfacet
  facet normal -9.454997e-01 -1.399258e-01 -2.940257e-01
    outer loop
      vertex -9.637758e-03 -3.045667e-03 -5.200610e-03
      vertex -9.741006e-03 -2.285572e-03 -5.230323e-03
      vertex -9.400050e-03 -3.045667e-03 -5.965009e-03
    endloop
  endfacet
  facet normal -9.391817e-01 -1.806606e-01 -2.920609e-01
    outer loop
      vertex -9.637758e-03 -3.045667e-03 -5.200610e-03
      vertex -9.400050e-03 -3.045667e-03 -5.965009e-03
      vertex -9.497957e-03 -3.837476e-03 -5.160378e-03
    endloop
  endfacet
  facet normal -9.118410e-01 -2.968845e-01 -2.835590e-01
    outer loop
      vertex -9.159234e-03 -5.268378e-03 -5.062901e-03
      vertex -8.927820e-03 -5.268378e-03 -5.807059e-03
      vertex -8.699451e-03 -6.042738e-03 -5.730675e-03
    endloop
  endfacet
  facet normal -8.847029e-01 -3.763113e-01 -2.751191e-01
    outer loop
      vertex -8.693662e-03 -6.727512e-03 -4.928919e-03
      vertex -8.468372e-03 -6.727512e-03 -5.653384e-03
      vertex -8.130749e-03 -7.490948e-03 -5.694845e-03
    endloop
  endfacet
  facet normal -8.871892e-01 3.365075e-01 -3.156865e-01
    outer loop
      vertex -8.699665e-03 6.042062e-03 -5.730746e-03
      vertex -8.222418e-03 6.778241e-03 -6.287244e-03
      vertex -8.468584e-03 6.042062e-03 -6.380165e-03
    endloop
  endfacet
  facet normal -8.992294e-01 2.983372e-01 -3.199710e-01
    outer loop
      vertex -8.912482e-03 5.324257e-03 -5.801929e-03
      vertex -8.699665e-03 6.042062e-03 -5.730746e-03
      vertex -8.678531e-03 5.324257e-03 -6.459414e-03
    endloop
  endfacet
  facet normal -9.285410e-01 1.938666e-01 -3.165872e-01
    outer loop
      vertex -9.393361e-03 3.088906e-03 -5.962771e-03
      vertex -9.187649e-03 4.186543e-03 -5.893966e-03
      vertex -9.021868e-03 3.845541e-03 -6.589014e-03
    endloop
  endfacet
  facet normal -9.326534e-01 1.415016e-01 -3.318658e-01
    outer loop
      vertex -9.500039e-03 2.302094e-03 -5.998453e-03
      vertex -9.393361e-03 3.088906e-03 -5.962771e-03
      vertex -9.152923e-03 3.088906e-03 -6.638484e-03
    endloop
  endfacet
  facet normal -9.419403e-01 2.025811e-02 -3.351686e-01
    outer loop
      vertex -9.632439e-03 6.261658e-17 -6.042738e-03
      vertex -9.617605e-03 7.717977e-04 -6.037776e-03
      vertex -9.374144e-03 7.717977e-04 -6.721988e-03
    endloop
  endfacet
  facet normal -9.419402e-01 2.025783e-02 -3.351689e-01
    outer loop
      vertex -9.632439e-03 6.261658e-17 -6.042738e-03
      vertex -9.374144e-03 7.717977e-04 -6.721988e-03
      vertex -9.388777e-03 1.776357e-17 -6.727512e-03
    endloop
  endfacet
  facet normal -9.419570e-01 -1.936632e-02 -3.351746e-01
    outer loop
      vertex -9.618882e-03 -7.378471e-04 -6.038204e-03
      vertex -9.632439e-03 6.261658e-17 -6.042738e-03
      vertex -9.375403e-03 -7.378471e-04 -6.722464e-03
    endloop
  endfacet
  facet normal -9.405022e-01 -5.882515e-02 -3.346569e-01
    outer loop
      vertex -9.576096e-03 -1.503341e-03 -6.023892e-03
      vertex -9.618882e-03 -7.378471e-04 -6.038204e-03
      vertex -9.375403e-03 -7.378471e-04 -6.722464e-03
    endloop
  endfacet
  facet normal -9.351071e-01 -7.156230e-02 -3.470643e-01
    outer loop
      vertex -9.576096e-03 -1.503341e-03 -6.023892e-03
      vertex -9.375403e-03 -7.378471e-04 -6.722464e-03
      vertex -9.191102e-03 -1.503341e-03 -7.061193e-03
    endloop
  endfacet
  facet normal -9.374629e-01 -9.944912e-02 -3.335764e-01
    outer loop
      vertex -9.501940e-03 -2.285572e-03 -5.999089e-03
      vertex -9.576096e-03 -1.503341e-03 -6.023892e-03
      vertex -9.260037e-03 -2.285572e-03 -6.678916e-03
    endloop
  endfacet
  facet normal -9.328638e-01 -1.399319e-01 -3.319399e-01
    outer loop
      vertex -9.400050e-03 -3.045667e-03 -5.965009e-03
      vertex -9.501940e-03 -2.285572e-03 -5.999089e-03
      vertex -9.260037e-03 -2.285572e-03 -6.678916e-03
    endloop
  endfacet
  facet normal -9.266298e-01 -1.806677e-01 -3.297218e-01
    outer loop
      vertex -9.262089e-03 -3.837476e-03 -5.918864e-03
      vertex -9.400050e-03 -3.045667e-03 -5.965009e-03
      vertex -9.159522e-03 -3.045667e-03 -6.640975e-03
    endloop
  endfacet
  facet normal -9.078218e-01 -2.391775e-01 -3.444614e-01
    outer loop
      vertex -9.110376e-03 -4.546499e-03 -5.868120e-03
      vertex -9.023421e-03 -3.837476e-03 -6.589600e-03
      vertex -8.693662e-03 -5.268378e-03 -6.465126e-03
    endloop
  endfacet
  facet normal -9.103347e-01 -2.576141e-01 -3.239225e-01
    outer loop
      vertex -8.927820e-03 -5.268378e-03 -5.807059e-03
      vertex -9.110376e-03 -4.546499e-03 -5.868120e-03
      vertex -8.693662e-03 -5.268378e-03 -6.465126e-03
    endloop
  endfacet
  facet normal -8.996525e-01 -2.968965e-01 -3.201215e-01
    outer loop
      vertex -8.699451e-03 -6.042738e-03 -5.730675e-03
      vertex -8.927820e-03 -5.268378e-03 -5.807059e-03
      vertex -8.693662e-03 -5.268378e-03 -6.465126e-03
    endloop
  endfacet
  facet normal -8.996519e-01 -2.968974e-01 -3.201224e-01
    outer loop
      vertex -8.699451e-03 -6.042738e-03 -5.730675e-03
      vertex -8.693662e-03 -5.268378e-03 -6.465126e-03
      vertex -8.468372e-03 -6.042738e-03 -6.380085e-03
    endloop
  endfacet
  facet normal -8.860011e-01 2.983314e-01 -3.549654e-01
    outer loop
      vertex -8.678531e-03 5.324257e-03 -6.459414e-03
      vertex -8.468584e-03 6.042062e-03 -6.380165e-03
      vertex -8.404819e-03 5.324257e-03 -7.142603e-03
    endloop
  endfacet
  facet normal -8.825481e-01 3.032862e-01 -3.593414e-01
    outer loop
      vertex -8.404819e-03 5.324257e-03 -7.142603e-03
      vertex -8.468584e-03 6.042062e-03 -6.380165e-03
      vertex -8.077572e-03 6.198056e-03 -7.208837e-03
    endloop
  endfacet
  facet normal -8.966995e-01 2.585891e-01 -3.592516e-01
    outer loop
      vertex -8.678531e-03 5.324257e-03 -6.459414e-03
      vertex -8.404819e-03 5.324257e-03 -7.142603e-03
      vertex -8.878104e-03 4.527545e-03 -6.534747e-03
    endloop
  endfacet
  facet normal -9.265597e-01 6.071938e-02 -3.712147e-01
    outer loop
      vertex -9.374144e-03 7.717977e-04 -6.721988e-03
      vertex -9.330324e-03 1.541591e-03 -6.705448e-03
      vertex -9.089306e-03 7.717977e-04 -7.432949e-03
    endloop
  endfacet
  facet normal -9.280981e-01 -1.936611e-02 -3.718318e-01
    outer loop
      vertex -9.388777e-03 1.776357e-17 -6.727512e-03
      vertex -9.103704e-03 8.792966e-17 -7.439057e-03
      vertex -9.090545e-03 -7.378471e-04 -7.433475e-03
    endloop
  endfacet
  facet normal -9.236704e-01 -9.944777e-02 -3.700582e-01
    outer loop
      vertex -9.260037e-03 -2.285572e-03 -6.678916e-03
      vertex -9.191102e-03 -1.503341e-03 -7.061193e-03
      vertex -8.977024e-03 -2.285572e-03 -7.385322e-03
    endloop
  endfacet
  facet normal -9.191393e-01 -1.399292e-01 -3.682429e-01
    outer loop
      vertex -9.159522e-03 -3.045667e-03 -6.640975e-03
      vertex -9.260037e-03 -2.285572e-03 -6.678916e-03
      vertex -8.977024e-03 -2.285572e-03 -7.385322e-03
    endloop
  endfacet
  facet normal -9.191400e-01 -1.399277e-01 -3.682416e-01
    outer loop
      vertex -9.159522e-03 -3.045667e-03 -6.640975e-03
      vertex -8.977024e-03 -2.285572e-03 -7.385322e-03
      vertex -8.878118e-03 -3.045667e-03 -7.343367e-03
    endloop
  endfacet
  facet normal -9.129974e-01 -1.806648e-01 -3.657814e-01
    outer loop
      vertex -9.023421e-03 -3.837476e-03 -6.589600e-03
      vertex -8.878118e-03 -3.045667e-03 -7.343367e-03
      vertex -8.744193e-03 -3.837476e-03 -7.286559e-03
    endloop
  endfacet
  facet normal -8.874893e-01 -2.720960e-01 -3.719228e-01
    outer loop
      vertex -8.693662e-03 -5.268378e-03 -6.465126e-03
      vertex -8.596922e-03 -4.546499e-03 -7.224089e-03
      vertex -8.241385e-03 -5.305217e-03 -7.517405e-03
    endloop
  endfacet
  facet normal -8.843602e-01 -2.968559e-01 -3.602550e-01
    outer loop
      vertex -8.468372e-03 -6.042738e-03 -6.380085e-03
      vertex -8.693662e-03 -5.268378e-03 -6.465126e-03
      vertex -8.130850e-03 -6.126680e-03 -7.139471e-03
    endloop
  endfacet
  facet normal -8.832025e-01 -2.888378e-01 -3.694942e-01
    outer loop
      vertex -8.693662e-03 -5.268378e-03 -6.465126e-03
      vertex -8.241385e-03 -5.305217e-03 -7.517405e-03
      vertex -8.130850e-03 -6.126680e-03 -7.139471e-03
    endloop
  endfacet
  facet normal -8.991790e-01 1.283562e-01 -4.183321e-01
    outer loop
      vertex -8.975180e-03 2.302094e-03 -7.384539e-03
      vertex -8.554305e-03 3.088906e-03 -8.047767e-03
      vertex -8.690815e-03 1.921843e-03 -8.112435e-03
    endloop
  endfacet
  facet normal -9.121687e-01 2.025612e-02 -4.093140e-01
    outer loop
      vertex -9.089306e-03 7.717977e-04 -7.432949e-03
      vertex -8.767996e-03 7.717977e-04 -8.148998e-03
      vertex -8.782130e-03 6.949996e-17 -8.155694e-03
    endloop
  endfacet
  facet normal -9.107760e-01 -5.882308e-02 -4.086893e-01
    outer loop
      vertex -9.090545e-03 -7.378471e-04 -7.433475e-03
      vertex -8.769212e-03 -7.378471e-04 -8.149574e-03
      vertex -8.728439e-03 -1.503341e-03 -8.130259e-03
    endloop
  endfacet
  facet normal -9.078333e-01 -9.944659e-02 -4.073684e-01
    outer loop
      vertex -8.977024e-03 -2.285572e-03 -7.385322e-03
      vertex -8.728439e-03 -1.503341e-03 -8.130259e-03
      vertex -8.657773e-03 -2.285572e-03 -8.096783e-03
    endloop
  endfacet
  facet normal -8.899931e-01 -2.200465e-01 -3.993642e-01
    outer loop
      vertex -8.744193e-03 -3.837476e-03 -7.286559e-03
      vertex -8.429211e-03 -3.837476e-03 -7.988505e-03
      vertex -8.284640e-03 -4.546499e-03 -7.920018e-03
    endloop
  endfacet
  facet normal -8.809785e-01 -2.600004e-01 -3.953184e-01
    outer loop
      vertex -8.241385e-03 -5.305217e-03 -7.517405e-03
      vertex -8.596922e-03 -4.546499e-03 -7.224089e-03
      vertex -8.284640e-03 -4.546499e-03 -7.920018e-03
    endloop
  endfacet
  facet normal -8.934428e-01 -5.882388e-02 -4.453086e-01
    outer loop
      vertex -8.728439e-03 -1.503341e-03 -8.130259e-03
      vertex -8.769212e-03 -7.378471e-04 -8.149574e-03
      vertex -8.390108e-03 -1.503341e-03 -8.809068e-03
    endloop
  endfacet
  facet normal -8.905559e-01 -9.944784e-02 -4.438698e-01
    outer loop
      vertex -8.657773e-03 -2.285572e-03 -8.096783e-03
      vertex -8.728439e-03 -1.503341e-03 -8.130259e-03
      vertex -8.390108e-03 -1.503341e-03 -8.809068e-03
    endloop
  endfacet
  facet normal -8.861870e-01 -1.399292e-01 -4.416927e-01
    outer loop
      vertex -8.560679e-03 -3.045667e-03 -8.050786e-03
      vertex -8.657773e-03 -2.285572e-03 -8.096783e-03
      vertex -8.320835e-03 -2.285572e-03 -8.772796e-03
    endloop
  endfacet
  facet normal -8.837137e-01 -2.902248e-01 3.671780e-01
    outer loop
      vertex -8.010161e-03 -6.088775e-03 7.450718e-03
      vertex -8.491211e-03 -4.907439e-03 7.226693e-03
      vertex -8.450133e-03 -6.042738e-03 6.428195e-03
    endloop
  endfacet
  facet normal -8.783383e-01 1.819938e-01 -4.420409e-01
    outer loop
      vertex -8.427711e-03 3.845541e-03 -7.987794e-03
      vertex -8.020973e-03 3.965404e-03 -8.746635e-03
      vertex -8.554305e-03 3.088906e-03 -8.047767e-03
    endloop
  endfacet
  facet normal -8.787949e-01 -4.127932e-01 2.394188e-01
    outer loop
      vertex -8.063375e-03 -8.094307e-03 5.025061e-03
      vertex -8.404819e-03 -7.439057e-03 4.901523e-03
      vertex -8.288840e-03 -8.155694e-03 4.091640e-03
    endloop
  endfacet
endsolid Patellar Button_simpl05_contact 
