solid Tibial Insert_simpl05_med_contact 
  facet normal -2.021342e-03 9.208008e-01 3.900279e-01
    outer loop
      vertex -5.681668e-03 7.326781e-03 1.205101e-02
      vertex -4.794714e-03 7.748103e-03 1.106093e-02
      vertex -6.071463e-03 7.716976e-03 1.112780e-02
    endloop
  endfacet
  facet normal 2.043305e-02 9.142086e-01 4.047284e-01
    outer loop
      vertex 5.575634e-03 9.925522e-03 6.161558e-03
      vertex 4.938166e-03 9.795093e-03 6.488357e-03
      vertex 5.446939e-03 9.416248e-03 7.318412e-03
    endloop
  endfacet
  facet normal -3.676629e-01 9.295919e-01 2.613214e-02
    outer loop
      vertex 1.479569e-02 1.023501e-02 1.232363e-02
      vertex 1.543253e-02 1.049949e-02 1.187530e-02
      vertex 1.421581e-02 1.002900e-02 1.149344e-02
    endloop
  endfacet
  facet normal -3.603606e-01 9.325924e-01 2.028695e-02
    outer loop
      vertex 1.479569e-02 1.023501e-02 1.232363e-02
      vertex 1.421581e-02 1.002900e-02 1.149344e-02
      vertex 1.414866e-02 9.975508e-03 1.275962e-02
    endloop
  endfacet
  facet normal -3.241539e-01 9.456643e-01 2.536373e-02
    outer loop
      vertex 1.214783e-02 9.230073e-03 1.399145e-02
      vertex 1.282459e-02 9.472720e-03 1.359375e-02
      vertex 1.186701e-02 9.161216e-03 1.296982e-02
    endloop
  endfacet
  facet normal 1.635026e-02 6.689564e-01 7.431218e-01
    outer loop
      vertex -6.807989e-03 1.220523e-02 4.970382e-03
      vertex -5.978423e-03 1.243266e-02 4.747401e-03
      vertex -7.496933e-03 1.273263e-02 4.510779e-03
    endloop
  endfacet
  facet normal 1.529908e-01 7.644057e-01 6.263208e-01
    outer loop
      vertex 7.554781e-06 1.149920e-02 4.706726e-03
      vertex -1.074617e-03 1.164065e-02 4.798435e-03
      vertex -5.975308e-04 1.137920e-02 5.000992e-03
    endloop
  endfacet
  facet normal 1.568609e-01 7.927136e-01 5.890670e-01
    outer loop
      vertex 8.069466e-04 1.140339e-02 4.622800e-03
      vertex 7.554781e-06 1.149920e-02 4.706726e-03
      vertex 5.306219e-04 1.079471e-02 5.515477e-03
    endloop
  endfacet
  facet normal 5.795826e-02 9.031840e-01 4.253228e-01
    outer loop
      vertex 7.686352e-03 1.082846e-02 3.989545e-03
      vertex 6.881020e-03 1.087196e-02 4.006915e-03
      vertex 6.746708e-03 1.068922e-02 4.413261e-03
    endloop
  endfacet
  facet normal -1.399165e-02 9.339431e-01 3.571478e-01
    outer loop
      vertex 9.081702e-03 1.059059e-02 4.491307e-03
      vertex 9.543185e-03 1.043313e-02 4.921165e-03
      vertex 9.126292e-03 1.076683e-02 4.032191e-03
    endloop
  endfacet
  facet normal -6.626703e-02 9.169063e-01 3.935625e-01
    outer loop
      vertex 1.128597e-02 1.070885e-02 4.416588e-03
      vertex 1.004926e-02 1.073718e-02 4.142373e-03
      vertex 1.035360e-02 1.067265e-02 4.343950e-03
    endloop
  endfacet
  facet normal -8.390060e-02 9.488949e-01 3.042353e-01
    outer loop
      vertex 1.128597e-02 1.070885e-02 4.416588e-03
      vertex 1.099756e-02 1.046455e-02 5.099030e-03
      vertex 1.168675e-02 1.070265e-02 4.546454e-03
    endloop
  endfacet
  facet normal -1.026600e-01 9.536442e-01 2.828846e-01
    outer loop
      vertex 1.168675e-02 1.070265e-02 4.546454e-03
      vertex 1.099756e-02 1.046455e-02 5.099030e-03
      vertex 1.191361e-02 1.055098e-02 5.140098e-03
    endloop
  endfacet
  facet normal -2.994398e-01 9.469278e-01 1.168914e-01
    outer loop
      vertex 1.521982e-02 1.072522e-02 7.614551e-03
      vertex 1.488156e-02 1.050834e-02 8.504924e-03
      vertex 1.548027e-02 1.073422e-02 8.208845e-03
    endloop
  endfacet
  facet normal 1.114021e-01 8.584284e-01 5.006898e-01
    outer loop
      vertex 3.938317e-03 1.068036e-02 4.945540e-03
      vertex 4.727156e-03 1.081961e-02 4.531283e-03
      vertex 4.179429e-03 1.106696e-02 4.229068e-03
    endloop
  endfacet
  facet normal 1.362547e-01 8.110983e-01 5.688182e-01
    outer loop
      vertex 1.229741e-03 1.087310e-02 5.249918e-03
      vertex 1.963349e-03 1.096400e-02 4.944573e-03
      vertex 1.611943e-03 1.131351e-02 4.530361e-03
    endloop
  endfacet
  facet normal 1.380858e-01 8.428114e-01 5.201935e-01
    outer loop
      vertex 3.178167e-03 1.055646e-02 5.314847e-03
      vertex 3.365621e-03 1.113894e-02 4.321371e-03
      vertex 2.781790e-03 1.119368e-02 4.387661e-03
    endloop
  endfacet
  facet normal 1.414815e-01 7.545915e-01 6.407610e-01
    outer loop
      vertex -1.323504e-03 1.132330e-02 5.227118e-03
      vertex -5.975308e-04 1.137920e-02 5.000992e-03
      vertex -1.074617e-03 1.164065e-02 4.798435e-03
    endloop
  endfacet
  facet normal -1.348397e-02 9.999045e-01 3.041360e-03
    outer loop
      vertex 1.357060e-02 1.069697e-02 5.570220e-03
      vertex 1.423281e-02 1.070404e-02 6.182548e-03
      vertex 1.463473e-02 1.071136e-02 5.557101e-03
    endloop
  endfacet
  facet normal 3.923331e-02 9.992265e-01 2.673930e-03
    outer loop
      vertex 8.434727e-03 1.079408e-02 3.996342e-03
      vertex 9.126292e-03 1.076683e-02 4.032191e-03
      vertex 8.633808e-03 1.078889e-02 3.015094e-03
    endloop
  endfacet
  facet normal 1.119187e-01 9.936806e-01 8.542575e-03
    outer loop
      vertex 8.069466e-04 1.140339e-02 4.622800e-03
      vertex 1.611943e-03 1.131351e-02 4.530361e-03
      vertex 1.181958e-03 1.136509e-02 4.164487e-03
    endloop
  endfacet
  facet normal 2.586630e-01 9.655069e-01 2.983044e-02
    outer loop
      vertex -1.292321e-02 1.403772e-02 2.592608e-03
      vertex -1.402727e-02 1.432450e-02 2.884101e-03
      vertex -1.364919e-02 1.419729e-02 3.722979e-03
    endloop
  endfacet
  facet normal 2.663843e-01 9.633944e-01 3.017533e-02
    outer loop
      vertex -1.402727e-02 1.432450e-02 2.884101e-03
      vertex -1.480618e-02 1.455102e-02 2.528305e-03
      vertex -1.461605e-02 1.446376e-02 3.635733e-03
    endloop
  endfacet
  facet normal 2.834614e-01 9.585646e-01 2.834581e-02
    outer loop
      vertex -1.551747e-02 1.472295e-02 3.561915e-03
      vertex -1.639714e-02 1.500909e-02 2.682333e-03
      vertex -1.687713e-02 1.512791e-02 3.464158e-03
    endloop
  endfacet
  facet normal -3.510449e-02 9.993836e-01 2.503812e-04
    outer loop
      vertex 1.521982e-02 1.072522e-02 7.614551e-03
      vertex 1.548027e-02 1.073422e-02 8.208845e-03
      vertex 1.612043e-02 1.075684e-02 7.670455e-03
    endloop
  endfacet
  facet normal 1.479613e-02 9.998884e-01 2.079683e-03
    outer loop
      vertex 1.128597e-02 1.070885e-02 4.416588e-03
      vertex 1.168675e-02 1.070265e-02 4.546454e-03
      vertex 1.212585e-02 1.069785e-02 3.734244e-03
    endloop
  endfacet
  facet normal 3.152215e-03 9.999948e-01 6.592954e-04
    outer loop
      vertex 1.212585e-02 1.069785e-02 3.734244e-03
      vertex 1.227094e-02 1.069670e-02 4.785022e-03
      vertex 1.305414e-02 1.069466e-02 4.130136e-03
    endloop
  endfacet
  facet normal 1.371458e-01 9.903944e-01 1.760452e-02
    outer loop
      vertex -1.900998e-03 1.176751e-02 4.099440e-03
      vertex -1.685957e-03 1.172453e-02 4.841740e-03
      vertex -1.074617e-03 1.164065e-02 4.798435e-03
    endloop
  endfacet
  facet normal 1.844094e-01 9.826173e-01 2.136302e-02
    outer loop
      vertex -6.511639e-03 1.255261e-02 3.832958e-03
      vertex -5.978423e-03 1.243266e-02 4.747401e-03
      vertex -5.594429e-03 1.237682e-02 4.000837e-03
    endloop
  endfacet
  facet normal 2.050874e-01 9.785325e-01 2.032822e-02
    outer loop
      vertex -8.699194e-03 1.298847e-02 4.324668e-03
      vertex -7.496933e-03 1.273263e-02 4.510779e-03
      vertex -8.056534e-03 1.288546e-02 2.799791e-03
    endloop
  endfacet
  facet normal 2.390029e-01 9.706229e-01 2.772623e-02
    outer loop
      vertex -1.135034e-02 1.360345e-02 3.969651e-03
      vertex -1.102219e-02 1.353987e-02 3.366770e-03
      vertex -1.215409e-02 1.382403e-02 3.175998e-03
    endloop
  endfacet
  facet normal 2.479962e-01 9.683634e-01 2.775129e-02
    outer loop
      vertex -1.254327e-02 1.390481e-02 3.835135e-03
      vertex -1.215409e-02 1.382403e-02 3.175998e-03
      vertex -1.292321e-02 1.403772e-02 2.592608e-03
    endloop
  endfacet
  facet normal 1.264017e-01 9.918735e-01 1.447863e-02
    outer loop
      vertex -3.762824e-04 1.155842e-02 4.001024e-03
      vertex 7.554781e-06 1.149920e-02 4.706726e-03
      vertex 4.019485e-04 1.146551e-02 3.571775e-03
    endloop
  endfacet
  facet normal -7.033841e-01 7.069120e-01 -7.433917e-02
    outer loop
      vertex -3.316706e-02 7.261856e-03 1.386766e-02
      vertex -3.269166e-02 7.712725e-03 1.365689e-02
      vertex -3.310613e-02 7.276646e-03 1.343174e-02
    endloop
  endfacet
  facet normal -7.036627e-01 7.067259e-01 -7.346587e-02
    outer loop
      vertex -3.310613e-02 7.276646e-03 1.343174e-02
      vertex -3.269166e-02 7.712725e-03 1.365689e-02
      vertex -3.299596e-02 7.343974e-03 1.302419e-02
    endloop
  endfacet
  facet normal -7.033975e-01 7.069623e-01 -7.373116e-02
    outer loop
      vertex -3.299596e-02 7.343974e-03 1.302419e-02
      vertex -3.269166e-02 7.712725e-03 1.365689e-02
      vertex -3.284414e-02 7.457419e-03 1.266363e-02
    endloop
  endfacet
  facet normal -7.031434e-01 7.071906e-01 -7.396495e-02
    outer loop
      vertex -3.233751e-02 7.885818e-03 1.194086e-02
      vertex -3.253956e-02 7.709847e-03 1.217918e-02
      vertex -3.189620e-02 8.424646e-03 1.289742e-02
    endloop
  endfacet
  facet normal -2.536019e-05 1.000000e+00 1.045691e-05
    outer loop
      vertex -2.836734e-02 9.803799e-03 2.001192e-02
      vertex -2.811254e-02 9.803823e-03 1.825865e-02
      vertex -2.927838e-02 9.803788e-03 1.880567e-02
    endloop
  endfacet
  facet normal -2.798766e-04 1.000000e+00 -1.991439e-05
    outer loop
      vertex -2.255235e-02 9.804028e-03 9.877039e-03
      vertex -2.283607e-02 9.803952e-03 1.008110e-02
      vertex -2.256683e-02 9.804039e-03 1.065519e-02
    endloop
  endfacet
  facet normal -2.582069e-06 1.000000e+00 -1.241526e-04
    outer loop
      vertex -2.178654e-02 9.804039e-03 9.005773e-03
      vertex -2.207671e-02 9.804090e-03 9.418925e-03
      vertex -2.158435e-02 9.804077e-03 9.308826e-03
    endloop
  endfacet
  facet normal -2.464638e-05 1.000000e+00 1.088322e-05
    outer loop
      vertex -2.370464e-02 9.804005e-03 1.125754e-02
      vertex -2.356118e-02 9.803997e-03 1.228344e-02
      vertex -2.268142e-02 9.804026e-03 1.164692e-02
    endloop
  endfacet
  facet normal -4.801098e-05 1.000000e+00 8.546471e-05
    outer loop
      vertex -2.207671e-02 9.804090e-03 9.418925e-03
      vertex -2.255235e-02 9.804028e-03 9.877039e-03
      vertex -2.164587e-02 9.804070e-03 9.895285e-03
    endloop
  endfacet
  facet normal 2.823391e-01 9.551276e-01 8.953118e-02
    outer loop
      vertex -2.364373e-02 8.567728e-03 1.788850e-02
      vertex -2.234696e-02 8.184422e-03 1.788824e-02
      vertex -2.361493e-02 8.661831e-03 1.679375e-02
    endloop
  endfacet
  facet normal 2.511101e-01 9.302721e-01 2.674652e-01
    outer loop
      vertex -2.221058e-02 8.669122e-03 1.454752e-02
      vertex -2.090232e-02 8.316055e-03 1.454726e-02
      vertex -2.212100e-02 8.986774e-03 1.335859e-02
    endloop
  endfacet
  facet normal 2.143422e-01 8.738879e-01 4.363225e-01
    outer loop
      vertex -2.062340e-02 9.403565e-03 1.126491e-02
      vertex -1.941668e-02 9.107708e-03 1.126467e-02
      vertex -2.049620e-02 9.899206e-03 1.020973e-02
    endloop
  endfacet
  facet normal 2.202447e-01 8.980081e-01 3.808855e-01
    outer loop
      vertex -2.073149e-02 8.982296e-03 1.232063e-02
      vertex -1.941668e-02 9.107708e-03 1.126467e-02
      vertex -2.062340e-02 9.403565e-03 1.126491e-02
    endloop
  endfacet
  facet normal 2.251814e-01 9.181930e-01 3.259063e-01
    outer loop
      vertex -2.082036e-02 8.635766e-03 1.335833e-02
      vertex -1.959640e-02 8.335683e-03 1.335809e-02
      vertex -2.073149e-02 8.982296e-03 1.232063e-02
    endloop
  endfacet
  facet normal 2.294950e-01 9.358370e-01 2.674717e-01
    outer loop
      vertex -2.090232e-02 8.316055e-03 1.454726e-02
      vertex -2.009789e-02 8.267497e-03 1.402695e-02
      vertex -2.082036e-02 8.635766e-03 1.335833e-02
    endloop
  endfacet
  facet normal 2.329099e-01 9.498082e-01 2.088479e-01
    outer loop
      vertex -2.095755e-02 8.100369e-03 1.558977e-02
      vertex -1.972157e-02 7.797338e-03 1.558952e-02
      vertex -2.090232e-02 8.316055e-03 1.454726e-02
    endloop
  endfacet
  facet normal 1.482257e-01 6.702618e-01 7.271714e-01
    outer loop
      vertex -1.820134e-02 1.368493e-02 4.807721e-03
      vertex -1.838712e-02 1.287768e-02 5.589655e-03
      vertex -1.734131e-02 1.264918e-02 5.587105e-03
    endloop
  endfacet
  facet normal 1.663379e-01 7.509268e-01 6.390936e-01
    outer loop
      vertex -1.887462e-02 1.143421e-02 7.301977e-03
      vertex -1.769197e-02 1.117244e-02 7.301740e-03
      vertex -1.856788e-02 1.209213e-02 6.449087e-03
    endloop
  endfacet
  facet normal 1.751765e-01 7.880643e-01 5.901422e-01
    outer loop
      vertex -1.909614e-02 1.073508e-02 8.301331e-03
      vertex -1.822017e-02 1.087062e-02 7.860311e-03
      vertex -1.887462e-02 1.143421e-02 7.301977e-03
    endloop
  endfacet
  facet normal 1.884287e-01 8.514737e-01 4.893742e-01
    outer loop
      vertex -1.930060e-02 9.606078e-03 1.020949e-02
      vertex -1.804519e-02 9.331592e-03 1.020369e-02
      vertex -1.917760e-02 1.013405e-02 9.243489e-03
    endloop
  endfacet
  facet normal 1.945359e-01 8.785072e-01 4.363267e-01
    outer loop
      vertex -1.941668e-02 9.107708e-03 1.126467e-02
      vertex -1.818083e-02 8.834166e-03 1.126442e-02
      vertex -1.930060e-02 9.606078e-03 1.020949e-02
    endloop
  endfacet
  facet normal 2.043720e-01 9.230468e-01 3.259091e-01
    outer loop
      vertex -1.959640e-02 8.335683e-03 1.335809e-02
      vertex -1.873684e-02 8.511816e-03 1.232023e-02
      vertex -1.951530e-02 8.684120e-03 1.232038e-02
    endloop
  endfacet
  facet normal 2.113833e-01 9.548285e-01 2.088530e-01
    outer loop
      vertex -1.972157e-02 7.797338e-03 1.558952e-02
      vertex -1.845575e-02 7.517162e-03 1.558927e-02
      vertex -1.967117e-02 8.014213e-03 1.454701e-02
    endloop
  endfacet
  facet normal 2.152586e-01 9.724430e-01 8.954553e-02
    outer loop
      vertex -1.978496e-02 7.523685e-03 1.788773e-02
      vertex -1.851288e-02 7.242124e-03 1.788747e-02
      vertex -1.976280e-02 7.619587e-03 1.679298e-02
    endloop
  endfacet
  facet normal 1.248855e-01 6.300243e-01 7.664679e-01
    outer loop
      vertex -1.721219e-02 1.346599e-02 4.807523e-03
      vertex -1.611983e-02 1.324972e-02 4.807304e-03
      vertex -1.703746e-02 1.430109e-02 4.092611e-03
    endloop
  endfacet
  facet normal 1.331529e-01 6.731846e-01 7.273876e-01
    outer loop
      vertex -1.734131e-02 1.264918e-02 5.587105e-03
      vertex -1.638070e-02 1.244990e-02 5.595680e-03
      vertex -1.721219e-02 1.346599e-02 4.807523e-03
    endloop
  endfacet
  facet normal 1.428325e-01 7.157446e-01 6.835997e-01
    outer loop
      vertex -1.759448e-02 1.187006e-02 6.455753e-03
      vertex -1.684217e-02 1.172663e-02 6.448741e-03
      vertex -1.734131e-02 1.264918e-02 5.587105e-03
    endloop
  endfacet
  facet normal 1.497651e-01 7.542746e-01 6.392497e-01
    outer loop
      vertex -1.769197e-02 1.117244e-02 7.301740e-03
      vertex -1.684217e-02 1.172663e-02 6.448741e-03
      vertex -1.759448e-02 1.187006e-02 6.455753e-03
    endloop
  endfacet
  facet normal 1.636057e-01 8.258319e-01 5.396617e-01
    outer loop
      vertex -1.796523e-02 9.865705e-03 9.243246e-03
      vertex -1.679370e-02 9.633766e-03 9.243012e-03
      vertex -1.784076e-02 1.046097e-02 8.294596e-03
    endloop
  endfacet
  facet normal 1.836691e-01 9.273860e-01 3.259155e-01
    outer loop
      vertex -1.834290e-02 8.058232e-03 1.335784e-02
      vertex -1.713162e-02 7.818425e-03 1.335759e-02
      vertex -1.826977e-02 8.408434e-03 1.232013e-02
    endloop
  endfacet
  facet normal 1.871858e-01 9.452066e-01 2.674807e-01
    outer loop
      vertex -1.841031e-02 7.735134e-03 1.454676e-02
      vertex -1.762022e-02 7.725906e-03 1.402645e-02
      vertex -1.834290e-02 8.058232e-03 1.335784e-02
    endloop
  endfacet
  facet normal 1.899677e-01 9.593179e-01 2.088575e-01
    outer loop
      vertex -1.845575e-02 7.517162e-03 1.558927e-02
      vertex -1.723258e-02 7.274999e-03 1.558902e-02
      vertex -1.841031e-02 7.735134e-03 1.454676e-02
    endloop
  endfacet
  facet normal 1.920448e-01 9.698694e-01 1.499068e-01
    outer loop
      vertex -1.849292e-02 7.338512e-03 1.679272e-02
      vertex -1.726582e-02 7.095571e-03 1.679248e-02
      vertex -1.845575e-02 7.517162e-03 1.558927e-02
    endloop
  endfacet
  facet normal 1.934474e-01 9.770153e-01 8.955024e-02
    outer loop
      vertex -1.851288e-02 7.242124e-03 1.788747e-02
      vertex -1.728367e-02 6.998764e-03 1.788722e-02
      vertex -1.849292e-02 7.338512e-03 1.679272e-02
    endloop
  endfacet
  facet normal 1.113289e-01 6.325551e-01 7.664723e-01
    outer loop
      vertex -1.611983e-02 1.324972e-02 4.807304e-03
      vertex -1.489488e-02 1.388788e-02 4.102723e-03
      vertex -1.596346e-02 1.408846e-02 4.092396e-03
    endloop
  endfacet
  facet normal 1.325216e-01 7.576179e-01 6.391034e-01
    outer loop
      vertex -1.654918e-02 1.094619e-02 7.301511e-03
      vertex -1.538009e-02 1.073804e-02 7.305841e-03
      vertex -1.627069e-02 1.161695e-02 6.448627e-03
    endloop
  endfacet
  facet normal 1.502799e-01 8.590228e-01 4.893831e-01
    outer loop
      vertex -1.689295e-02 9.100808e-03 1.020900e-02
      vertex -1.564802e-02 8.886353e-03 1.020315e-02
      vertex -1.679370e-02 9.633766e-03 9.243012e-03
    endloop
  endfacet
  facet normal 1.549381e-01 8.863450e-01 4.363332e-01
    outer loop
      vertex -1.698662e-02 8.597735e-03 1.126418e-02
      vertex -1.572669e-02 8.377686e-03 1.126379e-02
      vertex -1.689295e-02 9.100808e-03 1.020900e-02
    endloop
  endfacet
  facet normal 1.627768e-01 9.312796e-01 3.259172e-01
    outer loop
      vertex -1.713162e-02 7.818425e-03 1.335759e-02
      vertex -1.586682e-02 7.596138e-03 1.336106e-02
      vertex -1.706620e-02 8.170150e-03 1.231989e-02
    endloop
  endfacet
  facet normal 1.659694e-01 9.491610e-01 2.674839e-01
    outer loop
      vertex -1.719194e-02 7.493920e-03 1.454652e-02
      vertex -1.592723e-02 7.272181e-03 1.454862e-02
      vertex -1.713162e-02 7.818425e-03 1.335759e-02
    endloop
  endfacet
  facet normal 1.683445e-01 9.633470e-01 2.088606e-01
    outer loop
      vertex -1.723258e-02 7.274999e-03 1.558902e-02
      vertex -1.594253e-02 7.049619e-03 1.558877e-02
      vertex -1.719194e-02 7.493920e-03 1.454652e-02
    endloop
  endfacet
  facet normal 1.701841e-01 9.739427e-01 1.499102e-01
    outer loop
      vertex -1.726582e-02 7.095571e-03 1.679248e-02
      vertex -1.597163e-02 6.869467e-03 1.679222e-02
      vertex -1.723258e-02 7.274999e-03 1.558902e-02
    endloop
  endfacet
  facet normal 9.637401e-02 6.350793e-01 7.664113e-01
    outer loop
      vertex -1.494610e-02 1.303815e-02 4.813283e-03
      vertex -1.439481e-02 1.382483e-02 4.092083e-03
      vertex -1.489488e-02 1.388788e-02 4.102723e-03
    endloop
  endfacet
  facet normal 1.030289e-01 6.792007e-01 7.266853e-01
    outer loop
      vertex -1.514982e-02 1.223470e-02 5.593119e-03
      vertex -1.389885e-02 1.204937e-02 5.588974e-03
      vertex -1.494610e-02 1.303815e-02 4.813283e-03
    endloop
  endfacet
  facet normal 1.092295e-01 7.211648e-01 6.840981e-01
    outer loop
      vertex -1.522716e-02 1.143043e-02 6.453312e-03
      vertex -1.405072e-02 1.125480e-02 6.450612e-03
      vertex -1.514982e-02 1.223470e-02 5.593119e-03
    endloop
  endfacet
  facet normal 1.208611e-01 7.978608e-01 5.906020e-01
    outer loop
      vertex -1.549694e-02 1.002444e-02 8.293773e-03
      vertex -1.462797e-02 1.021421e-02 7.859592e-03
      vertex -1.538009e-02 1.073804e-02 7.305841e-03
    endloop
  endfacet
  facet normal 1.340197e-01 8.896225e-01 4.365896e-01
    outer loop
      vertex -1.572669e-02 8.377686e-03 1.126379e-02
      vertex -1.442198e-02 8.180179e-03 1.126573e-02
      vertex -1.564802e-02 8.886353e-03 1.020315e-02
    endloop
  endfacet
  facet normal 1.412261e-01 9.348675e-01 3.256962e-01
    outer loop
      vertex -1.586682e-02 7.596138e-03 1.336106e-02
      vertex -1.454529e-02 7.397573e-03 1.335799e-02
      vertex -1.579681e-02 7.948381e-03 1.231964e-02
    endloop
  endfacet
  facet normal 1.441449e-01 9.527866e-01 2.672452e-01
    outer loop
      vertex -1.592723e-02 7.272181e-03 1.454862e-02
      vertex -1.461461e-02 7.074534e-03 1.454528e-02
      vertex -1.586682e-02 7.596138e-03 1.336106e-02
    endloop
  endfacet
  facet normal 9.753337e-02 7.625717e-01 6.395089e-01
    outer loop
      vertex -1.407458e-02 1.054535e-02 7.300229e-03
      vertex -1.283518e-02 1.109574e-02 6.454904e-03
      vertex -1.405072e-02 1.125480e-02 6.450612e-03
    endloop
  endfacet
  facet normal 1.057032e-01 8.351329e-01 5.397962e-01
    outer loop
      vertex -1.423489e-02 9.220683e-03 9.240377e-03
      vertex -1.297898e-02 9.328766e-03 8.827227e-03
      vertex -1.417500e-02 9.825499e-03 8.292922e-03
    endloop
  endfacet
  facet normal 1.130617e-01 8.925909e-01 4.364613e-01
    outer loop
      vertex -1.442198e-02 8.180179e-03 1.126573e-02
      vertex -1.319773e-02 8.020602e-03 1.127495e-02
      vertex -1.438587e-02 8.691364e-03 1.021097e-02
    endloop
  endfacet
  facet normal 1.163496e-01 9.173091e-01 3.807976e-01
    outer loop
      vertex -1.448158e-02 7.749494e-03 1.232143e-02
      vertex -1.319671e-02 7.586229e-03 1.232214e-02
      vertex -1.442198e-02 8.180179e-03 1.126573e-02
    endloop
  endfacet
  facet normal 1.186108e-01 9.379285e-01 3.259164e-01
    outer loop
      vertex -1.404647e-02 7.334631e-03 1.335698e-02
      vertex -1.319835e-02 7.227732e-03 1.335596e-02
      vertex -1.448158e-02 7.749494e-03 1.232143e-02
    endloop
  endfacet
  facet normal 1.214538e-01 9.559281e-01 2.673023e-01
    outer loop
      vertex -1.461461e-02 7.074534e-03 1.454528e-02
      vertex -1.325612e-02 6.901808e-03 1.454573e-02
      vertex -1.404647e-02 7.334631e-03 1.335698e-02
    endloop
  endfacet
  facet normal 1.242973e-01 9.808540e-01 1.499185e-01
    outer loop
      vertex -1.464348e-02 6.669198e-03 1.679195e-02
      vertex -1.330184e-02 6.499221e-03 1.679169e-02
      vertex -1.461863e-02 6.849991e-03 1.558850e-02
    endloop
  endfacet
  facet normal 1.252007e-01 9.880806e-01 8.956301e-02
    outer loop
      vertex -1.465679e-02 6.571654e-03 1.788670e-02
      vertex -1.331283e-02 6.401384e-03 1.788643e-02
      vertex -1.464348e-02 6.669198e-03 1.679195e-02
    endloop
  endfacet
  facet normal 7.068341e-02 6.832398e-01 7.267649e-01
    outer loop
      vertex -1.271750e-02 1.189535e-02 5.592865e-03
      vertex -1.147301e-02 1.259985e-02 4.809517e-03
      vertex -1.256954e-02 1.271575e-02 4.807203e-03
    endloop
  endfacet
  facet normal 7.531637e-02 7.259258e-01 6.836368e-01
    outer loop
      vertex -1.283518e-02 1.109574e-02 6.454904e-03
      vertex -1.153972e-02 1.097277e-02 6.442760e-03
      vertex -1.271750e-02 1.189535e-02 5.592865e-03
    endloop
  endfacet
  facet normal 8.286629e-02 8.025141e-01 5.908505e-01
    outer loop
      vertex -1.289582e-02 9.670424e-03 8.284119e-03
      vertex -1.178381e-02 9.547585e-03 8.295004e-03
      vertex -1.273045e-02 1.038136e-02 7.295313e-03
    endloop
  endfacet
  facet normal 9.566674e-02 9.194848e-01 3.813078e-01
    outer loop
      vertex -1.319671e-02 7.586229e-03 1.232214e-02
      vertex -1.200572e-02 7.461349e-03 1.232446e-02
      vertex -1.319773e-02 8.020602e-03 1.127495e-02
    endloop
  endfacet
  facet normal 9.794812e-02 9.402151e-01 3.261929e-01
    outer loop
      vertex -1.319835e-02 7.227732e-03 1.335596e-02
      vertex -1.200572e-02 7.461349e-03 1.232446e-02
      vertex -1.319671e-02 7.586229e-03 1.232214e-02
    endloop
  endfacet
  facet normal 1.026421e-01 9.906776e-01 8.956837e-02
    outer loop
      vertex -1.331283e-02 6.401384e-03 1.788643e-02
      vertex -1.206989e-02 6.272627e-03 1.788618e-02
      vertex -1.206103e-02 6.370687e-03 1.679144e-02
    endloop
  endfacet
  facet normal 6.809767e-02 8.391163e-01 5.396726e-01
    outer loop
      vertex -1.183270e-02 8.941873e-03 9.242973e-03
      vertex -1.059498e-02 8.839612e-03 9.245795e-03
      vertex -1.178381e-02 9.547585e-03 8.295004e-03
    endloop
  endfacet
  facet normal 7.521794e-02 9.217612e-01 3.803926e-01
    outer loop
      vertex -1.200572e-02 7.461349e-03 1.232446e-02
      vertex -1.067042e-02 7.354359e-03 1.231968e-02
      vertex -1.194164e-02 7.893028e-03 1.126576e-02
    endloop
  endfacet
  facet normal 7.580672e-02 9.421567e-01 3.264875e-01
    outer loop
      vertex -1.196883e-02 7.100464e-03 1.335732e-02
      vertex -1.067136e-02 6.995519e-03 1.335890e-02
      vertex -1.200572e-02 7.461349e-03 1.232446e-02
    endloop
  endfacet
  facet normal 7.821219e-02 9.605124e-01 2.670183e-01
    outer loop
      vertex -1.205316e-02 6.776087e-03 1.454886e-02
      vertex -1.073748e-02 6.669997e-03 1.454511e-02
      vertex -1.196883e-02 7.100464e-03 1.335732e-02
    endloop
  endfacet
  facet normal 7.885678e-02 9.747043e-01 2.091248e-01
    outer loop
      vertex -1.204445e-02 6.552435e-03 1.558799e-02
      vertex -1.073050e-02 6.446188e-03 1.558773e-02
      vertex -1.205316e-02 6.776087e-03 1.454886e-02
    endloop
  endfacet
  facet normal 4.473389e-02 7.682257e-01 6.386142e-01
    outer loop
      vertex -1.051771e-02 1.017102e-02 7.305258e-03
      vertex -9.308951e-03 1.009874e-02 7.307536e-03
      vertex -1.026009e-02 1.087321e-02 6.442504e-03
    endloop
  endfacet
  facet normal 4.705529e-02 8.055365e-01 5.906748e-01
    outer loop
      vertex -1.053557e-02 9.444881e-03 8.296956e-03
      vertex -9.308951e-03 1.009874e-02 7.307536e-03
      vertex -1.051771e-02 1.017102e-02 7.305258e-03
    endloop
  endfacet
  facet normal 4.849877e-02 8.407006e-01 5.393239e-01
    outer loop
      vertex -1.059498e-02 8.839612e-03 9.245795e-03
      vertex -9.269881e-03 9.146266e-03 8.648622e-03
      vertex -1.053557e-02 9.444881e-03 8.296956e-03
    endloop
  endfacet
  facet normal 5.154192e-02 8.711326e-01 4.883354e-01
    outer loop
      vertex -1.069501e-02 8.302282e-03 1.021489e-02
      vertex -9.497424e-03 8.231829e-03 1.021417e-02
      vertex -1.059498e-02 8.839612e-03 9.245795e-03
    endloop
  endfacet
  facet normal 5.308191e-02 8.978331e-01 4.371246e-01
    outer loop
      vertex -1.063603e-02 7.786879e-03 1.126634e-02
      vertex -9.497424e-03 8.231829e-03 1.021417e-02
      vertex -1.069501e-02 8.302282e-03 1.021489e-02
    endloop
  endfacet
  facet normal 5.296897e-02 9.231443e-01 3.807872e-01
    outer loop
      vertex -1.067042e-02 7.354359e-03 1.231968e-02
      vertex -9.342187e-03 7.278657e-03 1.231844e-02
      vertex -1.063603e-02 7.786879e-03 1.126634e-02
    endloop
  endfacet
  facet normal 5.532417e-02 9.620794e-01 2.671000e-01
    outer loop
      vertex -1.073748e-02 6.669997e-03 1.454511e-02
      vertex -9.363292e-03 6.591446e-03 1.454341e-02
      vertex -1.067136e-02 6.995519e-03 1.335890e-02
    endloop
  endfacet
  facet normal 5.623562e-02 9.762573e-01 2.091872e-01
    outer loop
      vertex -1.073050e-02 6.446188e-03 1.558773e-02
      vertex -9.889879e-03 6.495531e-03 1.513147e-02
      vertex -1.073748e-02 6.669997e-03 1.454511e-02
    endloop
  endfacet
  facet normal 5.707539e-02 9.943432e-01 8.957671e-02
    outer loop
      vertex -1.074945e-02 6.165855e-03 1.788592e-02
      vertex -9.407413e-03 6.088846e-03 1.788565e-02
      vertex -1.074287e-02 6.264099e-03 1.679118e-02
    endloop
  endfacet
  facet normal 2.512909e-02 7.283366e-01 6.847586e-01
    outer loop
      vertex -9.148235e-03 1.080539e-02 6.448350e-03
      vertex -8.132209e-03 1.076344e-02 6.455679e-03
      vertex -9.244198e-03 1.161441e-02 5.591370e-03
    endloop
  endfacet
  facet normal 2.844194e-02 7.694046e-01 6.381282e-01
    outer loop
      vertex -9.308951e-03 1.009874e-02 7.307536e-03
      vertex -8.209252e-03 1.006320e-02 7.301370e-03
      vertex -9.148235e-03 1.080539e-02 6.448350e-03
    endloop
  endfacet
  facet normal 3.238711e-02 9.240333e-01 3.809377e-01
    outer loop
      vertex -9.342187e-03 7.278657e-03 1.231844e-02
      vertex -8.313462e-03 7.241747e-03 1.232051e-02
      vertex -9.140351e-03 7.710262e-03 1.125435e-02
    endloop
  endfacet
  facet normal 3.284357e-02 9.447967e-01 3.260068e-01
    outer loop
      vertex -9.358580e-03 6.922146e-03 1.335329e-02
      vertex -8.283130e-03 6.881147e-03 1.336377e-02
      vertex -9.342187e-03 7.278657e-03 1.231844e-02
    endloop
  endfacet
  facet normal 3.402036e-02 9.773764e-01 2.087534e-01
    outer loop
      vertex -9.395075e-03 6.369558e-03 1.558746e-02
      vertex -8.168250e-03 6.326907e-03 1.558722e-02
      vertex -9.363292e-03 6.591446e-03 1.454341e-02
    endloop
  endfacet
  facet normal 1.377876e-02 9.525055e-01 3.042094e-01
    outer loop
      vertex -6.806272e-03 6.975779e-03 1.300058e-02
      vertex -8.283130e-03 6.881147e-03 1.336377e-02
      vertex -6.806172e-03 6.821269e-03 1.348435e-02
    endloop
  endfacet
  facet normal 1.235842e-02 9.738448e-01 2.268779e-01
    outer loop
      vertex -6.805870e-03 6.435293e-03 1.496119e-02
      vertex -6.805971e-03 6.550915e-03 1.446490e-02
      vertex -8.163124e-03 6.549543e-03 1.454472e-02
    endloop
  endfacet
  facet normal 1.503071e-02 9.954207e-01 9.440177e-02
    outer loop
      vertex -6.805462e-03 6.105770e-03 1.698073e-02
      vertex -8.172383e-03 6.144435e-03 1.679067e-02
      vertex -6.805360e-03 6.057187e-03 1.749299e-02
    endloop
  endfacet
  facet normal 1.286984e-01 6.274519e-01 7.679458e-01
    outer loop
      vertex -1.826640e-02 1.457668e-02 4.090012e-03
      vertex -1.861025e-02 1.406972e-02 4.561852e-03
      vertex -1.820134e-02 1.368493e-02 4.807721e-03
    endloop
  endfacet
  facet normal 4.955679e-02 6.479792e-01 7.600441e-01
    outer loop
      vertex -9.727293e-03 1.321771e-02 4.177159e-03
      vertex -1.041132e-02 1.337682e-02 4.086112e-03
      vertex -9.359304e-03 1.246661e-02 4.793517e-03
    endloop
  endfacet
  facet normal 2.720458e-01 9.052031e-01 3.264941e-01
    outer loop
      vertex -2.356118e-02 9.803997e-03 1.228344e-02
      vertex -2.411859e-02 9.803979e-03 1.274794e-02
      vertex -2.287930e-02 9.418669e-03 1.278359e-02
    endloop
  endfacet
  facet normal 2.658227e-01 8.912461e-01 3.674488e-01
    outer loop
      vertex -2.356118e-02 9.803997e-03 1.228344e-02
      vertex -2.269007e-02 9.552758e-03 1.226263e-02
      vertex -2.268142e-02 9.804026e-03 1.164692e-02
    endloop
  endfacet
  facet normal 3.011942e-01 9.530668e-01 3.075318e-02
    outer loop
      vertex -2.372200e-02 8.555081e-03 1.904700e-02
      vertex -2.364373e-02 8.567728e-03 1.788850e-02
      vertex -2.433228e-02 8.747941e-03 1.904712e-02
    endloop
  endfacet
  facet normal 2.020522e-01 8.171118e-01 5.399104e-01
    outer loop
      vertex -2.022382e-02 1.102105e-02 8.289083e-03
      vertex -2.093018e-02 1.084316e-02 8.822651e-03
      vertex -2.036141e-02 1.042429e-02 9.243727e-03
    endloop
  endfacet
  facet normal 2.166699e-01 8.438298e-01 4.909230e-01
    outer loop
      vertex -2.115217e-02 1.055882e-02 9.365455e-03
      vertex -2.136612e-02 1.029063e-02 9.920865e-03
      vertex -2.049620e-02 9.899206e-03 1.020973e-02
    endloop
  endfacet
  facet normal 1.058083e-01 5.949086e-01 7.967988e-01
    outer loop
      vertex -1.461605e-02 1.446376e-02 3.635733e-03
      vertex -1.551747e-02 1.472295e-02 3.561915e-03
      vertex -1.489488e-02 1.388788e-02 4.102723e-03
    endloop
  endfacet
  facet normal 9.364371e-02 5.999328e-01 7.945511e-01
    outer loop
      vertex -1.461605e-02 1.446376e-02 3.635733e-03
      vertex -1.439481e-02 1.382483e-02 4.092083e-03
      vertex -1.364919e-02 1.419729e-02 3.722979e-03
    endloop
  endfacet
  facet normal 6.157964e-02 6.361221e-01 7.691272e-01
    outer loop
      vertex -1.250795e-02 1.356094e-02 4.097488e-03
      vertex -1.147301e-02 1.259985e-02 4.809517e-03
      vertex -1.135034e-02 1.360345e-02 3.969651e-03
    endloop
  endfacet
  facet normal 1.856758e-02 9.993766e-01 3.002602e-02
    outer loop
      vertex -7.480273e-03 5.998304e-03 1.904376e-02
      vertex -6.805154e-03 6.001357e-03 1.852469e-02
      vertex -7.971724e-03 6.019884e-03 1.862941e-02
    endloop
  endfacet
  facet normal 3.356917e-01 9.419661e-01 -3.305055e-03
    outer loop
      vertex -2.615439e-02 9.370543e-03 2.551656e-02
      vertex -2.656553e-02 9.520649e-03 2.653865e-02
      vertex -2.540947e-02 9.107719e-03 2.627113e-02
    endloop
  endfacet
  facet normal 2.785269e-01 9.604280e-01 -9.457864e-04
    outer loop
      vertex -2.298739e-02 8.335466e-03 3.419495e-02
      vertex -2.237537e-02 8.158431e-03 3.465661e-02
      vertex -2.270478e-02 8.252596e-03 3.326861e-02
    endloop
  endfacet
  facet normal 3.199174e-01 9.474454e-01 3.733142e-04
    outer loop
      vertex -2.527618e-02 9.062864e-03 3.219381e-02
      vertex -2.482993e-02 8.912526e-03 3.131662e-02
      vertex -2.544917e-02 9.121785e-03 3.089904e-02
    endloop
  endfacet
  facet normal 3.225499e-01 9.465524e-01 -1.335620e-04
    outer loop
      vertex -2.493860e-02 8.947032e-03 1.904725e-02
      vertex -2.554088e-02 9.152265e-03 1.904737e-02
      vertex -2.503189e-02 8.978958e-03 2.001762e-02
    endloop
  endfacet
  facet normal 3.119705e-01 9.500909e-01 -1.267051e-03
    outer loop
      vertex -2.493860e-02 8.947032e-03 1.904725e-02
      vertex -2.503189e-02 8.978958e-03 2.001762e-02
      vertex -2.433228e-02 8.747941e-03 1.904712e-02
    endloop
  endfacet
  facet normal 2.607707e-01 9.653986e-01 -2.031756e-03
    outer loop
      vertex -2.155572e-02 7.931322e-03 1.904657e-02
      vertex -2.207893e-02 8.074011e-03 1.969358e-02
      vertex -2.124905e-02 7.849847e-03 1.969341e-02
    endloop
  endfacet
  facet normal 2.286878e-01 9.734993e-01 1.021983e-03
    outer loop
      vertex -1.934700e-02 7.387209e-03 1.904612e-02
      vertex -2.029840e-02 7.610704e-03 1.904631e-02
      vertex -1.969689e-02 7.467535e-03 2.082518e-02
    endloop
  endfacet
  facet normal 2.138492e-01 9.768661e-01 -1.073851e-03
    outer loop
      vertex -1.870847e-02 7.247424e-03 1.904599e-02
      vertex -1.934700e-02 7.387209e-03 1.904612e-02
      vertex -1.872726e-02 7.252397e-03 1.982767e-02
    endloop
  endfacet
  facet normal 2.025518e-01 9.792706e-01 -1.360731e-03
    outer loop
      vertex -1.870847e-02 7.247424e-03 1.904599e-02
      vertex -1.872726e-02 7.252397e-03 1.982767e-02
      vertex -1.797757e-02 7.097145e-03 1.969275e-02
    endloop
  endfacet
  facet normal 3.982530e-02 9.992062e-01 -9.642898e-04
    outer loop
      vertex -9.499828e-03 6.057835e-03 1.904416e-02
      vertex -9.551226e-03 6.060820e-03 2.001453e-02
      vertex -8.700984e-03 6.026775e-03 1.985263e-02
    endloop
  endfacet
  facet normal 3.382530e-01 9.410525e-01 -2.260364e-03
    outer loop
      vertex -2.554088e-02 9.152265e-03 1.904737e-02
      vertex -2.658395e-02 9.527187e-03 1.904758e-02
      vertex -2.674427e-02 9.586239e-03 1.964061e-02
    endloop
  endfacet
  facet normal 2.852230e-01 9.584556e-01 3.271270e-03
    outer loop
      vertex -2.289900e-02 8.307590e-03 1.980156e-02
      vertex -2.248993e-02 8.188435e-03 1.904675e-02
      vertex -2.372200e-02 8.555081e-03 1.904700e-02
    endloop
  endfacet
  facet normal 2.734915e-01 9.618676e-01 -3.625173e-03
    outer loop
      vertex -2.207893e-02 8.074011e-03 1.969358e-02
      vertex -2.248993e-02 8.188435e-03 1.904675e-02
      vertex -2.289900e-02 8.307590e-03 1.980156e-02
    endloop
  endfacet
  facet normal 2.652939e-01 9.641631e-01 2.937108e-03
    outer loop
      vertex -2.175660e-02 7.986837e-03 3.509589e-02
      vertex -2.141706e-02 7.895115e-03 3.453665e-02
      vertex -2.237537e-02 8.158431e-03 3.465661e-02
    endloop
  endfacet
  facet normal 1.365318e-01 9.906331e-01 -2.279394e-03
    outer loop
      vertex -1.410686e-02 6.462857e-03 1.969198e-02
      vertex -1.448791e-02 6.513885e-03 1.904515e-02
      vertex -1.509077e-02 6.598959e-03 1.990781e-02
    endloop
  endfacet
  facet normal 1.037099e-01 9.946048e-01 2.364847e-03
    outer loop
      vertex -1.242601e-02 6.273209e-03 3.913986e-02
      vertex -1.214137e-02 6.245213e-03 3.843144e-02
      vertex -1.310903e-02 6.344805e-03 3.898124e-02
    endloop
  endfacet
  facet normal 9.578409e-02 9.953990e-01 -2.488060e-03
    outer loop
      vertex -1.217321e-02 6.246878e-03 1.904469e-02
      vertex -1.272307e-02 6.302484e-03 2.012298e-02
      vertex -1.177513e-02 6.211469e-03 2.020365e-02
    endloop
  endfacet
  facet normal 7.833810e-02 9.969257e-01 -1.531674e-03
    outer loop
      vertex -1.117354e-02 6.162415e-03 1.904449e-02
      vertex -1.177513e-02 6.211469e-03 2.020365e-02
      vertex -1.090059e-02 6.142084e-03 1.977221e-02
    endloop
  endfacet
  facet normal 8.455860e-02 9.964168e-01 1.857793e-03
    outer loop
      vertex -1.170528e-02 6.206611e-03 3.928637e-02
      vertex -1.116536e-02 6.162579e-03 3.832817e-02
      vertex -1.214137e-02 6.245213e-03 3.843144e-02
    endloop
  endfacet
  facet normal 5.299751e-02 9.985946e-01 -2.647189e-04
    outer loop
      vertex -9.551226e-03 6.060820e-03 2.001453e-02
      vertex -9.499828e-03 6.057835e-03 1.904416e-02
      vertex -1.017052e-02 6.093430e-03 1.904429e-02
    endloop
  endfacet
  facet normal 9.831204e-03 9.999502e-01 -1.735576e-03
    outer loop
      vertex -7.480273e-03 5.998304e-03 1.904376e-02
      vertex -7.779153e-03 6.003243e-03 2.019612e-02
      vertex -6.988015e-03 5.995269e-03 2.008324e-02
    endloop
  endfacet
  facet normal 2.321280e-01 9.726852e-01 -3.873186e-04
    outer loop
      vertex -1.978676e-02 7.489855e-03 3.327901e-02
      vertex -2.049908e-02 7.660183e-03 3.412329e-02
      vertex -1.971769e-02 7.474148e-03 3.522901e-02
    endloop
  endfacet
  facet normal -4.745430e-02 9.988582e-01 -5.518162e-03
    outer loop
      vertex -3.902024e-03 6.065614e-03 2.898224e-02
      vertex -4.572574e-03 6.037086e-03 2.958476e-02
      vertex -3.147182e-03 6.106226e-03 2.984219e-02
    endloop
  endfacet
  facet normal -3.598404e-01 9.330123e-01 1.725269e-03
    outer loop
      vertex 1.414866e-02 9.975508e-03 1.275962e-02
      vertex 1.349158e-02 9.721305e-03 1.318307e-02
      vertex 1.446488e-02 1.009547e-02 1.383838e-02
    endloop
  endfacet
  facet normal -1.160984e-01 9.932353e-01 2.177765e-03
    outer loop
      vertex 1.292683e-03 6.505552e-03 3.847134e-02
      vertex 1.185315e-03 6.494476e-03 3.779877e-02
      vertex 2.867342e-04 6.389539e-03 3.775466e-02
    endloop
  endfacet
  facet normal -1.568029e-01 9.876171e-01 5.038990e-03
    outer loop
      vertex 3.823220e-03 6.878562e-03 3.750779e-02
      vertex 3.522843e-03 6.836175e-03 3.646832e-02
      vertex 2.949328e-03 6.743028e-03 3.687822e-02
    endloop
  endfacet
  facet normal -1.932987e-01 9.810691e-01 1.179544e-02
    outer loop
      vertex 5.441344e-03 7.174216e-03 3.672755e-02
      vertex 6.100988e-03 7.316041e-03 3.574145e-02
      vertex 5.231400e-03 7.141024e-03 3.604776e-02
    endloop
  endfacet
  facet normal -5.987575e-02 9.949088e-01 8.106454e-02
    outer loop
      vertex -3.578047e-03 6.195415e-03 1.685462e-02
      vertex -3.482438e-03 6.118990e-03 1.786319e-02
      vertex -2.272055e-03 6.202371e-03 1.773387e-02
    endloop
  endfacet
  facet normal -8.243267e-02 9.938028e-01 7.457072e-02
    outer loop
      vertex -1.263768e-03 6.373371e-03 1.656955e-02
      vertex -2.272055e-03 6.202371e-03 1.773387e-02
      vertex -8.341717e-04 6.337382e-03 1.752405e-02
    endloop
  endfacet
  facet normal -1.146902e-01 9.904481e-01 7.654243e-02
    outer loop
      vertex -7.807054e-05 6.501291e-03 1.636401e-02
      vertex 1.458142e-03 6.624123e-03 1.707643e-02
      vertex 1.326640e-03 6.687116e-03 1.606426e-02
    endloop
  endfacet
  facet normal -2.103401e-01 9.746922e-01 7.571145e-02
    outer loop
      vertex 6.959137e-03 7.704654e-03 1.536204e-02
      vertex 7.683650e-03 7.970056e-03 1.395814e-02
      vertex 6.349748e-03 7.639551e-03 1.450716e-02
    endloop
  endfacet
  facet normal -2.583079e-01 9.638258e-01 6.570215e-02
    outer loop
      vertex 9.156388e-03 8.296722e-03 1.440209e-02
      vertex 1.025732e-02 8.628985e-03 1.385621e-02
      vertex 9.806229e-03 8.570019e-03 1.294778e-02
    endloop
  endfacet
  facet normal -2.829801e-01 9.566404e-01 6.900341e-02
    outer loop
      vertex 1.124936e-02 8.949255e-03 1.332495e-02
      vertex 1.172819e-02 9.144951e-03 1.257553e-02
      vertex 1.077660e-02 8.874047e-03 1.242882e-02
    endloop
  endfacet
  facet normal -3.078968e-01 9.494339e-01 6.143890e-02
    outer loop
      vertex 1.243024e-02 9.358562e-03 1.263781e-02
      vertex 1.326502e-02 9.662629e-03 1.212241e-02
      vertex 1.275011e-02 9.551868e-03 1.125361e-02
    endloop
  endfacet
  facet normal -3.239918e-01 9.441433e-01 6.018838e-02
    outer loop
      vertex 1.326502e-02 9.662629e-03 1.212241e-02
      vertex 1.421581e-02 1.002900e-02 1.149344e-02
      vertex 1.368191e-02 9.900275e-03 1.063869e-02
    endloop
  endfacet
  facet normal -2.013034e-02 9.908009e-01 1.338220e-01
    outer loop
      vertex -4.756034e-03 6.141021e-03 1.694161e-02
      vertex -5.509105e-03 6.259177e-03 1.595352e-02
      vertex -5.894582e-03 6.111513e-03 1.698882e-02
    endloop
  endfacet
  facet normal -4.964591e-02 9.897748e-01 1.337203e-01
    outer loop
      vertex -3.578047e-03 6.195415e-03 1.685462e-02
      vertex -2.537189e-03 6.401184e-03 1.571798e-02
      vertex -3.677507e-03 6.327462e-03 1.584030e-02
    endloop
  endfacet
  facet normal -6.491921e-02 9.890545e-01 1.325018e-01
    outer loop
      vertex -2.537189e-03 6.401184e-03 1.571798e-02
      vertex -2.188579e-03 6.292650e-03 1.669893e-02
      vertex -1.640195e-03 6.476913e-03 1.559219e-02
    endloop
  endfacet
  facet normal -1.491023e-01 9.812839e-01 1.218623e-01
    outer loop
      vertex 4.478593e-03 7.228364e-03 1.518416e-02
      vertex 4.144231e-03 7.297932e-03 1.421487e-02
      vertex 3.325107e-03 7.008526e-03 1.554306e-02
    endloop
  endfacet
  facet normal -1.568010e-01 9.797632e-01 1.244088e-01
    outer loop
      vertex 4.144231e-03 7.297932e-03 1.421487e-02
      vertex 4.478593e-03 7.228364e-03 1.518416e-02
      vertex 5.149150e-03 7.502990e-03 1.386654e-02
    endloop
  endfacet
  facet normal -1.939679e-01 9.739545e-01 1.174271e-01
    outer loop
      vertex 7.683650e-03 7.970056e-03 1.395814e-02
      vertex 7.583951e-03 8.080862e-03 1.287442e-02
      vertex 6.796499e-03 7.882858e-03 1.321596e-02
    endloop
  endfacet
  facet normal -2.139879e-01 9.702375e-01 1.133509e-01
    outer loop
      vertex 8.634755e-03 8.230970e-03 1.352035e-02
      vertex 8.515197e-03 8.330753e-03 1.244054e-02
      vertex 7.683650e-03 7.970056e-03 1.395814e-02
    endloop
  endfacet
  facet normal -2.470548e-01 9.627004e-01 1.103259e-01
    outer loop
      vertex 1.077660e-02 8.874047e-03 1.242882e-02
      vertex 1.122840e-02 9.155403e-03 1.098545e-02
      vertex 1.046044e-02 8.907845e-03 1.142594e-02
    endloop
  endfacet
  facet normal -2.742728e-01 9.560822e-01 1.033505e-01
    outer loop
      vertex 1.275011e-02 9.551868e-03 1.125361e-02
      vertex 1.221237e-02 9.492055e-03 1.037986e-02
      vertex 1.193253e-02 9.262872e-03 1.175736e-02
    endloop
  endfacet
  facet normal -2.892482e-01 9.519070e-01 1.010376e-01
    outer loop
      vertex 1.368191e-02 9.900275e-03 1.063869e-02
      vertex 1.312413e-02 9.822029e-03 9.779072e-03
      vertex 1.275011e-02 9.551868e-03 1.125361e-02
    endloop
  endfacet
  facet normal -4.343369e-02 9.814697e-01 1.866301e-01
    outer loop
      vertex -3.677507e-03 6.327462e-03 1.584030e-02
      vertex -2.537189e-03 6.401184e-03 1.571798e-02
      vertex -2.407506e-03 6.603287e-03 1.468532e-02
    endloop
  endfacet
  facet normal -1.293632e-01 9.761962e-01 1.740865e-01
    outer loop
      vertex 4.144231e-03 7.297932e-03 1.421487e-02
      vertex 4.779985e-03 7.612840e-03 1.292144e-02
      vertex 3.721385e-03 7.408242e-03 1.328209e-02
    endloop
  endfacet
  facet normal -1.605919e-01 9.735546e-01 1.624862e-01
    outer loop
      vertex 5.795994e-03 7.831782e-03 1.253315e-02
      vertex 6.796499e-03 7.882858e-03 1.321596e-02
      vertex 6.447392e-03 7.984798e-03 1.226014e-02
    endloop
  endfacet
  facet normal -1.605924e-01 9.735544e-01 1.624864e-01
    outer loop
      vertex 6.796499e-03 7.882858e-03 1.321596e-02
      vertex 6.838230e-03 8.076609e-03 1.209633e-02
      vertex 6.447392e-03 7.984798e-03 1.226014e-02
    endloop
  endfacet
  facet normal -1.856312e-01 9.695116e-01 1.599634e-01
    outer loop
      vertex 7.583951e-03 8.080862e-03 1.287442e-02
      vertex 8.515197e-03 8.330753e-03 1.244054e-02
      vertex 7.645627e-03 8.281919e-03 1.172742e-02
    endloop
  endfacet
  facet normal -2.149720e-01 9.646787e-01 1.522565e-01
    outer loop
      vertex 9.779612e-03 8.880105e-03 1.064042e-02
      vertex 1.046044e-02 8.907845e-03 1.142594e-02
      vertex 1.067927e-02 9.163046e-03 1.011798e-02
    endloop
  endfacet
  facet normal -2.236997e-01 9.630322e-01 1.500915e-01
    outer loop
      vertex 1.122840e-02 9.155403e-03 1.098545e-02
      vertex 1.166308e-02 9.484808e-03 9.519748e-03
      vertex 1.067927e-02 9.163046e-03 1.011798e-02
    endloop
  endfacet
  facet normal -2.672454e-01 9.537742e-01 1.374578e-01
    outer loop
      vertex 1.386160e-02 1.010349e-02 9.259858e-03
      vertex 1.347738e-02 1.013655e-02 8.283494e-03
      vertex 1.312413e-02 9.822029e-03 9.779072e-03
    endloop
  endfacet
  facet normal -7.971116e-02 9.703301e-01 2.282665e-01
    outer loop
      vertex 6.074147e-04 6.912864e-03 1.414870e-02
      vertex 1.628862e-03 7.055032e-03 1.390106e-02
      vertex 7.109256e-04 7.158002e-03 1.314280e-02
    endloop
  endfacet
  facet normal -9.170967e-02 9.703880e-01 2.234646e-01
    outer loop
      vertex 1.628862e-03 7.055032e-03 1.390106e-02
      vertex 2.510881e-03 7.194543e-03 1.365722e-02
      vertex 2.084934e-03 7.355463e-03 1.278362e-02
    endloop
  endfacet
  facet normal -1.140537e-01 9.698386e-01 2.154177e-01
    outer loop
      vertex 3.721385e-03 7.408242e-03 1.328209e-02
      vertex 4.779985e-03 7.612840e-03 1.292144e-02
      vertex 4.123557e-03 7.710681e-03 1.213340e-02
    endloop
  endfacet
  facet normal -1.232693e-01 9.698228e-01 2.103531e-01
    outer loop
      vertex 4.790401e-03 7.843884e-03 1.188806e-02
      vertex 5.795994e-03 7.831782e-03 1.253315e-02
      vertex 5.597872e-03 8.015181e-03 1.157150e-02
    endloop
  endfacet
  facet normal -1.522649e-01 9.668773e-01 2.048504e-01
    outer loop
      vertex 6.838230e-03 8.076609e-03 1.209633e-02
      vertex 7.645627e-03 8.281919e-03 1.172742e-02
      vertex 7.086971e-03 8.364889e-03 1.092056e-02
    endloop
  endfacet
  facet normal -1.788877e-01 9.646233e-01 1.936521e-01
    outer loop
      vertex 8.855426e-03 8.609464e-03 1.113482e-02
      vertex 9.779612e-03 8.880105e-03 1.064042e-02
      vertex 9.287813e-03 8.956882e-03 9.803669e-03
    endloop
  endfacet
  facet normal -2.032562e-01 9.617318e-01 1.837356e-01
    outer loop
      vertex 1.199708e-02 9.819994e-03 8.134758e-03
      vertex 1.112634e-02 9.526354e-03 8.708518e-03
      vertex 1.166308e-02 9.484808e-03 9.519748e-03
    endloop
  endfacet
  facet normal -2.155136e-01 9.599588e-01 1.789777e-01
    outer loop
      vertex 1.289979e-02 1.014105e-02 7.499739e-03
      vertex 1.199708e-02 9.819994e-03 8.134758e-03
      vertex 1.265316e-02 9.949332e-03 8.231050e-03
    endloop
  endfacet
  facet normal -3.494352e-02 9.580601e-01 2.844290e-01
    outer loop
      vertex -2.738437e-03 7.109611e-03 1.276686e-02
      vertex -1.571225e-03 6.904061e-03 1.360262e-02
      vertex -1.142546e-03 7.243136e-03 1.251316e-02
    endloop
  endfacet
  facet normal -6.755623e-02 9.599929e-01 2.717530e-01
    outer loop
      vertex 2.084934e-03 7.355463e-03 1.278362e-02
      vertex 2.664176e-03 7.743371e-03 1.155729e-02
      vertex 1.261516e-03 7.527649e-03 1.197066e-02
    endloop
  endfacet
  facet normal -7.830729e-02 9.605510e-01 2.668514e-01
    outer loop
      vertex 2.084934e-03 7.355463e-03 1.278362e-02
      vertex 3.140972e-03 7.530250e-03 1.246435e-02
      vertex 2.664176e-03 7.743371e-03 1.155729e-02
    endloop
  endfacet
  facet normal -9.483237e-02 9.599977e-01 2.634601e-01
    outer loop
      vertex 4.123557e-03 7.710681e-03 1.213340e-02
      vertex 4.790401e-03 7.843884e-03 1.188806e-02
      vertex 3.800285e-03 7.941450e-03 1.117616e-02
    endloop
  endfacet
  facet normal -1.039497e-01 9.613279e-01 2.550355e-01
    outer loop
      vertex 5.597872e-03 8.015181e-03 1.157150e-02
      vertex 5.171261e-03 8.213688e-03 1.064936e-02
      vertex 4.790401e-03 7.843884e-03 1.188806e-02
    endloop
  endfacet
  facet normal -1.191630e-01 9.623254e-01 2.443972e-01
    outer loop
      vertex 7.086971e-03 8.364889e-03 1.092056e-02
      vertex 6.475341e-03 8.369230e-03 1.060525e-02
      vertex 5.597872e-03 8.015181e-03 1.157150e-02
    endloop
  endfacet
  facet normal -1.102845e-01 9.613917e-01 2.521178e-01
    outer loop
      vertex 5.597872e-03 8.015181e-03 1.157150e-02
      vertex 6.475341e-03 8.369230e-03 1.060525e-02
      vertex 5.847299e-03 8.360438e-03 1.036405e-02
    endloop
  endfacet
  facet normal -1.271106e-01 9.620313e-01 2.415338e-01
    outer loop
      vertex 8.074970e-03 8.620045e-03 1.044142e-02
      vertex 8.644598e-03 9.060849e-03 8.985464e-03
      vertex 7.274415e-03 8.701391e-03 9.696110e-03
    endloop
  endfacet
  facet normal -1.416678e-01 9.619565e-01 2.336021e-01
    outer loop
      vertex 9.287813e-03 8.956882e-03 9.803669e-03
      vertex 9.520378e-03 9.311300e-03 8.485241e-03
      vertex 8.644598e-03 9.060849e-03 8.985464e-03
    endloop
  endfacet
  facet normal -1.527658e-01 9.615587e-01 2.281829e-01
    outer loop
      vertex 9.520378e-03 9.311300e-03 8.485241e-03
      vertex 1.018795e-02 9.227209e-03 9.286530e-03
      vertex 1.039667e-02 9.578348e-03 7.946575e-03
    endloop
  endfacet
  facet normal -1.875386e-01 9.597427e-01 2.091009e-01
    outer loop
      vertex 1.246222e-02 1.026552e-02 6.535967e-03
      vertex 1.289979e-02 1.014105e-02 7.499739e-03
      vertex 1.303228e-02 1.046990e-02 6.109196e-03
    endloop
  endfacet
  facet normal -1.271828e-02 9.410667e-01 3.379819e-01
    outer loop
      vertex -4.563773e-03 7.010234e-03 1.295543e-02
      vertex -3.725478e-03 7.221971e-03 1.239742e-02
      vertex -4.339398e-03 7.367483e-03 1.196915e-02
    endloop
  endfacet
  facet normal -2.056050e-02 9.418039e-01 3.355333e-01
    outer loop
      vertex -2.738437e-03 7.109611e-03 1.276686e-02
      vertex -1.574741e-03 7.549883e-03 1.160237e-02
      vertex -2.983648e-03 7.441359e-03 1.182065e-02
    endloop
  endfacet
  facet normal -4.357536e-02 9.459120e-01 3.214836e-01
    outer loop
      vertex 9.389653e-04 7.829774e-03 1.103798e-02
      vertex 1.139144e-04 7.377060e-03 1.225819e-02
      vertex 1.261516e-03 7.527649e-03 1.197066e-02
    endloop
  endfacet
  facet normal -8.870395e-02 9.549198e-01 2.833014e-01
    outer loop
      vertex 7.274415e-03 8.701391e-03 9.696110e-03
      vertex 7.364267e-03 9.055547e-03 8.530497e-03
      vertex 6.543841e-03 8.858073e-03 8.939236e-03
    endloop
  endfacet
  facet normal -1.142519e-01 9.567797e-01 2.674307e-01
    outer loop
      vertex 9.520378e-03 9.311300e-03 8.485241e-03
      vertex 9.954257e-03 9.770130e-03 7.029059e-03
      vertex 9.065771e-03 9.510217e-03 7.579365e-03
    endloop
  endfacet
  facet normal -1.459283e-01 9.590941e-01 2.425766e-01
    outer loop
      vertex 1.154235e-02 1.027627e-02 5.940109e-03
      vertex 1.246222e-02 1.026552e-02 6.535967e-03
      vertex 1.237813e-02 1.055991e-02 5.321461e-03
    endloop
  endfacet
  facet normal -1.610156e-01 9.565672e-01 2.430087e-01
    outer loop
      vertex 1.237813e-02 1.055991e-02 5.321461e-03
      vertex 1.246222e-02 1.026552e-02 6.535967e-03
      vertex 1.303228e-02 1.046990e-02 6.109196e-03
    endloop
  endfacet
  facet normal -2.910565e-02 9.318399e-01 3.617005e-01
    outer loop
      vertex 9.389653e-04 7.829774e-03 1.103798e-02
      vertex 2.439739e-03 8.048372e-03 1.059558e-02
      vertex 1.609488e-03 8.311155e-03 9.851770e-03
    endloop
  endfacet
  facet normal -4.105777e-02 9.353615e-01 3.513020e-01
    outer loop
      vertex 3.414293e-03 8.212163e-03 1.026290e-02
      vertex 4.448039e-03 8.405872e-03 9.867956e-03
      vertex 3.357111e-03 8.589912e-03 9.250439e-03
    endloop
  endfacet
  facet normal -5.590779e-02 9.438418e-01 3.256333e-01
    outer loop
      vertex 6.543841e-03 8.858073e-03 8.939236e-03
      vertex 7.465954e-03 9.460112e-03 7.352556e-03
      vertex 6.847369e-03 9.307623e-03 7.688337e-03
    endloop
  endfacet
  facet normal -6.526308e-02 9.471904e-01 3.139603e-01
    outer loop
      vertex 7.465954e-03 9.460112e-03 7.352556e-03
      vertex 8.002209e-03 9.220751e-03 8.186158e-03
      vertex 8.291483e-03 9.673410e-03 6.880656e-03
    endloop
  endfacet
  facet normal -8.060551e-02 9.471360e-01 3.105418e-01
    outer loop
      vertex 8.002209e-03 9.220751e-03 8.186158e-03
      vertex 9.065771e-03 9.510217e-03 7.579365e-03
      vertex 8.291483e-03 9.673410e-03 6.880656e-03
    endloop
  endfacet
  facet normal -9.022804e-02 9.488742e-01 3.024842e-01
    outer loop
      vertex 9.065771e-03 9.510217e-03 7.579365e-03
      vertex 9.954257e-03 9.770130e-03 7.029059e-03
      vertex 9.199081e-03 9.922974e-03 6.324337e-03
    endloop
  endfacet
  facet normal -9.923871e-02 9.504606e-01 2.945781e-01
    outer loop
      vertex 9.954257e-03 9.770130e-03 7.029059e-03
      vertex 1.067675e-02 9.993798e-03 6.550787e-03
      vertex 1.004106e-02 1.017002e-02 5.768059e-03
    endloop
  endfacet
  facet normal 1.193552e-03 9.015317e-01 4.327115e-01
    outer loop
      vertex -3.483024e-03 8.056719e-03 1.041432e-02
      vertex -4.794714e-03 7.748103e-03 1.106093e-02
      vertex -3.484929e-03 7.806259e-03 1.093615e-02
    endloop
  endfacet
  facet normal 6.970894e-03 9.028736e-01 4.298497e-01
    outer loop
      vertex -2.507416e-03 8.309515e-03 9.875712e-03
      vertex -2.553803e-03 7.865359e-03 1.080939e-02
      vertex -1.580932e-03 8.382325e-03 9.707754e-03
    endloop
  endfacet
  facet normal 7.130095e-03 9.050118e-01 4.253267e-01
    outer loop
      vertex -6.652161e-04 8.468470e-03 9.509105e-03
      vertex -1.580932e-03 8.382325e-03 9.707754e-03
      vertex -1.599023e-03 7.941441e-03 1.064617e-02
    endloop
  endfacet
  facet normal 1.030445e-03 9.142590e-01 4.051288e-01
    outer loop
      vertex 1.329273e-03 8.706907e-03 8.959385e-03
      vertex 1.609488e-03 8.311155e-03 9.851770e-03
      vertex 1.863209e-03 8.578459e-03 9.247898e-03
    endloop
  endfacet
  facet normal -1.122090e-02 9.268302e-01 3.753130e-01
    outer loop
      vertex 4.808287e-03 9.287235e-03 7.617914e-03
      vertex 5.055948e-03 8.909966e-03 8.556981e-03
      vertex 5.446939e-03 9.416248e-03 7.318412e-03
    endloop
  endfacet
  facet normal -2.249206e-02 9.335819e-01 3.576575e-01
    outer loop
      vertex 6.527451e-03 9.654810e-03 6.761967e-03
      vertex 6.847369e-03 9.307623e-03 7.688337e-03
      vertex 7.126472e-03 9.794699e-03 6.434491e-03
    endloop
  endfacet
  facet normal -2.725951e-02 9.359141e-01 3.511720e-01
    outer loop
      vertex 7.126472e-03 9.794699e-03 6.434491e-03
      vertex 7.465954e-03 9.460112e-03 7.352556e-03
      vertex 7.926820e-03 9.993714e-03 5.966218e-03
    endloop
  endfacet
  facet normal -4.140813e-02 9.422412e-01 3.323655e-01
    outer loop
      vertex 9.199081e-03 9.922974e-03 6.324337e-03
      vertex 9.153557e-03 1.032405e-02 5.181630e-03
      vertex 8.606970e-03 1.017349e-02 5.540367e-03
    endloop
  endfacet
  facet normal 1.323950e-02 8.757446e-01 4.825931e-01
    outer loop
      vertex -4.965085e-03 8.694859e-03 9.242121e-03
      vertex -4.421714e-03 8.206782e-03 1.011291e-02
      vertex -3.764841e-03 8.741365e-03 9.124799e-03
    endloop
  endfacet
  facet normal 1.806548e-02 8.781236e-01 4.780927e-01
    outer loop
      vertex -3.764841e-03 8.741365e-03 9.124799e-03
      vertex -3.172338e-03 8.267315e-03 9.973109e-03
      vertex -2.910703e-03 8.788721e-03 9.005545e-03
    endloop
  endfacet
  facet normal 2.426373e-02 8.824332e-01 4.698116e-01
    outer loop
      vertex -1.812280e-03 8.866031e-03 8.811172e-03
      vertex -1.580932e-03 8.382325e-03 9.707754e-03
      vertex -9.434460e-04 8.716560e-03 9.047047e-03
    endloop
  endfacet
  facet normal 2.207010e-02 8.895088e-01 4.563848e-01
    outer loop
      vertex 2.175288e-04 9.066244e-03 8.309359e-03
      vertex -9.434460e-04 8.716560e-03 9.047047e-03
      vertex 3.099146e-04 8.578281e-03 9.255946e-03
    endloop
  endfacet
  facet normal 2.835481e-02 8.945706e-01 4.460264e-01
    outer loop
      vertex 2.175288e-04 9.066244e-03 8.309359e-03
      vertex 1.329273e-03 8.706907e-03 8.959385e-03
      vertex 1.924171e-03 9.285697e-03 7.760719e-03
    endloop
  endfacet
  facet normal 7.390697e-03 8.937005e-01 4.486033e-01
    outer loop
      vertex 1.924171e-03 9.285697e-03 7.760719e-03
      vertex 2.172533e-03 9.011204e-03 8.303469e-03
      vertex 2.533588e-03 8.883482e-03 8.551966e-03
    endloop
  endfacet
  facet normal 1.231650e-02 9.073982e-01 4.200914e-01
    outer loop
      vertex 4.117329e-03 9.639542e-03 6.877190e-03
      vertex 3.820652e-03 9.101668e-03 8.047695e-03
      vertex 4.808287e-03 9.287235e-03 7.617914e-03
    endloop
  endfacet
  facet normal -5.760258e-04 9.199904e-01 3.919404e-01
    outer loop
      vertex 6.559577e-03 1.013832e-02 5.627079e-03
      vertex 6.527451e-03 9.654810e-03 6.761967e-03
      vertex 7.126472e-03 9.794699e-03 6.434491e-03
    endloop
  endfacet
  facet normal 1.104967e-02 8.451985e-01 5.343382e-01
    outer loop
      vertex -5.885385e-03 9.221248e-03 8.428527e-03
      vertex -6.060069e-03 8.673221e-03 9.298990e-03
      vertex -4.965085e-03 8.694859e-03 9.242121e-03
    endloop
  endfacet
  facet normal 1.893982e-02 8.478730e-01 5.298610e-01
    outer loop
      vertex -4.426018e-03 9.259914e-03 8.318661e-03
      vertex -4.965085e-03 8.694859e-03 9.242121e-03
      vertex -3.764841e-03 8.741365e-03 9.124799e-03
    endloop
  endfacet
  facet normal 3.485569e-02 8.529678e-01 5.207984e-01
    outer loop
      vertex -2.569790e-03 9.354126e-03 8.056704e-03
      vertex -3.494554e-03 9.299791e-03 8.207585e-03
      vertex -2.910703e-03 8.788721e-03 9.005545e-03
    endloop
  endfacet
  facet normal 4.916107e-02 8.597327e-01 5.083727e-01
    outer loop
      vertex -1.313716e-03 9.449745e-03 7.792259e-03
      vertex -1.154682e-03 8.923630e-03 8.666618e-03
      vertex -4.187590e-04 9.531003e-03 7.568295e-03
    endloop
  endfacet
  facet normal 5.346525e-02 8.659875e-01 4.971993e-01
    outer loop
      vertex -4.187590e-04 9.531003e-03 7.568295e-03
      vertex 2.175288e-04 9.066244e-03 8.309359e-03
      vertex 4.180513e-04 9.620635e-03 7.322196e-03
    endloop
  endfacet
  facet normal 5.664437e-02 8.719841e-01 4.862459e-01
    outer loop
      vertex 1.452966e-03 9.748556e-03 6.972235e-03
      vertex 4.180513e-04 9.620635e-03 7.322196e-03
      vertex 1.198187e-03 9.416652e-03 7.597118e-03
    endloop
  endfacet
  facet normal 4.654263e-02 8.931876e-01 4.472691e-01
    outer loop
      vertex 4.435655e-03 1.021685e-02 5.698406e-03
      vertex 4.938166e-03 9.795093e-03 6.488357e-03
      vertex 5.575634e-03 9.925522e-03 6.161558e-03
    endloop
  endfacet
  facet normal 3.728151e-02 9.029445e-01 4.281371e-01
    outer loop
      vertex 5.999363e-03 1.052580e-02 4.858677e-03
      vertex 5.575634e-03 9.925522e-03 6.161558e-03
      vertex 6.559577e-03 1.013832e-02 5.627079e-03
    endloop
  endfacet
  facet normal 3.386324e-02 9.081047e-01 4.173716e-01
    outer loop
      vertex 6.746708e-03 1.068922e-02 4.413261e-03
      vertex 6.559577e-03 1.013832e-02 5.627079e-03
      vertex 7.333346e-03 1.031931e-02 5.170516e-03
    endloop
  endfacet
  facet normal 7.345695e-02 8.468283e-01 5.267693e-01
    outer loop
      vertex 8.918242e-04 1.024363e-02 6.254609e-03
      vertex 4.180513e-04 9.620635e-03 7.322196e-03
      vertex 1.452966e-03 9.748556e-03 6.972235e-03
    endloop
  endfacet
  facet normal 8.822952e-02 8.508308e-01 5.179793e-01
    outer loop
      vertex 8.918242e-04 1.024363e-02 6.254609e-03
      vertex 1.452966e-03 9.748556e-03 6.972235e-03
      vertex 1.621858e-03 1.033388e-02 5.982015e-03
    endloop
  endfacet
  facet normal 7.520133e-02 8.527436e-01 5.168879e-01
    outer loop
      vertex 1.621858e-03 1.033388e-02 5.982015e-03
      vertex 1.452966e-03 9.748556e-03 6.972235e-03
      vertex 2.024230e-03 9.825509e-03 6.762168e-03
    endloop
  endfacet
  facet normal 7.845316e-02 8.712353e-01 4.845557e-01
    outer loop
      vertex 3.938317e-03 1.068036e-02 4.945540e-03
      vertex 3.645260e-03 1.007733e-02 6.077241e-03
      vertex 4.435655e-03 1.021685e-02 5.698406e-03
    endloop
  endfacet
  facet normal 9.530871e-02 8.745563e-01 4.754657e-01
    outer loop
      vertex 3.938317e-03 1.068036e-02 4.945540e-03
      vertex 4.435655e-03 1.021685e-02 5.698406e-03
      vertex 4.727156e-03 1.081961e-02 4.531283e-03
    endloop
  endfacet
  facet normal 8.081072e-02 8.772277e-01 4.732243e-01
    outer loop
      vertex 4.727156e-03 1.081961e-02 4.531283e-03
      vertex 4.435655e-03 1.021685e-02 5.698406e-03
      vertex 5.999363e-03 1.052580e-02 4.858677e-03
    endloop
  endfacet
  facet normal 3.929853e-02 7.861671e-01 6.167633e-01
    outer loop
      vertex -5.187677e-03 9.810511e-03 7.571948e-03
      vertex -3.845513e-03 9.865195e-03 7.416724e-03
      vertex -4.741748e-03 1.044400e-02 6.736048e-03
    endloop
  endfacet
  facet normal 6.986351e-02 7.956312e-01 6.017393e-01
    outer loop
      vertex -3.649908e-03 1.048427e-02 6.596058e-03
      vertex -3.105711e-03 9.904411e-03 7.299577e-03
      vertex -2.485325e-03 1.054423e-02 6.381573e-03
    endloop
  endfacet
  facet normal 1.017636e-01 8.149541e-01 5.705208e-01
    outer loop
      vertex -1.007551e-03 1.064964e-02 6.013442e-03
      vertex 8.329213e-05 1.015396e-02 6.526908e-03
      vertex -2.428085e-04 1.071714e-02 5.780607e-03
    endloop
  endfacet
  facet normal 1.042928e-01 8.266361e-01 5.529880e-01
    outer loop
      vertex 8.918242e-04 1.024363e-02 6.254609e-03
      vertex 1.621858e-03 1.033388e-02 5.982015e-03
      vertex 1.229741e-03 1.087310e-02 5.249918e-03
    endloop
  endfacet
  facet normal 1.238935e-01 8.294968e-01 5.445967e-01
    outer loop
      vertex 1.229741e-03 1.087310e-02 5.249918e-03
      vertex 1.621858e-03 1.033388e-02 5.982015e-03
      vertex 1.963349e-03 1.096400e-02 4.944573e-03
    endloop
  endfacet
  facet normal 2.242803e-02 7.520155e-01 6.587637e-01
    outer loop
      vertex -5.576525e-03 1.113799e-02 5.993265e-03
      vertex -6.271019e-03 1.112784e-02 6.028503e-03
      vertex -5.780216e-03 1.041868e-02 6.821334e-03
    endloop
  endfacet
  facet normal 5.620139e-02 7.534575e-01 6.550903e-01
    outer loop
      vertex -4.340276e-03 1.114928e-02 5.890419e-03
      vertex -4.741748e-03 1.044400e-02 6.736048e-03
      vertex -3.649908e-03 1.048427e-02 6.596058e-03
    endloop
  endfacet
  facet normal 1.059710e-01 7.662883e-01 6.336974e-01
    outer loop
      vertex -2.748194e-03 1.123636e-02 5.588579e-03
      vertex -2.485325e-03 1.054423e-02 6.381573e-03
      vertex -2.011722e-03 1.128041e-02 5.412153e-03
    endloop
  endfacet
  facet normal 1.197094e-01 7.720517e-01 6.241841e-01
    outer loop
      vertex -2.011722e-03 1.128041e-02 5.412153e-03
      vertex -1.721977e-03 1.059461e-02 6.204853e-03
      vertex -1.323504e-03 1.132330e-02 5.227118e-03
    endloop
  endfacet
  facet normal 1.313255e-01 7.782928e-01 6.140146e-01
    outer loop
      vertex -1.323504e-03 1.132330e-02 5.227118e-03
      vertex -1.007551e-03 1.064964e-02 6.013442e-03
      vertex -5.975308e-04 1.137920e-02 5.000992e-03
    endloop
  endfacet
  facet normal 2.507616e-02 7.137688e-01 6.999323e-01
    outer loop
      vertex -5.656897e-03 1.183576e-02 5.284582e-03
      vertex -6.271019e-03 1.112784e-02 6.028503e-03
      vertex -5.576525e-03 1.113799e-02 5.993265e-03
    endloop
  endfacet
  facet normal 7.071909e-02 7.206001e-01 6.897350e-01
    outer loop
      vertex -4.963726e-03 1.186032e-02 5.211487e-03
      vertex -4.340276e-03 1.114928e-02 5.890419e-03
      vertex -4.302269e-03 1.185946e-02 5.144561e-03
    endloop
  endfacet
  facet normal -3.736859e-01 9.273403e-01 1.997215e-02
    outer loop
      vertex 1.601474e-02 1.076288e-02 1.053910e-02
      vertex 1.519889e-02 1.042854e-02 1.079801e-02
      vertex 1.543253e-02 1.049949e-02 1.187530e-02
    endloop
  endfacet
  facet normal -2.164873e-01 9.760000e-01 2.360465e-02
    outer loop
      vertex 6.208996e-03 7.497407e-03 1.674782e-02
      vertex 5.859025e-03 7.443156e-03 1.578124e-02
      vertex 5.640155e-03 7.366313e-03 1.695123e-02
    endloop
  endfacet
  facet normal -1.053389e-02 9.889551e-01 1.478407e-01
    outer loop
      vertex -6.805565e-03 6.167984e-03 1.647117e-02
      vertex -5.509105e-03 6.259177e-03 1.595352e-02
      vertex -6.805667e-03 6.243716e-03 1.596457e-02
    endloop
  endfacet
  facet normal -1.025645e-02 9.846294e-01 1.743554e-01
    outer loop
      vertex -6.805667e-03 6.243716e-03 1.596457e-02
      vertex -5.509105e-03 6.259177e-03 1.595352e-02
      vertex -6.805769e-03 6.332857e-03 1.546116e-02
    endloop
  endfacet
  facet normal -8.448458e-03 9.796140e-01 2.007113e-01
    outer loop
      vertex -6.805769e-03 6.332857e-03 1.546116e-02
      vertex -5.684786e-03 6.445745e-03 1.495737e-02
      vertex -6.805870e-03 6.435293e-03 1.496119e-02
    endloop
  endfacet
  facet normal -8.305713e-03 9.738846e-01 2.268914e-01
    outer loop
      vertex -6.805870e-03 6.435293e-03 1.496119e-02
      vertex -5.684786e-03 6.445745e-03 1.495737e-02
      vertex -6.805971e-03 6.550915e-03 1.446490e-02
    endloop
  endfacet
  facet normal -5.209069e-03 9.674817e-01 2.528876e-01
    outer loop
      vertex -6.805971e-03 6.550915e-03 1.446490e-02
      vertex -5.979804e-03 6.670808e-03 1.402324e-02
      vertex -6.806072e-03 6.679611e-03 1.397255e-02
    endloop
  endfacet
  facet normal -6.866805e-03 9.603626e-01 2.786693e-01
    outer loop
      vertex -6.806072e-03 6.679611e-03 1.397255e-02
      vertex -5.979804e-03 6.670808e-03 1.402324e-02
      vertex -6.806172e-03 6.821269e-03 1.348435e-02
    endloop
  endfacet
  facet normal -5.682912e-03 9.525794e-01 3.042370e-01
    outer loop
      vertex -6.806172e-03 6.821269e-03 1.348435e-02
      vertex -5.761301e-03 6.975192e-03 1.302193e-02
      vertex -6.806272e-03 6.975779e-03 1.300058e-02
    endloop
  endfacet
  facet normal -6.205305e-03 9.441121e-01 3.295661e-01
    outer loop
      vertex -6.806272e-03 6.975779e-03 1.300058e-02
      vertex -5.761301e-03 6.975192e-03 1.302193e-02
      vertex -6.806371e-03 7.143028e-03 1.252145e-02
    endloop
  endfacet
  facet normal -4.413661e-03 9.349882e-01 3.546514e-01
    outer loop
      vertex -6.806371e-03 7.143028e-03 1.252145e-02
      vertex -5.681668e-03 7.326781e-03 1.205101e-02
      vertex -6.806469e-03 7.322907e-03 1.204723e-02
    endloop
  endfacet
  facet normal -4.463424e-03 9.251926e-01 3.794717e-01
    outer loop
      vertex -6.806469e-03 7.322907e-03 1.204723e-02
      vertex -5.681668e-03 7.326781e-03 1.205101e-02
      vertex -6.806566e-03 7.515304e-03 1.157814e-02
    endloop
  endfacet
  facet normal -3.443775e-03 9.147450e-01 4.040169e-01
    outer loop
      vertex -6.806566e-03 7.515304e-03 1.157814e-02
      vertex -6.071463e-03 7.716976e-03 1.112780e-02
      vertex -6.806663e-03 7.720106e-03 1.111444e-02
    endloop
  endfacet
  facet normal -3.931546e-03 9.036424e-01 4.282698e-01
    outer loop
      vertex -6.806663e-03 7.720106e-03 1.111444e-02
      vertex -6.071463e-03 7.716976e-03 1.112780e-02
      vertex -6.806759e-03 7.937203e-03 1.065637e-02
    endloop
  endfacet
  facet normal -1.200280e-03 8.919027e-01 4.522257e-01
    outer loop
      vertex -6.806759e-03 7.937203e-03 1.065637e-02
      vertex -5.823584e-03 8.162033e-03 1.021556e-02
      vertex -6.806854e-03 8.166485e-03 1.020417e-02
    endloop
  endfacet
  facet normal -1.530100e-03 8.795202e-01 4.758591e-01
    outer loop
      vertex -6.806854e-03 8.166485e-03 1.020417e-02
      vertex -5.823584e-03 8.162033e-03 1.021556e-02
      vertex -6.806949e-03 8.407839e-03 9.758079e-03
    endloop
  endfacet
  facet normal -1.061984e-03 8.665053e-01 4.991667e-01
    outer loop
      vertex -6.806949e-03 8.407839e-03 9.758079e-03
      vertex -6.060069e-03 8.673221e-03 9.298990e-03
      vertex -6.807042e-03 8.661154e-03 9.318348e-03
    endloop
  endfacet
  facet normal -2.466735e-04 8.528679e-01 5.221267e-01
    outer loop
      vertex -6.807042e-03 8.661154e-03 9.318348e-03
      vertex -6.060069e-03 8.673221e-03 9.298990e-03
      vertex -6.807134e-03 8.926317e-03 8.885217e-03
    endloop
  endfacet
  facet normal 1.565930e-03 8.386076e-01 5.447337e-01
    outer loop
      vertex -6.807134e-03 8.926317e-03 8.885217e-03
      vertex -5.885385e-03 9.221248e-03 8.428527e-03
      vertex -6.807225e-03 9.203221e-03 8.458928e-03
    endloop
  endfacet
  facet normal 2.931446e-03 8.186399e-01 5.742997e-01
    outer loop
      vertex -6.807225e-03 9.203221e-03 8.458928e-03
      vertex -5.885385e-03 9.221248e-03 8.428527e-03
      vertex -6.807360e-03 9.641775e-03 7.833789e-03
    endloop
  endfacet
  facet normal 9.857067e-03 7.975732e-01 6.031416e-01
    outer loop
      vertex -6.807360e-03 9.641775e-03 7.833789e-03
      vertex -6.190007e-03 9.804214e-03 7.608897e-03
      vertex -6.807492e-03 1.010325e-02 7.223552e-03
    endloop
  endfacet
  facet normal 9.042487e-03 7.755076e-01 6.312735e-01
    outer loop
      vertex -6.807492e-03 1.010325e-02 7.223552e-03
      vertex -5.780216e-03 1.041868e-02 6.821334e-03
      vertex -6.807578e-03 1.042600e-02 6.827067e-03
    endloop
  endfacet
  facet normal 9.034761e-03 7.582709e-01 6.518770e-01
    outer loop
      vertex -6.807578e-03 1.042600e-02 6.827067e-03
      vertex -5.780216e-03 1.041868e-02 6.821334e-03
      vertex -6.807663e-03 1.075992e-02 6.438640e-03
    endloop
  endfacet
  facet normal 5.315426e-02 6.836713e-01 7.278517e-01
    outer loop
      vertex -5.978423e-03 1.243266e-02 4.747401e-03
      vertex -5.656897e-03 1.183576e-02 5.284582e-03
      vertex -5.108891e-03 1.227251e-02 4.834330e-03
    endloop
  endfacet
  facet normal 8.018358e-02 6.881114e-01 7.211611e-01
    outer loop
      vertex -5.108891e-03 1.227251e-02 4.834330e-03
      vertex -4.963726e-03 1.186032e-02 5.211487e-03
      vertex -4.223213e-03 1.211844e-02 4.882863e-03
    endloop
  endfacet
  facet normal 1.255756e-01 7.312412e-01 6.704604e-01
    outer loop
      vertex -3.413441e-03 1.198496e-02 4.896719e-03
      vertex -2.748194e-03 1.123636e-02 5.588579e-03
      vertex -2.528059e-03 1.184761e-02 4.880684e-03
    endloop
  endfacet
  facet normal 1.387275e-01 7.414458e-01 6.565157e-01
    outer loop
      vertex -2.528059e-03 1.184761e-02 4.880684e-03
      vertex -2.011722e-03 1.128041e-02 5.412153e-03
      vertex -1.685957e-03 1.172453e-02 4.841740e-03
    endloop
  endfacet
  facet normal 1.486528e-01 7.515689e-01 6.426869e-01
    outer loop
      vertex -1.685957e-03 1.172453e-02 4.841740e-03
      vertex -1.323504e-03 1.132330e-02 5.227118e-03
      vertex -1.074617e-03 1.164065e-02 4.798435e-03
    endloop
  endfacet
  facet normal 1.556838e-01 8.035495e-01 5.745178e-01
    outer loop
      vertex 8.069466e-04 1.140339e-02 4.622800e-03
      vertex 1.229741e-03 1.087310e-02 5.249918e-03
      vertex 1.611943e-03 1.131351e-02 4.530361e-03
    endloop
  endfacet
  facet normal 1.516972e-01 8.151055e-01 5.590984e-01
    outer loop
      vertex 1.611943e-03 1.131351e-02 4.530361e-03
      vertex 1.963349e-03 1.096400e-02 4.944573e-03
      vertex 2.781790e-03 1.119368e-02 4.387661e-03
    endloop
  endfacet
  facet normal 1.327027e-01 8.529235e-01 5.048876e-01
    outer loop
      vertex 3.365621e-03 1.113894e-02 4.321371e-03
      vertex 3.938317e-03 1.068036e-02 4.945540e-03
      vertex 4.179429e-03 1.106696e-02 4.229068e-03
    endloop
  endfacet
  facet normal 1.197419e-01 8.635784e-01 4.897901e-01
    outer loop
      vertex 4.179429e-03 1.106696e-02 4.229068e-03
      vertex 4.727156e-03 1.081961e-02 4.531283e-03
      vertex 5.106396e-03 1.099201e-02 4.134590e-03
    endloop
  endfacet
  facet normal 1.023829e-01 8.890678e-01 4.461796e-01
    outer loop
      vertex 5.106396e-03 1.099201e-02 4.134590e-03
      vertex 5.999363e-03 1.052580e-02 4.858677e-03
      vertex 5.950646e-03 1.093065e-02 4.063143e-03
    endloop
  endfacet
  facet normal 8.273737e-02 8.983812e-01 4.313534e-01
    outer loop
      vertex 6.881020e-03 1.087196e-02 4.006915e-03
      vertex 5.950646e-03 1.093065e-02 4.063143e-03
      vertex 6.746708e-03 1.068922e-02 4.413261e-03
    endloop
  endfacet
  facet normal 3.857220e-02 9.177933e-01 3.951805e-01
    outer loop
      vertex 7.686352e-03 1.082846e-02 3.989545e-03
      vertex 8.143414e-03 1.052087e-02 4.659307e-03
      vertex 8.434727e-03 1.079408e-02 3.996342e-03
    endloop
  endfacet
  facet normal -1.254890e-02 9.341871e-01 3.565628e-01
    outer loop
      vertex 9.126292e-03 1.076683e-02 4.032191e-03
      vertex 9.543185e-03 1.043313e-02 4.921165e-03
      vertex 1.004926e-02 1.073718e-02 4.142373e-03
    endloop
  endfacet
  facet normal -1.423122e-01 9.519506e-01 2.711778e-01
    outer loop
      vertex 1.227094e-02 1.069670e-02 4.785022e-03
      vertex 1.237813e-02 1.055991e-02 5.321461e-03
      vertex 1.301435e-02 1.069447e-02 5.182985e-03
    endloop
  endfacet
  facet normal -1.681465e-01 9.572555e-01 2.353482e-01
    outer loop
      vertex 1.301435e-02 1.069447e-02 5.182985e-03
      vertex 1.303228e-02 1.046990e-02 6.109196e-03
      vertex 1.357060e-02 1.069697e-02 5.570220e-03
    endloop
  endfacet
  facet normal -2.327634e-01 9.562724e-01 1.770994e-01
    outer loop
      vertex 1.423281e-02 1.070404e-02 6.182548e-03
      vertex 1.361990e-02 1.041172e-02 6.955381e-03
      vertex 1.465027e-02 1.071123e-02 6.692391e-03
    endloop
  endfacet
  facet normal -2.353714e-01 9.572719e-01 1.680201e-01
    outer loop
      vertex 1.430064e-02 1.047346e-02 7.557271e-03
      vertex 1.465027e-02 1.071123e-02 6.692391e-03
      vertex 1.361990e-02 1.041172e-02 6.955381e-03
    endloop
  endfacet
  facet normal -3.497776e-01 9.344918e-01 6.618603e-02
    outer loop
      vertex 1.569319e-02 1.074312e-02 8.823404e-03
      vertex 1.537246e-02 1.058131e-02 9.412987e-03
      vertex 1.593001e-02 1.075640e-02 9.887410e-03
    endloop
  endfacet
  facet normal -1.091202e-01 9.935649e-01 3.035774e-02
    outer loop
      vertex -8.341717e-04 6.337382e-03 1.752405e-02
      vertex -1.334298e-04 6.385924e-03 1.845416e-02
      vertex 3.436253e-04 6.473204e-03 1.731238e-02
    endloop
  endfacet
  facet normal -3.441063e-01 9.371029e-01 5.855728e-02
    outer loop
      vertex 1.464597e-02 1.028044e-02 9.958634e-03
      vertex 1.593001e-02 1.075640e-02 9.887410e-03
      vertex 1.537246e-02 1.058131e-02 9.412987e-03
    endloop
  endfacet
  facet normal -2.694568e-01 9.541906e-01 1.300512e-01
    outer loop
      vertex 1.430064e-02 1.047346e-02 7.557271e-03
      vertex 1.488156e-02 1.050834e-02 8.504924e-03
      vertex 1.521982e-02 1.072522e-02 7.614551e-03
    endloop
  endfacet
  facet normal -1.355757e-02 9.711079e-01 2.382553e-01
    outer loop
      vertex -5.684786e-03 6.445745e-03 1.495737e-02
      vertex -5.979804e-03 6.670808e-03 1.402324e-02
      vertex -6.805971e-03 6.550915e-03 1.446490e-02
    endloop
  endfacet
  facet normal -1.354480e-02 9.575012e-01 2.881109e-01
    outer loop
      vertex -5.979804e-03 6.670808e-03 1.402324e-02
      vertex -5.761301e-03 6.975192e-03 1.302193e-02
      vertex -6.806172e-03 6.821269e-03 1.348435e-02
    endloop
  endfacet
  facet normal -1.238999e-01 9.547570e-01 2.703479e-01
    outer loop
      vertex 1.154235e-02 1.027627e-02 5.940109e-03
      vertex 1.237813e-02 1.055991e-02 5.321461e-03
      vertex 1.191361e-02 1.055098e-02 5.140098e-03
    endloop
  endfacet
  facet normal -6.121409e-02 9.476533e-01 3.133784e-01
    outer loop
      vertex 1.035360e-02 1.067265e-02 4.343950e-03
      vertex 1.099756e-02 1.046455e-02 5.099030e-03
      vertex 1.128597e-02 1.070885e-02 4.416588e-03
    endloop
  endfacet
  facet normal -9.414406e-03 8.722799e-01 4.889163e-01
    outer loop
      vertex -5.823584e-03 8.162033e-03 1.021556e-02
      vertex -6.060069e-03 8.673221e-03 9.298990e-03
      vertex -6.806949e-03 8.407839e-03 9.758079e-03
    endloop
  endfacet
  facet normal 1.626085e-02 9.219062e-01 3.870717e-01
    outer loop
      vertex 8.143414e-03 1.052087e-02 4.659307e-03
      vertex 9.126292e-03 1.076683e-02 4.032191e-03
      vertex 8.434727e-03 1.079408e-02 3.996342e-03
    endloop
  endfacet
  facet normal 7.272001e-02 8.906642e-01 4.488085e-01
    outer loop
      vertex 5.999363e-03 1.052580e-02 4.858677e-03
      vertex 6.746708e-03 1.068922e-02 4.413261e-03
      vertex 5.950646e-03 1.093065e-02 4.063143e-03
    endloop
  endfacet
  facet normal -1.557721e-03 7.888113e-01 6.146335e-01
    outer loop
      vertex -6.190007e-03 9.804214e-03 7.608897e-03
      vertex -5.780216e-03 1.041868e-02 6.821334e-03
      vertex -6.807492e-03 1.010325e-02 7.223552e-03
    endloop
  endfacet
  facet normal -1.003495e-03 7.450347e-01 6.670250e-01
    outer loop
      vertex -5.780216e-03 1.041868e-02 6.821334e-03
      vertex -6.271019e-03 1.112784e-02 6.028503e-03
      vertex -6.807663e-03 1.075992e-02 6.438640e-03
    endloop
  endfacet
  facet normal 1.165346e-01 7.335130e-01 6.696106e-01
    outer loop
      vertex -2.748194e-03 1.123636e-02 5.588579e-03
      vertex -2.011722e-03 1.128041e-02 5.412153e-03
      vertex -2.528059e-03 1.184761e-02 4.880684e-03
    endloop
  endfacet
  facet normal 1.294365e-01 7.452134e-01 6.541430e-01
    outer loop
      vertex -2.011722e-03 1.128041e-02 5.412153e-03
      vertex -1.323504e-03 1.132330e-02 5.227118e-03
      vertex -1.685957e-03 1.172453e-02 4.841740e-03
    endloop
  endfacet
  facet normal 2.768309e-02 6.768906e-01 7.355629e-01
    outer loop
      vertex -6.336533e-03 1.184418e-02 5.302412e-03
      vertex -5.656897e-03 1.183576e-02 5.284582e-03
      vertex -5.978423e-03 1.243266e-02 4.747401e-03
    endloop
  endfacet
  facet normal 5.247791e-02 6.841281e-01 7.274715e-01
    outer loop
      vertex -5.656897e-03 1.183576e-02 5.284582e-03
      vertex -4.963726e-03 1.186032e-02 5.211487e-03
      vertex -5.108891e-03 1.227251e-02 4.834330e-03
    endloop
  endfacet
  facet normal 7.300055e-02 6.977876e-01 7.125752e-01
    outer loop
      vertex -4.223213e-03 1.211844e-02 4.882863e-03
      vertex -4.963726e-03 1.186032e-02 5.211487e-03
      vertex -4.302269e-03 1.185946e-02 5.144561e-03
    endloop
  endfacet
  facet normal 1.017591e-01 6.915677e-01 7.151078e-01
    outer loop
      vertex -4.223213e-03 1.211844e-02 4.882863e-03
      vertex -4.302269e-03 1.185946e-02 5.144561e-03
      vertex -3.413441e-03 1.198496e-02 4.896719e-03
    endloop
  endfacet
  facet normal 8.965472e-03 6.832004e-01 7.301759e-01
    outer loop
      vertex -6.807989e-03 1.220523e-02 4.970382e-03
      vertex -6.336533e-03 1.184418e-02 5.302412e-03
      vertex -5.978423e-03 1.243266e-02 4.747401e-03
    endloop
  endfacet
  facet normal 1.653615e-01 9.860883e-01 1.689739e-02
    outer loop
      vertex -3.716921e-03 1.213127e-02 -6.033300e-04
      vertex -4.192342e-03 1.218076e-02 1.160967e-03
      vertex -3.342780e-03 1.205178e-02 3.742814e-04
    endloop
  endfacet
  facet normal 1.799703e-01 9.834979e-01 1.850733e-02
    outer loop
      vertex -5.022706e-03 1.236554e-02 -8.341453e-04
      vertex -5.710695e-03 1.246199e-02 7.306062e-04
      vertex -4.766060e-03 1.229826e-02 2.458294e-04
    endloop
  endfacet
  facet normal -1.765909e-02 9.998440e-01 3.577015e-04
    outer loop
      vertex 1.463473e-02 1.071136e-02 5.557101e-03
      vertex 1.423281e-02 1.070404e-02 6.182548e-03
      vertex 1.465027e-02 1.071123e-02 6.692391e-03
    endloop
  endfacet
  facet normal 2.843786e-03 9.999959e-01 2.904334e-04
    outer loop
      vertex 1.305414e-02 1.069466e-02 4.130136e-03
      vertex 1.227094e-02 1.069670e-02 4.785022e-03
      vertex 1.301435e-02 1.069447e-02 5.182985e-03
    endloop
  endfacet
  facet normal 1.033490e-02 9.999465e-01 -3.325271e-04
    outer loop
      vertex 1.168675e-02 1.070265e-02 4.546454e-03
      vertex 1.227094e-02 1.069670e-02 4.785022e-03
      vertex 1.212585e-02 1.069785e-02 3.734244e-03
    endloop
  endfacet
  facet normal 5.404008e-02 9.985267e-01 4.911120e-03
    outer loop
      vertex 7.577297e-03 1.083895e-02 3.056244e-03
      vertex 6.881020e-03 1.087196e-02 4.006915e-03
      vertex 7.686352e-03 1.082846e-02 3.989545e-03
    endloop
  endfacet
  facet normal 1.202767e-01 9.926639e-01 1.232674e-02
    outer loop
      vertex 7.554781e-06 1.149920e-02 4.706726e-03
      vertex 8.069466e-04 1.140339e-02 4.622800e-03
      vertex 4.019485e-04 1.146551e-02 3.571775e-03
    endloop
  endfacet
  facet normal 1.306068e-01 9.913598e-01 1.214832e-02
    outer loop
      vertex -3.762824e-04 1.155842e-02 4.001024e-03
      vertex -1.074617e-03 1.164065e-02 4.798435e-03
      vertex 7.554781e-06 1.149920e-02 4.706726e-03
    endloop
  endfacet
  facet normal 1.452892e-01 9.892728e-01 1.518047e-02
    outer loop
      vertex -2.528059e-03 1.184761e-02 4.880684e-03
      vertex -1.685957e-03 1.172453e-02 4.841740e-03
      vertex -1.900998e-03 1.176751e-02 4.099440e-03
    endloop
  endfacet
  facet normal -6.694346e-02 9.977370e-01 -6.278090e-03
    outer loop
      vertex 1.848996e-02 1.095445e-02 2.081104e-02
      vertex 1.885019e-02 1.097006e-02 1.945190e-02
      vertex 1.808453e-02 1.091778e-02 1.930666e-02
    endloop
  endfacet
  facet normal 2.235479e-01 9.744139e-01 2.332129e-02
    outer loop
      vertex -9.727293e-03 1.321771e-02 4.177159e-03
      vertex -9.938833e-03 1.329055e-02 3.161452e-03
      vertex -1.041132e-02 1.337682e-02 4.086112e-03
    endloop
  endfacet
  facet normal 2.422920e-01 9.699017e-01 2.419483e-02
    outer loop
      vertex -1.135034e-02 1.360345e-02 3.969651e-03
      vertex -1.215409e-02 1.382403e-02 3.175998e-03
      vertex -1.254327e-02 1.390481e-02 3.835135e-03
    endloop
  endfacet
  facet normal 2.531198e-01 9.670842e-01 2.604773e-02
    outer loop
      vertex -1.254327e-02 1.390481e-02 3.835135e-03
      vertex -1.292321e-02 1.403772e-02 2.592608e-03
      vertex -1.364919e-02 1.419729e-02 3.722979e-03
    endloop
  endfacet
  facet normal 2.632795e-01 9.643256e-01 2.757064e-02
    outer loop
      vertex -1.364919e-02 1.419729e-02 3.722979e-03
      vertex -1.402727e-02 1.432450e-02 2.884101e-03
      vertex -1.461605e-02 1.446376e-02 3.635733e-03
    endloop
  endfacet
  facet normal 2.740559e-01 9.612857e-01 2.869209e-02
    outer loop
      vertex -1.461605e-02 1.446376e-02 3.635733e-03
      vertex -1.480618e-02 1.455102e-02 2.528305e-03
      vertex -1.551747e-02 1.472295e-02 3.561915e-03
    endloop
  endfacet
  facet normal 2.750073e-01 9.609927e-01 2.939555e-02
    outer loop
      vertex -1.480618e-02 1.455102e-02 2.528305e-03
      vertex -1.550565e-02 1.475341e-02 2.455639e-03
      vertex -1.551747e-02 1.472295e-02 3.561915e-03
    endloop
  endfacet
  facet normal 2.824759e-01 9.588233e-01 2.941563e-02
    outer loop
      vertex -1.551747e-02 1.472295e-02 3.561915e-03
      vertex -1.550565e-02 1.475341e-02 2.455639e-03
      vertex -1.639714e-02 1.500909e-02 2.682333e-03
    endloop
  endfacet
  facet normal -4.837546e-02 9.988192e-01 -4.465978e-03
    outer loop
      vertex 1.626869e-02 1.080192e-02 1.695244e-02
      vertex 1.677355e-02 1.082010e-02 1.554983e-02
      vertex 1.617646e-02 1.078999e-02 1.528390e-02
    endloop
  endfacet
  facet normal -3.497379e-02 9.993865e-01 -1.856867e-03
    outer loop
      vertex 1.612043e-02 1.075684e-02 7.670455e-03
      vertex 1.569955e-02 1.074038e-02 6.740485e-03
      vertex 1.521982e-02 1.072522e-02 7.614551e-03
    endloop
  endfacet
  facet normal -1.354410e-02 9.999066e-01 -1.834104e-03
    outer loop
      vertex 1.423138e-02 1.070210e-02 3.489868e-03
      vertex 1.357060e-02 1.069697e-02 5.570220e-03
      vertex 1.463473e-02 1.071136e-02 5.557101e-03
    endloop
  endfacet
  facet normal 3.055141e-02 9.995319e-01 1.634177e-03
    outer loop
      vertex 9.465914e-03 1.075727e-02 2.755049e-03
      vertex 1.004926e-02 1.073718e-02 4.142373e-03
      vertex 1.035749e-02 1.073031e-02 2.580386e-03
    endloop
  endfacet
  facet normal 3.885896e-02 9.992406e-01 2.855496e-03
    outer loop
      vertex 9.126292e-03 1.076683e-02 4.032191e-03
      vertex 9.465914e-03 1.075727e-02 2.755049e-03
      vertex 8.633808e-03 1.078889e-02 3.015094e-03
    endloop
  endfacet
  facet normal 2.027851e-01 9.789954e-01 2.112256e-02
    outer loop
      vertex -7.496933e-03 1.273263e-02 4.510779e-03
      vertex -7.521833e-03 1.276136e-02 3.418262e-03
      vertex -8.056534e-03 1.288546e-02 2.799791e-03
    endloop
  endfacet
  facet normal 2.140805e-01 9.764846e-01 2.544156e-02
    outer loop
      vertex -8.699194e-03 1.298847e-02 4.324668e-03
      vertex -9.938833e-03 1.329055e-02 3.161452e-03
      vertex -9.727293e-03 1.321771e-02 4.177159e-03
    endloop
  endfacet
  facet normal 1.177031e-01 9.929593e-01 1.333591e-02
    outer loop
      vertex 4.019485e-04 1.146551e-02 3.571775e-03
      vertex 8.069466e-04 1.140339e-02 4.622800e-03
      vertex 1.181958e-03 1.136509e-02 4.164487e-03
    endloop
  endfacet
  facet normal -7.032630e-01 7.070926e-01 -7.376484e-02
    outer loop
      vertex -3.218859e-02 8.928446e-03 2.051417e-02
      vertex -3.187498e-02 9.348039e-03 2.154630e-02
      vertex -3.173757e-02 9.367973e-03 2.042735e-02
    endloop
  endfacet
  facet normal -7.032631e-01 7.070921e-01 -7.376816e-02
    outer loop
      vertex -3.218859e-02 8.928446e-03 2.051417e-02
      vertex -3.173757e-02 9.367973e-03 2.042735e-02
      vertex -3.246197e-02 8.546620e-03 1.946042e-02
    endloop
  endfacet
  facet normal -7.032633e-01 7.070921e-01 -7.376665e-02
    outer loop
      vertex -3.246197e-02 8.546620e-03 1.946042e-02
      vertex -3.218362e-02 8.673988e-03 1.802766e-02
      vertex -3.272865e-02 8.147800e-03 1.818000e-02
    endloop
  endfacet
  facet normal -7.032668e-01 7.070889e-01 -7.376397e-02
    outer loop
      vertex -3.302390e-02 7.644818e-03 1.617347e-02
      vertex -3.288129e-02 7.903100e-03 1.728968e-02
      vertex -3.241608e-02 8.254328e-03 1.622118e-02
    endloop
  endfacet
  facet normal -7.032646e-01 7.070907e-01 -7.376742e-02
    outer loop
      vertex -3.237820e-02 8.082316e-03 1.421118e-02
      vertex -3.269166e-02 7.712725e-03 1.365689e-02
      vertex -3.311957e-02 7.431131e-03 1.503723e-02
    endloop
  endfacet
  facet normal -7.032667e-01 7.070889e-01 -7.376533e-02
    outer loop
      vertex -3.241608e-02 8.254328e-03 1.622118e-02
      vertex -3.311957e-02 7.431131e-03 1.503723e-02
      vertex -3.302390e-02 7.644818e-03 1.617347e-02
    endloop
  endfacet
  facet normal -7.032651e-01 7.070903e-01 -7.376586e-02
    outer loop
      vertex -3.139178e-02 9.204739e-03 1.556603e-02
      vertex -3.164340e-02 9.144411e-03 1.738662e-02
      vertex -3.090244e-02 9.803772e-03 1.664280e-02
    endloop
  endfacet
  facet normal -7.041118e-01 7.061449e-01 -7.473955e-02
    outer loop
      vertex -3.284414e-02 7.457419e-03 1.266363e-02
      vertex -3.253956e-02 7.709847e-03 1.217918e-02
      vertex -3.270351e-02 7.571444e-03 1.241610e-02
    endloop
  endfacet
  facet normal -2.441446e-05 1.000000e+00 1.032105e-05
    outer loop
      vertex -2.892566e-02 9.803813e-03 1.735334e-02
      vertex -2.875792e-02 9.803832e-03 1.590212e-02
      vertex -2.992492e-02 9.803800e-03 1.628320e-02
    endloop
  endfacet
  facet normal -2.021005e-05 1.000000e+00 -1.416904e-04
    outer loop
      vertex -2.256683e-02 9.804039e-03 1.065519e-02
      vertex -2.283607e-02 9.803952e-03 1.008110e-02
      vertex -2.321824e-02 9.803974e-03 1.029041e-02
    endloop
  endfacet
  facet normal -9.335026e-06 1.000000e+00 -1.196474e-04
    outer loop
      vertex -2.162899e-02 9.804002e-03 8.682623e-03
      vertex -2.178654e-02 9.804039e-03 9.005773e-03
      vertex -2.158435e-02 9.804077e-03 9.308826e-03
    endloop
  endfacet
  facet normal -3.650678e-03 9.999904e-01 -2.418091e-03
    outer loop
      vertex -2.154377e-02 9.803740e-03 8.445503e-03
      vertex -2.162899e-02 9.804002e-03 8.682623e-03
      vertex -2.150232e-02 9.804088e-03 8.526884e-03
    endloop
  endfacet
  facet normal -7.445546e-03 9.999722e-01 -4.854020e-04
    outer loop
      vertex -2.148033e-02 9.804091e-03 8.197384e-03
      vertex -2.154377e-02 9.803740e-03 8.445503e-03
      vertex -2.150232e-02 9.804088e-03 8.526884e-03
    endloop
  endfacet
  facet normal 7.679373e-05 1.000000e+00 1.332297e-04
    outer loop
      vertex -2.176919e-02 9.803923e-03 1.106872e-02
      vertex -2.164587e-02 9.804070e-03 9.895285e-03
      vertex -2.256683e-02 9.804039e-03 1.065519e-02
    endloop
  endfacet
  facet normal -2.600497e-05 1.000000e+00 1.740891e-05
    outer loop
      vertex -2.858696e-02 9.803699e-03 2.823607e-02
      vertex -2.797123e-02 9.803700e-03 2.910106e-02
      vertex -2.797859e-02 9.803724e-03 2.772054e-02
    endloop
  endfacet
  facet normal -2.624141e-05 1.000000e+00 1.712989e-05
    outer loop
      vertex -2.858696e-02 9.803699e-03 2.823607e-02
      vertex -2.797859e-02 9.803724e-03 2.772054e-02
      vertex -2.917550e-02 9.803699e-03 2.733449e-02
    endloop
  endfacet
  facet normal -2.419610e-05 1.000000e+00 1.085632e-05
    outer loop
      vertex -2.972110e-02 9.803697e-03 2.641924e-02
      vertex -2.859173e-02 9.803719e-03 2.691590e-02
      vertex -2.926181e-02 9.803715e-03 2.577384e-02
    endloop
  endfacet
  facet normal -2.466209e-05 1.000000e+00 1.140295e-05
    outer loop
      vertex -3.133164e-02 9.803719e-03 2.073421e-02
      vertex -3.066875e-02 9.803716e-03 2.241879e-02
      vertex -3.077521e-02 9.803736e-03 2.043224e-02
    endloop
  endfacet
  facet normal -2.408656e-05 1.000000e+00 9.492968e-06
    outer loop
      vertex -3.068603e-02 9.803799e-03 1.457990e-02
      vertex -3.079423e-02 9.803786e-03 1.561135e-02
      vertex -2.952959e-02 9.803823e-03 1.490214e-02
    endloop
  endfacet
  facet normal -2.421794e-05 1.000000e+00 1.521034e-05
    outer loop
      vertex -3.054897e-02 9.803817e-03 1.327340e-02
      vertex -2.957444e-02 9.803840e-03 1.332027e-02
      vertex -3.036854e-02 9.803847e-03 1.155431e-02
    endloop
  endfacet
  facet normal -2.474897e-05 1.000000e+00 1.174749e-05
    outer loop
      vertex -2.797859e-02 9.803724e-03 2.772054e-02
      vertex -2.732098e-02 9.803745e-03 2.731997e-02
      vertex -2.859173e-02 9.803719e-03 2.691590e-02
    endloop
  endfacet
  facet normal -2.230198e-05 1.000000e+00 7.655301e-06
    outer loop
      vertex -2.423035e-02 9.803994e-03 1.058155e-02
      vertex -2.597441e-02 9.803953e-03 1.085745e-02
      vertex -2.493559e-02 9.803969e-03 1.176599e-02
    endloop
  endfacet
  facet normal -2.376081e-05 1.000000e+00 1.099957e-05
    outer loop
      vertex -2.514724e-02 9.803943e-03 1.377198e-02
      vertex -2.557449e-02 9.803940e-03 1.310915e-02
      vertex -2.560976e-02 9.803926e-03 1.433348e-02
    endloop
  endfacet
  facet normal -4.597750e-05 1.000000e+00 -1.556232e-05
    outer loop
      vertex -2.255235e-02 9.804028e-03 9.877039e-03
      vertex -2.256683e-02 9.804039e-03 1.065519e-02
      vertex -2.164587e-02 9.804070e-03 9.895285e-03
    endloop
  endfacet
  facet normal -2.409048e-05 1.000000e+00 1.096471e-05
    outer loop
      vertex -2.617581e-02 9.803904e-03 1.516479e-02
      vertex -2.728450e-02 9.803877e-03 1.516423e-02
      vertex -2.668543e-02 9.803881e-03 1.613255e-02
    endloop
  endfacet
  facet normal -2.460441e-05 1.000000e+00 1.167756e-05
    outer loop
      vertex -2.858218e-02 9.803746e-03 2.435640e-02
      vertex -2.732129e-02 9.803761e-03 2.578807e-02
      vertex -2.732161e-02 9.803780e-03 2.415405e-02
    endloop
  endfacet
  facet normal -2.324192e-05 1.000000e+00 9.965331e-06
    outer loop
      vertex -2.843299e-02 9.803736e-03 2.568346e-02
      vertex -2.732098e-02 9.803745e-03 2.731997e-02
      vertex -2.732129e-02 9.803761e-03 2.578807e-02
    endloop
  endfacet
  facet normal -2.319284e-05 1.000000e+00 1.055559e-05
    outer loop
      vertex -2.791732e-02 9.803842e-03 1.697097e-02
      vertex -2.811254e-02 9.803823e-03 1.825865e-02
      vertex -2.726764e-02 9.803843e-03 1.821778e-02
    endloop
  endfacet
  facet normal 1.310363e-04 1.000000e+00 2.860316e-05
    outer loop
      vertex -2.176919e-02 9.803923e-03 1.106872e-02
      vertex -2.256683e-02 9.804039e-03 1.065519e-02
      vertex -2.268142e-02 9.804026e-03 1.164692e-02
    endloop
  endfacet
  facet normal 2.988920e-01 9.311563e-01 2.088338e-01
    outer loop
      vertex -2.471630e-02 9.440722e-03 1.454803e-02
      vertex -2.478654e-02 9.229461e-03 1.559054e-02
      vertex -2.349592e-02 9.049048e-03 1.454778e-02
    endloop
  endfacet
  facet normal 2.731835e-01 9.240321e-01 2.674611e-01
    outer loop
      vertex -2.212100e-02 8.986774e-03 1.335859e-02
      vertex -2.293358e-02 8.882831e-03 1.454767e-02
      vertex -2.221058e-02 8.669122e-03 1.454752e-02
    endloop
  endfacet
  facet normal 2.772492e-01 9.378271e-01 2.088379e-01
    outer loop
      vertex -2.293358e-02 8.882831e-03 1.454767e-02
      vertex -2.356136e-02 8.836246e-03 1.559029e-02
      vertex -2.227096e-02 8.454824e-03 1.559003e-02
    endloop
  endfacet
  facet normal 2.802863e-01 9.481421e-01 1.498871e-01
    outer loop
      vertex -2.356136e-02 8.836246e-03 1.559029e-02
      vertex -2.302037e-02 8.587158e-03 1.615430e-02
      vertex -2.227096e-02 8.454824e-03 1.559003e-02
    endloop
  endfacet
  facet normal 2.463886e-01 9.127334e-01 3.258995e-01
    outer loop
      vertex -2.073149e-02 8.982296e-03 1.232063e-02
      vertex -2.130810e-02 8.767394e-03 1.335843e-02
      vertex -2.082036e-02 8.635766e-03 1.335833e-02
    endloop
  endfacet
  facet normal 1.373213e-01 7.147684e-01 6.857470e-01
    outer loop
      vertex -1.734131e-02 1.264918e-02 5.587105e-03
      vertex -1.684217e-02 1.172663e-02 6.448741e-03
      vertex -1.627069e-02 1.161695e-02 6.448627e-03
    endloop
  endfacet
  facet normal 1.694215e-01 8.552576e-01 4.897252e-01
    outer loop
      vertex -1.796523e-02 9.865705e-03 9.243246e-03
      vertex -1.804519e-02 9.331592e-03 1.020369e-02
      vertex -1.679370e-02 9.633766e-03 9.243012e-03
    endloop
  endfacet
  facet normal 1.591995e-01 9.108066e-01 3.809027e-01
    outer loop
      vertex -1.572669e-02 8.377686e-03 1.126379e-02
      vertex -1.706620e-02 8.170150e-03 1.231989e-02
      vertex -1.579681e-02 7.948381e-03 1.231964e-02
    endloop
  endfacet
  facet normal 1.347701e-01 8.898572e-01 4.358797e-01
    outer loop
      vertex -1.438587e-02 8.691364e-03 1.021097e-02
      vertex -1.564802e-02 8.886353e-03 1.020315e-02
      vertex -1.442198e-02 8.180179e-03 1.126573e-02
    endloop
  endfacet
  facet normal 1.458598e-01 9.670397e-01 2.087084e-01
    outer loop
      vertex -1.461461e-02 7.074534e-03 1.454528e-02
      vertex -1.511509e-02 6.924851e-03 1.558860e-02
      vertex -1.461863e-02 6.849991e-03 1.558850e-02
    endloop
  endfacet
  facet normal 7.878337e-02 7.643794e-01 6.399353e-01
    outer loop
      vertex -1.283518e-02 1.109574e-02 6.454904e-03
      vertex -1.273045e-02 1.038136e-02 7.295313e-03
      vertex -1.170920e-02 1.027286e-02 7.299176e-03
    endloop
  endfacet
  facet normal 8.718997e-02 8.371472e-01 5.399838e-01
    outer loop
      vertex -1.289582e-02 9.670424e-03 8.284119e-03
      vertex -1.297898e-02 9.328766e-03 8.827227e-03
      vertex -1.178381e-02 9.547585e-03 8.295004e-03
    endloop
  endfacet
  facet normal 1.008140e-01 9.728057e-01 2.085321e-01
    outer loop
      vertex -1.205316e-02 6.776087e-03 1.454886e-02
      vertex -1.250826e-02 6.600481e-03 1.558808e-02
      vertex -1.204445e-02 6.552435e-03 1.558799e-02
    endloop
  endfacet
  facet normal 5.982673e-02 7.282388e-01 6.827071e-01
    outer loop
      vertex -1.050791e-02 1.170093e-02 5.581304e-03
      vertex -1.167909e-02 1.176937e-02 5.610929e-03
      vertex -1.026009e-02 1.087321e-02 6.442504e-03
    endloop
  endfacet
  facet normal 5.660415e-02 7.257977e-01 6.855754e-01
    outer loop
      vertex -1.167909e-02 1.176937e-02 5.610929e-03
      vertex -1.153972e-02 1.097277e-02 6.442760e-03
      vertex -1.026009e-02 1.087321e-02 6.442504e-03
    endloop
  endfacet
  facet normal 4.086516e-02 7.288359e-01 6.834679e-01
    outer loop
      vertex -9.244198e-03 1.161441e-02 5.591370e-03
      vertex -1.026009e-02 1.087321e-02 6.442504e-03
      vertex -9.148235e-03 1.080539e-02 6.448350e-03
    endloop
  endfacet
  facet normal 5.031186e-02 9.221404e-01 3.835699e-01
    outer loop
      vertex -1.063603e-02 7.786879e-03 1.126634e-02
      vertex -9.342187e-03 7.278657e-03 1.231844e-02
      vertex -9.140351e-03 7.710262e-03 1.125435e-02
    endloop
  endfacet
  facet normal 2.759884e-02 6.861252e-01 7.269598e-01
    outer loop
      vertex -8.496688e-03 1.159223e-02 5.586040e-03
      vertex -8.440422e-03 1.244338e-02 4.780557e-03
      vertex -9.359304e-03 1.246661e-02 4.793517e-03
    endloop
  endfacet
  facet normal 1.931821e-02 7.278036e-01 6.855135e-01
    outer loop
      vertex -8.496688e-03 1.159223e-02 5.586040e-03
      vertex -8.132209e-03 1.076344e-02 6.455679e-03
      vertex -7.550150e-03 1.104395e-02 6.141464e-03
    endloop
  endfacet
  facet normal 2.701699e-02 8.068023e-01 5.902035e-01
    outer loop
      vertex -8.209252e-03 1.006320e-02 7.301370e-03
      vertex -9.111913e-03 9.372377e-03 8.287040e-03
      vertex -8.012762e-03 9.338474e-03 8.283071e-03
    endloop
  endfacet
  facet normal 3.334750e-02 9.629245e-01 2.677018e-01
    outer loop
      vertex -9.358580e-03 6.922146e-03 1.335329e-02
      vertex -9.363292e-03 6.591446e-03 1.454341e-02
      vertex -8.615798e-03 6.709777e-03 1.402466e-02
    endloop
  endfacet
  facet normal 3.462248e-02 9.953775e-01 8.958193e-02
    outer loop
      vertex -9.403147e-03 6.187222e-03 1.679091e-02
      vertex -9.407413e-03 6.088846e-03 1.788565e-02
      vertex -8.174524e-03 6.045984e-03 1.788541e-02
    endloop
  endfacet
  facet normal 8.069816e-03 8.186173e-01 5.742827e-01
    outer loop
      vertex -8.012762e-03 9.338474e-03 8.283071e-03
      vertex -6.807225e-03 9.203221e-03 8.458928e-03
      vertex -6.807360e-03 9.641775e-03 7.833789e-03
    endloop
  endfacet
  facet normal -6.863179e-04 9.999873e-01 4.987462e-03
    outer loop
      vertex -6.053958e-03 5.999321e-03 1.903610e-02
      vertex -6.805154e-03 6.001357e-03 1.852469e-02
      vertex -7.480273e-03 5.998304e-03 1.904376e-02
    endloop
  endfacet
  facet normal 2.312033e-01 8.556096e-01 4.631170e-01
    outer loop
      vertex -2.136612e-02 1.029063e-02 9.920865e-03
      vertex -2.157178e-02 1.003893e-02 1.048856e-02
      vertex -2.049620e-02 9.899206e-03 1.020973e-02
    endloop
  endfacet
  facet normal 2.205224e-01 8.240388e-01 5.218524e-01
    outer loop
      vertex -2.093018e-02 1.084316e-02 8.822651e-03
      vertex -2.115217e-02 1.055882e-02 9.365455e-03
      vertex -2.036141e-02 1.042429e-02 9.243727e-03
    endloop
  endfacet
  facet normal 2.237248e-01 7.964974e-01 5.617287e-01
    outer loop
      vertex -2.058166e-02 1.130113e-02 8.034478e-03
      vertex -2.093018e-02 1.084316e-02 8.822651e-03
      vertex -2.022382e-02 1.102105e-02 8.289083e-03
    endloop
  endfacet
  facet normal 1.903581e-01 7.823392e-01 5.930507e-01
    outer loop
      vertex -2.021666e-02 1.179176e-02 7.270085e-03
      vertex -2.058166e-02 1.130113e-02 8.034478e-03
      vertex -2.022382e-02 1.102105e-02 8.289083e-03
    endloop
  endfacet
  facet normal 1.794193e-01 7.344225e-01 6.545474e-01
    outer loop
      vertex -1.856788e-02 1.209213e-02 6.449087e-03
      vertex -1.970753e-02 1.249522e-02 6.309197e-03
      vertex -1.996631e-02 1.213523e-02 6.784055e-03
    endloop
  endfacet
  facet normal 1.671461e-01 7.099787e-01 6.840997e-01
    outer loop
      vertex -1.856788e-02 1.209213e-02 6.449087e-03
      vertex -1.838712e-02 1.287768e-02 5.589655e-03
      vertex -1.970753e-02 1.249522e-02 6.309197e-03
    endloop
  endfacet
  facet normal 1.679537e-01 6.883945e-01 7.056235e-01
    outer loop
      vertex -1.909110e-02 1.337055e-02 5.276391e-03
      vertex -1.944208e-02 1.286933e-02 5.848911e-03
      vertex -1.838712e-02 1.287768e-02 5.589655e-03
    endloop
  endfacet
  facet normal 1.627608e-01 6.482432e-01 7.438344e-01
    outer loop
      vertex -1.861025e-02 1.406972e-02 4.561852e-03
      vertex -1.909110e-02 1.337055e-02 5.276391e-03
      vertex -1.820134e-02 1.368493e-02 4.807721e-03
    endloop
  endfacet
  facet normal 1.310725e-01 5.813760e-01 8.030080e-01
    outer loop
      vertex -1.772248e-02 1.539123e-02 3.411500e-03
      vertex -1.826640e-02 1.457668e-02 4.090012e-03
      vertex -1.687713e-02 1.512791e-02 3.464158e-03
    endloop
  endfacet
  facet normal 1.173001e-01 5.871755e-01 8.009155e-01
    outer loop
      vertex -1.551747e-02 1.472295e-02 3.561915e-03
      vertex -1.687713e-02 1.512791e-02 3.464158e-03
      vertex -1.596346e-02 1.408846e-02 4.092396e-03
    endloop
  endfacet
  facet normal 7.929024e-02 6.039322e-01 7.930819e-01
    outer loop
      vertex -1.254327e-02 1.390481e-02 3.835135e-03
      vertex -1.364919e-02 1.419729e-02 3.722979e-03
      vertex -1.366828e-02 1.371528e-02 4.091938e-03
    endloop
  endfacet
  facet normal 6.487687e-02 6.094943e-01 7.901314e-01
    outer loop
      vertex -1.250795e-02 1.356094e-02 4.097488e-03
      vertex -1.135034e-02 1.360345e-02 3.969651e-03
      vertex -1.254327e-02 1.390481e-02 3.835135e-03
    endloop
  endfacet
  facet normal 1.965525e-02 6.469029e-01 7.623190e-01
    outer loop
      vertex -7.496933e-03 1.273263e-02 4.510779e-03
      vertex -8.699194e-03 1.298847e-02 4.324668e-03
      vertex -8.440422e-03 1.244338e-02 4.780557e-03
    endloop
  endfacet
  facet normal 3.506350e-01 9.362237e-01 2.324267e-02
    outer loop
      vertex -2.726764e-02 9.803843e-03 1.821778e-02
      vertex -2.732262e-02 9.803833e-03 1.904773e-02
      vertex -2.658395e-02 9.527187e-03 1.904758e-02
    endloop
  endfacet
  facet normal 3.503686e-01 9.279721e-01 1.269241e-01
    outer loop
      vertex -2.668543e-02 9.803881e-03 1.613255e-02
      vertex -2.705422e-02 9.803860e-03 1.715074e-02
      vertex -2.605331e-02 9.474712e-03 1.679424e-02
    endloop
  endfacet
  facet normal 3.286763e-01 9.324732e-01 1.498857e-01
    outer loop
      vertex -2.668543e-02 9.803881e-03 1.613255e-02
      vertex -2.605331e-02 9.474712e-03 1.679424e-02
      vertex -2.599194e-02 9.646524e-03 1.559078e-02
    endloop
  endfacet
  facet normal 3.534321e-01 9.167538e-01 1.861403e-01
    outer loop
      vertex -2.617581e-02 9.803904e-03 1.516479e-02
      vertex -2.668543e-02 9.803881e-03 1.613255e-02
      vertex -2.599194e-02 9.646524e-03 1.559078e-02
    endloop
  endfacet
  facet normal 3.252108e-01 9.193434e-01 2.214624e-01
    outer loop
      vertex -2.560976e-02 9.803926e-03 1.433348e-02
      vertex -2.617581e-02 9.803904e-03 1.516479e-02
      vertex -2.529189e-02 9.599617e-03 1.471483e-02
    endloop
  endfacet
  facet normal 3.106687e-01 9.154144e-01 2.559324e-01
    outer loop
      vertex -2.514724e-02 9.803943e-03 1.377198e-02
      vertex -2.560976e-02 9.803926e-03 1.433348e-02
      vertex -2.471630e-02 9.440722e-03 1.454803e-02
    endloop
  endfacet
  facet normal 3.054264e-01 9.516265e-01 3.349234e-02
    outer loop
      vertex -2.364373e-02 8.567728e-03 1.788850e-02
      vertex -2.487497e-02 8.962887e-03 1.788875e-02
      vertex -2.433228e-02 8.747941e-03 1.904712e-02
    endloop
  endfacet
  facet normal 2.447828e-01 8.895589e-01 3.857024e-01
    outer loop
      vertex -2.176919e-02 9.803923e-03 1.106872e-02
      vertex -2.202386e-02 9.331073e-03 1.232089e-02
      vertex -2.062340e-02 9.403565e-03 1.126491e-02
    endloop
  endfacet
  facet normal 2.604178e-01 9.649335e-01 3.295439e-02
    outer loop
      vertex -2.234696e-02 8.184422e-03 1.788824e-02
      vertex -2.155572e-02 7.931322e-03 1.904657e-02
      vertex -2.102706e-02 7.828213e-03 1.788797e-02
    endloop
  endfacet
  facet normal 1.763922e-01 7.476792e-01 6.402043e-01
    outer loop
      vertex -1.887462e-02 1.143421e-02 7.301977e-03
      vertex -1.856788e-02 1.209213e-02 6.449087e-03
      vertex -1.996631e-02 1.213523e-02 6.784055e-03
    endloop
  endfacet
  facet normal 1.524485e-02 9.254584e-01 3.785423e-01
    outer loop
      vertex -8.097559e-03 7.668915e-03 1.126748e-02
      vertex -8.313462e-03 7.241747e-03 1.232051e-02
      vertex -7.602438e-03 7.227472e-03 1.232678e-02
    endloop
  endfacet
  facet normal 1.610118e-02 9.451554e-01 3.262240e-01
    outer loop
      vertex -7.602438e-03 7.227472e-03 1.232678e-02
      vertex -8.313462e-03 7.241747e-03 1.232051e-02
      vertex -8.283130e-03 6.881147e-03 1.336377e-02
    endloop
  endfacet
  facet normal 3.392619e-01 9.400810e-01 3.389925e-02
    outer loop
      vertex -2.726764e-02 9.803843e-03 1.821778e-02
      vertex -2.658395e-02 9.527187e-03 1.904758e-02
      vertex -2.566477e-02 9.213754e-03 1.854055e-02
    endloop
  endfacet
  facet normal 3.218377e-01 9.467945e-01 8.350357e-04
    outer loop
      vertex -2.490786e-02 8.937906e-03 2.543544e-02
      vertex -2.470272e-02 8.869530e-03 2.389899e-02
      vertex -2.557656e-02 9.165567e-03 2.503126e-02
    endloop
  endfacet
  facet normal 3.375928e-01 9.412922e-01 -1.402353e-04
    outer loop
      vertex -2.647851e-02 9.487608e-03 2.077264e-02
      vertex -2.566351e-02 9.195524e-03 2.222802e-02
      vertex -2.568347e-02 9.202451e-03 2.066466e-02
    endloop
  endfacet
  facet normal 3.223836e-01 9.466082e-01 -1.307978e-03
    outer loop
      vertex -2.502562e-02 8.976866e-03 2.120362e-02
      vertex -2.566351e-02 9.195524e-03 2.222802e-02
      vertex -2.481520e-02 8.906917e-03 2.244348e-02
    endloop
  endfacet
  facet normal 3.201539e-01 9.473656e-01 -1.729286e-05
    outer loop
      vertex -2.482993e-02 8.912526e-03 3.131662e-02
      vertex -2.472802e-02 8.878056e-03 2.961334e-02
      vertex -2.544917e-02 9.121785e-03 3.089904e-02
    endloop
  endfacet
  facet normal 3.297458e-01 9.440696e-01 6.223525e-04
    outer loop
      vertex -2.597865e-02 9.307284e-03 3.004486e-02
      vertex -2.544917e-02 9.121785e-03 3.089904e-02
      vertex -2.523455e-02 9.047989e-03 2.912826e-02
    endloop
  endfacet
  facet normal 3.082041e-01 9.513195e-01 -1.181576e-03
    outer loop
      vertex -2.414601e-02 8.688843e-03 2.141908e-02
      vertex -2.481520e-02 8.906917e-03 2.244348e-02
      vertex -2.399168e-02 8.640451e-03 2.271286e-02
    endloop
  endfacet
  facet normal 2.970652e-01 9.548567e-01 9.898291e-04
    outer loop
      vertex -2.414601e-02 8.688843e-03 2.141908e-02
      vertex -2.352151e-02 8.493886e-03 2.206586e-02
      vertex -2.340816e-02 8.459754e-03 2.097418e-02
    endloop
  endfacet
  facet normal 2.795924e-01 9.601186e-01 -6.582977e-04
    outer loop
      vertex -2.234453e-02 8.147726e-03 2.530015e-02
      vertex -2.256357e-02 8.210698e-03 2.411420e-02
      vertex -2.305251e-02 8.353340e-03 2.449166e-02
    endloop
  endfacet
  facet normal 2.910074e-01 9.567064e-01 -5.251863e-03
    outer loop
      vertex -2.352151e-02 8.493886e-03 2.206586e-02
      vertex -2.399168e-02 8.640451e-03 2.271286e-02
      vertex -2.285743e-02 8.295513e-03 2.272611e-02
    endloop
  endfacet
  facet normal 2.809159e-01 9.597310e-01 1.665459e-03
    outer loop
      vertex -2.340816e-02 8.459754e-03 2.097418e-02
      vertex -2.285743e-02 8.295513e-03 2.272611e-02
      vertex -2.228025e-02 8.130031e-03 2.073136e-02
    endloop
  endfacet
  facet normal 2.647135e-01 9.643249e-01 -2.054726e-03
    outer loop
      vertex -2.141706e-02 7.895115e-03 3.453665e-02
      vertex -2.183548e-02 8.006889e-03 3.308988e-02
      vertex -2.237537e-02 8.158431e-03 3.465661e-02
    endloop
  endfacet
  facet normal 2.407640e-01 9.705825e-01 -1.540755e-03
    outer loop
      vertex -2.042161e-02 7.640298e-03 2.063665e-02
      vertex -2.106202e-02 7.801535e-03 2.213275e-02
      vertex -1.998110e-02 7.534362e-03 2.273901e-02
    endloop
  endfacet
  facet normal 2.463138e-01 9.691896e-01 9.849898e-04
    outer loop
      vertex -2.128187e-02 7.858853e-03 2.071095e-02
      vertex -2.106202e-02 7.801535e-03 2.213275e-02
      vertex -2.042161e-02 7.640298e-03 2.063665e-02
    endloop
  endfacet
  facet normal 2.190908e-01 9.757039e-01 1.028219e-03
    outer loop
      vertex -1.969689e-02 7.467535e-03 2.082518e-02
      vertex -1.933104e-02 7.384078e-03 2.206501e-02
      vertex -1.898318e-02 7.307103e-03 2.098677e-02
    endloop
  endfacet
  facet normal 2.245802e-01 9.744554e-01 -6.756550e-04
    outer loop
      vertex -1.933104e-02 7.384078e-03 2.206501e-02
      vertex -1.969689e-02 7.467535e-03 2.082518e-02
      vertex -1.998110e-02 7.534362e-03 2.273901e-02
    endloop
  endfacet
  facet normal 1.759199e-01 9.844045e-01 -9.732261e-05
    outer loop
      vertex -1.649324e-02 6.821887e-03 2.373562e-02
      vertex -1.649746e-02 6.822454e-03 2.184882e-02
      vertex -1.718707e-02 6.945809e-03 2.303495e-02
    endloop
  endfacet
  facet normal 1.479595e-01 9.889928e-01 -1.156017e-03
    outer loop
      vertex -1.516132e-02 6.608752e-03 2.098600e-02
      vertex -1.569803e-02 6.691098e-03 2.274152e-02
      vertex -1.482753e-02 6.560516e-03 2.244148e-02
    endloop
  endfacet
  facet normal 1.224171e-01 9.924787e-01 2.326513e-04
    outer loop
      vertex -1.419511e-02 6.474631e-03 2.392384e-02
      vertex -1.349608e-02 6.388238e-03 2.465147e-02
      vertex -1.341341e-02 6.378320e-03 2.346546e-02
    endloop
  endfacet
  facet normal 1.286346e-01 9.916920e-01 3.635290e-04
    outer loop
      vertex -1.450792e-02 6.516154e-03 2.066242e-02
      vertex -1.405231e-02 6.456462e-03 2.227960e-02
      vertex -1.380185e-02 6.424568e-03 2.066228e-02
    endloop
  endfacet
  facet normal 1.177102e-01 9.930463e-01 -1.839704e-03
    outer loop
      vertex -1.318853e-02 6.352177e-03 2.125516e-02
      vertex -1.405231e-02 6.456462e-03 2.227960e-02
      vertex -1.291939e-02 6.323071e-03 2.276455e-02
    endloop
  endfacet
  facet normal 1.281581e-01 9.917533e-01 -8.975268e-04
    outer loop
      vertex -1.416366e-02 6.470848e-03 3.682153e-02
      vertex -1.447128e-02 6.512215e-03 3.860664e-02
      vertex -1.379638e-02 6.425178e-03 3.880208e-02
    endloop
  endfacet
  facet normal 9.448802e-02 9.955235e-01 2.210177e-03
    outer loop
      vertex -1.291939e-02 6.323071e-03 2.276455e-02
      vertex -1.265566e-02 6.294808e-03 2.422004e-02
      vertex -1.201084e-02 6.232769e-03 2.459727e-02
    endloop
  endfacet
  facet normal 1.149645e-01 9.933695e-01 -3.596386e-04
    outer loop
      vertex -1.378543e-02 6.423584e-03 3.580730e-02
      vertex -1.288963e-02 6.320479e-03 3.737385e-02
      vertex -1.282510e-02 6.312620e-03 3.629565e-02
    endloop
  endfacet
  facet normal 9.172939e-02 9.957837e-01 -7.789244e-04
    outer loop
      vertex -1.248566e-02 6.277996e-03 2.157847e-02
      vertex -1.150324e-02 6.188278e-03 2.257558e-02
      vertex -1.177513e-02 6.211469e-03 2.020365e-02
    endloop
  endfacet
  facet normal 7.455096e-02 9.972164e-01 -1.283006e-03
    outer loop
      vertex -1.093206e-02 6.143808e-03 2.120080e-02
      vertex -1.150324e-02 6.188278e-03 2.257558e-02
      vertex -1.067127e-02 6.125977e-03 2.249456e-02
    endloop
  endfacet
  facet normal 7.921443e-02 9.968574e-01 6.661370e-04
    outer loop
      vertex -1.177513e-02 6.211469e-03 2.020365e-02
      vertex -1.150324e-02 6.188278e-03 2.257558e-02
      vertex -1.093206e-02 6.143808e-03 2.120080e-02
    endloop
  endfacet
  facet normal 7.160511e-02 9.974330e-01 -3.026767e-04
    outer loop
      vertex -1.120571e-02 6.164393e-03 3.607970e-02
      vertex -1.119238e-02 6.163829e-03 3.737350e-02
      vertex -1.058185e-02 6.119615e-03 3.610653e-02
    endloop
  endfacet
  facet normal 8.311634e-02 9.965398e-01 -4.216356e-04
    outer loop
      vertex -1.195115e-02 6.226851e-03 3.675371e-02
      vertex -1.119238e-02 6.163829e-03 3.737350e-02
      vertex -1.120571e-02 6.164393e-03 3.607970e-02
    endloop
  endfacet
  facet normal 7.738999e-02 9.969963e-01 -3.012518e-03
    outer loop
      vertex -1.070615e-02 6.127935e-03 3.457015e-02
      vertex -1.143331e-02 6.182425e-03 3.392339e-02
      vertex -1.192162e-02 6.224972e-03 3.545989e-02
    endloop
  endfacet
  facet normal 4.955018e-02 9.987716e-01 -3.061636e-04
    outer loop
      vertex -9.865065e-03 6.076897e-03 2.330303e-02
      vertex -9.945307e-03 6.081242e-03 2.448904e-02
      vertex -9.335865e-03 6.051023e-03 2.454283e-02
    endloop
  endfacet
  facet normal 6.778158e-02 9.976979e-01 -2.154405e-03
    outer loop
      vertex -1.006664e-02 6.088076e-03 3.771021e-02
      vertex -1.058185e-02 6.119615e-03 3.610653e-02
      vertex -1.119238e-02 6.163829e-03 3.737350e-02
    endloop
  endfacet
  facet normal 3.791656e-02 9.992809e-01 2.750842e-04
    outer loop
      vertex -9.264856e-03 6.047928e-03 3.607594e-02
      vertex -8.673082e-03 6.025072e-03 3.753473e-02
      vertex -8.610685e-03 6.023090e-03 3.613309e-02
    endloop
  endfacet
  facet normal 2.682962e-02 9.996400e-01 -5.905533e-05
    outer loop
      vertex -8.010007e-03 6.007302e-03 3.797784e-02
      vertex -8.015173e-03 6.007363e-03 3.667206e-02
      vertex -8.673082e-03 6.025072e-03 3.753473e-02
    endloop
  endfacet
  facet normal 1.417890e-02 9.998993e-01 -6.653223e-04
    outer loop
      vertex -8.015173e-03 6.007363e-03 3.667206e-02
      vertex -7.198735e-03 5.996458e-03 3.768142e-02
      vertex -7.315672e-03 5.997044e-03 3.607008e-02
    endloop
  endfacet
  facet normal 1.418485e-01 9.898856e-01 -2.332132e-03
    outer loop
      vertex -1.517334e-02 6.612289e-03 3.838176e-02
      vertex -1.447128e-02 6.512215e-03 3.860664e-02
      vertex -1.501487e-02 6.587524e-03 3.750904e-02
    endloop
  endfacet
  facet normal 1.757722e-01 9.844272e-01 -2.692908e-03
    outer loop
      vertex -1.701288e-02 6.916697e-03 3.710102e-02
      vertex -1.636917e-02 6.801219e-03 3.690281e-02
      vertex -1.662907e-02 6.845376e-03 3.608078e-02
    endloop
  endfacet
  facet normal 1.979754e-01 9.802070e-01 -1.279467e-04
    outer loop
      vertex -1.845185e-02 7.194080e-03 3.703325e-02
      vertex -1.775391e-02 7.053158e-03 3.736424e-02
      vertex -1.793872e-02 7.090296e-03 3.590903e-02
    endloop
  endfacet
  facet normal 2.082659e-01 9.780641e-01 3.987471e-03
    outer loop
      vertex -1.913744e-02 7.341495e-03 3.668317e-02
      vertex -1.845185e-02 7.194080e-03 3.703325e-02
      vertex -1.897908e-02 7.309891e-03 3.616408e-02
    endloop
  endfacet
  facet normal 2.184283e-01 9.758263e-01 7.223976e-03
    outer loop
      vertex -1.981106e-02 7.495010e-03 3.631404e-02
      vertex -1.913744e-02 7.341495e-03 3.668317e-02
      vertex -1.897908e-02 7.309891e-03 3.616408e-02
    endloop
  endfacet
  facet normal 2.576824e-01 9.662276e-01 -2.022811e-03
    outer loop
      vertex -2.175660e-02 7.986837e-03 3.509589e-02
      vertex -2.112099e-02 7.818213e-03 3.552005e-02
      vertex -2.141706e-02 7.895115e-03 3.453665e-02
    endloop
  endfacet
  facet normal 2.852623e-01 9.584481e-01 -1.624051e-03
    outer loop
      vertex -2.270478e-02 8.252596e-03 3.326861e-02
      vertex -2.355844e-02 8.505957e-03 3.284872e-02
      vertex -2.358188e-02 8.514409e-03 3.371889e-02
    endloop
  endfacet
  facet normal 2.992722e-01 9.541670e-01 -1.204994e-03
    outer loop
      vertex -2.416196e-02 8.695726e-03 3.322622e-02
      vertex -2.358188e-02 8.514409e-03 3.371889e-02
      vertex -2.355844e-02 8.505957e-03 3.284872e-02
    endloop
  endfacet
  facet normal 3.083340e-01 9.512781e-01 -2.574253e-04
    outer loop
      vertex -2.410868e-02 8.678039e-03 3.168007e-02
      vertex -2.471981e-02 8.876407e-03 3.272422e-02
      vertex -2.416196e-02 8.695726e-03 3.322622e-02
    endloop
  endfacet
  facet normal 3.316539e-01 9.434001e-01 -1.378805e-03
    outer loop
      vertex -2.607178e-02 9.341360e-03 3.137434e-02
      vertex -2.527618e-02 9.062864e-03 3.219381e-02
      vertex -2.544917e-02 9.121785e-03 3.089904e-02
    endloop
  endfacet
  facet normal 3.539974e-01 9.352463e-01 4.370290e-04
    outer loop
      vertex -2.732072e-02 9.803778e-03 2.994089e-02
      vertex -2.683411e-02 9.619321e-03 3.052613e-02
      vertex -2.674145e-02 9.584641e-03 2.968011e-02
    endloop
  endfacet
  facet normal 3.508546e-01 9.364299e-01 -6.013099e-05
    outer loop
      vertex -2.732129e-02 9.803761e-03 2.578807e-02
      vertex -2.732098e-02 9.803745e-03 2.731997e-02
      vertex -2.656553e-02 9.520649e-03 2.653865e-02
    endloop
  endfacet
  facet normal 3.512987e-01 9.362630e-01 -8.976427e-04
    outer loop
      vertex -2.647851e-02 9.487608e-03 2.077264e-02
      vertex -2.674427e-02 9.586239e-03 1.964061e-02
      vertex -2.732236e-02 9.803820e-03 2.034133e-02
    endloop
  endfacet
  facet normal 3.120202e-01 9.500755e-01 2.623098e-05
    outer loop
      vertex -2.503189e-02 8.978958e-03 2.001762e-02
      vertex -2.502562e-02 8.976866e-03 2.120362e-02
      vertex -2.423066e-02 8.715815e-03 2.028701e-02
    endloop
  endfacet
  facet normal 2.986490e-01 9.543613e-01 -1.839382e-03
    outer loop
      vertex -2.423066e-02 8.715815e-03 2.028701e-02
      vertex -2.340816e-02 8.459754e-03 2.097418e-02
      vertex -2.357668e-02 8.510851e-03 2.012515e-02
    endloop
  endfacet
  facet normal 2.740877e-01 9.617039e-01 1.256545e-03
    outer loop
      vertex -2.228025e-02 8.130031e-03 2.073136e-02
      vertex -2.207893e-02 8.074011e-03 1.969358e-02
      vertex -2.289900e-02 8.307590e-03 1.980156e-02
    endloop
  endfacet
  facet normal 2.620975e-01 9.650406e-01 -1.249509e-03
    outer loop
      vertex -2.128187e-02 7.858853e-03 2.071095e-02
      vertex -2.207893e-02 8.074011e-03 1.969358e-02
      vertex -2.228025e-02 8.130031e-03 2.073136e-02
    endloop
  endfacet
  facet normal 2.461821e-01 9.692234e-01 -6.389399e-04
    outer loop
      vertex -2.042161e-02 7.640298e-03 2.063665e-02
      vertex -2.124905e-02 7.849847e-03 1.969341e-02
      vertex -2.128187e-02 7.858853e-03 2.071095e-02
    endloop
  endfacet
  facet normal 1.927927e-01 9.812378e-01 -1.826965e-03
    outer loop
      vertex -1.754247e-02 7.012510e-03 2.015089e-02
      vertex -1.797757e-02 7.097145e-03 1.969275e-02
      vertex -1.833359e-02 7.169304e-03 2.087882e-02
    endloop
  endfacet
  facet normal 2.075641e-01 9.782114e-01 4.432822e-03
    outer loop
      vertex -1.897908e-02 7.309891e-03 3.616408e-02
      vertex -1.845185e-02 7.194080e-03 3.703325e-02
      vertex -1.793872e-02 7.090296e-03 3.590903e-02
    endloop
  endfacet
  facet normal 1.488026e-01 9.888664e-01 1.034813e-03
    outer loop
      vertex -1.565105e-02 6.684581e-03 3.624231e-02
      vertex -1.501487e-02 6.587524e-03 3.750904e-02
      vertex -1.481441e-02 6.558854e-03 3.608041e-02
    endloop
  endfacet
  facet normal 1.573215e-01 9.875418e-01 -3.345042e-03
    outer loop
      vertex -1.636917e-02 6.801219e-03 3.690281e-02
      vertex -1.501487e-02 6.587524e-03 3.750904e-02
      vertex -1.565105e-02 6.684581e-03 3.624231e-02
    endloop
  endfacet
  facet normal 1.286342e-01 9.916913e-01 -1.302823e-03
    outer loop
      vertex -1.380185e-02 6.424568e-03 2.066228e-02
      vertex -1.410686e-02 6.462857e-03 1.969198e-02
      vertex -1.450792e-02 6.516154e-03 2.066242e-02
    endloop
  endfacet
  facet normal 1.115330e-01 9.937590e-01 -1.859263e-03
    outer loop
      vertex -1.272307e-02 6.302484e-03 2.012298e-02
      vertex -1.349922e-02 6.387577e-03 1.904495e-02
      vertex -1.380185e-02 6.424568e-03 2.066228e-02
    endloop
  endfacet
  facet normal 5.457401e-02 9.985089e-01 -1.273859e-03
    outer loop
      vertex -9.551226e-03 6.060820e-03 2.001453e-02
      vertex -1.017052e-02 6.093430e-03 1.904429e-02
      vertex -1.035896e-02 6.105655e-03 2.055378e-02
    endloop
  endfacet
  facet normal 3.748965e-02 9.992963e-01 -1.157003e-03
    outer loop
      vertex -8.531788e-03 6.021296e-03 3.885123e-02
      vertex -8.673082e-03 6.025072e-03 3.753473e-02
      vertex -9.253888e-03 6.047339e-03 3.794741e-02
    endloop
  endfacet
  facet normal 1.347863e-02 9.999092e-01 8.641934e-05
    outer loop
      vertex -8.010007e-03 6.007302e-03 3.797784e-02
      vertex -7.975266e-03 6.006683e-03 3.972072e-02
      vertex -7.203578e-03 5.996342e-03 3.901407e-02
    endloop
  endfacet
  facet normal 2.604715e-02 9.996597e-01 -1.416934e-03
    outer loop
      vertex -8.491184e-03 6.020163e-03 1.904396e-02
      vertex -8.700984e-03 6.026775e-03 1.985263e-02
      vertex -7.779153e-03 6.003243e-03 2.019612e-02
    endloop
  endfacet
  facet normal -2.278781e-02 9.997393e-01 1.425569e-03
    outer loop
      vertex -4.987745e-03 6.024025e-03 2.174753e-02
      vertex -5.987258e-03 6.001836e-03 2.133130e-02
      vertex -5.913899e-03 6.001971e-03 2.240931e-02
    endloop
  endfacet
  facet normal -1.740168e-01 9.846978e-01 9.403115e-03
    outer loop
      vertex 3.934753e-03 6.916388e-03 3.490093e-02
      vertex 4.625228e-03 7.041547e-03 3.457233e-02
      vertex 3.628309e-03 6.874022e-03 3.366628e-02
    endloop
  endfacet
  facet normal -1.511499e-01 9.885104e-01 9.372420e-04
    outer loop
      vertex 2.442995e-03 6.744587e-03 2.087040e-02
      vertex 1.453686e-03 6.593887e-03 2.026722e-02
      vertex 1.322924e-03 6.572834e-03 2.138373e-02
    endloop
  endfacet
  facet normal -1.973853e-01 9.802637e-01 1.105498e-02
    outer loop
      vertex 6.193297e-03 7.348455e-03 3.449870e-02
      vertex 6.085775e-03 7.342140e-03 3.313889e-02
      vertex 5.394979e-03 7.187071e-03 3.455499e-02
    endloop
  endfacet
  facet normal -2.153420e-01 9.764306e-01 1.452766e-02
    outer loop
      vertex 6.085775e-03 7.342140e-03 3.313889e-02
      vertex 6.987239e-03 7.513941e-03 3.495412e-02
      vertex 7.425463e-03 7.633177e-03 3.343576e-02
    endloop
  endfacet
  facet normal -3.329480e-01 9.427930e-01 1.694145e-02
    outer loop
      vertex 1.267541e-02 9.320587e-03 2.232397e-02
      vertex 1.369155e-02 9.684520e-03 2.204107e-02
      vertex 1.282111e-02 9.403072e-03 2.059706e-02
    endloop
  endfacet
  facet normal -1.097517e-01 9.939590e-01 3.401298e-04
    outer loop
      vertex 1.004799e-05 6.399473e-03 2.208054e-02
      vertex -3.853450e-04 6.356504e-03 2.006404e-02
      vertex -7.350798e-04 6.317488e-03 2.122994e-02
    endloop
  endfacet
  facet normal -1.698914e-01 9.854392e-01 6.822160e-03
    outer loop
      vertex 4.354128e-03 6.980378e-03 3.602204e-02
      vertex 3.823220e-03 6.878562e-03 3.750779e-02
      vertex 4.634397e-03 7.021001e-03 3.713364e-02
    endloop
  endfacet
  facet normal -1.945707e-01 9.808278e-01 1.090980e-02
    outer loop
      vertex 5.441344e-03 7.174216e-03 3.672755e-02
      vertex 6.234483e-03 7.336379e-03 3.629380e-02
      vertex 6.100988e-03 7.316041e-03 3.574145e-02
    endloop
  endfacet
  facet normal -2.063810e-01 9.783736e-01 1.385450e-02
    outer loop
      vertex 6.234483e-03 7.336379e-03 3.629380e-02
      vertex 7.013127e-03 7.507157e-03 3.583272e-02
      vertex 6.100988e-03 7.316041e-03 3.574145e-02
    endloop
  endfacet
  facet normal -2.200480e-01 9.753884e-01 1.401453e-02
    outer loop
      vertex 7.013127e-03 7.507157e-03 3.583272e-02
      vertex 7.811470e-03 7.694611e-03 3.532136e-02
      vertex 6.987239e-03 7.513941e-03 3.495412e-02
    endloop
  endfacet
  facet normal -2.684844e-01 9.631464e-01 1.628342e-02
    outer loop
      vertex 1.050562e-02 8.448104e-03 3.193343e-02
      vertex 9.947918e-03 8.284410e-03 3.242017e-02
      vertex 1.077735e-02 8.505401e-03 3.302466e-02
    endloop
  endfacet
  facet normal -2.815438e-01 9.593454e-01 1.973490e-02
    outer loop
      vertex 1.050562e-02 8.448104e-03 3.193343e-02
      vertex 1.077735e-02 8.505401e-03 3.302466e-02
      vertex 1.149752e-02 8.730515e-03 3.235575e-02
    endloop
  endfacet
  facet normal -2.957334e-01 9.551022e-01 1.793031e-02
    outer loop
      vertex 1.149752e-02 8.730515e-03 3.235575e-02
      vertex 1.215766e-02 8.947300e-03 3.169615e-02
      vertex 1.144937e-02 8.730924e-03 3.153971e-02
    endloop
  endfacet
  facet normal -3.015663e-01 9.531407e-01 2.409637e-02
    outer loop
      vertex 1.215766e-02 8.947300e-03 3.169615e-02
      vertex 1.278633e-02 9.163249e-03 3.102199e-02
      vertex 1.203547e-02 8.930187e-03 3.084385e-02
    endloop
  endfacet
  facet normal -3.412296e-01 9.395668e-01 2.786827e-02
    outer loop
      vertex 1.409690e-02 9.692253e-03 2.767212e-02
      vertex 1.483958e-02 9.939650e-03 2.842485e-02
      vertex 1.510970e-02 1.004928e-02 2.803611e-02
    endloop
  endfacet
  facet normal -3.500119e-01 9.362919e-01 2.913962e-02
    outer loop
      vertex 1.510970e-02 1.004928e-02 2.803611e-02
      vertex 1.561849e-02 1.026410e-02 2.724512e-02
      vertex 1.472875e-02 9.935520e-03 2.711561e-02
    endloop
  endfacet
  facet normal -3.735046e-01 9.270474e-01 3.282431e-02
    outer loop
      vertex 1.600357e-02 1.050567e-02 2.432689e-02
      vertex 1.655404e-02 1.068227e-02 2.560321e-02
      vertex 1.697846e-02 1.088329e-02 2.475526e-02
    endloop
  endfacet
  facet normal -3.797720e-01 9.248064e-01 2.250311e-02
    outer loop
      vertex 1.650801e-02 1.082981e-02 2.012786e-02
      vertex 1.638411e-02 1.081565e-02 1.861893e-02
      vertex 1.589056e-02 1.060550e-02 1.892597e-02
    endloop
  endfacet
  facet normal -2.567277e-01 9.663321e-01 1.711977e-02
    outer loop
      vertex 8.934261e-03 8.009377e-03 3.274379e-02
      vertex 1.008541e-02 8.299630e-03 3.362299e-02
      vertex 9.947918e-03 8.284410e-03 3.242017e-02
    endloop
  endfacet
  facet normal -3.171015e-01 9.480787e-01 2.436069e-02
    outer loop
      vertex 1.241273e-02 9.102859e-03 2.842398e-02
      vertex 1.318929e-02 9.341726e-03 2.923598e-02
      vertex 1.357931e-02 9.496773e-03 2.827880e-02
    endloop
  endfacet
  facet normal -3.234459e-01 9.461161e-01 1.571933e-02
    outer loop
      vertex 1.076554e-02 8.763877e-03 1.474706e-02
      vertex 1.139212e-02 8.968676e-03 1.531332e-02
      vertex 1.230998e-02 9.287580e-03 1.500524e-02
    endloop
  endfacet
  facet normal -2.063605e-01 9.783810e-01 1.363433e-02
    outer loop
      vertex 6.100988e-03 7.316041e-03 3.574145e-02
      vertex 7.013127e-03 7.507157e-03 3.583272e-02
      vertex 6.987239e-03 7.513941e-03 3.495412e-02
    endloop
  endfacet
  facet normal -2.247255e-02 9.964708e-01 8.087614e-02
    outer loop
      vertex -5.894582e-03 6.111513e-03 1.698882e-02
      vertex -5.867339e-03 6.029964e-03 1.800115e-02
      vertex -4.756034e-03 6.141021e-03 1.694161e-02
    endloop
  endfacet
  facet normal -2.642538e-02 9.966998e-01 7.675419e-02
    outer loop
      vertex -4.756034e-03 6.141021e-03 1.694161e-02
      vertex -5.867339e-03 6.029964e-03 1.800115e-02
      vertex -4.467722e-03 6.072101e-03 1.793585e-02
    endloop
  endfacet
  facet normal -9.330706e-02 9.924652e-01 7.941456e-02
    outer loop
      vertex -1.263768e-03 6.373371e-03 1.656955e-02
      vertex -8.341717e-04 6.337382e-03 1.752405e-02
      vertex -7.807054e-05 6.501291e-03 1.636401e-02
    endloop
  endfacet
  facet normal -1.168295e-01 9.898217e-01 8.126360e-02
    outer loop
      vertex -7.807054e-05 6.501291e-03 1.636401e-02
      vertex 3.436253e-04 6.473204e-03 1.731238e-02
      vertex 1.458142e-03 6.624123e-03 1.707643e-02
    endloop
  endfacet
  facet normal -1.518157e-01 9.856513e-01 7.377963e-02
    outer loop
      vertex 3.325107e-03 7.008526e-03 1.554306e-02
      vertex 2.654940e-03 6.812681e-03 1.678043e-02
      vertex 3.615610e-03 6.980427e-03 1.651621e-02
    endloop
  endfacet
  facet normal -1.805430e-01 9.806412e-01 7.580991e-02
    outer loop
      vertex 4.478593e-03 7.228364e-03 1.518416e-02
      vertex 4.799595e-03 7.212954e-03 1.614797e-02
      vertex 5.317724e-03 7.405313e-03 1.489365e-02
    endloop
  endfacet
  facet normal -1.876794e-01 9.795367e-01 7.269269e-02
    outer loop
      vertex 4.799595e-03 7.212954e-03 1.614797e-02
      vertex 5.859025e-03 7.443156e-03 1.578124e-02
      vertex 5.317724e-03 7.405313e-03 1.489365e-02
    endloop
  endfacet
  facet normal -2.047523e-01 9.761905e-01 7.161418e-02
    outer loop
      vertex 6.349748e-03 7.639551e-03 1.450716e-02
      vertex 5.859025e-03 7.443156e-03 1.578124e-02
      vertex 6.959137e-03 7.704654e-03 1.536204e-02
    endloop
  endfacet
  facet normal -2.231871e-01 9.723559e-01 6.863980e-02
    outer loop
      vertex 7.683650e-03 7.970056e-03 1.395814e-02
      vertex 6.959137e-03 7.704654e-03 1.536204e-02
      vertex 8.085148e-03 7.996357e-03 1.489105e-02
    endloop
  endfacet
  facet normal -2.827677e-01 9.568257e-01 6.728369e-02
    outer loop
      vertex 1.077660e-02 8.874047e-03 1.242882e-02
      vertex 1.172819e-02 9.144951e-03 1.257553e-02
      vertex 1.193253e-02 9.262872e-03 1.175736e-02
    endloop
  endfacet
  facet normal -3.401113e-01 9.385675e-01 5.844137e-02
    outer loop
      vertex 1.464597e-02 1.028044e-02 9.958634e-03
      vertex 1.421581e-02 1.002900e-02 1.149344e-02
      vertex 1.519889e-02 1.042854e-02 1.079801e-02
    endloop
  endfacet
  facet normal -3.430411e-02 9.903785e-01 1.340659e-01
    outer loop
      vertex -4.756034e-03 6.141021e-03 1.694161e-02
      vertex -3.677507e-03 6.327462e-03 1.584030e-02
      vertex -4.819422e-03 6.276464e-03 1.592485e-02
    endloop
  endfacet
  facet normal -3.595388e-02 9.905338e-01 1.324765e-01
    outer loop
      vertex -3.578047e-03 6.195415e-03 1.685462e-02
      vertex -3.677507e-03 6.327462e-03 1.584030e-02
      vertex -4.756034e-03 6.141021e-03 1.694161e-02
    endloop
  endfacet
  facet normal -6.800465e-02 9.890509e-01 1.309724e-01
    outer loop
      vertex -2.188579e-03 6.292650e-03 1.669893e-02
      vertex -1.263768e-03 6.373371e-03 1.656955e-02
      vertex -1.640195e-03 6.476913e-03 1.559219e-02
    endloop
  endfacet
  facet normal -9.718187e-02 9.865504e-01 1.314307e-01
    outer loop
      vertex -7.807054e-05 6.501291e-03 1.636401e-02
      vertex 9.822527e-04 6.774732e-03 1.509552e-02
      vertex -2.827229e-04 6.614453e-03 1.536327e-02
    endloop
  endfacet
  facet normal -1.774262e-01 9.769917e-01 1.183518e-01
    outer loop
      vertex 6.349748e-03 7.639551e-03 1.450716e-02
      vertex 5.998125e-03 7.692523e-03 1.354275e-02
      vertex 5.317724e-03 7.405313e-03 1.489365e-02
    endloop
  endfacet
  facet normal -2.242558e-01 9.678085e-01 1.142633e-01
    outer loop
      vertex 8.634755e-03 8.230970e-03 1.352035e-02
      vertex 9.806229e-03 8.570019e-03 1.294778e-02
      vertex 8.515197e-03 8.330753e-03 1.244054e-02
    endloop
  endfacet
  facet normal -1.684741e-02 9.822286e-01 1.869311e-01
    outer loop
      vertex -5.509105e-03 6.259177e-03 1.595352e-02
      vertex -4.819422e-03 6.276464e-03 1.592485e-02
      vertex -5.684786e-03 6.445745e-03 1.495737e-02
    endloop
  endfacet
  facet normal -2.839754e-02 9.819688e-01 1.868978e-01
    outer loop
      vertex -4.819422e-03 6.276464e-03 1.592485e-02
      vertex -3.778726e-03 6.512696e-03 1.484180e-02
      vertex -4.538549e-03 6.479974e-03 1.489827e-02
    endloop
  endfacet
  facet normal -5.421809e-02 9.816775e-01 1.826739e-01
    outer loop
      vertex -1.640195e-03 6.476913e-03 1.559219e-02
      vertex -1.605663e-03 6.668573e-03 1.457247e-02
      vertex -2.407506e-03 6.603287e-03 1.468532e-02
    endloop
  endfacet
  facet normal -7.977142e-02 9.799986e-01 1.823163e-01
    outer loop
      vertex -2.827229e-04 6.614453e-03 1.536327e-02
      vertex 6.074147e-04 6.912864e-03 1.414870e-02
      vertex -1.477981e-04 6.822045e-03 1.430644e-02
    endloop
  endfacet
  facet normal -9.276507e-02 9.793553e-01 1.796046e-01
    outer loop
      vertex 9.822527e-04 6.774732e-03 1.509552e-02
      vertex 1.628862e-03 7.055032e-03 1.390106e-02
      vertex 6.074147e-04 6.912864e-03 1.414870e-02
    endloop
  endfacet
  facet normal -1.544287e-01 9.740817e-01 1.652775e-01
    outer loop
      vertex 5.998125e-03 7.692523e-03 1.354275e-02
      vertex 5.795994e-03 7.831782e-03 1.253315e-02
      vertex 5.149150e-03 7.502990e-03 1.386654e-02
    endloop
  endfacet
  facet normal -1.847590e-01 9.698569e-01 1.588762e-01
    outer loop
      vertex 7.645627e-03 8.281919e-03 1.172742e-02
      vertex 8.515197e-03 8.330753e-03 1.244054e-02
      vertex 8.855426e-03 8.609464e-03 1.113482e-02
    endloop
  endfacet
  facet normal -2.393727e-01 9.600729e-01 1.447783e-01
    outer loop
      vertex 1.122840e-02 9.155403e-03 1.098545e-02
      vertex 1.221237e-02 9.492055e-03 1.037986e-02
      vertex 1.166308e-02 9.484808e-03 9.519748e-03
    endloop
  endfacet
  facet normal -2.775357e-01 9.511666e-01 1.351150e-01
    outer loop
      vertex 1.488156e-02 1.050834e-02 8.504924e-03
      vertex 1.430064e-02 1.047346e-02 7.557271e-03
      vertex 1.386160e-02 1.010349e-02 9.259858e-03
    endloop
  endfacet
  facet normal -1.442594e-02 9.710325e-01 2.385114e-01
    outer loop
      vertex -5.684786e-03 6.445745e-03 1.495737e-02
      vertex -4.907628e-03 6.699393e-03 1.397171e-02
      vertex -5.979804e-03 6.670808e-03 1.402324e-02
    endloop
  endfacet
  facet normal -2.400523e-02 9.706204e-01 2.394157e-01
    outer loop
      vertex -4.538549e-03 6.479974e-03 1.489827e-02
      vertex -3.778726e-03 6.512696e-03 1.484180e-02
      vertex -4.907628e-03 6.699393e-03 1.397171e-02
    endloop
  endfacet
  facet normal -5.504331e-02 9.707375e-01 2.337499e-01
    outer loop
      vertex -1.605663e-03 6.668573e-03 1.457247e-02
      vertex -4.944501e-04 7.012193e-03 1.340712e-02
      vertex -1.571225e-03 6.904061e-03 1.360262e-02
    endloop
  endfacet
  facet normal -1.379885e-01 9.672809e-01 2.129008e-01
    outer loop
      vertex 5.597872e-03 8.015181e-03 1.157150e-02
      vertex 5.795994e-03 7.831782e-03 1.253315e-02
      vertex 6.447392e-03 7.984798e-03 1.226014e-02
    endloop
  endfacet
  facet normal -1.933240e-01 9.628484e-01 1.885440e-01
    outer loop
      vertex 1.067927e-02 9.163046e-03 1.011798e-02
      vertex 1.018795e-02 9.227209e-03 9.286530e-03
      vertex 9.779612e-03 8.880105e-03 1.064042e-02
    endloop
  endfacet
  facet normal -1.197673e-02 9.573282e-01 2.887548e-01
    outer loop
      vertex -4.907628e-03 6.699393e-03 1.397171e-02
      vertex -4.563773e-03 7.010234e-03 1.295543e-02
      vertex -5.761301e-03 6.975192e-03 1.302193e-02
    endloop
  endfacet
  facet normal -1.857212e-02 9.578459e-01 2.866816e-01
    outer loop
      vertex -4.907628e-03 6.699393e-03 1.397171e-02
      vertex -3.676951e-03 6.751193e-03 1.387837e-02
      vertex -4.563773e-03 7.010234e-03 1.295543e-02
    endloop
  endfacet
  facet normal -8.839377e-02 9.611313e-01 2.615590e-01
    outer loop
      vertex 4.123557e-03 7.710681e-03 1.213340e-02
      vertex 3.800285e-03 7.941450e-03 1.117616e-02
      vertex 3.140972e-03 7.530250e-03 1.246435e-02
    endloop
  endfacet
  facet normal -9.143640e-02 9.615530e-01 2.589501e-01
    outer loop
      vertex 3.800285e-03 7.941450e-03 1.117616e-02
      vertex 4.790401e-03 7.843884e-03 1.188806e-02
      vertex 5.171261e-03 8.213688e-03 1.064936e-02
    endloop
  endfacet
  facet normal -1.015724e-01 9.618437e-01 2.540467e-01
    outer loop
      vertex 5.171261e-03 8.213688e-03 1.064936e-02
      vertex 5.597872e-03 8.015181e-03 1.157150e-02
      vertex 5.847299e-03 8.360438e-03 1.036405e-02
    endloop
  endfacet
  facet normal -1.199735e-01 9.618258e-01 2.459625e-01
    outer loop
      vertex 7.086971e-03 8.364889e-03 1.092056e-02
      vertex 7.274415e-03 8.701391e-03 9.696110e-03
      vertex 6.475341e-03 8.369230e-03 1.060525e-02
    endloop
  endfacet
  facet normal -2.032693e-01 9.570014e-01 2.069537e-01
    outer loop
      vertex 1.361990e-02 1.041172e-02 6.955381e-03
      vertex 1.303228e-02 1.046990e-02 6.109196e-03
      vertex 1.289979e-02 1.014105e-02 7.499739e-03
    endloop
  endfacet
  facet normal -1.814729e-02 9.420459e-01 3.349928e-01
    outer loop
      vertex -2.738437e-03 7.109611e-03 1.276686e-02
      vertex -2.983648e-03 7.441359e-03 1.182065e-02
      vertex -3.725478e-03 7.221971e-03 1.239742e-02
    endloop
  endfacet
  facet normal -5.352450e-02 9.481775e-01 3.132004e-01
    outer loop
      vertex 1.261516e-03 7.527649e-03 1.197066e-02
      vertex 2.664176e-03 7.743371e-03 1.155729e-02
      vertex 2.439739e-03 8.048372e-03 1.059558e-02
    endloop
  endfacet
  facet normal -7.904206e-02 9.525193e-01 2.940398e-01
    outer loop
      vertex 5.847299e-03 8.360438e-03 1.036405e-02
      vertex 6.543841e-03 8.858073e-03 8.939236e-03
      vertex 5.685009e-03 8.662175e-03 9.342966e-03
    endloop
  endfacet
  facet normal -7.977771e-03 9.233954e-01 3.837673e-01
    outer loop
      vertex -2.553803e-03 7.865359e-03 1.080939e-02
      vertex -2.983648e-03 7.441359e-03 1.182065e-02
      vertex -1.599023e-03 7.941441e-03 1.064617e-02
    endloop
  endfacet
  facet normal -1.384716e-02 9.252041e-01 3.792172e-01
    outer loop
      vertex -1.574741e-03 7.549883e-03 1.160237e-02
      vertex -2.404943e-04 7.856751e-03 1.090240e-02
      vertex -1.599023e-03 7.941441e-03 1.064617e-02
    endloop
  endfacet
  facet normal -3.538626e-02 9.389096e-01 3.423399e-01
    outer loop
      vertex 4.448039e-03 8.405872e-03 9.867956e-03
      vertex 4.135121e-03 8.728585e-03 8.950531e-03
      vertex 3.357111e-03 8.589912e-03 9.250439e-03
    endloop
  endfacet
  facet normal -5.149685e-02 9.399049e-01 3.375306e-01
    outer loop
      vertex 5.685009e-03 8.662175e-03 9.342966e-03
      vertex 5.055948e-03 8.909966e-03 8.556981e-03
      vertex 4.448039e-03 8.405872e-03 9.867956e-03
    endloop
  endfacet
  facet normal 1.068883e-03 8.986289e-01 4.387083e-01
    outer loop
      vertex -4.794714e-03 7.748103e-03 1.106093e-02
      vertex -5.823584e-03 8.162033e-03 1.021556e-02
      vertex -6.071463e-03 7.716976e-03 1.112780e-02
    endloop
  endfacet
  facet normal -5.590476e-04 9.074520e-01 4.201553e-01
    outer loop
      vertex -6.652161e-04 8.468470e-03 9.509105e-03
      vertex -3.015617e-04 8.070713e-03 1.036866e-02
      vertex 7.206946e-04 8.191021e-03 1.011018e-02
    endloop
  endfacet
  facet normal -1.288072e-02 9.199029e-01 3.919346e-01
    outer loop
      vertex 3.023995e-03 8.747796e-03 8.868925e-03
      vertex 3.357111e-03 8.589912e-03 9.250439e-03
      vertex 4.135121e-03 8.728585e-03 8.950531e-03
    endloop
  endfacet
  facet normal -2.556929e-02 9.281514e-01 3.713235e-01
    outer loop
      vertex 5.055948e-03 8.909966e-03 8.556981e-03
      vertex 5.802042e-03 9.070696e-03 8.206599e-03
      vertex 5.446939e-03 9.416248e-03 7.318412e-03
    endloop
  endfacet
  facet normal -3.787962e-02 9.342862e-01 3.545058e-01
    outer loop
      vertex 6.847369e-03 9.307623e-03 7.688337e-03
      vertex 7.465954e-03 9.460112e-03 7.352556e-03
      vertex 7.126472e-03 9.794699e-03 6.434491e-03
    endloop
  endfacet
  facet normal 1.123457e-02 9.228963e-01 3.848847e-01
    outer loop
      vertex 7.126472e-03 9.794699e-03 6.434491e-03
      vertex 7.333346e-03 1.031931e-02 5.170516e-03
      vertex 6.559577e-03 1.013832e-02 5.627079e-03
    endloop
  endfacet
  facet normal 1.736426e-02 8.483129e-01 5.292104e-01
    outer loop
      vertex -5.885385e-03 9.221248e-03 8.428527e-03
      vertex -4.965085e-03 8.694859e-03 9.242121e-03
      vertex -4.426018e-03 9.259914e-03 8.318661e-03
    endloop
  endfacet
  facet normal 2.621800e-02 8.504041e-01 5.254764e-01
    outer loop
      vertex -3.764841e-03 8.741365e-03 9.124799e-03
      vertex -2.910703e-03 8.788721e-03 9.005545e-03
      vertex -3.494554e-03 9.299791e-03 8.207585e-03
    endloop
  endfacet
  facet normal 3.195944e-02 8.535165e-01 5.200848e-01
    outer loop
      vertex -2.910703e-03 8.788721e-03 9.005545e-03
      vertex -1.812280e-03 8.866031e-03 8.811172e-03
      vertex -2.569790e-03 9.354126e-03 8.056704e-03
    endloop
  endfacet
  facet normal 3.691356e-02 8.592117e-01 5.102869e-01
    outer loop
      vertex -1.812280e-03 8.866031e-03 8.811172e-03
      vertex -1.154682e-03 8.923630e-03 8.666618e-03
      vertex -1.313716e-03 9.449745e-03 7.792259e-03
    endloop
  endfacet
  facet normal 6.208179e-02 8.707430e-01 4.878037e-01
    outer loop
      vertex 1.198187e-03 9.416652e-03 7.597118e-03
      vertex 2.024230e-03 9.825509e-03 6.762168e-03
      vertex 1.452966e-03 9.748556e-03 6.972235e-03
    endloop
  endfacet
  facet normal 5.172006e-02 9.063585e-01 4.193320e-01
    outer loop
      vertex 5.999363e-03 1.052580e-02 4.858677e-03
      vertex 6.559577e-03 1.013832e-02 5.627079e-03
      vertex 6.746708e-03 1.068922e-02 4.413261e-03
    endloop
  endfacet
  facet normal 4.624625e-02 8.222142e-01 5.672963e-01
    outer loop
      vertex -3.845513e-03 9.865195e-03 7.416724e-03
      vertex -3.494554e-03 9.299791e-03 8.207585e-03
      vertex -3.105711e-03 9.904411e-03 7.299577e-03
    endloop
  endfacet
  facet normal 4.886739e-02 7.917389e-01 6.089019e-01
    outer loop
      vertex -3.845513e-03 9.865195e-03 7.416724e-03
      vertex -3.649908e-03 1.048427e-02 6.596058e-03
      vertex -4.741748e-03 1.044400e-02 6.736048e-03
    endloop
  endfacet
  facet normal 1.124298e-01 8.161656e-01 5.667744e-01
    outer loop
      vertex 8.329213e-05 1.015396e-02 6.526908e-03
      vertex 5.306219e-04 1.079471e-02 5.515477e-03
      vertex -2.428085e-04 1.071714e-02 5.780607e-03
    endloop
  endfacet
  facet normal 1.082896e-01 8.334588e-01 5.418669e-01
    outer loop
      vertex 2.387034e-03 1.043813e-02 5.668755e-03
      vertex 1.963349e-03 1.096400e-02 4.944573e-03
      vertex 1.621858e-03 1.033388e-02 5.982015e-03
    endloop
  endfacet
  facet normal 5.151898e-02 7.145412e-01 6.976939e-01
    outer loop
      vertex -5.656897e-03 1.183576e-02 5.284582e-03
      vertex -5.576525e-03 1.113799e-02 5.993265e-03
      vertex -4.340276e-03 1.114928e-02 5.890419e-03
    endloop
  endfacet
  facet normal 9.065984e-02 7.189219e-01 6.891532e-01
    outer loop
      vertex -4.302269e-03 1.185946e-02 5.144561e-03
      vertex -4.340276e-03 1.114928e-02 5.890419e-03
      vertex -3.413441e-03 1.198496e-02 4.896719e-03
    endloop
  endfacet
  facet normal -2.779998e-01 9.602855e-01 2.383203e-02
    outer loop
      vertex 1.025732e-02 8.628985e-03 1.385621e-02
      vertex 9.156388e-03 8.296722e-03 1.440209e-02
      vertex 1.006029e-02 8.540967e-03 1.510454e-02
    endloop
  endfacet
  facet normal -1.910603e-01 9.810475e-01 3.227594e-02
    outer loop
      vertex 4.170249e-03 7.058498e-03 1.742642e-02
      vertex 5.065028e-03 7.242073e-03 1.714329e-02
      vertex 3.615610e-03 6.980427e-03 1.651621e-02
    endloop
  endfacet
  facet normal -1.788112e-01 9.835760e-01 2.459494e-02
    outer loop
      vertex 3.615610e-03 6.980427e-03 1.651621e-02
      vertex 3.462851e-03 6.924755e-03 1.763200e-02
      vertex 4.170249e-03 7.058498e-03 1.742642e-02
    endloop
  endfacet
  facet normal -1.296207e-01 9.911276e-01 2.940473e-02
    outer loop
      vertex 5.931950e-04 6.476025e-03 1.831744e-02
      vertex 1.316297e-03 6.575062e-03 1.816679e-02
      vertex 3.436253e-04 6.473204e-03 1.731238e-02
    endloop
  endfacet
  facet normal -1.180940e-01 9.926477e-01 2.653823e-02
    outer loop
      vertex 3.436253e-04 6.473204e-03 1.731238e-02
      vertex -1.334298e-04 6.385924e-03 1.845416e-02
      vertex 5.931950e-04 6.476025e-03 1.831744e-02
    endloop
  endfacet
  facet normal -6.864500e-02 9.971811e-01 3.029231e-02
    outer loop
      vertex -3.071944e-03 6.116968e-03 1.885998e-02
      vertex -2.332835e-03 6.170282e-03 1.877985e-02
      vertex -3.482438e-03 6.118990e-03 1.786319e-02
    endloop
  endfacet
  facet normal -5.272126e-02 9.983271e-01 2.373696e-02
    outer loop
      vertex -3.482438e-03 6.118990e-03 1.786319e-02
      vertex -4.185965e-03 6.055963e-03 1.895142e-02
      vertex -3.071944e-03 6.116968e-03 1.885998e-02
    endloop
  endfacet
  facet normal -3.683825e-01 9.288702e-01 3.865891e-02
    outer loop
      vertex 1.593001e-02 1.075640e-02 9.887410e-03
      vertex 1.519889e-02 1.042854e-02 1.079801e-02
      vertex 1.601474e-02 1.076288e-02 1.053910e-02
    endloop
  endfacet
  facet normal -2.954918e-01 9.550447e-01 2.396320e-02
    outer loop
      vertex 1.025732e-02 8.628985e-03 1.385621e-02
      vertex 1.076554e-02 8.763877e-03 1.474706e-02
      vertex 1.124936e-02 8.949255e-03 1.332495e-02
    endloop
  endfacet
  facet normal -3.072924e-01 9.470840e-01 9.275383e-02
    outer loop
      vertex 1.537246e-02 1.058131e-02 9.412987e-03
      vertex 1.569319e-02 1.074312e-02 8.823404e-03
      vertex 1.548027e-02 1.073422e-02 8.208845e-03
    endloop
  endfacet
  facet normal 1.137055e-01 8.475591e-01 5.183769e-01
    outer loop
      vertex 3.178167e-03 1.055646e-02 5.314847e-03
      vertex 3.938317e-03 1.068036e-02 4.945540e-03
      vertex 3.365621e-03 1.113894e-02 4.321371e-03
    endloop
  endfacet
  facet normal 1.014643e-01 7.223591e-01 6.840338e-01
    outer loop
      vertex -2.748194e-03 1.123636e-02 5.588579e-03
      vertex -3.413441e-03 1.198496e-02 4.896719e-03
      vertex -3.452553e-03 1.120227e-02 5.729056e-03
    endloop
  endfacet
  facet normal 1.379852e-01 7.850404e-01 6.038805e-01
    outer loop
      vertex -2.428085e-04 1.071714e-02 5.780607e-03
      vertex 7.554781e-06 1.149920e-02 4.706726e-03
      vertex -5.975308e-04 1.137920e-02 5.000992e-03
    endloop
  endfacet
  facet normal -7.194708e-03 9.999728e-01 -1.602007e-03
    outer loop
      vertex 1.423138e-02 1.070210e-02 3.489868e-03
      vertex 1.349156e-02 1.069590e-02 2.943076e-03
      vertex 1.305414e-02 1.069466e-02 4.130136e-03
    endloop
  endfacet
  facet normal 3.167635e-02 9.994909e-01 3.819799e-03
    outer loop
      vertex 9.345888e-03 1.076683e-02 1.413422e-03
      vertex 1.035749e-02 1.073031e-02 2.580386e-03
      vertex 1.058951e-02 1.072747e-02 1.397915e-03
    endloop
  endfacet
  facet normal 6.118850e-02 9.981137e-01 4.997285e-03
    outer loop
      vertex 7.576036e-03 1.085321e-02 5.310255e-04
      vertex 6.799479e-03 1.090564e-02 -4.322864e-04
      vertex 6.354182e-03 1.092694e-02 7.659414e-04
    endloop
  endfacet
  facet normal 9.450516e-02 9.954728e-01 1.013445e-02
    outer loop
      vertex 4.103540e-03 1.110425e-02 7.331544e-04
      vertex 2.980161e-03 1.122382e-02 -5.356445e-04
      vertex 2.873838e-03 1.122013e-02 8.178935e-04
    endloop
  endfacet
  facet normal 1.260438e-01 9.919284e-01 1.381781e-02
    outer loop
      vertex -3.824744e-04 1.157664e-02 2.749223e-03
      vertex -3.762824e-04 1.155842e-02 4.001024e-03
      vertex 4.019485e-04 1.146551e-02 3.571775e-03
    endloop
  endfacet
  facet normal 1.179180e-01 9.929376e-01 1.304943e-02
    outer loop
      vertex 4.019485e-04 1.146551e-02 3.571775e-03
      vertex 1.181958e-03 1.136509e-02 4.164487e-03
      vertex 1.402590e-03 1.135442e-02 2.982155e-03
    endloop
  endfacet
  facet normal 1.346085e-01 9.907958e-01 1.429418e-02
    outer loop
      vertex -3.824744e-04 1.157664e-02 2.749223e-03
      vertex -1.128629e-03 1.169238e-02 1.753439e-03
      vertex -1.232943e-03 1.168084e-02 3.535812e-03
    endloop
  endfacet
  facet normal 1.501901e-01 9.884732e-01 1.906823e-02
    outer loop
      vertex -2.767964e-03 1.195060e-02 8.829098e-04
      vertex -2.052073e-03 1.183173e-02 1.406337e-03
      vertex -1.187459e-03 1.172476e-02 1.416234e-04
    endloop
  endfacet
  facet normal 1.669968e-01 9.858077e-01 1.718211e-02
    outer loop
      vertex -4.686048e-03 1.222451e-02 3.449569e-03
      vertex -3.651968e-03 1.206534e-02 2.531361e-03
      vertex -4.192342e-03 1.218076e-02 1.160967e-03
    endloop
  endfacet
  facet normal 1.574911e-01 9.873645e-01 1.754697e-02
    outer loop
      vertex -3.651968e-03 1.206534e-02 2.531361e-03
      vertex -3.441009e-03 1.200663e-02 3.941302e-03
      vertex -2.647653e-03 1.190058e-02 2.787897e-03
    endloop
  endfacet
  facet normal 1.996664e-01 9.796510e-01 2.042565e-02
    outer loop
      vertex -6.934820e-03 1.266722e-02 2.301674e-03
      vertex -7.575788e-03 1.282317e-02 1.087547e-03
      vertex -8.056534e-03 1.288546e-02 2.799791e-03
    endloop
  endfacet
  facet normal 2.086275e-01 9.777244e-01 2.301172e-02
    outer loop
      vertex -8.056534e-03 1.288546e-02 2.799791e-03
      vertex -7.575788e-03 1.282317e-02 1.087547e-03
      vertex -8.787167e-03 1.305827e-02 2.081295e-03
    endloop
  endfacet
  facet normal 2.606510e-01 9.650951e-01 2.554275e-02
    outer loop
      vertex -1.389652e-02 1.434059e-02 1.081351e-03
      vertex -1.292321e-02 1.403772e-02 2.592608e-03
      vertex -1.307183e-02 1.410950e-02 1.397239e-03
    endloop
  endfacet
  facet normal -5.091185e-03 9.999867e-01 8.509888e-04
    outer loop
      vertex 1.357060e-02 1.069697e-02 5.570220e-03
      vertex 1.423138e-02 1.070210e-02 3.489868e-03
      vertex 1.301435e-02 1.069447e-02 5.182985e-03
    endloop
  endfacet
  facet normal 4.755104e-02 9.988527e-01 5.673018e-03
    outer loop
      vertex 7.577297e-03 1.083895e-02 3.056244e-03
      vertex 7.686352e-03 1.082846e-02 3.989545e-03
      vertex 8.633808e-03 1.078889e-02 3.015094e-03
    endloop
  endfacet
  facet normal 5.668744e-02 9.983684e-01 6.855563e-03
    outer loop
      vertex 6.725275e-03 1.089129e-02 2.479311e-03
      vertex 6.881020e-03 1.087196e-02 4.006915e-03
      vertex 7.577297e-03 1.083895e-02 3.056244e-03
    endloop
  endfacet
  facet normal 6.632924e-02 9.977685e-01 7.649159e-03
    outer loop
      vertex 5.789092e-03 1.095449e-02 2.353958e-03
      vertex 5.950646e-03 1.093065e-02 4.063143e-03
      vertex 6.725275e-03 1.089129e-02 2.479311e-03
    endloop
  endfacet
  facet normal 7.746228e-02 9.969735e-01 6.585761e-03
    outer loop
      vertex 4.500211e-03 1.104927e-02 3.165211e-03
      vertex 5.950646e-03 1.093065e-02 4.063143e-03
      vertex 5.789092e-03 1.095449e-02 2.353958e-03
    endloop
  endfacet
  facet normal 1.535832e-01 9.879721e-01 1.798316e-02
    outer loop
      vertex -3.413441e-03 1.198496e-02 4.896719e-03
      vertex -2.528059e-03 1.184761e-02 4.880684e-03
      vertex -3.441009e-03 1.200663e-02 3.941302e-03
    endloop
  endfacet
  facet normal 1.623215e-01 9.865792e-01 1.769942e-02
    outer loop
      vertex -3.413441e-03 1.198496e-02 4.896719e-03
      vertex -3.441009e-03 1.200663e-02 3.941302e-03
      vertex -4.223213e-03 1.211844e-02 4.882863e-03
    endloop
  endfacet
  facet normal -7.001172e-02 9.975223e-01 -6.905413e-03
    outer loop
      vertex 1.940319e-02 1.098661e-02 1.615859e-02
      vertex 1.949019e-02 1.098664e-02 1.528206e-02
      vertex 1.859369e-02 1.092655e-02 1.569070e-02
    endloop
  endfacet
  facet normal -4.540906e-02 9.989602e-01 -4.061886e-03
    outer loop
      vertex 1.700042e-02 1.081758e-02 1.294489e-02
      vertex 1.607292e-02 1.077218e-02 1.214783e-02
      vertex 1.611296e-02 1.078038e-02 1.371724e-02
    endloop
  endfacet
  facet normal 6.332352e-02 9.979740e-01 6.173999e-03
    outer loop
      vertex 6.881020e-03 1.087196e-02 4.006915e-03
      vertex 6.725275e-03 1.089129e-02 2.479311e-03
      vertex 5.950646e-03 1.093065e-02 4.063143e-03
    endloop
  endfacet
  facet normal -7.032652e-01 7.070902e-01 -7.376674e-02
    outer loop
      vertex -3.269166e-02 7.712725e-03 1.365689e-02
      vertex -3.237820e-02 8.082316e-03 1.421118e-02
      vertex -3.189620e-02 8.424646e-03 1.289742e-02
    endloop
  endfacet
  facet normal -7.032646e-01 7.070907e-01 -7.376746e-02
    outer loop
      vertex -3.237820e-02 8.082316e-03 1.421118e-02
      vertex -3.311957e-02 7.431131e-03 1.503723e-02
      vertex -3.219278e-02 8.365085e-03 1.515395e-02
    endloop
  endfacet
  facet normal -7.032654e-01 7.070899e-01 -7.376813e-02
    outer loop
      vertex -3.219278e-02 8.365085e-03 1.515395e-02
      vertex -3.241608e-02 8.254328e-03 1.622118e-02
      vertex -3.139178e-02 9.204739e-03 1.556603e-02
    endloop
  endfacet
  facet normal -7.032674e-01 7.070876e-01 -7.377014e-02
    outer loop
      vertex -3.142115e-02 8.757907e-03 1.156299e-02
      vertex -3.189620e-02 8.424646e-03 1.289742e-02
      vertex -3.110469e-02 9.176840e-03 1.256156e-02
    endloop
  endfacet
  facet normal -7.032653e-01 7.070900e-01 -7.376686e-02
    outer loop
      vertex -3.189620e-02 8.424646e-03 1.289742e-02
      vertex -3.237820e-02 8.082316e-03 1.421118e-02
      vertex -3.134883e-02 9.072052e-03 1.388468e-02
    endloop
  endfacet
  facet normal -7.032633e-01 7.070920e-01 -7.376744e-02
    outer loop
      vertex -3.272865e-02 8.147800e-03 1.818000e-02
      vertex -3.218362e-02 8.673988e-03 1.802766e-02
      vertex -3.237986e-02 8.372086e-03 1.700468e-02
    endloop
  endfacet
  facet normal -2.409005e-05 1.000000e+00 1.012686e-05
    outer loop
      vertex -2.660197e-02 9.803908e-03 1.368015e-02
      vertex -2.728450e-02 9.803877e-03 1.516423e-02
      vertex -2.617581e-02 9.803904e-03 1.516479e-02
    endloop
  endfacet
  facet normal -2.425207e-05 1.000000e+00 1.094892e-05
    outer loop
      vertex -2.823274e-02 9.803768e-03 2.307755e-02
      vertex -2.732191e-02 9.803795e-03 2.265619e-02
      vertex -2.911609e-02 9.803758e-03 2.207902e-02
    endloop
  endfacet
  facet normal -2.482652e-05 1.000000e+00 1.011758e-05
    outer loop
      vertex -2.728450e-02 9.803877e-03 1.516423e-02
      vertex -2.772087e-02 9.803884e-03 1.343366e-02
      vertex -2.848171e-02 9.803861e-03 1.382892e-02
    endloop
  endfacet
  facet normal -2.511816e-05 1.000000e+00 1.097274e-05
    outer loop
      vertex -2.811254e-02 9.803823e-03 1.825865e-02
      vertex -2.892566e-02 9.803813e-03 1.735334e-02
      vertex -2.927838e-02 9.803788e-03 1.880567e-02
    endloop
  endfacet
  facet normal -2.443114e-05 1.000000e+00 1.026997e-05
    outer loop
      vertex -2.992492e-02 9.803800e-03 1.628320e-02
      vertex -2.875792e-02 9.803832e-03 1.590212e-02
      vertex -2.952959e-02 9.803823e-03 1.490214e-02
    endloop
  endfacet
  facet normal -2.460128e-05 1.000000e+00 1.087596e-05
    outer loop
      vertex -3.069937e-02 9.803693e-03 2.452595e-02
      vertex -2.999682e-02 9.803717e-03 2.392295e-02
      vertex -3.113076e-02 9.803693e-03 2.355016e-02
    endloop
  endfacet
  facet normal -1.921972e-05 1.000000e+00 1.238195e-05
    outer loop
      vertex -3.152274e-02 9.803698e-03 2.255661e-02
      vertex -3.113076e-02 9.803693e-03 2.355016e-02
      vertex -3.066875e-02 9.803716e-03 2.241879e-02
    endloop
  endfacet
  facet normal -2.454858e-05 1.000000e+00 1.062622e-05
    outer loop
      vertex -2.370464e-02 9.804005e-03 1.125754e-02
      vertex -2.268142e-02 9.804026e-03 1.164692e-02
      vertex -2.256683e-02 9.804039e-03 1.065519e-02
    endloop
  endfacet
  facet normal -2.419101e-05 1.000000e+00 1.050377e-05
    outer loop
      vertex -2.557449e-02 9.803940e-03 1.310915e-02
      vertex -2.464873e-02 9.803961e-03 1.324379e-02
      vertex -2.493559e-02 9.803969e-03 1.176599e-02
    endloop
  endfacet
  facet normal -2.413419e-05 1.000000e+00 1.082000e-05
    outer loop
      vertex -2.926181e-02 9.803715e-03 2.577384e-02
      vertex -2.859173e-02 9.803719e-03 2.691590e-02
      vertex -2.843299e-02 9.803736e-03 2.568346e-02
    endloop
  endfacet
  facet normal -2.387764e-05 1.000000e+00 1.124114e-05
    outer loop
      vertex -2.772087e-02 9.803884e-03 1.343366e-02
      vertex -2.685499e-02 9.803920e-03 1.204907e-02
      vertex -2.823472e-02 9.803885e-03 1.225733e-02
    endloop
  endfacet
  facet normal -2.288490e-05 1.000000e+00 1.060516e-05
    outer loop
      vertex -3.077521e-02 9.803736e-03 2.043224e-02
      vertex -3.030824e-02 9.803734e-03 2.161975e-02
      vertex -2.988051e-02 9.803757e-03 2.038455e-02
    endloop
  endfacet
  facet normal 2.988928e-01 9.311558e-01 2.088348e-01
    outer loop
      vertex -2.478654e-02 9.229461e-03 1.559054e-02
      vertex -2.356136e-02 8.836246e-03 1.559029e-02
      vertex -2.349592e-02 9.049048e-03 1.454778e-02
    endloop
  endfacet
  facet normal 3.043809e-01 9.483338e-01 8.952798e-02
    outer loop
      vertex -2.487497e-02 8.962887e-03 1.788875e-02
      vertex -2.364373e-02 8.567728e-03 1.788850e-02
      vertex -2.484404e-02 9.056309e-03 1.679400e-02
    endloop
  endfacet
  facet normal 3.043816e-01 9.483337e-01 8.952723e-02
    outer loop
      vertex -2.484404e-02 9.056309e-03 1.679400e-02
      vertex -2.364373e-02 8.567728e-03 1.788850e-02
      vertex -2.361493e-02 8.661831e-03 1.679375e-02
    endloop
  endfacet
  facet normal 2.731835e-01 9.240320e-01 2.674614e-01
    outer loop
      vertex -2.349592e-02 9.049048e-03 1.454778e-02
      vertex -2.293358e-02 8.882831e-03 1.454767e-02
      vertex -2.339884e-02 9.364486e-03 1.335885e-02
    endloop
  endfacet
  facet normal 2.731838e-01 9.240319e-01 2.674613e-01
    outer loop
      vertex -2.339884e-02 9.364486e-03 1.335885e-02
      vertex -2.293358e-02 8.882831e-03 1.454767e-02
      vertex -2.212100e-02 8.986774e-03 1.335859e-02
    endloop
  endfacet
  facet normal 2.463886e-01 9.127335e-01 3.258991e-01
    outer loop
      vertex -2.212100e-02 8.986774e-03 1.335859e-02
      vertex -2.130810e-02 8.767394e-03 1.335843e-02
      vertex -2.202386e-02 9.331073e-03 1.232089e-02
    endloop
  endfacet
  facet normal 2.463883e-01 9.127335e-01 3.258993e-01
    outer loop
      vertex -2.202386e-02 9.331073e-03 1.232089e-02
      vertex -2.130810e-02 8.767394e-03 1.335843e-02
      vertex -2.073149e-02 8.982296e-03 1.232063e-02
    endloop
  endfacet
  facet normal 2.511101e-01 9.302721e-01 2.674652e-01
    outer loop
      vertex -2.212100e-02 8.986774e-03 1.335859e-02
      vertex -2.090232e-02 8.316055e-03 1.454726e-02
      vertex -2.130810e-02 8.767394e-03 1.335843e-02
    endloop
  endfacet
  facet normal 2.548462e-01 9.441602e-01 2.088419e-01
    outer loop
      vertex -2.227096e-02 8.454824e-03 1.559003e-02
      vertex -2.095755e-02 8.100369e-03 1.558977e-02
      vertex -2.221058e-02 8.669122e-03 1.454752e-02
    endloop
  endfacet
  facet normal 2.548464e-01 9.441602e-01 2.088417e-01
    outer loop
      vertex -2.221058e-02 8.669122e-03 1.454752e-02
      vertex -2.095755e-02 8.100369e-03 1.558977e-02
      vertex -2.090232e-02 8.316055e-03 1.454726e-02
    endloop
  endfacet
  facet normal 2.143410e-01 8.738877e-01 4.363236e-01
    outer loop
      vertex -2.049620e-02 9.899206e-03 1.020973e-02
      vertex -1.941668e-02 9.107708e-03 1.126467e-02
      vertex -1.930060e-02 9.606078e-03 1.020949e-02
    endloop
  endfacet
  facet normal 2.354583e-01 9.602551e-01 1.498983e-01
    outer loop
      vertex -2.095755e-02 8.100369e-03 1.558977e-02
      vertex -2.100276e-02 7.923591e-03 1.679323e-02
      vertex -2.020850e-02 7.811051e-03 1.626656e-02
    endloop
  endfacet
  facet normal 1.389507e-01 6.270776e-01 7.664636e-01
    outer loop
      vertex -1.820134e-02 1.368493e-02 4.807721e-03
      vertex -1.721219e-02 1.346599e-02 4.807523e-03
      vertex -1.703746e-02 1.430109e-02 4.092611e-03
    endloop
  endfacet
  facet normal 1.669956e-01 7.511504e-01 6.386591e-01
    outer loop
      vertex -1.856788e-02 1.209213e-02 6.449087e-03
      vertex -1.769197e-02 1.117244e-02 7.301740e-03
      vertex -1.759448e-02 1.187006e-02 6.455753e-03
    endloop
  endfacet
  facet normal 2.082870e-01 9.407835e-01 2.674750e-01
    outer loop
      vertex -1.967117e-02 8.014213e-03 1.454701e-02
      vertex -1.841031e-02 7.735134e-03 1.454676e-02
      vertex -1.907373e-02 8.093238e-03 1.380383e-02
    endloop
  endfacet
  facet normal 2.113840e-01 9.548286e-01 2.088522e-01
    outer loop
      vertex -1.967117e-02 8.014213e-03 1.454701e-02
      vertex -1.845575e-02 7.517162e-03 1.558927e-02
      vertex -1.841031e-02 7.735134e-03 1.454676e-02
    endloop
  endfacet
  facet normal 1.248852e-01 6.300241e-01 7.664681e-01
    outer loop
      vertex -1.703746e-02 1.430109e-02 4.092611e-03
      vertex -1.611983e-02 1.324972e-02 4.807304e-03
      vertex -1.596346e-02 1.408846e-02 4.092396e-03
    endloop
  endfacet
  facet normal 1.334453e-01 6.732997e-01 7.272275e-01
    outer loop
      vertex -1.721219e-02 1.346599e-02 4.807523e-03
      vertex -1.638070e-02 1.244990e-02 5.595680e-03
      vertex -1.611983e-02 1.324972e-02 4.807304e-03
    endloop
  endfacet
  facet normal 1.568223e-01 7.915107e-01 5.906924e-01
    outer loop
      vertex -1.769197e-02 1.117244e-02 7.301740e-03
      vertex -1.784076e-02 1.046097e-02 8.294596e-03
      vertex -1.654918e-02 1.094619e-02 7.301511e-03
    endloop
  endfacet
  facet normal 1.690958e-01 8.555180e-01 4.893828e-01
    outer loop
      vertex -1.804519e-02 9.331592e-03 1.020369e-02
      vertex -1.689295e-02 9.100808e-03 1.020900e-02
      vertex -1.679370e-02 9.633766e-03 9.243012e-03
    endloop
  endfacet
  facet normal 1.899677e-01 9.593179e-01 2.088574e-01
    outer loop
      vertex -1.841031e-02 7.735134e-03 1.454676e-02
      vertex -1.723258e-02 7.274999e-03 1.558902e-02
      vertex -1.719194e-02 7.493920e-03 1.454652e-02
    endloop
  endfacet
  facet normal 1.920449e-01 9.698694e-01 1.499067e-01
    outer loop
      vertex -1.845575e-02 7.517162e-03 1.558927e-02
      vertex -1.726582e-02 7.095571e-03 1.679248e-02
      vertex -1.723258e-02 7.274999e-03 1.558902e-02
    endloop
  endfacet
  facet normal 1.181505e-01 6.760154e-01 7.273538e-01
    outer loop
      vertex -1.611983e-02 1.324972e-02 4.807304e-03
      vertex -1.514982e-02 1.223470e-02 5.593119e-03
      vertex -1.494610e-02 1.303815e-02 4.813283e-03
    endloop
  endfacet
  facet normal 1.324850e-01 7.576042e-01 6.391273e-01
    outer loop
      vertex -1.627069e-02 1.161695e-02 6.448627e-03
      vertex -1.538009e-02 1.073804e-02 7.305841e-03
      vertex -1.567609e-02 1.151307e-02 6.448508e-03
    endloop
  endfacet
  facet normal 1.393287e-01 7.948415e-01 5.906052e-01
    outer loop
      vertex -1.654918e-02 1.094619e-02 7.301511e-03
      vertex -1.549694e-02 1.002444e-02 8.293773e-03
      vertex -1.538009e-02 1.073804e-02 7.305841e-03
    endloop
  endfacet
  facet normal 1.547279e-01 8.862869e-01 4.365258e-01
    outer loop
      vertex -1.689295e-02 9.100808e-03 1.020900e-02
      vertex -1.572669e-02 8.377686e-03 1.126379e-02
      vertex -1.564802e-02 8.886353e-03 1.020315e-02
    endloop
  endfacet
  facet normal 1.591939e-01 9.108103e-01 3.808963e-01
    outer loop
      vertex -1.698662e-02 8.597735e-03 1.126418e-02
      vertex -1.706620e-02 8.170150e-03 1.231989e-02
      vertex -1.572669e-02 8.377686e-03 1.126379e-02
    endloop
  endfacet
  facet normal 1.660821e-01 9.491719e-01 2.673750e-01
    outer loop
      vertex -1.713162e-02 7.818425e-03 1.335759e-02
      vertex -1.592723e-02 7.272181e-03 1.454862e-02
      vertex -1.586682e-02 7.596138e-03 1.336106e-02
    endloop
  endfacet
  facet normal 1.685575e-01 9.633635e-01 2.086123e-01
    outer loop
      vertex -1.719194e-02 7.493920e-03 1.454652e-02
      vertex -1.594253e-02 7.049619e-03 1.558877e-02
      vertex -1.592723e-02 7.272181e-03 1.454862e-02
    endloop
  endfacet
  facet normal 1.701838e-01 9.739427e-01 1.499105e-01
    outer loop
      vertex -1.723258e-02 7.274999e-03 1.558902e-02
      vertex -1.597163e-02 6.869467e-03 1.679222e-02
      vertex -1.594253e-02 7.049619e-03 1.558877e-02
    endloop
  endfacet
  facet normal 1.301649e-01 8.622015e-01 4.895566e-01
    outer loop
      vertex -1.564802e-02 8.886353e-03 1.020315e-02
      vertex -1.438587e-02 8.691364e-03 1.021097e-02
      vertex -1.556222e-02 9.420122e-03 9.240264e-03
    endloop
  endfacet
  facet normal 1.458488e-01 9.669677e-01 2.090494e-01
    outer loop
      vertex -1.594253e-02 7.049619e-03 1.558877e-02
      vertex -1.511509e-02 6.924851e-03 1.558860e-02
      vertex -1.592723e-02 7.272181e-03 1.454862e-02
    endloop
  endfacet
  facet normal 1.461324e-01 9.669724e-01 2.088295e-01
    outer loop
      vertex -1.592723e-02 7.272181e-03 1.454862e-02
      vertex -1.511509e-02 6.924851e-03 1.558860e-02
      vertex -1.461461e-02 7.074534e-03 1.454528e-02
    endloop
  endfacet
  facet normal 1.474463e-01 9.776427e-01 1.499143e-01
    outer loop
      vertex -1.597163e-02 6.869467e-03 1.679222e-02
      vertex -1.464348e-02 6.669198e-03 1.679195e-02
      vertex -1.511509e-02 6.924851e-03 1.558860e-02
    endloop
  endfacet
  facet normal 1.485204e-01 9.848457e-01 8.955843e-02
    outer loop
      vertex -1.598724e-02 6.772269e-03 1.788696e-02
      vertex -1.465679e-02 6.571654e-03 1.788670e-02
      vertex -1.464348e-02 6.669198e-03 1.679195e-02
    endloop
  endfacet
  facet normal 9.210677e-02 7.237384e-01 6.838999e-01
    outer loop
      vertex -1.389885e-02 1.204937e-02 5.588974e-03
      vertex -1.283518e-02 1.109574e-02 6.454904e-03
      vertex -1.271750e-02 1.189535e-02 5.592865e-03
    endloop
  endfacet
  facet normal 1.135700e-01 8.927537e-01 4.359963e-01
    outer loop
      vertex -1.438587e-02 8.691364e-03 1.021097e-02
      vertex -1.319773e-02 8.020602e-03 1.127495e-02
      vertex -1.309158e-02 8.524328e-03 1.021586e-02
    endloop
  endfacet
  facet normal 1.167191e-01 9.174152e-01 3.804287e-01
    outer loop
      vertex -1.442198e-02 8.180179e-03 1.126573e-02
      vertex -1.319671e-02 7.586229e-03 1.232214e-02
      vertex -1.319773e-02 8.020602e-03 1.127495e-02
    endloop
  endfacet
  facet normal 1.242974e-01 9.808540e-01 1.499184e-01
    outer loop
      vertex -1.461863e-02 6.849991e-03 1.558850e-02
      vertex -1.330184e-02 6.499221e-03 1.679169e-02
      vertex -1.328128e-02 6.680558e-03 1.558823e-02
    endloop
  endfacet
  facet normal 7.625640e-02 7.264836e-01 6.829396e-01
    outer loop
      vertex -1.271750e-02 1.189535e-02 5.592865e-03
      vertex -1.153972e-02 1.097277e-02 6.442760e-03
      vertex -1.167909e-02 1.176937e-02 5.610929e-03
    endloop
  endfacet
  facet normal 8.695355e-02 8.374372e-01 5.395721e-01
    outer loop
      vertex -1.297898e-02 9.328766e-03 8.827227e-03
      vertex -1.183270e-02 8.941873e-03 9.242973e-03
      vertex -1.178381e-02 9.547585e-03 8.295004e-03
    endloop
  endfacet
  facet normal 9.317954e-02 8.950463e-01 4.361303e-01
    outer loop
      vertex -1.309158e-02 8.524328e-03 1.021586e-02
      vertex -1.194164e-02 7.893028e-03 1.126576e-02
      vertex -1.194658e-02 8.408921e-03 1.020807e-02
    endloop
  endfacet
  facet normal 9.618944e-02 9.196416e-01 3.807977e-01
    outer loop
      vertex -1.319773e-02 8.020602e-03 1.127495e-02
      vertex -1.200572e-02 7.461349e-03 1.232446e-02
      vertex -1.194164e-02 7.893028e-03 1.126576e-02
    endloop
  endfacet
  facet normal 9.946465e-02 9.583816e-01 2.676031e-01
    outer loop
      vertex -1.325612e-02 6.901808e-03 1.454573e-02
      vertex -1.205316e-02 6.776087e-03 1.454886e-02
      vertex -1.269773e-02 7.020247e-03 1.391401e-02
    endloop
  endfacet
  facet normal 1.008069e-01 9.727327e-01 2.088758e-01
    outer loop
      vertex -1.328128e-02 6.680558e-03 1.558823e-02
      vertex -1.250826e-02 6.600481e-03 1.558808e-02
      vertex -1.325612e-02 6.901808e-03 1.454573e-02
    endloop
  endfacet
  facet normal 1.011193e-01 9.727474e-01 2.086559e-01
    outer loop
      vertex -1.325612e-02 6.901808e-03 1.454573e-02
      vertex -1.250826e-02 6.600481e-03 1.558808e-02
      vertex -1.205316e-02 6.776087e-03 1.454886e-02
    endloop
  endfacet
  facet normal 1.019036e-01 9.834319e-01 1.499245e-01
    outer loop
      vertex -1.330184e-02 6.499221e-03 1.679169e-02
      vertex -1.206103e-02 6.370687e-03 1.679144e-02
      vertex -1.250826e-02 6.600481e-03 1.558808e-02
    endloop
  endfacet
  facet normal 6.227629e-02 7.667348e-01 6.389361e-01
    outer loop
      vertex -1.170920e-02 1.027286e-02 7.299176e-03
      vertex -1.051771e-02 1.017102e-02 7.305258e-03
      vertex -1.153972e-02 1.097277e-02 6.442760e-03
    endloop
  endfacet
  facet normal 6.820246e-02 8.391676e-01 5.395797e-01
    outer loop
      vertex -1.178381e-02 9.547585e-03 8.295004e-03
      vertex -1.059498e-02 8.839612e-03 9.245795e-03
      vertex -1.053557e-02 9.444881e-03 8.296956e-03
    endloop
  endfacet
  facet normal 7.143026e-02 8.695653e-01 4.886245e-01
    outer loop
      vertex -1.194658e-02 8.408921e-03 1.020807e-02
      vertex -1.069501e-02 8.302282e-03 1.021489e-02
      vertex -1.183270e-02 8.941873e-03 9.242973e-03
    endloop
  endfacet
  facet normal 7.070299e-02 8.692592e-01 4.892744e-01
    outer loop
      vertex -1.183270e-02 8.941873e-03 9.242973e-03
      vertex -1.069501e-02 8.302282e-03 1.021489e-02
      vertex -1.059498e-02 8.839612e-03 9.245795e-03
    endloop
  endfacet
  facet normal 7.475885e-02 9.216032e-01 3.808656e-01
    outer loop
      vertex -1.194164e-02 7.893028e-03 1.126576e-02
      vertex -1.067042e-02 7.354359e-03 1.231968e-02
      vertex -1.063603e-02 7.786879e-03 1.126634e-02
    endloop
  endfacet
  facet normal 7.919528e-02 9.747651e-01 2.087131e-01
    outer loop
      vertex -1.205316e-02 6.776087e-03 1.454886e-02
      vertex -1.073050e-02 6.446188e-03 1.558773e-02
      vertex -1.073748e-02 6.669997e-03 1.454511e-02
    endloop
  endfacet
  facet normal 4.120351e-02 6.862937e-01 7.261565e-01
    outer loop
      vertex -1.050791e-02 1.170093e-02 5.581304e-03
      vertex -9.244198e-03 1.161441e-02 5.591370e-03
      vertex -1.022575e-02 1.250911e-02 4.801477e-03
    endloop
  endfacet
  facet normal 5.027539e-02 8.705915e-01 4.894312e-01
    outer loop
      vertex -1.059498e-02 8.839612e-03 9.245795e-03
      vertex -9.497424e-03 8.231829e-03 1.021417e-02
      vertex -9.292007e-03 8.766614e-03 9.241798e-03
    endloop
  endfacet
  facet normal 2.229908e-02 6.864012e-01 7.268811e-01
    outer loop
      vertex -8.496688e-03 1.159223e-02 5.586040e-03
      vertex -7.914351e-03 1.157344e-02 5.585913e-03
      vertex -8.440422e-03 1.244338e-02 4.780557e-03
    endloop
  endfacet
  facet normal 2.651157e-02 7.291789e-01 6.838093e-01
    outer loop
      vertex -9.244198e-03 1.161441e-02 5.591370e-03
      vertex -8.132209e-03 1.076344e-02 6.455679e-03
      vertex -8.496688e-03 1.159223e-02 5.586040e-03
    endloop
  endfacet
  facet normal 2.712700e-02 7.687344e-01 6.389926e-01
    outer loop
      vertex -9.148235e-03 1.080539e-02 6.448350e-03
      vertex -8.209252e-03 1.006320e-02 7.301370e-03
      vertex -8.132209e-03 1.076344e-02 6.455679e-03
    endloop
  endfacet
  facet normal 2.935425e-02 8.057119e-01 5.915798e-01
    outer loop
      vertex -9.308951e-03 1.009874e-02 7.307536e-03
      vertex -9.111913e-03 9.372377e-03 8.287040e-03
      vertex -8.209252e-03 1.006320e-02 7.301370e-03
    endloop
  endfacet
  facet normal 2.977027e-02 8.415947e-01 5.392885e-01
    outer loop
      vertex -9.269881e-03 9.146266e-03 8.648622e-03
      vertex -8.147181e-03 8.725415e-03 9.243410e-03
      vertex -9.111913e-03 9.372377e-03 8.287040e-03
    endloop
  endfacet
  facet normal 3.067817e-02 8.716210e-01 4.892194e-01
    outer loop
      vertex -9.292007e-03 8.766614e-03 9.241798e-03
      vertex -8.183880e-03 8.180959e-03 1.021575e-02
      vertex -8.147181e-03 8.725415e-03 9.243410e-03
    endloop
  endfacet
  facet normal 3.324741e-02 9.449090e-01 3.256403e-01
    outer loop
      vertex -9.342187e-03 7.278657e-03 1.231844e-02
      vertex -8.283130e-03 6.881147e-03 1.336377e-02
      vertex -8.313462e-03 7.241747e-03 1.232051e-02
    endloop
  endfacet
  facet normal 2.233838e-02 9.249729e-01 3.793760e-01
    outer loop
      vertex -7.602438e-03 7.227472e-03 1.232678e-02
      vertex -6.806469e-03 7.322907e-03 1.204723e-02
      vertex -6.806566e-03 7.515304e-03 1.157814e-02
    endloop
  endfacet
  facet normal 1.751651e-02 9.888590e-01 1.478207e-01
    outer loop
      vertex -8.172383e-03 6.144435e-03 1.679067e-02
      vertex -6.805565e-03 6.167984e-03 1.647117e-02
      vertex -6.805667e-03 6.243716e-03 1.596457e-02
    endloop
  endfacet
  facet normal 1.861078e-01 7.546575e-01 6.291708e-01
    outer loop
      vertex -1.996631e-02 1.213523e-02 6.784055e-03
      vertex -2.021666e-02 1.179176e-02 7.270085e-03
      vertex -1.887462e-02 1.143421e-02 7.301977e-03
    endloop
  endfacet
  facet normal 3.528180e-01 9.330263e-01 7.057929e-02
    outer loop
      vertex -2.726764e-02 9.803843e-03 1.821778e-02
      vertex -2.608633e-02 9.382013e-03 1.788899e-02
      vertex -2.705422e-02 9.803860e-03 1.715074e-02
    endloop
  endfacet
  facet normal 3.731258e-02 9.988618e-01 2.971462e-02
    outer loop
      vertex -9.499828e-03 6.057835e-03 1.904416e-02
      vertex -8.491184e-03 6.020163e-03 1.904396e-02
      vertex -9.407413e-03 6.088846e-03 1.788565e-02
    endloop
  endfacet
  facet normal 5.297824e-02 9.981161e-01 3.094432e-02
    outer loop
      vertex -9.407413e-03 6.088846e-03 1.788565e-02
      vertex -1.017052e-02 6.093430e-03 1.904429e-02
      vertex -9.499828e-03 6.057835e-03 1.904416e-02
    endloop
  endfacet
  facet normal 6.859371e-02 9.972497e-01 2.806995e-02
    outer loop
      vertex -1.117354e-02 6.162415e-03 1.904449e-02
      vertex -1.017052e-02 6.093430e-03 1.904429e-02
      vertex -1.074945e-02 6.165855e-03 1.788592e-02
    endloop
  endfacet
  facet normal 1.420132e-01 9.894504e-01 2.863736e-02
    outer loop
      vertex -1.465679e-02 6.571654e-03 1.788670e-02
      vertex -1.547197e-02 6.655120e-03 1.904535e-02
      vertex -1.448791e-02 6.513885e-03 1.904515e-02
    endloop
  endfacet
  facet normal 1.572772e-01 9.871027e-01 2.986750e-02
    outer loop
      vertex -1.612473e-02 6.759122e-03 1.904548e-02
      vertex -1.547197e-02 6.655120e-03 1.904535e-02
      vertex -1.598724e-02 6.772269e-03 1.788696e-02
    endloop
  endfacet
  facet normal 1.686647e-01 9.851797e-01 3.119714e-02
    outer loop
      vertex -1.598724e-02 6.772269e-03 1.788696e-02
      vertex -1.677488e-02 6.870424e-03 1.904561e-02
      vertex -1.612473e-02 6.759122e-03 1.904548e-02
    endloop
  endfacet
  facet normal 2.652443e-01 9.637331e-01 2.939518e-02
    outer loop
      vertex -2.248993e-02 8.188435e-03 1.904675e-02
      vertex -2.155572e-02 7.931322e-03 1.904657e-02
      vertex -2.234696e-02 8.184422e-03 1.788824e-02
    endloop
  endfacet
  facet normal 1.389920e-01 6.270331e-01 7.664924e-01
    outer loop
      vertex -1.826640e-02 1.457668e-02 4.090012e-03
      vertex -1.820134e-02 1.368493e-02 4.807721e-03
      vertex -1.703746e-02 1.430109e-02 4.092611e-03
    endloop
  endfacet
  facet normal 1.163006e-01 5.866276e-01 8.014625e-01
    outer loop
      vertex -1.687713e-02 1.512791e-02 3.464158e-03
      vertex -1.703746e-02 1.430109e-02 4.092611e-03
      vertex -1.596346e-02 1.408846e-02 4.092396e-03
    endloop
  endfacet
  facet normal 1.987654e-02 8.384448e-01 5.446240e-01
    outer loop
      vertex -6.807225e-03 9.203221e-03 8.458928e-03
      vertex -8.147181e-03 8.725415e-03 9.243410e-03
      vertex -6.807134e-03 8.926317e-03 8.885217e-03
    endloop
  endfacet
  facet normal 1.505807e-02 9.778217e-01 2.088972e-01
    outer loop
      vertex -8.163124e-03 6.549543e-03 1.454472e-02
      vertex -8.168250e-03 6.326907e-03 1.558722e-02
      vertex -6.805769e-03 6.332857e-03 1.546116e-02
    endloop
  endfacet
  facet normal 3.458077e-01 9.383053e-01 -3.726899e-04
    outer loop
      vertex -2.684201e-02 9.622083e-03 2.205445e-02
      vertex -2.625616e-02 9.406433e-03 2.271331e-02
      vertex -2.647851e-02 9.487608e-03 2.077264e-02
    endloop
  endfacet
  facet normal 3.338231e-01 9.426355e-01 -6.637244e-04
    outer loop
      vertex -2.557656e-02 9.165567e-03 2.503126e-02
      vertex -2.613627e-02 9.363213e-03 2.422274e-02
      vertex -2.615439e-02 9.370543e-03 2.551656e-02
    endloop
  endfacet
  facet normal 3.243355e-01 9.459421e-01 4.964742e-05
    outer loop
      vertex -2.502562e-02 8.976866e-03 2.120362e-02
      vertex -2.568347e-02 9.202451e-03 2.066466e-02
      vertex -2.566351e-02 9.195524e-03 2.222802e-02
    endloop
  endfacet
  facet normal 3.188050e-01 9.478199e-01 -8.599829e-04
    outer loop
      vertex -2.472802e-02 8.878056e-03 2.961334e-02
      vertex -2.523455e-02 9.047989e-03 2.912826e-02
      vertex -2.544917e-02 9.121785e-03 3.089904e-02
    endloop
  endfacet
  facet normal 3.365989e-01 9.416476e-01 9.600589e-04
    outer loop
      vertex -2.656553e-02 9.520649e-03 2.653865e-02
      vertex -2.642243e-02 9.467733e-03 2.826666e-02
      vertex -2.553002e-02 9.149342e-03 2.767278e-02
    endloop
  endfacet
  facet normal 3.113269e-01 9.503027e-01 -6.397361e-04
    outer loop
      vertex -2.414601e-02 8.688843e-03 2.141908e-02
      vertex -2.423066e-02 8.715815e-03 2.028701e-02
      vertex -2.502562e-02 8.976866e-03 2.120362e-02
    endloop
  endfacet
  facet normal 3.046051e-01 9.524787e-01 2.778096e-04
    outer loop
      vertex -2.374119e-02 8.562128e-03 2.712660e-02
      vertex -2.468288e-02 8.863438e-03 2.659443e-02
      vertex -2.465155e-02 8.853056e-03 2.783433e-02
    endloop
  endfacet
  facet normal 2.919553e-01 9.564302e-01 1.848943e-03
    outer loop
      vertex -2.399076e-02 8.640474e-03 2.411449e-02
      vertex -2.364473e-02 8.532242e-03 2.546214e-02
      vertex -2.305251e-02 8.353340e-03 2.449166e-02
    endloop
  endfacet
  facet normal 2.864193e-01 9.581044e-01 -2.170695e-04
    outer loop
      vertex -2.285743e-02 8.295513e-03 2.272611e-02
      vertex -2.340816e-02 8.459754e-03 2.097418e-02
      vertex -2.352151e-02 8.493886e-03 2.206586e-02
    endloop
  endfacet
  facet normal 2.709426e-01 9.625944e-01 -1.457881e-03
    outer loop
      vertex -2.192418e-02 8.031501e-03 2.184990e-02
      vertex -2.228025e-02 8.130031e-03 2.073136e-02
      vertex -2.285743e-02 8.295513e-03 2.272611e-02
    endloop
  endfacet
  facet normal 2.769114e-01 9.608953e-01 -4.571082e-04
    outer loop
      vertex -2.289827e-02 8.307806e-03 2.957254e-02
      vertex -2.303163e-02 8.347181e-03 3.155372e-02
      vertex -2.228242e-02 8.130980e-03 3.093361e-02
    endloop
  endfacet
  facet normal 2.913677e-01 9.566108e-01 -7.837810e-04
    outer loop
      vertex -2.374119e-02 8.562128e-03 2.712660e-02
      vertex -2.382792e-02 8.590007e-03 2.891234e-02
      vertex -2.299004e-02 8.334295e-03 2.829222e-02
    endloop
  endfacet
  facet normal 2.641380e-01 9.644819e-01 2.387041e-03
    outer loop
      vertex -2.234453e-02 8.147726e-03 2.530015e-02
      vertex -2.162285e-02 7.949167e-03 2.567063e-02
      vertex -2.129989e-02 7.863906e-03 2.438349e-02
    endloop
  endfacet
  facet normal 2.580138e-01 9.661408e-01 -9.470459e-04
    outer loop
      vertex -2.106202e-02 7.801535e-03 2.213275e-02
      vertex -2.128187e-02 7.858853e-03 2.071095e-02
      vertex -2.192418e-02 8.031501e-03 2.184990e-02
    endloop
  endfacet
  facet normal 2.446839e-01 9.696011e-01 1.885920e-03
    outer loop
      vertex -2.129989e-02 7.863906e-03 2.438349e-02
      vertex -2.095575e-02 7.774438e-03 2.573114e-02
      vertex -2.030998e-02 7.613363e-03 2.476065e-02
    endloop
  endfacet
  facet normal 2.475211e-01 9.688820e-01 -9.687152e-04
    outer loop
      vertex -2.049908e-02 7.660183e-03 3.412329e-02
      vertex -2.121010e-02 7.840296e-03 3.259109e-02
      vertex -2.141706e-02 7.895115e-03 3.453665e-02
    endloop
  endfacet
  facet normal 2.135537e-01 9.769310e-01 -8.457364e-04
    outer loop
      vertex -1.871296e-02 7.249084e-03 2.219967e-02
      vertex -1.898318e-02 7.307103e-03 2.098677e-02
      vertex -1.933104e-02 7.384078e-03 2.206501e-02
    endloop
  endfacet
  facet normal 2.225039e-01 9.749318e-01 2.561127e-04
    outer loop
      vertex -1.915849e-02 7.346441e-03 2.632378e-02
      vertex -1.989304e-02 7.513816e-03 2.734819e-02
      vertex -1.917758e-02 7.350381e-03 2.791409e-02
    endloop
  endfacet
  facet normal 1.924438e-01 9.813070e-01 -1.410553e-03
    outer loop
      vertex -1.733461e-02 6.973739e-03 2.470615e-02
      vertex -1.801988e-02 7.105880e-03 2.314293e-02
      vertex -1.848330e-02 7.200480e-03 2.573065e-02
    endloop
  endfacet
  facet normal 1.993132e-01 9.799339e-01 -1.942566e-03
    outer loop
      vertex -1.786211e-02 7.074903e-03 2.163345e-02
      vertex -1.833359e-02 7.169304e-03 2.087882e-02
      vertex -1.871296e-02 7.249084e-03 2.219967e-02
    endloop
  endfacet
  facet normal 1.939780e-01 9.810037e-01 2.093780e-03
    outer loop
      vertex -1.842860e-02 7.189331e-03 3.457169e-02
      vertex -1.755254e-02 7.015415e-03 3.489497e-02
      vertex -1.726532e-02 6.960692e-03 3.392455e-02
    endloop
  endfacet
  facet normal 1.610109e-01 9.869522e-01 9.042346e-04
    outer loop
      vertex -1.649324e-02 6.821887e-03 2.373562e-02
      vertex -1.588019e-02 6.719997e-03 2.578403e-02
      vertex -1.568174e-02 6.688956e-03 2.432846e-02
    endloop
  endfacet
  facet normal 1.671434e-01 9.859326e-01 1.852533e-04
    outer loop
      vertex -1.605257e-02 6.748173e-03 3.484076e-02
      vertex -1.604910e-02 6.747898e-03 3.316959e-02
      vertex -1.669263e-02 6.856756e-03 3.443657e-02
    endloop
  endfacet
  facet normal 1.362100e-01 9.906799e-01 5.148791e-04
    outer loop
      vertex -1.501487e-02 6.587524e-03 3.750904e-02
      vertex -1.447128e-02 6.512215e-03 3.860664e-02
      vertex -1.416366e-02 6.470848e-03 3.682153e-02
    endloop
  endfacet
  facet normal 1.416137e-01 9.899218e-01 6.831913e-04
    outer loop
      vertex -1.457096e-02 6.525014e-03 3.484046e-02
      vertex -1.447496e-02 6.512211e-03 3.349272e-02
      vertex -1.520598e-02 6.616501e-03 3.390730e-02
    endloop
  endfacet
  facet normal 1.216501e-01 9.925726e-01 9.806968e-04
    outer loop
      vertex -1.419511e-02 6.474631e-03 2.392384e-02
      vertex -1.398357e-02 6.447027e-03 2.562193e-02
      vertex -1.349608e-02 6.388238e-03 2.465147e-02
    endloop
  endfacet
  facet normal 1.358060e-01 9.907353e-01 5.922568e-04
    outer loop
      vertex -1.493407e-02 6.576118e-03 2.360054e-02
      vertex -1.472511e-02 6.546234e-03 2.567599e-02
      vertex -1.419511e-02 6.474631e-03 2.392384e-02
    endloop
  endfacet
  facet normal 1.390417e-01 9.902831e-01 -2.620507e-03
    outer loop
      vertex -1.405231e-02 6.456462e-03 2.227960e-02
      vertex -1.450792e-02 6.516154e-03 2.066242e-02
      vertex -1.516132e-02 6.608752e-03 2.098600e-02
    endloop
  endfacet
  facet normal 1.184048e-01 9.929646e-01 -1.245741e-03
    outer loop
      vertex -1.318853e-02 6.352177e-03 2.125516e-02
      vertex -1.380185e-02 6.424568e-03 2.066228e-02
      vertex -1.405231e-02 6.456462e-03 2.227960e-02
    endloop
  endfacet
  facet normal 1.181573e-01 9.929924e-01 -2.210206e-03
    outer loop
      vertex -1.288963e-02 6.320479e-03 3.737385e-02
      vertex -1.378543e-02 6.423584e-03 3.580730e-02
      vertex -1.416366e-02 6.470848e-03 3.682153e-02
    endloop
  endfacet
  facet normal 1.279255e-01 9.917833e-01 -9.810139e-04
    outer loop
      vertex -1.365199e-02 6.407127e-03 3.457074e-02
      vertex -1.381110e-02 6.426209e-03 3.311523e-02
      vertex -1.447496e-02 6.512211e-03 3.349272e-02
    endloop
  endfacet
  facet normal 9.837797e-02 9.951482e-01 -1.365403e-03
    outer loop
      vertex -1.195115e-02 6.226851e-03 3.675371e-02
      vertex -1.282510e-02 6.312620e-03 3.629565e-02
      vertex -1.288963e-02 6.320479e-03 3.737385e-02
    endloop
  endfacet
  facet normal 1.138006e-01 9.935036e-01 1.058154e-05
    outer loop
      vertex -1.288115e-02 6.318829e-03 3.481317e-02
      vertex -1.291995e-02 6.323290e-03 3.314201e-02
      vertex -1.365199e-02 6.407127e-03 3.457074e-02
    endloop
  endfacet
  facet normal 9.965318e-02 9.950222e-01 3.430383e-04
    outer loop
      vertex -1.207608e-02 6.238394e-03 3.424697e-02
      vertex -1.291995e-02 6.323290e-03 3.314201e-02
      vertex -1.288115e-02 6.318829e-03 3.481317e-02
    endloop
  endfacet
  facet normal 7.331224e-02 9.973090e-01 -3.048445e-04
    outer loop
      vertex -1.135525e-02 6.176084e-03 2.411196e-02
      vertex -1.133447e-02 6.175050e-03 2.572922e-02
      vertex -1.063752e-02 6.123521e-03 2.475872e-02
    endloop
  endfacet
  facet normal 8.580156e-02 9.963121e-01 -4.659668e-04
    outer loop
      vertex -1.201084e-02 6.232769e-03 2.459727e-02
      vertex -1.133447e-02 6.175050e-03 2.572922e-02
      vertex -1.135525e-02 6.176084e-03 2.411196e-02
    endloop
  endfacet
  facet normal 7.441181e-02 9.972275e-01 3.553627e-04
    outer loop
      vertex -1.070615e-02 6.127935e-03 3.457015e-02
      vertex -1.065793e-02 6.124894e-03 3.300678e-02
      vertex -1.143331e-02 6.182425e-03 3.392339e-02
    endloop
  endfacet
  facet normal 4.907731e-02 9.987943e-01 -1.201868e-03
    outer loop
      vertex -1.009731e-02 6.089883e-03 2.185427e-02
      vertex -9.030581e-03 6.038302e-03 2.254814e-02
      vertex -9.319159e-03 6.050601e-03 2.098484e-02
    endloop
  endfacet
  facet normal 5.005241e-02 9.987466e-01 2.067588e-05
    outer loop
      vertex -9.253888e-03 6.047339e-03 3.794741e-02
      vertex -9.264856e-03 6.047928e-03 3.607594e-02
      vertex -1.006664e-02 6.088076e-03 3.771021e-02
    endloop
  endfacet
  facet normal 6.140884e-02 9.981127e-01 -4.744805e-05
    outer loop
      vertex -9.965068e-03 6.082314e-03 3.403091e-02
      vertex -1.065793e-02 6.124894e-03 3.300678e-02
      vertex -1.070615e-02 6.127935e-03 3.457015e-02
    endloop
  endfacet
  facet normal 2.660708e-02 9.996459e-01 -2.288971e-04
    outer loop
      vertex -8.015173e-03 6.007363e-03 3.667206e-02
      vertex -8.610685e-03 6.023090e-03 3.613309e-02
      vertex -8.673082e-03 6.025072e-03 3.753473e-02
    endloop
  endfacet
  facet normal 3.837390e-02 9.992634e-01 8.928323e-05
    outer loop
      vertex -8.673082e-03 6.025072e-03 3.753473e-02
      vertex -9.264856e-03 6.047928e-03 3.607594e-02
      vertex -9.253888e-03 6.047339e-03 3.794741e-02
    endloop
  endfacet
  facet normal 1.638362e-02 9.998623e-01 -2.631440e-03
    outer loop
      vertex -7.116887e-03 5.996130e-03 2.161675e-02
      vertex -7.779153e-03 6.003243e-03 2.019612e-02
      vertex -8.305538e-03 6.014901e-03 2.134853e-02
    endloop
  endfacet
  facet normal 6.666469e-02 9.977746e-01 1.277994e-03
    outer loop
      vertex -1.116536e-02 6.162579e-03 3.832817e-02
      vertex -1.098335e-02 6.149029e-03 3.941228e-02
      vertex -1.011151e-02 6.091659e-03 3.872496e-02
    endloop
  endfacet
  facet normal 3.123262e-01 9.499744e-01 -9.828555e-04
    outer loop
      vertex -2.423066e-02 8.715815e-03 2.028701e-02
      vertex -2.433228e-02 8.747941e-03 1.904712e-02
      vertex -2.503189e-02 8.978958e-03 2.001762e-02
    endloop
  endfacet
  facet normal 3.013310e-01 9.535196e-01 1.014292e-05
    outer loop
      vertex -2.433228e-02 8.747941e-03 1.904712e-02
      vertex -2.423066e-02 8.715815e-03 2.028701e-02
      vertex -2.372200e-02 8.555081e-03 1.904700e-02
    endloop
  endfacet
  facet normal 2.988099e-01 9.543120e-01 -1.126751e-03
    outer loop
      vertex -2.357668e-02 8.510851e-03 2.012515e-02
      vertex -2.372200e-02 8.555081e-03 1.904700e-02
      vertex -2.423066e-02 8.715815e-03 2.028701e-02
    endloop
  endfacet
  facet normal 2.875252e-01 9.577729e-01 5.363170e-04
    outer loop
      vertex -2.289900e-02 8.307590e-03 1.980156e-02
      vertex -2.372200e-02 8.555081e-03 1.904700e-02
      vertex -2.357668e-02 8.510851e-03 2.012515e-02
    endloop
  endfacet
  facet normal 1.827577e-01 9.831578e-01 5.342182e-04
    outer loop
      vertex -1.700789e-02 6.912757e-03 2.085160e-02
      vertex -1.677488e-02 6.870424e-03 1.904561e-02
      vertex -1.754247e-02 7.012510e-03 2.015089e-02
    endloop
  endfacet
  facet normal 1.573385e-01 9.875309e-01 -5.236812e-03
    outer loop
      vertex -1.509077e-02 6.598959e-03 1.990781e-02
      vertex -1.547197e-02 6.655120e-03 1.904535e-02
      vertex -1.612473e-02 6.759122e-03 1.904548e-02
    endloop
  endfacet
  facet normal 3.395678e-01 9.405813e-01 7.514512e-04
    outer loop
      vertex -2.674427e-02 9.586239e-03 1.964061e-02
      vertex -2.568347e-02 9.202451e-03 2.066466e-02
      vertex -2.554088e-02 9.152265e-03 1.904737e-02
    endloop
  endfacet
  facet normal 3.426331e-01 9.394693e-01 -7.648796e-05
    outer loop
      vertex -2.683411e-02 9.619321e-03 3.052613e-02
      vertex -2.607178e-02 9.341360e-03 3.137434e-02
      vertex -2.597865e-02 9.307284e-03 3.004486e-02
    endloop
  endfacet
  facet normal 3.503136e-01 9.366325e-01 -5.912840e-05
    outer loop
      vertex -2.732098e-02 9.803745e-03 2.731997e-02
      vertex -2.732066e-02 9.803727e-03 2.895399e-02
      vertex -2.642243e-02 9.467733e-03 2.826666e-02
    endloop
  endfacet
  facet normal 2.721237e-01 9.622620e-01 6.983332e-04
    outer loop
      vertex -2.270478e-02 8.252596e-03 3.326861e-02
      vertex -2.237537e-02 8.158431e-03 3.465661e-02
      vertex -2.183548e-02 8.006889e-03 3.308988e-02
    endloop
  endfacet
  facet normal 2.445323e-01 9.696407e-01 9.011182e-04
    outer loop
      vertex -2.042161e-02 7.640298e-03 2.063665e-02
      vertex -2.029840e-02 7.610704e-03 1.904631e-02
      vertex -2.124905e-02 7.849847e-03 1.969341e-02
    endloop
  endfacet
  facet normal 2.319225e-01 9.727343e-01 -1.333705e-04
    outer loop
      vertex -1.969689e-02 7.467535e-03 2.082518e-02
      vertex -2.029840e-02 7.610704e-03 1.904631e-02
      vertex -2.042161e-02 7.640298e-03 2.063665e-02
    endloop
  endfacet
  facet normal 2.147883e-01 9.766589e-01 -1.854289e-03
    outer loop
      vertex -1.872726e-02 7.252397e-03 1.982767e-02
      vertex -1.934700e-02 7.387209e-03 1.904612e-02
      vertex -1.969689e-02 7.467535e-03 2.082518e-02
    endloop
  endfacet
  facet normal 2.211843e-01 9.752305e-01 -1.742072e-03
    outer loop
      vertex -1.881008e-02 7.271228e-03 3.489522e-02
      vertex -1.908247e-02 7.330021e-03 3.322410e-02
      vertex -1.978676e-02 7.489855e-03 3.327901e-02
    endloop
  endfacet
  facet normal 2.120808e-01 9.772484e-01 2.691978e-03
    outer loop
      vertex -1.842860e-02 7.189331e-03 3.457169e-02
      vertex -1.822776e-02 7.149086e-03 3.335870e-02
      vertex -1.881008e-02 7.271228e-03 3.489522e-02
    endloop
  endfacet
  facet normal 1.687403e-01 9.856596e-01 -1.332968e-03
    outer loop
      vertex -1.612473e-02 6.759122e-03 1.904548e-02
      vertex -1.677488e-02 6.870424e-03 1.904561e-02
      vertex -1.700789e-02 6.912757e-03 2.085160e-02
    endloop
  endfacet
  facet normal 1.808594e-01 9.835087e-01 -7.149386e-04
    outer loop
      vertex -1.775391e-02 7.053158e-03 3.736424e-02
      vertex -1.701288e-02 6.916697e-03 3.710102e-02
      vertex -1.662907e-02 6.845376e-03 3.608078e-02
    endloop
  endfacet
  facet normal 5.242100e-02 9.986247e-01 8.988957e-04
    outer loop
      vertex -1.011151e-02 6.091659e-03 3.872496e-02
      vertex -9.379546e-03 6.052430e-03 3.962045e-02
      vertex -9.253888e-03 6.047339e-03 3.794741e-02
    endloop
  endfacet
  facet normal 1.083898e-02 9.999401e-01 1.521131e-03
    outer loop
      vertex -7.885378e-03 6.005147e-03 2.411127e-02
      vertex -7.398258e-03 5.997875e-03 2.542015e-02
      vertex -7.024184e-03 5.995637e-03 2.422601e-02
    endloop
  endfacet
  facet normal -1.411942e-03 9.999990e-01 2.278037e-04
    outer loop
      vertex -6.352154e-03 5.996664e-03 2.388465e-02
      vertex -7.014077e-03 5.996004e-03 2.267690e-02
      vertex -7.024184e-03 5.995637e-03 2.422601e-02
    endloop
  endfacet
  facet normal 5.093544e-03 9.999865e-01 1.059016e-03
    outer loop
      vertex -7.613247e-03 6.000434e-03 3.429999e-02
      vertex -7.315672e-03 5.997044e-03 3.607008e-02
      vertex -6.686099e-03 5.995616e-03 3.438965e-02
    endloop
  endfacet
  facet normal 1.564483e-01 9.876861e-01 3.813266e-04
    outer loop
      vertex -1.646230e-02 6.816639e-03 3.791293e-02
      vertex -1.517334e-02 6.612289e-03 3.838176e-02
      vertex -1.501487e-02 6.587524e-03 3.750904e-02
    endloop
  endfacet
  facet normal 2.179399e-01 9.759619e-01 -7.098706e-04
    outer loop
      vertex -1.971769e-02 7.474148e-03 3.522901e-02
      vertex -1.897908e-02 7.309891e-03 3.616408e-02
      vertex -1.881008e-02 7.271228e-03 3.489522e-02
    endloop
  endfacet
  facet normal 2.996228e-01 9.540576e-01 -5.894048e-04
    outer loop
      vertex -2.410868e-02 8.678039e-03 3.168007e-02
      vertex -2.416196e-02 8.695726e-03 3.322622e-02
      vertex -2.355844e-02 8.505957e-03 3.284872e-02
    endloop
  endfacet
  facet normal -1.473906e-02 9.998911e-01 -7.814017e-04
    outer loop
      vertex -6.352154e-03 5.996664e-03 2.388465e-02
      vertex -5.548414e-03 6.008925e-03 2.441407e-02
      vertex -5.913899e-03 6.001971e-03 2.240931e-02
    endloop
  endfacet
  facet normal -4.887105e-02 9.988049e-01 6.607318e-04
    outer loop
      vertex -4.221711e-03 6.048147e-03 3.554321e-02
      vertex -4.131203e-03 6.051609e-03 3.700378e-02
      vertex -3.212236e-03 6.097072e-03 3.625093e-02
    endloop
  endfacet
  facet normal -3.177511e-02 9.994950e-01 -4.002995e-04
    outer loop
      vertex -5.356831e-03 6.012173e-03 3.582596e-02
      vertex -4.131203e-03 6.051609e-03 3.700378e-02
      vertex -4.221711e-03 6.048147e-03 3.554321e-02
    endloop
  endfacet
  facet normal -6.267080e-02 9.980288e-01 3.287694e-03
    outer loop
      vertex -3.212236e-03 6.097072e-03 3.625093e-02
      vertex -2.618367e-03 6.132276e-03 3.688458e-02
      vertex -2.216769e-03 6.162182e-03 3.546159e-02
    endloop
  endfacet
  facet normal -9.739436e-02 9.952431e-01 2.352232e-03
    outer loop
      vertex -1.047365e-03 6.258260e-03 3.552189e-02
      vertex -1.471479e-04 6.343889e-03 3.656535e-02
      vertex -2.634461e-04 6.335519e-03 3.529137e-02
    endloop
  endfacet
  facet normal -1.215177e-01 9.925801e-01 4.272763e-03
    outer loop
      vertex 4.503900e-04 6.413968e-03 3.524084e-02
      vertex 6.887951e-04 6.435983e-03 3.690679e-02
      vertex 1.220122e-03 6.507452e-03 3.541539e-02
    endloop
  endfacet
  facet normal -1.089999e-01 9.940359e-01 3.419609e-03
    outer loop
      vertex -2.634461e-04 6.335519e-03 3.529137e-02
      vertex -1.471479e-04 6.343889e-03 3.656535e-02
      vertex 4.503900e-04 6.413968e-03 3.524084e-02
    endloop
  endfacet
  facet normal -1.353638e-01 9.907756e-01 6.349798e-03
    outer loop
      vertex 1.220122e-03 6.507452e-03 3.541539e-02
      vertex 2.145595e-03 6.626185e-03 3.661815e-02
      vertex 2.367911e-03 6.665307e-03 3.525312e-02
    endloop
  endfacet
  facet normal -1.508887e-01 9.885409e-01 4.407379e-03
    outer loop
      vertex 2.367911e-03 6.665307e-03 3.525312e-02
      vertex 3.522843e-03 6.836175e-03 3.646832e-02
      vertex 3.100232e-03 6.779030e-03 3.481733e-02
    endloop
  endfacet
  facet normal -1.269194e-01 9.919075e-01 3.319168e-03
    outer loop
      vertex 1.004799e-05 6.399473e-03 2.208054e-02
      vertex 7.861525e-04 6.494186e-03 2.345317e-02
      vertex 1.023836e-03 6.528482e-03 2.229267e-02
    endloop
  endfacet
  facet normal -1.631471e-01 9.865724e-01 7.613355e-03
    outer loop
      vertex 3.100232e-03 6.779030e-03 3.481733e-02
      vertex 3.522843e-03 6.836175e-03 3.646832e-02
      vertex 3.934753e-03 6.916388e-03 3.490093e-02
    endloop
  endfacet
  facet normal -1.742182e-01 9.846662e-01 8.967735e-03
    outer loop
      vertex 3.934753e-03 6.916388e-03 3.490093e-02
      vertex 4.354128e-03 6.980378e-03 3.602204e-02
      vertex 4.625228e-03 7.041547e-03 3.457233e-02
    endloop
  endfacet
  facet normal -1.585924e-01 9.873285e-01 5.548207e-03
    outer loop
      vertex 1.891603e-03 6.653916e-03 2.236678e-02
      vertex 2.352561e-03 6.722552e-03 2.332890e-02
      vertex 3.008677e-03 6.836762e-03 2.175942e-02
    endloop
  endfacet
  facet normal -3.109019e-01 9.503909e-01 9.852244e-03
    outer loop
      vertex 1.177367e-02 9.070693e-03 1.873218e-02
      vertex 1.079542e-02 8.761995e-03 1.764034e-02
      vertex 1.099132e-02 8.813827e-03 1.882256e-02
    endloop
  endfacet
  facet normal -3.526521e-01 9.357520e-01 2.180903e-03
    outer loop
      vertex 1.411283e-02 9.951284e-03 1.496248e-02
      vertex 1.349158e-02 9.721305e-03 1.318307e-02
      vertex 1.322337e-02 9.615694e-03 1.512672e-02
    endloop
  endfacet
  facet normal -2.770863e-01 9.608439e-01 -1.459827e-03
    outer loop
      vertex 9.345832e-03 8.325275e-03 1.544817e-02
      vertex 8.622293e-03 8.117124e-03 1.577775e-02
      vertex 9.454048e-03 8.358566e-03 1.681962e-02
    endloop
  endfacet
  facet normal -4.093946e-02 9.991610e-01 -1.148009e-03
    outer loop
      vertex -4.674064e-03 6.030396e-03 3.819945e-02
      vertex -4.912238e-03 6.022334e-03 3.967645e-02
      vertex -3.813218e-03 6.065679e-03 3.820856e-02
    endloop
  endfacet
  facet normal -6.405269e-02 9.979465e-01 1.702394e-04
    outer loop
      vertex -3.074072e-03 6.103594e-03 3.809006e-02
      vertex -3.138353e-03 6.099229e-03 3.948920e-02
      vertex -2.335091e-03 6.150941e-03 3.858014e-02
    endloop
  endfacet
  facet normal -1.040355e-01 9.945705e-01 2.464564e-03
    outer loop
      vertex -4.927920e-04 6.304964e-03 3.897887e-02
      vertex 3.984119e-04 6.398772e-03 3.874271e-02
      vertex 2.867342e-04 6.389539e-03 3.775466e-02
    endloop
  endfacet
  facet normal -1.667503e-01 9.859669e-01 7.980752e-03
    outer loop
      vertex 3.522843e-03 6.836175e-03 3.646832e-02
      vertex 3.823220e-03 6.878562e-03 3.750779e-02
      vertex 4.354128e-03 6.980378e-03 3.602204e-02
    endloop
  endfacet
  facet normal -1.803875e-01 9.835494e-01 9.537601e-03
    outer loop
      vertex 4.354128e-03 6.980378e-03 3.602204e-02
      vertex 4.634397e-03 7.021001e-03 3.713364e-02
      vertex 5.231400e-03 7.141024e-03 3.604776e-02
    endloop
  endfacet
  facet normal -2.576315e-01 9.660682e-01 1.839027e-02
    outer loop
      vertex 1.008541e-02 8.299630e-03 3.362299e-02
      vertex 8.934261e-03 8.009377e-03 3.274379e-02
      vertex 9.349576e-03 8.092128e-03 3.421494e-02
    endloop
  endfacet
  facet normal -2.804957e-01 9.597041e-01 1.703343e-02
    outer loop
      vertex 1.050562e-02 8.448104e-03 3.193343e-02
      vertex 1.149752e-02 8.730515e-03 3.235575e-02
      vertex 1.144937e-02 8.730924e-03 3.153971e-02
    endloop
  endfacet
  facet normal -3.842465e-01 9.232171e-01 4.979247e-03
    outer loop
      vertex 1.531709e-02 1.044814e-02 1.390066e-02
      vertex 1.611296e-02 1.078038e-02 1.371724e-02
      vertex 1.607292e-02 1.077218e-02 1.214783e-02
    endloop
  endfacet
  facet normal -1.636449e-02 9.998642e-01 1.932291e-03
    outer loop
      vertex -6.235297e-03 5.997758e-03 3.828166e-02
      vertex -5.857109e-03 6.001153e-03 3.972749e-02
      vertex -5.277883e-03 6.013344e-03 3.832504e-02
    endloop
  endfacet
  facet normal -2.803488e-02 9.996065e-01 9.353556e-04
    outer loop
      vertex -5.277883e-03 6.013344e-03 3.832504e-02
      vertex -4.912238e-03 6.022334e-03 3.967645e-02
      vertex -4.674064e-03 6.030396e-03 3.819945e-02
    endloop
  endfacet
  facet normal -8.276647e-02 9.965674e-01 1.769762e-03
    outer loop
      vertex -1.898091e-03 6.183830e-03 3.748126e-02
      vertex -1.381160e-03 6.223742e-03 3.918145e-02
      vertex -1.156880e-03 6.244683e-03 3.787840e-02
    endloop
  endfacet
  facet normal -7.901440e-02 9.968616e-01 -4.872659e-03
    outer loop
      vertex -3.021714e-03 6.120339e-03 1.973325e-02
      vertex -1.414555e-03 6.250200e-03 2.023905e-02
      vertex -2.332835e-03 6.170282e-03 1.877985e-02
    endloop
  endfacet
  facet normal -1.115070e-01 9.937634e-01 7.032386e-04
    outer loop
      vertex -7.483535e-04 6.314190e-03 2.234264e-02
      vertex -8.245335e-04 6.304697e-03 2.367868e-02
      vertex 1.004799e-05 6.399473e-03 2.208054e-02
    endloop
  endfacet
  facet normal -1.349414e-01 9.908536e-01 -5.399836e-05
    outer loop
      vertex 4.939527e-04 6.463150e-03 1.964002e-02
      vertex 1.453686e-03 6.593887e-03 2.026722e-02
      vertex 1.316297e-03 6.575062e-03 1.816679e-02
    endloop
  endfacet
  facet normal -1.577682e-01 9.874630e-01 5.101811e-03
    outer loop
      vertex 2.688284e-03 6.788650e-03 1.925395e-02
      vertex 1.316297e-03 6.575062e-03 1.816679e-02
      vertex 1.974989e-03 6.672189e-03 1.973720e-02
    endloop
  endfacet
  facet normal -2.320962e-01 9.725733e-01 1.525064e-02
    outer loop
      vertex 7.425463e-03 7.633177e-03 3.343576e-02
      vertex 8.610022e-03 7.894976e-03 3.476771e-02
      vertex 8.373817e-03 7.858864e-03 3.347591e-02
    endloop
  endfacet
  facet normal -2.219802e-01 9.749711e-01 1.249713e-02
    outer loop
      vertex 6.987239e-03 7.513941e-03 3.495412e-02
      vertex 7.797535e-03 7.700902e-03 3.476111e-02
      vertex 7.425463e-03 7.633177e-03 3.343576e-02
    endloop
  endfacet
  facet normal -2.943212e-01 9.554999e-01 1.987430e-02
    outer loop
      vertex 1.174755e-02 8.926977e-03 2.670887e-02
      vertex 1.082415e-02 8.651360e-03 2.628496e-02
      vertex 1.093795e-02 8.652452e-03 2.791772e-02
    endloop
  endfacet
  facet normal -3.298707e-01 9.437541e-01 2.266212e-02
    outer loop
      vertex 1.357931e-02 9.496773e-03 2.827880e-02
      vertex 1.457079e-02 9.830529e-03 2.881158e-02
      vertex 1.409690e-02 9.692253e-03 2.767212e-02
    endloop
  endfacet
  facet normal -3.204819e-01 9.469801e-01 2.280530e-02
    outer loop
      vertex 1.400634e-02 9.610320e-03 2.956480e-02
      vertex 1.357931e-02 9.496773e-03 2.827880e-02
      vertex 1.318929e-02 9.341726e-03 2.923598e-02
    endloop
  endfacet
  facet normal -2.848749e-01 9.585501e-01 5.289643e-03
    outer loop
      vertex 9.454048e-03 8.358566e-03 1.681962e-02
      vertex 8.622293e-03 8.117124e-03 1.577775e-02
      vertex 8.954191e-03 8.208282e-03 1.713304e-02
    endloop
  endfacet
  facet normal -3.402255e-01 9.400213e-01 2.462857e-02
    outer loop
      vertex 1.409690e-02 9.692253e-03 2.767212e-02
      vertex 1.510970e-02 1.004928e-02 2.803611e-02
      vertex 1.472875e-02 9.935520e-03 2.711561e-02
    endloop
  endfacet
  facet normal -3.718464e-01 9.278618e-01 2.833258e-02
    outer loop
      vertex 1.600357e-02 1.050567e-02 2.432689e-02
      vertex 1.697846e-02 1.088329e-02 2.475526e-02
      vertex 1.686769e-02 1.087064e-02 2.371582e-02
    endloop
  endfacet
  facet normal -3.623736e-01 9.320132e-01 6.058198e-03
    outer loop
      vertex 1.446488e-02 1.009547e-02 1.383838e-02
      vertex 1.349158e-02 9.721305e-03 1.318307e-02
      vertex 1.411283e-02 9.951284e-03 1.496248e-02
    endloop
  endfacet
  facet normal -3.834244e-01 9.234330e-01 1.603934e-02
    outer loop
      vertex 1.570654e-02 1.055412e-02 1.769848e-02
      vertex 1.574638e-02 1.060679e-02 1.561882e-02
      vertex 1.517257e-02 1.036037e-02 1.608892e-02
    endloop
  endfacet
  facet normal -3.829633e-01 9.237139e-01 9.580469e-03
    outer loop
      vertex 1.492838e-02 1.027470e-02 1.508579e-02
      vertex 1.531709e-02 1.044814e-02 1.390066e-02
      vertex 1.446488e-02 1.009547e-02 1.383838e-02
    endloop
  endfacet
  facet normal -3.015434e-01 9.532226e-01 2.093546e-02
    outer loop
      vertex 1.203547e-02 8.930187e-03 3.084385e-02
      vertex 1.262858e-02 9.135971e-03 3.001693e-02
      vertex 1.168359e-02 8.845270e-03 2.964195e-02
    endloop
  endfacet
  facet normal -4.003122e-02 9.959385e-01 8.064689e-02
    outer loop
      vertex -4.756034e-03 6.141021e-03 1.694161e-02
      vertex -4.467722e-03 6.072101e-03 1.793585e-02
      vertex -3.578047e-03 6.195415e-03 1.685462e-02
    endloop
  endfacet
  facet normal -4.154267e-02 9.959762e-01 7.940752e-02
    outer loop
      vertex -3.578047e-03 6.195415e-03 1.685462e-02
      vertex -4.467722e-03 6.072101e-03 1.793585e-02
      vertex -3.482438e-03 6.118990e-03 1.786319e-02
    endloop
  endfacet
  facet normal -6.043980e-02 9.948060e-01 8.190314e-02
    outer loop
      vertex -2.188579e-03 6.292650e-03 1.669893e-02
      vertex -3.578047e-03 6.195415e-03 1.685462e-02
      vertex -2.272055e-03 6.202371e-03 1.773387e-02
    endloop
  endfacet
  facet normal -7.547231e-02 9.938843e-01 8.061025e-02
    outer loop
      vertex -2.188579e-03 6.292650e-03 1.669893e-02
      vertex -2.272055e-03 6.202371e-03 1.773387e-02
      vertex -1.263768e-03 6.373371e-03 1.656955e-02
    endloop
  endfacet
  facet normal -1.010516e-01 9.921017e-01 7.431543e-02
    outer loop
      vertex -7.807054e-05 6.501291e-03 1.636401e-02
      vertex -8.341717e-04 6.337382e-03 1.752405e-02
      vertex 3.436253e-04 6.473204e-03 1.731238e-02
    endloop
  endfacet
  facet normal -1.285526e-01 9.886124e-01 7.822920e-02
    outer loop
      vertex 1.326640e-03 6.687116e-03 1.606426e-02
      vertex 1.458142e-03 6.624123e-03 1.707643e-02
      vertex 2.173888e-03 6.813459e-03 1.585988e-02
    endloop
  endfacet
  facet normal -1.376362e-01 9.878068e-01 7.275958e-02
    outer loop
      vertex 2.173888e-03 6.813459e-03 1.585988e-02
      vertex 1.458142e-03 6.624123e-03 1.707643e-02
      vertex 2.654940e-03 6.812681e-03 1.678043e-02
    endloop
  endfacet
  facet normal -1.459076e-01 9.862908e-01 7.708070e-02
    outer loop
      vertex 2.173888e-03 6.813459e-03 1.585988e-02
      vertex 2.654940e-03 6.812681e-03 1.678043e-02
      vertex 3.325107e-03 7.008526e-03 1.554306e-02
    endloop
  endfacet
  facet normal -1.634313e-01 9.835307e-01 7.718583e-02
    outer loop
      vertex 3.325107e-03 7.008526e-03 1.554306e-02
      vertex 3.615610e-03 6.980427e-03 1.651621e-02
      vertex 4.478593e-03 7.228364e-03 1.518416e-02
    endloop
  endfacet
  facet normal -1.704522e-01 9.826965e-01 7.248198e-02
    outer loop
      vertex 4.478593e-03 7.228364e-03 1.518416e-02
      vertex 3.615610e-03 6.980427e-03 1.651621e-02
      vertex 4.799595e-03 7.212954e-03 1.614797e-02
    endloop
  endfacet
  facet normal -1.934467e-01 9.781418e-01 7.626941e-02
    outer loop
      vertex 5.317724e-03 7.405313e-03 1.489365e-02
      vertex 5.859025e-03 7.443156e-03 1.578124e-02
      vertex 6.349748e-03 7.639551e-03 1.450716e-02
    endloop
  endfacet
  facet normal -2.325716e-01 9.698546e-01 7.274914e-02
    outer loop
      vertex 7.683650e-03 7.970056e-03 1.395814e-02
      vertex 8.085148e-03 7.996357e-03 1.489105e-02
      vertex 8.634755e-03 8.230970e-03 1.352035e-02
    endloop
  endfacet
  facet normal -2.397357e-01 9.683389e-01 6.961714e-02
    outer loop
      vertex 8.634755e-03 8.230970e-03 1.352035e-02
      vertex 8.085148e-03 7.996357e-03 1.489105e-02
      vertex 9.156388e-03 8.296722e-03 1.440209e-02
    endloop
  endfacet
  facet normal -2.444241e-01 9.669548e-01 7.249397e-02
    outer loop
      vertex 8.634755e-03 8.230970e-03 1.352035e-02
      vertex 9.156388e-03 8.296722e-03 1.440209e-02
      vertex 9.806229e-03 8.570019e-03 1.294778e-02
    endloop
  endfacet
  facet normal -2.645242e-01 9.619137e-01 6.891301e-02
    outer loop
      vertex 9.806229e-03 8.570019e-03 1.294778e-02
      vertex 1.025732e-02 8.628985e-03 1.385621e-02
      vertex 1.077660e-02 8.874047e-03 1.242882e-02
    endloop
  endfacet
  facet normal -2.750782e-01 9.592480e-01 6.461584e-02
    outer loop
      vertex 1.077660e-02 8.874047e-03 1.242882e-02
      vertex 1.025732e-02 8.628985e-03 1.385621e-02
      vertex 1.124936e-02 8.949255e-03 1.332495e-02
    endloop
  endfacet
  facet normal -2.912595e-01 9.545562e-01 6.316915e-02
    outer loop
      vertex 1.172819e-02 9.144951e-03 1.257553e-02
      vertex 1.124936e-02 8.949255e-03 1.332495e-02
      vertex 1.186701e-02 9.161216e-03 1.296982e-02
    endloop
  endfacet
  facet normal -2.957363e-01 9.530688e-01 6.480667e-02
    outer loop
      vertex 1.172819e-02 9.144951e-03 1.257553e-02
      vertex 1.186701e-02 9.161216e-03 1.296982e-02
      vertex 1.243024e-02 9.358562e-03 1.263781e-02
    endloop
  endfacet
  facet normal -2.956572e-01 9.531787e-01 6.353892e-02
    outer loop
      vertex 1.193253e-02 9.262872e-03 1.175736e-02
      vertex 1.172819e-02 9.144951e-03 1.257553e-02
      vertex 1.243024e-02 9.358562e-03 1.263781e-02
    endloop
  endfacet
  facet normal -2.970734e-01 9.526809e-01 6.439355e-02
    outer loop
      vertex 1.193253e-02 9.262872e-03 1.175736e-02
      vertex 1.243024e-02 9.358562e-03 1.263781e-02
      vertex 1.275011e-02 9.551868e-03 1.125361e-02
    endloop
  endfacet
  facet normal -3.121009e-01 9.478822e-01 6.412830e-02
    outer loop
      vertex 1.275011e-02 9.551868e-03 1.125361e-02
      vertex 1.326502e-02 9.662629e-03 1.212241e-02
      vertex 1.368191e-02 9.900275e-03 1.063869e-02
    endloop
  endfacet
  facet normal -3.275777e-01 9.427456e-01 6.263869e-02
    outer loop
      vertex 1.368191e-02 9.900275e-03 1.063869e-02
      vertex 1.421581e-02 1.002900e-02 1.149344e-02
      vertex 1.464597e-02 1.028044e-02 9.958634e-03
    endloop
  endfacet
  facet normal -1.929854e-02 9.909013e-01 1.332000e-01
    outer loop
      vertex -5.509105e-03 6.259177e-03 1.595352e-02
      vertex -4.756034e-03 6.141021e-03 1.694161e-02
      vertex -4.819422e-03 6.276464e-03 1.592485e-02
    endloop
  endfacet
  facet normal -5.483118e-02 9.901230e-01 1.290350e-01
    outer loop
      vertex -3.578047e-03 6.195415e-03 1.685462e-02
      vertex -2.188579e-03 6.292650e-03 1.669893e-02
      vertex -2.537189e-03 6.401184e-03 1.571798e-02
    endloop
  endfacet
  facet normal -7.741622e-02 9.878884e-01 1.344741e-01
    outer loop
      vertex -1.640195e-03 6.476913e-03 1.559219e-02
      vertex -1.263768e-03 6.373371e-03 1.656955e-02
      vertex -2.827229e-04 6.614453e-03 1.536327e-02
    endloop
  endfacet
  facet normal -8.424437e-02 9.880654e-01 1.289563e-01
    outer loop
      vertex -1.263768e-03 6.373371e-03 1.656955e-02
      vertex -7.807054e-05 6.501291e-03 1.636401e-02
      vertex -2.827229e-04 6.614453e-03 1.536327e-02
    endloop
  endfacet
  facet normal -1.036132e-01 9.865962e-01 1.260646e-01
    outer loop
      vertex -7.807054e-05 6.501291e-03 1.636401e-02
      vertex 1.326640e-03 6.687116e-03 1.606426e-02
      vertex 9.822527e-04 6.774732e-03 1.509552e-02
    endloop
  endfacet
  facet normal -1.135964e-01 9.850545e-01 1.294742e-01
    outer loop
      vertex 9.822527e-04 6.774732e-03 1.509552e-02
      vertex 1.326640e-03 6.687116e-03 1.606426e-02
      vertex 2.113628e-03 6.942080e-03 1.481495e-02
    endloop
  endfacet
  facet normal -1.160205e-01 9.849736e-01 1.279307e-01
    outer loop
      vertex 1.326640e-03 6.687116e-03 1.606426e-02
      vertex 2.173888e-03 6.813459e-03 1.585988e-02
      vertex 2.113628e-03 6.942080e-03 1.481495e-02
    endloop
  endfacet
  facet normal -1.258858e-01 9.837076e-01 1.283438e-01
    outer loop
      vertex 2.113628e-03 6.942080e-03 1.481495e-02
      vertex 2.173888e-03 6.813459e-03 1.585988e-02
      vertex 3.022591e-03 7.091093e-03 1.456437e-02
    endloop
  endfacet
  facet normal -1.325254e-01 9.834016e-01 1.239285e-01
    outer loop
      vertex 2.173888e-03 6.813459e-03 1.585988e-02
      vertex 3.325107e-03 7.008526e-03 1.554306e-02
      vertex 3.022591e-03 7.091093e-03 1.456437e-02
    endloop
  endfacet
  facet normal -1.416028e-01 9.817950e-01 1.265988e-01
    outer loop
      vertex 3.022591e-03 7.091093e-03 1.456437e-02
      vertex 3.325107e-03 7.008526e-03 1.554306e-02
      vertex 4.144231e-03 7.297932e-03 1.421487e-02
    endloop
  endfacet
  facet normal -1.648393e-01 9.789745e-01 1.201537e-01
    outer loop
      vertex 4.478593e-03 7.228364e-03 1.518416e-02
      vertex 5.317724e-03 7.405313e-03 1.489365e-02
      vertex 5.149150e-03 7.502990e-03 1.386654e-02
    endloop
  endfacet
  facet normal -1.720253e-01 9.776079e-01 1.212031e-01
    outer loop
      vertex 5.149150e-03 7.502990e-03 1.386654e-02
      vertex 5.317724e-03 7.405313e-03 1.489365e-02
      vertex 5.998125e-03 7.692523e-03 1.354275e-02
    endloop
  endfacet
  facet normal -1.833074e-01 9.756520e-01 1.204225e-01
    outer loop
      vertex 5.998125e-03 7.692523e-03 1.354275e-02
      vertex 6.349748e-03 7.639551e-03 1.450716e-02
      vertex 6.796499e-03 7.882858e-03 1.321596e-02
    endloop
  endfacet
  facet normal -1.933531e-01 9.741680e-01 1.166671e-01
    outer loop
      vertex 6.349748e-03 7.639551e-03 1.450716e-02
      vertex 7.683650e-03 7.970056e-03 1.395814e-02
      vertex 6.796499e-03 7.882858e-03 1.321596e-02
    endloop
  endfacet
  facet normal -2.055944e-01 9.714678e-01 1.182424e-01
    outer loop
      vertex 7.583951e-03 8.080862e-03 1.287442e-02
      vertex 7.683650e-03 7.970056e-03 1.395814e-02
      vertex 8.515197e-03 8.330753e-03 1.244054e-02
    endloop
  endfacet
  facet normal -2.232501e-01 9.683702e-01 1.114384e-01
    outer loop
      vertex 8.515197e-03 8.330753e-03 1.244054e-02
      vertex 9.806229e-03 8.570019e-03 1.294778e-02
      vertex 9.631756e-03 8.653150e-03 1.187586e-02
    endloop
  endfacet
  facet normal -2.352530e-01 9.653247e-01 1.131559e-01
    outer loop
      vertex 9.631756e-03 8.653150e-03 1.187586e-02
      vertex 9.806229e-03 8.570019e-03 1.294778e-02
      vertex 1.046044e-02 8.907845e-03 1.142594e-02
    endloop
  endfacet
  facet normal -2.435207e-01 9.637235e-01 1.092463e-01
    outer loop
      vertex 9.806229e-03 8.570019e-03 1.294778e-02
      vertex 1.077660e-02 8.874047e-03 1.242882e-02
      vertex 1.046044e-02 8.907845e-03 1.142594e-02
    endloop
  endfacet
  facet normal -2.616654e-01 9.594178e-01 1.051127e-01
    outer loop
      vertex 1.077660e-02 8.874047e-03 1.242882e-02
      vertex 1.193253e-02 9.262872e-03 1.175736e-02
      vertex 1.122840e-02 9.155403e-03 1.098545e-02
    endloop
  endfacet
  facet normal -2.627650e-01 9.590004e-01 1.061738e-01
    outer loop
      vertex 1.122840e-02 9.155403e-03 1.098545e-02
      vertex 1.193253e-02 9.262872e-03 1.175736e-02
      vertex 1.221237e-02 9.492055e-03 1.037986e-02
    endloop
  endfacet
  facet normal -2.766192e-01 9.552423e-01 1.048520e-01
    outer loop
      vertex 1.221237e-02 9.492055e-03 1.037986e-02
      vertex 1.275011e-02 9.551868e-03 1.125361e-02
      vertex 1.312413e-02 9.822029e-03 9.779072e-03
    endloop
  endfacet
  facet normal -2.910486e-01 9.512266e-01 1.022677e-01
    outer loop
      vertex 1.312413e-02 9.822029e-03 9.779072e-03
      vertex 1.368191e-02 9.900275e-03 1.063869e-02
      vertex 1.386160e-02 1.010349e-02 9.259858e-03
    endloop
  endfacet
  facet normal -3.030450e-01 9.476956e-01 1.001840e-01
    outer loop
      vertex 1.368191e-02 9.900275e-03 1.063869e-02
      vertex 1.464597e-02 1.028044e-02 9.958634e-03
      vertex 1.386160e-02 1.010349e-02 9.259858e-03
    endloop
  endfacet
  facet normal -3.025518e-01 9.479174e-01 9.957419e-02
    outer loop
      vertex 1.386160e-02 1.010349e-02 9.259858e-03
      vertex 1.464597e-02 1.028044e-02 9.958634e-03
      vertex 1.488156e-02 1.050834e-02 8.504924e-03
    endloop
  endfacet
  facet normal -3.182630e-01 9.431013e-01 9.627301e-02
    outer loop
      vertex 1.488156e-02 1.050834e-02 8.504924e-03
      vertex 1.464597e-02 1.028044e-02 9.958634e-03
      vertex 1.537246e-02 1.058131e-02 9.412987e-03
    endloop
  endfacet
  facet normal -1.955860e-02 9.817305e-01 1.892689e-01
    outer loop
      vertex -5.684786e-03 6.445745e-03 1.495737e-02
      vertex -4.819422e-03 6.276464e-03 1.592485e-02
      vertex -4.538549e-03 6.479974e-03 1.489827e-02
    endloop
  endfacet
  facet normal -3.014848e-02 9.822248e-01 1.852712e-01
    outer loop
      vertex -4.819422e-03 6.276464e-03 1.592485e-02
      vertex -3.677507e-03 6.327462e-03 1.584030e-02
      vertex -3.778726e-03 6.512696e-03 1.484180e-02
    endloop
  endfacet
  facet normal -4.356137e-02 9.814898e-01 1.864945e-01
    outer loop
      vertex -3.778726e-03 6.512696e-03 1.484180e-02
      vertex -3.677507e-03 6.327462e-03 1.584030e-02
      vertex -2.407506e-03 6.603287e-03 1.468532e-02
    endloop
  endfacet
  facet normal -5.690497e-02 9.811143e-01 1.848688e-01
    outer loop
      vertex -2.537189e-03 6.401184e-03 1.571798e-02
      vertex -1.640195e-03 6.476913e-03 1.559219e-02
      vertex -2.407506e-03 6.603287e-03 1.468532e-02
    endloop
  endfacet
  facet normal -6.688457e-02 9.809993e-01 1.821175e-01
    outer loop
      vertex -1.605663e-03 6.668573e-03 1.457247e-02
      vertex -1.640195e-03 6.476913e-03 1.559219e-02
      vertex -7.426064e-04 6.657613e-03 1.494847e-02
    endloop
  endfacet
  facet normal -6.903247e-02 9.799283e-01 1.870164e-01
    outer loop
      vertex -1.605663e-03 6.668573e-03 1.457247e-02
      vertex -7.426064e-04 6.657613e-03 1.494847e-02
      vertex -1.477981e-04 6.822045e-03 1.430644e-02
    endloop
  endfacet
  facet normal -6.926688e-02 9.814233e-01 1.789147e-01
    outer loop
      vertex -1.640195e-03 6.476913e-03 1.559219e-02
      vertex -2.827229e-04 6.614453e-03 1.536327e-02
      vertex -7.426064e-04 6.657613e-03 1.494847e-02
    endloop
  endfacet
  facet normal -7.324830e-02 9.803400e-01 1.832161e-01
    outer loop
      vertex -7.426064e-04 6.657613e-03 1.494847e-02
      vertex -2.827229e-04 6.614453e-03 1.536327e-02
      vertex -1.477981e-04 6.822045e-03 1.430644e-02
    endloop
  endfacet
  facet normal -8.667677e-02 9.803260e-01 1.773359e-01
    outer loop
      vertex -2.827229e-04 6.614453e-03 1.536327e-02
      vertex 9.822527e-04 6.774732e-03 1.509552e-02
      vertex 6.074147e-04 6.912864e-03 1.414870e-02
    endloop
  endfacet
  facet normal -1.014920e-01 9.793452e-01 1.748780e-01
    outer loop
      vertex 9.822527e-04 6.774732e-03 1.509552e-02
      vertex 2.113628e-03 6.942080e-03 1.481495e-02
      vertex 1.628862e-03 7.055032e-03 1.390106e-02
    endloop
  endfacet
  facet normal -1.058186e-01 9.784935e-01 1.770678e-01
    outer loop
      vertex 1.628862e-03 7.055032e-03 1.390106e-02
      vertex 2.113628e-03 6.942080e-03 1.481495e-02
      vertex 2.510881e-03 7.194543e-03 1.365722e-02
    endloop
  endfacet
  facet normal -1.121682e-01 9.781898e-01 1.748228e-01
    outer loop
      vertex 2.113628e-03 6.942080e-03 1.481495e-02
      vertex 3.022591e-03 7.091093e-03 1.456437e-02
      vertex 2.510881e-03 7.194543e-03 1.365722e-02
    endloop
  endfacet
  facet normal -1.174310e-01 9.770599e-01 1.776625e-01
    outer loop
      vertex 2.510881e-03 7.194543e-03 1.365722e-02
      vertex 3.022591e-03 7.091093e-03 1.456437e-02
      vertex 3.721385e-03 7.408242e-03 1.328209e-02
    endloop
  endfacet
  facet normal -1.262996e-01 9.768306e-01 1.727728e-01
    outer loop
      vertex 3.022591e-03 7.091093e-03 1.456437e-02
      vertex 4.144231e-03 7.297932e-03 1.421487e-02
      vertex 3.721385e-03 7.408242e-03 1.328209e-02
    endloop
  endfacet
  facet normal -1.407204e-01 9.756283e-01 1.683659e-01
    outer loop
      vertex 4.144231e-03 7.297932e-03 1.421487e-02
      vertex 5.149150e-03 7.502990e-03 1.386654e-02
      vertex 4.779985e-03 7.612840e-03 1.292144e-02
    endloop
  endfacet
  facet normal -1.450865e-01 9.747112e-01 1.699648e-01
    outer loop
      vertex 4.779985e-03 7.612840e-03 1.292144e-02
      vertex 5.149150e-03 7.502990e-03 1.386654e-02
      vertex 5.795994e-03 7.831782e-03 1.253315e-02
    endloop
  endfacet
  facet normal -1.635103e-01 9.723292e-01 1.668540e-01
    outer loop
      vertex 5.795994e-03 7.831782e-03 1.253315e-02
      vertex 5.998125e-03 7.692523e-03 1.354275e-02
      vertex 6.796499e-03 7.882858e-03 1.321596e-02
    endloop
  endfacet
  facet normal -1.741570e-01 9.713671e-01 1.616023e-01
    outer loop
      vertex 6.796499e-03 7.882858e-03 1.321596e-02
      vertex 7.583951e-03 8.080862e-03 1.287442e-02
      vertex 6.838230e-03 8.076609e-03 1.209633e-02
    endloop
  endfacet
  facet normal -1.735080e-01 9.715867e-01 1.609790e-01
    outer loop
      vertex 6.838230e-03 8.076609e-03 1.209633e-02
      vertex 7.583951e-03 8.080862e-03 1.287442e-02
      vertex 7.645627e-03 8.281919e-03 1.172742e-02
    endloop
  endfacet
  facet normal -2.014268e-01 9.673229e-01 1.539922e-01
    outer loop
      vertex 8.515197e-03 8.330753e-03 1.244054e-02
      vertex 9.631756e-03 8.653150e-03 1.187586e-02
      vertex 8.855426e-03 8.609464e-03 1.113482e-02
    endloop
  endfacet
  facet normal -2.011106e-01 9.674425e-01 1.536539e-01
    outer loop
      vertex 8.855426e-03 8.609464e-03 1.113482e-02
      vertex 9.631756e-03 8.653150e-03 1.187586e-02
      vertex 9.779612e-03 8.880105e-03 1.064042e-02
    endloop
  endfacet
  facet normal -2.142501e-01 9.649393e-01 1.516215e-01
    outer loop
      vertex 9.631756e-03 8.653150e-03 1.187586e-02
      vertex 1.046044e-02 8.907845e-03 1.142594e-02
      vertex 9.779612e-03 8.880105e-03 1.064042e-02
    endloop
  endfacet
  facet normal -2.241446e-01 9.628850e-01 1.503719e-01
    outer loop
      vertex 1.046044e-02 8.907845e-03 1.142594e-02
      vertex 1.122840e-02 9.155403e-03 1.098545e-02
      vertex 1.067927e-02 9.163046e-03 1.011798e-02
    endloop
  endfacet
  facet normal -2.399165e-01 9.598845e-01 1.451271e-01
    outer loop
      vertex 1.166308e-02 9.484808e-03 9.519748e-03
      vertex 1.221237e-02 9.492055e-03 1.037986e-02
      vertex 1.255419e-02 9.796265e-03 8.932868e-03
    endloop
  endfacet
  facet normal -2.531886e-01 9.570287e-01 1.413915e-01
    outer loop
      vertex 1.221237e-02 9.492055e-03 1.037986e-02
      vertex 1.312413e-02 9.822029e-03 9.779072e-03
      vertex 1.255419e-02 9.796265e-03 8.932868e-03
    endloop
  endfacet
  facet normal -2.532596e-01 9.570027e-01 1.414402e-01
    outer loop
      vertex 1.255419e-02 9.796265e-03 8.932868e-03
      vertex 1.312413e-02 9.822029e-03 9.779072e-03
      vertex 1.347738e-02 1.013655e-02 8.283494e-03
    endloop
  endfacet
  facet normal -2.684758e-01 9.533607e-01 1.379280e-01
    outer loop
      vertex 1.347738e-02 1.013655e-02 8.283494e-03
      vertex 1.386160e-02 1.010349e-02 9.259858e-03
      vertex 1.430064e-02 1.047346e-02 7.557271e-03
    endloop
  endfacet
  facet normal -1.680378e-02 9.714281e-01 2.367384e-01
    outer loop
      vertex -5.684786e-03 6.445745e-03 1.495737e-02
      vertex -4.538549e-03 6.479974e-03 1.489827e-02
      vertex -4.907628e-03 6.699393e-03 1.397171e-02
    endloop
  endfacet
  facet normal -2.282128e-02 9.710062e-01 2.379623e-01
    outer loop
      vertex -4.907628e-03 6.699393e-03 1.397171e-02
      vertex -3.778726e-03 6.512696e-03 1.484180e-02
      vertex -3.676951e-03 6.751193e-03 1.387837e-02
    endloop
  endfacet
  facet normal -3.449045e-02 9.709656e-01 2.367195e-01
    outer loop
      vertex -2.614706e-03 6.818514e-03 1.375701e-02
      vertex -3.676951e-03 6.751193e-03 1.387837e-02
      vertex -3.778726e-03 6.512696e-03 1.484180e-02
    endloop
  endfacet
  facet normal -3.752823e-02 9.715990e-01 2.336385e-01
    outer loop
      vertex -3.778726e-03 6.512696e-03 1.484180e-02
      vertex -2.407506e-03 6.603287e-03 1.468532e-02
      vertex -2.614706e-03 6.818514e-03 1.375701e-02
    endloop
  endfacet
  facet normal -4.481445e-02 9.709349e-01 2.351108e-01
    outer loop
      vertex -1.571225e-03 6.904061e-03 1.360262e-02
      vertex -2.614706e-03 6.818514e-03 1.375701e-02
      vertex -2.407506e-03 6.603287e-03 1.468532e-02
    endloop
  endfacet
  facet normal -4.611128e-02 9.711048e-01 2.341563e-01
    outer loop
      vertex -2.407506e-03 6.603287e-03 1.468532e-02
      vertex -1.605663e-03 6.668573e-03 1.457247e-02
      vertex -1.571225e-03 6.904061e-03 1.360262e-02
    endloop
  endfacet
  facet normal -6.053737e-02 9.715976e-01 2.287647e-01
    outer loop
      vertex -1.605663e-03 6.668573e-03 1.457247e-02
      vertex -1.477981e-04 6.822045e-03 1.430644e-02
      vertex -4.944501e-04 7.012193e-03 1.340712e-02
    endloop
  endfacet
  facet normal -6.676929e-02 9.706671e-01 2.309701e-01
    outer loop
      vertex -4.944501e-04 7.012193e-03 1.340712e-02
      vertex -1.477981e-04 6.822045e-03 1.430644e-02
      vertex 7.109256e-04 7.158002e-03 1.314280e-02
    endloop
  endfacet
  facet normal -6.881452e-02 9.708685e-01 2.295190e-01
    outer loop
      vertex 7.109256e-04 7.158002e-03 1.314280e-02
      vertex -1.477981e-04 6.822045e-03 1.430644e-02
      vertex 6.074147e-04 6.912864e-03 1.414870e-02
    endloop
  endfacet
  facet normal -7.975894e-02 9.703131e-01 2.283220e-01
    outer loop
      vertex 7.109256e-04 7.158002e-03 1.314280e-02
      vertex 1.628862e-03 7.055032e-03 1.390106e-02
      vertex 2.084934e-03 7.355463e-03 1.278362e-02
    endloop
  endfacet
  facet normal -9.285785e-02 9.701594e-01 2.239823e-01
    outer loop
      vertex 3.140972e-03 7.530250e-03 1.246435e-02
      vertex 2.084934e-03 7.355463e-03 1.278362e-02
      vertex 2.510881e-03 7.194543e-03 1.365722e-02
    endloop
  endfacet
  facet normal -1.036410e-01 9.703534e-01 2.183410e-01
    outer loop
      vertex 2.510881e-03 7.194543e-03 1.365722e-02
      vertex 3.721385e-03 7.408242e-03 1.328209e-02
      vertex 3.140972e-03 7.530250e-03 1.246435e-02
    endloop
  endfacet
  facet normal -1.044285e-01 9.701499e-01 2.188696e-01
    outer loop
      vertex 3.140972e-03 7.530250e-03 1.246435e-02
      vertex 3.721385e-03 7.408242e-03 1.328209e-02
      vertex 4.123557e-03 7.710681e-03 1.213340e-02
    endloop
  endfacet
  facet normal -1.143641e-01 9.697471e-01 2.156649e-01
    outer loop
      vertex 4.790401e-03 7.843884e-03 1.188806e-02
      vertex 4.123557e-03 7.710681e-03 1.213340e-02
      vertex 4.779985e-03 7.612840e-03 1.292144e-02
    endloop
  endfacet
  facet normal -1.264158e-01 9.683465e-01 2.152302e-01
    outer loop
      vertex 4.779985e-03 7.612840e-03 1.292144e-02
      vertex 5.795994e-03 7.831782e-03 1.253315e-02
      vertex 4.790401e-03 7.843884e-03 1.188806e-02
    endloop
  endfacet
  facet normal -1.355954e-01 9.682548e-01 2.099917e-01
    outer loop
      vertex 5.597872e-03 8.015181e-03 1.157150e-02
      vertex 6.447392e-03 7.984798e-03 1.226014e-02
      vertex 7.086971e-03 8.364889e-03 1.092056e-02
    endloop
  endfacet
  facet normal -1.403724e-01 9.680768e-01 2.076604e-01
    outer loop
      vertex 7.086971e-03 8.364889e-03 1.092056e-02
      vertex 6.447392e-03 7.984798e-03 1.226014e-02
      vertex 6.838230e-03 8.076609e-03 1.209633e-02
    endloop
  endfacet
  facet normal -1.508995e-01 9.672823e-01 2.039467e-01
    outer loop
      vertex 7.086971e-03 8.364889e-03 1.092056e-02
      vertex 7.645627e-03 8.281919e-03 1.172742e-02
      vertex 8.074970e-03 8.620045e-03 1.044142e-02
    endloop
  endfacet
  facet normal -1.639564e-01 9.661284e-01 1.992841e-01
    outer loop
      vertex 8.074970e-03 8.620045e-03 1.044142e-02
      vertex 7.645627e-03 8.281919e-03 1.172742e-02
      vertex 8.855426e-03 8.609464e-03 1.113482e-02
    endloop
  endfacet
  facet normal -1.637051e-01 9.662290e-01 1.990028e-01
    outer loop
      vertex 8.074970e-03 8.620045e-03 1.044142e-02
      vertex 8.855426e-03 8.609464e-03 1.113482e-02
      vertex 9.287813e-03 8.956882e-03 9.803669e-03
    endloop
  endfacet
  facet normal -1.785690e-01 9.647182e-01 1.934735e-01
    outer loop
      vertex 1.018795e-02 9.227209e-03 9.286530e-03
      vertex 9.287813e-03 8.956882e-03 9.803669e-03
      vertex 9.779612e-03 8.880105e-03 1.064042e-02
    endloop
  endfacet
  facet normal -1.915845e-01 9.633885e-01 1.875578e-01
    outer loop
      vertex 1.112634e-02 9.526354e-03 8.708518e-03
      vertex 1.018795e-02 9.227209e-03 9.286530e-03
      vertex 1.067927e-02 9.163046e-03 1.011798e-02
    endloop
  endfacet
  facet normal -2.029632e-01 9.618298e-01 1.835467e-01
    outer loop
      vertex 1.067927e-02 9.163046e-03 1.011798e-02
      vertex 1.166308e-02 9.484808e-03 9.519748e-03
      vertex 1.112634e-02 9.526354e-03 8.708518e-03
    endloop
  endfacet
  facet normal -2.168684e-01 9.594797e-01 1.799079e-01
    outer loop
      vertex 1.166308e-02 9.484808e-03 9.519748e-03
      vertex 1.255419e-02 9.796265e-03 8.932868e-03
      vertex 1.199708e-02 9.819994e-03 8.134758e-03
    endloop
  endfacet
  facet normal -2.155135e-01 9.599591e-01 1.789764e-01
    outer loop
      vertex 1.265316e-02 9.949332e-03 8.231050e-03
      vertex 1.199708e-02 9.819994e-03 8.134758e-03
      vertex 1.255419e-02 9.796265e-03 8.932868e-03
    endloop
  endfacet
  facet normal -2.286936e-01 9.573554e-01 1.765498e-01
    outer loop
      vertex 1.255419e-02 9.796265e-03 8.932868e-03
      vertex 1.347738e-02 1.013655e-02 8.283494e-03
      vertex 1.265316e-02 9.949332e-03 8.231050e-03
    endloop
  endfacet
  facet normal -2.286401e-01 9.578359e-01 1.739944e-01
    outer loop
      vertex 1.289979e-02 1.014105e-02 7.499739e-03
      vertex 1.265316e-02 9.949332e-03 8.231050e-03
      vertex 1.347738e-02 1.013655e-02 8.283494e-03
    endloop
  endfacet
  facet normal -2.285563e-01 9.578671e-01 1.739327e-01
    outer loop
      vertex 1.361990e-02 1.041172e-02 6.955381e-03
      vertex 1.289979e-02 1.014105e-02 7.499739e-03
      vertex 1.347738e-02 1.013655e-02 8.283494e-03
    endloop
  endfacet
  facet normal -2.390364e-01 9.555948e-01 1.723373e-01
    outer loop
      vertex 1.347738e-02 1.013655e-02 8.283494e-03
      vertex 1.430064e-02 1.047346e-02 7.557271e-03
      vertex 1.361990e-02 1.041172e-02 6.955381e-03
    endloop
  endfacet
  facet normal -1.166057e-02 9.574105e-01 2.884945e-01
    outer loop
      vertex -5.979804e-03 6.670808e-03 1.402324e-02
      vertex -4.907628e-03 6.699393e-03 1.397171e-02
      vertex -5.761301e-03 6.975192e-03 1.302193e-02
    endloop
  endfacet
  facet normal -2.215101e-02 9.568209e-01 2.898327e-01
    outer loop
      vertex -4.563773e-03 7.010234e-03 1.295543e-02
      vertex -3.676951e-03 6.751193e-03 1.387837e-02
      vertex -2.738437e-03 7.109611e-03 1.276686e-02
    endloop
  endfacet
  facet normal -2.813595e-02 9.580612e-01 2.851792e-01
    outer loop
      vertex -3.676951e-03 6.751193e-03 1.387837e-02
      vertex -2.614706e-03 6.818514e-03 1.375701e-02
      vertex -2.738437e-03 7.109611e-03 1.276686e-02
    endloop
  endfacet
  facet normal -3.618249e-02 9.575371e-01 2.860307e-01
    outer loop
      vertex -2.614706e-03 6.818514e-03 1.375701e-02
      vertex -1.571225e-03 6.904061e-03 1.360262e-02
      vertex -2.738437e-03 7.109611e-03 1.276686e-02
    endloop
  endfacet
  facet normal -4.534275e-02 9.587658e-01 2.805568e-01
    outer loop
      vertex -1.571225e-03 6.904061e-03 1.360262e-02
      vertex -4.944501e-04 7.012193e-03 1.340712e-02
      vertex -1.142546e-03 7.243136e-03 1.251316e-02
    endloop
  endfacet
  facet normal -4.527175e-02 9.587830e-01 2.805097e-01
    outer loop
      vertex -1.142546e-03 7.243136e-03 1.251316e-02
      vertex -4.944501e-04 7.012193e-03 1.340712e-02
      vertex 1.139144e-04 7.377060e-03 1.225819e-02
    endloop
  endfacet
  facet normal -5.573253e-02 9.597481e-01 2.752772e-01
    outer loop
      vertex -4.944501e-04 7.012193e-03 1.340712e-02
      vertex 7.109256e-04 7.158002e-03 1.314280e-02
      vertex 1.139144e-04 7.377060e-03 1.225819e-02
    endloop
  endfacet
  facet normal -5.677474e-02 9.595024e-01 2.759197e-01
    outer loop
      vertex 1.139144e-04 7.377060e-03 1.225819e-02
      vertex 7.109256e-04 7.158002e-03 1.314280e-02
      vertex 1.261516e-03 7.527649e-03 1.197066e-02
    endloop
  endfacet
  facet normal -6.706661e-02 9.601577e-01 2.712920e-01
    outer loop
      vertex 7.109256e-04 7.158002e-03 1.314280e-02
      vertex 2.084934e-03 7.355463e-03 1.278362e-02
      vertex 1.261516e-03 7.527649e-03 1.197066e-02
    endloop
  endfacet
  facet normal -7.800855e-02 9.606148e-01 2.667093e-01
    outer loop
      vertex 3.800285e-03 7.941450e-03 1.117616e-02
      vertex 2.664176e-03 7.743371e-03 1.155729e-02
      vertex 3.140972e-03 7.530250e-03 1.246435e-02
    endloop
  endfacet
  facet normal -1.108629e-01 9.609244e-01 2.536408e-01
    outer loop
      vertex 5.847299e-03 8.360438e-03 1.036405e-02
      vertex 6.475341e-03 8.369230e-03 1.060525e-02
      vertex 7.274415e-03 8.701391e-03 9.696110e-03
    endloop
  endfacet
  facet normal -1.297355e-01 9.609971e-01 2.442404e-01
    outer loop
      vertex 7.274415e-03 8.701391e-03 9.696110e-03
      vertex 7.086971e-03 8.364889e-03 1.092056e-02
      vertex 8.074970e-03 8.620045e-03 1.044142e-02
    endloop
  endfacet
  facet normal -1.434599e-01 9.613659e-01 2.349358e-01
    outer loop
      vertex 8.074970e-03 8.620045e-03 1.044142e-02
      vertex 9.287813e-03 8.956882e-03 9.803669e-03
      vertex 8.644598e-03 9.060849e-03 8.985464e-03
    endloop
  endfacet
  facet normal -1.559097e-01 9.604561e-01 2.306865e-01
    outer loop
      vertex 9.287813e-03 8.956882e-03 9.803669e-03
      vertex 1.018795e-02 9.227209e-03 9.286530e-03
      vertex 9.520378e-03 9.311300e-03 8.485241e-03
    endloop
  endfacet
  facet normal -1.670758e-01 9.598111e-01 2.254959e-01
    outer loop
      vertex 1.018795e-02 9.227209e-03 9.286530e-03
      vertex 1.112634e-02 9.526354e-03 8.708518e-03
      vertex 1.039667e-02 9.578348e-03 7.946575e-03
    endloop
  endfacet
  facet normal -1.633227e-01 9.612706e-01 2.220014e-01
    outer loop
      vertex 1.039667e-02 9.578348e-03 7.946575e-03
      vertex 1.112634e-02 9.526354e-03 8.708518e-03
      vertex 1.128788e-02 9.864206e-03 7.364450e-03
    endloop
  endfacet
  facet normal -1.787301e-01 9.590787e-01 2.195987e-01
    outer loop
      vertex 1.112634e-02 9.526354e-03 8.708518e-03
      vertex 1.199708e-02 9.819994e-03 8.134758e-03
      vertex 1.128788e-02 9.864206e-03 7.364450e-03
    endloop
  endfacet
  facet normal -1.753909e-01 9.603765e-01 2.165989e-01
    outer loop
      vertex 1.128788e-02 9.864206e-03 7.364450e-03
      vertex 1.199708e-02 9.819994e-03 8.134758e-03
      vertex 1.246222e-02 1.026552e-02 6.535967e-03
    endloop
  endfacet
  facet normal -1.923435e-01 9.583525e-01 2.111029e-01
    outer loop
      vertex 1.199708e-02 9.819994e-03 8.134758e-03
      vertex 1.289979e-02 1.014105e-02 7.499739e-03
      vertex 1.246222e-02 1.026552e-02 6.535967e-03
    endloop
  endfacet
  facet normal -8.645365e-03 9.404424e-01 3.398431e-01
    outer loop
      vertex -4.563773e-03 7.010234e-03 1.295543e-02
      vertex -5.681668e-03 7.326781e-03 1.205101e-02
      vertex -5.761301e-03 6.975192e-03 1.302193e-02
    endloop
  endfacet
  facet normal -7.854953e-03 9.407616e-01 3.389778e-01
    outer loop
      vertex -5.681668e-03 7.326781e-03 1.205101e-02
      vertex -4.563773e-03 7.010234e-03 1.295543e-02
      vertex -4.339398e-03 7.367483e-03 1.196915e-02
    endloop
  endfacet
  facet normal -1.404040e-02 9.404417e-01 3.396648e-01
    outer loop
      vertex -4.339398e-03 7.367483e-03 1.196915e-02
      vertex -3.725478e-03 7.221971e-03 1.239742e-02
      vertex -2.983648e-03 7.441359e-03 1.182065e-02
    endloop
  endfacet
  facet normal -1.701621e-02 9.430307e-01 3.322704e-01
    outer loop
      vertex -4.563773e-03 7.010234e-03 1.295543e-02
      vertex -2.738437e-03 7.109611e-03 1.276686e-02
      vertex -3.725478e-03 7.221971e-03 1.239742e-02
    endloop
  endfacet
  facet normal -2.643212e-02 9.435030e-01 3.303081e-01
    outer loop
      vertex -2.738437e-03 7.109611e-03 1.276686e-02
      vertex -1.142546e-03 7.243136e-03 1.251316e-02
      vertex -1.574741e-03 7.549883e-03 1.160237e-02
    endloop
  endfacet
  facet normal -2.744671e-02 9.433262e-01 3.307300e-01
    outer loop
      vertex -1.142546e-03 7.243136e-03 1.251316e-02
      vertex -3.304873e-04 7.673069e-03 1.135427e-02
      vertex -1.574741e-03 7.549883e-03 1.160237e-02
    endloop
  endfacet
  facet normal -3.447350e-02 9.446397e-01 3.262935e-01
    outer loop
      vertex -1.142546e-03 7.243136e-03 1.251316e-02
      vertex 1.139144e-04 7.377060e-03 1.225819e-02
      vertex -3.304873e-04 7.673069e-03 1.135427e-02
    endloop
  endfacet
  facet normal -3.521540e-02 9.445019e-01 3.266131e-01
    outer loop
      vertex -3.304873e-04 7.673069e-03 1.135427e-02
      vertex 1.139144e-04 7.377060e-03 1.225819e-02
      vertex 9.389653e-04 7.829774e-03 1.103798e-02
    endloop
  endfacet
  facet normal -4.306631e-02 9.459869e-01 3.213318e-01
    outer loop
      vertex 9.389653e-04 7.829774e-03 1.103798e-02
      vertex 1.261516e-03 7.527649e-03 1.197066e-02
      vertex 2.439739e-03 8.048372e-03 1.059558e-02
    endloop
  endfacet
  facet normal -5.252819e-02 9.482975e-01 3.130059e-01
    outer loop
      vertex 3.414293e-03 8.212163e-03 1.026290e-02
      vertex 2.439739e-03 8.048372e-03 1.059558e-02
      vertex 2.664176e-03 7.743371e-03 1.155729e-02
    endloop
  endfacet
  facet normal -6.228650e-02 9.494235e-01 3.077586e-01
    outer loop
      vertex 2.664176e-03 7.743371e-03 1.155729e-02
      vertex 3.800285e-03 7.941450e-03 1.117616e-02
      vertex 3.414293e-03 8.212163e-03 1.026290e-02
    endloop
  endfacet
  facet normal -6.062037e-02 9.497299e-01 3.071453e-01
    outer loop
      vertex 3.414293e-03 8.212163e-03 1.026290e-02
      vertex 3.800285e-03 7.941450e-03 1.117616e-02
      vertex 4.448039e-03 8.405872e-03 9.867956e-03
    endloop
  endfacet
  facet normal -7.298263e-02 9.507095e-01 3.013719e-01
    outer loop
      vertex 3.800285e-03 7.941450e-03 1.117616e-02
      vertex 5.171261e-03 8.213688e-03 1.064936e-02
      vertex 4.448039e-03 8.405872e-03 9.867956e-03
    endloop
  endfacet
  facet normal -7.025081e-02 9.516409e-01 2.990726e-01
    outer loop
      vertex 4.448039e-03 8.405872e-03 9.867956e-03
      vertex 5.171261e-03 8.213688e-03 1.064936e-02
      vertex 5.685009e-03 8.662175e-03 9.342966e-03
    endloop
  endfacet
  facet normal -8.240572e-02 9.521066e-01 2.944525e-01
    outer loop
      vertex 5.171261e-03 8.213688e-03 1.064936e-02
      vertex 5.847299e-03 8.360438e-03 1.036405e-02
      vertex 5.685009e-03 8.662175e-03 9.342966e-03
    endloop
  endfacet
  facet normal -9.325602e-02 9.532737e-01 2.873545e-01
    outer loop
      vertex 5.847299e-03 8.360438e-03 1.036405e-02
      vertex 7.274415e-03 8.701391e-03 9.696110e-03
      vertex 6.543841e-03 8.858073e-03 8.939236e-03
    endloop
  endfacet
  facet normal -9.458107e-02 9.545255e-01 2.827286e-01
    outer loop
      vertex 8.002209e-03 9.220751e-03 8.186158e-03
      vertex 7.364267e-03 9.055547e-03 8.530497e-03
      vertex 7.274415e-03 8.701391e-03 9.696110e-03
    endloop
  endfacet
  facet normal -1.068854e-01 9.549253e-01 2.769354e-01
    outer loop
      vertex 7.274415e-03 8.701391e-03 9.696110e-03
      vertex 8.644598e-03 9.060849e-03 8.985464e-03
      vertex 8.002209e-03 9.220751e-03 8.186158e-03
    endloop
  endfacet
  facet normal -1.035823e-01 9.559935e-01 2.744945e-01
    outer loop
      vertex 8.002209e-03 9.220751e-03 8.186158e-03
      vertex 8.644598e-03 9.060849e-03 8.985464e-03
      vertex 9.065771e-03 9.510217e-03 7.579365e-03
    endloop
  endfacet
  facet normal -1.192379e-01 9.555443e-01 2.696616e-01
    outer loop
      vertex 8.644598e-03 9.060849e-03 8.985464e-03
      vertex 9.520378e-03 9.311300e-03 8.485241e-03
      vertex 9.065771e-03 9.510217e-03 7.579365e-03
    endloop
  endfacet
  facet normal -1.299942e-01 9.561262e-01 2.625343e-01
    outer loop
      vertex 9.520378e-03 9.311300e-03 8.485241e-03
      vertex 1.039667e-02 9.578348e-03 7.946575e-03
      vertex 9.954257e-03 9.770130e-03 7.029059e-03
    endloop
  endfacet
  facet normal -1.242753e-01 9.575574e-01 2.600758e-01
    outer loop
      vertex 9.954257e-03 9.770130e-03 7.029059e-03
      vertex 1.039667e-02 9.578348e-03 7.946575e-03
      vertex 1.067675e-02 9.993798e-03 6.550787e-03
    endloop
  endfacet
  facet normal -1.390549e-01 9.564165e-01 2.567706e-01
    outer loop
      vertex 1.039667e-02 9.578348e-03 7.946575e-03
      vertex 1.128788e-02 9.864206e-03 7.364450e-03
      vertex 1.067675e-02 9.993798e-03 6.550787e-03
    endloop
  endfacet
  facet normal -1.339948e-01 9.580801e-01 2.532349e-01
    outer loop
      vertex 1.067675e-02 9.993798e-03 6.550787e-03
      vertex 1.128788e-02 9.864206e-03 7.364450e-03
      vertex 1.154235e-02 1.027627e-02 5.940109e-03
    endloop
  endfacet
  facet normal -1.506413e-01 9.565063e-01 2.498056e-01
    outer loop
      vertex 1.128788e-02 9.864206e-03 7.364450e-03
      vertex 1.246222e-02 1.026552e-02 6.535967e-03
      vertex 1.154235e-02 1.027627e-02 5.940109e-03
    endloop
  endfacet
  facet normal -4.262005e-03 9.215131e-01 3.883238e-01
    outer loop
      vertex -5.681668e-03 7.326781e-03 1.205101e-02
      vertex -4.339398e-03 7.367483e-03 1.196915e-02
      vertex -4.794714e-03 7.748103e-03 1.106093e-02
    endloop
  endfacet
  facet normal -3.938018e-03 9.215725e-01 3.881863e-01
    outer loop
      vertex -4.794714e-03 7.748103e-03 1.106093e-02
      vertex -4.339398e-03 7.367483e-03 1.196915e-02
      vertex -3.484929e-03 7.806259e-03 1.093615e-02
    endloop
  endfacet
  facet normal -8.082473e-03 9.227699e-01 3.852667e-01
    outer loop
      vertex -3.484929e-03 7.806259e-03 1.093615e-02
      vertex -4.339398e-03 7.367483e-03 1.196915e-02
      vertex -2.983648e-03 7.441359e-03 1.182065e-02
    endloop
  endfacet
  facet normal -6.263889e-03 9.231486e-01 3.843923e-01
    outer loop
      vertex -3.484929e-03 7.806259e-03 1.093615e-02
      vertex -2.983648e-03 7.441359e-03 1.182065e-02
      vertex -2.553803e-03 7.865359e-03 1.080939e-02
    endloop
  endfacet
  facet normal -1.251953e-02 9.252321e-01 3.791949e-01
    outer loop
      vertex -1.599023e-03 7.941441e-03 1.064617e-02
      vertex -2.983648e-03 7.441359e-03 1.182065e-02
      vertex -1.574741e-03 7.549883e-03 1.160237e-02
    endloop
  endfacet
  facet normal -1.258010e-02 9.276256e-01 3.732996e-01
    outer loop
      vertex -3.015617e-04 8.070713e-03 1.036866e-02
      vertex -1.599023e-03 7.941441e-03 1.064617e-02
      vertex -2.404943e-04 7.856751e-03 1.090240e-02
    endloop
  endfacet
  facet normal -1.733678e-02 9.274483e-01 3.735493e-01
    outer loop
      vertex -1.574741e-03 7.549883e-03 1.160237e-02
      vertex -3.304873e-04 7.673069e-03 1.135427e-02
      vertex -2.404943e-04 7.856751e-03 1.090240e-02
    endloop
  endfacet
  facet normal -1.471723e-02 9.275137e-01 3.734993e-01
    outer loop
      vertex -3.015617e-04 8.070713e-03 1.036866e-02
      vertex -2.404943e-04 7.856751e-03 1.090240e-02
      vertex 7.206946e-04 8.191021e-03 1.011018e-02
    endloop
  endfacet
  facet normal -2.163403e-02 9.276666e-01 3.727822e-01
    outer loop
      vertex -3.304873e-04 7.673069e-03 1.135427e-02
      vertex 9.389653e-04 7.829774e-03 1.103798e-02
      vertex -2.404943e-04 7.856751e-03 1.090240e-02
    endloop
  endfacet
  facet normal -2.091830e-02 9.299794e-01 3.670160e-01
    outer loop
      vertex 7.206946e-04 8.191021e-03 1.011018e-02
      vertex -2.404943e-04 7.856751e-03 1.090240e-02
      vertex 9.389653e-04 7.829774e-03 1.103798e-02
    endloop
  endfacet
  facet normal -1.912009e-02 9.301576e-01 3.666623e-01
    outer loop
      vertex 7.206946e-04 8.191021e-03 1.011018e-02
      vertex 9.389653e-04 7.829774e-03 1.103798e-02
      vertex 1.609488e-03 8.311155e-03 9.851770e-03
    endloop
  endfacet
  facet normal -2.442895e-02 9.337285e-01 3.571476e-01
    outer loop
      vertex 1.609488e-03 8.311155e-03 9.851770e-03
      vertex 2.439739e-03 8.048372e-03 1.059558e-02
      vertex 2.383667e-03 8.426131e-03 9.604131e-03
    endloop
  endfacet
  facet normal -2.727071e-02 9.336061e-01 3.572617e-01
    outer loop
      vertex 3.357111e-03 8.589912e-03 9.250439e-03
      vertex 2.383667e-03 8.426131e-03 9.604131e-03
      vertex 2.439739e-03 8.048372e-03 1.059558e-02
    endloop
  endfacet
  facet normal -3.736072e-02 9.355662e-01 3.511695e-01
    outer loop
      vertex 2.439739e-03 8.048372e-03 1.059558e-02
      vertex 3.414293e-03 8.212163e-03 1.026290e-02
      vertex 3.357111e-03 8.589912e-03 9.250439e-03
    endloop
  endfacet
  facet normal -3.820094e-02 9.385012e-01 3.431563e-01
    outer loop
      vertex 4.135121e-03 8.728585e-03 8.950531e-03
      vertex 4.448039e-03 8.405872e-03 9.867956e-03
      vertex 5.055948e-03 8.909966e-03 8.556981e-03
    endloop
  endfacet
  facet normal -4.610714e-02 9.415396e-01 3.337323e-01
    outer loop
      vertex 5.802042e-03 9.070696e-03 8.206599e-03
      vertex 5.055948e-03 8.909966e-03 8.556981e-03
      vertex 5.685009e-03 8.662175e-03 9.342966e-03
    endloop
  endfacet
  facet normal -5.846434e-02 9.413302e-01 3.323844e-01
    outer loop
      vertex 5.685009e-03 8.662175e-03 9.342966e-03
      vertex 6.543841e-03 8.858073e-03 8.939236e-03
      vertex 5.802042e-03 9.070696e-03 8.206599e-03
    endloop
  endfacet
  facet normal -5.200560e-02 9.437492e-01 3.265469e-01
    outer loop
      vertex 5.802042e-03 9.070696e-03 8.206599e-03
      vertex 6.543841e-03 8.858073e-03 8.939236e-03
      vertex 6.847369e-03 9.307623e-03 7.688337e-03
    endloop
  endfacet
  facet normal -6.874085e-02 9.453444e-01 3.187454e-01
    outer loop
      vertex 6.543841e-03 8.858073e-03 8.939236e-03
      vertex 7.364267e-03 9.055547e-03 8.530497e-03
      vertex 7.465954e-03 9.460112e-03 7.352556e-03
    endloop
  endfacet
  facet normal -7.294607e-02 9.451716e-01 3.183231e-01
    outer loop
      vertex 7.364267e-03 9.055547e-03 8.530497e-03
      vertex 8.002209e-03 9.220751e-03 8.186158e-03
      vertex 7.465954e-03 9.460112e-03 7.352556e-03
    endloop
  endfacet
  facet normal -7.453662e-02 9.496243e-01 3.043977e-01
    outer loop
      vertex 8.291483e-03 9.673410e-03 6.880656e-03
      vertex 9.065771e-03 9.510217e-03 7.579365e-03
      vertex 9.199081e-03 9.922974e-03 6.324337e-03
    endloop
  endfacet
  facet normal -8.363098e-02 9.515231e-01 2.959893e-01
    outer loop
      vertex 1.004106e-02 1.017002e-02 5.768059e-03
      vertex 9.199081e-03 9.922974e-03 6.324337e-03
      vertex 9.954257e-03 9.770130e-03 7.029059e-03
    endloop
  endfacet
  facet normal -9.144038e-02 9.530073e-01 2.888180e-01
    outer loop
      vertex 1.004106e-02 1.017002e-02 5.768059e-03
      vertex 1.067675e-02 9.993798e-03 6.550787e-03
      vertex 1.099756e-02 1.046455e-02 5.099030e-03
    endloop
  endfacet
  facet normal -1.100760e-01 9.523405e-01 2.844836e-01
    outer loop
      vertex 1.067675e-02 9.993798e-03 6.550787e-03
      vertex 1.154235e-02 1.027627e-02 5.940109e-03
      vertex 1.099756e-02 1.046455e-02 5.099030e-03
    endloop
  endfacet
  facet normal 3.248325e-03 8.996673e-01 4.365642e-01
    outer loop
      vertex -5.823584e-03 8.162033e-03 1.021556e-02
      vertex -4.794714e-03 7.748103e-03 1.106093e-02
      vertex -4.421714e-03 8.206782e-03 1.011291e-02
    endloop
  endfacet
  facet normal 3.599287e-03 8.996119e-01 4.366755e-01
    outer loop
      vertex -4.421714e-03 8.206782e-03 1.011291e-02
      vertex -4.794714e-03 7.748103e-03 1.106093e-02
      vertex -3.483024e-03 8.056719e-03 1.041432e-02
    endloop
  endfacet
  facet normal 4.850440e-03 9.011250e-01 4.335323e-01
    outer loop
      vertex -4.421714e-03 8.206782e-03 1.011291e-02
      vertex -3.483024e-03 8.056719e-03 1.041432e-02
      vertex -3.172338e-03 8.267315e-03 9.973109e-03
    endloop
  endfacet
  facet normal 6.477041e-03 9.006680e-01 4.344596e-01
    outer loop
      vertex -2.507416e-03 8.309515e-03 9.875712e-03
      vertex -3.172338e-03 8.267315e-03 9.973109e-03
      vertex -3.483024e-03 8.056719e-03 1.041432e-02
    endloop
  endfacet
  facet normal 1.686436e-03 9.015303e-01 4.327126e-01
    outer loop
      vertex -3.484929e-03 7.806259e-03 1.093615e-02
      vertex -2.553803e-03 7.865359e-03 1.080939e-02
      vertex -3.483024e-03 8.056719e-03 1.041432e-02
    endloop
  endfacet
  facet normal 3.259007e-03 9.029623e-01 4.297074e-01
    outer loop
      vertex -3.483024e-03 8.056719e-03 1.041432e-02
      vertex -2.553803e-03 7.865359e-03 1.080939e-02
      vertex -2.507416e-03 8.309515e-03 9.875712e-03
    endloop
  endfacet
  facet normal 5.698659e-04 9.050834e-01 4.252338e-01
    outer loop
      vertex -2.553803e-03 7.865359e-03 1.080939e-02
      vertex -1.599023e-03 7.941441e-03 1.064617e-02
      vertex -1.580932e-03 8.382325e-03 9.707754e-03
    endloop
  endfacet
  facet normal -5.491830e-04 9.074536e-01 4.201519e-01
    outer loop
      vertex -1.599023e-03 7.941441e-03 1.064617e-02
      vertex -3.015617e-04 8.070713e-03 1.036866e-02
      vertex -6.652161e-04 8.468470e-03 9.509105e-03
    endloop
  endfacet
  facet normal 4.117987e-03 9.115148e-01 4.112467e-01
    outer loop
      vertex 3.099146e-04 8.578281e-03 9.255946e-03
      vertex -6.652161e-04 8.468470e-03 9.509105e-03
      vertex 7.206946e-04 8.191021e-03 1.011018e-02
    endloop
  endfacet
  facet normal -2.682597e-03 9.102903e-01 4.139619e-01
    outer loop
      vertex 7.206946e-04 8.191021e-03 1.011018e-02
      vertex 1.609488e-03 8.311155e-03 9.851770e-03
      vertex 3.099146e-04 8.578281e-03 9.255946e-03
    endloop
  endfacet
  facet normal 2.377154e-03 9.144135e-01 4.047744e-01
    outer loop
      vertex 1.329273e-03 8.706907e-03 8.959385e-03
      vertex 3.099146e-04 8.578281e-03 9.255946e-03
      vertex 1.609488e-03 8.311155e-03 9.851770e-03
    endloop
  endfacet
  facet normal 2.248460e-03 9.150895e-01 4.032444e-01
    outer loop
      vertex 1.329273e-03 8.706907e-03 8.959385e-03
      vertex 1.863209e-03 8.578459e-03 9.247898e-03
      vertex 2.533588e-03 8.883482e-03 8.551966e-03
    endloop
  endfacet
  facet normal -7.320727e-03 9.155302e-01 4.021827e-01
    outer loop
      vertex 1.609488e-03 8.311155e-03 9.851770e-03
      vertex 2.383667e-03 8.426131e-03 9.604131e-03
      vertex 1.863209e-03 8.578459e-03 9.247898e-03
    endloop
  endfacet
  facet normal -3.729489e-03 9.171995e-01 3.984108e-01
    outer loop
      vertex 3.023995e-03 8.747796e-03 8.868925e-03
      vertex 2.533588e-03 8.883482e-03 8.551966e-03
      vertex 1.863209e-03 8.578459e-03 9.247898e-03
    endloop
  endfacet
  facet normal -3.898524e-03 9.173872e-01 3.979769e-01
    outer loop
      vertex 3.023995e-03 8.747796e-03 8.868925e-03
      vertex 1.863209e-03 8.578459e-03 9.247898e-03
      vertex 2.383667e-03 8.426131e-03 9.604131e-03
    endloop
  endfacet
  facet normal -1.249248e-02 9.200302e-01 3.916483e-01
    outer loop
      vertex 2.383667e-03 8.426131e-03 9.604131e-03
      vertex 3.357111e-03 8.589912e-03 9.250439e-03
      vertex 3.023995e-03 8.747796e-03 8.868925e-03
    endloop
  endfacet
  facet normal -1.028880e-03 9.187291e-01 3.948871e-01
    outer loop
      vertex 2.533588e-03 8.883482e-03 8.551966e-03
      vertex 3.023995e-03 8.747796e-03 8.868925e-03
      vertex 3.820652e-03 9.101668e-03 8.047695e-03
    endloop
  endfacet
  facet normal -1.236573e-02 9.226008e-01 3.855578e-01
    outer loop
      vertex 3.820652e-03 9.101668e-03 8.047695e-03
      vertex 3.023995e-03 8.747796e-03 8.868925e-03
      vertex 4.135121e-03 8.728585e-03 8.950531e-03
    endloop
  endfacet
  facet normal -6.467872e-03 9.233826e-01 3.838266e-01
    outer loop
      vertex 3.820652e-03 9.101668e-03 8.047695e-03
      vertex 4.135121e-03 8.728585e-03 8.950531e-03
      vertex 4.808287e-03 9.287235e-03 7.617914e-03
    endloop
  endfacet
  facet normal -2.102686e-02 9.257801e-01 3.774772e-01
    outer loop
      vertex 4.135121e-03 8.728585e-03 8.950531e-03
      vertex 5.055948e-03 8.909966e-03 8.556981e-03
      vertex 4.808287e-03 9.287235e-03 7.617914e-03
    endloop
  endfacet
  facet normal -1.575048e-02 9.296933e-01 3.679978e-01
    outer loop
      vertex 5.446939e-03 9.416248e-03 7.318412e-03
      vertex 5.802042e-03 9.070696e-03 8.206599e-03
      vertex 6.527451e-03 9.654810e-03 6.761967e-03
    endloop
  endfacet
  facet normal -3.250452e-02 9.321607e-01 3.605826e-01
    outer loop
      vertex 5.802042e-03 9.070696e-03 8.206599e-03
      vertex 6.847369e-03 9.307623e-03 7.688337e-03
      vertex 6.527451e-03 9.654810e-03 6.761967e-03
    endloop
  endfacet
  facet normal -4.438070e-02 9.371942e-01 3.459730e-01
    outer loop
      vertex 7.465954e-03 9.460112e-03 7.352556e-03
      vertex 8.291483e-03 9.673410e-03 6.880656e-03
      vertex 7.926820e-03 9.993714e-03 5.966218e-03
    endloop
  endfacet
  facet normal -3.381553e-02 9.389542e-01 3.423763e-01
    outer loop
      vertex 7.926820e-03 9.993714e-03 5.966218e-03
      vertex 8.291483e-03 9.673410e-03 6.880656e-03
      vertex 8.606970e-03 1.017349e-02 5.540367e-03
    endloop
  endfacet
  facet normal -5.080214e-02 9.395570e-01 3.386028e-01
    outer loop
      vertex 8.291483e-03 9.673410e-03 6.880656e-03
      vertex 9.199081e-03 9.922974e-03 6.324337e-03
      vertex 8.606970e-03 1.017349e-02 5.540367e-03
    endloop
  endfacet
  facet normal -5.642496e-02 9.413593e-01 3.326542e-01
    outer loop
      vertex 9.199081e-03 9.922974e-03 6.324337e-03
      vertex 1.004106e-02 1.017002e-02 5.768059e-03
      vertex 9.153557e-03 1.032405e-02 5.181630e-03
    endloop
  endfacet
  facet normal -4.903807e-02 9.452954e-01 3.225088e-01
    outer loop
      vertex 9.153557e-03 1.032405e-02 5.181630e-03
      vertex 1.004106e-02 1.017002e-02 5.768059e-03
      vertex 9.543185e-03 1.043313e-02 4.921165e-03
    endloop
  endfacet
  facet normal -4.948572e-02 9.451931e-01 3.227402e-01
    outer loop
      vertex 9.543185e-03 1.043313e-02 4.921165e-03
      vertex 1.004106e-02 1.017002e-02 5.768059e-03
      vertex 1.035360e-02 1.067265e-02 4.343950e-03
    endloop
  endfacet
  facet normal -6.819120e-02 9.453972e-01 3.187070e-01
    outer loop
      vertex 1.004106e-02 1.017002e-02 5.768059e-03
      vertex 1.099756e-02 1.046455e-02 5.099030e-03
      vertex 1.035360e-02 1.067265e-02 4.343950e-03
    endloop
  endfacet
  facet normal 7.940555e-03 8.741965e-01 4.855075e-01
    outer loop
      vertex -6.060069e-03 8.673221e-03 9.298990e-03
      vertex -5.823584e-03 8.162033e-03 1.021556e-02
      vertex -4.965085e-03 8.694859e-03 9.242121e-03
    endloop
  endfacet
  facet normal 7.625836e-03 8.743168e-01 4.852958e-01
    outer loop
      vertex -5.823584e-03 8.162033e-03 1.021556e-02
      vertex -4.421714e-03 8.206782e-03 1.011291e-02
      vertex -4.965085e-03 8.694859e-03 9.242121e-03
    endloop
  endfacet
  facet normal 1.144248e-02 8.762707e-01 4.816832e-01
    outer loop
      vertex -4.421714e-03 8.206782e-03 1.011291e-02
      vertex -3.172338e-03 8.267315e-03 9.973109e-03
      vertex -3.764841e-03 8.741365e-03 9.124799e-03
    endloop
  endfacet
  facet normal 1.415191e-02 8.786241e-01 4.773042e-01
    outer loop
      vertex -3.172338e-03 8.267315e-03 9.973109e-03
      vertex -2.507416e-03 8.309515e-03 9.875712e-03
      vertex -2.910703e-03 8.788721e-03 9.005545e-03
    endloop
  endfacet
  facet normal 2.201494e-02 8.800189e-01 4.744282e-01
    outer loop
      vertex -2.910703e-03 8.788721e-03 9.005545e-03
      vertex -2.507416e-03 8.309515e-03 9.875712e-03
      vertex -1.812280e-03 8.866031e-03 8.811172e-03
    endloop
  endfacet
  facet normal 1.618582e-02 8.817134e-01 4.715076e-01
    outer loop
      vertex -2.507416e-03 8.309515e-03 9.875712e-03
      vertex -1.580932e-03 8.382325e-03 9.707754e-03
      vertex -1.812280e-03 8.866031e-03 8.811172e-03
    endloop
  endfacet
  facet normal 2.525413e-02 8.838607e-01 4.670680e-01
    outer loop
      vertex -1.812280e-03 8.866031e-03 8.811172e-03
      vertex -9.434460e-04 8.716560e-03 9.047047e-03
      vertex -1.154682e-03 8.923630e-03 8.666618e-03
    endloop
  endfacet
  facet normal 1.754180e-02 8.852640e-01 4.647579e-01
    outer loop
      vertex -1.580932e-03 8.382325e-03 9.707754e-03
      vertex -6.652161e-04 8.468470e-03 9.509105e-03
      vertex -9.434460e-04 8.716560e-03 9.047047e-03
    endloop
  endfacet
  facet normal 2.920238e-02 8.846643e-01 4.653132e-01
    outer loop
      vertex -1.154682e-03 8.923630e-03 8.666618e-03
      vertex -9.434460e-04 8.716560e-03 9.047047e-03
      vertex 2.175288e-04 9.066244e-03 8.309359e-03
    endloop
  endfacet
  facet normal 2.051929e-02 8.859472e-01 4.633319e-01
    outer loop
      vertex -6.652161e-04 8.468470e-03 9.509105e-03
      vertex 3.099146e-04 8.578281e-03 9.255946e-03
      vertex -9.434460e-04 8.716560e-03 9.047047e-03
    endloop
  endfacet
  facet normal 2.057636e-02 8.894779e-01 4.565147e-01
    outer loop
      vertex 2.175288e-04 9.066244e-03 8.309359e-03
      vertex 3.099146e-04 8.578281e-03 9.255946e-03
      vertex 1.329273e-03 8.706907e-03 8.959385e-03
    endloop
  endfacet
  facet normal 1.642649e-02 8.987826e-01 4.380867e-01
    outer loop
      vertex 2.172533e-03 9.011204e-03 8.303469e-03
      vertex 1.329273e-03 8.706907e-03 8.959385e-03
      vertex 2.533588e-03 8.883482e-03 8.551966e-03
    endloop
  endfacet
  facet normal 2.149718e-02 8.960880e-01 4.433556e-01
    outer loop
      vertex 1.329273e-03 8.706907e-03 8.959385e-03
      vertex 2.172533e-03 9.011204e-03 8.303469e-03
      vertex 1.924171e-03 9.285697e-03 7.760719e-03
    endloop
  endfacet
  facet normal 2.864211e-02 8.998099e-01 4.353410e-01
    outer loop
      vertex 3.261114e-03 9.490137e-03 7.250200e-03
      vertex 1.924171e-03 9.285697e-03 7.760719e-03
      vertex 2.533588e-03 8.883482e-03 8.551966e-03
    endloop
  endfacet
  facet normal 1.510659e-02 9.030435e-01 4.292833e-01
    outer loop
      vertex 2.533588e-03 8.883482e-03 8.551966e-03
      vertex 3.820652e-03 9.101668e-03 8.047695e-03
      vertex 3.261114e-03 9.490137e-03 7.250200e-03
    endloop
  endfacet
  facet normal 2.616557e-02 9.058114e-01 4.228724e-01
    outer loop
      vertex 3.261114e-03 9.490137e-03 7.250200e-03
      vertex 3.820652e-03 9.101668e-03 8.047695e-03
      vertex 4.117329e-03 9.639542e-03 6.877190e-03
    endloop
  endfacet
  facet normal 2.261612e-02 9.108470e-01 4.121241e-01
    outer loop
      vertex 4.938166e-03 9.795093e-03 6.488357e-03
      vertex 4.117329e-03 9.639542e-03 6.877190e-03
      vertex 4.808287e-03 9.287235e-03 7.617914e-03
    endloop
  endfacet
  facet normal 8.517664e-03 9.116557e-01 4.108666e-01
    outer loop
      vertex 4.808287e-03 9.287235e-03 7.617914e-03
      vertex 5.446939e-03 9.416248e-03 7.318412e-03
      vertex 4.938166e-03 9.795093e-03 6.488357e-03
    endloop
  endfacet
  facet normal 5.747218e-03 9.149889e-01 4.034381e-01
    outer loop
      vertex 5.446939e-03 9.416248e-03 7.318412e-03
      vertex 6.527451e-03 9.654810e-03 6.761967e-03
      vertex 5.575634e-03 9.925522e-03 6.161558e-03
    endloop
  endfacet
  facet normal 1.415568e-02 9.197480e-01 3.922541e-01
    outer loop
      vertex 5.575634e-03 9.925522e-03 6.161558e-03
      vertex 6.527451e-03 9.654810e-03 6.761967e-03
      vertex 6.559577e-03 1.013832e-02 5.627079e-03
    endloop
  endfacet
  facet normal -5.949191e-03 9.239349e-01 3.825034e-01
    outer loop
      vertex 7.126472e-03 9.794699e-03 6.434491e-03
      vertex 7.926820e-03 9.993714e-03 5.966218e-03
      vertex 7.333346e-03 1.031931e-02 5.170516e-03
    endloop
  endfacet
  facet normal 5.931943e-03 9.270411e-01 3.749128e-01
    outer loop
      vertex 7.333346e-03 1.031931e-02 5.170516e-03
      vertex 7.926820e-03 9.993714e-03 5.966218e-03
      vertex 8.143414e-03 1.052087e-02 4.659307e-03
    endloop
  endfacet
  facet normal -1.218691e-02 9.280290e-01 3.723085e-01
    outer loop
      vertex 7.926820e-03 9.993714e-03 5.966218e-03
      vertex 8.606970e-03 1.017349e-02 5.540367e-03
      vertex 8.143414e-03 1.052087e-02 4.659307e-03
    endloop
  endfacet
  facet normal -3.159569e-03 9.297296e-01 3.682294e-01
    outer loop
      vertex 9.081702e-03 1.059059e-02 4.491307e-03
      vertex 8.143414e-03 1.052087e-02 4.659307e-03
      vertex 8.606970e-03 1.017349e-02 5.540367e-03
    endloop
  endfacet
  facet normal -5.304639e-03 9.337397e-01 3.579134e-01
    outer loop
      vertex 8.143414e-03 1.052087e-02 4.659307e-03
      vertex 9.081702e-03 1.059059e-02 4.491307e-03
      vertex 9.126292e-03 1.076683e-02 4.032191e-03
    endloop
  endfacet
  facet normal -1.922972e-02 9.320296e-01 3.618716e-01
    outer loop
      vertex 8.606970e-03 1.017349e-02 5.540367e-03
      vertex 9.153557e-03 1.032405e-02 5.181630e-03
      vertex 9.081702e-03 1.059059e-02 4.491307e-03
    endloop
  endfacet
  facet normal -1.902501e-02 9.320404e-01 3.618545e-01
    outer loop
      vertex 9.081702e-03 1.059059e-02 4.491307e-03
      vertex 9.153557e-03 1.032405e-02 5.181630e-03
      vertex 9.543185e-03 1.043313e-02 4.921165e-03
    endloop
  endfacet
  facet normal 2.625661e-02 8.503981e-01 5.254842e-01
    outer loop
      vertex -3.494554e-03 9.299791e-03 8.207585e-03
      vertex -4.426018e-03 9.259914e-03 8.318661e-03
      vertex -3.764841e-03 8.741365e-03 9.124799e-03
    endloop
  endfacet
  facet normal 4.254074e-02 8.577949e-01 5.122287e-01
    outer loop
      vertex -1.313716e-03 9.449745e-03 7.792259e-03
      vertex -2.569790e-03 9.354126e-03 8.056704e-03
      vertex -1.812280e-03 8.866031e-03 8.811172e-03
    endloop
  endfacet
  facet normal 4.182330e-02 8.622080e-01 5.048249e-01
    outer loop
      vertex -4.187590e-04 9.531003e-03 7.568295e-03
      vertex -1.154682e-03 8.923630e-03 8.666618e-03
      vertex 2.175288e-04 9.066244e-03 8.309359e-03
    endloop
  endfacet
  facet normal 5.138318e-02 8.662663e-01 4.969330e-01
    outer loop
      vertex 1.198187e-03 9.416652e-03 7.597118e-03
      vertex 4.180513e-04 9.620635e-03 7.322196e-03
      vertex 2.175288e-04 9.066244e-03 8.309359e-03
    endloop
  endfacet
  facet normal 4.614082e-02 8.697066e-01 4.914075e-01
    outer loop
      vertex 2.175288e-04 9.066244e-03 8.309359e-03
      vertex 1.924171e-03 9.285697e-03 7.760719e-03
      vertex 1.198187e-03 9.416652e-03 7.597118e-03
    endloop
  endfacet
  facet normal 5.019153e-02 8.764650e-01 4.788422e-01
    outer loop
      vertex 2.024230e-03 9.825509e-03 6.762168e-03
      vertex 1.198187e-03 9.416652e-03 7.597118e-03
      vertex 1.924171e-03 9.285697e-03 7.760719e-03
    endloop
  endfacet
  facet normal 6.377858e-02 8.752079e-01 4.795241e-01
    outer loop
      vertex 2.821705e-03 9.943652e-03 6.440471e-03
      vertex 2.024230e-03 9.825509e-03 6.762168e-03
      vertex 1.924171e-03 9.285697e-03 7.760719e-03
    endloop
  endfacet
  facet normal 4.451947e-02 8.817163e-01 4.696748e-01
    outer loop
      vertex 1.924171e-03 9.285697e-03 7.760719e-03
      vertex 3.261114e-03 9.490137e-03 7.250200e-03
      vertex 2.821705e-03 9.943652e-03 6.440471e-03
    endloop
  endfacet
  facet normal 6.045725e-02 8.845086e-01 4.625899e-01
    outer loop
      vertex 3.645260e-03 1.007733e-02 6.077241e-03
      vertex 2.821705e-03 9.943652e-03 6.440471e-03
      vertex 3.261114e-03 9.490137e-03 7.250200e-03
    endloop
  endfacet
  facet normal 4.511937e-02 8.873067e-01 4.589675e-01
    outer loop
      vertex 3.261114e-03 9.490137e-03 7.250200e-03
      vertex 4.117329e-03 9.639542e-03 6.877190e-03
      vertex 3.645260e-03 1.007733e-02 6.077241e-03
    endloop
  endfacet
  facet normal 5.951493e-02 8.900451e-01 4.519709e-01
    outer loop
      vertex 4.435655e-03 1.021685e-02 5.698406e-03
      vertex 3.645260e-03 1.007733e-02 6.077241e-03
      vertex 4.117329e-03 9.639542e-03 6.877190e-03
    endloop
  endfacet
  facet normal 4.348980e-02 8.925404e-01 4.488655e-01
    outer loop
      vertex 4.117329e-03 9.639542e-03 6.877190e-03
      vertex 4.938166e-03 9.795093e-03 6.488357e-03
      vertex 4.435655e-03 1.021685e-02 5.698406e-03
    endloop
  endfacet
  facet normal 5.435574e-02 9.000606e-01 4.323614e-01
    outer loop
      vertex 4.435655e-03 1.021685e-02 5.698406e-03
      vertex 5.575634e-03 9.925522e-03 6.161558e-03
      vertex 5.999363e-03 1.052580e-02 4.858677e-03
    endloop
  endfacet
  facet normal 1.607983e-02 8.176077e-01 5.755512e-01
    outer loop
      vertex -6.190007e-03 9.804214e-03 7.608897e-03
      vertex -5.885385e-03 9.221248e-03 8.428527e-03
      vertex -5.187677e-03 9.810511e-03 7.571948e-03
    endloop
  endfacet
  facet normal 2.196751e-02 8.152345e-01 5.787143e-01
    outer loop
      vertex -4.426018e-03 9.259914e-03 8.318661e-03
      vertex -5.187677e-03 9.810511e-03 7.571948e-03
      vertex -5.885385e-03 9.221248e-03 8.428527e-03
    endloop
  endfacet
  facet normal 3.266627e-02 8.200531e-01 5.713544e-01
    outer loop
      vertex -5.187677e-03 9.810511e-03 7.571948e-03
      vertex -4.426018e-03 9.259914e-03 8.318661e-03
      vertex -3.845513e-03 9.865195e-03 7.416724e-03
    endloop
  endfacet
  facet normal 3.305037e-02 8.199252e-01 5.715158e-01
    outer loop
      vertex -3.845513e-03 9.865195e-03 7.416724e-03
      vertex -4.426018e-03 9.259914e-03 8.318661e-03
      vertex -3.494554e-03 9.299791e-03 8.207585e-03
    endloop
  endfacet
  facet normal 4.412635e-02 8.227229e-01 5.667273e-01
    outer loop
      vertex -3.494554e-03 9.299791e-03 8.207585e-03
      vertex -2.569790e-03 9.354126e-03 8.056704e-03
      vertex -3.105711e-03 9.904411e-03 7.299577e-03
    endloop
  endfacet
  facet normal 5.595530e-02 8.260681e-01 5.607856e-01
    outer loop
      vertex -2.265835e-03 9.952664e-03 7.144695e-03
      vertex -3.105711e-03 9.904411e-03 7.299577e-03
      vertex -2.569790e-03 9.354126e-03 8.056704e-03
    endloop
  endfacet
  facet normal 6.726135e-02 8.237108e-01 5.630066e-01
    outer loop
      vertex -1.465452e-03 1.001154e-02 6.962943e-03
      vertex -2.265835e-03 9.952664e-03 7.144695e-03
      vertex -2.569790e-03 9.354126e-03 8.056704e-03
    endloop
  endfacet
  facet normal 5.322098e-02 8.312420e-01 5.533572e-01
    outer loop
      vertex -2.569790e-03 9.354126e-03 8.056704e-03
      vertex -1.313716e-03 9.449745e-03 7.792259e-03
      vertex -1.465452e-03 1.001154e-02 6.962943e-03
    endloop
  endfacet
  facet normal 7.340635e-02 8.318723e-01 5.500909e-01
    outer loop
      vertex -7.170384e-04 1.007562e-02 6.766165e-03
      vertex -1.465452e-03 1.001154e-02 6.962943e-03
      vertex -1.313716e-03 9.449745e-03 7.792259e-03
    endloop
  endfacet
  facet normal 6.051817e-02 8.361250e-01 5.451904e-01
    outer loop
      vertex -1.313716e-03 9.449745e-03 7.792259e-03
      vertex -4.187590e-04 9.531003e-03 7.568295e-03
      vertex -7.170384e-04 1.007562e-02 6.766165e-03
    endloop
  endfacet
  facet normal 7.926603e-02 8.381750e-01 5.396106e-01
    outer loop
      vertex 8.329213e-05 1.015396e-02 6.526908e-03
      vertex -7.170384e-04 1.007562e-02 6.766165e-03
      vertex -4.187590e-04 9.531003e-03 7.568295e-03
    endloop
  endfacet
  facet normal 6.747812e-02 8.415506e-01 5.359470e-01
    outer loop
      vertex -4.187590e-04 9.531003e-03 7.568295e-03
      vertex 4.180513e-04 9.620635e-03 7.322196e-03
      vertex 8.329213e-05 1.015396e-02 6.526908e-03
    endloop
  endfacet
  facet normal 8.493887e-02 8.437061e-01 5.300428e-01
    outer loop
      vertex 8.329213e-05 1.015396e-02 6.526908e-03
      vertex 4.180513e-04 9.620635e-03 7.322196e-03
      vertex 8.918242e-04 1.024363e-02 6.254609e-03
    endloop
  endfacet
  facet normal 9.218720e-02 8.553314e-01 5.098135e-01
    outer loop
      vertex 2.387034e-03 1.043813e-02 5.668755e-03
      vertex 1.621858e-03 1.033388e-02 5.982015e-03
      vertex 2.024230e-03 9.825509e-03 6.762168e-03
    endloop
  endfacet
  facet normal 7.719400e-02 8.586581e-01 5.067025e-01
    outer loop
      vertex 2.024230e-03 9.825509e-03 6.762168e-03
      vertex 2.821705e-03 9.943652e-03 6.440471e-03
      vertex 2.387034e-03 1.043813e-02 5.668755e-03
    endloop
  endfacet
  facet normal 9.431126e-02 8.615168e-01 4.988929e-01
    outer loop
      vertex 2.387034e-03 1.043813e-02 5.668755e-03
      vertex 2.821705e-03 9.943652e-03 6.440471e-03
      vertex 3.178167e-03 1.055646e-02 5.314847e-03
    endloop
  endfacet
  facet normal 7.822249e-02 8.649751e-01 4.956807e-01
    outer loop
      vertex 3.178167e-03 1.055646e-02 5.314847e-03
      vertex 2.821705e-03 9.943652e-03 6.440471e-03
      vertex 3.645260e-03 1.007733e-02 6.077241e-03
    endloop
  endfacet
  facet normal 9.522172e-02 8.680755e-01 4.872143e-01
    outer loop
      vertex 3.178167e-03 1.055646e-02 5.314847e-03
      vertex 3.645260e-03 1.007733e-02 6.077241e-03
      vertex 3.938317e-03 1.068036e-02 4.945540e-03
    endloop
  endfacet
  facet normal 1.796179e-02 7.837380e-01 6.208317e-01
    outer loop
      vertex -6.190007e-03 9.804214e-03 7.608897e-03
      vertex -5.187677e-03 9.810511e-03 7.571948e-03
      vertex -5.780216e-03 1.041868e-02 6.821334e-03
    endloop
  endfacet
  facet normal 3.122216e-02 7.885093e-01 6.142298e-01
    outer loop
      vertex -5.780216e-03 1.041868e-02 6.821334e-03
      vertex -5.187677e-03 9.810511e-03 7.571948e-03
      vertex -4.741748e-03 1.044400e-02 6.736048e-03
    endloop
  endfacet
  facet normal 5.460649e-02 7.908352e-01 6.095882e-01
    outer loop
      vertex -3.845513e-03 9.865195e-03 7.416724e-03
      vertex -3.105711e-03 9.904411e-03 7.299577e-03
      vertex -3.649908e-03 1.048427e-02 6.596058e-03
    endloop
  endfacet
  facet normal 6.476169e-02 7.976180e-01 5.996762e-01
    outer loop
      vertex -3.105711e-03 9.904411e-03 7.299577e-03
      vertex -2.265835e-03 9.952664e-03 7.144695e-03
      vertex -2.485325e-03 1.054423e-02 6.381573e-03
    endloop
  endfacet
  facet normal 8.501270e-02 7.991740e-01 5.950578e-01
    outer loop
      vertex -2.485325e-03 1.054423e-02 6.381573e-03
      vertex -2.265835e-03 9.952664e-03 7.144695e-03
      vertex -1.721977e-03 1.059461e-02 6.204853e-03
    endloop
  endfacet
  facet normal 7.535150e-02 8.025667e-01 5.917845e-01
    outer loop
      vertex -2.265835e-03 9.952664e-03 7.144695e-03
      vertex -1.465452e-03 1.001154e-02 6.962943e-03
      vertex -1.721977e-03 1.059461e-02 6.204853e-03
    endloop
  endfacet
  facet normal 9.517297e-02 8.043663e-01 5.864614e-01
    outer loop
      vertex -1.721977e-03 1.059461e-02 6.204853e-03
      vertex -1.465452e-03 1.001154e-02 6.962943e-03
      vertex -1.007551e-03 1.064964e-02 6.013442e-03
    endloop
  endfacet
  facet normal 8.424742e-02 8.077539e-01 5.834690e-01
    outer loop
      vertex -1.465452e-03 1.001154e-02 6.962943e-03
      vertex -7.170384e-04 1.007562e-02 6.766165e-03
      vertex -1.007551e-03 1.064964e-02 6.013442e-03
    endloop
  endfacet
  facet normal 9.433336e-02 8.088438e-01 5.804075e-01
    outer loop
      vertex -7.170384e-04 1.007562e-02 6.766165e-03
      vertex 8.329213e-05 1.015396e-02 6.526908e-03
      vertex -1.007551e-03 1.064964e-02 6.013442e-03
    endloop
  endfacet
  facet normal 9.874973e-02 8.203003e-01 5.633435e-01
    outer loop
      vertex 8.329213e-05 1.015396e-02 6.526908e-03
      vertex 8.918242e-04 1.024363e-02 6.254609e-03
      vertex 5.306219e-04 1.079471e-02 5.515477e-03
    endloop
  endfacet
  facet normal 1.187563e-01 8.229594e-01 5.555491e-01
    outer loop
      vertex 5.306219e-04 1.079471e-02 5.515477e-03
      vertex 8.918242e-04 1.024363e-02 6.254609e-03
      vertex 1.229741e-03 1.087310e-02 5.249918e-03
    endloop
  endfacet
  facet normal 1.277426e-01 8.365762e-01 5.327495e-01
    outer loop
      vertex 1.963349e-03 1.096400e-02 4.944573e-03
      vertex 2.387034e-03 1.043813e-02 5.668755e-03
      vertex 2.781790e-03 1.119368e-02 4.387661e-03
    endloop
  endfacet
  facet normal 1.113931e-01 8.405971e-01 5.300830e-01
    outer loop
      vertex 2.387034e-03 1.043813e-02 5.668755e-03
      vertex 3.178167e-03 1.055646e-02 5.314847e-03
      vertex 2.781790e-03 1.119368e-02 4.387661e-03
    endloop
  endfacet
  facet normal 3.595062e-02 7.500603e-01 6.603916e-01
    outer loop
      vertex -4.741748e-03 1.044400e-02 6.736048e-03
      vertex -5.576525e-03 1.113799e-02 5.993265e-03
      vertex -5.780216e-03 1.041868e-02 6.821334e-03
    endloop
  endfacet
  facet normal 4.742002e-02 7.559046e-01 6.529622e-01
    outer loop
      vertex -5.576525e-03 1.113799e-02 5.993265e-03
      vertex -4.741748e-03 1.044400e-02 6.736048e-03
      vertex -4.340276e-03 1.114928e-02 5.890419e-03
    endloop
  endfacet
  facet normal 7.202399e-02 7.600679e-01 6.458400e-01
    outer loop
      vertex -4.340276e-03 1.114928e-02 5.890419e-03
      vertex -3.649908e-03 1.048427e-02 6.596058e-03
      vertex -3.452553e-03 1.120227e-02 5.729056e-03
    endloop
  endfacet
  facet normal 9.017422e-02 7.649405e-01 6.377575e-01
    outer loop
      vertex -3.452553e-03 1.120227e-02 5.729056e-03
      vertex -2.485325e-03 1.054423e-02 6.381573e-03
      vertex -2.748194e-03 1.123636e-02 5.588579e-03
    endloop
  endfacet
  facet normal 8.001238e-02 7.586912e-01 6.465182e-01
    outer loop
      vertex -2.485325e-03 1.054423e-02 6.381573e-03
      vertex -3.452553e-03 1.120227e-02 5.729056e-03
      vertex -3.649908e-03 1.048427e-02 6.596058e-03
    endloop
  endfacet
  facet normal 9.530666e-02 7.697876e-01 6.311448e-01
    outer loop
      vertex -2.485325e-03 1.054423e-02 6.381573e-03
      vertex -1.721977e-03 1.059461e-02 6.204853e-03
      vertex -2.011722e-03 1.128041e-02 5.412153e-03
    endloop
  endfacet
  facet normal 1.068308e-01 7.758705e-01 6.217815e-01
    outer loop
      vertex -1.721977e-03 1.059461e-02 6.204853e-03
      vertex -1.007551e-03 1.064964e-02 6.013442e-03
      vertex -1.323504e-03 1.132330e-02 5.227118e-03
    endloop
  endfacet
  facet normal 1.170522e-01 7.826417e-01 6.113679e-01
    outer loop
      vertex -1.007551e-03 1.064964e-02 6.013442e-03
      vertex -2.428085e-04 1.071714e-02 5.780607e-03
      vertex -5.975308e-04 1.137920e-02 5.000992e-03
    endloop
  endfacet
  facet normal 2.721656e-02 7.128314e-01 7.008072e-01
    outer loop
      vertex -6.336533e-03 1.184418e-02 5.302412e-03
      vertex -6.271019e-03 1.112784e-02 6.028503e-03
      vertex -5.656897e-03 1.183576e-02 5.284582e-03
    endloop
  endfacet
  facet normal 4.867841e-02 7.117685e-01 7.007253e-01
    outer loop
      vertex -4.963726e-03 1.186032e-02 5.211487e-03
      vertex -5.656897e-03 1.183576e-02 5.284582e-03
      vertex -4.340276e-03 1.114928e-02 5.890419e-03
    endloop
  endfacet
  facet normal 8.124809e-02 7.241860e-01 6.848017e-01
    outer loop
      vertex -4.340276e-03 1.114928e-02 5.890419e-03
      vertex -3.452553e-03 1.120227e-02 5.729056e-03
      vertex -3.413441e-03 1.198496e-02 4.896719e-03
    endloop
  endfacet
  facet normal -3.480699e-01 9.371985e-01 2.250312e-02
    outer loop
      vertex 1.414866e-02 9.975508e-03 1.275962e-02
      vertex 1.326502e-02 9.662629e-03 1.212241e-02
      vertex 1.349158e-02 9.721305e-03 1.318307e-02
    endloop
  endfacet
  facet normal -3.351369e-01 9.418166e-01 2.578123e-02
    outer loop
      vertex 1.349158e-02 9.721305e-03 1.318307e-02
      vertex 1.243024e-02 9.358562e-03 1.263781e-02
      vertex 1.282459e-02 9.472720e-03 1.359375e-02
    endloop
  endfacet
  facet normal -3.205448e-01 9.470400e-01 1.913781e-02
    outer loop
      vertex 1.186701e-02 9.161216e-03 1.296982e-02
      vertex 1.282459e-02 9.472720e-03 1.359375e-02
      vertex 1.243024e-02 9.358562e-03 1.263781e-02
    endloop
  endfacet
  facet normal -3.105648e-01 9.503775e-01 1.822675e-02
    outer loop
      vertex 1.214783e-02 9.230073e-03 1.399145e-02
      vertex 1.124936e-02 8.949255e-03 1.332495e-02
      vertex 1.076554e-02 8.763877e-03 1.474706e-02
    endloop
  endfacet
  facet normal -2.914135e-01 9.563569e-01 2.143792e-02
    outer loop
      vertex 1.076554e-02 8.763877e-03 1.474706e-02
      vertex 1.025732e-02 8.628985e-03 1.385621e-02
      vertex 1.006029e-02 8.540967e-03 1.510454e-02
    endloop
  endfacet
  facet normal -2.782494e-01 9.602044e-01 2.418138e-02
    outer loop
      vertex 1.006029e-02 8.540967e-03 1.510454e-02
      vertex 9.156388e-03 8.296722e-03 1.440209e-02
      vertex 9.345832e-03 8.325275e-03 1.544817e-02
    endloop
  endfacet
  facet normal -2.642331e-01 9.640297e-01 2.876898e-02
    outer loop
      vertex 9.345832e-03 8.325275e-03 1.544817e-02
      vertex 8.085148e-03 7.996357e-03 1.489105e-02
      vertex 8.622293e-03 8.117124e-03 1.577775e-02
    endloop
  endfacet
  facet normal -2.519322e-01 9.675204e-01 2.084190e-02
    outer loop
      vertex 8.622293e-03 8.117124e-03 1.577775e-02
      vertex 8.085148e-03 7.996357e-03 1.489105e-02
      vertex 7.611839e-03 7.844790e-03 1.620588e-02
    endloop
  endfacet
  facet normal -2.333784e-01 9.721991e-01 1.906419e-02
    outer loop
      vertex 6.208996e-03 7.497407e-03 1.674782e-02
      vertex 7.611839e-03 7.844790e-03 1.620588e-02
      vertex 6.959137e-03 7.704654e-03 1.536204e-02
    endloop
  endfacet
  facet normal -2.029444e-01 9.788586e-01 2.548469e-02
    outer loop
      vertex 5.640155e-03 7.366313e-03 1.695123e-02
      vertex 4.799595e-03 7.212954e-03 1.614797e-02
      vertex 5.065028e-03 7.242073e-03 1.714329e-02
    endloop
  endfacet
  facet normal -1.863864e-01 9.822527e-01 2.096966e-02
    outer loop
      vertex 3.615610e-03 6.980427e-03 1.651621e-02
      vertex 5.065028e-03 7.242073e-03 1.714329e-02
      vertex 4.799595e-03 7.212954e-03 1.614797e-02
    endloop
  endfacet
  facet normal -1.659869e-01 9.857376e-01 2.774589e-02
    outer loop
      vertex 3.462851e-03 6.924755e-03 1.763200e-02
      vertex 2.654940e-03 6.812681e-03 1.678043e-02
      vertex 2.929177e-03 6.830837e-03 1.777599e-02
    endloop
  endfacet
  facet normal -1.570381e-01 9.872696e-01 2.525290e-02
    outer loop
      vertex 2.035714e-03 6.682932e-03 1.800227e-02
      vertex 2.929177e-03 6.830837e-03 1.777599e-02
      vertex 2.654940e-03 6.812681e-03 1.678043e-02
    endloop
  endfacet
  facet normal -1.424172e-01 9.894654e-01 2.599358e-02
    outer loop
      vertex 2.035714e-03 6.682932e-03 1.800227e-02
      vertex 1.458142e-03 6.624123e-03 1.707643e-02
      vertex 1.316297e-03 6.575062e-03 1.816679e-02
    endloop
  endfacet
  facet normal -1.283303e-01 9.913387e-01 2.791046e-02
    outer loop
      vertex 3.436253e-04 6.473204e-03 1.731238e-02
      vertex 1.316297e-03 6.575062e-03 1.816679e-02
      vertex 1.458142e-03 6.624123e-03 1.707643e-02
    endloop
  endfacet
  facet normal -1.057108e-01 9.940092e-01 2.776589e-02
    outer loop
      vertex -1.334298e-04 6.385924e-03 1.845416e-02
      vertex -8.341717e-04 6.337382e-03 1.752405e-02
      vertex -8.634171e-04 6.304864e-03 1.857686e-02
    endloop
  endfacet
  facet normal -9.344957e-02 9.952261e-01 2.814408e-02
    outer loop
      vertex -1.596606e-03 6.232948e-03 1.868545e-02
      vertex -8.634171e-04 6.304864e-03 1.857686e-02
      vertex -8.341717e-04 6.337382e-03 1.752405e-02
    endloop
  endfacet
  facet normal -8.149440e-02 9.963390e-01 2.583053e-02
    outer loop
      vertex -1.596606e-03 6.232948e-03 1.868545e-02
      vertex -2.272055e-03 6.202371e-03 1.773387e-02
      vertex -2.332835e-03 6.170282e-03 1.877985e-02
    endloop
  endfacet
  facet normal -6.585262e-02 9.974701e-01 2.677415e-02
    outer loop
      vertex -2.332835e-03 6.170282e-03 1.877985e-02
      vertex -2.272055e-03 6.202371e-03 1.773387e-02
      vertex -3.482438e-03 6.118990e-03 1.786319e-02
    endloop
  endfacet
  facet normal -3.585891e-02 9.990232e-01 2.582343e-02
    outer loop
      vertex -5.304940e-03 6.014184e-03 1.901390e-02
      vertex -4.185965e-03 6.055963e-03 1.895142e-02
      vertex -4.467722e-03 6.072101e-03 1.793585e-02
    endloop
  endfacet
  facet normal -1.905618e-02 9.994762e-01 2.615606e-02
    outer loop
      vertex -5.304940e-03 6.014184e-03 1.901390e-02
      vertex -5.867339e-03 6.029964e-03 1.800115e-02
      vertex -6.053958e-03 5.999321e-03 1.903610e-02
    endloop
  endfacet
  facet normal -7.831910e-03 9.991461e-01 4.056681e-02
    outer loop
      vertex -6.805154e-03 6.001357e-03 1.852469e-02
      vertex -5.867339e-03 6.029964e-03 1.800115e-02
      vertex -6.805257e-03 6.022345e-03 1.800773e-02
    endloop
  endfacet
  facet normal -7.631026e-03 9.976878e-01 6.753434e-02
    outer loop
      vertex -6.805257e-03 6.022345e-03 1.800773e-02
      vertex -5.867339e-03 6.029964e-03 1.800115e-02
      vertex -6.805360e-03 6.057187e-03 1.749299e-02
    endloop
  endfacet
  facet normal -7.115632e-03 9.955075e-01 9.441444e-02
    outer loop
      vertex -6.805360e-03 6.057187e-03 1.749299e-02
      vertex -5.894582e-03 6.111513e-03 1.698882e-02
      vertex -6.805462e-03 6.105770e-03 1.698073e-02
    endloop
  endfacet
  facet normal -7.335276e-03 9.926020e-01 1.211917e-01
    outer loop
      vertex -6.805462e-03 6.105770e-03 1.698073e-02
      vertex -5.894582e-03 6.111513e-03 1.698882e-02
      vertex -6.805565e-03 6.167984e-03 1.647117e-02
    endloop
  endfacet
  facet normal -1.992778e-01 9.583776e-01 2.044521e-01
    outer loop
      vertex 1.357060e-02 1.069697e-02 5.570220e-03
      vertex 1.361990e-02 1.041172e-02 6.955381e-03
      vertex 1.423281e-02 1.070404e-02 6.182548e-03
    endloop
  endfacet
  facet normal -2.699047e-01 9.507705e-01 1.522723e-01
    outer loop
      vertex 1.465027e-02 1.071123e-02 6.692391e-03
      vertex 1.430064e-02 1.047346e-02 7.557271e-03
      vertex 1.521982e-02 1.072522e-02 7.614551e-03
    endloop
  endfacet
  facet normal -2.861098e-02 9.990956e-01 3.145613e-02
    outer loop
      vertex -4.467722e-03 6.072101e-03 1.793585e-02
      vertex -5.867339e-03 6.029964e-03 1.800115e-02
      vertex -5.304940e-03 6.014184e-03 1.901390e-02
    endloop
  endfacet
  facet normal -1.478433e-02 9.966302e-01 8.068209e-02
    outer loop
      vertex -5.867339e-03 6.029964e-03 1.800115e-02
      vertex -5.894582e-03 6.111513e-03 1.698882e-02
      vertex -6.805360e-03 6.057187e-03 1.749299e-02
    endloop
  endfacet
  facet normal -4.542221e-02 9.985621e-01 2.846934e-02
    outer loop
      vertex -3.482438e-03 6.118990e-03 1.786319e-02
      vertex -4.467722e-03 6.072101e-03 1.793585e-02
      vertex -4.185965e-03 6.055963e-03 1.895142e-02
    endloop
  endfacet
  facet normal -8.893472e-02 9.955506e-01 3.113718e-02
    outer loop
      vertex -8.341717e-04 6.337382e-03 1.752405e-02
      vertex -2.272055e-03 6.202371e-03 1.773387e-02
      vertex -1.596606e-03 6.232948e-03 1.868545e-02
    endloop
  endfacet
  facet normal -1.483746e-01 9.884830e-01 2.977240e-02
    outer loop
      vertex 2.654940e-03 6.812681e-03 1.678043e-02
      vertex 1.458142e-03 6.624123e-03 1.707643e-02
      vertex 2.035714e-03 6.682932e-03 1.800227e-02
    endloop
  endfacet
  facet normal -1.648384e-01 9.859611e-01 2.662691e-02
    outer loop
      vertex 3.615610e-03 6.980427e-03 1.651621e-02
      vertex 2.654940e-03 6.812681e-03 1.678043e-02
      vertex 3.462851e-03 6.924755e-03 1.763200e-02
    endloop
  endfacet
  facet normal -2.035943e-01 9.787049e-01 2.619420e-02
    outer loop
      vertex 5.859025e-03 7.443156e-03 1.578124e-02
      vertex 4.799595e-03 7.212954e-03 1.614797e-02
      vertex 5.640155e-03 7.366313e-03 1.695123e-02
    endloop
  endfacet
  facet normal -2.219219e-01 9.747272e-01 2.564382e-02
    outer loop
      vertex 6.959137e-03 7.704654e-03 1.536204e-02
      vertex 5.859025e-03 7.443156e-03 1.578124e-02
      vertex 6.208996e-03 7.497407e-03 1.674782e-02
    endloop
  endfacet
  facet normal -2.408292e-01 9.702415e-01 2.515243e-02
    outer loop
      vertex 8.085148e-03 7.996357e-03 1.489105e-02
      vertex 6.959137e-03 7.704654e-03 1.536204e-02
      vertex 7.611839e-03 7.844790e-03 1.620588e-02
    endloop
  endfacet
  facet normal -2.610491e-01 9.650985e-01 2.093287e-02
    outer loop
      vertex 9.156388e-03 8.296722e-03 1.440209e-02
      vertex 8.085148e-03 7.996357e-03 1.489105e-02
      vertex 9.345832e-03 8.325275e-03 1.544817e-02
    endloop
  endfacet
  facet normal -3.131335e-01 9.494524e-01 2.207923e-02
    outer loop
      vertex 1.186701e-02 9.161216e-03 1.296982e-02
      vertex 1.124936e-02 8.949255e-03 1.332495e-02
      vertex 1.214783e-02 9.230073e-03 1.399145e-02
    endloop
  endfacet
  facet normal -3.319582e-01 9.431081e-01 1.873467e-02
    outer loop
      vertex 1.326502e-02 9.662629e-03 1.212241e-02
      vertex 1.243024e-02 9.358562e-03 1.263781e-02
      vertex 1.349158e-02 9.721305e-03 1.318307e-02
    endloop
  endfacet
  facet normal -3.472433e-01 9.375356e-01 2.119137e-02
    outer loop
      vertex 1.421581e-02 1.002900e-02 1.149344e-02
      vertex 1.326502e-02 9.662629e-03 1.212241e-02
      vertex 1.414866e-02 9.975508e-03 1.275962e-02
    endloop
  endfacet
  facet normal -3.439202e-01 9.370006e-01 6.122690e-02
    outer loop
      vertex 1.464597e-02 1.028044e-02 9.958634e-03
      vertex 1.519889e-02 1.042854e-02 1.079801e-02
      vertex 1.593001e-02 1.075640e-02 9.887410e-03
    endloop
  endfacet
  facet normal -3.655080e-01 9.306345e-01 1.798162e-02
    outer loop
      vertex 1.519889e-02 1.042854e-02 1.079801e-02
      vertex 1.421581e-02 1.002900e-02 1.149344e-02
      vertex 1.543253e-02 1.049949e-02 1.187530e-02
    endloop
  endfacet
  facet normal -1.558316e-02 9.906556e-01 1.354943e-01
    outer loop
      vertex -5.894582e-03 6.111513e-03 1.698882e-02
      vertex -5.509105e-03 6.259177e-03 1.595352e-02
      vertex -6.805565e-03 6.167984e-03 1.647117e-02
    endloop
  endfacet
  facet normal -3.112212e-01 9.458500e-01 9.224536e-02
    outer loop
      vertex 1.488156e-02 1.050834e-02 8.504924e-03
      vertex 1.537246e-02 1.058131e-02 9.412987e-03
      vertex 1.548027e-02 1.073422e-02 8.208845e-03
    endloop
  endfacet
  facet normal -1.504885e-02 9.823150e-01 1.866301e-01
    outer loop
      vertex -5.509105e-03 6.259177e-03 1.595352e-02
      vertex -5.684786e-03 6.445745e-03 1.495737e-02
      vertex -6.805769e-03 6.332857e-03 1.546116e-02
    endloop
  endfacet
  facet normal -1.995333e-01 9.583249e-01 2.044503e-01
    outer loop
      vertex 1.303228e-02 1.046990e-02 6.109196e-03
      vertex 1.361990e-02 1.041172e-02 6.955381e-03
      vertex 1.357060e-02 1.069697e-02 5.570220e-03
    endloop
  endfacet
  facet normal -1.160078e-02 9.404917e-01 3.396185e-01
    outer loop
      vertex -5.761301e-03 6.975192e-03 1.302193e-02
      vertex -5.681668e-03 7.326781e-03 1.205101e-02
      vertex -6.806371e-03 7.143028e-03 1.252145e-02
    endloop
  endfacet
  facet normal -1.517239e-01 9.599152e-01 2.356751e-01
    outer loop
      vertex 1.237813e-02 1.055991e-02 5.321461e-03
      vertex 1.303228e-02 1.046990e-02 6.109196e-03
      vertex 1.301435e-02 1.069447e-02 5.182985e-03
    endloop
  endfacet
  facet normal -1.230869e-01 9.554589e-01 2.682310e-01
    outer loop
      vertex 1.191361e-02 1.055098e-02 5.140098e-03
      vertex 1.237813e-02 1.055991e-02 5.321461e-03
      vertex 1.227094e-02 1.069670e-02 4.785022e-03
    endloop
  endfacet
  facet normal -1.126231e-02 9.193366e-01 3.933108e-01
    outer loop
      vertex -5.681668e-03 7.326781e-03 1.205101e-02
      vertex -6.071463e-03 7.716976e-03 1.112780e-02
      vertex -6.806566e-03 7.515304e-03 1.157814e-02
    endloop
  endfacet
  facet normal -1.026136e-01 9.544634e-01 2.801252e-01
    outer loop
      vertex 1.099756e-02 1.046455e-02 5.099030e-03
      vertex 1.154235e-02 1.027627e-02 5.940109e-03
      vertex 1.191361e-02 1.055098e-02 5.140098e-03
    endloop
  endfacet
  facet normal -1.062911e-01 9.528908e-01 2.840797e-01
    outer loop
      vertex 1.168675e-02 1.070265e-02 4.546454e-03
      vertex 1.191361e-02 1.055098e-02 5.140098e-03
      vertex 1.227094e-02 1.069670e-02 4.785022e-03
    endloop
  endfacet
  facet normal -1.018105e-02 8.997848e-01 4.362153e-01
    outer loop
      vertex -6.071463e-03 7.716976e-03 1.112780e-02
      vertex -5.823584e-03 8.162033e-03 1.021556e-02
      vertex -6.806759e-03 7.937203e-03 1.065637e-02
    endloop
  endfacet
  facet normal -3.052173e-02 9.376508e-01 3.462359e-01
    outer loop
      vertex 9.543185e-03 1.043313e-02 4.921165e-03
      vertex 1.035360e-02 1.067265e-02 4.343950e-03
      vertex 1.004926e-02 1.073718e-02 4.142373e-03
    endloop
  endfacet
  facet normal 2.622873e-02 9.151022e-01 4.023681e-01
    outer loop
      vertex 7.333346e-03 1.031931e-02 5.170516e-03
      vertex 8.143414e-03 1.052087e-02 4.659307e-03
      vertex 7.686352e-03 1.082846e-02 3.989545e-03
    endloop
  endfacet
  facet normal -7.557297e-03 8.469104e-01 5.316819e-01
    outer loop
      vertex -6.060069e-03 8.673221e-03 9.298990e-03
      vertex -5.885385e-03 9.221248e-03 8.428527e-03
      vertex -6.807134e-03 8.926317e-03 8.885217e-03
    endloop
  endfacet
  facet normal 4.872141e-02 9.118248e-01 4.076784e-01
    outer loop
      vertex 6.746708e-03 1.068922e-02 4.413261e-03
      vertex 7.333346e-03 1.031931e-02 5.170516e-03
      vertex 7.686352e-03 1.082846e-02 3.989545e-03
    endloop
  endfacet
  facet normal -2.884652e-03 8.143900e-01 5.803108e-01
    outer loop
      vertex -5.885385e-03 9.221248e-03 8.428527e-03
      vertex -6.190007e-03 9.804214e-03 7.608897e-03
      vertex -6.807360e-03 9.641775e-03 7.833789e-03
    endloop
  endfacet
  facet normal 1.277969e-01 7.873146e-01 6.031614e-01
    outer loop
      vertex -2.428085e-04 1.071714e-02 5.780607e-03
      vertex 5.306219e-04 1.079471e-02 5.515477e-03
      vertex 7.554781e-06 1.149920e-02 4.706726e-03
    endloop
  endfacet
  facet normal 1.330334e-01 7.992216e-01 5.861288e-01
    outer loop
      vertex 5.306219e-04 1.079471e-02 5.515477e-03
      vertex 1.229741e-03 1.087310e-02 5.249918e-03
      vertex 8.069466e-04 1.140339e-02 4.622800e-03
    endloop
  endfacet
  facet normal -5.544326e-03 7.116074e-01 7.025555e-01
    outer loop
      vertex -6.271019e-03 1.112784e-02 6.028503e-03
      vertex -6.336533e-03 1.184418e-02 5.302412e-03
      vertex -6.807829e-03 1.146088e-02 5.686935e-03
    endloop
  endfacet
  facet normal -1.553268e-02 9.995203e-01 2.679271e-02
    outer loop
      vertex -6.805154e-03 6.001357e-03 1.852469e-02
      vertex -6.053958e-03 5.999321e-03 1.903610e-02
      vertex -5.867339e-03 6.029964e-03 1.800115e-02
    endloop
  endfacet
  facet normal 8.429644e-02 8.818881e-01 4.638616e-01
    outer loop
      vertex 4.727156e-03 1.081961e-02 4.531283e-03
      vertex 5.999363e-03 1.052580e-02 4.858677e-03
      vertex 5.106396e-03 1.099201e-02 4.134590e-03
    endloop
  endfacet
  facet normal -6.243224e-02 9.980239e-01 -7.111711e-03
    outer loop
      vertex 1.830579e-02 1.089938e-02 1.440489e-02
      vertex 1.761151e-02 1.086657e-02 1.589515e-02
      vertex 1.859369e-02 1.092655e-02 1.569070e-02
    endloop
  endfacet
  facet normal -4.118226e-02 9.991460e-01 -3.367018e-03
    outer loop
      vertex 1.700652e-02 1.079775e-02 8.973270e-03
      vertex 1.612043e-02 1.075684e-02 7.670455e-03
      vertex 1.569319e-02 1.074312e-02 8.823404e-03
    endloop
  endfacet
  facet normal -5.281949e-02 9.985905e-01 -5.206678e-03
    outer loop
      vertex 1.716240e-02 1.083345e-02 1.434517e-02
      vertex 1.787688e-02 1.086425e-02 1.300570e-02
      vertex 1.700042e-02 1.081758e-02 1.294489e-02
    endloop
  endfacet
  facet normal -4.384285e-02 9.990211e-01 -5.887876e-03
    outer loop
      vertex 1.700042e-02 1.081758e-02 1.294489e-02
      vertex 1.672656e-02 1.079660e-02 1.142535e-02
      vertex 1.607292e-02 1.077218e-02 1.214783e-02
    endloop
  endfacet
  facet normal -2.399990e-02 9.997077e-01 -2.913370e-03
    outer loop
      vertex 1.521634e-02 1.071787e-02 3.009324e-03
      vertex 1.490804e-02 1.071414e-02 4.269838e-03
      vertex 1.574558e-02 1.073426e-02 4.274289e-03
    endloop
  endfacet
  facet normal -3.702665e-02 9.993075e-01 -3.669830e-03
    outer loop
      vertex 1.569955e-02 1.074038e-02 6.740485e-03
      vertex 1.709715e-02 1.079005e-02 6.163033e-03
      vertex 1.575865e-02 1.073926e-02 5.839600e-03
    endloop
  endfacet
  facet normal -7.830059e-03 9.999691e-01 -6.817873e-04
    outer loop
      vertex 1.377888e-02 1.069571e-02 1.894051e-04
      vertex 1.361160e-02 1.069547e-02 1.756649e-03
      vertex 1.442290e-02 1.070128e-02 9.659511e-04
    endloop
  endfacet
  facet normal 2.580398e-03 9.999947e-01 2.000086e-03
    outer loop
      vertex 1.305414e-02 1.069466e-02 4.130136e-03
      vertex 1.349156e-02 1.069590e-02 2.943076e-03
      vertex 1.212585e-02 1.069785e-02 3.734244e-03
    endloop
  endfacet
  facet normal 1.323701e-02 9.999117e-01 1.210092e-03
    outer loop
      vertex 1.212585e-02 1.069785e-02 3.734244e-03
      vertex 1.136893e-02 1.071048e-02 1.573515e-03
      vertex 1.109239e-02 1.071218e-02 3.191854e-03
    endloop
  endfacet
  facet normal 2.310163e-02 9.997327e-01 -9.344761e-04
    outer loop
      vertex 1.128597e-02 1.070885e-02 4.416588e-03
      vertex 1.109239e-02 1.071218e-02 3.191854e-03
      vertex 1.004926e-02 1.073718e-02 4.142373e-03
    endloop
  endfacet
  facet normal 2.386862e-02 9.997141e-01 1.399050e-03
    outer loop
      vertex 1.049096e-02 1.073287e-02 5.534751e-04
      vertex 1.136893e-02 1.071048e-02 1.573515e-03
      vertex 1.120539e-02 1.071653e-02 4.455058e-05
    endloop
  endfacet
  facet normal 3.108019e-02 9.995075e-01 4.337111e-03
    outer loop
      vertex 1.035749e-02 1.073031e-02 2.580386e-03
      vertex 9.345888e-03 1.076683e-02 1.413422e-03
      vertex 9.465914e-03 1.075727e-02 2.755049e-03
    endloop
  endfacet
  facet normal 5.669277e-02 9.983556e-01 8.490656e-03
    outer loop
      vertex 6.354182e-03 1.092694e-02 7.659414e-04
      vertex 6.725275e-03 1.089129e-02 2.479311e-03
      vertex 7.901680e-03 1.082681e-02 2.206531e-03
    endloop
  endfacet
  facet normal 7.181777e-02 9.973956e-01 6.643196e-03
    outer loop
      vertex 5.911538e-03 1.096777e-02 -5.791206e-04
      vertex 5.369262e-03 1.099743e-02 8.294404e-04
      vertex 6.354182e-03 1.092694e-02 7.659414e-04
    endloop
  endfacet
  facet normal 9.700066e-02 9.952354e-01 9.866101e-03
    outer loop
      vertex 3.610440e-03 1.113686e-02 1.975832e-03
      vertex 2.873838e-03 1.122013e-02 8.178935e-04
      vertex 2.716393e-03 1.122141e-02 2.237423e-03
    endloop
  endfacet
  facet normal 1.056249e-01 9.943471e-01 1.082344e-02
    outer loop
      vertex 2.716393e-03 1.122141e-02 2.237423e-03
      vertex 2.873838e-03 1.122013e-02 8.178935e-04
      vertex 1.836732e-03 1.132172e-02 1.605757e-03
    endloop
  endfacet
  facet normal 1.235548e-01 9.922313e-01 1.453191e-02
    outer loop
      vertex -3.608200e-05 1.156142e-02 5.804064e-04
      vertex 8.006840e-04 1.144075e-02 1.705598e-03
      vertex 1.338034e-03 1.139378e-02 3.439959e-04
    endloop
  endfacet
  facet normal 1.243641e-01 9.921390e-01 1.392010e-02
    outer loop
      vertex 8.006840e-04 1.144075e-02 1.705598e-03
      vertex -3.608200e-05 1.156142e-02 5.804064e-04
      vertex -8.070730e-05 1.155253e-02 1.613138e-03
    endloop
  endfacet
  facet normal 1.433137e-01 9.895481e-01 1.599045e-02
    outer loop
      vertex -2.052073e-03 1.183173e-02 1.406337e-03
      vertex -1.824747e-03 1.177854e-02 2.660483e-03
      vertex -1.128629e-03 1.169238e-02 1.753439e-03
    endloop
  endfacet
  facet normal 1.348387e-01 9.907543e-01 1.497899e-02
    outer loop
      vertex -1.187459e-03 1.172476e-02 1.416234e-04
      vertex -1.128629e-03 1.169238e-02 1.753439e-03
      vertex -3.608200e-05 1.156142e-02 5.804064e-04
    endloop
  endfacet
  facet normal 1.614218e-01 9.867402e-01 1.693285e-02
    outer loop
      vertex -3.441009e-03 1.200663e-02 3.941302e-03
      vertex -3.651968e-03 1.206534e-02 2.531361e-03
      vertex -4.223213e-03 1.211844e-02 4.882863e-03
    endloop
  endfacet
  facet normal 1.849091e-01 9.825797e-01 1.859388e-02
    outer loop
      vertex -5.594429e-03 1.237682e-02 4.000837e-03
      vertex -5.958839e-03 1.247424e-02 2.477039e-03
      vertex -6.511639e-03 1.255261e-02 3.832958e-03
    endloop
  endfacet
  facet normal 1.821926e-01 9.830794e-01 1.899578e-02
    outer loop
      vertex -5.710695e-03 1.246199e-02 7.306062e-04
      vertex -5.958839e-03 1.247424e-02 2.477039e-03
      vertex -5.223678e-03 1.234798e-02 1.959862e-03
    endloop
  endfacet
  facet normal 1.977806e-01 9.800309e-01 2.054952e-02
    outer loop
      vertex -6.573865e-03 1.262467e-02 9.111410e-04
      vertex -7.268600e-03 1.279286e-02 -4.233149e-04
      vertex -7.575788e-03 1.282317e-02 1.087547e-03
    endloop
  endfacet
  facet normal 2.253786e-01 9.739830e-01 2.369812e-02
    outer loop
      vertex -9.596684e-03 1.326437e-02 9.902415e-04
      vertex -1.024377e-02 1.342134e-02 6.929840e-04
      vertex -1.036100e-02 1.341527e-02 2.056953e-03
    endloop
  endfacet
  facet normal 2.413441e-01 9.700968e-01 2.579387e-02
    outer loop
      vertex -1.119197e-02 1.361314e-02 2.105324e-03
      vertex -1.215787e-02 1.388192e-02 1.034359e-03
      vertex -1.215409e-02 1.382403e-02 3.175998e-03
    endloop
  endfacet
  facet normal 2.329107e-01 9.721935e-01 2.433753e-02
    outer loop
      vertex -1.036100e-02 1.341527e-02 2.056953e-03
      vertex -1.024377e-02 1.342134e-02 6.929840e-04
      vertex -1.119197e-02 1.361314e-02 2.105324e-03
    endloop
  endfacet
  facet normal 2.327364e-01 9.723165e-01 2.084017e-02
    outer loop
      vertex -9.938833e-03 1.329055e-02 3.161452e-03
      vertex -1.036100e-02 1.341527e-02 2.056953e-03
      vertex -1.119197e-02 1.361314e-02 2.105324e-03
    endloop
  endfacet
  facet normal 2.783741e-01 9.600065e-01 2.992472e-02
    outer loop
      vertex -1.581752e-02 1.489003e-02 9.736747e-04
      vertex -1.550565e-02 1.475341e-02 2.455639e-03
      vertex -1.502013e-02 1.464873e-02 1.297125e-03
    endloop
  endfacet
  facet normal 2.784371e-01 9.599933e-01 2.975956e-02
    outer loop
      vertex -1.502013e-02 1.464873e-02 1.297125e-03
      vertex -1.475423e-02 1.460824e-02 1.155714e-04
      vertex -1.581752e-02 1.489003e-02 9.736747e-04
    endloop
  endfacet
  facet normal 2.907573e-01 9.562213e-01 3.318114e-02
    outer loop
      vertex -1.639714e-02 1.500909e-02 2.682333e-03
      vertex -1.755500e-02 1.539125e-02 1.815091e-03
      vertex -1.687713e-02 1.512791e-02 3.464158e-03
    endloop
  endfacet
  facet normal 2.823766e-01 9.588659e-01 2.897726e-02
    outer loop
      vertex -1.550565e-02 1.475341e-02 2.455639e-03
      vertex -1.581752e-02 1.489003e-02 9.736747e-04
      vertex -1.639714e-02 1.500909e-02 2.682333e-03
    endloop
  endfacet
  facet normal -4.105073e-02 9.991465e-01 -4.599309e-03
    outer loop
      vertex 1.601474e-02 1.076288e-02 1.053910e-02
      vertex 1.647716e-02 1.078077e-02 1.029803e-02
      vertex 1.593001e-02 1.075640e-02 9.887410e-03
    endloop
  endfacet
  facet normal 3.199233e-02 9.994876e-01 1.027652e-03
    outer loop
      vertex 9.465914e-03 1.075727e-02 2.755049e-03
      vertex 9.126292e-03 1.076683e-02 4.032191e-03
      vertex 1.004926e-02 1.073718e-02 4.142373e-03
    endloop
  endfacet
  facet normal 4.585302e-02 9.989401e-01 4.018491e-03
    outer loop
      vertex 8.633808e-03 1.078889e-02 3.015094e-03
      vertex 7.686352e-03 1.082846e-02 3.989545e-03
      vertex 8.434727e-03 1.079408e-02 3.996342e-03
    endloop
  endfacet
  facet normal 4.748061e-02 9.988647e-01 3.850255e-03
    outer loop
      vertex 7.577297e-03 1.083895e-02 3.056244e-03
      vertex 8.633808e-03 1.078889e-02 3.015094e-03
      vertex 7.901680e-03 1.082681e-02 2.206531e-03
    endloop
  endfacet
  facet normal 8.139305e-02 9.966502e-01 7.973624e-03
    outer loop
      vertex 4.500211e-03 1.104927e-02 3.165211e-03
      vertex 4.179429e-03 1.106696e-02 4.229068e-03
      vertex 5.106396e-03 1.099201e-02 4.134590e-03
    endloop
  endfacet
  facet normal 8.926361e-02 9.959542e-01 1.035839e-02
    outer loop
      vertex 4.179429e-03 1.106696e-02 4.229068e-03
      vertex 4.500211e-03 1.104927e-02 3.165211e-03
      vertex 3.365621e-03 1.113894e-02 4.321371e-03
    endloop
  endfacet
  facet normal 8.967390e-02 9.959515e-01 6.258314e-03
    outer loop
      vertex 3.610440e-03 1.113686e-02 1.975832e-03
      vertex 3.041297e-03 1.118000e-02 3.265559e-03
      vertex 4.500211e-03 1.104927e-02 3.165211e-03
    endloop
  endfacet
  facet normal 1.704045e-01 9.852119e-01 1.788515e-02
    outer loop
      vertex -5.108891e-03 1.227251e-02 4.834330e-03
      vertex -4.223213e-03 1.211844e-02 4.882863e-03
      vertex -4.686048e-03 1.222451e-02 3.449569e-03
    endloop
  endfacet
  facet normal 1.792974e-01 9.836180e-01 1.865883e-02
    outer loop
      vertex -5.594429e-03 1.237682e-02 4.000837e-03
      vertex -5.978423e-03 1.243266e-02 4.747401e-03
      vertex -5.108891e-03 1.227251e-02 4.834330e-03
    endloop
  endfacet
  facet normal 1.911802e-01 9.814033e-01 1.725572e-02
    outer loop
      vertex -6.511639e-03 1.255261e-02 3.832958e-03
      vertex -7.496933e-03 1.273263e-02 4.510779e-03
      vertex -5.978423e-03 1.243266e-02 4.747401e-03
    endloop
  endfacet
  facet normal -6.830952e-02 9.976372e-01 -7.334785e-03
    outer loop
      vertex 1.949019e-02 1.098664e-02 1.528206e-02
      vertex 1.955428e-02 1.098065e-02 1.386983e-02
      vertex 1.862838e-02 1.091347e-02 1.335498e-02
    endloop
  endfacet
  facet normal -6.795634e-02 9.976602e-01 -7.493600e-03
    outer loop
      vertex 1.949019e-02 1.098664e-02 1.528206e-02
      vertex 1.862838e-02 1.091347e-02 1.335498e-02
      vertex 1.830579e-02 1.089938e-02 1.440489e-02
    endloop
  endfacet
  facet normal -6.939433e-02 9.975739e-01 -5.543369e-03
    outer loop
      vertex 1.859369e-02 1.092655e-02 1.569070e-02
      vertex 1.949019e-02 1.098664e-02 1.528206e-02
      vertex 1.830579e-02 1.089938e-02 1.440489e-02
    endloop
  endfacet
  facet normal -6.697521e-02 9.977359e-01 -6.110339e-03
    outer loop
      vertex 1.885019e-02 1.097006e-02 1.945190e-02
      vertex 1.902972e-02 1.097685e-02 1.859160e-02
      vertex 1.808453e-02 1.091778e-02 1.930666e-02
    endloop
  endfacet
  facet normal -5.438145e-02 9.985082e-01 -4.906844e-03
    outer loop
      vertex 1.650801e-02 1.082981e-02 2.012786e-02
      vertex 1.724875e-02 1.086599e-02 1.927976e-02
      vertex 1.638411e-02 1.081565e-02 1.861893e-02
    endloop
  endfacet
  facet normal -4.800693e-02 9.988382e-01 -4.183706e-03
    outer loop
      vertex 1.617646e-02 1.078999e-02 1.528390e-02
      vertex 1.716240e-02 1.083345e-02 1.434517e-02
      vertex 1.611296e-02 1.078038e-02 1.371724e-02
    endloop
  endfacet
  facet normal -4.204001e-02 9.991069e-01 -4.253920e-03
    outer loop
      vertex 1.672656e-02 1.079660e-02 1.142535e-02
      vertex 1.601474e-02 1.076288e-02 1.053910e-02
      vertex 1.607292e-02 1.077218e-02 1.214783e-02
    endloop
  endfacet
  facet normal 2.289049e-01 9.730966e-01 2.618155e-02
    outer loop
      vertex -9.938833e-03 1.329055e-02 3.161452e-03
      vertex -1.102219e-02 1.353987e-02 3.366770e-03
      vertex -1.041132e-02 1.337682e-02 4.086112e-03
    endloop
  endfacet
  facet normal 2.317813e-01 9.724816e-01 2.359949e-02
    outer loop
      vertex -1.041132e-02 1.337682e-02 4.086112e-03
      vertex -1.102219e-02 1.353987e-02 3.366770e-03
      vertex -1.135034e-02 1.360345e-02 3.969651e-03
    endloop
  endfacet
  facet normal -7.001189e-02 9.975223e-01 -6.905115e-03
    outer loop
      vertex 1.935100e-02 1.098658e-02 1.668451e-02
      vertex 1.940319e-02 1.098661e-02 1.615859e-02
      vertex 1.859369e-02 1.092655e-02 1.569070e-02
    endloop
  endfacet
  facet normal -6.164258e-02 9.980785e-01 -6.287037e-03
    outer loop
      vertex 1.724875e-02 1.086599e-02 1.927976e-02
      vertex 1.764462e-02 1.090123e-02 2.099222e-02
      vertex 1.808453e-02 1.091778e-02 1.930666e-02
    endloop
  endfacet
  facet normal -4.118939e-02 9.991459e-01 -3.304528e-03
    outer loop
      vertex 1.569319e-02 1.074312e-02 8.823404e-03
      vertex 1.593001e-02 1.075640e-02 9.887410e-03
      vertex 1.700652e-02 1.079775e-02 8.973270e-03
    endloop
  endfacet
  facet normal -4.163076e-02 9.991257e-01 -3.825203e-03
    outer loop
      vertex 1.647716e-02 1.078077e-02 1.029803e-02
      vertex 1.700652e-02 1.079775e-02 8.973270e-03
      vertex 1.593001e-02 1.075640e-02 9.887410e-03
    endloop
  endfacet
  facet normal -4.699150e-02 9.988780e-01 -5.884123e-03
    outer loop
      vertex 1.716240e-02 1.083345e-02 1.434517e-02
      vertex 1.700042e-02 1.081758e-02 1.294489e-02
      vertex 1.611296e-02 1.078038e-02 1.371724e-02
    endloop
  endfacet
  facet normal -2.493674e-02 9.996889e-01 4.573322e-04
    outer loop
      vertex 1.463473e-02 1.071136e-02 5.557101e-03
      vertex 1.465027e-02 1.071123e-02 6.692391e-03
      vertex 1.575865e-02 1.073926e-02 5.839600e-03
    endloop
  endfacet
  facet normal -2.763664e-02 9.996134e-01 -3.054223e-03
    outer loop
      vertex 1.569955e-02 1.074038e-02 6.740485e-03
      vertex 1.575865e-02 1.073926e-02 5.839600e-03
      vertex 1.465027e-02 1.071123e-02 6.692391e-03
    endloop
  endfacet
  facet normal -3.676681e-02 9.993224e-01 -1.728725e-03
    outer loop
      vertex 1.612043e-02 1.075684e-02 7.670455e-03
      vertex 1.548027e-02 1.073422e-02 8.208845e-03
      vertex 1.569319e-02 1.074312e-02 8.823404e-03
    endloop
  endfacet
  facet normal -6.354552e-03 9.999798e-01 -5.715914e-05
    outer loop
      vertex 1.305414e-02 1.069466e-02 4.130136e-03
      vertex 1.301435e-02 1.069447e-02 5.182985e-03
      vertex 1.423138e-02 1.070210e-02 3.489868e-03
    endloop
  endfacet
  facet normal 1.357171e-02 9.999077e-01 5.722550e-04
    outer loop
      vertex 1.109239e-02 1.071218e-02 3.191854e-03
      vertex 1.128597e-02 1.070885e-02 4.416588e-03
      vertex 1.212585e-02 1.069785e-02 3.734244e-03
    endloop
  endfacet
  facet normal 2.432047e-02 9.997041e-01 4.038693e-04
    outer loop
      vertex 1.109239e-02 1.071218e-02 3.191854e-03
      vertex 1.035749e-02 1.073031e-02 2.580386e-03
      vertex 1.004926e-02 1.073718e-02 4.142373e-03
    endloop
  endfacet
  facet normal 5.641024e-02 9.983812e-01 7.266105e-03
    outer loop
      vertex 6.725275e-03 1.089129e-02 2.479311e-03
      vertex 7.577297e-03 1.083895e-02 3.056244e-03
      vertex 7.901680e-03 1.082681e-02 2.206531e-03
    endloop
  endfacet
  facet normal 1.062811e-01 9.942868e-01 9.900020e-03
    outer loop
      vertex 1.836732e-03 1.132172e-02 1.605757e-03
      vertex 1.402590e-03 1.135442e-02 2.982155e-03
      vertex 2.716393e-03 1.122141e-02 2.237423e-03
    endloop
  endfacet
  facet normal 1.245628e-01 9.921388e-01 1.202636e-02
    outer loop
      vertex -8.070730e-05 1.155253e-02 1.613138e-03
      vertex -3.824744e-04 1.157664e-02 2.749223e-03
      vertex 8.006840e-04 1.144075e-02 1.705598e-03
    endloop
  endfacet
  facet normal 1.771147e-01 9.839875e-01 1.997658e-02
    outer loop
      vertex -5.108891e-03 1.227251e-02 4.834330e-03
      vertex -4.686048e-03 1.222451e-02 3.449569e-03
      vertex -5.594429e-03 1.237682e-02 4.000837e-03
    endloop
  endfacet
  facet normal 1.938997e-01 9.807885e-01 2.137222e-02
    outer loop
      vertex -6.511639e-03 1.255261e-02 3.832958e-03
      vertex -7.521833e-03 1.276136e-02 3.418262e-03
      vertex -7.496933e-03 1.273263e-02 4.510779e-03
    endloop
  endfacet
  facet normal -2.787029e-02 9.996095e-01 2.045776e-03
    outer loop
      vertex 1.465027e-02 1.071123e-02 6.692391e-03
      vertex 1.521982e-02 1.072522e-02 7.614551e-03
      vertex 1.569955e-02 1.074038e-02 6.740485e-03
    endloop
  endfacet
  facet normal -7.032627e-01 7.070933e-01 -7.376127e-02
    outer loop
      vertex -3.253956e-02 7.709847e-03 1.217918e-02
      vertex -3.269166e-02 7.712725e-03 1.365689e-02
      vertex -3.189620e-02 8.424646e-03 1.289742e-02
    endloop
  endfacet
  facet normal -7.032660e-01 7.070892e-01 -7.376876e-02
    outer loop
      vertex -3.288129e-02 7.903100e-03 1.728968e-02
      vertex -3.272865e-02 8.147800e-03 1.818000e-02
      vertex -3.237986e-02 8.372086e-03 1.700468e-02
    endloop
  endfacet
  facet normal -7.032644e-01 7.070915e-01 -7.376207e-02
    outer loop
      vertex -3.237986e-02 8.372086e-03 1.700468e-02
      vertex -3.241608e-02 8.254328e-03 1.622118e-02
      vertex -3.288129e-02 7.903100e-03 1.728968e-02
    endloop
  endfacet
  facet normal -7.032847e-01 7.070696e-01 -7.377799e-02
    outer loop
      vertex -3.316706e-02 7.261856e-03 1.386766e-02
      vertex -3.311957e-02 7.431131e-03 1.503723e-02
      vertex -3.269166e-02 7.712725e-03 1.365689e-02
    endloop
  endfacet
  facet normal -7.032714e-01 7.070834e-01 -7.377262e-02
    outer loop
      vertex -3.142115e-02 8.757907e-03 1.156299e-02
      vertex -3.191508e-02 8.267070e-03 1.156706e-02
      vertex -3.189620e-02 8.424646e-03 1.289742e-02
    endloop
  endfacet
  facet normal -7.032656e-01 7.070899e-01 -7.376612e-02
    outer loop
      vertex -3.054897e-02 9.803817e-03 1.327340e-02
      vertex -3.134883e-02 9.072052e-03 1.388468e-02
      vertex -3.068603e-02 9.803799e-03 1.457990e-02
    endloop
  endfacet
  facet normal -7.032648e-01 7.070905e-01 -7.376736e-02
    outer loop
      vertex -3.068603e-02 9.803799e-03 1.457990e-02
      vertex -3.139178e-02 9.204739e-03 1.556603e-02
      vertex -3.079423e-02 9.803786e-03 1.561135e-02
    endloop
  endfacet
  facet normal -7.032644e-01 7.070913e-01 -7.376428e-02
    outer loop
      vertex -3.090244e-02 9.803772e-03 1.664280e-02
      vertex -3.164340e-02 9.144411e-03 1.738662e-02
      vertex -3.108097e-02 9.803749e-03 1.834469e-02
    endloop
  endfacet
  facet normal -7.033602e-01 7.069968e-01 -7.375580e-02
    outer loop
      vertex -3.233751e-02 7.885818e-03 1.194086e-02
      vertex -3.189620e-02 8.424646e-03 1.289742e-02
      vertex -3.213334e-02 8.068279e-03 1.174279e-02
    endloop
  endfacet
  facet normal -7.033459e-01 7.070103e-01 -7.376290e-02
    outer loop
      vertex -3.191508e-02 8.267070e-03 1.156706e-02
      vertex -3.213334e-02 8.068279e-03 1.174279e-02
      vertex -3.189620e-02 8.424646e-03 1.289742e-02
    endloop
  endfacet
  facet normal -7.033100e-01 7.070457e-01 -7.376605e-02
    outer loop
      vertex -3.269166e-02 7.712725e-03 1.365689e-02
      vertex -3.253956e-02 7.709847e-03 1.217918e-02
      vertex -3.284414e-02 7.457419e-03 1.266363e-02
    endloop
  endfacet
  facet normal -7.032652e-01 7.070904e-01 -7.376504e-02
    outer loop
      vertex -3.110469e-02 9.176840e-03 1.256156e-02
      vertex -3.134883e-02 9.072052e-03 1.388468e-02
      vertex -3.054897e-02 9.803817e-03 1.327340e-02
    endloop
  endfacet
  facet normal -2.351186e-05 1.000000e+00 1.208987e-05
    outer loop
      vertex -2.668543e-02 9.803881e-03 1.613255e-02
      vertex -2.791732e-02 9.803842e-03 1.697097e-02
      vertex -2.705422e-02 9.803860e-03 1.715074e-02
    endloop
  endfacet
  facet normal -2.488726e-05 1.000000e+00 1.102882e-05
    outer loop
      vertex -2.892566e-02 9.803813e-03 1.735334e-02
      vertex -2.998276e-02 9.803784e-03 1.756208e-02
      vertex -2.927838e-02 9.803788e-03 1.880567e-02
    endloop
  endfacet
  facet normal -2.493165e-05 1.000000e+00 1.080399e-05
    outer loop
      vertex -2.992492e-02 9.803800e-03 1.628320e-02
      vertex -2.998276e-02 9.803784e-03 1.756208e-02
      vertex -2.892566e-02 9.803813e-03 1.735334e-02
    endloop
  endfacet
  facet normal -2.429179e-05 1.000000e+00 1.093760e-05
    outer loop
      vertex -2.952959e-02 9.803823e-03 1.490214e-02
      vertex -2.848171e-02 9.803861e-03 1.382892e-02
      vertex -2.957444e-02 9.803840e-03 1.332027e-02
    endloop
  endfacet
  facet normal -3.159461e-05 1.000000e+00 9.052260e-06
    outer loop
      vertex -2.370464e-02 9.804005e-03 1.125754e-02
      vertex -2.369039e-02 9.804012e-03 1.046447e-02
      vertex -2.423035e-02 9.803994e-03 1.058155e-02
    endloop
  endfacet
  facet normal 9.198669e-06 1.000000e+00 -1.942085e-04
    outer loop
      vertex -2.321824e-02 9.803974e-03 1.029041e-02
      vertex -2.369039e-02 9.804012e-03 1.046447e-02
      vertex -2.256683e-02 9.804039e-03 1.065519e-02
    endloop
  endfacet
  facet normal -7.590149e-04 9.999997e-01 -6.621015e-05
    outer loop
      vertex -2.150232e-02 9.804088e-03 8.526884e-03
      vertex -2.162899e-02 9.804002e-03 8.682623e-03
      vertex -2.158435e-02 9.804077e-03 9.308826e-03
    endloop
  endfacet
  facet normal -3.753577e-05 1.000000e+00 9.071767e-06
    outer loop
      vertex -2.144080e-02 9.804095e-03 7.940426e-03
      vertex -2.148033e-02 9.804091e-03 8.197384e-03
      vertex -2.150232e-02 9.804088e-03 8.526884e-03
    endloop
  endfacet
  facet normal -2.131564e-05 1.000000e+00 1.738390e-05
    outer loop
      vertex -2.797859e-02 9.803724e-03 2.772054e-02
      vertex -2.797123e-02 9.803700e-03 2.910106e-02
      vertex -2.732098e-02 9.803745e-03 2.731997e-02
    endloop
  endfacet
  facet normal -2.442601e-05 1.000000e+00 1.150138e-05
    outer loop
      vertex -2.917550e-02 9.803699e-03 2.733449e-02
      vertex -2.797859e-02 9.803724e-03 2.772054e-02
      vertex -2.859173e-02 9.803719e-03 2.691590e-02
    endloop
  endfacet
  facet normal -2.445934e-05 1.000000e+00 1.145490e-05
    outer loop
      vertex -2.972110e-02 9.803697e-03 2.641924e-02
      vertex -2.917550e-02 9.803699e-03 2.733449e-02
      vertex -2.859173e-02 9.803719e-03 2.691590e-02
    endloop
  endfacet
  facet normal -2.447132e-05 1.000000e+00 1.102737e-05
    outer loop
      vertex -3.069937e-02 9.803693e-03 2.452595e-02
      vertex -3.022927e-02 9.803694e-03 2.548269e-02
      vertex -2.999682e-02 9.803717e-03 2.392295e-02
    endloop
  endfacet
  facet normal -2.445590e-05 1.000000e+00 1.102967e-05
    outer loop
      vertex -2.999682e-02 9.803717e-03 2.392295e-02
      vertex -3.022927e-02 9.803694e-03 2.548269e-02
      vertex -2.938629e-02 9.803722e-03 2.475789e-02
    endloop
  endfacet
  facet normal -2.440082e-05 1.000000e+00 1.026619e-05
    outer loop
      vertex -3.113076e-02 9.803693e-03 2.355016e-02
      vertex -2.999682e-02 9.803717e-03 2.392295e-02
      vertex -3.066875e-02 9.803716e-03 2.241879e-02
    endloop
  endfacet
  facet normal -2.213280e-05 1.000000e+00 1.427271e-05
    outer loop
      vertex -2.957444e-02 9.803840e-03 1.332027e-02
      vertex -2.823472e-02 9.803885e-03 1.225733e-02
      vertex -3.036854e-02 9.803847e-03 1.155431e-02
    endloop
  endfacet
  facet normal -1.969327e-05 1.000000e+00 9.447704e-06
    outer loop
      vertex -3.133164e-02 9.803719e-03 2.073421e-02
      vertex -3.152274e-02 9.803698e-03 2.255661e-02
      vertex -3.066875e-02 9.803716e-03 2.241879e-02
    endloop
  endfacet
  facet normal -2.412175e-05 1.000000e+00 1.133847e-05
    outer loop
      vertex -3.079423e-02 9.803786e-03 1.561135e-02
      vertex -3.090244e-02 9.803772e-03 1.664280e-02
      vertex -2.992492e-02 9.803800e-03 1.628320e-02
    endloop
  endfacet
  facet normal -2.428254e-05 1.000000e+00 1.090139e-05
    outer loop
      vertex -3.090244e-02 9.803772e-03 1.664280e-02
      vertex -3.108097e-02 9.803749e-03 1.834469e-02
      vertex -2.992492e-02 9.803800e-03 1.628320e-02
    endloop
  endfacet
  facet normal -2.441454e-05 1.000000e+00 1.082737e-05
    outer loop
      vertex -2.992492e-02 9.803800e-03 1.628320e-02
      vertex -3.108097e-02 9.803749e-03 1.834469e-02
      vertex -2.998276e-02 9.803784e-03 1.756208e-02
    endloop
  endfacet
  facet normal -2.432967e-05 1.000000e+00 1.053068e-05
    outer loop
      vertex -2.411859e-02 9.803979e-03 1.274794e-02
      vertex -2.493559e-02 9.803969e-03 1.176599e-02
      vertex -2.464873e-02 9.803961e-03 1.324379e-02
    endloop
  endfacet
  facet normal -2.452911e-05 1.000000e+00 1.097744e-05
    outer loop
      vertex -2.557449e-02 9.803940e-03 1.310915e-02
      vertex -2.660197e-02 9.803908e-03 1.368015e-02
      vertex -2.560976e-02 9.803926e-03 1.433348e-02
    endloop
  endfacet
  facet normal -2.394084e-05 1.000000e+00 1.008403e-05
    outer loop
      vertex -2.560976e-02 9.803926e-03 1.433348e-02
      vertex -2.660197e-02 9.803908e-03 1.368015e-02
      vertex -2.617581e-02 9.803904e-03 1.516479e-02
    endloop
  endfacet
  facet normal -2.287903e-05 1.000000e+00 1.081748e-05
    outer loop
      vertex -2.811254e-02 9.803823e-03 1.825865e-02
      vertex -2.836734e-02 9.803799e-03 2.001192e-02
      vertex -2.732262e-02 9.803833e-03 1.904773e-02
    endloop
  endfacet
  facet normal -2.319224e-05 1.000000e+00 1.055527e-05
    outer loop
      vertex -2.705422e-02 9.803860e-03 1.715074e-02
      vertex -2.791732e-02 9.803842e-03 1.697097e-02
      vertex -2.726764e-02 9.803843e-03 1.821778e-02
    endloop
  endfacet
  facet normal 2.876447e-05 1.000000e+00 1.602667e-05
    outer loop
      vertex -2.164587e-02 9.804070e-03 9.895285e-03
      vertex -2.158435e-02 9.804077e-03 9.308826e-03
      vertex -2.207671e-02 9.804090e-03 9.418925e-03
    endloop
  endfacet
  facet normal 3.233095e-01 9.343483e-01 1.498805e-01
    outer loop
      vertex -2.484404e-02 9.056309e-03 1.679400e-02
      vertex -2.478654e-02 9.229461e-03 1.559054e-02
      vertex -2.599194e-02 9.646524e-03 1.559078e-02
    endloop
  endfacet
  facet normal 3.233102e-01 9.343482e-01 1.498798e-01
    outer loop
      vertex -2.484404e-02 9.056309e-03 1.679400e-02
      vertex -2.599194e-02 9.646524e-03 1.559078e-02
      vertex -2.605331e-02 9.474712e-03 1.679424e-02
    endloop
  endfacet
  facet normal 3.256800e-01 9.412322e-01 8.952379e-02
    outer loop
      vertex -2.487497e-02 8.962887e-03 1.788875e-02
      vertex -2.484404e-02 9.056309e-03 1.679400e-02
      vertex -2.608633e-02 9.382013e-03 1.788899e-02
    endloop
  endfacet
  facet normal 3.256798e-01 9.412323e-01 8.952360e-02
    outer loop
      vertex -2.484404e-02 9.056309e-03 1.679400e-02
      vertex -2.605331e-02 9.474712e-03 1.679424e-02
      vertex -2.608633e-02 9.382013e-03 1.788899e-02
    endloop
  endfacet
  facet normal 2.948634e-01 9.173451e-01 2.674575e-01
    outer loop
      vertex -2.339884e-02 9.364486e-03 1.335885e-02
      vertex -2.414782e-02 9.390641e-03 1.409487e-02
      vertex -2.349592e-02 9.049048e-03 1.454778e-02
    endloop
  endfacet
  facet normal 2.944608e-01 9.173125e-01 2.680124e-01
    outer loop
      vertex -2.414782e-02 9.390641e-03 1.409487e-02
      vertex -2.471630e-02 9.440722e-03 1.454803e-02
      vertex -2.349592e-02 9.049048e-03 1.454778e-02
    endloop
  endfacet
  facet normal 3.021679e-01 9.413975e-01 1.498842e-01
    outer loop
      vertex -2.356136e-02 8.836246e-03 1.559029e-02
      vertex -2.478654e-02 9.229461e-03 1.559054e-02
      vertex -2.361493e-02 8.661831e-03 1.679375e-02
    endloop
  endfacet
  facet normal 3.021675e-01 9.413976e-01 1.498845e-01
    outer loop
      vertex -2.478654e-02 9.229461e-03 1.559054e-02
      vertex -2.484404e-02 9.056309e-03 1.679400e-02
      vertex -2.361493e-02 8.661831e-03 1.679375e-02
    endloop
  endfacet
  facet normal 2.690762e-01 9.063074e-01 3.258909e-01
    outer loop
      vertex -2.202386e-02 9.331073e-03 1.232089e-02
      vertex -2.287930e-02 9.418669e-03 1.278359e-02
      vertex -2.212100e-02 8.986774e-03 1.335859e-02
    endloop
  endfacet
  facet normal 2.679081e-01 9.061429e-01 3.273077e-01
    outer loop
      vertex -2.287930e-02 9.418669e-03 1.278359e-02
      vertex -2.339884e-02 9.364486e-03 1.335885e-02
      vertex -2.212100e-02 8.986774e-03 1.335859e-02
    endloop
  endfacet
  facet normal 2.772494e-01 9.378271e-01 2.088377e-01
    outer loop
      vertex -2.221058e-02 8.669122e-03 1.454752e-02
      vertex -2.293358e-02 8.882831e-03 1.454767e-02
      vertex -2.227096e-02 8.454824e-03 1.559003e-02
    endloop
  endfacet
  facet normal 2.772493e-01 9.378270e-01 2.088379e-01
    outer loop
      vertex -2.349592e-02 9.049048e-03 1.454778e-02
      vertex -2.356136e-02 8.836246e-03 1.559029e-02
      vertex -2.293358e-02 8.882831e-03 1.454767e-02
    endloop
  endfacet
  facet normal 2.802865e-01 9.481420e-01 1.498874e-01
    outer loop
      vertex -2.227096e-02 8.454824e-03 1.559003e-02
      vertex -2.302037e-02 8.587158e-03 1.615430e-02
      vertex -2.232038e-02 8.279185e-03 1.679349e-02
    endloop
  endfacet
  facet normal 2.802857e-01 9.481422e-01 1.498877e-01
    outer loop
      vertex -2.356136e-02 8.836246e-03 1.559029e-02
      vertex -2.361493e-02 8.661831e-03 1.679375e-02
      vertex -2.302037e-02 8.587158e-03 1.615430e-02
    endloop
  endfacet
  facet normal 2.802860e-01 9.481421e-01 1.498880e-01
    outer loop
      vertex -2.302037e-02 8.587158e-03 1.615430e-02
      vertex -2.361493e-02 8.661831e-03 1.679375e-02
      vertex -2.232038e-02 8.279185e-03 1.679349e-02
    endloop
  endfacet
  facet normal 2.823387e-01 9.551277e-01 8.953175e-02
    outer loop
      vertex -2.232038e-02 8.279185e-03 1.679349e-02
      vertex -2.361493e-02 8.661831e-03 1.679375e-02
      vertex -2.234696e-02 8.184422e-03 1.788824e-02
    endloop
  endfacet
  facet normal 2.409845e-01 8.926691e-01 3.808785e-01
    outer loop
      vertex -2.062340e-02 9.403565e-03 1.126491e-02
      vertex -2.202386e-02 9.331073e-03 1.232089e-02
      vertex -2.073149e-02 8.982296e-03 1.232063e-02
    endloop
  endfacet
  facet normal 2.511102e-01 9.302720e-01 2.674652e-01
    outer loop
      vertex -2.082036e-02 8.635766e-03 1.335833e-02
      vertex -2.130810e-02 8.767394e-03 1.335843e-02
      vertex -2.090232e-02 8.316055e-03 1.454726e-02
    endloop
  endfacet
  facet normal 2.576368e-01 9.545446e-01 1.498926e-01
    outer loop
      vertex -2.095755e-02 8.100369e-03 1.558977e-02
      vertex -2.227096e-02 8.454824e-03 1.559003e-02
      vertex -2.159467e-02 8.183726e-03 1.615401e-02
    endloop
  endfacet
  facet normal 2.576367e-01 9.545447e-01 1.498925e-01
    outer loop
      vertex -2.095755e-02 8.100369e-03 1.558977e-02
      vertex -2.159467e-02 8.183726e-03 1.615401e-02
      vertex -2.100276e-02 7.923591e-03 1.679323e-02
    endloop
  endfacet
  facet normal 2.576376e-01 9.545446e-01 1.498917e-01
    outer loop
      vertex -2.227096e-02 8.454824e-03 1.559003e-02
      vertex -2.232038e-02 8.279185e-03 1.679349e-02
      vertex -2.159467e-02 8.183726e-03 1.615401e-02
    endloop
  endfacet
  facet normal 2.576376e-01 9.545446e-01 1.498917e-01
    outer loop
      vertex -2.159467e-02 8.183726e-03 1.615401e-02
      vertex -2.232038e-02 8.279185e-03 1.679349e-02
      vertex -2.100276e-02 7.923591e-03 1.679323e-02
    endloop
  endfacet
  facet normal 2.595234e-01 9.615773e-01 8.953572e-02
    outer loop
      vertex -2.100276e-02 7.923591e-03 1.679323e-02
      vertex -2.232038e-02 8.279185e-03 1.679349e-02
      vertex -2.175553e-02 8.078962e-03 1.730654e-02
    endloop
  endfacet
  facet normal 2.595237e-01 9.615772e-01 8.953623e-02
    outer loop
      vertex -2.100276e-02 7.923591e-03 1.679323e-02
      vertex -2.175553e-02 8.078962e-03 1.730654e-02
      vertex -2.102706e-02 7.828213e-03 1.788797e-02
    endloop
  endfacet
  facet normal 2.595230e-01 9.615774e-01 8.953620e-02
    outer loop
      vertex -2.232038e-02 8.279185e-03 1.679349e-02
      vertex -2.234696e-02 8.184422e-03 1.788824e-02
      vertex -2.175553e-02 8.078962e-03 1.730654e-02
    endloop
  endfacet
  facet normal 2.595234e-01 9.615772e-01 8.953664e-02
    outer loop
      vertex -2.175553e-02 8.078962e-03 1.730654e-02
      vertex -2.234696e-02 8.184422e-03 1.788824e-02
      vertex -2.102706e-02 7.828213e-03 1.788797e-02
    endloop
  endfacet
  facet normal 1.922913e-01 7.835730e-01 5.907939e-01
    outer loop
      vertex -1.887462e-02 1.143421e-02 7.301977e-03
      vertex -2.022382e-02 1.102105e-02 8.289083e-03
      vertex -1.909614e-02 1.073508e-02 8.301331e-03
    endloop
  endfacet
  facet normal 2.014491e-01 8.174913e-01 5.395612e-01
    outer loop
      vertex -1.909614e-02 1.073508e-02 8.301331e-03
      vertex -2.022382e-02 1.102105e-02 8.289083e-03
      vertex -1.983324e-02 1.064698e-02 8.710018e-03
    endloop
  endfacet
  facet normal 2.011633e-01 8.178506e-01 5.391232e-01
    outer loop
      vertex -1.909614e-02 1.073508e-02 8.301331e-03
      vertex -1.983324e-02 1.064698e-02 8.710018e-03
      vertex -1.917760e-02 1.013405e-02 9.243489e-03
    endloop
  endfacet
  facet normal 2.005730e-01 8.176464e-01 5.396525e-01
    outer loop
      vertex -1.917760e-02 1.013405e-02 9.243489e-03
      vertex -1.983324e-02 1.064698e-02 8.710018e-03
      vertex -2.036141e-02 1.042429e-02 9.243727e-03
    endloop
  endfacet
  facet normal 2.077517e-01 8.469678e-01 4.893718e-01
    outer loop
      vertex -1.917760e-02 1.013405e-02 9.243489e-03
      vertex -2.036141e-02 1.042429e-02 9.243727e-03
      vertex -1.930060e-02 9.606078e-03 1.020949e-02
    endloop
  endfacet
  facet normal 2.077516e-01 8.469678e-01 4.893719e-01
    outer loop
      vertex -1.930060e-02 9.606078e-03 1.020949e-02
      vertex -2.036141e-02 1.042429e-02 9.243727e-03
      vertex -2.049620e-02 9.899206e-03 1.020973e-02
    endloop
  endfacet
  facet normal 2.202443e-01 8.980083e-01 3.808851e-01
    outer loop
      vertex -1.941668e-02 9.107708e-03 1.126467e-02
      vertex -2.073149e-02 8.982296e-03 1.232063e-02
      vertex -1.951530e-02 8.684120e-03 1.232038e-02
    endloop
  endfacet
  facet normal 2.251821e-01 9.181931e-01 3.259056e-01
    outer loop
      vertex -1.951530e-02 8.684120e-03 1.232038e-02
      vertex -2.073149e-02 8.982296e-03 1.232063e-02
      vertex -1.959640e-02 8.335683e-03 1.335809e-02
    endloop
  endfacet
  facet normal 2.294958e-01 9.358369e-01 2.674715e-01
    outer loop
      vertex -1.959640e-02 8.335683e-03 1.335809e-02
      vertex -2.009789e-02 8.267497e-03 1.402695e-02
      vertex -1.967117e-02 8.014213e-03 1.454701e-02
    endloop
  endfacet
  facet normal 2.294954e-01 9.358370e-01 2.674712e-01
    outer loop
      vertex -1.959640e-02 8.335683e-03 1.335809e-02
      vertex -2.082036e-02 8.635766e-03 1.335833e-02
      vertex -2.009789e-02 8.267497e-03 1.402695e-02
    endloop
  endfacet
  facet normal 2.294952e-01 9.358369e-01 2.674720e-01
    outer loop
      vertex -2.009789e-02 8.267497e-03 1.402695e-02
      vertex -2.090232e-02 8.316055e-03 1.454726e-02
      vertex -1.967117e-02 8.014213e-03 1.454701e-02
    endloop
  endfacet
  facet normal 2.329088e-01 9.498082e-01 2.088491e-01
    outer loop
      vertex -1.967117e-02 8.014213e-03 1.454701e-02
      vertex -2.090232e-02 8.316055e-03 1.454726e-02
      vertex -1.972157e-02 7.797338e-03 1.558952e-02
    endloop
  endfacet
  facet normal 2.354594e-01 9.602550e-01 1.498971e-01
    outer loop
      vertex -1.972157e-02 7.797338e-03 1.558952e-02
      vertex -2.095755e-02 8.100369e-03 1.558977e-02
      vertex -2.020850e-02 7.811051e-03 1.626656e-02
    endloop
  endfacet
  facet normal 2.354594e-01 9.602550e-01 1.498971e-01
    outer loop
      vertex -1.972157e-02 7.797338e-03 1.558952e-02
      vertex -2.020850e-02 7.811051e-03 1.626656e-02
      vertex -1.976280e-02 7.619587e-03 1.679298e-02
    endloop
  endfacet
  facet normal 2.354583e-01 9.602551e-01 1.498982e-01
    outer loop
      vertex -2.020850e-02 7.811051e-03 1.626656e-02
      vertex -2.100276e-02 7.923591e-03 1.679323e-02
      vertex -1.976280e-02 7.619587e-03 1.679298e-02
    endloop
  endfacet
  facet normal 2.371808e-01 9.673302e-01 8.954134e-02
    outer loop
      vertex -1.976280e-02 7.619587e-03 1.679298e-02
      vertex -2.100276e-02 7.923591e-03 1.679323e-02
      vertex -1.978496e-02 7.523685e-03 1.788773e-02
    endloop
  endfacet
  facet normal 2.371806e-01 9.673302e-01 8.954150e-02
    outer loop
      vertex -2.100276e-02 7.923591e-03 1.679323e-02
      vertex -2.102706e-02 7.828213e-03 1.788797e-02
      vertex -1.978496e-02 7.523685e-03 1.788773e-02
    endloop
  endfacet
  facet normal 1.485279e-01 6.703826e-01 7.269983e-01
    outer loop
      vertex -1.721219e-02 1.346599e-02 4.807523e-03
      vertex -1.820134e-02 1.368493e-02 4.807721e-03
      vertex -1.734131e-02 1.264918e-02 5.587105e-03
    endloop
  endfacet
  facet normal 1.572312e-01 7.119546e-01 6.843968e-01
    outer loop
      vertex -1.734131e-02 1.264918e-02 5.587105e-03
      vertex -1.838712e-02 1.287768e-02 5.589655e-03
      vertex -1.759448e-02 1.187006e-02 6.455753e-03
    endloop
  endfacet
  facet normal 1.577812e-01 7.121255e-01 6.840923e-01
    outer loop
      vertex -1.759448e-02 1.187006e-02 6.455753e-03
      vertex -1.838712e-02 1.287768e-02 5.589655e-03
      vertex -1.856788e-02 1.209213e-02 6.449087e-03
    endloop
  endfacet
  facet normal 1.744915e-01 7.878083e-01 5.906867e-01
    outer loop
      vertex -1.769197e-02 1.117244e-02 7.301740e-03
      vertex -1.887462e-02 1.143421e-02 7.301977e-03
      vertex -1.822017e-02 1.087062e-02 7.860311e-03
    endloop
  endfacet
  facet normal 1.744920e-01 7.878080e-01 5.906870e-01
    outer loop
      vertex -1.769197e-02 1.117244e-02 7.301740e-03
      vertex -1.822017e-02 1.087062e-02 7.860311e-03
      vertex -1.784076e-02 1.046097e-02 8.294596e-03
    endloop
  endfacet
  facet normal 1.752269e-01 7.879943e-01 5.902208e-01
    outer loop
      vertex -1.822017e-02 1.087062e-02 7.860311e-03
      vertex -1.909614e-02 1.073508e-02 8.301331e-03
      vertex -1.784076e-02 1.046097e-02 8.294596e-03
    endloop
  endfacet
  facet normal 1.823589e-01 8.218992e-01 5.396544e-01
    outer loop
      vertex -1.784076e-02 1.046097e-02 8.294596e-03
      vertex -1.909614e-02 1.073508e-02 8.301331e-03
      vertex -1.796523e-02 9.865705e-03 9.243246e-03
    endloop
  endfacet
  facet normal 1.820001e-01 8.217726e-01 5.399683e-01
    outer loop
      vertex -1.909614e-02 1.073508e-02 8.301331e-03
      vertex -1.917760e-02 1.013405e-02 9.243489e-03
      vertex -1.796523e-02 9.865705e-03 9.243246e-03
    endloop
  endfacet
  facet normal 1.885739e-01 8.515185e-01 4.892404e-01
    outer loop
      vertex -1.796523e-02 9.865705e-03 9.243246e-03
      vertex -1.917760e-02 1.013405e-02 9.243489e-03
      vertex -1.804519e-02 9.331592e-03 1.020369e-02
    endloop
  endfacet
  facet normal 1.940736e-01 8.784033e-01 4.367414e-01
    outer loop
      vertex -1.804519e-02 9.331592e-03 1.020369e-02
      vertex -1.930060e-02 9.606078e-03 1.020949e-02
      vertex -1.818083e-02 8.834166e-03 1.126442e-02
    endloop
  endfacet
  facet normal 1.998915e-01 9.027556e-01 3.808881e-01
    outer loop
      vertex -1.818083e-02 8.834166e-03 1.126442e-02
      vertex -1.873684e-02 8.511816e-03 1.232023e-02
      vertex -1.826977e-02 8.408434e-03 1.232013e-02
    endloop
  endfacet
  facet normal 1.998919e-01 9.027554e-01 3.808883e-01
    outer loop
      vertex -1.818083e-02 8.834166e-03 1.126442e-02
      vertex -1.941668e-02 9.107708e-03 1.126467e-02
      vertex -1.873684e-02 8.511816e-03 1.232023e-02
    endloop
  endfacet
  facet normal 1.998918e-01 9.027554e-01 3.808884e-01
    outer loop
      vertex -1.941668e-02 9.107708e-03 1.126467e-02
      vertex -1.951530e-02 8.684120e-03 1.232038e-02
      vertex -1.873684e-02 8.511816e-03 1.232023e-02
    endloop
  endfacet
  facet normal 2.043716e-01 9.230465e-01 3.259100e-01
    outer loop
      vertex -1.826977e-02 8.408434e-03 1.232013e-02
      vertex -1.873684e-02 8.511816e-03 1.232023e-02
      vertex -1.834290e-02 8.058232e-03 1.335784e-02
    endloop
  endfacet
  facet normal 2.043726e-01 9.230465e-01 3.259096e-01
    outer loop
      vertex -1.873684e-02 8.511816e-03 1.232023e-02
      vertex -1.959640e-02 8.335683e-03 1.335809e-02
      vertex -1.834290e-02 8.058232e-03 1.335784e-02
    endloop
  endfacet
  facet normal 2.082869e-01 9.407834e-01 2.674755e-01
    outer loop
      vertex -1.834290e-02 8.058232e-03 1.335784e-02
      vertex -1.959640e-02 8.335683e-03 1.335809e-02
      vertex -1.907373e-02 8.093238e-03 1.380383e-02
    endloop
  endfacet
  facet normal 2.082867e-01 9.407835e-01 2.674752e-01
    outer loop
      vertex -1.834290e-02 8.058232e-03 1.335784e-02
      vertex -1.907373e-02 8.093238e-03 1.380383e-02
      vertex -1.841031e-02 7.735134e-03 1.454676e-02
    endloop
  endfacet
  facet normal 2.082872e-01 9.407834e-01 2.674751e-01
    outer loop
      vertex -1.959640e-02 8.335683e-03 1.335809e-02
      vertex -1.967117e-02 8.014213e-03 1.454701e-02
      vertex -1.907373e-02 8.093238e-03 1.380383e-02
    endloop
  endfacet
  facet normal 2.136961e-01 9.653308e-01 1.499018e-01
    outer loop
      vertex -1.845575e-02 7.517162e-03 1.558927e-02
      vertex -1.972157e-02 7.797338e-03 1.558952e-02
      vertex -1.849292e-02 7.338512e-03 1.679272e-02
    endloop
  endfacet
  facet normal 2.136966e-01 9.653307e-01 1.499012e-01
    outer loop
      vertex -1.972157e-02 7.797338e-03 1.558952e-02
      vertex -1.976280e-02 7.619587e-03 1.679298e-02
      vertex -1.849292e-02 7.338512e-03 1.679272e-02
    endloop
  endfacet
  facet normal 2.152587e-01 9.724430e-01 8.954543e-02
    outer loop
      vertex -1.849292e-02 7.338512e-03 1.679272e-02
      vertex -1.976280e-02 7.619587e-03 1.679298e-02
      vertex -1.851288e-02 7.242124e-03 1.788747e-02
    endloop
  endfacet
  facet normal 1.426997e-01 7.172550e-01 6.820426e-01
    outer loop
      vertex -1.638070e-02 1.244990e-02 5.595680e-03
      vertex -1.734131e-02 1.264918e-02 5.587105e-03
      vertex -1.627069e-02 1.161695e-02 6.448627e-03
    endloop
  endfacet
  facet normal 1.448813e-01 7.542056e-01 6.404555e-01
    outer loop
      vertex -1.627069e-02 1.161695e-02 6.448627e-03
      vertex -1.684217e-02 1.172663e-02 6.448741e-03
      vertex -1.654918e-02 1.094619e-02 7.301511e-03
    endloop
  endfacet
  facet normal 1.494958e-01 7.544557e-01 6.390990e-01
    outer loop
      vertex -1.684217e-02 1.172663e-02 6.448741e-03
      vertex -1.769197e-02 1.117244e-02 7.301740e-03
      vertex -1.654918e-02 1.094619e-02 7.301511e-03
    endloop
  endfacet
  facet normal 1.568215e-01 7.915114e-01 5.906918e-01
    outer loop
      vertex -1.654918e-02 1.094619e-02 7.301511e-03
      vertex -1.784076e-02 1.046097e-02 8.294596e-03
      vertex -1.668232e-02 1.023162e-02 8.294364e-03
    endloop
  endfacet
  facet normal 1.636061e-01 8.258321e-01 5.396614e-01
    outer loop
      vertex -1.668232e-02 1.023162e-02 8.294364e-03
      vertex -1.784076e-02 1.046097e-02 8.294596e-03
      vertex -1.679370e-02 9.633766e-03 9.243012e-03
    endloop
  endfacet
  facet normal 1.747745e-01 8.826486e-01 4.363316e-01
    outer loop
      vertex -1.689295e-02 9.100808e-03 1.020900e-02
      vertex -1.804519e-02 9.331592e-03 1.020369e-02
      vertex -1.698662e-02 8.597735e-03 1.126418e-02
    endloop
  endfacet
  facet normal 1.748370e-01 8.826624e-01 4.362788e-01
    outer loop
      vertex -1.804519e-02 9.331592e-03 1.020369e-02
      vertex -1.818083e-02 8.834166e-03 1.126442e-02
      vertex -1.698662e-02 8.597735e-03 1.126418e-02
    endloop
  endfacet
  facet normal 1.796441e-01 9.069992e-01 3.808942e-01
    outer loop
      vertex -1.698662e-02 8.597735e-03 1.126418e-02
      vertex -1.818083e-02 8.834166e-03 1.126442e-02
      vertex -1.706620e-02 8.170150e-03 1.231989e-02
    endloop
  endfacet
  facet normal 1.796446e-01 9.069993e-01 3.808938e-01
    outer loop
      vertex -1.818083e-02 8.834166e-03 1.126442e-02
      vertex -1.826977e-02 8.408434e-03 1.232013e-02
      vertex -1.706620e-02 8.170150e-03 1.231989e-02
    endloop
  endfacet
  facet normal 1.836698e-01 9.273861e-01 3.259148e-01
    outer loop
      vertex -1.706620e-02 8.170150e-03 1.231989e-02
      vertex -1.826977e-02 8.408434e-03 1.232013e-02
      vertex -1.713162e-02 7.818425e-03 1.335759e-02
    endloop
  endfacet
  facet normal 1.871855e-01 9.452066e-01 2.674810e-01
    outer loop
      vertex -1.713162e-02 7.818425e-03 1.335759e-02
      vertex -1.834290e-02 8.058232e-03 1.335784e-02
      vertex -1.762022e-02 7.725906e-03 1.402645e-02
    endloop
  endfacet
  facet normal 1.871853e-01 9.452067e-01 2.674809e-01
    outer loop
      vertex -1.713162e-02 7.818425e-03 1.335759e-02
      vertex -1.762022e-02 7.725906e-03 1.402645e-02
      vertex -1.719194e-02 7.493920e-03 1.454652e-02
    endloop
  endfacet
  facet normal 1.871857e-01 9.452067e-01 2.674806e-01
    outer loop
      vertex -1.762022e-02 7.725906e-03 1.402645e-02
      vertex -1.841031e-02 7.735134e-03 1.454676e-02
      vertex -1.719194e-02 7.493920e-03 1.454652e-02
    endloop
  endfacet
  facet normal 1.934476e-01 9.770153e-01 8.955001e-02
    outer loop
      vertex -1.726582e-02 7.095571e-03 1.679248e-02
      vertex -1.849292e-02 7.338512e-03 1.679272e-02
      vertex -1.728367e-02 6.998764e-03 1.788722e-02
    endloop
  endfacet
  facet normal 1.103191e-01 6.336531e-01 7.657111e-01
    outer loop
      vertex -1.489488e-02 1.388788e-02 4.102723e-03
      vertex -1.611983e-02 1.324972e-02 4.807304e-03
      vertex -1.494610e-02 1.303815e-02 4.813283e-03
    endloop
  endfacet
  facet normal 1.198492e-01 6.768338e-01 7.263141e-01
    outer loop
      vertex -1.611983e-02 1.324972e-02 4.807304e-03
      vertex -1.638070e-02 1.244990e-02 5.595680e-03
      vertex -1.514982e-02 1.223470e-02 5.593119e-03
    endloop
  endfacet
  facet normal 1.270044e-01 7.182608e-01 6.840843e-01
    outer loop
      vertex -1.514982e-02 1.223470e-02 5.593119e-03
      vertex -1.638070e-02 1.244990e-02 5.595680e-03
      vertex -1.567609e-02 1.151307e-02 6.448508e-03
    endloop
  endfacet
  facet normal 1.250479e-01 7.190864e-01 6.835771e-01
    outer loop
      vertex -1.514982e-02 1.223470e-02 5.593119e-03
      vertex -1.567609e-02 1.151307e-02 6.448508e-03
      vertex -1.522716e-02 1.143043e-02 6.453312e-03
    endloop
  endfacet
  facet normal 1.255444e-01 7.178245e-01 6.848113e-01
    outer loop
      vertex -1.638070e-02 1.244990e-02 5.595680e-03
      vertex -1.627069e-02 1.161695e-02 6.448627e-03
      vertex -1.567609e-02 1.151307e-02 6.448508e-03
    endloop
  endfacet
  facet normal 1.326155e-01 7.576128e-01 6.390900e-01
    outer loop
      vertex -1.522716e-02 1.143043e-02 6.453312e-03
      vertex -1.567609e-02 1.151307e-02 6.448508e-03
      vertex -1.538009e-02 1.073804e-02 7.305841e-03
    endloop
  endfacet
  facet normal 1.392058e-01 7.947969e-01 5.906942e-01
    outer loop
      vertex -1.654918e-02 1.094619e-02 7.301511e-03
      vertex -1.668232e-02 1.023162e-02 8.294364e-03
      vertex -1.549694e-02 1.002444e-02 8.293773e-03
    endloop
  endfacet
  facet normal 1.452179e-01 8.293423e-01 5.395398e-01
    outer loop
      vertex -1.549694e-02 1.002444e-02 8.293773e-03
      vertex -1.668232e-02 1.023162e-02 8.294364e-03
      vertex -1.556222e-02 9.420122e-03 9.240264e-03
    endloop
  endfacet
  facet normal 1.450739e-01 8.292872e-01 5.396632e-01
    outer loop
      vertex -1.668232e-02 1.023162e-02 8.294364e-03
      vertex -1.679370e-02 9.633766e-03 9.243012e-03
      vertex -1.556222e-02 9.420122e-03 9.240264e-03
    endloop
  endfacet
  facet normal 1.501104e-01 8.589635e-01 4.895392e-01
    outer loop
      vertex -1.556222e-02 9.420122e-03 9.240264e-03
      vertex -1.679370e-02 9.633766e-03 9.243012e-03
      vertex -1.564802e-02 8.886353e-03 1.020315e-02
    endloop
  endfacet
  facet normal 1.627648e-01 9.312773e-01 3.259298e-01
    outer loop
      vertex -1.579681e-02 7.948381e-03 1.231964e-02
      vertex -1.706620e-02 8.170150e-03 1.231989e-02
      vertex -1.586682e-02 7.596138e-03 1.336106e-02
    endloop
  endfacet
  facet normal 1.714257e-01 9.811184e-01 8.955413e-02
    outer loop
      vertex -1.597163e-02 6.869467e-03 1.679222e-02
      vertex -1.726582e-02 7.095571e-03 1.679248e-02
      vertex -1.598724e-02 6.772269e-03 1.788696e-02
    endloop
  endfacet
  facet normal 1.714259e-01 9.811184e-01 8.955388e-02
    outer loop
      vertex -1.726582e-02 7.095571e-03 1.679248e-02
      vertex -1.728367e-02 6.998764e-03 1.788722e-02
      vertex -1.598724e-02 6.772269e-03 1.788696e-02
    endloop
  endfacet
  facet normal 9.595477e-02 6.353395e-01 7.662483e-01
    outer loop
      vertex -1.439481e-02 1.382483e-02 4.092083e-03
      vertex -1.374317e-02 1.286541e-02 4.805996e-03
      vertex -1.366828e-02 1.371528e-02 4.091938e-03
    endloop
  endfacet
  facet normal 9.587504e-02 6.353106e-01 7.662822e-01
    outer loop
      vertex -1.439481e-02 1.382483e-02 4.092083e-03
      vertex -1.494610e-02 1.303815e-02 4.813283e-03
      vertex -1.374317e-02 1.286541e-02 4.805996e-03
    endloop
  endfacet
  facet normal 1.018499e-01 6.785551e-01 7.274542e-01
    outer loop
      vertex -1.374317e-02 1.286541e-02 4.805996e-03
      vertex -1.494610e-02 1.303815e-02 4.813283e-03
      vertex -1.389885e-02 1.204937e-02 5.588974e-03
    endloop
  endfacet
  facet normal 1.090948e-01 7.210959e-01 6.841922e-01
    outer loop
      vertex -1.389885e-02 1.204937e-02 5.588974e-03
      vertex -1.514982e-02 1.223470e-02 5.593119e-03
      vertex -1.405072e-02 1.125480e-02 6.450612e-03
    endloop
  endfacet
  facet normal 1.150557e-01 7.608911e-01 6.385976e-01
    outer loop
      vertex -1.405072e-02 1.125480e-02 6.450612e-03
      vertex -1.522716e-02 1.143043e-02 6.453312e-03
      vertex -1.407458e-02 1.054535e-02 7.300229e-03
    endloop
  endfacet
  facet normal 1.150522e-01 7.608893e-01 6.386004e-01
    outer loop
      vertex -1.522716e-02 1.143043e-02 6.453312e-03
      vertex -1.538009e-02 1.073804e-02 7.305841e-03
      vertex -1.407458e-02 1.054535e-02 7.300229e-03
    endloop
  endfacet
  facet normal 1.202606e-01 7.975590e-01 5.911320e-01
    outer loop
      vertex -1.407458e-02 1.054535e-02 7.300229e-03
      vertex -1.538009e-02 1.073804e-02 7.305841e-03
      vertex -1.462797e-02 1.021421e-02 7.859592e-03
    endloop
  endfacet
  facet normal 1.196242e-01 7.979497e-01 5.907337e-01
    outer loop
      vertex -1.407458e-02 1.054535e-02 7.300229e-03
      vertex -1.462797e-02 1.021421e-02 7.859592e-03
      vertex -1.417500e-02 9.825499e-03 8.292922e-03
    endloop
  endfacet
  facet normal 1.205177e-01 7.982843e-01 5.900998e-01
    outer loop
      vertex -1.462797e-02 1.021421e-02 7.859592e-03
      vertex -1.549694e-02 1.002444e-02 8.293773e-03
      vertex -1.417500e-02 9.825499e-03 8.292922e-03
    endloop
  endfacet
  facet normal 1.255571e-01 8.319825e-01 5.404077e-01
    outer loop
      vertex -1.417500e-02 9.825499e-03 8.292922e-03
      vertex -1.549694e-02 1.002444e-02 8.293773e-03
      vertex -1.495240e-02 9.653276e-03 8.738688e-03
    endloop
  endfacet
  facet normal 1.248519e-01 8.327052e-01 5.394571e-01
    outer loop
      vertex -1.417500e-02 9.825499e-03 8.292922e-03
      vertex -1.495240e-02 9.653276e-03 8.738688e-03
      vertex -1.423489e-02 9.220683e-03 9.240377e-03
    endloop
  endfacet
  facet normal 1.260015e-01 8.321680e-01 5.400186e-01
    outer loop
      vertex -1.549694e-02 1.002444e-02 8.293773e-03
      vertex -1.556222e-02 9.420122e-03 9.240264e-03
      vertex -1.495240e-02 9.653276e-03 8.738688e-03
    endloop
  endfacet
  facet normal 1.250915e-01 8.328245e-01 5.392174e-01
    outer loop
      vertex -1.495240e-02 9.653276e-03 8.738688e-03
      vertex -1.556222e-02 9.420122e-03 9.240264e-03
      vertex -1.423489e-02 9.220683e-03 9.240377e-03
    endloop
  endfacet
  facet normal 1.294704e-01 8.619396e-01 4.902016e-01
    outer loop
      vertex -1.423489e-02 9.220683e-03 9.240377e-03
      vertex -1.556222e-02 9.420122e-03 9.240264e-03
      vertex -1.438587e-02 8.691364e-03 1.021097e-02
    endloop
  endfacet
  facet normal 1.378298e-01 9.142437e-01 3.810004e-01
    outer loop
      vertex -1.442198e-02 8.180179e-03 1.126573e-02
      vertex -1.572669e-02 8.377686e-03 1.126379e-02
      vertex -1.519049e-02 8.090609e-03 1.175868e-02
    endloop
  endfacet
  facet normal 1.376857e-01 9.143510e-01 3.807952e-01
    outer loop
      vertex -1.442198e-02 8.180179e-03 1.126573e-02
      vertex -1.519049e-02 8.090609e-03 1.175868e-02
      vertex -1.448158e-02 7.749494e-03 1.232143e-02
    endloop
  endfacet
  facet normal 1.379377e-01 9.142698e-01 3.808987e-01
    outer loop
      vertex -1.572669e-02 8.377686e-03 1.126379e-02
      vertex -1.579681e-02 7.948381e-03 1.231964e-02
      vertex -1.519049e-02 8.090609e-03 1.175868e-02
    endloop
  endfacet
  facet normal 1.377520e-01 9.143708e-01 3.807237e-01
    outer loop
      vertex -1.519049e-02 8.090609e-03 1.175868e-02
      vertex -1.579681e-02 7.948381e-03 1.231964e-02
      vertex -1.448158e-02 7.749494e-03 1.232143e-02
    endloop
  endfacet
  facet normal 1.409150e-01 9.347968e-01 3.260337e-01
    outer loop
      vertex -1.448158e-02 7.749494e-03 1.232143e-02
      vertex -1.579681e-02 7.948381e-03 1.231964e-02
      vertex -1.454529e-02 7.397573e-03 1.335799e-02
    endloop
  endfacet
  facet normal 1.437760e-01 9.527387e-01 2.676142e-01
    outer loop
      vertex -1.454529e-02 7.397573e-03 1.335799e-02
      vertex -1.586682e-02 7.596138e-03 1.336106e-02
      vertex -1.461461e-02 7.074534e-03 1.454528e-02
    endloop
  endfacet
  facet normal 1.474469e-01 9.776427e-01 1.499141e-01
    outer loop
      vertex -1.461863e-02 6.849991e-03 1.558850e-02
      vertex -1.511509e-02 6.924851e-03 1.558860e-02
      vertex -1.464348e-02 6.669198e-03 1.679195e-02
    endloop
  endfacet
  facet normal 1.474467e-01 9.776426e-01 1.499146e-01
    outer loop
      vertex -1.594253e-02 7.049619e-03 1.558877e-02
      vertex -1.597163e-02 6.869467e-03 1.679222e-02
      vertex -1.511509e-02 6.924851e-03 1.558860e-02
    endloop
  endfacet
  facet normal 1.485203e-01 9.848457e-01 8.955842e-02
    outer loop
      vertex -1.464348e-02 6.669198e-03 1.679195e-02
      vertex -1.597163e-02 6.869467e-03 1.679222e-02
      vertex -1.598724e-02 6.772269e-03 1.788696e-02
    endloop
  endfacet
  facet normal 8.112543e-02 6.374684e-01 7.661936e-01
    outer loop
      vertex -1.366828e-02 1.371528e-02 4.091938e-03
      vertex -1.256954e-02 1.271575e-02 4.807203e-03
      vertex -1.250795e-02 1.356094e-02 4.097488e-03
    endloop
  endfacet
  facet normal 8.044019e-02 6.370286e-01 7.666316e-01
    outer loop
      vertex -1.366828e-02 1.371528e-02 4.091938e-03
      vertex -1.374317e-02 1.286541e-02 4.805996e-03
      vertex -1.256954e-02 1.271575e-02 4.807203e-03
    endloop
  endfacet
  facet normal 8.607991e-02 6.809398e-01 7.272628e-01
    outer loop
      vertex -1.256954e-02 1.271575e-02 4.807203e-03
      vertex -1.374317e-02 1.286541e-02 4.805996e-03
      vertex -1.271750e-02 1.189535e-02 5.592865e-03
    endloop
  endfacet
  facet normal 8.640802e-02 6.811190e-01 7.270561e-01
    outer loop
      vertex -1.374317e-02 1.286541e-02 4.805996e-03
      vertex -1.389885e-02 1.204937e-02 5.588974e-03
      vertex -1.271750e-02 1.189535e-02 5.592865e-03
    endloop
  endfacet
  facet normal 9.230868e-02 7.238406e-01 6.837645e-01
    outer loop
      vertex -1.389885e-02 1.204937e-02 5.588974e-03
      vertex -1.405072e-02 1.125480e-02 6.450612e-03
      vertex -1.283518e-02 1.109574e-02 6.454904e-03
    endloop
  endfacet
  facet normal 9.558055e-02 7.642822e-01 6.377594e-01
    outer loop
      vertex -1.283518e-02 1.109574e-02 6.454904e-03
      vertex -1.407458e-02 1.054535e-02 7.300229e-03
      vertex -1.273045e-02 1.038136e-02 7.295313e-03
    endloop
  endfacet
  facet normal 9.975735e-02 7.998943e-01 5.917919e-01
    outer loop
      vertex -1.273045e-02 1.038136e-02 7.295313e-03
      vertex -1.407458e-02 1.054535e-02 7.300229e-03
      vertex -1.289582e-02 9.670424e-03 8.284119e-03
    endloop
  endfacet
  facet normal 1.011118e-01 8.005152e-01 5.907214e-01
    outer loop
      vertex -1.407458e-02 1.054535e-02 7.300229e-03
      vertex -1.417500e-02 9.825499e-03 8.292922e-03
      vertex -1.289582e-02 9.670424e-03 8.284119e-03
    endloop
  endfacet
  facet normal 1.048843e-01 8.344565e-01 5.410006e-01
    outer loop
      vertex -1.289582e-02 9.670424e-03 8.284119e-03
      vertex -1.417500e-02 9.825499e-03 8.292922e-03
      vertex -1.297898e-02 9.328766e-03 8.827227e-03
    endloop
  endfacet
  facet normal 1.056443e-01 8.352383e-01 5.396446e-01
    outer loop
      vertex -1.297898e-02 9.328766e-03 8.827227e-03
      vertex -1.423489e-02 9.220683e-03 9.240377e-03
      vertex -1.301777e-02 9.064166e-03 9.244356e-03
    endloop
  endfacet
  facet normal 1.096726e-01 8.652797e-01 4.891451e-01
    outer loop
      vertex -1.301777e-02 9.064166e-03 9.244356e-03
      vertex -1.423489e-02 9.220683e-03 9.240377e-03
      vertex -1.309158e-02 8.524328e-03 1.021586e-02
    endloop
  endfacet
  facet normal 1.098321e-01 8.653406e-01 4.890017e-01
    outer loop
      vertex -1.423489e-02 9.220683e-03 9.240377e-03
      vertex -1.438587e-02 8.691364e-03 1.021097e-02
      vertex -1.309158e-02 8.524328e-03 1.021586e-02
    endloop
  endfacet
  facet normal 1.190135e-01 9.380327e-01 3.254695e-01
    outer loop
      vertex -1.319671e-02 7.586229e-03 1.232214e-02
      vertex -1.448158e-02 7.749494e-03 1.232143e-02
      vertex -1.319835e-02 7.227732e-03 1.335596e-02
    endloop
  endfacet
  facet normal 1.190073e-01 9.379353e-01 3.257525e-01
    outer loop
      vertex -1.448158e-02 7.749494e-03 1.232143e-02
      vertex -1.454529e-02 7.397573e-03 1.335799e-02
      vertex -1.404647e-02 7.334631e-03 1.335698e-02
    endloop
  endfacet
  facet normal 1.208050e-01 9.558931e-01 2.677209e-01
    outer loop
      vertex -1.319835e-02 7.227732e-03 1.335596e-02
      vertex -1.404647e-02 7.334631e-03 1.335698e-02
      vertex -1.325612e-02 6.901808e-03 1.454573e-02
    endloop
  endfacet
  facet normal 1.211681e-01 9.559982e-01 2.671811e-01
    outer loop
      vertex -1.454529e-02 7.397573e-03 1.335799e-02
      vertex -1.461461e-02 7.074534e-03 1.454528e-02
      vertex -1.404647e-02 7.334631e-03 1.335698e-02
    endloop
  endfacet
  facet normal 1.232803e-01 9.701422e-01 2.088684e-01
    outer loop
      vertex -1.325612e-02 6.901808e-03 1.454573e-02
      vertex -1.461461e-02 7.074534e-03 1.454528e-02
      vertex -1.328128e-02 6.680558e-03 1.558823e-02
    endloop
  endfacet
  facet normal 1.229463e-01 9.700963e-01 2.092781e-01
    outer loop
      vertex -1.461461e-02 7.074534e-03 1.454528e-02
      vertex -1.461863e-02 6.849991e-03 1.558850e-02
      vertex -1.328128e-02 6.680558e-03 1.558823e-02
    endloop
  endfacet
  facet normal 1.252008e-01 9.880806e-01 8.956293e-02
    outer loop
      vertex -1.330184e-02 6.499221e-03 1.679169e-02
      vertex -1.464348e-02 6.669198e-03 1.679195e-02
      vertex -1.331283e-02 6.401384e-03 1.788643e-02
    endloop
  endfacet
  facet normal 6.590685e-02 6.388424e-01 7.665094e-01
    outer loop
      vertex -1.250795e-02 1.356094e-02 4.097488e-03
      vertex -1.256954e-02 1.271575e-02 4.807203e-03
      vertex -1.147301e-02 1.259985e-02 4.809517e-03
    endloop
  endfacet
  facet normal 7.029592e-02 6.835948e-01 7.264686e-01
    outer loop
      vertex -1.147301e-02 1.259985e-02 4.809517e-03
      vertex -1.271750e-02 1.189535e-02 5.592865e-03
      vertex -1.167909e-02 1.176937e-02 5.610929e-03
    endloop
  endfacet
  facet normal 7.854609e-02 7.642470e-01 6.401227e-01
    outer loop
      vertex -1.153972e-02 1.097277e-02 6.442760e-03
      vertex -1.283518e-02 1.109574e-02 6.454904e-03
      vertex -1.170920e-02 1.027286e-02 7.299176e-03
    endloop
  endfacet
  facet normal 8.302697e-02 8.025732e-01 5.907477e-01
    outer loop
      vertex -1.170920e-02 1.027286e-02 7.299176e-03
      vertex -1.273045e-02 1.038136e-02 7.295313e-03
      vertex -1.178381e-02 9.547585e-03 8.295004e-03
    endloop
  endfacet
  facet normal 8.706013e-02 8.375486e-01 5.393820e-01
    outer loop
      vertex -1.297898e-02 9.328766e-03 8.827227e-03
      vertex -1.301777e-02 9.064166e-03 9.244356e-03
      vertex -1.183270e-02 8.941873e-03 9.242973e-03
    endloop
  endfacet
  facet normal 9.007201e-02 8.672982e-01 4.895722e-01
    outer loop
      vertex -1.183270e-02 8.941873e-03 9.242973e-03
      vertex -1.301777e-02 9.064166e-03 9.244356e-03
      vertex -1.194658e-02 8.408921e-03 1.020807e-02
    endloop
  endfacet
  facet normal 9.076872e-02 8.675614e-01 4.889768e-01
    outer loop
      vertex -1.301777e-02 9.064166e-03 9.244356e-03
      vertex -1.309158e-02 8.524328e-03 1.021586e-02
      vertex -1.194658e-02 8.408921e-03 1.020807e-02
    endloop
  endfacet
  facet normal 9.412182e-02 8.953587e-01 4.352860e-01
    outer loop
      vertex -1.309158e-02 8.524328e-03 1.021586e-02
      vertex -1.319773e-02 8.020602e-03 1.127495e-02
      vertex -1.194164e-02 7.893028e-03 1.126576e-02
    endloop
  endfacet
  facet normal 9.700805e-02 9.406545e-01 3.252055e-01
    outer loop
      vertex -1.200572e-02 7.461349e-03 1.232446e-02
      vertex -1.319835e-02 7.227732e-03 1.335596e-02
      vertex -1.196883e-02 7.100464e-03 1.335732e-02
    endloop
  endfacet
  facet normal 9.891236e-02 9.584358e-01 2.676138e-01
    outer loop
      vertex -1.196883e-02 7.100464e-03 1.335732e-02
      vertex -1.319835e-02 7.227732e-03 1.335596e-02
      vertex -1.269773e-02 7.020247e-03 1.391401e-02
    endloop
  endfacet
  facet normal 9.914700e-02 9.583300e-01 2.679058e-01
    outer loop
      vertex -1.196883e-02 7.100464e-03 1.335732e-02
      vertex -1.269773e-02 7.020247e-03 1.391401e-02
      vertex -1.205316e-02 6.776087e-03 1.454886e-02
    endloop
  endfacet
  facet normal 9.919059e-02 9.584729e-01 2.673780e-01
    outer loop
      vertex -1.319835e-02 7.227732e-03 1.335596e-02
      vertex -1.325612e-02 6.901808e-03 1.454573e-02
      vertex -1.269773e-02 7.020247e-03 1.391401e-02
    endloop
  endfacet
  facet normal 1.019031e-01 9.834319e-01 1.499247e-01
    outer loop
      vertex -1.204445e-02 6.552435e-03 1.558799e-02
      vertex -1.250826e-02 6.600481e-03 1.558808e-02
      vertex -1.206103e-02 6.370687e-03 1.679144e-02
    endloop
  endfacet
  facet normal 1.019036e-01 9.834319e-01 1.499244e-01
    outer loop
      vertex -1.328128e-02 6.680558e-03 1.558823e-02
      vertex -1.330184e-02 6.499221e-03 1.679169e-02
      vertex -1.250826e-02 6.600481e-03 1.558808e-02
    endloop
  endfacet
  facet normal 1.026421e-01 9.906776e-01 8.956836e-02
    outer loop
      vertex -1.330184e-02 6.499221e-03 1.679169e-02
      vertex -1.331283e-02 6.401384e-03 1.788643e-02
      vertex -1.206103e-02 6.370687e-03 1.679144e-02
    endloop
  endfacet
  facet normal 5.441581e-02 6.834381e-01 7.279776e-01
    outer loop
      vertex -1.147301e-02 1.259985e-02 4.809517e-03
      vertex -1.050791e-02 1.170093e-02 5.581304e-03
      vertex -1.022575e-02 1.250911e-02 4.801477e-03
    endloop
  endfacet
  facet normal 5.842311e-02 6.856691e-01 7.255651e-01
    outer loop
      vertex -1.147301e-02 1.259985e-02 4.809517e-03
      vertex -1.167909e-02 1.176937e-02 5.610929e-03
      vertex -1.050791e-02 1.170093e-02 5.581304e-03
    endloop
  endfacet
  facet normal 5.967646e-02 7.654028e-01 6.407786e-01
    outer loop
      vertex -1.026009e-02 1.087321e-02 6.442504e-03
      vertex -1.153972e-02 1.097277e-02 6.442760e-03
      vertex -1.051771e-02 1.017102e-02 7.305258e-03
    endloop
  endfacet
  facet normal 6.574257e-02 8.043921e-01 5.904501e-01
    outer loop
      vertex -1.051771e-02 1.017102e-02 7.305258e-03
      vertex -1.170920e-02 1.027286e-02 7.299176e-03
      vertex -1.118988e-02 9.887880e-03 7.765830e-03
    endloop
  endfacet
  facet normal 6.556231e-02 8.045352e-01 5.902750e-01
    outer loop
      vertex -1.051771e-02 1.017102e-02 7.305258e-03
      vertex -1.118988e-02 9.887880e-03 7.765830e-03
      vertex -1.053557e-02 9.444881e-03 8.296956e-03
    endloop
  endfacet
  facet normal 6.545626e-02 8.042609e-01 5.906605e-01
    outer loop
      vertex -1.170920e-02 1.027286e-02 7.299176e-03
      vertex -1.178381e-02 9.547585e-03 8.295004e-03
      vertex -1.118988e-02 9.887880e-03 7.765830e-03
    endloop
  endfacet
  facet normal 6.526059e-02 8.043812e-01 5.905183e-01
    outer loop
      vertex -1.118988e-02 9.887880e-03 7.765830e-03
      vertex -1.178381e-02 9.547585e-03 8.295004e-03
      vertex -1.053557e-02 9.444881e-03 8.296956e-03
    endloop
  endfacet
  facet normal 7.400315e-02 8.964570e-01 4.369078e-01
    outer loop
      vertex -1.194658e-02 8.408921e-03 1.020807e-02
      vertex -1.194164e-02 7.893028e-03 1.126576e-02
      vertex -1.069501e-02 8.302282e-03 1.021489e-02
    endloop
  endfacet
  facet normal 7.274657e-02 8.971531e-01 4.356882e-01
    outer loop
      vertex -1.069501e-02 8.302282e-03 1.021489e-02
      vertex -1.194164e-02 7.893028e-03 1.126576e-02
      vertex -1.063603e-02 7.786879e-03 1.126634e-02
    endloop
  endfacet
  facet normal 7.667752e-02 9.424319e-01 3.254882e-01
    outer loop
      vertex -1.067042e-02 7.354359e-03 1.231968e-02
      vertex -1.200572e-02 7.461349e-03 1.232446e-02
      vertex -1.067136e-02 6.995519e-03 1.335890e-02
    endloop
  endfacet
  facet normal 7.734993e-02 9.603497e-01 2.678532e-01
    outer loop
      vertex -1.067136e-02 6.995519e-03 1.335890e-02
      vertex -1.196883e-02 7.100464e-03 1.335732e-02
      vertex -1.073748e-02 6.669997e-03 1.454511e-02
    endloop
  endfacet
  facet normal 7.971618e-02 9.854780e-01 1.499280e-01
    outer loop
      vertex -1.073050e-02 6.446188e-03 1.558773e-02
      vertex -1.204445e-02 6.552435e-03 1.558799e-02
      vertex -1.074287e-02 6.264099e-03 1.679118e-02
    endloop
  endfacet
  facet normal 7.971622e-02 9.854780e-01 1.499280e-01
    outer loop
      vertex -1.204445e-02 6.552435e-03 1.558799e-02
      vertex -1.206103e-02 6.370687e-03 1.679144e-02
      vertex -1.074287e-02 6.264099e-03 1.679118e-02
    endloop
  endfacet
  facet normal 8.029136e-02 9.927387e-01 8.957241e-02
    outer loop
      vertex -1.074287e-02 6.264099e-03 1.679118e-02
      vertex -1.206103e-02 6.370687e-03 1.679144e-02
      vertex -1.148763e-02 6.278020e-03 1.730449e-02
    endloop
  endfacet
  facet normal 8.029126e-02 9.927387e-01 8.957227e-02
    outer loop
      vertex -1.074287e-02 6.264099e-03 1.679118e-02
      vertex -1.148763e-02 6.278020e-03 1.730449e-02
      vertex -1.074945e-02 6.165855e-03 1.788592e-02
    endloop
  endfacet
  facet normal 8.029158e-02 9.927387e-01 8.957216e-02
    outer loop
      vertex -1.206103e-02 6.370687e-03 1.679144e-02
      vertex -1.206989e-02 6.272627e-03 1.788618e-02
      vertex -1.148763e-02 6.278020e-03 1.730449e-02
    endloop
  endfacet
  facet normal 8.029145e-02 9.927387e-01 8.957203e-02
    outer loop
      vertex -1.148763e-02 6.278020e-03 1.730449e-02
      vertex -1.206989e-02 6.272627e-03 1.788618e-02
      vertex -1.074945e-02 6.165855e-03 1.788592e-02
    endloop
  endfacet
  facet normal 4.031063e-02 6.857837e-01 7.266883e-01
    outer loop
      vertex -1.022575e-02 1.250911e-02 4.801477e-03
      vertex -9.244198e-03 1.161441e-02 5.591370e-03
      vertex -9.359304e-03 1.246661e-02 4.793517e-03
    endloop
  endfacet
  facet normal 4.428698e-02 7.266139e-01 6.856171e-01
    outer loop
      vertex -9.244198e-03 1.161441e-02 5.591370e-03
      vertex -1.050791e-02 1.170093e-02 5.581304e-03
      vertex -1.026009e-02 1.087321e-02 6.442504e-03
    endloop
  endfacet
  facet normal 4.346117e-02 7.676002e-01 6.394537e-01
    outer loop
      vertex -9.148235e-03 1.080539e-02 6.448350e-03
      vertex -1.026009e-02 1.087321e-02 6.442504e-03
      vertex -9.308951e-03 1.009874e-02 7.307536e-03
    endloop
  endfacet
  facet normal 4.518973e-02 8.067492e-01 5.891635e-01
    outer loop
      vertex -9.308951e-03 1.009874e-02 7.307536e-03
      vertex -1.053557e-02 9.444881e-03 8.296956e-03
      vertex -9.111913e-03 9.372377e-03 8.287040e-03
    endloop
  endfacet
  facet normal 4.645265e-02 8.377047e-01 5.441442e-01
    outer loop
      vertex -9.111913e-03 9.372377e-03 8.287040e-03
      vertex -1.053557e-02 9.444881e-03 8.296956e-03
      vertex -9.269881e-03 9.146266e-03 8.648622e-03
    endloop
  endfacet
  facet normal 4.873999e-02 8.404318e-01 5.397211e-01
    outer loop
      vertex -9.269881e-03 9.146266e-03 8.648622e-03
      vertex -1.059498e-02 8.839612e-03 9.245795e-03
      vertex -9.292007e-03 8.766614e-03 9.241798e-03
    endloop
  endfacet
  facet normal 4.955837e-02 8.995339e-01 4.340308e-01
    outer loop
      vertex -9.497424e-03 8.231829e-03 1.021417e-02
      vertex -1.063603e-02 7.786879e-03 1.126634e-02
      vertex -9.140351e-03 7.710262e-03 1.125435e-02
    endloop
  endfacet
  facet normal 5.409623e-02 9.438185e-01 3.260065e-01
    outer loop
      vertex -9.342187e-03 7.278657e-03 1.231844e-02
      vertex -1.067042e-02 7.354359e-03 1.231968e-02
      vertex -9.358580e-03 6.922146e-03 1.335329e-02
    endloop
  endfacet
  facet normal 5.414432e-02 9.438345e-01 3.259521e-01
    outer loop
      vertex -1.067042e-02 7.354359e-03 1.231968e-02
      vertex -1.067136e-02 6.995519e-03 1.335890e-02
      vertex -9.358580e-03 6.922146e-03 1.335329e-02
    endloop
  endfacet
  facet normal 5.490914e-02 9.619848e-01 2.675261e-01
    outer loop
      vertex -9.358580e-03 6.922146e-03 1.335329e-02
      vertex -1.067136e-02 6.995519e-03 1.335890e-02
      vertex -9.363292e-03 6.591446e-03 1.454341e-02
    endloop
  endfacet
  facet normal 5.606082e-02 9.762158e-01 2.094275e-01
    outer loop
      vertex -9.363292e-03 6.591446e-03 1.454341e-02
      vertex -1.073748e-02 6.669997e-03 1.454511e-02
      vertex -9.889879e-03 6.495531e-03 1.513147e-02
    endloop
  endfacet
  facet normal 5.577592e-02 9.762844e-01 2.091836e-01
    outer loop
      vertex -9.363292e-03 6.591446e-03 1.454341e-02
      vertex -9.889879e-03 6.495531e-03 1.513147e-02
      vertex -9.395075e-03 6.369558e-03 1.558746e-02
    endloop
  endfacet
  facet normal 5.606575e-02 9.763323e-01 2.088823e-01
    outer loop
      vertex -9.889879e-03 6.495531e-03 1.513147e-02
      vertex -1.073050e-02 6.446188e-03 1.558773e-02
      vertex -9.395075e-03 6.369558e-03 1.558746e-02
    endloop
  endfacet
  facet normal 5.667025e-02 9.870708e-01 1.499321e-01
    outer loop
      vertex -9.395075e-03 6.369558e-03 1.558746e-02
      vertex -1.073050e-02 6.446188e-03 1.558773e-02
      vertex -1.002600e-02 6.302938e-03 1.626453e-02
    endloop
  endfacet
  facet normal 5.667049e-02 9.870708e-01 1.499324e-01
    outer loop
      vertex -9.395075e-03 6.369558e-03 1.558746e-02
      vertex -1.002600e-02 6.302938e-03 1.626453e-02
      vertex -9.403147e-03 6.187222e-03 1.679091e-02
    endloop
  endfacet
  facet normal 5.667007e-02 9.870708e-01 1.499323e-01
    outer loop
      vertex -1.073050e-02 6.446188e-03 1.558773e-02
      vertex -1.074287e-02 6.264099e-03 1.679118e-02
      vertex -1.002600e-02 6.302938e-03 1.626453e-02
    endloop
  endfacet
  facet normal 5.667029e-02 9.870708e-01 1.499326e-01
    outer loop
      vertex -1.002600e-02 6.302938e-03 1.626453e-02
      vertex -1.074287e-02 6.264099e-03 1.679118e-02
      vertex -9.403147e-03 6.187222e-03 1.679091e-02
    endloop
  endfacet
  facet normal 5.707557e-02 9.943432e-01 8.957650e-02
    outer loop
      vertex -9.403147e-03 6.187222e-03 1.679091e-02
      vertex -1.074287e-02 6.264099e-03 1.679118e-02
      vertex -9.407413e-03 6.088846e-03 1.788565e-02
    endloop
  endfacet
  facet normal 2.551777e-02 6.850551e-01 7.280442e-01
    outer loop
      vertex -9.359304e-03 1.246661e-02 4.793517e-03
      vertex -9.244198e-03 1.161441e-02 5.591370e-03
      vertex -8.496688e-03 1.159223e-02 5.586040e-03
    endloop
  endfacet
  facet normal 2.374092e-02 7.314043e-01 6.815307e-01
    outer loop
      vertex -7.914351e-03 1.157344e-02 5.585913e-03
      vertex -8.496688e-03 1.159223e-02 5.586040e-03
      vertex -7.550150e-03 1.104395e-02 6.141464e-03
    endloop
  endfacet
  facet normal 2.788635e-02 8.407892e-01 5.406440e-01
    outer loop
      vertex -8.012762e-03 9.338474e-03 8.283071e-03
      vertex -9.111913e-03 9.372377e-03 8.287040e-03
      vertex -8.147181e-03 8.725415e-03 9.243410e-03
    endloop
  endfacet
  facet normal 2.951937e-02 8.413919e-01 5.396186e-01
    outer loop
      vertex -9.269881e-03 9.146266e-03 8.648622e-03
      vertex -9.292007e-03 8.766614e-03 9.241798e-03
      vertex -8.147181e-03 8.725415e-03 9.243410e-03
    endloop
  endfacet
  facet normal 3.321366e-02 8.727595e-01 4.870192e-01
    outer loop
      vertex -9.292007e-03 8.766614e-03 9.241798e-03
      vertex -9.497424e-03 8.231829e-03 1.021417e-02
      vertex -8.183880e-03 8.180959e-03 1.021575e-02
    endloop
  endfacet
  facet normal 3.425166e-02 8.980565e-01 4.385445e-01
    outer loop
      vertex -8.183880e-03 8.180959e-03 1.021575e-02
      vertex -9.497424e-03 8.231829e-03 1.021417e-02
      vertex -9.140351e-03 7.710262e-03 1.125435e-02
    endloop
  endfacet
  facet normal 3.018695e-02 8.996673e-01 4.355313e-01
    outer loop
      vertex -8.183880e-03 8.180959e-03 1.021575e-02
      vertex -9.140351e-03 7.710262e-03 1.125435e-02
      vertex -8.097559e-03 7.668915e-03 1.126748e-02
    endloop
  endfacet
  facet normal 3.183060e-02 9.238989e-01 3.813103e-01
    outer loop
      vertex -8.097559e-03 7.668915e-03 1.126748e-02
      vertex -9.140351e-03 7.710262e-03 1.125435e-02
      vertex -8.313462e-03 7.241747e-03 1.232051e-02
    endloop
  endfacet
  facet normal 3.421546e-02 9.631011e-01 2.669561e-01
    outer loop
      vertex -8.283130e-03 6.881147e-03 1.336377e-02
      vertex -8.615798e-03 6.709777e-03 1.402466e-02
      vertex -8.163124e-03 6.549543e-03 1.454472e-02
    endloop
  endfacet
  facet normal 3.411745e-02 9.631171e-01 2.669109e-01
    outer loop
      vertex -8.283130e-03 6.881147e-03 1.336377e-02
      vertex -9.358580e-03 6.922146e-03 1.335329e-02
      vertex -8.615798e-03 6.709777e-03 1.402466e-02
    endloop
  endfacet
  facet normal 3.332846e-02 9.629323e-01 2.676762e-01
    outer loop
      vertex -8.615798e-03 6.709777e-03 1.402466e-02
      vertex -9.363292e-03 6.591446e-03 1.454341e-02
      vertex -8.163124e-03 6.549543e-03 1.454472e-02
    endloop
  endfacet
  facet normal 3.389604e-02 9.773517e-01 2.088895e-01
    outer loop
      vertex -8.163124e-03 6.549543e-03 1.454472e-02
      vertex -9.363292e-03 6.591446e-03 1.454341e-02
      vertex -8.168250e-03 6.326907e-03 1.558722e-02
    endloop
  endfacet
  facet normal 3.438142e-02 9.880973e-01 1.499387e-01
    outer loop
      vertex -8.168250e-03 6.326907e-03 1.558722e-02
      vertex -9.395075e-03 6.369558e-03 1.558746e-02
      vertex -8.745508e-03 6.261374e-03 1.615145e-02
    endloop
  endfacet
  facet normal 3.438069e-02 9.880975e-01 1.499380e-01
    outer loop
      vertex -8.168250e-03 6.326907e-03 1.558722e-02
      vertex -8.745508e-03 6.261374e-03 1.615145e-02
      vertex -8.172383e-03 6.144435e-03 1.679067e-02
    endloop
  endfacet
  facet normal 3.438170e-02 9.880974e-01 1.499384e-01
    outer loop
      vertex -9.395075e-03 6.369558e-03 1.558746e-02
      vertex -9.403147e-03 6.187222e-03 1.679091e-02
      vertex -8.745508e-03 6.261374e-03 1.615145e-02
    endloop
  endfacet
  facet normal 3.438100e-02 9.880975e-01 1.499377e-01
    outer loop
      vertex -8.745508e-03 6.261374e-03 1.615145e-02
      vertex -9.403147e-03 6.187222e-03 1.679091e-02
      vertex -8.172383e-03 6.144435e-03 1.679067e-02
    endloop
  endfacet
  facet normal 3.462212e-02 9.953775e-01 8.958233e-02
    outer loop
      vertex -8.172383e-03 6.144435e-03 1.679067e-02
      vertex -9.403147e-03 6.187222e-03 1.679091e-02
      vertex -8.174524e-03 6.045984e-03 1.788541e-02
    endloop
  endfacet
  facet normal 6.786823e-03 7.040410e-01 7.101269e-01
    outer loop
      vertex -7.914351e-03 1.157344e-02 5.585913e-03
      vertex -6.807829e-03 1.146088e-02 5.686935e-03
      vertex -6.336533e-03 1.184418e-02 5.302412e-03
    endloop
  endfacet
  facet normal 1.074707e-02 7.243363e-01 6.893630e-01
    outer loop
      vertex -6.271019e-03 1.112784e-02 6.028503e-03
      vertex -6.807829e-03 1.146088e-02 5.686935e-03
      vertex -7.914351e-03 1.157344e-02 5.585913e-03
    endloop
  endfacet
  facet normal 1.136267e-02 7.368990e-01 6.759073e-01
    outer loop
      vertex -7.550150e-03 1.104395e-02 6.141464e-03
      vertex -6.807663e-03 1.075992e-02 6.438640e-03
      vertex -6.271019e-03 1.112784e-02 6.028503e-03
    endloop
  endfacet
  facet normal 1.066344e-02 7.360501e-01 6.768430e-01
    outer loop
      vertex -8.132209e-03 1.076344e-02 6.455679e-03
      vertex -6.807663e-03 1.075992e-02 6.438640e-03
      vertex -7.550150e-03 1.104395e-02 6.141464e-03
    endloop
  endfacet
  facet normal 1.040121e-02 7.582610e-01 6.518682e-01
    outer loop
      vertex -6.807578e-03 1.042600e-02 6.827067e-03
      vertex -6.807663e-03 1.075992e-02 6.438640e-03
      vertex -8.132209e-03 1.076344e-02 6.455679e-03
    endloop
  endfacet
  facet normal 1.288756e-02 7.754753e-01 6.312464e-01
    outer loop
      vertex -8.209252e-03 1.006320e-02 7.301370e-03
      vertex -6.807492e-03 1.010325e-02 7.223552e-03
      vertex -6.807578e-03 1.042600e-02 6.827067e-03
    endloop
  endfacet
  facet normal 1.069591e-02 7.975664e-01 6.031363e-01
    outer loop
      vertex -6.807360e-03 9.641775e-03 7.833789e-03
      vertex -6.807492e-03 1.010325e-02 7.223552e-03
      vertex -8.209252e-03 1.006320e-02 7.301370e-03
    endloop
  endfacet
  facet normal 1.169925e-02 8.528107e-01 5.220892e-01
    outer loop
      vertex -8.147181e-03 8.725415e-03 9.243410e-03
      vertex -6.807042e-03 8.661154e-03 9.318348e-03
      vertex -6.807134e-03 8.926317e-03 8.885217e-03
    endloop
  endfacet
  facet normal 1.363664e-02 8.664266e-01 4.991182e-01
    outer loop
      vertex -6.806949e-03 8.407839e-03 9.758079e-03
      vertex -6.807042e-03 8.661154e-03 9.318348e-03
      vertex -8.147181e-03 8.725415e-03 9.243410e-03
    endloop
  endfacet
  facet normal 1.324436e-02 8.794454e-01 4.758155e-01
    outer loop
      vertex -8.183880e-03 8.180959e-03 1.021575e-02
      vertex -6.806854e-03 8.166485e-03 1.020417e-02
      vertex -6.806949e-03 8.407839e-03 9.758079e-03
    endloop
  endfacet
  facet normal 1.317582e-02 8.918272e-01 4.521843e-01
    outer loop
      vertex -6.806759e-03 7.937203e-03 1.065637e-02
      vertex -6.806854e-03 8.166485e-03 1.020417e-02
      vertex -8.183880e-03 8.180959e-03 1.021575e-02
    endloop
  endfacet
  facet normal 1.493596e-02 9.035501e-01 4.282221e-01
    outer loop
      vertex -8.097559e-03 7.668915e-03 1.126748e-02
      vertex -6.806663e-03 7.720106e-03 1.111444e-02
      vertex -6.806759e-03 7.937203e-03 1.065637e-02
    endloop
  endfacet
  facet normal 1.162137e-02 9.146899e-01 4.039894e-01
    outer loop
      vertex -6.806566e-03 7.515304e-03 1.157814e-02
      vertex -6.806663e-03 7.720106e-03 1.111444e-02
      vertex -8.097559e-03 7.668915e-03 1.126748e-02
    endloop
  endfacet
  facet normal 1.245200e-02 9.349260e-01 3.546243e-01
    outer loop
      vertex -7.602438e-03 7.227472e-03 1.232678e-02
      vertex -6.806371e-03 7.143028e-03 1.252145e-02
      vertex -6.806469e-03 7.322907e-03 1.204723e-02
    endloop
  endfacet
  facet normal 1.955226e-02 9.439515e-01 3.295047e-01
    outer loop
      vertex -6.806272e-03 6.975779e-03 1.300058e-02
      vertex -6.806371e-03 7.143028e-03 1.252145e-02
      vertex -7.602438e-03 7.227472e-03 1.232678e-02
    endloop
  endfacet
  facet normal 1.618121e-02 9.602607e-01 2.786350e-01
    outer loop
      vertex -8.283130e-03 6.881147e-03 1.336377e-02
      vertex -6.806072e-03 6.679611e-03 1.397255e-02
      vertex -6.806172e-03 6.821269e-03 1.348435e-02
    endloop
  endfacet
  facet normal 1.389312e-02 9.674024e-01 2.528629e-01
    outer loop
      vertex -8.163124e-03 6.549543e-03 1.454472e-02
      vertex -6.805971e-03 6.550915e-03 1.446490e-02
      vertex -6.806072e-03 6.679611e-03 1.397255e-02
    endloop
  endfacet
  facet normal 1.183180e-02 9.846130e-01 1.743480e-01
    outer loop
      vertex -6.805667e-03 6.243716e-03 1.596457e-02
      vertex -6.805769e-03 6.332857e-03 1.546116e-02
      vertex -8.168250e-03 6.326907e-03 1.558722e-02
    endloop
  endfacet
  facet normal 1.122617e-02 9.925666e-01 1.211836e-01
    outer loop
      vertex -6.805462e-03 6.105770e-03 1.698073e-02
      vertex -6.805565e-03 6.167984e-03 1.647117e-02
      vertex -8.172383e-03 6.144435e-03 1.679067e-02
    endloop
  endfacet
  facet normal 1.119125e-02 9.976546e-01 6.752832e-02
    outer loop
      vertex -8.174524e-03 6.045984e-03 1.788541e-02
      vertex -6.805257e-03 6.022345e-03 1.800773e-02
      vertex -6.805360e-03 6.057187e-03 1.749299e-02
    endloop
  endfacet
  facet normal 1.362504e-02 9.990842e-01 4.056004e-02
    outer loop
      vertex -8.174524e-03 6.045984e-03 1.788541e-02
      vertex -6.805154e-03 6.001357e-03 1.852469e-02
      vertex -6.805257e-03 6.022345e-03 1.800773e-02
    endloop
  endfacet
  facet normal 2.307596e-01 8.719835e-01 4.317347e-01
    outer loop
      vertex -2.157178e-02 1.003893e-02 1.048856e-02
      vertex -2.176919e-02 9.803923e-03 1.106872e-02
      vertex -2.062340e-02 9.403565e-03 1.126491e-02
    endloop
  endfacet
  facet normal 1.605939e-01 7.185800e-01 6.766479e-01
    outer loop
      vertex -1.944208e-02 1.286933e-02 5.848911e-03
      vertex -1.970753e-02 1.249522e-02 6.309197e-03
      vertex -1.838712e-02 1.287768e-02 5.589655e-03
    endloop
  endfacet
  facet normal 5.823201e-02 6.364928e-01 7.690812e-01
    outer loop
      vertex -1.147301e-02 1.259985e-02 4.809517e-03
      vertex -1.041132e-02 1.337682e-02 4.086112e-03
      vertex -1.135034e-02 1.360345e-02 3.969651e-03
    endloop
  endfacet
  facet normal 5.162750e-02 6.418230e-01 7.651130e-01
    outer loop
      vertex -1.022575e-02 1.250911e-02 4.801477e-03
      vertex -1.041132e-02 1.337682e-02 4.086112e-03
      vertex -1.147301e-02 1.259985e-02 4.809517e-03
    endloop
  endfacet
  facet normal 3.846143e-02 6.405345e-01 7.669656e-01
    outer loop
      vertex -9.359304e-03 1.246661e-02 4.793517e-03
      vertex -1.041132e-02 1.337682e-02 4.086112e-03
      vertex -1.022575e-02 1.250911e-02 4.801477e-03
    endloop
  endfacet
  facet normal 2.712874e-02 6.488635e-01 7.604211e-01
    outer loop
      vertex -8.699194e-03 1.298847e-02 4.324668e-03
      vertex -9.359304e-03 1.246661e-02 4.793517e-03
      vertex -8.440422e-03 1.244338e-02 4.780557e-03
    endloop
  endfacet
  facet normal 3.389375e-02 6.438680e-01 7.643855e-01
    outer loop
      vertex -8.699194e-03 1.298847e-02 4.324668e-03
      vertex -9.727293e-03 1.321771e-02 4.177159e-03
      vertex -9.359304e-03 1.246661e-02 4.793517e-03
    endloop
  endfacet
  facet normal 3.196281e-01 9.200721e-01 2.265064e-01
    outer loop
      vertex -2.560976e-02 9.803926e-03 1.433348e-02
      vertex -2.529189e-02 9.599617e-03 1.471483e-02
      vertex -2.471630e-02 9.440722e-03 1.454803e-02
    endloop
  endfacet
  facet normal 2.868690e-01 9.189034e-01 2.707816e-01
    outer loop
      vertex -2.464873e-02 9.803961e-03 1.324379e-02
      vertex -2.514724e-02 9.803943e-03 1.377198e-02
      vertex -2.471630e-02 9.440722e-03 1.454803e-02
    endloop
  endfacet
  facet normal 2.898536e-01 9.054994e-01 3.099285e-01
    outer loop
      vertex -2.339884e-02 9.364486e-03 1.335885e-02
      vertex -2.411859e-02 9.803979e-03 1.274794e-02
      vertex -2.464873e-02 9.803961e-03 1.324379e-02
    endloop
  endfacet
  facet normal 2.715421e-01 9.039427e-01 3.303824e-01
    outer loop
      vertex -2.287930e-02 9.418669e-03 1.278359e-02
      vertex -2.411859e-02 9.803979e-03 1.274794e-02
      vertex -2.339884e-02 9.364486e-03 1.335885e-02
    endloop
  endfacet
  facet normal 2.645346e-01 8.915805e-01 3.675672e-01
    outer loop
      vertex -2.268142e-02 9.804026e-03 1.164692e-02
      vertex -2.269007e-02 9.552758e-03 1.226263e-02
      vertex -2.202386e-02 9.331073e-03 1.232089e-02
    endloop
  endfacet
  facet normal 2.445621e-01 8.896278e-01 3.856835e-01
    outer loop
      vertex -2.176919e-02 9.803923e-03 1.106872e-02
      vertex -2.268142e-02 9.804026e-03 1.164692e-02
      vertex -2.202386e-02 9.331073e-03 1.232089e-02
    endloop
  endfacet
  facet normal 2.161493e-02 9.994174e-01 2.641374e-02
    outer loop
      vertex -7.480273e-03 5.998304e-03 1.904376e-02
      vertex -7.971724e-03 6.019884e-03 1.862941e-02
      vertex -8.491184e-03 6.020163e-03 1.904396e-02
    endloop
  endfacet
  facet normal 2.341822e-02 9.993145e-01 2.867347e-02
    outer loop
      vertex -7.971724e-03 6.019884e-03 1.862941e-02
      vertex -8.174524e-03 6.045984e-03 1.788541e-02
      vertex -8.491184e-03 6.020163e-03 1.904396e-02
    endloop
  endfacet
  facet normal 8.415947e-02 9.960113e-01 2.964362e-02
    outer loop
      vertex -1.117354e-02 6.162415e-03 1.904449e-02
      vertex -1.206989e-02 6.272627e-03 1.788618e-02
      vertex -1.217321e-02 6.246878e-03 1.904469e-02
    endloop
  endfacet
  facet normal 9.967705e-02 9.945370e-01 3.099484e-02
    outer loop
      vertex -1.217321e-02 6.246878e-03 1.904469e-02
      vertex -1.206989e-02 6.272627e-03 1.788618e-02
      vertex -1.283721e-02 6.313423e-03 1.904482e-02
    endloop
  endfacet
  facet normal 1.112749e-01 9.933446e-01 2.974042e-02
    outer loop
      vertex -1.283721e-02 6.313423e-03 1.904482e-02
      vertex -1.331283e-02 6.401384e-03 1.788643e-02
      vertex -1.349922e-02 6.387577e-03 1.904495e-02
    endloop
  endfacet
  facet normal 1.266643e-01 9.914231e-01 3.219333e-02
    outer loop
      vertex -1.349922e-02 6.387577e-03 1.904495e-02
      vertex -1.331283e-02 6.401384e-03 1.788643e-02
      vertex -1.448791e-02 6.513885e-03 1.904515e-02
    endloop
  endfacet
  facet normal 1.837907e-01 9.825627e-01 2.813478e-02
    outer loop
      vertex -1.677488e-02 6.870424e-03 1.904561e-02
      vertex -1.728367e-02 6.998764e-03 1.788722e-02
      vertex -1.774457e-02 7.051802e-03 1.904580e-02
    endloop
  endfacet
  facet normal 1.988168e-01 9.796051e-01 2.908223e-02
    outer loop
      vertex -1.774457e-02 7.051802e-03 1.904580e-02
      vertex -1.851288e-02 7.242124e-03 1.788747e-02
      vertex -1.870847e-02 7.247424e-03 1.904599e-02
    endloop
  endfacet
  facet normal 2.137486e-01 9.763769e-01 3.161779e-02
    outer loop
      vertex -1.870847e-02 7.247424e-03 1.904599e-02
      vertex -1.851288e-02 7.242124e-03 1.788747e-02
      vertex -1.934700e-02 7.387209e-03 1.904612e-02
    endloop
  endfacet
  facet normal 2.286021e-01 9.731109e-01 2.821891e-02
    outer loop
      vertex -1.934700e-02 7.387209e-03 1.904612e-02
      vertex -1.978496e-02 7.523685e-03 1.788773e-02
      vertex -2.029840e-02 7.610704e-03 1.904631e-02
    endloop
  endfacet
  facet normal 2.470114e-01 9.686500e-01 2.650632e-02
    outer loop
      vertex -2.029840e-02 7.610704e-03 1.904631e-02
      vertex -2.102706e-02 7.828213e-03 1.788797e-02
      vertex -2.155572e-02 7.931322e-03 1.904657e-02
    endloop
  endfacet
  facet normal 2.851034e-01 9.580359e-01 2.972031e-02
    outer loop
      vertex -2.248993e-02 8.188435e-03 1.904675e-02
      vertex -2.364373e-02 8.567728e-03 1.788850e-02
      vertex -2.372200e-02 8.555081e-03 1.904700e-02
    endloop
  endfacet
  facet normal 3.118349e-01 9.496586e-01 3.012490e-02
    outer loop
      vertex -2.433228e-02 8.747941e-03 1.904712e-02
      vertex -2.487497e-02 8.962887e-03 1.788875e-02
      vertex -2.493860e-02 8.947032e-03 1.904725e-02
    endloop
  endfacet
  facet normal 3.255973e-01 9.450062e-01 3.081716e-02
    outer loop
      vertex -2.493860e-02 8.947032e-03 1.904725e-02
      vertex -2.487497e-02 8.962887e-03 1.788875e-02
      vertex -2.566477e-02 9.213754e-03 1.854055e-02
    endloop
  endfacet
  facet normal 3.223477e-01 9.459379e-01 3.596473e-02
    outer loop
      vertex -2.493860e-02 8.947032e-03 1.904725e-02
      vertex -2.566477e-02 9.213754e-03 1.854055e-02
      vertex -2.554088e-02 9.152265e-03 1.904737e-02
    endloop
  endfacet
  facet normal 3.380924e-01 9.405867e-01 3.146654e-02
    outer loop
      vertex -2.554088e-02 9.152265e-03 1.904737e-02
      vertex -2.566477e-02 9.213754e-03 1.854055e-02
      vertex -2.658395e-02 9.527187e-03 1.904758e-02
    endloop
  endfacet
  facet normal 3.199856e-01 9.247089e-01 2.062104e-01
    outer loop
      vertex -2.599194e-02 9.646524e-03 1.559078e-02
      vertex -2.478654e-02 9.229461e-03 1.559054e-02
      vertex -2.529189e-02 9.599617e-03 1.471483e-02
    endloop
  endfacet
  facet normal 3.160032e-01 9.254883e-01 2.088380e-01
    outer loop
      vertex -2.529189e-02 9.599617e-03 1.471483e-02
      vertex -2.478654e-02 9.229461e-03 1.559054e-02
      vertex -2.471630e-02 9.440722e-03 1.454803e-02
    endloop
  endfacet
  facet normal 3.268102e-01 9.445321e-01 3.246934e-02
    outer loop
      vertex -2.487497e-02 8.962887e-03 1.788875e-02
      vertex -2.608633e-02 9.382013e-03 1.788899e-02
      vertex -2.566477e-02 9.213754e-03 1.854055e-02
    endloop
  endfacet
  facet normal 3.397669e-01 9.362391e-01 8.952572e-02
    outer loop
      vertex -2.605331e-02 9.474712e-03 1.679424e-02
      vertex -2.705422e-02 9.803860e-03 1.715074e-02
      vertex -2.608633e-02 9.382013e-03 1.788899e-02
    endloop
  endfacet
  facet normal 2.971916e-01 9.158836e-01 2.698785e-01
    outer loop
      vertex -2.339884e-02 9.364486e-03 1.335885e-02
      vertex -2.464873e-02 9.803961e-03 1.324379e-02
      vertex -2.414782e-02 9.390641e-03 1.409487e-02
    endloop
  endfacet
  facet normal 2.962977e-01 9.160012e-01 2.704617e-01
    outer loop
      vertex -2.414782e-02 9.390641e-03 1.409487e-02
      vertex -2.464873e-02 9.803961e-03 1.324379e-02
      vertex -2.471630e-02 9.440722e-03 1.454803e-02
    endloop
  endfacet
  facet normal 2.688233e-01 9.047094e-01 3.305071e-01
    outer loop
      vertex -2.356118e-02 9.803997e-03 1.228344e-02
      vertex -2.287930e-02 9.418669e-03 1.278359e-02
      vertex -2.269007e-02 9.552758e-03 1.226263e-02
    endloop
  endfacet
  facet normal 2.717003e-01 9.035740e-01 3.312598e-01
    outer loop
      vertex -2.269007e-02 9.552758e-03 1.226263e-02
      vertex -2.287930e-02 9.418669e-03 1.278359e-02
      vertex -2.202386e-02 9.331073e-03 1.232089e-02
    endloop
  endfacet
  facet normal 2.833248e-01 9.585018e-01 3.164460e-02
    outer loop
      vertex -2.234696e-02 8.184422e-03 1.788824e-02
      vertex -2.364373e-02 8.567728e-03 1.788850e-02
      vertex -2.248993e-02 8.188435e-03 1.904675e-02
    endloop
  endfacet
  facet normal 1.941887e-01 7.817277e-01 5.926150e-01
    outer loop
      vertex -1.887462e-02 1.143421e-02 7.301977e-03
      vertex -2.021666e-02 1.179176e-02 7.270085e-03
      vertex -2.022382e-02 1.102105e-02 8.289083e-03
    endloop
  endfacet
  facet normal 2.009550e-01 8.173772e-01 5.399182e-01
    outer loop
      vertex -1.983324e-02 1.064698e-02 8.710018e-03
      vertex -2.022382e-02 1.102105e-02 8.289083e-03
      vertex -2.036141e-02 1.042429e-02 9.243727e-03
    endloop
  endfacet
  facet normal 2.189440e-01 8.441320e-01 4.893922e-01
    outer loop
      vertex -2.049620e-02 9.899206e-03 1.020973e-02
      vertex -2.036141e-02 1.042429e-02 9.243727e-03
      vertex -2.115217e-02 1.055882e-02 9.365455e-03
    endloop
  endfacet
  facet normal 2.262447e-01 8.708730e-01 4.363412e-01
    outer loop
      vertex -2.157178e-02 1.003893e-02 1.048856e-02
      vertex -2.062340e-02 9.403565e-03 1.126491e-02
      vertex -2.049620e-02 9.899206e-03 1.020973e-02
    endloop
  endfacet
  facet normal 2.380001e-01 9.707191e-01 3.256342e-02
    outer loop
      vertex -1.978496e-02 7.523685e-03 1.788773e-02
      vertex -2.102706e-02 7.828213e-03 1.788797e-02
      vertex -2.029840e-02 7.610704e-03 1.904631e-02
    endloop
  endfacet
  facet normal 1.460227e-01 6.707577e-01 7.271599e-01
    outer loop
      vertex -1.820134e-02 1.368493e-02 4.807721e-03
      vertex -1.909110e-02 1.337055e-02 5.276391e-03
      vertex -1.838712e-02 1.287768e-02 5.589655e-03
    endloop
  endfacet
  facet normal 2.159961e-01 9.758260e-01 3.330473e-02
    outer loop
      vertex -1.851288e-02 7.242124e-03 1.788747e-02
      vertex -1.978496e-02 7.523685e-03 1.788773e-02
      vertex -1.934700e-02 7.387209e-03 1.904612e-02
    endloop
  endfacet
  facet normal 1.941150e-01 9.804456e-01 3.233894e-02
    outer loop
      vertex -1.728367e-02 6.998764e-03 1.788722e-02
      vertex -1.851288e-02 7.242124e-03 1.788747e-02
      vertex -1.774457e-02 7.051802e-03 1.904580e-02
    endloop
  endfacet
  facet normal 1.037917e-01 5.940105e-01 7.977336e-01
    outer loop
      vertex -1.551747e-02 1.472295e-02 3.561915e-03
      vertex -1.596346e-02 1.408846e-02 4.092396e-03
      vertex -1.489488e-02 1.388788e-02 4.102723e-03
    endloop
  endfacet
  facet normal 1.720098e-01 9.845246e-01 3.352662e-02
    outer loop
      vertex -1.598724e-02 6.772269e-03 1.788696e-02
      vertex -1.728367e-02 6.998764e-03 1.788722e-02
      vertex -1.677488e-02 6.870424e-03 1.904561e-02
    endloop
  endfacet
  facet normal 9.252346e-02 5.997416e-01 7.948266e-01
    outer loop
      vertex -1.439481e-02 1.382483e-02 4.092083e-03
      vertex -1.461605e-02 1.446376e-02 3.635733e-03
      vertex -1.489488e-02 1.388788e-02 4.102723e-03
    endloop
  endfacet
  facet normal 9.108718e-02 6.030238e-01 7.925058e-01
    outer loop
      vertex -1.366828e-02 1.371528e-02 4.091938e-03
      vertex -1.364919e-02 1.419729e-02 3.722979e-03
      vertex -1.439481e-02 1.382483e-02 4.092083e-03
    endloop
  endfacet
  facet normal 1.490241e-01 9.882606e-01 3.365569e-02
    outer loop
      vertex -1.465679e-02 6.571654e-03 1.788670e-02
      vertex -1.598724e-02 6.772269e-03 1.788696e-02
      vertex -1.547197e-02 6.655120e-03 1.904535e-02
    endloop
  endfacet
  facet normal 7.733182e-02 6.097606e-01 7.888040e-01
    outer loop
      vertex -1.254327e-02 1.390481e-02 3.835135e-03
      vertex -1.366828e-02 1.371528e-02 4.091938e-03
      vertex -1.250795e-02 1.356094e-02 4.097488e-03
    endloop
  endfacet
  facet normal 1.256334e-01 9.915881e-01 3.113189e-02
    outer loop
      vertex -1.331283e-02 6.401384e-03 1.788643e-02
      vertex -1.465679e-02 6.571654e-03 1.788670e-02
      vertex -1.448791e-02 6.513885e-03 1.904515e-02
    endloop
  endfacet
  facet normal 1.029884e-01 9.941283e-01 3.320225e-02
    outer loop
      vertex -1.206989e-02 6.272627e-03 1.788618e-02
      vertex -1.331283e-02 6.401384e-03 1.788643e-02
      vertex -1.283721e-02 6.313423e-03 1.904482e-02
    endloop
  endfacet
  facet normal 8.056167e-02 9.962213e-01 3.244775e-02
    outer loop
      vertex -1.074945e-02 6.165855e-03 1.788592e-02
      vertex -1.206989e-02 6.272627e-03 1.788618e-02
      vertex -1.117354e-02 6.162415e-03 1.904449e-02
    endloop
  endfacet
  facet normal 5.726195e-02 9.977880e-01 3.376697e-02
    outer loop
      vertex -9.407413e-03 6.088846e-03 1.788565e-02
      vertex -1.074945e-02 6.165855e-03 1.788592e-02
      vertex -1.017052e-02 6.093430e-03 1.904429e-02
    endloop
  endfacet
  facet normal 1.300203e-02 6.859984e-01 7.274869e-01
    outer loop
      vertex -7.914351e-03 1.157344e-02 5.585913e-03
      vertex -6.336533e-03 1.184418e-02 5.302412e-03
      vertex -6.807989e-03 1.220523e-02 4.970382e-03
    endloop
  endfacet
  facet normal 1.501467e-02 6.841396e-01 7.291965e-01
    outer loop
      vertex -7.914351e-03 1.157344e-02 5.585913e-03
      vertex -6.807989e-03 1.220523e-02 4.970382e-03
      vertex -8.440422e-03 1.244338e-02 4.780557e-03
    endloop
  endfacet
  facet normal 1.279027e-02 7.279964e-01 6.854616e-01
    outer loop
      vertex -6.271019e-03 1.112784e-02 6.028503e-03
      vertex -7.914351e-03 1.157344e-02 5.585913e-03
      vertex -7.550150e-03 1.104395e-02 6.141464e-03
    endloop
  endfacet
  facet normal 1.695330e-02 7.693633e-01 6.385865e-01
    outer loop
      vertex -6.807578e-03 1.042600e-02 6.827067e-03
      vertex -8.132209e-03 1.076344e-02 6.455679e-03
      vertex -8.209252e-03 1.006320e-02 7.301370e-03
    endloop
  endfacet
  facet normal 1.765794e-02 8.060798e-01 5.915434e-01
    outer loop
      vertex -6.807360e-03 9.641775e-03 7.833789e-03
      vertex -8.209252e-03 1.006320e-02 7.301370e-03
      vertex -8.012762e-03 9.338474e-03 8.283071e-03
    endloop
  endfacet
  facet normal 1.573160e-02 8.417874e-01 5.395800e-01
    outer loop
      vertex -6.807225e-03 9.203221e-03 8.458928e-03
      vertex -8.012762e-03 9.338474e-03 8.283071e-03
      vertex -8.147181e-03 8.725415e-03 9.243410e-03
    endloop
  endfacet
  facet normal 1.884997e-02 8.720673e-01 4.890229e-01
    outer loop
      vertex -6.806949e-03 8.407839e-03 9.758079e-03
      vertex -8.147181e-03 8.725415e-03 9.243410e-03
      vertex -8.183880e-03 8.180959e-03 1.021575e-02
    endloop
  endfacet
  facet normal 1.961196e-02 8.995638e-01 4.363488e-01
    outer loop
      vertex -6.806759e-03 7.937203e-03 1.065637e-02
      vertex -8.183880e-03 8.180959e-03 1.021575e-02
      vertex -8.097559e-03 7.668915e-03 1.126748e-02
    endloop
  endfacet
  facet normal 1.951862e-02 9.260864e-01 3.768064e-01
    outer loop
      vertex -6.806566e-03 7.515304e-03 1.157814e-02
      vertex -8.097559e-03 7.668915e-03 1.126748e-02
      vertex -7.602438e-03 7.227472e-03 1.232678e-02
    endloop
  endfacet
  facet normal 2.032922e-02 9.442201e-01 3.286870e-01
    outer loop
      vertex -6.806272e-03 6.975779e-03 1.300058e-02
      vertex -7.602438e-03 7.227472e-03 1.232678e-02
      vertex -8.283130e-03 6.881147e-03 1.336377e-02
    endloop
  endfacet
  facet normal 2.082144e-02 9.631053e-01 2.683183e-01
    outer loop
      vertex -6.806072e-03 6.679611e-03 1.397255e-02
      vertex -8.283130e-03 6.881147e-03 1.336377e-02
      vertex -8.163124e-03 6.549543e-03 1.454472e-02
    endloop
  endfacet
  facet normal 2.087128e-02 9.794367e-01 2.006690e-01
    outer loop
      vertex -6.805870e-03 6.435293e-03 1.496119e-02
      vertex -8.163124e-03 6.549543e-03 1.454472e-02
      vertex -6.805769e-03 6.332857e-03 1.546116e-02
    endloop
  endfacet
  facet normal 1.882726e-02 9.885146e-01 1.499478e-01
    outer loop
      vertex -6.805667e-03 6.243716e-03 1.596457e-02
      vertex -8.168250e-03 6.326907e-03 1.558722e-02
      vertex -8.172383e-03 6.144435e-03 1.679067e-02
    endloop
  endfacet
  facet normal 3.473321e-02 9.988919e-01 3.175671e-02
    outer loop
      vertex -8.174524e-03 6.045984e-03 1.788541e-02
      vertex -9.407413e-03 6.088846e-03 1.788565e-02
      vertex -8.491184e-03 6.020163e-03 1.904396e-02
    endloop
  endfacet
  facet normal 1.752906e-02 9.958245e-01 8.958911e-02
    outer loop
      vertex -6.805360e-03 6.057187e-03 1.749299e-02
      vertex -8.172383e-03 6.144435e-03 1.679067e-02
      vertex -8.174524e-03 6.045984e-03 1.788541e-02
    endloop
  endfacet
  facet normal 1.001965e-02 6.643642e-01 7.473419e-01
    outer loop
      vertex -6.807989e-03 1.220523e-02 4.970382e-03
      vertex -7.496933e-03 1.273263e-02 4.510779e-03
      vertex -8.440422e-03 1.244338e-02 4.780557e-03
    endloop
  endfacet
  facet normal 1.856512e-02 9.993775e-01 2.999854e-02
    outer loop
      vertex -8.174524e-03 6.045984e-03 1.788541e-02
      vertex -7.971724e-03 6.019884e-03 1.862941e-02
      vertex -6.805154e-03 6.001357e-03 1.852469e-02
    endloop
  endfacet
  facet normal 1.292765e-01 5.840380e-01 8.013659e-01
    outer loop
      vertex -1.687713e-02 1.512791e-02 3.464158e-03
      vertex -1.826640e-02 1.457668e-02 4.090012e-03
      vertex -1.703746e-02 1.430109e-02 4.092611e-03
    endloop
  endfacet
  facet normal 3.415542e-01 9.396125e-01 2.165953e-02
    outer loop
      vertex -2.608633e-02 9.382013e-03 1.788899e-02
      vertex -2.726764e-02 9.803843e-03 1.821778e-02
      vertex -2.566477e-02 9.213754e-03 1.854055e-02
    endloop
  endfacet
  facet normal 3.181325e-01 9.256884e-01 2.046770e-01
    outer loop
      vertex -2.529189e-02 9.599617e-03 1.471483e-02
      vertex -2.617581e-02 9.803904e-03 1.516479e-02
      vertex -2.599194e-02 9.646524e-03 1.559078e-02
    endloop
  endfacet
  facet normal 3.454838e-01 9.384247e-01 -4.557144e-05
    outer loop
      vertex -2.684201e-02 9.622083e-03 2.205445e-02
      vertex -2.678171e-02 9.599981e-03 2.406882e-02
      vertex -2.625616e-02 9.406433e-03 2.271331e-02
    endloop
  endfacet
  facet normal 3.485681e-01 9.372799e-01 2.562742e-03
    outer loop
      vertex -2.732129e-02 9.803761e-03 2.578807e-02
      vertex -2.656553e-02 9.520649e-03 2.653865e-02
      vertex -2.615439e-02 9.370543e-03 2.551656e-02
    endloop
  endfacet
  facet normal 3.503995e-01 9.365997e-01 1.108407e-03
    outer loop
      vertex -2.732236e-02 9.803820e-03 2.034133e-02
      vertex -2.684201e-02 9.622083e-03 2.205445e-02
      vertex -2.647851e-02 9.487608e-03 2.077264e-02
    endloop
  endfacet
  facet normal 3.312229e-01 9.435523e-01 7.079116e-04
    outer loop
      vertex -2.534452e-02 9.085765e-03 2.357567e-02
      vertex -2.625616e-02 9.406433e-03 2.271331e-02
      vertex -2.613627e-02 9.363213e-03 2.422274e-02
    endloop
  endfacet
  facet normal 3.359327e-01 9.418855e-01 9.084756e-04
    outer loop
      vertex -2.647851e-02 9.487608e-03 2.077264e-02
      vertex -2.625616e-02 9.406433e-03 2.271331e-02
      vertex -2.566351e-02 9.195524e-03 2.222802e-02
    endloop
  endfacet
  facet normal 3.279233e-01 9.447038e-01 -1.036587e-03
    outer loop
      vertex -2.578480e-02 9.238756e-03 2.891274e-02
      vertex -2.597865e-02 9.307284e-03 3.004486e-02
      vertex -2.523455e-02 9.047989e-03 2.912826e-02
    endloop
  endfacet
  facet normal 3.319644e-01 9.432915e-01 -9.218464e-04
    outer loop
      vertex -2.597865e-02 9.307284e-03 3.004486e-02
      vertex -2.607178e-02 9.341360e-03 3.137434e-02
      vertex -2.544917e-02 9.121785e-03 3.089904e-02
    endloop
  endfacet
  facet normal 3.278286e-01 9.447369e-01 -7.654847e-04
    outer loop
      vertex -2.553002e-02 9.149342e-03 2.767278e-02
      vertex -2.578480e-02 9.238756e-03 2.891274e-02
      vertex -2.523455e-02 9.047989e-03 2.912826e-02
    endloop
  endfacet
  facet normal 3.109998e-01 9.504096e-01 8.384586e-04
    outer loop
      vertex -2.502562e-02 8.976866e-03 2.120362e-02
      vertex -2.481520e-02 8.906917e-03 2.244348e-02
      vertex -2.414601e-02 8.688843e-03 2.141908e-02
    endloop
  endfacet
  facet normal 2.968261e-01 9.549314e-01 5.549073e-04
    outer loop
      vertex -2.340816e-02 8.459754e-03 2.097418e-02
      vertex -2.423066e-02 8.715815e-03 2.028701e-02
      vertex -2.414601e-02 8.688843e-03 2.141908e-02
    endloop
  endfacet
  facet normal 2.978304e-01 9.546188e-01 1.792353e-04
    outer loop
      vertex -2.414601e-02 8.688843e-03 2.141908e-02
      vertex -2.399168e-02 8.640451e-03 2.271286e-02
      vertex -2.352151e-02 8.493886e-03 2.206586e-02
    endloop
  endfacet
  facet normal 3.062179e-01 9.519593e-01 2.019538e-03
    outer loop
      vertex -2.472802e-02 8.878056e-03 2.961334e-02
      vertex -2.414413e-02 8.688976e-03 3.020622e-02
      vertex -2.382792e-02 8.590007e-03 2.891234e-02
    endloop
  endfacet
  facet normal 3.087860e-01 9.511312e-01 -7.736605e-04
    outer loop
      vertex -2.472802e-02 8.878056e-03 2.961334e-02
      vertex -2.482993e-02 8.912526e-03 3.131662e-02
      vertex -2.414413e-02 8.688976e-03 3.020622e-02
    endloop
  endfacet
  facet normal 3.093569e-01 9.509459e-01 -3.837205e-04
    outer loop
      vertex -2.482993e-02 8.912526e-03 3.131662e-02
      vertex -2.410868e-02 8.678039e-03 3.168007e-02
      vertex -2.414413e-02 8.688976e-03 3.020622e-02
    endloop
  endfacet
  facet normal 2.715591e-01 9.624215e-01 -7.492206e-04
    outer loop
      vertex -2.179468e-02 7.996117e-03 2.333237e-02
      vertex -2.192418e-02 8.031501e-03 2.184990e-02
      vertex -2.285743e-02 8.295513e-03 2.272611e-02
    endloop
  endfacet
  facet normal 2.796732e-01 9.600951e-01 -5.448135e-04
    outer loop
      vertex -2.256357e-02 8.210698e-03 2.411420e-02
      vertex -2.285743e-02 8.295513e-03 2.272611e-02
      vertex -2.305251e-02 8.353340e-03 2.449166e-02
    endloop
  endfacet
  facet normal 2.755135e-01 9.612972e-01 2.276005e-04
    outer loop
      vertex -2.289827e-02 8.307806e-03 2.957254e-02
      vertex -2.228242e-02 8.130980e-03 3.093361e-02
      vertex -2.224646e-02 8.121162e-03 2.886822e-02
    endloop
  endfacet
  facet normal 2.938993e-01 9.558334e-01 2.366880e-03
    outer loop
      vertex -2.303163e-02 8.347181e-03 3.155372e-02
      vertex -2.410868e-02 8.678039e-03 3.168007e-02
      vertex -2.355844e-02 8.505957e-03 3.284872e-02
    endloop
  endfacet
  facet normal 2.911679e-01 9.566714e-01 -1.078821e-03
    outer loop
      vertex -2.289827e-02 8.307806e-03 2.957254e-02
      vertex -2.299004e-02 8.334295e-03 2.829222e-02
      vertex -2.382792e-02 8.590007e-03 2.891234e-02
    endloop
  endfacet
  facet normal 2.734285e-01 9.618923e-01 3.375933e-04
    outer loop
      vertex -2.270347e-02 8.252522e-03 2.722073e-02
      vertex -2.196001e-02 8.041405e-03 2.659389e-02
      vertex -2.300058e-02 8.337370e-03 2.610892e-02
    endloop
  endfacet
  facet normal 2.754314e-01 9.613207e-01 1.454176e-04
    outer loop
      vertex -2.224646e-02 8.121162e-03 2.886822e-02
      vertex -2.299004e-02 8.334295e-03 2.829222e-02
      vertex -2.289827e-02 8.307806e-03 2.957254e-02
    endloop
  endfacet
  facet normal 2.534175e-01 9.673569e-01 -4.933032e-04
    outer loop
      vertex -2.095575e-02 7.774438e-03 2.573114e-02
      vertex -2.129989e-02 7.863906e-03 2.438349e-02
      vertex -2.162285e-02 7.949167e-03 2.567063e-02
    endloop
  endfacet
  facet normal 2.666123e-01 9.638039e-01 6.071175e-05
    outer loop
      vertex -2.228242e-02 8.130980e-03 3.093361e-02
      vertex -2.168284e-02 7.965202e-03 2.962621e-02
      vertex -2.224646e-02 8.121162e-03 2.886822e-02
    endloop
  endfacet
  facet normal 2.646365e-01 9.643480e-01 6.435398e-04
    outer loop
      vertex -2.183548e-02 8.006889e-03 3.308988e-02
      vertex -2.158777e-02 7.940246e-03 3.109520e-02
      vertex -2.228242e-02 8.130980e-03 3.093361e-02
    endloop
  endfacet
  facet normal 2.533561e-01 9.673731e-01 2.300081e-04
    outer loop
      vertex -2.100105e-02 7.785894e-03 2.744276e-02
      vertex -2.095575e-02 7.774438e-03 2.573114e-02
      vertex -2.162285e-02 7.949167e-03 2.567063e-02
    endloop
  endfacet
  facet normal 2.555725e-01 9.667872e-01 2.285811e-03
    outer loop
      vertex -2.169092e-02 7.967339e-03 2.783374e-02
      vertex -2.100105e-02 7.785894e-03 2.744276e-02
      vertex -2.196001e-02 8.041405e-03 2.659389e-02
    endloop
  endfacet
  facet normal 2.575382e-01 9.662681e-01 1.705370e-04
    outer loop
      vertex -2.141706e-02 7.895115e-03 3.453665e-02
      vertex -2.121010e-02 7.840296e-03 3.259109e-02
      vertex -2.183548e-02 8.006889e-03 3.308988e-02
    endloop
  endfacet
  facet normal 2.384816e-01 9.711430e-01 2.775617e-03
    outer loop
      vertex -2.106202e-02 7.801535e-03 2.213275e-02
      vertex -2.069750e-02 7.709132e-03 2.314347e-02
      vertex -1.998110e-02 7.534362e-03 2.273901e-02
    endloop
  endfacet
  facet normal 2.317783e-01 9.727685e-01 4.521815e-04
    outer loop
      vertex -2.042161e-02 7.640298e-03 2.063665e-02
      vertex -1.998110e-02 7.534362e-03 2.273901e-02
      vertex -1.969689e-02 7.467535e-03 2.082518e-02
    endloop
  endfacet
  facet normal 2.326022e-01 9.725719e-01 -1.988702e-04
    outer loop
      vertex -1.978676e-02 7.489855e-03 3.327901e-02
      vertex -1.978913e-02 7.490057e-03 3.149916e-02
      vertex -2.055369e-02 7.673165e-03 3.273921e-02
    endloop
  endfacet
  facet normal 2.468337e-01 9.690578e-01 -4.297224e-04
    outer loop
      vertex -2.055369e-02 7.673165e-03 3.273921e-02
      vertex -2.074760e-02 7.721935e-03 3.133762e-02
      vertex -2.121010e-02 7.840296e-03 3.259109e-02
    endloop
  endfacet
  facet normal 2.311304e-01 9.729227e-01 3.328422e-04
    outer loop
      vertex -1.989304e-02 7.513816e-03 2.734819e-02
      vertex -1.970929e-02 7.470716e-03 2.573089e-02
      vertex -2.025375e-02 7.599950e-03 2.605445e-02
    endloop
  endfacet
  facet normal 2.328932e-01 9.725023e-01 -7.821403e-05
    outer loop
      vertex -2.001723e-02 7.543707e-03 2.923503e-02
      vertex -1.989304e-02 7.513816e-03 2.734819e-02
      vertex -2.039199e-02 7.633352e-03 2.796825e-02
    endloop
  endfacet
  facet normal 2.327985e-01 9.725250e-01 -1.587237e-04
    outer loop
      vertex -1.989304e-02 7.513816e-03 2.734819e-02
      vertex -2.025375e-02 7.599950e-03 2.605445e-02
      vertex -2.039199e-02 7.633352e-03 2.796825e-02
    endloop
  endfacet
  facet normal 2.468808e-01 9.690456e-01 -6.523423e-04
    outer loop
      vertex -2.049908e-02 7.660183e-03 3.412329e-02
      vertex -2.055369e-02 7.673165e-03 3.273921e-02
      vertex -2.121010e-02 7.840296e-03 3.259109e-02
    endloop
  endfacet
  facet normal 2.261148e-01 9.740998e-01 -1.280760e-03
    outer loop
      vertex -1.929183e-02 7.375570e-03 2.365532e-02
      vertex -1.998110e-02 7.534362e-03 2.273901e-02
      vertex -2.030998e-02 7.613363e-03 2.476065e-02
    endloop
  endfacet
  facet normal 2.076011e-01 9.782134e-01 5.417805e-04
    outer loop
      vertex -1.898318e-02 7.307103e-03 2.098677e-02
      vertex -1.871296e-02 7.249084e-03 2.219967e-02
      vertex -1.833359e-02 7.169304e-03 2.087882e-02
    endloop
  endfacet
  facet normal 2.232418e-01 9.747629e-01 -5.906010e-04
    outer loop
      vertex -2.001723e-02 7.543707e-03 2.923503e-02
      vertex -2.009559e-02 7.562470e-03 3.058277e-02
      vertex -1.907077e-02 7.327227e-03 2.969307e-02
    endloop
  endfacet
  facet normal 2.212549e-01 9.752160e-01 7.994002e-05
    outer loop
      vertex -1.907077e-02 7.327227e-03 2.969307e-02
      vertex -1.978913e-02 7.490057e-03 3.149916e-02
      vertex -1.904567e-02 7.321364e-03 3.171464e-02
    endloop
  endfacet
  facet normal 2.213275e-01 9.751995e-01 -1.835903e-04
    outer loop
      vertex -1.904567e-02 7.321364e-03 3.171464e-02
      vertex -1.978913e-02 7.490057e-03 3.149916e-02
      vertex -1.978676e-02 7.489855e-03 3.327901e-02
    endloop
  endfacet
  facet normal 1.905262e-01 9.816820e-01 4.601906e-04
    outer loop
      vertex -1.736928e-02 6.979784e-03 2.616169e-02
      vertex -1.733461e-02 6.973739e-03 2.470615e-02
      vertex -1.804873e-02 7.111804e-03 2.583838e-02
    endloop
  endfacet
  facet normal 2.029019e-01 9.791990e-01 -4.257883e-04
    outer loop
      vertex -1.871296e-02 7.249084e-03 2.219967e-02
      vertex -1.880850e-02 7.269878e-03 2.449081e-02
      vertex -1.801988e-02 7.105880e-03 2.314293e-02
    endloop
  endfacet
  facet normal 1.951098e-01 9.807811e-01 7.896354e-04
    outer loop
      vertex -1.786211e-02 7.074903e-03 2.163345e-02
      vertex -1.754247e-02 7.012510e-03 2.015089e-02
      vertex -1.833359e-02 7.169304e-03 2.087882e-02
    endloop
  endfacet
  facet normal 2.011430e-01 9.795615e-01 9.216274e-04
    outer loop
      vertex -1.871296e-02 7.249084e-03 2.219967e-02
      vertex -1.801988e-02 7.105880e-03 2.314293e-02
      vertex -1.786211e-02 7.074903e-03 2.163345e-02
    endloop
  endfacet
  facet normal 1.852330e-01 9.826936e-01 -1.420299e-03
    outer loop
      vertex -1.700789e-02 6.912757e-03 2.085160e-02
      vertex -1.754247e-02 7.012510e-03 2.015089e-02
      vertex -1.786211e-02 7.074903e-03 2.163345e-02
    endloop
  endfacet
  facet normal 1.886954e-01 9.820356e-01 -4.301618e-04
    outer loop
      vertex -1.786211e-02 7.074903e-03 2.163345e-02
      vertex -1.801988e-02 7.105880e-03 2.314293e-02
      vertex -1.718707e-02 6.945809e-03 2.303495e-02
    endloop
  endfacet
  facet normal 2.059658e-01 9.785563e-01 -2.383797e-03
    outer loop
      vertex -1.881008e-02 7.271228e-03 3.489522e-02
      vertex -1.897908e-02 7.309891e-03 3.616408e-02
      vertex -1.793872e-02 7.090296e-03 3.590903e-02
    endloop
  endfacet
  facet normal 1.941842e-01 9.809639e-01 1.513654e-03
    outer loop
      vertex -1.793872e-02 7.090296e-03 3.590903e-02
      vertex -1.755254e-02 7.015415e-03 3.489497e-02
      vertex -1.842860e-02 7.189331e-03 3.457169e-02
    endloop
  endfacet
  facet normal 1.841348e-01 9.828979e-01 -2.456234e-03
    outer loop
      vertex -1.662907e-02 6.845376e-03 3.608078e-02
      vertex -1.755254e-02 7.015415e-03 3.489497e-02
      vertex -1.793872e-02 7.090296e-03 3.590903e-02
    endloop
  endfacet
  facet normal 1.618886e-01 9.868090e-01 -3.294416e-04
    outer loop
      vertex -1.568174e-02 6.688956e-03 2.432846e-02
      vertex -1.569803e-02 6.691098e-03 2.274152e-02
      vertex -1.649324e-02 6.821887e-03 2.373562e-02
    endloop
  endfacet
  facet normal 1.773880e-01 9.841410e-01 1.370876e-04
    outer loop
      vertex -1.733461e-02 6.973739e-03 2.470615e-02
      vertex -1.736928e-02 6.979784e-03 2.616169e-02
      vertex -1.655667e-02 6.833353e-03 2.589199e-02
    endloop
  endfacet
  facet normal 1.752052e-01 9.845318e-01 -5.260513e-04
    outer loop
      vertex -1.700789e-02 6.912757e-03 2.085160e-02
      vertex -1.718707e-02 6.945809e-03 2.303495e-02
      vertex -1.649746e-02 6.822454e-03 2.184882e-02
    endloop
  endfacet
  facet normal 1.868999e-01 9.823788e-01 4.662670e-04
    outer loop
      vertex -1.786211e-02 7.074903e-03 2.163345e-02
      vertex -1.718707e-02 6.945809e-03 2.303495e-02
      vertex -1.700789e-02 6.912757e-03 2.085160e-02
    endloop
  endfacet
  facet normal 1.627217e-01 9.866719e-01 -5.371921e-04
    outer loop
      vertex -1.649746e-02 6.822454e-03 2.184882e-02
      vertex -1.569803e-02 6.691098e-03 2.274152e-02
      vertex -1.585099e-02 6.715414e-03 2.106701e-02
    endloop
  endfacet
  facet normal 1.675105e-01 9.858640e-01 3.533198e-03
    outer loop
      vertex -1.700789e-02 6.912757e-03 2.085160e-02
      vertex -1.649746e-02 6.822454e-03 2.184882e-02
      vertex -1.585099e-02 6.715414e-03 2.106701e-02
    endloop
  endfacet
  facet normal 1.625187e-01 9.867038e-01 -1.789814e-03
    outer loop
      vertex -1.565105e-02 6.684581e-03 3.624231e-02
      vertex -1.605257e-02 6.748173e-03 3.484076e-02
      vertex -1.662907e-02 6.845376e-03 3.608078e-02
    endloop
  endfacet
  facet normal 1.528831e-01 9.882442e-01 3.843848e-04
    outer loop
      vertex -1.585099e-02 6.715414e-03 2.106701e-02
      vertex -1.569803e-02 6.691098e-03 2.274152e-02
      vertex -1.516132e-02 6.608752e-03 2.098600e-02
    endloop
  endfacet
  facet normal 1.350623e-01 9.908367e-01 -9.327637e-04
    outer loop
      vertex -1.416366e-02 6.470848e-03 3.682153e-02
      vertex -1.481441e-02 6.558854e-03 3.608041e-02
      vertex -1.501487e-02 6.587524e-03 3.750904e-02
    endloop
  endfacet
  facet normal 1.538528e-01 9.880938e-01 1.572599e-04
    outer loop
      vertex -1.520598e-02 6.616501e-03 3.390730e-02
      vertex -1.604910e-02 6.747898e-03 3.316959e-02
      vertex -1.605257e-02 6.748173e-03 3.484076e-02
    endloop
  endfacet
  facet normal 1.430138e-01 9.897201e-01 1.068060e-03
    outer loop
      vertex -1.481441e-02 6.558854e-03 3.608041e-02
      vertex -1.457096e-02 6.525014e-03 3.484046e-02
      vertex -1.531711e-02 6.632679e-03 3.498212e-02
    endloop
  endfacet
  facet normal 1.334879e-01 9.910479e-01 2.230927e-03
    outer loop
      vertex -1.516132e-02 6.608752e-03 2.098600e-02
      vertex -1.482753e-02 6.560516e-03 2.244148e-02
      vertex -1.405231e-02 6.456462e-03 2.227960e-02
    endloop
  endfacet
  facet normal 1.166716e-01 9.931697e-01 1.265285e-03
    outer loop
      vertex -1.416366e-02 6.470848e-03 3.682153e-02
      vertex -1.379638e-02 6.425178e-03 3.880208e-02
      vertex -1.288963e-02 6.320479e-03 3.737385e-02
    endloop
  endfacet
  facet normal 1.159366e-01 9.932563e-01 7.923416e-04
    outer loop
      vertex -1.310903e-02 6.344805e-03 3.898124e-02
      vertex -1.288963e-02 6.320479e-03 3.737385e-02
      vertex -1.379638e-02 6.425178e-03 3.880208e-02
    endloop
  endfacet
  facet normal 1.051485e-01 9.944564e-01 -4.200011e-04
    outer loop
      vertex -1.248566e-02 6.277996e-03 2.157847e-02
      vertex -1.272307e-02 6.302484e-03 2.012298e-02
      vertex -1.318853e-02 6.352177e-03 2.125516e-02
    endloop
  endfacet
  facet normal 1.047285e-01 9.945007e-01 5.030750e-04
    outer loop
      vertex -1.318853e-02 6.352177e-03 2.125516e-02
      vertex -1.291939e-02 6.323071e-03 2.276455e-02
      vertex -1.248566e-02 6.277996e-03 2.157847e-02
    endloop
  endfacet
  facet normal 9.547549e-02 9.954311e-01 1.174174e-03
    outer loop
      vertex -1.272307e-02 6.302484e-03 2.012298e-02
      vertex -1.248566e-02 6.277996e-03 2.157847e-02
      vertex -1.177513e-02 6.211469e-03 2.020365e-02
    endloop
  endfacet
  facet normal 1.012389e-01 9.948618e-01 -7.867442e-04
    outer loop
      vertex -1.219222e-02 6.249030e-03 2.271050e-02
      vertex -1.248566e-02 6.277996e-03 2.157847e-02
      vertex -1.291939e-02 6.323071e-03 2.276455e-02
    endloop
  endfacet
  facet normal 1.017221e-01 9.948122e-01 -1.171362e-03
    outer loop
      vertex -1.214137e-02 6.245213e-03 3.843144e-02
      vertex -1.288963e-02 6.320479e-03 3.737385e-02
      vertex -1.310903e-02 6.344805e-03 3.898124e-02
    endloop
  endfacet
  facet normal 9.953009e-02 9.950345e-01 3.953260e-04
    outer loop
      vertex -1.288963e-02 6.320479e-03 3.737385e-02
      vertex -1.214137e-02 6.245213e-03 3.843144e-02
      vertex -1.195115e-02 6.226851e-03 3.675371e-02
    endloop
  endfacet
  facet normal 1.140867e-01 9.934704e-01 -9.110344e-04
    outer loop
      vertex -1.365199e-02 6.407127e-03 3.457074e-02
      vertex -1.378543e-02 6.423584e-03 3.580730e-02
      vertex -1.288115e-02 6.318829e-03 3.481317e-02
    endloop
  endfacet
  facet normal 1.148761e-01 9.933798e-01 -1.834236e-04
    outer loop
      vertex -1.282510e-02 6.312620e-03 3.629565e-02
      vertex -1.288115e-02 6.318829e-03 3.481317e-02
      vertex -1.378543e-02 6.423584e-03 3.580730e-02
    endloop
  endfacet
  facet normal 1.002783e-01 9.949594e-01 -1.392109e-04
    outer loop
      vertex -1.207608e-02 6.238394e-03 3.424697e-02
      vertex -1.207814e-02 6.238436e-03 3.306097e-02
      vertex -1.291995e-02 6.323290e-03 3.314201e-02
    endloop
  endfacet
  facet normal 8.587632e-02 9.963057e-01 -3.642347e-04
    outer loop
      vertex -1.150324e-02 6.188278e-03 2.257558e-02
      vertex -1.201084e-02 6.232769e-03 2.459727e-02
      vertex -1.135525e-02 6.176084e-03 2.411196e-02
    endloop
  endfacet
  facet normal 8.833938e-02 9.960871e-01 2.588400e-03
    outer loop
      vertex -1.248566e-02 6.277996e-03 2.157847e-02
      vertex -1.219222e-02 6.249030e-03 2.271050e-02
      vertex -1.150324e-02 6.188278e-03 2.257558e-02
    endloop
  endfacet
  facet normal 7.403624e-02 9.972555e-01 2.751478e-04
    outer loop
      vertex -1.130675e-02 6.172805e-03 3.217133e-02
      vertex -1.064827e-02 6.124314e-03 3.074261e-02
      vertex -1.146495e-02 6.185019e-03 3.047322e-02
    endloop
  endfacet
  facet normal 8.422103e-02 9.964462e-01 -1.355902e-03
    outer loop
      vertex -1.116536e-02 6.162579e-03 3.832817e-02
      vertex -1.195115e-02 6.226851e-03 3.675371e-02
      vertex -1.214137e-02 6.245213e-03 3.843144e-02
    endloop
  endfacet
  facet normal 8.363549e-02 9.964958e-01 -1.061640e-03
    outer loop
      vertex -1.195115e-02 6.226851e-03 3.675371e-02
      vertex -1.116536e-02 6.162579e-03 3.832817e-02
      vertex -1.119238e-02 6.163829e-03 3.737350e-02
    endloop
  endfacet
  facet normal 6.526909e-02 9.978672e-01 -1.029990e-03
    outer loop
      vertex -1.009731e-02 6.089883e-03 2.185427e-02
      vertex -1.035896e-02 6.105655e-03 2.055378e-02
      vertex -1.093206e-02 6.143808e-03 2.120080e-02
    endloop
  endfacet
  facet normal 6.376305e-02 9.979647e-01 9.018771e-04
    outer loop
      vertex -1.093206e-02 6.143808e-03 2.120080e-02
      vertex -1.067127e-02 6.125977e-03 2.249456e-02
      vertex -1.009731e-02 6.089883e-03 2.185427e-02
    endloop
  endfacet
  facet normal 5.220782e-02 9.986349e-01 1.607160e-03
    outer loop
      vertex -1.035896e-02 6.105655e-03 2.055378e-02
      vertex -1.009731e-02 6.089883e-03 2.185427e-02
      vertex -9.319159e-03 6.050601e-03 2.098484e-02
    endloop
  endfacet
  facet normal 4.892253e-02 9.988024e-01 -5.350225e-04
    outer loop
      vertex -9.952960e-03 6.081446e-03 3.572904e-02
      vertex -1.006664e-02 6.088076e-03 3.771021e-02
      vertex -9.264856e-03 6.047928e-03 3.607594e-02
    endloop
  endfacet
  facet normal 6.731837e-02 9.977314e-01 -5.981871e-04
    outer loop
      vertex -1.119238e-02 6.163829e-03 3.737350e-02
      vertex -1.116536e-02 6.162579e-03 3.832817e-02
      vertex -1.006664e-02 6.088076e-03 3.771021e-02
    endloop
  endfacet
  facet normal 6.066512e-02 9.981582e-01 1.409291e-04
    outer loop
      vertex -1.006664e-02 6.088076e-03 3.771021e-02
      vertex -9.952960e-03 6.081446e-03 3.572904e-02
      vertex -1.058185e-02 6.119615e-03 3.610653e-02
    endloop
  endfacet
  facet normal 6.086843e-02 9.981457e-01 4.808985e-04
    outer loop
      vertex -1.058185e-02 6.119615e-03 3.610653e-02
      vertex -9.952960e-03 6.081446e-03 3.572904e-02
      vertex -1.070615e-02 6.127935e-03 3.457015e-02
    endloop
  endfacet
  facet normal 3.049854e-02 9.995343e-01 1.017478e-03
    outer loop
      vertex -9.030581e-03 6.038302e-03 2.254814e-02
      vertex -8.511645e-03 6.020767e-03 2.421921e-02
      vertex -8.108974e-03 6.010058e-03 2.266925e-02
    endloop
  endfacet
  facet normal 2.902075e-02 9.995787e-01 -4.610268e-04
    outer loop
      vertex -8.173124e-03 6.011884e-03 2.626768e-02
      vertex -8.511645e-03 6.020767e-03 2.421921e-02
      vertex -8.782612e-03 6.029281e-03 2.562090e-02
    endloop
  endfacet
  facet normal 3.467451e-02 9.993976e-01 1.461572e-03
    outer loop
      vertex -9.319159e-03 6.050601e-03 2.098484e-02
      vertex -9.030581e-03 6.038302e-03 2.254814e-02
      vertex -8.305538e-03 6.014901e-03 2.134853e-02
    endloop
  endfacet
  facet normal 3.794432e-02 9.992799e-01 -4.319748e-05
    outer loop
      vertex -8.610685e-03 6.023090e-03 3.613309e-02
      vertex -9.139587e-03 6.043106e-03 3.456984e-02
      vertex -9.264856e-03 6.047928e-03 3.607594e-02
    endloop
  endfacet
  facet normal 2.671316e-02 9.996431e-01 -3.461884e-04
    outer loop
      vertex -8.015173e-03 6.007363e-03 3.667206e-02
      vertex -8.209208e-03 6.011932e-03 3.489311e-02
      vertex -8.610685e-03 6.023090e-03 3.613309e-02
    endloop
  endfacet
  facet normal 1.100050e-02 9.999394e-01 3.087773e-04
    outer loop
      vertex -7.024184e-03 5.995637e-03 2.422601e-02
      vertex -7.014077e-03 5.996004e-03 2.267690e-02
      vertex -7.885378e-03 6.005147e-03 2.411127e-02
    endloop
  endfacet
  facet normal 1.548274e-02 9.998792e-01 1.361999e-03
    outer loop
      vertex -8.305538e-03 6.014901e-03 2.134853e-02
      vertex -8.108974e-03 6.010058e-03 2.266925e-02
      vertex -7.116887e-03 5.996130e-03 2.161675e-02
    endloop
  endfacet
  facet normal 1.284297e-02 9.999169e-01 -1.126749e-03
    outer loop
      vertex -7.014077e-03 5.996004e-03 2.267690e-02
      vertex -7.116887e-03 5.996130e-03 2.161675e-02
      vertex -8.108974e-03 6.010058e-03 2.266925e-02
    endloop
  endfacet
  facet normal 1.012004e-02 9.999487e-01 2.889253e-04
    outer loop
      vertex -7.779153e-03 6.003243e-03 2.019612e-02
      vertex -7.116887e-03 5.996130e-03 2.161675e-02
      vertex -6.988015e-03 5.995269e-03 2.008324e-02
    endloop
  endfacet
  facet normal 1.336365e-02 9.999107e-01 -5.767307e-06
    outer loop
      vertex -8.015173e-03 6.007363e-03 3.667206e-02
      vertex -8.010007e-03 6.007302e-03 3.797784e-02
      vertex -7.198735e-03 5.996458e-03 3.768142e-02
    endloop
  endfacet
  facet normal 1.815854e-02 9.998345e-01 -1.137667e-03
    outer loop
      vertex -7.315672e-03 5.997044e-03 3.607008e-02
      vertex -7.613247e-03 6.000434e-03 3.429999e-02
      vertex -8.209208e-03 6.011932e-03 3.489311e-02
    endloop
  endfacet
  facet normal 1.976475e-02 9.998046e-01 3.613893e-04
    outer loop
      vertex -8.263592e-03 6.013544e-03 3.359930e-02
      vertex -7.613247e-03 6.000434e-03 3.429999e-02
      vertex -7.617451e-03 6.000967e-03 3.305503e-02
    endloop
  endfacet
  facet normal 3.286131e-02 9.994509e-01 -4.236233e-03
    outer loop
      vertex -8.531788e-03 6.021296e-03 3.885123e-02
      vertex -9.379546e-03 6.052430e-03 3.962045e-02
      vertex -7.975266e-03 6.006683e-03 3.972072e-02
    endloop
  endfacet
  facet normal 3.642436e-02 9.993364e-01 -3.047427e-04
    outer loop
      vertex -8.531788e-03 6.021296e-03 3.885123e-02
      vertex -9.253888e-03 6.047339e-03 3.794741e-02
      vertex -9.379546e-03 6.052430e-03 3.962045e-02
    endloop
  endfacet
  facet normal 5.457983e-02 9.985090e-01 -8.707878e-04
    outer loop
      vertex -9.379546e-03 6.052430e-03 3.962045e-02
      vertex -1.011151e-02 6.091659e-03 3.872496e-02
      vertex -1.030402e-02 6.102869e-03 3.951233e-02
    endloop
  endfacet
  facet normal 6.745825e-02 9.977195e-01 2.289195e-03
    outer loop
      vertex -1.011151e-02 6.091659e-03 3.872496e-02
      vertex -1.098335e-02 6.149029e-03 3.941228e-02
      vertex -1.030402e-02 6.102869e-03 3.951233e-02
    endloop
  endfacet
  facet normal 7.966724e-02 9.968211e-01 -9.169050e-04
    outer loop
      vertex -1.116536e-02 6.162579e-03 3.832817e-02
      vertex -1.170528e-02 6.206611e-03 3.928637e-02
      vertex -1.098335e-02 6.149029e-03 3.941228e-02
    endloop
  endfacet
  facet normal 9.245437e-02 9.957145e-01 -2.201490e-03
    outer loop
      vertex -1.214137e-02 6.245213e-03 3.843144e-02
      vertex -1.242601e-02 6.273209e-03 3.913986e-02
      vertex -1.170528e-02 6.206611e-03 3.928637e-02
    endloop
  endfacet
  facet normal 1.806584e-01 9.835450e-01 -1.299670e-03
    outer loop
      vertex -1.775391e-02 7.053158e-03 3.736424e-02
      vertex -1.646230e-02 6.816639e-03 3.791293e-02
      vertex -1.701288e-02 6.916697e-03 3.710102e-02
    endloop
  endfacet
  facet normal 1.769610e-01 9.842170e-01 1.290420e-03
    outer loop
      vertex -1.701288e-02 6.916697e-03 3.710102e-02
      vertex -1.646230e-02 6.816639e-03 3.791293e-02
      vertex -1.636917e-02 6.801219e-03 3.690281e-02
    endloop
  endfacet
  facet normal 2.454897e-01 9.693991e-01 -3.738261e-04
    outer loop
      vertex -2.049908e-02 7.660183e-03 3.412329e-02
      vertex -2.112099e-02 7.818213e-03 3.552005e-02
      vertex -2.046830e-02 7.653086e-03 3.592867e-02
    endloop
  endfacet
  facet normal 2.868883e-01 9.579623e-01 1.825735e-03
    outer loop
      vertex -2.270478e-02 8.252596e-03 3.326861e-02
      vertex -2.358188e-02 8.514409e-03 3.371889e-02
      vertex -2.298739e-02 8.335466e-03 3.419495e-02
    endloop
  endfacet
  facet normal 3.182515e-01 9.480062e-01 -5.703360e-04
    outer loop
      vertex -2.482993e-02 8.912526e-03 3.131662e-02
      vertex -2.527618e-02 9.062864e-03 3.219381e-02
      vertex -2.471981e-02 8.876407e-03 3.272422e-02
    endloop
  endfacet
  facet normal 3.538148e-01 9.353155e-01 -2.670496e-05
    outer loop
      vertex -2.674145e-02 9.584641e-03 2.968011e-02
      vertex -2.732066e-02 9.803727e-03 2.895399e-02
      vertex -2.732072e-02 9.803778e-03 2.994089e-02
    endloop
  endfacet
  facet normal 3.540473e-01 9.352275e-01 -5.999509e-05
    outer loop
      vertex -2.684201e-02 9.622083e-03 2.205445e-02
      vertex -2.732236e-02 9.803820e-03 2.034133e-02
      vertex -2.732191e-02 9.803795e-03 2.265619e-02
    endloop
  endfacet
  facet normal 3.521879e-01 9.359293e-01 -6.044331e-05
    outer loop
      vertex -2.674427e-02 9.586239e-03 1.964061e-02
      vertex -2.732262e-02 9.803833e-03 1.904773e-02
      vertex -2.732236e-02 9.803820e-03 2.034133e-02
    endloop
  endfacet
  facet normal 3.507255e-01 9.364770e-01 1.567142e-03
    outer loop
      vertex -2.658395e-02 9.527187e-03 1.904758e-02
      vertex -2.732262e-02 9.803833e-03 1.904773e-02
      vertex -2.674427e-02 9.586239e-03 1.964061e-02
    endloop
  endfacet
  facet normal 3.379296e-01 9.411676e-01 2.668266e-03
    outer loop
      vertex -2.647851e-02 9.487608e-03 2.077264e-02
      vertex -2.568347e-02 9.202451e-03 2.066466e-02
      vertex -2.674427e-02 9.586239e-03 1.964061e-02
    endloop
  endfacet
  facet normal 2.653533e-01 9.641493e-01 1.949575e-03
    outer loop
      vertex -2.207893e-02 8.074011e-03 1.969358e-02
      vertex -2.155572e-02 7.931322e-03 1.904657e-02
      vertex -2.248993e-02 8.188435e-03 1.904675e-02
    endloop
  endfacet
  facet normal 2.607715e-01 9.654005e-01 -1.345615e-04
    outer loop
      vertex -2.124905e-02 7.849847e-03 1.969341e-02
      vertex -2.207893e-02 8.074011e-03 1.969358e-02
      vertex -2.128187e-02 7.858853e-03 2.071095e-02
    endloop
  endfacet
  facet normal 2.470912e-01 9.689798e-01 4.904729e-03
    outer loop
      vertex -2.029840e-02 7.610704e-03 1.904631e-02
      vertex -2.155572e-02 7.931322e-03 1.904657e-02
      vertex -2.124905e-02 7.849847e-03 1.969341e-02
    endloop
  endfacet
  facet normal 1.988950e-01 9.800164e-01 2.945050e-03
    outer loop
      vertex -1.774457e-02 7.051802e-03 1.904580e-02
      vertex -1.870847e-02 7.247424e-03 1.904599e-02
      vertex -1.797757e-02 7.097145e-03 1.969275e-02
    endloop
  endfacet
  facet normal 1.909627e-01 9.815973e-01 -2.254905e-05
    outer loop
      vertex -1.774457e-02 7.051802e-03 1.904580e-02
      vertex -1.797757e-02 7.097145e-03 1.969275e-02
      vertex -1.754247e-02 7.012510e-03 2.015089e-02
    endloop
  endfacet
  facet normal 1.838581e-01 9.829519e-01 1.324912e-03
    outer loop
      vertex -1.754247e-02 7.012510e-03 2.015089e-02
      vertex -1.677488e-02 6.870424e-03 1.904561e-02
      vertex -1.774457e-02 7.051802e-03 1.904580e-02
    endloop
  endfacet
  facet normal 1.524908e-01 9.883046e-01 7.193525e-04
    outer loop
      vertex -1.585099e-02 6.715414e-03 2.106701e-02
      vertex -1.509077e-02 6.598959e-03 1.990781e-02
      vertex -1.612473e-02 6.759122e-03 1.904548e-02
    endloop
  endfacet
  facet normal 1.420660e-01 9.898558e-01 1.664844e-03
    outer loop
      vertex -1.509077e-02 6.598959e-03 1.990781e-02
      vertex -1.448791e-02 6.513885e-03 1.904515e-02
      vertex -1.547197e-02 6.655120e-03 1.904535e-02
    endloop
  endfacet
  facet normal 1.375491e-01 9.904919e-01 2.447325e-03
    outer loop
      vertex -1.450792e-02 6.516154e-03 2.066242e-02
      vertex -1.410686e-02 6.462857e-03 1.969198e-02
      vertex -1.509077e-02 6.598959e-03 1.990781e-02
    endloop
  endfacet
  facet normal 1.267236e-01 9.919315e-01 3.600972e-03
    outer loop
      vertex -1.349922e-02 6.387577e-03 1.904495e-02
      vertex -1.448791e-02 6.513885e-03 1.904515e-02
      vertex -1.410686e-02 6.462857e-03 1.969198e-02
    endloop
  endfacet
  facet normal 1.233518e-01 9.923629e-01 3.842045e-04
    outer loop
      vertex -1.349922e-02 6.387577e-03 1.904495e-02
      vertex -1.410686e-02 6.462857e-03 1.969198e-02
      vertex -1.380185e-02 6.424568e-03 2.066228e-02
    endloop
  endfacet
  facet normal 1.113178e-01 9.937834e-01 -1.702445e-03
    outer loop
      vertex -1.349922e-02 6.387577e-03 1.904495e-02
      vertex -1.272307e-02 6.302484e-03 2.012298e-02
      vertex -1.283721e-02 6.313423e-03 1.904482e-02
    endloop
  endfacet
  facet normal 9.971869e-02 9.950156e-01 -4.619107e-04
    outer loop
      vertex -1.272307e-02 6.302484e-03 2.012298e-02
      vertex -1.217321e-02 6.246878e-03 1.904469e-02
      vertex -1.283721e-02 6.313423e-03 1.904482e-02
    endloop
  endfacet
  facet normal 8.419083e-02 9.964485e-01 1.526041e-03
    outer loop
      vertex -1.177513e-02 6.211469e-03 2.020365e-02
      vertex -1.117354e-02 6.162415e-03 1.904449e-02
      vertex -1.217321e-02 6.246878e-03 1.904469e-02
    endloop
  endfacet
  facet normal 6.861543e-02 9.976409e-01 2.135099e-03
    outer loop
      vertex -1.090059e-02 6.142084e-03 1.977221e-02
      vertex -1.017052e-02 6.093430e-03 1.904429e-02
      vertex -1.117354e-02 6.162415e-03 1.904449e-02
    endloop
  endfacet
  facet normal 6.674617e-02 9.977700e-01 2.516806e-04
    outer loop
      vertex -1.035896e-02 6.105655e-03 2.055378e-02
      vertex -1.017052e-02 6.093430e-03 1.904429e-02
      vertex -1.090059e-02 6.142084e-03 1.977221e-02
    endloop
  endfacet
  facet normal 3.732343e-02 9.993021e-01 1.511463e-03
    outer loop
      vertex -8.700984e-03 6.026775e-03 1.985263e-02
      vertex -8.491184e-03 6.020163e-03 1.904396e-02
      vertex -9.499828e-03 6.057835e-03 1.904416e-02
    endloop
  endfacet
  facet normal 4.018209e-02 9.991920e-01 9.125107e-04
    outer loop
      vertex -9.319159e-03 6.050601e-03 2.098484e-02
      vertex -8.700984e-03 6.026775e-03 1.985263e-02
      vertex -9.551226e-03 6.060820e-03 2.001453e-02
    endloop
  endfacet
  facet normal 2.161748e-02 9.997654e-01 1.322139e-03
    outer loop
      vertex -7.480273e-03 5.998304e-03 1.904376e-02
      vertex -8.491184e-03 6.020163e-03 1.904396e-02
      vertex -7.779153e-03 6.003243e-03 2.019612e-02
    endloop
  endfacet
  facet normal -6.956488e-04 9.999945e-01 3.249664e-03
    outer loop
      vertex -6.053958e-03 5.999321e-03 1.903610e-02
      vertex -7.480273e-03 5.998304e-03 1.904376e-02
      vertex -6.988015e-03 5.995269e-03 2.008324e-02
    endloop
  endfacet
  facet normal 4.888027e-03 9.999860e-01 -2.024244e-03
    outer loop
      vertex -7.019403e-03 5.995619e-03 3.185713e-02
      vertex -7.617451e-03 6.000967e-03 3.305503e-02
      vertex -6.558580e-03 5.995349e-03 3.283680e-02
    endloop
  endfacet
  facet normal 2.777205e-03 9.999961e-01 1.621468e-04
    outer loop
      vertex -7.315672e-03 5.997044e-03 3.607008e-02
      vertex -7.198735e-03 5.996458e-03 3.768142e-02
      vertex -6.589156e-03 5.995034e-03 3.602184e-02
    endloop
  endfacet
  facet normal 3.421542e-01 9.396432e-01 -1.040448e-03
    outer loop
      vertex -2.597865e-02 9.307284e-03 3.004486e-02
      vertex -2.674145e-02 9.584641e-03 2.968011e-02
      vertex -2.683411e-02 9.619321e-03 3.052613e-02
    endloop
  endfacet
  facet normal 3.410815e-01 9.400325e-01 1.499106e-03
    outer loop
      vertex -2.674145e-02 9.584641e-03 2.968011e-02
      vertex -2.597865e-02 9.307284e-03 3.004486e-02
      vertex -2.578480e-02 9.238756e-03 2.891274e-02
    endloop
  endfacet
  facet normal 3.237198e-01 9.461526e-01 -8.186969e-04
    outer loop
      vertex -2.503189e-02 8.978958e-03 2.001762e-02
      vertex -2.554088e-02 9.152265e-03 1.904737e-02
      vertex -2.568347e-02 9.202451e-03 2.066466e-02
    endloop
  endfacet
  facet normal 3.244061e-01 9.459179e-01 -4.659862e-05
    outer loop
      vertex -2.502562e-02 8.976866e-03 2.120362e-02
      vertex -2.503189e-02 8.978958e-03 2.001762e-02
      vertex -2.568347e-02 9.202451e-03 2.066466e-02
    endloop
  endfacet
  facet normal 2.875401e-01 9.577684e-01 5.705332e-04
    outer loop
      vertex -2.357668e-02 8.510851e-03 2.012515e-02
      vertex -2.340816e-02 8.459754e-03 2.097418e-02
      vertex -2.289900e-02 8.307590e-03 1.980156e-02
    endloop
  endfacet
  facet normal 2.799902e-01 9.599982e-01 -2.997092e-03
    outer loop
      vertex -2.228025e-02 8.130031e-03 2.073136e-02
      vertex -2.289900e-02 8.307590e-03 1.980156e-02
      vertex -2.340816e-02 8.459754e-03 2.097418e-02
    endloop
  endfacet
  facet normal 2.982962e-01 9.544733e-01 -1.087161e-04
    outer loop
      vertex -2.382792e-02 8.590007e-03 2.891234e-02
      vertex -2.414413e-02 8.688976e-03 3.020622e-02
      vertex -2.360454e-02 8.520386e-03 3.058347e-02
    endloop
  endfacet
  facet normal 2.982851e-01 9.544768e-01 -9.120878e-05
    outer loop
      vertex -2.414413e-02 8.688976e-03 3.020622e-02
      vertex -2.410868e-02 8.678039e-03 3.168007e-02
      vertex -2.360454e-02 8.520386e-03 3.058347e-02
    endloop
  endfacet
  facet normal 2.325043e-01 9.725954e-01 -5.175647e-05
    outer loop
      vertex -2.049908e-02 7.660183e-03 3.412329e-02
      vertex -1.978676e-02 7.489855e-03 3.327901e-02
      vertex -2.055369e-02 7.673165e-03 3.273921e-02
    endloop
  endfacet
  facet normal 2.483445e-01 9.686713e-01 9.796615e-04
    outer loop
      vertex -2.141706e-02 7.895115e-03 3.453665e-02
      vertex -2.112099e-02 7.818213e-03 3.552005e-02
      vertex -2.049908e-02 7.660183e-03 3.412329e-02
    endloop
  endfacet
  facet normal 2.188243e-01 9.757617e-01 2.262437e-03
    outer loop
      vertex -1.969689e-02 7.467535e-03 2.082518e-02
      vertex -1.898318e-02 7.307103e-03 2.098677e-02
      vertex -1.872726e-02 7.252397e-03 1.982767e-02
    endloop
  endfacet
  facet normal 2.074570e-01 9.782441e-01 -3.645747e-04
    outer loop
      vertex -1.833359e-02 7.169304e-03 2.087882e-02
      vertex -1.872726e-02 7.252397e-03 1.982767e-02
      vertex -1.898318e-02 7.307103e-03 2.098677e-02
    endloop
  endfacet
  facet normal 2.030229e-01 9.791730e-01 1.369453e-03
    outer loop
      vertex -1.872726e-02 7.252397e-03 1.982767e-02
      vertex -1.833359e-02 7.169304e-03 2.087882e-02
      vertex -1.797757e-02 7.097145e-03 1.969275e-02
    endloop
  endfacet
  facet normal 1.835997e-01 9.829995e-01 1.769095e-03
    outer loop
      vertex -1.793872e-02 7.090296e-03 3.590903e-02
      vertex -1.775391e-02 7.053158e-03 3.736424e-02
      vertex -1.662907e-02 6.845376e-03 3.608078e-02
    endloop
  endfacet
  facet normal 1.684209e-01 9.857140e-01 -1.493798e-03
    outer loop
      vertex -1.585099e-02 6.715414e-03 2.106701e-02
      vertex -1.612473e-02 6.759122e-03 1.904548e-02
      vertex -1.700789e-02 6.912757e-03 2.085160e-02
    endloop
  endfacet
  facet normal 1.619402e-01 9.867989e-01 1.807701e-03
    outer loop
      vertex -1.662907e-02 6.845376e-03 3.608078e-02
      vertex -1.636917e-02 6.801219e-03 3.690281e-02
      vertex -1.565105e-02 6.684581e-03 3.624231e-02
    endloop
  endfacet
  facet normal 1.529574e-01 9.882322e-01 1.032654e-03
    outer loop
      vertex -1.516132e-02 6.608752e-03 2.098600e-02
      vertex -1.509077e-02 6.598959e-03 1.990781e-02
      vertex -1.585099e-02 6.715414e-03 2.106701e-02
    endloop
  endfacet
  facet normal 1.404090e-01 9.900936e-01 1.946339e-04
    outer loop
      vertex -1.509077e-02 6.598959e-03 1.990781e-02
      vertex -1.516132e-02 6.608752e-03 2.098600e-02
      vertex -1.450792e-02 6.516154e-03 2.066242e-02
    endloop
  endfacet
  facet normal 1.140759e-01 9.934666e-01 3.293714e-03
    outer loop
      vertex -1.380185e-02 6.424568e-03 2.066228e-02
      vertex -1.318853e-02 6.352177e-03 2.125516e-02
      vertex -1.272307e-02 6.302484e-03 2.012298e-02
    endloop
  endfacet
  facet normal 6.672575e-02 9.977713e-01 2.658984e-04
    outer loop
      vertex -1.090059e-02 6.142084e-03 1.977221e-02
      vertex -1.093206e-02 6.143808e-03 2.120080e-02
      vertex -1.035896e-02 6.105655e-03 2.055378e-02
    endloop
  endfacet
  facet normal 7.935644e-02 9.968462e-01 5.453058e-04
    outer loop
      vertex -1.093206e-02 6.143808e-03 2.120080e-02
      vertex -1.090059e-02 6.142084e-03 1.977221e-02
      vertex -1.177513e-02 6.211469e-03 2.020365e-02
    endloop
  endfacet
  facet normal 5.384899e-02 9.985463e-01 -2.362961e-03
    outer loop
      vertex -9.319159e-03 6.050601e-03 2.098484e-02
      vertex -9.551226e-03 6.060820e-03 2.001453e-02
      vertex -1.035896e-02 6.105655e-03 2.055378e-02
    endloop
  endfacet
  facet normal 5.043583e-02 9.987265e-01 -1.296533e-03
    outer loop
      vertex -1.006664e-02 6.088076e-03 3.771021e-02
      vertex -1.011151e-02 6.091659e-03 3.872496e-02
      vertex -9.253888e-03 6.047339e-03 3.794741e-02
    endloop
  endfacet
  facet normal 6.734808e-02 9.977294e-01 -5.451310e-04
    outer loop
      vertex -1.011151e-02 6.091659e-03 3.872496e-02
      vertex -1.006664e-02 6.088076e-03 3.771021e-02
      vertex -1.116536e-02 6.162579e-03 3.832817e-02
    endloop
  endfacet
  facet normal 3.075183e-02 9.995266e-01 -9.117931e-04
    outer loop
      vertex -8.305538e-03 6.014901e-03 2.134853e-02
      vertex -9.030581e-03 6.038302e-03 2.254814e-02
      vertex -8.108974e-03 6.010058e-03 2.266925e-02
    endloop
  endfacet
  facet normal 2.679571e-02 9.996409e-01 -8.272902e-06
    outer loop
      vertex -8.673082e-03 6.025072e-03 3.753473e-02
      vertex -8.531788e-03 6.021296e-03 3.885123e-02
      vertex -8.010007e-03 6.007302e-03 3.797784e-02
    endloop
  endfacet
  facet normal 2.651915e-02 9.996483e-01 -1.736111e-04
    outer loop
      vertex -7.975266e-03 6.006683e-03 3.972072e-02
      vertex -8.010007e-03 6.007302e-03 3.797784e-02
      vertex -8.531788e-03 6.021296e-03 3.885123e-02
    endloop
  endfacet
  facet normal 1.341533e-02 9.999100e-01 1.356904e-04
    outer loop
      vertex -8.010007e-03 6.007302e-03 3.797784e-02
      vertex -7.203578e-03 5.996342e-03 3.901407e-02
      vertex -7.198735e-03 5.996458e-03 3.768142e-02
    endloop
  endfacet
  facet normal 5.156232e-03 9.999866e-01 4.107954e-04
    outer loop
      vertex -7.617451e-03 6.000967e-03 3.305503e-02
      vertex -7.613247e-03 6.000434e-03 3.429999e-02
      vertex -6.686099e-03 5.995616e-03 3.438965e-02
    endloop
  endfacet
  facet normal 2.330905e-01 9.724541e-01 1.360199e-03
    outer loop
      vertex -1.981106e-02 7.495010e-03 3.631404e-02
      vertex -1.971769e-02 7.474148e-03 3.522901e-02
      vertex -2.046830e-02 7.653086e-03 3.592867e-02
    endloop
  endfacet
  facet normal 2.317793e-01 9.727684e-01 -1.268702e-04
    outer loop
      vertex -2.046830e-02 7.653086e-03 3.592867e-02
      vertex -1.971769e-02 7.474148e-03 3.522901e-02
      vertex -2.049908e-02 7.660183e-03 3.412329e-02
    endloop
  endfacet
  facet normal 3.574138e-02 9.993599e-01 -1.515606e-03
    outer loop
      vertex -8.305538e-03 6.014901e-03 2.134853e-02
      vertex -8.700984e-03 6.026775e-03 1.985263e-02
      vertex -9.319159e-03 6.050601e-03 2.098484e-02
    endloop
  endfacet
  facet normal 2.502838e-02 9.996859e-01 1.319014e-03
    outer loop
      vertex -8.700984e-03 6.026775e-03 1.985263e-02
      vertex -8.305538e-03 6.014901e-03 2.134853e-02
      vertex -7.779153e-03 6.003243e-03 2.019612e-02
    endloop
  endfacet
  facet normal -1.949163e-02 9.998100e-01 1.740114e-04
    outer loop
      vertex -5.356831e-03 6.012173e-03 3.582596e-02
      vertex -5.200476e-03 6.015469e-03 3.440541e-02
      vertex -5.972401e-03 6.000370e-03 3.469339e-02
    endloop
  endfacet
  facet normal -5.364936e-03 9.999856e-01 2.399070e-04
    outer loop
      vertex -5.913899e-03 6.001971e-03 2.240931e-02
      vertex -5.987258e-03 6.001836e-03 2.133130e-02
      vertex -7.014077e-03 5.996004e-03 2.267690e-02
    endloop
  endfacet
  facet normal -4.804913e-02 9.988448e-01 -5.143977e-04
    outer loop
      vertex -3.212236e-03 6.097072e-03 3.625093e-02
      vertex -3.644865e-03 6.075393e-03 3.456655e-02
      vertex -4.221711e-03 6.048147e-03 3.554321e-02
    endloop
  endfacet
  facet normal -6.541575e-02 9.978581e-01 -1.881543e-04
    outer loop
      vertex -2.651627e-03 6.133440e-03 3.421705e-02
      vertex -3.212236e-03 6.097072e-03 3.625093e-02
      vertex -2.216769e-03 6.162182e-03 3.546159e-02
    endloop
  endfacet
  facet normal -7.193611e-02 9.974090e-01 6.597941e-04
    outer loop
      vertex -1.898091e-03 6.183830e-03 3.748126e-02
      vertex -2.216769e-03 6.162182e-03 3.546159e-02
      vertex -2.618367e-03 6.132276e-03 3.688458e-02
    endloop
  endfacet
  facet normal -9.389178e-02 9.955812e-01 1.555961e-03
    outer loop
      vertex -2.634461e-04 6.335519e-03 3.529137e-02
      vertex -4.252620e-04 6.322220e-03 3.403622e-02
      vertex -1.384522e-03 6.231556e-03 3.416262e-02
    endloop
  endfacet
  facet normal -7.342737e-02 9.973005e-01 2.703783e-04
    outer loop
      vertex -2.337825e-03 6.169571e-03 2.123513e-02
      vertex -2.978929e-03 6.122251e-03 2.167002e-02
      vertex -2.924906e-03 6.125881e-03 2.295115e-02
    endloop
  endfacet
  facet normal -7.688406e-02 9.970386e-01 -1.686240e-03
    outer loop
      vertex -2.449966e-03 6.155398e-03 2.664604e-02
      vertex -2.928049e-03 6.121950e-03 2.866727e-02
      vertex -1.550387e-03 6.227461e-03 2.823910e-02
    endloop
  endfacet
  facet normal -1.115346e-01 9.937459e-01 5.388911e-03
    outer loop
      vertex -4.252620e-04 6.322220e-03 3.403622e-02
      vertex 4.503900e-04 6.413968e-03 3.524084e-02
      vertex 7.714990e-04 6.457399e-03 3.387778e-02
    endloop
  endfacet
  facet normal -1.280042e-01 9.917607e-01 5.063637e-03
    outer loop
      vertex 1.220122e-03 6.507452e-03 3.541539e-02
      vertex 1.623964e-03 6.568973e-03 3.357468e-02
      vertex 7.714990e-04 6.457399e-03 3.387778e-02
    endloop
  endfacet
  facet normal -1.434205e-01 9.896524e-01 4.330194e-03
    outer loop
      vertex 2.177086e-03 6.671673e-03 2.878666e-02
      vertex 1.562439e-03 6.577689e-03 2.990861e-02
      vertex 2.383860e-03 6.694093e-03 3.051124e-02
    endloop
  endfacet
  facet normal -1.425055e-01 9.897736e-01 6.355456e-03
    outer loop
      vertex 2.367911e-03 6.665307e-03 3.525312e-02
      vertex 2.604712e-03 6.710076e-03 3.359070e-02
      vertex 1.623964e-03 6.568973e-03 3.357468e-02
    endloop
  endfacet
  facet normal -1.367053e-01 9.906109e-01 1.276602e-03
    outer loop
      vertex 1.560393e-03 6.600660e-03 2.374223e-02
      vertex 1.023836e-03 6.528482e-03 2.229267e-02
      vertex 7.861525e-04 6.494186e-03 2.345317e-02
    endloop
  endfacet
  facet normal -1.698232e-01 9.854545e-01 6.288292e-03
    outer loop
      vertex 3.110490e-03 6.822549e-03 2.828003e-02
      vertex 3.125020e-03 6.814709e-03 2.990108e-02
      vertex 3.828642e-03 6.944208e-03 2.860917e-02
    endloop
  endfacet
  facet normal -1.556708e-01 9.877897e-01 6.172735e-03
    outer loop
      vertex 2.383860e-03 6.694093e-03 3.051124e-02
      vertex 3.125020e-03 6.814709e-03 2.990108e-02
      vertex 3.110490e-03 6.822549e-03 2.828003e-02
    endloop
  endfacet
  facet normal -1.734558e-01 9.848026e-01 8.766466e-03
    outer loop
      vertex 4.625228e-03 7.041547e-03 3.457233e-02
      vertex 4.662848e-03 7.059772e-03 3.326938e-02
      vertex 3.628309e-03 6.874022e-03 3.366628e-02
    endloop
  endfacet
  facet normal -1.803403e-01 9.835735e-01 7.776782e-03
    outer loop
      vertex 5.231400e-03 7.141024e-03 3.604776e-02
      vertex 4.625228e-03 7.041547e-03 3.457233e-02
      vertex 4.354128e-03 6.980378e-03 3.602204e-02
    endloop
  endfacet
  facet normal -1.693605e-01 9.855384e-01 5.581708e-03
    outer loop
      vertex 3.008677e-03 6.836762e-03 2.175942e-02
      vertex 3.498814e-03 6.925713e-03 2.092562e-02
      vertex 2.442995e-03 6.744587e-03 2.087040e-02
    endloop
  endfacet
  facet normal -1.746433e-01 9.846289e-01 2.379285e-03
    outer loop
      vertex 3.008677e-03 6.836762e-03 2.175942e-02
      vertex 3.888505e-03 6.990409e-03 2.275582e-02
      vertex 3.498814e-03 6.925713e-03 2.092562e-02
    endloop
  endfacet
  facet normal -1.948648e-01 9.808192e-01 4.626255e-03
    outer loop
      vertex 4.313505e-03 7.077937e-03 2.155898e-02
      vertex 4.898113e-03 7.188938e-03 2.265009e-02
      vertex 4.881363e-03 7.193161e-03 2.104936e-02
    endloop
  endfacet
  facet normal -2.234599e-01 9.746890e-01 6.854134e-03
    outer loop
      vertex 5.751098e-03 7.380904e-03 2.078278e-02
      vertex 6.559383e-03 7.558292e-03 2.190924e-02
      vertex 6.691135e-03 7.598298e-03 2.051567e-02
    endloop
  endfacet
  facet normal -2.094433e-01 9.778064e-01 5.314708e-03
    outer loop
      vertex 4.881363e-03 7.193161e-03 2.104936e-02
      vertex 5.836812e-03 7.390734e-03 2.235216e-02
      vertex 5.751098e-03 7.380904e-03 2.078278e-02
    endloop
  endfacet
  facet normal -2.392015e-01 9.709383e-01 7.842406e-03
    outer loop
      vertex 6.691135e-03 7.598298e-03 2.051567e-02
      vertex 7.315296e-03 7.737511e-03 2.231784e-02
      vertex 7.483681e-03 7.794396e-03 2.041094e-02
    endloop
  endfacet
  facet normal -2.515922e-01 9.678000e-01 8.037278e-03
    outer loop
      vertex 7.483681e-03 7.794396e-03 2.041094e-02
      vertex 8.093317e-03 7.943302e-03 2.156416e-02
      vertex 8.264790e-03 8.002290e-03 1.982886e-02
    endloop
  endfacet
  facet normal -3.225231e-01 9.463331e-01 2.079746e-02
    outer loop
      vertex 1.266042e-02 9.229637e-03 2.644553e-02
      vertex 1.409690e-02 9.692253e-03 2.767212e-02
      vertex 1.333490e-02 9.477322e-03 2.563509e-02
    endloop
  endfacet
  facet normal -3.084492e-01 9.510439e-01 1.935278e-02
    outer loop
      vertex 1.266042e-02 9.229637e-03 2.644553e-02
      vertex 1.238197e-02 9.163529e-03 2.525627e-02
      vertex 1.155211e-02 8.896886e-03 2.513334e-02
    endloop
  endfacet
  facet normal -3.093789e-01 9.507239e-01 2.021922e-02
    outer loop
      vertex 1.266042e-02 9.229637e-03 2.644553e-02
      vertex 1.155211e-02 8.896886e-03 2.513334e-02
      vertex 1.174755e-02 8.926977e-03 2.670887e-02
    endloop
  endfacet
  facet normal -3.088404e-01 9.508539e-01 2.223529e-02
    outer loop
      vertex 1.174755e-02 8.926977e-03 2.670887e-02
      vertex 1.278857e-02 9.239893e-03 2.778691e-02
      vertex 1.266042e-02 9.229637e-03 2.644553e-02
    endloop
  endfacet
  facet normal -2.723104e-01 9.621804e-01 7.481685e-03
    outer loop
      vertex 9.208115e-03 8.265032e-03 1.974051e-02
      vertex 9.297305e-03 8.301251e-03 1.832876e-02
      vertex 8.669599e-03 8.119991e-03 1.879308e-02
    endloop
  endfacet
  facet normal -3.430079e-01 9.389701e-01 2.609052e-02
    outer loop
      vertex 1.406844e-02 9.741507e-03 2.541704e-02
      vertex 1.472875e-02 9.935520e-03 2.711561e-02
      vertex 1.485718e-02 1.001513e-02 2.593887e-02
    endloop
  endfacet
  facet normal -3.330254e-01 9.426661e-01 2.178774e-02
    outer loop
      vertex 1.333490e-02 9.477322e-03 2.563509e-02
      vertex 1.472875e-02 9.935520e-03 2.711561e-02
      vertex 1.406844e-02 9.741507e-03 2.541704e-02
    endloop
  endfacet
  facet normal -2.958675e-01 9.552022e-01 7.149948e-03
    outer loop
      vertex 1.099132e-02 8.813827e-03 1.882256e-02
      vertex 1.079542e-02 8.761995e-03 1.764034e-02
      vertex 1.000070e-02 8.514706e-03 1.779170e-02
    endloop
  endfacet
  facet normal -3.112297e-01 9.503105e-01 6.786479e-03
    outer loop
      vertex 1.099132e-02 8.813827e-03 1.882256e-02
      vertex 1.214062e-02 9.184618e-03 1.960752e-02
      vertex 1.177367e-02 9.070693e-03 1.873218e-02
    endloop
  endfacet
  facet normal -3.206896e-01 9.470187e-01 1.771413e-02
    outer loop
      vertex 1.205074e-02 9.106209e-03 2.247609e-02
      vertex 1.238060e-02 9.194951e-03 2.370354e-02
      vertex 1.267541e-02 9.320587e-03 2.232397e-02
    endloop
  endfacet
  facet normal -3.077224e-01 9.514526e-01 6.703331e-03
    outer loop
      vertex 1.141422e-02 8.966282e-03 1.705104e-02
      vertex 1.079542e-02 8.761995e-03 1.764034e-02
      vertex 1.177367e-02 9.070693e-03 1.873218e-02
    endloop
  endfacet
  facet normal -3.216163e-01 9.467991e-01 1.159763e-02
    outer loop
      vertex 1.177367e-02 9.070693e-03 1.873218e-02
      vertex 1.214062e-02 9.184618e-03 1.960752e-02
      vertex 1.236249e-02 9.278711e-03 1.807886e-02
    endloop
  endfacet
  facet normal -3.365927e-01 9.415899e-01 1.066556e-02
    outer loop
      vertex 1.327611e-02 9.623845e-03 1.644222e-02
      vertex 1.209657e-02 9.202965e-03 1.637401e-02
      vertex 1.236249e-02 9.278711e-03 1.807886e-02
    endloop
  endfacet
  facet normal -3.433400e-01 9.391379e-01 1.172946e-02
    outer loop
      vertex 1.411724e-02 9.893545e-03 1.954229e-02
      vertex 1.330480e-02 9.616451e-03 1.794713e-02
      vertex 1.307720e-02 9.518543e-03 1.912385e-02
    endloop
  endfacet
  facet normal -3.486028e-01 9.370952e-01 1.813108e-02
    outer loop
      vertex 1.411724e-02 9.893545e-03 1.954229e-02
      vertex 1.365018e-02 9.703913e-03 2.036330e-02
      vertex 1.483657e-02 1.011790e-02 2.177685e-02
    endloop
  endfacet
  facet normal -3.639703e-01 9.313133e-01 1.345679e-02
    outer loop
      vertex 1.432334e-02 1.000100e-02 1.781035e-02
      vertex 1.518180e-02 1.033003e-02 1.825766e-02
      vertex 1.489672e-02 1.023995e-02 1.678159e-02
    endloop
  endfacet
  facet normal -3.949909e-01 9.186412e-01 8.974327e-03
    outer loop
      vertex 1.601474e-02 1.076288e-02 1.053910e-02
      vertex 1.543253e-02 1.049949e-02 1.187530e-02
      vertex 1.607292e-02 1.077218e-02 1.214783e-02
    endloop
  endfacet
  facet normal -3.886696e-01 9.213373e-01 -8.577050e-03
    outer loop
      vertex 1.543253e-02 1.049949e-02 1.187530e-02
      vertex 1.479569e-02 1.023501e-02 1.232363e-02
      vertex 1.607292e-02 1.077218e-02 1.214783e-02
    endloop
  endfacet
  facet normal -2.525095e-01 9.675934e-01 1.378465e-03
    outer loop
      vertex 7.902278e-03 7.918868e-03 1.741087e-02
      vertex 7.611839e-03 7.844790e-03 1.620588e-02
      vertex 7.213063e-03 7.739036e-03 1.738950e-02
    endloop
  endfacet
  facet normal -1.854536e-01 9.826524e-01 1.138233e-03
    outer loop
      vertex 4.067012e-03 7.037362e-03 1.885303e-02
      vertex 4.170249e-03 7.058498e-03 1.742642e-02
      vertex 3.462851e-03 6.924755e-03 1.763200e-02
    endloop
  endfacet
  facet normal -2.244206e-02 9.997480e-01 -5.788092e-04
    outer loop
      vertex -5.277883e-03 6.013344e-03 3.832504e-02
      vertex -5.857109e-03 6.001153e-03 3.972749e-02
      vertex -4.912238e-03 6.022334e-03 3.967645e-02
    endloop
  endfacet
  facet normal -1.339410e-01 9.909802e-01 4.256273e-03
    outer loop
      vertex 2.145595e-03 6.626185e-03 3.661815e-02
      vertex 1.311601e-03 6.513529e-03 3.660265e-02
      vertex 2.141781e-03 6.618957e-03 3.818110e-02
    endloop
  endfacet
  facet normal -1.572023e-01 9.875505e-01 5.607626e-03
    outer loop
      vertex 2.949328e-03 6.743028e-03 3.687822e-02
      vertex 2.983918e-03 6.742955e-03 3.786066e-02
      vertex 3.823220e-03 6.878562e-03 3.750779e-02
    endloop
  endfacet
  facet normal -1.824735e-01 9.831753e-01 8.349410e-03
    outer loop
      vertex 5.231400e-03 7.141024e-03 3.604776e-02
      vertex 4.634397e-03 7.021001e-03 3.713364e-02
      vertex 5.441344e-03 7.174216e-03 3.672755e-02
    endloop
  endfacet
  facet normal -2.451524e-01 9.693224e-01 1.772885e-02
    outer loop
      vertex 8.373817e-03 7.858864e-03 3.347591e-02
      vertex 8.610022e-03 7.894976e-03 3.476771e-02
      vertex 9.349576e-03 8.092128e-03 3.421494e-02
    endloop
  endfacet
  facet normal -2.701100e-01 9.626479e-01 1.869615e-02
    outer loop
      vertex 9.947918e-03 8.284410e-03 3.242017e-02
      vertex 1.008541e-02 8.299630e-03 3.362299e-02
      vertex 1.077735e-02 8.505401e-03 3.302466e-02
    endloop
  endfacet
  facet normal -2.968004e-01 9.546532e-01 2.338275e-02
    outer loop
      vertex 1.215766e-02 8.947300e-03 3.169615e-02
      vertex 1.203547e-02 8.930187e-03 3.084385e-02
      vertex 1.144937e-02 8.730924e-03 3.153971e-02
    endloop
  endfacet
  facet normal -3.159038e-01 9.485103e-01 2.308832e-02
    outer loop
      vertex 1.241273e-02 9.102859e-03 2.842398e-02
      vertex 1.262858e-02 9.135971e-03 3.001693e-02
      vertex 1.318929e-02 9.341726e-03 2.923598e-02
    endloop
  endfacet
  facet normal -3.412693e-01 9.395510e-01 2.791267e-02
    outer loop
      vertex 1.457079e-02 9.830529e-03 2.881158e-02
      vertex 1.483958e-02 9.939650e-03 2.842485e-02
      vertex 1.409690e-02 9.692253e-03 2.767212e-02
    endloop
  endfacet
  facet normal -3.822193e-01 9.238792e-01 1.885871e-02
    outer loop
      vertex 1.638411e-02 1.081565e-02 1.861893e-02
      vertex 1.626869e-02 1.080192e-02 1.695244e-02
      vertex 1.570654e-02 1.055412e-02 1.769848e-02
    endloop
  endfacet
  facet normal -3.822677e-01 9.239374e-01 1.452620e-02
    outer loop
      vertex 1.626869e-02 1.080192e-02 1.695244e-02
      vertex 1.617646e-02 1.078999e-02 1.528390e-02
      vertex 1.574638e-02 1.060679e-02 1.561882e-02
    endloop
  endfacet
  facet normal -3.832726e-01 9.235826e-01 9.867086e-03
    outer loop
      vertex 1.531709e-02 1.044814e-02 1.390066e-02
      vertex 1.617646e-02 1.078999e-02 1.528390e-02
      vertex 1.611296e-02 1.078038e-02 1.371724e-02
    endloop
  endfacet
  facet normal -1.744263e-02 9.998477e-01 6.279656e-04
    outer loop
      vertex -6.191717e-03 5.998185e-03 3.707763e-02
      vertex -5.277883e-03 6.013344e-03 3.832504e-02
      vertex -5.140458e-03 6.016582e-03 3.698557e-02
    endloop
  endfacet
  facet normal -3.471984e-02 9.993951e-01 1.967249e-03
    outer loop
      vertex -5.140458e-03 6.016582e-03 3.698557e-02
      vertex -4.674064e-03 6.030396e-03 3.819945e-02
      vertex -4.131203e-03 6.051609e-03 3.700378e-02
    endloop
  endfacet
  facet normal -2.162892e-02 9.997651e-01 -1.358717e-03
    outer loop
      vertex -4.987745e-03 6.024025e-03 2.174753e-02
      vertex -5.184782e-03 6.018141e-03 2.055478e-02
      vertex -5.987258e-03 6.001836e-03 2.133130e-02
    endloop
  endfacet
  facet normal -6.371491e-02 9.979681e-01 -3.411624e-04
    outer loop
      vertex -2.335091e-03 6.150941e-03 3.858014e-02
      vertex -2.618367e-03 6.132276e-03 3.688458e-02
      vertex -3.074072e-03 6.103594e-03 3.809006e-02
    endloop
  endfacet
  facet normal -7.229830e-02 9.973824e-01 1.099307e-03
    outer loop
      vertex -1.898091e-03 6.183830e-03 3.748126e-02
      vertex -2.618367e-03 6.132276e-03 3.688458e-02
      vertex -2.335091e-03 6.150941e-03 3.858014e-02
    endloop
  endfacet
  facet normal -5.211579e-02 9.986403e-01 1.185424e-03
    outer loop
      vertex -3.395181e-03 6.097190e-03 2.093027e-02
      vertex -4.358745e-03 6.047340e-03 2.056360e-02
      vertex -4.220187e-03 6.053287e-03 2.164507e-02
    endloop
  endfacet
  facet normal -8.867352e-02 9.960592e-01 1.762225e-03
    outer loop
      vertex -1.481690e-03 6.218475e-03 3.634803e-02
      vertex -1.156880e-03 6.244683e-03 3.787840e-02
      vertex -7.336649e-04 6.283536e-03 3.721357e-02
    endloop
  endfacet
  facet normal -6.776458e-02 9.976996e-01 -1.847570e-03
    outer loop
      vertex -3.021714e-03 6.120339e-03 1.973325e-02
      vertex -3.395181e-03 6.097190e-03 2.093027e-02
      vertex -2.337825e-03 6.169571e-03 2.123513e-02
    endloop
  endfacet
  facet normal -1.103576e-01 9.938897e-01 2.111375e-03
    outer loop
      vertex -1.471479e-04 6.343889e-03 3.656535e-02
      vertex 2.867342e-04 6.389539e-03 3.775466e-02
      vertex 6.887951e-04 6.435983e-03 3.690679e-02
    endloop
  endfacet
  facet normal -1.221550e-01 9.925068e-01 2.912104e-03
    outer loop
      vertex 6.887951e-04 6.435983e-03 3.690679e-02
      vertex 1.185315e-03 6.494476e-03 3.779877e-02
      vertex 1.311601e-03 6.513529e-03 3.660265e-02
    endloop
  endfacet
  facet normal -9.782509e-02 9.952025e-01 1.493600e-03
    outer loop
      vertex -1.523927e-03 6.237794e-03 2.244907e-02
      vertex -8.245335e-04 6.304697e-03 2.367868e-02
      vertex -7.483535e-04 6.314190e-03 2.234264e-02
    endloop
  endfacet
  facet normal -1.593343e-01 9.872209e-01 2.731903e-03
    outer loop
      vertex 1.974989e-03 6.672189e-03 1.973720e-02
      vertex 2.442995e-03 6.744587e-03 2.087040e-02
      vertex 2.688284e-03 6.788650e-03 1.925395e-02
    endloop
  endfacet
  facet normal -2.095044e-01 9.778049e-01 2.334404e-03
    outer loop
      vertex 5.607800e-03 7.355547e-03 1.918711e-02
      vertex 4.875105e-03 7.200773e-03 1.826012e-02
      vertex 4.836636e-03 7.189026e-03 1.972802e-02
    endloop
  endfacet
  facet normal -2.226109e-01 9.748788e-01 7.465273e-03
    outer loop
      vertex 5.607800e-03 7.355547e-03 1.918711e-02
      vertex 6.296535e-03 7.511386e-03 1.937408e-02
      vertex 6.742719e-03 7.620491e-03 1.843118e-02
    endloop
  endfacet
  facet normal -2.601981e-01 9.655472e-01 3.950873e-03
    outer loop
      vertex 8.669599e-03 8.119991e-03 1.879308e-02
      vertex 7.902278e-03 7.918868e-03 1.741087e-02
      vertex 7.860028e-03 7.901883e-03 1.877918e-02
    endloop
  endfacet
  facet normal -3.180594e-01 9.479313e-01 1.626342e-02
    outer loop
      vertex 1.357931e-02 9.496773e-03 2.827880e-02
      vertex 1.278857e-02 9.239893e-03 2.778691e-02
      vertex 1.241273e-02 9.102859e-03 2.842398e-02
    endloop
  endfacet
  facet normal -2.844708e-01 9.586660e-01 5.989605e-03
    outer loop
      vertex 8.954191e-03 8.208282e-03 1.713304e-02
      vertex 1.000070e-02 8.514706e-03 1.779170e-02
      vertex 9.454048e-03 8.358566e-03 1.681962e-02
    endloop
  endfacet
  facet normal -2.847495e-01 9.585822e-01 6.159787e-03
    outer loop
      vertex 9.454048e-03 8.358566e-03 1.681962e-02
      vertex 1.000070e-02 8.514706e-03 1.779170e-02
      vertex 1.038331e-02 8.635683e-03 1.665195e-02
    endloop
  endfacet
  facet normal -3.607804e-01 9.323722e-01 2.279308e-02
    outer loop
      vertex 1.547453e-02 1.032096e-02 2.350914e-02
      vertex 1.471971e-02 1.000109e-02 2.464589e-02
      vertex 1.600357e-02 1.050567e-02 2.432689e-02
    endloop
  endfacet
  facet normal -3.512506e-01 9.361400e-01 1.627916e-02
    outer loop
      vertex 1.330480e-02 9.616451e-03 1.794713e-02
      vertex 1.411724e-02 9.893545e-03 1.954229e-02
      vertex 1.432334e-02 1.000100e-02 1.781035e-02
    endloop
  endfacet
  facet normal -3.702351e-01 9.285737e-01 2.601669e-02
    outer loop
      vertex 1.547453e-02 1.032096e-02 2.350914e-02
      vertex 1.686769e-02 1.087064e-02 2.371582e-02
      vertex 1.643970e-02 1.072639e-02 2.277370e-02
    endloop
  endfacet
  facet normal -3.707229e-01 9.282538e-01 3.015555e-02
    outer loop
      vertex 1.686769e-02 1.087064e-02 2.371582e-02
      vertex 1.547453e-02 1.032096e-02 2.350914e-02
      vertex 1.600357e-02 1.050567e-02 2.432689e-02
    endloop
  endfacet
  facet normal -3.389796e-01 9.407617e-01 7.762970e-03
    outer loop
      vertex 1.230998e-02 9.287580e-03 1.500524e-02
      vertex 1.327611e-02 9.623845e-03 1.644222e-02
      vertex 1.322337e-02 9.615694e-03 1.512672e-02
    endloop
  endfacet
  facet normal -3.690993e-01 9.293829e-01 3.614451e-03
    outer loop
      vertex 1.411283e-02 9.951284e-03 1.496248e-02
      vertex 1.492838e-02 1.027470e-02 1.508579e-02
      vertex 1.446488e-02 1.009547e-02 1.383838e-02
    endloop
  endfacet
  facet normal -3.259024e-01 9.453726e-01 7.630642e-03
    outer loop
      vertex 1.139212e-02 8.968676e-03 1.531332e-02
      vertex 1.209657e-02 9.202965e-03 1.637401e-02
      vertex 1.230998e-02 9.287580e-03 1.500524e-02
    endloop
  endfacet
  facet normal -2.363107e-01 9.716698e-01 3.877562e-03
    outer loop
      vertex 7.213063e-03 7.739036e-03 1.738950e-02
      vertex 6.208996e-03 7.497407e-03 1.674782e-02
      vertex 6.742719e-03 7.620491e-03 1.843118e-02
    endloop
  endfacet
  facet normal -1.029818e-01 9.946822e-01 -1.434371e-03
    outer loop
      vertex -3.853450e-04 6.356504e-03 2.006404e-02
      vertex -8.634171e-04 6.304864e-03 1.857686e-02
      vertex -1.414555e-03 6.250200e-03 2.023905e-02
    endloop
  endfacet
  facet normal -3.532779e-02 9.993758e-01 1.879626e-04
    outer loop
      vertex -4.358745e-03 6.047340e-03 2.056360e-02
      vertex -5.304940e-03 6.014184e-03 1.901390e-02
      vertex -5.184782e-03 6.018141e-03 2.055478e-02
    endloop
  endfacet
  facet normal -3.533545e-02 9.993751e-01 9.074680e-04
    outer loop
      vertex -4.358745e-03 6.047340e-03 2.056360e-02
      vertex -5.184782e-03 6.018141e-03 2.055478e-02
      vertex -4.987745e-03 6.024025e-03 2.174753e-02
    endloop
  endfacet
  facet normal 5.079703e-02 9.986953e-01 5.236484e-03
    outer loop
      vertex 8.525818e-03 1.080329e-02 8.373590e-04
      vertex 8.510920e-03 1.081225e-02 -7.260045e-04
      vertex 7.576036e-03 1.085321e-02 5.310255e-04
    endloop
  endfacet
  facet normal 9.443713e-02 9.954835e-01 9.707821e-03
    outer loop
      vertex 3.041297e-03 1.118000e-02 3.265559e-03
      vertex 2.781790e-03 1.119368e-02 4.387661e-03
      vertex 3.365621e-03 1.113894e-02 4.321371e-03
    endloop
  endfacet
  facet normal -6.407454e-02 9.979281e-01 -5.821371e-03
    outer loop
      vertex 1.848996e-02 1.095445e-02 2.081104e-02
      vertex 1.764462e-02 1.090123e-02 2.099222e-02
      vertex 1.805744e-02 1.093449e-02 2.214998e-02
    endloop
  endfacet
  facet normal -6.940561e-02 9.975613e-01 -7.369477e-03
    outer loop
      vertex 1.935100e-02 1.098658e-02 1.668451e-02
      vertex 1.859369e-02 1.092655e-02 1.569070e-02
      vertex 1.835215e-02 1.092043e-02 1.713694e-02
    endloop
  endfacet
  facet normal -5.060952e-02 9.986986e-01 -6.314022e-03
    outer loop
      vertex 1.861108e-02 1.085887e-02 4.913608e-03
      vertex 1.709715e-02 1.079005e-02 6.163033e-03
      vertex 1.878954e-02 1.087862e-02 6.608252e-03
    endloop
  endfacet
  facet normal 7.357530e-02 9.972063e-01 1.289518e-02
    outer loop
      vertex 5.106396e-03 1.099201e-02 4.134590e-03
      vertex 5.950646e-03 1.093065e-02 4.063143e-03
      vertex 4.500211e-03 1.104927e-02 3.165211e-03
    endloop
  endfacet
  facet normal -7.032647e-01 7.070908e-01 -7.376579e-02
    outer loop
      vertex -3.241608e-02 8.254328e-03 1.622118e-02
      vertex -3.164340e-02 9.144411e-03 1.738662e-02
      vertex -3.139178e-02 9.204739e-03 1.556603e-02
    endloop
  endfacet
  facet normal -2.448020e-05 1.000000e+00 1.163206e-05
    outer loop
      vertex -3.030824e-02 9.803734e-03 2.161975e-02
      vertex -3.066875e-02 9.803716e-03 2.241879e-02
      vertex -2.911609e-02 9.803758e-03 2.207902e-02
    endloop
  endfacet
  facet normal -2.486312e-05 1.000000e+00 1.055604e-05
    outer loop
      vertex -2.926181e-02 9.803715e-03 2.577384e-02
      vertex -2.938629e-02 9.803722e-03 2.475789e-02
      vertex -3.022927e-02 9.803694e-03 2.548269e-02
    endloop
  endfacet
  facet normal -2.375860e-05 1.000000e+00 1.071614e-05
    outer loop
      vertex -2.732191e-02 9.803795e-03 2.265619e-02
      vertex -2.732236e-02 9.803820e-03 2.034133e-02
      vertex -2.792640e-02 9.803796e-03 2.122700e-02
    endloop
  endfacet
  facet normal -2.455858e-05 1.000000e+00 1.062524e-05
    outer loop
      vertex -3.108097e-02 9.803749e-03 1.834469e-02
      vertex -3.032973e-02 9.803761e-03 1.891423e-02
      vertex -2.998276e-02 9.803784e-03 1.756208e-02
    endloop
  endfacet
  facet normal 2.861753e-01 9.581714e-01 -3.352702e-03
    outer loop
      vertex -2.270347e-02 8.252522e-03 2.722073e-02
      vertex -2.300058e-02 8.337370e-03 2.610892e-02
      vertex -2.374119e-02 8.562128e-03 2.712660e-02
    endloop
  endfacet
  facet normal 2.412674e-01 9.704587e-01 -1.105407e-04
    outer loop
      vertex -2.025375e-02 7.599950e-03 2.605445e-02
      vertex -2.095575e-02 7.774438e-03 2.573114e-02
      vertex -2.100105e-02 7.785894e-03 2.744276e-02
    endloop
  endfacet
  facet normal 1.813380e-01 9.834208e-01 -2.032520e-04
    outer loop
      vertex -1.755254e-02 7.015415e-03 3.489497e-02
      vertex -1.662907e-02 6.845376e-03 3.608078e-02
      vertex -1.669263e-02 6.856756e-03 3.443657e-02
    endloop
  endfacet
  facet normal 1.551886e-01 9.878839e-01 -1.406765e-03
    outer loop
      vertex -1.520598e-02 6.616501e-03 3.390730e-02
      vertex -1.532877e-02 6.633953e-03 3.261687e-02
      vertex -1.604910e-02 6.747898e-03 3.316959e-02
    endloop
  endfacet
  facet normal 1.550587e-01 9.879052e-01 4.019022e-04
    outer loop
      vertex -1.605257e-02 6.748173e-03 3.484076e-02
      vertex -1.565105e-02 6.684581e-03 3.624231e-02
      vertex -1.531711e-02 6.632679e-03 3.498212e-02
    endloop
  endfacet
  facet normal 1.561590e-01 9.877317e-01 -6.810821e-04
    outer loop
      vertex -1.646230e-02 6.816639e-03 3.791293e-02
      vertex -1.501487e-02 6.587524e-03 3.750904e-02
      vertex -1.636917e-02 6.801219e-03 3.690281e-02
    endloop
  endfacet
  facet normal -2.087689e-02 9.997671e-01 -5.463782e-03
    outer loop
      vertex -4.764695e-03 6.030542e-03 3.077969e-02
      vertex -5.615025e-03 6.006352e-03 2.960247e-02
      vertex -6.337538e-03 5.997704e-03 3.078067e-02
    endloop
  endfacet
  facet normal -4.784273e-02 9.988524e-01 -2.222702e-03
    outer loop
      vertex -3.052212e-03 6.112763e-03 3.086823e-02
      vertex -4.572574e-03 6.037086e-03 2.958476e-02
      vertex -4.764695e-03 6.030542e-03 3.077969e-02
    endloop
  endfacet
  facet normal -7.169247e-02 9.974246e-01 -2.091584e-03
    outer loop
      vertex -1.489604e-03 6.226591e-03 3.158868e-02
      vertex -2.379012e-03 6.158145e-03 2.943477e-02
      vertex -3.052212e-03 6.112763e-03 3.086823e-02
    endloop
  endfacet
  facet normal -1.076984e-01 9.941809e-01 2.308807e-03
    outer loop
      vertex -6.752059e-04 6.312174e-03 2.793823e-02
      vertex 2.895919e-05 6.386441e-03 2.880565e-02
      vertex -8.538183e-05 6.377379e-03 2.737386e-02
    endloop
  endfacet
  facet normal -1.406925e-01 9.900360e-01 5.856836e-03
    outer loop
      vertex 2.177086e-03 6.671673e-03 2.878666e-02
      vertex 1.192992e-03 6.532546e-03 2.866482e-02
      vertex 1.562439e-03 6.577689e-03 2.990861e-02
    endloop
  endfacet
  facet normal -1.388130e-01 9.902986e-01 6.290956e-03
    outer loop
      vertex 7.665632e-04 6.479647e-03 2.758260e-02
      vertex 1.192992e-03 6.532546e-03 2.866482e-02
      vertex 2.107914e-03 6.668406e-03 2.746644e-02
    endloop
  endfacet
  facet normal -1.564364e-01 9.876703e-01 5.916544e-03
    outer loop
      vertex 3.110490e-03 6.822549e-03 2.828003e-02
      vertex 2.177086e-03 6.671673e-03 2.878666e-02
      vertex 2.383860e-03 6.694093e-03 3.051124e-02
    endloop
  endfacet
  facet normal -2.800531e-01 9.598049e-01 1.856961e-02
    outer loop
      vertex 1.093795e-02 8.652452e-03 2.791772e-02
      vertex 9.816346e-03 8.351751e-03 2.654482e-02
      vertex 1.022434e-02 8.433395e-03 2.847795e-02
    endloop
  endfacet
  facet normal -6.356399e-03 9.999782e-01 -1.799849e-03
    outer loop
      vertex -6.037800e-03 6.001177e-03 2.000987e-02
      vertex -6.053958e-03 5.999321e-03 1.903610e-02
      vertex -6.988015e-03 5.995269e-03 2.008324e-02
    endloop
  endfacet
  facet normal -5.011037e-02 9.987437e-01 2.414075e-04
    outer loop
      vertex -4.035645e-03 6.054183e-03 3.959928e-02
      vertex -3.138353e-03 6.099229e-03 3.948920e-02
      vertex -3.813218e-03 6.065679e-03 3.820856e-02
    endloop
  endfacet
  facet normal -5.110594e-02 9.986929e-01 7.673789e-04
    outer loop
      vertex -3.813218e-03 6.065679e-03 3.820856e-02
      vertex -3.138353e-03 6.099229e-03 3.948920e-02
      vertex -3.074072e-03 6.103594e-03 3.809006e-02
    endloop
  endfacet
  facet normal -1.495233e-01 9.887426e-01 -5.554613e-03
    outer loop
      vertex 2.688284e-03 6.788650e-03 1.925395e-02
      vertex 2.035714e-03 6.682932e-03 1.800227e-02
      vertex 1.316297e-03 6.575062e-03 1.816679e-02
    endloop
  endfacet
  facet normal -2.956760e-01 9.550561e-01 2.106306e-02
    outer loop
      vertex 1.168359e-02 8.845270e-03 2.964195e-02
      vertex 1.177747e-02 8.907385e-03 2.814328e-02
      vertex 1.093795e-02 8.652452e-03 2.791772e-02
    endloop
  endfacet
  facet normal -2.625802e-01 9.649020e-01 3.971246e-03
    outer loop
      vertex 8.496534e-03 8.082729e-03 1.688948e-02
      vertex 7.611839e-03 7.844790e-03 1.620588e-02
      vertex 7.902278e-03 7.918868e-03 1.741087e-02
    endloop
  endfacet
  facet normal -3.567647e-01 9.337135e-01 2.996806e-02
    outer loop
      vertex 1.485718e-02 1.001513e-02 2.593887e-02
      vertex 1.561849e-02 1.026410e-02 2.724512e-02
      vertex 1.566390e-02 1.033364e-02 2.561889e-02
    endloop
  endfacet
  facet normal -6.627697e-02 9.977878e-01 -5.183095e-03
    outer loop
      vertex 1.756833e-02 1.087397e-02 1.747400e-02
      vertex 1.808453e-02 1.091778e-02 1.930666e-02
      vertex 1.902972e-02 1.097685e-02 1.859160e-02
    endloop
  endfacet
  facet normal -4.433520e-02 9.990097e-01 -3.750107e-03
    outer loop
      vertex 1.691157e-02 1.077149e-02 3.584714e-03
      vertex 1.696239e-02 1.077900e-02 4.985809e-03
      vertex 1.795358e-02 1.082050e-02 4.323066e-03
    endloop
  endfacet
  facet normal -4.102091e-02 9.991522e-01 -3.476954e-03
    outer loop
      vertex 1.700652e-02 1.079775e-02 8.973270e-03
      vertex 1.737954e-02 1.080722e-02 7.293186e-03
      vertex 1.612043e-02 1.075684e-02 7.670455e-03
    endloop
  endfacet
  facet normal -4.987931e-02 9.987448e-01 -4.571281e-03
    outer loop
      vertex 1.700652e-02 1.079775e-02 8.973270e-03
      vertex 1.735240e-02 1.082063e-02 1.019815e-02
      vertex 1.794641e-02 1.084448e-02 8.925902e-03
    endloop
  endfacet
  facet normal -3.433910e-02 9.994018e-01 -4.114808e-03
    outer loop
      vertex 1.696239e-02 1.077900e-02 4.985809e-03
      vertex 1.691157e-02 1.077149e-02 3.584714e-03
      vertex 1.574558e-02 1.073426e-02 4.274289e-03
    endloop
  endfacet
  facet normal -1.629606e-02 9.998664e-01 -1.296973e-03
    outer loop
      vertex 1.423138e-02 1.070210e-02 3.489868e-03
      vertex 1.463473e-02 1.071136e-02 5.557101e-03
      vertex 1.490804e-02 1.071414e-02 4.269838e-03
    endloop
  endfacet
  facet normal 2.090846e-02 9.997736e-01 3.948231e-03
    outer loop
      vertex 1.136893e-02 1.071048e-02 1.573515e-03
      vertex 1.049096e-02 1.073287e-02 5.534751e-04
      vertex 1.058951e-02 1.072747e-02 1.397915e-03
    endloop
  endfacet
  facet normal 3.166241e-02 9.994950e-01 2.691356e-03
    outer loop
      vertex 1.058951e-02 1.072747e-02 1.397915e-03
      vertex 1.049096e-02 1.073287e-02 5.534751e-04
      vertex 9.345888e-03 1.076683e-02 1.413422e-03
    endloop
  endfacet
  facet normal 4.175215e-02 9.991207e-01 3.806755e-03
    outer loop
      vertex 8.525818e-03 1.080329e-02 8.373590e-04
      vertex 9.345888e-03 1.076683e-02 1.413422e-03
      vertex 9.444373e-03 1.076903e-02 -2.444488e-04
    endloop
  endfacet
  facet normal 4.277955e-02 9.990818e-01 2.341713e-03
    outer loop
      vertex 9.345888e-03 1.076683e-02 1.413422e-03
      vertex 8.525818e-03 1.080329e-02 8.373590e-04
      vertex 7.901680e-03 1.082681e-02 2.206531e-03
    endloop
  endfacet
  facet normal 5.058183e-02 9.987025e-01 5.904898e-03
    outer loop
      vertex 7.576036e-03 1.085321e-02 5.310255e-04
      vertex 7.901680e-03 1.082681e-02 2.206531e-03
      vertex 8.525818e-03 1.080329e-02 8.373590e-04
    endloop
  endfacet
  facet normal 7.715433e-02 9.969957e-01 6.837681e-03
    outer loop
      vertex 5.789092e-03 1.095449e-02 2.353958e-03
      vertex 5.369262e-03 1.099743e-02 8.294404e-04
      vertex 4.686222e-03 1.104148e-02 2.114295e-03
    endloop
  endfacet
  facet normal 8.332499e-02 9.964709e-01 1.013605e-02
    outer loop
      vertex 4.686222e-03 1.104148e-02 2.114295e-03
      vertex 5.369262e-03 1.099743e-02 8.294404e-04
      vertex 4.103540e-03 1.110425e-02 7.331544e-04
    endloop
  endfacet
  facet normal 9.459128e-02 9.954508e-01 1.141427e-02
    outer loop
      vertex 3.610440e-03 1.113686e-02 1.975832e-03
      vertex 4.103540e-03 1.110425e-02 7.331544e-04
      vertex 2.873838e-03 1.122013e-02 8.178935e-04
    endloop
  endfacet
  facet normal 1.053070e-01 9.943854e-01 1.040004e-02
    outer loop
      vertex 2.873838e-03 1.122013e-02 8.178935e-04
      vertex 2.179079e-03 1.129818e-02 3.905187e-04
      vertex 1.836732e-03 1.132172e-02 1.605757e-03
    endloop
  endfacet
  facet normal 1.172358e-01 9.930331e-01 1.187365e-02
    outer loop
      vertex 4.019485e-04 1.146551e-02 3.571775e-03
      vertex 1.402590e-03 1.135442e-02 2.982155e-03
      vertex 8.006840e-04 1.144075e-02 1.705598e-03
    endloop
  endfacet
  facet normal 1.122566e-01 9.936022e-01 1.237300e-02
    outer loop
      vertex 1.836732e-03 1.132172e-02 1.605757e-03
      vertex 2.179079e-03 1.129818e-02 3.905187e-04
      vertex 1.338034e-03 1.139378e-02 3.439959e-04
    endloop
  endfacet
  facet normal 2.007409e-01 9.793751e-01 2.296611e-02
    outer loop
      vertex -7.521833e-03 1.276136e-02 3.418262e-03
      vertex -6.934820e-03 1.266722e-02 2.301674e-03
      vertex -8.056534e-03 1.288546e-02 2.799791e-03
    endloop
  endfacet
  facet normal 1.957479e-01 9.804151e-01 2.165622e-02
    outer loop
      vertex -7.268600e-03 1.279286e-02 -4.233149e-04
      vertex -6.573865e-03 1.262467e-02 9.111410e-04
      vertex -6.117637e-03 1.255924e-02 -2.504460e-04
    endloop
  endfacet
  facet normal 2.254606e-01 9.739685e-01 2.351197e-02
    outer loop
      vertex -9.596684e-03 1.326437e-02 9.902415e-04
      vertex -9.722305e-03 1.334939e-02 -1.327139e-03
      vertex -1.024377e-02 1.342134e-02 6.929840e-04
    endloop
  endfacet
  facet normal 2.580654e-01 9.657406e-01 2.733728e-02
    outer loop
      vertex -1.292321e-02 1.403772e-02 2.592608e-03
      vertex -1.389652e-02 1.434059e-02 1.081351e-03
      vertex -1.402727e-02 1.432450e-02 2.884101e-03
    endloop
  endfacet
  facet normal 2.751041e-01 9.609930e-01 2.846516e-02
    outer loop
      vertex -1.480618e-02 1.455102e-02 2.528305e-03
      vertex -1.502013e-02 1.464873e-02 1.297125e-03
      vertex -1.550565e-02 1.475341e-02 2.455639e-03
    endloop
  endfacet
  facet normal 2.867860e-01 9.574952e-01 3.093048e-02
    outer loop
      vertex -1.666193e-02 1.517316e-02 3.853176e-05
      vertex -1.660572e-02 1.511632e-02 1.276764e-03
      vertex -1.581752e-02 1.489003e-02 9.736747e-04
    endloop
  endfacet
  facet normal -6.578884e-02 9.978129e-01 -6.429744e-03
    outer loop
      vertex 1.928665e-02 1.094496e-02 1.132900e-02
      vertex 1.839746e-02 1.087861e-02 1.013095e-02
      vertex 1.875322e-02 1.091318e-02 1.185499e-02
    endloop
  endfacet
  facet normal 8.999958e-02 9.958801e-01 1.108637e-02
    outer loop
      vertex 3.041297e-03 1.118000e-02 3.265559e-03
      vertex 3.365621e-03 1.113894e-02 4.321371e-03
      vertex 4.500211e-03 1.104927e-02 3.165211e-03
    endloop
  endfacet
  facet normal 1.037388e-01 9.945291e-01 1.225283e-02
    outer loop
      vertex 3.041297e-03 1.118000e-02 3.265559e-03
      vertex 1.402590e-03 1.135442e-02 2.982155e-03
      vertex 1.611943e-03 1.131351e-02 4.530361e-03
    endloop
  endfacet
  facet normal 2.941682e-01 9.552549e-01 3.087194e-02
    outer loop
      vertex -1.660572e-02 1.511632e-02 1.276764e-03
      vertex -1.736361e-02 1.539128e-02 -9.401426e-06
      vertex -1.755500e-02 1.539125e-02 1.815091e-03
    endloop
  endfacet
  facet normal -6.025003e-02 9.981672e-01 -5.667672e-03
    outer loop
      vertex 1.686769e-02 1.087064e-02 2.371582e-02
      vertex 1.755332e-02 1.091060e-02 2.346582e-02
      vertex 1.665756e-02 1.084673e-02 2.174009e-02
    endloop
  endfacet
  facet normal -5.289869e-02 9.985818e-01 -6.011026e-03
    outer loop
      vertex 1.677355e-02 1.082010e-02 1.554983e-02
      vertex 1.761151e-02 1.086657e-02 1.589515e-02
      vertex 1.716240e-02 1.083345e-02 1.434517e-02
    endloop
  endfacet
  facet normal -4.834346e-02 9.988205e-01 -4.537984e-03
    outer loop
      vertex 1.617646e-02 1.078999e-02 1.528390e-02
      vertex 1.677355e-02 1.082010e-02 1.554983e-02
      vertex 1.716240e-02 1.083345e-02 1.434517e-02
    endloop
  endfacet
  facet normal 8.728200e-02 9.961510e-01 8.062374e-03
    outer loop
      vertex 3.610440e-03 1.113686e-02 1.975832e-03
      vertex 4.500211e-03 1.104927e-02 3.165211e-03
      vertex 4.686222e-03 1.104148e-02 2.114295e-03
    endloop
  endfacet
  facet normal 9.688434e-02 9.952507e-01 9.463653e-03
    outer loop
      vertex 2.716393e-03 1.122141e-02 2.237423e-03
      vertex 3.041297e-03 1.118000e-02 3.265559e-03
      vertex 3.610440e-03 1.113686e-02 1.975832e-03
    endloop
  endfacet
  facet normal 1.341256e-01 9.908688e-01 1.376241e-02
    outer loop
      vertex -3.762824e-04 1.155842e-02 4.001024e-03
      vertex -3.824744e-04 1.157664e-02 2.749223e-03
      vertex -1.232943e-03 1.168084e-02 3.535812e-03
    endloop
  endfacet
  facet normal 2.948090e-01 9.550708e-01 3.045497e-02
    outer loop
      vertex -1.736361e-02 1.539128e-02 -9.401426e-06
      vertex -1.660572e-02 1.511632e-02 1.276764e-03
      vertex -1.666193e-02 1.517316e-02 3.853176e-05
    endloop
  endfacet
  facet normal -7.032666e-01 7.070889e-01 -7.376575e-02
    outer loop
      vertex -3.166711e-02 9.301149e-03 1.911508e-02
      vertex -3.164340e-02 9.144411e-03 1.738662e-02
      vertex -3.218362e-02 8.673988e-03 1.802766e-02
    endloop
  endfacet
  facet normal -7.032648e-01 7.070905e-01 -7.376742e-02
    outer loop
      vertex -3.134883e-02 9.072052e-03 1.388468e-02
      vertex -3.139178e-02 9.204739e-03 1.556603e-02
      vertex -3.068603e-02 9.803799e-03 1.457990e-02
    endloop
  endfacet
  facet normal -7.032635e-01 7.070918e-01 -7.376702e-02
    outer loop
      vertex -3.108097e-02 9.803749e-03 1.834469e-02
      vertex -3.166711e-02 9.301149e-03 1.911508e-02
      vertex -3.133164e-02 9.803719e-03 2.073421e-02
    endloop
  endfacet
  facet normal -7.032645e-01 7.070907e-01 -7.376786e-02
    outer loop
      vertex -3.219278e-02 8.365085e-03 1.515395e-02
      vertex -3.311957e-02 7.431131e-03 1.503723e-02
      vertex -3.241608e-02 8.254328e-03 1.622118e-02
    endloop
  endfacet
  facet normal -7.032667e-01 7.070888e-01 -7.376586e-02
    outer loop
      vertex -3.237986e-02 8.372086e-03 1.700468e-02
      vertex -3.218362e-02 8.673988e-03 1.802766e-02
      vertex -3.164340e-02 9.144411e-03 1.738662e-02
    endloop
  endfacet
  facet normal -7.032649e-01 7.070906e-01 -7.376557e-02
    outer loop
      vertex -3.246197e-02 8.546620e-03 1.946042e-02
      vertex -3.173757e-02 9.367973e-03 2.042735e-02
      vertex -3.166711e-02 9.301149e-03 1.911508e-02
    endloop
  endfacet
  facet normal -2.481409e-05 1.000000e+00 1.037132e-05
    outer loop
      vertex -2.732161e-02 9.803780e-03 2.415405e-02
      vertex -2.823274e-02 9.803768e-03 2.307755e-02
      vertex -2.858218e-02 9.803746e-03 2.435640e-02
    endloop
  endfacet
  facet normal -2.333284e-05 1.000000e+00 1.032578e-05
    outer loop
      vertex -2.732236e-02 9.803820e-03 2.034133e-02
      vertex -2.732262e-02 9.803833e-03 1.904773e-02
      vertex -2.836734e-02 9.803799e-03 2.001192e-02
    endloop
  endfacet
  facet normal -2.436388e-05 1.000000e+00 1.000093e-05
    outer loop
      vertex -2.660197e-02 9.803908e-03 1.368015e-02
      vertex -2.772087e-02 9.803884e-03 1.343366e-02
      vertex -2.728450e-02 9.803877e-03 1.516423e-02
    endloop
  endfacet
  facet normal -2.503079e-05 1.000000e+00 1.076298e-05
    outer loop
      vertex -2.791732e-02 9.803842e-03 1.697097e-02
      vertex -2.728450e-02 9.803877e-03 1.516423e-02
      vertex -2.875792e-02 9.803832e-03 1.590212e-02
    endloop
  endfacet
  facet normal -2.519055e-05 1.000000e+00 1.044397e-05
    outer loop
      vertex -2.875792e-02 9.803832e-03 1.590212e-02
      vertex -2.728450e-02 9.803877e-03 1.516423e-02
      vertex -2.848171e-02 9.803861e-03 1.382892e-02
    endloop
  endfacet
  facet normal -2.429716e-05 1.000000e+00 1.066651e-05
    outer loop
      vertex -3.032973e-02 9.803761e-03 1.891423e-02
      vertex -2.988051e-02 9.803757e-03 2.038455e-02
      vertex -2.927838e-02 9.803788e-03 1.880567e-02
    endloop
  endfacet
  facet normal -5.262367e-05 1.000000e+00 -5.121910e-05
    outer loop
      vertex -2.732072e-02 9.803778e-03 2.994089e-02
      vertex -2.732066e-02 9.803727e-03 2.895399e-02
      vertex -2.797123e-02 9.803700e-03 2.910106e-02
    endloop
  endfacet
  facet normal -3.853691e-05 1.000000e+00 1.109671e-05
    outer loop
      vertex -2.797123e-02 9.803700e-03 2.910106e-02
      vertex -2.732066e-02 9.803727e-03 2.895399e-02
      vertex -2.732098e-02 9.803745e-03 2.731997e-02
    endloop
  endfacet
  facet normal -2.000150e-05 1.000000e+00 7.803719e-06
    outer loop
      vertex -2.823472e-02 9.803885e-03 1.225733e-02
      vertex -2.879697e-02 9.803881e-03 1.130507e-02
      vertex -3.036854e-02 9.803847e-03 1.155431e-02
    endloop
  endfacet
  facet normal -2.397459e-05 1.000000e+00 1.014959e-05
    outer loop
      vertex -2.879697e-02 9.803881e-03 1.130507e-02
      vertex -2.823472e-02 9.803885e-03 1.225733e-02
      vertex -2.741776e-02 9.803916e-03 1.108635e-02
    endloop
  endfacet
  facet normal -2.654769e-05 1.000000e+00 5.127306e-06
    outer loop
      vertex -2.370464e-02 9.804005e-03 1.125754e-02
      vertex -2.423035e-02 9.803994e-03 1.058155e-02
      vertex -2.493559e-02 9.803969e-03 1.176599e-02
    endloop
  endfacet
  facet normal -2.422666e-05 1.000000e+00 1.086205e-05
    outer loop
      vertex -2.999682e-02 9.803717e-03 2.392295e-02
      vertex -2.938629e-02 9.803722e-03 2.475789e-02
      vertex -2.858218e-02 9.803746e-03 2.435640e-02
    endloop
  endfacet
  facet normal -2.444274e-05 1.000000e+00 1.036610e-05
    outer loop
      vertex -2.892566e-02 9.803813e-03 1.735334e-02
      vertex -2.811254e-02 9.803823e-03 1.825865e-02
      vertex -2.791732e-02 9.803842e-03 1.697097e-02
    endloop
  endfacet
  facet normal -2.350160e-05 1.000000e+00 1.053606e-05
    outer loop
      vertex -2.952959e-02 9.803823e-03 1.490214e-02
      vertex -3.079423e-02 9.803786e-03 1.561135e-02
      vertex -2.992492e-02 9.803800e-03 1.628320e-02
    endloop
  endfacet
  facet normal -2.436065e-05 1.000000e+00 1.000915e-05
    outer loop
      vertex -2.493559e-02 9.803969e-03 1.176599e-02
      vertex -2.597441e-02 9.803953e-03 1.085745e-02
      vertex -2.685499e-02 9.803920e-03 1.204907e-02
    endloop
  endfacet
  facet normal 3.444914e-01 9.387894e-01 -4.824059e-04
    outer loop
      vertex -2.613627e-02 9.363213e-03 2.422274e-02
      vertex -2.625616e-02 9.406433e-03 2.271331e-02
      vertex -2.678171e-02 9.599981e-03 2.406882e-02
    endloop
  endfacet
  facet normal 3.365740e-01 9.416565e-01 9.856632e-04
    outer loop
      vertex -2.656553e-02 9.520649e-03 2.653865e-02
      vertex -2.553002e-02 9.149342e-03 2.767278e-02
      vertex -2.540947e-02 9.107719e-03 2.627113e-02
    endloop
  endfacet
  facet normal 3.196915e-01 9.475215e-01 -6.405351e-04
    outer loop
      vertex -2.465155e-02 8.853056e-03 2.783433e-02
      vertex -2.540947e-02 9.107719e-03 2.627113e-02
      vertex -2.553002e-02 9.149342e-03 2.767278e-02
    endloop
  endfacet
  facet normal 3.187229e-01 9.478479e-01 -1.177197e-04
    outer loop
      vertex -2.540947e-02 9.107719e-03 2.627113e-02
      vertex -2.465155e-02 8.853056e-03 2.783433e-02
      vertex -2.468288e-02 8.863438e-03 2.659443e-02
    endloop
  endfacet
  facet normal 3.004078e-01 9.538107e-01 -5.317201e-04
    outer loop
      vertex -2.364473e-02 8.532242e-03 2.546214e-02
      vertex -2.399076e-02 8.640474e-03 2.411449e-02
      vertex -2.433770e-02 8.750558e-03 2.557010e-02
    endloop
  endfacet
  facet normal 2.703175e-01 9.627699e-01 1.599271e-03
    outer loop
      vertex -2.285743e-02 8.295513e-03 2.272611e-02
      vertex -2.256357e-02 8.210698e-03 2.411420e-02
      vertex -2.179468e-02 7.996117e-03 2.333237e-02
    endloop
  endfacet
  facet normal 2.909575e-01 9.567360e-01 -2.072567e-04
    outer loop
      vertex -2.399168e-02 8.640451e-03 2.271286e-02
      vertex -2.399076e-02 8.640474e-03 2.411449e-02
      vertex -2.285743e-02 8.295513e-03 2.272611e-02
    endloop
  endfacet
  facet normal 2.922784e-01 9.563328e-01 9.711649e-04
    outer loop
      vertex -2.305251e-02 8.353340e-03 2.449166e-02
      vertex -2.285743e-02 8.295513e-03 2.272611e-02
      vertex -2.399076e-02 8.640474e-03 2.411449e-02
    endloop
  endfacet
  facet normal 2.933701e-01 9.559955e-01 -2.569102e-03
    outer loop
      vertex -2.303163e-02 8.347181e-03 3.155372e-02
      vertex -2.360454e-02 8.520386e-03 3.058347e-02
      vertex -2.410868e-02 8.678039e-03 3.168007e-02
    endloop
  endfacet
  facet normal 2.753398e-01 9.613469e-01 2.734677e-04
    outer loop
      vertex -2.224646e-02 8.121162e-03 2.886822e-02
      vertex -2.270347e-02 8.252522e-03 2.722073e-02
      vertex -2.299004e-02 8.334295e-03 2.829222e-02
    endloop
  endfacet
  facet normal 2.534349e-01 9.673495e-01 2.376150e-03
    outer loop
      vertex -2.179468e-02 7.996117e-03 2.333237e-02
      vertex -2.129989e-02 7.863906e-03 2.438349e-02
      vertex -2.069750e-02 7.709132e-03 2.314347e-02
    endloop
  endfacet
  facet normal 2.571474e-01 9.663721e-01 -3.540901e-04
    outer loop
      vertex -2.121010e-02 7.840296e-03 3.259109e-02
      vertex -2.158777e-02 7.940246e-03 3.109520e-02
      vertex -2.183548e-02 8.006889e-03 3.308988e-02
    endloop
  endfacet
  facet normal 2.517289e-01 9.677978e-01 1.509122e-04
    outer loop
      vertex -2.168284e-02 7.965202e-03 2.962621e-02
      vertex -2.158777e-02 7.940246e-03 3.109520e-02
      vertex -2.087919e-02 7.756104e-03 3.004384e-02
    endloop
  endfacet
  facet normal 2.514938e-01 9.678589e-01 -1.818501e-05
    outer loop
      vertex -2.074760e-02 7.721935e-03 3.133762e-02
      vertex -2.087919e-02 7.756104e-03 3.004384e-02
      vertex -2.158777e-02 7.940246e-03 3.109520e-02
    endloop
  endfacet
  facet normal 2.649409e-01 9.642643e-01 -7.641538e-04
    outer loop
      vertex -2.228242e-02 8.130980e-03 3.093361e-02
      vertex -2.158777e-02 7.940246e-03 3.109520e-02
      vertex -2.168284e-02 7.965202e-03 2.962621e-02
    endloop
  endfacet
  facet normal 2.667546e-01 9.637645e-01 -5.325636e-05
    outer loop
      vertex -2.224646e-02 8.121162e-03 2.886822e-02
      vertex -2.168284e-02 7.965202e-03 2.962621e-02
      vertex -2.169092e-02 7.967339e-03 2.783374e-02
    endloop
  endfacet
  facet normal 2.590332e-01 9.658665e-01 -1.900782e-03
    outer loop
      vertex -2.100105e-02 7.785894e-03 2.744276e-02
      vertex -2.162285e-02 7.949167e-03 2.567063e-02
      vertex -2.196001e-02 8.041405e-03 2.659389e-02
    endloop
  endfacet
  facet normal 2.539125e-01 9.672268e-01 -8.473031e-04
    outer loop
      vertex -2.091315e-02 7.764019e-03 2.881068e-02
      vertex -2.100105e-02 7.785894e-03 2.744276e-02
      vertex -2.169092e-02 7.967339e-03 2.783374e-02
    endloop
  endfacet
  facet normal 2.373510e-01 9.714237e-01 6.517377e-04
    outer loop
      vertex -2.069750e-02 7.709132e-03 2.314347e-02
      vertex -2.030998e-02 7.613363e-03 2.476065e-02
      vertex -1.998110e-02 7.534362e-03 2.273901e-02
    endloop
  endfacet
  facet normal 2.390271e-01 9.710120e-01 1.333047e-03
    outer loop
      vertex -2.009559e-02 7.562470e-03 3.058277e-02
      vertex -2.087919e-02 7.756104e-03 3.004384e-02
      vertex -2.074760e-02 7.721935e-03 3.133762e-02
    endloop
  endfacet
  facet normal 2.135616e-01 9.769296e-01 3.932910e-05
    outer loop
      vertex -1.929183e-02 7.375570e-03 2.365532e-02
      vertex -1.880850e-02 7.269878e-03 2.449081e-02
      vertex -1.871296e-02 7.249084e-03 2.219967e-02
    endloop
  endfacet
  facet normal 2.158485e-01 9.764259e-01 -1.347330e-03
    outer loop
      vertex -1.880850e-02 7.269878e-03 2.449081e-02
      vertex -1.929183e-02 7.375570e-03 2.365532e-02
      vertex -1.970929e-02 7.470716e-03 2.573089e-02
    endloop
  endfacet
  facet normal 2.233011e-01 9.747492e-01 -7.196643e-04
    outer loop
      vertex -1.917758e-02 7.350381e-03 2.791409e-02
      vertex -2.001723e-02 7.543707e-03 2.923503e-02
      vertex -1.907077e-02 7.327227e-03 2.969307e-02
    endloop
  endfacet
  facet normal 1.905846e-01 9.816697e-01 -1.438075e-03
    outer loop
      vertex -1.728047e-02 6.963741e-03 3.090566e-02
      vertex -1.783541e-02 7.069584e-03 2.961196e-02
      vertex -1.818707e-02 7.140344e-03 3.131015e-02
    endloop
  endfacet
  facet normal 2.071229e-01 9.783089e-01 -3.422481e-03
    outer loop
      vertex -1.793872e-02 7.090296e-03 3.590903e-02
      vertex -1.842860e-02 7.189331e-03 3.457169e-02
      vertex -1.881008e-02 7.271228e-03 3.489522e-02
    endloop
  endfacet
  facet normal 1.652016e-01 9.862597e-01 -3.844337e-04
    outer loop
      vertex -1.588019e-02 6.719997e-03 2.578403e-02
      vertex -1.649324e-02 6.821887e-03 2.373562e-02
      vertex -1.655667e-02 6.833353e-03 2.589199e-02
    endloop
  endfacet
  facet normal 1.776024e-01 9.841023e-01 -8.163200e-06
    outer loop
      vertex -1.655667e-02 6.833353e-03 2.589199e-02
      vertex -1.649324e-02 6.821887e-03 2.373562e-02
      vertex -1.733461e-02 6.973739e-03 2.470615e-02
    endloop
  endfacet
  facet normal 1.831385e-01 9.830852e-01 -1.932159e-03
    outer loop
      vertex -1.676855e-02 6.870419e-03 2.745539e-02
      vertex -1.736928e-02 6.979784e-03 2.616169e-02
      vertex -1.787501e-02 7.077546e-03 2.796774e-02
    endloop
  endfacet
  facet normal 1.657939e-01 9.861604e-01 -2.103905e-04
    outer loop
      vertex -1.591319e-02 6.725483e-03 2.963853e-02
      vertex -1.659328e-02 6.839720e-03 2.916696e-02
      vertex -1.662086e-02 6.844763e-03 3.106725e-02
    endloop
  endfacet
  facet normal 1.662755e-01 9.860793e-01 -2.681757e-04
    outer loop
      vertex -1.604910e-02 6.747898e-03 3.316959e-02
      vertex -1.664680e-02 6.848538e-03 3.263062e-02
      vertex -1.669263e-02 6.856756e-03 3.443657e-02
    endloop
  endfacet
  facet normal 1.432999e-01 9.896793e-01 -1.774216e-04
    outer loop
      vertex -1.472511e-02 6.546234e-03 2.567599e-02
      vertex -1.493407e-02 6.576118e-03 2.360054e-02
      vertex -1.525336e-02 6.622716e-03 2.564914e-02
    endloop
  endfacet
  facet normal 1.490445e-01 9.888305e-01 -1.949001e-04
    outer loop
      vertex -1.569803e-02 6.691098e-03 2.274152e-02
      vertex -1.568174e-02 6.688956e-03 2.432846e-02
      vertex -1.493407e-02 6.576118e-03 2.360054e-02
    endloop
  endfacet
  facet normal 1.533238e-01 9.881760e-01 -1.698916e-04
    outer loop
      vertex -1.525336e-02 6.622716e-03 2.564914e-02
      vertex -1.568174e-02 6.688956e-03 2.432846e-02
      vertex -1.588019e-02 6.719997e-03 2.578403e-02
    endloop
  endfacet
  facet normal 1.547213e-01 9.879580e-01 -6.326979e-04
    outer loop
      vertex -1.531987e-02 6.633180e-03 2.723946e-02
      vertex -1.588019e-02 6.719997e-03 2.578403e-02
      vertex -1.595916e-02 6.733763e-03 2.796736e-02
    endloop
  endfacet
  facet normal 1.325749e-01 9.911729e-01 -4.030122e-04
    outer loop
      vertex -1.398357e-02 6.447027e-03 2.562193e-02
      vertex -1.419511e-02 6.474631e-03 2.392384e-02
      vertex -1.472511e-02 6.546234e-03 2.567599e-02
    endloop
  endfacet
  facet normal 1.326891e-01 9.911577e-01 2.351951e-04
    outer loop
      vertex -1.468679e-02 6.541158e-03 2.734715e-02
      vertex -1.436112e-02 6.497137e-03 2.912608e-02
      vertex -1.404813e-02 6.455684e-03 2.723921e-02
    endloop
  endfacet
  facet normal 1.147133e-01 9.933985e-01 4.844154e-04
    outer loop
      vertex -1.381110e-02 6.426209e-03 3.311523e-02
      vertex -1.365199e-02 6.407127e-03 3.457074e-02
      vertex -1.291995e-02 6.323290e-03 3.314201e-02
    endloop
  endfacet
  facet normal 1.012118e-01 9.948642e-01 -1.155530e-03
    outer loop
      vertex -1.291939e-02 6.323071e-03 2.276455e-02
      vertex -1.201084e-02 6.232769e-03 2.459727e-02
      vertex -1.219222e-02 6.249030e-03 2.271050e-02
    endloop
  endfacet
  facet normal 9.766859e-02 9.952136e-01 -3.277405e-03
    outer loop
      vertex -1.201084e-02 6.232769e-03 2.459727e-02
      vertex -1.265566e-02 6.294808e-03 2.422004e-02
      vertex -1.313015e-02 6.346345e-03 2.572958e-02
    endloop
  endfacet
  facet normal 1.109725e-01 9.938230e-01 9.518655e-04
    outer loop
      vertex -1.349608e-02 6.388238e-03 2.465147e-02
      vertex -1.313015e-02 6.346345e-03 2.572958e-02
      vertex -1.265566e-02 6.294808e-03 2.422004e-02
    endloop
  endfacet
  facet normal 7.481487e-02 9.971972e-01 7.083561e-04
    outer loop
      vertex -1.150324e-02 6.188278e-03 2.257558e-02
      vertex -1.135525e-02 6.176084e-03 2.411196e-02
      vertex -1.079731e-02 6.134760e-03 2.335712e-02
    endloop
  endfacet
  facet normal 8.786367e-02 9.961325e-01 1.385533e-04
    outer loop
      vertex -1.219222e-02 6.249030e-03 2.271050e-02
      vertex -1.201084e-02 6.232769e-03 2.459727e-02
      vertex -1.150324e-02 6.188278e-03 2.257558e-02
    endloop
  endfacet
  facet normal 8.175135e-02 9.966483e-01 2.983463e-03
    outer loop
      vertex -1.192162e-02 6.224972e-03 3.545989e-02
      vertex -1.120571e-02 6.164393e-03 3.607970e-02
      vertex -1.070615e-02 6.127935e-03 3.457015e-02
    endloop
  endfacet
  facet normal 7.160893e-02 9.974327e-01 -3.919322e-04
    outer loop
      vertex -1.058185e-02 6.119615e-03 3.610653e-02
      vertex -1.070615e-02 6.127935e-03 3.457015e-02
      vertex -1.120571e-02 6.164393e-03 3.607970e-02
    endloop
  endfacet
  facet normal 6.103902e-02 9.981354e-01 1.913189e-04
    outer loop
      vertex -1.002923e-02 6.086043e-03 2.621414e-02
      vertex -9.945307e-03 6.081242e-03 2.448904e-02
      vertex -1.063752e-02 6.123521e-03 2.475872e-02
    endloop
  endfacet
  facet normal 6.353223e-02 9.979798e-01 8.681835e-06
    outer loop
      vertex -1.080103e-02 6.134573e-03 2.637602e-02
      vertex -1.079478e-02 6.134159e-03 2.831674e-02
      vertex -1.022609e-02 6.097956e-03 2.818185e-02
    endloop
  endfacet
  facet normal 4.824360e-02 9.988353e-01 8.148595e-04
    outer loop
      vertex -9.264856e-03 6.047928e-03 3.607594e-02
      vertex -9.139587e-03 6.043106e-03 3.456984e-02
      vertex -9.952960e-03 6.081446e-03 3.572904e-02
    endloop
  endfacet
  facet normal 4.811653e-02 9.988412e-01 -1.032202e-03
    outer loop
      vertex -9.965068e-03 6.082314e-03 3.403091e-02
      vertex -9.139587e-03 6.043106e-03 3.456984e-02
      vertex -9.238737e-03 6.046768e-03 3.349168e-02
    endloop
  endfacet
  facet normal 3.636724e-02 9.993382e-01 -8.070491e-04
    outer loop
      vertex -9.030581e-03 6.038302e-03 2.254814e-02
      vertex -9.335865e-03 6.051023e-03 2.454283e-02
      vertex -8.511645e-03 6.020767e-03 2.421921e-02
    endloop
  endfacet
  facet normal 4.693430e-02 9.988976e-01 8.130358e-04
    outer loop
      vertex -9.865065e-03 6.076897e-03 2.330303e-02
      vertex -9.335865e-03 6.051023e-03 2.454283e-02
      vertex -9.030581e-03 6.038302e-03 2.254814e-02
    endloop
  endfacet
  facet normal 3.711726e-02 9.993103e-01 1.105783e-03
    outer loop
      vertex -8.782612e-03 6.029281e-03 2.562090e-02
      vertex -8.511645e-03 6.020767e-03 2.421921e-02
      vertex -9.335865e-03 6.051023e-03 2.454283e-02
    endloop
  endfacet
  facet normal 3.840216e-02 9.992624e-01 -1.374147e-04
    outer loop
      vertex -9.238737e-03 6.046768e-03 3.349168e-02
      vertex -9.139587e-03 6.043106e-03 3.456984e-02
      vertex -8.716120e-03 6.026632e-03 3.311422e-02
    endloop
  endfacet
  facet normal 1.282521e-02 9.999167e-01 1.417331e-03
    outer loop
      vertex -8.108974e-03 6.010058e-03 2.266925e-02
      vertex -7.885378e-03 6.005147e-03 2.411127e-02
      vertex -7.014077e-03 5.996004e-03 2.267690e-02
    endloop
  endfacet
  facet normal 2.485743e-02 9.996909e-01 -4.491310e-04
    outer loop
      vertex -8.511645e-03 6.020767e-03 2.421921e-02
      vertex -7.885378e-03 6.005147e-03 2.411127e-02
      vertex -8.108974e-03 6.010058e-03 2.266925e-02
    endloop
  endfacet
  facet normal 2.433147e-02 9.996978e-01 -3.501666e-03
    outer loop
      vertex -7.398258e-03 5.997875e-03 2.542015e-02
      vertex -7.885378e-03 6.005147e-03 2.411127e-02
      vertex -8.511645e-03 6.020767e-03 2.421921e-02
    endloop
  endfacet
  facet normal 1.550577e-02 9.998794e-01 8.768339e-04
    outer loop
      vertex -7.315672e-03 5.997044e-03 3.607008e-02
      vertex -8.209208e-03 6.011932e-03 3.489311e-02
      vertex -8.015173e-03 6.007363e-03 3.667206e-02
    endloop
  endfacet
  facet normal 2.069996e-01 9.783408e-01 6.794415e-04
    outer loop
      vertex -1.908247e-02 7.330021e-03 3.322410e-02
      vertex -1.881008e-02 7.271228e-03 3.489522e-02
      vertex -1.822776e-02 7.149086e-03 3.335870e-02
    endloop
  endfacet
  facet normal -1.754385e-02 9.998460e-01 -5.283058e-04
    outer loop
      vertex -5.140458e-03 6.016582e-03 3.698557e-02
      vertex -5.356831e-03 6.012173e-03 3.582596e-02
      vertex -6.191717e-03 5.998185e-03 3.707763e-02
    endloop
  endfacet
  facet normal -3.473264e-02 9.993930e-01 2.680695e-03
    outer loop
      vertex -4.131203e-03 6.051609e-03 3.700378e-02
      vertex -5.356831e-03 6.012173e-03 3.582596e-02
      vertex -5.140458e-03 6.016582e-03 3.698557e-02
    endloop
  endfacet
  facet normal -2.402398e-02 9.997113e-01 -3.053822e-04
    outer loop
      vertex -5.913899e-03 6.001971e-03 2.240931e-02
      vertex -4.922785e-03 6.026027e-03 2.319027e-02
      vertex -4.987745e-03 6.024025e-03 2.174753e-02
    endloop
  endfacet
  facet normal -5.765517e-02 9.983346e-01 1.959452e-03
    outer loop
      vertex -3.644865e-03 6.075393e-03 3.456655e-02
      vertex -3.212236e-03 6.097072e-03 3.625093e-02
      vertex -2.651627e-03 6.133440e-03 3.421705e-02
    endloop
  endfacet
  facet normal -6.087381e-02 9.981454e-01 -2.613753e-04
    outer loop
      vertex -3.720383e-03 6.077438e-03 2.322159e-02
      vertex -2.924906e-03 6.125881e-03 2.295115e-02
      vertex -2.978929e-03 6.122251e-03 2.167002e-02
    endloop
  endfacet
  facet normal -5.552026e-02 9.984549e-01 2.305889e-03
    outer loop
      vertex -4.220187e-03 6.053287e-03 2.164507e-02
      vertex -3.720383e-03 6.077438e-03 2.322159e-02
      vertex -2.978929e-03 6.122251e-03 2.167002e-02
    endloop
  endfacet
  facet normal -6.711697e-02 9.977449e-01 6.356627e-04
    outer loop
      vertex -2.449966e-03 6.155398e-03 2.664604e-02
      vertex -3.121052e-03 6.110126e-03 2.684747e-02
      vertex -2.928049e-03 6.121950e-03 2.866727e-02
    endloop
  endfacet
  facet normal -8.872511e-02 9.960510e-01 3.203934e-03
    outer loop
      vertex -1.755866e-03 6.201572e-03 3.320055e-02
      vertex -1.384522e-03 6.231556e-03 3.416262e-02
      vertex -7.327770e-04 6.296051e-03 3.216063e-02
    endloop
  endfacet
  facet normal -8.321057e-02 9.965320e-01 -2.153575e-04
    outer loop
      vertex -2.337825e-03 6.169571e-03 2.123513e-02
      vertex -1.523927e-03 6.237794e-03 2.244907e-02
      vertex -1.641566e-03 6.227717e-03 2.127548e-02
    endloop
  endfacet
  facet normal -8.483846e-02 9.963935e-01 1.555414e-03
    outer loop
      vertex -1.552786e-03 6.232834e-03 2.405235e-02
      vertex -1.523927e-03 6.237794e-03 2.244907e-02
      vertex -2.197344e-03 6.178509e-03 2.369610e-02
    endloop
  endfacet
  facet normal -1.105918e-01 9.938623e-01 2.692270e-03
    outer loop
      vertex 6.887951e-04 6.435983e-03 3.690679e-02
      vertex 4.503900e-04 6.413968e-03 3.524084e-02
      vertex -1.471479e-04 6.343889e-03 3.656535e-02
    endloop
  endfacet
  facet normal -9.752865e-02 9.952318e-01 1.323393e-03
    outer loop
      vertex -8.245335e-04 6.304697e-03 2.367868e-02
      vertex -1.523927e-03 6.237794e-03 2.244907e-02
      vertex -1.552786e-03 6.232834e-03 2.405235e-02
    endloop
  endfacet
  facet normal -9.848341e-02 9.951378e-01 1.327534e-03
    outer loop
      vertex -1.641566e-03 6.227717e-03 2.127548e-02
      vertex -1.523927e-03 6.237794e-03 2.244907e-02
      vertex -7.350798e-04 6.317488e-03 2.122994e-02
    endloop
  endfacet
  facet normal -9.873183e-02 9.951029e-01 4.718643e-03
    outer loop
      vertex -1.630788e-03 6.223625e-03 2.574093e-02
      vertex -9.833661e-04 6.284062e-03 2.654189e-02
      vertex -3.545904e-04 6.352260e-03 2.531621e-02
    endloop
  endfacet
  facet normal -1.194988e-01 9.928335e-01 1.303184e-03
    outer loop
      vertex 7.665632e-04 6.479647e-03 2.758260e-02
      vertex 3.028639e-04 6.425523e-03 2.629690e-02
      vertex -8.538183e-05 6.377379e-03 2.737386e-02
    endloop
  endfacet
  facet normal -1.262899e-01 9.919933e-01 2.583732e-04
    outer loop
      vertex 1.004799e-05 6.399473e-03 2.208054e-02
      vertex 1.023836e-03 6.528482e-03 2.229267e-02
      vertex 6.102824e-04 6.476180e-03 2.096311e-02
    endloop
  endfacet
  facet normal -1.364004e-01 9.906478e-01 3.456148e-03
    outer loop
      vertex 6.102824e-04 6.476180e-03 2.096311e-02
      vertex 1.023836e-03 6.528482e-03 2.229267e-02
      vertex 1.322924e-03 6.572834e-03 2.138373e-02
    endloop
  endfacet
  facet normal -1.226773e-01 9.924462e-01 8.834489e-04
    outer loop
      vertex 7.861525e-04 6.494186e-03 2.345317e-02
      vertex 1.004799e-05 6.399473e-03 2.208054e-02
      vertex -1.755305e-04 6.374912e-03 2.390196e-02
    endloop
  endfacet
  facet normal -1.675695e-01 9.858394e-01 6.413647e-03
    outer loop
      vertex 4.354128e-03 6.980378e-03 3.602204e-02
      vertex 3.934753e-03 6.916388e-03 3.490093e-02
      vertex 3.522843e-03 6.836175e-03 3.646832e-02
    endloop
  endfacet
  facet normal -1.452911e-01 9.893277e-01 1.100502e-02
    outer loop
      vertex 9.205264e-04 6.508753e-03 2.497197e-02
      vertex 2.051605e-03 6.665874e-03 2.577999e-02
      vertex 2.670618e-03 6.767686e-03 2.479960e-02
    endloop
  endfacet
  facet normal -2.123992e-01 9.771115e-01 1.182030e-02
    outer loop
      vertex 5.980549e-03 7.334953e-03 3.167508e-02
      vertex 6.822753e-03 7.507396e-03 3.255383e-02
      vertex 6.731661e-03 7.506927e-03 3.095574e-02
    endloop
  endfacet
  facet normal -1.772394e-01 9.841563e-01 4.744609e-03
    outer loop
      vertex 3.888505e-03 6.990409e-03 2.275582e-02
      vertex 3.008677e-03 6.836762e-03 2.175942e-02
      vertex 3.174661e-03 6.859890e-03 2.316256e-02
    endloop
  endfacet
  facet normal -1.641515e-01 9.864301e-01 3.158889e-03
    outer loop
      vertex 3.174661e-03 6.859890e-03 2.316256e-02
      vertex 3.008677e-03 6.836762e-03 2.175942e-02
      vertex 2.352561e-03 6.722552e-03 2.332890e-02
    endloop
  endfacet
  facet normal -1.785613e-01 9.839120e-01 5.754648e-03
    outer loop
      vertex 4.201313e-03 7.031303e-03 2.567476e-02
      vertex 3.407356e-03 6.888914e-03 2.538439e-02
      vertex 3.697717e-03 6.930536e-03 2.727760e-02
    endloop
  endfacet
  facet normal -1.786381e-01 9.838967e-01 5.972145e-03
    outer loop
      vertex 3.407356e-03 6.888914e-03 2.538439e-02
      vertex 4.201313e-03 7.031303e-03 2.567476e-02
      vertex 4.011825e-03 7.007550e-03 2.392011e-02
    endloop
  endfacet
  facet normal -2.105616e-01 9.775549e-01 7.081306e-03
    outer loop
      vertex 5.891870e-03 7.390261e-03 2.405459e-02
      vertex 5.836812e-03 7.390734e-03 2.235216e-02
      vertex 5.158988e-03 7.233773e-03 2.386520e-02
    endloop
  endfacet
  facet normal -2.223796e-01 9.749415e-01 6.039181e-03
    outer loop
      vertex 6.559383e-03 7.558292e-03 2.190924e-02
      vertex 5.751098e-03 7.380904e-03 2.078278e-02
      vertex 5.836812e-03 7.390734e-03 2.235216e-02
    endloop
  endfacet
  facet normal -2.087244e-01 9.779629e-01 4.763746e-03
    outer loop
      vertex 5.836812e-03 7.390734e-03 2.235216e-02
      vertex 4.881363e-03 7.193161e-03 2.104936e-02
      vertex 4.898113e-03 7.188938e-03 2.265009e-02
    endloop
  endfacet
  facet normal -2.424058e-01 9.700991e-01 1.212810e-02
    outer loop
      vertex 7.934761e-03 7.853827e-03 2.602863e-02
      vertex 7.037029e-03 7.644517e-03 2.482780e-02
      vertex 7.665111e-03 7.772022e-03 2.718252e-02
    endloop
  endfacet
  facet normal -2.336671e-01 9.722992e-01 5.820507e-03
    outer loop
      vertex 7.315296e-03 7.737511e-03 2.231784e-02
      vertex 6.691135e-03 7.598298e-03 2.051567e-02
      vertex 6.559383e-03 7.558292e-03 2.190924e-02
    endloop
  endfacet
  facet normal -2.469320e-01 9.689775e-01 1.035470e-02
    outer loop
      vertex 7.315296e-03 7.737511e-03 2.231784e-02
      vertex 7.820983e-03 7.845996e-03 2.422519e-02
      vertex 8.079721e-03 7.927625e-03 2.275671e-02
    endloop
  endfacet
  facet normal -2.500885e-01 9.681538e-01 1.157408e-02
    outer loop
      vertex 8.606627e-03 8.034434e-03 2.543856e-02
      vertex 7.820983e-03 7.845996e-03 2.422519e-02
      vertex 7.934761e-03 7.853827e-03 2.602863e-02
    endloop
  endfacet
  facet normal -2.674454e-01 9.635227e-01 9.846558e-03
    outer loop
      vertex 9.208115e-03 8.265032e-03 1.974051e-02
      vertex 8.264790e-03 8.002290e-03 1.982886e-02
      vertex 8.857675e-03 8.153666e-03 2.111971e-02
    endloop
  endfacet
  facet normal -2.678958e-01 9.634360e-01 4.780215e-03
    outer loop
      vertex 8.264790e-03 8.002290e-03 1.982886e-02
      vertex 9.208115e-03 8.265032e-03 1.974051e-02
      vertex 8.669599e-03 8.119991e-03 1.879308e-02
    endloop
  endfacet
  facet normal -2.615792e-01 9.651569e-01 6.960571e-03
    outer loop
      vertex 8.857675e-03 8.153666e-03 2.111971e-02
      vertex 8.264790e-03 8.002290e-03 1.982886e-02
      vertex 8.093317e-03 7.943302e-03 2.156416e-02
    endloop
  endfacet
  facet normal -2.582411e-01 9.660312e-01 9.755165e-03
    outer loop
      vertex 8.747093e-03 8.110271e-03 2.233659e-02
      vertex 8.093317e-03 7.943302e-03 2.156416e-02
      vertex 8.079721e-03 7.927625e-03 2.275671e-02
    endloop
  endfacet
  facet normal -2.676407e-01 9.634488e-01 1.161312e-02
    outer loop
      vertex 8.747093e-03 8.110271e-03 2.233659e-02
      vertex 9.175332e-03 8.212639e-03 2.371327e-02
      vertex 9.364799e-03 8.283457e-03 2.220458e-02
    endloop
  endfacet
  facet normal -3.248138e-01 9.454784e-01 2.380240e-02
    outer loop
      vertex 1.409690e-02 9.692253e-03 2.767212e-02
      vertex 1.266042e-02 9.229637e-03 2.644553e-02
      vertex 1.278857e-02 9.239893e-03 2.778691e-02
    endloop
  endfacet
  facet normal -3.061680e-01 9.517801e-01 1.938574e-02
    outer loop
      vertex 1.278857e-02 9.239893e-03 2.778691e-02
      vertex 1.174755e-02 8.926977e-03 2.670887e-02
      vertex 1.177747e-02 8.907385e-03 2.814328e-02
    endloop
  endfacet
  facet normal -2.852111e-01 9.583809e-01 1.268058e-02
    outer loop
      vertex 1.037482e-02 8.604808e-03 2.030212e-02
      vertex 9.208115e-03 8.265032e-03 1.974051e-02
      vertex 9.840678e-03 8.431797e-03 2.136422e-02
    endloop
  endfacet
  facet normal -3.381752e-01 9.406886e-01 2.724806e-02
    outer loop
      vertex 1.472875e-02 9.935520e-03 2.711561e-02
      vertex 1.333490e-02 9.477322e-03 2.563509e-02
      vertex 1.409690e-02 9.692253e-03 2.767212e-02
    endloop
  endfacet
  facet normal -3.148560e-01 9.490546e-01 1.268926e-02
    outer loop
      vertex 1.214062e-02 9.184618e-03 1.960752e-02
      vertex 1.099132e-02 8.813827e-03 1.882256e-02
      vertex 1.134240e-02 8.911625e-03 2.021921e-02
    endloop
  endfacet
  facet normal -3.431182e-01 9.389245e-01 2.628116e-02
    outer loop
      vertex 1.471971e-02 1.000109e-02 2.464589e-02
      vertex 1.406844e-02 9.741507e-03 2.541704e-02
      vertex 1.485718e-02 1.001513e-02 2.593887e-02
    endloop
  endfacet
  facet normal -3.312273e-01 9.434980e-01 9.999470e-03
    outer loop
      vertex 1.307720e-02 9.518543e-03 1.912385e-02
      vertex 1.236249e-02 9.278711e-03 1.807886e-02
      vertex 1.214062e-02 9.184618e-03 1.960752e-02
    endloop
  endfacet
  facet normal -3.554576e-01 9.344393e-01 2.174986e-02
    outer loop
      vertex 1.483657e-02 1.011790e-02 2.177685e-02
      vertex 1.432055e-02 9.923940e-03 2.167696e-02
      vertex 1.439014e-02 9.915754e-03 2.316588e-02
    endloop
  endfacet
  facet normal -3.360109e-01 9.417935e-01 1.103329e-02
    outer loop
      vertex 1.236249e-02 9.278711e-03 1.807886e-02
      vertex 1.330480e-02 9.616451e-03 1.794713e-02
      vertex 1.327611e-02 9.623845e-03 1.644222e-02
    endloop
  endfacet
  facet normal -3.773387e-01 9.257080e-01 2.607952e-02
    outer loop
      vertex 1.665756e-02 1.084673e-02 2.174009e-02
      vertex 1.533573e-02 1.033142e-02 2.090625e-02
      vertex 1.588062e-02 1.051151e-02 2.239790e-02
    endloop
  endfacet
  facet normal -3.660193e-01 9.302507e-01 2.575724e-02
    outer loop
      vertex 1.483657e-02 1.011790e-02 2.177685e-02
      vertex 1.547453e-02 1.032096e-02 2.350914e-02
      vertex 1.588062e-02 1.051151e-02 2.239790e-02
    endloop
  endfacet
  facet normal -3.593747e-01 9.331687e-01 6.784032e-03
    outer loop
      vertex 1.398598e-02 9.894711e-03 1.602492e-02
      vertex 1.489672e-02 1.023995e-02 1.678159e-02
      vertex 1.411283e-02 9.951284e-03 1.496248e-02
    endloop
  endfacet
  facet normal -3.777921e-01 9.257440e-01 1.646618e-02
    outer loop
      vertex 1.570654e-02 1.055412e-02 1.769848e-02
      vertex 1.489672e-02 1.023995e-02 1.678159e-02
      vertex 1.518180e-02 1.033003e-02 1.825766e-02
    endloop
  endfacet
  facet normal -3.510389e-01 9.363010e-01 1.059143e-02
    outer loop
      vertex 1.327611e-02 9.623845e-03 1.644222e-02
      vertex 1.432334e-02 1.000100e-02 1.781035e-02
      vertex 1.398598e-02 9.894711e-03 1.602492e-02
    endloop
  endfacet
  facet normal -3.721940e-01 9.280623e-01 1.311841e-02
    outer loop
      vertex 1.411283e-02 9.951284e-03 1.496248e-02
      vertex 1.489672e-02 1.023995e-02 1.678159e-02
      vertex 1.517257e-02 1.036037e-02 1.608892e-02
    endloop
  endfacet
  facet normal -3.733645e-01 9.276827e-01 -1.933493e-03
    outer loop
      vertex 1.414866e-02 9.975508e-03 1.275962e-02
      vertex 1.531709e-02 1.044814e-02 1.390066e-02
      vertex 1.479569e-02 1.023501e-02 1.232363e-02
    endloop
  endfacet
  facet normal -3.375020e-01 9.413248e-01 1.857118e-06
    outer loop
      vertex 1.214783e-02 9.230073e-03 1.399145e-02
      vertex 1.322337e-02 9.615694e-03 1.512672e-02
      vertex 1.282459e-02 9.472720e-03 1.359375e-02
    endloop
  endfacet
  facet normal -2.645207e-01 9.643800e-01 -8.703226e-05
    outer loop
      vertex 8.496534e-03 8.082729e-03 1.688948e-02
      vertex 8.954191e-03 8.208282e-03 1.713304e-02
      vertex 8.622293e-03 8.117124e-03 1.577775e-02
    endloop
  endfacet
  facet normal -2.442433e-01 9.697140e-01 7.325432e-05
    outer loop
      vertex 6.742719e-03 7.620491e-03 1.843118e-02
      vertex 7.860028e-03 7.901883e-03 1.877918e-02
      vertex 7.213063e-03 7.739036e-03 1.738950e-02
    endloop
  endfacet
  facet normal -1.102123e-01 9.939076e-01 9.168638e-04
    outer loop
      vertex -8.634171e-04 6.304864e-03 1.857686e-02
      vertex -3.853450e-04 6.356504e-03 2.006404e-02
      vertex -1.334298e-04 6.385924e-03 1.845416e-02
    endloop
  endfacet
  facet normal -9.756178e-02 9.952294e-01 3.807516e-04
    outer loop
      vertex -1.596606e-03 6.232948e-03 1.868545e-02
      vertex -1.414555e-03 6.250200e-03 2.023905e-02
      vertex -8.634171e-04 6.304864e-03 1.857686e-02
    endloop
  endfacet
  facet normal -8.495256e-02 9.963844e-01 -1.109620e-03
    outer loop
      vertex -2.332835e-03 6.170282e-03 1.877985e-02
      vertex -1.414555e-03 6.250200e-03 2.023905e-02
      vertex -1.596606e-03 6.232948e-03 1.868545e-02
    endloop
  endfacet
  facet normal -8.341508e-02 9.965093e-01 3.346350e-03
    outer loop
      vertex -2.337825e-03 6.169571e-03 2.123513e-02
      vertex -1.641566e-03 6.227717e-03 2.127548e-02
      vertex -1.414555e-03 6.250200e-03 2.023905e-02
    endloop
  endfacet
  facet normal -5.636347e-02 9.984088e-01 1.723233e-03
    outer loop
      vertex -4.185965e-03 6.055963e-03 1.895142e-02
      vertex -3.395181e-03 6.097190e-03 2.093027e-02
      vertex -3.021714e-03 6.120339e-03 1.973325e-02
    endloop
  endfacet
  facet normal -3.608918e-02 9.993455e-01 2.488875e-03
    outer loop
      vertex -4.035645e-03 6.054183e-03 3.959928e-02
      vertex -3.813218e-03 6.065679e-03 3.820856e-02
      vertex -4.912238e-03 6.022334e-03 3.967645e-02
    endloop
  endfacet
  facet normal -7.588556e-02 9.971165e-01 -3.352234e-04
    outer loop
      vertex -1.381160e-03 6.223742e-03 3.918145e-02
      vertex -1.898091e-03 6.183830e-03 3.748126e-02
      vertex -2.335091e-03 6.150941e-03 3.858014e-02
    endloop
  endfacet
  facet normal -2.324199e-01 9.724912e-01 1.555464e-02
    outer loop
      vertex 8.610022e-03 7.894976e-03 3.476771e-02
      vertex 7.425463e-03 7.633177e-03 3.343576e-02
      vertex 7.797535e-03 7.700902e-03 3.476111e-02
    endloop
  endfacet
  facet normal -3.754626e-01 9.263923e-01 2.872550e-02
    outer loop
      vertex 1.665756e-02 1.084673e-02 2.174009e-02
      vertex 1.643970e-02 1.072639e-02 2.277370e-02
      vertex 1.686769e-02 1.087064e-02 2.371582e-02
    endloop
  endfacet
  facet normal -3.766347e-01 9.261318e-01 2.064401e-02
    outer loop
      vertex 1.575063e-02 1.052406e-02 2.002680e-02
      vertex 1.650801e-02 1.082981e-02 2.012786e-02
      vertex 1.589056e-02 1.060550e-02 1.892597e-02
    endloop
  endfacet
  facet normal -5.305562e-03 9.999854e-01 -1.007423e-03
    outer loop
      vertex -6.988015e-03 5.995269e-03 2.008324e-02
      vertex -7.116887e-03 5.996130e-03 2.161675e-02
      vertex -5.987258e-03 6.001836e-03 2.133130e-02
    endloop
  endfacet
  facet normal -1.875882e-01 9.822339e-01 5.220216e-03
    outer loop
      vertex 4.313505e-03 7.077937e-03 2.155898e-02
      vertex 3.498814e-03 6.925713e-03 2.092562e-02
      vertex 3.888505e-03 6.990409e-03 2.275582e-02
    endloop
  endfacet
  facet normal -2.098341e-01 9.777335e-01 2.606922e-03
    outer loop
      vertex 5.607800e-03 7.355547e-03 1.918711e-02
      vertex 5.612793e-03 7.359930e-03 1.794507e-02
      vertex 4.875105e-03 7.200773e-03 1.826012e-02
    endloop
  endfacet
  facet normal -1.962997e-01 9.805402e-01 2.702348e-03
    outer loop
      vertex 4.067012e-03 7.037362e-03 1.885303e-02
      vertex 4.836636e-03 7.189026e-03 1.972802e-02
      vertex 4.875105e-03 7.200773e-03 1.826012e-02
    endloop
  endfacet
  facet normal -2.971808e-01 9.546209e-01 1.955941e-02
    outer loop
      vertex 1.118354e-02 8.681583e-03 3.003321e-02
      vertex 1.203547e-02 8.930187e-03 3.084385e-02
      vertex 1.168359e-02 8.845270e-03 2.964195e-02
    endloop
  endfacet
  facet normal -2.852461e-01 9.584263e-01 7.332864e-03
    outer loop
      vertex 1.000070e-02 8.514706e-03 1.779170e-02
      vertex 8.954191e-03 8.208282e-03 1.713304e-02
      vertex 9.297305e-03 8.301251e-03 1.832876e-02
    endloop
  endfacet
  facet normal -2.968175e-01 9.549327e-01 1.721277e-03
    outer loop
      vertex 1.079542e-02 8.761995e-03 1.764034e-02
      vertex 1.038331e-02 8.635683e-03 1.665195e-02
      vertex 1.000070e-02 8.514706e-03 1.779170e-02
    endloop
  endfacet
  facet normal -2.952535e-01 9.553968e-01 6.503488e-03
    outer loop
      vertex 9.979742e-03 8.501364e-03 1.880000e-02
      vertex 1.099132e-02 8.813827e-03 1.882256e-02
      vertex 1.000070e-02 8.514706e-03 1.779170e-02
    endloop
  endfacet
  facet normal -3.229061e-01 9.464155e-01 5.410259e-03
    outer loop
      vertex 1.209657e-02 9.202965e-03 1.637401e-02
      vertex 1.139212e-02 8.968676e-03 1.531332e-02
      vertex 1.141422e-02 8.966282e-03 1.705104e-02
    endloop
  endfacet
  facet normal -3.747494e-01 9.267557e-01 2.620511e-02
    outer loop
      vertex 1.575063e-02 1.052406e-02 2.002680e-02
      vertex 1.477597e-02 1.015125e-02 1.927312e-02
      vertex 1.533573e-02 1.033142e-02 2.090625e-02
    endloop
  endfacet
  facet normal -3.682944e-01 9.295633e-01 1.646873e-02
    outer loop
      vertex 1.477597e-02 1.015125e-02 1.927312e-02
      vertex 1.575063e-02 1.052406e-02 2.002680e-02
      vertex 1.518180e-02 1.033003e-02 1.825766e-02
    endloop
  endfacet
  facet normal -3.829607e-01 9.237154e-01 9.536461e-03
    outer loop
      vertex 1.414866e-02 9.975508e-03 1.275962e-02
      vertex 1.446488e-02 1.009547e-02 1.383838e-02
      vertex 1.531709e-02 1.044814e-02 1.390066e-02
    endloop
  endfacet
  facet normal -3.363554e-01 9.417174e-01 5.774969e-03
    outer loop
      vertex 1.327611e-02 9.623845e-03 1.644222e-02
      vertex 1.230998e-02 9.287580e-03 1.500524e-02
      vertex 1.209657e-02 9.202965e-03 1.637401e-02
    endloop
  endfacet
  facet normal -1.744876e-01 9.846492e-01 -4.471872e-03
    outer loop
      vertex 4.067012e-03 7.037362e-03 1.885303e-02
      vertex 3.462851e-03 6.924755e-03 1.763200e-02
      vertex 2.929177e-03 6.830837e-03 1.777599e-02
    endloop
  endfacet
  facet normal -3.723575e-02 9.993056e-01 1.354399e-03
    outer loop
      vertex -4.358745e-03 6.047340e-03 2.056360e-02
      vertex -4.185965e-03 6.055963e-03 1.895142e-02
      vertex -5.304940e-03 6.014184e-03 1.901390e-02
    endloop
  endfacet
  facet normal -3.015843e-01 9.532071e-01 2.105042e-02
    outer loop
      vertex 1.168359e-02 8.845270e-03 2.964195e-02
      vertex 1.262858e-02 9.135971e-03 3.001693e-02
      vertex 1.241273e-02 9.102859e-03 2.842398e-02
    endloop
  endfacet
  facet normal -4.614113e-02 9.989191e-01 -5.630139e-03
    outer loop
      vertex 1.735240e-02 1.082063e-02 1.019815e-02
      vertex 1.700652e-02 1.079775e-02 8.973270e-03
      vertex 1.647716e-02 1.078077e-02 1.029803e-02
    endloop
  endfacet
  facet normal -3.607317e-02 9.993482e-01 -1.358642e-03
    outer loop
      vertex 1.709715e-02 1.079005e-02 6.163033e-03
      vertex 1.569955e-02 1.074038e-02 6.740485e-03
      vertex 1.612043e-02 1.075684e-02 7.670455e-03
    endloop
  endfacet
  facet normal -8.064206e-03 9.999671e-01 -9.220497e-04
    outer loop
      vertex 1.431485e-02 1.070167e-02 2.330883e-03
      vertex 1.442290e-02 1.070128e-02 9.659511e-04
      vertex 1.361160e-02 1.069547e-02 1.756649e-03
    endloop
  endfacet
  facet normal 7.192247e-02 9.973758e-01 8.289167e-03
    outer loop
      vertex 5.369262e-03 1.099743e-02 8.294404e-04
      vertex 5.789092e-03 1.095449e-02 2.353958e-03
      vertex 6.354182e-03 1.092694e-02 7.659414e-04
    endloop
  endfacet
  facet normal 1.094632e-01 9.939248e-01 1.146279e-02
    outer loop
      vertex 1.611943e-03 1.131351e-02 4.530361e-03
      vertex 1.402590e-03 1.135442e-02 2.982155e-03
      vertex 1.181958e-03 1.136509e-02 4.164487e-03
    endloop
  endfacet
  facet normal 1.470565e-01 9.890527e-01 1.221057e-02
    outer loop
      vertex -1.187459e-03 1.172476e-02 1.416234e-04
      vertex -1.915017e-03 1.183877e-02 -3.308967e-04
      vertex -2.767964e-03 1.195060e-02 8.829098e-04
    endloop
  endfacet
  facet normal 2.255012e-01 9.739524e-01 2.379035e-02
    outer loop
      vertex -1.036100e-02 1.341527e-02 2.056953e-03
      vertex -9.938833e-03 1.329055e-02 3.161452e-03
      vertex -9.596684e-03 1.326437e-02 9.902415e-04
    endloop
  endfacet
  facet normal 2.179698e-01 9.756942e-01 2.258251e-02
    outer loop
      vertex -8.787167e-03 1.305827e-02 2.081295e-03
      vertex -9.596684e-03 1.326437e-02 9.902415e-04
      vertex -9.938833e-03 1.329055e-02 3.161452e-03
    endloop
  endfacet
  facet normal 2.673275e-01 9.631992e-01 2.798636e-02
    outer loop
      vertex -1.480618e-02 1.455102e-02 2.528305e-03
      vertex -1.402727e-02 1.432450e-02 2.884101e-03
      vertex -1.389652e-02 1.434059e-02 1.081351e-03
    endloop
  endfacet
  facet normal -6.283634e-02 9.980091e-01 -5.421124e-03
    outer loop
      vertex 1.862838e-02 1.091347e-02 1.335498e-02
      vertex 1.875322e-02 1.091318e-02 1.185499e-02
      vertex 1.787688e-02 1.086425e-02 1.300570e-02
    endloop
  endfacet
  facet normal -5.354532e-02 9.985552e-01 -4.520202e-03
    outer loop
      vertex 1.638411e-02 1.081565e-02 1.861893e-02
      vertex 1.756833e-02 1.087397e-02 1.747400e-02
      vertex 1.626869e-02 1.080192e-02 1.695244e-02
    endloop
  endfacet
  facet normal -5.243370e-02 9.986170e-01 -3.834891e-03
    outer loop
      vertex 1.878954e-02 1.087862e-02 6.608252e-03
      vertex 1.737954e-02 1.080722e-02 7.293186e-03
      vertex 1.798781e-02 1.084127e-02 7.843142e-03
    endloop
  endfacet
  facet normal -3.836022e-02 9.992621e-01 -1.945441e-03
    outer loop
      vertex 1.660905e-02 1.074811e-02 3.924654e-04
      vertex 1.754716e-02 1.078532e-02 1.006713e-03
      vertex 1.805022e-02 1.080187e-02 -4.124322e-04
    endloop
  endfacet
  facet normal -7.032665e-01 7.070890e-01 -7.376534e-02
    outer loop
      vertex -3.187498e-02 9.348039e-03 2.154630e-02
      vertex -3.133164e-02 9.803719e-03 2.073421e-02
      vertex -3.173757e-02 9.367973e-03 2.042735e-02
    endloop
  endfacet
  facet normal -2.463104e-05 1.000000e+00 1.037939e-05
    outer loop
      vertex -2.911609e-02 9.803758e-03 2.207902e-02
      vertex -2.792640e-02 9.803796e-03 2.122700e-02
      vertex -2.884723e-02 9.803776e-03 2.097130e-02
    endloop
  endfacet
  facet normal -2.491318e-05 1.000000e+00 1.139546e-05
    outer loop
      vertex -2.836734e-02 9.803799e-03 2.001192e-02
      vertex -2.884723e-02 9.803776e-03 2.097130e-02
      vertex -2.792640e-02 9.803796e-03 2.122700e-02
    endloop
  endfacet
  facet normal -2.438682e-05 1.000000e+00 1.043866e-05
    outer loop
      vertex -2.988051e-02 9.803757e-03 2.038455e-02
      vertex -2.911609e-02 9.803758e-03 2.207902e-02
      vertex -2.884723e-02 9.803776e-03 2.097130e-02
    endloop
  endfacet
  facet normal -2.473523e-05 1.000000e+00 1.050463e-05
    outer loop
      vertex -2.952959e-02 9.803823e-03 1.490214e-02
      vertex -2.875792e-02 9.803832e-03 1.590212e-02
      vertex -2.848171e-02 9.803861e-03 1.382892e-02
    endloop
  endfacet
  facet normal -2.405039e-05 1.000000e+00 1.009671e-05
    outer loop
      vertex -2.685499e-02 9.803920e-03 1.204907e-02
      vertex -2.741776e-02 9.803916e-03 1.108635e-02
      vertex -2.823472e-02 9.803885e-03 1.225733e-02
    endloop
  endfacet
  facet normal -2.401920e-05 1.000000e+00 9.913786e-06
    outer loop
      vertex -3.108097e-02 9.803749e-03 1.834469e-02
      vertex -3.077521e-02 9.803736e-03 2.043224e-02
      vertex -3.032973e-02 9.803761e-03 1.891423e-02
    endloop
  endfacet
  facet normal -2.419619e-05 1.000000e+00 1.082027e-05
    outer loop
      vertex -2.370464e-02 9.804005e-03 1.125754e-02
      vertex -2.493559e-02 9.803969e-03 1.176599e-02
      vertex -2.356118e-02 9.803997e-03 1.228344e-02
    endloop
  endfacet
  facet normal -2.329449e-05 1.000000e+00 1.052390e-05
    outer loop
      vertex -2.732129e-02 9.803761e-03 2.578807e-02
      vertex -2.858218e-02 9.803746e-03 2.435640e-02
      vertex -2.843299e-02 9.803736e-03 2.568346e-02
    endloop
  endfacet
  facet normal -2.440734e-05 1.000000e+00 1.050020e-05
    outer loop
      vertex -2.938629e-02 9.803722e-03 2.475789e-02
      vertex -2.926181e-02 9.803715e-03 2.577384e-02
      vertex -2.858218e-02 9.803746e-03 2.435640e-02
    endloop
  endfacet
  facet normal -2.415592e-05 1.000000e+00 1.062075e-05
    outer loop
      vertex -2.843299e-02 9.803736e-03 2.568346e-02
      vertex -2.858218e-02 9.803746e-03 2.435640e-02
      vertex -2.926181e-02 9.803715e-03 2.577384e-02
    endloop
  endfacet
  facet normal -2.495341e-05 1.000000e+00 1.141856e-05
    outer loop
      vertex -3.030824e-02 9.803734e-03 2.161975e-02
      vertex -3.077521e-02 9.803736e-03 2.043224e-02
      vertex -3.066875e-02 9.803716e-03 2.241879e-02
    endloop
  endfacet
  facet normal 3.444935e-01 9.387886e-01 -4.924458e-04
    outer loop
      vertex -2.678171e-02 9.599981e-03 2.406882e-02
      vertex -2.615439e-02 9.370543e-03 2.551656e-02
      vertex -2.613627e-02 9.363213e-03 2.422274e-02
    endloop
  endfacet
  facet normal 3.197294e-01 9.475084e-01 -9.787374e-04
    outer loop
      vertex -2.534452e-02 9.085765e-03 2.357567e-02
      vertex -2.557656e-02 9.165567e-03 2.503126e-02
      vertex -2.470272e-02 8.869530e-03 2.389899e-02
    endloop
  endfacet
  facet normal 3.315260e-01 9.434454e-01 1.124524e-03
    outer loop
      vertex -2.613627e-02 9.363213e-03 2.422274e-02
      vertex -2.557656e-02 9.165567e-03 2.503126e-02
      vertex -2.534452e-02 9.085765e-03 2.357567e-02
    endloop
  endfacet
  facet normal 3.116504e-01 9.501937e-01 2.421506e-03
    outer loop
      vertex -2.490786e-02 8.937906e-03 2.543544e-02
      vertex -2.433770e-02 8.750558e-03 2.557010e-02
      vertex -2.399076e-02 8.640474e-03 2.411449e-02
    endloop
  endfacet
  facet normal 3.066503e-01 9.518212e-01 -1.416427e-03
    outer loop
      vertex -2.470272e-02 8.869530e-03 2.389899e-02
      vertex -2.490786e-02 8.937906e-03 2.543544e-02
      vertex -2.399076e-02 8.640474e-03 2.411449e-02
    endloop
  endfacet
  facet normal 3.043455e-01 9.525617e-01 -9.028680e-05
    outer loop
      vertex -2.465155e-02 8.853056e-03 2.783433e-02
      vertex -2.382792e-02 8.590007e-03 2.891234e-02
      vertex -2.374119e-02 8.562128e-03 2.712660e-02
    endloop
  endfacet
  facet normal 2.887518e-01 9.574039e-01 4.093259e-04
    outer loop
      vertex -2.360454e-02 8.520386e-03 3.058347e-02
      vertex -2.303163e-02 8.347181e-03 3.155372e-02
      vertex -2.289827e-02 8.307806e-03 2.957254e-02
    endloop
  endfacet
  facet normal 2.641666e-01 9.644740e-01 2.422027e-03
    outer loop
      vertex -2.256357e-02 8.210698e-03 2.411420e-02
      vertex -2.234453e-02 8.147726e-03 2.530015e-02
      vertex -2.129989e-02 7.863906e-03 2.438349e-02
    endloop
  endfacet
  facet normal 2.700579e-01 9.628423e-01 1.857844e-03
    outer loop
      vertex -2.270347e-02 8.252522e-03 2.722073e-02
      vertex -2.224646e-02 8.121162e-03 2.886822e-02
      vertex -2.169092e-02 7.967339e-03 2.783374e-02
    endloop
  endfacet
  facet normal 2.354499e-01 9.718845e-01 -1.941094e-03
    outer loop
      vertex -2.074760e-02 7.721935e-03 3.133762e-02
      vertex -1.978913e-02 7.490057e-03 3.149916e-02
      vertex -2.009559e-02 7.562470e-03 3.058277e-02
    endloop
  endfacet
  facet normal 2.424785e-01 9.701566e-01 5.817952e-04
    outer loop
      vertex -2.100105e-02 7.785894e-03 2.744276e-02
      vertex -2.039199e-02 7.633352e-03 2.796825e-02
      vertex -2.025375e-02 7.599950e-03 2.605445e-02
    endloop
  endfacet
  facet normal 2.288860e-01 9.734522e-01 1.411197e-03
    outer loop
      vertex -2.030998e-02 7.613363e-03 2.476065e-02
      vertex -1.970929e-02 7.470716e-03 2.573089e-02
      vertex -1.929183e-02 7.375570e-03 2.365532e-02
    endloop
  endfacet
  facet normal 1.985661e-01 9.800708e-01 5.727532e-03
    outer loop
      vertex -1.848330e-02 7.200480e-03 2.573065e-02
      vertex -1.804873e-02 7.111804e-03 2.583838e-02
      vertex -1.733461e-02 6.973739e-03 2.470615e-02
    endloop
  endfacet
  facet normal 2.051796e-01 9.787239e-01 9.646512e-04
    outer loop
      vertex -1.880850e-02 7.269878e-03 2.449081e-02
      vertex -1.848330e-02 7.200480e-03 2.573065e-02
      vertex -1.801988e-02 7.105880e-03 2.314293e-02
    endloop
  endfacet
  facet normal 1.924895e-01 9.812988e-01 -6.862171e-04
    outer loop
      vertex -1.726532e-02 6.960692e-03 3.392455e-02
      vertex -1.822776e-02 7.149086e-03 3.335870e-02
      vertex -1.842860e-02 7.189331e-03 3.457169e-02
    endloop
  endfacet
  facet normal 1.654257e-01 9.862222e-01 3.354755e-04
    outer loop
      vertex -1.591319e-02 6.725483e-03 2.963853e-02
      vertex -1.595916e-02 6.733763e-03 2.796736e-02
      vertex -1.659328e-02 6.839720e-03 2.916696e-02
    endloop
  endfacet
  facet normal 1.803699e-01 9.835966e-01 -2.080143e-03
    outer loop
      vertex -1.669263e-02 6.856756e-03 3.443657e-02
      vertex -1.726532e-02 6.960692e-03 3.392455e-02
      vertex -1.755254e-02 7.015415e-03 3.489497e-02
    endloop
  endfacet
  facet normal 1.500902e-01 9.886719e-01 9.038271e-04
    outer loop
      vertex -1.568174e-02 6.688956e-03 2.432846e-02
      vertex -1.525336e-02 6.622716e-03 2.564914e-02
      vertex -1.493407e-02 6.576118e-03 2.360054e-02
    endloop
  endfacet
  facet normal 1.427903e-01 9.897530e-01 -1.340038e-04
    outer loop
      vertex -1.457096e-02 6.525014e-03 3.484046e-02
      vertex -1.520598e-02 6.616501e-03 3.390730e-02
      vertex -1.531711e-02 6.632679e-03 3.498212e-02
    endloop
  endfacet
  facet normal 1.271341e-01 9.918855e-01 -3.668806e-04
    outer loop
      vertex -1.365199e-02 6.407127e-03 3.457074e-02
      vertex -1.447496e-02 6.512211e-03 3.349272e-02
      vertex -1.457096e-02 6.525014e-03 3.484046e-02
    endloop
  endfacet
  facet normal 1.117082e-01 9.937410e-01 3.464540e-04
    outer loop
      vertex -1.268861e-02 6.298235e-03 2.961093e-02
      vertex -1.265247e-02 6.294868e-03 2.761629e-02
      vertex -1.356544e-02 6.396979e-03 2.909897e-02
    endloop
  endfacet
  facet normal 8.757570e-02 9.961576e-01 7.894192e-04
    outer loop
      vertex -1.223977e-02 6.253990e-03 2.939520e-02
      vertex -1.146495e-02 6.185019e-03 3.047322e-02
      vertex -1.136868e-02 6.177602e-03 2.915244e-02
    endloop
  endfacet
  facet normal 4.928158e-02 9.987843e-01 1.158973e-03
    outer loop
      vertex -8.995389e-03 6.037393e-03 3.020319e-02
      vertex -1.028508e-02 6.101716e-03 2.961045e-02
      vertex -1.001879e-02 6.086293e-03 3.157807e-02
    endloop
  endfacet
  facet normal 3.127968e-02 9.995082e-01 -2.212257e-03
    outer loop
      vertex -8.263592e-03 6.013544e-03 3.359930e-02
      vertex -8.716120e-03 6.026632e-03 3.311422e-02
      vertex -9.139587e-03 6.043106e-03 3.456984e-02
    endloop
  endfacet
  facet normal 3.354504e-02 9.994372e-01 -1.654001e-04
    outer loop
      vertex -8.209208e-03 6.011932e-03 3.489311e-02
      vertex -8.263592e-03 6.013544e-03 3.359930e-02
      vertex -9.139587e-03 6.043106e-03 3.456984e-02
    endloop
  endfacet
  facet normal 1.970506e-02 9.998057e-01 4.168137e-04
    outer loop
      vertex -8.263592e-03 6.013544e-03 3.359930e-02
      vertex -8.209208e-03 6.011932e-03 3.489311e-02
      vertex -7.613247e-03 6.000434e-03 3.429999e-02
    endloop
  endfacet
  facet normal 3.090795e-01 9.510362e-01 2.249244e-04
    outer loop
      vertex -2.482993e-02 8.912526e-03 3.131662e-02
      vertex -2.471981e-02 8.876407e-03 3.272422e-02
      vertex -2.410868e-02 8.678039e-03 3.168007e-02
    endloop
  endfacet
  facet normal 3.531450e-01 9.355686e-01 -5.874388e-05
    outer loop
      vertex -2.732161e-02 9.803780e-03 2.415405e-02
      vertex -2.732129e-02 9.803761e-03 2.578807e-02
      vertex -2.678171e-02 9.599981e-03 2.406882e-02
    endloop
  endfacet
  facet normal 1.704134e-02 9.998548e-01 2.421278e-05
    outer loop
      vertex -7.638829e-03 6.002447e-03 2.912474e-02
      vertex -7.486721e-03 5.999896e-03 2.743417e-02
      vertex -8.195856e-03 6.011976e-03 2.766932e-02
    endloop
  endfacet
  facet normal 1.258407e-02 9.999208e-01 2.016333e-04
    outer loop
      vertex -7.019403e-03 5.995619e-03 3.185713e-02
      vertex -7.243015e-03 5.998648e-03 3.079247e-02
      vertex -7.896700e-03 6.006554e-03 3.238292e-02
    endloop
  endfacet
  facet normal -1.356938e-02 9.999057e-01 2.123415e-03
    outer loop
      vertex -6.589156e-03 5.995034e-03 3.602184e-02
      vertex -6.191717e-03 5.998185e-03 3.707763e-02
      vertex -5.356831e-03 6.012173e-03 3.582596e-02
    endloop
  endfacet
  facet normal -7.673890e-02 9.970113e-01 8.919094e-03
    outer loop
      vertex -2.122073e-03 6.174463e-03 3.197399e-02
      vertex -1.489604e-03 6.226591e-03 3.158868e-02
      vertex -3.052212e-03 6.112763e-03 3.086823e-02
    endloop
  endfacet
  facet normal -4.281743e-02 9.990756e-01 3.820815e-03
    outer loop
      vertex -3.720383e-03 6.077438e-03 2.322159e-02
      vertex -4.922785e-03 6.026027e-03 2.319027e-02
      vertex -4.289144e-03 6.049881e-03 2.405361e-02
    endloop
  endfacet
  facet normal -7.268213e-02 9.973550e-01 5.267274e-04
    outer loop
      vertex -2.197344e-03 6.178509e-03 2.369610e-02
      vertex -2.337825e-03 6.169571e-03 2.123513e-02
      vertex -2.924906e-03 6.125881e-03 2.295115e-02
    endloop
  endfacet
  facet normal -1.630510e-01 9.865955e-01 6.616288e-03
    outer loop
      vertex 3.934753e-03 6.916388e-03 3.490093e-02
      vertex 3.628309e-03 6.874022e-03 3.366628e-02
      vertex 3.100232e-03 6.779030e-03 3.481733e-02
    endloop
  endfacet
  facet normal -1.686414e-01 9.856589e-01 6.054225e-03
    outer loop
      vertex 3.977486e-03 6.954735e-03 3.084961e-02
      vertex 3.125020e-03 6.814709e-03 2.990108e-02
      vertex 3.153857e-03 6.811499e-03 3.122697e-02
    endloop
  endfacet
  facet normal -1.431600e-01 9.896988e-01 1.185568e-03
    outer loop
      vertex 1.891603e-03 6.653916e-03 2.236678e-02
      vertex 1.322924e-03 6.572834e-03 2.138373e-02
      vertex 1.023836e-03 6.528482e-03 2.229267e-02
    endloop
  endfacet
  facet normal -1.963539e-01 9.804957e-01 8.567674e-03
    outer loop
      vertex 4.767705e-03 7.111617e-03 2.945284e-02
      vertex 5.738507e-03 7.298747e-03 3.028627e-02
      vertex 5.550242e-03 7.272214e-03 2.900810e-02
    endloop
  endfacet
  facet normal -1.934140e-01 9.811006e-01 5.703628e-03
    outer loop
      vertex 4.201313e-03 7.031303e-03 2.567476e-02
      vertex 5.221952e-03 7.227401e-03 2.655399e-02
      vertex 4.930259e-03 7.178308e-03 2.510715e-02
    endloop
  endfacet
  facet normal -1.930886e-01 9.811466e-01 8.256736e-03
    outer loop
      vertex 4.011825e-03 7.007550e-03 2.392011e-02
      vertex 4.930259e-03 7.178308e-03 2.510715e-02
      vertex 5.158988e-03 7.233773e-03 2.386520e-02
    endloop
  endfacet
  facet normal -2.060497e-01 9.785060e-01 8.339107e-03
    outer loop
      vertex 4.930259e-03 7.178308e-03 2.510715e-02
      vertex 5.221952e-03 7.227401e-03 2.655399e-02
      vertex 5.784813e-03 7.357758e-03 2.516559e-02
    endloop
  endfacet
  facet normal -2.248789e-01 9.743600e-01 7.222383e-03
    outer loop
      vertex 7.665111e-03 7.772022e-03 2.718252e-02
      vertex 7.037029e-03 7.644517e-03 2.482780e-02
      vertex 6.516708e-03 7.523540e-03 2.494777e-02
    endloop
  endfacet
  facet normal -2.798671e-01 9.599411e-01 1.369446e-02
    outer loop
      vertex 1.059575e-02 8.602117e-03 2.513541e-02
      vertex 1.021367e-02 8.512669e-03 2.359698e-02
      vertex 9.489286e-03 8.278324e-03 2.522006e-02
    endloop
  endfacet
  facet normal -3.044087e-01 9.524162e-01 1.545248e-02
    outer loop
      vertex 1.086509e-02 8.726653e-03 2.242228e-02
      vertex 1.162130e-02 8.959070e-03 2.299430e-02
      vertex 1.152018e-02 8.952862e-03 2.138482e-02
    endloop
  endfacet
  facet normal -3.229343e-01 9.463657e-01 1.027178e-02
    outer loop
      vertex 1.236249e-02 9.278711e-03 1.807886e-02
      vertex 1.141422e-02 8.966282e-03 1.705104e-02
      vertex 1.177367e-02 9.070693e-03 1.873218e-02
    endloop
  endfacet
  facet normal -3.573467e-01 9.337689e-01 1.946664e-02
    outer loop
      vertex 1.533573e-02 1.033142e-02 2.090625e-02
      vertex 1.477597e-02 1.015125e-02 1.927312e-02
      vertex 1.411724e-02 9.893545e-03 1.954229e-02
    endloop
  endfacet
  facet normal -2.883163e-01 9.575339e-01 1.574695e-03
    outer loop
      vertex 9.345832e-03 8.325275e-03 1.544817e-02
      vertex 1.038331e-02 8.635683e-03 1.665195e-02
      vertex 1.006029e-02 8.540967e-03 1.510454e-02
    endloop
  endfacet
  facet normal -2.247010e-01 9.744278e-01 -5.039008e-06
    outer loop
      vertex 5.612793e-03 7.359930e-03 1.794507e-02
      vertex 6.742719e-03 7.620491e-03 1.843118e-02
      vertex 6.208996e-03 7.497407e-03 1.674782e-02
    endloop
  endfacet
  facet normal -1.696413e-01 9.855058e-01 4.810148e-04
    outer loop
      vertex 3.434436e-03 6.916973e-03 1.949201e-02
      vertex 2.929177e-03 6.830837e-03 1.777599e-02
      vertex 2.688284e-03 6.788650e-03 1.925395e-02
    endloop
  endfacet
  facet normal -7.568864e-03 9.999713e-01 -3.686473e-04
    outer loop
      vertex -5.857109e-03 6.001153e-03 3.972749e-02
      vertex -6.235297e-03 5.997758e-03 3.828166e-02
      vertex -6.779031e-03 5.994182e-03 3.974450e-02
    endloop
  endfacet
  facet normal -3.318997e-01 9.429295e-01 2.695431e-02
    outer loop
      vertex 1.457079e-02 9.830529e-03 2.881158e-02
      vertex 1.357931e-02 9.496773e-03 2.827880e-02
      vertex 1.400634e-02 9.610320e-03 2.956480e-02
    endloop
  endfacet
  facet normal -3.872763e-01 9.219573e-01 3.439863e-03
    outer loop
      vertex 1.531709e-02 1.044814e-02 1.390066e-02
      vertex 1.607292e-02 1.077218e-02 1.214783e-02
      vertex 1.479569e-02 1.023501e-02 1.232363e-02
    endloop
  endfacet
  facet normal -7.498221e-03 9.999718e-01 3.525717e-04
    outer loop
      vertex -6.767706e-03 5.994576e-03 2.618935e-02
      vertex -6.654119e-03 5.994792e-03 2.799509e-02
      vertex -6.104004e-03 5.999257e-03 2.702913e-02
    endloop
  endfacet
  facet normal -6.828803e-03 9.999767e-01 -1.765155e-04
    outer loop
      vertex -6.104004e-03 5.999257e-03 2.702913e-02
      vertex -6.153439e-03 5.998668e-03 2.560544e-02
      vertex -6.767706e-03 5.994576e-03 2.618935e-02
    endloop
  endfacet
  facet normal -1.919982e-02 9.998151e-01 -1.070819e-03
    outer loop
      vertex -5.184782e-03 6.018141e-03 2.055478e-02
      vertex -5.304940e-03 6.014184e-03 1.901390e-02
      vertex -6.037800e-03 6.001177e-03 2.000987e-02
    endloop
  endfacet
  facet normal -5.159463e-02 9.986681e-01 -1.878723e-04
    outer loop
      vertex -3.395181e-03 6.097190e-03 2.093027e-02
      vertex -4.185965e-03 6.055963e-03 1.895142e-02
      vertex -4.358745e-03 6.047340e-03 2.056360e-02
    endloop
  endfacet
  facet normal -9.092350e-02 9.958578e-01 3.181674e-04
    outer loop
      vertex -4.927920e-04 6.304964e-03 3.897887e-02
      vertex -7.336649e-04 6.283536e-03 3.721357e-02
      vertex -1.156880e-03 6.244683e-03 3.787840e-02
    endloop
  endfacet
  facet normal -1.207620e-01 9.926812e-01 -7.563826e-04
    outer loop
      vertex -1.334298e-04 6.385924e-03 1.845416e-02
      vertex -3.853450e-04 6.356504e-03 2.006404e-02
      vertex 4.939527e-04 6.463150e-03 1.964002e-02
    endloop
  endfacet
  facet normal -1.358072e-01 9.907351e-01 -5.462778e-04
    outer loop
      vertex 4.939527e-04 6.463150e-03 1.964002e-02
      vertex 1.316297e-03 6.575062e-03 1.816679e-02
      vertex 5.931950e-04 6.476025e-03 1.831744e-02
    endloop
  endfacet
  facet normal -2.424076e-01 9.700754e-01 1.386705e-02
    outer loop
      vertex 8.934261e-03 8.009377e-03 3.274379e-02
      vertex 8.373817e-03 7.858864e-03 3.347591e-02
      vertex 9.349576e-03 8.092128e-03 3.421494e-02
    endloop
  endfacet
  facet normal -1.980728e-01 9.801873e-01 1.885212e-04
    outer loop
      vertex 4.875105e-03 7.200773e-03 1.826012e-02
      vertex 4.170249e-03 7.058498e-03 1.742642e-02
      vertex 4.067012e-03 7.037362e-03 1.885303e-02
    endloop
  endfacet
  facet normal -3.011812e-01 9.534706e-01 1.355303e-02
    outer loop
      vertex 1.037482e-02 8.604808e-03 2.030212e-02
      vertex 1.134240e-02 8.911625e-03 2.021921e-02
      vertex 9.979742e-03 8.501364e-03 1.880000e-02
    endloop
  endfacet
  facet normal -2.858920e-01 9.582616e-01 -7.023080e-04
    outer loop
      vertex 1.038331e-02 8.635683e-03 1.665195e-02
      vertex 9.345832e-03 8.325275e-03 1.544817e-02
      vertex 9.454048e-03 8.358566e-03 1.681962e-02
    endloop
  endfacet
  facet normal -3.641001e-01 9.309319e-01 2.823075e-02
    outer loop
      vertex 1.655404e-02 1.068227e-02 2.560321e-02
      vertex 1.600357e-02 1.050567e-02 2.432689e-02
      vertex 1.566390e-02 1.033364e-02 2.561889e-02
    endloop
  endfacet
  facet normal -3.767957e-01 9.259572e-01 2.506480e-02
    outer loop
      vertex 1.533573e-02 1.033142e-02 2.090625e-02
      vertex 1.665756e-02 1.084673e-02 2.174009e-02
      vertex 1.575063e-02 1.052406e-02 2.002680e-02
    endloop
  endfacet
  facet normal -3.381583e-01 9.410890e-01 7.037579e-04
    outer loop
      vertex 1.230998e-02 9.287580e-03 1.500524e-02
      vertex 1.322337e-02 9.615694e-03 1.512672e-02
      vertex 1.214783e-02 9.230073e-03 1.399145e-02
    endloop
  endfacet
  facet normal -3.854698e-01 9.225821e-01 1.597861e-02
    outer loop
      vertex 1.626869e-02 1.080192e-02 1.695244e-02
      vertex 1.574638e-02 1.060679e-02 1.561882e-02
      vertex 1.570654e-02 1.055412e-02 1.769848e-02
    endloop
  endfacet
  facet normal -5.022114e-02 9.987269e-01 -4.734288e-03
    outer loop
      vertex 1.672656e-02 1.079660e-02 1.142535e-02
      vertex 1.700042e-02 1.081758e-02 1.294489e-02
      vertex 1.769341e-02 1.084541e-02 1.146422e-02
    endloop
  endfacet
  facet normal -4.594093e-02 9.989367e-01 -3.868804e-03
    outer loop
      vertex 1.647716e-02 1.078077e-02 1.029803e-02
      vertex 1.672656e-02 1.079660e-02 1.142535e-02
      vertex 1.735240e-02 1.082063e-02 1.019815e-02
    endloop
  endfacet
  facet normal -2.399979e-02 9.997077e-01 -2.932974e-03
    outer loop
      vertex 1.574558e-02 1.073426e-02 4.274289e-03
      vertex 1.490804e-02 1.071414e-02 4.269838e-03
      vertex 1.463473e-02 1.071136e-02 5.557101e-03
    endloop
  endfacet
  facet normal -2.406976e-02 9.997058e-01 -2.993597e-03
    outer loop
      vertex 1.463473e-02 1.071136e-02 5.557101e-03
      vertex 1.575865e-02 1.073926e-02 5.839600e-03
      vertex 1.574558e-02 1.073426e-02 4.274289e-03
    endloop
  endfacet
  facet normal -2.480154e-02 9.996891e-01 -2.577736e-03
    outer loop
      vertex 1.521634e-02 1.071787e-02 3.009324e-03
      vertex 1.574558e-02 1.073426e-02 4.274289e-03
      vertex 1.603763e-02 1.073659e-02 2.365642e-03
    endloop
  endfacet
  facet normal -3.504819e-02 9.993814e-01 -2.900879e-03
    outer loop
      vertex 1.574558e-02 1.073426e-02 4.274289e-03
      vertex 1.575865e-02 1.073926e-02 5.839600e-03
      vertex 1.696239e-02 1.077900e-02 4.985809e-03
    endloop
  endfacet
  facet normal -3.428890e-02 9.994038e-01 -4.029799e-03
    outer loop
      vertex 1.691157e-02 1.077149e-02 3.584714e-03
      vertex 1.603763e-02 1.073659e-02 2.365642e-03
      vertex 1.574558e-02 1.073426e-02 4.274289e-03
    endloop
  endfacet
  facet normal -3.666212e-02 9.993143e-01 -5.179447e-03
    outer loop
      vertex 1.575865e-02 1.073926e-02 5.839600e-03
      vertex 1.709715e-02 1.079005e-02 6.163033e-03
      vertex 1.696239e-02 1.077900e-02 4.985809e-03
    endloop
  endfacet
  facet normal -1.653724e-02 9.998627e-01 -1.087675e-03
    outer loop
      vertex 1.490804e-02 1.071414e-02 4.269838e-03
      vertex 1.521634e-02 1.071787e-02 3.009324e-03
      vertex 1.423138e-02 1.070210e-02 3.489868e-03
    endloop
  endfacet
  facet normal -7.693128e-03 9.999700e-01 -9.276057e-04
    outer loop
      vertex 1.423138e-02 1.070210e-02 3.489868e-03
      vertex 1.431485e-02 1.070167e-02 2.330883e-03
      vertex 1.349156e-02 1.069590e-02 2.943076e-03
    endloop
  endfacet
  facet normal -7.867829e-03 9.999684e-01 -1.162560e-03
    outer loop
      vertex 1.361160e-02 1.069547e-02 1.756649e-03
      vertex 1.349156e-02 1.069590e-02 2.943076e-03
      vertex 1.431485e-02 1.070167e-02 2.330883e-03
    endloop
  endfacet
  facet normal -3.099588e-04 9.999999e-01 1.208684e-04
    outer loop
      vertex 1.361160e-02 1.069547e-02 1.756649e-03
      vertex 1.377888e-02 1.069571e-02 1.894051e-04
      vertex 1.280421e-02 1.069526e-02 1.390441e-03
    endloop
  endfacet
  facet normal 2.292773e-03 9.999940e-01 -2.601807e-03
    outer loop
      vertex 1.377888e-02 1.069571e-02 1.894051e-04
      vertex 1.339070e-02 1.069460e-02 -5.811550e-04
      vertex 1.226024e-02 1.069997e-02 4.888492e-04
    endloop
  endfacet
  facet normal 9.412324e-04 9.999992e-01 -8.294443e-04
    outer loop
      vertex 1.349156e-02 1.069590e-02 2.943076e-03
      vertex 1.280421e-02 1.069526e-02 1.390441e-03
      vertex 1.212585e-02 1.069785e-02 3.734244e-03
    endloop
  endfacet
  facet normal -8.498364e-05 9.999999e-01 -3.751402e-04
    outer loop
      vertex 1.280421e-02 1.069526e-02 1.390441e-03
      vertex 1.349156e-02 1.069590e-02 2.943076e-03
      vertex 1.361160e-02 1.069547e-02 1.756649e-03
    endloop
  endfacet
  facet normal 3.427693e-03 9.999892e-01 3.154042e-03
    outer loop
      vertex 1.226024e-02 1.069997e-02 4.888492e-04
      vertex 1.280421e-02 1.069526e-02 1.390441e-03
      vertex 1.377888e-02 1.069571e-02 1.894051e-04
    endloop
  endfacet
  facet normal 1.086244e-02 9.999389e-01 2.042089e-03
    outer loop
      vertex 1.136893e-02 1.071048e-02 1.573515e-03
      vertex 1.212585e-02 1.069785e-02 3.734244e-03
      vertex 1.280421e-02 1.069526e-02 1.390441e-03
    endloop
  endfacet
  facet normal 1.046289e-02 9.999447e-01 -1.090868e-03
    outer loop
      vertex 1.280421e-02 1.069526e-02 1.390441e-03
      vertex 1.226024e-02 1.069997e-02 4.888492e-04
      vertex 1.136893e-02 1.071048e-02 1.573515e-03
    endloop
  endfacet
  facet normal 1.468814e-02 9.998893e-01 2.381721e-03
    outer loop
      vertex 1.226024e-02 1.069997e-02 4.888492e-04
      vertex 1.120539e-02 1.071653e-02 4.455058e-05
      vertex 1.136893e-02 1.071048e-02 1.573515e-03
    endloop
  endfacet
  facet normal 2.139210e-02 9.997695e-01 1.801157e-03
    outer loop
      vertex 1.058951e-02 1.072747e-02 1.397915e-03
      vertex 1.035749e-02 1.073031e-02 2.580386e-03
      vertex 1.136893e-02 1.071048e-02 1.573515e-03
    endloop
  endfacet
  facet normal 2.235431e-02 9.997463e-01 2.768190e-03
    outer loop
      vertex 1.035749e-02 1.073031e-02 2.580386e-03
      vertex 1.109239e-02 1.071218e-02 3.191854e-03
      vertex 1.136893e-02 1.071048e-02 1.573515e-03
    endloop
  endfacet
  facet normal 2.549670e-02 9.996681e-01 3.686023e-03
    outer loop
      vertex 1.026246e-02 1.074179e-02 -2.837436e-04
      vertex 1.049096e-02 1.073287e-02 5.534751e-04
      vertex 1.120539e-02 1.071653e-02 4.455058e-05
    endloop
  endfacet
  facet normal 3.335809e-02 9.994423e-01 1.538034e-03
    outer loop
      vertex 1.049096e-02 1.073287e-02 5.534751e-04
      vertex 1.026246e-02 1.074179e-02 -2.837436e-04
      vertex 9.444373e-03 1.076903e-02 -2.444488e-04
    endloop
  endfacet
  facet normal 3.206796e-02 9.994805e-01 3.231947e-03
    outer loop
      vertex 1.049096e-02 1.073287e-02 5.534751e-04
      vertex 9.444373e-03 1.076903e-02 -2.444488e-04
      vertex 9.345888e-03 1.076683e-02 1.413422e-03
    endloop
  endfacet
  facet normal 3.909679e-02 9.992289e-01 3.617939e-03
    outer loop
      vertex 9.345888e-03 1.076683e-02 1.413422e-03
      vertex 8.633808e-03 1.078889e-02 3.015094e-03
      vertex 9.465914e-03 1.075727e-02 2.755049e-03
    endloop
  endfacet
  facet normal 4.489295e-02 9.989726e-01 6.198356e-03
    outer loop
      vertex 7.901680e-03 1.082681e-02 2.206531e-03
      vertex 8.633808e-03 1.078889e-02 3.015094e-03
      vertex 9.345888e-03 1.076683e-02 1.413422e-03
    endloop
  endfacet
  facet normal 6.097404e-02 9.981318e-01 3.876121e-03
    outer loop
      vertex 7.901680e-03 1.082681e-02 2.206531e-03
      vertex 7.576036e-03 1.085321e-02 5.310255e-04
      vertex 6.354182e-03 1.092694e-02 7.659414e-04
    endloop
  endfacet
  facet normal 6.650253e-02 9.977660e-01 6.353730e-03
    outer loop
      vertex 5.789092e-03 1.095449e-02 2.353958e-03
      vertex 6.725275e-03 1.089129e-02 2.479311e-03
      vertex 6.354182e-03 1.092694e-02 7.659414e-04
    endloop
  endfacet
  facet normal 8.359670e-02 9.964780e-01 6.572179e-03
    outer loop
      vertex 5.369262e-03 1.099743e-02 8.294404e-04
      vertex 4.895447e-03 1.104454e-02 -2.858007e-04
      vertex 4.103540e-03 1.110425e-02 7.331544e-04
    endloop
  endfacet
  facet normal 8.722907e-02 9.961522e-01 8.474501e-03
    outer loop
      vertex 3.610440e-03 1.113686e-02 1.975832e-03
      vertex 4.686222e-03 1.104148e-02 2.114295e-03
      vertex 4.103540e-03 1.110425e-02 7.331544e-04
    endloop
  endfacet
  facet normal 1.049698e-01 9.944151e-01 1.095359e-02
    outer loop
      vertex 2.873838e-03 1.122013e-02 8.178935e-04
      vertex 2.980161e-03 1.122382e-02 -5.356445e-04
      vertex 2.179079e-03 1.129818e-02 3.905187e-04
    endloop
  endfacet
  facet normal 1.153395e-01 9.932439e-01 1.278200e-02
    outer loop
      vertex 1.402590e-03 1.135442e-02 2.982155e-03
      vertex 1.836732e-03 1.132172e-02 1.605757e-03
      vertex 8.006840e-04 1.144075e-02 1.705598e-03
    endloop
  endfacet
  facet normal 1.151908e-01 9.932803e-01 1.119491e-02
    outer loop
      vertex 1.338034e-03 1.139378e-02 3.439959e-04
      vertex 8.006840e-04 1.144075e-02 1.705598e-03
      vertex 1.836732e-03 1.132172e-02 1.605757e-03
    endloop
  endfacet
  facet normal 1.230006e-01 9.923430e-01 1.123187e-02
    outer loop
      vertex 1.338034e-03 1.139378e-02 3.439959e-04
      vertex 8.359290e-04 1.146918e-02 -8.196945e-04
      vertex -3.608200e-05 1.156142e-02 5.804064e-04
    endloop
  endfacet
  facet normal 1.470577e-01 9.889881e-01 1.662915e-02
    outer loop
      vertex -2.647653e-03 1.190058e-02 2.787897e-03
      vertex -2.528059e-03 1.184761e-02 4.880684e-03
      vertex -1.900998e-03 1.176751e-02 4.099440e-03
    endloop
  endfacet
  facet normal 1.490304e-01 9.887115e-01 1.547805e-02
    outer loop
      vertex -2.647653e-03 1.190058e-02 2.787897e-03
      vertex -1.900998e-03 1.176751e-02 4.099440e-03
      vertex -1.824747e-03 1.177854e-02 2.660483e-03
    endloop
  endfacet
  facet normal 1.489493e-01 9.887321e-01 1.493433e-02
    outer loop
      vertex -1.824747e-03 1.177854e-02 2.660483e-03
      vertex -2.052073e-03 1.183173e-02 1.406337e-03
      vertex -2.647653e-03 1.190058e-02 2.787897e-03
    endloop
  endfacet
  facet normal 1.411328e-01 9.898760e-01 1.506848e-02
    outer loop
      vertex -1.824747e-03 1.177854e-02 2.660483e-03
      vertex -1.900998e-03 1.176751e-02 4.099440e-03
      vertex -1.232943e-03 1.168084e-02 3.535812e-03
    endloop
  endfacet
  facet normal 1.416650e-01 9.898055e-01 1.470076e-02
    outer loop
      vertex -1.824747e-03 1.177854e-02 2.660483e-03
      vertex -1.232943e-03 1.168084e-02 3.535812e-03
      vertex -1.128629e-03 1.169238e-02 1.753439e-03
    endloop
  endfacet
  facet normal 1.401945e-01 9.900259e-01 1.393331e-02
    outer loop
      vertex -1.074617e-03 1.164065e-02 4.798435e-03
      vertex -1.232943e-03 1.168084e-02 3.535812e-03
      vertex -1.900998e-03 1.176751e-02 4.099440e-03
    endloop
  endfacet
  facet normal 1.341565e-01 9.908565e-01 1.433219e-02
    outer loop
      vertex -8.070730e-05 1.155253e-02 1.613138e-03
      vertex -3.608200e-05 1.156142e-02 5.804064e-04
      vertex -1.128629e-03 1.169238e-02 1.753439e-03
    endloop
  endfacet
  facet normal 1.438187e-01 9.894960e-01 1.462595e-02
    outer loop
      vertex -2.052073e-03 1.183173e-02 1.406337e-03
      vertex -1.128629e-03 1.169238e-02 1.753439e-03
      vertex -1.187459e-03 1.172476e-02 1.416234e-04
    endloop
  endfacet
  facet normal 1.682315e-01 9.855718e-01 1.861348e-02
    outer loop
      vertex -4.686048e-03 1.222451e-02 3.449569e-03
      vertex -4.223213e-03 1.211844e-02 4.882863e-03
      vertex -3.651968e-03 1.206534e-02 2.531361e-03
    endloop
  endfacet
  facet normal 1.630638e-01 9.864367e-01 1.878596e-02
    outer loop
      vertex -3.651968e-03 1.206534e-02 2.531361e-03
      vertex -2.767964e-03 1.195060e-02 8.829098e-04
      vertex -4.192342e-03 1.218076e-02 1.160967e-03
    endloop
  endfacet
  facet normal 1.578927e-01 9.873274e-01 1.595092e-02
    outer loop
      vertex -2.647653e-03 1.190058e-02 2.787897e-03
      vertex -2.767964e-03 1.195060e-02 8.829098e-04
      vertex -3.651968e-03 1.206534e-02 2.531361e-03
    endloop
  endfacet
  facet normal 1.554582e-01 9.877110e-01 1.611678e-02
    outer loop
      vertex -2.528059e-03 1.184761e-02 4.880684e-03
      vertex -2.647653e-03 1.190058e-02 2.787897e-03
      vertex -3.441009e-03 1.200663e-02 3.941302e-03
    endloop
  endfacet
  facet normal 1.521452e-01 9.882231e-01 1.633743e-02
    outer loop
      vertex -2.767964e-03 1.195060e-02 8.829098e-04
      vertex -2.647653e-03 1.190058e-02 2.787897e-03
      vertex -2.052073e-03 1.183173e-02 1.406337e-03
    endloop
  endfacet
  facet normal 1.590635e-01 9.871288e-01 1.659719e-02
    outer loop
      vertex -2.767964e-03 1.195060e-02 8.829098e-04
      vertex -2.573147e-03 1.195374e-02 -1.171065e-03
      vertex -3.342780e-03 1.205178e-02 3.742814e-04
    endloop
  endfacet
  facet normal 1.620120e-01 9.867008e-01 1.317981e-02
    outer loop
      vertex -4.192342e-03 1.218076e-02 1.160967e-03
      vertex -2.767964e-03 1.195060e-02 8.829098e-04
      vertex -3.342780e-03 1.205178e-02 3.742814e-04
    endloop
  endfacet
  facet normal 1.892097e-01 9.817330e-01 2.000224e-02
    outer loop
      vertex -5.958839e-03 1.247424e-02 2.477039e-03
      vertex -5.710695e-03 1.246199e-02 7.306062e-04
      vertex -6.573865e-03 1.262467e-02 9.111410e-04
    endloop
  endfacet
  facet normal 1.823546e-01 9.830447e-01 1.923450e-02
    outer loop
      vertex -5.958839e-03 1.247424e-02 2.477039e-03
      vertex -5.594429e-03 1.237682e-02 4.000837e-03
      vertex -5.223678e-03 1.234798e-02 1.959862e-03
    endloop
  endfacet
  facet normal 1.759929e-01 9.842257e-01 1.806218e-02
    outer loop
      vertex -5.223678e-03 1.234798e-02 1.959862e-03
      vertex -5.594429e-03 1.237682e-02 4.000837e-03
      vertex -4.686048e-03 1.222451e-02 3.449569e-03
    endloop
  endfacet
  facet normal 1.741566e-01 9.845394e-01 1.875089e-02
    outer loop
      vertex -5.223678e-03 1.234798e-02 1.959862e-03
      vertex -4.686048e-03 1.222451e-02 3.449569e-03
      vertex -4.192342e-03 1.218076e-02 1.160967e-03
    endloop
  endfacet
  facet normal 1.805471e-01 9.833695e-01 1.967463e-02
    outer loop
      vertex -5.710695e-03 1.246199e-02 7.306062e-04
      vertex -5.223678e-03 1.234798e-02 1.959862e-03
      vertex -4.766060e-03 1.229826e-02 2.458294e-04
    endloop
  endfacet
  facet normal 1.945960e-01 9.806871e-01 1.962504e-02
    outer loop
      vertex -6.511639e-03 1.255261e-02 3.832958e-03
      vertex -6.934820e-03 1.266722e-02 2.301674e-03
      vertex -7.521833e-03 1.276136e-02 3.418262e-03
    endloop
  endfacet
  facet normal 1.979196e-01 9.799848e-01 2.139071e-02
    outer loop
      vertex -6.934820e-03 1.266722e-02 2.301674e-03
      vertex -6.573865e-03 1.262467e-02 9.111410e-04
      vertex -7.575788e-03 1.282317e-02 1.087547e-03
    endloop
  endfacet
  facet normal 1.903275e-01 9.814989e-01 2.086542e-02
    outer loop
      vertex -6.934820e-03 1.266722e-02 2.301674e-03
      vertex -6.511639e-03 1.255261e-02 3.832958e-03
      vertex -5.958839e-03 1.247424e-02 2.477039e-03
    endloop
  endfacet
  facet normal 1.905798e-01 9.814792e-01 1.943972e-02
    outer loop
      vertex -5.958839e-03 1.247424e-02 2.477039e-03
      vertex -6.573865e-03 1.262467e-02 9.111410e-04
      vertex -6.934820e-03 1.266722e-02 2.301674e-03
    endloop
  endfacet
  facet normal 1.889965e-01 9.817954e-01 1.892678e-02
    outer loop
      vertex -6.573865e-03 1.262467e-02 9.111410e-04
      vertex -5.710695e-03 1.246199e-02 7.306062e-04
      vertex -6.117637e-03 1.255924e-02 -2.504460e-04
    endloop
  endfacet
  facet normal 2.173071e-01 9.758589e-01 2.184049e-02
    outer loop
      vertex -9.938833e-03 1.329055e-02 3.161452e-03
      vertex -8.699194e-03 1.298847e-02 4.324668e-03
      vertex -8.787167e-03 1.305827e-02 2.081295e-03
    endloop
  endfacet
  facet normal 2.176869e-01 9.757522e-01 2.280339e-02
    outer loop
      vertex -9.596684e-03 1.326437e-02 9.902415e-04
      vertex -8.787167e-03 1.305827e-02 2.081295e-03
      vertex -8.560465e-03 1.306062e-02 -1.834878e-04
    endloop
  endfacet
  facet normal 2.093871e-01 9.775807e-01 2.220464e-02
    outer loop
      vertex -8.787167e-03 1.305827e-02 2.081295e-03
      vertex -8.699194e-03 1.298847e-02 4.324668e-03
      vertex -8.056534e-03 1.288546e-02 2.799791e-03
    endloop
  endfacet
  facet normal 2.076813e-01 9.779535e-01 2.180413e-02
    outer loop
      vertex -8.560465e-03 1.306062e-02 -1.834878e-04
      vertex -8.787167e-03 1.305827e-02 2.081295e-03
      vertex -7.575788e-03 1.282317e-02 1.087547e-03
    endloop
  endfacet
  facet normal 2.068954e-01 9.781057e-01 2.244136e-02
    outer loop
      vertex -8.560465e-03 1.306062e-02 -1.834878e-04
      vertex -7.575788e-03 1.282317e-02 1.087547e-03
      vertex -7.268600e-03 1.279286e-02 -4.233149e-04
    endloop
  endfacet
  facet normal 2.418247e-01 9.700011e-01 2.487128e-02
    outer loop
      vertex -1.105964e-02 1.362763e-02 2.737587e-04
      vertex -1.194572e-02 1.385573e-02 -6.865136e-06
      vertex -1.215787e-02 1.388192e-02 1.034359e-03
    endloop
  endfacet
  facet normal 2.420096e-01 9.699477e-01 2.515617e-02
    outer loop
      vertex -1.119197e-02 1.361314e-02 2.105324e-03
      vertex -1.105964e-02 1.362763e-02 2.737587e-04
      vertex -1.215787e-02 1.388192e-02 1.034359e-03
    endloop
  endfacet
  facet normal 2.395965e-01 9.705727e-01 2.412971e-02
    outer loop
      vertex -1.102219e-02 1.353987e-02 3.366770e-03
      vertex -1.119197e-02 1.361314e-02 2.105324e-03
      vertex -1.215409e-02 1.382403e-02 3.175998e-03
    endloop
  endfacet
  facet normal 2.331921e-01 9.721211e-01 2.453625e-02
    outer loop
      vertex -1.024377e-02 1.342134e-02 6.929840e-04
      vertex -1.105964e-02 1.362763e-02 2.737587e-04
      vertex -1.119197e-02 1.361314e-02 2.105324e-03
    endloop
  endfacet
  facet normal 2.288260e-01 9.731273e-01 2.572777e-02
    outer loop
      vertex -1.119197e-02 1.361314e-02 2.105324e-03
      vertex -1.102219e-02 1.353987e-02 3.366770e-03
      vertex -9.938833e-03 1.329055e-02 3.161452e-03
    endloop
  endfacet
  facet normal 2.596618e-01 9.653132e-01 2.731521e-02
    outer loop
      vertex -1.289492e-02 1.409416e-02 2.689089e-04
      vertex -1.382753e-02 1.435487e-02 -7.915263e-05
      vertex -1.389652e-02 1.434059e-02 1.081351e-03
    endloop
  endfacet
  facet normal 2.598948e-01 9.652417e-01 2.762415e-02
    outer loop
      vertex -1.307183e-02 1.410950e-02 1.397239e-03
      vertex -1.289492e-02 1.409416e-02 2.689089e-04
      vertex -1.389652e-02 1.434059e-02 1.081351e-03
    endloop
  endfacet
  facet normal 2.515530e-01 9.674719e-01 2.681659e-02
    outer loop
      vertex -1.292321e-02 1.403772e-02 2.592608e-03
      vertex -1.215787e-02 1.388192e-02 1.034359e-03
      vertex -1.307183e-02 1.410950e-02 1.397239e-03
    endloop
  endfacet
  facet normal 2.513463e-01 9.675411e-01 2.625254e-02
    outer loop
      vertex -1.215787e-02 1.388192e-02 1.034359e-03
      vertex -1.289492e-02 1.409416e-02 2.689089e-04
      vertex -1.307183e-02 1.410950e-02 1.397239e-03
    endloop
  endfacet
  facet normal 2.494459e-01 9.680470e-01 2.572418e-02
    outer loop
      vertex -1.292321e-02 1.403772e-02 2.592608e-03
      vertex -1.215409e-02 1.382403e-02 3.175998e-03
      vertex -1.215787e-02 1.388192e-02 1.034359e-03
    endloop
  endfacet
  facet normal 2.508444e-01 9.676573e-01 2.676798e-02
    outer loop
      vertex -1.289492e-02 1.409416e-02 2.689089e-04
      vertex -1.215787e-02 1.388192e-02 1.034359e-03
      vertex -1.194572e-02 1.385573e-02 -6.865136e-06
    endloop
  endfacet
  facet normal 2.779136e-01 9.601666e-01 2.905400e-02
    outer loop
      vertex -1.475423e-02 1.460824e-02 1.155714e-04
      vertex -1.567596e-02 1.488426e-02 -1.896437e-04
      vertex -1.581752e-02 1.489003e-02 9.736747e-04
    endloop
  endfacet
  facet normal 2.696333e-01 9.625100e-01 2.953623e-02
    outer loop
      vertex -1.502013e-02 1.464873e-02 1.297125e-03
      vertex -1.480618e-02 1.455102e-02 2.528305e-03
      vertex -1.389652e-02 1.434059e-02 1.081351e-03
    endloop
  endfacet
  facet normal 2.690656e-01 9.627193e-01 2.784232e-02
    outer loop
      vertex -1.389652e-02 1.434059e-02 1.081351e-03
      vertex -1.382753e-02 1.435487e-02 -7.915263e-05
      vertex -1.475423e-02 1.460824e-02 1.155714e-04
    endloop
  endfacet
  facet normal 2.693049e-01 9.626590e-01 2.761310e-02
    outer loop
      vertex -1.389652e-02 1.434059e-02 1.081351e-03
      vertex -1.475423e-02 1.460824e-02 1.155714e-04
      vertex -1.502013e-02 1.464873e-02 1.297125e-03
    endloop
  endfacet
  facet normal 2.933940e-01 9.555406e-01 2.936084e-02
    outer loop
      vertex -1.755500e-02 1.539125e-02 1.815091e-03
      vertex -1.639714e-02 1.500909e-02 2.682333e-03
      vertex -1.660572e-02 1.511632e-02 1.276764e-03
    endloop
  endfacet
  facet normal 2.866428e-01 9.575514e-01 3.051607e-02
    outer loop
      vertex -1.660572e-02 1.511632e-02 1.276764e-03
      vertex -1.639714e-02 1.500909e-02 2.682333e-03
      vertex -1.581752e-02 1.489003e-02 9.736747e-04
    endloop
  endfacet
  facet normal 2.874938e-01 9.573052e-01 3.023389e-02
    outer loop
      vertex -1.581752e-02 1.489003e-02 9.736747e-04
      vertex -1.567596e-02 1.488426e-02 -1.896437e-04
      vertex -1.666193e-02 1.517316e-02 3.853176e-05
    endloop
  endfacet
  facet normal 7.727404e-02 9.969901e-01 6.284759e-03
    outer loop
      vertex 4.500211e-03 1.104927e-02 3.165211e-03
      vertex 5.789092e-03 1.095449e-02 2.353958e-03
      vertex 4.686222e-03 1.104148e-02 2.114295e-03
    endloop
  endfacet
  facet normal 1.033187e-01 9.945786e-01 1.177287e-02
    outer loop
      vertex 2.781790e-03 1.119368e-02 4.387661e-03
      vertex 3.041297e-03 1.118000e-02 3.265559e-03
      vertex 1.611943e-03 1.131351e-02 4.530361e-03
    endloop
  endfacet
  facet normal 2.954915e-01 9.548418e-01 3.101478e-02
    outer loop
      vertex -1.687713e-02 1.512791e-02 3.464158e-03
      vertex -1.755500e-02 1.539125e-02 1.815091e-03
      vertex -1.772248e-02 1.539123e-02 3.411500e-03
    endloop
  endfacet
  facet normal -5.714891e-02 9.983387e-01 -7.331191e-03
    outer loop
      vertex 1.650801e-02 1.082981e-02 2.012786e-02
      vertex 1.764462e-02 1.090123e-02 2.099222e-02
      vertex 1.724875e-02 1.086599e-02 1.927976e-02
    endloop
  endfacet
  facet normal -6.027155e-02 9.981656e-01 -5.726933e-03
    outer loop
      vertex 1.697846e-02 1.088329e-02 2.475526e-02
      vertex 1.755332e-02 1.091060e-02 2.346582e-02
      vertex 1.686769e-02 1.087064e-02 2.371582e-02
    endloop
  endfacet
  facet normal -6.263581e-02 9.980193e-01 -5.853997e-03
    outer loop
      vertex 1.787688e-02 1.086425e-02 1.300570e-02
      vertex 1.830579e-02 1.089938e-02 1.440489e-02
      vertex 1.862838e-02 1.091347e-02 1.335498e-02
    endloop
  endfacet
  facet normal -6.109773e-02 9.981043e-01 -7.403618e-03
    outer loop
      vertex 1.875322e-02 1.091318e-02 1.185499e-02
      vertex 1.839746e-02 1.087861e-02 1.013095e-02
      vertex 1.769341e-02 1.084541e-02 1.146422e-02
    endloop
  endfacet
  facet normal -6.432317e-02 9.979047e-01 -6.988348e-03
    outer loop
      vertex 1.848996e-02 1.095445e-02 2.081104e-02
      vertex 1.808453e-02 1.091778e-02 1.930666e-02
      vertex 1.764462e-02 1.090123e-02 2.099222e-02
    endloop
  endfacet
  facet normal -4.989397e-02 9.987427e-01 -4.864172e-03
    outer loop
      vertex 1.700652e-02 1.079775e-02 8.973270e-03
      vertex 1.794641e-02 1.084448e-02 8.925902e-03
      vertex 1.798781e-02 1.084127e-02 7.843142e-03
    endloop
  endfacet
  facet normal -4.121600e-02 9.991382e-01 -4.916931e-03
    outer loop
      vertex 1.672656e-02 1.079660e-02 1.142535e-02
      vertex 1.647716e-02 1.078077e-02 1.029803e-02
      vertex 1.601474e-02 1.076288e-02 1.053910e-02
    endloop
  endfacet
  facet normal 1.046460e-01 9.944850e-01 6.980048e-03
    outer loop
      vertex 3.041297e-03 1.118000e-02 3.265559e-03
      vertex 2.716393e-03 1.122141e-02 2.237423e-03
      vertex 1.402590e-03 1.135442e-02 2.982155e-03
    endloop
  endfacet
  facet normal 1.335749e-01 9.909283e-01 1.479209e-02
    outer loop
      vertex -3.762824e-04 1.155842e-02 4.001024e-03
      vertex -1.232943e-03 1.168084e-02 3.535812e-03
      vertex -1.074617e-03 1.164065e-02 4.798435e-03
    endloop
  endfacet
  facet normal 1.260839e-01 9.919239e-01 1.377890e-02
    outer loop
      vertex 4.019485e-04 1.146551e-02 3.571775e-03
      vertex 8.006840e-04 1.144075e-02 1.705598e-03
      vertex -3.824744e-04 1.157664e-02 2.749223e-03
    endloop
  endfacet
  facet normal 1.341928e-01 9.908475e-01 1.461169e-02
    outer loop
      vertex -1.128629e-03 1.169238e-02 1.753439e-03
      vertex -3.824744e-04 1.157664e-02 2.749223e-03
      vertex -8.070730e-05 1.155253e-02 1.613138e-03
    endloop
  endfacet
  facet normal 1.718957e-01 9.849378e-01 1.869044e-02
    outer loop
      vertex -4.766060e-03 1.229826e-02 2.458294e-04
      vertex -4.192342e-03 1.218076e-02 1.160967e-03
      vertex -3.716921e-03 1.213127e-02 -6.033300e-04
    endloop
  endfacet
  facet normal 1.733866e-01 9.846943e-01 1.772449e-02
    outer loop
      vertex -4.192342e-03 1.218076e-02 1.160967e-03
      vertex -4.766060e-03 1.229826e-02 2.458294e-04
      vertex -5.223678e-03 1.234798e-02 1.959862e-03
    endloop
  endfacet
  facet normal -7.032681e-01 7.070879e-01 -7.376136e-02
    outer loop
      vertex -3.241608e-02 8.254328e-03 1.622118e-02
      vertex -3.237986e-02 8.372086e-03 1.700468e-02
      vertex -3.164340e-02 9.144411e-03 1.738662e-02
    endloop
  endfacet
  facet normal -7.032654e-01 7.070900e-01 -7.376709e-02
    outer loop
      vertex -3.237820e-02 8.082316e-03 1.421118e-02
      vertex -3.219278e-02 8.365085e-03 1.515395e-02
      vertex -3.134883e-02 9.072052e-03 1.388468e-02
    endloop
  endfacet
  facet normal -7.032656e-01 7.070897e-01 -7.376738e-02
    outer loop
      vertex -3.219278e-02 8.365085e-03 1.515395e-02
      vertex -3.139178e-02 9.204739e-03 1.556603e-02
      vertex -3.134883e-02 9.072052e-03 1.388468e-02
    endloop
  endfacet
  facet normal -7.032417e-01 7.071171e-01 -7.373300e-02
    outer loop
      vertex -3.187498e-02 9.348039e-03 2.154630e-02
      vertex -3.152274e-02 9.803698e-03 2.255661e-02
      vertex -3.133164e-02 9.803719e-03 2.073421e-02
    endloop
  endfacet
  facet normal -7.032652e-01 7.070902e-01 -7.376719e-02
    outer loop
      vertex -3.166711e-02 9.301149e-03 1.911508e-02
      vertex -3.218362e-02 8.673988e-03 1.802766e-02
      vertex -3.246197e-02 8.546620e-03 1.946042e-02
    endloop
  endfacet
  facet normal -7.032428e-01 7.071091e-01 -7.379905e-02
    outer loop
      vertex -3.036854e-02 9.803847e-03 1.155431e-02
      vertex -3.110469e-02 9.176840e-03 1.256156e-02
      vertex -3.054897e-02 9.803817e-03 1.327340e-02
    endloop
  endfacet
  facet normal -7.032374e-01 7.071153e-01 -7.379126e-02
    outer loop
      vertex -3.110469e-02 9.176840e-03 1.256156e-02
      vertex -3.036854e-02 9.803847e-03 1.155431e-02
      vertex -3.142115e-02 8.757907e-03 1.156299e-02
    endloop
  endfacet
  facet normal -7.032664e-01 7.070891e-01 -7.376558e-02
    outer loop
      vertex -3.166711e-02 9.301149e-03 1.911508e-02
      vertex -3.173757e-02 9.367973e-03 2.042735e-02
      vertex -3.133164e-02 9.803719e-03 2.073421e-02
    endloop
  endfacet
  facet normal -7.032629e-01 7.070926e-01 -7.376604e-02
    outer loop
      vertex -3.164340e-02 9.144411e-03 1.738662e-02
      vertex -3.166711e-02 9.301149e-03 1.911508e-02
      vertex -3.108097e-02 9.803749e-03 1.834469e-02
    endloop
  endfacet
  facet normal -7.032649e-01 7.070905e-01 -7.376606e-02
    outer loop
      vertex -3.139178e-02 9.204739e-03 1.556603e-02
      vertex -3.090244e-02 9.803772e-03 1.664280e-02
      vertex -3.079423e-02 9.803786e-03 1.561135e-02
    endloop
  endfacet
  facet normal -7.032666e-01 7.070889e-01 -7.376542e-02
    outer loop
      vertex -3.110469e-02 9.176840e-03 1.256156e-02
      vertex -3.189620e-02 8.424646e-03 1.289742e-02
      vertex -3.134883e-02 9.072052e-03 1.388468e-02
    endloop
  endfacet
  facet normal -2.299747e-05 1.000000e+00 1.086771e-05
    outer loop
      vertex -2.890312e-02 9.803749e-03 2.341399e-02
      vertex -2.858218e-02 9.803746e-03 2.435640e-02
      vertex -2.823274e-02 9.803768e-03 2.307755e-02
    endloop
  endfacet
  facet normal -2.335500e-05 1.000000e+00 1.015531e-05
    outer loop
      vertex -2.890312e-02 9.803749e-03 2.341399e-02
      vertex -2.823274e-02 9.803768e-03 2.307755e-02
      vertex -2.911609e-02 9.803758e-03 2.207902e-02
    endloop
  endfacet
  facet normal -2.424311e-05 1.000000e+00 1.092106e-05
    outer loop
      vertex -2.911609e-02 9.803758e-03 2.207902e-02
      vertex -2.732191e-02 9.803795e-03 2.265619e-02
      vertex -2.792640e-02 9.803796e-03 2.122700e-02
    endloop
  endfacet
  facet normal -2.350945e-05 1.000000e+00 1.088605e-05
    outer loop
      vertex -2.836734e-02 9.803799e-03 2.001192e-02
      vertex -2.792640e-02 9.803796e-03 2.122700e-02
      vertex -2.732236e-02 9.803820e-03 2.034133e-02
    endloop
  endfacet
  facet normal -2.422219e-05 1.000000e+00 1.104619e-05
    outer loop
      vertex -2.728450e-02 9.803877e-03 1.516423e-02
      vertex -2.791732e-02 9.803842e-03 1.697097e-02
      vertex -2.668543e-02 9.803881e-03 1.613255e-02
    endloop
  endfacet
  facet normal -2.481289e-05 1.000000e+00 1.038790e-05
    outer loop
      vertex -2.890312e-02 9.803749e-03 2.341399e-02
      vertex -2.911609e-02 9.803758e-03 2.207902e-02
      vertex -2.999682e-02 9.803717e-03 2.392295e-02
    endloop
  endfacet
  facet normal -2.474542e-05 1.000000e+00 1.042012e-05
    outer loop
      vertex -3.066875e-02 9.803716e-03 2.241879e-02
      vertex -2.999682e-02 9.803717e-03 2.392295e-02
      vertex -2.911609e-02 9.803758e-03 2.207902e-02
    endloop
  endfacet
  facet normal -2.394339e-05 1.000000e+00 1.023862e-05
    outer loop
      vertex -2.911609e-02 9.803758e-03 2.207902e-02
      vertex -2.988051e-02 9.803757e-03 2.038455e-02
      vertex -3.030824e-02 9.803734e-03 2.161975e-02
    endloop
  endfacet
  facet normal -2.492639e-05 1.000000e+00 1.138885e-05
    outer loop
      vertex -2.988051e-02 9.803757e-03 2.038455e-02
      vertex -2.884723e-02 9.803776e-03 2.097130e-02
      vertex -2.836734e-02 9.803799e-03 2.001192e-02
    endloop
  endfacet
  facet normal -2.518793e-05 1.000000e+00 1.032680e-05
    outer loop
      vertex -2.927838e-02 9.803788e-03 1.880567e-02
      vertex -2.988051e-02 9.803757e-03 2.038455e-02
      vertex -2.836734e-02 9.803799e-03 2.001192e-02
    endloop
  endfacet
  facet normal -2.429442e-05 1.000000e+00 1.069303e-05
    outer loop
      vertex -2.998276e-02 9.803784e-03 1.756208e-02
      vertex -3.032973e-02 9.803761e-03 1.891423e-02
      vertex -2.927838e-02 9.803788e-03 1.880567e-02
    endloop
  endfacet
  facet normal -2.446190e-05 1.000000e+00 1.031557e-05
    outer loop
      vertex -2.875792e-02 9.803832e-03 1.590212e-02
      vertex -2.892566e-02 9.803813e-03 1.735334e-02
      vertex -2.791732e-02 9.803842e-03 1.697097e-02
    endloop
  endfacet
  facet normal -2.532215e-05 1.000000e+00 9.164993e-06
    outer loop
      vertex -2.256683e-02 9.804039e-03 1.065519e-02
      vertex -2.369039e-02 9.804012e-03 1.046447e-02
      vertex -2.370464e-02 9.804005e-03 1.125754e-02
    endloop
  endfacet
  facet normal -2.481989e-05 1.000000e+00 1.041240e-05
    outer loop
      vertex -2.926181e-02 9.803715e-03 2.577384e-02
      vertex -3.022927e-02 9.803694e-03 2.548269e-02
      vertex -2.972110e-02 9.803697e-03 2.641924e-02
    endloop
  endfacet
  facet normal -2.415746e-05 1.000000e+00 1.015931e-05
    outer loop
      vertex -2.597441e-02 9.803953e-03 1.085745e-02
      vertex -2.741776e-02 9.803916e-03 1.108635e-02
      vertex -2.685499e-02 9.803920e-03 1.204907e-02
    endloop
  endfacet
  facet normal -2.429500e-05 1.000000e+00 1.045431e-05
    outer loop
      vertex -2.557449e-02 9.803940e-03 1.310915e-02
      vertex -2.493559e-02 9.803969e-03 1.176599e-02
      vertex -2.685499e-02 9.803920e-03 1.204907e-02
    endloop
  endfacet
  facet normal -2.397656e-05 1.000000e+00 1.023689e-05
    outer loop
      vertex -2.411859e-02 9.803979e-03 1.274794e-02
      vertex -2.356118e-02 9.803997e-03 1.228344e-02
      vertex -2.493559e-02 9.803969e-03 1.176599e-02
    endloop
  endfacet
  facet normal -2.536340e-05 1.000000e+00 1.011067e-05
    outer loop
      vertex -3.077521e-02 9.803736e-03 2.043224e-02
      vertex -3.108097e-02 9.803749e-03 1.834469e-02
      vertex -3.133164e-02 9.803719e-03 2.073421e-02
    endloop
  endfacet
  facet normal -2.290431e-05 1.000000e+00 1.024096e-05
    outer loop
      vertex -2.988051e-02 9.803757e-03 2.038455e-02
      vertex -3.032973e-02 9.803761e-03 1.891423e-02
      vertex -3.077521e-02 9.803736e-03 2.043224e-02
    endloop
  endfacet
  facet normal -2.403216e-05 1.000000e+00 1.134787e-05
    outer loop
      vertex -3.054897e-02 9.803817e-03 1.327340e-02
      vertex -3.068603e-02 9.803799e-03 1.457990e-02
      vertex -2.957444e-02 9.803840e-03 1.332027e-02
    endloop
  endfacet
  facet normal -2.460222e-05 1.000000e+00 1.019200e-05
    outer loop
      vertex -2.823274e-02 9.803768e-03 2.307755e-02
      vertex -2.732161e-02 9.803780e-03 2.415405e-02
      vertex -2.732191e-02 9.803795e-03 2.265619e-02
    endloop
  endfacet
  facet normal -2.431508e-05 1.000000e+00 1.135685e-05
    outer loop
      vertex -2.464873e-02 9.803961e-03 1.324379e-02
      vertex -2.557449e-02 9.803940e-03 1.310915e-02
      vertex -2.514724e-02 9.803943e-03 1.377198e-02
    endloop
  endfacet
  facet normal -2.444147e-05 1.000000e+00 1.078042e-05
    outer loop
      vertex -2.732098e-02 9.803745e-03 2.731997e-02
      vertex -2.843299e-02 9.803736e-03 2.568346e-02
      vertex -2.859173e-02 9.803719e-03 2.691590e-02
    endloop
  endfacet
  facet normal -2.437181e-05 1.000000e+00 1.133574e-05
    outer loop
      vertex -2.858218e-02 9.803746e-03 2.435640e-02
      vertex -2.890312e-02 9.803749e-03 2.341399e-02
      vertex -2.999682e-02 9.803717e-03 2.392295e-02
    endloop
  endfacet
  facet normal -2.316626e-05 1.000000e+00 1.110502e-05
    outer loop
      vertex -2.811254e-02 9.803823e-03 1.825865e-02
      vertex -2.732262e-02 9.803833e-03 1.904773e-02
      vertex -2.726764e-02 9.803843e-03 1.821778e-02
    endloop
  endfacet
  facet normal -2.454513e-05 1.000000e+00 1.082372e-05
    outer loop
      vertex -2.660197e-02 9.803908e-03 1.368015e-02
      vertex -2.685499e-02 9.803920e-03 1.204907e-02
      vertex -2.772087e-02 9.803884e-03 1.343366e-02
    endloop
  endfacet
  facet normal -2.417529e-05 1.000000e+00 1.137116e-05
    outer loop
      vertex -2.772087e-02 9.803884e-03 1.343366e-02
      vertex -2.823472e-02 9.803885e-03 1.225733e-02
      vertex -2.848171e-02 9.803861e-03 1.382892e-02
    endloop
  endfacet
  facet normal -2.447190e-05 1.000000e+00 1.132455e-05
    outer loop
      vertex -2.848171e-02 9.803861e-03 1.382892e-02
      vertex -2.823472e-02 9.803885e-03 1.225733e-02
      vertex -2.957444e-02 9.803840e-03 1.332027e-02
    endloop
  endfacet
  facet normal -2.449068e-05 1.000000e+00 1.094324e-05
    outer loop
      vertex -2.957444e-02 9.803840e-03 1.332027e-02
      vertex -3.068603e-02 9.803799e-03 1.457990e-02
      vertex -2.952959e-02 9.803823e-03 1.490214e-02
    endloop
  endfacet
  facet normal -2.460903e-05 1.000000e+00 1.083363e-05
    outer loop
      vertex -2.685499e-02 9.803920e-03 1.204907e-02
      vertex -2.660197e-02 9.803908e-03 1.368015e-02
      vertex -2.557449e-02 9.803940e-03 1.310915e-02
    endloop
  endfacet
  facet normal 3.476285e-01 9.376302e-01 -2.034443e-03
    outer loop
      vertex -2.615439e-02 9.370543e-03 2.551656e-02
      vertex -2.678171e-02 9.599981e-03 2.406882e-02
      vertex -2.732129e-02 9.803761e-03 2.578807e-02
    endloop
  endfacet
  facet normal 3.391166e-01 9.407435e-01 -1.270748e-03
    outer loop
      vertex -2.578480e-02 9.238756e-03 2.891274e-02
      vertex -2.642243e-02 9.467733e-03 2.826666e-02
      vertex -2.674145e-02 9.584641e-03 2.968011e-02
    endloop
  endfacet
  facet normal 3.218758e-01 9.467815e-01 9.235057e-04
    outer loop
      vertex -2.566351e-02 9.195524e-03 2.222802e-02
      vertex -2.534452e-02 9.085765e-03 2.357567e-02
      vertex -2.481520e-02 8.906917e-03 2.244348e-02
    endloop
  endfacet
  facet normal 3.218569e-01 9.467880e-01 7.996712e-04
    outer loop
      vertex -2.490786e-02 8.937906e-03 2.543544e-02
      vertex -2.557656e-02 9.165567e-03 2.503126e-02
      vertex -2.540947e-02 9.107719e-03 2.627113e-02
    endloop
  endfacet
  facet normal 3.336710e-01 9.426870e-01 -2.201865e-03
    outer loop
      vertex -2.534452e-02 9.085765e-03 2.357567e-02
      vertex -2.566351e-02 9.195524e-03 2.222802e-02
      vertex -2.625616e-02 9.406433e-03 2.271331e-02
    endloop
  endfacet
  facet normal 3.335931e-01 9.427166e-01 -9.718805e-04
    outer loop
      vertex -2.615439e-02 9.370543e-03 2.551656e-02
      vertex -2.540947e-02 9.107719e-03 2.627113e-02
      vertex -2.557656e-02 9.165567e-03 2.503126e-02
    endloop
  endfacet
  facet normal 3.368033e-01 9.415741e-01 1.306682e-03
    outer loop
      vertex -2.578480e-02 9.238756e-03 2.891274e-02
      vertex -2.553002e-02 9.149342e-03 2.767278e-02
      vertex -2.642243e-02 9.467733e-03 2.826666e-02
    endloop
  endfacet
  facet normal 3.190947e-01 9.477223e-01 -1.048126e-03
    outer loop
      vertex -2.490786e-02 8.937906e-03 2.543544e-02
      vertex -2.540947e-02 9.107719e-03 2.627113e-02
      vertex -2.468288e-02 8.863438e-03 2.659443e-02
    endloop
  endfacet
  facet normal 3.193962e-01 9.476206e-01 1.147176e-03
    outer loop
      vertex -2.523455e-02 9.047989e-03 2.912826e-02
      vertex -2.465155e-02 8.853056e-03 2.783433e-02
      vertex -2.553002e-02 9.149342e-03 2.767278e-02
    endloop
  endfacet
  facet normal 3.063217e-01 9.519280e-01 -2.172975e-04
    outer loop
      vertex -2.399076e-02 8.640474e-03 2.411449e-02
      vertex -2.399168e-02 8.640451e-03 2.271286e-02
      vertex -2.470272e-02 8.869530e-03 2.389899e-02
    endloop
  endfacet
  facet normal 3.076570e-01 9.514971e-01 6.664091e-04
    outer loop
      vertex -2.399168e-02 8.640451e-03 2.271286e-02
      vertex -2.481520e-02 8.906917e-03 2.244348e-02
      vertex -2.470272e-02 8.869530e-03 2.389899e-02
    endloop
  endfacet
  facet normal 3.194425e-01 9.476056e-01 -3.442680e-04
    outer loop
      vertex -2.470272e-02 8.869530e-03 2.389899e-02
      vertex -2.481520e-02 8.906917e-03 2.244348e-02
      vertex -2.534452e-02 9.085765e-03 2.357567e-02
    endloop
  endfacet
  facet normal 3.177764e-01 9.481656e-01 3.352423e-04
    outer loop
      vertex -2.523455e-02 9.047989e-03 2.912826e-02
      vertex -2.472802e-02 8.878056e-03 2.961334e-02
      vertex -2.465155e-02 8.853056e-03 2.783433e-02
    endloop
  endfacet
  facet normal 3.045855e-01 9.524849e-01 -2.924550e-04
    outer loop
      vertex -2.465155e-02 8.853056e-03 2.783433e-02
      vertex -2.472802e-02 8.878056e-03 2.961334e-02
      vertex -2.382792e-02 8.590007e-03 2.891234e-02
    endloop
  endfacet
  facet normal 3.057208e-01 9.521193e-01 -1.899906e-03
    outer loop
      vertex -2.433770e-02 8.750558e-03 2.557010e-02
      vertex -2.468288e-02 8.863438e-03 2.659443e-02
      vertex -2.374119e-02 8.562128e-03 2.712660e-02
    endloop
  endfacet
  facet normal 3.120682e-01 9.500596e-01 4.660183e-04
    outer loop
      vertex -2.468288e-02 8.863438e-03 2.659443e-02
      vertex -2.433770e-02 8.750558e-03 2.557010e-02
      vertex -2.490786e-02 8.937906e-03 2.543544e-02
    endloop
  endfacet
  facet normal 3.005245e-01 9.537740e-01 2.918029e-04
    outer loop
      vertex -2.433770e-02 8.750558e-03 2.557010e-02
      vertex -2.374119e-02 8.562128e-03 2.712660e-02
      vertex -2.364473e-02 8.532242e-03 2.546214e-02
    endloop
  endfacet
  facet normal 2.747061e-01 9.615247e-01 -2.627897e-03
    outer loop
      vertex -2.196001e-02 8.041405e-03 2.659389e-02
      vertex -2.234453e-02 8.147726e-03 2.530015e-02
      vertex -2.300058e-02 8.337370e-03 2.610892e-02
    endloop
  endfacet
  facet normal 2.783218e-01 9.604877e-01 5.482353e-04
    outer loop
      vertex -2.305251e-02 8.353340e-03 2.449166e-02
      vertex -2.300058e-02 8.337370e-03 2.610892e-02
      vertex -2.234453e-02 8.147726e-03 2.530015e-02
    endloop
  endfacet
  facet normal 2.894199e-01 9.572022e-01 1.594467e-04
    outer loop
      vertex -2.364473e-02 8.532242e-03 2.546214e-02
      vertex -2.300058e-02 8.337370e-03 2.610892e-02
      vertex -2.305251e-02 8.353340e-03 2.449166e-02
    endloop
  endfacet
  facet normal 2.773590e-01 9.607664e-01 1.285945e-04
    outer loop
      vertex -2.303163e-02 8.347181e-03 3.155372e-02
      vertex -2.270478e-02 8.252596e-03 3.326861e-02
      vertex -2.228242e-02 8.130980e-03 3.093361e-02
    endloop
  endfacet
  facet normal 2.852033e-01 9.584659e-01 -1.493377e-03
    outer loop
      vertex -2.270478e-02 8.252596e-03 3.326861e-02
      vertex -2.303163e-02 8.347181e-03 3.155372e-02
      vertex -2.355844e-02 8.505957e-03 3.284872e-02
    endloop
  endfacet
  facet normal 2.897202e-01 9.571107e-01 1.147513e-03
    outer loop
      vertex -2.360454e-02 8.520386e-03 3.058347e-02
      vertex -2.289827e-02 8.307806e-03 2.957254e-02
      vertex -2.382792e-02 8.590007e-03 2.891234e-02
    endloop
  endfacet
  facet normal 2.899178e-01 9.570515e-01 -3.817758e-04
    outer loop
      vertex -2.364473e-02 8.532242e-03 2.546214e-02
      vertex -2.374119e-02 8.562128e-03 2.712660e-02
      vertex -2.300058e-02 8.337370e-03 2.610892e-02
    endloop
  endfacet
  facet normal 2.856251e-01 9.583359e-01 3.254077e-03
    outer loop
      vertex -2.299004e-02 8.334295e-03 2.829222e-02
      vertex -2.270347e-02 8.252522e-03 2.722073e-02
      vertex -2.374119e-02 8.562128e-03 2.712660e-02
    endloop
  endfacet
  facet normal 2.526244e-01 9.675608e-01 -2.652556e-03
    outer loop
      vertex -2.069750e-02 7.709132e-03 2.314347e-02
      vertex -2.106202e-02 7.801535e-03 2.213275e-02
      vertex -2.179468e-02 7.996117e-03 2.333237e-02
    endloop
  endfacet
  facet normal 2.650574e-01 9.642325e-01 4.623912e-04
    outer loop
      vertex -2.162285e-02 7.949167e-03 2.567063e-02
      vertex -2.234453e-02 8.147726e-03 2.530015e-02
      vertex -2.196001e-02 8.041405e-03 2.659389e-02
    endloop
  endfacet
  facet normal 2.653678e-01 9.641404e-01 -3.644573e-03
    outer loop
      vertex -2.129989e-02 7.863906e-03 2.438349e-02
      vertex -2.179468e-02 7.996117e-03 2.333237e-02
      vertex -2.256357e-02 8.210698e-03 2.411420e-02
    endloop
  endfacet
  facet normal 2.621508e-01 9.650257e-01 1.555049e-03
    outer loop
      vertex -2.228025e-02 8.130031e-03 2.073136e-02
      vertex -2.192418e-02 8.031501e-03 2.184990e-02
      vertex -2.128187e-02 7.858853e-03 2.071095e-02
    endloop
  endfacet
  facet normal 2.575504e-01 9.662647e-01 5.661700e-04
    outer loop
      vertex -2.106202e-02 7.801535e-03 2.213275e-02
      vertex -2.192418e-02 8.031501e-03 2.184990e-02
      vertex -2.179468e-02 7.996117e-03 2.333237e-02
    endloop
  endfacet
  facet normal 2.511464e-01 9.679483e-01 1.266329e-03
    outer loop
      vertex -2.074760e-02 7.721935e-03 3.133762e-02
      vertex -2.158777e-02 7.940246e-03 3.109520e-02
      vertex -2.121010e-02 7.840296e-03 3.259109e-02
    endloop
  endfacet
  facet normal 2.521593e-01 9.676855e-01 -7.336003e-04
    outer loop
      vertex -2.168284e-02 7.965202e-03 2.962621e-02
      vertex -2.087919e-02 7.756104e-03 3.004384e-02
      vertex -2.091315e-02 7.764019e-03 2.881068e-02
    endloop
  endfacet
  facet normal 2.718083e-01 9.623509e-01 -9.579555e-04
    outer loop
      vertex -2.228242e-02 8.130980e-03 3.093361e-02
      vertex -2.270478e-02 8.252596e-03 3.326861e-02
      vertex -2.183548e-02 8.006889e-03 3.308988e-02
    endloop
  endfacet
  facet normal 2.719636e-01 9.623063e-01 -1.539283e-03
    outer loop
      vertex -2.169092e-02 7.967339e-03 2.783374e-02
      vertex -2.196001e-02 8.041405e-03 2.659389e-02
      vertex -2.270347e-02 8.252522e-03 2.722073e-02
    endloop
  endfacet
  facet normal 2.529005e-01 9.674923e-01 1.361994e-05
    outer loop
      vertex -2.169092e-02 7.967339e-03 2.783374e-02
      vertex -2.168284e-02 7.965202e-03 2.962621e-02
      vertex -2.091315e-02 7.764019e-03 2.881068e-02
    endloop
  endfacet
  facet normal 2.309705e-01 9.729608e-01 4.842982e-05
    outer loop
      vertex -1.970929e-02 7.470716e-03 2.573089e-02
      vertex -2.030998e-02 7.613363e-03 2.476065e-02
      vertex -2.025375e-02 7.599950e-03 2.605445e-02
    endloop
  endfacet
  facet normal 2.414066e-01 9.704240e-01 -4.314237e-04
    outer loop
      vertex -2.095575e-02 7.774438e-03 2.573114e-02
      vertex -2.025375e-02 7.599950e-03 2.605445e-02
      vertex -2.030998e-02 7.613363e-03 2.476065e-02
    endloop
  endfacet
  facet normal 2.459052e-01 9.692927e-01 -1.524262e-03
    outer loop
      vertex -2.030998e-02 7.613363e-03 2.476065e-02
      vertex -2.069750e-02 7.709132e-03 2.314347e-02
      vertex -2.129989e-02 7.863906e-03 2.438349e-02
    endloop
  endfacet
  facet normal 2.396218e-01 9.708662e-01 4.160308e-04
    outer loop
      vertex -2.009559e-02 7.562470e-03 3.058277e-02
      vertex -2.001723e-02 7.543707e-03 2.923503e-02
      vertex -2.087919e-02 7.756104e-03 3.004384e-02
    endloop
  endfacet
  facet normal 2.349310e-01 9.720111e-01 1.319766e-03
    outer loop
      vertex -2.074760e-02 7.721935e-03 3.133762e-02
      vertex -2.055369e-02 7.673165e-03 3.273921e-02
      vertex -1.978913e-02 7.490057e-03 3.149916e-02
    endloop
  endfacet
  facet normal 2.389458e-01 9.710329e-01 -3.482036e-04
    outer loop
      vertex -2.087919e-02 7.756104e-03 3.004384e-02
      vertex -2.001723e-02 7.543707e-03 2.923503e-02
      vertex -2.091315e-02 7.764019e-03 2.881068e-02
    endloop
  endfacet
  facet normal 2.430351e-01 9.700175e-01 -1.037588e-04
    outer loop
      vertex -2.039199e-02 7.633352e-03 2.796825e-02
      vertex -2.100105e-02 7.785894e-03 2.744276e-02
      vertex -2.091315e-02 7.764019e-03 2.881068e-02
    endloop
  endfacet
  facet normal 2.397887e-01 9.708225e-01 -2.237022e-03
    outer loop
      vertex -2.091315e-02 7.764019e-03 2.881068e-02
      vertex -2.001723e-02 7.543707e-03 2.923503e-02
      vertex -2.039199e-02 7.633352e-03 2.796825e-02
    endloop
  endfacet
  facet normal 2.108113e-01 9.775266e-01 -5.795479e-04
    outer loop
      vertex -1.880850e-02 7.269878e-03 2.449081e-02
      vertex -1.915849e-02 7.346441e-03 2.632378e-02
      vertex -1.848330e-02 7.200480e-03 2.573065e-02
    endloop
  endfacet
  facet normal 2.133851e-01 9.769682e-01 -3.423711e-05
    outer loop
      vertex -1.933104e-02 7.384078e-03 2.206501e-02
      vertex -1.929183e-02 7.375570e-03 2.365532e-02
      vertex -1.871296e-02 7.249084e-03 2.219967e-02
    endloop
  endfacet
  facet normal 2.249181e-01 9.743776e-01 -3.324466e-04
    outer loop
      vertex -1.929183e-02 7.375570e-03 2.365532e-02
      vertex -1.933104e-02 7.384078e-03 2.206501e-02
      vertex -1.998110e-02 7.534362e-03 2.273901e-02
    endloop
  endfacet
  facet normal 2.190066e-01 9.757228e-01 1.060590e-03
    outer loop
      vertex -1.970929e-02 7.470716e-03 2.573089e-02
      vertex -1.915849e-02 7.346441e-03 2.632378e-02
      vertex -1.880850e-02 7.269878e-03 2.449081e-02
    endloop
  endfacet
  facet normal 2.251323e-01 9.743267e-01 1.702336e-03
    outer loop
      vertex -2.009559e-02 7.562470e-03 3.058277e-02
      vertex -1.978913e-02 7.490057e-03 3.149916e-02
      vertex -1.907077e-02 7.327227e-03 2.969307e-02
    endloop
  endfacet
  facet normal 2.212991e-01 9.752060e-01 -1.977163e-04
    outer loop
      vertex -1.908247e-02 7.330021e-03 3.322410e-02
      vertex -1.904567e-02 7.321364e-03 3.171464e-02
      vertex -1.978676e-02 7.489855e-03 3.327901e-02
    endloop
  endfacet
  facet normal 2.209957e-01 9.752744e-01 -8.812979e-04
    outer loop
      vertex -1.915849e-02 7.346441e-03 2.632378e-02
      vertex -1.970929e-02 7.470716e-03 2.573089e-02
      vertex -1.989304e-02 7.513816e-03 2.734819e-02
    endloop
  endfacet
  facet normal 2.232587e-01 9.747589e-01 -7.480735e-04
    outer loop
      vertex -1.917758e-02 7.350381e-03 2.791409e-02
      vertex -1.989304e-02 7.513816e-03 2.734819e-02
      vertex -2.001723e-02 7.543707e-03 2.923503e-02
    endloop
  endfacet
  facet normal 2.114700e-01 9.773845e-01 2.052745e-04
    outer loop
      vertex -1.915849e-02 7.346441e-03 2.632378e-02
      vertex -1.857014e-02 7.218929e-03 2.734793e-02
      vertex -1.848330e-02 7.200480e-03 2.573065e-02
    endloop
  endfacet
  facet normal 2.116129e-01 9.773536e-01 1.193611e-04
    outer loop
      vertex -1.857014e-02 7.218929e-03 2.734793e-02
      vertex -1.915849e-02 7.346441e-03 2.632378e-02
      vertex -1.917758e-02 7.350381e-03 2.791409e-02
    endloop
  endfacet
  facet normal 1.887811e-01 9.820192e-01 2.552475e-04
    outer loop
      vertex -1.801988e-02 7.105880e-03 2.314293e-02
      vertex -1.733461e-02 6.973739e-03 2.470615e-02
      vertex -1.718707e-02 6.945809e-03 2.303495e-02
    endloop
  endfacet
  facet normal 1.997663e-01 9.798434e-01 -5.332751e-04
    outer loop
      vertex -1.787501e-02 7.077546e-03 2.796774e-02
      vertex -1.804873e-02 7.111804e-03 2.583838e-02
      vertex -1.857014e-02 7.218929e-03 2.734793e-02
    endloop
  endfacet
  facet normal 2.000365e-01 9.797884e-01 -4.360582e-04
    outer loop
      vertex -1.848330e-02 7.200480e-03 2.573065e-02
      vertex -1.857014e-02 7.218929e-03 2.734793e-02
      vertex -1.804873e-02 7.111804e-03 2.583838e-02
    endloop
  endfacet
  facet normal 1.978187e-01 9.802386e-01 1.195648e-04
    outer loop
      vertex -1.841155e-02 7.185925e-03 2.901907e-02
      vertex -1.818707e-02 7.140344e-03 3.131015e-02
      vertex -1.783541e-02 7.069584e-03 2.961196e-02
    endloop
  endfacet
  facet normal 1.889541e-01 9.819859e-01 2.044404e-04
    outer loop
      vertex -1.728169e-02 6.963128e-03 2.918057e-02
      vertex -1.787501e-02 7.077546e-03 2.796774e-02
      vertex -1.783541e-02 7.069584e-03 2.961196e-02
    endloop
  endfacet
  facet normal 1.884375e-01 9.820851e-01 -4.830671e-04
    outer loop
      vertex -1.783541e-02 7.069584e-03 2.961196e-02
      vertex -1.728047e-02 6.963741e-03 3.090566e-02
      vertex -1.728169e-02 6.963128e-03 2.918057e-02
    endloop
  endfacet
  facet normal 1.928165e-01 9.812340e-01 -1.264013e-03
    outer loop
      vertex -1.750462e-02 7.006014e-03 3.260383e-02
      vertex -1.822776e-02 7.149086e-03 3.335870e-02
      vertex -1.726532e-02 6.960692e-03 3.392455e-02
    endloop
  endfacet
  facet normal 1.622094e-01 9.867564e-01 -6.595748e-05
    outer loop
      vertex -1.649746e-02 6.822454e-03 2.184882e-02
      vertex -1.649324e-02 6.821887e-03 2.373562e-02
      vertex -1.569803e-02 6.691098e-03 2.274152e-02
    endloop
  endfacet
  facet normal 1.766589e-01 9.842718e-01 -8.526246e-04
    outer loop
      vertex -1.649324e-02 6.821887e-03 2.373562e-02
      vertex -1.718707e-02 6.945809e-03 2.303495e-02
      vertex -1.733461e-02 6.973739e-03 2.470615e-02
    endloop
  endfacet
  facet normal 1.775217e-01 9.841169e-01 -3.470507e-05
    outer loop
      vertex -1.662086e-02 6.844763e-03 3.106725e-02
      vertex -1.659328e-02 6.839720e-03 2.916696e-02
      vertex -1.728047e-02 6.963741e-03 3.090566e-02
    endloop
  endfacet
  facet normal 1.764419e-01 9.843109e-01 -4.753302e-04
    outer loop
      vertex -1.728169e-02 6.963128e-03 2.918057e-02
      vertex -1.728047e-02 6.963741e-03 3.090566e-02
      vertex -1.659328e-02 6.839720e-03 2.916696e-02
    endloop
  endfacet
  facet normal 1.765714e-01 9.842665e-01 6.477147e-03
    outer loop
      vertex -1.787501e-02 7.077546e-03 2.796774e-02
      vertex -1.728169e-02 6.963128e-03 2.918057e-02
      vertex -1.659328e-02 6.839720e-03 2.916696e-02
    endloop
  endfacet
  facet normal 1.773790e-01 9.841425e-01 5.666924e-04
    outer loop
      vertex -1.728047e-02 6.963741e-03 3.090566e-02
      vertex -1.664680e-02 6.848538e-03 3.263062e-02
      vertex -1.662086e-02 6.844763e-03 3.106725e-02
    endloop
  endfacet
  facet normal 1.660616e-01 9.861152e-01 6.810329e-04
    outer loop
      vertex -1.676855e-02 6.870419e-03 2.745539e-02
      vertex -1.659328e-02 6.839720e-03 2.916696e-02
      vertex -1.595916e-02 6.733763e-03 2.796736e-02
    endloop
  endfacet
  facet normal 1.669421e-01 9.859664e-01 -7.507342e-04
    outer loop
      vertex -1.595916e-02 6.733763e-03 2.796736e-02
      vertex -1.655667e-02 6.833353e-03 2.589199e-02
      vertex -1.676855e-02 6.870419e-03 2.745539e-02
    endloop
  endfacet
  facet normal 1.785248e-01 9.839354e-01 5.237921e-05
    outer loop
      vertex -1.669263e-02 6.856756e-03 3.443657e-02
      vertex -1.664680e-02 6.848538e-03 3.263062e-02
      vertex -1.726532e-02 6.960692e-03 3.392455e-02
    endloop
  endfacet
  facet normal 1.805295e-01 9.835690e-01 1.042392e-03
    outer loop
      vertex -1.750462e-02 7.006014e-03 3.260383e-02
      vertex -1.726532e-02 6.960692e-03 3.392455e-02
      vertex -1.664680e-02 6.848538e-03 3.263062e-02
    endloop
  endfacet
  facet normal 1.670317e-01 9.859515e-01 3.672721e-04
    outer loop
      vertex -1.669263e-02 6.856756e-03 3.443657e-02
      vertex -1.662907e-02 6.845376e-03 3.608078e-02
      vertex -1.605257e-02 6.748173e-03 3.484076e-02
    endloop
  endfacet
  facet normal 1.484621e-01 9.889180e-01 3.347482e-04
    outer loop
      vertex -1.482753e-02 6.560516e-03 2.244148e-02
      vertex -1.569803e-02 6.691098e-03 2.274152e-02
      vertex -1.493407e-02 6.576118e-03 2.360054e-02
    endloop
  endfacet
  facet normal 1.533409e-01 9.881733e-01 -8.841759e-05
    outer loop
      vertex -1.588019e-02 6.719997e-03 2.578403e-02
      vertex -1.531987e-02 6.633180e-03 2.723946e-02
      vertex -1.525336e-02 6.622716e-03 2.564914e-02
    endloop
  endfacet
  facet normal 1.544337e-01 9.880029e-01 6.466848e-04
    outer loop
      vertex -1.530072e-02 6.630226e-03 2.891063e-02
      vertex -1.595916e-02 6.733763e-03 2.796736e-02
      vertex -1.591319e-02 6.725483e-03 2.963853e-02
    endloop
  endfacet
  facet normal 1.559446e-01 9.877657e-01 -3.971593e-04
    outer loop
      vertex -1.532877e-02 6.633953e-03 3.261687e-02
      vertex -1.570375e-02 6.692650e-03 3.136357e-02
      vertex -1.604910e-02 6.747898e-03 3.316959e-02
    endloop
  endfacet
  facet normal 1.433050e-01 9.896785e-01 -2.799972e-04
    outer loop
      vertex -1.525336e-02 6.622716e-03 2.564914e-02
      vertex -1.468679e-02 6.541158e-03 2.734715e-02
      vertex -1.472511e-02 6.546234e-03 2.567599e-02
    endloop
  endfacet
  facet normal 1.483377e-01 9.889357e-01 -1.421530e-03
    outer loop
      vertex -1.531711e-02 6.632679e-03 3.498212e-02
      vertex -1.565105e-02 6.684581e-03 3.624231e-02
      vertex -1.481441e-02 6.558854e-03 3.608041e-02
    endloop
  endfacet
  facet normal 1.404066e-01 9.900928e-01 -1.488376e-03
    outer loop
      vertex -1.464948e-02 6.535501e-03 3.252240e-02
      vertex -1.520598e-02 6.616501e-03 3.390730e-02
      vertex -1.447496e-02 6.512211e-03 3.349272e-02
    endloop
  endfacet
  facet normal 1.433992e-01 9.896649e-01 -2.608254e-04
    outer loop
      vertex -1.464948e-02 6.535501e-03 3.252240e-02
      vertex -1.532877e-02 6.633953e-03 3.261687e-02
      vertex -1.520598e-02 6.616501e-03 3.390730e-02
    endloop
  endfacet
  facet normal 1.155917e-01 9.932917e-01 3.176989e-03
    outer loop
      vertex -1.341341e-02 6.378320e-03 2.346546e-02
      vertex -1.291939e-02 6.323071e-03 2.276455e-02
      vertex -1.405231e-02 6.456462e-03 2.227960e-02
    endloop
  endfacet
  facet normal 1.220719e-01 9.925212e-01 -3.650359e-04
    outer loop
      vertex -1.341341e-02 6.378320e-03 2.346546e-02
      vertex -1.405231e-02 6.456462e-03 2.227960e-02
      vertex -1.419511e-02 6.474631e-03 2.392384e-02
    endloop
  endfacet
  facet normal 1.173142e-01 9.930941e-01 -1.228949e-03
    outer loop
      vertex -1.398357e-02 6.447027e-03 2.562193e-02
      vertex -1.313015e-02 6.346345e-03 2.572958e-02
      vertex -1.349608e-02 6.388238e-03 2.465147e-02
    endloop
  endfacet
  facet normal 1.327977e-01 9.911425e-01 -1.134969e-03
    outer loop
      vertex -1.405231e-02 6.456462e-03 2.227960e-02
      vertex -1.482753e-02 6.560516e-03 2.244148e-02
      vertex -1.493407e-02 6.576118e-03 2.360054e-02
    endloop
  endfacet
  facet normal 1.357004e-01 9.907496e-01 8.382188e-04
    outer loop
      vertex -1.419511e-02 6.474631e-03 2.392384e-02
      vertex -1.405231e-02 6.456462e-03 2.227960e-02
      vertex -1.493407e-02 6.576118e-03 2.360054e-02
    endloop
  endfacet
  facet normal 1.198433e-01 9.927924e-01 9.691443e-04
    outer loop
      vertex -1.404813e-02 6.455684e-03 2.723921e-02
      vertex -1.325836e-02 6.360138e-03 2.745469e-02
      vertex -1.313015e-02 6.346345e-03 2.572958e-02
    endloop
  endfacet
  facet normal 1.310347e-01 9.913742e-01 2.667499e-03
    outer loop
      vertex -1.416366e-02 6.470848e-03 3.682153e-02
      vertex -1.378543e-02 6.423584e-03 3.580730e-02
      vertex -1.481441e-02 6.558854e-03 3.608041e-02
    endloop
  endfacet
  facet normal 1.299349e-01 9.915213e-01 -1.548945e-03
    outer loop
      vertex -1.481441e-02 6.558854e-03 3.608041e-02
      vertex -1.378543e-02 6.423584e-03 3.580730e-02
      vertex -1.457096e-02 6.525014e-03 3.484046e-02
    endloop
  endfacet
  facet normal 1.288276e-01 9.916668e-01 6.319983e-04
    outer loop
      vertex -1.447496e-02 6.512211e-03 3.349272e-02
      vertex -1.381110e-02 6.426209e-03 3.311523e-02
      vertex -1.464948e-02 6.535501e-03 3.252240e-02
    endloop
  endfacet
  facet normal 1.273979e-01 9.918515e-01 5.468981e-04
    outer loop
      vertex -1.365199e-02 6.407127e-03 3.457074e-02
      vertex -1.457096e-02 6.525014e-03 3.484046e-02
      vertex -1.378543e-02 6.423584e-03 3.580730e-02
    endloop
  endfacet
  facet normal 1.047889e-01 9.944871e-01 3.834068e-03
    outer loop
      vertex -1.313015e-02 6.346345e-03 2.572958e-02
      vertex -1.266745e-02 6.295928e-03 2.616076e-02
      vertex -1.201084e-02 6.232769e-03 2.459727e-02
    endloop
  endfacet
  facet normal 1.102041e-01 9.939088e-01 -6.689291e-04
    outer loop
      vertex -1.341341e-02 6.378320e-03 2.346546e-02
      vertex -1.265566e-02 6.294808e-03 2.422004e-02
      vertex -1.291939e-02 6.323071e-03 2.276455e-02
    endloop
  endfacet
  facet normal 1.101688e-01 9.939127e-01 -6.330814e-04
    outer loop
      vertex -1.265566e-02 6.294808e-03 2.422004e-02
      vertex -1.341341e-02 6.378320e-03 2.346546e-02
      vertex -1.349608e-02 6.388238e-03 2.465147e-02
    endloop
  endfacet
  facet normal 1.082333e-01 9.941255e-01 9.561500e-05
    outer loop
      vertex -1.313015e-02 6.346345e-03 2.572958e-02
      vertex -1.325836e-02 6.360138e-03 2.745469e-02
      vertex -1.266745e-02 6.295928e-03 2.616076e-02
    endloop
  endfacet
  facet normal 9.701628e-02 9.952827e-01 4.998880e-04
    outer loop
      vertex -1.288115e-02 6.318829e-03 3.481317e-02
      vertex -1.282510e-02 6.312620e-03 3.629565e-02
      vertex -1.192162e-02 6.224972e-03 3.545989e-02
    endloop
  endfacet
  facet normal 9.726745e-02 9.952580e-01 7.739917e-04
    outer loop
      vertex -1.195115e-02 6.226851e-03 3.675371e-02
      vertex -1.192162e-02 6.224972e-03 3.545989e-02
      vertex -1.282510e-02 6.312620e-03 3.629565e-02
    endloop
  endfacet
  facet normal 9.836027e-02 9.951497e-01 -1.513477e-03
    outer loop
      vertex -1.207608e-02 6.238394e-03 3.424697e-02
      vertex -1.288115e-02 6.318829e-03 3.481317e-02
      vertex -1.192162e-02 6.224972e-03 3.545989e-02
    endloop
  endfacet
  facet normal 7.474961e-02 9.972020e-01 7.676376e-04
    outer loop
      vertex -1.079731e-02 6.134760e-03 2.335712e-02
      vertex -1.067127e-02 6.125977e-03 2.249456e-02
      vertex -1.150324e-02 6.188278e-03 2.257558e-02
    endloop
  endfacet
  facet normal 7.476477e-02 9.972009e-01 7.440088e-04
    outer loop
      vertex -1.133447e-02 6.175050e-03 2.572922e-02
      vertex -1.080103e-02 6.134573e-03 2.637602e-02
      vertex -1.063752e-02 6.123521e-03 2.475872e-02
    endloop
  endfacet
  facet normal 7.336797e-02 9.973049e-01 -3.670308e-04
    outer loop
      vertex -1.135525e-02 6.176084e-03 2.411196e-02
      vertex -1.063752e-02 6.123521e-03 2.475872e-02
      vertex -1.079731e-02 6.134760e-03 2.335712e-02
    endloop
  endfacet
  facet normal 8.945566e-02 9.959872e-01 -2.665958e-03
    outer loop
      vertex -1.133447e-02 6.175050e-03 2.572922e-02
      vertex -1.201084e-02 6.232769e-03 2.459727e-02
      vertex -1.266745e-02 6.295928e-03 2.616076e-02
    endloop
  endfacet
  facet normal 9.078602e-02 9.958693e-01 1.476445e-03
    outer loop
      vertex -1.266745e-02 6.295928e-03 2.616076e-02
      vertex -1.166574e-02 6.202572e-03 2.753523e-02
      vertex -1.133447e-02 6.175050e-03 2.572922e-02
    endloop
  endfacet
  facet normal 8.391471e-02 9.964728e-01 4.675291e-04
    outer loop
      vertex -1.120571e-02 6.164393e-03 3.607970e-02
      vertex -1.192162e-02 6.224972e-03 3.545989e-02
      vertex -1.195115e-02 6.226851e-03 3.675371e-02
    endloop
  endfacet
  facet normal 8.559000e-02 9.963302e-01 7.120088e-04
    outer loop
      vertex -1.143331e-02 6.182425e-03 3.392339e-02
      vertex -1.130675e-02 6.172805e-03 3.217133e-02
      vertex -1.207814e-02 6.238436e-03 3.306097e-02
    endloop
  endfacet
  facet normal 8.668855e-02 9.962355e-01 -1.155292e-04
    outer loop
      vertex -1.207814e-02 6.238436e-03 3.306097e-02
      vertex -1.207608e-02 6.238394e-03 3.424697e-02
      vertex -1.143331e-02 6.182425e-03 3.392339e-02
    endloop
  endfacet
  facet normal 8.673567e-02 9.962314e-01 -2.121935e-05
    outer loop
      vertex -1.192162e-02 6.224972e-03 3.545989e-02
      vertex -1.143331e-02 6.182425e-03 3.392339e-02
      vertex -1.207608e-02 6.238394e-03 3.424697e-02
    endloop
  endfacet
  facet normal 7.382599e-02 9.972711e-01 -1.429369e-04
    outer loop
      vertex -1.143331e-02 6.182425e-03 3.392339e-02
      vertex -1.065793e-02 6.124894e-03 3.300678e-02
      vertex -1.130675e-02 6.172805e-03 3.217133e-02
    endloop
  endfacet
  facet normal 4.742031e-02 9.988741e-01 1.351491e-03
    outer loop
      vertex -1.009731e-02 6.089883e-03 2.185427e-02
      vertex -9.865065e-03 6.076897e-03 2.330303e-02
      vertex -9.030581e-03 6.038302e-03 2.254814e-02
    endloop
  endfacet
  facet normal 5.221797e-02 9.986354e-01 7.382416e-04
    outer loop
      vertex -1.002923e-02 6.086043e-03 2.621414e-02
      vertex -9.436699e-03 6.055100e-03 2.616011e-02
      vertex -9.335865e-03 6.051023e-03 2.454283e-02
    endloop
  endfacet
  facet normal 4.955572e-02 9.987713e-01 -3.690692e-04
    outer loop
      vertex -9.945307e-03 6.081242e-03 2.448904e-02
      vertex -1.002923e-02 6.086043e-03 2.621414e-02
      vertex -9.335865e-03 6.051023e-03 2.454283e-02
    endloop
  endfacet
  facet normal 6.198026e-02 9.980772e-01 5.373647e-04
    outer loop
      vertex -1.079731e-02 6.134760e-03 2.335712e-02
      vertex -9.945307e-03 6.081242e-03 2.448904e-02
      vertex -9.865065e-03 6.076897e-03 2.330303e-02
    endloop
  endfacet
  facet normal 6.170960e-02 9.980937e-01 -9.461654e-04
    outer loop
      vertex -9.865065e-03 6.076897e-03 2.330303e-02
      vertex -1.009731e-02 6.089883e-03 2.185427e-02
      vertex -1.067127e-02 6.125977e-03 2.249456e-02
    endloop
  endfacet
  facet normal 6.188437e-02 9.980827e-01 -1.121115e-03
    outer loop
      vertex -9.865065e-03 6.076897e-03 2.330303e-02
      vertex -1.067127e-02 6.125977e-03 2.249456e-02
      vertex -1.079731e-02 6.134760e-03 2.335712e-02
    endloop
  endfacet
  facet normal 6.265376e-02 9.980352e-01 -4.861429e-04
    outer loop
      vertex -1.002923e-02 6.086043e-03 2.621414e-02
      vertex -1.063752e-02 6.123521e-03 2.475872e-02
      vertex -1.080103e-02 6.134573e-03 2.637602e-02
    endloop
  endfacet
  facet normal 6.135630e-02 9.981154e-01 1.008833e-03
    outer loop
      vertex -9.945307e-03 6.081242e-03 2.448904e-02
      vertex -1.079731e-02 6.134760e-03 2.335712e-02
      vertex -1.063752e-02 6.123521e-03 2.475872e-02
    endloop
  endfacet
  facet normal 6.528532e-02 9.978595e-01 -3.778562e-03
    outer loop
      vertex -1.001879e-02 6.086293e-03 3.157807e-02
      vertex -1.064827e-02 6.124314e-03 3.074261e-02
      vertex -1.130675e-02 6.172805e-03 3.217133e-02
    endloop
  endfacet
  facet normal 5.922264e-02 9.982438e-01 1.437049e-03
    outer loop
      vertex -9.693898e-03 6.068400e-03 3.252141e-02
      vertex -1.065793e-02 6.124894e-03 3.300678e-02
      vertex -9.965068e-03 6.082314e-03 3.403091e-02
    endloop
  endfacet
  facet normal 6.149536e-02 9.981074e-01 7.190321e-05
    outer loop
      vertex -9.965068e-03 6.082314e-03 3.403091e-02
      vertex -1.070615e-02 6.127935e-03 3.457015e-02
      vertex -9.952960e-03 6.081446e-03 3.572904e-02
    endloop
  endfacet
  facet normal 4.851706e-02 9.988222e-01 -4.914465e-04
    outer loop
      vertex -9.693898e-03 6.068400e-03 3.252141e-02
      vertex -9.965068e-03 6.082314e-03 3.403091e-02
      vertex -9.238737e-03 6.046768e-03 3.349168e-02
    endloop
  endfacet
  facet normal 4.733132e-02 9.988792e-01 1.732894e-04
    outer loop
      vertex -9.952960e-03 6.081446e-03 3.572904e-02
      vertex -9.139587e-03 6.043106e-03 3.456984e-02
      vertex -9.965068e-03 6.082314e-03 3.403091e-02
    endloop
  endfacet
  facet normal 3.939126e-02 9.992239e-01 -6.295686e-05
    outer loop
      vertex -9.335865e-03 6.051023e-03 2.454283e-02
      vertex -9.436699e-03 6.055100e-03 2.616011e-02
      vertex -8.782612e-03 6.029281e-03 2.562090e-02
    endloop
  endfacet
  facet normal 3.467359e-02 9.993819e-01 -5.793184e-03
    outer loop
      vertex -8.173124e-03 6.011884e-03 2.626768e-02
      vertex -8.782612e-03 6.029281e-03 2.562090e-02
      vertex -9.436699e-03 6.055100e-03 2.616011e-02
    endloop
  endfacet
  facet normal 2.290283e-02 9.997361e-01 -1.785666e-03
    outer loop
      vertex -7.896700e-03 6.006554e-03 3.238292e-02
      vertex -8.094894e-03 6.009223e-03 3.133510e-02
      vertex -8.716120e-03 6.026632e-03 3.311422e-02
    endloop
  endfacet
  facet normal 3.163576e-02 9.994994e-01 4.471046e-04
    outer loop
      vertex -8.195856e-03 6.011976e-03 2.766932e-02
      vertex -8.173124e-03 6.011884e-03 2.626768e-02
      vertex -9.023466e-03 6.038292e-03 2.739994e-02
    endloop
  endfacet
  facet normal 4.077223e-02 9.991635e-01 3.149301e-03
    outer loop
      vertex -9.238737e-03 6.046768e-03 3.349168e-02
      vertex -8.716120e-03 6.026632e-03 3.311422e-02
      vertex -9.693898e-03 6.068400e-03 3.252141e-02
    endloop
  endfacet
  facet normal 3.291071e-02 9.994569e-01 1.662114e-03
    outer loop
      vertex -9.139587e-03 6.043106e-03 3.456984e-02
      vertex -8.610685e-03 6.023090e-03 3.613309e-02
      vertex -8.209208e-03 6.011932e-03 3.489311e-02
    endloop
  endfacet
  facet normal 2.650142e-02 9.996462e-01 2.249000e-03
    outer loop
      vertex -8.263592e-03 6.013544e-03 3.359930e-02
      vertex -7.896700e-03 6.006554e-03 3.238292e-02
      vertex -8.716120e-03 6.026632e-03 3.311422e-02
    endloop
  endfacet
  facet normal 1.932469e-02 9.998126e-01 1.142316e-03
    outer loop
      vertex -8.511645e-03 6.020767e-03 2.421921e-02
      vertex -8.173124e-03 6.011884e-03 2.626768e-02
      vertex -7.398258e-03 5.997875e-03 2.542015e-02
    endloop
  endfacet
  facet normal 1.960081e-02 9.998079e-01 1.666851e-04
    outer loop
      vertex -7.896700e-03 6.006554e-03 3.238292e-02
      vertex -8.263592e-03 6.013544e-03 3.359930e-02
      vertex -7.617451e-03 6.000967e-03 3.305503e-02
    endloop
  endfacet
  facet normal 1.051252e-02 9.999398e-01 -3.153130e-03
    outer loop
      vertex -7.203578e-03 5.996342e-03 3.901407e-02
      vertex -7.975266e-03 6.006683e-03 3.972072e-02
      vertex -6.779031e-03 5.994182e-03 3.974450e-02
    endloop
  endfacet
  facet normal 5.439370e-03 9.999852e-01 -1.704272e-04
    outer loop
      vertex -7.024184e-03 5.995637e-03 2.422601e-02
      vertex -7.398258e-03 5.997875e-03 2.542015e-02
      vertex -6.767706e-03 5.994576e-03 2.618935e-02
    endloop
  endfacet
  facet normal 1.076285e-03 9.999960e-01 2.618858e-03
    outer loop
      vertex -7.243015e-03 5.998648e-03 3.079247e-02
      vertex -7.019403e-03 5.995619e-03 3.185713e-02
      vertex -6.337538e-03 5.997704e-03 3.078067e-02
    endloop
  endfacet
  facet normal 1.396633e-02 9.998993e-01 2.508437e-03
    outer loop
      vertex -7.896700e-03 6.006554e-03 3.238292e-02
      vertex -7.617451e-03 6.000967e-03 3.305503e-02
      vertex -7.019403e-03 5.995619e-03 3.185713e-02
    endloop
  endfacet
  facet normal 5.360502e-03 9.999856e-01 2.682425e-04
    outer loop
      vertex -7.617451e-03 6.000967e-03 3.305503e-02
      vertex -6.686099e-03 5.995616e-03 3.438965e-02
      vertex -6.558580e-03 5.995349e-03 3.283680e-02
    endloop
  endfacet
  facet normal 5.378406e-04 9.999964e-01 2.644667e-03
    outer loop
      vertex -7.203578e-03 5.996342e-03 3.901407e-02
      vertex -6.779031e-03 5.994182e-03 3.974450e-02
      vertex -6.235297e-03 5.997758e-03 3.828166e-02
    endloop
  endfacet
  facet normal -5.432120e-03 9.999811e-01 -2.884415e-03
    outer loop
      vertex -5.972401e-03 6.000370e-03 3.469339e-02
      vertex -6.686099e-03 5.995616e-03 3.438965e-02
      vertex -7.315672e-03 5.997044e-03 3.607008e-02
    endloop
  endfacet
  facet normal 3.531448e-01 9.355687e-01 -6.062100e-05
    outer loop
      vertex -2.732161e-02 9.803780e-03 2.415405e-02
      vertex -2.678171e-02 9.599981e-03 2.406882e-02
      vertex -2.732191e-02 9.803795e-03 2.265619e-02
    endloop
  endfacet
  facet normal 3.537545e-01 9.353383e-01 -3.270124e-04
    outer loop
      vertex -2.684201e-02 9.622083e-03 2.205445e-02
      vertex -2.732191e-02 9.803795e-03 2.265619e-02
      vertex -2.678171e-02 9.599981e-03 2.406882e-02
    endloop
  endfacet
  facet normal 3.505871e-01 9.365301e-01 -3.550828e-04
    outer loop
      vertex -2.656553e-02 9.520649e-03 2.653865e-02
      vertex -2.732098e-02 9.803745e-03 2.731997e-02
      vertex -2.642243e-02 9.467733e-03 2.826666e-02
    endloop
  endfacet
  facet normal 3.516552e-01 9.361276e-01 1.940985e-03
    outer loop
      vertex -2.642243e-02 9.467733e-03 2.826666e-02
      vertex -2.732066e-02 9.803727e-03 2.895399e-02
      vertex -2.674145e-02 9.584641e-03 2.968011e-02
    endloop
  endfacet
  facet normal 2.182343e-01 9.758964e-01 1.306905e-04
    outer loop
      vertex -1.881008e-02 7.271228e-03 3.489522e-02
      vertex -1.978676e-02 7.489855e-03 3.327901e-02
      vertex -1.971769e-02 7.474148e-03 3.522901e-02
    endloop
  endfacet
  facet normal 2.171798e-01 9.761316e-01 -7.967760e-05
    outer loop
      vertex -1.897908e-02 7.309891e-03 3.616408e-02
      vertex -1.971769e-02 7.474148e-03 3.522901e-02
      vertex -1.981106e-02 7.495010e-03 3.631404e-02
    endloop
  endfacet
  facet normal 6.126865e-03 9.999810e-01 -7.340146e-04
    outer loop
      vertex -7.398258e-03 5.997875e-03 2.542015e-02
      vertex -7.486721e-03 5.999896e-03 2.743417e-02
      vertex -6.767706e-03 5.994576e-03 2.618935e-02
    endloop
  endfacet
  facet normal 1.252570e-02 9.999215e-01 1.776361e-04
    outer loop
      vertex -7.243015e-03 5.998648e-03 3.079247e-02
      vertex -8.094894e-03 6.009223e-03 3.133510e-02
      vertex -7.896700e-03 6.006554e-03 3.238292e-02
    endloop
  endfacet
  facet normal -1.069107e-02 9.999425e-01 7.837806e-04
    outer loop
      vertex -6.683972e-03 5.995087e-03 2.939439e-02
      vertex -6.337538e-03 5.997704e-03 3.078067e-02
      vertex -5.615025e-03 6.006352e-03 2.960247e-02
    endloop
  endfacet
  facet normal -1.432552e-02 9.998939e-01 -2.634733e-03
    outer loop
      vertex -5.356831e-03 6.012173e-03 3.582596e-02
      vertex -5.972401e-03 6.000370e-03 3.469339e-02
      vertex -6.589156e-03 5.995034e-03 3.602184e-02
    endloop
  endfacet
  facet normal -4.902577e-03 9.999857e-01 2.140886e-03
    outer loop
      vertex -7.014077e-03 5.996004e-03 2.267690e-02
      vertex -6.352154e-03 5.996664e-03 2.388465e-02
      vertex -5.913899e-03 6.001971e-03 2.240931e-02
    endloop
  endfacet
  facet normal -4.900902e-03 9.999878e-01 5.940201e-04
    outer loop
      vertex -7.116887e-03 5.996130e-03 2.161675e-02
      vertex -7.014077e-03 5.996004e-03 2.267690e-02
      vertex -5.987258e-03 6.001836e-03 2.133130e-02
    endloop
  endfacet
  facet normal -1.925601e-02 9.998146e-01 2.550554e-04
    outer loop
      vertex -5.229911e-03 6.016146e-03 2.681581e-02
      vertex -6.153439e-03 5.998668e-03 2.560544e-02
      vertex -6.104004e-03 5.999257e-03 2.702913e-02
    endloop
  endfacet
  facet normal -3.238366e-02 9.994755e-01 -2.915978e-04
    outer loop
      vertex -5.042920e-03 6.020088e-03 3.274187e-02
      vertex -5.200476e-03 6.015469e-03 3.440541e-02
      vertex -4.445961e-03 6.039746e-03 3.382422e-02
    endloop
  endfacet
  facet normal -3.264121e-02 9.994669e-01 -6.263091e-04
    outer loop
      vertex -4.445961e-03 6.039746e-03 3.382422e-02
      vertex -5.200476e-03 6.015469e-03 3.440541e-02
      vertex -4.221711e-03 6.048147e-03 3.554321e-02
    endloop
  endfacet
  facet normal -3.197425e-02 9.994880e-01 -1.200644e-03
    outer loop
      vertex -5.200476e-03 6.015469e-03 3.440541e-02
      vertex -5.356831e-03 6.012173e-03 3.582596e-02
      vertex -4.221711e-03 6.048147e-03 3.554321e-02
    endloop
  endfacet
  facet normal -4.541817e-02 9.989675e-01 1.042946e-03
    outer loop
      vertex -4.221711e-03 6.048147e-03 3.554321e-02
      vertex -3.644865e-03 6.075393e-03 3.456655e-02
      vertex -4.445961e-03 6.039746e-03 3.382422e-02
    endloop
  endfacet
  facet normal -2.514340e-02 9.996832e-01 1.116126e-03
    outer loop
      vertex -5.913899e-03 6.001971e-03 2.240931e-02
      vertex -5.548414e-03 6.008925e-03 2.441407e-02
      vertex -4.922785e-03 6.026027e-03 2.319027e-02
    endloop
  endfacet
  facet normal -7.703567e-02 9.970207e-01 3.891318e-03
    outer loop
      vertex -2.216769e-03 6.162182e-03 3.546159e-02
      vertex -1.384522e-03 6.231556e-03 3.416262e-02
      vertex -2.651627e-03 6.133440e-03 3.421705e-02
    endloop
  endfacet
  facet normal -7.837169e-02 9.969228e-01 1.680456e-03
    outer loop
      vertex -2.216769e-03 6.162182e-03 3.546159e-02
      vertex -1.898091e-03 6.183830e-03 3.748126e-02
      vertex -1.481690e-03 6.218475e-03 3.634803e-02
    endloop
  endfacet
  facet normal -5.542110e-02 9.984596e-01 -2.640596e-03
    outer loop
      vertex -2.978929e-03 6.122251e-03 2.167002e-02
      vertex -3.395181e-03 6.097190e-03 2.093027e-02
      vertex -4.220187e-03 6.053287e-03 2.164507e-02
    endloop
  endfacet
  facet normal -6.036571e-02 9.981756e-01 1.238601e-03
    outer loop
      vertex -3.720383e-03 6.077438e-03 2.322159e-02
      vertex -3.076611e-03 6.114307e-03 2.488471e-02
      vertex -2.924906e-03 6.125881e-03 2.295115e-02
    endloop
  endfacet
  facet normal -4.267213e-02 9.990875e-01 -1.777061e-03
    outer loop
      vertex -3.720383e-03 6.077438e-03 2.322159e-02
      vertex -4.220187e-03 6.053287e-03 2.164507e-02
      vertex -4.922785e-03 6.026027e-03 2.319027e-02
    endloop
  endfacet
  facet normal -8.837911e-02 9.960858e-01 1.505795e-03
    outer loop
      vertex -1.481690e-03 6.218475e-03 3.634803e-02
      vertex -7.336649e-04 6.283536e-03 3.721357e-02
      vertex -1.047365e-03 6.258260e-03 3.552189e-02
    endloop
  endfacet
  facet normal -8.192177e-02 9.966385e-01 7.403911e-04
    outer loop
      vertex -1.047365e-03 6.258260e-03 3.552189e-02
      vertex -1.384522e-03 6.231556e-03 3.416262e-02
      vertex -2.216769e-03 6.162182e-03 3.546159e-02
    endloop
  endfacet
  facet normal -8.212961e-02 9.966100e-01 4.816598e-03
    outer loop
      vertex -2.216769e-03 6.162182e-03 3.546159e-02
      vertex -1.481690e-03 6.218475e-03 3.634803e-02
      vertex -1.047365e-03 6.258260e-03 3.552189e-02
    endloop
  endfacet
  facet normal -9.678187e-02 9.952957e-01 4.452711e-03
    outer loop
      vertex -1.384522e-03 6.231556e-03 3.416262e-02
      vertex -1.047365e-03 6.258260e-03 3.552189e-02
      vertex -2.634461e-04 6.335519e-03 3.529137e-02
    endloop
  endfacet
  facet normal -9.861927e-02 9.951194e-01 3.419148e-03
    outer loop
      vertex -1.471479e-04 6.343889e-03 3.656535e-02
      vertex -1.047365e-03 6.258260e-03 3.552189e-02
      vertex -7.336649e-04 6.283536e-03 3.721357e-02
    endloop
  endfacet
  facet normal -8.538925e-02 9.963469e-01 1.255756e-03
    outer loop
      vertex -2.337825e-03 6.169571e-03 2.123513e-02
      vertex -2.197344e-03 6.178509e-03 2.369610e-02
      vertex -1.523927e-03 6.237794e-03 2.244907e-02
    endloop
  endfacet
  facet normal -7.243761e-02 9.973729e-01 2.866498e-04
    outer loop
      vertex -2.197344e-03 6.178509e-03 2.369610e-02
      vertex -2.924906e-03 6.125881e-03 2.295115e-02
      vertex -3.076611e-03 6.114307e-03 2.488471e-02
    endloop
  endfacet
  facet normal -1.121642e-01 9.936895e-01 5.856283e-04
    outer loop
      vertex 7.714990e-04 6.457399e-03 3.387778e-02
      vertex 2.591527e-04 6.400147e-03 3.289462e-02
      vertex -4.252620e-04 6.322220e-03 3.403622e-02
    endloop
  endfacet
  facet normal -1.214962e-01 9.925827e-01 4.280560e-03
    outer loop
      vertex 6.887951e-04 6.435983e-03 3.690679e-02
      vertex 1.311601e-03 6.513529e-03 3.660265e-02
      vertex 1.220122e-03 6.507452e-03 3.541539e-02
    endloop
  endfacet
  facet normal -1.089929e-01 9.940363e-01 3.519200e-03
    outer loop
      vertex 4.503900e-04 6.413968e-03 3.524084e-02
      vertex -4.252620e-04 6.322220e-03 3.403622e-02
      vertex -2.634461e-04 6.335519e-03 3.529137e-02
    endloop
  endfacet
  facet normal -1.339585e-01 9.909730e-01 5.249029e-03
    outer loop
      vertex 1.220122e-03 6.507452e-03 3.541539e-02
      vertex 1.311601e-03 6.513529e-03 3.660265e-02
      vertex 2.145595e-03 6.626185e-03 3.661815e-02
    endloop
  endfacet
  facet normal -1.212483e-01 9.926175e-01 3.064597e-03
    outer loop
      vertex 7.714990e-04 6.457399e-03 3.387778e-02
      vertex 4.503900e-04 6.413968e-03 3.524084e-02
      vertex 1.220122e-03 6.507452e-03 3.541539e-02
    endloop
  endfacet
  facet normal -9.778564e-02 9.952059e-01 1.783475e-03
    outer loop
      vertex -7.483535e-04 6.314190e-03 2.234264e-02
      vertex -7.350798e-04 6.317488e-03 2.122994e-02
      vertex -1.523927e-03 6.237794e-03 2.244907e-02
    endloop
  endfacet
  facet normal -1.244737e-01 9.922228e-01 5.467748e-04
    outer loop
      vertex 7.665632e-04 6.479647e-03 2.758260e-02
      vertex 2.895919e-05 6.386441e-03 2.880565e-02
      vertex 1.192992e-03 6.532546e-03 2.866482e-02
    endloop
  endfacet
  facet normal -1.556267e-01 9.877955e-01 6.358155e-03
    outer loop
      vertex 2.454153e-03 6.694787e-03 3.228082e-02
      vertex 2.604712e-03 6.710076e-03 3.359070e-02
      vertex 3.199530e-03 6.810759e-03 3.250785e-02
    endloop
  endfacet
  facet normal -1.555553e-01 9.878082e-01 6.117040e-03
    outer loop
      vertex 3.199530e-03 6.810759e-03 3.250785e-02
      vertex 3.153857e-03 6.811499e-03 3.122697e-02
      vertex 2.454153e-03 6.694787e-03 3.228082e-02
    endloop
  endfacet
  facet normal -1.560066e-01 9.877389e-01 5.809727e-03
    outer loop
      vertex 2.383860e-03 6.694093e-03 3.051124e-02
      vertex 2.454153e-03 6.694787e-03 3.228082e-02
      vertex 3.153857e-03 6.811499e-03 3.122697e-02
    endloop
  endfacet
  facet normal -1.453452e-01 9.893699e-01 4.683863e-03
    outer loop
      vertex 2.949328e-03 6.743028e-03 3.687822e-02
      vertex 2.367911e-03 6.665307e-03 3.525312e-02
      vertex 2.145595e-03 6.626185e-03 3.661815e-02
    endloop
  endfacet
  facet normal -1.357859e-01 9.907326e-01 3.322020e-03
    outer loop
      vertex 2.367911e-03 6.665307e-03 3.525312e-02
      vertex 1.623964e-03 6.568973e-03 3.357468e-02
      vertex 1.220122e-03 6.507452e-03 3.541539e-02
    endloop
  endfacet
  facet normal -1.587674e-01 9.872782e-01 8.637884e-03
    outer loop
      vertex 2.604712e-03 6.710076e-03 3.359070e-02
      vertex 3.100232e-03 6.779030e-03 3.481733e-02
      vertex 3.628309e-03 6.874022e-03 3.366628e-02
    endloop
  endfacet
  facet normal -1.504302e-01 9.886070e-01 5.195231e-03
    outer loop
      vertex 2.604712e-03 6.710076e-03 3.359070e-02
      vertex 2.367911e-03 6.665307e-03 3.525312e-02
      vertex 3.100232e-03 6.779030e-03 3.481733e-02
    endloop
  endfacet
  facet normal -1.546735e-01 9.879325e-01 8.090037e-03
    outer loop
      vertex 3.522843e-03 6.836175e-03 3.646832e-02
      vertex 2.367911e-03 6.665307e-03 3.525312e-02
      vertex 2.949328e-03 6.743028e-03 3.687822e-02
    endloop
  endfacet
  facet normal -1.111942e-01 9.937974e-01 1.619346e-03
    outer loop
      vertex 1.004799e-05 6.399473e-03 2.208054e-02
      vertex -7.350798e-04 6.317488e-03 2.122994e-02
      vertex -7.483535e-04 6.314190e-03 2.234264e-02
    endloop
  endfacet
  facet normal -1.216838e-01 9.925688e-01 4.915190e-04
    outer loop
      vertex 9.205264e-04 6.508753e-03 2.497197e-02
      vertex -1.755305e-04 6.374912e-03 2.390196e-02
      vertex -3.545904e-04 6.352260e-03 2.531621e-02
    endloop
  endfacet
  facet normal -1.818160e-01 9.832952e-01 8.575050e-03
    outer loop
      vertex 3.977486e-03 6.954735e-03 3.084961e-02
      vertex 4.312957e-03 7.004769e-03 3.222525e-02
      vertex 4.777619e-03 7.101662e-03 3.096682e-02
    endloop
  endfacet
  facet normal -1.689535e-01 9.856095e-01 5.354177e-03
    outer loop
      vertex 4.312957e-03 7.004769e-03 3.222525e-02
      vertex 3.977486e-03 6.954735e-03 3.084961e-02
      vertex 3.153857e-03 6.811499e-03 3.122697e-02
    endloop
  endfacet
  facet normal -1.855744e-01 9.825944e-01 8.385674e-03
    outer loop
      vertex 4.662848e-03 7.059772e-03 3.326938e-02
      vertex 4.625228e-03 7.041547e-03 3.457233e-02
      vertex 5.394979e-03 7.187071e-03 3.455499e-02
    endloop
  endfacet
  facet normal -1.855370e-01 9.825866e-01 9.978342e-03
    outer loop
      vertex 4.625228e-03 7.041547e-03 3.457233e-02
      vertex 5.231400e-03 7.141024e-03 3.604776e-02
      vertex 5.394979e-03 7.187071e-03 3.455499e-02
    endloop
  endfacet
  facet normal -1.493888e-01 9.887666e-01 4.865678e-03
    outer loop
      vertex 1.322924e-03 6.572834e-03 2.138373e-02
      vertex 1.891603e-03 6.653916e-03 2.236678e-02
      vertex 2.442995e-03 6.744587e-03 2.087040e-02
    endloop
  endfacet
  facet normal -1.433773e-01 9.896608e-01 3.793563e-03
    outer loop
      vertex 1.023836e-03 6.528482e-03 2.229267e-02
      vertex 1.560393e-03 6.600660e-03 2.374223e-02
      vertex 1.891603e-03 6.653916e-03 2.236678e-02
    endloop
  endfacet
  facet normal -1.511215e-01 9.885134e-01 1.884329e-03
    outer loop
      vertex 2.352561e-03 6.722552e-03 2.332890e-02
      vertex 1.891603e-03 6.653916e-03 2.236678e-02
      vertex 1.560393e-03 6.600660e-03 2.374223e-02
    endloop
  endfacet
  facet normal -1.565212e-01 9.876578e-01 5.756576e-03
    outer loop
      vertex 3.110490e-03 6.822549e-03 2.828003e-02
      vertex 2.107914e-03 6.668406e-03 2.746644e-02
      vertex 2.177086e-03 6.671673e-03 2.878666e-02
    endloop
  endfacet
  facet normal -1.995117e-01 9.798491e-01 9.531218e-03
    outer loop
      vertex 6.085775e-03 7.342140e-03 3.313889e-02
      vertex 5.980549e-03 7.334953e-03 3.167508e-02
      vertex 5.370981e-03 7.201325e-03 3.265279e-02
    endloop
  endfacet
  facet normal -1.967862e-01 9.803813e-01 1.130321e-02
    outer loop
      vertex 5.980549e-03 7.334953e-03 3.167508e-02
      vertex 4.777619e-03 7.101662e-03 3.096682e-02
      vertex 5.370981e-03 7.201325e-03 3.265279e-02
    endloop
  endfacet
  facet normal -1.962535e-01 9.805141e-01 8.751088e-03
    outer loop
      vertex 5.550242e-03 7.272214e-03 2.900810e-02
      vertex 5.192512e-03 7.210179e-03 2.793623e-02
      vertex 4.767705e-03 7.111617e-03 2.945284e-02
    endloop
  endfacet
  facet normal -1.997273e-01 9.798019e-01 9.861940e-03
    outer loop
      vertex 5.370981e-03 7.201325e-03 3.265279e-02
      vertex 5.394979e-03 7.187071e-03 3.455499e-02
      vertex 6.085775e-03 7.342140e-03 3.313889e-02
    endloop
  endfacet
  facet normal -1.973957e-01 9.802632e-01 1.090578e-02
    outer loop
      vertex 5.394979e-03 7.187071e-03 3.455499e-02
      vertex 6.100988e-03 7.316041e-03 3.574145e-02
      vertex 6.193297e-03 7.348455e-03 3.449870e-02
    endloop
  endfacet
  facet normal -1.878570e-01 9.821482e-01 9.729765e-03
    outer loop
      vertex 4.662848e-03 7.059772e-03 3.326938e-02
      vertex 5.394979e-03 7.187071e-03 3.455499e-02
      vertex 5.370981e-03 7.201325e-03 3.265279e-02
    endloop
  endfacet
  facet normal -1.942615e-01 9.809088e-01 8.970554e-03
    outer loop
      vertex 6.100988e-03 7.316041e-03 3.574145e-02
      vertex 5.394979e-03 7.187071e-03 3.455499e-02
      vertex 5.231400e-03 7.141024e-03 3.604776e-02
    endloop
  endfacet
  facet normal -1.613511e-01 9.868970e-01 3.444613e-04
    outer loop
      vertex 3.008677e-03 6.836762e-03 2.175942e-02
      vertex 2.442995e-03 6.744587e-03 2.087040e-02
      vertex 1.891603e-03 6.653916e-03 2.236678e-02
    endloop
  endfacet
  facet normal -1.814152e-01 9.833761e-01 7.740631e-03
    outer loop
      vertex 4.552132e-03 7.084659e-03 2.772241e-02
      vertex 3.697717e-03 6.930536e-03 2.727760e-02
      vertex 3.828642e-03 6.944208e-03 2.860917e-02
    endloop
  endfacet
  facet normal -2.047717e-01 9.787399e-01 1.169670e-02
    outer loop
      vertex 5.550242e-03 7.272214e-03 2.900810e-02
      vertex 5.977895e-03 7.374750e-03 2.791505e-02
      vertex 5.192512e-03 7.210179e-03 2.793623e-02
    endloop
  endfacet
  facet normal -2.137096e-01 9.768741e-01 6.726820e-03
    outer loop
      vertex 7.425463e-03 7.633177e-03 3.343576e-02
      vertex 6.822753e-03 7.507396e-03 3.255383e-02
      vertex 6.085775e-03 7.342140e-03 3.313889e-02
    endloop
  endfacet
  facet normal -1.959934e-01 9.805996e-01 3.319044e-03
    outer loop
      vertex 4.180769e-03 7.057528e-03 1.975072e-02
      vertex 4.313505e-03 7.077937e-03 2.155898e-02
      vertex 4.881363e-03 7.193161e-03 2.104936e-02
    endloop
  endfacet
  facet normal -1.964628e-01 9.805047e-01 3.582192e-03
    outer loop
      vertex 4.180769e-03 7.057528e-03 1.975072e-02
      vertex 4.881363e-03 7.193161e-03 2.104936e-02
      vertex 4.836636e-03 7.189026e-03 1.972802e-02
    endloop
  endfacet
  facet normal -2.108554e-01 9.774822e-01 8.278468e-03
    outer loop
      vertex 5.158988e-03 7.233773e-03 2.386520e-02
      vertex 5.784813e-03 7.357758e-03 2.516559e-02
      vertex 5.891870e-03 7.390261e-03 2.405459e-02
    endloop
  endfacet
  facet normal -2.573022e-01 9.662112e-01 1.521759e-02
    outer loop
      vertex 9.947918e-03 8.284410e-03 3.242017e-02
      vertex 9.086570e-03 8.077677e-03 3.098247e-02
      vertex 8.934261e-03 8.009377e-03 3.274379e-02
    endloop
  endfacet
  facet normal -2.313821e-01 9.727858e-01 1.225093e-02
    outer loop
      vertex 7.159948e-03 7.634162e-03 2.858834e-02
      vertex 7.665111e-03 7.772022e-03 2.718252e-02
      vertex 6.698795e-03 7.542184e-03 2.718211e-02
    endloop
  endfacet
  facet normal -2.218303e-01 9.750752e-01 4.426079e-03
    outer loop
      vertex 5.607800e-03 7.355547e-03 1.918711e-02
      vertex 5.751098e-03 7.380904e-03 2.078278e-02
      vertex 6.296535e-03 7.511386e-03 1.937408e-02
    endloop
  endfacet
  facet normal -2.098171e-01 9.777323e-01 4.042914e-03
    outer loop
      vertex 5.751098e-03 7.380904e-03 2.078278e-02
      vertex 4.836636e-03 7.189026e-03 1.972802e-02
      vertex 4.881363e-03 7.193161e-03 2.104936e-02
    endloop
  endfacet
  facet normal -2.089098e-01 9.779296e-01 3.220408e-03
    outer loop
      vertex 5.751098e-03 7.380904e-03 2.078278e-02
      vertex 5.607800e-03 7.355547e-03 1.918711e-02
      vertex 4.836636e-03 7.189026e-03 1.972802e-02
    endloop
  endfacet
  facet normal -2.435688e-01 9.698114e-01 1.183592e-02
    outer loop
      vertex 8.347025e-03 7.943408e-03 2.717244e-02
      vertex 7.934761e-03 7.853827e-03 2.602863e-02
      vertex 7.665111e-03 7.772022e-03 2.718252e-02
    endloop
  endfacet
  facet normal -2.787634e-01 9.601959e-01 1.774079e-02
    outer loop
      vertex 1.118354e-02 8.681583e-03 3.003321e-02
      vertex 1.051586e-02 8.482388e-03 3.032291e-02
      vertex 1.144937e-02 8.730924e-03 3.153971e-02
    endloop
  endfacet
  facet normal -2.784571e-01 9.602705e-01 1.849797e-02
    outer loop
      vertex 1.022434e-02 8.433395e-03 2.847795e-02
      vertex 1.051586e-02 8.482388e-03 3.032291e-02
      vertex 1.118354e-02 8.681583e-03 3.003321e-02
    endloop
  endfacet
  facet normal -2.798653e-01 9.598580e-01 1.865516e-02
    outer loop
      vertex 1.144937e-02 8.730924e-03 3.153971e-02
      vertex 1.051586e-02 8.482388e-03 3.032291e-02
      vertex 1.050562e-02 8.448104e-03 3.193343e-02
    endloop
  endfacet
  facet normal -2.688167e-01 9.630548e-01 1.621771e-02
    outer loop
      vertex 9.034838e-03 8.132061e-03 2.663678e-02
      vertex 9.467245e-03 8.230068e-03 2.798419e-02
      vertex 9.816346e-03 8.351751e-03 2.654482e-02
    endloop
  endfacet
  facet normal -2.244023e-01 9.744907e-01 3.376054e-03
    outer loop
      vertex 6.691135e-03 7.598298e-03 2.051567e-02
      vertex 6.296535e-03 7.511386e-03 1.937408e-02
      vertex 5.751098e-03 7.380904e-03 2.078278e-02
    endloop
  endfacet
  facet normal -2.344001e-01 9.721131e-01 7.258161e-03
    outer loop
      vertex 6.559383e-03 7.558292e-03 2.190924e-02
      vertex 6.607597e-03 7.558730e-03 2.340774e-02
      vertex 7.315296e-03 7.737511e-03 2.231784e-02
    endloop
  endfacet
  facet normal -2.467017e-01 9.690406e-01 9.926280e-03
    outer loop
      vertex 7.315296e-03 7.737511e-03 2.231784e-02
      vertex 8.079721e-03 7.927625e-03 2.275671e-02
      vertex 8.093317e-03 7.943302e-03 2.156416e-02
    endloop
  endfacet
  facet normal -2.602566e-01 9.655063e-01 8.001059e-03
    outer loop
      vertex 8.669599e-03 8.119991e-03 1.879308e-02
      vertex 7.860028e-03 7.901883e-03 1.877918e-02
      vertex 8.264790e-03 8.002290e-03 1.982886e-02
    endloop
  endfacet
  facet normal -2.740879e-01 9.616713e-01 8.009273e-03
    outer loop
      vertex 8.857675e-03 8.153666e-03 2.111971e-02
      vertex 9.840678e-03 8.431797e-03 2.136422e-02
      vertex 9.208115e-03 8.265032e-03 1.974051e-02
    endloop
  endfacet
  facet normal -2.462771e-01 9.691739e-01 7.039993e-03
    outer loop
      vertex 6.742719e-03 7.620491e-03 1.843118e-02
      vertex 7.483681e-03 7.794396e-03 2.041094e-02
      vertex 7.860028e-03 7.901883e-03 1.877918e-02
    endloop
  endfacet
  facet normal -2.535455e-01 9.673093e-01 5.240784e-03
    outer loop
      vertex 7.860028e-03 7.901883e-03 1.877918e-02
      vertex 7.483681e-03 7.794396e-03 2.041094e-02
      vertex 8.264790e-03 8.002290e-03 1.982886e-02
    endloop
  endfacet
  facet normal -2.594596e-01 9.656929e-01 1.085959e-02
    outer loop
      vertex 8.093317e-03 7.943302e-03 2.156416e-02
      vertex 8.747093e-03 8.110271e-03 2.233659e-02
      vertex 8.857675e-03 8.153666e-03 2.111971e-02
    endloop
  endfacet
  facet normal -2.810828e-01 9.595466e-01 1.620975e-02
    outer loop
      vertex 1.082415e-02 8.651360e-03 2.628496e-02
      vertex 9.489286e-03 8.278324e-03 2.522006e-02
      vertex 9.816346e-03 8.351751e-03 2.654482e-02
    endloop
  endfacet
  facet normal -3.244635e-01 9.454886e-01 2.783415e-02
    outer loop
      vertex 1.278857e-02 9.239893e-03 2.778691e-02
      vertex 1.357931e-02 9.496773e-03 2.827880e-02
      vertex 1.409690e-02 9.692253e-03 2.767212e-02
    endloop
  endfacet
  facet normal -2.936129e-01 9.557518e-01 1.816748e-02
    outer loop
      vertex 1.174755e-02 8.926977e-03 2.670887e-02
      vertex 1.155211e-02 8.896886e-03 2.513334e-02
      vertex 1.082415e-02 8.651360e-03 2.628496e-02
    endloop
  endfacet
  facet normal -3.042217e-01 9.522637e-01 2.535879e-02
    outer loop
      vertex 1.177747e-02 8.907385e-03 2.814328e-02
      vertex 1.241273e-02 9.102859e-03 2.842398e-02
      vertex 1.278857e-02 9.239893e-03 2.778691e-02
    endloop
  endfacet
  facet normal -2.855387e-01 9.583448e-01 6.547556e-03
    outer loop
      vertex 9.297305e-03 8.301251e-03 1.832876e-02
      vertex 9.208115e-03 8.265032e-03 1.974051e-02
      vertex 9.979742e-03 8.501364e-03 1.880000e-02
    endloop
  endfacet
  facet normal -2.833659e-01 9.589743e-01 8.488366e-03
    outer loop
      vertex 9.208115e-03 8.265032e-03 1.974051e-02
      vertex 1.037482e-02 8.604808e-03 2.030212e-02
      vertex 9.979742e-03 8.501364e-03 1.880000e-02
    endloop
  endfacet
  facet normal -2.944648e-01 9.555007e-01 1.757544e-02
    outer loop
      vertex 1.155211e-02 8.896886e-03 2.513334e-02
      vertex 1.059575e-02 8.602117e-03 2.513541e-02
      vertex 1.082415e-02 8.651360e-03 2.628496e-02
    endloop
  endfacet
  facet normal -3.207352e-01 9.469026e-01 2.245957e-02
    outer loop
      vertex 1.238197e-02 9.163529e-03 2.525627e-02
      vertex 1.266042e-02 9.229637e-03 2.644553e-02
      vertex 1.333490e-02 9.477322e-03 2.563509e-02
    endloop
  endfacet
  facet normal -3.196790e-01 9.473262e-01 1.945180e-02
    outer loop
      vertex 1.333490e-02 9.477322e-03 2.563509e-02
      vertex 1.238060e-02 9.194951e-03 2.370354e-02
      vertex 1.238197e-02 9.163529e-03 2.525627e-02
    endloop
  endfacet
  facet normal -3.012901e-01 9.534542e-01 1.222121e-02
    outer loop
      vertex 1.037482e-02 8.604808e-03 2.030212e-02
      vertex 1.152018e-02 8.952862e-03 2.138482e-02
      vertex 1.134240e-02 8.911625e-03 2.021921e-02
    endloop
  endfacet
  facet normal -3.329144e-01 9.426958e-01 2.219718e-02
    outer loop
      vertex 1.406844e-02 9.741507e-03 2.541704e-02
      vertex 1.314040e-02 9.452043e-03 2.379144e-02
      vertex 1.333490e-02 9.477322e-03 2.563509e-02
    endloop
  endfacet
  facet normal -3.136903e-01 9.494166e-01 1.437192e-02
    outer loop
      vertex 1.134240e-02 8.911625e-03 2.021921e-02
      vertex 1.223624e-02 9.195124e-03 2.100059e-02
      vertex 1.214062e-02 9.184618e-03 1.960752e-02
    endloop
  endfacet
  facet normal -3.206614e-01 9.471607e-01 7.933142e-03
    outer loop
      vertex 1.236249e-02 9.278711e-03 1.807886e-02
      vertex 1.209657e-02 9.202965e-03 1.637401e-02
      vertex 1.141422e-02 8.966282e-03 1.705104e-02
    endloop
  endfacet
  facet normal -3.357034e-01 9.418719e-01 1.343405e-02
    outer loop
      vertex 1.330480e-02 9.616451e-03 1.794713e-02
      vertex 1.236249e-02 9.278711e-03 1.807886e-02
      vertex 1.307720e-02 9.518543e-03 1.912385e-02
    endloop
  endfacet
  facet normal -3.256213e-01 9.453777e-01 1.522133e-02
    outer loop
      vertex 1.214062e-02 9.184618e-03 1.960752e-02
      vertex 1.223624e-02 9.195124e-03 2.100059e-02
      vertex 1.282111e-02 9.403072e-03 2.059706e-02
    endloop
  endfacet
  facet normal -3.455826e-01 9.380835e-01 2.391682e-02
    outer loop
      vertex 1.471971e-02 1.000109e-02 2.464589e-02
      vertex 1.388365e-02 9.722483e-03 2.349301e-02
      vertex 1.406844e-02 9.741507e-03 2.541704e-02
    endloop
  endfacet
  facet normal -3.570321e-01 9.337394e-01 2.566670e-02
    outer loop
      vertex 1.547453e-02 1.032096e-02 2.350914e-02
      vertex 1.439014e-02 9.915754e-03 2.316588e-02
      vertex 1.471971e-02 1.000109e-02 2.464589e-02
    endloop
  endfacet
  facet normal -3.461413e-01 9.379748e-01 1.973456e-02
    outer loop
      vertex 1.365018e-02 9.703913e-03 2.036330e-02
      vertex 1.411724e-02 9.893545e-03 1.954229e-02
      vertex 1.307720e-02 9.518543e-03 1.912385e-02
    endloop
  endfacet
  facet normal -3.721615e-01 9.278803e-01 2.310621e-02
    outer loop
      vertex 1.643970e-02 1.072639e-02 2.277370e-02
      vertex 1.588062e-02 1.051151e-02 2.239790e-02
      vertex 1.547453e-02 1.032096e-02 2.350914e-02
    endloop
  endfacet
  facet normal -3.641161e-01 9.312577e-01 1.336263e-02
    outer loop
      vertex 1.489672e-02 1.023995e-02 1.678159e-02
      vertex 1.398598e-02 9.894711e-03 1.602492e-02
      vertex 1.432334e-02 1.000100e-02 1.781035e-02
    endloop
  endfacet
  facet normal -3.738032e-01 9.274256e-01 1.236688e-02
    outer loop
      vertex 1.489672e-02 1.023995e-02 1.678159e-02
      vertex 1.570654e-02 1.055412e-02 1.769848e-02
      vertex 1.517257e-02 1.036037e-02 1.608892e-02
    endloop
  endfacet
  facet normal -3.700106e-01 9.289655e-01 1.073627e-02
    outer loop
      vertex 1.411283e-02 9.951284e-03 1.496248e-02
      vertex 1.517257e-02 1.036037e-02 1.608892e-02
      vertex 1.492838e-02 1.027470e-02 1.508579e-02
    endloop
  endfacet
  facet normal -3.476178e-01 9.376316e-01 2.977753e-03
    outer loop
      vertex 1.282459e-02 9.472720e-03 1.359375e-02
      vertex 1.322337e-02 9.615694e-03 1.512672e-02
      vertex 1.349158e-02 9.721305e-03 1.318307e-02
    endloop
  endfacet
  facet normal -3.207656e-01 9.471555e-01 -2.422278e-03
    outer loop
      vertex 1.076554e-02 8.763877e-03 1.474706e-02
      vertex 1.230998e-02 9.287580e-03 1.500524e-02
      vertex 1.214783e-02 9.230073e-03 1.399145e-02
    endloop
  endfacet
  facet normal -3.047220e-01 9.524135e-01 -7.276822e-03
    outer loop
      vertex 1.139212e-02 8.968676e-03 1.531332e-02
      vertex 1.076554e-02 8.763877e-03 1.474706e-02
      vertex 1.006029e-02 8.540967e-03 1.510454e-02
    endloop
  endfacet
  facet normal -3.065004e-01 9.518563e-01 5.209114e-03
    outer loop
      vertex 1.006029e-02 8.540967e-03 1.510454e-02
      vertex 1.141422e-02 8.966282e-03 1.705104e-02
      vertex 1.139212e-02 8.968676e-03 1.531332e-02
    endloop
  endfacet
  facet normal -2.600505e-01 9.655949e-01 4.562320e-04
    outer loop
      vertex 7.611839e-03 7.844790e-03 1.620588e-02
      vertex 8.496534e-03 8.082729e-03 1.688948e-02
      vertex 8.622293e-03 8.117124e-03 1.577775e-02
    endloop
  endfacet
  facet normal -2.651103e-01 9.642175e-01 1.104575e-03
    outer loop
      vertex 8.954191e-03 8.208282e-03 1.713304e-02
      vertex 8.496534e-03 8.082729e-03 1.688948e-02
      vertex 9.297305e-03 8.301251e-03 1.832876e-02
    endloop
  endfacet
  facet normal -2.379559e-01 9.712535e-01 6.608745e-03
    outer loop
      vertex 7.213063e-03 7.739036e-03 1.738950e-02
      vertex 7.611839e-03 7.844790e-03 1.620588e-02
      vertex 6.208996e-03 7.497407e-03 1.674782e-02
    endloop
  endfacet
  facet normal -2.245466e-01 9.744634e-01 7.593147e-05
    outer loop
      vertex 5.612793e-03 7.359930e-03 1.794507e-02
      vertex 6.208996e-03 7.497407e-03 1.674782e-02
      vertex 5.640155e-03 7.366313e-03 1.695123e-02
    endloop
  endfacet
  facet normal -2.110019e-01 9.774855e-01 4.682432e-04
    outer loop
      vertex 5.640155e-03 7.366313e-03 1.695123e-02
      vertex 5.065028e-03 7.242073e-03 1.714329e-02
      vertex 5.612793e-03 7.359930e-03 1.794507e-02
    endloop
  endfacet
  facet normal -2.107741e-01 9.775347e-01 3.054139e-04
    outer loop
      vertex 5.612793e-03 7.359930e-03 1.794507e-02
      vertex 5.065028e-03 7.242073e-03 1.714329e-02
      vertex 4.875105e-03 7.200773e-03 1.826012e-02
    endloop
  endfacet
  facet normal -2.003177e-01 9.797286e-01 2.164710e-03
    outer loop
      vertex 4.170249e-03 7.058498e-03 1.742642e-02
      vertex 4.875105e-03 7.200773e-03 1.826012e-02
      vertex 5.065028e-03 7.242073e-03 1.714329e-02
    endloop
  endfacet
  facet normal -1.629217e-01 9.866377e-01 1.608545e-03
    outer loop
      vertex 2.929177e-03 6.830837e-03 1.777599e-02
      vertex 2.035714e-03 6.682932e-03 1.800227e-02
      vertex 2.688284e-03 6.788650e-03 1.925395e-02
    endloop
  endfacet
  facet normal -1.229764e-01 9.924095e-01 4.328073e-04
    outer loop
      vertex 5.931950e-04 6.476025e-03 1.831744e-02
      vertex -1.334298e-04 6.385924e-03 1.845416e-02
      vertex 4.939527e-04 6.463150e-03 1.964002e-02
    endloop
  endfacet
  facet normal -7.191465e-02 9.974107e-01 2.860310e-04
    outer loop
      vertex -3.021714e-03 6.120339e-03 1.973325e-02
      vertex -2.332835e-03 6.170282e-03 1.877985e-02
      vertex -3.071944e-03 6.116968e-03 1.885998e-02
    endloop
  endfacet
  facet normal -5.473709e-02 9.985006e-01 -7.062251e-04
    outer loop
      vertex -4.185965e-03 6.055963e-03 1.895142e-02
      vertex -3.021714e-03 6.120339e-03 1.973325e-02
      vertex -3.071944e-03 6.116968e-03 1.885998e-02
    endloop
  endfacet
  facet normal -1.988480e-02 9.998010e-01 -1.575028e-03
    outer loop
      vertex -6.053958e-03 5.999321e-03 1.903610e-02
      vertex -6.037800e-03 6.001177e-03 2.000987e-02
      vertex -5.304940e-03 6.014184e-03 1.901390e-02
    endloop
  endfacet
  facet normal -2.005505e-02 9.997988e-01 2.684678e-04
    outer loop
      vertex -5.184782e-03 6.018141e-03 2.055478e-02
      vertex -6.037800e-03 6.001177e-03 2.000987e-02
      vertex -5.987258e-03 6.001836e-03 2.133130e-02
    endloop
  endfacet
  facet normal -6.400590e-02 9.979495e-01 2.117499e-04
    outer loop
      vertex -3.138353e-03 6.099229e-03 3.948920e-02
      vertex -2.233215e-03 6.157313e-03 3.934623e-02
      vertex -2.335091e-03 6.150941e-03 3.858014e-02
    endloop
  endfacet
  facet normal -7.734475e-02 9.970024e-01 1.993463e-03
    outer loop
      vertex -2.335091e-03 6.150941e-03 3.858014e-02
      vertex -2.233215e-03 6.157313e-03 3.934623e-02
      vertex -1.381160e-03 6.223742e-03 3.918145e-02
    endloop
  endfacet
  facet normal -9.096982e-02 9.958536e-01 3.463514e-04
    outer loop
      vertex -4.927920e-04 6.304964e-03 3.897887e-02
      vertex -1.156880e-03 6.244683e-03 3.787840e-02
      vertex -1.381160e-03 6.223742e-03 3.918145e-02
    endloop
  endfacet
  facet normal -1.173684e-01 9.930804e-01 3.985501e-03
    outer loop
      vertex 2.867342e-04 6.389539e-03 3.775466e-02
      vertex 3.984119e-04 6.398772e-03 3.874271e-02
      vertex 1.292683e-03 6.505552e-03 3.847134e-02
    endloop
  endfacet
  facet normal -1.159650e-01 9.932531e-01 -5.825326e-04
    outer loop
      vertex 6.887951e-04 6.435983e-03 3.690679e-02
      vertex 2.867342e-04 6.389539e-03 3.775466e-02
      vertex 1.185315e-03 6.494476e-03 3.779877e-02
    endloop
  endfacet
  facet normal -1.308497e-01 9.913917e-01 4.563012e-03
    outer loop
      vertex 2.141781e-03 6.618957e-03 3.818110e-02
      vertex 1.185315e-03 6.494476e-03 3.779877e-02
      vertex 1.292683e-03 6.505552e-03 3.847134e-02
    endloop
  endfacet
  facet normal -1.298754e-01 9.915281e-01 2.081404e-03
    outer loop
      vertex 1.185315e-03 6.494476e-03 3.779877e-02
      vertex 2.141781e-03 6.618957e-03 3.818110e-02
      vertex 1.311601e-03 6.513529e-03 3.660265e-02
    endloop
  endfacet
  facet normal -1.437578e-01 9.895996e-01 5.134423e-03
    outer loop
      vertex 2.949328e-03 6.743028e-03 3.687822e-02
      vertex 2.141781e-03 6.618957e-03 3.818110e-02
      vertex 2.983918e-03 6.742955e-03 3.786066e-02
    endloop
  endfacet
  facet normal -1.451990e-01 9.893935e-01 4.221464e-03
    outer loop
      vertex 2.145595e-03 6.626185e-03 3.661815e-02
      vertex 2.141781e-03 6.618957e-03 3.818110e-02
      vertex 2.949328e-03 6.743028e-03 3.687822e-02
    endloop
  endfacet
  facet normal -2.324244e-01 9.724711e-01 1.670064e-02
    outer loop
      vertex 7.811470e-03 7.694611e-03 3.532136e-02
      vertex 8.610022e-03 7.894976e-03 3.476771e-02
      vertex 7.797535e-03 7.700902e-03 3.476111e-02
    endloop
  endfacet
  facet normal -3.136350e-01 9.492536e-01 2.346529e-02
    outer loop
      vertex 1.278633e-02 9.163249e-03 3.102199e-02
      vertex 1.341562e-02 9.389085e-03 3.029709e-02
      vertex 1.262858e-02 9.135971e-03 3.001693e-02
    endloop
  endfacet
  facet normal -3.139964e-01 9.491051e-01 2.461455e-02
    outer loop
      vertex 1.318929e-02 9.341726e-03 2.923598e-02
      vertex 1.262858e-02 9.135971e-03 3.001693e-02
      vertex 1.341562e-02 9.389085e-03 3.029709e-02
    endloop
  endfacet
  facet normal -3.217512e-01 9.464565e-01 2.638683e-02
    outer loop
      vertex 1.318929e-02 9.341726e-03 2.923598e-02
      vertex 1.341562e-02 9.389085e-03 3.029709e-02
      vertex 1.400634e-02 9.610320e-03 2.956480e-02
    endloop
  endfacet
  facet normal -3.787713e-01 9.252675e-01 2.030848e-02
    outer loop
      vertex 1.518180e-02 1.033003e-02 1.825766e-02
      vertex 1.575063e-02 1.052406e-02 2.002680e-02
      vertex 1.589056e-02 1.060550e-02 1.892597e-02
    endloop
  endfacet
  facet normal -3.818846e-01 9.240234e-01 1.857134e-02
    outer loop
      vertex 1.589056e-02 1.060550e-02 1.892597e-02
      vertex 1.638411e-02 1.081565e-02 1.861893e-02
      vertex 1.570654e-02 1.055412e-02 1.769848e-02
    endloop
  endfacet
  facet normal -3.766651e-01 9.261804e-01 1.769860e-02
    outer loop
      vertex 1.589056e-02 1.060550e-02 1.892597e-02
      vertex 1.570654e-02 1.055412e-02 1.769848e-02
      vertex 1.518180e-02 1.033003e-02 1.825766e-02
    endloop
  endfacet
  facet normal -8.036534e-03 9.999627e-01 -3.153589e-03
    outer loop
      vertex -5.582694e-03 6.007090e-03 3.183310e-02
      vertex -6.337538e-03 5.997704e-03 3.078067e-02
      vertex -7.019403e-03 5.995619e-03 3.185713e-02
    endloop
  endfacet
  facet normal -1.536117e-03 9.999988e-01 2.992456e-04
    outer loop
      vertex -6.235297e-03 5.997758e-03 3.828166e-02
      vertex -6.191717e-03 5.998185e-03 3.707763e-02
      vertex -7.198735e-03 5.996458e-03 3.768142e-02
    endloop
  endfacet
  facet normal -1.626640e-02 9.998677e-01 -2.339645e-04
    outer loop
      vertex -5.277883e-03 6.013344e-03 3.832504e-02
      vertex -6.191717e-03 5.998185e-03 3.707763e-02
      vertex -6.235297e-03 5.997758e-03 3.828166e-02
    endloop
  endfacet
  facet normal -6.237518e-03 9.999805e-01 -2.601108e-04
    outer loop
      vertex -5.987258e-03 6.001836e-03 2.133130e-02
      vertex -6.037800e-03 6.001177e-03 2.000987e-02
      vertex -6.988015e-03 5.995269e-03 2.008324e-02
    endloop
  endfacet
  facet normal -2.833107e-02 9.995985e-01 -4.897494e-04
    outer loop
      vertex -4.674064e-03 6.030396e-03 3.819945e-02
      vertex -5.140458e-03 6.016582e-03 3.698557e-02
      vertex -5.277883e-03 6.013344e-03 3.832504e-02
    endloop
  endfacet
  facet normal -4.094249e-02 9.991611e-01 -8.621300e-04
    outer loop
      vertex -3.813218e-03 6.065679e-03 3.820856e-02
      vertex -4.131203e-03 6.051609e-03 3.700378e-02
      vertex -4.674064e-03 6.030396e-03 3.819945e-02
    endloop
  endfacet
  facet normal -3.339419e-02 9.994374e-01 -3.105279e-03
    outer loop
      vertex -4.289144e-03 6.049881e-03 2.405361e-02
      vertex -4.922785e-03 6.026027e-03 2.319027e-02
      vertex -5.548414e-03 6.008925e-03 2.441407e-02
    endloop
  endfacet
  facet normal -6.022233e-02 9.981845e-01 9.842861e-04
    outer loop
      vertex -2.618367e-03 6.132276e-03 3.688458e-02
      vertex -3.212236e-03 6.097072e-03 3.625093e-02
      vertex -3.074072e-03 6.103594e-03 3.809006e-02
    endloop
  endfacet
  facet normal -4.928017e-02 9.987850e-01 1.601275e-04
    outer loop
      vertex -3.074072e-03 6.103594e-03 3.809006e-02
      vertex -3.212236e-03 6.097072e-03 3.625093e-02
      vertex -4.131203e-03 6.051609e-03 3.700378e-02
    endloop
  endfacet
  facet normal -5.094349e-02 9.986999e-01 1.782886e-03
    outer loop
      vertex -3.074072e-03 6.103594e-03 3.809006e-02
      vertex -4.131203e-03 6.051609e-03 3.700378e-02
      vertex -3.813218e-03 6.065679e-03 3.820856e-02
    endloop
  endfacet
  facet normal -3.805236e-02 9.992757e-01 3.268572e-04
    outer loop
      vertex -4.922785e-03 6.026027e-03 2.319027e-02
      vertex -4.220187e-03 6.053287e-03 2.164507e-02
      vertex -4.987745e-03 6.024025e-03 2.174753e-02
    endloop
  endfacet
  facet normal -8.200405e-02 9.966319e-01 3.368724e-04
    outer loop
      vertex -1.156880e-03 6.244683e-03 3.787840e-02
      vertex -1.481690e-03 6.218475e-03 3.634803e-02
      vertex -1.898091e-03 6.183830e-03 3.748126e-02
    endloop
  endfacet
  facet normal -1.030138e-01 9.946797e-01 -5.980522e-04
    outer loop
      vertex 2.867342e-04 6.389539e-03 3.775466e-02
      vertex -1.471479e-04 6.343889e-03 3.656535e-02
      vertex -7.336649e-04 6.283536e-03 3.721357e-02
    endloop
  endfacet
  facet normal -1.044726e-01 9.945254e-01 2.183093e-03
    outer loop
      vertex -4.927920e-04 6.304964e-03 3.897887e-02
      vertex 2.867342e-04 6.389539e-03 3.775466e-02
      vertex -7.336649e-04 6.283536e-03 3.721357e-02
    endloop
  endfacet
  facet normal -8.199794e-02 9.966216e-01 4.668992e-03
    outer loop
      vertex -3.021714e-03 6.120339e-03 1.973325e-02
      vertex -2.337825e-03 6.169571e-03 2.123513e-02
      vertex -1.414555e-03 6.250200e-03 2.023905e-02
    endloop
  endfacet
  facet normal -6.987968e-02 9.975401e-01 5.526317e-03
    outer loop
      vertex -3.395181e-03 6.097190e-03 2.093027e-02
      vertex -2.978929e-03 6.122251e-03 2.167002e-02
      vertex -2.337825e-03 6.169571e-03 2.123513e-02
    endloop
  endfacet
  facet normal -9.854946e-02 9.951322e-01 1.563928e-06
    outer loop
      vertex -1.641566e-03 6.227717e-03 2.127548e-02
      vertex -7.350798e-04 6.317488e-03 2.122994e-02
      vertex -1.414555e-03 6.250200e-03 2.023905e-02
    endloop
  endfacet
  facet normal -1.083660e-01 9.941083e-01 2.363991e-03
    outer loop
      vertex -1.755305e-04 6.374912e-03 2.390196e-02
      vertex 1.004799e-05 6.399473e-03 2.208054e-02
      vertex -8.245335e-04 6.304697e-03 2.367868e-02
    endloop
  endfacet
  facet normal -1.217676e-01 9.925549e-01 2.726099e-03
    outer loop
      vertex 6.102824e-04 6.476180e-03 2.096311e-02
      vertex -3.853450e-04 6.356504e-03 2.006404e-02
      vertex 1.004799e-05 6.399473e-03 2.208054e-02
    endloop
  endfacet
  facet normal -1.200333e-01 9.927696e-01 7.770230e-04
    outer loop
      vertex 6.102824e-04 6.476180e-03 2.096311e-02
      vertex 4.939527e-04 6.463150e-03 1.964002e-02
      vertex -3.853450e-04 6.356504e-03 2.006404e-02
    endloop
  endfacet
  facet normal -1.477416e-01 9.890257e-01 7.996480e-04
    outer loop
      vertex 1.974989e-03 6.672189e-03 1.973720e-02
      vertex 1.316297e-03 6.575062e-03 1.816679e-02
      vertex 1.453686e-03 6.593887e-03 2.026722e-02
    endloop
  endfacet
  facet normal -1.498213e-01 9.887122e-01 -1.292164e-03
    outer loop
      vertex 2.442995e-03 6.744587e-03 2.087040e-02
      vertex 1.974989e-03 6.672189e-03 1.973720e-02
      vertex 1.453686e-03 6.593887e-03 2.026722e-02
    endloop
  endfacet
  facet normal -1.359937e-01 9.907059e-01 2.753677e-03
    outer loop
      vertex 6.102824e-04 6.476180e-03 2.096311e-02
      vertex 1.322924e-03 6.572834e-03 2.138373e-02
      vertex 1.453686e-03 6.593887e-03 2.026722e-02
    endloop
  endfacet
  facet normal -1.364114e-01 9.906497e-01 2.237900e-03
    outer loop
      vertex 4.939527e-04 6.463150e-03 1.964002e-02
      vertex 6.102824e-04 6.476180e-03 2.096311e-02
      vertex 1.453686e-03 6.593887e-03 2.026722e-02
    endloop
  endfacet
  facet normal -2.106936e-01 9.774770e-01 1.212023e-02
    outer loop
      vertex 6.987239e-03 7.513941e-03 3.495412e-02
      vertex 6.085775e-03 7.342140e-03 3.313889e-02
      vertex 6.193297e-03 7.348455e-03 3.449870e-02
    endloop
  endfacet
  facet normal -2.095022e-01 9.777576e-01 9.941184e-03
    outer loop
      vertex 6.193297e-03 7.348455e-03 3.449870e-02
      vertex 6.100988e-03 7.316041e-03 3.574145e-02
      vertex 6.987239e-03 7.513941e-03 3.495412e-02
    endloop
  endfacet
  facet normal -1.691404e-01 9.855912e-01 1.199448e-03
    outer loop
      vertex 3.498814e-03 6.925713e-03 2.092562e-02
      vertex 2.688284e-03 6.788650e-03 1.925395e-02
      vertex 2.442995e-03 6.744587e-03 2.087040e-02
    endloop
  endfacet
  facet normal -1.699960e-01 9.854434e-01 1.626427e-03
    outer loop
      vertex 2.688284e-03 6.788650e-03 1.925395e-02
      vertex 3.498814e-03 6.925713e-03 2.092562e-02
      vertex 3.434436e-03 6.916973e-03 1.949201e-02
    endloop
  endfacet
  facet normal -1.926036e-01 9.812709e-01 3.368765e-03
    outer loop
      vertex 3.888505e-03 6.990409e-03 2.275582e-02
      vertex 4.898113e-03 7.188938e-03 2.265009e-02
      vertex 4.313505e-03 7.077937e-03 2.155898e-02
    endloop
  endfacet
  facet normal -2.319742e-01 9.726486e-01 1.194521e-02
    outer loop
      vertex 8.373817e-03 7.858864e-03 3.347591e-02
      vertex 7.764140e-03 7.729041e-03 3.220707e-02
      vertex 7.425463e-03 7.633177e-03 3.343576e-02
    endloop
  endfacet
  facet normal -2.210731e-01 9.751185e-01 1.644803e-02
    outer loop
      vertex 7.811470e-03 7.694611e-03 3.532136e-02
      vertex 7.797535e-03 7.700902e-03 3.476111e-02
      vertex 6.987239e-03 7.513941e-03 3.495412e-02
    endloop
  endfacet
  facet normal -1.855553e-01 9.826328e-01 1.440387e-03
    outer loop
      vertex 4.180769e-03 7.057528e-03 1.975072e-02
      vertex 4.067012e-03 7.037362e-03 1.885303e-02
      vertex 3.434436e-03 6.916973e-03 1.949201e-02
    endloop
  endfacet
  facet normal -1.855711e-01 9.826276e-01 2.531104e-03
    outer loop
      vertex 4.313505e-03 7.077937e-03 2.155898e-02
      vertex 4.180769e-03 7.057528e-03 1.975072e-02
      vertex 3.498814e-03 6.925713e-03 2.092562e-02
    endloop
  endfacet
  facet normal -1.964869e-01 9.805022e-01 2.873522e-03
    outer loop
      vertex 4.067012e-03 7.037362e-03 1.885303e-02
      vertex 4.180769e-03 7.057528e-03 1.975072e-02
      vertex 4.836636e-03 7.189026e-03 1.972802e-02
    endloop
  endfacet
  facet normal -2.398636e-01 9.706758e-01 1.593792e-02
    outer loop
      vertex 8.934261e-03 8.009377e-03 3.274379e-02
      vertex 7.764140e-03 7.729041e-03 3.220707e-02
      vertex 8.373817e-03 7.858864e-03 3.347591e-02
    endloop
  endfacet
  facet normal -2.257359e-01 9.741853e-01 2.530481e-03
    outer loop
      vertex 6.742719e-03 7.620491e-03 1.843118e-02
      vertex 5.612793e-03 7.359930e-03 1.794507e-02
      vertex 5.607800e-03 7.355547e-03 1.918711e-02
    endloop
  endfacet
  facet normal -2.335468e-01 9.723435e-01 1.997000e-03
    outer loop
      vertex 6.296535e-03 7.511386e-03 1.937408e-02
      vertex 7.483681e-03 7.794396e-03 2.041094e-02
      vertex 6.742719e-03 7.620491e-03 1.843118e-02
    endloop
  endfacet
  facet normal -2.390902e-01 9.709582e-01 8.721996e-03
    outer loop
      vertex 7.483681e-03 7.794396e-03 2.041094e-02
      vertex 6.296535e-03 7.511386e-03 1.937408e-02
      vertex 6.691135e-03 7.598298e-03 2.051567e-02
    endloop
  endfacet
  facet normal -2.494934e-01 9.683522e-01 6.856457e-03
    outer loop
      vertex 7.483681e-03 7.794396e-03 2.041094e-02
      vertex 7.315296e-03 7.737511e-03 2.231784e-02
      vertex 8.093317e-03 7.943302e-03 2.156416e-02
    endloop
  endfacet
  facet normal -2.959959e-01 9.549536e-01 2.121289e-02
    outer loop
      vertex 1.093795e-02 8.652452e-03 2.791772e-02
      vertex 1.118354e-02 8.681583e-03 3.003321e-02
      vertex 1.168359e-02 8.845270e-03 2.964195e-02
    endloop
  endfacet
  facet normal -2.525897e-01 9.675643e-01 4.210836e-03
    outer loop
      vertex 7.860028e-03 7.901883e-03 1.877918e-02
      vertex 7.902278e-03 7.918868e-03 1.741087e-02
      vertex 7.213063e-03 7.739036e-03 1.738950e-02
    endloop
  endfacet
  facet normal -2.952304e-01 9.552330e-01 1.920478e-02
    outer loop
      vertex 1.093795e-02 8.652452e-03 2.791772e-02
      vertex 1.177747e-02 8.907385e-03 2.814328e-02
      vertex 1.174755e-02 8.926977e-03 2.670887e-02
    endloop
  endfacet
  facet normal -2.649831e-01 9.642525e-01 1.028453e-03
    outer loop
      vertex 7.902278e-03 7.918868e-03 1.741087e-02
      vertex 9.297305e-03 8.301251e-03 1.832876e-02
      vertex 8.496534e-03 8.082729e-03 1.688948e-02
    endloop
  endfacet
  facet normal -2.705146e-01 9.626629e-01 1.009772e-02
    outer loop
      vertex 7.902278e-03 7.918868e-03 1.741087e-02
      vertex 8.669599e-03 8.119991e-03 1.879308e-02
      vertex 9.297305e-03 8.301251e-03 1.832876e-02
    endloop
  endfacet
  facet normal -2.856614e-01 9.583069e-01 6.741415e-03
    outer loop
      vertex 9.297305e-03 8.301251e-03 1.832876e-02
      vertex 9.979742e-03 8.501364e-03 1.880000e-02
      vertex 1.000070e-02 8.514706e-03 1.779170e-02
    endloop
  endfacet
  facet normal -2.952685e-01 9.553863e-01 7.322183e-03
    outer loop
      vertex 9.979742e-03 8.501364e-03 1.880000e-02
      vertex 1.134240e-02 8.911625e-03 2.021921e-02
      vertex 1.099132e-02 8.813827e-03 1.882256e-02
    endloop
  endfacet
  facet normal -3.077165e-01 9.514544e-01 6.710123e-03
    outer loop
      vertex 1.038331e-02 8.635683e-03 1.665195e-02
      vertex 1.079542e-02 8.761995e-03 1.764034e-02
      vertex 1.141422e-02 8.966282e-03 1.705104e-02
    endloop
  endfacet
  facet normal -3.589301e-01 9.328863e-01 2.987222e-02
    outer loop
      vertex 1.561849e-02 1.026410e-02 2.724512e-02
      vertex 1.610057e-02 1.047558e-02 2.643325e-02
      vertex 1.566390e-02 1.033364e-02 2.561889e-02
    endloop
  endfacet
  facet normal -3.639757e-01 9.308259e-01 3.293689e-02
    outer loop
      vertex 1.610057e-02 1.047558e-02 2.643325e-02
      vertex 1.655404e-02 1.068227e-02 2.560321e-02
      vertex 1.566390e-02 1.033364e-02 2.561889e-02
    endloop
  endfacet
  facet normal -3.495469e-01 9.365795e-01 2.521509e-02
    outer loop
      vertex 1.561849e-02 1.026410e-02 2.724512e-02
      vertex 1.485718e-02 1.001513e-02 2.593887e-02
      vertex 1.472875e-02 9.935520e-03 2.711561e-02
    endloop
  endfacet
  facet normal -3.575099e-01 9.334934e-01 2.787027e-02
    outer loop
      vertex 1.566390e-02 1.033364e-02 2.561889e-02
      vertex 1.471971e-02 1.000109e-02 2.464589e-02
      vertex 1.485718e-02 1.001513e-02 2.593887e-02
    endloop
  endfacet
  facet normal -3.074459e-01 9.515471e-01 5.934344e-03
    outer loop
      vertex 1.038331e-02 8.635683e-03 1.665195e-02
      vertex 1.141422e-02 8.966282e-03 1.705104e-02
      vertex 1.006029e-02 8.540967e-03 1.510454e-02
    endloop
  endfacet
  facet normal -3.592097e-01 9.327822e-01 2.976282e-02
    outer loop
      vertex 1.600357e-02 1.050567e-02 2.432689e-02
      vertex 1.471971e-02 1.000109e-02 2.464589e-02
      vertex 1.566390e-02 1.033364e-02 2.561889e-02
    endloop
  endfacet
  facet normal -3.518596e-01 9.359845e-01 1.130690e-02
    outer loop
      vertex 1.330480e-02 9.616451e-03 1.794713e-02
      vertex 1.432334e-02 1.000100e-02 1.781035e-02
      vertex 1.327611e-02 9.623845e-03 1.644222e-02
    endloop
  endfacet
  facet normal -3.517251e-01 9.360704e-01 7.851848e-03
    outer loop
      vertex 1.322337e-02 9.615694e-03 1.512672e-02
      vertex 1.398598e-02 9.894711e-03 1.602492e-02
      vertex 1.411283e-02 9.951284e-03 1.496248e-02
    endloop
  endfacet
  facet normal -3.522124e-01 9.358831e-01 8.323796e-03
    outer loop
      vertex 1.398598e-02 9.894711e-03 1.602492e-02
      vertex 1.322337e-02 9.615694e-03 1.512672e-02
      vertex 1.327611e-02 9.623845e-03 1.644222e-02
    endloop
  endfacet
  facet normal -3.843435e-01 9.230726e-01 1.472858e-02
    outer loop
      vertex 1.517257e-02 1.036037e-02 1.608892e-02
      vertex 1.574638e-02 1.060679e-02 1.561882e-02
      vertex 1.492838e-02 1.027470e-02 1.508579e-02
    endloop
  endfacet
  facet normal -3.846885e-01 9.229822e-01 1.089514e-02
    outer loop
      vertex 1.531709e-02 1.044814e-02 1.390066e-02
      vertex 1.574638e-02 1.060679e-02 1.561882e-02
      vertex 1.617646e-02 1.078999e-02 1.528390e-02
    endloop
  endfacet
  facet normal -3.817555e-01 9.242087e-01 1.004906e-02
    outer loop
      vertex 1.492838e-02 1.027470e-02 1.508579e-02
      vertex 1.574638e-02 1.060679e-02 1.561882e-02
      vertex 1.531709e-02 1.044814e-02 1.390066e-02
    endloop
  endfacet
  facet normal -1.826416e-01 9.831696e-01 4.426065e-03
    outer loop
      vertex 4.067012e-03 7.037362e-03 1.885303e-02
      vertex 2.929177e-03 6.830837e-03 1.777599e-02
      vertex 3.434436e-03 6.916973e-03 1.949201e-02
    endloop
  endfacet
  facet normal -1.858616e-01 9.825731e-01 2.356383e-03
    outer loop
      vertex 4.180769e-03 7.057528e-03 1.975072e-02
      vertex 3.434436e-03 6.916973e-03 1.949201e-02
      vertex 3.498814e-03 6.925713e-03 2.092562e-02
    endloop
  endfacet
  facet normal -1.023026e-01 9.947499e-01 2.601115e-03
    outer loop
      vertex -1.414555e-03 6.250200e-03 2.023905e-02
      vertex -7.350798e-04 6.317488e-03 2.122994e-02
      vertex -3.853450e-04 6.356504e-03 2.006404e-02
    endloop
  endfacet
  facet normal -3.817643e-02 9.992708e-01 -6.039439e-04
    outer loop
      vertex -4.987745e-03 6.024025e-03 2.174753e-02
      vertex -4.220187e-03 6.053287e-03 2.164507e-02
      vertex -4.358745e-03 6.047340e-03 2.056360e-02
    endloop
  endfacet
  facet normal -3.009954e-01 9.533861e-01 2.136920e-02
    outer loop
      vertex 1.262858e-02 9.135971e-03 3.001693e-02
      vertex 1.203547e-02 8.930187e-03 3.084385e-02
      vertex 1.278633e-02 9.163249e-03 3.102199e-02
    endloop
  endfacet
  facet normal -3.023232e-01 9.529837e-01 2.056079e-02
    outer loop
      vertex 1.168359e-02 8.845270e-03 2.964195e-02
      vertex 1.241273e-02 9.102859e-03 2.842398e-02
      vertex 1.177747e-02 8.907385e-03 2.814328e-02
    endloop
  endfacet
  facet normal -2.859748e-03 9.999941e-01 -1.908356e-03
    outer loop
      vertex -6.191717e-03 5.998185e-03 3.707763e-02
      vertex -6.589156e-03 5.995034e-03 3.602184e-02
      vertex -7.198735e-03 5.996458e-03 3.768142e-02
    endloop
  endfacet
  facet normal -3.041923e-01 9.524828e-01 1.560366e-02
    outer loop
      vertex 1.152018e-02 8.952862e-03 2.138482e-02
      vertex 1.037482e-02 8.604808e-03 2.030212e-02
      vertex 1.086509e-02 8.726653e-03 2.242228e-02
    endloop
  endfacet
  facet normal 1.247673e-02 9.999222e-01 1.007581e-04
    outer loop
      vertex -8.094894e-03 6.009223e-03 3.133510e-02
      vertex -7.243015e-03 5.998648e-03 3.079247e-02
      vertex -8.024937e-03 6.008469e-03 3.014909e-02
    endloop
  endfacet
  facet normal -1.201191e-01 9.927391e-01 6.364982e-03
    outer loop
      vertex 9.205264e-04 6.508753e-03 2.497197e-02
      vertex -3.545904e-04 6.352260e-03 2.531621e-02
      vertex 3.028639e-04 6.425523e-03 2.629690e-02
    endloop
  endfacet
  facet normal -2.075926e-01 9.781787e-01 8.476107e-03
    outer loop
      vertex 5.836812e-03 7.390734e-03 2.235216e-02
      vertex 4.898113e-03 7.188938e-03 2.265009e-02
      vertex 5.158988e-03 7.233773e-03 2.386520e-02
    endloop
  endfacet
  facet normal -1.716415e-02 9.998521e-01 -1.058378e-03
    outer loop
      vertex 1.442290e-02 1.070128e-02 9.659511e-04
      vertex 1.526668e-02 1.071681e-02 1.951125e-03
      vertex 1.550628e-02 1.071934e-02 4.592395e-04
    endloop
  endfacet
  facet normal 1.405190e-01 9.900772e-01 -1.224972e-03
    outer loop
      vertex -1.436112e-02 6.497137e-03 2.912608e-02
      vertex -1.468679e-02 6.541158e-03 2.734715e-02
      vertex -1.530072e-02 6.630226e-03 2.891063e-02
    endloop
  endfacet
  facet normal 8.945828e-02 9.959904e-01 -5.743637e-04
    outer loop
      vertex -1.223977e-02 6.253990e-03 2.939520e-02
      vertex -1.226133e-02 6.256875e-03 3.103943e-02
      vertex -1.146495e-02 6.185019e-03 3.047322e-02
    endloop
  endfacet
  facet normal 3.808486e-02 9.992738e-01 -1.149146e-03
    outer loop
      vertex -8.520723e-03 6.021084e-03 2.909797e-02
      vertex -9.023466e-03 6.038292e-03 2.739994e-02
      vertex -9.483500e-03 6.057685e-03 2.901729e-02
    endloop
  endfacet
  facet normal 2.117513e-02 9.997746e-01 -1.558415e-03
    outer loop
      vertex -7.638829e-03 6.002447e-03 2.912474e-02
      vertex -8.195856e-03 6.011976e-03 2.766932e-02
      vertex -8.520723e-03 6.021084e-03 2.909797e-02
    endloop
  endfacet
  facet normal 7.932841e-03 9.999682e-01 -7.954850e-04
    outer loop
      vertex -7.638829e-03 6.002447e-03 2.912474e-02
      vertex -6.683972e-03 5.995087e-03 2.939439e-02
      vertex -7.486721e-03 5.999896e-03 2.743417e-02
    endloop
  endfacet
  facet normal -1.924722e-02 9.998147e-01 2.910969e-04
    outer loop
      vertex -6.104004e-03 5.999257e-03 2.702913e-02
      vertex -5.943656e-03 6.001920e-03 2.848602e-02
      vertex -5.229911e-03 6.016146e-03 2.681581e-02
    endloop
  endfacet
  facet normal -4.827740e-02 9.988146e-01 6.219809e-03
    outer loop
      vertex -3.052212e-03 6.112763e-03 3.086823e-02
      vertex -4.764695e-03 6.030542e-03 3.077969e-02
      vertex -4.062054e-03 6.056752e-03 3.202457e-02
    endloop
  endfacet
  facet normal -2.086962e-02 9.997639e-01 6.052651e-03
    outer loop
      vertex -4.764695e-03 6.030542e-03 3.077969e-02
      vertex -6.337538e-03 5.997704e-03 3.078067e-02
      vertex -5.582694e-03 6.007090e-03 3.183310e-02
    endloop
  endfacet
  facet normal -1.060229e-01 9.943565e-01 3.791734e-03
    outer loop
      vertex 1.267213e-04 6.390764e-03 3.135579e-02
      vertex -9.914362e-04 6.276072e-03 3.016747e-02
      vertex -7.327770e-04 6.296051e-03 3.216063e-02
    endloop
  endfacet
  facet normal -9.295479e-02 9.956682e-01 2.082699e-03
    outer loop
      vertex -7.327770e-04 6.296051e-03 3.216063e-02
      vertex -9.914362e-04 6.276072e-03 3.016747e-02
      vertex -1.489604e-03 6.226591e-03 3.158868e-02
    endloop
  endfacet
  facet normal -1.173754e-01 9.930818e-01 3.391946e-03
    outer loop
      vertex -7.103296e-05 6.371677e-03 3.010071e-02
      vertex 1.267213e-04 6.390764e-03 3.135579e-02
      vertex 7.445178e-04 6.468650e-03 2.993089e-02
    endloop
  endfacet
  facet normal -1.233772e-01 9.923596e-01 7.502230e-04
    outer loop
      vertex 1.304664e-03 6.537429e-03 3.107169e-02
      vertex 7.445178e-04 6.468650e-03 2.993089e-02
      vertex 1.267213e-04 6.390764e-03 3.135579e-02
    endloop
  endfacet
  facet normal -1.032356e-01 9.946563e-01 1.140094e-03
    outer loop
      vertex -9.914362e-04 6.276072e-03 3.016747e-02
      vertex 1.267213e-04 6.390764e-03 3.135579e-02
      vertex -7.103296e-05 6.371677e-03 3.010071e-02
    endloop
  endfacet
  facet normal -1.065701e-01 9.942990e-01 3.501631e-03
    outer loop
      vertex -9.833661e-04 6.284062e-03 2.654189e-02
      vertex -6.752059e-04 6.312174e-03 2.793823e-02
      vertex -8.538183e-05 6.377379e-03 2.737386e-02
    endloop
  endfacet
  facet normal -2.100982e-01 9.776223e-01 1.065175e-02
    outer loop
      vertex 6.334873e-03 7.435153e-03 2.952981e-02
      vertex 5.550242e-03 7.272214e-03 2.900810e-02
      vertex 5.738507e-03 7.298747e-03 3.028627e-02
    endloop
  endfacet
  facet normal -1.816871e-01 9.833266e-01 7.655790e-03
    outer loop
      vertex 4.777619e-03 7.101662e-03 3.096682e-02
      vertex 4.767705e-03 7.111617e-03 2.945284e-02
      vertex 3.977486e-03 6.954735e-03 3.084961e-02
    endloop
  endfacet
  facet normal -1.682154e-01 9.857416e-01 4.127671e-03
    outer loop
      vertex 2.827214e-03 6.786712e-03 2.614897e-02
      vertex 3.697717e-03 6.930536e-03 2.727760e-02
      vertex 3.407356e-03 6.888914e-03 2.538439e-02
    endloop
  endfacet
  facet normal -1.952285e-01 9.807260e-01 7.893488e-03
    outer loop
      vertex 4.201313e-03 7.031303e-03 2.567476e-02
      vertex 4.552132e-03 7.084659e-03 2.772241e-02
      vertex 5.221952e-03 7.227401e-03 2.655399e-02
    endloop
  endfacet
  facet normal -2.338404e-01 9.721757e-01 1.389685e-02
    outer loop
      vertex 8.123000e-03 7.848852e-03 2.977449e-02
      vertex 7.159948e-03 7.634162e-03 2.858834e-02
      vertex 7.359586e-03 7.657737e-03 3.029840e-02
    endloop
  endfacet
  facet normal -2.054159e-01 9.786369e-01 8.608341e-03
    outer loop
      vertex 5.221952e-03 7.227401e-03 2.655399e-02
      vertex 5.952337e-03 7.378471e-03 2.680832e-02
      vertex 5.784813e-03 7.357758e-03 2.516559e-02
    endloop
  endfacet
  facet normal -2.181744e-01 9.758622e-01 9.637019e-03
    outer loop
      vertex 5.784813e-03 7.357758e-03 2.516559e-02
      vertex 6.698795e-03 7.542184e-03 2.718211e-02
      vertex 6.516708e-03 7.523540e-03 2.494777e-02
    endloop
  endfacet
  facet normal -2.314871e-01 9.727654e-01 1.187944e-02
    outer loop
      vertex 7.875097e-03 7.803285e-03 2.867512e-02
      vertex 7.159948e-03 7.634162e-03 2.858834e-02
      vertex 8.123000e-03 7.848852e-03 2.977449e-02
    endloop
  endfacet
  facet normal -2.409682e-01 9.704708e-01 1.098864e-02
    outer loop
      vertex 7.037029e-03 7.644517e-03 2.482780e-02
      vertex 7.934761e-03 7.853827e-03 2.602863e-02
      vertex 7.820983e-03 7.845996e-03 2.422519e-02
    endloop
  endfacet
  facet normal -2.479738e-01 9.687135e-01 1.015645e-02
    outer loop
      vertex 8.524872e-03 8.028337e-03 2.401938e-02
      vertex 8.079721e-03 7.927625e-03 2.275671e-02
      vertex 7.820983e-03 7.845996e-03 2.422519e-02
    endloop
  endfacet
  facet normal -3.071620e-01 9.515289e-01 1.562890e-02
    outer loop
      vertex 1.205074e-02 9.106209e-03 2.247609e-02
      vertex 1.152018e-02 8.952862e-03 2.138482e-02
      vertex 1.162130e-02 8.959070e-03 2.299430e-02
    endloop
  endfacet
  facet normal -3.560164e-01 9.341394e-01 2.521894e-02
    outer loop
      vertex 1.483657e-02 1.011790e-02 2.177685e-02
      vertex 1.365018e-02 9.703913e-03 2.036330e-02
      vertex 1.432055e-02 9.923940e-03 2.167696e-02
    endloop
  endfacet
  facet normal -6.163575e-02 9.980776e-01 -6.497303e-03
    outer loop
      vertex 1.808453e-02 1.091778e-02 1.930666e-02
      vertex 1.756833e-02 1.087397e-02 1.747400e-02
      vertex 1.724875e-02 1.086599e-02 1.927976e-02
    endloop
  endfacet
  facet normal -5.732254e-02 9.983445e-01 -4.724152e-03
    outer loop
      vertex 1.716240e-02 1.083345e-02 1.434517e-02
      vertex 1.761151e-02 1.086657e-02 1.589515e-02
      vertex 1.830579e-02 1.089938e-02 1.440489e-02
    endloop
  endfacet
  facet normal -4.142595e-02 9.991299e-01 -4.831735e-03
    outer loop
      vertex 1.612043e-02 1.075684e-02 7.670455e-03
      vertex 1.737954e-02 1.080722e-02 7.293186e-03
      vertex 1.709715e-02 1.079005e-02 6.163033e-03
    endloop
  endfacet
  facet normal -3.308899e-02 9.994454e-01 -3.744613e-03
    outer loop
      vertex 1.660905e-02 1.074811e-02 3.924654e-04
      vertex 1.603763e-02 1.073659e-02 2.365642e-03
      vertex 1.692179e-02 1.076444e-02 1.988172e-03
    endloop
  endfacet
  facet normal -2.447926e-02 9.996980e-01 -2.166277e-03
    outer loop
      vertex 1.603763e-02 1.073659e-02 2.365642e-03
      vertex 1.526668e-02 1.071681e-02 1.951125e-03
      vertex 1.521634e-02 1.071787e-02 3.009324e-03
    endloop
  endfacet
  facet normal -2.444603e-02 9.996987e-01 -2.228120e-03
    outer loop
      vertex 1.550628e-02 1.071934e-02 4.592395e-04
      vertex 1.526668e-02 1.071681e-02 1.951125e-03
      vertex 1.603763e-02 1.073659e-02 2.365642e-03
    endloop
  endfacet
  facet normal -1.661972e-02 9.998603e-01 -1.792581e-03
    outer loop
      vertex 1.521634e-02 1.071787e-02 3.009324e-03
      vertex 1.526668e-02 1.071681e-02 1.951125e-03
      vertex 1.431485e-02 1.070167e-02 2.330883e-03
    endloop
  endfacet
  facet normal -6.281153e-02 9.980110e-01 -5.355882e-03
    outer loop
      vertex 1.912094e-02 1.092285e-02 9.755421e-03
      vertex 1.798781e-02 1.084127e-02 7.843142e-03
      vertex 1.794641e-02 1.084448e-02 8.925902e-03
    endloop
  endfacet
  facet normal -5.890722e-02 9.982509e-01 -5.011817e-03
    outer loop
      vertex 1.764462e-02 1.090123e-02 2.099222e-02
      vertex 1.650801e-02 1.082981e-02 2.012786e-02
      vertex 1.665756e-02 1.084673e-02 2.174009e-02
    endloop
  endfacet
  facet normal 2.064206e-01 9.784633e-01 2.736011e-04
    outer loop
      vertex -1.907077e-02 7.327227e-03 2.969307e-02
      vertex -1.904567e-02 7.321364e-03 3.171464e-02
      vertex -1.818707e-02 7.140344e-03 3.131015e-02
    endloop
  endfacet
  facet normal 1.915701e-01 9.814786e-01 8.540282e-04
    outer loop
      vertex -1.750462e-02 7.006014e-03 3.260383e-02
      vertex -1.728047e-02 6.963741e-03 3.090566e-02
      vertex -1.818707e-02 7.140344e-03 3.131015e-02
    endloop
  endfacet
  facet normal 1.906265e-01 9.816626e-01 2.416392e-04
    outer loop
      vertex -1.804873e-02 7.111804e-03 2.583838e-02
      vertex -1.787501e-02 7.077546e-03 2.796774e-02
      vertex -1.736928e-02 6.979784e-03 2.616169e-02
    endloop
  endfacet
  facet normal 1.805806e-01 9.835600e-01 -6.483290e-04
    outer loop
      vertex -1.664680e-02 6.848538e-03 3.263062e-02
      vertex -1.728047e-02 6.963741e-03 3.090566e-02
      vertex -1.750462e-02 7.006014e-03 3.260383e-02
    endloop
  endfacet
  facet normal 1.652237e-01 9.862561e-01 -2.421037e-04
    outer loop
      vertex -1.655667e-02 6.833353e-03 2.589199e-02
      vertex -1.595916e-02 6.733763e-03 2.796736e-02
      vertex -1.588019e-02 6.719997e-03 2.578403e-02
    endloop
  endfacet
  facet normal 1.495629e-01 9.887520e-01 6.610282e-04
    outer loop
      vertex -1.591319e-02 6.725483e-03 2.963853e-02
      vertex -1.570375e-02 6.692650e-03 3.136357e-02
      vertex -1.491629e-02 6.573932e-03 3.077041e-02
    endloop
  endfacet
  facet normal 1.501020e-01 9.886695e-01 1.393235e-03
    outer loop
      vertex -1.570375e-02 6.692650e-03 3.136357e-02
      vertex -1.532877e-02 6.633953e-03 3.261687e-02
      vertex -1.491629e-02 6.573932e-03 3.077041e-02
    endloop
  endfacet
  facet normal 1.248550e-01 9.921744e-01 -1.086640e-03
    outer loop
      vertex -1.356544e-02 6.396979e-03 2.909897e-02
      vertex -1.404813e-02 6.455684e-03 2.723921e-02
      vertex -1.436112e-02 6.497137e-03 2.912608e-02
    endloop
  endfacet
  facet normal 1.076775e-01 9.941835e-01 -2.165928e-03
    outer loop
      vertex -1.265247e-02 6.294868e-03 2.761629e-02
      vertex -1.325836e-02 6.360138e-03 2.745469e-02
      vertex -1.356544e-02 6.396979e-03 2.909897e-02
    endloop
  endfacet
  facet normal 9.788073e-02 9.951980e-01 -4.625499e-04
    outer loop
      vertex -1.268861e-02 6.298235e-03 2.961093e-02
      vertex -1.226133e-02 6.256875e-03 3.103943e-02
      vertex -1.223977e-02 6.253990e-03 2.939520e-02
    endloop
  endfacet
  facet normal 8.996486e-02 9.959431e-01 -1.899749e-03
    outer loop
      vertex -1.130675e-02 6.172805e-03 3.217133e-02
      vertex -1.226133e-02 6.256875e-03 3.103943e-02
      vertex -1.251059e-02 6.281396e-03 3.209070e-02
    endloop
  endfacet
  facet normal 7.723115e-02 9.970125e-01 1.208035e-03
    outer loop
      vertex -1.079478e-02 6.134159e-03 2.831674e-02
      vertex -1.166574e-02 6.202572e-03 2.753523e-02
      vertex -1.136868e-02 6.177602e-03 2.915244e-02
    endloop
  endfacet
  facet normal 7.696042e-02 9.970336e-01 -1.077292e-03
    outer loop
      vertex -1.133447e-02 6.175050e-03 2.572922e-02
      vertex -1.166574e-02 6.202572e-03 2.753523e-02
      vertex -1.080103e-02 6.134573e-03 2.637602e-02
    endloop
  endfacet
  facet normal 6.280566e-02 9.980257e-01 2.409408e-04
    outer loop
      vertex -1.080103e-02 6.134573e-03 2.637602e-02
      vertex -1.022609e-02 6.097956e-03 2.818185e-02
      vertex -1.002923e-02 6.086043e-03 2.621414e-02
    endloop
  endfacet
  facet normal 4.740650e-02 9.988722e-01 2.619807e-03
    outer loop
      vertex -8.930798e-03 6.034446e-03 3.165872e-02
      vertex -1.001879e-02 6.086293e-03 3.157807e-02
      vertex -9.693898e-03 6.068400e-03 3.252141e-02
    endloop
  endfacet
  facet normal 3.129566e-03 9.999801e-01 5.469460e-03
    outer loop
      vertex -7.315672e-03 5.997044e-03 3.607008e-02
      vertex -6.589156e-03 5.995034e-03 3.602184e-02
      vertex -5.972401e-03 6.000370e-03 3.469339e-02
    endloop
  endfacet
  facet normal 1.710339e-02 9.998537e-01 2.113944e-04
    outer loop
      vertex -8.173124e-03 6.011884e-03 2.626768e-02
      vertex -8.195856e-03 6.011976e-03 2.766932e-02
      vertex -7.486721e-03 5.999896e-03 2.743417e-02
    endloop
  endfacet
  facet normal -1.971979e-02 9.998055e-01 -4.378022e-04
    outer loop
      vertex -5.200476e-03 6.015469e-03 3.440541e-02
      vertex -5.782988e-03 6.003475e-03 3.325404e-02
      vertex -5.972401e-03 6.000370e-03 3.469339e-02
    endloop
  endfacet
  facet normal -7.176019e-03 9.999735e-01 1.213274e-03
    outer loop
      vertex -5.972401e-03 6.000370e-03 3.469339e-02
      vertex -5.782988e-03 6.003475e-03 3.325404e-02
      vertex -6.686099e-03 5.995616e-03 3.438965e-02
    endloop
  endfacet
  facet normal -3.607679e-02 9.993475e-01 1.747644e-03
    outer loop
      vertex -5.042920e-03 6.020088e-03 3.274187e-02
      vertex -4.445961e-03 6.039746e-03 3.382422e-02
      vertex -4.062054e-03 6.056752e-03 3.202457e-02
    endloop
  endfacet
  facet normal -2.945626e-02 9.995658e-01 7.373979e-04
    outer loop
      vertex -5.615025e-03 6.006352e-03 2.960247e-02
      vertex -4.764695e-03 6.030542e-03 3.077969e-02
      vertex -4.572574e-03 6.037086e-03 2.958476e-02
    endloop
  endfacet
  facet normal -4.132810e-02 9.991448e-01 1.313259e-03
    outer loop
      vertex -3.902024e-03 6.065614e-03 2.898224e-02
      vertex -4.752818e-03 6.031115e-03 2.845527e-02
      vertex -4.572574e-03 6.037086e-03 2.958476e-02
    endloop
  endfacet
  facet normal -6.899721e-02 9.976149e-01 1.956306e-03
    outer loop
      vertex -2.985560e-03 6.113969e-03 3.236856e-02
      vertex -2.651627e-03 6.133440e-03 3.421705e-02
      vertex -2.122073e-03 6.174463e-03 3.197399e-02
    endloop
  endfacet
  facet normal -6.749262e-02 9.977198e-01 -1.098496e-04
    outer loop
      vertex -3.147182e-03 6.106226e-03 2.984219e-02
      vertex -3.052212e-03 6.112763e-03 3.086823e-02
      vertex -2.379012e-03 6.158145e-03 2.943477e-02
    endloop
  endfacet
  facet normal -5.834715e-02 9.982964e-01 -1.343326e-05
    outer loop
      vertex -2.651627e-03 6.133440e-03 3.421705e-02
      vertex -3.568954e-03 6.079813e-03 3.337479e-02
      vertex -3.644865e-03 6.075393e-03 3.456655e-02
    endloop
  endfacet
  facet normal -4.810481e-02 9.988405e-01 -1.911545e-03
    outer loop
      vertex -4.572574e-03 6.037086e-03 2.958476e-02
      vertex -3.052212e-03 6.112763e-03 3.086823e-02
      vertex -3.147182e-03 6.106226e-03 2.984219e-02
    endloop
  endfacet
  facet normal -5.391551e-02 9.985420e-01 2.635197e-03
    outer loop
      vertex -4.062054e-03 6.056752e-03 3.202457e-02
      vertex -3.568954e-03 6.079813e-03 3.337479e-02
      vertex -2.985560e-03 6.113969e-03 3.236856e-02
    endloop
  endfacet
  facet normal -9.389849e-02 9.955806e-01 1.504600e-03
    outer loop
      vertex -4.252620e-04 6.322220e-03 3.403622e-02
      vertex -7.327770e-04 6.296051e-03 3.216063e-02
      vertex -1.384522e-03 6.231556e-03 3.416262e-02
    endloop
  endfacet
  facet normal -8.689631e-02 9.962084e-01 4.225149e-03
    outer loop
      vertex -2.379012e-03 6.158145e-03 2.943477e-02
      vertex -1.489604e-03 6.226591e-03 3.158868e-02
      vertex -9.914362e-04 6.276072e-03 3.016747e-02
    endloop
  endfacet
  facet normal -6.712600e-02 9.977443e-01 6.054412e-04
    outer loop
      vertex -2.449966e-03 6.155398e-03 2.664604e-02
      vertex -3.076611e-03 6.114307e-03 2.488471e-02
      vertex -3.121052e-03 6.110126e-03 2.684747e-02
    endloop
  endfacet
  facet normal -7.804865e-02 9.969393e-01 4.510282e-03
    outer loop
      vertex -3.076611e-03 6.114307e-03 2.488471e-02
      vertex -2.449966e-03 6.155398e-03 2.664604e-02
      vertex -1.630788e-03 6.223625e-03 2.574093e-02
    endloop
  endfacet
  facet normal -7.461082e-02 9.972118e-01 -1.329668e-03
    outer loop
      vertex -3.076611e-03 6.114307e-03 2.488471e-02
      vertex -1.630788e-03 6.223625e-03 2.574093e-02
      vertex -2.197344e-03 6.178509e-03 2.369610e-02
    endloop
  endfacet
  facet normal -8.481690e-02 9.963954e-01 1.516119e-03
    outer loop
      vertex -2.197344e-03 6.178509e-03 2.369610e-02
      vertex -1.630788e-03 6.223625e-03 2.574093e-02
      vertex -1.552786e-03 6.232834e-03 2.405235e-02
    endloop
  endfacet
  facet normal -1.183111e-01 9.929680e-01 4.127089e-03
    outer loop
      vertex 1.267213e-04 6.390764e-03 3.135579e-02
      vertex 2.591527e-04 6.400147e-03 3.289462e-02
      vertex 8.886555e-04 6.477804e-03 3.225641e-02
    endloop
  endfacet
  facet normal -1.032603e-01 9.946540e-01 7.955615e-04
    outer loop
      vertex -7.103296e-05 6.371677e-03 3.010071e-02
      vertex -8.977690e-04 6.286720e-03 2.901204e-02
      vertex -9.914362e-04 6.276072e-03 3.016747e-02
    endloop
  endfacet
  facet normal -9.852167e-02 9.951347e-01 -6.305635e-04
    outer loop
      vertex -3.545904e-04 6.352260e-03 2.531621e-02
      vertex -8.245335e-04 6.304697e-03 2.367868e-02
      vertex -1.552786e-03 6.232834e-03 2.405235e-02
    endloop
  endfacet
  facet normal -1.199802e-01 9.927708e-01 3.298538e-03
    outer loop
      vertex -8.538183e-05 6.377379e-03 2.737386e-02
      vertex 2.895919e-05 6.386441e-03 2.880565e-02
      vertex 7.665632e-04 6.479647e-03 2.758260e-02
    endloop
  endfacet
  facet normal -1.320559e-01 9.912369e-01 3.247893e-03
    outer loop
      vertex 1.562439e-03 6.577689e-03 2.990861e-02
      vertex 1.192992e-03 6.532546e-03 2.866482e-02
      vertex 7.445178e-04 6.468650e-03 2.993089e-02
    endloop
  endfacet
  facet normal -1.372039e-01 9.905393e-01 2.638611e-03
    outer loop
      vertex 7.861525e-04 6.494186e-03 2.345317e-02
      vertex 9.205264e-04 6.508753e-03 2.497197e-02
      vertex 1.560393e-03 6.600660e-03 2.374223e-02
    endloop
  endfacet
  facet normal -1.425134e-01 9.897679e-01 7.031116e-03
    outer loop
      vertex 2.051605e-03 6.665874e-03 2.577999e-02
      vertex 9.205264e-04 6.508753e-03 2.497197e-02
      vertex 1.391839e-03 6.568733e-03 2.608163e-02
    endloop
  endfacet
  facet normal -1.742888e-01 9.846729e-01 6.534235e-03
    outer loop
      vertex 3.628309e-03 6.874022e-03 3.366628e-02
      vertex 4.662848e-03 7.059772e-03 3.326938e-02
      vertex 4.312957e-03 7.004769e-03 3.222525e-02
    endloop
  endfacet
  facet normal -1.952494e-01 9.807119e-01 9.045187e-03
    outer loop
      vertex 4.552132e-03 7.084659e-03 2.772241e-02
      vertex 4.767705e-03 7.111617e-03 2.945284e-02
      vertex 5.192512e-03 7.210179e-03 2.793623e-02
    endloop
  endfacet
  facet normal -1.818891e-01 9.832917e-01 7.340598e-03
    outer loop
      vertex 3.828642e-03 6.944208e-03 2.860917e-02
      vertex 4.767705e-03 7.111617e-03 2.945284e-02
      vertex 4.552132e-03 7.084659e-03 2.772241e-02
    endloop
  endfacet
  facet normal -1.920962e-01 9.813477e-01 7.460012e-03
    outer loop
      vertex 4.930259e-03 7.178308e-03 2.510715e-02
      vertex 4.011825e-03 7.007550e-03 2.392011e-02
      vertex 4.201313e-03 7.031303e-03 2.567476e-02
    endloop
  endfacet
  facet normal -2.154867e-01 9.764435e-01 1.111283e-02
    outer loop
      vertex 5.977895e-03 7.374750e-03 2.791505e-02
      vertex 6.334873e-03 7.435153e-03 2.952981e-02
      vertex 6.698795e-03 7.542184e-03 2.718211e-02
    endloop
  endfacet
  facet normal -2.239826e-01 9.745448e-01 9.709297e-03
    outer loop
      vertex 7.159948e-03 7.634162e-03 2.858834e-02
      vertex 6.698795e-03 7.542184e-03 2.718211e-02
      vertex 6.334873e-03 7.435153e-03 2.952981e-02
    endloop
  endfacet
  facet normal -2.095231e-01 9.777551e-01 9.745368e-03
    outer loop
      vertex 6.334873e-03 7.435153e-03 2.952981e-02
      vertex 5.977895e-03 7.374750e-03 2.791505e-02
      vertex 5.550242e-03 7.272214e-03 2.900810e-02
    endloop
  endfacet
  facet normal -1.923435e-01 9.813098e-01 5.925839e-03
    outer loop
      vertex 3.888505e-03 6.990409e-03 2.275582e-02
      vertex 4.011825e-03 7.007550e-03 2.392011e-02
      vertex 4.898113e-03 7.188938e-03 2.265009e-02
    endloop
  endfacet
  facet normal -2.048794e-01 9.787559e-01 7.830598e-03
    outer loop
      vertex 5.977895e-03 7.374750e-03 2.791505e-02
      vertex 5.221952e-03 7.227401e-03 2.655399e-02
      vertex 5.192512e-03 7.210179e-03 2.793623e-02
    endloop
  endfacet
  facet normal -2.052238e-01 9.786821e-01 8.029913e-03
    outer loop
      vertex 5.952337e-03 7.378471e-03 2.680832e-02
      vertex 5.221952e-03 7.227401e-03 2.655399e-02
      vertex 5.977895e-03 7.374750e-03 2.791505e-02
    endloop
  endfacet
  facet normal -2.058861e-01 9.785589e-01 5.784273e-03
    outer loop
      vertex 5.784813e-03 7.357758e-03 2.516559e-02
      vertex 5.158988e-03 7.233773e-03 2.386520e-02
      vertex 4.930259e-03 7.178308e-03 2.510715e-02
    endloop
  endfacet
  facet normal -2.315228e-01 9.727530e-01 1.219718e-02
    outer loop
      vertex 7.875097e-03 7.803285e-03 2.867512e-02
      vertex 7.665111e-03 7.772022e-03 2.718252e-02
      vertex 7.159948e-03 7.634162e-03 2.858834e-02
    endloop
  endfacet
  facet normal -2.390474e-01 9.709122e-01 1.363509e-02
    outer loop
      vertex 7.820983e-03 7.845996e-03 2.422519e-02
      vertex 6.607597e-03 7.558730e-03 2.340774e-02
      vertex 7.037029e-03 7.644517e-03 2.482780e-02
    endloop
  endfacet
  facet normal -2.691378e-01 9.629666e-01 1.613236e-02
    outer loop
      vertex 1.022434e-02 8.433395e-03 2.847795e-02
      vertex 9.816346e-03 8.351751e-03 2.654482e-02
      vertex 9.467245e-03 8.230068e-03 2.798419e-02
    endloop
  endfacet
  facet normal -2.559207e-01 9.666255e-01 1.181947e-02
    outer loop
      vertex 8.347025e-03 7.943408e-03 2.717244e-02
      vertex 9.467245e-03 8.230068e-03 2.798419e-02
      vertex 9.034838e-03 8.132061e-03 2.663678e-02
    endloop
  endfacet
  facet normal -2.686657e-01 9.630737e-01 1.754590e-02
    outer loop
      vertex 8.606627e-03 8.034434e-03 2.543856e-02
      vertex 9.034838e-03 8.132061e-03 2.663678e-02
      vertex 9.816346e-03 8.351751e-03 2.654482e-02
    endloop
  endfacet
  facet normal -2.653125e-01 9.640188e-01 1.664359e-02
    outer loop
      vertex 9.175332e-03 8.212639e-03 2.371327e-02
      vertex 8.079721e-03 7.927625e-03 2.275671e-02
      vertex 8.524872e-03 8.028337e-03 2.401938e-02
    endloop
  endfacet
  facet normal -2.804303e-01 9.596882e-01 1.890331e-02
    outer loop
      vertex 9.816346e-03 8.351751e-03 2.654482e-02
      vertex 1.093795e-02 8.652452e-03 2.791772e-02
      vertex 1.082415e-02 8.651360e-03 2.628496e-02
    endloop
  endfacet
  facet normal -2.901070e-01 9.568999e-01 1.343180e-02
    outer loop
      vertex 1.021367e-02 8.512669e-03 2.359698e-02
      vertex 1.155211e-02 8.896886e-03 2.513334e-02
      vertex 1.086509e-02 8.726653e-03 2.242228e-02
    endloop
  endfacet
  facet normal -2.896340e-01 9.570392e-01 1.371948e-02
    outer loop
      vertex 1.086509e-02 8.726653e-03 2.242228e-02
      vertex 9.840678e-03 8.431797e-03 2.136422e-02
      vertex 1.021367e-02 8.512669e-03 2.359698e-02
    endloop
  endfacet
  facet normal -2.874718e-01 9.577208e-01 1.143611e-02
    outer loop
      vertex 9.840678e-03 8.431797e-03 2.136422e-02
      vertex 1.086509e-02 8.726653e-03 2.242228e-02
      vertex 1.037482e-02 8.604808e-03 2.030212e-02
    endloop
  endfacet
  facet normal -3.222695e-01 9.464894e-01 1.732831e-02
    outer loop
      vertex 1.238060e-02 9.194951e-03 2.370354e-02
      vertex 1.314040e-02 9.452043e-03 2.379144e-02
      vertex 1.267541e-02 9.320587e-03 2.232397e-02
    endloop
  endfacet
  facet normal -3.196585e-01 9.472703e-01 2.230303e-02
    outer loop
      vertex 1.267541e-02 9.320587e-03 2.232397e-02
      vertex 1.152018e-02 8.952862e-03 2.138482e-02
      vertex 1.205074e-02 9.106209e-03 2.247609e-02
    endloop
  endfacet
  facet normal -3.323466e-01 9.429595e-01 1.931583e-02
    outer loop
      vertex 1.267541e-02 9.320587e-03 2.232397e-02
      vertex 1.388365e-02 9.722483e-03 2.349301e-02
      vertex 1.369155e-02 9.684520e-03 2.204107e-02
    endloop
  endfacet
  facet normal -3.239937e-01 9.458909e-01 1.784490e-02
    outer loop
      vertex 1.282111e-02 9.403072e-03 2.059706e-02
      vertex 1.223624e-02 9.195124e-03 2.100059e-02
      vertex 1.267541e-02 9.320587e-03 2.232397e-02
    endloop
  endfacet
  facet normal -3.372883e-01 9.412795e-01 1.514769e-02
    outer loop
      vertex 1.282111e-02 9.403072e-03 2.059706e-02
      vertex 1.365018e-02 9.703913e-03 2.036330e-02
      vertex 1.307720e-02 9.518543e-03 1.912385e-02
    endloop
  endfacet
  facet normal -3.362596e-01 9.415741e-01 1.917521e-02
    outer loop
      vertex 1.282111e-02 9.403072e-03 2.059706e-02
      vertex 1.369155e-02 9.684520e-03 2.204107e-02
      vertex 1.365018e-02 9.703913e-03 2.036330e-02
    endloop
  endfacet
  facet normal -3.448728e-01 9.384083e-01 2.127698e-02
    outer loop
      vertex 1.369155e-02 9.684520e-03 2.204107e-02
      vertex 1.439014e-02 9.915754e-03 2.316588e-02
      vertex 1.432055e-02 9.923940e-03 2.167696e-02
    endloop
  endfacet
  facet normal -3.533112e-01 9.353667e-01 1.613632e-02
    outer loop
      vertex 1.518276e-02 1.026657e-02 2.131611e-02
      vertex 1.588062e-02 1.051151e-02 2.239790e-02
      vertex 1.533573e-02 1.033142e-02 2.090625e-02
    endloop
  endfacet
  facet normal -5.468549e-03 9.999843e-01 1.254506e-03
    outer loop
      vertex -7.024184e-03 5.995637e-03 2.422601e-02
      vertex -6.767706e-03 5.994576e-03 2.618935e-02
      vertex -6.153439e-03 5.998668e-03 2.560544e-02
    endloop
  endfacet
  facet normal -9.944518e-03 9.999501e-01 -9.885900e-04
    outer loop
      vertex -6.558580e-03 5.995349e-03 3.283680e-02
      vertex -6.686099e-03 5.995616e-03 3.438965e-02
      vertex -5.782988e-03 6.003475e-03 3.325404e-02
    endloop
  endfacet
  facet normal -9.743360e-03 9.999524e-01 -4.187925e-04
    outer loop
      vertex -5.943656e-03 6.001920e-03 2.848602e-02
      vertex -6.654119e-03 5.994792e-03 2.799509e-02
      vertex -6.683972e-03 5.995087e-03 2.939439e-02
    endloop
  endfacet
  facet normal -5.214968e-02 9.986279e-01 -4.759438e-03
    outer loop
      vertex 1.778651e-02 1.080311e-02 2.504979e-03
      vertex 1.795358e-02 1.082050e-02 4.323066e-03
      vertex 1.831791e-02 1.082907e-02 2.129541e-03
    endloop
  endfacet
  facet normal -5.167296e-02 9.986615e-01 -2.264222e-03
    outer loop
      vertex 1.709715e-02 1.079005e-02 6.163033e-03
      vertex 1.737954e-02 1.080722e-02 7.293186e-03
      vertex 1.878954e-02 1.087862e-02 6.608252e-03
    endloop
  endfacet
  facet normal -4.044191e-02 9.991819e-01 -1.199487e-04
    outer loop
      vertex -3.902024e-03 6.065614e-03 2.898224e-02
      vertex -3.995871e-03 6.061618e-03 2.733759e-02
      vertex -4.752818e-03 6.031115e-03 2.845527e-02
    endloop
  endfacet
  facet normal -2.435327e-01 9.697924e-01 1.394881e-02
    outer loop
      vertex 7.665111e-03 7.772022e-03 2.718252e-02
      vertex 7.875097e-03 7.803285e-03 2.867512e-02
      vertex 8.347025e-03 7.943408e-03 2.717244e-02
    endloop
  endfacet
  facet normal -5.276927e-02 9.985891e-01 -5.929463e-03
    outer loop
      vertex 1.700042e-02 1.081758e-02 1.294489e-02
      vertex 1.787688e-02 1.086425e-02 1.300570e-02
      vertex 1.769341e-02 1.084541e-02 1.146422e-02
    endloop
  endfacet
  facet normal -5.568605e-02 9.984380e-01 -4.537597e-03
    outer loop
      vertex 1.735240e-02 1.082063e-02 1.019815e-02
      vertex 1.769341e-02 1.084541e-02 1.146422e-02
      vertex 1.839746e-02 1.087861e-02 1.013095e-02
    endloop
  endfacet
  facet normal -5.586689e-02 9.984110e-01 -7.373114e-03
    outer loop
      vertex 1.735240e-02 1.082063e-02 1.019815e-02
      vertex 1.839746e-02 1.087861e-02 1.013095e-02
      vertex 1.794641e-02 1.084448e-02 8.925902e-03
    endloop
  endfacet
  facet normal -1.442870e-02 9.998844e-01 4.791322e-03
    outer loop
      vertex 1.550628e-02 1.071934e-02 4.592395e-04
      vertex 1.377888e-02 1.069571e-02 1.894051e-04
      vertex 1.442290e-02 1.070128e-02 9.659511e-04
    endloop
  endfacet
  facet normal -1.654012e-02 9.998619e-01 -1.593000e-03
    outer loop
      vertex 1.526668e-02 1.071681e-02 1.951125e-03
      vertex 1.442290e-02 1.070128e-02 9.659511e-04
      vertex 1.431485e-02 1.070167e-02 2.330883e-03
    endloop
  endfacet
  facet normal -5.375064e-02 9.985417e-01 -5.026062e-03
    outer loop
      vertex 1.845812e-02 1.084332e-02 3.461051e-03
      vertex 1.795358e-02 1.082050e-02 4.323066e-03
      vertex 1.861108e-02 1.085887e-02 4.913608e-03
    endloop
  endfacet
  facet normal -6.902960e-02 9.975932e-01 -6.534683e-03
    outer loop
      vertex 1.913743e-02 1.098092e-02 1.807542e-02
      vertex 1.935100e-02 1.098658e-02 1.668451e-02
      vertex 1.835215e-02 1.092043e-02 1.713694e-02
    endloop
  endfacet
  facet normal -5.417685e-02 9.985179e-01 -5.175291e-03
    outer loop
      vertex 1.756833e-02 1.087397e-02 1.747400e-02
      vertex 1.638411e-02 1.081565e-02 1.861893e-02
      vertex 1.724875e-02 1.086599e-02 1.927976e-02
    endloop
  endfacet
  facet normal -4.884137e-02 9.987513e-01 -1.050562e-02
    outer loop
      vertex 1.795358e-02 1.082050e-02 4.323066e-03
      vertex 1.696239e-02 1.077900e-02 4.985809e-03
      vertex 1.861108e-02 1.085887e-02 4.913608e-03
    endloop
  endfacet
  facet normal -6.908148e-02 9.975933e-01 -5.940791e-03
    outer loop
      vertex 1.955428e-02 1.098065e-02 1.386983e-02
      vertex 1.875322e-02 1.091318e-02 1.185499e-02
      vertex 1.862838e-02 1.091347e-02 1.335498e-02
    endloop
  endfacet
  facet normal 2.108771e-01 9.775123e-01 -7.069613e-04
    outer loop
      vertex -1.841155e-02 7.185925e-03 2.901907e-02
      vertex -1.857014e-02 7.218929e-03 2.734793e-02
      vertex -1.917758e-02 7.350381e-03 2.791409e-02
    endloop
  endfacet
  facet normal 1.553860e-01 9.878538e-01 -3.448508e-05
    outer loop
      vertex -1.595916e-02 6.733763e-03 2.796736e-02
      vertex -1.530072e-02 6.630226e-03 2.891063e-02
      vertex -1.531987e-02 6.633180e-03 2.723946e-02
    endloop
  endfacet
  facet normal 1.438271e-01 9.896028e-01 1.010656e-04
    outer loop
      vertex -1.468679e-02 6.541158e-03 2.734715e-02
      vertex -1.531987e-02 6.633180e-03 2.723946e-02
      vertex -1.530072e-02 6.630226e-03 2.891063e-02
    endloop
  endfacet
  facet normal 1.200562e-01 9.927671e-01 1.775694e-04
    outer loop
      vertex -1.325836e-02 6.360138e-03 2.745469e-02
      vertex -1.404813e-02 6.455684e-03 2.723921e-02
      vertex -1.356544e-02 6.396979e-03 2.909897e-02
    endloop
  endfacet
  facet normal 1.050980e-01 9.944604e-01 1.722985e-03
    outer loop
      vertex -1.329847e-02 6.365502e-03 3.160568e-02
      vertex -1.251059e-02 6.281396e-03 3.209070e-02
      vertex -1.226133e-02 6.256875e-03 3.103943e-02
    endloop
  endfacet
  facet normal 1.123711e-01 9.936659e-01 8.470114e-04
    outer loop
      vertex -1.358252e-02 6.398750e-03 3.028497e-02
      vertex -1.329847e-02 6.365502e-03 3.160568e-02
      vertex -1.268861e-02 6.298235e-03 2.961093e-02
    endloop
  endfacet
  facet normal 9.323188e-02 9.956436e-01 1.249609e-03
    outer loop
      vertex -1.265247e-02 6.294868e-03 2.761629e-02
      vertex -1.223977e-02 6.253990e-03 2.939520e-02
      vertex -1.166574e-02 6.202572e-03 2.753523e-02
    endloop
  endfacet
  facet normal 8.718245e-02 9.961922e-01 -6.325549e-04
    outer loop
      vertex -1.223977e-02 6.253990e-03 2.939520e-02
      vertex -1.136868e-02 6.177602e-03 2.915244e-02
      vertex -1.166574e-02 6.202572e-03 2.753523e-02
    endloop
  endfacet
  facet normal 5.123615e-02 9.986832e-01 2.598632e-03
    outer loop
      vertex -1.022609e-02 6.097956e-03 2.818185e-02
      vertex -9.483500e-03 6.057685e-03 2.901729e-02
      vertex -9.023466e-03 6.038292e-03 2.739994e-02
    endloop
  endfacet
  facet normal 4.760711e-02 9.988661e-01 -9.034389e-05
    outer loop
      vertex -8.930798e-03 6.034446e-03 3.165872e-02
      vertex -8.995389e-03 6.037393e-03 3.020319e-02
      vertex -1.001879e-02 6.086293e-03 3.157807e-02
    endloop
  endfacet
  facet normal 3.042168e-02 9.995369e-01 6.736471e-04
    outer loop
      vertex -8.094894e-03 6.009223e-03 3.133510e-02
      vertex -8.995389e-03 6.037393e-03 3.020319e-02
      vertex -8.930798e-03 6.034446e-03 3.165872e-02
    endloop
  endfacet
  facet normal 6.183376e-03 9.999809e-01 -7.901467e-05
    outer loop
      vertex -6.654119e-03 5.994792e-03 2.799509e-02
      vertex -7.486721e-03 5.999896e-03 2.743417e-02
      vertex -6.683972e-03 5.995087e-03 2.939439e-02
    endloop
  endfacet
  facet normal -1.400680e-03 9.999990e-01 8.185789e-05
    outer loop
      vertex -7.203578e-03 5.996342e-03 3.901407e-02
      vertex -6.235297e-03 5.997758e-03 3.828166e-02
      vertex -7.198735e-03 5.996458e-03 3.768142e-02
    endloop
  endfacet
  facet normal -2.455990e-02 9.996964e-01 -1.980228e-03
    outer loop
      vertex -4.752818e-03 6.031115e-03 2.845527e-02
      vertex -5.229911e-03 6.016146e-03 2.681581e-02
      vertex -5.943656e-03 6.001920e-03 2.848602e-02
    endloop
  endfacet
  facet normal -3.758916e-02 9.992916e-01 1.815066e-03
    outer loop
      vertex -5.229911e-03 6.016146e-03 2.681581e-02
      vertex -4.752818e-03 6.031115e-03 2.845527e-02
      vertex -3.995871e-03 6.061618e-03 2.733759e-02
    endloop
  endfacet
  facet normal -7.533186e-02 9.971584e-01 4.524360e-04
    outer loop
      vertex -1.755866e-03 6.201572e-03 3.320055e-02
      vertex -2.122073e-03 6.174463e-03 3.197399e-02
      vertex -2.651627e-03 6.133440e-03 3.421705e-02
    endloop
  endfacet
  facet normal -5.838951e-02 9.982939e-01 3.285482e-05
    outer loop
      vertex -2.651627e-03 6.133440e-03 3.421705e-02
      vertex -2.985560e-03 6.113969e-03 3.236856e-02
      vertex -3.568954e-03 6.079813e-03 3.337479e-02
    endloop
  endfacet
  facet normal -5.568931e-02 9.984480e-01 -5.808883e-04
    outer loop
      vertex -3.995871e-03 6.061618e-03 2.733759e-02
      vertex -2.928049e-03 6.121950e-03 2.866727e-02
      vertex -3.121052e-03 6.110126e-03 2.684747e-02
    endloop
  endfacet
  facet normal -1.226550e-01 9.924494e-01 -2.205848e-04
    outer loop
      vertex 2.591527e-04 6.400147e-03 3.289462e-02
      vertex 1.623964e-03 6.568973e-03 3.357468e-02
      vertex 8.886555e-04 6.477804e-03 3.225641e-02
    endloop
  endfacet
  facet normal -1.433278e-01 9.896661e-01 4.269905e-03
    outer loop
      vertex 2.454153e-03 6.694787e-03 3.228082e-02
      vertex 1.658130e-03 6.581191e-03 3.188967e-02
      vertex 1.623964e-03 6.568973e-03 3.357468e-02
    endloop
  endfacet
  facet normal -1.424823e-01 9.897856e-01 4.824079e-03
    outer loop
      vertex 2.604712e-03 6.710076e-03 3.359070e-02
      vertex 2.454153e-03 6.694787e-03 3.228082e-02
      vertex 1.623964e-03 6.568973e-03 3.357468e-02
    endloop
  endfacet
  facet normal -1.320066e-01 9.912360e-01 5.055063e-03
    outer loop
      vertex 7.445178e-04 6.468650e-03 2.993089e-02
      vertex 1.304664e-03 6.537429e-03 3.107169e-02
      vertex 1.562439e-03 6.577689e-03 2.990861e-02
    endloop
  endfacet
  facet normal -1.700217e-01 9.854180e-01 6.631493e-03
    outer loop
      vertex 4.312957e-03 7.004769e-03 3.222525e-02
      vertex 3.153857e-03 6.811499e-03 3.122697e-02
      vertex 3.199530e-03 6.810759e-03 3.250785e-02
    endloop
  endfacet
  facet normal -1.694587e-01 9.854971e-01 8.903881e-03
    outer loop
      vertex 3.628309e-03 6.874022e-03 3.366628e-02
      vertex 4.312957e-03 7.004769e-03 3.222525e-02
      vertex 3.199530e-03 6.810759e-03 3.250785e-02
    endloop
  endfacet
  facet normal -1.820024e-01 9.832697e-01 7.471047e-03
    outer loop
      vertex 3.828642e-03 6.944208e-03 2.860917e-02
      vertex 3.977486e-03 6.954735e-03 3.084961e-02
      vertex 4.767705e-03 7.111617e-03 2.945284e-02
    endloop
  endfacet
  facet normal -1.788544e-01 9.838580e-01 5.879728e-03
    outer loop
      vertex 3.174661e-03 6.859890e-03 2.316256e-02
      vertex 3.407356e-03 6.888914e-03 2.538439e-02
      vertex 4.011825e-03 7.007550e-03 2.392011e-02
    endloop
  endfacet
  facet normal -2.211001e-01 9.751727e-01 1.236818e-02
    outer loop
      vertex 6.334873e-03 7.435153e-03 2.952981e-02
      vertex 7.359586e-03 7.657737e-03 3.029840e-02
      vertex 7.159948e-03 7.634162e-03 2.858834e-02
    endloop
  endfacet
  facet normal -2.247858e-01 9.743277e-01 1.252716e-02
    outer loop
      vertex 7.764140e-03 7.729041e-03 3.220707e-02
      vertex 6.731661e-03 7.506927e-03 3.095574e-02
      vertex 6.822753e-03 7.507396e-03 3.255383e-02
    endloop
  endfacet
  facet normal -2.227088e-01 9.748564e-01 7.473405e-03
    outer loop
      vertex 6.607597e-03 7.558730e-03 2.340774e-02
      vertex 5.836812e-03 7.390734e-03 2.235216e-02
      vertex 5.891870e-03 7.390261e-03 2.405459e-02
    endloop
  endfacet
  facet normal -2.596565e-01 9.655722e-01 1.577394e-02
    outer loop
      vertex 9.086570e-03 8.077677e-03 3.098247e-02
      vertex 9.840770e-03 8.279770e-03 3.102668e-02
      vertex 9.695738e-03 8.262797e-03 2.967824e-02
    endloop
  endfacet
  facet normal -2.348184e-01 9.720143e-01 6.970352e-03
    outer loop
      vertex 6.607597e-03 7.558730e-03 2.340774e-02
      vertex 7.820983e-03 7.845996e-03 2.422519e-02
      vertex 7.315296e-03 7.737511e-03 2.231784e-02
    endloop
  endfacet
  facet normal -2.588615e-01 9.658752e-01 8.701771e-03
    outer loop
      vertex 8.079721e-03 7.927625e-03 2.275671e-02
      vertex 9.175332e-03 8.212639e-03 2.371327e-02
      vertex 8.747093e-03 8.110271e-03 2.233659e-02
    endloop
  endfacet
  facet normal -2.785943e-01 9.603369e-01 1.175584e-02
    outer loop
      vertex 1.021367e-02 8.512669e-03 2.359698e-02
      vertex 9.840678e-03 8.431797e-03 2.136422e-02
      vertex 9.364799e-03 8.283457e-03 2.220458e-02
    endloop
  endfacet
  facet normal -2.944647e-01 9.555007e-01 1.757810e-02
    outer loop
      vertex 1.155211e-02 8.896886e-03 2.513334e-02
      vertex 1.021367e-02 8.512669e-03 2.359698e-02
      vertex 1.059575e-02 8.602117e-03 2.513541e-02
    endloop
  endfacet
  facet normal -3.115312e-01 9.500740e-01 1.754326e-02
    outer loop
      vertex 1.155211e-02 8.896886e-03 2.513334e-02
      vertex 1.238060e-02 9.194951e-03 2.370354e-02
      vertex 1.162130e-02 8.959070e-03 2.299430e-02
    endloop
  endfacet
  facet normal -3.084702e-01 9.510338e-01 1.951696e-02
    outer loop
      vertex 1.155211e-02 8.896886e-03 2.513334e-02
      vertex 1.238197e-02 9.163529e-03 2.525627e-02
      vertex 1.238060e-02 9.194951e-03 2.370354e-02
    endloop
  endfacet
  facet normal -3.136616e-01 9.494304e-01 1.408055e-02
    outer loop
      vertex 1.267541e-02 9.320587e-03 2.232397e-02
      vertex 1.223624e-02 9.195124e-03 2.100059e-02
      vertex 1.152018e-02 8.952862e-03 2.138482e-02
    endloop
  endfacet
  facet normal -3.445411e-01 9.385353e-01 2.104489e-02
    outer loop
      vertex 1.439014e-02 9.915754e-03 2.316588e-02
      vertex 1.369155e-02 9.684520e-03 2.204107e-02
      vertex 1.388365e-02 9.722483e-03 2.349301e-02
    endloop
  endfacet
  facet normal -3.559316e-01 9.342630e-01 2.157185e-02
    outer loop
      vertex 1.439014e-02 9.915754e-03 2.316588e-02
      vertex 1.547453e-02 1.032096e-02 2.350914e-02
      vertex 1.483657e-02 1.011790e-02 2.177685e-02
    endloop
  endfacet
  facet normal -3.753904e-01 9.264210e-01 2.874406e-02
    outer loop
      vertex 1.588062e-02 1.051151e-02 2.239790e-02
      vertex 1.643970e-02 1.072639e-02 2.277370e-02
      vertex 1.665756e-02 1.084673e-02 2.174009e-02
    endloop
  endfacet
  facet normal -9.491810e-03 9.999546e-01 -7.828612e-04
    outer loop
      vertex -6.654119e-03 5.994792e-03 2.799509e-02
      vertex -5.943656e-03 6.001920e-03 2.848602e-02
      vertex -6.104004e-03 5.999257e-03 2.702913e-02
    endloop
  endfacet
  facet normal -3.771246e-01 9.258179e-01 2.526513e-02
    outer loop
      vertex 1.665756e-02 1.084673e-02 2.174009e-02
      vertex 1.650801e-02 1.082981e-02 2.012786e-02
      vertex 1.575063e-02 1.052406e-02 2.002680e-02
    endloop
  endfacet
  facet normal -6.223739e-02 9.980423e-01 -6.170292e-03
    outer loop
      vertex 1.761151e-02 1.086657e-02 1.589515e-02
      vertex 1.835215e-02 1.092043e-02 1.713694e-02
      vertex 1.859369e-02 1.092655e-02 1.569070e-02
    endloop
  endfacet
  facet normal -6.190020e-02 9.980620e-01 -6.372264e-03
    outer loop
      vertex 1.761151e-02 1.086657e-02 1.589515e-02
      vertex 1.756833e-02 1.087397e-02 1.747400e-02
      vertex 1.835215e-02 1.092043e-02 1.713694e-02
    endloop
  endfacet
  facet normal -6.337926e-02 9.979791e-01 -4.549018e-03
    outer loop
      vertex 1.912094e-02 1.092285e-02 9.755421e-03
      vertex 1.794641e-02 1.084448e-02 8.925902e-03
      vertex 1.839746e-02 1.087861e-02 1.013095e-02
    endloop
  endfacet
  facet normal -6.102669e-02 9.981223e-01 -5.262873e-03
    outer loop
      vertex 1.805744e-02 1.093449e-02 2.214998e-02
      vertex 1.665756e-02 1.084673e-02 2.174009e-02
      vertex 1.755332e-02 1.091060e-02 2.346582e-02
    endloop
  endfacet
  facet normal -6.048826e-02 9.981436e-01 -7.106330e-03
    outer loop
      vertex 1.665756e-02 1.084673e-02 2.174009e-02
      vertex 1.805744e-02 1.093449e-02 2.214998e-02
      vertex 1.764462e-02 1.090123e-02 2.099222e-02
    endloop
  endfacet
  facet normal -6.204812e-02 9.980615e-01 -4.818616e-03
    outer loop
      vertex 1.875322e-02 1.091318e-02 1.185499e-02
      vertex 1.769341e-02 1.084541e-02 1.146422e-02
      vertex 1.787688e-02 1.086425e-02 1.300570e-02
    endloop
  endfacet
  facet normal -5.290128e-02 9.985809e-01 -6.128593e-03
    outer loop
      vertex 1.626869e-02 1.080192e-02 1.695244e-02
      vertex 1.756833e-02 1.087397e-02 1.747400e-02
      vertex 1.761151e-02 1.086657e-02 1.589515e-02
    endloop
  endfacet
  facet normal -5.286785e-02 9.985830e-01 -6.086016e-03
    outer loop
      vertex 1.626869e-02 1.080192e-02 1.695244e-02
      vertex 1.761151e-02 1.086657e-02 1.589515e-02
      vertex 1.677355e-02 1.082010e-02 1.554983e-02
    endloop
  endfacet
  facet normal -4.155422e-02 9.991226e-01 -5.226041e-03
    outer loop
      vertex 1.778651e-02 1.080311e-02 2.504979e-03
      vertex 1.754716e-02 1.078532e-02 1.006713e-03
      vertex 1.692179e-02 1.076444e-02 1.988172e-03
    endloop
  endfacet
  facet normal 2.097160e-01 9.777623e-01 1.351779e-04
    outer loop
      vertex -1.917758e-02 7.350381e-03 2.791409e-02
      vertex -1.907077e-02 7.327227e-03 2.969307e-02
      vertex -1.841155e-02 7.185925e-03 2.901907e-02
    endloop
  endfacet
  facet normal 1.979577e-01 9.802106e-01 -2.100699e-05
    outer loop
      vertex -1.841155e-02 7.185925e-03 2.901907e-02
      vertex -1.783541e-02 7.069584e-03 2.961196e-02
      vertex -1.787501e-02 7.077546e-03 2.796774e-02
    endloop
  endfacet
  facet normal 1.549187e-01 9.879266e-01 1.147525e-03
    outer loop
      vertex -1.605257e-02 6.748173e-03 3.484076e-02
      vertex -1.531711e-02 6.632679e-03 3.498212e-02
      vertex -1.520598e-02 6.616501e-03 3.390730e-02
    endloop
  endfacet
  facet normal 1.352403e-01 9.908126e-01 -6.126533e-04
    outer loop
      vertex -1.413412e-02 6.467437e-03 3.120153e-02
      vertex -1.436112e-02 6.497137e-03 2.912608e-02
      vertex -1.491629e-02 6.573932e-03 3.077041e-02
    endloop
  endfacet
  facet normal 1.118349e-01 9.937268e-01 1.267374e-04
    outer loop
      vertex -1.268861e-02 6.298235e-03 2.961093e-02
      vertex -1.356544e-02 6.396979e-03 2.909897e-02
      vertex -1.358252e-02 6.398750e-03 3.028497e-02
    endloop
  endfacet
  facet normal 7.112517e-02 9.974629e-01 -3.008520e-03
    outer loop
      vertex -1.028508e-02 6.101716e-03 2.961045e-02
      vertex -1.079478e-02 6.134159e-03 2.831674e-02
      vertex -1.136868e-02 6.177602e-03 2.915244e-02
    endloop
  endfacet
  facet normal 3.786191e-02 9.992818e-01 1.515229e-03
    outer loop
      vertex -9.483500e-03 6.057685e-03 2.901729e-02
      vertex -8.995389e-03 6.037393e-03 3.020319e-02
      vertex -8.520723e-03 6.021084e-03 2.909797e-02
    endloop
  endfacet
  facet normal 2.985363e-02 9.995536e-01 1.125983e-03
    outer loop
      vertex -8.995389e-03 6.037393e-03 3.020319e-02
      vertex -8.094894e-03 6.009223e-03 3.133510e-02
      vertex -8.024937e-03 6.008469e-03 3.014909e-02
    endloop
  endfacet
  facet normal 1.327814e-02 9.999115e-01 -8.733841e-04
    outer loop
      vertex -8.024937e-03 6.008469e-03 3.014909e-02
      vertex -7.243015e-03 5.998648e-03 3.079247e-02
      vertex -7.638829e-03 6.002447e-03 2.912474e-02
    endloop
  endfacet
  facet normal -3.733058e-02 9.993030e-01 3.088892e-05
    outer loop
      vertex -4.062054e-03 6.056752e-03 3.202457e-02
      vertex -4.764695e-03 6.030542e-03 3.077969e-02
      vertex -5.042920e-03 6.020088e-03 3.274187e-02
    endloop
  endfacet
  facet normal -2.667237e-02 9.996430e-01 1.543963e-03
    outer loop
      vertex -5.042920e-03 6.020088e-03 3.274187e-02
      vertex -4.764695e-03 6.030542e-03 3.077969e-02
      vertex -5.582694e-03 6.007090e-03 3.183310e-02
    endloop
  endfacet
  facet normal -3.616010e-02 9.993448e-01 -1.569396e-03
    outer loop
      vertex -4.661765e-03 6.034732e-03 2.556011e-02
      vertex -5.229911e-03 6.016146e-03 2.681581e-02
      vertex -3.995871e-03 6.061618e-03 2.733759e-02
    endloop
  endfacet
  facet normal -6.886018e-02 9.976238e-01 2.257533e-03
    outer loop
      vertex -2.122073e-03 6.174463e-03 3.197399e-02
      vertex -3.052212e-03 6.112763e-03 3.086823e-02
      vertex -2.985560e-03 6.113969e-03 3.236856e-02
    endloop
  endfacet
  facet normal -5.357875e-02 9.985624e-01 1.577909e-03
    outer loop
      vertex -4.062054e-03 6.056752e-03 3.202457e-02
      vertex -2.985560e-03 6.113969e-03 3.236856e-02
      vertex -3.052212e-03 6.112763e-03 3.086823e-02
    endloop
  endfacet
  facet normal -8.710287e-02 9.961908e-01 4.122531e-03
    outer loop
      vertex -1.550387e-03 6.227461e-03 2.823910e-02
      vertex -9.833661e-04 6.284062e-03 2.654189e-02
      vertex -2.449966e-03 6.155398e-03 2.664604e-02
    endloop
  endfacet
  facet normal -9.595702e-02 9.953848e-01 1.137557e-03
    outer loop
      vertex -6.752059e-04 6.312174e-03 2.793823e-02
      vertex -9.833661e-04 6.284062e-03 2.654189e-02
      vertex -1.550387e-03 6.227461e-03 2.823910e-02
    endloop
  endfacet
  facet normal -1.094831e-01 9.939883e-01 -8.587380e-04
    outer loop
      vertex -3.545904e-04 6.352260e-03 2.531621e-02
      vertex -9.833661e-04 6.284062e-03 2.654189e-02
      vertex 3.028639e-04 6.425523e-03 2.629690e-02
    endloop
  endfacet
  facet normal -1.422717e-01 9.898239e-01 2.731128e-03
    outer loop
      vertex 2.383860e-03 6.694093e-03 3.051124e-02
      vertex 1.562439e-03 6.577689e-03 2.990861e-02
      vertex 1.304664e-03 6.537429e-03 3.107169e-02
    endloop
  endfacet
  facet normal -1.294259e-01 9.915768e-01 4.936367e-03
    outer loop
      vertex 1.391839e-03 6.568733e-03 2.608163e-02
      vertex 3.028639e-04 6.425523e-03 2.629690e-02
      vertex 7.665632e-04 6.479647e-03 2.758260e-02
    endloop
  endfacet
  facet normal -1.392862e-01 9.902519e-01 7.500806e-04
    outer loop
      vertex 2.107914e-03 6.668406e-03 2.746644e-02
      vertex 1.391839e-03 6.568733e-03 2.608163e-02
      vertex 7.665632e-04 6.479647e-03 2.758260e-02
    endloop
  endfacet
  facet normal -1.692453e-01 9.855518e-01 6.612807e-03
    outer loop
      vertex 3.125020e-03 6.814709e-03 2.990108e-02
      vertex 3.977486e-03 6.954735e-03 3.084961e-02
      vertex 3.828642e-03 6.944208e-03 2.860917e-02
    endloop
  endfacet
  facet normal -1.559832e-01 9.877428e-01 5.783961e-03
    outer loop
      vertex 2.383860e-03 6.694093e-03 3.051124e-02
      vertex 3.153857e-03 6.811499e-03 3.122697e-02
      vertex 3.125020e-03 6.814709e-03 2.990108e-02
    endloop
  endfacet
  facet normal -1.441738e-01 9.895468e-01 3.328156e-03
    outer loop
      vertex 1.391839e-03 6.568733e-03 2.608163e-02
      vertex 2.107914e-03 6.668406e-03 2.746644e-02
      vertex 2.051605e-03 6.665874e-03 2.577999e-02
    endloop
  endfacet
  facet normal -1.556645e-01 9.878030e-01 3.714438e-03
    outer loop
      vertex 2.051605e-03 6.665874e-03 2.577999e-02
      vertex 2.107914e-03 6.668406e-03 2.746644e-02
      vertex 2.827214e-03 6.786712e-03 2.614897e-02
    endloop
  endfacet
  facet normal -1.551380e-01 9.878847e-01 4.009199e-03
    outer loop
      vertex 2.107914e-03 6.668406e-03 2.746644e-02
      vertex 3.110490e-03 6.822549e-03 2.828003e-02
      vertex 2.827214e-03 6.786712e-03 2.614897e-02
    endloop
  endfacet
  facet normal -1.707326e-01 9.852984e-01 6.125624e-03
    outer loop
      vertex 3.697717e-03 6.930536e-03 2.727760e-02
      vertex 2.827214e-03 6.786712e-03 2.614897e-02
      vertex 3.110490e-03 6.822549e-03 2.828003e-02
    endloop
  endfacet
  facet normal -1.956625e-01 9.806408e-01 7.729644e-03
    outer loop
      vertex 5.738507e-03 7.298747e-03 3.028627e-02
      vertex 4.767705e-03 7.111617e-03 2.945284e-02
      vertex 4.777619e-03 7.101662e-03 3.096682e-02
    endloop
  endfacet
  facet normal -1.801558e-01 9.836242e-01 5.235596e-03
    outer loop
      vertex 4.552132e-03 7.084659e-03 2.772241e-02
      vertex 4.201313e-03 7.031303e-03 2.567476e-02
      vertex 3.697717e-03 6.930536e-03 2.727760e-02
    endloop
  endfacet
  facet normal -2.211635e-01 9.751572e-01 1.245728e-02
    outer loop
      vertex 6.334873e-03 7.435153e-03 2.952981e-02
      vertex 6.731661e-03 7.506927e-03 3.095574e-02
      vertex 7.359586e-03 7.657737e-03 3.029840e-02
    endloop
  endfacet
  facet normal -2.190067e-01 9.756718e-01 1.003171e-02
    outer loop
      vertex 6.698795e-03 7.542184e-03 2.718211e-02
      vertex 5.784813e-03 7.357758e-03 2.516559e-02
      vertex 5.952337e-03 7.378471e-03 2.680832e-02
    endloop
  endfacet
  facet normal -2.461521e-01 9.691099e-01 1.533783e-02
    outer loop
      vertex 7.875097e-03 7.803285e-03 2.867512e-02
      vertex 8.123000e-03 7.848852e-03 2.977449e-02
      vertex 8.738858e-03 8.017414e-03 2.900774e-02
    endloop
  endfacet
  facet normal -2.313855e-01 9.728029e-01 1.073919e-02
    outer loop
      vertex 6.698795e-03 7.542184e-03 2.718211e-02
      vertex 7.665111e-03 7.772022e-03 2.718252e-02
      vertex 6.516708e-03 7.523540e-03 2.494777e-02
    endloop
  endfacet
  facet normal -2.701670e-01 9.626481e-01 1.784165e-02
    outer loop
      vertex 9.467245e-03 8.230068e-03 2.798419e-02
      vertex 9.695738e-03 8.262797e-03 2.967824e-02
      vertex 1.022434e-02 8.433395e-03 2.847795e-02
    endloop
  endfacet
  facet normal -2.590618e-01 9.657235e-01 1.628436e-02
    outer loop
      vertex 8.738858e-03 8.017414e-03 2.900774e-02
      vertex 9.695738e-03 8.262797e-03 2.967824e-02
      vertex 9.467245e-03 8.230068e-03 2.798419e-02
    endloop
  endfacet
  facet normal -2.479828e-01 9.687115e-01 1.012405e-02
    outer loop
      vertex 7.820983e-03 7.845996e-03 2.422519e-02
      vertex 8.606627e-03 8.034434e-03 2.543856e-02
      vertex 8.524872e-03 8.028337e-03 2.401938e-02
    endloop
  endfacet
  facet normal -2.637735e-01 9.645213e-01 1.105172e-02
    outer loop
      vertex 9.489286e-03 8.278324e-03 2.522006e-02
      vertex 8.524872e-03 8.028337e-03 2.401938e-02
      vertex 8.606627e-03 8.034434e-03 2.543856e-02
    endloop
  endfacet
  facet normal -2.666737e-01 9.636916e-01 1.355400e-02
    outer loop
      vertex 8.524872e-03 8.028337e-03 2.401938e-02
      vertex 9.489286e-03 8.278324e-03 2.522006e-02
      vertex 9.175332e-03 8.212639e-03 2.371327e-02
    endloop
  endfacet
  facet normal -2.759499e-01 9.610454e-01 1.560214e-02
    outer loop
      vertex 1.021367e-02 8.512669e-03 2.359698e-02
      vertex 9.175332e-03 8.212639e-03 2.371327e-02
      vertex 9.489286e-03 8.278324e-03 2.522006e-02
    endloop
  endfacet
  facet normal -3.666032e-01 9.300513e-01 2.463285e-02
    outer loop
      vertex 1.483657e-02 1.011790e-02 2.177685e-02
      vertex 1.518276e-02 1.026657e-02 2.131611e-02
      vertex 1.411724e-02 9.893545e-03 1.954229e-02
    endloop
  endfacet
  facet normal -3.538567e-01 9.351645e-01 1.590076e-02
    outer loop
      vertex 1.411724e-02 9.893545e-03 1.954229e-02
      vertex 1.518276e-02 1.026657e-02 2.131611e-02
      vertex 1.533573e-02 1.033142e-02 2.090625e-02
    endloop
  endfacet
  facet normal -7.916873e-03 9.999607e-01 3.998950e-03
    outer loop
      vertex -7.019403e-03 5.995619e-03 3.185713e-02
      vertex -6.558580e-03 5.995349e-03 3.283680e-02
      vertex -5.582694e-03 6.007090e-03 3.183310e-02
    endloop
  endfacet
  facet normal -6.314872e-02 9.979609e-01 -9.289580e-03
    outer loop
      vertex 1.902972e-02 1.097685e-02 1.859160e-02
      vertex 1.835215e-02 1.092043e-02 1.713694e-02
      vertex 1.756833e-02 1.087397e-02 1.747400e-02
    endloop
  endfacet
  facet normal -5.016887e-02 9.987226e-01 -6.029154e-03
    outer loop
      vertex 1.672656e-02 1.079660e-02 1.142535e-02
      vertex 1.769341e-02 1.084541e-02 1.146422e-02
      vertex 1.735240e-02 1.082063e-02 1.019815e-02
    endloop
  endfacet
  facet normal -2.618323e-02 9.996556e-01 -1.743535e-03
    outer loop
      vertex 1.660905e-02 1.074811e-02 3.924654e-04
      vertex 1.550628e-02 1.071934e-02 4.592395e-04
      vertex 1.603763e-02 1.073659e-02 2.365642e-03
    endloop
  endfacet
  facet normal -3.346325e-02 9.994293e-01 -4.622423e-03
    outer loop
      vertex 1.603763e-02 1.073659e-02 2.365642e-03
      vertex 1.691157e-02 1.077149e-02 3.584714e-03
      vertex 1.692179e-02 1.076444e-02 1.988172e-03
    endloop
  endfacet
  facet normal -3.778693e-02 9.992818e-01 -2.822198e-03
    outer loop
      vertex 1.660905e-02 1.074811e-02 3.924654e-04
      vertex 1.692179e-02 1.076444e-02 1.988172e-03
      vertex 1.754716e-02 1.078532e-02 1.006713e-03
    endloop
  endfacet
  facet normal -1.677827e-02 9.998580e-01 -1.581855e-03
    outer loop
      vertex 1.431485e-02 1.070167e-02 2.330883e-03
      vertex 1.423138e-02 1.070210e-02 3.489868e-03
      vertex 1.521634e-02 1.071787e-02 3.009324e-03
    endloop
  endfacet
  facet normal -5.374975e-02 9.985418e-01 -5.025537e-03
    outer loop
      vertex 1.845812e-02 1.084332e-02 3.461051e-03
      vertex 1.831791e-02 1.082907e-02 2.129541e-03
      vertex 1.795358e-02 1.082050e-02 4.323066e-03
    endloop
  endfacet
  facet normal -4.857998e-02 9.988037e-01 -5.573548e-03
    outer loop
      vertex 1.815220e-02 1.081223e-02 5.559388e-04
      vertex 1.805022e-02 1.080187e-02 -4.124322e-04
      vertex 1.754716e-02 1.078532e-02 1.006713e-03
    endloop
  endfacet
  facet normal -4.857962e-02 9.988038e-01 -5.573058e-03
    outer loop
      vertex 1.831791e-02 1.082907e-02 2.129541e-03
      vertex 1.815220e-02 1.081223e-02 5.559388e-04
      vertex 1.754716e-02 1.078532e-02 1.006713e-03
    endloop
  endfacet
  facet normal -5.136990e-02 9.986730e-01 -3.652614e-03
    outer loop
      vertex 1.778651e-02 1.080311e-02 2.504979e-03
      vertex 1.831791e-02 1.082907e-02 2.129541e-03
      vertex 1.754716e-02 1.078532e-02 1.006713e-03
    endloop
  endfacet
  facet normal -4.302526e-02 9.990583e-01 -5.602000e-03
    outer loop
      vertex 1.778651e-02 1.080311e-02 2.504979e-03
      vertex 1.691157e-02 1.077149e-02 3.584714e-03
      vertex 1.795358e-02 1.082050e-02 4.323066e-03
    endloop
  endfacet
  facet normal -6.637215e-02 9.977702e-01 -7.023885e-03
    outer loop
      vertex 1.875322e-02 1.091318e-02 1.185499e-02
      vertex 1.955428e-02 1.098065e-02 1.386983e-02
      vertex 1.928665e-02 1.094496e-02 1.132900e-02
    endloop
  endfacet
  facet normal -6.475080e-02 9.978755e-01 -7.203637e-03
    outer loop
      vertex 1.839746e-02 1.087861e-02 1.013095e-02
      vertex 1.928665e-02 1.094496e-02 1.132900e-02
      vertex 1.912094e-02 1.092285e-02 9.755421e-03
    endloop
  endfacet
  facet normal -5.861021e-02 9.982500e-01 -7.855607e-03
    outer loop
      vertex 1.891700e-02 1.089563e-02 7.818701e-03
      vertex 1.798781e-02 1.084127e-02 7.843142e-03
      vertex 1.912094e-02 1.092285e-02 9.755421e-03
    endloop
  endfacet
  facet normal -5.861022e-02 9.982500e-01 -7.855975e-03
    outer loop
      vertex 1.798781e-02 1.084127e-02 7.843142e-03
      vertex 1.891700e-02 1.089563e-02 7.818701e-03
      vertex 1.878954e-02 1.087862e-02 6.608252e-03
    endloop
  endfacet
  facet normal -5.717517e-02 9.983357e-01 -7.535871e-03
    outer loop
      vertex 1.830579e-02 1.089938e-02 1.440489e-02
      vertex 1.787688e-02 1.086425e-02 1.300570e-02
      vertex 1.716240e-02 1.083345e-02 1.434517e-02
    endloop
  endfacet
  facet normal -6.902587e-02 9.975934e-01 -6.537815e-03
    outer loop
      vertex 1.902972e-02 1.097685e-02 1.859160e-02
      vertex 1.913743e-02 1.098092e-02 1.807542e-02
      vertex 1.835215e-02 1.092043e-02 1.713694e-02
    endloop
  endfacet
  facet normal -4.188311e-02 9.991116e-01 -4.674918e-03
    outer loop
      vertex 1.692179e-02 1.076444e-02 1.988172e-03
      vertex 1.691157e-02 1.077149e-02 3.584714e-03
      vertex 1.778651e-02 1.080311e-02 2.504979e-03
    endloop
  endfacet
  facet normal -4.855132e-02 9.988134e-01 -3.813778e-03
    outer loop
      vertex 1.861108e-02 1.085887e-02 4.913608e-03
      vertex 1.696239e-02 1.077900e-02 4.985809e-03
      vertex 1.709715e-02 1.079005e-02 6.163033e-03
    endloop
  endfacet
  facet normal -5.079683e-02 9.986930e-01 -5.650036e-03
    outer loop
      vertex 1.798781e-02 1.084127e-02 7.843142e-03
      vertex 1.737954e-02 1.080722e-02 7.293186e-03
      vertex 1.700652e-02 1.079775e-02 8.973270e-03
    endloop
  endfacet
  facet normal 2.071864e-01 9.783013e-01 -5.595372e-04
    outer loop
      vertex -1.904567e-02 7.321364e-03 3.171464e-02
      vertex -1.908247e-02 7.330021e-03 3.322410e-02
      vertex -1.822776e-02 7.149086e-03 3.335870e-02
    endloop
  endfacet
  facet normal 2.062615e-01 9.784969e-01 -7.895631e-05
    outer loop
      vertex -1.904567e-02 7.321364e-03 3.171464e-02
      vertex -1.822776e-02 7.149086e-03 3.335870e-02
      vertex -1.818707e-02 7.140344e-03 3.131015e-02
    endloop
  endfacet
  facet normal 2.086222e-01 9.779958e-01 -9.835900e-04
    outer loop
      vertex -1.907077e-02 7.327227e-03 2.969307e-02
      vertex -1.818707e-02 7.140344e-03 3.131015e-02
      vertex -1.841155e-02 7.185925e-03 2.901907e-02
    endloop
  endfacet
  facet normal 1.988994e-01 9.800198e-01 4.792339e-04
    outer loop
      vertex -1.857014e-02 7.218929e-03 2.734793e-02
      vertex -1.841155e-02 7.185925e-03 2.901907e-02
      vertex -1.787501e-02 7.077546e-03 2.796774e-02
    endloop
  endfacet
  facet normal 1.937465e-01 9.810516e-01 -3.384513e-04
    outer loop
      vertex -1.750462e-02 7.006014e-03 3.260383e-02
      vertex -1.818707e-02 7.140344e-03 3.131015e-02
      vertex -1.822776e-02 7.149086e-03 3.335870e-02
    endloop
  endfacet
  facet normal 1.775802e-01 9.841061e-01 7.351012e-04
    outer loop
      vertex -1.676855e-02 6.870419e-03 2.745539e-02
      vertex -1.655667e-02 6.833353e-03 2.589199e-02
      vertex -1.736928e-02 6.979784e-03 2.616169e-02
    endloop
  endfacet
  facet normal 1.834848e-01 9.830219e-01 -1.158713e-03
    outer loop
      vertex -1.787501e-02 7.077546e-03 2.796774e-02
      vertex -1.659328e-02 6.839720e-03 2.916696e-02
      vertex -1.676855e-02 6.870419e-03 2.745539e-02
    endloop
  endfacet
  facet normal 1.635216e-01 9.865397e-01 3.309766e-04
    outer loop
      vertex -1.570375e-02 6.692650e-03 3.136357e-02
      vertex -1.662086e-02 6.844763e-03 3.106725e-02
      vertex -1.664680e-02 6.848538e-03 3.263062e-02
    endloop
  endfacet
  facet normal 1.648554e-01 9.863168e-01 1.351087e-03
    outer loop
      vertex -1.664680e-02 6.848538e-03 3.263062e-02
      vertex -1.604910e-02 6.747898e-03 3.316959e-02
      vertex -1.570375e-02 6.692650e-03 3.136357e-02
    endloop
  endfacet
  facet normal 1.639819e-01 9.864627e-01 -1.133124e-03
    outer loop
      vertex -1.570375e-02 6.692650e-03 3.136357e-02
      vertex -1.591319e-02 6.725483e-03 2.963853e-02
      vertex -1.662086e-02 6.844763e-03 3.106725e-02
    endloop
  endfacet
  facet normal 1.519518e-01 9.883868e-01 -1.491842e-03
    outer loop
      vertex -1.491629e-02 6.573932e-03 3.077041e-02
      vertex -1.530072e-02 6.630226e-03 2.891063e-02
      vertex -1.591319e-02 6.725483e-03 2.963853e-02
    endloop
  endfacet
  facet normal 1.434167e-01 9.896624e-01 -1.324566e-04
    outer loop
      vertex -1.532877e-02 6.633953e-03 3.261687e-02
      vertex -1.464948e-02 6.535501e-03 3.252240e-02
      vertex -1.491629e-02 6.573932e-03 3.077041e-02
    endloop
  endfacet
  facet normal 1.439258e-01 9.895884e-01 -4.914880e-04
    outer loop
      vertex -1.468679e-02 6.541158e-03 2.734715e-02
      vertex -1.525336e-02 6.622716e-03 2.564914e-02
      vertex -1.531987e-02 6.633180e-03 2.723946e-02
    endloop
  endfacet
  facet normal 1.400122e-01 9.901492e-01 1.029473e-03
    outer loop
      vertex -1.530072e-02 6.630226e-03 2.891063e-02
      vertex -1.491629e-02 6.573932e-03 3.077041e-02
      vertex -1.436112e-02 6.497137e-03 2.912608e-02
    endloop
  endfacet
  facet normal 1.326028e-01 9.911693e-01 -1.249378e-05
    outer loop
      vertex -1.472511e-02 6.546234e-03 2.567599e-02
      vertex -1.404813e-02 6.455684e-03 2.723921e-02
      vertex -1.398357e-02 6.447027e-03 2.562193e-02
    endloop
  endfacet
  facet normal 1.326449e-01 9.911636e-01 -3.102739e-05
    outer loop
      vertex -1.404813e-02 6.455684e-03 2.723921e-02
      vertex -1.472511e-02 6.546234e-03 2.567599e-02
      vertex -1.468679e-02 6.541158e-03 2.734715e-02
    endloop
  endfacet
  facet normal 1.245167e-01 9.922173e-01 5.803138e-04
    outer loop
      vertex -1.358252e-02 6.398750e-03 3.028497e-02
      vertex -1.436112e-02 6.497137e-03 2.912608e-02
      vertex -1.413412e-02 6.467437e-03 3.120153e-02
    endloop
  endfacet
  facet normal 1.249021e-01 9.921690e-01 3.172536e-04
    outer loop
      vertex -1.358252e-02 6.398750e-03 3.028497e-02
      vertex -1.356544e-02 6.396979e-03 2.909897e-02
      vertex -1.436112e-02 6.497137e-03 2.912608e-02
    endloop
  endfacet
  facet normal 1.342060e-01 9.909526e-01 1.298559e-03
    outer loop
      vertex -1.491629e-02 6.573932e-03 3.077041e-02
      vertex -1.464948e-02 6.535501e-03 3.252240e-02
      vertex -1.413412e-02 6.467437e-03 3.120153e-02
    endloop
  endfacet
  facet normal 1.296280e-01 9.915626e-01 -5.190486e-04
    outer loop
      vertex -1.464948e-02 6.535501e-03 3.252240e-02
      vertex -1.381110e-02 6.426209e-03 3.311523e-02
      vertex -1.413412e-02 6.467437e-03 3.120153e-02
    endloop
  endfacet
  facet normal 1.205935e-01 9.927014e-01 1.030460e-03
    outer loop
      vertex -1.413412e-02 6.467437e-03 3.120153e-02
      vertex -1.381110e-02 6.426209e-03 3.311523e-02
      vertex -1.329847e-02 6.365502e-03 3.160568e-02
    endloop
  endfacet
  facet normal 1.147567e-01 9.933931e-01 -9.794625e-04
    outer loop
      vertex -1.381110e-02 6.426209e-03 3.311523e-02
      vertex -1.291995e-02 6.323290e-03 3.314201e-02
      vertex -1.329847e-02 6.365502e-03 3.160568e-02
    endloop
  endfacet
  facet normal 1.172405e-01 9.931033e-01 -6.360573e-04
    outer loop
      vertex -1.398357e-02 6.447027e-03 2.562193e-02
      vertex -1.404813e-02 6.455684e-03 2.723921e-02
      vertex -1.313015e-02 6.346345e-03 2.572958e-02
    endloop
  endfacet
  facet normal 1.216444e-01 9.925730e-01 -1.174921e-03
    outer loop
      vertex -1.329847e-02 6.365502e-03 3.160568e-02
      vertex -1.358252e-02 6.398750e-03 3.028497e-02
      vertex -1.413412e-02 6.467437e-03 3.120153e-02
    endloop
  endfacet
  facet normal 1.072066e-01 9.942367e-01 -3.787918e-04
    outer loop
      vertex -1.265247e-02 6.294868e-03 2.761629e-02
      vertex -1.266745e-02 6.295928e-03 2.616076e-02
      vertex -1.325836e-02 6.360138e-03 2.745469e-02
    endloop
  endfacet
  facet normal 1.030710e-01 9.946719e-01 -2.030263e-03
    outer loop
      vertex -1.268861e-02 6.298235e-03 2.961093e-02
      vertex -1.329847e-02 6.365502e-03 3.160568e-02
      vertex -1.226133e-02 6.256875e-03 3.103943e-02
    endloop
  endfacet
  facet normal 1.053086e-01 9.944386e-01 1.377110e-03
    outer loop
      vertex -1.329847e-02 6.365502e-03 3.160568e-02
      vertex -1.291995e-02 6.323290e-03 3.314201e-02
      vertex -1.251059e-02 6.281396e-03 3.209070e-02
    endloop
  endfacet
  facet normal 9.814772e-02 9.951719e-01 9.832573e-05
    outer loop
      vertex -1.265247e-02 6.294868e-03 2.761629e-02
      vertex -1.268861e-02 6.298235e-03 2.961093e-02
      vertex -1.223977e-02 6.253990e-03 2.939520e-02
    endloop
  endfacet
  facet normal 1.002325e-01 9.949639e-01 -6.203746e-04
    outer loop
      vertex -1.207814e-02 6.238436e-03 3.306097e-02
      vertex -1.251059e-02 6.281396e-03 3.209070e-02
      vertex -1.291995e-02 6.323290e-03 3.314201e-02
    endloop
  endfacet
  facet normal 9.311124e-02 9.956557e-01 -2.326702e-04
    outer loop
      vertex -1.166574e-02 6.202572e-03 2.753523e-02
      vertex -1.266745e-02 6.295928e-03 2.616076e-02
      vertex -1.265247e-02 6.294868e-03 2.761629e-02
    endloop
  endfacet
  facet normal 8.906375e-02 9.960253e-01 -1.133700e-03
    outer loop
      vertex -1.130675e-02 6.172805e-03 3.217133e-02
      vertex -1.146495e-02 6.185019e-03 3.047322e-02
      vertex -1.226133e-02 6.256875e-03 3.103943e-02
    endloop
  endfacet
  facet normal 8.956027e-02 9.959726e-01 4.180887e-03
    outer loop
      vertex -1.251059e-02 6.281396e-03 3.209070e-02
      vertex -1.207814e-02 6.238436e-03 3.306097e-02
      vertex -1.130675e-02 6.172805e-03 3.217133e-02
    endloop
  endfacet
  facet normal 7.834357e-02 9.969264e-01 -3.925283e-05
    outer loop
      vertex -1.166574e-02 6.202572e-03 2.753523e-02
      vertex -1.079478e-02 6.134159e-03 2.831674e-02
      vertex -1.080103e-02 6.134573e-03 2.637602e-02
    endloop
  endfacet
  facet normal 7.418961e-02 9.972441e-01 -1.923716e-04
    outer loop
      vertex -1.064827e-02 6.124314e-03 3.074261e-02
      vertex -1.136868e-02 6.177602e-03 2.915244e-02
      vertex -1.146495e-02 6.185019e-03 3.047322e-02
    endloop
  endfacet
  facet normal 6.893412e-02 9.976188e-01 2.201139e-03
    outer loop
      vertex -1.064827e-02 6.124314e-03 3.074261e-02
      vertex -1.028508e-02 6.101716e-03 2.961045e-02
      vertex -1.136868e-02 6.177602e-03 2.915244e-02
    endloop
  endfacet
  facet normal 6.083062e-02 9.981480e-01 -4.090155e-04
    outer loop
      vertex -1.001879e-02 6.086293e-03 3.157807e-02
      vertex -1.028508e-02 6.101716e-03 2.961045e-02
      vertex -1.064827e-02 6.124314e-03 3.074261e-02
    endloop
  endfacet
  facet normal 6.352948e-02 9.979800e-01 -2.951272e-06
    outer loop
      vertex -1.079478e-02 6.134159e-03 2.831674e-02
      vertex -1.028508e-02 6.101716e-03 2.961045e-02
      vertex -1.022609e-02 6.097956e-03 2.818185e-02
    endloop
  endfacet
  facet normal 6.876426e-02 9.976257e-01 3.808362e-03
    outer loop
      vertex -1.130675e-02 6.172805e-03 3.217133e-02
      vertex -1.065793e-02 6.124894e-03 3.300678e-02
      vertex -1.001879e-02 6.086293e-03 3.157807e-02
    endloop
  endfacet
  facet normal 5.798313e-02 9.983170e-01 -1.033332e-03
    outer loop
      vertex -9.693898e-03 6.068400e-03 3.252141e-02
      vertex -1.001879e-02 6.086293e-03 3.157807e-02
      vertex -1.065793e-02 6.124894e-03 3.300678e-02
    endloop
  endfacet
  facet normal 5.457135e-02 9.985098e-01 -3.742442e-04
    outer loop
      vertex -1.022609e-02 6.097956e-03 2.818185e-02
      vertex -1.028508e-02 6.101716e-03 2.961045e-02
      vertex -9.483500e-03 6.057685e-03 2.901729e-02
    endloop
  endfacet
  facet normal 4.879500e-02 9.988081e-01 -1.165489e-03
    outer loop
      vertex -9.023466e-03 6.038292e-03 2.739994e-02
      vertex -1.002923e-02 6.086043e-03 2.621414e-02
      vertex -1.022609e-02 6.097956e-03 2.818185e-02
    endloop
  endfacet
  facet normal 5.181129e-02 9.986499e-01 -3.730198e-03
    outer loop
      vertex -9.023466e-03 6.038292e-03 2.739994e-02
      vertex -9.436699e-03 6.055100e-03 2.616011e-02
      vertex -1.002923e-02 6.086043e-03 2.621414e-02
    endloop
  endfacet
  facet normal 5.174185e-02 9.986516e-01 -4.208463e-03
    outer loop
      vertex -8.995389e-03 6.037393e-03 3.020319e-02
      vertex -9.483500e-03 6.057685e-03 2.901729e-02
      vertex -1.028508e-02 6.101716e-03 2.961045e-02
    endloop
  endfacet
  facet normal 3.399280e-02 9.994196e-01 2.219138e-03
    outer loop
      vertex -9.436699e-03 6.055100e-03 2.616011e-02
      vertex -9.023466e-03 6.038292e-03 2.739994e-02
      vertex -8.173124e-03 6.011884e-03 2.626768e-02
    endloop
  endfacet
  facet normal 4.329720e-02 9.990617e-01 -1.022571e-03
    outer loop
      vertex -9.693898e-03 6.068400e-03 3.252141e-02
      vertex -8.716120e-03 6.026632e-03 3.311422e-02
      vertex -8.930798e-03 6.034446e-03 3.165872e-02
    endloop
  endfacet
  facet normal 3.152224e-02 9.995027e-01 7.961951e-04
    outer loop
      vertex -8.520723e-03 6.021084e-03 2.909797e-02
      vertex -8.195856e-03 6.011976e-03 2.766932e-02
      vertex -9.023466e-03 6.038292e-03 2.739994e-02
    endloop
  endfacet
  facet normal 3.049683e-02 9.995345e-01 8.679503e-04
    outer loop
      vertex -8.930798e-03 6.034446e-03 3.165872e-02
      vertex -8.716120e-03 6.026632e-03 3.311422e-02
      vertex -8.094894e-03 6.009223e-03 3.133510e-02
    endloop
  endfacet
  facet normal 2.967929e-02 9.995575e-01 -2.003049e-03
    outer loop
      vertex -8.024937e-03 6.008469e-03 3.014909e-02
      vertex -8.520723e-03 6.021084e-03 2.909797e-02
      vertex -8.995389e-03 6.037393e-03 3.020319e-02
    endloop
  endfacet
  facet normal 6.485193e-03 9.999788e-01 -5.270321e-04
    outer loop
      vertex -6.767706e-03 5.994576e-03 2.618935e-02
      vertex -7.486721e-03 5.999896e-03 2.743417e-02
      vertex -6.654119e-03 5.994792e-03 2.799509e-02
    endloop
  endfacet
  facet normal 1.014266e-03 9.999972e-01 -2.141501e-03
    outer loop
      vertex -6.337538e-03 5.997704e-03 3.078067e-02
      vertex -6.683972e-03 5.995087e-03 2.939439e-02
      vertex -7.243015e-03 5.998648e-03 3.079247e-02
    endloop
  endfacet
  facet normal 2.106521e-02 9.997760e-01 2.062602e-03
    outer loop
      vertex -8.520723e-03 6.021084e-03 2.909797e-02
      vertex -8.024937e-03 6.008469e-03 3.014909e-02
      vertex -7.638829e-03 6.002447e-03 2.912474e-02
    endloop
  endfacet
  facet normal 1.783558e-02 9.998409e-01 -2.195865e-04
    outer loop
      vertex -8.173124e-03 6.011884e-03 2.626768e-02
      vertex -7.486721e-03 5.999896e-03 2.743417e-02
      vertex -7.398258e-03 5.997875e-03 2.542015e-02
    endloop
  endfacet
  facet normal 7.572411e-03 9.999712e-01 4.809344e-04
    outer loop
      vertex -7.638829e-03 6.002447e-03 2.912474e-02
      vertex -7.243015e-03 5.998648e-03 3.079247e-02
      vertex -6.683972e-03 5.995087e-03 2.939439e-02
    endloop
  endfacet
  facet normal -2.291779e-02 9.997371e-01 -6.874353e-04
    outer loop
      vertex -5.042920e-03 6.020088e-03 3.274187e-02
      vertex -5.582694e-03 6.007090e-03 3.183310e-02
      vertex -5.782988e-03 6.003475e-03 3.325404e-02
    endloop
  endfacet
  facet normal -1.100968e-02 9.999389e-01 9.916176e-04
    outer loop
      vertex -5.782988e-03 6.003475e-03 3.325404e-02
      vertex -5.582694e-03 6.007090e-03 3.183310e-02
      vertex -6.558580e-03 5.995349e-03 3.283680e-02
    endloop
  endfacet
  facet normal -1.567891e-02 9.998769e-01 6.457867e-04
    outer loop
      vertex -5.548414e-03 6.008925e-03 2.441407e-02
      vertex -6.352154e-03 5.996664e-03 2.388465e-02
      vertex -6.153439e-03 5.998668e-03 2.560544e-02
    endloop
  endfacet
  facet normal -1.035929e-02 9.999459e-01 -9.208241e-04
    outer loop
      vertex -5.943656e-03 6.001920e-03 2.848602e-02
      vertex -6.683972e-03 5.995087e-03 2.939439e-02
      vertex -5.615025e-03 6.006352e-03 2.960247e-02
    endloop
  endfacet
  facet normal -4.521704e-02 9.989768e-01 8.254443e-04
    outer loop
      vertex -4.445961e-03 6.039746e-03 3.382422e-02
      vertex -3.644865e-03 6.075393e-03 3.456655e-02
      vertex -3.568954e-03 6.079813e-03 3.337479e-02
    endloop
  endfacet
  facet normal -4.580908e-02 9.989502e-01 -3.322428e-04
    outer loop
      vertex -3.568954e-03 6.079813e-03 3.337479e-02
      vertex -4.062054e-03 6.056752e-03 3.202457e-02
      vertex -4.445961e-03 6.039746e-03 3.382422e-02
    endloop
  endfacet
  facet normal -2.196060e-02 9.997586e-01 6.963784e-04
    outer loop
      vertex -5.782988e-03 6.003475e-03 3.325404e-02
      vertex -5.200476e-03 6.015469e-03 3.440541e-02
      vertex -5.042920e-03 6.020088e-03 3.274187e-02
    endloop
  endfacet
  facet normal -1.813400e-02 9.998354e-01 -6.013546e-04
    outer loop
      vertex -5.229911e-03 6.016146e-03 2.681581e-02
      vertex -5.548414e-03 6.008925e-03 2.441407e-02
      vertex -6.153439e-03 5.998668e-03 2.560544e-02
    endloop
  endfacet
  facet normal -3.042295e-02 9.995366e-01 1.029218e-03
    outer loop
      vertex -4.661765e-03 6.034732e-03 2.556011e-02
      vertex -5.548414e-03 6.008925e-03 2.441407e-02
      vertex -5.229911e-03 6.016146e-03 2.681581e-02
    endloop
  endfacet
  facet normal -2.442560e-02 9.996965e-01 3.220657e-03
    outer loop
      vertex -5.943656e-03 6.001920e-03 2.848602e-02
      vertex -5.615025e-03 6.006352e-03 2.960247e-02
      vertex -4.752818e-03 6.031115e-03 2.845527e-02
    endloop
  endfacet
  facet normal -2.947862e-02 9.995652e-01 -5.799090e-04
    outer loop
      vertex -4.572574e-03 6.037086e-03 2.958476e-02
      vertex -4.752818e-03 6.031115e-03 2.845527e-02
      vertex -5.615025e-03 6.006352e-03 2.960247e-02
    endloop
  endfacet
  facet normal -3.188772e-02 9.994891e-01 2.163521e-03
    outer loop
      vertex -5.548414e-03 6.008925e-03 2.441407e-02
      vertex -4.661765e-03 6.034732e-03 2.556011e-02
      vertex -4.289144e-03 6.049881e-03 2.405361e-02
    endloop
  endfacet
  facet normal -4.405130e-02 9.990289e-01 -8.496768e-04
    outer loop
      vertex -3.814160e-03 6.071909e-03 2.532813e-02
      vertex -4.289144e-03 6.049881e-03 2.405361e-02
      vertex -4.661765e-03 6.034732e-03 2.556011e-02
    endloop
  endfacet
  facet normal -7.725583e-02 9.970105e-01 -1.252929e-03
    outer loop
      vertex -2.651627e-03 6.133440e-03 3.421705e-02
      vertex -1.384522e-03 6.231556e-03 3.416262e-02
      vertex -1.755866e-03 6.201572e-03 3.320055e-02
    endloop
  endfacet
  facet normal -6.698015e-02 9.977539e-01 8.607182e-04
    outer loop
      vertex -2.379012e-03 6.158145e-03 2.943477e-02
      vertex -2.928049e-03 6.121950e-03 2.866727e-02
      vertex -3.147182e-03 6.106226e-03 2.984219e-02
    endloop
  endfacet
  facet normal -5.685629e-02 9.983786e-01 2.757266e-03
    outer loop
      vertex -3.902024e-03 6.065614e-03 2.898224e-02
      vertex -3.147182e-03 6.106226e-03 2.984219e-02
      vertex -2.928049e-03 6.121950e-03 2.866727e-02
    endloop
  endfacet
  facet normal -4.349597e-02 9.990529e-01 1.183235e-03
    outer loop
      vertex -4.661765e-03 6.034732e-03 2.556011e-02
      vertex -3.995871e-03 6.061618e-03 2.733759e-02
      vertex -3.814160e-03 6.071909e-03 2.532813e-02
    endloop
  endfacet
  facet normal -5.530194e-02 9.984697e-01 1.126646e-04
    outer loop
      vertex -3.121052e-03 6.110126e-03 2.684747e-02
      vertex -3.814160e-03 6.071909e-03 2.532813e-02
      vertex -3.995871e-03 6.061618e-03 2.733759e-02
    endloop
  endfacet
  facet normal -4.766510e-02 9.988632e-01 4.999652e-04
    outer loop
      vertex -4.289144e-03 6.049881e-03 2.405361e-02
      vertex -3.814160e-03 6.071909e-03 2.532813e-02
      vertex -3.720383e-03 6.077438e-03 2.322159e-02
    endloop
  endfacet
  facet normal -5.747003e-02 9.983469e-01 8.537416e-04
    outer loop
      vertex -3.995871e-03 6.061618e-03 2.733759e-02
      vertex -3.902024e-03 6.065614e-03 2.898224e-02
      vertex -2.928049e-03 6.121950e-03 2.866727e-02
    endloop
  endfacet
  facet normal -5.735041e-02 9.983541e-01 6.746410e-05
    outer loop
      vertex -3.076611e-03 6.114307e-03 2.488471e-02
      vertex -3.720383e-03 6.077438e-03 2.322159e-02
      vertex -3.814160e-03 6.071909e-03 2.532813e-02
    endloop
  endfacet
  facet normal -5.688830e-02 9.983802e-01 8.385995e-04
    outer loop
      vertex -3.814160e-03 6.071909e-03 2.532813e-02
      vertex -3.121052e-03 6.110126e-03 2.684747e-02
      vertex -3.076611e-03 6.114307e-03 2.488471e-02
    endloop
  endfacet
  facet normal -9.163349e-02 9.957928e-01 3.191802e-04
    outer loop
      vertex -1.755866e-03 6.201572e-03 3.320055e-02
      vertex -7.327770e-04 6.296051e-03 3.216063e-02
      vertex -1.489604e-03 6.226591e-03 3.158868e-02
    endloop
  endfacet
  facet normal -8.584707e-02 9.963058e-01 2.222434e-03
    outer loop
      vertex -9.914362e-04 6.276072e-03 3.016747e-02
      vertex -8.977690e-04 6.286720e-03 2.901204e-02
      vertex -2.379012e-03 6.158145e-03 2.943477e-02
    endloop
  endfacet
  facet normal -8.086153e-02 9.967231e-01 2.113010e-03
    outer loop
      vertex -1.755866e-03 6.201572e-03 3.320055e-02
      vertex -1.489604e-03 6.226591e-03 3.158868e-02
      vertex -2.122073e-03 6.174463e-03 3.197399e-02
    endloop
  endfacet
  facet normal -7.443895e-02 9.972062e-01 6.222275e-03
    outer loop
      vertex -2.928049e-03 6.121950e-03 2.866727e-02
      vertex -2.379012e-03 6.158145e-03 2.943477e-02
      vertex -1.550387e-03 6.227461e-03 2.823910e-02
    endloop
  endfacet
  facet normal -8.724453e-02 9.961832e-01 -2.711558e-03
    outer loop
      vertex -8.977690e-04 6.286720e-03 2.901204e-02
      vertex -1.550387e-03 6.227461e-03 2.823910e-02
      vertex -2.379012e-03 6.158145e-03 2.943477e-02
    endloop
  endfacet
  facet normal -8.769496e-02 9.961382e-01 -4.280634e-03
    outer loop
      vertex -9.833661e-04 6.284062e-03 2.654189e-02
      vertex -1.630788e-03 6.223625e-03 2.574093e-02
      vertex -2.449966e-03 6.155398e-03 2.664604e-02
    endloop
  endfacet
  facet normal -9.501425e-02 9.954683e-01 3.903451e-03
    outer loop
      vertex -1.550387e-03 6.227461e-03 2.823910e-02
      vertex -8.977690e-04 6.286720e-03 2.901204e-02
      vertex -6.752059e-04 6.312174e-03 2.793823e-02
    endloop
  endfacet
  facet normal -1.310401e-01 9.913667e-01 4.531387e-03
    outer loop
      vertex 8.886555e-04 6.477804e-03 3.225641e-02
      vertex 1.623964e-03 6.568973e-03 3.357468e-02
      vertex 1.658130e-03 6.581191e-03 3.188967e-02
    endloop
  endfacet
  facet normal -1.314073e-01 9.913214e-01 3.748258e-03
    outer loop
      vertex 1.658130e-03 6.581191e-03 3.188967e-02
      vertex 1.304664e-03 6.537429e-03 3.107169e-02
      vertex 8.886555e-04 6.477804e-03 3.225641e-02
    endloop
  endfacet
  facet normal -1.268537e-01 9.918863e-01 8.345633e-03
    outer loop
      vertex 1.623964e-03 6.568973e-03 3.357468e-02
      vertex 2.591527e-04 6.400147e-03 3.289462e-02
      vertex 7.714990e-04 6.457399e-03 3.387778e-02
    endloop
  endfacet
  facet normal -1.218505e-01 9.925226e-01 7.164523e-03
    outer loop
      vertex 1.267213e-04 6.390764e-03 3.135579e-02
      vertex 8.886555e-04 6.477804e-03 3.225641e-02
      vertex 1.304664e-03 6.537429e-03 3.107169e-02
    endloop
  endfacet
  facet normal -1.237947e-01 9.922883e-01 6.227284e-03
    outer loop
      vertex 2.895919e-05 6.386441e-03 2.880565e-02
      vertex 7.445178e-04 6.468650e-03 2.993089e-02
      vertex 1.192992e-03 6.532546e-03 2.866482e-02
    endloop
  endfacet
  facet normal -1.176124e-01 9.930571e-01 2.239697e-03
    outer loop
      vertex 7.445178e-04 6.468650e-03 2.993089e-02
      vertex 2.895919e-05 6.386441e-03 2.880565e-02
      vertex -7.103296e-05 6.371677e-03 3.010071e-02
    endloop
  endfacet
  facet normal -1.070632e-01 9.942454e-01 3.681669e-03
    outer loop
      vertex -7.327770e-04 6.296051e-03 3.216063e-02
      vertex -4.252620e-04 6.322220e-03 3.403622e-02
      vertex 2.591527e-04 6.400147e-03 3.289462e-02
    endloop
  endfacet
  facet normal -1.062981e-01 9.943294e-01 3.127781e-03
    outer loop
      vertex -7.103296e-05 6.371677e-03 3.010071e-02
      vertex 2.895919e-05 6.386441e-03 2.880565e-02
      vertex -8.977690e-04 6.286720e-03 2.901204e-02
    endloop
  endfacet
  facet normal -1.066491e-01 9.942918e-01 3.115384e-03
    outer loop
      vertex 2.591527e-04 6.400147e-03 3.289462e-02
      vertex 1.267213e-04 6.390764e-03 3.135579e-02
      vertex -7.327770e-04 6.296051e-03 3.216063e-02
    endloop
  endfacet
  facet normal -1.000221e-01 9.949849e-01 8.060418e-04
    outer loop
      vertex -3.545904e-04 6.352260e-03 2.531621e-02
      vertex -1.552786e-03 6.232834e-03 2.405235e-02
      vertex -1.630788e-03 6.223625e-03 2.574093e-02
    endloop
  endfacet
  facet normal -1.083134e-01 9.941143e-01 2.209125e-03
    outer loop
      vertex -8.245335e-04 6.304697e-03 2.367868e-02
      vertex -3.545904e-04 6.352260e-03 2.531621e-02
      vertex -1.755305e-04 6.374912e-03 2.390196e-02
    endloop
  endfacet
  facet normal -1.066656e-01 9.942939e-01 1.460703e-03
    outer loop
      vertex -6.752059e-04 6.312174e-03 2.793823e-02
      vertex -8.977690e-04 6.286720e-03 2.901204e-02
      vertex 2.895919e-05 6.386441e-03 2.880565e-02
    endloop
  endfacet
  facet normal -1.083044e-01 9.941031e-01 5.395543e-03
    outer loop
      vertex -9.833661e-04 6.284062e-03 2.654189e-02
      vertex -8.538183e-05 6.377379e-03 2.737386e-02
      vertex 3.028639e-04 6.425523e-03 2.629690e-02
    endloop
  endfacet
  facet normal -1.584911e-01 9.873490e-01 4.743200e-03
    outer loop
      vertex 2.604712e-03 6.710076e-03 3.359070e-02
      vertex 3.628309e-03 6.874022e-03 3.366628e-02
      vertex 3.199530e-03 6.810759e-03 3.250785e-02
    endloop
  endfacet
  facet normal -1.438353e-01 9.895873e-01 5.325527e-03
    outer loop
      vertex 2.454153e-03 6.694787e-03 3.228082e-02
      vertex 2.383860e-03 6.694093e-03 3.051124e-02
      vertex 1.658130e-03 6.581191e-03 3.188967e-02
    endloop
  endfacet
  facet normal -1.398601e-01 9.901431e-01 7.463935e-03
    outer loop
      vertex 1.304664e-03 6.537429e-03 3.107169e-02
      vertex 1.658130e-03 6.581191e-03 3.188967e-02
      vertex 2.383860e-03 6.694093e-03 3.051124e-02
    endloop
  endfacet
  facet normal -1.224779e-01 9.924704e-01 1.317227e-03
    outer loop
      vertex 7.861525e-04 6.494186e-03 2.345317e-02
      vertex -1.755305e-04 6.374912e-03 2.390196e-02
      vertex 9.205264e-04 6.508753e-03 2.497197e-02
    endloop
  endfacet
  facet normal -1.300659e-01 9.915040e-01 1.650325e-03
    outer loop
      vertex 1.391839e-03 6.568733e-03 2.608163e-02
      vertex 9.205264e-04 6.508753e-03 2.497197e-02
      vertex 3.028639e-04 6.425523e-03 2.629690e-02
    endloop
  endfacet
  facet normal -1.405789e-01 9.900573e-01 4.915354e-03
    outer loop
      vertex 1.192992e-03 6.532546e-03 2.866482e-02
      vertex 2.177086e-03 6.671673e-03 2.878666e-02
      vertex 2.107914e-03 6.668406e-03 2.746644e-02
    endloop
  endfacet
  facet normal -1.465863e-01 9.891951e-01 -2.343733e-03
    outer loop
      vertex 2.670618e-03 6.767686e-03 2.479960e-02
      vertex 1.560393e-03 6.600660e-03 2.374223e-02
      vertex 9.205264e-04 6.508753e-03 2.497197e-02
    endloop
  endfacet
  facet normal -1.558722e-01 9.877685e-01 4.162257e-03
    outer loop
      vertex 2.051605e-03 6.665874e-03 2.577999e-02
      vertex 2.827214e-03 6.786712e-03 2.614897e-02
      vertex 2.670618e-03 6.767686e-03 2.479960e-02
    endloop
  endfacet
  facet normal -1.509100e-01 9.885448e-01 2.298867e-03
    outer loop
      vertex 1.560393e-03 6.600660e-03 2.374223e-02
      vertex 2.670618e-03 6.767686e-03 2.479960e-02
      vertex 2.352561e-03 6.722552e-03 2.332890e-02
    endloop
  endfacet
  facet normal -1.637599e-01 9.864868e-01 5.140967e-03
    outer loop
      vertex 2.352561e-03 6.722552e-03 2.332890e-02
      vertex 2.670618e-03 6.767686e-03 2.479960e-02
      vertex 3.174661e-03 6.859890e-03 2.316256e-02
    endloop
  endfacet
  facet normal -1.699586e-01 9.854291e-01 6.593097e-03
    outer loop
      vertex 3.110490e-03 6.822549e-03 2.828003e-02
      vertex 3.828642e-03 6.944208e-03 2.860917e-02
      vertex 3.697717e-03 6.930536e-03 2.727760e-02
    endloop
  endfacet
  facet normal -1.665524e-01 9.860177e-01 5.426406e-03
    outer loop
      vertex 2.670618e-03 6.767686e-03 2.479960e-02
      vertex 2.827214e-03 6.786712e-03 2.614897e-02
      vertex 3.407356e-03 6.888914e-03 2.538439e-02
    endloop
  endfacet
  facet normal -2.109486e-01 9.774422e-01 1.036519e-02
    outer loop
      vertex 5.980549e-03 7.334953e-03 3.167508e-02
      vertex 6.085775e-03 7.342140e-03 3.313889e-02
      vertex 6.822753e-03 7.507396e-03 3.255383e-02
    endloop
  endfacet
  facet normal -1.951729e-01 9.807325e-01 8.447434e-03
    outer loop
      vertex 5.980549e-03 7.334953e-03 3.167508e-02
      vertex 5.738507e-03 7.298747e-03 3.028627e-02
      vertex 4.777619e-03 7.101662e-03 3.096682e-02
    endloop
  endfacet
  facet normal -1.868894e-01 9.823207e-01 1.088064e-02
    outer loop
      vertex 4.312957e-03 7.004769e-03 3.222525e-02
      vertex 4.662848e-03 7.059772e-03 3.326938e-02
      vertex 5.370981e-03 7.201325e-03 3.265279e-02
    endloop
  endfacet
  facet normal -1.854514e-01 9.826272e-01 7.181290e-03
    outer loop
      vertex 4.777619e-03 7.101662e-03 3.096682e-02
      vertex 4.312957e-03 7.004769e-03 3.222525e-02
      vertex 5.370981e-03 7.201325e-03 3.265279e-02
    endloop
  endfacet
  facet normal -1.658264e-01 9.861448e-01 4.485423e-03
    outer loop
      vertex 3.407356e-03 6.888914e-03 2.538439e-02
      vertex 3.174661e-03 6.859890e-03 2.316256e-02
      vertex 2.670618e-03 6.767686e-03 2.479960e-02
    endloop
  endfacet
  facet normal -1.774794e-01 9.841151e-01 4.310154e-03
    outer loop
      vertex 4.011825e-03 7.007550e-03 2.392011e-02
      vertex 3.888505e-03 6.990409e-03 2.275582e-02
      vertex 3.174661e-03 6.859890e-03 2.316256e-02
    endloop
  endfacet
  facet normal -1.949368e-01 9.807826e-01 8.067619e-03
    outer loop
      vertex 4.552132e-03 7.084659e-03 2.772241e-02
      vertex 5.192512e-03 7.210179e-03 2.793623e-02
      vertex 5.221952e-03 7.227401e-03 2.655399e-02
    endloop
  endfacet
  facet normal -2.359087e-01 9.716786e-01 1.370241e-02
    outer loop
      vertex 8.213673e-03 7.854236e-03 3.106854e-02
      vertex 7.359586e-03 7.657737e-03 3.029840e-02
      vertex 7.764140e-03 7.729041e-03 3.220707e-02
    endloop
  endfacet
  facet normal -2.228048e-01 9.748032e-01 1.080823e-02
    outer loop
      vertex 6.731661e-03 7.506927e-03 3.095574e-02
      vertex 7.764140e-03 7.729041e-03 3.220707e-02
      vertex 7.359586e-03 7.657737e-03 3.029840e-02
    endloop
  endfacet
  facet normal -2.241848e-01 9.744427e-01 1.423227e-02
    outer loop
      vertex 7.425463e-03 7.633177e-03 3.343576e-02
      vertex 7.764140e-03 7.729041e-03 3.220707e-02
      vertex 6.822753e-03 7.507396e-03 3.255383e-02
    endloop
  endfacet
  facet normal -2.113524e-01 9.773626e-01 9.616155e-03
    outer loop
      vertex 6.731661e-03 7.506927e-03 3.095574e-02
      vertex 6.334873e-03 7.435153e-03 2.952981e-02
      vertex 5.738507e-03 7.298747e-03 3.028627e-02
    endloop
  endfacet
  facet normal -2.126163e-01 9.770671e-01 1.158302e-02
    outer loop
      vertex 6.731661e-03 7.506927e-03 3.095574e-02
      vertex 5.738507e-03 7.298747e-03 3.028627e-02
      vertex 5.980549e-03 7.334953e-03 3.167508e-02
    endloop
  endfacet
  facet normal -1.932295e-01 9.811394e-01 5.283221e-03
    outer loop
      vertex 5.158988e-03 7.233773e-03 2.386520e-02
      vertex 4.898113e-03 7.188938e-03 2.265009e-02
      vertex 4.011825e-03 7.007550e-03 2.392011e-02
    endloop
  endfacet
  facet normal -2.181931e-01 9.758702e-01 8.319958e-03
    outer loop
      vertex 5.952337e-03 7.378471e-03 2.680832e-02
      vertex 5.977895e-03 7.374750e-03 2.791505e-02
      vertex 6.698795e-03 7.542184e-03 2.718211e-02
    endloop
  endfacet
  facet normal -2.597060e-01 9.655424e-01 1.675391e-02
    outer loop
      vertex 9.086570e-03 8.077677e-03 3.098247e-02
      vertex 9.947918e-03 8.284410e-03 3.242017e-02
      vertex 9.840770e-03 8.279770e-03 3.102668e-02
    endloop
  endfacet
  facet normal -2.476614e-01 9.687448e-01 1.404530e-02
    outer loop
      vertex 9.086570e-03 8.077677e-03 3.098247e-02
      vertex 8.738858e-03 8.017414e-03 2.900774e-02
      vertex 8.123000e-03 7.848852e-03 2.977449e-02
    endloop
  endfacet
  facet normal -2.454247e-01 9.693243e-01 1.331097e-02
    outer loop
      vertex 8.738858e-03 8.017414e-03 2.900774e-02
      vertex 8.347025e-03 7.943408e-03 2.717244e-02
      vertex 7.875097e-03 7.803285e-03 2.867512e-02
    endloop
  endfacet
  facet normal -2.464427e-01 9.690209e-01 1.626560e-02
    outer loop
      vertex 8.213673e-03 7.854236e-03 3.106854e-02
      vertex 8.934261e-03 8.009377e-03 3.274379e-02
      vertex 9.086570e-03 8.077677e-03 3.098247e-02
    endloop
  endfacet
  facet normal -2.467322e-01 9.689930e-01 1.325710e-02
    outer loop
      vertex 9.086570e-03 8.077677e-03 3.098247e-02
      vertex 8.123000e-03 7.848852e-03 2.977449e-02
      vertex 8.213673e-03 7.854236e-03 3.106854e-02
    endloop
  endfacet
  facet normal -2.348080e-01 9.719626e-01 1.240923e-02
    outer loop
      vertex 8.213673e-03 7.854236e-03 3.106854e-02
      vertex 8.123000e-03 7.848852e-03 2.977449e-02
      vertex 7.359586e-03 7.657737e-03 3.029840e-02
    endloop
  endfacet
  facet normal -2.384440e-01 9.710741e-01 1.263493e-02
    outer loop
      vertex 7.764140e-03 7.729041e-03 3.220707e-02
      vertex 8.934261e-03 8.009377e-03 3.274379e-02
      vertex 8.213673e-03 7.854236e-03 3.106854e-02
    endloop
  endfacet
  facet normal -2.187944e-01 9.757424e-01 7.462574e-03
    outer loop
      vertex 6.516708e-03 7.523540e-03 2.494777e-02
      vertex 5.891870e-03 7.390261e-03 2.405459e-02
      vertex 5.784813e-03 7.357758e-03 2.516559e-02
    endloop
  endfacet
  facet normal -2.244827e-01 9.744364e-01 9.017740e-03
    outer loop
      vertex 6.607597e-03 7.558730e-03 2.340774e-02
      vertex 6.516708e-03 7.523540e-03 2.494777e-02
      vertex 7.037029e-03 7.644517e-03 2.482780e-02
    endloop
  endfacet
  facet normal -2.211999e-01 9.751848e-01 9.228587e-03
    outer loop
      vertex 5.891870e-03 7.390261e-03 2.405459e-02
      vertex 6.516708e-03 7.523540e-03 2.494777e-02
      vertex 6.607597e-03 7.558730e-03 2.340774e-02
    endloop
  endfacet
  facet normal -2.219032e-01 9.750446e-01 6.855220e-03
    outer loop
      vertex 5.836812e-03 7.390734e-03 2.235216e-02
      vertex 6.607597e-03 7.558730e-03 2.340774e-02
      vertex 6.559383e-03 7.558292e-03 2.190924e-02
    endloop
  endfacet
  facet normal -2.712793e-01 9.623450e-01 1.730874e-02
    outer loop
      vertex 1.051586e-02 8.482388e-03 3.032291e-02
      vertex 1.022434e-02 8.433395e-03 2.847795e-02
      vertex 9.695738e-03 8.262797e-03 2.967824e-02
    endloop
  endfacet
  facet normal -2.694024e-01 9.628445e-01 1.878522e-02
    outer loop
      vertex 9.840770e-03 8.279770e-03 3.102668e-02
      vertex 1.050562e-02 8.448104e-03 3.193343e-02
      vertex 1.051586e-02 8.482388e-03 3.032291e-02
    endloop
  endfacet
  facet normal -2.710863e-01 9.624041e-01 1.704315e-02
    outer loop
      vertex 9.695738e-03 8.262797e-03 2.967824e-02
      vertex 9.840770e-03 8.279770e-03 3.102668e-02
      vertex 1.051586e-02 8.482388e-03 3.032291e-02
    endloop
  endfacet
  facet normal -2.589584e-01 9.657538e-01 1.612578e-02
    outer loop
      vertex 9.695738e-03 8.262797e-03 2.967824e-02
      vertex 8.738858e-03 8.017414e-03 2.900774e-02
      vertex 9.086570e-03 8.077677e-03 3.098247e-02
    endloop
  endfacet
  facet normal -2.676038e-01 9.633725e-01 1.736842e-02
    outer loop
      vertex 9.947918e-03 8.284410e-03 3.242017e-02
      vertex 1.050562e-02 8.448104e-03 3.193343e-02
      vertex 9.840770e-03 8.279770e-03 3.102668e-02
    endloop
  endfacet
  facet normal -2.589775e-01 9.657450e-01 1.634879e-02
    outer loop
      vertex 9.467245e-03 8.230068e-03 2.798419e-02
      vertex 8.347025e-03 7.943408e-03 2.717244e-02
      vertex 8.738858e-03 8.017414e-03 2.900774e-02
    endloop
  endfacet
  facet normal -2.483663e-01 9.685698e-01 1.366235e-02
    outer loop
      vertex 7.934761e-03 7.853827e-03 2.602863e-02
      vertex 8.347025e-03 7.943408e-03 2.717244e-02
      vertex 8.606627e-03 8.034434e-03 2.543856e-02
    endloop
  endfacet
  facet normal -2.554161e-01 9.667503e-01 1.251130e-02
    outer loop
      vertex 9.034838e-03 8.132061e-03 2.663678e-02
      vertex 8.606627e-03 8.034434e-03 2.543856e-02
      vertex 8.347025e-03 7.943408e-03 2.717244e-02
    endloop
  endfacet
  facet normal -2.636396e-01 9.645512e-01 1.162596e-02
    outer loop
      vertex 8.606627e-03 8.034434e-03 2.543856e-02
      vertex 9.816346e-03 8.351751e-03 2.654482e-02
      vertex 9.489286e-03 8.278324e-03 2.522006e-02
    endloop
  endfacet
  facet normal -2.795684e-01 9.599330e-01 1.923721e-02
    outer loop
      vertex 1.022434e-02 8.433395e-03 2.847795e-02
      vertex 1.118354e-02 8.681583e-03 3.003321e-02
      vertex 1.093795e-02 8.652452e-03 2.791772e-02
    endloop
  endfacet
  facet normal -2.798091e-01 9.599466e-01 1.447313e-02
    outer loop
      vertex 9.489286e-03 8.278324e-03 2.522006e-02
      vertex 1.082415e-02 8.651360e-03 2.628496e-02
      vertex 1.059575e-02 8.602117e-03 2.513541e-02
    endloop
  endfacet
  facet normal -2.679644e-01 9.633769e-01 1.000414e-02
    outer loop
      vertex 9.364799e-03 8.283457e-03 2.220458e-02
      vertex 8.857675e-03 8.153666e-03 2.111971e-02
      vertex 8.747093e-03 8.110271e-03 2.233659e-02
    endloop
  endfacet
  facet normal -2.765085e-01 9.609554e-01 1.038243e-02
    outer loop
      vertex 1.021367e-02 8.512669e-03 2.359698e-02
      vertex 9.364799e-03 8.283457e-03 2.220458e-02
      vertex 9.175332e-03 8.212639e-03 2.371327e-02
    endloop
  endfacet
  facet normal -2.753876e-01 9.612352e-01 1.373030e-02
    outer loop
      vertex 8.857675e-03 8.153666e-03 2.111971e-02
      vertex 9.364799e-03 8.283457e-03 2.220458e-02
      vertex 9.840678e-03 8.431797e-03 2.136422e-02
    endloop
  endfacet
  facet normal -3.059963e-01 9.518668e-01 1.777440e-02
    outer loop
      vertex 1.162130e-02 8.959070e-03 2.299430e-02
      vertex 1.086509e-02 8.726653e-03 2.242228e-02
      vertex 1.155211e-02 8.896886e-03 2.513334e-02
    endloop
  endfacet
  facet normal -3.226340e-01 9.462894e-01 2.106331e-02
    outer loop
      vertex 1.238060e-02 9.194951e-03 2.370354e-02
      vertex 1.333490e-02 9.477322e-03 2.563509e-02
      vertex 1.314040e-02 9.452043e-03 2.379144e-02
    endloop
  endfacet
  facet normal -3.087156e-01 9.510483e-01 1.420493e-02
    outer loop
      vertex 1.162130e-02 8.959070e-03 2.299430e-02
      vertex 1.238060e-02 9.194951e-03 2.370354e-02
      vertex 1.205074e-02 9.106209e-03 2.247609e-02
    endloop
  endfacet
  facet normal -3.135849e-01 9.494534e-01 1.423795e-02
    outer loop
      vertex 1.223624e-02 9.195124e-03 2.100059e-02
      vertex 1.134240e-02 8.911625e-03 2.021921e-02
      vertex 1.152018e-02 8.952862e-03 2.138482e-02
    endloop
  endfacet
  facet normal -3.337662e-01 9.423816e-01 2.273939e-02
    outer loop
      vertex 1.314040e-02 9.452043e-03 2.379144e-02
      vertex 1.406844e-02 9.741507e-03 2.541704e-02
      vertex 1.388365e-02 9.722483e-03 2.349301e-02
    endloop
  endfacet
  facet normal -3.342184e-01 9.422505e-01 2.149419e-02
    outer loop
      vertex 1.388365e-02 9.722483e-03 2.349301e-02
      vertex 1.267541e-02 9.320587e-03 2.232397e-02
      vertex 1.314040e-02 9.452043e-03 2.379144e-02
    endloop
  endfacet
  facet normal -3.437524e-01 9.387927e-01 2.241815e-02
    outer loop
      vertex 1.388365e-02 9.722483e-03 2.349301e-02
      vertex 1.471971e-02 1.000109e-02 2.464589e-02
      vertex 1.439014e-02 9.915754e-03 2.316588e-02
    endloop
  endfacet
  facet normal -3.279700e-01 9.445348e-01 1.702261e-02
    outer loop
      vertex 1.307720e-02 9.518543e-03 1.912385e-02
      vertex 1.214062e-02 9.184618e-03 1.960752e-02
      vertex 1.282111e-02 9.403072e-03 2.059706e-02
    endloop
  endfacet
  facet normal -3.458540e-01 9.380884e-01 1.937151e-02
    outer loop
      vertex 1.369155e-02 9.684520e-03 2.204107e-02
      vertex 1.432055e-02 9.923940e-03 2.167696e-02
      vertex 1.365018e-02 9.703913e-03 2.036330e-02
    endloop
  endfacet
  facet normal -3.658021e-01 9.303479e-01 2.533048e-02
    outer loop
      vertex 1.518276e-02 1.026657e-02 2.131611e-02
      vertex 1.483657e-02 1.011790e-02 2.177685e-02
      vertex 1.588062e-02 1.051151e-02 2.239790e-02
    endloop
  endfacet
  facet normal -3.588930e-01 9.332551e-01 1.519070e-02
    outer loop
      vertex 1.411724e-02 9.893545e-03 1.954229e-02
      vertex 1.477597e-02 1.015125e-02 1.927312e-02
      vertex 1.432334e-02 1.000100e-02 1.781035e-02
    endloop
  endfacet
  facet normal -2.001947e-03 9.999976e-01 -9.337595e-04
    outer loop
      vertex -6.153439e-03 5.998668e-03 2.560544e-02
      vertex -6.352154e-03 5.996664e-03 2.388465e-02
      vertex -7.024184e-03 5.995637e-03 2.422601e-02
    endloop
  endfacet
  facet normal -2.988499e-01 9.540582e-01 2.148614e-02
    outer loop
      vertex 1.118354e-02 8.681583e-03 3.003321e-02
      vertex 1.144937e-02 8.730924e-03 3.153971e-02
      vertex 1.203547e-02 8.930187e-03 3.084385e-02
    endloop
  endfacet
  facet normal -3.658330e-01 9.305137e-01 1.761977e-02
    outer loop
      vertex 1.518180e-02 1.033003e-02 1.825766e-02
      vertex 1.432334e-02 1.000100e-02 1.781035e-02
      vertex 1.477597e-02 1.015125e-02 1.927312e-02
    endloop
  endfacet
endsolid Tibial Insert_simpl05_med_contact 
