solid Tibial Insert_simpl05_lat_contact 
  facet normal 2.294745e-02 9.997356e-01 1.445189e-03
    outer loop
      vertex 1.101374e-02 1.072919e-02 -3.030543e-03
      vertex 1.182399e-02 1.070955e-02 -2.305053e-03
      vertex 1.177323e-02 1.071231e-02 -3.407660e-03
    endloop
  endfacet
  facet normal -3.475637e-03 9.999849e-01 -4.268302e-03
    outer loop
      vertex 1.332533e-02 1.069298e-02 -4.695683e-03
      vertex 1.455174e-02 1.069726e-02 -4.690249e-03
      vertex 1.417803e-02 1.069051e-02 -5.966921e-03
    endloop
  endfacet
  facet normal -1.249857e-02 9.999139e-01 -3.998786e-03
    outer loop
      vertex 1.417803e-02 1.069051e-02 -5.966921e-03
      vertex 1.492537e-02 1.069913e-02 -6.147735e-03
      vertex 1.453875e-02 1.069184e-02 -6.763631e-03
    endloop
  endfacet
  facet normal 2.297021e-01 9.729592e-01 2.423412e-02
    outer loop
      vertex -1.055421e-02 1.358710e-02 -2.955590e-03
      vertex -9.316580e-03 1.330414e-02 -3.325993e-03
      vertex -1.060410e-02 1.362625e-02 -4.054224e-03
    endloop
  endfacet
  facet normal 8.344342e-03 9.999563e-01 -4.219124e-03
    outer loop
      vertex 1.234156e-02 1.070328e-02 -3.778249e-03
      vertex 1.359731e-02 1.069497e-02 -3.265192e-03
      vertex 1.286051e-02 1.069710e-02 -4.216782e-03
    endloop
  endfacet
  facet normal 2.428701e-01 9.697736e-01 2.352266e-02
    outer loop
      vertex -1.177845e-02 1.391881e-02 -3.990832e-03
      vertex -1.055421e-02 1.358710e-02 -2.955590e-03
      vertex -1.060410e-02 1.362625e-02 -4.054224e-03
    endloop
  endfacet
  facet normal -7.032652e-01 7.070903e-01 -7.376573e-02
    outer loop
      vertex -2.962649e-02 7.264194e-03 -1.986509e-02
      vertex -2.888678e-02 8.016295e-03 -1.970789e-02
      vertex -2.948210e-02 7.264212e-03 -2.124149e-02
    endloop
  endfacet
  facet normal -7.031903e-01 7.071852e-01 -7.356956e-02
    outer loop
      vertex -2.996926e-02 7.723013e-03 -1.219692e-02
      vertex -2.979727e-02 7.796123e-03 -1.313808e-02
      vertex -3.009026e-02 7.573111e-03 -1.248126e-02
    endloop
  endfacet
  facet normal -7.033924e-01 7.069735e-01 -7.367285e-02
    outer loop
      vertex -3.025104e-02 7.344520e-03 -1.313927e-02
      vertex -2.979727e-02 7.796123e-03 -1.313808e-02
      vertex -3.027494e-02 7.284901e-03 -1.348324e-02
    endloop
  endfacet
  facet normal -7.034540e-01 7.069280e-01 -7.352019e-02
    outer loop
      vertex -2.979727e-02 7.796123e-03 -1.313808e-02
      vertex -3.025820e-02 7.264113e-03 -1.384330e-02
      vertex -3.027494e-02 7.284901e-03 -1.348324e-02
    endloop
  endfacet
  facet normal -7.032642e-01 7.070913e-01 -7.376619e-02
    outer loop
      vertex -2.888678e-02 8.016295e-03 -1.970789e-02
      vertex -2.814675e-02 8.697944e-03 -2.022917e-02
      vertex -2.857825e-02 8.141779e-03 -2.144655e-02
    endloop
  endfacet
  facet normal -2.781618e-05 1.000000e+00 1.064771e-05
    outer loop
      vertex -2.168073e-02 9.804266e-03 -8.705792e-03
      vertex -2.116100e-02 9.804291e-03 -9.676765e-03
      vertex -2.217760e-02 9.804255e-03 -8.929022e-03
    endloop
  endfacet
  facet normal -2.467831e-05 1.000000e+00 1.172141e-05
    outer loop
      vertex -2.739653e-02 9.804214e-03 -1.677727e-02
      vertex -2.660861e-02 9.804238e-03 -1.715241e-02
      vertex -2.731963e-02 9.804225e-03 -1.751034e-02
    endloop
  endfacet
  facet normal -2.415135e-05 1.000000e+00 1.040315e-05
    outer loop
      vertex -2.095970e-02 9.804314e-03 -1.140922e-02
      vertex -2.240670e-02 9.804278e-03 -1.137662e-02
      vertex -2.175486e-02 9.804286e-03 -1.059673e-02
    endloop
  endfacet
  facet normal -2.116757e-05 1.000000e+00 1.350534e-05
    outer loop
      vertex -2.175486e-02 9.804286e-03 -1.059673e-02
      vertex -2.295287e-02 9.804242e-03 -9.226151e-03
      vertex -2.217760e-02 9.804255e-03 -8.929022e-03
    endloop
  endfacet
  facet normal 3.179184e-05 1.000000e+00 1.746216e-05
    outer loop
      vertex -1.989639e-02 9.804290e-03 -6.781736e-03
      vertex -1.981141e-02 9.804301e-03 -7.591821e-03
      vertex -2.012706e-02 9.804299e-03 -6.907918e-03
    endloop
  endfacet
  facet normal 1.216602e-05 1.000000e+00 -9.279799e-05
    outer loop
      vertex -2.031943e-02 9.804330e-03 -7.350117e-03
      vertex -1.981141e-02 9.804301e-03 -7.591821e-03
      vertex -2.069374e-02 9.804283e-03 -7.902758e-03
    endloop
  endfacet
  facet normal 8.594598e-04 9.999995e-01 4.855771e-04
    outer loop
      vertex -2.116100e-02 9.804291e-03 -9.676765e-03
      vertex -2.168073e-02 9.804266e-03 -8.705792e-03
      vertex -2.123713e-02 9.803741e-03 -8.410756e-03
    endloop
  endfacet
  facet normal -2.401224e-05 1.000000e+00 1.079369e-05
    outer loop
      vertex -2.043262e-02 9.804296e-03 -8.498144e-03
      vertex -1.964145e-02 9.804322e-03 -9.211989e-03
      vertex -2.116100e-02 9.804291e-03 -9.676765e-03
    endloop
  endfacet
  facet normal -2.407664e-05 1.000000e+00 9.610274e-06
    outer loop
      vertex -2.035577e-02 9.804317e-03 -1.026710e-02
      vertex -2.041330e-02 9.804323e-03 -1.110588e-02
      vertex -2.175486e-02 9.804286e-03 -1.059673e-02
    endloop
  endfacet
  facet normal -2.598410e-01 9.647982e-01 -4.058450e-02
    outer loop
      vertex 1.074560e-02 8.167669e-03 -3.175689e-02
      vertex 1.037993e-02 8.108369e-03 -3.082547e-02
      vertex 1.132118e-02 8.351632e-03 -3.106877e-02
    endloop
  endfacet
  facet normal -3.223323e-01 9.462268e-01 -2.750847e-02
    outer loop
      vertex 1.085762e-02 8.947246e-03 -1.283631e-02
      vertex 1.150371e-02 9.180004e-03 -1.240054e-02
      vertex 1.168546e-02 9.206356e-03 -1.362380e-02
    endloop
  endfacet
  facet normal -1.592933e-01 9.869981e-01 -2.145749e-02
    outer loop
      vertex 5.203522e-03 6.851254e-03 -3.641570e-02
      vertex 4.654584e-03 6.778203e-03 -3.570075e-02
      vertex 5.329854e-03 6.887446e-03 -3.568880e-02
    endloop
  endfacet
  facet normal -1.880515e-01 9.817372e-01 -2.878769e-02
    outer loop
      vertex 6.741608e-03 7.160277e-03 -3.475370e-02
      vertex 6.153724e-03 7.072643e-03 -3.390197e-02
      vertex 7.098081e-03 7.258164e-03 -3.374408e-02
    endloop
  endfacet
  facet normal -2.967731e-01 9.537641e-01 -4.753710e-02
    outer loop
      vertex 1.337587e-02 9.103872e-03 -2.805716e-02
      vertex 1.258391e-02 8.868828e-03 -2.782880e-02
      vertex 1.316335e-02 9.072758e-03 -2.735462e-02
    endloop
  endfacet
  facet normal 1.127409e-01 9.935676e-01 1.062571e-02
    outer loop
      vertex -1.115835e-02 6.326021e-03 -3.934948e-02
      vertex -1.190592e-02 6.409190e-03 -3.919441e-02
      vertex -1.104887e-02 6.304794e-03 -3.852626e-02
    endloop
  endfacet
  facet normal 3.403913e-03 9.999930e-01 1.535687e-03
    outer loop
      vertex -5.738545e-03 5.999660e-03 -3.844768e-02
      vertex -5.471350e-03 5.996197e-03 -3.678475e-02
      vertex -4.945994e-03 5.995743e-03 -3.765363e-02
    endloop
  endfacet
  facet normal 7.396723e-02 9.972282e-01 8.044917e-03
    outer loop
      vertex -1.136478e-02 6.178356e-03 -1.938205e-02
      vertex -1.071444e-02 6.129661e-03 -1.932529e-02
      vertex -1.134468e-02 6.182110e-03 -2.003218e-02
    endloop
  endfacet
  facet normal 1.757639e-01 9.843161e-01 1.513061e-02
    outer loop
      vertex -1.716767e-02 6.949447e-03 -1.988857e-02
      vertex -1.652886e-02 6.834520e-03 -1.983281e-02
      vertex -1.688483e-02 6.920273e-03 -2.127630e-02
    endloop
  endfacet
  facet normal 1.868095e-01 9.822416e-01 1.742551e-02
    outer loop
      vertex -1.716767e-02 6.949447e-03 -1.988857e-02
      vertex -1.688483e-02 6.920273e-03 -2.127630e-02
      vertex -1.780459e-02 7.071567e-03 -1.994417e-02
    endloop
  endfacet
  facet normal 2.308064e-01 9.726900e-01 2.454742e-02
    outer loop
      vertex -2.033094e-02 7.631080e-03 -2.016468e-02
      vertex -1.970279e-02 7.480643e-03 -2.010986e-02
      vertex -2.055656e-02 7.707049e-03 -2.105355e-02
    endloop
  endfacet
  facet normal 3.449551e-01 9.381353e-01 3.013541e-02
    outer loop
      vertex -2.608401e-02 9.372080e-03 -2.066684e-02
      vertex -2.599096e-02 9.365522e-03 -2.152790e-02
      vertex -2.694528e-02 9.726082e-03 -2.182833e-02
    endloop
  endfacet
  facet normal 3.310506e-01 9.431797e-01 2.859431e-02
    outer loop
      vertex -2.608401e-02 9.372080e-03 -2.066684e-02
      vertex -2.525766e-02 9.079847e-03 -2.059471e-02
      vertex -2.599096e-02 9.365522e-03 -2.152790e-02
    endloop
  endfacet
  facet normal 2.732715e-01 9.610642e-01 4.096622e-02
    outer loop
      vertex -2.281765e-02 8.301772e-03 -2.038174e-02
      vertex -2.220008e-02 8.123874e-03 -2.032783e-02
      vertex -2.356797e-02 8.548016e-03 -2.115344e-02
    endloop
  endfacet
  facet normal 2.018143e-01 9.792821e-01 1.665894e-02
    outer loop
      vertex -1.875588e-02 7.269025e-03 -2.002720e-02
      vertex -1.780459e-02 7.071567e-03 -1.994417e-02
      vertex -1.859201e-02 7.248873e-03 -2.082775e-02
    endloop
  endfacet
  facet normal 2.157913e-01 9.762428e-01 1.959644e-02
    outer loop
      vertex -1.875588e-02 7.269025e-03 -2.002720e-02
      vertex -1.859201e-02 7.248873e-03 -2.082775e-02
      vertex -1.953929e-02 7.462103e-03 -2.101908e-02
    endloop
  endfacet
  facet normal 1.495042e-01 9.886634e-01 1.389944e-02
    outer loop
      vertex -1.492414e-02 6.579850e-03 -1.969274e-02
      vertex -1.478583e-02 6.567930e-03 -2.033255e-02
      vertex -1.588827e-02 6.726828e-03 -1.977690e-02
    endloop
  endfacet
  facet normal 1.007480e-01 9.948365e-01 1.225331e-02
    outer loop
      vertex -1.115835e-02 6.326021e-03 -3.934948e-02
      vertex -1.104887e-02 6.304794e-03 -3.852626e-02
      vertex -1.039922e-02 6.250761e-03 -3.948084e-02
    endloop
  endfacet
  facet normal 9.012695e-02 9.958937e-01 8.536740e-03
    outer loop
      vertex -1.136478e-02 6.178356e-03 -1.938205e-02
      vertex -1.134468e-02 6.182110e-03 -2.003218e-02
      vertex -1.247208e-02 6.284981e-03 -2.013059e-02
    endloop
  endfacet
  facet normal 1.045825e-01 9.944566e-01 1.089182e-02
    outer loop
      vertex -1.266299e-02 6.298101e-03 -1.949537e-02
      vertex -1.247208e-02 6.284981e-03 -2.013059e-02
      vertex -1.312393e-02 6.358916e-03 -2.062208e-02
    endloop
  endfacet
  facet normal 5.204951e-02 9.986429e-01 1.789193e-03
    outer loop
      vertex -9.688498e-03 6.078904e-03 -2.146300e-02
      vertex -1.014997e-02 6.101568e-03 -2.068843e-02
      vertex -9.140569e-03 6.048995e-03 -2.070897e-02
    endloop
  endfacet
  facet normal 3.308021e-01 9.352594e-01 -1.259359e-01
    outer loop
      vertex -2.560352e-02 9.364428e-03 -1.766839e-02
      vertex -2.502209e-02 9.240343e-03 -1.706264e-02
      vertex -2.483089e-02 9.021240e-03 -1.818756e-02
    endloop
  endfacet
  facet normal 3.079801e-01 9.491189e-01 -6.573849e-02
    outer loop
      vertex -2.352986e-02 8.606933e-03 -1.807400e-02
      vertex -2.345729e-02 8.499881e-03 -1.927965e-02
      vertex -2.476089e-02 8.915003e-03 -1.939343e-02
    endloop
  endfacet
  facet normal 2.749686e-01 9.448811e-01 -1.777413e-01
    outer loop
      vertex -2.267966e-02 8.624928e-03 -1.624835e-02
      vertex -2.145066e-02 8.287457e-03 -1.614107e-02
      vertex -2.250709e-02 8.462824e-03 -1.684312e-02
    endloop
  endfacet
  facet normal 2.428421e-01 9.674327e-01 -7.142556e-02
    outer loop
      vertex -1.983908e-02 7.615297e-03 -1.775185e-02
      vertex -1.975927e-02 7.506298e-03 -1.895686e-02
      vertex -2.098711e-02 7.806595e-03 -1.906403e-02
    endloop
  endfacet
  facet normal 2.432070e-01 9.607125e-01 -1.337231e-01
    outer loop
      vertex -2.054204e-02 7.874097e-03 -1.717105e-02
      vertex -2.004624e-02 7.824126e-03 -1.662832e-02
      vertex -1.983908e-02 7.615297e-03 -1.775185e-02
    endloop
  endfacet
  facet normal 2.572919e-01 9.497332e-01 -1.783472e-01
    outer loop
      vertex -2.145066e-02 8.287457e-03 -1.614107e-02
      vertex -2.053375e-02 8.054087e-03 -1.606104e-02
      vertex -2.127550e-02 8.128355e-03 -1.673562e-02
    endloop
  endfacet
  facet normal 2.510439e-01 8.940028e-01 -3.711280e-01
    outer loop
      vertex -2.117640e-02 9.030409e-03 -1.330030e-02
      vertex -1.996611e-02 9.187946e-03 -1.210213e-02
      vertex -1.997571e-02 8.736753e-03 -1.319550e-02
    endloop
  endfacet
  facet normal 2.207109e-01 9.725767e-01 -7.335689e-02
    outer loop
      vertex -1.853059e-02 7.326972e-03 -1.763763e-02
      vertex -1.844821e-02 7.217406e-03 -1.884242e-02
      vertex -1.975927e-02 7.506298e-03 -1.895686e-02
    endloop
  endfacet
  facet normal 2.298588e-01 9.493309e-01 -2.143264e-01
    outer loop
      vertex -1.959830e-02 7.834746e-03 -1.597939e-02
      vertex -1.994343e-02 8.049511e-03 -1.539826e-02
      vertex -1.897033e-02 7.833075e-03 -1.531332e-02
    endloop
  endfacet
  facet normal 2.249142e-01 9.568903e-01 -1.837786e-01
    outer loop
      vertex -1.908375e-02 7.605306e-03 -1.654431e-02
      vertex -1.959830e-02 7.834746e-03 -1.597939e-02
      vertex -1.862151e-02 7.621531e-03 -1.589413e-02
    endloop
  endfacet
  facet normal 2.305906e-01 8.987584e-01 -3.729093e-01
    outer loop
      vertex -1.997571e-02 8.736753e-03 -1.319550e-02
      vertex -1.869468e-02 8.907786e-03 -1.199115e-02
      vertex -1.869365e-02 8.454251e-03 -1.308359e-02
    endloop
  endfacet
  facet normal 1.980135e-01 9.772998e-01 -7.533797e-02
    outer loop
      vertex -1.724065e-02 7.074293e-03 -1.752504e-02
      vertex -1.715574e-02 6.964231e-03 -1.872961e-02
      vertex -1.800037e-02 7.170555e-03 -1.827309e-02
    endloop
  endfacet
  facet normal 2.151556e-01 9.520427e-01 -2.175381e-01
    outer loop
      vertex -1.897033e-02 7.833075e-03 -1.531332e-02
      vertex -1.800627e-02 7.634430e-03 -1.522917e-02
      vertex -1.862151e-02 7.621531e-03 -1.589413e-02
    endloop
  endfacet
  facet normal 1.949329e-01 9.626998e-01 -1.876440e-01
    outer loop
      vertex -1.730777e-02 7.248463e-03 -1.638929e-02
      vertex -1.798097e-02 7.492190e-03 -1.583822e-02
      vertex -1.700809e-02 7.311748e-03 -1.575330e-02
    endloop
  endfacet
  facet normal 2.166388e-01 9.404985e-01 -2.617828e-01
    outer loop
      vertex -1.800627e-02 7.634430e-03 -1.522917e-02
      vertex -1.897033e-02 7.833075e-03 -1.531332e-02
      vertex -1.796040e-02 7.926187e-03 -1.414303e-02
    endloop
  endfacet
  facet normal 2.095476e-01 8.778307e-01 -4.307007e-01
    outer loop
      vertex -1.868555e-02 9.224507e-03 -1.134119e-02
      vertex -1.743838e-02 9.171312e-03 -1.084282e-02
      vertex -1.744128e-02 8.662264e-03 -1.188175e-02
    endloop
  endfacet
  facet normal 2.086808e-01 8.490591e-01 -4.853359e-01
    outer loop
      vertex -1.868007e-02 9.414540e-03 -1.095121e-02
      vertex -1.742066e-02 9.761494e-03 -9.802725e-03
      vertex -1.743838e-02 9.171312e-03 -1.084282e-02
    endloop
  endfacet
  facet normal 2.070387e-01 8.173783e-01 -5.376130e-01
    outer loop
      vertex -1.860402e-02 1.061670e-02 -8.958200e-03
      vertex -1.739011e-02 1.037891e-02 -8.852242e-03
      vertex -1.742066e-02 9.761494e-03 -9.802725e-03
    endloop
  endfacet
  facet normal 1.763226e-01 9.812979e-01 -7.723197e-02
    outer loop
      vertex -1.604738e-02 6.868080e-03 -1.742088e-02
      vertex -1.596013e-02 6.757614e-03 -1.862525e-02
      vertex -1.715574e-02 6.964231e-03 -1.872961e-02
    endloop
  endfacet
  facet normal 1.883459e-01 9.290523e-01 -3.184142e-01
    outer loop
      vertex -1.740353e-02 7.817104e-03 -1.409442e-02
      vertex -1.626060e-02 8.004626e-03 -1.287122e-02
      vertex -1.622607e-02 7.613623e-03 -1.399164e-02
    endloop
  endfacet
  facet normal 1.895731e-01 9.068151e-01 -3.764949e-01
    outer loop
      vertex -1.721055e-02 8.168791e-03 -1.295414e-02
      vertex -1.628181e-02 8.461892e-03 -1.178054e-02
      vertex -1.626060e-02 8.004626e-03 -1.287122e-02
    endloop
  endfacet
  facet normal 1.900643e-01 8.814202e-01 -4.324050e-01
    outer loop
      vertex -1.743838e-02 9.171312e-03 -1.084282e-02
      vertex -1.628974e-02 8.972812e-03 -1.074256e-02
      vertex -1.628181e-02 8.461892e-03 -1.178054e-02
    endloop
  endfacet
  facet normal 1.889864e-01 8.206523e-01 -5.392716e-01
    outer loop
      vertex -1.742066e-02 9.761494e-03 -9.802725e-03
      vertex -1.626717e-02 1.018486e-02 -8.754224e-03
      vertex -1.629460e-02 9.567262e-03 -9.703677e-03
    endloop
  endfacet
  facet normal 1.872736e-01 7.862491e-01 -5.888471e-01
    outer loop
      vertex -1.739011e-02 1.037891e-02 -8.852242e-03
      vertex -1.637091e-02 1.090296e-02 -7.828376e-03
      vertex -1.626717e-02 1.018486e-02 -8.754224e-03
    endloop
  endfacet
  facet normal 1.547935e-01 9.847743e-01 -7.911063e-02
    outer loop
      vertex -1.477571e-02 6.677106e-03 -1.730988e-02
      vertex -1.468596e-02 6.566266e-03 -1.851403e-02
      vertex -1.596013e-02 6.757614e-03 -1.862525e-02
    endloop
  endfacet
  facet normal 1.526501e-01 9.785276e-01 -1.384977e-01
    outer loop
      vertex -1.551252e-02 6.878035e-03 -1.673204e-02
      vertex -1.500432e-02 6.875725e-03 -1.618823e-02
      vertex -1.463643e-02 6.749664e-03 -1.667341e-02
    endloop
  endfacet
  facet normal 1.617170e-01 9.623937e-01 -2.182796e-01
    outer loop
      vertex -1.583554e-02 7.115788e-03 -1.565095e-02
      vertex -1.586632e-02 7.258989e-03 -1.504238e-02
      vertex -1.491965e-02 7.118657e-03 -1.495975e-02
    endloop
  endfacet
  facet normal 1.707267e-01 8.845439e-01 -4.340904e-01
    outer loop
      vertex -1.628181e-02 8.461892e-03 -1.178054e-02
      vertex -1.506562e-02 8.788981e-03 -1.063571e-02
      vertex -1.504615e-02 8.276327e-03 -1.167269e-02
    endloop
  endfacet
  facet normal 1.318799e-01 9.879417e-01 -8.110988e-02
    outer loop
      vertex -1.342395e-02 6.506348e-03 -1.719189e-02
      vertex -1.333155e-02 6.395172e-03 -1.839581e-02
      vertex -1.468596e-02 6.566266e-03 -1.851403e-02
    endloop
  endfacet
  facet normal 1.353716e-01 9.659279e-01 -2.205852e-01
    outer loop
      vertex -1.354183e-02 6.805238e-03 -1.545074e-02
      vertex -1.424976e-02 7.029931e-03 -1.490127e-02
      vertex -1.357847e-02 6.949234e-03 -1.484268e-02
    endloop
  endfacet
  facet normal 1.469070e-01 9.644707e-01 -2.195782e-01
    outer loop
      vertex -1.455064e-02 6.930619e-03 -1.553879e-02
      vertex -1.491965e-02 7.118657e-03 -1.495975e-02
      vertex -1.424976e-02 7.029931e-03 -1.490127e-02
    endloop
  endfacet
  facet normal 1.372759e-01 9.725443e-01 -1.879171e-01
    outer loop
      vertex -1.367402e-02 6.703835e-03 -1.607211e-02
      vertex -1.455064e-02 6.930619e-03 -1.553879e-02
      vertex -1.354183e-02 6.805238e-03 -1.545074e-02
    endloop
  endfacet
  facet normal 1.489131e-01 9.128215e-01 -3.802391e-01
    outer loop
      vertex -1.503851e-02 7.821385e-03 -1.276324e-02
      vertex -1.377155e-02 8.117871e-03 -1.155530e-02
      vertex -1.371931e-02 7.654226e-03 -1.264789e-02
    endloop
  endfacet
  facet normal 1.504632e-01 8.872194e-01 -4.361221e-01
    outer loop
      vertex -1.504615e-02 8.276327e-03 -1.167269e-02
      vertex -1.377932e-02 8.627081e-03 -1.052207e-02
      vertex -1.377155e-02 8.117871e-03 -1.155530e-02
    endloop
  endfacet
  facet normal 1.513485e-01 8.582334e-01 -4.904376e-01
    outer loop
      vertex -1.506562e-02 8.788981e-03 -1.063571e-02
      vertex -1.380773e-02 9.225068e-03 -9.484405e-03
      vertex -1.377932e-02 8.627081e-03 -1.052207e-02
    endloop
  endfacet
  facet normal 1.519047e-01 8.261452e-01 -5.425947e-01
    outer loop
      vertex -1.507385e-02 9.383344e-03 -9.597879e-03
      vertex -1.379836e-02 9.844445e-03 -8.538728e-03
      vertex -1.380773e-02 9.225068e-03 -9.484405e-03
    endloop
  endfacet
  facet normal 1.458347e-01 6.192882e-01 -7.715014e-01
    outer loop
      vertex -1.494015e-02 1.316493e-02 -5.137753e-03
      vertex -1.370258e-02 1.394076e-02 -4.281057e-03
      vertex -1.373726e-02 1.301977e-02 -5.026898e-03
    endloop
  endfacet
  facet normal 1.085915e-01 9.906034e-01 -8.314316e-02
    outer loop
      vertex -1.210956e-02 6.371892e-03 -1.707716e-02
      vertex -1.201458e-02 6.260452e-03 -1.828085e-02
      vertex -1.333155e-02 6.395172e-03 -1.839581e-02
    endloop
  endfacet
  facet normal 1.348529e-01 7.118216e-01 -6.892929e-01
    outer loop
      vertex -1.303989e-02 1.126889e-02 -6.593458e-03
      vertex -1.385198e-02 1.214223e-02 -5.850456e-03
      vertex -1.277659e-02 1.202339e-02 -5.762784e-03
    endloop
  endfacet
  facet normal 8.588955e-02 9.926614e-01 -8.512486e-02
    outer loop
      vertex -1.154753e-02 6.327469e-03 -1.702810e-02
      vertex -1.077006e-02 6.207557e-03 -1.764198e-02
      vertex -1.201458e-02 6.260452e-03 -1.828085e-02
    endloop
  endfacet
  facet normal 8.861821e-02 9.760446e-01 -1.987051e-01
    outer loop
      vertex -1.091195e-02 6.447022e-03 -1.583102e-02
      vertex -1.191509e-02 6.644425e-03 -1.530874e-02
      vertex -1.062918e-02 6.550525e-03 -1.519650e-02
    endloop
  endfacet
  facet normal 1.022150e-01 9.399188e-01 -3.257372e-01
    outer loop
      vertex -1.234042e-02 7.124010e-03 -1.365248e-02
      vertex -1.193029e-02 7.481153e-03 -1.249324e-02
      vertex -1.103612e-02 7.019774e-03 -1.354396e-02
    endloop
  endfacet
  facet normal 1.087704e-01 8.915585e-01 -4.396503e-01
    outer loop
      vertex -1.251347e-02 8.492226e-03 -1.042133e-02
      vertex -1.124273e-02 8.394924e-03 -1.030426e-02
      vertex -1.120811e-02 7.882058e-03 -1.133573e-02
    endloop
  endfacet
  facet normal 1.133692e-01 8.300428e-01 -5.460552e-01
    outer loop
      vertex -1.254395e-02 9.100406e-03 -9.366253e-03
      vertex -1.133747e-02 9.387507e-03 -8.679353e-03
      vertex -1.135020e-02 8.999650e-03 -9.271568e-03
    endloop
  endfacet
  facet normal 1.175272e-01 7.121453e-01 -6.921245e-01
    outer loop
      vertex -1.158985e-02 1.114428e-02 -6.464442e-03
      vertex -1.212419e-02 1.153213e-02 -6.156104e-03
      vertex -1.142926e-02 1.191590e-02 -5.643236e-03
    endloop
  endfacet
  facet normal 6.434479e-02 9.941275e-01 -8.700669e-02
    outer loop
      vertex -9.642965e-03 6.202883e-03 -1.686185e-02
      vertex -9.543141e-03 6.091111e-03 -1.806512e-02
      vertex -1.072740e-02 6.158715e-03 -1.816850e-02
    endloop
  endfacet
  facet normal 8.537266e-02 9.186336e-01 -3.857769e-01
    outer loop
      vertex -1.113482e-02 7.419631e-03 -1.242067e-02
      vertex -1.120811e-02 7.882058e-03 -1.133573e-02
      vertex -9.931745e-03 7.351013e-03 -1.231782e-02
    endloop
  endfacet
  facet normal 8.915807e-02 8.929350e-01 -4.412686e-01
    outer loop
      vertex -1.120811e-02 7.882058e-03 -1.133573e-02
      vertex -1.010136e-02 8.332998e-03 -1.019961e-02
      vertex -1.003019e-02 7.814617e-03 -1.123420e-02
    endloop
  endfacet
  facet normal 5.704650e-02 9.790693e-01 -1.953687e-01
    outer loop
      vertex -9.087347e-03 6.353359e-03 -1.567175e-02
      vertex -9.733682e-03 6.379760e-03 -1.572817e-02
      vertex -9.377715e-03 6.486909e-03 -1.508726e-02
    endloop
  endfacet
  facet normal 6.994862e-02 8.935319e-01 -4.435177e-01
    outer loop
      vertex -1.003019e-02 7.814617e-03 -1.123420e-02
      vertex -8.803901e-03 8.286601e-03 -1.008992e-02
      vertex -8.805682e-03 7.771511e-03 -1.112792e-02
    endloop
  endfacet
  facet normal 7.567084e-02 7.497005e-01 -6.574368e-01
    outer loop
      vertex -9.564708e-03 1.063008e-02 -6.755873e-03
      vertex -9.147019e-03 1.102833e-02 -6.253656e-03
      vertex -8.654048e-03 1.060787e-02 -6.676383e-03
    endloop
  endfacet
  facet normal 2.254068e-01 8.267388e-01 -5.154559e-01
    outer loop
      vertex -1.928197e-02 1.034756e-02 -9.632676e-03
      vertex -1.864877e-02 1.000206e-02 -9.909923e-03
      vertex -1.939150e-02 1.006968e-02 -1.012626e-02
    endloop
  endfacet
  facet normal 1.708578e-01 5.663645e-01 -8.062499e-01
    outer loop
      vertex -1.695735e-02 1.539056e-02 -3.885717e-03
      vertex -1.630858e-02 1.475806e-02 -4.192546e-03
      vertex -1.701828e-02 1.443415e-02 -4.570477e-03
    endloop
  endfacet
  facet normal 3.526589e-01 9.349209e-01 -3.943003e-02
    outer loop
      vertex -2.716583e-02 9.804244e-03 -1.897648e-02
      vertex -2.598237e-02 9.335754e-03 -1.950005e-02
      vertex -2.712560e-02 9.751627e-03 -1.986431e-02
    endloop
  endfacet
  facet normal 2.549973e-01 8.715768e-01 -4.187246e-01
    outer loop
      vertex -2.095970e-02 9.804314e-03 -1.140922e-02
      vertex -2.115684e-02 9.479166e-03 -1.220607e-02
      vertex -2.167398e-02 9.804301e-03 -1.184422e-02
    endloop
  endfacet
  facet normal 2.694099e-01 8.753357e-01 -4.015042e-01
    outer loop
      vertex -2.236964e-02 9.804289e-03 -1.231104e-02
      vertex -2.167398e-02 9.804301e-03 -1.184422e-02
      vertex -2.115684e-02 9.479166e-03 -1.220607e-02
    endloop
  endfacet
  facet normal 2.982784e-01 9.015288e-01 -3.134898e-01
    outer loop
      vertex -2.368771e-02 9.804268e-03 -1.334510e-02
      vertex -2.360941e-02 9.329439e-03 -1.463611e-02
      vertex -2.444584e-02 9.804257e-03 -1.406647e-02
    endloop
  endfacet
  facet normal 2.337319e-01 9.722477e-01 -1.018354e-02
    outer loop
      vertex -2.033094e-02 7.631080e-03 -2.016468e-02
      vertex -1.975927e-02 7.506298e-03 -1.895686e-02
      vertex -1.970279e-02 7.480643e-03 -2.010986e-02
    endloop
  endfacet
  facet normal 1.150978e-01 9.929828e-01 -2.716070e-02
    outer loop
      vertex -1.363384e-02 6.408316e-03 -1.958012e-02
      vertex -1.397475e-02 6.464338e-03 -1.897663e-02
      vertex -1.266299e-02 6.298101e-03 -1.949537e-02
    endloop
  endfacet
  facet normal 9.348090e-02 9.954388e-01 -1.904995e-02
    outer loop
      vertex -1.266299e-02 6.298101e-03 -1.949537e-02
      vertex -1.201458e-02 6.260452e-03 -1.828085e-02
      vertex -1.136478e-02 6.178356e-03 -1.938205e-02
    endloop
  endfacet
  facet normal 4.517045e-02 9.399031e-01 -3.384403e-01
    outer loop
      vertex -7.390295e-03 7.227849e-03 -1.225909e-02
      vertex -7.347317e-03 7.048511e-03 -1.275140e-02
      vertex -8.132620e-03 7.261869e-03 -1.226369e-02
    endloop
  endfacet
  facet normal 3.385097e-01 9.206348e-01 -1.945321e-01
    outer loop
      vertex -2.519258e-02 9.409649e-03 -1.646769e-02
      vertex -2.633206e-02 9.804238e-03 -1.658311e-02
      vertex -2.609563e-02 9.804239e-03 -1.617168e-02
    endloop
  endfacet
  facet normal 1.566406e-01 5.772564e-01 -8.013980e-01
    outer loop
      vertex -1.522007e-02 1.486273e-02 -3.893382e-03
      vertex -1.487690e-02 1.408910e-02 -4.383561e-03
      vertex -1.598164e-02 1.425500e-02 -4.479991e-03
    endloop
  endfacet
  facet normal 1.434943e-01 5.836987e-01 -7.991904e-01
    outer loop
      vertex -1.487690e-02 1.408910e-02 -4.383561e-03
      vertex -1.384750e-02 1.447088e-02 -3.919896e-03
      vertex -1.370258e-02 1.394076e-02 -4.281057e-03
    endloop
  endfacet
  facet normal 1.071215e-01 7.331228e-01 -6.716070e-01
    outer loop
      vertex -6.706025e-03 1.149474e-02 -5.498578e-03
      vertex -5.984498e-03 1.150143e-02 -5.376193e-03
      vertex -6.572613e-03 1.076736e-02 -6.271306e-03
    endloop
  endfacet
  facet normal 7.841537e-02 8.047520e-01 -5.884091e-01
    outer loop
      vertex -6.844920e-03 1.007427e-02 -7.149160e-03
      vertex -5.639147e-03 1.011303e-02 -6.935465e-03
      vertex -5.973940e-03 9.500570e-03 -7.817722e-03
    endloop
  endfacet
  facet normal 6.336951e-02 8.342904e-01 -5.476713e-01
    outer loop
      vertex -7.115161e-03 9.482915e-03 -7.976665e-03
      vertex -5.973940e-03 9.500570e-03 -7.817722e-03
      vertex -6.794867e-03 9.186382e-03 -8.391325e-03
    endloop
  endfacet
  facet normal 1.121060e-01 8.704535e-01 -4.793151e-01
    outer loop
      vertex 3.083974e-04 9.994921e-03 -5.837045e-03
      vertex 1.080096e-03 1.010382e-02 -5.458781e-03
      vertex 9.558012e-04 9.761498e-03 -6.109529e-03
    endloop
  endfacet
  facet normal 7.370970e-02 8.894056e-01 -4.511371e-01
    outer loop
      vertex 5.681189e-04 9.446939e-03 -6.743921e-03
      vertex 1.180761e-03 9.288874e-03 -6.955447e-03
      vertex 3.748573e-04 9.171560e-03 -7.318401e-03
    endloop
  endfacet
  facet normal 4.330049e-02 8.904915e-01 -4.529349e-01
    outer loop
      vertex -6.210760e-03 8.359694e-03 -9.694213e-03
      vertex -5.670982e-03 7.890794e-03 -1.056449e-02
      vertex -6.922646e-03 8.347502e-03 -9.786239e-03
    endloop
  endfacet
  facet normal 3.406188e-02 9.147167e-01 -4.026576e-01
    outer loop
      vertex -5.670982e-03 7.890794e-03 -1.056449e-02
      vertex -4.623180e-03 7.931893e-03 -1.038249e-02
      vertex -5.191881e-03 7.477187e-03 -1.146355e-02
    endloop
  endfacet
  facet normal -4.438132e-02 9.468625e-01 -3.185619e-01
    outer loop
      vertex 9.077054e-03 1.039824e-02 -3.649377e-03
      vertex 9.610026e-03 1.077511e-02 -2.603474e-03
      vertex 1.022062e-02 1.075301e-02 -2.754209e-03
    endloop
  endfacet
  facet normal 2.140410e-01 8.059265e-01 -5.519682e-01
    outer loop
      vertex 6.308734e-04 1.153047e-02 -3.370907e-03
      vertex 1.265233e-03 1.144951e-02 -3.243126e-03
      vertex 8.364862e-04 1.130903e-02 -3.614499e-03
    endloop
  endfacet
  facet normal 1.987772e-01 7.146336e-01 -6.706612e-01
    outer loop
      vertex -4.631763e-03 1.235742e-02 -4.219180e-03
      vertex -3.807343e-03 1.220915e-02 -4.132821e-03
      vertex -3.889120e-03 1.158279e-02 -4.824487e-03
    endloop
  endfacet
  facet normal -9.815536e-02 9.943704e-01 -3.991370e-02
    outer loop
      vertex -4.374925e-04 6.360258e-03 -1.787730e-02
      vertex -1.149963e-03 6.282712e-03 -1.805710e-02
      vertex -2.268031e-04 6.427559e-03 -1.671874e-02
    endloop
  endfacet
  facet normal -2.550031e-01 9.659316e-01 -4.415293e-02
    outer loop
      vertex 8.514016e-03 8.187009e-03 -1.426104e-02
      vertex 8.003388e-03 8.068644e-03 -1.390141e-02
      vertex 8.262920e-03 8.169560e-03 -1.319257e-02
    endloop
  endfacet
  facet normal -2.970427e-01 9.536077e-01 -4.896838e-02
    outer loop
      vertex 1.020119e-02 8.721031e-03 -1.325969e-02
      vertex 1.020246e-02 8.757667e-03 -1.255395e-02
      vertex 1.085762e-02 8.947246e-03 -1.283631e-02
    endloop
  endfacet
  facet normal 1.834848e-02 9.574299e-01 -2.880823e-01
    outer loop
      vertex -7.303890e-03 6.882783e-03 -1.324886e-02
      vertex -6.315196e-03 6.735679e-03 -1.367479e-02
      vertex -7.260037e-03 6.730793e-03 -1.375120e-02
    endloop
  endfacet
  facet normal 1.047899e-02 9.851637e-01 -1.712973e-01
    outer loop
      vertex -7.126162e-03 6.358536e-03 -1.528481e-02
      vertex -5.996210e-03 6.278480e-03 -1.567610e-02
      vertex -7.058027e-03 6.222096e-03 -1.606533e-02
    endloop
  endfacet
  facet normal 1.483332e-01 6.656810e-01 -7.313453e-01
    outer loop
      vertex -6.225863e-03 1.225432e-02 -4.675849e-03
      vertex -6.318268e-03 1.268150e-02 -4.305770e-03
      vertex -5.556104e-03 1.227140e-02 -4.524469e-03
    endloop
  endfacet
  facet normal 1.762725e-01 8.406020e-01 -5.121682e-01
    outer loop
      vertex 2.120753e-03 1.134732e-02 -3.073272e-03
      vertex 2.843950e-03 1.097620e-02 -3.433475e-03
      vertex 2.133601e-03 1.085385e-02 -3.878765e-03
    endloop
  endfacet
  facet normal -1.183922e-01 9.590018e-01 -2.574857e-01
    outer loop
      vertex 1.163147e-02 1.047794e-02 -4.215392e-03
      vertex 1.087026e-02 1.058896e-02 -3.451867e-03
      vertex 1.177323e-02 1.071231e-02 -3.407660e-03
    endloop
  endfacet
  facet normal 2.741748e-03 9.805342e-01 -1.963294e-01
    outer loop
      vertex -6.545668e-03 6.471180e-03 -1.472137e-02
      vertex -5.175282e-03 6.500890e-03 -1.455385e-02
      vertex -5.996210e-03 6.278480e-03 -1.567610e-02
    endloop
  endfacet
  facet normal -1.137436e-02 9.995449e-01 -2.793853e-02
    outer loop
      vertex -6.736956e-03 5.999598e-03 -1.867318e-02
      vertex -5.977873e-03 6.031593e-03 -1.783752e-02
      vertex -5.877604e-03 6.003306e-03 -1.889035e-02
    endloop
  endfacet
  facet normal -4.731932e-03 9.999876e-01 -1.558402e-03
    outer loop
      vertex 1.359731e-02 1.069497e-02 -3.265192e-03
      vertex 1.479655e-02 1.070076e-02 -3.191421e-03
      vertex 1.455174e-02 1.069726e-02 -4.690249e-03
    endloop
  endfacet
  facet normal 5.841140e-03 9.999811e-01 1.908080e-03
    outer loop
      vertex 1.299280e-02 1.069688e-02 -2.416213e-03
      vertex 1.359731e-02 1.069497e-02 -3.265192e-03
      vertex 1.234156e-02 1.070328e-02 -3.778249e-03
    endloop
  endfacet
  facet normal 1.181038e-02 9.999291e-01 1.501013e-03
    outer loop
      vertex 1.174021e-02 1.070849e-02 -9.419702e-04
      vertex 1.268977e-02 1.069766e-02 -1.196851e-03
      vertex 1.182399e-02 1.070955e-02 -2.305053e-03
    endloop
  endfacet
  facet normal 1.522744e-01 9.882095e-01 1.595490e-02
    outer loop
      vertex -2.573147e-03 1.195374e-02 -1.171065e-03
      vertex -2.767964e-03 1.195060e-02 8.829098e-04
      vertex -1.915017e-03 1.183877e-02 -3.308967e-04
    endloop
  endfacet
  facet normal 2.160577e-01 9.760705e-01 2.460550e-02
    outer loop
      vertex -9.316580e-03 1.330414e-02 -3.325993e-03
      vertex -9.040403e-03 1.320422e-02 -1.787346e-03
      vertex -7.862612e-03 1.297306e-02 -2.959420e-03
    endloop
  endfacet
  facet normal 2.231403e-01 9.745094e-01 2.323285e-02
    outer loop
      vertex -9.316580e-03 1.330414e-02 -3.325993e-03
      vertex -9.722305e-03 1.334939e-02 -1.327139e-03
      vertex -9.040403e-03 1.320422e-02 -1.787346e-03
    endloop
  endfacet
  facet normal 2.537521e-01 9.669074e-01 2.645508e-02
    outer loop
      vertex -1.217482e-02 1.396498e-02 -1.876345e-03
      vertex -1.177845e-02 1.391881e-02 -3.990832e-03
      vertex -1.283221e-02 1.415394e-02 -2.477044e-03
    endloop
  endfacet
  facet normal 2.456782e-01 9.690317e-01 2.489523e-02
    outer loop
      vertex -1.115617e-02 1.370371e-02 -1.759062e-03
      vertex -1.177845e-02 1.391881e-02 -3.990832e-03
      vertex -1.217482e-02 1.396498e-02 -1.876345e-03
    endloop
  endfacet
  facet normal 2.627015e-01 9.645068e-01 2.673111e-02
    outer loop
      vertex -1.380892e-02 1.444014e-02 -3.205110e-03
      vertex -1.283221e-02 1.415394e-02 -2.477044e-03
      vertex -1.274676e-02 1.417157e-02 -3.953135e-03
    endloop
  endfacet
  facet normal -3.232708e-02 9.994698e-01 -3.876366e-03
    outer loop
      vertex 1.758527e-02 1.076282e-02 -4.827786e-03
      vertex 1.740809e-02 1.075056e-02 -6.510370e-03
      vertex 1.692856e-02 1.073976e-02 -5.295074e-03
    endloop
  endfacet
  facet normal 2.074703e-01 9.779941e-01 2.198910e-02
    outer loop
      vertex -8.035400e-03 1.303859e-02 -4.243621e-03
      vertex -7.862612e-03 1.297306e-02 -2.959420e-03
      vertex -7.370493e-03 1.288002e-02 -3.464831e-03
    endloop
  endfacet
  facet normal 3.748802e-02 9.992826e-01 5.386164e-03
    outer loop
      vertex 9.610026e-03 1.077511e-02 -2.603474e-03
      vertex 9.609628e-03 1.076919e-02 -1.502476e-03
      vertex 1.022062e-02 1.075301e-02 -2.754209e-03
    endloop
  endfacet
  facet normal 3.116014e-02 9.995090e-01 3.281194e-03
    outer loop
      vertex 1.022062e-02 1.075301e-02 -2.754209e-03
      vertex 1.084618e-02 1.073057e-02 -1.858181e-03
      vertex 1.101374e-02 1.072919e-02 -3.030543e-03
    endloop
  endfacet
  facet normal 6.219534e-03 9.999773e-01 -2.573863e-03
    outer loop
      vertex 1.286051e-02 1.069710e-02 -4.216782e-03
      vertex 1.359731e-02 1.069497e-02 -3.265192e-03
      vertex 1.332533e-02 1.069298e-02 -4.695683e-03
    endloop
  endfacet
  facet normal -1.431654e-02 9.998946e-01 -2.405128e-03
    outer loop
      vertex 1.581065e-02 1.070853e-02 -7.395463e-03
      vertex 1.475559e-02 1.069345e-02 -7.384724e-03
      vertex 1.453875e-02 1.069184e-02 -6.763631e-03
    endloop
  endfacet
  facet normal -1.311895e-02 9.999135e-01 -9.123475e-04
    outer loop
      vertex 1.505151e-02 1.069663e-02 -8.668571e-03
      vertex 1.583227e-02 1.070658e-02 -8.987576e-03
      vertex 1.518155e-02 1.069731e-02 -9.794180e-03
    endloop
  endfacet
  facet normal 2.305444e-01 9.727976e-01 2.267355e-02
    outer loop
      vertex -1.060410e-02 1.362625e-02 -4.054224e-03
      vertex -9.316580e-03 1.330414e-02 -3.325993e-03
      vertex -9.180858e-03 1.329119e-02 -4.150485e-03
    endloop
  endfacet
  facet normal 2.169069e-01 9.759746e-01 2.061637e-02
    outer loop
      vertex -7.862612e-03 1.297306e-02 -2.959420e-03
      vertex -8.035400e-03 1.303859e-02 -4.243621e-03
      vertex -9.180858e-03 1.329119e-02 -4.150485e-03
    endloop
  endfacet
  facet normal -1.196278e-02 9.999269e-01 -1.783631e-03
    outer loop
      vertex 1.455174e-02 1.069726e-02 -4.690249e-03
      vertex 1.492537e-02 1.069913e-02 -6.147735e-03
      vertex 1.417803e-02 1.069051e-02 -5.966921e-03
    endloop
  endfacet
  facet normal -3.491355e-03 9.999936e-01 -7.275213e-04
    outer loop
      vertex 1.455174e-02 1.069726e-02 -4.690249e-03
      vertex 1.332533e-02 1.069298e-02 -4.695683e-03
      vertex 1.359731e-02 1.069497e-02 -3.265192e-03
    endloop
  endfacet
  facet normal 1.444155e-02 9.998933e-01 -2.204501e-03
    outer loop
      vertex 1.299280e-02 1.069688e-02 -2.416213e-03
      vertex 1.234156e-02 1.070328e-02 -3.778249e-03
      vertex 1.177323e-02 1.071231e-02 -3.407660e-03
    endloop
  endfacet
  facet normal 1.102865e-02 9.999372e-01 1.994373e-03
    outer loop
      vertex 1.177323e-02 1.071231e-02 -3.407660e-03
      vertex 1.182399e-02 1.070955e-02 -2.305053e-03
      vertex 1.299280e-02 1.069688e-02 -2.416213e-03
    endloop
  endfacet
  facet normal 2.242225e-02 9.997465e-01 2.032033e-03
    outer loop
      vertex 1.101374e-02 1.072919e-02 -3.030543e-03
      vertex 1.084618e-02 1.073057e-02 -1.858181e-03
      vertex 1.182399e-02 1.070955e-02 -2.305053e-03
    endloop
  endfacet
  facet normal 1.935195e-01 9.809122e-01 1.901426e-02
    outer loop
      vertex -6.534993e-03 1.270354e-02 -3.261755e-03
      vertex -6.971483e-03 1.276463e-02 -1.970736e-03
      vertex -5.776942e-03 1.254308e-02 -2.698775e-03
    endloop
  endfacet
  facet normal 2.829879e-01 9.587529e-01 2.665962e-02
    outer loop
      vertex -1.522007e-02 1.486273e-02 -3.893382e-03
      vertex -1.614687e-02 1.509752e-02 -2.499323e-03
      vertex -1.485398e-02 1.471624e-02 -2.511364e-03
    endloop
  endfacet
  facet normal -7.032650e-01 7.070905e-01 -7.376615e-02
    outer loop
      vertex -2.722404e-02 9.309696e-03 -2.316203e-02
      vertex -2.816522e-02 8.332840e-03 -2.355282e-02
      vertex -2.755510e-02 9.130274e-03 -2.172571e-02
    endloop
  endfacet
  facet normal -7.032658e-01 7.070897e-01 -7.376551e-02
    outer loop
      vertex -2.867814e-02 8.967565e-03 -1.257857e-02
      vertex -2.949595e-02 8.267689e-03 -1.149043e-02
      vertex -2.841083e-02 9.371940e-03 -1.125086e-02
    endloop
  endfacet
  facet normal -7.032650e-01 7.070906e-01 -7.376435e-02
    outer loop
      vertex -2.867814e-02 8.967565e-03 -1.257857e-02
      vertex -2.929728e-02 8.376122e-03 -1.234521e-02
      vertex -2.949595e-02 8.267689e-03 -1.149043e-02
    endloop
  endfacet
  facet normal -7.033107e-01 7.070435e-01 -7.378096e-02
    outer loop
      vertex -2.949595e-02 8.267689e-03 -1.149043e-02
      vertex -2.929728e-02 8.376122e-03 -1.234521e-02
      vertex -2.967327e-02 8.068630e-03 -1.170772e-02
    endloop
  endfacet
  facet normal -7.032895e-01 7.070670e-01 -7.375716e-02
    outer loop
      vertex -2.967327e-02 8.068630e-03 -1.170772e-02
      vertex -2.929728e-02 8.376122e-03 -1.234521e-02
      vertex -2.983216e-02 7.885882e-03 -1.194459e-02
    endloop
  endfacet
  facet normal -7.037613e-01 7.066014e-01 -7.371926e-02
    outer loop
      vertex -2.983216e-02 7.885882e-03 -1.194459e-02
      vertex -2.979727e-02 7.796123e-03 -1.313808e-02
      vertex -2.996926e-02 7.723013e-03 -1.219692e-02
    endloop
  endfacet
  facet normal -7.043803e-01 7.058984e-01 -7.453728e-02
    outer loop
      vertex -3.009026e-02 7.573111e-03 -1.248126e-02
      vertex -2.979727e-02 7.796123e-03 -1.313808e-02
      vertex -3.016898e-02 7.468354e-03 -1.272950e-02
    endloop
  endfacet
  facet normal -7.034396e-01 7.070186e-01 -7.278289e-02
    outer loop
      vertex -3.016898e-02 7.468354e-03 -1.272950e-02
      vertex -2.979727e-02 7.796123e-03 -1.313808e-02
      vertex -3.025104e-02 7.344520e-03 -1.313927e-02
    endloop
  endfacet
  facet normal -7.032651e-01 7.070904e-01 -7.376543e-02
    outer loop
      vertex -2.929728e-02 8.376122e-03 -1.234521e-02
      vertex -2.867814e-02 8.967565e-03 -1.257857e-02
      vertex -2.916520e-02 8.361746e-03 -1.374224e-02
    endloop
  endfacet
  facet normal -7.032840e-01 7.070742e-01 -7.374087e-02
    outer loop
      vertex -2.929728e-02 8.376122e-03 -1.234521e-02
      vertex -2.979727e-02 7.796123e-03 -1.313808e-02
      vertex -2.983216e-02 7.885882e-03 -1.194459e-02
    endloop
  endfacet
  facet normal -7.032652e-01 7.070903e-01 -7.376602e-02
    outer loop
      vertex -2.979727e-02 7.796123e-03 -1.313808e-02
      vertex -2.982697e-02 7.615738e-03 -1.458402e-02
      vertex -3.025820e-02 7.264113e-03 -1.384330e-02
    endloop
  endfacet
  facet normal -2.474952e-05 1.000000e+00 1.110565e-05
    outer loop
      vertex -2.681245e-02 9.804189e-03 -1.303412e-02
      vertex -2.540982e-02 9.804224e-03 -1.308560e-02
      vertex -2.617656e-02 9.804213e-03 -1.376383e-02
    endloop
  endfacet
  facet normal -2.408847e-05 1.000000e+00 1.035835e-05
    outer loop
      vertex -2.617656e-02 9.804213e-03 -1.376383e-02
      vertex -2.540982e-02 9.804224e-03 -1.308560e-02
      vertex -2.487910e-02 9.804252e-03 -1.452138e-02
    endloop
  endfacet
  facet normal 3.097260e-04 9.999999e-01 -2.151122e-04
    outer loop
      vertex -1.964145e-02 9.804322e-03 -9.211989e-03
      vertex -1.949796e-02 9.803974e-03 -1.062358e-02
      vertex -2.035577e-02 9.804317e-03 -1.026710e-02
    endloop
  endfacet
  facet normal -2.346550e-05 1.000000e+00 9.312169e-06
    outer loop
      vertex -2.731963e-02 9.804225e-03 -1.751034e-02
      vertex -2.660861e-02 9.804238e-03 -1.715241e-02
      vertex -2.684243e-02 9.804238e-03 -1.774162e-02
    endloop
  endfacet
  facet normal -2.337071e-05 1.000000e+00 1.111240e-05
    outer loop
      vertex -2.633206e-02 9.804238e-03 -1.658311e-02
      vertex -2.683664e-02 9.804213e-03 -1.532713e-02
      vertex -2.609563e-02 9.804239e-03 -1.617168e-02
    endloop
  endfacet
  facet normal -2.388663e-05 1.000000e+00 1.112901e-05
    outer loop
      vertex -2.370108e-02 9.804258e-03 -1.235525e-02
      vertex -2.397653e-02 9.804237e-03 -1.106124e-02
      vertex -2.240670e-02 9.804278e-03 -1.137662e-02
    endloop
  endfacet
  facet normal 8.184916e-04 9.999994e-01 7.857811e-04
    outer loop
      vertex -1.999850e-02 9.803983e-03 -6.284580e-03
      vertex -1.989639e-02 9.804290e-03 -6.781736e-03
      vertex -2.003267e-02 9.804207e-03 -6.534193e-03
    endloop
  endfacet
  facet normal -1.091373e-04 1.000000e+00 2.750876e-04
    outer loop
      vertex -2.003267e-02 9.804207e-03 -6.534193e-03
      vertex -1.989639e-02 9.804290e-03 -6.781736e-03
      vertex -2.012706e-02 9.804299e-03 -6.907918e-03
    endloop
  endfacet
  facet normal 7.386375e-05 1.000000e+00 3.688008e-05
    outer loop
      vertex -2.012706e-02 9.804299e-03 -6.907918e-03
      vertex -1.981141e-02 9.804301e-03 -7.591821e-03
      vertex -2.031943e-02 9.804330e-03 -7.350117e-03
    endloop
  endfacet
  facet normal -2.414286e-05 1.000000e+00 1.023452e-05
    outer loop
      vertex -2.069374e-02 9.804283e-03 -7.902758e-03
      vertex -1.981141e-02 9.804301e-03 -7.591821e-03
      vertex -2.043262e-02 9.804296e-03 -8.498144e-03
    endloop
  endfacet
  facet normal -3.704101e-05 1.000000e+00 4.577667e-06
    outer loop
      vertex -2.069374e-02 9.804283e-03 -7.902758e-03
      vertex -2.043262e-02 9.804296e-03 -8.498144e-03
      vertex -2.093242e-02 9.804276e-03 -8.167439e-03
    endloop
  endfacet
  facet normal -8.161254e-04 9.999990e-01 -1.172876e-03
    outer loop
      vertex -2.093242e-02 9.804276e-03 -8.167439e-03
      vertex -2.043262e-02 9.804296e-03 -8.498144e-03
      vertex -2.123713e-02 9.803741e-03 -8.410756e-03
    endloop
  endfacet
  facet normal -2.437385e-05 1.000000e+00 1.039290e-05
    outer loop
      vertex -2.043262e-02 9.804296e-03 -8.498144e-03
      vertex -1.972643e-02 9.804312e-03 -8.401905e-03
      vertex -1.964145e-02 9.804322e-03 -9.211989e-03
    endloop
  endfacet
  facet normal -6.458119e-04 9.999997e-01 3.950618e-04
    outer loop
      vertex -2.043262e-02 9.804296e-03 -8.498144e-03
      vertex -2.116100e-02 9.804291e-03 -9.676765e-03
      vertex -2.123713e-02 9.803741e-03 -8.410756e-03
    endloop
  endfacet
  facet normal -2.329155e-05 1.000000e+00 1.113897e-05
    outer loop
      vertex -2.540982e-02 9.804224e-03 -1.308560e-02
      vertex -2.443742e-02 9.804245e-03 -1.293585e-02
      vertex -2.444584e-02 9.804257e-03 -1.406647e-02
    endloop
  endfacet
  facet normal -2.538598e-05 1.000000e+00 1.055102e-05
    outer loop
      vertex -2.685150e-02 9.804202e-03 -1.439350e-02
      vertex -2.681245e-02 9.804189e-03 -1.303412e-02
      vertex -2.617656e-02 9.804213e-03 -1.376383e-02
    endloop
  endfacet
  facet normal -2.324323e-05 1.000000e+00 1.082518e-05
    outer loop
      vertex -2.540982e-02 9.804224e-03 -1.308560e-02
      vertex -2.515746e-02 9.804211e-03 -1.131036e-02
      vertex -2.443742e-02 9.804245e-03 -1.293585e-02
    endloop
  endfacet
  facet normal -2.251649e-01 9.738959e-01 -2.876765e-02
    outer loop
      vertex 7.176312e-03 7.486466e-03 -2.646592e-02
      vertex 7.117919e-03 7.512591e-03 -2.512446e-02
      vertex 8.287095e-03 7.744629e-03 -2.642024e-02
    endloop
  endfacet
  facet normal -3.468071e-01 9.360475e-01 -5.949705e-02
    outer loop
      vertex 1.576502e-02 1.027654e-02 -2.211205e-02
      vertex 1.552401e-02 1.013055e-02 -2.300406e-02
      vertex 1.472942e-02 9.868921e-03 -2.248851e-02
    endloop
  endfacet
  facet normal -3.206485e-01 9.456284e-01 -5.451086e-02
    outer loop
      vertex 1.459639e-02 9.643148e-03 -2.560171e-02
      vertex 1.422130e-02 9.467800e-03 -2.643716e-02
      vertex 1.367101e-02 9.300260e-03 -2.610663e-02
    endloop
  endfacet
  facet normal -3.182670e-01 9.466810e-01 -5.001246e-02
    outer loop
      vertex 1.422130e-02 9.467800e-03 -2.643716e-02
      vertex 1.381426e-02 9.287702e-03 -2.725593e-02
      vertex 1.367101e-02 9.300260e-03 -2.610663e-02
    endloop
  endfacet
  facet normal -2.700029e-01 9.619129e-01 -4.268507e-02
    outer loop
      vertex 1.187867e-02 8.540155e-03 -3.034680e-02
      vertex 1.132118e-02 8.351632e-03 -3.106877e-02
      vertex 1.097126e-02 8.307053e-03 -2.985999e-02
    endloop
  endfacet
  facet normal -1.904825e-01 9.813578e-01 -2.556109e-02
    outer loop
      vertex 7.419717e-03 7.288165e-03 -3.489706e-02
      vertex 6.702302e-03 7.135023e-03 -3.543035e-02
      vertex 6.741608e-03 7.160277e-03 -3.475370e-02
    endloop
  endfacet
  facet normal -1.771987e-01 9.838677e-01 -2.459720e-02
    outer loop
      vertex 6.702302e-03 7.135023e-03 -3.543035e-02
      vertex 5.957016e-03 6.988027e-03 -3.594101e-02
      vertex 5.685073e-03 6.964193e-03 -3.493526e-02
    endloop
  endfacet
  facet normal -1.289483e-01 9.915661e-01 -1.300004e-02
    outer loop
      vertex 3.316251e-03 6.575451e-03 -3.618242e-02
      vertex 3.641309e-03 6.603352e-03 -3.727859e-02
      vertex 2.816527e-03 6.490918e-03 -3.767331e-02
    endloop
  endfacet
  facet normal -1.158062e-01 9.932028e-01 -1.171029e-02
    outer loop
      vertex 2.623742e-03 6.481618e-03 -3.655556e-02
      vertex 2.816527e-03 6.490918e-03 -3.767331e-02
      vertex 1.990415e-03 6.390391e-03 -3.802980e-02
    endloop
  endfacet
  facet normal -3.358856e-02 9.994321e-01 -2.681775e-03
    outer loop
      vertex -4.478735e-03 6.038418e-03 -2.021611e-02
      vertex -5.173286e-03 6.015913e-03 -1.990421e-02
      vertex -4.773029e-03 6.032460e-03 -1.875040e-02
    endloop
  endfacet
  facet normal -2.387709e-01 9.707847e-01 -2.378121e-02
    outer loop
      vertex 6.549775e-03 7.606462e-03 -1.689268e-02
      vertex 6.228198e-03 7.562886e-03 -1.544279e-02
      vertex 7.090036e-03 7.746745e-03 -1.659055e-02
    endloop
  endfacet
  facet normal -3.743663e-01 9.268552e-01 -2.809396e-02
    outer loop
      vertex 1.536570e-02 1.069731e-02 -1.166741e-02
      vertex 1.468288e-02 1.042825e-02 -1.144513e-02
      vertex 1.472124e-02 1.045750e-02 -1.099110e-02
    endloop
  endfacet
  facet normal -1.466470e-02 9.998925e-01 1.794909e-04
    outer loop
      vertex -6.227836e-03 5.996551e-03 -2.201442e-02
      vertex -5.968290e-03 6.000141e-03 -2.080860e-02
      vertex -5.276570e-03 6.010432e-03 -2.162271e-02
    endloop
  endfacet
  facet normal -1.152901e-01 9.932502e-01 -1.273954e-02
    outer loop
      vertex 2.506987e-03 6.479652e-03 -3.565220e-02
      vertex 2.623742e-03 6.481618e-03 -3.655556e-02
      vertex 1.820845e-03 6.386020e-03 -3.674292e-02
    endloop
  endfacet
  facet normal -2.336530e-01 9.716896e-01 -3.500771e-02
    outer loop
      vertex 9.694960e-03 7.921477e-03 -3.115015e-02
      vertex 9.313449e-03 7.797307e-03 -3.205033e-02
      vertex 8.703100e-03 7.679199e-03 -3.125493e-02
    endloop
  endfacet
  facet normal -2.993515e-01 9.531227e-01 -4.411052e-02
    outer loop
      vertex 1.284437e-02 9.002925e-03 -2.669884e-02
      vertex 1.316335e-02 9.072758e-03 -2.735462e-02
      vertex 1.258391e-02 8.868828e-03 -2.782880e-02
    endloop
  endfacet
  facet normal -3.345064e-01 9.408775e-01 -5.343206e-02
    outer loop
      vertex 1.472942e-02 9.868921e-03 -2.248851e-02
      vertex 1.470698e-02 9.797436e-03 -2.360677e-02
      vertex 1.397362e-02 9.567945e-03 -2.305670e-02
    endloop
  endfacet
  facet normal -1.780290e-01 9.836718e-01 -2.637086e-02
    outer loop
      vertex 6.702302e-03 7.135023e-03 -3.543035e-02
      vertex 5.685073e-03 6.964193e-03 -3.493526e-02
      vertex 6.741608e-03 7.160277e-03 -3.475370e-02
    endloop
  endfacet
  facet normal 3.369722e-01 9.410444e-01 2.975200e-02
    outer loop
      vertex -2.529309e-02 9.290105e-03 -2.708947e-02
      vertex -2.562856e-02 9.466973e-03 -2.888425e-02
      vertex -2.575122e-02 9.475168e-03 -2.775416e-02
    endloop
  endfacet
  facet normal 3.384207e-01 9.405489e-01 2.896731e-02
    outer loop
      vertex -2.559152e-02 9.255163e-03 -2.252518e-02
      vertex -2.553234e-02 9.275537e-03 -2.387810e-02
      vertex -2.645812e-02 9.568190e-03 -2.256458e-02
    endloop
  endfacet
  facet normal 3.245242e-01 9.454967e-01 2.683437e-02
    outer loop
      vertex -2.466018e-02 8.925290e-03 -2.216548e-02
      vertex -2.483606e-02 9.032539e-03 -2.381733e-02
      vertex -2.559152e-02 9.255163e-03 -2.252518e-02
    endloop
  endfacet
  facet normal 2.951156e-01 9.551065e-01 2.604572e-02
    outer loop
      vertex -2.221459e-02 8.420599e-03 -3.184570e-02
      vertex -2.327075e-02 8.719454e-03 -3.083783e-02
      vertex -2.229288e-02 8.412199e-03 -3.065062e-02
    endloop
  endfacet
  facet normal 2.926628e-01 9.558582e-01 2.614564e-02
    outer loop
      vertex -2.369300e-02 8.671616e-03 -2.426079e-02
      vertex -2.364920e-02 8.605536e-03 -2.233527e-02
      vertex -2.283944e-02 8.381491e-03 -2.320847e-02
    endloop
  endfacet
  facet normal 2.793320e-01 9.598679e-01 2.504523e-02
    outer loop
      vertex -2.221459e-02 8.420599e-03 -3.184570e-02
      vertex -2.229288e-02 8.412199e-03 -3.065062e-02
      vertex -2.145938e-02 8.180678e-03 -3.107357e-02
    endloop
  endfacet
  facet normal 2.830579e-01 9.587365e-01 2.650548e-02
    outer loop
      vertex -2.283944e-02 8.381491e-03 -2.320847e-02
      vertex -2.218941e-02 8.227805e-03 -2.459130e-02
      vertex -2.313929e-02 8.508288e-03 -2.459273e-02
    endloop
  endfacet
  facet normal 2.650606e-01 9.639756e-01 2.222448e-02
    outer loop
      vertex -2.212449e-02 8.175100e-03 -2.325471e-02
      vertex -2.126981e-02 7.925220e-03 -2.260971e-02
      vertex -2.128938e-02 7.968841e-03 -2.426829e-02
    endloop
  endfacet
  facet normal 2.536735e-01 9.669921e-01 2.400181e-02
    outer loop
      vertex -2.063514e-02 7.798491e-03 -2.431983e-02
      vertex -2.138180e-02 8.024298e-03 -2.552579e-02
      vertex -2.128938e-02 7.968841e-03 -2.426829e-02
    endloop
  endfacet
  facet normal 2.295394e-01 9.730732e-01 2.098222e-02
    outer loop
      vertex -1.897791e-02 7.645926e-03 -3.632325e-02
      vertex -1.888340e-02 7.578211e-03 -3.421679e-02
      vertex -1.826899e-02 7.457596e-03 -3.534469e-02
    endloop
  endfacet
  facet normal 2.147885e-01 9.764697e-01 1.931054e-02
    outer loop
      vertex -1.751302e-02 7.259254e-03 -3.372369e-02
      vertex -1.826899e-02 7.457596e-03 -3.534469e-02
      vertex -1.832796e-02 7.437636e-03 -3.367939e-02
    endloop
  endfacet
  facet normal 2.109854e-01 9.773121e-01 1.860918e-02
    outer loop
      vertex -1.899651e-02 7.392864e-03 -2.375579e-02
      vertex -1.911839e-02 7.380589e-03 -2.172930e-02
      vertex -1.814681e-02 7.206982e-03 -2.362730e-02
    endloop
  endfacet
  facet normal 2.266278e-01 9.737624e-01 2.065375e-02
    outer loop
      vertex -1.983821e-02 7.591178e-03 -2.387000e-02
      vertex -1.976686e-02 7.541602e-03 -2.231555e-02
      vertex -1.899651e-02 7.392864e-03 -2.375579e-02
    endloop
  endfacet
  facet normal 2.035079e-01 9.788793e-01 1.948712e-02
    outer loop
      vertex -1.756901e-02 7.316455e-03 -3.614552e-02
      vertex -1.730502e-02 7.240980e-03 -3.511116e-02
      vertex -1.641795e-02 7.080973e-03 -3.633750e-02
    endloop
  endfacet
  facet normal 1.937583e-01 9.808714e-01 1.868447e-02
    outer loop
      vertex -1.806671e-02 7.165009e-03 -2.224524e-02
      vertex -1.744135e-02 7.033777e-03 -2.184095e-02
      vertex -1.697072e-02 6.967449e-03 -2.323944e-02
    endloop
  endfacet
  facet normal 1.521373e-01 9.882741e-01 1.298190e-02
    outer loop
      vertex -1.360533e-02 6.613770e-03 -3.747724e-02
      vertex -1.446120e-02 6.732591e-03 -3.649264e-02
      vertex -1.372750e-02 6.607385e-03 -3.555942e-02
    endloop
  endfacet
  facet normal 1.370953e-01 9.904919e-01 1.142818e-02
    outer loop
      vertex -1.335576e-02 6.594712e-03 -3.881944e-02
      vertex -1.360533e-02 6.613770e-03 -3.747724e-02
      vertex -1.260827e-02 6.487845e-03 -3.852422e-02
    endloop
  endfacet
  facet normal 1.498346e-01 9.886214e-01 1.331853e-02
    outer loop
      vertex -1.535445e-02 6.694160e-03 -2.350579e-02
      vertex -1.509961e-02 6.631452e-03 -2.171803e-02
      vertex -1.472543e-02 6.597720e-03 -2.342373e-02
    endloop
  endfacet
  facet normal 1.153803e-01 9.932923e-01 7.600907e-03
    outer loop
      vertex -1.182864e-02 6.386733e-03 -3.821850e-02
      vertex -1.248006e-02 6.451925e-03 -3.684937e-02
      vertex -1.135053e-02 6.322770e-03 -3.711745e-02
    endloop
  endfacet
  facet normal 1.086264e-01 9.940264e-01 1.057638e-02
    outer loop
      vertex -1.182864e-02 6.386733e-03 -3.821850e-02
      vertex -1.135053e-02 6.322770e-03 -3.711745e-02
      vertex -1.104887e-02 6.304794e-03 -3.852626e-02
    endloop
  endfacet
  facet normal 9.756076e-02 9.952041e-01 7.117756e-03
    outer loop
      vertex -1.036955e-02 6.231236e-03 -3.776520e-02
      vertex -1.135053e-02 6.322770e-03 -3.711745e-02
      vertex -1.026514e-02 6.213165e-03 -3.666962e-02
    endloop
  endfacet
  facet normal 8.834429e-02 9.960822e-01 3.938624e-03
    outer loop
      vertex -1.241328e-02 6.292376e-03 -2.164652e-02
      vertex -1.114360e-02 6.182442e-03 -2.232338e-02
      vertex -1.178539e-02 6.241626e-03 -2.289548e-02
    endloop
  endfacet
  facet normal 8.074559e-02 9.967112e-01 6.852560e-03
    outer loop
      vertex -9.609406e-03 6.169649e-03 -3.806684e-02
      vertex -1.026514e-02 6.213165e-03 -3.666962e-02
      vertex -9.602674e-03 6.157606e-03 -3.639449e-02
    endloop
  endfacet
  facet normal 6.911469e-02 9.975758e-01 8.105470e-03
    outer loop
      vertex -9.609406e-03 6.169649e-03 -3.806684e-02
      vertex -9.004382e-03 6.119016e-03 -3.699415e-02
      vertex -8.606415e-03 6.101163e-03 -3.819043e-02
    endloop
  endfacet
  facet normal 5.449445e-02 9.984967e-01 5.884069e-03
    outer loop
      vertex -8.606415e-03 6.101163e-03 -3.819043e-02
      vertex -8.379734e-03 6.080621e-03 -3.680382e-02
      vertex -7.812791e-03 6.059302e-03 -3.843677e-02
    endloop
  endfacet
  facet normal 5.810273e-02 9.982949e-01 5.592225e-03
    outer loop
      vertex -1.023559e-02 6.116491e-03 -2.248858e-02
      vertex -9.688498e-03 6.078904e-03 -2.146300e-02
      vertex -9.520079e-03 6.075106e-03 -2.253477e-02
    endloop
  endfacet
  facet normal 2.554945e-02 9.996721e-01 1.689985e-03
    outer loop
      vertex -6.473747e-03 6.005622e-03 -3.476328e-02
      vertex -7.334189e-03 6.028383e-03 -3.521865e-02
      vertex -7.585990e-03 6.031595e-03 -3.331215e-02
    endloop
  endfacet
  facet normal 3.343724e-02 9.994402e-01 1.134752e-03
    outer loop
      vertex -8.972908e-03 6.045659e-03 -2.164499e-02
      vertex -7.955579e-03 6.011045e-03 -2.113519e-02
      vertex -8.312309e-03 6.025065e-03 -2.297258e-02
    endloop
  endfacet
  facet normal 2.188094e-02 9.997549e-01 3.380808e-03
    outer loop
      vertex -8.312309e-03 6.025065e-03 -2.297258e-02
      vertex -7.955579e-03 6.011045e-03 -2.113519e-02
      vertex -7.362202e-03 6.002383e-03 -2.241432e-02
    endloop
  endfacet
  facet normal 2.260137e-02 9.997442e-01 7.890354e-04
    outer loop
      vertex -5.990030e-03 5.999665e-03 -3.617422e-02
      vertex -6.866205e-03 6.020707e-03 -3.773780e-02
      vertex -7.077902e-03 6.024516e-03 -3.650005e-02
    endloop
  endfacet
  facet normal 3.465977e-01 9.375727e-01 2.876486e-02
    outer loop
      vertex -2.562856e-02 9.466973e-03 -2.888425e-02
      vertex -2.575031e-02 9.546412e-03 -3.000641e-02
      vertex -2.619119e-02 9.689753e-03 -2.936628e-02
    endloop
  endfacet
  facet normal 3.407837e-01 9.396966e-01 2.892752e-02
    outer loop
      vertex -2.528432e-02 9.396822e-03 -3.063680e-02
      vertex -2.575031e-02 9.546412e-03 -3.000641e-02
      vertex -2.519322e-02 9.329449e-03 -2.952137e-02
    endloop
  endfacet
  facet normal 3.252646e-01 9.452357e-01 2.706360e-02
    outer loop
      vertex -2.429604e-02 9.087358e-03 -3.184149e-02
      vertex -2.480083e-02 9.244031e-03 -3.124675e-02
      vertex -2.410622e-02 8.981779e-03 -3.043542e-02
    endloop
  endfacet
  facet normal 3.038103e-01 9.525241e-01 1.992985e-02
    outer loop
      vertex -2.323486e-02 8.768271e-03 -3.297186e-02
      vertex -2.376880e-02 8.927068e-03 -3.242199e-02
      vertex -2.265741e-02 8.578156e-03 -3.268801e-02
    endloop
  endfacet
  facet normal 3.012141e-01 9.532109e-01 2.567125e-02
    outer loop
      vertex -2.267957e-02 8.607207e-03 -3.350671e-02
      vertex -2.323486e-02 8.768271e-03 -3.297186e-02
      vertex -2.265741e-02 8.578156e-03 -3.268801e-02
    endloop
  endfacet
  facet normal 2.745050e-01 9.612738e-01 2.448656e-02
    outer loop
      vertex -2.090193e-02 8.120440e-03 -3.500589e-02
      vertex -2.150893e-02 8.281601e-03 -3.452786e-02
      vertex -2.111020e-02 8.158462e-03 -3.416379e-02
    endloop
  endfacet
  facet normal 1.856939e-01 9.824707e-01 1.640291e-02
    outer loop
      vertex -1.552707e-02 6.940514e-03 -3.806383e-02
      vertex -1.623082e-02 7.068551e-03 -3.776577e-02
      vertex -1.565927e-02 6.945165e-03 -3.684578e-02
    endloop
  endfacet
  facet normal 1.356088e-01 9.906451e-01 1.524735e-02
    outer loop
      vertex -1.263809e-02 6.499521e-03 -3.901757e-02
      vertex -1.335576e-02 6.594712e-03 -3.881944e-02
      vertex -1.260827e-02 6.487845e-03 -3.852422e-02
    endloop
  endfacet
  facet normal 1.261985e-01 9.918784e-01 1.584531e-02
    outer loop
      vertex -1.190592e-02 6.409190e-03 -3.919441e-02
      vertex -1.263809e-02 6.499521e-03 -3.901757e-02
      vertex -1.260827e-02 6.487845e-03 -3.852422e-02
    endloop
  endfacet
  facet normal 2.034739e-02 9.997930e-01 9.224000e-05
    outer loop
      vertex -5.738545e-03 5.999660e-03 -3.844768e-02
      vertex -5.772497e-03 6.000470e-03 -3.973424e-02
      vertex -6.658695e-03 6.018451e-03 -3.913850e-02
    endloop
  endfacet
  facet normal 1.626661e-01 9.865881e-01 1.355518e-02
    outer loop
      vertex -1.567667e-02 6.708442e-03 -2.084490e-02
      vertex -1.598168e-02 6.775891e-03 -2.209380e-02
      vertex -1.635579e-02 6.821229e-03 -2.090418e-02
    endloop
  endfacet
  facet normal 3.330310e-01 9.424185e-01 3.062407e-02
    outer loop
      vertex -2.529309e-02 9.290105e-03 -2.708947e-02
      vertex -2.459699e-02 9.103926e-03 -2.893004e-02
      vertex -2.562856e-02 9.466973e-03 -2.888425e-02
    endloop
  endfacet
  facet normal 3.402511e-01 9.398681e-01 2.961597e-02
    outer loop
      vertex -2.575031e-02 9.546412e-03 -3.000641e-02
      vertex -2.562856e-02 9.466973e-03 -2.888425e-02
      vertex -2.519322e-02 9.329449e-03 -2.952137e-02
    endloop
  endfacet
  facet normal 3.056712e-01 9.517333e-01 2.772612e-02
    outer loop
      vertex -2.465240e-02 8.875491e-03 -2.054188e-02
      vertex -2.364920e-02 8.605536e-03 -2.233527e-02
      vertex -2.466018e-02 8.925290e-03 -2.216548e-02
    endloop
  endfacet
  facet normal 2.691136e-01 9.627660e-01 2.567948e-02
    outer loop
      vertex -2.220008e-02 8.123874e-03 -2.032783e-02
      vertex -2.164063e-02 8.000969e-03 -2.158277e-02
      vertex -2.257883e-02 8.271196e-03 -2.188195e-02
    endloop
  endfacet
  facet normal 2.876788e-01 9.573513e-01 2.682190e-02
    outer loop
      vertex -2.356797e-02 8.548016e-03 -2.115344e-02
      vertex -2.257883e-02 8.271196e-03 -2.188195e-02
      vertex -2.364920e-02 8.605536e-03 -2.233527e-02
    endloop
  endfacet
  facet normal 2.318667e-01 9.725581e-01 1.919709e-02
    outer loop
      vertex -1.826899e-02 7.457596e-03 -3.534469e-02
      vertex -1.830759e-02 7.493930e-03 -3.671916e-02
      vertex -1.897791e-02 7.645926e-03 -3.632325e-02
    endloop
  endfacet
  facet normal 2.334587e-01 9.721881e-01 1.863569e-02
    outer loop
      vertex -2.055656e-02 7.707049e-03 -2.105355e-02
      vertex -1.953929e-02 7.462103e-03 -2.101908e-02
      vertex -1.976686e-02 7.541602e-03 -2.231555e-02
    endloop
  endfacet
  facet normal 2.191559e-01 9.754923e-01 1.963166e-02
    outer loop
      vertex -1.756901e-02 7.316455e-03 -3.614552e-02
      vertex -1.830759e-02 7.493930e-03 -3.671916e-02
      vertex -1.826899e-02 7.457596e-03 -3.534469e-02
    endloop
  endfacet
  facet normal 2.013698e-01 9.793627e-01 1.728913e-02
    outer loop
      vertex -1.751302e-02 7.259254e-03 -3.372369e-02
      vertex -1.667049e-02 7.098027e-03 -3.440389e-02
      vertex -1.730502e-02 7.240980e-03 -3.511116e-02
    endloop
  endfacet
  facet normal 1.943827e-01 9.807663e-01 1.768450e-02
    outer loop
      vertex -1.780459e-02 7.071567e-03 -1.994417e-02
      vertex -1.744135e-02 7.033777e-03 -2.184095e-02
      vertex -1.806671e-02 7.165009e-03 -2.224524e-02
    endloop
  endfacet
  facet normal 1.743416e-01 9.845685e-01 1.516277e-02
    outer loop
      vertex -1.552707e-02 6.940514e-03 -3.806383e-02
      vertex -1.565927e-02 6.945165e-03 -3.684578e-02
      vertex -1.493517e-02 6.823695e-03 -3.728415e-02
    endloop
  endfacet
  facet normal 1.100191e-01 9.938286e-01 1.415779e-02
    outer loop
      vertex -1.104887e-02 6.304794e-03 -3.852626e-02
      vertex -1.190592e-02 6.409190e-03 -3.919441e-02
      vertex -1.182864e-02 6.386733e-03 -3.821850e-02
    endloop
  endfacet
  facet normal 1.235712e-01 9.922499e-01 1.304830e-02
    outer loop
      vertex -1.182864e-02 6.386733e-03 -3.821850e-02
      vertex -1.190592e-02 6.409190e-03 -3.919441e-02
      vertex -1.260827e-02 6.487845e-03 -3.852422e-02
    endloop
  endfacet
  facet normal 9.552826e-02 9.953899e-01 8.560435e-03
    outer loop
      vertex -1.247208e-02 6.284981e-03 -2.013059e-02
      vertex -1.185205e-02 6.231552e-03 -2.083700e-02
      vertex -1.241328e-02 6.292376e-03 -2.164652e-02
    endloop
  endfacet
  facet normal 1.060223e-01 9.943234e-01 8.962256e-03
    outer loop
      vertex -1.247208e-02 6.284981e-03 -2.013059e-02
      vertex -1.241328e-02 6.292376e-03 -2.164652e-02
      vertex -1.312393e-02 6.358916e-03 -2.062208e-02
    endloop
  endfacet
  facet normal 6.629144e-02 9.977765e-01 6.888549e-03
    outer loop
      vertex -1.071444e-02 6.129661e-03 -1.932529e-02
      vertex -1.014997e-02 6.101568e-03 -2.068843e-02
      vertex -1.088785e-02 6.154788e-03 -2.129607e-02
    endloop
  endfacet
  facet normal 8.343639e-02 9.964759e-01 8.616577e-03
    outer loop
      vertex -1.134468e-02 6.182110e-03 -2.003218e-02
      vertex -1.088785e-02 6.154788e-03 -2.129607e-02
      vertex -1.185205e-02 6.231552e-03 -2.083700e-02
    endloop
  endfacet
  facet normal 5.635795e-03 9.999831e-01 -1.402757e-03
    outer loop
      vertex -6.227836e-03 5.996551e-03 -2.201442e-02
      vertex -6.454741e-03 5.995905e-03 -2.338664e-02
      vertex -7.362202e-03 6.002383e-03 -2.241432e-02
    endloop
  endfacet
  facet normal 1.618242e-02 9.998689e-01 5.072824e-04
    outer loop
      vertex -8.195423e-03 6.014310e-03 -1.992026e-02
      vertex -7.156026e-03 5.997557e-03 -2.005620e-02
      vertex -7.955579e-03 6.011045e-03 -2.113519e-02
    endloop
  endfacet
  facet normal 1.530030e-01 9.881205e-01 1.441974e-02
    outer loop
      vertex -1.422034e-02 6.712807e-03 -3.773824e-02
      vertex -1.360533e-02 6.613770e-03 -3.747724e-02
      vertex -1.335576e-02 6.594712e-03 -3.881944e-02
    endloop
  endfacet
  facet normal 6.882545e-02 9.976122e-01 5.737801e-03
    outer loop
      vertex -8.892567e-03 6.129387e-03 -3.966522e-02
      vertex -9.609406e-03 6.169649e-03 -3.806684e-02
      vertex -8.606415e-03 6.101163e-03 -3.819043e-02
    endloop
  endfacet
  facet normal 3.299905e-01 9.418245e-01 -6.381846e-02
    outer loop
      vertex -2.483089e-02 9.021240e-03 -1.818756e-02
      vertex -2.598237e-02 9.335754e-03 -1.950005e-02
      vertex -2.604999e-02 9.441169e-03 -1.829397e-02
    endloop
  endfacet
  facet normal 3.344011e-01 9.196857e-01 -2.058012e-01
    outer loop
      vertex -2.489621e-02 9.444459e-03 -1.583056e-02
      vertex -2.519258e-02 9.409649e-03 -1.646769e-02
      vertex -2.609563e-02 9.804239e-03 -1.617168e-02
    endloop
  endfacet
  facet normal 3.331642e-01 9.276864e-01 -1.685219e-01
    outer loop
      vertex -2.502209e-02 9.240343e-03 -1.706264e-02
      vertex -2.593825e-02 9.554838e-03 -1.714261e-02
      vertex -2.519258e-02 9.409649e-03 -1.646769e-02
    endloop
  endfacet
  facet normal 3.379369e-01 9.248692e-01 -1.744009e-01
    outer loop
      vertex -2.519258e-02 9.409649e-03 -1.646769e-02
      vertex -2.593825e-02 9.554838e-03 -1.714261e-02
      vertex -2.633206e-02 9.804238e-03 -1.658311e-02
    endloop
  endfacet
  facet normal 3.184182e-01 9.269332e-01 -1.985061e-01
    outer loop
      vertex -2.391883e-02 8.995901e-03 -1.635651e-02
      vertex -2.519258e-02 9.409649e-03 -1.646769e-02
      vertex -2.425254e-02 9.235204e-03 -1.577438e-02
    endloop
  endfacet
  facet normal 3.186521e-01 9.267764e-01 -1.988626e-01
    outer loop
      vertex -2.519258e-02 9.409649e-03 -1.646769e-02
      vertex -2.489621e-02 9.444459e-03 -1.583056e-02
      vertex -2.425254e-02 9.235204e-03 -1.577438e-02
    endloop
  endfacet
  facet normal 3.151347e-01 9.338615e-01 -1.690941e-01
    outer loop
      vertex -2.374501e-02 8.829571e-03 -1.695117e-02
      vertex -2.502209e-02 9.240343e-03 -1.706264e-02
      vertex -2.391883e-02 8.995901e-03 -1.635651e-02
    endloop
  endfacet
  facet normal 3.179313e-01 9.319897e-01 -1.741115e-01
    outer loop
      vertex -2.502209e-02 9.240343e-03 -1.706264e-02
      vertex -2.519258e-02 9.409649e-03 -1.646769e-02
      vertex -2.391883e-02 8.995901e-03 -1.635651e-02
    endloop
  endfacet
  facet normal 2.829104e-01 9.359820e-01 -2.095219e-01
    outer loop
      vertex -2.208138e-02 8.592612e-03 -1.558487e-02
      vertex -2.267966e-02 8.624928e-03 -1.624835e-02
      vertex -2.299804e-02 8.851770e-03 -1.566488e-02
    endloop
  endfacet
  facet normal 2.970021e-01 9.335097e-01 -2.008714e-01
    outer loop
      vertex -2.267966e-02 8.624928e-03 -1.624835e-02
      vertex -2.391883e-02 8.995901e-03 -1.635651e-02
      vertex -2.299804e-02 8.851770e-03 -1.566488e-02
    endloop
  endfacet
  facet normal 3.024787e-01 9.299830e-01 -2.088975e-01
    outer loop
      vertex -2.391883e-02 8.995901e-03 -1.635651e-02
      vertex -2.425254e-02 9.235204e-03 -1.577438e-02
      vertex -2.299804e-02 8.851770e-03 -1.566488e-02
    endloop
  endfacet
  facet normal 2.935688e-01 9.404923e-01 -1.711481e-01
    outer loop
      vertex -2.250709e-02 8.462824e-03 -1.684312e-02
      vertex -2.374501e-02 8.829571e-03 -1.695117e-02
      vertex -2.267966e-02 8.624928e-03 -1.624835e-02
    endloop
  endfacet
  facet normal 2.963865e-01 9.387238e-01 -1.759340e-01
    outer loop
      vertex -2.374501e-02 8.829571e-03 -1.695117e-02
      vertex -2.391883e-02 8.995901e-03 -1.635651e-02
      vertex -2.267966e-02 8.624928e-03 -1.624835e-02
    endloop
  endfacet
  facet normal 2.661693e-01 9.399073e-01 -2.138414e-01
    outer loop
      vertex -2.093175e-02 8.289881e-03 -1.548452e-02
      vertex -2.145066e-02 8.287457e-03 -1.614107e-02
      vertex -2.208138e-02 8.592612e-03 -1.558487e-02
    endloop
  endfacet
  facet normal 2.757085e-01 9.395935e-01 -2.028518e-01
    outer loop
      vertex -2.145066e-02 8.287457e-03 -1.614107e-02
      vertex -2.267966e-02 8.624928e-03 -1.624835e-02
      vertex -2.208138e-02 8.592612e-03 -1.558487e-02
    endloop
  endfacet
  facet normal 2.721693e-01 9.465495e-01 -1.731122e-01
    outer loop
      vertex -2.127550e-02 8.128355e-03 -1.673562e-02
      vertex -2.250709e-02 8.462824e-03 -1.684312e-02
      vertex -2.145066e-02 8.287457e-03 -1.614107e-02
    endloop
  endfacet
  facet normal 2.428419e-01 9.674328e-01 -7.142544e-02
    outer loop
      vertex -2.106451e-02 7.915006e-03 -1.785881e-02
      vertex -1.983908e-02 7.615297e-03 -1.775185e-02
      vertex -2.098711e-02 7.806595e-03 -1.906403e-02
    endloop
  endfacet
  facet normal 2.462433e-01 9.604588e-01 -1.299351e-01
    outer loop
      vertex -1.983908e-02 7.615297e-03 -1.775185e-02
      vertex -2.106451e-02 7.915006e-03 -1.785881e-02
      vertex -2.054204e-02 7.874097e-03 -1.717105e-02
    endloop
  endfacet
  facet normal 2.404496e-01 9.481977e-01 -2.076177e-01
    outer loop
      vertex -1.994343e-02 8.049511e-03 -1.539826e-02
      vertex -1.959830e-02 7.834746e-03 -1.597939e-02
      vertex -2.053375e-02 8.054087e-03 -1.606104e-02
    endloop
  endfacet
  facet normal 2.484663e-01 9.445277e-01 -2.147834e-01
    outer loop
      vertex -1.994343e-02 8.049511e-03 -1.539826e-02
      vertex -2.053375e-02 8.054087e-03 -1.606104e-02
      vertex -2.093175e-02 8.289881e-03 -1.548452e-02
    endloop
  endfacet
  facet normal 2.582605e-01 9.435053e-01 -2.076038e-01
    outer loop
      vertex -2.053375e-02 8.054087e-03 -1.606104e-02
      vertex -2.145066e-02 8.287457e-03 -1.614107e-02
      vertex -2.093175e-02 8.289881e-03 -1.548452e-02
    endloop
  endfacet
  facet normal 2.507330e-01 9.528713e-01 -1.707898e-01
    outer loop
      vertex -2.004624e-02 7.824126e-03 -1.662832e-02
      vertex -2.127550e-02 8.128355e-03 -1.673562e-02
      vertex -2.053375e-02 8.054087e-03 -1.606104e-02
    endloop
  endfacet
  facet normal 2.394559e-01 9.539056e-01 -1.809004e-01
    outer loop
      vertex -1.959830e-02 7.834746e-03 -1.597939e-02
      vertex -2.004624e-02 7.824126e-03 -1.662832e-02
      vertex -2.053375e-02 8.054087e-03 -1.606104e-02
    endloop
  endfacet
  facet normal 2.506823e-01 9.335734e-01 -2.561231e-01
    outer loop
      vertex -2.117673e-02 8.646678e-03 -1.442377e-02
      vertex -1.996753e-02 8.350941e-03 -1.431822e-02
      vertex -2.093175e-02 8.289881e-03 -1.548452e-02
    endloop
  endfacet
  facet normal 2.259926e-01 9.510744e-01 -2.106770e-01
    outer loop
      vertex -1.862151e-02 7.621531e-03 -1.589413e-02
      vertex -1.959830e-02 7.834746e-03 -1.597939e-02
      vertex -1.897033e-02 7.833075e-03 -1.531332e-02
    endloop
  endfacet
  facet normal 2.328293e-01 9.563918e-01 -1.763669e-01
    outer loop
      vertex -1.908375e-02 7.605306e-03 -1.654431e-02
      vertex -2.004624e-02 7.824126e-03 -1.662832e-02
      vertex -1.959830e-02 7.834746e-03 -1.597939e-02
    endloop
  endfacet
  facet normal 2.158259e-01 9.601816e-01 -1.773994e-01
    outer loop
      vertex -1.819248e-02 7.419343e-03 -1.646651e-02
      vertex -1.908375e-02 7.605306e-03 -1.654431e-02
      vertex -1.862151e-02 7.621531e-03 -1.589413e-02
    endloop
  endfacet
  facet normal 2.303703e-01 9.207965e-01 -3.147432e-01
    outer loop
      vertex -1.996753e-02 8.350941e-03 -1.431822e-02
      vertex -1.925092e-02 8.433041e-03 -1.355352e-02
      vertex -1.924126e-02 8.190907e-03 -1.425483e-02
    endloop
  endfacet
  facet normal 2.299351e-01 8.735892e-01 -4.289193e-01
    outer loop
      vertex -1.940986e-02 9.065376e-03 -1.205358e-02
      vertex -1.868555e-02 9.224507e-03 -1.134119e-02
      vertex -1.869468e-02 8.907786e-03 -1.199115e-02
    endloop
  endfacet
  facet normal 1.960811e-01 9.573686e-01 -2.121261e-01
    outer loop
      vertex -1.752556e-02 7.543160e-03 -1.518721e-02
      vertex -1.700809e-02 7.311748e-03 -1.575330e-02
      vertex -1.798097e-02 7.492190e-03 -1.583822e-02
    endloop
  endfacet
  facet normal 2.002478e-01 9.558809e-01 -2.149244e-01
    outer loop
      vertex -1.752556e-02 7.543160e-03 -1.518721e-02
      vertex -1.798097e-02 7.492190e-03 -1.583822e-02
      vertex -1.800627e-02 7.634430e-03 -1.522917e-02
    endloop
  endfacet
  facet normal 2.112568e-01 9.537244e-01 -2.139635e-01
    outer loop
      vertex -1.798097e-02 7.492190e-03 -1.583822e-02
      vertex -1.862151e-02 7.621531e-03 -1.589413e-02
      vertex -1.800627e-02 7.634430e-03 -1.522917e-02
    endloop
  endfacet
  facet normal 2.098650e-01 9.606365e-01 -1.820281e-01
    outer loop
      vertex -1.819248e-02 7.419343e-03 -1.646651e-02
      vertex -1.862151e-02 7.621531e-03 -1.589413e-02
      vertex -1.798097e-02 7.492190e-03 -1.583822e-02
    endloop
  endfacet
  facet normal 2.016442e-01 9.628668e-01 -1.795193e-01
    outer loop
      vertex -1.730777e-02 7.248463e-03 -1.638929e-02
      vertex -1.819248e-02 7.419343e-03 -1.646651e-02
      vertex -1.798097e-02 7.492190e-03 -1.583822e-02
    endloop
  endfacet
  facet normal 2.088838e-01 9.252674e-01 -3.166194e-01
    outer loop
      vertex -1.867638e-02 8.066436e-03 -1.420552e-02
      vertex -1.798272e-02 8.314990e-03 -1.302154e-02
      vertex -1.796040e-02 7.926187e-03 -1.414303e-02
    endloop
  endfacet
  facet normal 2.096182e-01 9.031220e-01 -3.747411e-01
    outer loop
      vertex -1.869365e-02 8.454251e-03 -1.308359e-02
      vertex -1.744128e-02 8.662264e-03 -1.188175e-02
      vertex -1.798272e-02 8.314990e-03 -1.302154e-02
    endloop
  endfacet
  facet normal 1.965589e-01 7.363526e-01 -6.474175e-01
    outer loop
      vertex -1.765062e-02 1.193700e-02 -6.995916e-03
      vertex -1.718352e-02 1.143865e-02 -7.420901e-03
      vertex -1.813309e-02 1.161925e-02 -7.503787e-03
    endloop
  endfacet
  facet normal 2.037523e-01 7.567135e-01 -6.211841e-01
    outer loop
      vertex -1.750059e-02 1.110155e-02 -7.926983e-03
      vertex -1.885383e-02 1.137270e-02 -8.040534e-03
      vertex -1.813309e-02 1.161925e-02 -7.503787e-03
    endloop
  endfacet
  facet normal 1.980700e-01 7.539766e-01 -6.263286e-01
    outer loop
      vertex -1.718352e-02 1.143865e-02 -7.420901e-03
      vertex -1.750059e-02 1.110155e-02 -7.926983e-03
      vertex -1.813309e-02 1.161925e-02 -7.503787e-03
    endloop
  endfacet
  facet normal 1.792931e-01 9.596240e-01 -2.167388e-01
    outer loop
      vertex -1.586632e-02 7.258989e-03 -1.504238e-02
      vertex -1.583554e-02 7.115788e-03 -1.565095e-02
      vertex -1.700809e-02 7.311748e-03 -1.575330e-02
    endloop
  endfacet
  facet normal 1.834640e-01 9.572555e-01 -2.236133e-01
    outer loop
      vertex -1.586632e-02 7.258989e-03 -1.504238e-02
      vertex -1.700809e-02 7.311748e-03 -1.575330e-02
      vertex -1.752556e-02 7.543160e-03 -1.518721e-02
    endloop
  endfacet
  facet normal 1.840822e-01 9.657562e-01 -1.828354e-01
    outer loop
      vertex -1.634153e-02 7.080256e-03 -1.630495e-02
      vertex -1.730777e-02 7.248463e-03 -1.638929e-02
      vertex -1.700809e-02 7.311748e-03 -1.575330e-02
    endloop
  endfacet
  facet normal 1.779521e-01 9.654959e-01 -1.901332e-01
    outer loop
      vertex -1.583554e-02 7.115788e-03 -1.565095e-02
      vertex -1.634153e-02 7.080256e-03 -1.630495e-02
      vertex -1.700809e-02 7.311748e-03 -1.575330e-02
    endloop
  endfacet
  facet normal 1.806716e-01 7.407620e-01 -6.470158e-01
    outer loop
      vertex -1.659969e-02 1.174758e-02 -6.904184e-03
      vertex -1.577610e-02 1.120268e-02 -7.298052e-03
      vertex -1.718352e-02 1.143865e-02 -7.420901e-03
    endloop
  endfacet
  facet normal 1.892084e-01 7.337924e-01 -6.524944e-01
    outer loop
      vertex -1.718352e-02 1.143865e-02 -7.420901e-03
      vertex -1.765062e-02 1.193700e-02 -6.995916e-03
      vertex -1.659969e-02 1.174758e-02 -6.904184e-03
    endloop
  endfacet
  facet normal 1.878426e-01 7.590734e-01 -6.233159e-01
    outer loop
      vertex -1.637091e-02 1.090296e-02 -7.828376e-03
      vertex -1.750059e-02 1.110155e-02 -7.926983e-03
      vertex -1.718352e-02 1.143865e-02 -7.420901e-03
    endloop
  endfacet
  facet normal 1.815713e-01 7.548477e-01 -6.302672e-01
    outer loop
      vertex -1.577610e-02 1.120268e-02 -7.298052e-03
      vertex -1.637091e-02 1.090296e-02 -7.828376e-03
      vertex -1.718352e-02 1.143865e-02 -7.420901e-03
    endloop
  endfacet
  facet normal 1.868954e-01 7.062680e-01 -6.828291e-01
    outer loop
      vertex -1.659969e-02 1.174758e-02 -6.904184e-03
      vertex -1.765062e-02 1.193700e-02 -6.995916e-03
      vertex -1.720975e-02 1.264739e-02 -6.140464e-03
    endloop
  endfacet
  facet normal 1.588220e-01 9.776928e-01 -1.374492e-01
    outer loop
      vertex -1.477571e-02 6.677106e-03 -1.730988e-02
      vertex -1.604738e-02 6.868080e-03 -1.742088e-02
      vertex -1.551252e-02 6.878035e-03 -1.673204e-02
    endloop
  endfacet
  facet normal 1.575405e-01 9.643220e-01 -2.127534e-01
    outer loop
      vertex -1.491965e-02 7.118657e-03 -1.495975e-02
      vertex -1.455064e-02 6.930619e-03 -1.553879e-02
      vertex -1.583554e-02 7.115788e-03 -1.565095e-02
    endloop
  endfacet
  facet normal 1.640379e-01 9.699647e-01 -1.796108e-01
    outer loop
      vertex -1.500432e-02 6.875725e-03 -1.618823e-02
      vertex -1.634153e-02 7.080256e-03 -1.630495e-02
      vertex -1.583554e-02 7.115788e-03 -1.565095e-02
    endloop
  endfacet
  facet normal 1.563316e-01 9.690377e-01 -1.911189e-01
    outer loop
      vertex -1.455064e-02 6.930619e-03 -1.553879e-02
      vertex -1.500432e-02 6.875725e-03 -1.618823e-02
      vertex -1.583554e-02 7.115788e-03 -1.565095e-02
    endloop
  endfacet
  facet normal 1.657344e-01 9.501894e-01 -2.639548e-01
    outer loop
      vertex -1.586632e-02 7.258989e-03 -1.504238e-02
      vertex -1.622607e-02 7.613623e-03 -1.399164e-02
      vertex -1.497124e-02 7.425180e-03 -1.388211e-02
    endloop
  endfacet
  facet normal 1.707266e-01 8.845440e-01 -4.340903e-01
    outer loop
      vertex -1.628181e-02 8.461892e-03 -1.178054e-02
      vertex -1.628974e-02 8.972812e-03 -1.074256e-02
      vertex -1.506562e-02 8.788981e-03 -1.063571e-02
    endloop
  endfacet
  facet normal 1.556468e-01 7.899603e-01 -5.930740e-01
    outer loop
      vertex -1.507044e-02 1.000514e-02 -8.649765e-03
      vertex -1.519888e-02 1.072392e-02 -7.726072e-03
      vertex -1.451058e-02 1.026053e-02 -8.162661e-03
    endloop
  endfacet
  facet normal 1.615099e-01 7.415927e-01 -6.511181e-01
    outer loop
      vertex -1.546359e-02 1.156751e-02 -6.805017e-03
      vertex -1.457621e-02 1.103332e-02 -7.193317e-03
      vertex -1.577610e-02 1.120268e-02 -7.298052e-03
    endloop
  endfacet
  facet normal 1.737546e-01 7.357656e-01 -6.545673e-01
    outer loop
      vertex -1.577610e-02 1.120268e-02 -7.298052e-03
      vertex -1.659969e-02 1.174758e-02 -6.904184e-03
      vertex -1.546359e-02 1.156751e-02 -6.805017e-03
    endloop
  endfacet
  facet normal 1.709805e-01 7.632119e-01 -6.231157e-01
    outer loop
      vertex -1.519888e-02 1.072392e-02 -7.726072e-03
      vertex -1.637091e-02 1.090296e-02 -7.828376e-03
      vertex -1.577610e-02 1.120268e-02 -7.298052e-03
    endloop
  endfacet
  facet normal 1.621779e-01 7.591264e-01 -6.304169e-01
    outer loop
      vertex -1.457621e-02 1.103332e-02 -7.193317e-03
      vertex -1.519888e-02 1.072392e-02 -7.726072e-03
      vertex -1.577610e-02 1.120268e-02 -7.298052e-03
    endloop
  endfacet
  facet normal 1.599572e-01 6.175232e-01 -7.701161e-01
    outer loop
      vertex -1.598164e-02 1.425500e-02 -4.479991e-03
      vertex -1.487690e-02 1.408910e-02 -4.383561e-03
      vertex -1.494015e-02 1.316493e-02 -5.137753e-03
    endloop
  endfacet
  facet normal 1.389782e-01 9.664205e-01 -2.161398e-01
    outer loop
      vertex -1.354183e-02 6.805238e-03 -1.545074e-02
      vertex -1.455064e-02 6.930619e-03 -1.553879e-02
      vertex -1.424976e-02 7.029931e-03 -1.490127e-02
    endloop
  endfacet
  facet normal 1.415629e-01 9.732127e-01 -1.811547e-01
    outer loop
      vertex -1.367402e-02 6.703835e-03 -1.607211e-02
      vertex -1.500432e-02 6.875725e-03 -1.618823e-02
      vertex -1.455064e-02 6.930619e-03 -1.553879e-02
    endloop
  endfacet
  facet normal 1.485236e-01 7.418887e-01 -6.538668e-01
    outer loop
      vertex -1.425482e-02 1.140420e-02 -6.699507e-03
      vertex -1.395289e-02 1.095649e-02 -7.138909e-03
      vertex -1.457621e-02 1.103332e-02 -7.193317e-03
    endloop
  endfacet
  facet normal 1.569875e-01 7.379099e-01 -6.563870e-01
    outer loop
      vertex -1.457621e-02 1.103332e-02 -7.193317e-03
      vertex -1.546359e-02 1.156751e-02 -6.805017e-03
      vertex -1.425482e-02 1.140420e-02 -6.699507e-03
    endloop
  endfacet
  facet normal 1.564144e-01 7.636995e-01 -6.263367e-01
    outer loop
      vertex -1.427142e-02 1.060036e-02 -7.645118e-03
      vertex -1.519888e-02 1.072392e-02 -7.726072e-03
      vertex -1.457621e-02 1.103332e-02 -7.193317e-03
    endloop
  endfacet
  facet normal 1.415396e-01 7.655349e-01 -6.276327e-01
    outer loop
      vertex -1.334264e-02 1.049510e-02 -7.564046e-03
      vertex -1.427142e-02 1.060036e-02 -7.645118e-03
      vertex -1.395289e-02 1.095649e-02 -7.138909e-03
    endloop
  endfacet
  facet normal 1.489420e-01 7.622155e-01 -6.299554e-01
    outer loop
      vertex -1.395289e-02 1.095649e-02 -7.138909e-03
      vertex -1.427142e-02 1.060036e-02 -7.645118e-03
      vertex -1.457621e-02 1.103332e-02 -7.193317e-03
    endloop
  endfacet
  facet normal 1.501266e-01 7.098039e-01 -6.882154e-01
    outer loop
      vertex -1.425482e-02 1.140420e-02 -6.699507e-03
      vertex -1.494700e-02 1.228613e-02 -5.940905e-03
      vertex -1.385198e-02 1.214223e-02 -5.850456e-03
    endloop
  endfacet
  facet normal 1.090528e-01 9.690511e-01 -2.214664e-01
    outer loop
      vertex -1.268222e-02 6.855147e-03 -1.476445e-02
      vertex -1.191509e-02 6.644425e-03 -1.530874e-02
      vertex -1.288862e-02 6.734561e-03 -1.539372e-02
    endloop
  endfacet
  facet normal 1.242608e-01 9.661912e-01 -2.259066e-01
    outer loop
      vertex -1.288862e-02 6.734561e-03 -1.539372e-02
      vertex -1.354183e-02 6.805238e-03 -1.545074e-02
      vertex -1.268222e-02 6.855147e-03 -1.476445e-02
    endloop
  endfacet
  facet normal 1.209353e-01 9.675544e-01 -2.218404e-01
    outer loop
      vertex -1.354183e-02 6.805238e-03 -1.545074e-02
      vertex -1.357847e-02 6.949234e-03 -1.484268e-02
      vertex -1.268222e-02 6.855147e-03 -1.476445e-02
    endloop
  endfacet
  facet normal 1.228246e-01 9.747757e-01 -1.863502e-01
    outer loop
      vertex -1.268437e-02 6.595650e-03 -1.598573e-02
      vertex -1.367402e-02 6.703835e-03 -1.607211e-02
      vertex -1.288862e-02 6.734561e-03 -1.539372e-02
    endloop
  endfacet
  facet normal 1.216642e-01 9.751736e-01 -1.850249e-01
    outer loop
      vertex -1.367402e-02 6.703835e-03 -1.607211e-02
      vertex -1.354183e-02 6.805238e-03 -1.545074e-02
      vertex -1.288862e-02 6.734561e-03 -1.539372e-02
    endloop
  endfacet
  facet normal 1.056127e-01 9.760225e-01 -1.903316e-01
    outer loop
      vertex -1.179264e-02 6.514338e-03 -1.590789e-02
      vertex -1.268437e-02 6.595650e-03 -1.598573e-02
      vertex -1.191509e-02 6.644425e-03 -1.530874e-02
    endloop
  endfacet
  facet normal 1.070786e-01 9.755432e-01 -1.919628e-01
    outer loop
      vertex -1.191509e-02 6.644425e-03 -1.530874e-02
      vertex -1.268437e-02 6.595650e-03 -1.598573e-02
      vertex -1.288862e-02 6.734561e-03 -1.539372e-02
    endloop
  endfacet
  facet normal 1.242177e-01 9.378861e-01 -3.239438e-01
    outer loop
      vertex -1.363740e-02 7.256684e-03 -1.376569e-02
      vertex -1.245105e-02 7.525035e-03 -1.253384e-02
      vertex -1.290785e-02 7.182055e-03 -1.370201e-02
    endloop
  endfacet
  facet normal 1.326004e-01 8.282709e-01 -5.444121e-01
    outer loop
      vertex -1.380773e-02 9.225068e-03 -9.484405e-03
      vertex -1.257618e-02 9.722959e-03 -8.426948e-03
      vertex -1.254395e-02 9.100406e-03 -9.366253e-03
    endloop
  endfacet
  facet normal 1.354815e-01 7.448200e-01 -6.533667e-01
    outer loop
      vertex -1.273700e-02 1.082842e-02 -7.032777e-03
      vertex -1.395289e-02 1.095649e-02 -7.138909e-03
      vertex -1.303989e-02 1.126889e-02 -6.593458e-03
    endloop
  endfacet
  facet normal 1.398435e-01 7.400008e-01 -6.579077e-01
    outer loop
      vertex -1.395289e-02 1.095649e-02 -7.138909e-03
      vertex -1.425482e-02 1.140420e-02 -6.699507e-03
      vertex -1.303989e-02 1.126889e-02 -6.593458e-03
    endloop
  endfacet
  facet normal 1.355339e-01 7.623573e-01 -6.328048e-01
    outer loop
      vertex -1.334264e-02 1.049510e-02 -7.564046e-03
      vertex -1.395289e-02 1.095649e-02 -7.138909e-03
      vertex -1.273700e-02 1.082842e-02 -7.032777e-03
    endloop
  endfacet
  facet normal 1.296072e-01 7.667076e-01 -6.287777e-01
    outer loop
      vertex -1.243042e-02 1.040620e-02 -7.484420e-03
      vertex -1.334264e-02 1.049510e-02 -7.564046e-03
      vertex -1.273700e-02 1.082842e-02 -7.032777e-03
    endloop
  endfacet
  facet normal 1.334995e-01 6.679991e-01 -7.320895e-01
    outer loop
      vertex -1.385198e-02 1.214223e-02 -5.850456e-03
      vertex -1.262075e-02 1.290804e-02 -4.927167e-03
      vertex -1.277659e-02 1.202339e-02 -5.762784e-03
    endloop
  endfacet
  facet normal 9.050010e-02 9.853475e-01 -1.445686e-01
    outer loop
      vertex -1.154753e-02 6.327469e-03 -1.702810e-02
      vertex -1.179264e-02 6.514338e-03 -1.590789e-02
      vertex -1.082491e-02 6.270354e-03 -1.696502e-02
    endloop
  endfacet
  facet normal 9.050061e-02 9.853475e-01 -1.445684e-01
    outer loop
      vertex -1.154753e-02 6.327469e-03 -1.702810e-02
      vertex -1.210956e-02 6.371892e-03 -1.707716e-02
      vertex -1.179264e-02 6.514338e-03 -1.590789e-02
    endloop
  endfacet
  facet normal 9.003205e-02 9.716588e-01 -2.185713e-01
    outer loop
      vertex -1.099975e-02 6.715085e-03 -1.461759e-02
      vertex -1.062918e-02 6.550525e-03 -1.519650e-02
      vertex -1.191509e-02 6.644425e-03 -1.530874e-02
    endloop
  endfacet
  facet normal 9.033950e-02 9.715413e-01 -2.189664e-01
    outer loop
      vertex -1.099975e-02 6.715085e-03 -1.461759e-02
      vertex -1.191509e-02 6.644425e-03 -1.530874e-02
      vertex -1.163743e-02 6.761834e-03 -1.467325e-02
    endloop
  endfacet
  facet normal 1.061654e-01 9.684841e-01 -2.253164e-01
    outer loop
      vertex -1.191509e-02 6.644425e-03 -1.530874e-02
      vertex -1.268222e-02 6.855147e-03 -1.476445e-02
      vertex -1.163743e-02 6.761834e-03 -1.467325e-02
    endloop
  endfacet
  facet normal 9.154524e-02 9.768428e-01 -1.933847e-01
    outer loop
      vertex -1.091195e-02 6.447022e-03 -1.583102e-02
      vertex -1.179264e-02 6.514338e-03 -1.590789e-02
      vertex -1.191509e-02 6.644425e-03 -1.530874e-02
    endloop
  endfacet
  facet normal 1.134423e-01 8.299688e-01 -5.461526e-01
    outer loop
      vertex -1.254395e-02 9.100406e-03 -9.366253e-03
      vertex -1.155917e-02 9.638463e-03 -8.344036e-03
      vertex -1.133747e-02 9.387507e-03 -8.679353e-03
    endloop
  endfacet
  facet normal 1.197781e-01 7.452434e-01 -6.559463e-01
    outer loop
      vertex -1.184552e-02 1.075363e-02 -6.954961e-03
      vertex -1.273700e-02 1.082842e-02 -7.032777e-03
      vertex -1.158985e-02 1.114428e-02 -6.464442e-03
    endloop
  endfacet
  facet normal 1.224127e-01 7.418023e-01 -6.593515e-01
    outer loop
      vertex -1.273700e-02 1.082842e-02 -7.032777e-03
      vertex -1.303989e-02 1.126889e-02 -6.593458e-03
      vertex -1.158985e-02 1.114428e-02 -6.464442e-03
    endloop
  endfacet
  facet normal 1.150917e-01 7.674251e-01 -6.307238e-01
    outer loop
      vertex -1.154164e-02 1.033667e-02 -7.406840e-03
      vertex -1.243042e-02 1.040620e-02 -7.484420e-03
      vertex -1.184552e-02 1.075363e-02 -6.954961e-03
    endloop
  endfacet
  facet normal 1.194327e-01 7.644266e-01 -6.335517e-01
    outer loop
      vertex -1.243042e-02 1.040620e-02 -7.484420e-03
      vertex -1.273700e-02 1.082842e-02 -7.032777e-03
      vertex -1.184552e-02 1.075363e-02 -6.954961e-03
    endloop
  endfacet
  facet normal 6.868972e-02 9.730121e-01 -2.202936e-01
    outer loop
      vertex -9.827052e-03 6.648141e-03 -1.451523e-02
      vertex -9.377715e-03 6.486909e-03 -1.508726e-02
      vertex -1.062918e-02 6.550525e-03 -1.519650e-02
    endloop
  endfacet
  facet normal 7.529900e-02 9.708018e-01 -2.277586e-01
    outer loop
      vertex -9.827052e-03 6.648141e-03 -1.451523e-02
      vertex -1.062918e-02 6.550525e-03 -1.519650e-02
      vertex -1.099975e-02 6.715085e-03 -1.461759e-02
    endloop
  endfacet
  facet normal 7.262983e-02 9.787011e-01 -1.920132e-01
    outer loop
      vertex -9.733682e-03 6.379760e-03 -1.572817e-02
      vertex -1.091195e-02 6.447022e-03 -1.583102e-02
      vertex -1.062918e-02 6.550525e-03 -1.519650e-02
    endloop
  endfacet
  facet normal 6.720123e-02 9.773411e-01 -2.007199e-01
    outer loop
      vertex -9.733682e-03 6.379760e-03 -1.572817e-02
      vertex -1.062918e-02 6.550525e-03 -1.519650e-02
      vertex -9.377715e-03 6.486909e-03 -1.508726e-02
    endloop
  endfacet
  facet normal 9.146602e-02 8.634830e-01 -4.960151e-01
    outer loop
      vertex -1.089042e-02 8.971996e-03 -9.232716e-03
      vertex -1.015063e-02 8.934736e-03 -9.161161e-03
      vertex -1.010136e-02 8.332998e-03 -1.019961e-02
    endloop
  endfacet
  facet normal 9.622832e-02 8.317234e-01 -5.467872e-01
    outer loop
      vertex -1.135020e-02 8.999650e-03 -9.271568e-03
      vertex -1.133747e-02 9.387507e-03 -8.679353e-03
      vertex -1.089042e-02 8.971996e-03 -9.232716e-03
    endloop
  endfacet
  facet normal 9.516359e-02 8.316387e-01 -5.471023e-01
    outer loop
      vertex -1.133747e-02 9.387507e-03 -8.679353e-03
      vertex -1.027130e-02 9.562957e-03 -8.227205e-03
      vertex -1.015063e-02 8.934736e-03 -9.161161e-03
    endloop
  endfacet
  facet normal 1.007535e-01 7.969375e-01 -5.956001e-01
    outer loop
      vertex -1.155917e-02 9.638463e-03 -8.344036e-03
      vertex -1.154164e-02 1.033667e-02 -7.406840e-03
      vertex -1.027130e-02 9.562957e-03 -8.227205e-03
    endloop
  endfacet
  facet normal 9.951194e-02 7.446730e-01 -6.599693e-01
    outer loop
      vertex -1.017327e-02 1.106381e-02 -6.341645e-03
      vertex -1.044806e-02 1.066508e-02 -6.832979e-03
      vertex -1.158985e-02 1.114428e-02 -6.464442e-03
    endloop
  endfacet
  facet normal 1.045059e-01 7.506965e-01 -6.523291e-01
    outer loop
      vertex -1.044806e-02 1.066508e-02 -6.832979e-03
      vertex -1.184552e-02 1.075363e-02 -6.954961e-03
      vertex -1.158985e-02 1.114428e-02 -6.464442e-03
    endloop
  endfacet
  facet normal 1.011833e-01 7.680384e-01 -6.323598e-01
    outer loop
      vertex -1.041933e-02 1.026947e-02 -7.308876e-03
      vertex -1.154164e-02 1.033667e-02 -7.406840e-03
      vertex -1.044806e-02 1.066508e-02 -6.832979e-03
    endloop
  endfacet
  facet normal 1.039582e-01 7.648173e-01 -6.358044e-01
    outer loop
      vertex -1.154164e-02 1.033667e-02 -7.406840e-03
      vertex -1.184552e-02 1.075363e-02 -6.954961e-03
      vertex -1.044806e-02 1.066508e-02 -6.832979e-03
    endloop
  endfacet
  facet normal 1.024111e-01 6.706964e-01 -7.346280e-01
    outer loop
      vertex -1.143636e-02 1.231130e-02 -5.282467e-03
      vertex -1.038684e-02 1.275099e-02 -4.734735e-03
      vertex -1.037996e-02 1.225099e-02 -5.190256e-03
    endloop
  endfacet
  facet normal 5.136829e-02 9.726825e-01 -2.263847e-01
    outer loop
      vertex -8.862001e-03 6.612416e-03 -1.443099e-02
      vertex -8.490673e-03 6.458085e-03 -1.500983e-02
      vertex -9.377715e-03 6.486909e-03 -1.508726e-02
    endloop
  endfacet
  facet normal 5.603011e-02 9.716134e-01 -2.298436e-01
    outer loop
      vertex -9.377715e-03 6.486909e-03 -1.508726e-02
      vertex -9.827052e-03 6.648141e-03 -1.451523e-02
      vertex -8.862001e-03 6.612416e-03 -1.443099e-02
    endloop
  endfacet
  facet normal 4.247720e-02 9.802050e-01 -1.933747e-01
    outer loop
      vertex -8.190758e-03 6.329945e-03 -1.559349e-02
      vertex -9.087347e-03 6.353359e-03 -1.567175e-02
      vertex -8.490673e-03 6.458085e-03 -1.500983e-02
    endloop
  endfacet
  facet normal 4.919105e-02 9.787250e-01 -1.991926e-01
    outer loop
      vertex -8.490673e-03 6.458085e-03 -1.500983e-02
      vertex -9.087347e-03 6.353359e-03 -1.567175e-02
      vertex -9.377715e-03 6.486909e-03 -1.508726e-02
    endloop
  endfacet
  facet normal 6.182894e-02 9.422288e-01 -3.292142e-01
    outer loop
      vertex -9.922465e-03 6.959494e-03 -1.343663e-02
      vertex -9.931745e-03 7.351013e-03 -1.231782e-02
      vertex -8.626719e-03 6.912313e-03 -1.332831e-02
    endloop
  endfacet
  facet normal 7.296504e-02 8.644251e-01 -4.974388e-01
    outer loop
      vertex -1.010136e-02 8.332998e-03 -1.019961e-02
      vertex -1.015063e-02 8.934736e-03 -9.161161e-03
      vertex -8.803901e-03 8.286601e-03 -1.008992e-02
    endloop
  endfacet
  facet normal 8.242700e-02 7.463660e-01 -6.604116e-01
    outer loop
      vertex -9.147019e-03 1.102833e-02 -6.253656e-03
      vertex -9.564708e-03 1.063008e-02 -6.755873e-03
      vertex -1.017327e-02 1.106381e-02 -6.341645e-03
    endloop
  endfacet
  facet normal 8.700482e-02 7.491776e-01 -6.566301e-01
    outer loop
      vertex -9.564708e-03 1.063008e-02 -6.755873e-03
      vertex -1.044806e-02 1.066508e-02 -6.832979e-03
      vertex -1.017327e-02 1.106381e-02 -6.341645e-03
    endloop
  endfacet
  facet normal 8.725841e-02 7.673683e-01 -6.352416e-01
    outer loop
      vertex -9.535975e-03 1.023286e-02 -7.231769e-03
      vertex -1.041933e-02 1.026947e-02 -7.308876e-03
      vertex -9.564708e-03 1.063008e-02 -6.755873e-03
    endloop
  endfacet
  facet normal 8.578857e-02 7.686956e-01 -6.338355e-01
    outer loop
      vertex -1.041933e-02 1.026947e-02 -7.308876e-03
      vertex -1.044806e-02 1.066508e-02 -6.832979e-03
      vertex -9.564708e-03 1.063008e-02 -6.755873e-03
    endloop
  endfacet
  facet normal 3.449383e-02 9.731958e-01 -2.273764e-01
    outer loop
      vertex -8.490673e-03 6.458085e-03 -1.500983e-02
      vertex -8.042620e-03 6.594155e-03 -1.435946e-02
      vertex -7.416529e-03 6.460202e-03 -1.483782e-02
    endloop
  endfacet
  facet normal 4.192602e-02 9.717647e-01 -2.321972e-01
    outer loop
      vertex -8.490673e-03 6.458085e-03 -1.500983e-02
      vertex -8.862001e-03 6.612416e-03 -1.443099e-02
      vertex -8.042620e-03 6.594155e-03 -1.435946e-02
    endloop
  endfacet
  facet normal 3.003289e-02 9.794178e-01 -1.995964e-01
    outer loop
      vertex -8.190758e-03 6.329945e-03 -1.559349e-02
      vertex -8.490673e-03 6.458085e-03 -1.500983e-02
      vertex -7.416529e-03 6.460202e-03 -1.483782e-02
    endloop
  endfacet
  facet normal 6.898837e-02 7.725481e-01 -6.311973e-01
    outer loop
      vertex -9.535975e-03 1.023286e-02 -7.231769e-03
      vertex -8.654048e-03 1.060787e-02 -6.676383e-03
      vertex -8.144938e-03 1.013534e-02 -7.199080e-03
    endloop
  endfacet
  facet normal 7.427402e-02 7.677922e-01 -6.363793e-01
    outer loop
      vertex -9.535975e-03 1.023286e-02 -7.231769e-03
      vertex -9.564708e-03 1.063008e-02 -6.755873e-03
      vertex -8.654048e-03 1.060787e-02 -6.676383e-03
    endloop
  endfacet
  facet normal 1.304648e-01 5.716598e-01 -8.100518e-01
    outer loop
      vertex -1.716762e-02 1.496850e-02 -4.217433e-03
      vertex -1.695735e-02 1.539056e-02 -3.885717e-03
      vertex -1.701828e-02 1.443415e-02 -4.570477e-03
    endloop
  endfacet
  facet normal 1.868521e-01 5.773573e-01 -7.948238e-01
    outer loop
      vertex -1.749299e-02 1.430737e-02 -4.774169e-03
      vertex -1.716762e-02 1.496850e-02 -4.217433e-03
      vertex -1.701828e-02 1.443415e-02 -4.570477e-03
    endloop
  endfacet
  facet normal 1.796692e-01 6.203159e-01 -7.634967e-01
    outer loop
      vertex -1.776146e-02 1.375193e-02 -5.288618e-03
      vertex -1.749299e-02 1.430737e-02 -4.774169e-03
      vertex -1.692233e-02 1.348735e-02 -5.306114e-03
    endloop
  endfacet
  facet normal 1.896626e-01 6.501744e-01 -7.357319e-01
    outer loop
      vertex -1.803505e-02 1.317587e-02 -5.868216e-03
      vertex -1.776146e-02 1.375193e-02 -5.288618e-03
      vertex -1.692233e-02 1.348735e-02 -5.306114e-03
    endloop
  endfacet
  facet normal 1.992078e-01 6.763842e-01 -7.090985e-01
    outer loop
      vertex -1.829477e-02 1.261936e-02 -6.472019e-03
      vertex -1.803505e-02 1.317587e-02 -5.868216e-03
      vertex -1.720975e-02 1.264739e-02 -6.140464e-03
    endloop
  endfacet
  facet normal 1.951834e-01 7.065209e-01 -6.802438e-01
    outer loop
      vertex -1.845842e-02 1.226186e-02 -6.890284e-03
      vertex -1.829477e-02 1.261936e-02 -6.472019e-03
      vertex -1.765062e-02 1.193700e-02 -6.995916e-03
    endloop
  endfacet
  facet normal 2.049036e-01 7.237597e-01 -6.589283e-01
    outer loop
      vertex -1.861476e-02 1.191486e-02 -7.320042e-03
      vertex -1.845842e-02 1.226186e-02 -6.890284e-03
      vertex -1.765062e-02 1.193700e-02 -6.995916e-03
    endloop
  endfacet
  facet normal 2.158623e-01 7.444553e-01 -6.318147e-01
    outer loop
      vertex -1.885383e-02 1.137270e-02 -8.040534e-03
      vertex -1.861476e-02 1.191486e-02 -7.320042e-03
      vertex -1.813309e-02 1.161925e-02 -7.503787e-03
    endloop
  endfacet
  facet normal 2.110256e-01 7.833999e-01 -5.845962e-01
    outer loop
      vertex -1.910143e-02 1.078873e-02 -8.912473e-03
      vertex -1.885383e-02 1.137270e-02 -8.040534e-03
      vertex -1.815694e-02 1.085291e-02 -8.485538e-03
    endloop
  endfacet
  facet normal 2.275242e-01 8.039219e-01 -5.494927e-01
    outer loop
      vertex -1.928197e-02 1.034756e-02 -9.632676e-03
      vertex -1.910143e-02 1.078873e-02 -8.912473e-03
      vertex -1.860402e-02 1.061670e-02 -8.958200e-03
    endloop
  endfacet
  facet normal 2.039183e-01 8.446603e-01 -4.949408e-01
    outer loop
      vertex -1.949796e-02 9.803974e-03 -1.062358e-02
      vertex -1.939150e-02 1.006968e-02 -1.012626e-02
      vertex -1.868007e-02 9.414540e-03 -1.095121e-02
    endloop
  endfacet
  facet normal 2.182526e-01 8.471127e-01 -4.845265e-01
    outer loop
      vertex -1.868007e-02 9.414540e-03 -1.095121e-02
      vertex -1.939150e-02 1.006968e-02 -1.012626e-02
      vertex -1.864877e-02 1.000206e-02 -9.909923e-03
    endloop
  endfacet
  facet normal 7.827156e-02 6.375176e-01 -7.664495e-01
    outer loop
      vertex -9.180858e-03 1.329119e-02 -4.150485e-03
      vertex -8.035400e-03 1.303859e-02 -4.243621e-03
      vertex -8.178003e-03 1.267916e-02 -4.557149e-03
    endloop
  endfacet
  facet normal 1.228924e-01 5.898209e-01 -7.981283e-01
    outer loop
      vertex -1.256072e-02 1.382395e-02 -4.181387e-03
      vertex -1.274676e-02 1.417157e-02 -3.953135e-03
      vertex -1.177845e-02 1.391881e-02 -3.990832e-03
    endloop
  endfacet
  facet normal 1.342508e-01 5.827402e-01 -8.014927e-01
    outer loop
      vertex -1.384750e-02 1.447088e-02 -3.919896e-03
      vertex -1.274676e-02 1.417157e-02 -3.953135e-03
      vertex -1.370258e-02 1.394076e-02 -4.281057e-03
    endloop
  endfacet
  facet normal 1.487665e-01 5.755080e-01 -8.041511e-01
    outer loop
      vertex -1.522007e-02 1.486273e-02 -3.893382e-03
      vertex -1.384750e-02 1.447088e-02 -3.919896e-03
      vertex -1.487690e-02 1.408910e-02 -4.383561e-03
    endloop
  endfacet
  facet normal 2.728096e-01 8.892581e-01 -3.671444e-01
    outer loop
      vertex -2.304233e-02 9.804278e-03 -1.281092e-02
      vertex -2.236964e-02 9.804289e-03 -1.231104e-02
      vertex -2.192667e-02 9.416227e-03 -1.292181e-02
    endloop
  endfacet
  facet normal 2.906959e-01 8.900215e-01 -3.512230e-01
    outer loop
      vertex -2.368771e-02 9.804268e-03 -1.334510e-02
      vertex -2.304233e-02 9.804278e-03 -1.281092e-02
      vertex -2.238966e-02 9.356191e-03 -1.340620e-02
    endloop
  endfacet
  facet normal 3.109605e-01 9.030969e-01 -2.961750e-01
    outer loop
      vertex -2.360941e-02 9.329439e-03 -1.463611e-02
      vertex -2.432361e-02 9.596521e-03 -1.457158e-02
      vertex -2.444584e-02 9.804257e-03 -1.406647e-02
    endloop
  endfacet
  facet normal 3.458891e-01 9.231091e-01 -1.680189e-01
    outer loop
      vertex -2.660861e-02 9.804238e-03 -1.715241e-02
      vertex -2.633206e-02 9.804238e-03 -1.658311e-02
      vertex -2.593825e-02 9.554838e-03 -1.714261e-02
    endloop
  endfacet
  facet normal 3.471332e-01 9.276428e-01 -1.377581e-01
    outer loop
      vertex -2.684243e-02 9.804238e-03 -1.774162e-02
      vertex -2.660861e-02 9.804238e-03 -1.715241e-02
      vertex -2.593825e-02 9.554838e-03 -1.714261e-02
    endloop
  endfacet
  facet normal 3.503670e-01 9.335059e-01 -7.622120e-02
    outer loop
      vertex -2.604999e-02 9.441169e-03 -1.829397e-02
      vertex -2.716583e-02 9.804244e-03 -1.897648e-02
      vertex -2.702951e-02 9.804240e-03 -1.834992e-02
    endloop
  endfacet
  facet normal 2.177818e-02 9.920170e-01 -1.242092e-01
    outer loop
      vertex -6.989299e-03 6.114545e-03 -1.685266e-02
      vertex -8.345998e-03 6.157353e-03 -1.674864e-02
      vertex -7.772529e-03 6.167878e-03 -1.656404e-02
    endloop
  endfacet
  facet normal 2.289410e-02 9.851419e-01 -1.702098e-01
    outer loop
      vertex -7.058027e-03 6.222096e-03 -1.606533e-02
      vertex -8.190758e-03 6.329945e-03 -1.559349e-02
      vertex -7.126162e-03 6.358536e-03 -1.528481e-02
    endloop
  endfacet
  facet normal 3.024927e-02 9.720962e-01 -2.326240e-01
    outer loop
      vertex -7.416529e-03 6.460202e-03 -1.483782e-02
      vertex -8.042620e-03 6.594155e-03 -1.435946e-02
      vertex -7.215783e-03 6.592669e-03 -1.425815e-02
    endloop
  endfacet
  facet normal 3.359065e-02 9.650247e-01 -2.599980e-01
    outer loop
      vertex -7.215783e-03 6.592669e-03 -1.425815e-02
      vertex -8.042620e-03 6.594155e-03 -1.435946e-02
      vertex -7.260037e-03 6.730793e-03 -1.375120e-02
    endloop
  endfacet
  facet normal 4.185139e-02 9.317661e-01 -3.606388e-01
    outer loop
      vertex -8.132620e-03 7.261869e-03 -1.226369e-02
      vertex -8.674668e-03 7.310236e-03 -1.220162e-02
      vertex -7.432800e-03 7.420669e-03 -1.177219e-02
    endloop
  endfacet
  facet normal 6.003702e-02 7.555875e-01 -6.522907e-01
    outer loop
      vertex -7.862488e-03 1.039474e-02 -6.850407e-03
      vertex -8.654048e-03 1.060787e-02 -6.676383e-03
      vertex -7.956129e-03 1.094330e-02 -6.223594e-03
    endloop
  endfacet
  facet normal 6.890566e-02 7.214893e-01 -6.889885e-01
    outer loop
      vertex -7.956129e-03 1.094330e-02 -6.223594e-03
      vertex -9.147019e-03 1.102833e-02 -6.253656e-03
      vertex -8.124176e-03 1.166635e-02 -5.483245e-03
    endloop
  endfacet
  facet normal 3.388300e-01 9.125884e-01 -2.288594e-01
    outer loop
      vertex -2.547660e-02 9.804245e-03 -1.525518e-02
      vertex -2.489621e-02 9.444459e-03 -1.583056e-02
      vertex -2.609563e-02 9.804239e-03 -1.617168e-02
    endloop
  endfacet
  facet normal 2.818088e-01 9.594293e-01 -8.903667e-03
    outer loop
      vertex -2.281765e-02 8.301772e-03 -2.038174e-02
      vertex -2.345729e-02 8.499881e-03 -1.927965e-02
      vertex -2.222781e-02 8.139746e-03 -1.917233e-02
    endloop
  endfacet
  facet normal 2.709343e-01 8.890019e-01 -3.691479e-01
    outer loop
      vertex -2.238966e-02 9.356191e-03 -1.340620e-02
      vertex -2.192667e-02 9.416227e-03 -1.292181e-02
      vertex -2.117640e-02 9.030409e-03 -1.330030e-02
    endloop
  endfacet
  facet normal 2.500766e-01 8.732564e-01 -4.181926e-01
    outer loop
      vertex -2.095970e-02 9.804314e-03 -1.140922e-02
      vertex -1.996611e-02 9.187946e-03 -1.210213e-02
      vertex -2.115684e-02 9.479166e-03 -1.220607e-02
    endloop
  endfacet
  facet normal 2.297491e-01 8.704261e-01 -4.354006e-01
    outer loop
      vertex -2.041330e-02 9.804323e-03 -1.110588e-02
      vertex -1.949796e-02 9.803974e-03 -1.062358e-02
      vertex -1.996611e-02 9.187946e-03 -1.210213e-02
    endloop
  endfacet
  facet normal 2.103546e-01 8.167120e-01 -5.373383e-01
    outer loop
      vertex -1.864877e-02 1.000206e-02 -9.909923e-03
      vertex -1.928197e-02 1.034756e-02 -9.632676e-03
      vertex -1.860402e-02 1.061670e-02 -8.958200e-03
    endloop
  endfacet
  facet normal 2.144905e-01 7.773636e-01 -5.913541e-01
    outer loop
      vertex -1.860402e-02 1.061670e-02 -8.958200e-03
      vertex -1.910143e-02 1.078873e-02 -8.912473e-03
      vertex -1.815694e-02 1.085291e-02 -8.485538e-03
    endloop
  endfacet
  facet normal 2.016974e-01 7.326785e-01 -6.500003e-01
    outer loop
      vertex -1.813309e-02 1.161925e-02 -7.503787e-03
      vertex -1.861476e-02 1.191486e-02 -7.320042e-03
      vertex -1.765062e-02 1.193700e-02 -6.995916e-03
    endloop
  endfacet
  facet normal 1.299817e-01 5.918758e-01 -7.954796e-01
    outer loop
      vertex -1.370258e-02 1.394076e-02 -4.281057e-03
      vertex -1.274676e-02 1.417157e-02 -3.953135e-03
      vertex -1.256072e-02 1.382395e-02 -4.181387e-03
    endloop
  endfacet
  facet normal 2.447639e-02 9.955966e-01 -9.048958e-02
    outer loop
      vertex -8.345998e-03 6.157353e-03 -1.674864e-02
      vertex -6.989299e-03 6.114545e-03 -1.685266e-02
      vertex -8.243629e-03 6.045492e-03 -1.795169e-02
    endloop
  endfacet
  facet normal 4.621492e-02 9.425283e-01 -3.309149e-01
    outer loop
      vertex -8.674668e-03 7.310236e-03 -1.220162e-02
      vertex -8.132620e-03 7.261869e-03 -1.226369e-02
      vertex -8.626719e-03 6.912313e-03 -1.332831e-02
    endloop
  endfacet
  facet normal 6.995925e-02 7.967935e-01 -6.001882e-01
    outer loop
      vertex -9.185224e-03 9.525895e-03 -8.129426e-03
      vertex -9.535975e-03 1.023286e-02 -7.231769e-03
      vertex -8.144938e-03 1.013534e-02 -7.199080e-03
    endloop
  endfacet
  facet normal 8.055954e-02 6.720048e-01 -7.361519e-01
    outer loop
      vertex -9.259139e-03 1.270524e-02 -4.641737e-03
      vertex -8.549732e-03 1.220656e-02 -5.019332e-03
      vertex -9.152115e-03 1.181367e-02 -5.443902e-03
    endloop
  endfacet
  facet normal 3.220070e-02 9.789117e-01 -2.017302e-01
    outer loop
      vertex -8.190758e-03 6.329945e-03 -1.559349e-02
      vertex -7.416529e-03 6.460202e-03 -1.483782e-02
      vertex -7.126162e-03 6.358536e-03 -1.528481e-02
    endloop
  endfacet
  facet normal 7.001941e-02 7.468989e-01 -6.612407e-01
    outer loop
      vertex -8.654048e-03 1.060787e-02 -6.676383e-03
      vertex -9.147019e-03 1.102833e-02 -6.253656e-03
      vertex -7.956129e-03 1.094330e-02 -6.223594e-03
    endloop
  endfacet
  facet normal 6.932208e-02 7.726837e-01 -6.309948e-01
    outer loop
      vertex -8.144938e-03 1.013534e-02 -7.199080e-03
      vertex -8.654048e-03 1.060787e-02 -6.676383e-03
      vertex -7.862488e-03 1.039474e-02 -6.850407e-03
    endloop
  endfacet
  facet normal 3.382762e-01 9.410277e-01 -6.003598e-03
    outer loop
      vertex -2.608401e-02 9.372080e-03 -2.066684e-02
      vertex -2.712560e-02 9.751627e-03 -1.986431e-02
      vertex -2.558935e-02 9.198230e-03 -2.004470e-02
    endloop
  endfacet
  facet normal 1.138055e-01 6.959826e-01 -7.089827e-01
    outer loop
      vertex -6.706025e-03 1.149474e-02 -5.498578e-03
      vertex -6.225863e-03 1.225432e-02 -4.675849e-03
      vertex -5.984498e-03 1.150143e-02 -5.376193e-03
    endloop
  endfacet
  facet normal 1.364459e-01 6.978209e-01 -7.031561e-01
    outer loop
      vertex -5.984498e-03 1.150143e-02 -5.376193e-03
      vertex -6.225863e-03 1.225432e-02 -4.675849e-03
      vertex -5.282328e-03 1.152684e-02 -5.214719e-03
    endloop
  endfacet
  facet normal 1.557542e-01 7.017549e-01 -6.951839e-01
    outer loop
      vertex -5.282328e-03 1.152684e-02 -5.214719e-03
      vertex -5.556104e-03 1.227140e-02 -4.524469e-03
      vertex -4.584638e-03 1.155122e-02 -5.033793e-03
    endloop
  endfacet
  facet normal 8.352665e-02 7.317907e-01 -6.763917e-01
    outer loop
      vertex -7.416451e-03 1.148151e-02 -5.602871e-03
      vertex -6.572613e-03 1.076736e-02 -6.271306e-03
      vertex -7.316903e-03 1.075421e-02 -6.377446e-03
    endloop
  endfacet
  facet normal 1.194616e-01 7.356866e-01 -6.667040e-01
    outer loop
      vertex -5.848733e-03 1.078676e-02 -6.140481e-03
      vertex -5.984498e-03 1.150143e-02 -5.376193e-03
      vertex -5.083007e-03 1.080898e-02 -5.978764e-03
    endloop
  endfacet
  facet normal 1.367587e-01 7.394948e-01 -6.591241e-01
    outer loop
      vertex -5.083007e-03 1.080898e-02 -5.978764e-03
      vertex -5.282328e-03 1.152684e-02 -5.214719e-03
      vertex -4.316072e-03 1.084278e-02 -5.781713e-03
    endloop
  endfacet
  facet normal 1.523522e-01 7.442645e-01 -6.502762e-01
    outer loop
      vertex -4.316072e-03 1.084278e-02 -5.781713e-03
      vertex -4.584638e-03 1.155122e-02 -5.033793e-03
      vertex -3.570713e-03 1.088381e-02 -5.560125e-03
    endloop
  endfacet
  facet normal 1.665240e-01 7.498001e-01 -6.403667e-01
    outer loop
      vertex -3.570713e-03 1.088381e-02 -5.560125e-03
      vertex -3.889120e-03 1.158279e-02 -4.824487e-03
      vertex -2.829412e-03 1.093281e-02 -5.309980e-03
    endloop
  endfacet
  facet normal 1.799768e-01 7.556506e-01 -6.297622e-01
    outer loop
      vertex -2.829412e-03 1.093281e-02 -5.309980e-03
      vertex -3.195770e-03 1.163425e-02 -4.573018e-03
      vertex -2.072871e-03 1.099158e-02 -5.023250e-03
    endloop
  endfacet
  facet normal 1.910834e-01 7.633542e-01 -6.170718e-01
    outer loop
      vertex -2.072871e-03 1.099158e-02 -5.023250e-03
      vertex -2.460650e-03 1.167177e-02 -4.301891e-03
      vertex -1.369090e-03 1.105469e-02 -4.727240e-03
    endloop
  endfacet
  facet normal 8.764323e-02 7.684401e-01 -6.338915e-01
    outer loop
      vertex -6.844920e-03 1.007427e-02 -7.149160e-03
      vertex -6.572613e-03 1.076736e-02 -6.271306e-03
      vertex -5.639147e-03 1.011303e-02 -6.935465e-03
    endloop
  endfacet
  facet normal 1.097244e-01 7.723603e-01 -6.256358e-01
    outer loop
      vertex -5.639147e-03 1.011303e-02 -6.935465e-03
      vertex -5.848733e-03 1.078676e-02 -6.140481e-03
      vertex -5.083007e-03 1.080898e-02 -5.978764e-03
    endloop
  endfacet
  facet normal 1.180321e-01 7.754202e-01 -6.203160e-01
    outer loop
      vertex -4.853443e-03 1.014286e-02 -6.767760e-03
      vertex -5.083007e-03 1.080898e-02 -5.978764e-03
      vertex -4.044418e-03 1.018348e-02 -6.563039e-03
    endloop
  endfacet
  facet normal 1.304495e-01 7.796263e-01 -6.125078e-01
    outer loop
      vertex -4.044418e-03 1.018348e-02 -6.563039e-03
      vertex -4.316072e-03 1.084278e-02 -5.781713e-03
      vertex -3.258876e-03 1.023261e-02 -6.333198e-03
    endloop
  endfacet
  facet normal 1.416348e-01 7.845241e-01 -6.037065e-01
    outer loop
      vertex -3.258876e-03 1.023261e-02 -6.333198e-03
      vertex -3.570713e-03 1.088381e-02 -5.560125e-03
      vertex -2.478235e-03 1.029109e-02 -6.074057e-03
    endloop
  endfacet
  facet normal 1.605935e-01 7.965379e-01 -5.828697e-01
    outer loop
      vertex -1.682130e-03 1.036101e-02 -5.777321e-03
      vertex -2.072871e-03 1.099158e-02 -5.023250e-03
      vertex -9.422297e-04 1.043576e-02 -5.471306e-03
    endloop
  endfacet
  facet normal 1.710819e-01 8.034848e-01 -5.702133e-01
    outer loop
      vertex -9.422297e-04 1.043576e-02 -5.471306e-03
      vertex -1.369090e-03 1.105469e-02 -4.727240e-03
      vertex 2.302571e-04 1.057573e-02 -4.922293e-03
    endloop
  endfacet
  facet normal 1.762214e-01 8.159026e-01 -5.506805e-01
    outer loop
      vertex 2.302571e-04 1.057573e-02 -4.922293e-03
      vertex 1.008806e-04 1.121456e-02 -4.017182e-03
      vertex 1.370077e-03 1.073354e-02 -4.323729e-03
    endloop
  endfacet
  facet normal 7.049885e-02 8.005445e-01 -5.951120e-01
    outer loop
      vertex -6.844920e-03 1.007427e-02 -7.149160e-03
      vertex -5.973940e-03 9.500570e-03 -7.817722e-03
      vertex -7.115161e-03 9.482915e-03 -7.976665e-03
    endloop
  endfacet
  facet normal 9.834908e-02 8.068523e-01 -5.825091e-01
    outer loop
      vertex -4.837172e-03 9.541639e-03 -7.597779e-03
      vertex -4.853443e-03 1.014286e-02 -6.767760e-03
      vertex -3.781458e-03 9.597605e-03 -7.342016e-03
    endloop
  endfacet
  facet normal 1.094551e-01 8.117868e-01 -5.736042e-01
    outer loop
      vertex -3.781458e-03 9.597605e-03 -7.342016e-03
      vertex -4.044418e-03 1.018348e-02 -6.563039e-03
      vertex -2.957461e-03 9.654620e-03 -7.104090e-03
    endloop
  endfacet
  facet normal 1.177726e-01 8.160733e-01 -5.658215e-01
    outer loop
      vertex -2.957461e-03 9.654620e-03 -7.104090e-03
      vertex -3.258876e-03 1.023261e-02 -6.333198e-03
      vertex -2.139191e-03 9.722323e-03 -6.836125e-03
    endloop
  endfacet
  facet normal 1.252745e-01 8.209971e-01 -5.570189e-01
    outer loop
      vertex -2.139191e-03 9.722323e-03 -6.836125e-03
      vertex -2.478235e-03 1.029109e-02 -6.074057e-03
      vertex -1.305259e-03 9.803070e-03 -6.529559e-03
    endloop
  endfacet
  facet normal 1.313771e-01 8.266135e-01 -5.472204e-01
    outer loop
      vertex -2.478235e-03 1.029109e-02 -6.074057e-03
      vertex -1.682130e-03 1.036101e-02 -5.777321e-03
      vertex -5.308455e-04 9.889140e-03 -6.213706e-03
    endloop
  endfacet
  facet normal 1.362470e-01 8.323031e-01 -5.373159e-01
    outer loop
      vertex -5.308455e-04 9.889140e-03 -6.213706e-03
      vertex -9.422297e-04 1.043576e-02 -5.471306e-03
      vertex 3.083974e-04 9.994921e-03 -5.837045e-03
    endloop
  endfacet
  facet normal 1.373855e-01 8.414709e-01 -5.225438e-01
    outer loop
      vertex 3.083974e-04 9.994921e-03 -5.837045e-03
      vertex 2.302571e-04 1.057573e-02 -4.922293e-03
      vertex 1.080096e-03 1.010382e-02 -5.458781e-03
    endloop
  endfacet
  facet normal 1.439099e-01 8.448912e-01 -5.152173e-01
    outer loop
      vertex 1.080096e-03 1.010382e-02 -5.458781e-03
      vertex 2.302571e-04 1.057573e-02 -4.922293e-03
      vertex 2.082122e-03 1.026327e-02 -4.917430e-03
    endloop
  endfacet
  facet normal 1.432392e-01 8.521963e-01 -5.032335e-01
    outer loop
      vertex 2.082122e-03 1.026327e-02 -4.917430e-03
      vertex 1.370077e-03 1.073354e-02 -4.323729e-03
      vertex 2.106159e-03 1.052660e-02 -4.464653e-03
    endloop
  endfacet
  facet normal 1.431096e-01 8.593032e-01 -4.910373e-01
    outer loop
      vertex 2.863466e-03 1.040023e-02 -4.459874e-03
      vertex 2.133601e-03 1.085385e-02 -3.878765e-03
      vertex 3.417860e-03 1.050400e-02 -4.116713e-03
    endloop
  endfacet
  facet normal 8.091119e-02 8.376544e-01 -5.401745e-01
    outer loop
      vertex -4.716303e-03 8.953197e-03 -8.492179e-03
      vertex -4.837172e-03 9.541639e-03 -7.597779e-03
      vertex -3.958139e-03 9.255087e-03 -7.910471e-03
    endloop
  endfacet
  facet normal 9.395693e-02 8.442175e-01 -5.277015e-01
    outer loop
      vertex -3.781458e-03 9.597605e-03 -7.342016e-03
      vertex -2.957461e-03 9.654620e-03 -7.104090e-03
      vertex -2.850762e-03 9.073373e-03 -8.014973e-03
    endloop
  endfacet
  facet normal 9.202242e-02 8.442685e-01 -5.279607e-01
    outer loop
      vertex -2.850762e-03 9.073373e-03 -8.014973e-03
      vertex -2.957461e-03 9.654620e-03 -7.104090e-03
      vertex -1.775442e-03 9.165911e-03 -7.679568e-03
    endloop
  endfacet
  facet normal 9.702432e-02 8.514419e-01 -5.153959e-01
    outer loop
      vertex -1.775442e-03 9.165911e-03 -7.679568e-03
      vertex -1.440446e-03 9.571049e-03 -6.947210e-03
      vertex -9.013191e-04 9.258365e-03 -7.362278e-03
    endloop
  endfacet
  facet normal 1.024761e-01 8.551110e-01 -5.082163e-01
    outer loop
      vertex -1.440446e-03 9.571049e-03 -6.947210e-03
      vertex -1.305259e-03 9.803070e-03 -6.529559e-03
      vertex -9.025630e-05 9.356663e-03 -7.035680e-03
    endloop
  endfacet
  facet normal 1.041177e-01 8.592634e-01 -5.008252e-01
    outer loop
      vertex -9.025630e-05 9.356663e-03 -7.035680e-03
      vertex -5.308455e-04 9.889140e-03 -6.213706e-03
      vertex 5.681189e-04 9.446939e-03 -6.743921e-03
    endloop
  endfacet
  facet normal 1.043816e-01 8.641584e-01 -4.922750e-01
    outer loop
      vertex 5.681189e-04 9.446939e-03 -6.743921e-03
      vertex 3.083974e-04 9.994921e-03 -5.837045e-03
      vertex 9.558012e-04 9.761498e-03 -6.109529e-03
    endloop
  endfacet
  facet normal 1.094911e-01 8.709247e-01 -4.790635e-01
    outer loop
      vertex 1.702451e-03 9.620527e-03 -6.195162e-03
      vertex 9.558012e-04 9.761498e-03 -6.109529e-03
      vertex 1.080096e-03 1.010382e-02 -5.458781e-03
    endloop
  endfacet
  facet normal 1.052009e-01 8.698437e-01 -4.819799e-01
    outer loop
      vertex 1.702451e-03 9.620527e-03 -6.195162e-03
      vertex 1.080096e-03 1.010382e-02 -5.458781e-03
      vertex 2.431791e-03 9.742264e-03 -5.816268e-03
    endloop
  endfacet
  facet normal 1.013544e-01 8.833946e-01 -4.575382e-01
    outer loop
      vertex 3.453332e-03 9.935147e-03 -5.227174e-03
      vertex 2.863466e-03 1.040023e-02 -4.459874e-03
      vertex 4.030598e-03 1.005187e-02 -4.873939e-03
    endloop
  endfacet
  facet normal 9.465216e-02 8.951359e-01 -4.356292e-01
    outer loop
      vertex 4.822419e-03 1.022516e-02 -4.354380e-03
      vertex 4.367317e-03 1.069979e-02 -3.477991e-03
      vertex 5.603946e-03 1.040974e-02 -3.805294e-03
    endloop
  endfacet
  facet normal 1.003737e-01 9.019378e-01 -4.200396e-01
    outer loop
      vertex 5.603946e-03 1.040974e-02 -3.805294e-03
      vertex 4.367317e-03 1.069979e-02 -3.477991e-03
      vertex 4.931639e-03 1.082361e-02 -3.077264e-03
    endloop
  endfacet
  facet normal 5.020610e-02 8.629948e-01 -5.027120e-01
    outer loop
      vertex -6.975232e-03 8.887756e-03 -8.864047e-03
      vertex -6.210760e-03 8.359694e-03 -9.694213e-03
      vertex -6.922646e-03 8.347502e-03 -9.786239e-03
    endloop
  endfacet
  facet normal 5.386166e-02 8.639565e-01 -5.006777e-01
    outer loop
      vertex -6.210760e-03 8.359694e-03 -9.694213e-03
      vertex -5.912218e-03 8.907301e-03 -8.717159e-03
      vertex -5.288577e-03 8.387774e-03 -9.546553e-03
    endloop
  endfacet
  facet normal 5.799592e-02 8.663448e-01 -4.960678e-01
    outer loop
      vertex -5.288577e-03 8.387774e-03 -9.546553e-03
      vertex -4.716303e-03 8.953197e-03 -8.492179e-03
      vertex -4.377574e-03 8.429836e-03 -9.366587e-03
    endloop
  endfacet
  facet normal 6.258160e-02 8.668636e-01 -4.946019e-01
    outer loop
      vertex -4.377574e-03 8.429836e-03 -9.366587e-03
      vertex -4.716303e-03 8.953197e-03 -8.492179e-03
      vertex -3.449071e-03 8.487479e-03 -9.148076e-03
    endloop
  endfacet
  facet normal 6.924081e-02 8.728170e-01 -4.831110e-01
    outer loop
      vertex -3.307007e-03 8.787056e-03 -8.597640e-03
      vertex -2.850762e-03 9.073373e-03 -8.014973e-03
      vertex -2.198753e-03 8.589666e-03 -8.795418e-03
    endloop
  endfacet
  facet normal 6.977138e-02 8.729682e-01 -4.827614e-01
    outer loop
      vertex -2.198753e-03 8.589666e-03 -8.795418e-03
      vertex -2.850762e-03 9.073373e-03 -8.014973e-03
      vertex -1.183741e-03 8.690760e-03 -8.465918e-03
    endloop
  endfacet
  facet normal 7.102856e-02 8.764816e-01 -4.761669e-01
    outer loop
      vertex -1.183741e-03 8.690760e-03 -8.465918e-03
      vertex -1.775442e-03 9.165911e-03 -7.679568e-03
      vertex -4.983460e-04 8.768934e-03 -8.219783e-03
    endloop
  endfacet
  facet normal 8.292434e-02 8.913248e-01 -4.457170e-01
    outer loop
      vertex 1.494015e-03 9.053720e-03 -7.367415e-03
      vertex 1.180761e-03 9.288874e-03 -6.955447e-03
      vertex 1.702451e-03 9.620527e-03 -6.195162e-03
    endloop
  endfacet
  facet normal 6.051019e-02 9.038653e-01 -4.235162e-01
    outer loop
      vertex 3.697194e-03 9.455877e-03 -6.215187e-03
      vertex 3.453332e-03 9.935147e-03 -5.227174e-03
      vertex 4.639445e-03 9.655478e-03 -5.654576e-03
    endloop
  endfacet
  facet normal 5.799830e-02 9.076694e-01 -4.156590e-01
    outer loop
      vertex 4.639445e-03 9.655478e-03 -5.654576e-03
      vertex 4.030598e-03 1.005187e-02 -4.873939e-03
      vertex 5.461206e-03 9.847628e-03 -5.120317e-03
    endloop
  endfacet
  facet normal 4.664010e-02 9.171529e-01 -3.957971e-01
    outer loop
      vertex 6.465924e-03 1.010432e-02 -4.411454e-03
      vertex 5.603946e-03 1.040974e-02 -3.805294e-03
      vertex 7.049829e-03 1.026195e-02 -3.977381e-03
    endloop
  endfacet
  facet normal 5.066968e-02 9.024837e-01 -4.277334e-01
    outer loop
      vertex -6.786578e-04 8.264812e-03 -9.304802e-03
      vertex -1.183741e-03 8.690760e-03 -8.465918e-03
      vertex -4.983460e-04 8.768934e-03 -8.219783e-03
    endloop
  endfacet
  facet normal 3.273317e-02 9.144977e-01 -4.032649e-01
    outer loop
      vertex -5.670982e-03 7.890794e-03 -1.056449e-02
      vertex -5.191881e-03 7.477187e-03 -1.146355e-02
      vertex -6.370371e-03 7.443616e-03 -1.163534e-02
    endloop
  endfacet
  facet normal 1.239968e-02 9.309554e-01 -3.649223e-01
    outer loop
      vertex 1.897156e-03 8.637007e-03 -8.257431e-03
      vertex 2.400690e-03 8.293946e-03 -9.115505e-03
      vertex 6.536455e-04 8.441736e-03 -8.797840e-03
    endloop
  endfacet
  facet normal 2.833638e-03 9.291082e-01 -3.697972e-01
    outer loop
      vertex 2.400690e-03 8.293946e-03 -9.115505e-03
      vertex 1.897156e-03 8.637007e-03 -8.257431e-03
      vertex 3.113855e-03 8.424641e-03 -8.781673e-03
    endloop
  endfacet
  facet normal -1.538083e-02 9.418280e-01 -3.357431e-01
    outer loop
      vertex 8.262660e-04 7.642849e-03 -1.089694e-02
      vertex 5.290499e-04 7.991262e-03 -9.905952e-03
      vertex 1.481831e-03 7.744575e-03 -1.064161e-02
    endloop
  endfacet
  facet normal -7.316968e-02 9.519068e-01 -2.975224e-01
    outer loop
      vertex 6.717617e-03 9.260096e-03 -6.709629e-03
      vertex 7.606036e-03 9.116686e-03 -7.386949e-03
      vertex 6.843871e-03 8.902369e-03 -7.885203e-03
    endloop
  endfacet
  facet normal -7.519166e-02 9.509781e-01 -2.999780e-01
    outer loop
      vertex 6.717617e-03 9.260096e-03 -6.709629e-03
      vertex 8.247665e-03 9.306011e-03 -6.947587e-03
      vertex 7.606036e-03 9.116686e-03 -7.386949e-03
    endloop
  endfacet
  facet normal -1.173448e-01 9.544224e-01 -2.744233e-01
    outer loop
      vertex 1.078503e-02 1.015799e-02 -4.966181e-03
      vertex 1.004694e-02 1.029218e-02 -4.183890e-03
      vertex 1.163147e-02 1.047794e-02 -4.215392e-03
    endloop
  endfacet
  facet normal -1.175658e-01 9.593122e-01 -2.567070e-01
    outer loop
      vertex 1.004694e-02 1.029218e-02 -4.183890e-03
      vertex 1.087026e-02 1.058896e-02 -3.451867e-03
      vertex 1.163147e-02 1.047794e-02 -4.215392e-03
    endloop
  endfacet
  facet normal 1.597361e-02 9.535603e-01 -3.007783e-01
    outer loop
      vertex -6.371857e-03 7.057404e-03 -1.265783e-02
      vertex -5.477246e-03 6.756928e-03 -1.356292e-02
      vertex -6.315196e-03 6.735679e-03 -1.367479e-02
    endloop
  endfacet
  facet normal -2.659254e-02 9.550851e-01 -2.951361e-01
    outer loop
      vertex -1.116521e-03 7.393116e-03 -1.155111e-02
      vertex 3.698193e-04 7.249264e-03 -1.215055e-02
      vertex -1.015924e-03 7.073362e-03 -1.259493e-02
    endloop
  endfacet
  facet normal -3.509810e-02 9.554040e-01 -2.932086e-01
    outer loop
      vertex -1.947117e-04 7.501826e-03 -1.126002e-02
      vertex 1.289559e-03 7.383866e-03 -1.182206e-02
      vertex 3.698193e-04 7.249264e-03 -1.215055e-02
    endloop
  endfacet
  facet normal -6.955921e-02 9.610507e-01 -2.674752e-01
    outer loop
      vertex 4.600399e-03 8.342914e-03 -9.195602e-03
      vertex 5.132183e-03 8.131395e-03 -1.009389e-02
      vertex 3.627439e-03 8.134616e-03 -9.690999e-03
    endloop
  endfacet
  facet normal -1.150892e-01 9.622652e-01 -2.465768e-01
    outer loop
      vertex 7.606036e-03 9.116686e-03 -7.386949e-03
      vertex 8.247665e-03 9.306011e-03 -6.947587e-03
      vertex 8.892372e-03 9.168729e-03 -7.784246e-03
    endloop
  endfacet
  facet normal -1.271811e-01 9.617174e-01 -2.427438e-01
    outer loop
      vertex 8.247665e-03 9.306011e-03 -6.947587e-03
      vertex 9.288996e-03 9.638375e-03 -6.176392e-03
      vertex 9.771873e-03 9.458474e-03 -7.142129e-03
    endloop
  endfacet
  facet normal -1.519301e-01 9.572819e-01 -2.460256e-01
    outer loop
      vertex 1.064627e-02 9.765050e-03 -6.461044e-03
      vertex 9.953812e-03 9.861664e-03 -5.657503e-03
      vertex 1.149970e-02 1.008264e-02 -5.752346e-03
    endloop
  endfacet
  facet normal -6.360579e-04 9.686987e-01 -2.482387e-01
    outer loop
      vertex -4.153683e-03 6.814160e-03 -1.334297e-02
      vertex -4.054630e-03 6.551595e-03 -1.436783e-02
      vertex -5.477246e-03 6.756928e-03 -1.356292e-02
    endloop
  endfacet
  facet normal -4.514668e-02 9.690265e-01 -2.427952e-01
    outer loop
      vertex -1.015924e-03 7.073362e-03 -1.259493e-02
      vertex 3.698193e-04 7.249264e-03 -1.215055e-02
      vertex 3.873825e-04 6.978806e-03 -1.323325e-02
    endloop
  endfacet
  facet normal -5.899763e-02 9.682727e-01 -2.428316e-01
    outer loop
      vertex 3.698193e-04 7.249264e-03 -1.215055e-02
      vertex 1.492297e-03 7.142628e-03 -1.284847e-02
      vertex 3.873825e-04 6.978806e-03 -1.323325e-02
    endloop
  endfacet
  facet normal -7.887496e-02 9.698118e-01 -2.307461e-01
    outer loop
      vertex 2.324862e-03 7.556801e-03 -1.141161e-02
      vertex 3.155741e-03 7.708754e-03 -1.105698e-02
      vertex 3.611655e-03 7.524594e-03 -1.198683e-02
    endloop
  endfacet
  facet normal -8.745578e-02 9.681444e-01 -2.346231e-01
    outer loop
      vertex 3.155741e-03 7.708754e-03 -1.105698e-02
      vertex 4.126957e-03 7.906357e-03 -1.060361e-02
      vertex 3.611655e-03 7.524594e-03 -1.198683e-02
    endloop
  endfacet
  facet normal -1.035324e-01 9.691451e-01 -2.236934e-01
    outer loop
      vertex 5.132183e-03 8.131395e-03 -1.009389e-02
      vertex 5.649993e-03 7.978361e-03 -1.099657e-02
      vertex 4.126957e-03 7.906357e-03 -1.060361e-02
    endloop
  endfacet
  facet normal -1.190323e-01 9.654166e-01 -2.319526e-01
    outer loop
      vertex 5.649993e-03 7.978361e-03 -1.099657e-02
      vertex 5.132183e-03 8.131395e-03 -1.009389e-02
      vertex 6.669928e-03 8.238464e-03 -1.043739e-02
    endloop
  endfacet
  facet normal -1.292146e-01 9.677861e-01 -2.160874e-01
    outer loop
      vertex 6.122260e-03 8.373991e-03 -9.549672e-03
      vertex 7.037053e-03 8.617158e-03 -9.007627e-03
      vertex 7.611550e-03 8.498914e-03 -9.880739e-03
    endloop
  endfacet
  facet normal -1.441848e-01 9.635466e-01 -2.253635e-01
    outer loop
      vertex 7.037053e-03 8.617158e-03 -9.007627e-03
      vertex 8.574492e-03 8.786057e-03 -9.269129e-03
      vertex 7.611550e-03 8.498914e-03 -9.880739e-03
    endloop
  endfacet
  facet normal -1.556937e-01 9.657005e-01 -2.078029e-01
    outer loop
      vertex 7.973377e-03 8.885542e-03 -8.411725e-03
      vertex 8.892372e-03 9.168729e-03 -7.784246e-03
      vertex 9.518699e-03 9.088682e-03 -8.625505e-03
    endloop
  endfacet
  facet normal -1.678262e-01 9.617584e-01 -2.164606e-01
    outer loop
      vertex 8.892372e-03 9.168729e-03 -7.784246e-03
      vertex 9.849318e-03 9.346738e-03 -7.735271e-03
      vertex 9.518699e-03 9.088682e-03 -8.625505e-03
    endloop
  endfacet
  facet normal -1.743359e-01 9.632752e-01 -2.042249e-01
    outer loop
      vertex 9.849318e-03 9.346738e-03 -7.735271e-03
      vertex 9.771873e-03 9.458474e-03 -7.142129e-03
      vertex 1.058963e-02 9.459291e-03 -7.836355e-03
    endloop
  endfacet
  facet normal -1.968719e-01 9.574145e-01 -2.111844e-01
    outer loop
      vertex 1.131827e-02 9.724957e-03 -7.269268e-03
      vertex 1.064627e-02 9.765050e-03 -6.461044e-03
      vertex 1.235968e-02 1.013185e-02 -6.395449e-03
    endloop
  endfacet
  facet normal -2.091462e-01 9.558238e-01 -2.065398e-01
    outer loop
      vertex 1.149970e-02 1.008264e-02 -5.752346e-03
      vertex 1.308234e-02 1.042835e-02 -5.755065e-03
      vertex 1.235968e-02 1.013185e-02 -6.395449e-03
    endloop
  endfacet
  facet normal -6.546046e-02 9.794972e-01 -1.905261e-01
    outer loop
      vertex 3.873825e-04 6.978806e-03 -1.323325e-02
      vertex 7.258274e-04 6.815647e-03 -1.418834e-02
      vertex -7.009598e-04 6.840354e-03 -1.357111e-02
    endloop
  endfacet
  facet normal -7.940605e-02 9.788159e-01 -1.887172e-01
    outer loop
      vertex 1.492297e-03 7.142628e-03 -1.284847e-02
      vertex 1.865550e-03 6.990918e-03 -1.379240e-02
      vertex 3.873825e-04 6.978806e-03 -1.323325e-02
    endloop
  endfacet
  facet normal -1.217612e-01 9.756424e-01 -1.824722e-01
    outer loop
      vertex 4.613676e-03 7.736855e-03 -1.152055e-02
      vertex 5.080853e-03 7.625520e-03 -1.242758e-02
      vertex 3.611655e-03 7.524594e-03 -1.198683e-02
    endloop
  endfacet
  facet normal -2.253354e-01 9.583335e-01 -1.755586e-01
    outer loop
      vertex 1.058963e-02 9.459291e-03 -7.836355e-03
      vertex 1.196067e-02 9.738942e-03 -8.069581e-03
      vertex 1.104280e-02 9.392226e-03 -8.784107e-03
    endloop
  endfacet
  facet normal -4.104958e-02 9.888638e-01 -1.430503e-01
    outer loop
      vertex -3.652386e-03 6.208795e-03 -1.644865e-02
      vertex -3.861471e-03 6.358029e-03 -1.535704e-02
      vertex -2.461956e-03 6.292763e-03 -1.620981e-02
    endloop
  endfacet
  facet normal -1.035361e-01 9.850055e-01 -1.380015e-01
    outer loop
      vertex 1.865550e-03 6.990918e-03 -1.379240e-02
      vertex 2.266140e-03 6.886998e-03 -1.483468e-02
      vertex 7.258274e-04 6.815647e-03 -1.418834e-02
    endloop
  endfacet
  facet normal -1.449944e-01 9.798940e-01 -1.370558e-01
    outer loop
      vertex 4.049568e-03 7.399052e-03 -1.290652e-02
      vertex 4.717914e-03 7.368794e-03 -1.382991e-02
      vertex 3.352358e-03 7.084661e-03 -1.441670e-02
    endloop
  endfacet
  facet normal -1.523488e-01 9.790757e-01 -1.349098e-01
    outer loop
      vertex 5.080853e-03 7.625520e-03 -1.242758e-02
      vertex 5.581007e-03 7.565286e-03 -1.342952e-02
      vertex 4.049568e-03 7.399052e-03 -1.290652e-02
    endloop
  endfacet
  facet normal -1.713711e-01 9.746058e-01 -1.441368e-01
    outer loop
      vertex 5.080853e-03 7.625520e-03 -1.242758e-02
      vertex 6.678043e-03 7.840010e-03 -1.287624e-02
      vertex 5.581007e-03 7.565286e-03 -1.342952e-02
    endloop
  endfacet
  facet normal -1.877539e-01 9.716858e-01 -1.434405e-01
    outer loop
      vertex 6.146680e-03 7.882984e-03 -1.188962e-02
      vertex 7.756187e-03 8.135420e-03 -1.228631e-02
      vertex 6.678043e-03 7.840010e-03 -1.287624e-02
    endloop
  endfacet
  facet normal -2.187691e-01 9.671001e-01 -1.298361e-01
    outer loop
      vertex 9.150065e-03 8.742554e-03 -1.011775e-02
      vertex 9.764648e-03 8.755657e-03 -1.105569e-02
      vertex 8.886555e-03 8.565783e-03 -1.099044e-02
    endloop
  endfacet
  facet normal -2.565967e-01 9.575809e-01 -1.311375e-01
    outer loop
      vertex 1.104280e-02 9.392226e-03 -8.784107e-03
      vertex 1.170545e-02 9.446108e-03 -9.687259e-03
      vertex 1.075769e-02 9.097433e-03 -1.037884e-02
    endloop
  endfacet
  facet normal -2.649238e-01 9.562999e-01 -1.237172e-01
    outer loop
      vertex 1.104280e-02 9.392226e-03 -8.784107e-03
      vertex 1.196067e-02 9.738942e-03 -8.069581e-03
      vertex 1.264540e-02 9.814143e-03 -8.954553e-03
    endloop
  endfacet
  facet normal -2.810364e-01 9.499075e-01 -1.367271e-01
    outer loop
      vertex 1.196067e-02 9.738942e-03 -8.069581e-03
      vertex 1.356080e-02 1.019462e-02 -8.192774e-03
      vertex 1.264540e-02 9.814143e-03 -8.954553e-03
    endloop
  endfacet
  facet normal -2.902845e-01 9.488335e-01 -1.242979e-01
    outer loop
      vertex 1.376434e-02 1.048410e-02 -6.519983e-03
      vertex 1.384290e-02 1.040825e-02 -7.282395e-03
      vertex 1.265955e-02 1.001915e-02 -7.489050e-03
    endloop
  endfacet
  facet normal -3.421663e-02 9.956795e-01 -8.632258e-02
    outer loop
      vertex -4.851448e-03 6.150391e-03 -1.664702e-02
      vertex -3.652386e-03 6.208795e-03 -1.644865e-02
      vertex -4.696589e-03 6.066947e-03 -1.767088e-02
    endloop
  endfacet
  facet normal -9.375484e-02 9.917689e-01 -8.720343e-02
    outer loop
      vertex -7.059807e-05 6.540570e-03 -1.560141e-02
      vertex 2.262663e-04 6.481250e-03 -1.659522e-02
      vertex -2.268031e-04 6.427559e-03 -1.671874e-02
    endloop
  endfacet
  facet normal -1.111701e-01 9.895086e-01 -9.227069e-02
    outer loop
      vertex 2.262663e-04 6.481250e-03 -1.659522e-02
      vertex -7.059807e-05 6.540570e-03 -1.560141e-02
      vertex 1.419455e-03 6.649673e-03 -1.622664e-02
    endloop
  endfacet
  facet normal -1.857523e-01 9.780376e-01 -9.454337e-02
    outer loop
      vertex 4.943281e-03 7.311015e-03 -1.487042e-02
      vertex 4.717914e-03 7.368794e-03 -1.382991e-02
      vertex 6.033234e-03 7.566897e-03 -1.436482e-02
    endloop
  endfacet
  facet normal -2.543063e-01 9.633435e-01 -8.542564e-02
    outer loop
      vertex 8.750018e-03 8.430711e-03 -1.169962e-02
      vertex 9.764648e-03 8.755657e-03 -1.105569e-02
      vertex 1.031880e-02 8.824259e-03 -1.193175e-02
    endloop
  endfacet
  facet normal -2.898005e-01 9.520848e-01 -9.772508e-02
    outer loop
      vertex 1.075769e-02 9.097433e-03 -1.037884e-02
      vertex 1.230219e-02 9.551931e-03 -1.053107e-02
      vertex 1.133404e-02 9.184598e-03 -1.123879e-02
    endloop
  endfacet
  facet normal -3.061040e-01 9.469699e-01 -9.771555e-02
    outer loop
      vertex 1.170545e-02 9.446108e-03 -9.687259e-03
      vertex 1.290186e-02 9.794110e-03 -1.006260e-02
      vertex 1.230219e-02 9.551931e-03 -1.053107e-02
    endloop
  endfacet
  facet normal -3.121723e-01 9.458143e-01 -8.935144e-02
    outer loop
      vertex 1.264540e-02 9.814143e-03 -8.954553e-03
      vertex 1.326165e-02 9.939418e-03 -9.781511e-03
      vertex 1.290186e-02 9.794110e-03 -1.006260e-02
    endloop
  endfacet
  facet normal -3.703282e-01 9.279409e-01 -4.222159e-02
    outer loop
      vertex 1.505151e-02 1.069663e-02 -8.668571e-03
      vertex 1.518155e-02 1.069731e-02 -9.794180e-03
      vertex 1.419542e-02 1.033979e-02 -9.002391e-03
    endloop
  endfacet
  facet normal -3.567972e-01 9.307560e-01 -7.993158e-02
    outer loop
      vertex 1.475559e-02 1.069345e-02 -7.384724e-03
      vertex 1.505151e-02 1.069663e-02 -8.668571e-03
      vertex 1.419542e-02 1.033979e-02 -9.002391e-03
    endloop
  endfacet
  facet normal -2.863655e-01 9.531461e-01 -9.750571e-02
    outer loop
      vertex 1.376434e-02 1.048410e-02 -6.519983e-03
      vertex 1.453875e-02 1.069184e-02 -6.763631e-03
      vertex 1.475559e-02 1.069345e-02 -7.384724e-03
    endloop
  endfacet
  facet normal -2.954067e-01 9.461838e-01 -1.321786e-01
    outer loop
      vertex 1.376434e-02 1.048410e-02 -6.519983e-03
      vertex 1.417803e-02 1.069051e-02 -5.966921e-03
      vertex 1.453875e-02 1.069184e-02 -6.763631e-03
    endloop
  endfacet
  facet normal -2.590872e-01 9.522382e-01 -1.616051e-01
    outer loop
      vertex 1.417803e-02 1.069051e-02 -5.966921e-03
      vertex 1.376434e-02 1.048410e-02 -6.519983e-03
      vertex 1.308234e-02 1.042835e-02 -5.755065e-03
    endloop
  endfacet
  facet normal -2.612783e-01 9.488790e-01 -1.770941e-01
    outer loop
      vertex 1.332533e-02 1.069298e-02 -4.695683e-03
      vertex 1.417803e-02 1.069051e-02 -5.966921e-03
      vertex 1.308234e-02 1.042835e-02 -5.755065e-03
    endloop
  endfacet
  facet normal -2.037066e-01 9.571230e-01 -2.059590e-01
    outer loop
      vertex 1.286051e-02 1.069710e-02 -4.216782e-03
      vertex 1.332533e-02 1.069298e-02 -4.695683e-03
      vertex 1.212390e-02 1.032891e-02 -5.199272e-03
    endloop
  endfacet
  facet normal -1.487400e-01 9.563860e-01 -2.514006e-01
    outer loop
      vertex 1.163147e-02 1.047794e-02 -4.215392e-03
      vertex 1.177323e-02 1.071231e-02 -3.407660e-03
      vertex 1.234156e-02 1.070328e-02 -3.778249e-03
    endloop
  endfacet
  facet normal -1.166632e-01 9.535718e-01 -2.776520e-01
    outer loop
      vertex 1.101374e-02 1.072919e-02 -3.030543e-03
      vertex 1.177323e-02 1.071231e-02 -3.407660e-03
      vertex 1.087026e-02 1.058896e-02 -3.451867e-03
    endloop
  endfacet
  facet normal -7.324376e-02 9.534842e-01 -2.924095e-01
    outer loop
      vertex 1.022062e-02 1.075301e-02 -2.754209e-03
      vertex 1.101374e-02 1.072919e-02 -3.030543e-03
      vertex 1.087026e-02 1.058896e-02 -3.451867e-03
    endloop
  endfacet
  facet normal 7.995461e-02 9.116409e-01 -4.031354e-01
    outer loop
      vertex 6.311289e-03 1.095342e-02 -2.451710e-03
      vertex 7.114212e-03 1.090049e-02 -2.412165e-03
      vertex 6.355921e-03 1.060021e-02 -3.241612e-03
    endloop
  endfacet
  facet normal 1.086830e-01 9.097542e-01 -4.006685e-01
    outer loop
      vertex 5.184142e-03 1.103981e-02 -2.561300e-03
      vertex 6.311289e-03 1.095342e-02 -2.451710e-03
      vertex 6.355921e-03 1.060021e-02 -3.241612e-03
    endloop
  endfacet
  facet normal 1.463974e-01 8.847906e-01 -4.423950e-01
    outer loop
      vertex 3.831076e-03 1.116399e-02 -2.760706e-03
      vertex 5.184142e-03 1.103981e-02 -2.561300e-03
      vertex 4.931639e-03 1.082361e-02 -3.077264e-03
    endloop
  endfacet
  facet normal 1.744397e-01 8.519340e-01 -4.937400e-01
    outer loop
      vertex 2.843950e-03 1.097620e-02 -3.433475e-03
      vertex 2.978520e-03 1.125184e-02 -2.910333e-03
      vertex 3.831076e-03 1.116399e-02 -2.760706e-03
    endloop
  endfacet
  facet normal 1.884874e-01 8.480295e-01 -4.952964e-01
    outer loop
      vertex 2.120753e-03 1.134732e-02 -3.073272e-03
      vertex 2.978520e-03 1.125184e-02 -2.910333e-03
      vertex 2.843950e-03 1.097620e-02 -3.433475e-03
    endloop
  endfacet
  facet normal 2.010733e-01 8.367141e-01 -5.093908e-01
    outer loop
      vertex 1.265233e-03 1.144951e-02 -3.243126e-03
      vertex 2.120753e-03 1.134732e-02 -3.073272e-03
      vertex 2.133601e-03 1.085385e-02 -3.878765e-03
    endloop
  endfacet
  facet normal 2.196593e-01 7.932540e-01 -5.678890e-01
    outer loop
      vertex -4.092246e-04 1.167023e-02 -3.578000e-03
      vertex 6.308734e-04 1.153047e-02 -3.370907e-03
      vertex 1.008806e-04 1.121456e-02 -4.017182e-03
    endloop
  endfacet
  facet normal 2.236728e-01 7.813921e-01 -5.825778e-01
    outer loop
      vertex -1.213242e-03 1.178688e-02 -3.730228e-03
      vertex -4.092246e-04 1.167023e-02 -3.578000e-03
      vertex -6.043167e-04 1.113308e-02 -4.373362e-03
    endloop
  endfacet
  facet normal 2.184122e-01 7.391491e-01 -6.371457e-01
    outer loop
      vertex -3.144317e-03 1.209554e-02 -4.044643e-03
      vertex -2.288129e-03 1.195440e-02 -3.914881e-03
      vertex -2.460650e-03 1.167177e-02 -4.301891e-03
    endloop
  endfacet
  facet normal 2.114354e-01 7.259874e-01 -6.543985e-01
    outer loop
      vertex -3.807343e-03 1.220915e-02 -4.132821e-03
      vertex -3.144317e-03 1.209554e-02 -4.044643e-03
      vertex -3.195770e-03 1.163425e-02 -4.573018e-03
    endloop
  endfacet
  facet normal 1.549594e-01 6.734455e-01 -7.228131e-01
    outer loop
      vertex -5.556104e-03 1.227140e-02 -4.524469e-03
      vertex -6.318268e-03 1.268150e-02 -4.305770e-03
      vertex -5.492004e-03 1.251933e-02 -4.279731e-03
    endloop
  endfacet
  facet normal 1.263560e-01 6.620337e-01 -7.387459e-01
    outer loop
      vertex -7.189477e-03 1.285941e-02 -4.295347e-03
      vertex -6.318268e-03 1.268150e-02 -4.305770e-03
      vertex -6.859202e-03 1.225645e-02 -4.779207e-03
    endloop
  endfacet
  facet normal 8.753671e-02 6.348779e-01 -7.676375e-01
    outer loop
      vertex -8.035400e-03 1.303859e-02 -4.243621e-03
      vertex -7.189477e-03 1.285941e-02 -4.295347e-03
      vertex -8.178003e-03 1.267916e-02 -4.557149e-03
    endloop
  endfacet
  facet normal -5.739901e-02 9.979134e-01 -2.956775e-02
    outer loop
      vertex -3.461156e-03 6.129013e-03 -1.746665e-02
      vertex -2.858997e-03 6.135129e-03 -1.842919e-02
      vertex -3.858072e-03 6.072279e-03 -1.861089e-02
    endloop
  endfacet
  facet normal -1.988478e-01 9.791356e-01 -4.186853e-02
    outer loop
      vertex 4.943281e-03 7.311015e-03 -1.487042e-02
      vertex 5.321807e-03 7.345559e-03 -1.586033e-02
      vertex 4.584862e-03 7.182325e-03 -1.617770e-02
    endloop
  endfacet
  facet normal 7.211880e-02 7.216871e-01 -6.884523e-01
    outer loop
      vertex -7.956129e-03 1.094330e-02 -6.223594e-03
      vertex -8.124176e-03 1.166635e-02 -5.483245e-03
      vertex -7.416451e-03 1.148151e-02 -5.602871e-03
    endloop
  endfacet
  facet normal 6.677394e-02 7.557601e-01 -6.514353e-01
    outer loop
      vertex -7.862488e-03 1.039474e-02 -6.850407e-03
      vertex -7.956129e-03 1.094330e-02 -6.223594e-03
      vertex -7.316903e-03 1.075421e-02 -6.377446e-03
    endloop
  endfacet
  facet normal 6.056324e-02 7.767327e-01 -6.269118e-01
    outer loop
      vertex -8.144938e-03 1.013534e-02 -7.199080e-03
      vertex -7.862488e-03 1.039474e-02 -6.850407e-03
      vertex -6.844920e-03 1.007427e-02 -7.149160e-03
    endloop
  endfacet
  facet normal 6.053394e-02 7.925265e-01 -6.068256e-01
    outer loop
      vertex -7.790230e-03 9.741526e-03 -7.678031e-03
      vertex -8.144938e-03 1.013534e-02 -7.199080e-03
      vertex -6.844920e-03 1.007427e-02 -7.149160e-03
    endloop
  endfacet
  facet normal 5.309526e-02 8.111532e-01 -5.824185e-01
    outer loop
      vertex -7.753029e-03 9.433150e-03 -8.104124e-03
      vertex -7.790230e-03 9.741526e-03 -7.678031e-03
      vertex -7.115161e-03 9.482915e-03 -7.976665e-03
    endloop
  endfacet
  facet normal 4.740088e-02 8.270493e-01 -5.601274e-01
    outer loop
      vertex -7.715146e-03 9.137101e-03 -8.538046e-03
      vertex -7.753029e-03 9.433150e-03 -8.104124e-03
      vertex -7.115161e-03 9.482915e-03 -7.976665e-03
    endloop
  endfacet
  facet normal 4.727645e-02 8.422970e-01 -5.369365e-01
    outer loop
      vertex -7.676602e-03 8.853506e-03 -8.979530e-03
      vertex -7.715146e-03 9.137101e-03 -8.538046e-03
      vertex -6.975232e-03 8.887756e-03 -8.864047e-03
    endloop
  endfacet
  facet normal 4.274359e-02 8.568846e-01 -5.137332e-01
    outer loop
      vertex -7.637423e-03 8.582495e-03 -9.428306e-03
      vertex -7.676602e-03 8.853506e-03 -8.979530e-03
      vertex -6.975232e-03 8.887756e-03 -8.864047e-03
    endloop
  endfacet
  facet normal 4.096250e-02 8.708098e-01 -4.899105e-01
    outer loop
      vertex -7.597631e-03 8.324193e-03 -9.884107e-03
      vertex -7.637423e-03 8.582495e-03 -9.428306e-03
      vertex -6.922646e-03 8.347502e-03 -9.786239e-03
    endloop
  endfacet
  facet normal 3.702431e-02 8.840598e-01 -4.659049e-01
    outer loop
      vertex -7.557249e-03 8.078732e-03 -1.034666e-02
      vertex -7.597631e-03 8.324193e-03 -9.884107e-03
      vertex -6.922646e-03 8.347502e-03 -9.786239e-03
    endloop
  endfacet
  facet normal 3.054789e-02 9.197220e-01 -3.913798e-01
    outer loop
      vertex -7.432800e-03 7.420669e-03 -1.177219e-02
      vertex -7.474810e-03 7.626841e-03 -1.129097e-02
      vertex -6.370371e-03 7.443616e-03 -1.163534e-02
    endloop
  endfacet
  facet normal 2.705438e-02 9.302147e-01 -3.660174e-01
    outer loop
      vertex -7.390295e-03 7.227849e-03 -1.225909e-02
      vertex -7.432800e-03 7.420669e-03 -1.177219e-02
      vertex -6.370371e-03 7.443616e-03 -1.163534e-02
    endloop
  endfacet
  facet normal 2.407659e-02 9.400022e-01 -3.403178e-01
    outer loop
      vertex -7.347317e-03 7.048511e-03 -1.275140e-02
      vertex -7.390295e-03 7.227849e-03 -1.225909e-02
      vertex -6.371857e-03 7.057404e-03 -1.265783e-02
    endloop
  endfacet
  facet normal 2.149864e-02 9.490781e-01 -3.143064e-01
    outer loop
      vertex -7.303890e-03 6.882783e-03 -1.324886e-02
      vertex -7.347317e-03 7.048511e-03 -1.275140e-02
      vertex -6.371857e-03 7.057404e-03 -1.265783e-02
    endloop
  endfacet
  facet normal 1.616148e-02 9.650603e-01 -2.615291e-01
    outer loop
      vertex -7.215783e-03 6.592669e-03 -1.425815e-02
      vertex -7.260037e-03 6.730793e-03 -1.375120e-02
      vertex -6.315196e-03 6.735679e-03 -1.367479e-02
    endloop
  endfacet
  facet normal 1.832063e-02 9.733081e-01 -2.287698e-01
    outer loop
      vertex -7.416529e-03 6.460202e-03 -1.483782e-02
      vertex -7.215783e-03 6.592669e-03 -1.425815e-02
      vertex -6.545668e-03 6.471180e-03 -1.472137e-02
    endloop
  endfacet
  facet normal 1.600977e-02 9.771706e-01 -2.118519e-01
    outer loop
      vertex -7.126162e-03 6.358536e-03 -1.528481e-02
      vertex -7.416529e-03 6.460202e-03 -1.483782e-02
      vertex -6.545668e-03 6.471180e-03 -1.472137e-02
    endloop
  endfacet
  facet normal -1.505341e-03 9.975167e-01 -7.041377e-02
    outer loop
      vertex -6.896711e-03 6.024854e-03 -1.791335e-02
      vertex -6.943124e-03 6.062317e-03 -1.738164e-02
      vertex -5.977873e-03 6.031593e-03 -1.783752e-02
    endloop
  endfacet
  facet normal -4.510343e-03 9.994059e-01 -3.416822e-02
    outer loop
      vertex -6.736956e-03 5.999598e-03 -1.867318e-02
      vertex -6.896711e-03 6.024854e-03 -1.791335e-02
      vertex -5.977873e-03 6.031593e-03 -1.783752e-02
    endloop
  endfacet
  facet normal 9.787665e-02 6.549258e-01 -7.493279e-01
    outer loop
      vertex -7.570486e-03 1.223730e-02 -4.888849e-03
      vertex -7.189477e-03 1.285941e-02 -4.295347e-03
      vertex -6.859202e-03 1.225645e-02 -4.779207e-03
    endloop
  endfacet
  facet normal 5.906621e-02 6.918703e-01 -7.196017e-01
    outer loop
      vertex -7.416451e-03 1.148151e-02 -5.602871e-03
      vertex -8.124176e-03 1.166635e-02 -5.483245e-03
      vertex -7.570486e-03 1.223730e-02 -4.888849e-03
    endloop
  endfacet
  facet normal 1.224792e-01 6.648625e-01 -7.368560e-01
    outer loop
      vertex -6.859202e-03 1.225645e-02 -4.779207e-03
      vertex -6.318268e-03 1.268150e-02 -4.305770e-03
      vertex -6.225863e-03 1.225432e-02 -4.675849e-03
    endloop
  endfacet
  facet normal 1.748864e-01 7.048535e-01 -6.874564e-01
    outer loop
      vertex -4.584638e-03 1.155122e-02 -5.033793e-03
      vertex -4.631763e-03 1.235742e-02 -4.219180e-03
      vertex -3.889120e-03 1.158279e-02 -4.824487e-03
    endloop
  endfacet
  facet normal 1.766008e-01 6.679679e-01 -7.229323e-01
    outer loop
      vertex -5.556104e-03 1.227140e-02 -4.524469e-03
      vertex -5.492004e-03 1.251933e-02 -4.279731e-03
      vertex -4.631763e-03 1.235742e-02 -4.219180e-03
    endloop
  endfacet
  facet normal 5.269316e-02 7.313615e-01 -6.799513e-01
    outer loop
      vertex -7.956129e-03 1.094330e-02 -6.223594e-03
      vertex -7.416451e-03 1.148151e-02 -5.602871e-03
      vertex -7.316903e-03 1.075421e-02 -6.377446e-03
    endloop
  endfacet
  facet normal 1.902860e-01 7.163911e-01 -6.712488e-01
    outer loop
      vertex -3.889120e-03 1.158279e-02 -4.824487e-03
      vertex -3.807343e-03 1.220915e-02 -4.132821e-03
      vertex -3.195770e-03 1.163425e-02 -4.573018e-03
    endloop
  endfacet
  facet normal 2.044446e-01 7.274504e-01 -6.549949e-01
    outer loop
      vertex -3.195770e-03 1.163425e-02 -4.573018e-03
      vertex -3.144317e-03 1.209554e-02 -4.044643e-03
      vertex -2.460650e-03 1.167177e-02 -4.301891e-03
    endloop
  endfacet
  facet normal 2.035729e-01 7.736728e-01 -5.999904e-01
    outer loop
      vertex -2.460650e-03 1.167177e-02 -4.301891e-03
      vertex -1.213242e-03 1.178688e-02 -3.730228e-03
      vertex -1.369090e-03 1.105469e-02 -4.727240e-03
    endloop
  endfacet
  facet normal 2.243996e-01 7.366337e-01 -6.379778e-01
    outer loop
      vertex -1.213242e-03 1.178688e-02 -3.730228e-03
      vertex -2.460650e-03 1.167177e-02 -4.301891e-03
      vertex -2.288129e-03 1.195440e-02 -3.914881e-03
    endloop
  endfacet
  facet normal 5.245391e-02 7.649751e-01 -6.419203e-01
    outer loop
      vertex -7.862488e-03 1.039474e-02 -6.850407e-03
      vertex -7.316903e-03 1.075421e-02 -6.377446e-03
      vertex -6.844920e-03 1.007427e-02 -7.149160e-03
    endloop
  endfacet
  facet normal 2.027942e-01 7.877038e-01 -5.817192e-01
    outer loop
      vertex -6.043167e-04 1.113308e-02 -4.373362e-03
      vertex -4.092246e-04 1.167023e-02 -3.578000e-03
      vertex 1.008806e-04 1.121456e-02 -4.017182e-03
    endloop
  endfacet
  facet normal 1.810352e-01 8.259014e-01 -5.339598e-01
    outer loop
      vertex 1.370077e-03 1.073354e-02 -4.323729e-03
      vertex 8.364862e-04 1.130903e-02 -3.614499e-03
      vertex 2.133601e-03 1.085385e-02 -3.878765e-03
    endloop
  endfacet
  facet normal 2.029642e-01 8.037237e-01 -5.593155e-01
    outer loop
      vertex 1.008806e-04 1.121456e-02 -4.017182e-03
      vertex 6.308734e-04 1.153047e-02 -3.370907e-03
      vertex 8.364862e-04 1.130903e-02 -3.614499e-03
    endloop
  endfacet
  facet normal 4.460511e-02 8.285841e-01 -5.580848e-01
    outer loop
      vertex -7.715146e-03 9.137101e-03 -8.538046e-03
      vertex -7.115161e-03 9.482915e-03 -7.976665e-03
      vertex -6.794867e-03 9.186382e-03 -8.391325e-03
    endloop
  endfacet
  facet normal 4.205226e-02 8.373663e-01 -5.450223e-01
    outer loop
      vertex -7.715146e-03 9.137101e-03 -8.538046e-03
      vertex -6.794867e-03 9.186382e-03 -8.391325e-03
      vertex -6.975232e-03 8.887756e-03 -8.864047e-03
    endloop
  endfacet
  facet normal 1.372932e-01 8.752457e-01 -4.637838e-01
    outer loop
      vertex 4.367317e-03 1.069979e-02 -3.477991e-03
      vertex 3.831076e-03 1.116399e-02 -2.760706e-03
      vertex 4.931639e-03 1.082361e-02 -3.077264e-03
    endloop
  endfacet
  facet normal 3.145419e-02 8.631912e-01 -5.038963e-01
    outer loop
      vertex -7.637423e-03 8.582495e-03 -9.428306e-03
      vertex -6.975232e-03 8.887756e-03 -8.864047e-03
      vertex -6.922646e-03 8.347502e-03 -9.786239e-03
    endloop
  endfacet
  facet normal 2.137412e-02 8.918120e-01 -4.519011e-01
    outer loop
      vertex -7.557249e-03 8.078732e-03 -1.034666e-02
      vertex -6.922646e-03 8.347502e-03 -9.786239e-03
      vertex -7.162100e-03 7.855045e-03 -1.076941e-02
    endloop
  endfacet
  facet normal 2.170261e-02 9.313785e-01 -3.634049e-01
    outer loop
      vertex 7.826739e-03 1.048547e-02 -3.362345e-03
      vertex 7.972216e-03 1.085112e-02 -2.416539e-03
      vertex 8.838163e-03 1.080798e-02 -2.475373e-03
    endloop
  endfacet
  facet normal 2.261769e-02 9.108590e-01 -4.120976e-01
    outer loop
      vertex -7.474810e-03 7.626841e-03 -1.129097e-02
      vertex -7.162100e-03 7.855045e-03 -1.076941e-02
      vertex -6.370371e-03 7.443616e-03 -1.163534e-02
    endloop
  endfacet
  facet normal -6.093639e-02 9.521461e-01 -2.995071e-01
    outer loop
      vertex 1.022062e-02 1.075301e-02 -2.754209e-03
      vertex 1.004694e-02 1.029218e-02 -4.183890e-03
      vertex 9.077054e-03 1.039824e-02 -3.649377e-03
    endloop
  endfacet
  facet normal 1.820508e-02 9.353269e-01 -3.533159e-01
    outer loop
      vertex -7.390295e-03 7.227849e-03 -1.225909e-02
      vertex -6.370371e-03 7.443616e-03 -1.163534e-02
      vertex -6.371857e-03 7.057404e-03 -1.265783e-02
    endloop
  endfacet
  facet normal 1.221299e-02 9.535507e-01 -3.009848e-01
    outer loop
      vertex -7.303890e-03 6.882783e-03 -1.324886e-02
      vertex -6.371857e-03 7.057404e-03 -1.265783e-02
      vertex -6.315196e-03 6.735679e-03 -1.367479e-02
    endloop
  endfacet
  facet normal 7.264347e-03 9.685653e-01 -2.486532e-01
    outer loop
      vertex -7.215783e-03 6.592669e-03 -1.425815e-02
      vertex -6.315196e-03 6.735679e-03 -1.367479e-02
      vertex -5.955712e-03 6.596611e-03 -1.420599e-02
    endloop
  endfacet
  facet normal -6.558844e-02 9.972434e-01 -3.469526e-02
    outer loop
      vertex -2.858997e-03 6.135129e-03 -1.842919e-02
      vertex -3.461156e-03 6.129013e-03 -1.746665e-02
      vertex -2.235026e-03 6.218206e-03 -1.722087e-02
    endloop
  endfacet
  facet normal -1.275778e-01 9.910277e-01 -3.984909e-02
    outer loop
      vertex 2.262663e-04 6.481250e-03 -1.659522e-02
      vertex 1.419455e-03 6.649673e-03 -1.622664e-02
      vertex 9.739418e-04 6.542031e-03 -1.747733e-02
    endloop
  endfacet
  facet normal -1.481949e-01 9.880937e-01 -4.134047e-02
    outer loop
      vertex 2.106572e-03 6.715649e-03 -1.711287e-02
      vertex 1.419455e-03 6.649673e-03 -1.622664e-02
      vertex 2.629287e-03 6.848670e-03 -1.580727e-02
    endloop
  endfacet
  facet normal -2.273711e-01 9.726632e-01 -4.720784e-02
    outer loop
      vertex 6.766086e-03 7.698450e-03 -1.518403e-02
      vertex 6.033234e-03 7.566897e-03 -1.436482e-02
      vertex 7.158123e-03 7.857393e-03 -1.379738e-02
    endloop
  endfacet
  facet normal -3.394420e-01 9.392408e-01 -5.104749e-02
    outer loop
      vertex 1.337931e-02 9.914587e-03 -1.102078e-02
      vertex 1.290186e-02 9.794110e-03 -1.006260e-02
      vertex 1.326165e-02 9.939418e-03 -9.781511e-03
    endloop
  endfacet
  facet normal -3.307485e-01 9.393379e-01 -9.082805e-02
    outer loop
      vertex 1.475559e-02 1.069345e-02 -7.384724e-03
      vertex 1.419542e-02 1.033979e-02 -9.002391e-03
      vertex 1.356080e-02 1.019462e-02 -8.192774e-03
    endloop
  endfacet
  facet normal 7.615126e-02 6.634600e-01 -7.443264e-01
    outer loop
      vertex -8.178003e-03 1.267916e-02 -4.557149e-03
      vertex -7.189477e-03 1.285941e-02 -4.295347e-03
      vertex -7.570486e-03 1.223730e-02 -4.888849e-03
    endloop
  endfacet
  facet normal 2.150756e-01 9.763129e-01 2.357080e-02
    outer loop
      vertex -9.040403e-03 1.320422e-02 -1.787346e-03
      vertex -8.122490e-03 1.300522e-02 -1.920434e-03
      vertex -7.862612e-03 1.297306e-02 -2.959420e-03
    endloop
  endfacet
  facet normal 2.613763e-01 9.648629e-01 2.686984e-02
    outer loop
      vertex -1.284675e-02 1.411146e-02 -8.103684e-04
      vertex -1.283221e-02 1.415394e-02 -2.477044e-03
      vertex -1.385058e-02 1.440694e-02 -1.655935e-03
    endloop
  endfacet
  facet normal 2.604343e-01 9.650836e-01 2.806532e-02
    outer loop
      vertex -1.385058e-02 1.440694e-02 -1.655935e-03
      vertex -1.382753e-02 1.435487e-02 -7.915263e-05
      vertex -1.284675e-02 1.411146e-02 -8.103684e-04
    endloop
  endfacet
  facet normal 2.856869e-01 9.577942e-01 3.183177e-02
    outer loop
      vertex -1.567596e-02 1.488426e-02 -1.896437e-04
      vertex -1.485398e-02 1.471624e-02 -2.511364e-03
      vertex -1.646367e-02 1.514837e-02 -1.066863e-03
    endloop
  endfacet
  facet normal 1.928052e-01 9.810330e-01 2.001055e-02
    outer loop
      vertex -5.492004e-03 1.251933e-02 -4.279731e-03
      vertex -6.534993e-03 1.270354e-02 -3.261755e-03
      vertex -5.776942e-03 1.254308e-02 -2.698775e-03
    endloop
  endfacet
  facet normal 1.847205e-01 9.826164e-01 1.852964e-02
    outer loop
      vertex -5.492004e-03 1.251933e-02 -4.279731e-03
      vertex -5.776942e-03 1.254308e-02 -2.698775e-03
      vertex -4.876545e-03 1.237683e-02 -2.858809e-03
    endloop
  endfacet
  facet normal 1.757781e-01 9.842676e-01 1.787158e-02
    outer loop
      vertex -4.098653e-03 1.225245e-02 -3.659696e-03
      vertex -4.876545e-03 1.237683e-02 -2.858809e-03
      vertex -4.082222e-03 1.223005e-02 -2.587856e-03
    endloop
  endfacet
  facet normal 8.356629e-02 9.964847e-01 5.913431e-03
    outer loop
      vertex 5.184142e-03 1.103981e-02 -2.561300e-03
      vertex 4.338313e-03 1.110506e-02 -1.603703e-03
      vertex 5.495963e-03 1.100870e-02 -1.724977e-03
    endloop
  endfacet
  facet normal 7.117350e-02 9.974560e-01 3.982615e-03
    outer loop
      vertex 6.311289e-03 1.095342e-02 -2.451710e-03
      vertex 5.495963e-03 1.100870e-02 -1.724977e-03
      vertex 6.995877e-03 1.089981e-02 -1.259539e-03
    endloop
  endfacet
  facet normal 2.906829e-01 9.562777e-01 3.219225e-02
    outer loop
      vertex -1.522007e-02 1.486273e-02 -3.893382e-03
      vertex -1.695735e-02 1.539056e-02 -3.885717e-03
      vertex -1.614687e-02 1.509752e-02 -2.499323e-03
    endloop
  endfacet
  facet normal 3.350118e-02 9.994284e-01 4.526485e-03
    outer loop
      vertex 1.026246e-02 1.074179e-02 -2.837436e-04
      vertex 9.609628e-03 1.076919e-02 -1.502476e-03
      vertex 9.444373e-03 1.076903e-02 -2.444488e-04
    endloop
  endfacet
  facet normal 9.431052e-02 9.954989e-01 9.354006e-03
    outer loop
      vertex 4.338313e-03 1.110506e-02 -1.603703e-03
      vertex 3.831076e-03 1.116399e-02 -2.760706e-03
      vertex 3.459356e-03 1.118927e-02 -1.703405e-03
    endloop
  endfacet
  facet normal 1.051994e-01 9.944044e-01 9.640949e-03
    outer loop
      vertex 3.459356e-03 1.118927e-02 -1.703405e-03
      vertex 2.978520e-03 1.125184e-02 -2.910333e-03
      vertex 2.192821e-03 1.132701e-02 -2.090272e-03
    endloop
  endfacet
  facet normal 1.302462e-01 9.913843e-01 1.389431e-02
    outer loop
      vertex 6.476690e-04 1.151277e-02 -2.265476e-03
      vertex 6.308734e-04 1.153047e-02 -3.370907e-03
      vertex -5.000890e-04 1.166245e-02 -2.185859e-03
    endloop
  endfacet
  facet normal 1.730927e-01 9.846980e-01 2.021648e-02
    outer loop
      vertex -3.716921e-03 1.213127e-02 -6.033300e-04
      vertex -5.022706e-03 1.236554e-02 -8.341453e-04
      vertex -4.766060e-03 1.229826e-02 2.458294e-04
    endloop
  endfacet
  facet normal 3.199111e-02 9.994845e-01 2.700436e-03
    outer loop
      vertex 1.084618e-02 1.073057e-02 -1.858181e-03
      vertex 1.022062e-02 1.075301e-02 -2.754209e-03
      vertex 9.609628e-03 1.076919e-02 -1.502476e-03
    endloop
  endfacet
  facet normal -7.032652e-01 7.070903e-01 -7.376504e-02
    outer loop
      vertex -2.649633e-02 9.704494e-03 -2.631545e-02
      vertex -2.686502e-02 9.223147e-03 -2.741441e-02
      vertex -2.713932e-02 9.126478e-03 -2.572596e-02
    endloop
  endfacet
  facet normal -7.032645e-01 7.070909e-01 -7.376669e-02
    outer loop
      vertex -2.982697e-02 7.615738e-03 -1.458402e-02
      vertex -2.916520e-02 8.361746e-03 -1.374224e-02
      vertex -2.926343e-02 8.052094e-03 -1.577389e-02
    endloop
  endfacet
  facet normal -7.032646e-01 7.070910e-01 -7.376538e-02
    outer loop
      vertex -2.979727e-02 7.796123e-03 -1.313808e-02
      vertex -2.929728e-02 8.376122e-03 -1.234521e-02
      vertex -2.916520e-02 8.361746e-03 -1.374224e-02
    endloop
  endfacet
  facet normal -7.032651e-01 7.070904e-01 -7.376590e-02
    outer loop
      vertex -2.996490e-02 7.264150e-03 -1.663913e-02
      vertex -3.025820e-02 7.264113e-03 -1.384330e-02
      vertex -2.982697e-02 7.615738e-03 -1.458402e-02
    endloop
  endfacet
  facet normal -7.032660e-01 7.070893e-01 -7.376711e-02
    outer loop
      vertex -2.806664e-02 8.179874e-03 -2.595892e-02
      vertex -2.845372e-02 7.891089e-03 -2.503681e-02
      vertex -2.780688e-02 8.492222e-03 -2.544133e-02
    endloop
  endfacet
  facet normal -7.032645e-01 7.070910e-01 -7.376583e-02
    outer loop
      vertex -2.755510e-02 9.130274e-03 -2.172571e-02
      vertex -2.705303e-02 9.731263e-03 -2.075142e-02
      vertex -2.694528e-02 9.726082e-03 -2.182833e-02
    endloop
  endfacet
  facet normal -7.032635e-01 7.070918e-01 -7.376673e-02
    outer loop
      vertex -2.713932e-02 9.126478e-03 -2.572596e-02
      vertex -2.764516e-02 8.505803e-03 -2.685294e-02
      vertex -2.780688e-02 8.492222e-03 -2.544133e-02
    endloop
  endfacet
  facet normal -2.428466e-05 1.000000e+00 1.049319e-05
    outer loop
      vertex -2.116100e-02 9.804291e-03 -9.676765e-03
      vertex -2.035577e-02 9.804317e-03 -1.026710e-02
      vertex -2.175486e-02 9.804286e-03 -1.059673e-02
    endloop
  endfacet
  facet normal -2.437385e-05 1.000000e+00 1.039285e-05
    outer loop
      vertex -1.972643e-02 9.804312e-03 -8.401905e-03
      vertex -2.043262e-02 9.804296e-03 -8.498144e-03
      vertex -1.981141e-02 9.804301e-03 -7.591821e-03
    endloop
  endfacet
  facet normal -2.396781e-05 1.000000e+00 1.124245e-05
    outer loop
      vertex -2.785794e-02 9.804156e-03 -1.237887e-02
      vertex -2.691494e-02 9.804176e-03 -1.214986e-02
      vertex -2.681245e-02 9.804189e-03 -1.303412e-02
    endloop
  endfacet
  facet normal -2.454597e-05 1.000000e+00 1.052689e-05
    outer loop
      vertex -2.770414e-02 9.804175e-03 -1.384500e-02
      vertex -2.681245e-02 9.804189e-03 -1.303412e-02
      vertex -2.685150e-02 9.804202e-03 -1.439350e-02
    endloop
  endfacet
  facet normal -2.442214e-05 1.000000e+00 1.109787e-05
    outer loop
      vertex -2.755034e-02 9.804194e-03 -1.531114e-02
      vertex -2.633206e-02 9.804238e-03 -1.658311e-02
      vertex -2.739653e-02 9.804214e-03 -1.677727e-02
    endloop
  endfacet
  facet normal -2.146284e-05 1.000000e+00 1.075784e-05
    outer loop
      vertex -2.702951e-02 9.804240e-03 -1.834992e-02
      vertex -2.716583e-02 9.804244e-03 -1.897648e-02
      vertex -2.731963e-02 9.804225e-03 -1.751034e-02
    endloop
  endfacet
  facet normal -2.438219e-05 1.000000e+00 1.022492e-05
    outer loop
      vertex -2.683664e-02 9.804213e-03 -1.532713e-02
      vertex -2.547660e-02 9.804245e-03 -1.525518e-02
      vertex -2.609563e-02 9.804239e-03 -1.617168e-02
    endloop
  endfacet
  facet normal 3.912739e-04 9.999999e-01 -1.887921e-05
    outer loop
      vertex -1.949796e-02 9.803974e-03 -1.062358e-02
      vertex -2.041330e-02 9.804323e-03 -1.110588e-02
      vertex -2.035577e-02 9.804317e-03 -1.026710e-02
    endloop
  endfacet
  facet normal -2.402758e-05 1.000000e+00 1.084385e-05
    outer loop
      vertex -1.964145e-02 9.804322e-03 -9.211989e-03
      vertex -2.035577e-02 9.804317e-03 -1.026710e-02
      vertex -2.116100e-02 9.804291e-03 -9.676765e-03
    endloop
  endfacet
  facet normal -2.402579e-05 1.000000e+00 1.046570e-05
    outer loop
      vertex -2.617656e-02 9.804213e-03 -1.376383e-02
      vertex -2.487910e-02 9.804252e-03 -1.452138e-02
      vertex -2.547660e-02 9.804245e-03 -1.525518e-02
    endloop
  endfacet
  facet normal -2.497423e-05 1.000000e+00 1.109092e-05
    outer loop
      vertex -2.240670e-02 9.804278e-03 -1.137662e-02
      vertex -2.340446e-02 9.804243e-03 -1.044185e-02
      vertex -2.175486e-02 9.804286e-03 -1.059673e-02
    endloop
  endfacet
  facet normal -1.323800e-02 9.999070e-01 -3.285727e-03
    outer loop
      vertex -5.648293e-03 6.000701e-03 -2.308647e-02
      vertex -6.227836e-03 5.996551e-03 -2.201442e-02
      vertex -5.276570e-03 6.010432e-03 -2.162271e-02
    endloop
  endfacet
  facet normal -8.231641e-02 9.965555e-01 -1.005615e-02
    outer loop
      vertex -9.879056e-04 6.251043e-03 -2.311039e-02
      vertex -2.047632e-03 6.159061e-03 -2.355113e-02
      vertex -2.451019e-03 6.137501e-03 -2.238578e-02
    endloop
  endfacet
  facet normal -9.349236e-02 9.955613e-01 -1.081157e-02
    outer loop
      vertex 9.468526e-04 6.316159e-03 -3.480097e-02
      vertex 3.225805e-04 6.243367e-03 -3.610552e-02
      vertex -4.487939e-06 6.232003e-03 -3.432369e-02
    endloop
  endfacet
  facet normal -8.082414e-02 9.966923e-01 -8.479011e-03
    outer loop
      vertex -4.487939e-06 6.232003e-03 -3.432369e-02
      vertex 3.225805e-04 6.243367e-03 -3.610552e-02
      vertex -5.231259e-04 6.174984e-03 -3.608235e-02
    endloop
  endfacet
  facet normal -1.213078e-01 9.924888e-01 -1.582618e-02
    outer loop
      vertex 2.742923e-03 6.526808e-03 -3.450342e-02
      vertex 2.506987e-03 6.479652e-03 -3.565220e-02
      vertex 1.777903e-03 6.408617e-03 -3.451852e-02
    endloop
  endfacet
  facet normal -1.613244e-01 9.867318e-01 -1.829830e-02
    outer loop
      vertex 4.960415e-03 6.867339e-03 -3.376926e-02
      vertex 5.685073e-03 6.964193e-03 -3.493526e-02
      vertex 4.411056e-03 6.765616e-03 -3.441131e-02
    endloop
  endfacet
  facet normal -1.447836e-01 9.893362e-01 -1.585984e-02
    outer loop
      vertex 3.313560e-03 6.612875e-03 -3.392030e-02
      vertex 3.754521e-03 6.688383e-03 -3.323562e-02
      vertex 4.411056e-03 6.765616e-03 -3.441131e-02
    endloop
  endfacet
  facet normal -2.300910e-01 9.727766e-01 -2.763553e-02
    outer loop
      vertex 7.254880e-03 7.720325e-03 -1.912466e-02
      vertex 7.144489e-03 7.659865e-03 -2.033377e-02
      vertex 6.370753e-03 7.507042e-03 -1.927112e-02
    endloop
  endfacet
  facet normal -2.618443e-01 9.645085e-01 -3.407198e-02
    outer loop
      vertex 8.959346e-03 8.044250e-03 -2.275742e-02
      vertex 9.531257e-03 8.235715e-03 -2.173260e-02
      vertex 1.005057e-02 8.321254e-03 -2.330215e-02
    endloop
  endfacet
  facet normal -2.476255e-01 9.684221e-01 -2.898706e-02
    outer loop
      vertex 7.963914e-03 7.912956e-03 -1.874611e-02
      vertex 8.523354e-03 8.000629e-03 -2.059613e-02
      vertex 7.254880e-03 7.720325e-03 -1.912466e-02
    endloop
  endfacet
  facet normal -2.762480e-01 9.602575e-01 -3.990777e-02
    outer loop
      vertex 1.128113e-02 8.578169e-03 -2.562836e-02
      vertex 1.191030e-02 8.708426e-03 -2.684939e-02
      vertex 1.053263e-02 8.331101e-03 -2.639205e-02
    endloop
  endfacet
  facet normal -3.534141e-01 9.345596e-01 -4.119291e-02
    outer loop
      vertex 1.344460e-02 9.759438e-03 -1.554380e-02
      vertex 1.306051e-02 9.674541e-03 -1.417464e-02
      vertex 1.404520e-02 1.002418e-02 -1.469035e-02
    endloop
  endfacet
  facet normal -3.431949e-01 9.377644e-01 -5.305867e-02
    outer loop
      vertex 1.472942e-02 9.868921e-03 -2.248851e-02
      vertex 1.552401e-02 1.013055e-02 -2.300406e-02
      vertex 1.470698e-02 9.797436e-03 -2.360677e-02
    endloop
  endfacet
  facet normal -2.463792e-01 9.684412e-01 -3.766919e-02
    outer loop
      vertex 1.037993e-02 8.108369e-03 -3.082547e-02
      vertex 1.012569e-02 7.980806e-03 -3.244207e-02
      vertex 9.694960e-03 7.921477e-03 -3.115015e-02
    endloop
  endfacet
  facet normal -2.130414e-01 9.765353e-01 -3.149777e-02
    outer loop
      vertex 8.367533e-03 7.567734e-03 -3.236610e-02
      vertex 8.812819e-03 7.620883e-03 -3.373007e-02
      vertex 7.626703e-03 7.388887e-03 -3.290018e-02
    endloop
  endfacet
  facet normal -2.129823e-01 9.768647e-01 -1.933619e-02
    outer loop
      vertex 4.752519e-03 7.189126e-03 -1.768082e-02
      vertex 4.584862e-03 7.182325e-03 -1.617770e-02
      vertex 5.826375e-03 7.438166e-03 -1.692751e-02
    endloop
  endfacet
  facet normal -3.511640e-01 9.356396e-01 -3.552869e-02
    outer loop
      vertex 1.342324e-02 9.909702e-03 -1.158357e-02
      vertex 1.351109e-02 9.899933e-03 -1.270914e-02
      vertex 1.312793e-02 9.749784e-03 -1.287618e-02
    endloop
  endfacet
  facet normal -2.066688e-02 9.997847e-01 -1.845440e-03
    outer loop
      vertex -3.250515e-03 6.019850e-03 -3.948316e-02
      vertex -4.145624e-03 6.001124e-03 -3.960386e-02
      vertex -4.258376e-03 6.001422e-03 -3.817971e-02
    endloop
  endfacet
  facet normal -4.379826e-02 9.990292e-01 -4.733380e-03
    outer loop
      vertex -3.819183e-03 6.068485e-03 -1.997294e-02
      vertex -4.478735e-03 6.038418e-03 -2.021611e-02
      vertex -4.773029e-03 6.032460e-03 -1.875040e-02
    endloop
  endfacet
  facet normal -5.853591e-02 9.982754e-01 -4.452147e-03
    outer loop
      vertex -3.819183e-03 6.068485e-03 -1.997294e-02
      vertex -3.858072e-03 6.072279e-03 -1.861089e-02
      vertex -3.003264e-03 6.118147e-03 -1.956518e-02
    endloop
  endfacet
  facet normal -7.935968e-02 9.968080e-01 -8.705827e-03
    outer loop
      vertex -1.693486e-03 6.223197e-03 -1.896999e-02
      vertex -2.300258e-03 6.158841e-03 -2.080752e-02
      vertex -2.858997e-03 6.135129e-03 -1.842919e-02
    endloop
  endfacet
  facet normal -1.061930e-01 9.943007e-01 -9.443776e-03
    outer loop
      vertex -3.543743e-05 6.384397e-03 -1.985686e-02
      vertex -1.096601e-03 6.278237e-03 -1.910145e-02
      vertex -4.374925e-04 6.360258e-03 -1.787730e-02
    endloop
  endfacet
  facet normal -1.428311e-01 9.895514e-01 -1.967864e-02
    outer loop
      vertex 4.654584e-03 6.778203e-03 -3.570075e-02
      vertex 4.432355e-03 6.723049e-03 -3.686124e-02
      vertex 3.316251e-03 6.575451e-03 -3.618242e-02
    endloop
  endfacet
  facet normal -1.410133e-01 9.898682e-01 -1.662100e-02
    outer loop
      vertex 3.641309e-03 6.603352e-03 -3.727859e-02
      vertex 3.316251e-03 6.575451e-03 -3.618242e-02
      vertex 4.432355e-03 6.723049e-03 -3.686124e-02
    endloop
  endfacet
  facet normal -1.668353e-01 9.857448e-01 -2.175058e-02
    outer loop
      vertex 5.957016e-03 6.988027e-03 -3.594101e-02
      vertex 5.329854e-03 6.887446e-03 -3.568880e-02
      vertex 5.685073e-03 6.964193e-03 -3.493526e-02
    endloop
  endfacet
  facet normal -1.571596e-01 9.875025e-01 -1.181594e-02
    outer loop
      vertex 1.729150e-03 6.643685e-03 -1.810719e-02
      vertex 2.106572e-03 6.715649e-03 -1.711287e-02
      vertex 2.712135e-03 6.799467e-03 -1.816227e-02
    endloop
  endfacet
  facet normal -2.018119e-01 9.791512e-01 -2.312880e-02
    outer loop
      vertex 4.805481e-03 7.152051e-03 -1.999377e-02
      vertex 5.525729e-03 7.277132e-03 -2.098309e-02
      vertex 4.917990e-03 7.147721e-03 -2.115881e-02
    endloop
  endfacet
  facet normal -2.358198e-01 9.712011e-01 -3.402198e-02
    outer loop
      vertex 9.694960e-03 7.921477e-03 -3.115015e-02
      vertex 1.012569e-02 7.980806e-03 -3.244207e-02
      vertex 9.313449e-03 7.797307e-03 -3.205033e-02
    endloop
  endfacet
  facet normal -2.488750e-01 9.678545e-01 -3.631764e-02
    outer loop
      vertex 9.795904e-03 8.120584e-03 -2.657089e-02
      vertex 1.029938e-02 8.174829e-03 -2.857547e-02
      vertex 9.526304e-03 7.996824e-03 -2.802155e-02
    endloop
  endfacet
  facet normal -3.066463e-01 9.506162e-01 -4.792567e-02
    outer loop
      vertex 1.381426e-02 9.287702e-03 -2.725593e-02
      vertex 1.316335e-02 9.072758e-03 -2.735462e-02
      vertex 1.284437e-02 9.002925e-03 -2.669884e-02
    endloop
  endfacet
  facet normal -2.855011e-01 9.577981e-01 -3.334456e-02
    outer loop
      vertex 9.279348e-03 8.372451e-03 -1.548725e-02
      vertex 8.514016e-03 8.187009e-03 -1.426104e-02
      vertex 9.930358e-03 8.595823e-03 -1.464508e-02
    endloop
  endfacet
  facet normal -3.270952e-01 9.444111e-01 -3.311290e-02
    outer loop
      vertex 1.138946e-02 9.073513e-03 -1.448864e-02
      vertex 1.085762e-02 8.947246e-03 -1.283631e-02
      vertex 1.168546e-02 9.206356e-03 -1.362380e-02
    endloop
  endfacet
  facet normal -3.400655e-01 9.393068e-01 -4.536768e-02
    outer loop
      vertex 1.309401e-02 9.586014e-03 -1.650653e-02
      vertex 1.208988e-02 9.286770e-03 -1.517546e-02
      vertex 1.344460e-02 9.759438e-03 -1.554380e-02
    endloop
  endfacet
  facet normal -1.932546e-01 9.809305e-01 -2.068956e-02
    outer loop
      vertex 4.752519e-03 7.189126e-03 -1.768082e-02
      vertex 4.600093e-03 7.132784e-03 -1.892832e-02
      vertex 3.788175e-03 6.994720e-03 -1.789036e-02
    endloop
  endfacet
  facet normal -2.670543e-01 9.628081e-01 -4.102021e-02
    outer loop
      vertex 9.795904e-03 8.120584e-03 -2.657089e-02
      vertex 1.089207e-02 8.387302e-03 -2.744699e-02
      vertex 1.029938e-02 8.174829e-03 -2.857547e-02
    endloop
  endfacet
  facet normal 3.383021e-01 9.405945e-01 2.887358e-02
    outer loop
      vertex -2.616969e-02 9.512316e-03 -2.412387e-02
      vertex -2.645812e-02 9.568190e-03 -2.256458e-02
      vertex -2.553234e-02 9.275537e-03 -2.387810e-02
    endloop
  endfacet
  facet normal 3.351222e-01 9.416923e-01 3.014657e-02
    outer loop
      vertex -2.595453e-02 9.473917e-03 -2.538169e-02
      vertex -2.553234e-02 9.275537e-03 -2.387810e-02
      vertex -2.511073e-02 9.181707e-03 -2.563398e-02
    endloop
  endfacet
  facet normal 3.271506e-01 9.445413e-01 2.853446e-02
    outer loop
      vertex -2.553234e-02 9.275537e-03 -2.387810e-02
      vertex -2.559152e-02 9.255163e-03 -2.252518e-02
      vertex -2.483606e-02 9.032539e-03 -2.381733e-02
    endloop
  endfacet
  facet normal 3.183221e-01 9.476146e-01 2.641324e-02
    outer loop
      vertex -2.408902e-02 8.878409e-03 -2.706586e-02
      vertex -2.466210e-02 9.088966e-03 -2.771344e-02
      vertex -2.511073e-02 9.181707e-03 -2.563398e-02
    endloop
  endfacet
  facet normal 2.957736e-01 9.548930e-01 2.640537e-02
    outer loop
      vertex -2.328328e-02 8.686676e-03 -2.949442e-02
      vertex -2.338220e-02 8.667982e-03 -2.771037e-02
      vertex -2.277570e-02 8.498184e-03 -2.836364e-02
    endloop
  endfacet
  facet normal 3.061765e-01 9.515933e-01 2.694760e-02
    outer loop
      vertex -2.382623e-02 8.842712e-03 -2.883560e-02
      vertex -2.338220e-02 8.667982e-03 -2.771037e-02
      vertex -2.328328e-02 8.686676e-03 -2.949442e-02
    endloop
  endfacet
  facet normal 2.981305e-01 9.540688e-01 2.951270e-02
    outer loop
      vertex -2.341138e-02 8.789873e-03 -3.169370e-02
      vertex -2.327075e-02 8.719454e-03 -3.083783e-02
      vertex -2.221459e-02 8.420599e-03 -3.184570e-02
    endloop
  endfacet
  facet normal 3.039958e-01 9.523248e-01 2.576658e-02
    outer loop
      vertex -2.364920e-02 8.605536e-03 -2.233527e-02
      vertex -2.369300e-02 8.671616e-03 -2.426079e-02
      vertex -2.421373e-02 8.819595e-03 -2.358646e-02
    endloop
  endfacet
  facet normal 2.692550e-01 9.627984e-01 2.282378e-02
    outer loop
      vertex -2.138180e-02 8.024298e-03 -2.552579e-02
      vertex -2.139083e-02 8.061613e-03 -2.699332e-02
      vertex -2.208921e-02 8.228748e-03 -2.580484e-02
    endloop
  endfacet
  facet normal 2.273303e-01 9.736180e-01 1.972055e-02
    outer loop
      vertex -1.888340e-02 7.578211e-03 -3.421679e-02
      vertex -1.832796e-02 7.437636e-03 -3.367939e-02
      vertex -1.826899e-02 7.457596e-03 -3.534469e-02
    endloop
  endfacet
  facet normal 2.365424e-01 9.714128e-01 2.012370e-02
    outer loop
      vertex -1.976686e-02 7.541602e-03 -2.231555e-02
      vertex -1.983821e-02 7.591178e-03 -2.387000e-02
      vertex -2.053139e-02 7.730276e-03 -2.243661e-02
    endloop
  endfacet
  facet normal 2.451143e-01 9.692989e-01 1.945984e-02
    outer loop
      vertex -1.981338e-02 7.615827e-03 -2.533457e-02
      vertex -2.022573e-02 7.751362e-03 -2.689162e-02
      vertex -2.066905e-02 7.846794e-03 -2.606114e-02
    endloop
  endfacet
  facet normal 2.147445e-01 9.764789e-01 1.933220e-02
    outer loop
      vertex -1.826899e-02 7.457596e-03 -3.534469e-02
      vertex -1.751302e-02 7.259254e-03 -3.372369e-02
      vertex -1.730502e-02 7.240980e-03 -3.511116e-02
    endloop
  endfacet
  facet normal 2.090475e-01 9.777475e-01 1.757732e-02
    outer loop
      vertex -1.806671e-02 7.165009e-03 -2.224524e-02
      vertex -1.814681e-02 7.206982e-03 -2.362730e-02
      vertex -1.911839e-02 7.380589e-03 -2.172930e-02
    endloop
  endfacet
  facet normal 2.243831e-01 9.743080e-01 1.939678e-02
    outer loop
      vertex -1.911839e-02 7.380589e-03 -2.172930e-02
      vertex -1.899651e-02 7.392864e-03 -2.375579e-02
      vertex -1.976686e-02 7.541602e-03 -2.231555e-02
    endloop
  endfacet
  facet normal 1.940624e-01 9.807749e-01 2.050093e-02
    outer loop
      vertex -1.751330e-02 7.192757e-03 -3.009762e-02
      vertex -1.686319e-02 7.047748e-03 -2.931430e-02
      vertex -1.634230e-02 6.968713e-03 -3.046395e-02
    endloop
  endfacet
  facet normal 1.846561e-01 9.826804e-01 1.553554e-02
    outer loop
      vertex -1.688483e-02 6.920273e-03 -2.127630e-02
      vertex -1.697072e-02 6.967449e-03 -2.323944e-02
      vertex -1.744135e-02 7.033777e-03 -2.184095e-02
    endloop
  endfacet
  facet normal 1.915161e-01 9.813640e-01 1.569386e-02
    outer loop
      vertex -1.684585e-02 6.967004e-03 -2.461379e-02
      vertex -1.701120e-02 7.031213e-03 -2.661104e-02
      vertex -1.770039e-02 7.140610e-03 -2.504149e-02
    endloop
  endfacet
  facet normal 1.759861e-01 9.842840e-01 1.462286e-02
    outer loop
      vertex -1.609197e-02 6.847780e-03 -2.566162e-02
      vertex -1.646612e-02 6.928075e-03 -2.656346e-02
      vertex -1.684585e-02 6.967004e-03 -2.461379e-02
    endloop
  endfacet
  facet normal 1.409788e-01 9.899476e-01 1.134957e-02
    outer loop
      vertex -1.431654e-02 6.531062e-03 -2.268862e-02
      vertex -1.472543e-02 6.597720e-03 -2.342373e-02
      vertex -1.509961e-02 6.631452e-03 -2.171803e-02
    endloop
  endfacet
  facet normal 1.564647e-01 9.876065e-01 1.233784e-02
    outer loop
      vertex -1.509961e-02 6.631452e-03 -2.171803e-02
      vertex -1.535445e-02 6.694160e-03 -2.350579e-02
      vertex -1.598168e-02 6.775891e-03 -2.209380e-02
    endloop
  endfacet
  facet normal 1.240614e-01 9.922046e-01 1.178312e-02
    outer loop
      vertex -1.260827e-02 6.487845e-03 -3.852422e-02
      vertex -1.248006e-02 6.451925e-03 -3.684937e-02
      vertex -1.182864e-02 6.386733e-03 -3.821850e-02
    endloop
  endfacet
  facet normal 1.144521e-01 9.933946e-01 8.237239e-03
    outer loop
      vertex -1.266197e-02 6.326208e-03 -2.248308e-02
      vertex -1.311812e-02 6.386864e-03 -2.345998e-02
      vertex -1.364385e-02 6.436892e-03 -2.218852e-02
    endloop
  endfacet
  facet normal 1.321632e-01 9.911860e-01 9.126849e-03
    outer loop
      vertex -1.334487e-02 6.435326e-03 -2.542184e-02
      vertex -1.401357e-02 6.533030e-03 -2.634938e-02
      vertex -1.449157e-02 6.584145e-03 -2.497869e-02
    endloop
  endfacet
  facet normal 1.002366e-01 9.949174e-01 9.593393e-03
    outer loop
      vertex -1.152528e-02 6.321236e-03 -3.495977e-02
      vertex -1.140078e-02 6.295231e-03 -3.356365e-02
      vertex -1.074761e-02 6.246685e-03 -3.535364e-02
    endloop
  endfacet
  facet normal 9.837794e-02 9.951139e-01 8.368072e-03
    outer loop
      vertex -1.036955e-02 6.231236e-03 -3.776520e-02
      vertex -1.104887e-02 6.304794e-03 -3.852626e-02
      vertex -1.135053e-02 6.322770e-03 -3.711745e-02
    endloop
  endfacet
  facet normal 9.651602e-02 9.953147e-01 5.765990e-03
    outer loop
      vertex -1.118413e-02 6.202211e-03 -2.458135e-02
      vertex -1.196523e-02 6.286847e-03 -2.611627e-02
      vertex -1.250968e-02 6.332365e-03 -2.486002e-02
    endloop
  endfacet
  facet normal 8.749084e-02 9.961362e-01 7.622883e-03
    outer loop
      vertex -1.074761e-02 6.246685e-03 -3.535364e-02
      vertex -1.073614e-02 6.233199e-03 -3.372293e-02
      vertex -1.012569e-02 6.191023e-03 -3.521786e-02
    endloop
  endfacet
  facet normal 6.780259e-02 9.976860e-01 5.045563e-03
    outer loop
      vertex -1.014997e-02 6.101568e-03 -2.068843e-02
      vertex -1.023559e-02 6.116491e-03 -2.248858e-02
      vertex -1.088785e-02 6.154788e-03 -2.129607e-02
    endloop
  endfacet
  facet normal 7.396431e-02 9.972253e-01 8.430643e-03
    outer loop
      vertex -1.023559e-02 6.116491e-03 -2.248858e-02
      vertex -1.114360e-02 6.182442e-03 -2.232338e-02
      vertex -1.088785e-02 6.154788e-03 -2.129607e-02
    endloop
  endfacet
  facet normal 4.988635e-02 9.987452e-01 4.395920e-03
    outer loop
      vertex -8.549316e-03 6.081084e-03 -3.494446e-02
      vertex -8.540336e-03 6.073459e-03 -3.331396e-02
      vertex -7.947495e-03 6.052466e-03 -3.527219e-02
    endloop
  endfacet
  facet normal 4.549414e-02 9.989608e-01 2.753198e-03
    outer loop
      vertex -7.501910e-03 6.043780e-03 -3.794202e-02
      vertex -7.812791e-03 6.059302e-03 -3.843677e-02
      vertex -8.379734e-03 6.080621e-03 -3.680382e-02
    endloop
  endfacet
  facet normal 1.357224e-02 9.998908e-01 5.850594e-03
    outer loop
      vertex -6.866205e-03 6.020707e-03 -3.773780e-02
      vertex -5.990030e-03 5.999665e-03 -3.617422e-02
      vertex -5.471350e-03 5.996197e-03 -3.678475e-02
    endloop
  endfacet
  facet normal 3.275180e-01 9.443592e-01 3.029252e-02
    outer loop
      vertex -2.519322e-02 9.329449e-03 -2.952137e-02
      vertex -2.410622e-02 8.981779e-03 -3.043542e-02
      vertex -2.528432e-02 9.396822e-03 -3.063680e-02
    endloop
  endfacet
  facet normal 2.904394e-01 9.565737e-01 2.473323e-02
    outer loop
      vertex -2.189513e-02 8.358030e-03 -3.312589e-02
      vertex -2.210168e-02 8.444073e-03 -3.402822e-02
      vertex -2.265741e-02 8.578156e-03 -3.268801e-02
    endloop
  endfacet
  facet normal 4.934810e-02 9.987628e-01 6.140850e-03
    outer loop
      vertex -7.812791e-03 6.059302e-03 -3.843677e-02
      vertex -7.431077e-03 6.048511e-03 -3.974911e-02
      vertex -8.177130e-03 6.085177e-03 -3.971739e-02
    endloop
  endfacet
  facet normal 3.467502e-01 9.374727e-01 3.015194e-02
    outer loop
      vertex -2.619119e-02 9.689753e-03 -2.936628e-02
      vertex -2.649633e-02 9.704494e-03 -2.631545e-02
      vertex -2.575122e-02 9.475168e-03 -2.775416e-02
    endloop
  endfacet
  facet normal 1.662209e-02 9.998544e-01 3.870898e-03
    outer loop
      vertex -7.944806e-03 6.006904e-03 -1.908353e-02
      vertex -7.156026e-03 5.997557e-03 -2.005620e-02
      vertex -8.195423e-03 6.014310e-03 -1.992026e-02
    endloop
  endfacet
  facet normal 6.272519e-02 9.980162e-01 5.406825e-03
    outer loop
      vertex -1.014997e-02 6.101568e-03 -2.068843e-02
      vertex -1.071444e-02 6.129661e-03 -1.932529e-02
      vertex -1.006346e-02 6.088439e-03 -1.926846e-02
    endloop
  endfacet
  facet normal 1.200280e-01 9.927019e-01 1.167502e-02
    outer loop
      vertex -1.312393e-02 6.358916e-03 -2.062208e-02
      vertex -1.396523e-02 6.461782e-03 -2.071928e-02
      vertex -1.363384e-02 6.408316e-03 -1.958012e-02
    endloop
  endfacet
  facet normal 1.625211e-01 9.865877e-01 1.521569e-02
    outer loop
      vertex -1.567667e-02 6.708442e-03 -2.084490e-02
      vertex -1.635579e-02 6.821229e-03 -2.090418e-02
      vertex -1.588827e-02 6.726828e-03 -1.977690e-02
    endloop
  endfacet
  facet normal 1.732673e-01 9.847485e-01 1.577198e-02
    outer loop
      vertex -1.635579e-02 6.821229e-03 -2.090418e-02
      vertex -1.688483e-02 6.920273e-03 -2.127630e-02
      vertex -1.652886e-02 6.834520e-03 -1.983281e-02
    endloop
  endfacet
  facet normal 2.333300e-01 9.721457e-01 2.213368e-02
    outer loop
      vertex -1.953929e-02 7.462103e-03 -2.101908e-02
      vertex -2.055656e-02 7.707049e-03 -2.105355e-02
      vertex -1.970279e-02 7.480643e-03 -2.010986e-02
    endloop
  endfacet
  facet normal 2.500135e-01 9.679084e-01 2.542630e-02
    outer loop
      vertex -2.055656e-02 7.707049e-03 -2.105355e-02
      vertex -2.164063e-02 8.000969e-03 -2.158277e-02
      vertex -2.095662e-02 7.788468e-03 -2.021930e-02
    endloop
  endfacet
  facet normal 2.639473e-01 9.642573e-01 2.323033e-02
    outer loop
      vertex -2.164063e-02 8.000969e-03 -2.158277e-02
      vertex -2.220008e-02 8.123874e-03 -2.032783e-02
      vertex -2.157970e-02 7.952752e-03 -2.027368e-02
    endloop
  endfacet
  facet normal 3.476946e-01 9.371039e-01 3.073603e-02
    outer loop
      vertex -2.616969e-02 9.512316e-03 -2.412387e-02
      vertex -2.668040e-02 9.713346e-03 -2.447573e-02
      vertex -2.645812e-02 9.568190e-03 -2.256458e-02
    endloop
  endfacet
  facet normal 2.770420e-01 9.605370e-01 2.482680e-02
    outer loop
      vertex -2.189513e-02 8.358030e-03 -3.312589e-02
      vertex -2.135628e-02 8.192860e-03 -3.274860e-02
      vertex -2.111020e-02 8.158462e-03 -3.416379e-02
    endloop
  endfacet
  facet normal 2.529302e-01 9.671905e-01 2.385118e-02
    outer loop
      vertex -2.095662e-02 7.788468e-03 -2.021930e-02
      vertex -2.164063e-02 8.000969e-03 -2.158277e-02
      vertex -2.157970e-02 7.952752e-03 -2.027368e-02
    endloop
  endfacet
  facet normal 1.621384e-01 9.866644e-01 1.429756e-02
    outer loop
      vertex -1.422034e-02 6.712807e-03 -3.773824e-02
      vertex -1.481142e-02 6.818655e-03 -3.833962e-02
      vertex -1.493517e-02 6.823695e-03 -3.728415e-02
    endloop
  endfacet
  facet normal 1.645536e-01 9.862638e-01 1.434561e-02
    outer loop
      vertex -1.588827e-02 6.726828e-03 -1.977690e-02
      vertex -1.635579e-02 6.821229e-03 -2.090418e-02
      vertex -1.652886e-02 6.834520e-03 -1.983281e-02
    endloop
  endfacet
  facet normal 1.487961e-01 9.887894e-01 1.245849e-02
    outer loop
      vertex -1.567667e-02 6.708442e-03 -2.084490e-02
      vertex -1.588827e-02 6.726828e-03 -1.977690e-02
      vertex -1.478583e-02 6.567930e-03 -2.033255e-02
    endloop
  endfacet
  facet normal 8.703227e-02 9.962014e-01 2.841669e-03
    outer loop
      vertex -9.668921e-03 6.187250e-03 -3.958276e-02
      vertex -1.039922e-02 6.250761e-03 -3.948084e-02
      vertex -1.104887e-02 6.304794e-03 -3.852626e-02
    endloop
  endfacet
  facet normal 9.051187e-02 9.958869e-01 4.119879e-03
    outer loop
      vertex -1.134468e-02 6.182110e-03 -2.003218e-02
      vertex -1.185205e-02 6.231552e-03 -2.083700e-02
      vertex -1.247208e-02 6.284981e-03 -2.013059e-02
    endloop
  endfacet
  facet normal 3.690240e-02 9.993157e-01 2.516285e-03
    outer loop
      vertex -6.658695e-03 6.018451e-03 -3.913850e-02
      vertex -7.431077e-03 6.048511e-03 -3.974911e-02
      vertex -7.812791e-03 6.059302e-03 -3.843677e-02
    endloop
  endfacet
  facet normal 2.513768e-01 9.676121e-01 2.316162e-02
    outer loop
      vertex -2.019845e-02 7.913365e-03 -3.436152e-02
      vertex -1.950112e-02 7.745635e-03 -3.492259e-02
      vertex -2.027445e-02 7.959573e-03 -3.546704e-02
    endloop
  endfacet
  facet normal 5.212695e-02 9.986245e-01 5.642125e-03
    outer loop
      vertex -1.014997e-02 6.101568e-03 -2.068843e-02
      vertex -9.411951e-03 6.054701e-03 -1.921160e-02
      vertex -9.140569e-03 6.048995e-03 -2.070897e-02
    endloop
  endfacet
  facet normal 3.110279e-01 9.418561e-01 -1.271560e-01
    outer loop
      vertex -2.352986e-02 8.606933e-03 -1.807400e-02
      vertex -2.483089e-02 9.021240e-03 -1.818756e-02
      vertex -2.374501e-02 8.829571e-03 -1.695117e-02
    endloop
  endfacet
  facet normal 3.190064e-01 9.125818e-01 -2.557917e-01
    outer loop
      vertex -2.360941e-02 9.329439e-03 -1.463611e-02
      vertex -2.425254e-02 9.235204e-03 -1.577438e-02
      vertex -2.489621e-02 9.444459e-03 -1.583056e-02
    endloop
  endfacet
  facet normal 3.028954e-01 9.203697e-01 -2.473336e-01
    outer loop
      vertex -2.299804e-02 8.851770e-03 -1.566488e-02
      vertex -2.425254e-02 9.235204e-03 -1.577438e-02
      vertex -2.360941e-02 9.329439e-03 -1.463611e-02
    endloop
  endfacet
  facet normal 2.858950e-01 9.558689e-01 -6.766620e-02
    outer loop
      vertex -2.230278e-02 8.247502e-03 -1.796689e-02
      vertex -2.222781e-02 8.139746e-03 -1.917233e-02
      vertex -2.345729e-02 8.499881e-03 -1.927965e-02
    endloop
  endfacet
  facet normal 2.835650e-01 9.257366e-01 -2.502051e-01
    outer loop
      vertex -2.239859e-02 8.974771e-03 -1.453042e-02
      vertex -2.208138e-02 8.592612e-03 -1.558487e-02
      vertex -2.299804e-02 8.851770e-03 -1.566488e-02
    endloop
  endfacet
  facet normal 2.669286e-01 9.303761e-01 -2.512955e-01
    outer loop
      vertex -2.117673e-02 8.646678e-03 -1.442377e-02
      vertex -2.093175e-02 8.289881e-03 -1.548452e-02
      vertex -2.208138e-02 8.592612e-03 -1.558487e-02
    endloop
  endfacet
  facet normal 2.716971e-01 9.106996e-01 -3.111381e-01
    outer loop
      vertex -2.239859e-02 8.974771e-03 -1.453042e-02
      vertex -2.238966e-02 9.356191e-03 -1.340620e-02
      vertex -2.117640e-02 9.030409e-03 -1.330030e-02
    endloop
  endfacet
  facet normal 2.513245e-01 9.159255e-01 -3.129162e-01
    outer loop
      vertex -1.996753e-02 8.350941e-03 -1.431822e-02
      vertex -2.117640e-02 9.030409e-03 -1.330030e-02
      vertex -1.997571e-02 8.736753e-03 -1.319550e-02
    endloop
  endfacet
  facet normal 2.510426e-01 8.940037e-01 -3.711267e-01
    outer loop
      vertex -2.117640e-02 9.030409e-03 -1.330030e-02
      vertex -2.115684e-02 9.479166e-03 -1.220607e-02
      vertex -1.996611e-02 9.187946e-03 -1.210213e-02
    endloop
  endfacet
  facet normal 2.242965e-01 9.654973e-01 -1.323105e-01
    outer loop
      vertex -1.853059e-02 7.326972e-03 -1.763763e-02
      vertex -1.983908e-02 7.615297e-03 -1.775185e-02
      vertex -1.908375e-02 7.605306e-03 -1.654431e-02
    endloop
  endfacet
  facet normal 2.303685e-01 9.207969e-01 -3.147434e-01
    outer loop
      vertex -1.924126e-02 8.190907e-03 -1.425483e-02
      vertex -1.925092e-02 8.433041e-03 -1.355352e-02
      vertex -1.867638e-02 8.066436e-03 -1.420552e-02
    endloop
  endfacet
  facet normal 2.305921e-01 8.987574e-01 -3.729107e-01
    outer loop
      vertex -1.997571e-02 8.736753e-03 -1.319550e-02
      vertex -1.940986e-02 9.065376e-03 -1.205358e-02
      vertex -1.869468e-02 8.907786e-03 -1.199115e-02
    endloop
  endfacet
  facet normal 2.306537e-01 8.730949e-01 -4.295395e-01
    outer loop
      vertex -1.940986e-02 9.065376e-03 -1.205358e-02
      vertex -1.934011e-02 9.323931e-03 -1.149058e-02
      vertex -1.868555e-02 9.224507e-03 -1.134119e-02
    endloop
  endfacet
  facet normal 1.993696e-01 9.702980e-01 -1.370167e-01
    outer loop
      vertex -1.819248e-02 7.419343e-03 -1.646651e-02
      vertex -1.730777e-02 7.248463e-03 -1.638929e-02
      vertex -1.724065e-02 7.074293e-03 -1.752504e-02
    endloop
  endfacet
  facet normal 2.088823e-01 9.252677e-01 -3.166196e-01
    outer loop
      vertex -1.796040e-02 7.926187e-03 -1.414303e-02
      vertex -1.798272e-02 8.314990e-03 -1.302154e-02
      vertex -1.740353e-02 7.817104e-03 -1.409442e-02
    endloop
  endfacet
  facet normal 2.096197e-01 9.031214e-01 -3.747416e-01
    outer loop
      vertex -1.798272e-02 8.314990e-03 -1.302154e-02
      vertex -1.744128e-02 8.662264e-03 -1.188175e-02
      vertex -1.743409e-02 8.377521e-03 -1.256395e-02
    endloop
  endfacet
  facet normal 2.032269e-01 7.832969e-01 -5.874903e-01
    outer loop
      vertex -1.815694e-02 1.085291e-02 -8.485538e-03
      vertex -1.750059e-02 1.110155e-02 -7.926983e-03
      vertex -1.739011e-02 1.037891e-02 -8.852242e-03
    endloop
  endfacet
  facet normal 1.763229e-01 9.812978e-01 -7.723220e-02
    outer loop
      vertex -1.724065e-02 7.074293e-03 -1.752504e-02
      vertex -1.604738e-02 6.868080e-03 -1.742088e-02
      vertex -1.715574e-02 6.964231e-03 -1.872961e-02
    endloop
  endfacet
  facet normal 1.815777e-01 9.735647e-01 -1.385691e-01
    outer loop
      vertex -1.724065e-02 7.074293e-03 -1.752504e-02
      vertex -1.730777e-02 7.248463e-03 -1.638929e-02
      vertex -1.634153e-02 7.080256e-03 -1.630495e-02
    endloop
  endfacet
  facet normal 1.862826e-01 9.484669e-01 -2.563383e-01
    outer loop
      vertex -1.622607e-02 7.613623e-03 -1.399164e-02
      vertex -1.586632e-02 7.258989e-03 -1.504238e-02
      vertex -1.740353e-02 7.817104e-03 -1.409442e-02
    endloop
  endfacet
  facet normal 1.883463e-01 9.290521e-01 -3.184145e-01
    outer loop
      vertex -1.740353e-02 7.817104e-03 -1.409442e-02
      vertex -1.721055e-02 8.168791e-03 -1.295414e-02
      vertex -1.626060e-02 8.004626e-03 -1.287122e-02
    endloop
  endfacet
  facet normal 1.895721e-01 9.068156e-01 -3.764943e-01
    outer loop
      vertex -1.721055e-02 8.168791e-03 -1.295414e-02
      vertex -1.743409e-02 8.377521e-03 -1.256395e-02
      vertex -1.628181e-02 8.461892e-03 -1.178054e-02
    endloop
  endfacet
  facet normal 1.888970e-01 8.207197e-01 -5.392004e-01
    outer loop
      vertex -1.742066e-02 9.761494e-03 -9.802725e-03
      vertex -1.739011e-02 1.037891e-02 -8.852242e-03
      vertex -1.626717e-02 1.018486e-02 -8.754224e-03
    endloop
  endfacet
  facet normal 1.775937e-01 6.624990e-01 -7.277057e-01
    outer loop
      vertex -1.612133e-02 1.245441e-02 -6.050533e-03
      vertex -1.720975e-02 1.264739e-02 -6.140464e-03
      vertex -1.606428e-02 1.333907e-02 -5.231218e-03
    endloop
  endfacet
  facet normal 1.734388e-01 6.151468e-01 -7.690991e-01
    outer loop
      vertex -1.692233e-02 1.348735e-02 -5.306114e-03
      vertex -1.701828e-02 1.443415e-02 -4.570477e-03
      vertex -1.598164e-02 1.425500e-02 -4.479991e-03
    endloop
  endfacet
  facet normal 1.648666e-01 9.760232e-01 -1.421185e-01
    outer loop
      vertex -1.604738e-02 6.868080e-03 -1.742088e-02
      vertex -1.634153e-02 7.080256e-03 -1.630495e-02
      vertex -1.551252e-02 6.878035e-03 -1.673204e-02
    endloop
  endfacet
  facet normal 1.679591e-01 9.323867e-01 -3.200700e-01
    outer loop
      vertex -1.622607e-02 7.613623e-03 -1.399164e-02
      vertex -1.503851e-02 7.821385e-03 -1.276324e-02
      vertex -1.497124e-02 7.425180e-03 -1.388211e-02
    endloop
  endfacet
  facet normal 1.711320e-01 8.555522e-01 -4.886147e-01
    outer loop
      vertex -1.628974e-02 8.972812e-03 -1.074256e-02
      vertex -1.507385e-02 9.383344e-03 -9.597879e-03
      vertex -1.506562e-02 8.788981e-03 -1.063571e-02
    endloop
  endfacet
  facet normal 1.700229e-01 7.890337e-01 -5.903541e-01
    outer loop
      vertex -1.507044e-02 1.000514e-02 -8.649765e-03
      vertex -1.626717e-02 1.018486e-02 -8.754224e-03
      vertex -1.519888e-02 1.072392e-02 -7.726072e-03
    endloop
  endfacet
  facet normal 1.720865e-01 7.092169e-01 -6.836649e-01
    outer loop
      vertex -1.659969e-02 1.174758e-02 -6.904184e-03
      vertex -1.612133e-02 1.245441e-02 -6.050533e-03
      vertex -1.546359e-02 1.156751e-02 -6.805017e-03
    endloop
  endfacet
  facet normal 1.655142e-01 7.073558e-01 -6.872066e-01
    outer loop
      vertex -1.612133e-02 1.245441e-02 -6.050533e-03
      vertex -1.494700e-02 1.228613e-02 -5.940905e-03
      vertex -1.546359e-02 1.156751e-02 -6.805017e-03
    endloop
  endfacet
  facet normal 1.635912e-01 6.648387e-01 -7.288535e-01
    outer loop
      vertex -1.494700e-02 1.228613e-02 -5.940905e-03
      vertex -1.606428e-02 1.333907e-02 -5.231218e-03
      vertex -1.494015e-02 1.316493e-02 -5.137753e-03
    endloop
  endfacet
  facet normal 1.596835e-01 6.173701e-01 -7.702956e-01
    outer loop
      vertex -1.606428e-02 1.333907e-02 -5.231218e-03
      vertex -1.598164e-02 1.425500e-02 -4.479991e-03
      vertex -1.494015e-02 1.316493e-02 -5.137753e-03
    endloop
  endfacet
  facet normal 1.318797e-01 9.879418e-01 -8.110973e-02
    outer loop
      vertex -1.401534e-02 6.581055e-03 -1.724351e-02
      vertex -1.342395e-02 6.506348e-03 -1.719189e-02
      vertex -1.468596e-02 6.566266e-03 -1.851403e-02
    endloop
  endfacet
  facet normal 1.355819e-01 9.804973e-01 -1.422763e-01
    outer loop
      vertex -1.401534e-02 6.581055e-03 -1.724351e-02
      vertex -1.463643e-02 6.749664e-03 -1.667341e-02
      vertex -1.367402e-02 6.703835e-03 -1.607211e-02
    endloop
  endfacet
  facet normal 1.512422e-01 8.583034e-01 -4.903480e-01
    outer loop
      vertex -1.506562e-02 8.788981e-03 -1.063571e-02
      vertex -1.507385e-02 9.383344e-03 -9.597879e-03
      vertex -1.380773e-02 9.225068e-03 -9.484405e-03
    endloop
  endfacet
  facet normal 1.517261e-01 8.262806e-01 -5.424385e-01
    outer loop
      vertex -1.507385e-02 9.383344e-03 -9.597879e-03
      vertex -1.507044e-02 1.000514e-02 -8.649765e-03
      vertex -1.379836e-02 9.844445e-03 -8.538728e-03
    endloop
  endfacet
  facet normal 1.415758e-01 7.962048e-01 -5.882297e-01
    outer loop
      vertex -1.451058e-02 1.026053e-02 -8.162661e-03
      vertex -1.427142e-02 1.060036e-02 -7.645118e-03
      vertex -1.334264e-02 1.049510e-02 -7.564046e-03
    endloop
  endfacet
  facet normal 1.559371e-01 7.116271e-01 -6.850332e-01
    outer loop
      vertex -1.546359e-02 1.156751e-02 -6.805017e-03
      vertex -1.494700e-02 1.228613e-02 -5.940905e-03
      vertex -1.425482e-02 1.140420e-02 -6.699507e-03
    endloop
  endfacet
  facet normal 1.242170e-01 9.378863e-01 -3.239436e-01
    outer loop
      vertex -1.290785e-02 7.182055e-03 -1.370201e-02
      vertex -1.245105e-02 7.525035e-03 -1.253384e-02
      vertex -1.234042e-02 7.124010e-03 -1.365248e-02
    endloop
  endfacet
  facet normal 1.292474e-01 7.932511e-01 -5.950191e-01
    outer loop
      vertex -1.257618e-02 9.722959e-03 -8.426948e-03
      vertex -1.334264e-02 1.049510e-02 -7.564046e-03
      vertex -1.243042e-02 1.040620e-02 -7.484420e-03
    endloop
  endfacet
  facet normal 1.331649e-01 7.944225e-01 -5.925876e-01
    outer loop
      vertex -1.379836e-02 9.844445e-03 -8.538728e-03
      vertex -1.334264e-02 1.049510e-02 -7.564046e-03
      vertex -1.257618e-02 9.722959e-03 -8.426948e-03
    endloop
  endfacet
  facet normal 1.232724e-01 7.148262e-01 -6.883512e-01
    outer loop
      vertex -1.212419e-02 1.153213e-02 -6.156104e-03
      vertex -1.303989e-02 1.126889e-02 -6.593458e-03
      vertex -1.277659e-02 1.202339e-02 -5.762784e-03
    endloop
  endfacet
  facet normal 1.309783e-01 6.209339e-01 -7.728427e-01
    outer loop
      vertex -1.373726e-02 1.301977e-02 -5.026898e-03
      vertex -1.370258e-02 1.394076e-02 -4.281057e-03
      vertex -1.256072e-02 1.382395e-02 -4.181387e-03
    endloop
  endfacet
  facet normal 8.811490e-02 9.852444e-01 -1.467282e-01
    outer loop
      vertex -1.179264e-02 6.514338e-03 -1.590789e-02
      vertex -1.091195e-02 6.447022e-03 -1.583102e-02
      vertex -1.082491e-02 6.270354e-03 -1.696502e-02
    endloop
  endfacet
  facet normal 9.374707e-02 9.586029e-01 -2.688716e-01
    outer loop
      vertex -1.103612e-02 7.019774e-03 -1.354396e-02
      vertex -1.099975e-02 6.715085e-03 -1.461759e-02
      vertex -1.163743e-02 6.761834e-03 -1.467325e-02
    endloop
  endfacet
  facet normal 1.141727e-01 7.956537e-01 -5.948948e-01
    outer loop
      vertex -1.155917e-02 9.638463e-03 -8.344036e-03
      vertex -1.243042e-02 1.040620e-02 -7.484420e-03
      vertex -1.154164e-02 1.033667e-02 -7.406840e-03
    endloop
  endfacet
  facet normal 1.182264e-01 7.115450e-01 -6.926227e-01
    outer loop
      vertex -1.277659e-02 1.202339e-02 -5.762784e-03
      vertex -1.142926e-02 1.191590e-02 -5.643236e-03
      vertex -1.212419e-02 1.153213e-02 -6.156104e-03
    endloop
  endfacet
  facet normal 6.434490e-02 9.941275e-01 -8.700678e-02
    outer loop
      vertex -1.077006e-02 6.207557e-03 -1.764198e-02
      vertex -9.642965e-03 6.202883e-03 -1.686185e-02
      vertex -1.072740e-02 6.158715e-03 -1.816850e-02
    endloop
  endfacet
  facet normal 8.889711e-02 8.930617e-01 -4.410647e-01
    outer loop
      vertex -1.120811e-02 7.882058e-03 -1.133573e-02
      vertex -1.124273e-02 8.394924e-03 -1.030426e-02
      vertex -1.010136e-02 8.332998e-03 -1.019961e-02
    endloop
  endfacet
  facet normal 9.229393e-02 8.637004e-01 -4.954831e-01
    outer loop
      vertex -1.124273e-02 8.394924e-03 -1.030426e-02
      vertex -1.089042e-02 8.971996e-03 -9.232716e-03
      vertex -1.010136e-02 8.332998e-03 -1.019961e-02
    endloop
  endfacet
  facet normal 9.483817e-02 8.313357e-01 -5.476191e-01
    outer loop
      vertex -1.089042e-02 8.971996e-03 -9.232716e-03
      vertex -1.133747e-02 9.387507e-03 -8.679353e-03
      vertex -1.015063e-02 8.934736e-03 -9.161161e-03
    endloop
  endfacet
  facet normal 1.024163e-01 6.704615e-01 -7.348416e-01
    outer loop
      vertex -1.040278e-02 1.186489e-02 -5.545716e-03
      vertex -1.143636e-02 1.231130e-02 -5.282467e-03
      vertex -1.037996e-02 1.225099e-02 -5.190256e-03
    endloop
  endfacet
  facet normal 5.340090e-02 9.872789e-01 -1.497619e-01
    outer loop
      vertex -9.642965e-03 6.202883e-03 -1.686185e-02
      vertex -9.733682e-03 6.379760e-03 -1.572817e-02
      vertex -9.087347e-03 6.353359e-03 -1.567175e-02
    endloop
  endfacet
  facet normal 5.929786e-02 9.604664e-01 -2.720076e-01
    outer loop
      vertex -9.922465e-03 6.959494e-03 -1.343663e-02
      vertex -8.862001e-03 6.612416e-03 -1.443099e-02
      vertex -9.827052e-03 6.648141e-03 -1.451523e-02
    endloop
  endfacet
  facet normal 6.561559e-02 9.196971e-01 -3.871070e-01
    outer loop
      vertex -9.931745e-03 7.351013e-03 -1.231782e-02
      vertex -8.805682e-03 7.771511e-03 -1.112792e-02
      vertex -8.674668e-03 7.310236e-03 -1.220162e-02
    endloop
  endfacet
  facet normal 6.941835e-02 8.938002e-01 -4.430601e-01
    outer loop
      vertex -1.003019e-02 7.814617e-03 -1.123420e-02
      vertex -1.010136e-02 8.332998e-03 -1.019961e-02
      vertex -8.803901e-03 8.286601e-03 -1.008992e-02
    endloop
  endfacet
  facet normal 7.614417e-02 8.327471e-01 -5.483925e-01
    outer loop
      vertex -1.015063e-02 8.934736e-03 -9.161161e-03
      vertex -9.185224e-03 9.525895e-03 -8.129426e-03
      vertex -8.877327e-03 8.885230e-03 -9.059540e-03
    endloop
  endfacet
  facet normal 8.528284e-02 7.962881e-01 -5.988757e-01
    outer loop
      vertex -1.027130e-02 9.562957e-03 -8.227205e-03
      vertex -1.041933e-02 1.026947e-02 -7.308876e-03
      vertex -9.535975e-03 1.023286e-02 -7.231769e-03
    endloop
  endfacet
  facet normal 8.419532e-02 7.155599e-01 -6.934589e-01
    outer loop
      vertex -9.152115e-03 1.181367e-02 -5.443902e-03
      vertex -9.147019e-03 1.102833e-02 -6.253656e-03
      vertex -1.017327e-02 1.106381e-02 -6.341645e-03
    endloop
  endfacet
  facet normal 8.747364e-02 6.720705e-01 -7.353024e-01
    outer loop
      vertex -9.152115e-03 1.181367e-02 -5.443902e-03
      vertex -1.037996e-02 1.225099e-02 -5.190256e-03
      vertex -9.259139e-03 1.270524e-02 -4.641737e-03
    endloop
  endfacet
  facet normal 2.392231e-01 8.700928e-01 -4.309417e-01
    outer loop
      vertex -2.041330e-02 9.804323e-03 -1.110588e-02
      vertex -1.996611e-02 9.187946e-03 -1.210213e-02
      vertex -2.095970e-02 9.804314e-03 -1.140922e-02
    endloop
  endfacet
  facet normal 2.914822e-01 9.565722e-01 -2.775746e-03
    outer loop
      vertex -2.281765e-02 8.301772e-03 -2.038174e-02
      vertex -2.373810e-02 8.582016e-03 -2.046208e-02
      vertex -2.345729e-02 8.499881e-03 -1.927965e-02
    endloop
  endfacet
  facet normal 2.773286e-01 9.607529e-01 -6.541300e-03
    outer loop
      vertex -2.222781e-02 8.139746e-03 -1.917233e-02
      vertex -2.220008e-02 8.123874e-03 -2.032783e-02
      vertex -2.281765e-02 8.301772e-03 -2.038174e-02
    endloop
  endfacet
  facet normal 2.664529e-01 9.638236e-01 -6.844488e-03
    outer loop
      vertex -2.157970e-02 7.952752e-03 -2.027368e-02
      vertex -2.220008e-02 8.123874e-03 -2.032783e-02
      vertex -2.222781e-02 8.139746e-03 -1.917233e-02
    endloop
  endfacet
  facet normal 2.556279e-01 9.667386e-01 -8.421207e-03
    outer loop
      vertex -2.098711e-02 7.806595e-03 -1.906403e-02
      vertex -2.095662e-02 7.788468e-03 -2.021930e-02
      vertex -2.157970e-02 7.952752e-03 -2.027368e-02
    endloop
  endfacet
  facet normal 2.446596e-01 9.695695e-01 -8.755169e-03
    outer loop
      vertex -2.033094e-02 7.631080e-03 -2.016468e-02
      vertex -2.095662e-02 7.788468e-03 -2.021930e-02
      vertex -2.098711e-02 7.806595e-03 -1.906403e-02
    endloop
  endfacet
  facet normal 1.782615e-01 9.838780e-01 -1.438557e-02
    outer loop
      vertex -1.652886e-02 6.834520e-03 -1.983281e-02
      vertex -1.716767e-02 6.949447e-03 -1.988857e-02
      vertex -1.715574e-02 6.964231e-03 -1.872961e-02
    endloop
  endfacet
  facet normal 1.671191e-01 9.858081e-01 -1.592456e-02
    outer loop
      vertex -1.596013e-02 6.757614e-03 -1.862525e-02
      vertex -1.588827e-02 6.726828e-03 -1.977690e-02
      vertex -1.652886e-02 6.834520e-03 -1.983281e-02
    endloop
  endfacet
  facet normal 1.521267e-01 9.882161e-01 -1.692445e-02
    outer loop
      vertex -1.492414e-02 6.579850e-03 -1.969274e-02
      vertex -1.588827e-02 6.726828e-03 -1.977690e-02
      vertex -1.596013e-02 6.757614e-03 -1.862525e-02
    endloop
  endfacet
  facet normal 1.321093e-01 9.911175e-01 -1.527227e-02
    outer loop
      vertex -1.397475e-02 6.464338e-03 -1.897663e-02
      vertex -1.492414e-02 6.579850e-03 -1.969274e-02
      vertex -1.468596e-02 6.566266e-03 -1.851403e-02
    endloop
  endfacet
  facet normal 7.674440e-02 9.967577e-01 -2.417477e-02
    outer loop
      vertex -1.072740e-02 6.158715e-03 -1.816850e-02
      vertex -1.071444e-02 6.129661e-03 -1.932529e-02
      vertex -1.136478e-02 6.178356e-03 -1.938205e-02
    endloop
  endfacet
  facet normal 6.529205e-02 9.975697e-01 -2.432350e-02
    outer loop
      vertex -1.006346e-02 6.088439e-03 -1.926846e-02
      vertex -1.071444e-02 6.129661e-03 -1.932529e-02
      vertex -1.072740e-02 6.158715e-03 -1.816850e-02
    endloop
  endfacet
  facet normal 5.225161e-02 9.195759e-01 -3.894225e-01
    outer loop
      vertex -7.474810e-03 7.626841e-03 -1.129097e-02
      vertex -7.432800e-03 7.420669e-03 -1.177219e-02
      vertex -8.805682e-03 7.771511e-03 -1.112792e-02
    endloop
  endfacet
  facet normal 6.969111e-02 6.809484e-01 -7.290078e-01
    outer loop
      vertex -9.152115e-03 1.181367e-02 -5.443902e-03
      vertex -8.549732e-03 1.220656e-02 -5.019332e-03
      vertex -8.124176e-03 1.166635e-02 -5.483245e-03
    endloop
  endfacet
  facet normal 2.383549e-01 8.673778e-01 -4.368554e-01
    outer loop
      vertex -1.996611e-02 9.187946e-03 -1.210213e-02
      vertex -1.949796e-02 9.803974e-03 -1.062358e-02
      vertex -1.934011e-02 9.323931e-03 -1.149058e-02
    endloop
  endfacet
  facet normal 1.167615e-01 6.224775e-01 -7.738789e-01
    outer loop
      vertex -1.256072e-02 1.382395e-02 -4.181387e-03
      vertex -1.140412e-02 1.280710e-02 -4.824792e-03
      vertex -1.262075e-02 1.290804e-02 -4.927167e-03
    endloop
  endfacet
  facet normal 1.532261e-02 9.966683e-01 -8.010963e-02
    outer loop
      vertex -8.243629e-03 6.045492e-03 -1.795169e-02
      vertex -6.989299e-03 6.114545e-03 -1.685266e-02
      vertex -7.651438e-03 6.035052e-03 -1.796830e-02
    endloop
  endfacet
  facet normal 5.769847e-02 8.942421e-01 -4.438491e-01
    outer loop
      vertex -8.803901e-03 8.286601e-03 -1.008992e-02
      vertex -7.557249e-03 8.078732e-03 -1.034666e-02
      vertex -8.805682e-03 7.771511e-03 -1.112792e-02
    endloop
  endfacet
  facet normal 9.199335e-02 6.934199e-01 -7.146370e-01
    outer loop
      vertex -7.416451e-03 1.148151e-02 -5.602871e-03
      vertex -6.859202e-03 1.225645e-02 -4.779207e-03
      vertex -6.706025e-03 1.149474e-02 -5.498578e-03
    endloop
  endfacet
  facet normal 8.544818e-02 7.328062e-01 -6.750509e-01
    outer loop
      vertex -7.416451e-03 1.148151e-02 -5.602871e-03
      vertex -6.706025e-03 1.149474e-02 -5.498578e-03
      vertex -6.572613e-03 1.076736e-02 -6.271306e-03
    endloop
  endfacet
  facet normal 1.037416e-01 7.746496e-01 -6.238234e-01
    outer loop
      vertex -5.639147e-03 1.011303e-02 -6.935465e-03
      vertex -5.083007e-03 1.080898e-02 -5.978764e-03
      vertex -4.853443e-03 1.014286e-02 -6.767760e-03
    endloop
  endfacet
  facet normal 1.235498e-01 7.791672e-01 -6.145193e-01
    outer loop
      vertex -5.083007e-03 1.080898e-02 -5.978764e-03
      vertex -4.316072e-03 1.084278e-02 -5.781713e-03
      vertex -4.044418e-03 1.018348e-02 -6.563039e-03
    endloop
  endfacet
  facet normal 1.519339e-01 7.901520e-01 -5.937810e-01
    outer loop
      vertex -2.829412e-03 1.093281e-02 -5.309980e-03
      vertex -1.682130e-03 1.036101e-02 -5.777321e-03
      vertex -2.478235e-03 1.029109e-02 -6.074057e-03
    endloop
  endfacet
  facet normal 1.683478e-01 8.031473e-01 -5.715011e-01
    outer loop
      vertex -2.072871e-03 1.099158e-02 -5.023250e-03
      vertex -1.369090e-03 1.105469e-02 -4.727240e-03
      vertex -9.422297e-04 1.043576e-02 -5.471306e-03
    endloop
  endfacet
  facet normal 8.370891e-02 8.078001e-01 -5.834825e-01
    outer loop
      vertex -5.973940e-03 9.500570e-03 -7.817722e-03
      vertex -4.853443e-03 1.014286e-02 -6.767760e-03
      vertex -4.837172e-03 9.541639e-03 -7.597779e-03
    endloop
  endfacet
  facet normal 1.313595e-01 8.265586e-01 -5.473076e-01
    outer loop
      vertex -2.478235e-03 1.029109e-02 -6.074057e-03
      vertex -5.308455e-04 9.889140e-03 -6.213706e-03
      vertex -1.305259e-03 9.803070e-03 -6.529559e-03
    endloop
  endfacet
  facet normal 1.466869e-01 8.606560e-01 -4.876004e-01
    outer loop
      vertex 2.106159e-03 1.052660e-02 -4.464653e-03
      vertex 2.133601e-03 1.085385e-02 -3.878765e-03
      vertex 2.863466e-03 1.040023e-02 -4.459874e-03
    endloop
  endfacet
  facet normal 1.432178e-01 8.663515e-01 -4.784597e-01
    outer loop
      vertex 2.843950e-03 1.097620e-02 -3.433475e-03
      vertex 4.367317e-03 1.069979e-02 -3.477991e-03
      vertex 3.417860e-03 1.050400e-02 -4.116713e-03
    endloop
  endfacet
  facet normal 6.975853e-02 8.376753e-01 -5.416954e-01
    outer loop
      vertex -5.912218e-03 8.907301e-03 -8.717159e-03
      vertex -4.837172e-03 9.541639e-03 -7.597779e-03
      vertex -4.716303e-03 8.953197e-03 -8.492179e-03
    endloop
  endfacet
  facet normal 1.018606e-01 8.500138e-01 -5.168181e-01
    outer loop
      vertex -2.139191e-03 9.722323e-03 -6.836125e-03
      vertex -1.440446e-03 9.571049e-03 -6.947210e-03
      vertex -1.775442e-03 9.165911e-03 -7.679568e-03
    endloop
  endfacet
  facet normal 1.021105e-01 8.537683e-01 -5.105420e-01
    outer loop
      vertex -1.440446e-03 9.571049e-03 -6.947210e-03
      vertex -9.025630e-05 9.356663e-03 -7.035680e-03
      vertex -9.013191e-04 9.258365e-03 -7.362278e-03
    endloop
  endfacet
  facet normal 1.065158e-01 8.844913e-01 -4.542350e-01
    outer loop
      vertex 2.580465e-03 1.002745e-02 -5.252127e-03
      vertex 2.863466e-03 1.040023e-02 -4.459874e-03
      vertex 3.453332e-03 9.935147e-03 -5.227174e-03
    endloop
  endfacet
  facet normal 1.002921e-01 8.878888e-01 -4.489932e-01
    outer loop
      vertex 3.417860e-03 1.050400e-02 -4.116713e-03
      vertex 4.822419e-03 1.022516e-02 -4.354380e-03
      vertex 4.030598e-03 1.005187e-02 -4.873939e-03
    endloop
  endfacet
  facet normal 6.579819e-02 8.692069e-01 -4.900511e-01
    outer loop
      vertex -4.716303e-03 8.953197e-03 -8.492179e-03
      vertex -3.307007e-03 8.787056e-03 -8.597640e-03
      vertex -3.449071e-03 8.487479e-03 -9.148076e-03
    endloop
  endfacet
  facet normal 4.425895e-02 9.123088e-01 -4.071041e-01
    outer loop
      vertex 1.494015e-03 9.053720e-03 -7.367415e-03
      vertex 1.897156e-03 8.637007e-03 -8.257431e-03
      vertex 3.489310e-04 8.879529e-03 -7.882263e-03
    endloop
  endfacet
  facet normal 9.559488e-03 9.281582e-01 -3.720632e-01
    outer loop
      vertex 5.461206e-03 9.847628e-03 -5.120317e-03
      vertex 6.931116e-03 9.749908e-03 -5.326324e-03
      vertex 6.196645e-03 9.555353e-03 -5.830537e-03
    endloop
  endfacet
  facet normal 2.100979e-02 9.209970e-01 -3.890028e-01
    outer loop
      vertex -1.821554e-03 7.708595e-03 -1.069397e-02
      vertex -7.823803e-04 8.031741e-03 -9.872766e-03
      vertex -8.128195e-04 7.817401e-03 -1.038188e-02
    endloop
  endfacet
  facet normal 1.883322e-02 9.237580e-01 -3.825134e-01
    outer loop
      vertex -6.786578e-04 8.264812e-03 -9.304802e-03
      vertex 5.290499e-04 7.991262e-03 -9.905952e-03
      vertex -7.823803e-04 8.031741e-03 -9.872766e-03
    endloop
  endfacet
  facet normal -1.331826e-02 9.413307e-01 -3.372226e-01
    outer loop
      vertex 5.242059e-03 9.315188e-03 -6.454997e-03
      vertex 5.837913e-03 9.030241e-03 -7.273938e-03
      vertex 4.620255e-03 9.172435e-03 -6.828925e-03
    endloop
  endfacet
  facet normal -2.437139e-02 9.385450e-01 -3.442955e-01
    outer loop
      vertex 5.242059e-03 9.315188e-03 -6.454997e-03
      vertex 6.717617e-03 9.260096e-03 -6.709629e-03
      vertex 5.837913e-03 9.030241e-03 -7.273938e-03
    endloop
  endfacet
  facet normal 9.914204e-03 9.379559e-01 -3.466127e-01
    outer loop
      vertex -3.033361e-03 7.601977e-03 -1.101891e-02
      vertex -2.170146e-03 7.284737e-03 -1.185269e-02
      vertex -3.134180e-03 7.376227e-03 -1.163269e-02
    endloop
  endfacet
  facet normal 2.566806e-03 9.416474e-01 -3.365911e-01
    outer loop
      vertex -8.128195e-04 7.817401e-03 -1.038188e-02
      vertex -1.947117e-04 7.501826e-03 -1.126002e-02
      vertex -1.821554e-03 7.708595e-03 -1.069397e-02
    endloop
  endfacet
  facet normal 1.245453e-03 9.542585e-01 -2.989803e-01
    outer loop
      vertex -3.384078e-03 7.188982e-03 -1.214344e-02
      vertex -3.179440e-03 6.873445e-03 -1.314970e-02
      vertex -4.153683e-03 6.814160e-03 -1.334297e-02
    endloop
  endfacet
  facet normal -7.200247e-03 9.537432e-01 -3.005363e-01
    outer loop
      vertex -3.179440e-03 6.873445e-03 -1.314970e-02
      vertex -3.384078e-03 7.188982e-03 -1.214344e-02
      vertex -2.079057e-03 6.964438e-03 -1.288729e-02
    endloop
  endfacet
  facet normal -1.614324e-02 9.547421e-01 -2.969964e-01
    outer loop
      vertex -2.079057e-03 6.964438e-03 -1.288729e-02
      vertex -2.170146e-03 7.284737e-03 -1.185269e-02
      vertex -1.015924e-03 7.073362e-03 -1.259493e-02
    endloop
  endfacet
  facet normal -4.049533e-02 9.596252e-01 -2.783517e-01
    outer loop
      vertex 1.481831e-03 7.744575e-03 -1.064161e-02
      vertex 2.324862e-03 7.556801e-03 -1.141161e-02
      vertex 8.262660e-04 7.642849e-03 -1.089694e-02
    endloop
  endfacet
  facet normal -1.324201e-02 9.683203e-01 -2.493601e-01
    outer loop
      vertex -4.054630e-03 6.551595e-03 -1.436783e-02
      vertex -4.153683e-03 6.814160e-03 -1.334297e-02
      vertex -2.941219e-03 6.624582e-03 -1.414354e-02
    endloop
  endfacet
  facet normal -3.559533e-02 9.682505e-01 -2.474348e-01
    outer loop
      vertex -2.079057e-03 6.964438e-03 -1.288729e-02
      vertex -7.009598e-04 6.840354e-03 -1.357111e-02
      vertex -1.801494e-03 6.722827e-03 -1.387269e-02
    endloop
  endfacet
  facet normal -9.767102e-02 9.680863e-01 -2.308015e-01
    outer loop
      vertex 3.611655e-03 7.524594e-03 -1.198683e-02
      vertex 4.126957e-03 7.906357e-03 -1.060361e-02
      vertex 4.613676e-03 7.736855e-03 -1.152055e-02
    endloop
  endfacet
  facet normal -1.317100e-01 9.645886e-01 -2.285197e-01
    outer loop
      vertex 6.122260e-03 8.373991e-03 -9.549672e-03
      vertex 7.611550e-03 8.498914e-03 -9.880739e-03
      vertex 6.669928e-03 8.238464e-03 -1.043739e-02
    endloop
  endfacet
  facet normal -1.823073e-01 9.628222e-01 -1.993427e-01
    outer loop
      vertex 1.064627e-02 9.765050e-03 -6.461044e-03
      vertex 1.131827e-02 9.724957e-03 -7.269268e-03
      vertex 9.771873e-03 9.458474e-03 -7.142129e-03
    endloop
  endfacet
  facet normal -5.454537e-02 9.788509e-01 -1.971692e-01
    outer loop
      vertex -1.801494e-03 6.722827e-03 -1.387269e-02
      vertex -3.972788e-04 6.667441e-03 -1.453611e-02
      vertex -1.533485e-03 6.541569e-03 -1.484669e-02
    endloop
  endfacet
  facet normal -1.245178e-01 9.734305e-01 -1.921676e-01
    outer loop
      vertex 4.049568e-03 7.399052e-03 -1.290652e-02
      vertex 3.611655e-03 7.524594e-03 -1.198683e-02
      vertex 5.080853e-03 7.625520e-03 -1.242758e-02
    endloop
  endfacet
  facet normal -1.652852e-01 9.706728e-01 -1.745711e-01
    outer loop
      vertex 6.669928e-03 8.238464e-03 -1.043739e-02
      vertex 7.611550e-03 8.498914e-03 -9.880739e-03
      vertex 8.161951e-03 8.437243e-03 -1.074478e-02
    endloop
  endfacet
  facet normal -1.798280e-01 9.686111e-01 -1.716231e-01
    outer loop
      vertex 8.574492e-03 8.786057e-03 -9.269129e-03
      vertex 9.150065e-03 8.742554e-03 -1.011775e-02
      vertex 7.611550e-03 8.498914e-03 -9.880739e-03
    endloop
  endfacet
  facet normal -1.946610e-01 9.662460e-01 -1.687475e-01
    outer loop
      vertex 8.574492e-03 8.786057e-03 -9.269129e-03
      vertex 9.518699e-03 9.088682e-03 -8.625505e-03
      vertex 1.011808e-02 9.063997e-03 -9.458270e-03
    endloop
  endfacet
  facet normal -2.236974e-01 9.609717e-01 -1.627664e-01
    outer loop
      vertex 1.058963e-02 9.459291e-03 -7.836355e-03
      vertex 1.131827e-02 9.724957e-03 -7.269268e-03
      vertex 1.196067e-02 9.738942e-03 -8.069581e-03
    endloop
  endfacet
  facet normal -7.128808e-02 9.876547e-01 -1.394857e-01
    outer loop
      vertex -1.533485e-03 6.541569e-03 -1.484669e-02
      vertex -3.972788e-04 6.667441e-03 -1.453611e-02
      vertex -7.059807e-05 6.540570e-03 -1.560141e-02
    endloop
  endfacet
  facet normal -1.196454e-01 9.832777e-01 -1.372953e-01
    outer loop
      vertex 2.918230e-03 7.175654e-03 -1.338671e-02
      vertex 3.352358e-03 7.084661e-03 -1.441670e-02
      vertex 1.865550e-03 6.990918e-03 -1.379240e-02
    endloop
  endfacet
  facet normal -2.011923e-01 9.708132e-01 -1.305502e-01
    outer loop
      vertex 7.194923e-03 8.160051e-03 -1.131576e-02
      vertex 8.161951e-03 8.437243e-03 -1.074478e-02
      vertex 8.750018e-03 8.430711e-03 -1.169962e-02
    endloop
  endfacet
  facet normal -2.334608e-01 9.640110e-01 -1.271960e-01
    outer loop
      vertex 1.011808e-02 9.063997e-03 -9.458270e-03
      vertex 1.075769e-02 9.097433e-03 -1.037884e-02
      vertex 9.150065e-03 8.742554e-03 -1.011775e-02
    endloop
  endfacet
  facet normal -2.432192e-01 9.606572e-01 -1.340979e-01
    outer loop
      vertex 1.011808e-02 9.063997e-03 -9.458270e-03
      vertex 1.104280e-02 9.392226e-03 -8.784107e-03
      vertex 1.075769e-02 9.097433e-03 -1.037884e-02
    endloop
  endfacet
  facet normal -1.649569e-02 9.962841e-01 -8.453360e-02
    outer loop
      vertex -5.861746e-03 6.123375e-03 -1.677847e-02
      vertex -4.696589e-03 6.066947e-03 -1.767088e-02
      vertex -5.977873e-03 6.031593e-03 -1.783752e-02
    endloop
  endfacet
  facet normal -3.600610e-02 9.957471e-01 -8.480159e-02
    outer loop
      vertex -4.696589e-03 6.066947e-03 -1.767088e-02
      vertex -3.652386e-03 6.208795e-03 -1.644865e-02
      vertex -3.461156e-03 6.129013e-03 -1.746665e-02
    endloop
  endfacet
  facet normal -5.254383e-02 9.947487e-01 -8.782995e-02
    outer loop
      vertex -3.652386e-03 6.208795e-03 -1.644865e-02
      vertex -2.461956e-03 6.292763e-03 -1.620981e-02
      vertex -3.461156e-03 6.129013e-03 -1.746665e-02
    endloop
  endfacet
  facet normal -7.377799e-02 9.932233e-01 -8.980083e-02
    outer loop
      vertex -2.461956e-03 6.292763e-03 -1.620981e-02
      vertex -9.819188e-04 6.338074e-03 -1.692461e-02
      vertex -2.235026e-03 6.218206e-03 -1.722087e-02
    endloop
  endfacet
  facet normal -7.186394e-02 9.937167e-01 -8.580642e-02
    outer loop
      vertex -1.244735e-03 6.405661e-03 -1.592178e-02
      vertex -9.819188e-04 6.338074e-03 -1.692461e-02
      vertex -2.461956e-03 6.292763e-03 -1.620981e-02
    endloop
  endfacet
  facet normal -9.266110e-02 9.915206e-01 -9.110881e-02
    outer loop
      vertex -9.819188e-04 6.338074e-03 -1.692461e-02
      vertex -1.244735e-03 6.405661e-03 -1.592178e-02
      vertex -2.268031e-04 6.427559e-03 -1.671874e-02
    endloop
  endfacet
  facet normal -1.299782e-01 9.871056e-01 -9.342520e-02
    outer loop
      vertex 1.089450e-03 6.699335e-03 -1.524281e-02
      vertex 2.629287e-03 6.848670e-03 -1.580727e-02
      vertex 1.419455e-03 6.649673e-03 -1.622664e-02
    endloop
  endfacet
  facet normal -2.029782e-01 9.744201e-01 -9.646373e-02
    outer loop
      vertex 6.033234e-03 7.566897e-03 -1.436482e-02
      vertex 5.581007e-03 7.565286e-03 -1.342952e-02
      vertex 7.158123e-03 7.857393e-03 -1.379738e-02
    endloop
  endfacet
  facet normal -2.211301e-01 9.704148e-01 -9.693613e-02
    outer loop
      vertex 7.158123e-03 7.857393e-03 -1.379738e-02
      vertex 6.678043e-03 7.840010e-03 -1.287624e-02
      vertex 8.262920e-03 8.169560e-03 -1.319257e-02
    endloop
  endfacet
  facet normal -2.387053e-01 9.662281e-01 -9.707209e-02
    outer loop
      vertex 8.262920e-03 8.169560e-03 -1.319257e-02
      vertex 7.756187e-03 8.135420e-03 -1.228631e-02
      vertex 9.280607e-03 8.481381e-03 -1.259134e-02
    endloop
  endfacet
  facet normal -2.368188e-01 9.677471e-01 -8.592117e-02
    outer loop
      vertex 8.750018e-03 8.430711e-03 -1.169962e-02
      vertex 9.280607e-03 8.481381e-03 -1.259134e-02
      vertex 7.756187e-03 8.135420e-03 -1.228631e-02
    endloop
  endfacet
  facet normal -2.729773e-01 9.570436e-01 -9.772939e-02
    outer loop
      vertex 1.031880e-02 8.824259e-03 -1.193175e-02
      vertex 9.764648e-03 8.755657e-03 -1.105569e-02
      vertex 1.133404e-02 9.184598e-03 -1.123879e-02
    endloop
  endfacet
  facet normal -3.034073e-01 9.488462e-01 -8.737760e-02
    outer loop
      vertex 1.205793e-02 9.584121e-03 -9.412494e-03
      vertex 1.264540e-02 9.814143e-03 -8.954553e-03
      vertex 1.290186e-02 9.794110e-03 -1.006260e-02
    endloop
  endfacet
  facet normal -3.223459e-01 9.429233e-01 -8.359879e-02
    outer loop
      vertex 1.264540e-02 9.814143e-03 -8.954553e-03
      vertex 1.356080e-02 1.019462e-02 -8.192774e-03
      vertex 1.419542e-02 1.033979e-02 -9.002391e-03
    endloop
  endfacet
  facet normal 5.157505e-02 9.287904e-01 -3.669992e-01
    outer loop
      vertex 7.972216e-03 1.085112e-02 -2.416539e-03
      vertex 7.826739e-03 1.048547e-02 -3.362345e-03
      vertex 7.114212e-03 1.090049e-02 -2.412165e-03
    endloop
  endfacet
  facet normal -1.586852e-01 9.866360e-01 -3.699200e-02
    outer loop
      vertex 2.629287e-03 6.848670e-03 -1.580727e-02
      vertex 3.226573e-03 6.910680e-03 -1.671556e-02
      vertex 2.106572e-03 6.715649e-03 -1.711287e-02
    endloop
  endfacet
  facet normal -2.241224e-01 9.735601e-01 -4.415760e-02
    outer loop
      vertex 6.033234e-03 7.566897e-03 -1.436482e-02
      vertex 6.766086e-03 7.698450e-03 -1.518403e-02
      vertex 6.228198e-03 7.562886e-03 -1.544279e-02
    endloop
  endfacet
  facet normal -2.849189e-01 9.572962e-01 -4.904311e-02
    outer loop
      vertex 1.020246e-02 8.757667e-03 -1.255395e-02
      vertex 9.534484e-03 8.501657e-03 -1.367049e-02
      vertex 9.280607e-03 8.481381e-03 -1.259134e-02
    endloop
  endfacet
  facet normal 1.139822e-03 9.908111e-01 -1.352484e-01
    outer loop
      vertex -6.989299e-03 6.114545e-03 -1.685266e-02
      vertex -7.058027e-03 6.222096e-03 -1.606533e-02
      vertex -5.861746e-03 6.123375e-03 -1.677847e-02
    endloop
  endfacet
  facet normal -1.320757e-03 9.951490e-01 -9.837036e-02
    outer loop
      vertex -6.989299e-03 6.114545e-03 -1.685266e-02
      vertex -5.861746e-03 6.123375e-03 -1.677847e-02
      vertex -6.943124e-03 6.062317e-03 -1.738164e-02
    endloop
  endfacet
  facet normal 7.072323e-03 9.697237e-01 -2.441022e-01
    outer loop
      vertex -7.215783e-03 6.592669e-03 -1.425815e-02
      vertex -5.955712e-03 6.596611e-03 -1.420599e-02
      vertex -6.545668e-03 6.471180e-03 -1.472137e-02
    endloop
  endfacet
  facet normal -2.144355e-01 9.758168e-01 -4.241401e-02
    outer loop
      vertex 5.321807e-03 7.345559e-03 -1.586033e-02
      vertex 6.033234e-03 7.566897e-03 -1.436482e-02
      vertex 6.228198e-03 7.562886e-03 -1.544279e-02
    endloop
  endfacet
  facet normal 1.982561e-01 7.749625e-01 -6.001064e-01
    outer loop
      vertex -1.369090e-03 1.105469e-02 -4.727240e-03
      vertex -1.213242e-03 1.178688e-02 -3.730228e-03
      vertex -6.043167e-04 1.113308e-02 -4.373362e-03
    endloop
  endfacet
  facet normal -2.293261e-02 9.997311e-01 -3.452318e-03
    outer loop
      vertex 1.641125e-02 1.073421e-02 -2.285823e-03
      vertex 1.583310e-02 1.071720e-02 -3.369405e-03
      vertex 1.529424e-02 1.070890e-02 -2.195635e-03
    endloop
  endfacet
  facet normal -1.314577e-02 9.999114e-01 -2.086913e-03
    outer loop
      vertex 1.492537e-02 1.069913e-02 -6.147735e-03
      vertex 1.455174e-02 1.069726e-02 -4.690249e-03
      vertex 1.576612e-02 1.071253e-02 -5.023781e-03
    endloop
  endfacet
  facet normal -1.540694e-02 9.998813e-01 -1.150891e-04
    outer loop
      vertex 1.431146e-02 1.069727e-02 -2.006798e-03
      vertex 1.449053e-02 1.070017e-02 -7.577139e-04
      vertex 1.555375e-02 1.071653e-02 -9.798175e-04
    endloop
  endfacet
  facet normal -4.903081e-03 9.999875e-01 1.023217e-03
    outer loop
      vertex 1.339070e-02 1.069460e-02 -5.811550e-04
      vertex 1.377888e-02 1.069571e-02 1.894051e-04
      vertex 1.449053e-02 1.070017e-02 -7.577139e-04
    endloop
  endfacet
  facet normal -1.398908e-02 9.999021e-01 -2.102488e-04
    outer loop
      vertex 1.518155e-02 1.069731e-02 -9.794180e-03
      vertex 1.583227e-02 1.070658e-02 -8.987576e-03
      vertex 1.640863e-02 1.071440e-02 -1.014987e-02
    endloop
  endfacet
  facet normal -8.818743e-05 9.999998e-01 -6.616817e-04
    outer loop
      vertex 1.268977e-02 1.069766e-02 -1.196851e-03
      vertex 1.431146e-02 1.069727e-02 -2.006798e-03
      vertex 1.299280e-02 1.069688e-02 -2.416213e-03
    endloop
  endfacet
  facet normal 1.184970e-02 9.999284e-01 1.647544e-03
    outer loop
      vertex 1.226024e-02 1.069997e-02 4.888492e-04
      vertex 1.268977e-02 1.069766e-02 -1.196851e-03
      vertex 1.174021e-02 1.070849e-02 -9.419702e-04
    endloop
  endfacet
  facet normal 4.351694e-02 9.990386e-01 5.307828e-03
    outer loop
      vertex 9.444373e-03 1.076903e-02 -2.444488e-04
      vertex 8.510920e-03 1.081225e-02 -7.260045e-04
      vertex 8.525818e-03 1.080329e-02 8.373590e-04
    endloop
  endfacet
  facet normal 4.325917e-02 9.990470e-01 5.808249e-03
    outer loop
      vertex 9.444373e-03 1.076903e-02 -2.444488e-04
      vertex 9.609628e-03 1.076919e-02 -1.502476e-03
      vertex 8.510920e-03 1.081225e-02 -7.260045e-04
    endloop
  endfacet
  facet normal 1.510439e-01 9.883819e-01 1.694242e-02
    outer loop
      vertex -2.573147e-03 1.195374e-02 -1.171065e-03
      vertex -1.915017e-03 1.183877e-02 -3.308967e-04
      vertex -1.573343e-03 1.180332e-02 -1.309339e-03
    endloop
  endfacet
  facet normal 2.298103e-01 9.729239e-01 2.462262e-02
    outer loop
      vertex -1.055421e-02 1.358710e-02 -2.955590e-03
      vertex -9.722305e-03 1.334939e-02 -1.327139e-03
      vertex -9.316580e-03 1.330414e-02 -3.325993e-03
    endloop
  endfacet
  facet normal 2.335267e-01 9.720577e-01 2.385379e-02
    outer loop
      vertex -1.043019e-02 1.351061e-02 -1.119888e-03
      vertex -1.105964e-02 1.362763e-02 2.737587e-04
      vertex -1.024377e-02 1.342134e-02 6.929840e-04
    endloop
  endfacet
  facet normal 2.405316e-01 9.702808e-01 2.645065e-02
    outer loop
      vertex -1.115617e-02 1.370371e-02 -1.759062e-03
      vertex -1.055421e-02 1.358710e-02 -2.955590e-03
      vertex -1.177845e-02 1.391881e-02 -3.990832e-03
    endloop
  endfacet
  facet normal 2.534408e-01 9.669954e-01 2.622474e-02
    outer loop
      vertex -1.274676e-02 1.417157e-02 -3.953135e-03
      vertex -1.283221e-02 1.415394e-02 -2.477044e-03
      vertex -1.177845e-02 1.391881e-02 -3.990832e-03
    endloop
  endfacet
  facet normal 2.597476e-01 9.652970e-01 2.707318e-02
    outer loop
      vertex -1.284675e-02 1.411146e-02 -8.103684e-04
      vertex -1.382753e-02 1.435487e-02 -7.915263e-05
      vertex -1.289492e-02 1.409416e-02 2.689089e-04
    endloop
  endfacet
  facet normal 2.778602e-01 9.601769e-01 2.922461e-02
    outer loop
      vertex -1.461079e-02 1.460213e-02 -1.047548e-03
      vertex -1.567596e-02 1.488426e-02 -1.896437e-04
      vertex -1.475423e-02 1.460824e-02 1.155714e-04
    endloop
  endfacet
  facet normal 2.874648e-01 9.573184e-01 3.009203e-02
    outer loop
      vertex -1.646367e-02 1.514837e-02 -1.066863e-03
      vertex -1.666193e-02 1.517316e-02 3.853176e-05
      vertex -1.567596e-02 1.488426e-02 -1.896437e-04
    endloop
  endfacet
  facet normal -3.166732e-02 9.994869e-01 -4.804420e-03
    outer loop
      vertex 1.774389e-02 1.077508e-02 -3.321488e-03
      vertex 1.758527e-02 1.076282e-02 -4.827786e-03
      vertex 1.692856e-02 1.073976e-02 -5.295074e-03
    endloop
  endfacet
  facet normal 2.084067e-01 9.778135e-01 2.115285e-02
    outer loop
      vertex -8.035400e-03 1.303859e-02 -4.243621e-03
      vertex -7.370493e-03 1.288002e-02 -3.464831e-03
      vertex -7.189477e-03 1.285941e-02 -4.295347e-03
    endloop
  endfacet
  facet normal 2.002783e-01 9.795162e-01 2.089402e-02
    outer loop
      vertex -7.189477e-03 1.285941e-02 -4.295347e-03
      vertex -6.534993e-03 1.270354e-02 -3.261755e-03
      vertex -6.318268e-03 1.268150e-02 -4.305770e-03
    endloop
  endfacet
  facet normal 1.849224e-01 9.825551e-01 1.972939e-02
    outer loop
      vertex -5.776942e-03 1.254308e-02 -2.698775e-03
      vertex -5.087471e-03 1.239592e-02 -1.832410e-03
      vertex -4.876545e-03 1.237683e-02 -2.858809e-03
    endloop
  endfacet
  facet normal 1.836307e-01 9.828113e-01 1.902121e-02
    outer loop
      vertex -5.492004e-03 1.251933e-02 -4.279731e-03
      vertex -4.876545e-03 1.237683e-02 -2.858809e-03
      vertex -4.631763e-03 1.235742e-02 -4.219180e-03
    endloop
  endfacet
  facet normal 1.408382e-01 9.899231e-01 1.472470e-02
    outer loop
      vertex -1.213242e-03 1.178688e-02 -3.730228e-03
      vertex -5.000890e-04 1.166245e-02 -2.185859e-03
      vertex -4.092246e-04 1.167023e-02 -3.578000e-03
    endloop
  endfacet
  facet normal 1.238096e-01 9.922072e-01 1.400528e-02
    outer loop
      vertex 6.308734e-04 1.153047e-02 -3.370907e-03
      vertex 6.476690e-04 1.151277e-02 -2.265476e-03
      vertex 1.265233e-03 1.144951e-02 -3.243126e-03
    endloop
  endfacet
  facet normal 1.159131e-01 9.931654e-01 1.366383e-02
    outer loop
      vertex 1.265233e-03 1.144951e-02 -3.243126e-03
      vertex 1.484548e-03 1.140884e-02 -2.147256e-03
      vertex 2.120753e-03 1.134732e-02 -3.073272e-03
    endloop
  endfacet
  facet normal 1.082618e-01 9.940425e-01 1.260816e-02
    outer loop
      vertex 2.120753e-03 1.134732e-02 -3.073272e-03
      vertex 2.192821e-03 1.132701e-02 -2.090272e-03
      vertex 2.978520e-03 1.125184e-02 -2.910333e-03
    endloop
  endfacet
  facet normal 1.004897e-01 9.948712e-01 1.154147e-02
    outer loop
      vertex 2.978520e-03 1.125184e-02 -2.910333e-03
      vertex 3.459356e-03 1.118927e-02 -1.703405e-03
      vertex 3.831076e-03 1.116399e-02 -2.760706e-03
    endloop
  endfacet
  facet normal 8.401378e-02 9.964119e-01 1.024277e-02
    outer loop
      vertex 5.495963e-03 1.100870e-02 -1.724977e-03
      vertex 4.338313e-03 1.110506e-02 -1.603703e-03
      vertex 4.895447e-03 1.104454e-02 -2.858007e-04
    endloop
  endfacet
  facet normal 6.542245e-02 9.978309e-01 7.301942e-03
    outer loop
      vertex 6.311289e-03 1.095342e-02 -2.451710e-03
      vertex 6.995877e-03 1.089981e-02 -1.259539e-03
      vertex 7.114212e-03 1.090049e-02 -2.412165e-03
    endloop
  endfacet
  facet normal 4.344751e-02 9.990412e-01 5.387024e-03
    outer loop
      vertex 8.838163e-03 1.080798e-02 -2.475373e-03
      vertex 9.609628e-03 1.076919e-02 -1.502476e-03
      vertex 9.610026e-03 1.077511e-02 -2.603474e-03
    endloop
  endfacet
  facet normal -1.448774e-02 9.998913e-01 -2.749857e-03
    outer loop
      vertex 1.581065e-02 1.070853e-02 -7.395463e-03
      vertex 1.453875e-02 1.069184e-02 -6.763631e-03
      vertex 1.492537e-02 1.069913e-02 -6.147735e-03
    endloop
  endfacet
  facet normal 2.735464e-01 9.614081e-01 2.944210e-02
    outer loop
      vertex -1.522007e-02 1.486273e-02 -3.893382e-03
      vertex -1.485398e-02 1.471624e-02 -2.511364e-03
      vertex -1.380892e-02 1.444014e-02 -3.205110e-03
    endloop
  endfacet
  facet normal 2.748965e-01 9.611088e-01 2.649025e-02
    outer loop
      vertex -1.522007e-02 1.486273e-02 -3.893382e-03
      vertex -1.380892e-02 1.444014e-02 -3.205110e-03
      vertex -1.384750e-02 1.447088e-02 -3.919896e-03
    endloop
  endfacet
  facet normal -3.247876e-02 9.994697e-01 -2.343986e-03
    outer loop
      vertex 1.641125e-02 1.073421e-02 -2.285823e-03
      vertex 1.698208e-02 1.075482e-02 -1.404464e-03
      vertex 1.774389e-02 1.077508e-02 -3.321488e-03
    endloop
  endfacet
  facet normal -1.890941e-02 9.998185e-01 -2.308061e-03
    outer loop
      vertex 1.688328e-02 1.072168e-02 -1.149411e-02
      vertex 1.623093e-02 1.070742e-02 -1.232649e-02
      vertex 1.590794e-02 1.070442e-02 -1.098083e-02
    endloop
  endfacet
  facet normal -1.430041e-02 9.998974e-01 -8.168557e-04
    outer loop
      vertex 1.581065e-02 1.070853e-02 -7.395463e-03
      vertex 1.505151e-02 1.069663e-02 -8.668571e-03
      vertex 1.475559e-02 1.069345e-02 -7.384724e-03
    endloop
  endfacet
  facet normal 5.813056e-02 9.982834e-01 7.149187e-03
    outer loop
      vertex 7.840438e-03 1.085286e-02 -1.569570e-03
      vertex 6.995877e-03 1.089981e-02 -1.259539e-03
      vertex 7.576036e-03 1.085321e-02 5.310255e-04
    endloop
  endfacet
  facet normal 5.239395e-02 9.986058e-01 6.427067e-03
    outer loop
      vertex 7.840438e-03 1.085286e-02 -1.569570e-03
      vertex 7.576036e-03 1.085321e-02 5.310255e-04
      vertex 8.510920e-03 1.081225e-02 -7.260045e-04
    endloop
  endfacet
  facet normal 6.914009e-02 9.975511e-01 1.055770e-02
    outer loop
      vertex 5.495963e-03 1.100870e-02 -1.724977e-03
      vertex 5.911538e-03 1.096777e-02 -5.791206e-04
      vertex 6.995877e-03 1.089981e-02 -1.259539e-03
    endloop
  endfacet
  facet normal 7.749202e-02 9.969647e-01 7.507712e-03
    outer loop
      vertex 5.911538e-03 1.096777e-02 -5.791206e-04
      vertex 5.495963e-03 1.100870e-02 -1.724977e-03
      vertex 4.895447e-03 1.104454e-02 -2.858007e-04
    endloop
  endfacet
  facet normal 9.658772e-02 9.952723e-01 1.018866e-02
    outer loop
      vertex 3.459356e-03 1.118927e-02 -1.703405e-03
      vertex 2.980161e-03 1.122382e-02 -5.356445e-04
      vertex 3.964214e-03 1.112878e-02 -5.808101e-04
    endloop
  endfacet
  facet normal 1.137071e-01 9.934259e-01 1.325696e-02
    outer loop
      vertex 1.916433e-03 1.134402e-02 -9.943636e-04
      vertex 2.192821e-03 1.132701e-02 -2.090272e-03
      vertex 1.484548e-03 1.140884e-02 -2.147256e-03
    endloop
  endfacet
  facet normal 1.212676e-01 9.925193e-01 1.413068e-02
    outer loop
      vertex 6.476690e-04 1.151277e-02 -2.265476e-03
      vertex 8.359290e-04 1.146918e-02 -8.196945e-04
      vertex 1.484548e-03 1.140884e-02 -2.147256e-03
    endloop
  endfacet
  facet normal 1.303055e-01 9.913636e-01 1.478879e-02
    outer loop
      vertex -3.523802e-04 1.162668e-02 -1.090049e-03
      vertex 6.476690e-04 1.151277e-02 -2.265476e-03
      vertex -5.000890e-04 1.166245e-02 -2.185859e-03
    endloop
  endfacet
  facet normal 1.422909e-01 9.897088e-01 1.515690e-02
    outer loop
      vertex -1.498957e-03 1.181499e-02 -2.769506e-03
      vertex -1.573343e-03 1.180332e-02 -1.309339e-03
      vertex -5.000890e-04 1.166245e-02 -2.185859e-03
    endloop
  endfacet
  facet normal 1.602493e-01 9.869446e-01 1.614315e-02
    outer loop
      vertex -2.288129e-03 1.195440e-02 -3.914881e-03
      vertex -3.144317e-03 1.209554e-02 -4.044643e-03
      vertex -2.223729e-03 1.192158e-02 -2.547956e-03
    endloop
  endfacet
  facet normal 1.685456e-01 9.855400e-01 1.741398e-02
    outer loop
      vertex -4.082222e-03 1.223005e-02 -2.587856e-03
      vertex -4.245472e-03 1.223864e-02 -1.493660e-03
      vertex -3.266249e-03 1.207963e-02 -1.972400e-03
    endloop
  endfacet
  facet normal 1.859205e-01 9.823829e-01 1.890585e-02
    outer loop
      vertex -5.087471e-03 1.239592e-02 -1.832410e-03
      vertex -5.776942e-03 1.254308e-02 -2.698775e-03
      vertex -6.089861e-03 1.257959e-02 -1.518628e-03
    endloop
  endfacet
  facet normal 2.054447e-01 9.784413e-01 2.109596e-02
    outer loop
      vertex -7.862612e-03 1.297306e-02 -2.959420e-03
      vertex -8.122490e-03 1.300522e-02 -1.920434e-03
      vertex -6.971483e-03 1.276463e-02 -1.970736e-03
    endloop
  endfacet
  facet normal 2.170859e-01 9.759391e-01 2.040877e-02
    outer loop
      vertex -9.180858e-03 1.329119e-02 -4.150485e-03
      vertex -9.316580e-03 1.330414e-02 -3.325993e-03
      vertex -7.862612e-03 1.297306e-02 -2.959420e-03
    endloop
  endfacet
  facet normal 2.620120e-01 9.646664e-01 2.771879e-02
    outer loop
      vertex -1.283221e-02 1.415394e-02 -2.477044e-03
      vertex -1.380892e-02 1.444014e-02 -3.205110e-03
      vertex -1.385058e-02 1.440694e-02 -1.655935e-03
    endloop
  endfacet
  facet normal 2.726305e-01 9.617130e-01 2.794104e-02
    outer loop
      vertex -1.385058e-02 1.440694e-02 -1.655935e-03
      vertex -1.380892e-02 1.444014e-02 -3.205110e-03
      vertex -1.485398e-02 1.471624e-02 -2.511364e-03
    endloop
  endfacet
  facet normal -1.360278e-02 9.999072e-01 -6.827842e-04
    outer loop
      vertex 1.623093e-02 1.070742e-02 -1.232649e-02
      vertex 1.667740e-02 1.071273e-02 -1.344918e-02
      vertex 1.554146e-02 1.069745e-02 -1.319504e-02
    endloop
  endfacet
  facet normal 2.060403e-01 9.783280e-01 2.053523e-02
    outer loop
      vertex -7.862612e-03 1.297306e-02 -2.959420e-03
      vertex -6.971483e-03 1.276463e-02 -1.970736e-03
      vertex -7.370493e-03 1.288002e-02 -3.464831e-03
    endloop
  endfacet
  facet normal 1.763530e-01 9.841514e-01 1.858971e-02
    outer loop
      vertex -4.082222e-03 1.223005e-02 -2.587856e-03
      vertex -5.087471e-03 1.239592e-02 -1.832410e-03
      vertex -4.245472e-03 1.223864e-02 -1.493660e-03
    endloop
  endfacet
  facet normal 2.630535e-01 9.643957e-01 2.727082e-02
    outer loop
      vertex -1.384750e-02 1.447088e-02 -3.919896e-03
      vertex -1.380892e-02 1.444014e-02 -3.205110e-03
      vertex -1.274676e-02 1.417157e-02 -3.953135e-03
    endloop
  endfacet
  facet normal 3.264721e-02 9.994545e-01 4.984513e-03
    outer loop
      vertex 1.026246e-02 1.074179e-02 -2.837436e-04
      vertex 1.084618e-02 1.073057e-02 -1.858181e-03
      vertex 9.609628e-03 1.076919e-02 -1.502476e-03
    endloop
  endfacet
  facet normal -7.032655e-01 7.070901e-01 -7.376548e-02
    outer loop
      vertex -2.755034e-02 9.804194e-03 -1.531114e-02
      vertex -2.739653e-02 9.804214e-03 -1.677727e-02
      vertex -2.834405e-02 8.985004e-03 -1.559649e-02
    endloop
  endfacet
  facet normal -7.032652e-01 7.070903e-01 -7.376629e-02
    outer loop
      vertex -2.824240e-02 9.187464e-03 -1.462489e-02
      vertex -2.834405e-02 8.985004e-03 -1.559649e-02
      vertex -2.926343e-02 8.052094e-03 -1.577389e-02
    endloop
  endfacet
  facet normal -7.032655e-01 7.070900e-01 -7.376550e-02
    outer loop
      vertex -2.829062e-02 8.843561e-03 -1.746167e-02
      vertex -2.773336e-02 9.221631e-03 -1.915047e-02
      vertex -2.888678e-02 8.016295e-03 -1.970789e-02
    endloop
  endfacet
  facet normal -7.032652e-01 7.070902e-01 -7.376651e-02
    outer loop
      vertex -2.979344e-02 7.264172e-03 -1.827361e-02
      vertex -2.996490e-02 7.264150e-03 -1.663913e-02
      vertex -2.925383e-02 7.867397e-03 -1.763586e-02
    endloop
  endfacet
  facet normal -7.032655e-01 7.070900e-01 -7.376599e-02
    outer loop
      vertex -2.845372e-02 7.891089e-03 -2.503681e-02
      vertex -2.880472e-02 7.641110e-03 -2.408660e-02
      vertex -2.816522e-02 8.332840e-03 -2.355282e-02
    endloop
  endfacet
  facet normal -7.032661e-01 7.070893e-01 -7.376704e-02
    outer loop
      vertex -2.764516e-02 8.505803e-03 -2.685294e-02
      vertex -2.806664e-02 8.179874e-03 -2.595892e-02
      vertex -2.780688e-02 8.492222e-03 -2.544133e-02
    endloop
  endfacet
  facet normal -7.032655e-01 7.070900e-01 -7.376560e-02
    outer loop
      vertex -2.719096e-02 8.867210e-03 -2.771890e-02
      vertex -2.764516e-02 8.505803e-03 -2.685294e-02
      vertex -2.686502e-02 9.223147e-03 -2.741441e-02
    endloop
  endfacet
  facet normal -7.032652e-01 7.070902e-01 -7.376613e-02
    outer loop
      vertex -2.670570e-02 9.262436e-03 -2.855680e-02
      vertex -2.719096e-02 8.867210e-03 -2.771890e-02
      vertex -2.686502e-02 9.223147e-03 -2.741441e-02
    endloop
  endfacet
  facet normal -7.032655e-01 7.070899e-01 -7.376576e-02
    outer loop
      vertex -2.649633e-02 9.704494e-03 -2.631545e-02
      vertex -2.713932e-02 9.126478e-03 -2.572596e-02
      vertex -2.668040e-02 9.713346e-03 -2.447573e-02
    endloop
  endfacet
  facet normal -7.032651e-01 7.070904e-01 -7.376580e-02
    outer loop
      vertex -2.755034e-02 9.804194e-03 -1.531114e-02
      vertex -2.824240e-02 9.187464e-03 -1.462489e-02
      vertex -2.770414e-02 9.804175e-03 -1.384500e-02
    endloop
  endfacet
  facet normal -7.032648e-01 7.070907e-01 -7.376573e-02
    outer loop
      vertex -2.770414e-02 9.804175e-03 -1.384500e-02
      vertex -2.916520e-02 8.361746e-03 -1.374224e-02
      vertex -2.867814e-02 8.967565e-03 -1.257857e-02
    endloop
  endfacet
  facet normal -7.032653e-01 7.070902e-01 -7.376506e-02
    outer loop
      vertex -2.686502e-02 9.223147e-03 -2.741441e-02
      vertex -2.764516e-02 8.505803e-03 -2.685294e-02
      vertex -2.713932e-02 9.126478e-03 -2.572596e-02
    endloop
  endfacet
  facet normal -7.032634e-01 7.070920e-01 -7.376593e-02
    outer loop
      vertex -2.713932e-02 9.126478e-03 -2.572596e-02
      vertex -2.780688e-02 8.492222e-03 -2.544133e-02
      vertex -2.743274e-02 8.967960e-03 -2.444810e-02
    endloop
  endfacet
  facet normal -7.032649e-01 7.070906e-01 -7.376588e-02
    outer loop
      vertex -2.785794e-02 9.804156e-03 -1.237887e-02
      vertex -2.770414e-02 9.804175e-03 -1.384500e-02
      vertex -2.867814e-02 8.967565e-03 -1.257857e-02
    endloop
  endfacet
  facet normal -2.675629e-05 1.000000e+00 1.208869e-05
    outer loop
      vertex -2.175486e-02 9.804286e-03 -1.059673e-02
      vertex -2.217760e-02 9.804255e-03 -8.929022e-03
      vertex -2.116100e-02 9.804291e-03 -9.676765e-03
    endloop
  endfacet
  facet normal -6.016150e-03 9.999817e-01 -6.179307e-04
    outer loop
      vertex -2.000261e-02 9.804276e-03 -5.769131e-03
      vertex -1.989639e-02 9.804290e-03 -6.781736e-03
      vertex -1.999850e-02 9.803983e-03 -6.284580e-03
    endloop
  endfacet
  facet normal -3.174537e-05 1.000000e+00 1.306137e-05
    outer loop
      vertex -2.785794e-02 9.804156e-03 -1.237887e-02
      vertex -2.798612e-02 9.804136e-03 -1.115709e-02
      vertex -2.737970e-02 9.804152e-03 -1.092445e-02
    endloop
  endfacet
  facet normal -2.377290e-05 1.000000e+00 1.043985e-05
    outer loop
      vertex -2.785794e-02 9.804156e-03 -1.237887e-02
      vertex -2.737970e-02 9.804152e-03 -1.092445e-02
      vertex -2.691494e-02 9.804176e-03 -1.214986e-02
    endloop
  endfacet
  facet normal -2.460977e-05 1.000000e+00 1.042770e-05
    outer loop
      vertex -2.755034e-02 9.804194e-03 -1.531114e-02
      vertex -2.770414e-02 9.804175e-03 -1.384500e-02
      vertex -2.685150e-02 9.804202e-03 -1.439350e-02
    endloop
  endfacet
  facet normal -2.457533e-05 1.000000e+00 1.193770e-05
    outer loop
      vertex -2.739653e-02 9.804214e-03 -1.677727e-02
      vertex -2.633206e-02 9.804238e-03 -1.658311e-02
      vertex -2.660861e-02 9.804238e-03 -1.715241e-02
    endloop
  endfacet
  facet normal -2.302677e-05 1.000000e+00 1.021741e-05
    outer loop
      vertex -2.702951e-02 9.804240e-03 -1.834992e-02
      vertex -2.731963e-02 9.804225e-03 -1.751034e-02
      vertex -2.684243e-02 9.804238e-03 -1.774162e-02
    endloop
  endfacet
  facet normal -2.515566e-05 1.000000e+00 1.039532e-05
    outer loop
      vertex -2.633206e-02 9.804238e-03 -1.658311e-02
      vertex -2.755034e-02 9.804194e-03 -1.531114e-02
      vertex -2.683664e-02 9.804213e-03 -1.532713e-02
    endloop
  endfacet
  facet normal -2.441513e-05 1.000000e+00 1.084755e-05
    outer loop
      vertex -2.683664e-02 9.804213e-03 -1.532713e-02
      vertex -2.685150e-02 9.804202e-03 -1.439350e-02
      vertex -2.547660e-02 9.804245e-03 -1.525518e-02
    endloop
  endfacet
  facet normal -2.545792e-05 1.000000e+00 9.290765e-06
    outer loop
      vertex -2.368771e-02 9.804268e-03 -1.334510e-02
      vertex -2.443742e-02 9.804245e-03 -1.293585e-02
      vertex -2.370108e-02 9.804258e-03 -1.235525e-02
    endloop
  endfacet
  facet normal -2.326345e-05 1.000000e+00 1.032013e-05
    outer loop
      vertex -2.304233e-02 9.804278e-03 -1.281092e-02
      vertex -2.370108e-02 9.804258e-03 -1.235525e-02
      vertex -2.236964e-02 9.804289e-03 -1.231104e-02
    endloop
  endfacet
  facet normal -2.469779e-05 1.000000e+00 1.024714e-05
    outer loop
      vertex -2.236964e-02 9.804289e-03 -1.231104e-02
      vertex -2.240670e-02 9.804278e-03 -1.137662e-02
      vertex -2.167398e-02 9.804301e-03 -1.184422e-02
    endloop
  endfacet
  facet normal -2.413500e-05 1.000000e+00 1.112904e-05
    outer loop
      vertex -2.167398e-02 9.804301e-03 -1.184422e-02
      vertex -2.240670e-02 9.804278e-03 -1.137662e-02
      vertex -2.095970e-02 9.804314e-03 -1.140922e-02
    endloop
  endfacet
  facet normal -2.355377e-05 1.000000e+00 1.098798e-05
    outer loop
      vertex -2.095970e-02 9.804314e-03 -1.140922e-02
      vertex -2.175486e-02 9.804286e-03 -1.059673e-02
      vertex -2.041330e-02 9.804323e-03 -1.110588e-02
    endloop
  endfacet
  facet normal -2.491642e-05 1.000000e+00 1.004769e-05
    outer loop
      vertex -2.547660e-02 9.804245e-03 -1.525518e-02
      vertex -2.685150e-02 9.804202e-03 -1.439350e-02
      vertex -2.617656e-02 9.804213e-03 -1.376383e-02
    endloop
  endfacet
  facet normal -2.408427e-05 1.000000e+00 1.035990e-05
    outer loop
      vertex -2.487910e-02 9.804252e-03 -1.452138e-02
      vertex -2.540982e-02 9.804224e-03 -1.308560e-02
      vertex -2.444584e-02 9.804257e-03 -1.406647e-02
    endloop
  endfacet
  facet normal -2.476848e-05 1.000000e+00 1.058907e-05
    outer loop
      vertex -2.540982e-02 9.804224e-03 -1.308560e-02
      vertex -2.681245e-02 9.804189e-03 -1.303412e-02
      vertex -2.601617e-02 9.804193e-03 -1.153183e-02
    endloop
  endfacet
  facet normal -2.464202e-05 1.000000e+00 1.062624e-05
    outer loop
      vertex -2.601617e-02 9.804193e-03 -1.153183e-02
      vertex -2.737970e-02 9.804152e-03 -1.092445e-02
      vertex -2.659136e-02 9.804169e-03 -1.062201e-02
    endloop
  endfacet
  facet normal -2.446920e-05 1.000000e+00 1.044247e-05
    outer loop
      vertex -2.770414e-02 9.804175e-03 -1.384500e-02
      vertex -2.785794e-02 9.804156e-03 -1.237887e-02
      vertex -2.681245e-02 9.804189e-03 -1.303412e-02
    endloop
  endfacet
  facet normal -2.514579e-05 1.000000e+00 1.083592e-05
    outer loop
      vertex -2.755034e-02 9.804194e-03 -1.531114e-02
      vertex -2.685150e-02 9.804202e-03 -1.439350e-02
      vertex -2.683664e-02 9.804213e-03 -1.532713e-02
    endloop
  endfacet
  facet normal -1.481969e-02 9.998893e-01 -1.341546e-03
    outer loop
      vertex -4.097693e-03 6.009493e-03 -3.479607e-02
      vertex -4.746137e-03 5.998921e-03 -3.551208e-02
      vertex -4.955063e-03 5.997542e-03 -3.423195e-02
    endloop
  endfacet
  facet normal -1.075929e-02 9.999421e-01 -1.604075e-06
    outer loop
      vertex -4.749679e-03 6.005688e-03 -3.065455e-02
      vertex -5.693949e-03 5.995530e-03 -2.928117e-02
      vertex -4.850015e-03 6.004610e-03 -2.943552e-02
    endloop
  endfacet
  facet normal -3.610423e-02 9.993415e-01 -3.610201e-03
    outer loop
      vertex -2.842854e-03 6.051042e-03 -3.410490e-02
      vertex -2.881195e-03 6.045620e-03 -3.522223e-02
      vertex -3.592861e-03 6.024039e-03 -3.407889e-02
    endloop
  endfacet
  facet normal -4.547081e-02 9.989517e-01 -5.291787e-03
    outer loop
      vertex -3.427754e-03 6.060101e-03 -2.615713e-02
      vertex -4.144608e-03 6.035018e-03 -2.473234e-02
      vertex -3.264637e-03 6.073277e-03 -2.507137e-02
    endloop
  endfacet
  facet normal -6.622231e-02 9.977591e-01 -9.564525e-03
    outer loop
      vertex -1.313538e-03 6.117246e-03 -3.663288e-02
      vertex -1.750444e-03 6.098981e-03 -3.551326e-02
      vertex -5.231259e-04 6.174984e-03 -3.608235e-02
    endloop
  endfacet
  facet normal -6.484281e-02 9.978778e-01 -5.940712e-03
    outer loop
      vertex -9.038711e-04 6.162448e-03 -3.409286e-02
      vertex -1.750444e-03 6.098981e-03 -3.551326e-02
      vertex -1.836373e-03 6.103649e-03 -3.379129e-02
    endloop
  endfacet
  facet normal -4.796004e-02 9.988441e-01 -3.200957e-03
    outer loop
      vertex -2.881195e-03 6.045620e-03 -3.522223e-02
      vertex -2.842854e-03 6.051042e-03 -3.410490e-02
      vertex -1.750444e-03 6.098981e-03 -3.551326e-02
    endloop
  endfacet
  facet normal -6.645313e-02 9.977640e-01 -7.143111e-03
    outer loop
      vertex -2.300258e-03 6.158841e-03 -2.080752e-02
      vertex -2.451019e-03 6.137501e-03 -2.238578e-02
      vertex -3.201827e-03 6.097754e-03 -2.095277e-02
    endloop
  endfacet
  facet normal -9.279961e-02 9.956403e-01 -9.416803e-03
    outer loop
      vertex -4.487939e-06 6.232003e-03 -3.432369e-02
      vertex 4.045374e-04 6.280039e-03 -3.327564e-02
      vertex 9.468526e-04 6.316159e-03 -3.480097e-02
    endloop
  endfacet
  facet normal -1.155168e-01 9.931862e-01 -1.539499e-02
    outer loop
      vertex 2.229907e-03 6.480348e-03 -3.328255e-02
      vertex 1.777903e-03 6.408617e-03 -3.451852e-02
      vertex 1.194649e-03 6.359532e-03 -3.330872e-02
    endloop
  endfacet
  facet normal -1.006031e-01 9.948517e-01 -1.220993e-02
    outer loop
      vertex 1.194649e-03 6.359532e-03 -3.330872e-02
      vertex 9.468526e-04 6.316159e-03 -3.480097e-02
      vertex 4.045374e-04 6.280039e-03 -3.327564e-02
    endloop
  endfacet
  facet normal -1.301409e-01 9.913682e-01 -1.588825e-02
    outer loop
      vertex 1.738435e-03 6.491661e-03 -2.835971e-02
      vertex 1.087947e-03 6.439075e-03 -2.631276e-02
      vertex 2.148199e-03 6.558924e-03 -2.751915e-02
    endloop
  endfacet
  facet normal -1.652738e-01 9.859688e-01 -2.345419e-02
    outer loop
      vertex 5.386305e-03 6.961473e-03 -3.281318e-02
      vertex 4.960415e-03 6.867339e-03 -3.376926e-02
      vertex 4.191067e-03 6.775331e-03 -3.221578e-02
    endloop
  endfacet
  facet normal -1.520944e-01 9.882396e-01 -1.580442e-02
    outer loop
      vertex 1.976860e-03 6.616167e-03 -2.240084e-02
      vertex 1.706434e-03 6.606978e-03 -2.037295e-02
      vertex 2.630137e-03 6.741070e-03 -2.087760e-02
    endloop
  endfacet
  facet normal -1.699960e-01 9.852614e-01 -1.900603e-02
    outer loop
      vertex 4.024604e-03 6.965369e-03 -2.172263e-02
      vertex 2.630137e-03 6.741070e-03 -2.087760e-02
      vertex 3.909989e-03 6.969244e-03 -2.049659e-02
    endloop
  endfacet
  facet normal -1.891509e-01 9.817431e-01 -2.006061e-02
    outer loop
      vertex 4.805481e-03 7.152051e-03 -1.999377e-02
      vertex 3.909989e-03 6.969244e-03 -2.049659e-02
      vertex 3.622874e-03 6.940230e-03 -1.920928e-02
    endloop
  endfacet
  facet normal -2.491181e-01 9.679973e-01 -3.035469e-02
    outer loop
      vertex 7.254880e-03 7.720325e-03 -1.912466e-02
      vertex 8.523354e-03 8.000629e-03 -2.059613e-02
      vertex 7.847207e-03 7.826810e-03 -2.059009e-02
    endloop
  endfacet
  facet normal -2.464340e-01 9.686528e-01 -3.133612e-02
    outer loop
      vertex 7.963914e-03 7.912956e-03 -1.874611e-02
      vertex 7.254880e-03 7.720325e-03 -1.912466e-02
      vertex 6.782166e-03 7.634205e-03 -1.806927e-02
    endloop
  endfacet
  facet normal -2.617148e-01 9.645661e-01 -3.343036e-02
    outer loop
      vertex 7.963914e-03 7.912956e-03 -1.874611e-02
      vertex 9.193877e-03 8.214738e-03 -1.966776e-02
      vertex 8.523354e-03 8.000629e-03 -2.059613e-02
    endloop
  endfacet
  facet normal -3.006739e-01 9.527005e-01 -4.423776e-02
    outer loop
      vertex 1.227766e-02 8.955740e-03 -2.400156e-02
      vertex 1.299206e-02 9.125248e-03 -2.520672e-02
      vertex 1.202261e-02 8.822244e-03 -2.514300e-02
    endloop
  endfacet
  facet normal -2.846386e-01 9.580511e-01 -3.345089e-02
    outer loop
      vertex 9.683990e-03 8.402637e-03 -1.830829e-02
      vertex 9.179059e-03 8.302790e-03 -1.687144e-02
      vertex 1.011788e-02 8.570274e-03 -1.719908e-02
    endloop
  endfacet
  facet normal -2.991421e-01 9.534845e-01 -3.716605e-02
    outer loop
      vertex 1.011788e-02 8.570274e-03 -1.719908e-02
      vertex 1.133254e-02 8.916023e-03 -1.810556e-02
      vertex 1.056547e-02 8.637883e-03 -1.906717e-02
    endloop
  endfacet
  facet normal -3.307779e-01 9.429617e-01 -3.753964e-02
    outer loop
      vertex 1.216866e-02 9.255924e-03 -1.664443e-02
      vertex 1.208988e-02 9.286770e-03 -1.517546e-02
      vertex 1.309401e-02 9.586014e-03 -1.650653e-02
    endloop
  endfacet
  facet normal -3.388444e-01 9.401240e-01 -3.676072e-02
    outer loop
      vertex 1.306051e-02 9.674541e-03 -1.417464e-02
      vertex 1.344460e-02 9.759438e-03 -1.554380e-02
      vertex 1.234777e-02 9.404032e-03 -1.452290e-02
    endloop
  endfacet
  facet normal -3.558638e-01 9.337150e-01 -3.920700e-02
    outer loop
      vertex 1.404520e-02 1.002418e-02 -1.469035e-02
      vertex 1.463229e-02 1.020701e-02 -1.566496e-02
      vertex 1.344460e-02 9.759438e-03 -1.554380e-02
    endloop
  endfacet
  facet normal -3.391763e-01 9.388637e-01 -5.911375e-02
    outer loop
      vertex 1.470698e-02 9.797436e-03 -2.360677e-02
      vertex 1.552401e-02 1.013055e-02 -2.300406e-02
      vertex 1.524835e-02 9.975538e-03 -2.388429e-02
    endloop
  endfacet
  facet normal -3.062472e-01 9.506093e-01 -5.054288e-02
    outer loop
      vertex 1.316335e-02 9.072758e-03 -2.735462e-02
      vertex 1.381426e-02 9.287702e-03 -2.725593e-02
      vertex 1.337587e-02 9.103872e-03 -2.805716e-02
    endloop
  endfacet
  facet normal -2.846286e-01 9.573376e-01 -4.991201e-02
    outer loop
      vertex 1.146417e-02 8.491245e-03 -2.878599e-02
      vertex 1.290675e-02 8.917328e-03 -2.883996e-02
      vertex 1.240748e-02 8.729083e-03 -2.960346e-02
    endloop
  endfacet
  facet normal -2.508224e-01 9.673302e-01 -3.688274e-02
    outer loop
      vertex 1.074560e-02 8.167669e-03 -3.175689e-02
      vertex 1.012569e-02 7.980806e-03 -3.244207e-02
      vertex 1.037993e-02 8.108369e-03 -3.082547e-02
    endloop
  endfacet
  facet normal -1.933632e-01 9.803064e-01 -4.012521e-02
    outer loop
      vertex 8.122717e-03 7.449993e-03 -3.433116e-02
      vertex 7.419717e-03 7.288165e-03 -3.489706e-02
      vertex 6.741608e-03 7.160277e-03 -3.475370e-02
    endloop
  endfacet
  facet normal -1.662317e-01 9.858799e-01 -2.019594e-02
    outer loop
      vertex 5.957016e-03 6.988027e-03 -3.594101e-02
      vertex 5.203522e-03 6.851254e-03 -3.641570e-02
      vertex 5.329854e-03 6.887446e-03 -3.568880e-02
    endloop
  endfacet
  facet normal -1.541657e-01 9.878913e-01 -1.742921e-02
    outer loop
      vertex 5.203522e-03 6.851254e-03 -3.641570e-02
      vertex 4.432355e-03 6.723049e-03 -3.686124e-02
      vertex 4.654584e-03 6.778203e-03 -3.570075e-02
    endloop
  endfacet
  facet normal -7.594749e-02 9.970939e-01 -5.983654e-03
    outer loop
      vertex -5.231259e-04 6.174984e-03 -3.608235e-02
      vertex 2.247889e-04 6.222024e-03 -3.773669e-02
      vertex -6.432761e-04 6.154119e-03 -3.803413e-02
    endloop
  endfacet
  facet normal -6.522018e-02 9.978587e-01 -4.938603e-03
    outer loop
      vertex -1.313538e-03 6.117246e-03 -3.663288e-02
      vertex -6.432761e-04 6.154119e-03 -3.803413e-02
      vertex -1.441310e-03 6.102744e-03 -3.787567e-02
    endloop
  endfacet
  facet normal -3.829583e-01 9.229981e-01 -3.764901e-02
    outer loop
      vertex 1.518155e-02 1.069731e-02 -9.794180e-03
      vertex 1.536570e-02 1.069731e-02 -1.166741e-02
      vertex 1.472124e-02 1.045750e-02 -1.099110e-02
    endloop
  endfacet
  facet normal -3.728777e-01 9.263311e-01 -5.360066e-02
    outer loop
      vertex 1.597446e-02 1.069822e-02 -1.650986e-02
      vertex 1.619476e-02 1.069879e-02 -1.803249e-02
      vertex 1.539267e-02 1.045137e-02 -1.672872e-02
    endloop
  endfacet
  facet normal -2.569762e-02 9.996551e-01 -5.422354e-03
    outer loop
      vertex -4.773029e-03 6.032460e-03 -1.875040e-02
      vertex -5.173286e-03 6.015913e-03 -1.990421e-02
      vertex -5.877604e-03 6.003306e-03 -1.889035e-02
    endloop
  endfacet
  facet normal -6.149379e-02 9.980821e-01 -7.110971e-03
    outer loop
      vertex -2.858997e-03 6.135129e-03 -1.842919e-02
      vertex -3.003264e-03 6.118147e-03 -1.956518e-02
      vertex -3.858072e-03 6.072279e-03 -1.861089e-02
    endloop
  endfacet
  facet normal -9.379797e-02 9.955500e-01 -9.058365e-03
    outer loop
      vertex -1.149963e-03 6.282712e-03 -1.805710e-02
      vertex -1.096601e-03 6.278237e-03 -1.910145e-02
      vertex -1.693486e-03 6.223197e-03 -1.896999e-02
    endloop
  endfacet
  facet normal -1.340493e-01 9.909044e-01 -1.179736e-02
    outer loop
      vertex 9.739418e-04 6.542031e-03 -1.747733e-02
      vertex 1.171613e-03 6.555441e-03 -1.859707e-02
      vertex 4.472587e-04 6.468906e-03 -1.763485e-02
    endloop
  endfacet
  facet normal -1.831675e-01 9.829304e-01 -1.724759e-02
    outer loop
      vertex 3.908474e-03 7.042357e-03 -1.645307e-02
      vertex 3.788175e-03 6.994720e-03 -1.789036e-02
      vertex 3.226573e-03 6.910680e-03 -1.671556e-02
    endloop
  endfacet
  facet normal -1.958109e-01 9.804872e-01 -1.740452e-02
    outer loop
      vertex 4.584862e-03 7.182325e-03 -1.617770e-02
      vertex 4.752519e-03 7.189126e-03 -1.768082e-02
      vertex 3.908474e-03 7.042357e-03 -1.645307e-02
    endloop
  endfacet
  facet normal -2.349397e-01 9.717886e-01 -2.074361e-02
    outer loop
      vertex 6.766086e-03 7.698450e-03 -1.518403e-02
      vertex 7.090036e-03 7.746745e-03 -1.659055e-02
      vertex 6.228198e-03 7.562886e-03 -1.544279e-02
    endloop
  endfacet
  facet normal -2.966694e-01 9.545616e-01 -2.827420e-02
    outer loop
      vertex 1.020119e-02 8.721031e-03 -1.325969e-02
      vertex 9.930358e-03 8.595823e-03 -1.464508e-02
      vertex 9.534484e-03 8.501657e-03 -1.367049e-02
    endloop
  endfacet
  facet normal -3.416535e-01 9.393126e-01 -3.105902e-02
    outer loop
      vertex 1.260831e-02 9.602731e-03 -1.160758e-02
      vertex 1.312793e-02 9.749784e-03 -1.287618e-02
      vertex 1.198047e-02 9.359259e-03 -1.206456e-02
    endloop
  endfacet
  facet normal -2.605643e-03 9.999964e-01 6.519783e-04
    outer loop
      vertex -4.955063e-03 5.997542e-03 -3.423195e-02
      vertex -4.746137e-03 5.998921e-03 -3.551208e-02
      vertex -5.605043e-03 5.996019e-03 -3.449362e-02
    endloop
  endfacet
  facet normal -4.736617e-03 9.999802e-01 4.139600e-03
    outer loop
      vertex -5.693949e-03 5.995530e-03 -2.928117e-02
      vertex -4.749679e-03 6.005688e-03 -3.065455e-02
      vertex -6.181693e-03 5.998770e-03 -3.062196e-02
    endloop
  endfacet
  facet normal -3.657338e-02 9.993280e-01 -2.424476e-03
    outer loop
      vertex -3.187766e-03 6.025988e-03 -3.790315e-02
      vertex -3.036891e-03 6.034821e-03 -3.653852e-02
      vertex -2.438594e-03 6.052533e-03 -3.826324e-02
    endloop
  endfacet
  facet normal -3.948044e-02 9.992149e-01 -3.283525e-03
    outer loop
      vertex -4.606380e-03 6.028763e-03 -2.161947e-02
      vertex -4.478735e-03 6.038418e-03 -2.021611e-02
      vertex -3.937091e-03 6.055255e-03 -2.160500e-02
    endloop
  endfacet
  facet normal -6.405891e-02 9.979254e-01 -6.423957e-03
    outer loop
      vertex -2.451019e-03 6.137501e-03 -2.238578e-02
      vertex -2.973504e-03 6.094464e-03 -2.386109e-02
      vertex -3.215599e-03 6.089853e-03 -2.216325e-02
    endloop
  endfacet
  facet normal -5.086741e-02 9.986755e-01 -7.730801e-03
    outer loop
      vertex -3.937091e-03 6.055255e-03 -2.160500e-02
      vertex -4.478735e-03 6.038418e-03 -2.021611e-02
      vertex -3.201827e-03 6.097754e-03 -2.095277e-02
    endloop
  endfacet
  facet normal -6.837905e-02 9.976385e-01 -6.455386e-03
    outer loop
      vertex -5.231259e-04 6.174984e-03 -3.608235e-02
      vertex -6.432761e-04 6.154119e-03 -3.803413e-02
      vertex -1.313538e-03 6.117246e-03 -3.663288e-02
    endloop
  endfacet
  facet normal -9.573626e-02 9.953445e-01 -1.112890e-02
    outer loop
      vertex 1.349726e-03 6.344313e-03 -3.591314e-02
      vertex 8.944607e-04 6.286945e-03 -3.712762e-02
      vertex 3.225805e-04 6.243367e-03 -3.610552e-02
    endloop
  endfacet
  facet normal -1.049601e-01 9.943935e-01 -1.284043e-02
    outer loop
      vertex 4.110385e-05 6.375747e-03 -2.151127e-02
      vertex -3.520476e-04 6.316520e-03 -2.288426e-02
      vertex -9.748151e-04 6.264972e-03 -2.178564e-02
    endloop
  endfacet
  facet normal -1.129826e-01 9.934953e-01 -1.421222e-02
    outer loop
      vertex 2.506987e-03 6.479652e-03 -3.565220e-02
      vertex 1.820845e-03 6.386020e-03 -3.674292e-02
      vertex 1.349726e-03 6.344313e-03 -3.591314e-02
    endloop
  endfacet
  facet normal -1.474764e-01 9.890438e-01 -6.557770e-03
    outer loop
      vertex 3.316251e-03 6.575451e-03 -3.618242e-02
      vertex 3.947789e-03 6.674095e-03 -3.550742e-02
      vertex 4.654584e-03 6.778203e-03 -3.570075e-02
    endloop
  endfacet
  facet normal -1.267282e-01 9.918355e-01 -1.422093e-02
    outer loop
      vertex 2.623742e-03 6.481618e-03 -3.655556e-02
      vertex 2.506987e-03 6.479652e-03 -3.565220e-02
      vertex 3.316251e-03 6.575451e-03 -3.618242e-02
    endloop
  endfacet
  facet normal -1.592092e-01 9.869164e-01 -2.546484e-02
    outer loop
      vertex 5.685073e-03 6.964193e-03 -3.493526e-02
      vertex 5.329854e-03 6.887446e-03 -3.568880e-02
      vertex 4.654584e-03 6.778203e-03 -3.570075e-02
    endloop
  endfacet
  facet normal -1.722267e-01 9.847339e-01 -2.523990e-02
    outer loop
      vertex 6.153724e-03 7.072643e-03 -3.390197e-02
      vertex 5.685073e-03 6.964193e-03 -3.493526e-02
      vertex 4.960415e-03 6.867339e-03 -3.376926e-02
    endloop
  endfacet
  facet normal -1.480279e-01 9.888556e-01 -1.588244e-02
    outer loop
      vertex 2.213446e-03 6.699655e-03 -1.932831e-02
      vertex 1.706434e-03 6.606978e-03 -2.037295e-02
      vertex 1.171613e-03 6.555441e-03 -1.859707e-02
    endloop
  endfacet
  facet normal -1.738859e-01 9.845847e-01 -1.888340e-02
    outer loop
      vertex 3.622874e-03 6.940230e-03 -1.920928e-02
      vertex 2.712135e-03 6.799467e-03 -1.816227e-02
      vertex 3.788175e-03 6.994720e-03 -1.789036e-02
    endloop
  endfacet
  facet normal -1.886108e-01 9.819060e-01 -1.692726e-02
    outer loop
      vertex 3.622874e-03 6.940230e-03 -1.920928e-02
      vertex 3.788175e-03 6.994720e-03 -1.789036e-02
      vertex 4.600093e-03 7.132784e-03 -1.892832e-02
    endloop
  endfacet
  facet normal -2.439006e-01 9.692647e-01 -3.222503e-02
    outer loop
      vertex 8.287095e-03 7.744629e-03 -2.642024e-02
      vertex 8.581564e-03 7.872543e-03 -2.480156e-02
      vertex 9.102609e-03 7.970215e-03 -2.580740e-02
    endloop
  endfacet
  facet normal -2.596047e-01 9.649041e-01 -3.956469e-02
    outer loop
      vertex 1.097126e-02 8.307053e-03 -2.985999e-02
      vertex 1.132118e-02 8.351632e-03 -3.106877e-02
      vertex 1.037993e-02 8.108369e-03 -3.082547e-02
    endloop
  endfacet
  facet normal -2.306906e-01 9.727323e-01 -2.395168e-02
    outer loop
      vertex 6.782166e-03 7.634205e-03 -1.806927e-02
      vertex 7.254880e-03 7.720325e-03 -1.912466e-02
      vertex 6.370753e-03 7.507042e-03 -1.927112e-02
    endloop
  endfacet
  facet normal -2.394829e-01 9.706412e-01 -2.244136e-02
    outer loop
      vertex 7.449169e-03 7.809953e-03 -1.768913e-02
      vertex 6.549775e-03 7.606462e-03 -1.689268e-02
      vertex 7.090036e-03 7.746745e-03 -1.659055e-02
    endloop
  endfacet
  facet normal -2.414640e-01 9.700924e-01 -2.481873e-02
    outer loop
      vertex 6.549775e-03 7.606462e-03 -1.689268e-02
      vertex 7.449169e-03 7.809953e-03 -1.768913e-02
      vertex 6.782166e-03 7.634205e-03 -1.806927e-02
    endloop
  endfacet
  facet normal -2.779206e-01 9.596789e-01 -4.214991e-02
    outer loop
      vertex 1.191030e-02 8.708426e-03 -2.684939e-02
      vertex 1.192020e-02 8.650767e-03 -2.822742e-02
      vertex 1.089207e-02 8.387302e-03 -2.744699e-02
    endloop
  endfacet
  facet normal -2.936872e-01 9.548125e-01 -4.561667e-02
    outer loop
      vertex 1.284437e-02 9.002925e-03 -2.669884e-02
      vertex 1.258391e-02 8.868828e-03 -2.782880e-02
      vertex 1.191030e-02 8.708426e-03 -2.684939e-02
    endloop
  endfacet
  facet normal -2.862066e-01 9.575054e-01 -3.562559e-02
    outer loop
      vertex 9.683990e-03 8.402637e-03 -1.830829e-02
      vertex 1.056547e-02 8.637883e-03 -1.906717e-02
      vertex 9.832150e-03 8.408401e-03 -1.934367e-02
    endloop
  endfacet
  facet normal -3.070173e-01 9.504596e-01 -4.865159e-02
    outer loop
      vertex 1.284437e-02 9.002925e-03 -2.669884e-02
      vertex 1.367101e-02 9.300260e-03 -2.610663e-02
      vertex 1.381426e-02 9.287702e-03 -2.725593e-02
    endloop
  endfacet
  facet normal -3.082997e-01 9.500821e-01 -4.790873e-02
    outer loop
      vertex 1.352913e-02 9.312325e-03 -2.498354e-02
      vertex 1.227766e-02 8.955740e-03 -2.400156e-02
      vertex 1.313981e-02 9.257309e-03 -2.356921e-02
    endloop
  endfacet
  facet normal -3.215868e-01 9.455632e-01 -4.992052e-02
    outer loop
      vertex 1.397362e-02 9.567945e-03 -2.305670e-02
      vertex 1.398738e-02 9.503010e-03 -2.437530e-02
      vertex 1.313981e-02 9.257309e-03 -2.356921e-02
    endloop
  endfacet
  facet normal -2.828539e-01 9.587613e-01 -2.775704e-02
    outer loop
      vertex 9.279348e-03 8.372451e-03 -1.548725e-02
      vertex 1.011788e-02 8.570274e-03 -1.719908e-02
      vertex 9.179059e-03 8.302790e-03 -1.687144e-02
    endloop
  endfacet
  facet normal -2.763368e-01 9.606434e-01 -2.832394e-02
    outer loop
      vertex 9.179059e-03 8.302790e-03 -1.687144e-02
      vertex 8.659901e-03 8.189515e-03 -1.564824e-02
      vertex 9.279348e-03 8.372451e-03 -1.548725e-02
    endloop
  endfacet
  facet normal -2.712997e-01 9.620045e-01 -3.072077e-02
    outer loop
      vertex 9.179059e-03 8.302790e-03 -1.687144e-02
      vertex 9.056362e-03 8.226910e-03 -1.816403e-02
      vertex 8.475927e-03 8.109236e-03 -1.672302e-02
    endloop
  endfacet
  facet normal -3.000124e-01 9.534121e-01 -3.159118e-02
    outer loop
      vertex 1.051509e-02 8.742046e-03 -1.578727e-02
      vertex 1.112256e-02 8.900118e-03 -1.678572e-02
      vertex 1.011788e-02 8.570274e-03 -1.719908e-02
    endloop
  endfacet
  facet normal -3.535359e-01 9.350039e-01 -2.793002e-02
    outer loop
      vertex 1.438442e-02 1.002237e-02 -1.776179e-02
      vertex 1.405597e-02 9.926069e-03 -1.682813e-02
      vertex 1.549074e-02 1.043574e-02 -1.792722e-02
    endloop
  endfacet
  facet normal -3.400016e-01 9.398048e-01 -3.414443e-02
    outer loop
      vertex 1.234777e-02 9.404032e-03 -1.452290e-02
      vertex 1.237315e-02 9.466605e-03 -1.305338e-02
      vertex 1.306051e-02 9.674541e-03 -1.417464e-02
    endloop
  endfacet
  facet normal -3.520001e-01 9.353104e-01 -3.592264e-02
    outer loop
      vertex 1.306051e-02 9.674541e-03 -1.417464e-02
      vertex 1.312793e-02 9.749784e-03 -1.287618e-02
      vertex 1.361358e-02 9.888535e-03 -1.402230e-02
    endloop
  endfacet
  facet normal -3.224692e-01 9.452110e-01 -5.089048e-02
    outer loop
      vertex 1.352913e-02 9.312325e-03 -2.498354e-02
      vertex 1.459639e-02 9.643148e-03 -2.560171e-02
      vertex 1.367101e-02 9.300260e-03 -2.610663e-02
    endloop
  endfacet
  facet normal 3.382094e-01 9.406197e-01 2.913819e-02
    outer loop
      vertex -2.553234e-02 9.275537e-03 -2.387810e-02
      vertex -2.595453e-02 9.473917e-03 -2.538169e-02
      vertex -2.616969e-02 9.512316e-03 -2.412387e-02
    endloop
  endfacet
  facet normal 3.297170e-01 9.436266e-01 2.924853e-02
    outer loop
      vertex -2.459699e-02 9.103926e-03 -2.893004e-02
      vertex -2.529309e-02 9.290105e-03 -2.708947e-02
      vertex -2.466210e-02 9.088966e-03 -2.771344e-02
    endloop
  endfacet
  facet normal 3.273719e-01 9.444161e-01 3.009719e-02
    outer loop
      vertex -2.410622e-02 8.981779e-03 -3.043542e-02
      vertex -2.519322e-02 9.329449e-03 -2.952137e-02
      vertex -2.459699e-02 9.103926e-03 -2.893004e-02
    endloop
  endfacet
  facet normal 3.142508e-01 9.489225e-01 2.815067e-02
    outer loop
      vertex -2.483606e-02 9.032539e-03 -2.381733e-02
      vertex -2.466018e-02 8.925290e-03 -2.216548e-02
      vertex -2.421373e-02 8.819595e-03 -2.358646e-02
    endloop
  endfacet
  facet normal 2.908950e-01 9.563204e-01 2.883325e-02
    outer loop
      vertex -2.328328e-02 8.686676e-03 -2.949442e-02
      vertex -2.277570e-02 8.498184e-03 -2.836364e-02
      vertex -2.205547e-02 8.305052e-03 -2.922427e-02
    endloop
  endfacet
  facet normal 2.951136e-01 9.551068e-01 2.605716e-02
    outer loop
      vertex -2.327075e-02 8.719454e-03 -3.083783e-02
      vertex -2.328328e-02 8.686676e-03 -2.949442e-02
      vertex -2.229288e-02 8.412199e-03 -3.065062e-02
    endloop
  endfacet
  facet normal 3.108780e-01 9.500919e-01 2.608190e-02
    outer loop
      vertex -2.410622e-02 8.981779e-03 -3.043542e-02
      vertex -2.328328e-02 8.686676e-03 -2.949442e-02
      vertex -2.327075e-02 8.719454e-03 -3.083783e-02
    endloop
  endfacet
  facet normal 3.081420e-01 9.509065e-01 2.873008e-02
    outer loop
      vertex -2.328328e-02 8.686676e-03 -2.949442e-02
      vertex -2.410622e-02 8.981779e-03 -3.043542e-02
      vertex -2.382623e-02 8.842712e-03 -2.883560e-02
    endloop
  endfacet
  facet normal 2.973417e-01 9.545124e-01 2.222420e-02
    outer loop
      vertex -2.221459e-02 8.420599e-03 -3.184570e-02
      vertex -2.265741e-02 8.578156e-03 -3.268801e-02
      vertex -2.341138e-02 8.789873e-03 -3.169370e-02
    endloop
  endfacet
  facet normal 3.052936e-01 9.519271e-01 2.511297e-02
    outer loop
      vertex -2.364920e-02 8.605536e-03 -2.233527e-02
      vertex -2.421373e-02 8.819595e-03 -2.358646e-02
      vertex -2.466018e-02 8.925290e-03 -2.216548e-02
    endloop
  endfacet
  facet normal 2.742378e-01 9.613652e-01 2.388665e-02
    outer loop
      vertex -2.205547e-02 8.305052e-03 -2.922427e-02
      vertex -2.209281e-02 8.271917e-03 -2.746202e-02
      vertex -2.138510e-02 8.098873e-03 -2.862253e-02
    endloop
  endfacet
  facet normal 2.795725e-01 9.597842e-01 2.556496e-02
    outer loop
      vertex -2.229288e-02 8.412199e-03 -3.065062e-02
      vertex -2.205547e-02 8.305052e-03 -2.922427e-02
      vertex -2.145938e-02 8.180678e-03 -3.107357e-02
    endloop
  endfacet
  facet normal 2.785086e-01 9.601685e-01 2.257073e-02
    outer loop
      vertex -2.189513e-02 8.358030e-03 -3.312589e-02
      vertex -2.221459e-02 8.420599e-03 -3.184570e-02
      vertex -2.135628e-02 8.192860e-03 -3.274860e-02
    endloop
  endfacet
  facet normal 2.910388e-01 9.563611e-01 2.588358e-02
    outer loop
      vertex -2.265741e-02 8.578156e-03 -3.268801e-02
      vertex -2.221459e-02 8.420599e-03 -3.184570e-02
      vertex -2.189513e-02 8.358030e-03 -3.312589e-02
    endloop
  endfacet
  facet normal 2.787604e-01 9.600337e-01 2.505736e-02
    outer loop
      vertex -2.283944e-02 8.381491e-03 -2.320847e-02
      vertex -2.257883e-02 8.271196e-03 -2.188195e-02
      vertex -2.212449e-02 8.175100e-03 -2.325471e-02
    endloop
  endfacet
  facet normal 2.702083e-01 9.625493e-01 2.205077e-02
    outer loop
      vertex -2.164063e-02 8.000969e-03 -2.158277e-02
      vertex -2.212449e-02 8.175100e-03 -2.325471e-02
      vertex -2.257883e-02 8.271196e-03 -2.188195e-02
    endloop
  endfacet
  facet normal 2.892915e-01 9.569711e-01 2.273375e-02
    outer loop
      vertex -2.257883e-02 8.271196e-03 -2.188195e-02
      vertex -2.283944e-02 8.381491e-03 -2.320847e-02
      vertex -2.364920e-02 8.605536e-03 -2.233527e-02
    endloop
  endfacet
  facet normal 2.555831e-01 9.665668e-01 2.063665e-02
    outer loop
      vertex -2.022573e-02 7.751362e-03 -2.689162e-02
      vertex -2.078222e-02 7.933184e-03 -2.851558e-02
      vertex -2.139083e-02 8.061613e-03 -2.699332e-02
    endloop
  endfacet
  facet normal 2.553136e-01 9.666191e-01 2.150689e-02
    outer loop
      vertex -1.993404e-02 7.810922e-03 -3.289608e-02
      vertex -2.019845e-02 7.913365e-03 -3.436152e-02
      vertex -2.068047e-02 8.005295e-03 -3.277110e-02
    endloop
  endfacet
  facet normal 2.626962e-01 9.646528e-01 2.087347e-02
    outer loop
      vertex -2.068047e-02 8.005295e-03 -3.277110e-02
      vertex -2.145938e-02 8.180678e-03 -3.107357e-02
      vertex -2.031416e-02 7.876050e-03 -3.140820e-02
    endloop
  endfacet
  facet normal 2.535675e-01 9.670573e-01 2.244116e-02
    outer loop
      vertex -2.128938e-02 7.968841e-03 -2.426829e-02
      vertex -2.126981e-02 7.925220e-03 -2.260971e-02
      vertex -2.063514e-02 7.798491e-03 -2.431983e-02
    endloop
  endfacet
  facet normal 2.505392e-01 9.678731e-01 2.125684e-02
    outer loop
      vertex -2.053139e-02 7.730276e-03 -2.243661e-02
      vertex -2.063514e-02 7.798491e-03 -2.431983e-02
      vertex -2.126981e-02 7.925220e-03 -2.260971e-02
    endloop
  endfacet
  facet normal 2.637336e-01 9.642943e-01 2.410628e-02
    outer loop
      vertex -2.212449e-02 8.175100e-03 -2.325471e-02
      vertex -2.164063e-02 8.000969e-03 -2.158277e-02
      vertex -2.126981e-02 7.925220e-03 -2.260971e-02
    endloop
  endfacet
  facet normal 2.397145e-01 9.706281e-01 2.044711e-02
    outer loop
      vertex -1.888340e-02 7.578211e-03 -3.421679e-02
      vertex -1.897791e-02 7.645926e-03 -3.632325e-02
      vertex -1.950112e-02 7.745635e-03 -3.492259e-02
    endloop
  endfacet
  facet normal 2.384078e-01 9.709235e-01 2.166079e-02
    outer loop
      vertex -1.888340e-02 7.578211e-03 -3.421679e-02
      vertex -1.950112e-02 7.745635e-03 -3.492259e-02
      vertex -1.940183e-02 7.691977e-03 -3.361015e-02
    endloop
  endfacet
  facet normal 2.436099e-01 9.696244e-01 2.197364e-02
    outer loop
      vertex -1.962691e-02 7.799622e-03 -3.591019e-02
      vertex -1.950112e-02 7.745635e-03 -3.492259e-02
      vertex -1.897791e-02 7.645926e-03 -3.632325e-02
    endloop
  endfacet
  facet normal 2.421342e-01 9.700591e-01 1.888019e-02
    outer loop
      vertex -1.899525e-02 7.557552e-03 -3.191780e-02
      vertex -1.940183e-02 7.691977e-03 -3.361015e-02
      vertex -1.993404e-02 7.810922e-03 -3.289608e-02
    endloop
  endfacet
  facet normal 2.334921e-01 9.721614e-01 1.958651e-02
    outer loop
      vertex -1.879921e-02 7.473456e-03 -3.008084e-02
      vertex -1.899525e-02 7.557552e-03 -3.191780e-02
      vertex -1.946370e-02 7.658300e-03 -3.133397e-02
    endloop
  endfacet
  facet normal 2.400902e-01 9.705029e-01 2.192773e-02
    outer loop
      vertex -2.063514e-02 7.798491e-03 -2.431983e-02
      vertex -2.053139e-02 7.730276e-03 -2.243661e-02
      vertex -1.983821e-02 7.591178e-03 -2.387000e-02
    endloop
  endfacet
  facet normal 2.409002e-01 9.703351e-01 2.041547e-02
    outer loop
      vertex -2.063514e-02 7.798491e-03 -2.431983e-02
      vertex -1.983821e-02 7.591178e-03 -2.387000e-02
      vertex -1.981338e-02 7.615827e-03 -2.533457e-02
    endloop
  endfacet
  facet normal 2.297607e-01 9.730705e-01 1.854304e-02
    outer loop
      vertex -1.981338e-02 7.615827e-03 -2.533457e-02
      vertex -1.899651e-02 7.392864e-03 -2.375579e-02
      vertex -1.934070e-02 7.512232e-03 -2.575506e-02
    endloop
  endfacet
  facet normal 2.188200e-01 9.755719e-01 1.942397e-02
    outer loop
      vertex -1.849051e-02 7.369069e-03 -2.831555e-02
      vertex -1.812184e-02 7.315479e-03 -2.977726e-02
      vertex -1.879921e-02 7.473456e-03 -3.008084e-02
    endloop
  endfacet
  facet normal 2.175001e-01 9.759172e-01 1.671109e-02
    outer loop
      vertex -1.813691e-02 7.275315e-03 -2.744267e-02
      vertex -1.849051e-02 7.369069e-03 -2.831555e-02
      vertex -1.913293e-02 7.491693e-03 -2.711539e-02
    endloop
  endfacet
  facet normal 2.081699e-01 9.779355e-01 1.753615e-02
    outer loop
      vertex -1.730441e-02 7.186941e-03 -3.216745e-02
      vertex -1.751302e-02 7.259254e-03 -3.372369e-02
      vertex -1.805201e-02 7.338667e-03 -3.175398e-02
    endloop
  endfacet
  facet normal 2.219074e-01 9.749469e-01 1.535449e-02
    outer loop
      vertex -1.934070e-02 7.512232e-03 -2.575506e-02
      vertex -1.814681e-02 7.206982e-03 -2.362730e-02
      vertex -1.853751e-02 7.327886e-03 -2.565779e-02
    endloop
  endfacet
  facet normal 2.050726e-01 9.785660e-01 1.880923e-02
    outer loop
      vertex -1.853751e-02 7.327886e-03 -2.565779e-02
      vertex -1.814681e-02 7.206982e-03 -2.362730e-02
      vertex -1.770039e-02 7.140610e-03 -2.504149e-02
    endloop
  endfacet
  facet normal 1.795745e-01 9.836431e-01 1.411450e-02
    outer loop
      vertex -1.521441e-02 6.844235e-03 -3.547192e-02
      vertex -1.565927e-02 6.945165e-03 -3.684578e-02
      vertex -1.614524e-02 7.015336e-03 -3.555316e-02
    endloop
  endfacet
  facet normal 1.945646e-01 9.807681e-01 1.544340e-02
    outer loop
      vertex -1.668621e-02 7.084999e-03 -3.348177e-02
      vertex -1.730441e-02 7.186941e-03 -3.216745e-02
      vertex -1.637022e-02 6.995362e-03 -3.177015e-02
    endloop
  endfacet
  facet normal 1.943951e-01 9.807952e-01 1.585491e-02
    outer loop
      vertex -1.637022e-02 6.995362e-03 -3.177015e-02
      vertex -1.730441e-02 7.186941e-03 -3.216745e-02
      vertex -1.634230e-02 6.968713e-03 -3.046395e-02
    endloop
  endfacet
  facet normal 1.947357e-01 9.807134e-01 1.670933e-02
    outer loop
      vertex -1.701120e-02 7.031213e-03 -2.661104e-02
      vertex -1.725508e-02 7.110083e-03 -2.839784e-02
      vertex -1.768831e-02 7.166554e-03 -2.666335e-02
    endloop
  endfacet
  facet normal 2.009853e-01 9.794183e-01 1.856814e-02
    outer loop
      vertex -1.751302e-02 7.259254e-03 -3.372369e-02
      vertex -1.730441e-02 7.186941e-03 -3.216745e-02
      vertex -1.668621e-02 7.084999e-03 -3.348177e-02
    endloop
  endfacet
  facet normal 1.936541e-01 9.808942e-01 1.856507e-02
    outer loop
      vertex -1.814681e-02 7.206982e-03 -2.362730e-02
      vertex -1.806671e-02 7.165009e-03 -2.224524e-02
      vertex -1.697072e-02 6.967449e-03 -2.323944e-02
    endloop
  endfacet
  facet normal 1.746905e-01 9.844973e-01 1.575875e-02
    outer loop
      vertex -1.565927e-02 6.945165e-03 -3.684578e-02
      vertex -1.521441e-02 6.844235e-03 -3.547192e-02
      vertex -1.493517e-02 6.823695e-03 -3.728415e-02
    endloop
  endfacet
  facet normal 1.621785e-01 9.866485e-01 1.493148e-02
    outer loop
      vertex -1.535445e-02 6.694160e-03 -2.350579e-02
      vertex -1.610204e-02 6.822963e-03 -2.389699e-02
      vertex -1.598168e-02 6.775891e-03 -2.209380e-02
    endloop
  endfacet
  facet normal 1.744055e-01 9.845735e-01 1.406120e-02
    outer loop
      vertex -1.598168e-02 6.775891e-03 -2.209380e-02
      vertex -1.610204e-02 6.822963e-03 -2.389699e-02
      vertex -1.697072e-02 6.967449e-03 -2.323944e-02
    endloop
  endfacet
  facet normal 1.720700e-01 9.849525e-01 1.614082e-02
    outer loop
      vertex -1.697072e-02 6.967449e-03 -2.323944e-02
      vertex -1.688483e-02 6.920273e-03 -2.127630e-02
      vertex -1.598168e-02 6.775891e-03 -2.209380e-02
    endloop
  endfacet
  facet normal 1.626516e-01 9.865842e-01 1.400621e-02
    outer loop
      vertex -1.610204e-02 6.822963e-03 -2.389699e-02
      vertex -1.535445e-02 6.694160e-03 -2.350579e-02
      vertex -1.531017e-02 6.711868e-03 -2.526744e-02
    endloop
  endfacet
  facet normal 1.645638e-01 9.862717e-01 1.367160e-02
    outer loop
      vertex -1.531017e-02 6.711868e-03 -2.526744e-02
      vertex -1.553507e-02 6.772258e-03 -2.691678e-02
      vertex -1.609197e-02 6.847780e-03 -2.566162e-02
    endloop
  endfacet
  facet normal 1.401306e-01 9.900287e-01 1.437450e-02
    outer loop
      vertex -1.312305e-02 6.538980e-03 -3.702772e-02
      vertex -1.260827e-02 6.487845e-03 -3.852422e-02
      vertex -1.360533e-02 6.613770e-03 -3.747724e-02
    endloop
  endfacet
  facet normal 1.393160e-01 9.901977e-01 9.982137e-03
    outer loop
      vertex -1.509961e-02 6.631452e-03 -2.171803e-02
      vertex -1.396523e-02 6.461782e-03 -2.071928e-02
      vertex -1.431654e-02 6.531062e-03 -2.268862e-02
    endloop
  endfacet
  facet normal 1.559924e-01 9.876460e-01 1.489074e-02
    outer loop
      vertex -1.531017e-02 6.711868e-03 -2.526744e-02
      vertex -1.466707e-02 6.629925e-03 -2.656940e-02
      vertex -1.553507e-02 6.772258e-03 -2.691678e-02
    endloop
  endfacet
  facet normal 1.494304e-01 9.886774e-01 1.369490e-02
    outer loop
      vertex -1.535445e-02 6.694160e-03 -2.350579e-02
      vertex -1.449157e-02 6.584145e-03 -2.497869e-02
      vertex -1.531017e-02 6.711868e-03 -2.526744e-02
    endloop
  endfacet
  facet normal 1.424477e-01 9.897200e-01 1.276806e-02
    outer loop
      vertex -1.449157e-02 6.584145e-03 -2.497869e-02
      vertex -1.401357e-02 6.533030e-03 -2.634938e-02
      vertex -1.466707e-02 6.629925e-03 -2.656940e-02
    endloop
  endfacet
  facet normal 1.223938e-01 9.924296e-01 1.015912e-02
    outer loop
      vertex -1.248006e-02 6.451925e-03 -3.684937e-02
      vertex -1.272982e-02 6.468075e-03 -3.541801e-02
      vertex -1.203994e-02 6.389050e-03 -3.600968e-02
    endloop
  endfacet
  facet normal 1.183425e-01 9.929238e-01 9.867119e-03
    outer loop
      vertex -1.209015e-02 6.369209e-03 -3.346085e-02
      vertex -1.222893e-02 6.397746e-03 -3.466809e-02
      vertex -1.266605e-02 6.439426e-03 -3.361977e-02
    endloop
  endfacet
  facet normal 1.309794e-01 9.913164e-01 1.166980e-02
    outer loop
      vertex -1.312305e-02 6.538980e-03 -3.702772e-02
      vertex -1.272982e-02 6.468075e-03 -3.541801e-02
      vertex -1.248006e-02 6.451925e-03 -3.684937e-02
    endloop
  endfacet
  facet normal 1.215198e-01 9.925259e-01 1.119380e-02
    outer loop
      vertex -1.369323e-02 6.460141e-03 -2.371389e-02
      vertex -1.364385e-02 6.436892e-03 -2.218852e-02
      vertex -1.311812e-02 6.386864e-03 -2.345998e-02
    endloop
  endfacet
  facet normal 1.153169e-01 9.932660e-01 1.116810e-02
    outer loop
      vertex -1.364385e-02 6.436892e-03 -2.218852e-02
      vertex -1.312393e-02 6.358916e-03 -2.062208e-02
      vertex -1.266197e-02 6.326208e-03 -2.248308e-02
    endloop
  endfacet
  facet normal 1.301184e-01 9.914298e-01 1.166621e-02
    outer loop
      vertex -1.431654e-02 6.531062e-03 -2.268862e-02
      vertex -1.396523e-02 6.461782e-03 -2.071928e-02
      vertex -1.364385e-02 6.436892e-03 -2.218852e-02
    endloop
  endfacet
  facet normal 1.080044e-01 9.941107e-01 8.885666e-03
    outer loop
      vertex -1.152528e-02 6.321236e-03 -3.495977e-02
      vertex -1.209015e-02 6.369209e-03 -3.346085e-02
      vertex -1.140078e-02 6.295231e-03 -3.356365e-02
    endloop
  endfacet
  facet normal 9.206611e-02 9.956923e-01 1.098342e-02
    outer loop
      vertex -1.241328e-02 6.292376e-03 -2.164652e-02
      vertex -1.185205e-02 6.231552e-03 -2.083700e-02
      vertex -1.114360e-02 6.182442e-03 -2.232338e-02
    endloop
  endfacet
  facet normal 1.057562e-01 9.943534e-01 8.775730e-03
    outer loop
      vertex -1.266197e-02 6.326208e-03 -2.248308e-02
      vertex -1.312393e-02 6.358916e-03 -2.062208e-02
      vertex -1.241328e-02 6.292376e-03 -2.164652e-02
    endloop
  endfacet
  facet normal 7.599673e-02 9.970931e-01 5.463224e-03
    outer loop
      vertex -9.339985e-03 6.130613e-03 -3.512212e-02
      vertex -9.602674e-03 6.157606e-03 -3.639449e-02
      vertex -1.012569e-02 6.191023e-03 -3.521786e-02
    endloop
  endfacet
  facet normal 8.049013e-02 9.967274e-01 7.470959e-03
    outer loop
      vertex -1.026514e-02 6.213165e-03 -3.666962e-02
      vertex -1.012569e-02 6.191023e-03 -3.521786e-02
      vertex -9.602674e-03 6.157606e-03 -3.639449e-02
    endloop
  endfacet
  facet normal 8.407334e-02 9.964240e-01 8.423256e-03
    outer loop
      vertex -1.036955e-02 6.231236e-03 -3.776520e-02
      vertex -1.026514e-02 6.213165e-03 -3.666962e-02
      vertex -9.609406e-03 6.169649e-03 -3.806684e-02
    endloop
  endfacet
  facet normal 7.124726e-02 9.974348e-01 6.896001e-03
    outer loop
      vertex -9.609406e-03 6.169649e-03 -3.806684e-02
      vertex -9.602674e-03 6.157606e-03 -3.639449e-02
      vertex -9.004382e-03 6.119016e-03 -3.699415e-02
    endloop
  endfacet
  facet normal 8.235378e-02 9.965831e-01 6.324824e-03
    outer loop
      vertex -1.088785e-02 6.154788e-03 -2.129607e-02
      vertex -1.114360e-02 6.182442e-03 -2.232338e-02
      vertex -1.185205e-02 6.231552e-03 -2.083700e-02
    endloop
  endfacet
  facet normal 7.745568e-02 9.969726e-01 6.793624e-03
    outer loop
      vertex -1.118413e-02 6.202211e-03 -2.458135e-02
      vertex -1.130895e-02 6.205690e-03 -2.366874e-02
      vertex -1.029028e-02 6.130014e-03 -2.417738e-02
    endloop
  endfacet
  facet normal 7.345482e-02 9.972828e-01 5.607257e-03
    outer loop
      vertex -1.023559e-02 6.116491e-03 -2.248858e-02
      vertex -1.029028e-02 6.130014e-03 -2.417738e-02
      vertex -1.114360e-02 6.182442e-03 -2.232338e-02
    endloop
  endfacet
  facet normal 4.983206e-02 9.987484e-01 4.295959e-03
    outer loop
      vertex -8.379734e-03 6.080621e-03 -3.680382e-02
      vertex -8.549316e-03 6.081084e-03 -3.494446e-02
      vertex -7.947495e-03 6.052466e-03 -3.527219e-02
    endloop
  endfacet
  facet normal 7.087977e-02 9.974635e-01 6.527509e-03
    outer loop
      vertex -9.602674e-03 6.157606e-03 -3.639449e-02
      vertex -9.339985e-03 6.130613e-03 -3.512212e-02
      vertex -9.004382e-03 6.119016e-03 -3.699415e-02
    endloop
  endfacet
  facet normal 5.977052e-02 9.981986e-01 5.202531e-03
    outer loop
      vertex -9.004382e-03 6.119016e-03 -3.699415e-02
      vertex -8.549316e-03 6.081084e-03 -3.494446e-02
      vertex -8.379734e-03 6.080621e-03 -3.680382e-02
    endloop
  endfacet
  facet normal 5.826737e-02 9.982858e-01 5.504061e-03
    outer loop
      vertex -1.023559e-02 6.116491e-03 -2.248858e-02
      vertex -1.014997e-02 6.101568e-03 -2.068843e-02
      vertex -9.688498e-03 6.078904e-03 -2.146300e-02
    endloop
  endfacet
  facet normal 5.807745e-02 9.982986e-01 5.197471e-03
    outer loop
      vertex -1.023559e-02 6.116491e-03 -2.248858e-02
      vertex -9.520079e-03 6.075106e-03 -2.253477e-02
      vertex -9.404676e-03 6.076259e-03 -2.404576e-02
    endloop
  endfacet
  facet normal 4.835532e-02 9.988203e-01 4.455336e-03
    outer loop
      vertex -9.404676e-03 6.076259e-03 -2.404576e-02
      vertex -9.520079e-03 6.075106e-03 -2.253477e-02
      vertex -8.905994e-03 6.048409e-03 -2.321454e-02
    endloop
  endfacet
  facet normal 3.532001e-02 9.993717e-01 2.965487e-03
    outer loop
      vertex -7.501910e-03 6.043780e-03 -3.794202e-02
      vertex -7.077902e-03 6.024516e-03 -3.650005e-02
      vertex -6.866205e-03 6.020707e-03 -3.773780e-02
    endloop
  endfacet
  facet normal 4.288504e-02 9.990797e-01 7.371035e-04
    outer loop
      vertex -7.077902e-03 6.024516e-03 -3.650005e-02
      vertex -7.501910e-03 6.043780e-03 -3.794202e-02
      vertex -8.379734e-03 6.080621e-03 -3.680382e-02
    endloop
  endfacet
  facet normal 3.284344e-02 9.994578e-01 2.320883e-03
    outer loop
      vertex -8.972908e-03 6.045659e-03 -2.164499e-02
      vertex -9.140569e-03 6.048995e-03 -2.070897e-02
      vertex -7.955579e-03 6.011045e-03 -2.113519e-02
    endloop
  endfacet
  facet normal 4.760880e-02 9.988589e-01 3.779431e-03
    outer loop
      vertex -9.520079e-03 6.075106e-03 -2.253477e-02
      vertex -8.972908e-03 6.045659e-03 -2.164499e-02
      vertex -8.905994e-03 6.048409e-03 -2.321454e-02
    endloop
  endfacet
  facet normal 3.791824e-02 9.992752e-01 3.367027e-03
    outer loop
      vertex -8.905994e-03 6.048409e-03 -2.321454e-02
      vertex -8.972908e-03 6.045659e-03 -2.164499e-02
      vertex -8.312309e-03 6.025065e-03 -2.297258e-02
    endloop
  endfacet
  facet normal 4.482580e-02 9.989874e-01 3.850054e-03
    outer loop
      vertex -8.423831e-03 6.034256e-03 -2.466635e-02
      vertex -8.329477e-03 6.036585e-03 -2.636930e-02
      vertex -9.182034e-03 6.073243e-03 -2.595481e-02
    endloop
  endfacet
  facet normal 2.997372e-02 9.995461e-01 3.027926e-03
    outer loop
      vertex -8.423831e-03 6.034256e-03 -2.466635e-02
      vertex -7.511134e-03 6.010018e-03 -2.570031e-02
      vertex -8.329477e-03 6.036585e-03 -2.636930e-02
    endloop
  endfacet
  facet normal 1.813719e-02 9.998352e-01 -8.319572e-04
    outer loop
      vertex -5.471350e-03 5.996197e-03 -3.678475e-02
      vertex -5.738545e-03 5.999660e-03 -3.844768e-02
      vertex -6.866205e-03 6.020707e-03 -3.773780e-02
    endloop
  endfacet
  facet normal 1.716933e-02 9.998519e-01 1.194482e-03
    outer loop
      vertex -7.224349e-03 5.998884e-03 -2.146690e-02
      vertex -7.362202e-03 6.002383e-03 -2.241432e-02
      vertex -7.955579e-03 6.011045e-03 -2.113519e-02
    endloop
  endfacet
  facet normal 3.150131e-01 9.487804e-01 2.413376e-02
    outer loop
      vertex -2.376880e-02 8.927068e-03 -3.242199e-02
      vertex -2.429604e-02 9.087358e-03 -3.184149e-02
      vertex -2.341138e-02 8.789873e-03 -3.169370e-02
    endloop
  endfacet
  facet normal 2.932226e-01 9.556913e-01 2.597559e-02
    outer loop
      vertex -2.265741e-02 8.578156e-03 -3.268801e-02
      vertex -2.210168e-02 8.444073e-03 -3.402822e-02
      vertex -2.267957e-02 8.607207e-03 -3.350671e-02
    endloop
  endfacet
  facet normal 2.635494e-01 9.643907e-01 2.219011e-02
    outer loop
      vertex -2.027445e-02 7.959573e-03 -3.546704e-02
      vertex -2.090193e-02 8.120440e-03 -3.500589e-02
      vertex -2.019845e-02 7.913365e-03 -3.436152e-02
    endloop
  endfacet
  facet normal 2.639367e-01 9.642950e-01 2.173646e-02
    outer loop
      vertex -2.111020e-02 8.158462e-03 -3.416379e-02
      vertex -2.019845e-02 7.913365e-03 -3.436152e-02
      vertex -2.090193e-02 8.120440e-03 -3.500589e-02
    endloop
  endfacet
  facet normal 2.204805e-01 9.752281e-01 1.784445e-02
    outer loop
      vertex -1.762253e-02 7.345898e-03 -3.709340e-02
      vertex -1.830759e-02 7.493930e-03 -3.671916e-02
      vertex -1.756901e-02 7.316455e-03 -3.614552e-02
    endloop
  endfacet
  facet normal 1.737034e-01 9.846734e-01 1.566296e-02
    outer loop
      vertex -1.493517e-02 6.823695e-03 -3.728415e-02
      vertex -1.481142e-02 6.818655e-03 -3.833962e-02
      vertex -1.552707e-02 6.940514e-03 -3.806383e-02
    endloop
  endfacet
  facet normal 1.616594e-01 9.867359e-01 1.478091e-02
    outer loop
      vertex -1.409386e-02 6.704837e-03 -3.858944e-02
      vertex -1.481142e-02 6.818655e-03 -3.833962e-02
      vertex -1.422034e-02 6.712807e-03 -3.773824e-02
    endloop
  endfacet
  facet normal 7.523333e-02 9.971287e-01 8.623785e-03
    outer loop
      vertex -8.892567e-03 6.129387e-03 -3.966522e-02
      vertex -9.668921e-03 6.187250e-03 -3.958276e-02
      vertex -9.609406e-03 6.169649e-03 -3.806684e-02
    endloop
  endfacet
  facet normal 6.218619e-02 9.980398e-01 7.034191e-03
    outer loop
      vertex -8.177130e-03 6.085177e-03 -3.971739e-02
      vertex -8.892567e-03 6.129387e-03 -3.966522e-02
      vertex -8.606415e-03 6.101163e-03 -3.819043e-02
    endloop
  endfacet
  facet normal 3.613561e-02 9.993408e-01 3.487460e-03
    outer loop
      vertex -6.578712e-03 6.017715e-03 -3.975654e-02
      vertex -7.431077e-03 6.048511e-03 -3.974911e-02
      vertex -6.658695e-03 6.018451e-03 -3.913850e-02
    endloop
  endfacet
  facet normal 3.495481e-01 9.364229e-01 3.046873e-02
    outer loop
      vertex -2.668040e-02 9.713346e-03 -2.447573e-02
      vertex -2.694528e-02 9.726082e-03 -2.182833e-02
      vertex -2.645812e-02 9.568190e-03 -2.256458e-02
    endloop
  endfacet
  facet normal -6.340948e-04 9.999971e-01 2.314658e-03
    outer loop
      vertex -5.605043e-03 5.996019e-03 -3.449362e-02
      vertex -4.746137e-03 5.998921e-03 -3.551208e-02
      vertex -5.990030e-03 5.999665e-03 -3.617422e-02
    endloop
  endfacet
  facet normal 7.647573e-03 9.999683e-01 2.228560e-03
    outer loop
      vertex -6.032253e-03 5.995493e-03 -2.810377e-02
      vertex -5.693949e-03 5.995530e-03 -2.928117e-02
      vertex -6.777089e-03 6.003257e-03 -2.903146e-02
    endloop
  endfacet
  facet normal 4.046935e-03 9.999870e-01 3.104336e-03
    outer loop
      vertex -7.224349e-03 5.998884e-03 -2.146690e-02
      vertex -6.227836e-03 5.996551e-03 -2.201442e-02
      vertex -7.362202e-03 6.002383e-03 -2.241432e-02
    endloop
  endfacet
  facet normal 7.302060e-03 9.999665e-01 -3.688224e-03
    outer loop
      vertex -6.736956e-03 5.999598e-03 -1.867318e-02
      vertex -7.156026e-03 5.997557e-03 -2.005620e-02
      vertex -7.944806e-03 6.006904e-03 -1.908353e-02
    endloop
  endfacet
  facet normal 2.634545e-02 9.996524e-01 9.567770e-04
    outer loop
      vertex -7.944806e-03 6.006904e-03 -1.908353e-02
      vertex -8.195423e-03 6.014310e-03 -1.992026e-02
      vertex -8.760049e-03 6.028458e-03 -1.915469e-02
    endloop
  endfacet
  facet normal 3.992476e-02 9.991968e-01 3.428428e-03
    outer loop
      vertex -8.760049e-03 6.028458e-03 -1.915469e-02
      vertex -9.140569e-03 6.048995e-03 -2.070897e-02
      vertex -9.411951e-03 6.054701e-03 -1.921160e-02
    endloop
  endfacet
  facet normal 7.624347e-02 9.970712e-01 6.003867e-03
    outer loop
      vertex -1.071444e-02 6.129661e-03 -1.932529e-02
      vertex -1.088785e-02 6.154788e-03 -2.129607e-02
      vertex -1.134468e-02 6.182110e-03 -2.003218e-02
    endloop
  endfacet
  facet normal 9.125316e-02 9.958041e-01 6.857999e-03
    outer loop
      vertex -1.136478e-02 6.178356e-03 -1.938205e-02
      vertex -1.247208e-02 6.284981e-03 -2.013059e-02
      vertex -1.266299e-02 6.298101e-03 -1.949537e-02
    endloop
  endfacet
  facet normal 1.121267e-01 9.936636e-01 7.762690e-03
    outer loop
      vertex -1.266299e-02 6.298101e-03 -1.949537e-02
      vertex -1.312393e-02 6.358916e-03 -2.062208e-02
      vertex -1.363384e-02 6.408316e-03 -1.958012e-02
    endloop
  endfacet
  facet normal 1.310569e-01 9.913392e-01 8.402655e-03
    outer loop
      vertex -1.363384e-02 6.408316e-03 -1.958012e-02
      vertex -1.396523e-02 6.461782e-03 -2.071928e-02
      vertex -1.492414e-02 6.579850e-03 -1.969274e-02
    endloop
  endfacet
  facet normal 1.330513e-01 9.910557e-01 1.029819e-02
    outer loop
      vertex -1.478583e-02 6.567930e-03 -2.033255e-02
      vertex -1.492414e-02 6.579850e-03 -1.969274e-02
      vertex -1.396523e-02 6.461782e-03 -2.071928e-02
    endloop
  endfacet
  facet normal 1.844519e-01 9.827154e-01 1.574389e-02
    outer loop
      vertex -1.688483e-02 6.920273e-03 -2.127630e-02
      vertex -1.744135e-02 7.033777e-03 -2.184095e-02
      vertex -1.780459e-02 7.071567e-03 -1.994417e-02
    endloop
  endfacet
  facet normal 2.016673e-01 9.793101e-01 1.679556e-02
    outer loop
      vertex -1.780459e-02 7.071567e-03 -1.994417e-02
      vertex -1.806671e-02 7.165009e-03 -2.224524e-02
      vertex -1.859201e-02 7.248873e-03 -2.082775e-02
    endloop
  endfacet
  facet normal 2.164819e-01 9.761013e-01 1.902346e-02
    outer loop
      vertex -1.875588e-02 7.269025e-03 -2.002720e-02
      vertex -1.953929e-02 7.462103e-03 -2.101908e-02
      vertex -1.970279e-02 7.480643e-03 -2.010986e-02
    endloop
  endfacet
  facet normal 2.421335e-01 9.700060e-01 2.144286e-02
    outer loop
      vertex -2.033094e-02 7.631080e-03 -2.016468e-02
      vertex -2.055656e-02 7.707049e-03 -2.105355e-02
      vertex -2.095662e-02 7.788468e-03 -2.021930e-02
    endloop
  endfacet
  facet normal 2.892498e-01 9.569498e-01 2.411757e-02
    outer loop
      vertex -2.281765e-02 8.301772e-03 -2.038174e-02
      vertex -2.356797e-02 8.548016e-03 -2.115344e-02
      vertex -2.373810e-02 8.582016e-03 -2.046208e-02
    endloop
  endfacet
  facet normal 3.033074e-01 9.524873e-01 2.779635e-02
    outer loop
      vertex -2.465240e-02 8.875491e-03 -2.054188e-02
      vertex -2.373810e-02 8.582016e-03 -2.046208e-02
      vertex -2.356797e-02 8.548016e-03 -2.115344e-02
    endloop
  endfacet
  facet normal 3.176130e-01 9.478201e-01 2.754884e-02
    outer loop
      vertex -2.465240e-02 8.875491e-03 -2.054188e-02
      vertex -2.466018e-02 8.925290e-03 -2.216548e-02
      vertex -2.525766e-02 9.079847e-03 -2.059471e-02
    endloop
  endfacet
  facet normal 3.450979e-01 9.380867e-01 3.001472e-02
    outer loop
      vertex -2.608401e-02 9.372080e-03 -2.066684e-02
      vertex -2.694528e-02 9.726082e-03 -2.182833e-02
      vertex -2.705303e-02 9.731263e-03 -2.075142e-02
    endloop
  endfacet
  facet normal 3.382969e-01 9.405148e-01 3.141854e-02
    outer loop
      vertex -2.559152e-02 9.255163e-03 -2.252518e-02
      vertex -2.645812e-02 9.568190e-03 -2.256458e-02
      vertex -2.599096e-02 9.365522e-03 -2.152790e-02
    endloop
  endfacet
  facet normal 3.456856e-01 9.379448e-01 2.758656e-02
    outer loop
      vertex -2.645812e-02 9.568190e-03 -2.256458e-02
      vertex -2.694528e-02 9.726082e-03 -2.182833e-02
      vertex -2.599096e-02 9.365522e-03 -2.152790e-02
    endloop
  endfacet
  facet normal 3.142687e-01 9.488964e-01 2.882299e-02
    outer loop
      vertex -2.341138e-02 8.789873e-03 -3.169370e-02
      vertex -2.429604e-02 9.087358e-03 -3.184149e-02
      vertex -2.410622e-02 8.981779e-03 -3.043542e-02
    endloop
  endfacet
  facet normal 3.234188e-01 9.457816e-01 2.995779e-02
    outer loop
      vertex -2.525766e-02 9.079847e-03 -2.059471e-02
      vertex -2.466018e-02 8.925290e-03 -2.216548e-02
      vertex -2.559152e-02 9.255163e-03 -2.252518e-02
    endloop
  endfacet
  facet normal 3.313328e-01 9.430881e-01 2.834449e-02
    outer loop
      vertex -2.559152e-02 9.255163e-03 -2.252518e-02
      vertex -2.599096e-02 9.365522e-03 -2.152790e-02
      vertex -2.525766e-02 9.079847e-03 -2.059471e-02
    endloop
  endfacet
  facet normal 3.021979e-01 9.529012e-01 2.560741e-02
    outer loop
      vertex -2.356797e-02 8.548016e-03 -2.115344e-02
      vertex -2.364920e-02 8.605536e-03 -2.233527e-02
      vertex -2.465240e-02 8.875491e-03 -2.054188e-02
    endloop
  endfacet
  facet normal 2.847395e-01 9.582469e-01 2.619748e-02
    outer loop
      vertex -2.210168e-02 8.444073e-03 -3.402822e-02
      vertex -2.189513e-02 8.358030e-03 -3.312589e-02
      vertex -2.150893e-02 8.281601e-03 -3.452786e-02
    endloop
  endfacet
  facet normal 2.841693e-01 9.585306e-01 2.160875e-02
    outer loop
      vertex -2.220008e-02 8.123874e-03 -2.032783e-02
      vertex -2.257883e-02 8.271196e-03 -2.188195e-02
      vertex -2.356797e-02 8.548016e-03 -2.115344e-02
    endloop
  endfacet
  facet normal 2.495293e-01 9.681458e-01 2.070591e-02
    outer loop
      vertex -1.950112e-02 7.745635e-03 -3.492259e-02
      vertex -2.019845e-02 7.913365e-03 -3.436152e-02
      vertex -1.940183e-02 7.691977e-03 -3.361015e-02
    endloop
  endfacet
  facet normal 2.525876e-01 9.673703e-01 1.985457e-02
    outer loop
      vertex -2.055656e-02 7.707049e-03 -2.105355e-02
      vertex -2.126981e-02 7.925220e-03 -2.260971e-02
      vertex -2.164063e-02 8.000969e-03 -2.158277e-02
    endloop
  endfacet
  facet normal 2.506383e-01 9.678570e-01 2.081626e-02
    outer loop
      vertex -2.126981e-02 7.925220e-03 -2.260971e-02
      vertex -2.055656e-02 7.707049e-03 -2.105355e-02
      vertex -2.053139e-02 7.730276e-03 -2.243661e-02
    endloop
  endfacet
  facet normal 2.233960e-01 9.745112e-01 2.054442e-02
    outer loop
      vertex -1.976686e-02 7.541602e-03 -2.231555e-02
      vertex -1.953929e-02 7.462103e-03 -2.101908e-02
      vertex -1.911839e-02 7.380589e-03 -2.172930e-02
    endloop
  endfacet
  facet normal 2.364661e-01 9.714210e-01 2.061816e-02
    outer loop
      vertex -1.976686e-02 7.541602e-03 -2.231555e-02
      vertex -2.053139e-02 7.730276e-03 -2.243661e-02
      vertex -2.055656e-02 7.707049e-03 -2.105355e-02
    endloop
  endfacet
  facet normal 2.102101e-01 9.774502e-01 2.007141e-02
    outer loop
      vertex -1.806671e-02 7.165009e-03 -2.224524e-02
      vertex -1.911839e-02 7.380589e-03 -2.172930e-02
      vertex -1.859201e-02 7.248873e-03 -2.082775e-02
    endloop
  endfacet
  facet normal 2.164504e-01 9.761585e-01 1.623916e-02
    outer loop
      vertex -1.859201e-02 7.248873e-03 -2.082775e-02
      vertex -1.911839e-02 7.380589e-03 -2.172930e-02
      vertex -1.953929e-02 7.462103e-03 -2.101908e-02
    endloop
  endfacet
  facet normal 1.631107e-01 9.864801e-01 1.587330e-02
    outer loop
      vertex -1.446120e-02 6.732591e-03 -3.649264e-02
      vertex -1.422034e-02 6.712807e-03 -3.773824e-02
      vertex -1.493517e-02 6.823695e-03 -3.728415e-02
    endloop
  endfacet
  facet normal 1.726012e-01 9.848494e-01 1.674583e-02
    outer loop
      vertex -1.688483e-02 6.920273e-03 -2.127630e-02
      vertex -1.635579e-02 6.821229e-03 -2.090418e-02
      vertex -1.598168e-02 6.775891e-03 -2.209380e-02
    endloop
  endfacet
  facet normal 1.532059e-01 9.880961e-01 1.393228e-02
    outer loop
      vertex -1.360533e-02 6.613770e-03 -3.747724e-02
      vertex -1.422034e-02 6.712807e-03 -3.773824e-02
      vertex -1.446120e-02 6.732591e-03 -3.649264e-02
    endloop
  endfacet
  facet normal 1.551649e-01 9.877678e-01 1.545086e-02
    outer loop
      vertex -1.509961e-02 6.631452e-03 -2.171803e-02
      vertex -1.598168e-02 6.775891e-03 -2.209380e-02
      vertex -1.567667e-02 6.708442e-03 -2.084490e-02
    endloop
  endfacet
  facet normal 1.493303e-01 9.887204e-01 1.151078e-02
    outer loop
      vertex -1.478583e-02 6.567930e-03 -2.033255e-02
      vertex -1.509961e-02 6.631452e-03 -2.171803e-02
      vertex -1.567667e-02 6.708442e-03 -2.084490e-02
    endloop
  endfacet
  facet normal 1.351369e-01 9.907162e-01 1.481682e-02
    outer loop
      vertex -1.478583e-02 6.567930e-03 -2.033255e-02
      vertex -1.396523e-02 6.461782e-03 -2.071928e-02
      vertex -1.509961e-02 6.631452e-03 -2.171803e-02
    endloop
  endfacet
  facet normal 9.413162e-02 9.954851e-01 1.219418e-02
    outer loop
      vertex -1.104887e-02 6.304794e-03 -3.852626e-02
      vertex -1.036955e-02 6.231236e-03 -3.776520e-02
      vertex -9.668921e-03 6.187250e-03 -3.958276e-02
    endloop
  endfacet
  facet normal 8.401342e-02 9.964303e-01 8.270963e-03
    outer loop
      vertex -9.609406e-03 6.169649e-03 -3.806684e-02
      vertex -9.668921e-03 6.187250e-03 -3.958276e-02
      vertex -1.036955e-02 6.231236e-03 -3.776520e-02
    endloop
  endfacet
  facet normal 5.982982e-02 9.981960e-01 5.007394e-03
    outer loop
      vertex -9.004382e-03 6.119016e-03 -3.699415e-02
      vertex -8.379734e-03 6.080621e-03 -3.680382e-02
      vertex -8.606415e-03 6.101163e-03 -3.819043e-02
    endloop
  endfacet
  facet normal 5.414990e-02 9.985214e-01 4.769858e-03
    outer loop
      vertex -7.812791e-03 6.059302e-03 -3.843677e-02
      vertex -8.177130e-03 6.085177e-03 -3.971739e-02
      vertex -8.606415e-03 6.101163e-03 -3.819043e-02
    endloop
  endfacet
  facet normal 3.938219e-02 9.992024e-01 6.601270e-03
    outer loop
      vertex -7.812791e-03 6.059302e-03 -3.843677e-02
      vertex -7.501910e-03 6.043780e-03 -3.794202e-02
      vertex -6.658695e-03 6.018451e-03 -3.913850e-02
    endloop
  endfacet
  facet normal 3.511866e-02 9.993767e-01 3.592869e-03
    outer loop
      vertex -7.501910e-03 6.043780e-03 -3.794202e-02
      vertex -6.866205e-03 6.020707e-03 -3.773780e-02
      vertex -6.658695e-03 6.018451e-03 -3.913850e-02
    endloop
  endfacet
  facet normal 3.224589e-02 9.994659e-01 5.311938e-03
    outer loop
      vertex -9.140569e-03 6.048995e-03 -2.070897e-02
      vertex -8.760049e-03 6.028458e-03 -1.915469e-02
      vertex -8.195423e-03 6.014310e-03 -1.992026e-02
    endloop
  endfacet
  facet normal 3.341436e-02 9.994339e-01 3.910296e-03
    outer loop
      vertex -9.140569e-03 6.048995e-03 -2.070897e-02
      vertex -8.195423e-03 6.014310e-03 -1.992026e-02
      vertex -7.955579e-03 6.011045e-03 -2.113519e-02
    endloop
  endfacet
  facet normal 4.739972e-02 9.988684e-01 3.908316e-03
    outer loop
      vertex -8.972908e-03 6.045659e-03 -2.164499e-02
      vertex -9.520079e-03 6.075106e-03 -2.253477e-02
      vertex -9.688498e-03 6.078904e-03 -2.146300e-02
    endloop
  endfacet
  facet normal 4.767120e-02 9.988507e-01 4.978987e-03
    outer loop
      vertex -9.140569e-03 6.048995e-03 -2.070897e-02
      vertex -8.972908e-03 6.045659e-03 -2.164499e-02
      vertex -9.688498e-03 6.078904e-03 -2.146300e-02
    endloop
  endfacet
  facet normal 1.032559e-02 9.999439e-01 2.344194e-03
    outer loop
      vertex -6.315231e-03 6.000259e-03 -3.317406e-02
      vertex -5.605043e-03 5.996019e-03 -3.449362e-02
      vertex -6.473747e-03 6.005622e-03 -3.476328e-02
    endloop
  endfacet
  facet normal 1.117442e-02 9.999375e-01 -3.905352e-04
    outer loop
      vertex -6.473747e-03 6.005622e-03 -3.476328e-02
      vertex -5.605043e-03 5.996019e-03 -3.449362e-02
      vertex -5.990030e-03 5.999665e-03 -3.617422e-02
    endloop
  endfacet
  facet normal 1.946156e-02 9.998098e-01 1.272594e-03
    outer loop
      vertex -6.658695e-03 6.018451e-03 -3.913850e-02
      vertex -6.866205e-03 6.020707e-03 -3.773780e-02
      vertex -5.738545e-03 5.999660e-03 -3.844768e-02
    endloop
  endfacet
  facet normal 1.668781e-02 9.998607e-01 1.326817e-04
    outer loop
      vertex -7.955579e-03 6.011045e-03 -2.113519e-02
      vertex -7.156026e-03 5.997557e-03 -2.005620e-02
      vertex -7.224349e-03 5.998884e-03 -2.146690e-02
    endloop
  endfacet
  facet normal 3.285469e-01 9.441849e-01 2.391385e-02
    outer loop
      vertex -2.410622e-02 8.981779e-03 -3.043542e-02
      vertex -2.480083e-02 9.244031e-03 -3.124675e-02
      vertex -2.528432e-02 9.396822e-03 -3.063680e-02
    endloop
  endfacet
  facet normal 3.057618e-01 9.516597e-01 2.921641e-02
    outer loop
      vertex -2.376880e-02 8.927068e-03 -3.242199e-02
      vertex -2.341138e-02 8.789873e-03 -3.169370e-02
      vertex -2.265741e-02 8.578156e-03 -3.268801e-02
    endloop
  endfacet
  facet normal 2.530468e-01 9.672338e-01 2.064092e-02
    outer loop
      vertex -1.950112e-02 7.745635e-03 -3.492259e-02
      vertex -1.962691e-02 7.799622e-03 -3.591019e-02
      vertex -2.027445e-02 7.959573e-03 -3.546704e-02
    endloop
  endfacet
  facet normal 2.097303e-01 9.775838e-01 1.852454e-02
    outer loop
      vertex -1.762253e-02 7.345898e-03 -3.709340e-02
      vertex -1.756901e-02 7.316455e-03 -3.614552e-02
      vertex -1.692530e-02 7.202967e-03 -3.744446e-02
    endloop
  endfacet
  facet normal 1.515979e-01 9.883532e-01 1.327082e-02
    outer loop
      vertex -1.335576e-02 6.594712e-03 -3.881944e-02
      vertex -1.409386e-02 6.704837e-03 -3.858944e-02
      vertex -1.422034e-02 6.712807e-03 -3.773824e-02
    endloop
  endfacet
  facet normal 5.118131e-02 9.986706e-01 6.116150e-03
    outer loop
      vertex -1.006346e-02 6.088439e-03 -1.926846e-02
      vertex -9.411951e-03 6.054701e-03 -1.921160e-02
      vertex -1.014997e-02 6.101568e-03 -2.068843e-02
    endloop
  endfacet
  facet normal 3.299899e-01 9.418248e-01 -6.381780e-02
    outer loop
      vertex -2.483089e-02 9.021240e-03 -1.818756e-02
      vertex -2.476089e-02 8.915003e-03 -1.939343e-02
      vertex -2.598237e-02 9.335754e-03 -1.950005e-02
    endloop
  endfacet
  facet normal 3.319564e-01 9.346844e-01 -1.271617e-01
    outer loop
      vertex -2.502209e-02 9.240343e-03 -1.706264e-02
      vertex -2.560352e-02 9.364428e-03 -1.766839e-02
      vertex -2.593825e-02 9.554838e-03 -1.714261e-02
    endloop
  endfacet
  facet normal 3.327795e-01 9.349742e-01 -1.228046e-01
    outer loop
      vertex -2.483089e-02 9.021240e-03 -1.818756e-02
      vertex -2.604999e-02 9.441169e-03 -1.829397e-02
      vertex -2.560352e-02 9.364428e-03 -1.766839e-02
    endloop
  endfacet
  facet normal 3.079799e-01 9.491190e-01 -6.573819e-02
    outer loop
      vertex -2.476089e-02 8.915003e-03 -1.939343e-02
      vertex -2.483089e-02 9.021240e-03 -1.818756e-02
      vertex -2.352986e-02 8.606933e-03 -1.807400e-02
    endloop
  endfacet
  facet normal 3.138598e-01 9.405488e-01 -1.298458e-01
    outer loop
      vertex -2.374501e-02 8.829571e-03 -1.695117e-02
      vertex -2.483089e-02 9.021240e-03 -1.818756e-02
      vertex -2.502209e-02 9.240343e-03 -1.706264e-02
    endloop
  endfacet
  facet normal 2.858958e-01 9.558686e-01 -6.766694e-02
    outer loop
      vertex -2.345729e-02 8.499881e-03 -1.927965e-02
      vertex -2.352986e-02 8.606933e-03 -1.807400e-02
      vertex -2.230278e-02 8.247502e-03 -1.796689e-02
    endloop
  endfacet
  facet normal 2.951430e-01 9.464155e-01 -1.311039e-01
    outer loop
      vertex -2.300248e-02 8.537801e-03 -1.738581e-02
      vertex -2.352986e-02 8.606933e-03 -1.807400e-02
      vertex -2.374501e-02 8.829571e-03 -1.695117e-02
    endloop
  endfacet
  facet normal 2.923137e-01 9.465944e-01 -1.360576e-01
    outer loop
      vertex -2.250709e-02 8.462824e-03 -1.684312e-02
      vertex -2.300248e-02 8.537801e-03 -1.738581e-02
      vertex -2.374501e-02 8.829571e-03 -1.695117e-02
    endloop
  endfacet
  facet normal 2.860021e-01 9.493819e-01 -1.299110e-01
    outer loop
      vertex -2.250709e-02 8.462824e-03 -1.684312e-02
      vertex -2.230278e-02 8.247502e-03 -1.796689e-02
      vertex -2.300248e-02 8.537801e-03 -1.738581e-02
    endloop
  endfacet
  facet normal 2.889834e-01 9.489895e-01 -1.261250e-01
    outer loop
      vertex -2.230278e-02 8.247502e-03 -1.796689e-02
      vertex -2.352986e-02 8.606933e-03 -1.807400e-02
      vertex -2.300248e-02 8.537801e-03 -1.738581e-02
    endloop
  endfacet
  facet normal 2.922412e-01 9.218945e-01 -2.543730e-01
    outer loop
      vertex -2.299804e-02 8.851770e-03 -1.566488e-02
      vertex -2.360941e-02 9.329439e-03 -1.463611e-02
      vertex -2.239859e-02 8.974771e-03 -1.453042e-02
    endloop
  endfacet
  facet normal 2.920853e-01 9.049770e-01 -3.093586e-01
    outer loop
      vertex -2.239859e-02 8.974771e-03 -1.453042e-02
      vertex -2.360941e-02 9.329439e-03 -1.463611e-02
      vertex -2.238966e-02 9.356191e-03 -1.340620e-02
    endloop
  endfacet
  facet normal 2.643620e-01 9.619127e-01 -6.954704e-02
    outer loop
      vertex -2.222781e-02 8.139746e-03 -1.917233e-02
      vertex -2.157088e-02 8.009901e-03 -1.847112e-02
      vertex -2.098711e-02 7.806595e-03 -1.906403e-02
    endloop
  endfacet
  facet normal 2.643621e-01 9.619126e-01 -6.954685e-02
    outer loop
      vertex -2.157088e-02 8.009901e-03 -1.847112e-02
      vertex -2.106451e-02 7.915006e-03 -1.785881e-02
      vertex -2.098711e-02 7.806595e-03 -1.906403e-02
    endloop
  endfacet
  facet normal 2.643607e-01 9.619131e-01 -6.954579e-02
    outer loop
      vertex -2.222781e-02 8.139746e-03 -1.917233e-02
      vertex -2.230278e-02 8.247502e-03 -1.796689e-02
      vertex -2.157088e-02 8.009901e-03 -1.847112e-02
    endloop
  endfacet
  facet normal 2.643608e-01 9.619131e-01 -6.954567e-02
    outer loop
      vertex -2.157088e-02 8.009901e-03 -1.847112e-02
      vertex -2.230278e-02 8.247502e-03 -1.796689e-02
      vertex -2.106451e-02 7.915006e-03 -1.785881e-02
    endloop
  endfacet
  facet normal 2.736011e-01 9.526330e-01 -1.327884e-01
    outer loop
      vertex -2.177243e-02 8.191145e-03 -1.727845e-02
      vertex -2.230278e-02 8.247502e-03 -1.796689e-02
      vertex -2.250709e-02 8.462824e-03 -1.684312e-02
    endloop
  endfacet
  facet normal 2.707597e-01 9.527535e-01 -1.376589e-01
    outer loop
      vertex -2.127550e-02 8.128355e-03 -1.673562e-02
      vertex -2.177243e-02 8.191145e-03 -1.727845e-02
      vertex -2.250709e-02 8.462824e-03 -1.684312e-02
    endloop
  endfacet
  facet normal 2.646289e-01 9.553079e-01 -1.317511e-01
    outer loop
      vertex -2.127550e-02 8.128355e-03 -1.673562e-02
      vertex -2.106451e-02 7.915006e-03 -1.785881e-02
      vertex -2.177243e-02 8.191145e-03 -1.727845e-02
    endloop
  endfacet
  facet normal 2.676025e-01 9.549929e-01 -1.279741e-01
    outer loop
      vertex -2.106451e-02 7.915006e-03 -1.785881e-02
      vertex -2.230278e-02 8.247502e-03 -1.796689e-02
      vertex -2.177243e-02 8.191145e-03 -1.727845e-02
    endloop
  endfacet
  facet normal 2.714541e-01 9.281336e-01 -2.547171e-01
    outer loop
      vertex -2.208138e-02 8.592612e-03 -1.558487e-02
      vertex -2.239859e-02 8.974771e-03 -1.453042e-02
      vertex -2.117673e-02 8.646678e-03 -1.442377e-02
    endloop
  endfacet
  facet normal 2.716975e-01 9.106994e-01 -3.111385e-01
    outer loop
      vertex -2.117673e-02 8.646678e-03 -1.442377e-02
      vertex -2.239859e-02 8.974771e-03 -1.453042e-02
      vertex -2.117640e-02 9.030409e-03 -1.330030e-02
    endloop
  endfacet
  facet normal 2.522557e-01 9.582488e-01 -1.346340e-01
    outer loop
      vertex -2.054204e-02 7.874097e-03 -1.717105e-02
      vertex -2.106451e-02 7.915006e-03 -1.785881e-02
      vertex -2.127550e-02 8.128355e-03 -1.673562e-02
    endloop
  endfacet
  facet normal 2.493516e-01 9.583044e-01 -1.395582e-01
    outer loop
      vertex -2.004624e-02 7.824126e-03 -1.662832e-02
      vertex -2.054204e-02 7.874097e-03 -1.717105e-02
      vertex -2.127550e-02 8.128355e-03 -1.673562e-02
    endloop
  endfacet
  facet normal 2.494694e-01 9.341643e-01 -2.551513e-01
    outer loop
      vertex -1.996753e-02 8.350941e-03 -1.431822e-02
      vertex -1.994343e-02 8.049511e-03 -1.539826e-02
      vertex -2.093175e-02 8.289881e-03 -1.548452e-02
    endloop
  endfacet
  facet normal 2.513234e-01 9.159253e-01 -3.129174e-01
    outer loop
      vertex -2.117673e-02 8.646678e-03 -1.442377e-02
      vertex -2.117640e-02 9.030409e-03 -1.330030e-02
      vertex -1.996753e-02 8.350941e-03 -1.431822e-02
    endloop
  endfacet
  facet normal 2.207106e-01 9.725768e-01 -7.335661e-02
    outer loop
      vertex -1.975927e-02 7.506298e-03 -1.895686e-02
      vertex -1.983908e-02 7.615297e-03 -1.775185e-02
      vertex -1.853059e-02 7.326972e-03 -1.763763e-02
    endloop
  endfacet
  facet normal 2.309297e-01 9.633511e-01 -1.364773e-01
    outer loop
      vertex -1.908375e-02 7.605306e-03 -1.654431e-02
      vertex -1.983908e-02 7.615297e-03 -1.775185e-02
      vertex -2.004624e-02 7.824126e-03 -1.662832e-02
    endloop
  endfacet
  facet normal 2.293375e-01 9.383851e-01 -2.585299e-01
    outer loop
      vertex -1.897033e-02 7.833075e-03 -1.531332e-02
      vertex -1.924126e-02 8.190907e-03 -1.425483e-02
      vertex -1.867638e-02 8.066436e-03 -1.420552e-02
    endloop
  endfacet
  facet normal 2.292979e-01 9.388405e-01 -2.569065e-01
    outer loop
      vertex -1.994343e-02 8.049511e-03 -1.539826e-02
      vertex -1.996753e-02 8.350941e-03 -1.431822e-02
      vertex -1.924126e-02 8.190907e-03 -1.425483e-02
    endloop
  endfacet
  facet normal 2.311679e-01 9.380921e-01 -2.579623e-01
    outer loop
      vertex -1.994343e-02 8.049511e-03 -1.539826e-02
      vertex -1.924126e-02 8.190907e-03 -1.425483e-02
      vertex -1.897033e-02 7.833075e-03 -1.531332e-02
    endloop
  endfacet
  facet normal 2.303692e-01 9.207969e-01 -3.147428e-01
    outer loop
      vertex -1.867638e-02 8.066436e-03 -1.420552e-02
      vertex -1.925092e-02 8.433041e-03 -1.355352e-02
      vertex -1.869365e-02 8.454251e-03 -1.308359e-02
    endloop
  endfacet
  facet normal 2.303699e-01 9.207967e-01 -3.147429e-01
    outer loop
      vertex -1.996753e-02 8.350941e-03 -1.431822e-02
      vertex -1.997571e-02 8.736753e-03 -1.319550e-02
      vertex -1.925092e-02 8.433041e-03 -1.355352e-02
    endloop
  endfacet
  facet normal 2.303697e-01 9.207967e-01 -3.147433e-01
    outer loop
      vertex -1.925092e-02 8.433041e-03 -1.355352e-02
      vertex -1.997571e-02 8.736753e-03 -1.319550e-02
      vertex -1.869365e-02 8.454251e-03 -1.308359e-02
    endloop
  endfacet
  facet normal 2.305916e-01 8.987576e-01 -3.729105e-01
    outer loop
      vertex -1.997571e-02 8.736753e-03 -1.319550e-02
      vertex -1.996611e-02 9.187946e-03 -1.210213e-02
      vertex -1.940986e-02 9.065376e-03 -1.205358e-02
    endloop
  endfacet
  facet normal 2.299222e-01 8.732886e-01 -4.295378e-01
    outer loop
      vertex -1.940986e-02 9.065376e-03 -1.205358e-02
      vertex -1.996611e-02 9.187946e-03 -1.210213e-02
      vertex -1.934011e-02 9.323931e-03 -1.149058e-02
    endloop
  endfacet
  facet normal 2.305539e-01 8.734534e-01 -4.288636e-01
    outer loop
      vertex -1.868555e-02 9.224507e-03 -1.134119e-02
      vertex -1.934011e-02 9.323931e-03 -1.149058e-02
      vertex -1.868007e-02 9.414540e-03 -1.095121e-02
    endloop
  endfacet
  facet normal 1.980138e-01 9.772998e-01 -7.533735e-02
    outer loop
      vertex -1.844821e-02 7.217406e-03 -1.884242e-02
      vertex -1.800037e-02 7.170555e-03 -1.827309e-02
      vertex -1.715574e-02 6.964231e-03 -1.872961e-02
    endloop
  endfacet
  facet normal 1.980149e-01 9.772995e-01 -7.533817e-02
    outer loop
      vertex -1.844821e-02 7.217406e-03 -1.884242e-02
      vertex -1.853059e-02 7.326972e-03 -1.763763e-02
      vertex -1.800037e-02 7.170555e-03 -1.827309e-02
    endloop
  endfacet
  facet normal 1.980142e-01 9.772996e-01 -7.533872e-02
    outer loop
      vertex -1.800037e-02 7.170555e-03 -1.827309e-02
      vertex -1.853059e-02 7.326972e-03 -1.763763e-02
      vertex -1.724065e-02 7.074293e-03 -1.752504e-02
    endloop
  endfacet
  facet normal 2.138257e-01 9.670739e-01 -1.380095e-01
    outer loop
      vertex -1.819248e-02 7.419343e-03 -1.646651e-02
      vertex -1.853059e-02 7.326972e-03 -1.763763e-02
      vertex -1.908375e-02 7.605306e-03 -1.654431e-02
    endloop
  endfacet
  facet normal 2.017941e-01 9.701107e-01 -1.347755e-01
    outer loop
      vertex -1.724065e-02 7.074293e-03 -1.752504e-02
      vertex -1.853059e-02 7.326972e-03 -1.763763e-02
      vertex -1.819248e-02 7.419343e-03 -1.646651e-02
    endloop
  endfacet
  facet normal 2.074140e-01 9.431793e-01 -2.596004e-01
    outer loop
      vertex -1.752556e-02 7.543160e-03 -1.518721e-02
      vertex -1.796040e-02 7.926187e-03 -1.414303e-02
      vertex -1.740353e-02 7.817104e-03 -1.409442e-02
    endloop
  endfacet
  facet normal 2.072328e-01 9.447417e-01 -2.540034e-01
    outer loop
      vertex -1.897033e-02 7.833075e-03 -1.531332e-02
      vertex -1.867638e-02 8.066436e-03 -1.420552e-02
      vertex -1.796040e-02 7.926187e-03 -1.414303e-02
    endloop
  endfacet
  facet normal 2.020414e-01 9.436762e-01 -2.620200e-01
    outer loop
      vertex -1.800627e-02 7.634430e-03 -1.522917e-02
      vertex -1.796040e-02 7.926187e-03 -1.414303e-02
      vertex -1.752556e-02 7.543160e-03 -1.518721e-02
    endloop
  endfacet
  facet normal 2.031358e-01 9.254509e-01 -3.198068e-01
    outer loop
      vertex -1.740353e-02 7.817104e-03 -1.409442e-02
      vertex -1.798272e-02 8.314990e-03 -1.302154e-02
      vertex -1.721055e-02 8.168791e-03 -1.295414e-02
    endloop
  endfacet
  facet normal 2.088829e-01 9.252677e-01 -3.166190e-01
    outer loop
      vertex -1.867638e-02 8.066436e-03 -1.420552e-02
      vertex -1.869365e-02 8.454251e-03 -1.308359e-02
      vertex -1.798272e-02 8.314990e-03 -1.302154e-02
    endloop
  endfacet
  facet normal 2.038904e-01 9.070310e-01 -3.684066e-01
    outer loop
      vertex -1.721055e-02 8.168791e-03 -1.295414e-02
      vertex -1.798272e-02 8.314990e-03 -1.302154e-02
      vertex -1.743409e-02 8.377521e-03 -1.256395e-02
    endloop
  endfacet
  facet normal 2.096178e-01 9.031222e-01 -3.747408e-01
    outer loop
      vertex -1.869365e-02 8.454251e-03 -1.308359e-02
      vertex -1.869468e-02 8.907786e-03 -1.199115e-02
      vertex -1.744128e-02 8.662264e-03 -1.188175e-02
    endloop
  endfacet
  facet normal 2.095481e-01 8.778310e-01 -4.306998e-01
    outer loop
      vertex -1.744128e-02 8.662264e-03 -1.188175e-02
      vertex -1.869468e-02 8.907786e-03 -1.199115e-02
      vertex -1.868555e-02 9.224507e-03 -1.134119e-02
    endloop
  endfacet
  facet normal 2.095477e-01 8.778304e-01 -4.307012e-01
    outer loop
      vertex -1.868555e-02 9.224507e-03 -1.134119e-02
      vertex -1.868007e-02 9.414540e-03 -1.095121e-02
      vertex -1.743838e-02 9.171312e-03 -1.084282e-02
    endloop
  endfacet
  facet normal 2.086816e-01 8.490585e-01 -4.853366e-01
    outer loop
      vertex -1.742066e-02 9.761494e-03 -9.802725e-03
      vertex -1.868007e-02 9.414540e-03 -1.095121e-02
      vertex -1.864877e-02 1.000206e-02 -9.909923e-03
    endloop
  endfacet
  facet normal 2.070390e-01 8.173784e-01 -5.376127e-01
    outer loop
      vertex -1.742066e-02 9.761494e-03 -9.802725e-03
      vertex -1.864877e-02 1.000206e-02 -9.909923e-03
      vertex -1.860402e-02 1.061670e-02 -8.958200e-03
    endloop
  endfacet
  facet normal 2.059632e-01 7.809481e-01 -5.896602e-01
    outer loop
      vertex -1.750059e-02 1.110155e-02 -7.926983e-03
      vertex -1.815694e-02 1.085291e-02 -8.485538e-03
      vertex -1.885383e-02 1.137270e-02 -8.040534e-03
    endloop
  endfacet
  facet normal 2.047501e-01 7.843070e-01 -5.856108e-01
    outer loop
      vertex -1.739011e-02 1.037891e-02 -8.852242e-03
      vertex -1.860402e-02 1.061670e-02 -8.958200e-03
      vertex -1.815694e-02 1.085291e-02 -8.485538e-03
    endloop
  endfacet
  facet normal 1.803228e-01 9.739288e-01 -1.376461e-01
    outer loop
      vertex -1.604738e-02 6.868080e-03 -1.742088e-02
      vertex -1.724065e-02 7.074293e-03 -1.752504e-02
      vertex -1.634153e-02 7.080256e-03 -1.630495e-02
    endloop
  endfacet
  facet normal 1.849421e-01 9.481845e-01 -2.583457e-01
    outer loop
      vertex -1.740353e-02 7.817104e-03 -1.409442e-02
      vertex -1.586632e-02 7.258989e-03 -1.504238e-02
      vertex -1.752556e-02 7.543160e-03 -1.518721e-02
    endloop
  endfacet
  facet normal 1.895726e-01 9.068152e-01 -3.764949e-01
    outer loop
      vertex -1.743409e-02 8.377521e-03 -1.256395e-02
      vertex -1.744128e-02 8.662264e-03 -1.188175e-02
      vertex -1.628181e-02 8.461892e-03 -1.178054e-02
    endloop
  endfacet
  facet normal 1.900642e-01 8.814202e-01 -4.324050e-01
    outer loop
      vertex -1.628181e-02 8.461892e-03 -1.178054e-02
      vertex -1.744128e-02 8.662264e-03 -1.188175e-02
      vertex -1.743838e-02 9.171312e-03 -1.084282e-02
    endloop
  endfacet
  facet normal 1.898358e-01 8.525302e-01 -4.869852e-01
    outer loop
      vertex -1.628974e-02 8.972812e-03 -1.074256e-02
      vertex -1.743838e-02 9.171312e-03 -1.084282e-02
      vertex -1.689564e-02 9.392681e-03 -1.024372e-02
    endloop
  endfacet
  facet normal 1.898848e-01 8.525458e-01 -4.869388e-01
    outer loop
      vertex -1.628974e-02 8.972812e-03 -1.074256e-02
      vertex -1.689564e-02 9.392681e-03 -1.024372e-02
      vertex -1.629460e-02 9.567262e-03 -9.703677e-03
    endloop
  endfacet
  facet normal 1.898350e-01 8.525307e-01 -4.869847e-01
    outer loop
      vertex -1.743838e-02 9.171312e-03 -1.084282e-02
      vertex -1.742066e-02 9.761494e-03 -9.802725e-03
      vertex -1.689564e-02 9.392681e-03 -1.024372e-02
    endloop
  endfacet
  facet normal 1.898845e-01 8.525460e-01 -4.869386e-01
    outer loop
      vertex -1.689564e-02 9.392681e-03 -1.024372e-02
      vertex -1.742066e-02 9.761494e-03 -9.802725e-03
      vertex -1.629460e-02 9.567262e-03 -9.703677e-03
    endloop
  endfacet
  facet normal 1.894575e-01 7.846919e-01 -5.902240e-01
    outer loop
      vertex -1.637091e-02 1.090296e-02 -7.828376e-03
      vertex -1.739011e-02 1.037891e-02 -8.852242e-03
      vertex -1.750059e-02 1.110155e-02 -7.926983e-03
    endloop
  endfacet
  facet normal 1.816474e-01 7.050105e-01 -6.855396e-01
    outer loop
      vertex -1.612133e-02 1.245441e-02 -6.050533e-03
      vertex -1.659969e-02 1.174758e-02 -6.904184e-03
      vertex -1.720975e-02 1.264739e-02 -6.140464e-03
    endloop
  endfacet
  facet normal 1.779684e-01 6.621617e-01 -7.279211e-01
    outer loop
      vertex -1.606428e-02 1.333907e-02 -5.231218e-03
      vertex -1.720975e-02 1.264739e-02 -6.140464e-03
      vertex -1.692233e-02 1.348735e-02 -5.306114e-03
    endloop
  endfacet
  facet normal 1.734380e-01 6.151475e-01 -7.690988e-01
    outer loop
      vertex -1.606428e-02 1.333907e-02 -5.231218e-03
      vertex -1.692233e-02 1.348735e-02 -5.306114e-03
      vertex -1.598164e-02 1.425500e-02 -4.479991e-03
    endloop
  endfacet
  facet normal 1.547934e-01 9.847744e-01 -7.911055e-02
    outer loop
      vertex -1.596013e-02 6.757614e-03 -1.862525e-02
      vertex -1.604738e-02 6.868080e-03 -1.742088e-02
      vertex -1.477571e-02 6.677106e-03 -1.730988e-02
    endloop
  endfacet
  facet normal 1.621002e-01 9.757121e-01 -1.473409e-01
    outer loop
      vertex -1.500432e-02 6.875725e-03 -1.618823e-02
      vertex -1.551252e-02 6.878035e-03 -1.673204e-02
      vertex -1.634153e-02 7.080256e-03 -1.630495e-02
    endloop
  endfacet
  facet normal 1.529364e-01 9.775545e-01 -1.449058e-01
    outer loop
      vertex -1.463643e-02 6.749664e-03 -1.667341e-02
      vertex -1.477571e-02 6.677106e-03 -1.730988e-02
      vertex -1.551252e-02 6.878035e-03 -1.673204e-02
    endloop
  endfacet
  facet normal 1.638809e-01 9.508795e-01 -2.626237e-01
    outer loop
      vertex -1.497124e-02 7.425180e-03 -1.388211e-02
      vertex -1.491965e-02 7.118657e-03 -1.495975e-02
      vertex -1.586632e-02 7.258989e-03 -1.504238e-02
    endloop
  endfacet
  facet normal 1.680845e-01 9.323260e-01 -3.201811e-01
    outer loop
      vertex -1.622607e-02 7.613623e-03 -1.399164e-02
      vertex -1.626060e-02 8.004626e-03 -1.287122e-02
      vertex -1.503851e-02 7.821385e-03 -1.276324e-02
    endloop
  endfacet
  facet normal 1.698694e-01 9.099223e-01 -3.783990e-01
    outer loop
      vertex -1.503851e-02 7.821385e-03 -1.276324e-02
      vertex -1.626060e-02 8.004626e-03 -1.287122e-02
      vertex -1.504615e-02 8.276327e-03 -1.167269e-02
    endloop
  endfacet
  facet normal 1.696779e-01 9.100286e-01 -3.782291e-01
    outer loop
      vertex -1.626060e-02 8.004626e-03 -1.287122e-02
      vertex -1.628181e-02 8.461892e-03 -1.178054e-02
      vertex -1.504615e-02 8.276327e-03 -1.167269e-02
    endloop
  endfacet
  facet normal 1.712412e-01 8.554791e-01 -4.887044e-01
    outer loop
      vertex -1.628974e-02 8.972812e-03 -1.074256e-02
      vertex -1.629460e-02 9.567262e-03 -9.703677e-03
      vertex -1.507385e-02 9.383344e-03 -9.597879e-03
    endloop
  endfacet
  facet normal 1.709536e-01 8.236517e-01 -5.407150e-01
    outer loop
      vertex -1.507385e-02 9.383344e-03 -9.597879e-03
      vertex -1.629460e-02 9.567262e-03 -9.703677e-03
      vertex -1.560086e-02 9.793087e-03 -9.140352e-03
    endloop
  endfacet
  facet normal 1.708898e-01 8.236296e-01 -5.407688e-01
    outer loop
      vertex -1.507385e-02 9.383344e-03 -9.597879e-03
      vertex -1.560086e-02 9.793087e-03 -9.140352e-03
      vertex -1.507044e-02 1.000514e-02 -8.649765e-03
    endloop
  endfacet
  facet normal 1.709441e-01 8.236594e-01 -5.407064e-01
    outer loop
      vertex -1.629460e-02 9.567262e-03 -9.703677e-03
      vertex -1.626717e-02 1.018486e-02 -8.754224e-03
      vertex -1.560086e-02 9.793087e-03 -9.140352e-03
    endloop
  endfacet
  facet normal 1.708902e-01 8.236294e-01 -5.407691e-01
    outer loop
      vertex -1.560086e-02 9.793087e-03 -9.140352e-03
      vertex -1.626717e-02 1.018486e-02 -8.754224e-03
      vertex -1.507044e-02 1.000514e-02 -8.649765e-03
    endloop
  endfacet
  facet normal 1.719659e-01 7.876447e-01 -5.916447e-01
    outer loop
      vertex -1.519888e-02 1.072392e-02 -7.726072e-03
      vertex -1.626717e-02 1.018486e-02 -8.754224e-03
      vertex -1.637091e-02 1.090296e-02 -7.828376e-03
    endloop
  endfacet
  facet normal 1.633062e-01 6.646781e-01 -7.290639e-01
    outer loop
      vertex -1.612133e-02 1.245441e-02 -6.050533e-03
      vertex -1.606428e-02 1.333907e-02 -5.231218e-03
      vertex -1.494700e-02 1.228613e-02 -5.940905e-03
    endloop
  endfacet
  facet normal 1.318802e-01 9.879417e-01 -8.110996e-02
    outer loop
      vertex -1.468596e-02 6.566266e-03 -1.851403e-02
      vertex -1.477571e-02 6.677106e-03 -1.730988e-02
      vertex -1.401534e-02 6.581055e-03 -1.724351e-02
    endloop
  endfacet
  facet normal 1.394718e-01 9.790102e-01 -1.486157e-01
    outer loop
      vertex -1.367402e-02 6.703835e-03 -1.607211e-02
      vertex -1.463643e-02 6.749664e-03 -1.667341e-02
      vertex -1.500432e-02 6.875725e-03 -1.618823e-02
    endloop
  endfacet
  facet normal 1.362794e-01 9.803730e-01 -1.424666e-01
    outer loop
      vertex -1.401534e-02 6.581055e-03 -1.724351e-02
      vertex -1.367402e-02 6.703835e-03 -1.607211e-02
      vertex -1.342395e-02 6.506348e-03 -1.719189e-02
    endloop
  endfacet
  facet normal 1.362199e-01 9.805090e-01 -1.415847e-01
    outer loop
      vertex -1.401534e-02 6.581055e-03 -1.724351e-02
      vertex -1.477571e-02 6.677106e-03 -1.730988e-02
      vertex -1.463643e-02 6.749664e-03 -1.667341e-02
    endloop
  endfacet
  facet normal 1.378506e-01 9.543709e-01 -2.649028e-01
    outer loop
      vertex -1.357847e-02 6.949234e-03 -1.484268e-02
      vertex -1.424976e-02 7.029931e-03 -1.490127e-02
      vertex -1.363740e-02 7.256684e-03 -1.376569e-02
    endloop
  endfacet
  facet normal 1.492481e-01 9.529311e-01 -2.639078e-01
    outer loop
      vertex -1.424976e-02 7.029931e-03 -1.490127e-02
      vertex -1.491965e-02 7.118657e-03 -1.495975e-02
      vertex -1.497124e-02 7.425180e-03 -1.388211e-02
    endloop
  endfacet
  facet normal 1.437199e-01 9.527128e-01 -2.677366e-01
    outer loop
      vertex -1.424976e-02 7.029931e-03 -1.490127e-02
      vertex -1.497124e-02 7.425180e-03 -1.388211e-02
      vertex -1.363740e-02 7.256684e-03 -1.376569e-02
    endloop
  endfacet
  facet normal 1.462638e-01 9.353899e-01 -3.219514e-01
    outer loop
      vertex -1.363740e-02 7.256684e-03 -1.376569e-02
      vertex -1.497124e-02 7.425180e-03 -1.388211e-02
      vertex -1.371931e-02 7.654226e-03 -1.264789e-02
    endloop
  endfacet
  facet normal 1.466850e-01 9.351895e-01 -3.223415e-01
    outer loop
      vertex -1.497124e-02 7.425180e-03 -1.388211e-02
      vertex -1.503851e-02 7.821385e-03 -1.276324e-02
      vertex -1.371931e-02 7.654226e-03 -1.264789e-02
    endloop
  endfacet
  facet normal 1.484922e-01 9.130505e-01 -3.798538e-01
    outer loop
      vertex -1.503851e-02 7.821385e-03 -1.276324e-02
      vertex -1.504615e-02 8.276327e-03 -1.167269e-02
      vertex -1.377155e-02 8.117871e-03 -1.155530e-02
    endloop
  endfacet
  facet normal 1.501977e-01 8.873835e-01 -4.358798e-01
    outer loop
      vertex -1.504615e-02 8.276327e-03 -1.167269e-02
      vertex -1.506562e-02 8.788981e-03 -1.063571e-02
      vertex -1.377932e-02 8.627081e-03 -1.052207e-02
    endloop
  endfacet
  facet normal 1.569910e-01 7.906969e-01 -5.917366e-01
    outer loop
      vertex -1.427142e-02 1.060036e-02 -7.645118e-03
      vertex -1.451058e-02 1.026053e-02 -8.162661e-03
      vertex -1.519888e-02 1.072392e-02 -7.726072e-03
    endloop
  endfacet
  facet normal 1.467478e-01 7.896487e-01 -5.957516e-01
    outer loop
      vertex -1.451058e-02 1.026053e-02 -8.162661e-03
      vertex -1.334264e-02 1.049510e-02 -7.564046e-03
      vertex -1.379836e-02 9.844445e-03 -8.538728e-03
    endloop
  endfacet
  facet normal 1.516766e-01 7.929646e-01 -5.900859e-01
    outer loop
      vertex -1.379836e-02 9.844445e-03 -8.538728e-03
      vertex -1.507044e-02 1.000514e-02 -8.649765e-03
      vertex -1.451058e-02 1.026053e-02 -8.162661e-03
    endloop
  endfacet
  facet normal 1.479399e-01 6.664419e-01 -7.307318e-01
    outer loop
      vertex -1.385198e-02 1.214223e-02 -5.850456e-03
      vertex -1.494700e-02 1.228613e-02 -5.940905e-03
      vertex -1.373726e-02 1.301977e-02 -5.026898e-03
    endloop
  endfacet
  facet normal 1.477763e-01 6.665875e-01 -7.306321e-01
    outer loop
      vertex -1.494700e-02 1.228613e-02 -5.940905e-03
      vertex -1.494015e-02 1.316493e-02 -5.137753e-03
      vertex -1.373726e-02 1.301977e-02 -5.026898e-03
    endloop
  endfacet
  facet normal 1.455903e-01 6.195217e-01 -7.713600e-01
    outer loop
      vertex -1.494015e-02 1.316493e-02 -5.137753e-03
      vertex -1.487690e-02 1.408910e-02 -4.383561e-03
      vertex -1.370258e-02 1.394076e-02 -4.281057e-03
    endloop
  endfacet
  facet normal 1.085915e-01 9.906034e-01 -8.314308e-02
    outer loop
      vertex -1.333155e-02 6.395172e-03 -1.839581e-02
      vertex -1.342395e-02 6.506348e-03 -1.719189e-02
      vertex -1.210956e-02 6.371892e-03 -1.707716e-02
    endloop
  endfacet
  facet normal 1.201132e-01 9.819139e-01 -1.463486e-01
    outer loop
      vertex -1.268437e-02 6.595650e-03 -1.598573e-02
      vertex -1.342395e-02 6.506348e-03 -1.719189e-02
      vertex -1.367402e-02 6.703835e-03 -1.607211e-02
    endloop
  endfacet
  facet normal 1.025871e-01 9.837058e-01 -1.476444e-01
    outer loop
      vertex -1.179264e-02 6.514338e-03 -1.590789e-02
      vertex -1.210956e-02 6.371892e-03 -1.707716e-02
      vertex -1.268437e-02 6.595650e-03 -1.598573e-02
    endloop
  endfacet
  facet normal 1.129985e-01 9.833821e-01 -1.420948e-01
    outer loop
      vertex -1.210956e-02 6.371892e-03 -1.707716e-02
      vertex -1.342395e-02 6.506348e-03 -1.719189e-02
      vertex -1.268437e-02 6.595650e-03 -1.598573e-02
    endloop
  endfacet
  facet normal 1.211818e-01 9.556772e-01 -2.683208e-01
    outer loop
      vertex -1.268222e-02 6.855147e-03 -1.476445e-02
      vertex -1.290785e-02 7.182055e-03 -1.370201e-02
      vertex -1.234042e-02 7.124010e-03 -1.365248e-02
    endloop
  endfacet
  facet normal 1.210686e-01 9.562413e-01 -2.663549e-01
    outer loop
      vertex -1.357847e-02 6.949234e-03 -1.484268e-02
      vertex -1.363740e-02 7.256684e-03 -1.376569e-02
      vertex -1.290785e-02 7.182055e-03 -1.370201e-02
    endloop
  endfacet
  facet normal 1.236786e-01 9.555196e-01 -2.677421e-01
    outer loop
      vertex -1.357847e-02 6.949234e-03 -1.484268e-02
      vertex -1.290785e-02 7.182055e-03 -1.370201e-02
      vertex -1.268222e-02 6.855147e-03 -1.476445e-02
    endloop
  endfacet
  facet normal 1.246839e-01 9.376843e-01 -3.243488e-01
    outer loop
      vertex -1.363740e-02 7.256684e-03 -1.376569e-02
      vertex -1.371931e-02 7.654226e-03 -1.264789e-02
      vertex -1.245105e-02 7.525035e-03 -1.253384e-02
    endloop
  endfacet
  facet normal 1.275958e-01 9.152538e-01 -3.821384e-01
    outer loop
      vertex -1.245105e-02 7.525035e-03 -1.253384e-02
      vertex -1.371931e-02 7.654226e-03 -1.264789e-02
      vertex -1.248634e-02 7.984142e-03 -1.144602e-02
    endloop
  endfacet
  facet normal 1.277280e-01 9.151865e-01 -3.822555e-01
    outer loop
      vertex -1.371931e-02 7.654226e-03 -1.264789e-02
      vertex -1.377155e-02 8.117871e-03 -1.155530e-02
      vertex -1.248634e-02 7.984142e-03 -1.144602e-02
    endloop
  endfacet
  facet normal 1.297909e-01 8.896985e-01 -4.377110e-01
    outer loop
      vertex -1.248634e-02 7.984142e-03 -1.144602e-02
      vertex -1.377155e-02 8.117871e-03 -1.155530e-02
      vertex -1.251347e-02 8.492226e-03 -1.042133e-02
    endloop
  endfacet
  facet normal 1.296166e-01 8.898022e-01 -4.375518e-01
    outer loop
      vertex -1.377155e-02 8.117871e-03 -1.155530e-02
      vertex -1.377932e-02 8.627081e-03 -1.052207e-02
      vertex -1.251347e-02 8.492226e-03 -1.042133e-02
    endloop
  endfacet
  facet normal 1.308462e-01 8.608257e-01 -4.917910e-01
    outer loop
      vertex -1.251347e-02 8.492226e-03 -1.042133e-02
      vertex -1.377932e-02 8.627081e-03 -1.052207e-02
      vertex -1.307115e-02 8.869181e-03 -9.909889e-03
    endloop
  endfacet
  facet normal 1.302160e-01 8.606166e-01 -4.923240e-01
    outer loop
      vertex -1.251347e-02 8.492226e-03 -1.042133e-02
      vertex -1.307115e-02 8.869181e-03 -9.909889e-03
      vertex -1.254395e-02 9.100406e-03 -9.366253e-03
    endloop
  endfacet
  facet normal 1.313844e-01 8.604685e-01 -4.922723e-01
    outer loop
      vertex -1.377932e-02 8.627081e-03 -1.052207e-02
      vertex -1.380773e-02 9.225068e-03 -9.484405e-03
      vertex -1.307115e-02 8.869181e-03 -9.909889e-03
    endloop
  endfacet
  facet normal 1.309299e-01 8.602108e-01 -4.928436e-01
    outer loop
      vertex -1.307115e-02 8.869181e-03 -9.909889e-03
      vertex -1.380773e-02 9.225068e-03 -9.484405e-03
      vertex -1.254395e-02 9.100406e-03 -9.366253e-03
    endloop
  endfacet
  facet normal 1.321205e-01 8.286098e-01 -5.440128e-01
    outer loop
      vertex -1.380773e-02 9.225068e-03 -9.484405e-03
      vertex -1.379836e-02 9.844445e-03 -8.538728e-03
      vertex -1.257618e-02 9.722959e-03 -8.426948e-03
    endloop
  endfacet
  facet normal 1.394039e-01 7.136606e-01 -6.864803e-01
    outer loop
      vertex -1.425482e-02 1.140420e-02 -6.699507e-03
      vertex -1.385198e-02 1.214223e-02 -5.850456e-03
      vertex -1.303989e-02 1.126889e-02 -6.593458e-03
    endloop
  endfacet
  facet normal 1.322776e-01 6.690612e-01 -7.313411e-01
    outer loop
      vertex -1.385198e-02 1.214223e-02 -5.850456e-03
      vertex -1.373726e-02 1.301977e-02 -5.026898e-03
      vertex -1.262075e-02 1.290804e-02 -4.927167e-03
    endloop
  endfacet
  facet normal 1.311612e-01 6.207711e-01 -7.729424e-01
    outer loop
      vertex -1.262075e-02 1.290804e-02 -4.927167e-03
      vertex -1.373726e-02 1.301977e-02 -5.026898e-03
      vertex -1.256072e-02 1.382395e-02 -4.181387e-03
    endloop
  endfacet
  facet normal 8.588946e-02 9.926614e-01 -8.512497e-02
    outer loop
      vertex -1.154753e-02 6.327469e-03 -1.702810e-02
      vertex -1.082491e-02 6.270354e-03 -1.696502e-02
      vertex -1.077006e-02 6.207557e-03 -1.764198e-02
    endloop
  endfacet
  facet normal 8.588975e-02 9.926614e-01 -8.512524e-02
    outer loop
      vertex -1.201458e-02 6.260452e-03 -1.828085e-02
      vertex -1.077006e-02 6.207557e-03 -1.764198e-02
      vertex -1.072740e-02 6.158715e-03 -1.816850e-02
    endloop
  endfacet
  facet normal 8.589001e-02 9.926614e-01 -8.512503e-02
    outer loop
      vertex -1.201458e-02 6.260452e-03 -1.828085e-02
      vertex -1.210956e-02 6.371892e-03 -1.707716e-02
      vertex -1.154753e-02 6.327469e-03 -1.702810e-02
    endloop
  endfacet
  facet normal 1.087062e-01 9.580825e-01 -2.650676e-01
    outer loop
      vertex -1.268222e-02 6.855147e-03 -1.476445e-02
      vertex -1.234042e-02 7.124010e-03 -1.365248e-02
      vertex -1.163743e-02 6.761834e-03 -1.467325e-02
    endloop
  endfacet
  facet normal 9.908933e-02 9.573441e-01 -2.714287e-01
    outer loop
      vertex -1.163743e-02 6.761834e-03 -1.467325e-02
      vertex -1.234042e-02 7.124010e-03 -1.365248e-02
      vertex -1.103612e-02 7.019774e-03 -1.354396e-02
    endloop
  endfacet
  facet normal 1.023991e-01 9.399485e-01 -3.255936e-01
    outer loop
      vertex -1.103612e-02 7.019774e-03 -1.354396e-02
      vertex -1.193029e-02 7.481153e-03 -1.249324e-02
      vertex -1.113482e-02 7.419631e-03 -1.242067e-02
    endloop
  endfacet
  facet normal 1.046128e-01 9.394144e-01 -3.264302e-01
    outer loop
      vertex -1.234042e-02 7.124010e-03 -1.365248e-02
      vertex -1.245105e-02 7.525035e-03 -1.253384e-02
      vertex -1.193029e-02 7.481153e-03 -1.249324e-02
    endloop
  endfacet
  facet normal 1.059602e-01 9.173079e-01 -3.838211e-01
    outer loop
      vertex -1.113482e-02 7.419631e-03 -1.242067e-02
      vertex -1.193029e-02 7.481153e-03 -1.249324e-02
      vertex -1.120811e-02 7.882058e-03 -1.133573e-02
    endloop
  endfacet
  facet normal 1.072048e-01 9.172399e-01 -3.836381e-01
    outer loop
      vertex -1.245105e-02 7.525035e-03 -1.253384e-02
      vertex -1.248634e-02 7.984142e-03 -1.144602e-02
      vertex -1.193029e-02 7.481153e-03 -1.249324e-02
    endloop
  endfacet
  facet normal 1.063860e-01 9.171677e-01 -3.840382e-01
    outer loop
      vertex -1.193029e-02 7.481153e-03 -1.249324e-02
      vertex -1.248634e-02 7.984142e-03 -1.144602e-02
      vertex -1.120811e-02 7.882058e-03 -1.133573e-02
    endloop
  endfacet
  facet normal 1.091175e-01 8.917104e-01 -4.392561e-01
    outer loop
      vertex -1.120811e-02 7.882058e-03 -1.133573e-02
      vertex -1.248634e-02 7.984142e-03 -1.144602e-02
      vertex -1.251347e-02 8.492226e-03 -1.042133e-02
    endloop
  endfacet
  facet normal 1.114985e-01 8.627252e-01 -4.932275e-01
    outer loop
      vertex -1.124273e-02 8.394924e-03 -1.030426e-02
      vertex -1.251347e-02 8.492226e-03 -1.042133e-02
      vertex -1.182922e-02 8.758166e-03 -9.801483e-03
    endloop
  endfacet
  facet normal 1.111386e-01 8.625881e-01 -4.935483e-01
    outer loop
      vertex -1.124273e-02 8.394924e-03 -1.030426e-02
      vertex -1.182922e-02 8.758166e-03 -9.801483e-03
      vertex -1.135020e-02 8.999650e-03 -9.271568e-03
    endloop
  endfacet
  facet normal 1.121958e-01 8.622990e-01 -4.938143e-01
    outer loop
      vertex -1.251347e-02 8.492226e-03 -1.042133e-02
      vertex -1.254395e-02 9.100406e-03 -9.366253e-03
      vertex -1.182922e-02 8.758166e-03 -9.801483e-03
    endloop
  endfacet
  facet normal 1.119595e-01 8.621669e-01 -4.940985e-01
    outer loop
      vertex -1.182922e-02 8.758166e-03 -9.801483e-03
      vertex -1.254395e-02 9.100406e-03 -9.366253e-03
      vertex -1.135020e-02 8.999650e-03 -9.271568e-03
    endloop
  endfacet
  facet normal 1.134814e-01 8.299464e-01 -5.461785e-01
    outer loop
      vertex -1.254395e-02 9.100406e-03 -9.366253e-03
      vertex -1.257618e-02 9.722959e-03 -8.426948e-03
      vertex -1.155917e-02 9.638463e-03 -8.344036e-03
    endloop
  endfacet
  facet normal 1.145932e-01 7.958085e-01 -5.946067e-01
    outer loop
      vertex -1.155917e-02 9.638463e-03 -8.344036e-03
      vertex -1.257618e-02 9.722959e-03 -8.426948e-03
      vertex -1.243042e-02 1.040620e-02 -7.484420e-03
    endloop
  endfacet
  facet normal 1.226788e-01 7.156480e-01 -6.876030e-01
    outer loop
      vertex -1.303989e-02 1.126889e-02 -6.593458e-03
      vertex -1.212419e-02 1.153213e-02 -6.156104e-03
      vertex -1.158985e-02 1.114428e-02 -6.464442e-03
    endloop
  endfacet
  facet normal 1.184801e-01 6.704276e-01 -7.324543e-01
    outer loop
      vertex -1.142926e-02 1.191590e-02 -5.643236e-03
      vertex -1.277659e-02 1.202339e-02 -5.762784e-03
      vertex -1.143636e-02 1.231130e-02 -5.282467e-03
    endloop
  endfacet
  facet normal 1.183101e-01 6.707588e-01 -7.321785e-01
    outer loop
      vertex -1.277659e-02 1.202339e-02 -5.762784e-03
      vertex -1.262075e-02 1.290804e-02 -4.927167e-03
      vertex -1.143636e-02 1.231130e-02 -5.282467e-03
    endloop
  endfacet
  facet normal 1.172645e-01 6.694799e-01 -7.335160e-01
    outer loop
      vertex -1.143636e-02 1.231130e-02 -5.282467e-03
      vertex -1.262075e-02 1.290804e-02 -4.927167e-03
      vertex -1.140412e-02 1.280710e-02 -4.824792e-03
    endloop
  endfacet
  facet normal 6.434471e-02 9.941276e-01 -8.700651e-02
    outer loop
      vertex -1.077006e-02 6.207557e-03 -1.764198e-02
      vertex -1.082491e-02 6.270354e-03 -1.696502e-02
      vertex -9.642965e-03 6.202883e-03 -1.686185e-02
    endloop
  endfacet
  facet normal 6.926576e-02 9.865030e-01 -1.483713e-01
    outer loop
      vertex -9.642965e-03 6.202883e-03 -1.686185e-02
      vertex -1.091195e-02 6.447022e-03 -1.583102e-02
      vertex -9.733682e-03 6.379760e-03 -1.572817e-02
    endloop
  endfacet
  facet normal 6.926591e-02 9.865030e-01 -1.483711e-01
    outer loop
      vertex -9.642965e-03 6.202883e-03 -1.686185e-02
      vertex -1.082491e-02 6.270354e-03 -1.696502e-02
      vertex -1.091195e-02 6.447022e-03 -1.583102e-02
    endloop
  endfacet
  facet normal 7.835653e-02 9.596431e-01 -2.700840e-01
    outer loop
      vertex -9.922465e-03 6.959494e-03 -1.343663e-02
      vertex -9.827052e-03 6.648141e-03 -1.451523e-02
      vertex -1.099975e-02 6.715085e-03 -1.461759e-02
    endloop
  endfacet
  facet normal 7.794872e-02 9.597734e-01 -2.697389e-01
    outer loop
      vertex -1.099975e-02 6.715085e-03 -1.461759e-02
      vertex -1.103612e-02 7.019774e-03 -1.354396e-02
      vertex -9.922465e-03 6.959494e-03 -1.343663e-02
    endloop
  endfacet
  facet normal 8.259468e-02 9.408633e-01 -3.285641e-01
    outer loop
      vertex -9.922465e-03 6.959494e-03 -1.343663e-02
      vertex -1.103612e-02 7.019774e-03 -1.354396e-02
      vertex -9.931745e-03 7.351013e-03 -1.231782e-02
    endloop
  endfacet
  facet normal 8.170766e-02 9.411887e-01 -3.278531e-01
    outer loop
      vertex -1.103612e-02 7.019774e-03 -1.354396e-02
      vertex -1.113482e-02 7.419631e-03 -1.242067e-02
      vertex -9.931745e-03 7.351013e-03 -1.231782e-02
    endloop
  endfacet
  facet normal 8.581398e-02 9.187963e-01 -3.852913e-01
    outer loop
      vertex -9.931745e-03 7.351013e-03 -1.231782e-02
      vertex -1.120811e-02 7.882058e-03 -1.133573e-02
      vertex -1.003019e-02 7.814617e-03 -1.123420e-02
    endloop
  endfacet
  facet normal 9.382217e-02 8.633542e-01 -4.957992e-01
    outer loop
      vertex -1.124273e-02 8.394924e-03 -1.030426e-02
      vertex -1.135020e-02 8.999650e-03 -9.271568e-03
      vertex -1.089042e-02 8.971996e-03 -9.232716e-03
    endloop
  endfacet
  facet normal 9.870124e-02 8.269075e-01 -5.536082e-01
    outer loop
      vertex -1.133747e-02 9.387507e-03 -8.679353e-03
      vertex -1.155917e-02 9.638463e-03 -8.344036e-03
      vertex -1.027130e-02 9.562957e-03 -8.227205e-03
    endloop
  endfacet
  facet normal 9.975395e-02 7.963322e-01 -5.965770e-01
    outer loop
      vertex -1.041933e-02 1.026947e-02 -7.308876e-03
      vertex -1.027130e-02 9.562957e-03 -8.227205e-03
      vertex -1.154164e-02 1.033667e-02 -7.406840e-03
    endloop
  endfacet
  facet normal 1.005704e-01 7.156019e-01 -6.912304e-01
    outer loop
      vertex -1.040278e-02 1.186489e-02 -5.545716e-03
      vertex -1.017327e-02 1.106381e-02 -6.341645e-03
      vertex -1.158985e-02 1.114428e-02 -6.464442e-03
    endloop
  endfacet
  facet normal 1.012478e-01 7.150664e-01 -6.916856e-01
    outer loop
      vertex -1.158985e-02 1.114428e-02 -6.464442e-03
      vertex -1.142926e-02 1.191590e-02 -5.643236e-03
      vertex -1.040278e-02 1.186489e-02 -5.545716e-03
    endloop
  endfacet
  facet normal 1.030862e-01 6.714336e-01 -7.338598e-01
    outer loop
      vertex -1.040278e-02 1.186489e-02 -5.545716e-03
      vertex -1.142926e-02 1.191590e-02 -5.643236e-03
      vertex -1.143636e-02 1.231130e-02 -5.282467e-03
    endloop
  endfacet
  facet normal 1.020258e-01 6.711577e-01 -7.342602e-01
    outer loop
      vertex -1.143636e-02 1.231130e-02 -5.282467e-03
      vertex -1.140412e-02 1.280710e-02 -4.824792e-03
      vertex -1.038684e-02 1.275099e-02 -4.734735e-03
    endloop
  endfacet
  facet normal 4.269324e-02 9.951255e-01 -8.889568e-02
    outer loop
      vertex -9.543141e-03 6.091111e-03 -1.806512e-02
      vertex -8.345998e-03 6.157353e-03 -1.674864e-02
      vertex -8.243629e-03 6.045492e-03 -1.795169e-02
    endloop
  endfacet
  facet normal 4.269318e-02 9.951256e-01 -8.889562e-02
    outer loop
      vertex -9.543141e-03 6.091111e-03 -1.806512e-02
      vertex -9.642965e-03 6.202883e-03 -1.686185e-02
      vertex -8.345998e-03 6.157353e-03 -1.674864e-02
    endloop
  endfacet
  facet normal 3.912531e-02 9.874827e-01 -1.527974e-01
    outer loop
      vertex -8.190758e-03 6.329945e-03 -1.559349e-02
      vertex -8.345998e-03 6.157353e-03 -1.674864e-02
      vertex -9.087347e-03 6.353359e-03 -1.567175e-02
    endloop
  endfacet
  facet normal 4.752333e-02 9.879784e-01 -1.471063e-01
    outer loop
      vertex -8.345998e-03 6.157353e-03 -1.674864e-02
      vertex -9.642965e-03 6.202883e-03 -1.686185e-02
      vertex -9.087347e-03 6.353359e-03 -1.567175e-02
    endloop
  endfacet
  facet normal 5.782117e-02 9.601414e-01 -2.734690e-01
    outer loop
      vertex -8.862001e-03 6.612416e-03 -1.443099e-02
      vertex -9.922465e-03 6.959494e-03 -1.343663e-02
      vertex -8.626719e-03 6.912313e-03 -1.332831e-02
    endloop
  endfacet
  facet normal 6.106739e-02 9.419732e-01 -3.300868e-01
    outer loop
      vertex -8.626719e-03 6.912313e-03 -1.332831e-02
      vertex -9.931745e-03 7.351013e-03 -1.231782e-02
      vertex -8.674668e-03 7.310236e-03 -1.220162e-02
    endloop
  endfacet
  facet normal 6.599462e-02 9.195420e-01 -3.874109e-01
    outer loop
      vertex -9.931745e-03 7.351013e-03 -1.231782e-02
      vertex -1.003019e-02 7.814617e-03 -1.123420e-02
      vertex -8.805682e-03 7.771511e-03 -1.112792e-02
    endloop
  endfacet
  facet normal 7.328818e-02 8.645979e-01 -4.970908e-01
    outer loop
      vertex -8.803901e-03 8.286601e-03 -1.008992e-02
      vertex -1.015063e-02 8.934736e-03 -9.161161e-03
      vertex -8.877327e-03 8.885230e-03 -9.059540e-03
    endloop
  endfacet
  facet normal 7.785763e-02 8.318646e-01 -5.494902e-01
    outer loop
      vertex -1.015063e-02 8.934736e-03 -9.161161e-03
      vertex -1.027130e-02 9.562957e-03 -8.227205e-03
      vertex -9.185224e-03 9.525895e-03 -8.129426e-03
    endloop
  endfacet
  facet normal 8.098196e-02 7.981697e-01 -5.969649e-01
    outer loop
      vertex -9.185224e-03 9.525895e-03 -8.129426e-03
      vertex -1.027130e-02 9.562957e-03 -8.227205e-03
      vertex -9.535975e-03 1.023286e-02 -7.231769e-03
    endloop
  endfacet
  facet normal 8.578534e-02 7.144861e-01 -6.943706e-01
    outer loop
      vertex -1.017327e-02 1.106381e-02 -6.341645e-03
      vertex -1.040278e-02 1.186489e-02 -5.545716e-03
      vertex -9.152115e-03 1.181367e-02 -5.443902e-03
    endloop
  endfacet
  facet normal 8.738661e-02 6.719147e-01 -7.354551e-01
    outer loop
      vertex -9.152115e-03 1.181367e-02 -5.443902e-03
      vertex -1.040278e-02 1.186489e-02 -5.545716e-03
      vertex -1.037996e-02 1.225099e-02 -5.190256e-03
    endloop
  endfacet
  facet normal 8.791643e-02 6.715206e-01 -7.357518e-01
    outer loop
      vertex -1.037996e-02 1.225099e-02 -5.190256e-03
      vertex -1.038684e-02 1.275099e-02 -4.734735e-03
      vertex -9.259139e-03 1.270524e-02 -4.641737e-03
    endloop
  endfacet
  facet normal 7.548218e-02 6.346895e-01 -7.690720e-01
    outer loop
      vertex -9.180858e-03 1.329119e-02 -4.150485e-03
      vertex -8.178003e-03 1.267916e-02 -4.557149e-03
      vertex -9.259139e-03 1.270524e-02 -4.641737e-03
    endloop
  endfacet
  facet normal 9.490400e-02 6.256072e-01 -7.743441e-01
    outer loop
      vertex -1.038684e-02 1.275099e-02 -4.734735e-03
      vertex -1.060410e-02 1.362625e-02 -4.054224e-03
      vertex -9.180858e-03 1.329119e-02 -4.150485e-03
    endloop
  endfacet
  facet normal 1.029583e-01 6.263428e-01 -7.727188e-01
    outer loop
      vertex -1.038684e-02 1.275099e-02 -4.734735e-03
      vertex -1.140412e-02 1.280710e-02 -4.824792e-03
      vertex -1.060410e-02 1.362625e-02 -4.054224e-03
    endloop
  endfacet
  facet normal 1.126207e-01 6.202520e-01 -7.762757e-01
    outer loop
      vertex -1.140412e-02 1.280710e-02 -4.824792e-03
      vertex -1.177845e-02 1.391881e-02 -3.990832e-03
      vertex -1.060410e-02 1.362625e-02 -4.054224e-03
    endloop
  endfacet
  facet normal 1.667082e-01 5.686255e-01 -8.055268e-01
    outer loop
      vertex -1.598164e-02 1.425500e-02 -4.479991e-03
      vertex -1.630858e-02 1.475806e-02 -4.192546e-03
      vertex -1.522007e-02 1.486273e-02 -3.893382e-03
    endloop
  endfacet
  facet normal 1.678871e-01 5.643157e-01 -8.083079e-01
    outer loop
      vertex -1.695735e-02 1.539056e-02 -3.885717e-03
      vertex -1.522007e-02 1.486273e-02 -3.893382e-03
      vertex -1.630858e-02 1.475806e-02 -4.192546e-03
    endloop
  endfacet
  facet normal 3.470241e-01 9.378311e-01 6.861976e-03
    outer loop
      vertex -2.705303e-02 9.731263e-03 -2.075142e-02
      vertex -2.712560e-02 9.751627e-03 -1.986431e-02
      vertex -2.608401e-02 9.372080e-03 -2.066684e-02
    endloop
  endfacet
  facet normal 2.721372e-01 8.881975e-01 -3.701979e-01
    outer loop
      vertex -2.304233e-02 9.804278e-03 -1.281092e-02
      vertex -2.192667e-02 9.416227e-03 -1.292181e-02
      vertex -2.238966e-02 9.356191e-03 -1.340620e-02
    endloop
  endfacet
  facet normal 3.109590e-01 9.030972e-01 -2.961755e-01
    outer loop
      vertex -2.487910e-02 9.804252e-03 -1.452138e-02
      vertex -2.444584e-02 9.804257e-03 -1.406647e-02
      vertex -2.432361e-02 9.596521e-03 -1.457158e-02
    endloop
  endfacet
  facet normal 3.177436e-01 9.121930e-01 -2.587333e-01
    outer loop
      vertex -2.547660e-02 9.804245e-03 -1.525518e-02
      vertex -2.487910e-02 9.804252e-03 -1.452138e-02
      vertex -2.432361e-02 9.596521e-03 -1.457158e-02
    endloop
  endfacet
  facet normal 3.509372e-01 9.301585e-01 -1.079273e-01
    outer loop
      vertex -2.604999e-02 9.441169e-03 -1.829397e-02
      vertex -2.702951e-02 9.804240e-03 -1.834992e-02
      vertex -2.684243e-02 9.804238e-03 -1.774162e-02
    endloop
  endfacet
  facet normal 3.335425e-01 9.427334e-01 -1.763222e-03
    outer loop
      vertex -2.525766e-02 9.079847e-03 -2.059471e-02
      vertex -2.608401e-02 9.372080e-03 -2.066684e-02
      vertex -2.558935e-02 9.198230e-03 -2.004470e-02
    endloop
  endfacet
  facet normal 3.206954e-01 9.471246e-01 -1.045599e-02
    outer loop
      vertex -2.558935e-02 9.198230e-03 -2.004470e-02
      vertex -2.465240e-02 8.875491e-03 -2.054188e-02
      vertex -2.525766e-02 9.079847e-03 -2.059471e-02
    endloop
  endfacet
  facet normal 3.247956e-01 9.457824e-01 -1.857816e-03
    outer loop
      vertex -2.476089e-02 8.915003e-03 -1.939343e-02
      vertex -2.465240e-02 8.875491e-03 -2.054188e-02
      vertex -2.558935e-02 9.198230e-03 -2.004470e-02
    endloop
  endfacet
  facet normal 3.059287e-01 9.520466e-01 -3.855553e-03
    outer loop
      vertex -2.373810e-02 8.582016e-03 -2.046208e-02
      vertex -2.465240e-02 8.875491e-03 -2.054188e-02
      vertex -2.476089e-02 8.915003e-03 -1.939343e-02
    endloop
  endfacet
  facet normal 2.190028e-01 9.756624e-01 -1.098106e-02
    outer loop
      vertex -1.875588e-02 7.269025e-03 -2.002720e-02
      vertex -1.970279e-02 7.480643e-03 -2.010986e-02
      vertex -1.975927e-02 7.506298e-03 -1.895686e-02
    endloop
  endfacet
  facet normal 2.040920e-01 9.788970e-01 -1.035049e-02
    outer loop
      vertex -1.780459e-02 7.071567e-03 -1.994417e-02
      vertex -1.875588e-02 7.269025e-03 -2.002720e-02
      vertex -1.844821e-02 7.217406e-03 -1.884242e-02
    endloop
  endfacet
  facet normal 1.895041e-01 9.817732e-01 -1.447443e-02
    outer loop
      vertex -1.715574e-02 6.964231e-03 -1.872961e-02
      vertex -1.716767e-02 6.949447e-03 -1.988857e-02
      vertex -1.780459e-02 7.071567e-03 -1.994417e-02
    endloop
  endfacet
  facet normal 1.332000e-01 9.909477e-01 -1.674563e-02
    outer loop
      vertex -1.363384e-02 6.408316e-03 -1.958012e-02
      vertex -1.492414e-02 6.579850e-03 -1.969274e-02
      vertex -1.397475e-02 6.464338e-03 -1.897663e-02
    endloop
  endfacet
  facet normal 1.199957e-01 9.926660e-01 -1.467361e-02
    outer loop
      vertex -1.266299e-02 6.298101e-03 -1.949537e-02
      vertex -1.397475e-02 6.464338e-03 -1.897663e-02
      vertex -1.333155e-02 6.395172e-03 -1.839581e-02
    endloop
  endfacet
  facet normal 5.392031e-02 9.982188e-01 -2.553150e-02
    outer loop
      vertex -9.543141e-03 6.091111e-03 -1.806512e-02
      vertex -9.411951e-03 6.054701e-03 -1.921160e-02
      vertex -1.006346e-02 6.088439e-03 -1.926846e-02
    endloop
  endfacet
  facet normal 4.254900e-02 9.987336e-01 -2.684907e-02
    outer loop
      vertex -8.760049e-03 6.028458e-03 -1.915469e-02
      vertex -9.411951e-03 6.054701e-03 -1.921160e-02
      vertex -9.543141e-03 6.091111e-03 -1.806512e-02
    endloop
  endfacet
  facet normal 2.872951e-02 9.992364e-01 -2.648169e-02
    outer loop
      vertex -8.243629e-03 6.045492e-03 -1.795169e-02
      vertex -7.944806e-03 6.006904e-03 -1.908353e-02
      vertex -8.760049e-03 6.028458e-03 -1.915469e-02
    endloop
  endfacet
  facet normal 1.605030e-02 9.994375e-01 -2.944771e-02
    outer loop
      vertex -7.944806e-03 6.006904e-03 -1.908353e-02
      vertex -7.651438e-03 6.035052e-03 -1.796830e-02
      vertex -6.736956e-03 5.999598e-03 -1.867318e-02
    endloop
  endfacet
  facet normal 1.568345e-02 9.994292e-01 -2.992323e-02
    outer loop
      vertex -6.736956e-03 5.999598e-03 -1.867318e-02
      vertex -7.651438e-03 6.035052e-03 -1.796830e-02
      vertex -6.896711e-03 6.024854e-03 -1.791335e-02
    endloop
  endfacet
  facet normal 1.847797e-02 9.974686e-01 -6.866603e-02
    outer loop
      vertex -6.896711e-03 6.024854e-03 -1.791335e-02
      vertex -7.651438e-03 6.035052e-03 -1.796830e-02
      vertex -6.943124e-03 6.062317e-03 -1.738164e-02
    endloop
  endfacet
  facet normal 1.817673e-02 9.908462e-01 -1.337660e-01
    outer loop
      vertex -6.989299e-03 6.114545e-03 -1.685266e-02
      vertex -7.772529e-03 6.167878e-03 -1.656404e-02
      vertex -7.058027e-03 6.222096e-03 -1.606533e-02
    endloop
  endfacet
  facet normal 4.431855e-02 9.572735e-01 -2.857679e-01
    outer loop
      vertex -7.260037e-03 6.730793e-03 -1.375120e-02
      vertex -7.964025e-03 6.750308e-03 -1.379501e-02
      vertex -7.303890e-03 6.882783e-03 -1.324886e-02
    endloop
  endfacet
  facet normal 3.817091e-02 9.595634e-01 -2.788926e-01
    outer loop
      vertex -7.964025e-03 6.750308e-03 -1.379501e-02
      vertex -8.626719e-03 6.912313e-03 -1.332831e-02
      vertex -7.303890e-03 6.882783e-03 -1.324886e-02
    endloop
  endfacet
  facet normal 3.996447e-02 9.490191e-01 -3.126748e-01
    outer loop
      vertex -7.303890e-03 6.882783e-03 -1.324886e-02
      vertex -8.626719e-03 6.912313e-03 -1.332831e-02
      vertex -7.347317e-03 7.048511e-03 -1.275140e-02
    endloop
  endfacet
  facet normal 4.488429e-02 9.301469e-01 -3.644341e-01
    outer loop
      vertex -7.390295e-03 7.227849e-03 -1.225909e-02
      vertex -8.132620e-03 7.261869e-03 -1.226369e-02
      vertex -7.432800e-03 7.420669e-03 -1.177219e-02
    endloop
  endfacet
  facet normal 4.643368e-02 9.046337e-01 -4.236529e-01
    outer loop
      vertex -8.805682e-03 7.771511e-03 -1.112792e-02
      vertex -7.162100e-03 7.855045e-03 -1.076941e-02
      vertex -7.474810e-03 7.626841e-03 -1.129097e-02
    endloop
  endfacet
  facet normal 4.833297e-02 9.008298e-01 -4.314738e-01
    outer loop
      vertex -7.162100e-03 7.855045e-03 -1.076941e-02
      vertex -8.805682e-03 7.771511e-03 -1.112792e-02
      vertex -7.557249e-03 8.078732e-03 -1.034666e-02
    endloop
  endfacet
  facet normal 5.171974e-02 8.840110e-01 -4.645961e-01
    outer loop
      vertex -7.557249e-03 8.078732e-03 -1.034666e-02
      vertex -8.803901e-03 8.286601e-03 -1.008992e-02
      vertex -7.597631e-03 8.324193e-03 -9.884107e-03
    endloop
  endfacet
  facet normal 5.621789e-02 8.707317e-01 -4.885344e-01
    outer loop
      vertex -7.597631e-03 8.324193e-03 -9.884107e-03
      vertex -8.803901e-03 8.286601e-03 -1.008992e-02
      vertex -7.637423e-03 8.582495e-03 -9.428306e-03
    endloop
  endfacet
  facet normal 5.678607e-02 8.568247e-01 -5.124712e-01
    outer loop
      vertex -7.637423e-03 8.582495e-03 -9.428306e-03
      vertex -8.877327e-03 8.885230e-03 -9.059540e-03
      vertex -7.676602e-03 8.853506e-03 -8.979530e-03
    endloop
  endfacet
  facet normal 5.796666e-02 8.422448e-01 -5.359697e-01
    outer loop
      vertex -7.676602e-03 8.853506e-03 -8.979530e-03
      vertex -8.877327e-03 8.885230e-03 -9.059540e-03
      vertex -7.715146e-03 9.137101e-03 -8.538046e-03
    endloop
  endfacet
  facet normal 6.342148e-02 8.269621e-01 -5.586692e-01
    outer loop
      vertex -7.715146e-03 9.137101e-03 -8.538046e-03
      vertex -9.185224e-03 9.525895e-03 -8.129426e-03
      vertex -7.753029e-03 9.433150e-03 -8.104124e-03
    endloop
  endfacet
  facet normal 6.279798e-02 8.110971e-01 -5.815307e-01
    outer loop
      vertex -7.753029e-03 9.433150e-03 -8.104124e-03
      vertex -9.185224e-03 9.525895e-03 -8.129426e-03
      vertex -7.790230e-03 9.741526e-03 -7.678031e-03
    endloop
  endfacet
  facet normal 7.534239e-02 6.831470e-01 -7.263840e-01
    outer loop
      vertex -8.124176e-03 1.166635e-02 -5.483245e-03
      vertex -8.549732e-03 1.220656e-02 -5.019332e-03
      vertex -7.570486e-03 1.223730e-02 -4.888849e-03
    endloop
  endfacet
  facet normal 7.809709e-02 6.649707e-01 -7.427751e-01
    outer loop
      vertex -7.570486e-03 1.223730e-02 -4.888849e-03
      vertex -8.549732e-03 1.220656e-02 -5.019332e-03
      vertex -8.178003e-03 1.267916e-02 -4.557149e-03
    endloop
  endfacet
  facet normal 7.410022e-02 6.668586e-01 -7.414909e-01
    outer loop
      vertex -8.549732e-03 1.220656e-02 -5.019332e-03
      vertex -9.259139e-03 1.270524e-02 -4.641737e-03
      vertex -8.178003e-03 1.267916e-02 -4.557149e-03
    endloop
  endfacet
  facet normal 3.432606e-01 9.371473e-01 -6.266573e-02
    outer loop
      vertex -2.598237e-02 9.335754e-03 -1.950005e-02
      vertex -2.716583e-02 9.804244e-03 -1.897648e-02
      vertex -2.604999e-02 9.441169e-03 -1.829397e-02
    endloop
  endfacet
  facet normal 3.259499e-01 9.453806e-01 -3.500918e-03
    outer loop
      vertex -2.476089e-02 8.915003e-03 -1.939343e-02
      vertex -2.558935e-02 9.198230e-03 -2.004470e-02
      vertex -2.598237e-02 9.335754e-03 -1.950005e-02
    endloop
  endfacet
  facet normal 3.384940e-01 9.323305e-01 -1.272072e-01
    outer loop
      vertex -2.604999e-02 9.441169e-03 -1.829397e-02
      vertex -2.684243e-02 9.804238e-03 -1.774162e-02
      vertex -2.560352e-02 9.364428e-03 -1.766839e-02
    endloop
  endfacet
  facet normal 3.384448e-01 9.329894e-01 -1.224172e-01
    outer loop
      vertex -2.593825e-02 9.554838e-03 -1.714261e-02
      vertex -2.560352e-02 9.364428e-03 -1.766839e-02
      vertex -2.684243e-02 9.804238e-03 -1.774162e-02
    endloop
  endfacet
  facet normal 3.039010e-01 9.526847e-01 -5.995042e-03
    outer loop
      vertex -2.373810e-02 8.582016e-03 -2.046208e-02
      vertex -2.476089e-02 8.915003e-03 -1.939343e-02
      vertex -2.345729e-02 8.499881e-03 -1.927965e-02
    endloop
  endfacet
  facet normal 3.152349e-01 9.144414e-01 -2.538188e-01
    outer loop
      vertex -2.432361e-02 9.596521e-03 -1.457158e-02
      vertex -2.489621e-02 9.444459e-03 -1.583056e-02
      vertex -2.547660e-02 9.804245e-03 -1.525518e-02
    endloop
  endfacet
  facet normal 2.965909e-01 9.019907e-01 -3.137621e-01
    outer loop
      vertex -2.360941e-02 9.329439e-03 -1.463611e-02
      vertex -2.368771e-02 9.804268e-03 -1.334510e-02
      vertex -2.238966e-02 9.356191e-03 -1.340620e-02
    endloop
  endfacet
  facet normal 2.601969e-01 9.654951e-01 -1.080973e-02
    outer loop
      vertex -2.157970e-02 7.952752e-03 -2.027368e-02
      vertex -2.222781e-02 8.139746e-03 -1.917233e-02
      vertex -2.098711e-02 7.806595e-03 -1.906403e-02
    endloop
  endfacet
  facet normal 2.707751e-01 8.889439e-01 -3.694043e-01
    outer loop
      vertex -2.117640e-02 9.030409e-03 -1.330030e-02
      vertex -2.192667e-02 9.416227e-03 -1.292181e-02
      vertex -2.115684e-02 9.479166e-03 -1.220607e-02
    endloop
  endfacet
  facet normal 2.385901e-01 9.710385e-01 -1.260786e-02
    outer loop
      vertex -2.033094e-02 7.631080e-03 -2.016468e-02
      vertex -2.098711e-02 7.806595e-03 -1.906403e-02
      vertex -1.975927e-02 7.506298e-03 -1.895686e-02
    endloop
  endfacet
  facet normal 2.163033e-01 9.762310e-01 -1.363772e-02
    outer loop
      vertex -1.875588e-02 7.269025e-03 -2.002720e-02
      vertex -1.975927e-02 7.506298e-03 -1.895686e-02
      vertex -1.844821e-02 7.217406e-03 -1.884242e-02
    endloop
  endfacet
  facet normal 2.379895e-01 8.674301e-01 -4.369508e-01
    outer loop
      vertex -1.934011e-02 9.323931e-03 -1.149058e-02
      vertex -1.949796e-02 9.803974e-03 -1.062358e-02
      vertex -1.868007e-02 9.414540e-03 -1.095121e-02
    endloop
  endfacet
  facet normal 1.936115e-01 9.809354e-01 -1.674280e-02
    outer loop
      vertex -1.780459e-02 7.071567e-03 -1.994417e-02
      vertex -1.844821e-02 7.217406e-03 -1.884242e-02
      vertex -1.715574e-02 6.964231e-03 -1.872961e-02
    endloop
  endfacet
  facet normal 1.718019e-01 9.849637e-01 -1.818383e-02
    outer loop
      vertex -1.652886e-02 6.834520e-03 -1.983281e-02
      vertex -1.715574e-02 6.964231e-03 -1.872961e-02
      vertex -1.596013e-02 6.757614e-03 -1.862525e-02
    endloop
  endfacet
  facet normal 1.828675e-01 6.606466e-01 -7.280835e-01
    outer loop
      vertex -1.692233e-02 1.348735e-02 -5.306114e-03
      vertex -1.720975e-02 1.264739e-02 -6.140464e-03
      vertex -1.803505e-02 1.317587e-02 -5.868216e-03
    endloop
  endfacet
  facet normal 1.686247e-01 5.693503e-01 -8.046154e-01
    outer loop
      vertex -1.630858e-02 1.475806e-02 -4.192546e-03
      vertex -1.598164e-02 1.425500e-02 -4.479991e-03
      vertex -1.701828e-02 1.443415e-02 -4.570477e-03
    endloop
  endfacet
  facet normal 1.662146e-01 6.154590e-01 -7.704433e-01
    outer loop
      vertex -1.692233e-02 1.348735e-02 -5.306114e-03
      vertex -1.749299e-02 1.430737e-02 -4.774169e-03
      vertex -1.701828e-02 1.443415e-02 -4.570477e-03
    endloop
  endfacet
  facet normal 1.500991e-01 9.884896e-01 -1.893769e-02
    outer loop
      vertex -1.492414e-02 6.579850e-03 -1.969274e-02
      vertex -1.596013e-02 6.757614e-03 -1.862525e-02
      vertex -1.468596e-02 6.566266e-03 -1.851403e-02
    endloop
  endfacet
  facet normal 1.272567e-01 9.916068e-01 -2.284047e-02
    outer loop
      vertex -1.397475e-02 6.464338e-03 -1.897663e-02
      vertex -1.468596e-02 6.566266e-03 -1.851403e-02
      vertex -1.333155e-02 6.395172e-03 -1.839581e-02
    endloop
  endfacet
  facet normal 1.038607e-01 9.942869e-01 -2.462719e-02
    outer loop
      vertex -1.266299e-02 6.298101e-03 -1.949537e-02
      vertex -1.333155e-02 6.395172e-03 -1.839581e-02
      vertex -1.201458e-02 6.260452e-03 -1.828085e-02
    endloop
  endfacet
  facet normal 8.106006e-02 9.963583e-01 -2.644786e-02
    outer loop
      vertex -1.136478e-02 6.178356e-03 -1.938205e-02
      vertex -1.201458e-02 6.260452e-03 -1.828085e-02
      vertex -1.072740e-02 6.158715e-03 -1.816850e-02
    endloop
  endfacet
  facet normal 5.939755e-02 9.978445e-01 -2.789900e-02
    outer loop
      vertex -1.006346e-02 6.088439e-03 -1.926846e-02
      vertex -1.072740e-02 6.158715e-03 -1.816850e-02
      vertex -9.543141e-03 6.091111e-03 -1.806512e-02
    endloop
  endfacet
  facet normal 3.771119e-02 9.988282e-01 -3.033153e-02
    outer loop
      vertex -8.760049e-03 6.028458e-03 -1.915469e-02
      vertex -9.543141e-03 6.091111e-03 -1.806512e-02
      vertex -8.243629e-03 6.045492e-03 -1.795169e-02
    endloop
  endfacet
  facet normal 4.015186e-02 9.946953e-01 -9.470537e-02
    outer loop
      vertex -7.651438e-03 6.035052e-03 -1.796830e-02
      vertex -6.989299e-03 6.114545e-03 -1.685266e-02
      vertex -6.943124e-03 6.062317e-03 -1.738164e-02
    endloop
  endfacet
  facet normal 3.071411e-02 9.879438e-01 -1.517359e-01
    outer loop
      vertex -8.345998e-03 6.157353e-03 -1.674864e-02
      vertex -8.190758e-03 6.329945e-03 -1.559349e-02
      vertex -7.772529e-03 6.167878e-03 -1.656404e-02
    endloop
  endfacet
  facet normal 4.518163e-02 9.611804e-01 -2.721962e-01
    outer loop
      vertex -8.862001e-03 6.612416e-03 -1.443099e-02
      vertex -7.964025e-03 6.750308e-03 -1.379501e-02
      vertex -8.042620e-03 6.594155e-03 -1.435946e-02
    endloop
  endfacet
  facet normal 4.424724e-02 9.615726e-01 -2.709619e-01
    outer loop
      vertex -7.964025e-03 6.750308e-03 -1.379501e-02
      vertex -8.862001e-03 6.612416e-03 -1.443099e-02
      vertex -8.626719e-03 6.912313e-03 -1.332831e-02
    endloop
  endfacet
  facet normal 4.955205e-02 9.418876e-01 -3.322533e-01
    outer loop
      vertex -8.626719e-03 6.912313e-03 -1.332831e-02
      vertex -8.132620e-03 7.261869e-03 -1.226369e-02
      vertex -7.347317e-03 7.048511e-03 -1.275140e-02
    endloop
  endfacet
  facet normal 5.263341e-02 9.198380e-01 -3.887516e-01
    outer loop
      vertex -8.674668e-03 7.310236e-03 -1.220162e-02
      vertex -8.805682e-03 7.771511e-03 -1.112792e-02
      vertex -7.432800e-03 7.420669e-03 -1.177219e-02
    endloop
  endfacet
  facet normal 6.306227e-02 8.648879e-01 -4.979880e-01
    outer loop
      vertex -8.803901e-03 8.286601e-03 -1.008992e-02
      vertex -8.877327e-03 8.885230e-03 -9.059540e-03
      vertex -7.637423e-03 8.582495e-03 -9.428306e-03
    endloop
  endfacet
  facet normal 6.689534e-02 8.319037e-01 -5.508732e-01
    outer loop
      vertex -8.877327e-03 8.885230e-03 -9.059540e-03
      vertex -9.185224e-03 9.525895e-03 -8.129426e-03
      vertex -7.715146e-03 9.137101e-03 -8.538046e-03
    endloop
  endfacet
  facet normal 8.909919e-02 6.328912e-01 -7.690969e-01
    outer loop
      vertex -1.038684e-02 1.275099e-02 -4.734735e-03
      vertex -9.180858e-03 1.329119e-02 -4.150485e-03
      vertex -9.259139e-03 1.270524e-02 -4.641737e-03
    endloop
  endfacet
  facet normal 1.906352e-01 7.046789e-01 -6.834368e-01
    outer loop
      vertex -1.720975e-02 1.264739e-02 -6.140464e-03
      vertex -1.765062e-02 1.193700e-02 -6.995916e-03
      vertex -1.829477e-02 1.261936e-02 -6.472019e-03
    endloop
  endfacet
  facet normal 1.137853e-01 6.204175e-01 -7.759736e-01
    outer loop
      vertex -1.256072e-02 1.382395e-02 -4.181387e-03
      vertex -1.177845e-02 1.391881e-02 -3.990832e-03
      vertex -1.140412e-02 1.280710e-02 -4.824792e-03
    endloop
  endfacet
  facet normal 3.396910e-01 9.405060e-01 7.645418e-03
    outer loop
      vertex -2.558935e-02 9.198230e-03 -2.004470e-02
      vertex -2.712560e-02 9.751627e-03 -1.986431e-02
      vertex -2.598237e-02 9.335754e-03 -1.950005e-02
    endloop
  endfacet
  facet normal 2.703273e-01 8.892683e-01 -3.689512e-01
    outer loop
      vertex -2.192667e-02 9.416227e-03 -1.292181e-02
      vertex -2.236964e-02 9.804289e-03 -1.231104e-02
      vertex -2.115684e-02 9.479166e-03 -1.220607e-02
    endloop
  endfacet
  facet normal 1.678677e-02 9.994196e-01 -2.964100e-02
    outer loop
      vertex -7.944806e-03 6.006904e-03 -1.908353e-02
      vertex -8.243629e-03 6.045492e-03 -1.795169e-02
      vertex -7.651438e-03 6.035052e-03 -1.796830e-02
    endloop
  endfacet
  facet normal 3.088758e-02 9.879497e-01 -1.516621e-01
    outer loop
      vertex -7.772529e-03 6.167878e-03 -1.656404e-02
      vertex -8.190758e-03 6.329945e-03 -1.559349e-02
      vertex -7.058027e-03 6.222096e-03 -1.606533e-02
    endloop
  endfacet
  facet normal 4.357411e-02 9.613080e-01 -2.720077e-01
    outer loop
      vertex -8.042620e-03 6.594155e-03 -1.435946e-02
      vertex -7.964025e-03 6.750308e-03 -1.379501e-02
      vertex -7.260037e-03 6.730793e-03 -1.375120e-02
    endloop
  endfacet
  facet normal 7.157188e-02 7.957871e-01 -6.013321e-01
    outer loop
      vertex -7.790230e-03 9.741526e-03 -7.678031e-03
      vertex -9.185224e-03 9.525895e-03 -8.129426e-03
      vertex -8.144938e-03 1.013534e-02 -7.199080e-03
    endloop
  endfacet
  facet normal 7.605734e-02 7.160039e-01 -6.939407e-01
    outer loop
      vertex -9.147019e-03 1.102833e-02 -6.253656e-03
      vertex -9.152115e-03 1.181367e-02 -5.443902e-03
      vertex -8.124176e-03 1.166635e-02 -5.483245e-03
    endloop
  endfacet
  facet normal 9.146408e-02 6.936428e-01 -7.144887e-01
    outer loop
      vertex -6.859202e-03 1.225645e-02 -4.779207e-03
      vertex -7.416451e-03 1.148151e-02 -5.602871e-03
      vertex -7.570486e-03 1.223730e-02 -4.888849e-03
    endloop
  endfacet
  facet normal 1.181870e-01 6.942625e-01 -7.099517e-01
    outer loop
      vertex -6.225863e-03 1.225432e-02 -4.675849e-03
      vertex -6.706025e-03 1.149474e-02 -5.498578e-03
      vertex -6.859202e-03 1.225645e-02 -4.779207e-03
    endloop
  endfacet
  facet normal 1.403256e-01 7.003896e-01 -6.998308e-01
    outer loop
      vertex -5.556104e-03 1.227140e-02 -4.524469e-03
      vertex -5.282328e-03 1.152684e-02 -5.214719e-03
      vertex -6.225863e-03 1.225432e-02 -4.675849e-03
    endloop
  endfacet
  facet normal 1.619775e-01 7.060507e-01 -6.893880e-01
    outer loop
      vertex -4.631763e-03 1.235742e-02 -4.219180e-03
      vertex -4.584638e-03 1.155122e-02 -5.033793e-03
      vertex -5.556104e-03 1.227140e-02 -4.524469e-03
    endloop
  endfacet
  facet normal 1.013393e-01 7.355759e-01 -6.698197e-01
    outer loop
      vertex -6.572613e-03 1.076736e-02 -6.271306e-03
      vertex -5.984498e-03 1.150143e-02 -5.376193e-03
      vertex -5.848733e-03 1.078676e-02 -6.140481e-03
    endloop
  endfacet
  facet normal 1.254298e-01 7.391516e-01 -6.617570e-01
    outer loop
      vertex -5.984498e-03 1.150143e-02 -5.376193e-03
      vertex -5.282328e-03 1.152684e-02 -5.214719e-03
      vertex -5.083007e-03 1.080898e-02 -5.978764e-03
    endloop
  endfacet
  facet normal 1.433421e-01 7.436943e-01 -6.529715e-01
    outer loop
      vertex -5.282328e-03 1.152684e-02 -5.214719e-03
      vertex -4.584638e-03 1.155122e-02 -5.033793e-03
      vertex -4.316072e-03 1.084278e-02 -5.781713e-03
    endloop
  endfacet
  facet normal 1.594528e-01 7.492032e-01 -6.428603e-01
    outer loop
      vertex -3.889120e-03 1.158279e-02 -4.824487e-03
      vertex -3.570713e-03 1.088381e-02 -5.560125e-03
      vertex -4.584638e-03 1.155122e-02 -5.033793e-03
    endloop
  endfacet
  facet normal 1.733404e-01 7.549798e-01 -6.324228e-01
    outer loop
      vertex -3.195770e-03 1.163425e-02 -4.573018e-03
      vertex -2.829412e-03 1.093281e-02 -5.309980e-03
      vertex -3.889120e-03 1.158279e-02 -4.824487e-03
    endloop
  endfacet
  facet normal 1.889769e-01 7.631320e-01 -6.179946e-01
    outer loop
      vertex -2.460650e-03 1.167177e-02 -4.301891e-03
      vertex -2.072871e-03 1.099158e-02 -5.023250e-03
      vertex -3.195770e-03 1.163425e-02 -4.573018e-03
    endloop
  endfacet
  facet normal 7.655881e-02 7.708717e-01 -6.323730e-01
    outer loop
      vertex -7.316903e-03 1.075421e-02 -6.377446e-03
      vertex -6.572613e-03 1.076736e-02 -6.271306e-03
      vertex -6.844920e-03 1.007427e-02 -7.149160e-03
    endloop
  endfacet
  facet normal 9.305873e-02 7.715417e-01 -6.293358e-01
    outer loop
      vertex -6.572613e-03 1.076736e-02 -6.271306e-03
      vertex -5.848733e-03 1.078676e-02 -6.140481e-03
      vertex -5.639147e-03 1.011303e-02 -6.935465e-03
    endloop
  endfacet
  facet normal 1.367952e-01 7.841327e-01 -6.053289e-01
    outer loop
      vertex -4.316072e-03 1.084278e-02 -5.781713e-03
      vertex -3.570713e-03 1.088381e-02 -5.560125e-03
      vertex -3.258876e-03 1.023261e-02 -6.333198e-03
    endloop
  endfacet
  facet normal 1.485866e-01 7.898328e-01 -5.950514e-01
    outer loop
      vertex -3.570713e-03 1.088381e-02 -5.560125e-03
      vertex -2.829412e-03 1.093281e-02 -5.309980e-03
      vertex -2.478235e-03 1.029109e-02 -6.074057e-03
    endloop
  endfacet
  facet normal 1.592554e-01 7.963897e-01 -5.834391e-01
    outer loop
      vertex -2.829412e-03 1.093281e-02 -5.309980e-03
      vertex -2.072871e-03 1.099158e-02 -5.023250e-03
      vertex -1.682130e-03 1.036101e-02 -5.777321e-03
    endloop
  endfacet
  facet normal 1.749477e-01 8.113343e-01 -5.577903e-01
    outer loop
      vertex -6.043167e-04 1.113308e-02 -4.373362e-03
      vertex 2.302571e-04 1.057573e-02 -4.922293e-03
      vertex -1.369090e-03 1.105469e-02 -4.727240e-03
    endloop
  endfacet
  facet normal 1.832127e-01 8.153154e-01 -5.492667e-01
    outer loop
      vertex 1.008806e-04 1.121456e-02 -4.017182e-03
      vertex 2.302571e-04 1.057573e-02 -4.922293e-03
      vertex -6.043167e-04 1.113308e-02 -4.373362e-03
    endloop
  endfacet
  facet normal 1.848673e-01 8.265649e-01 -5.316151e-01
    outer loop
      vertex 8.364862e-04 1.130903e-02 -3.614499e-03
      vertex 1.370077e-03 1.073354e-02 -4.323729e-03
      vertex 1.008806e-04 1.121456e-02 -4.017182e-03
    endloop
  endfacet
  facet normal 9.596476e-02 8.002474e-01 -5.919416e-01
    outer loop
      vertex -4.853443e-03 1.014286e-02 -6.767760e-03
      vertex -5.973940e-03 9.500570e-03 -7.817722e-03
      vertex -5.639147e-03 1.011303e-02 -6.935465e-03
    endloop
  endfacet
  facet normal 1.047422e-01 8.114580e-01 -5.749478e-01
    outer loop
      vertex -4.853443e-03 1.014286e-02 -6.767760e-03
      vertex -4.044418e-03 1.018348e-02 -6.563039e-03
      vertex -3.781458e-03 9.597605e-03 -7.342016e-03
    endloop
  endfacet
  facet normal 1.148095e-01 8.158222e-01 -5.667918e-01
    outer loop
      vertex -4.044418e-03 1.018348e-02 -6.563039e-03
      vertex -3.258876e-03 1.023261e-02 -6.333198e-03
      vertex -2.957461e-03 9.654620e-03 -7.104090e-03
    endloop
  endfacet
  facet normal 1.236199e-01 8.208319e-01 -5.576317e-01
    outer loop
      vertex -3.258876e-03 1.023261e-02 -6.333198e-03
      vertex -2.478235e-03 1.029109e-02 -6.074057e-03
      vertex -2.139191e-03 9.722323e-03 -6.836125e-03
    endloop
  endfacet
  facet normal 1.378207e-01 8.325088e-01 -5.365953e-01
    outer loop
      vertex -1.682130e-03 1.036101e-02 -5.777321e-03
      vertex -9.422297e-04 1.043576e-02 -5.471306e-03
      vertex -5.308455e-04 9.889140e-03 -6.213706e-03
    endloop
  endfacet
  facet normal 1.438721e-01 8.409397e-01 -5.216524e-01
    outer loop
      vertex -9.422297e-04 1.043576e-02 -5.471306e-03
      vertex 2.302571e-04 1.057573e-02 -4.922293e-03
      vertex 3.083974e-04 9.994921e-03 -5.837045e-03
    endloop
  endfacet
  facet normal 1.452293e-01 8.529256e-01 -5.014244e-01
    outer loop
      vertex 2.302571e-04 1.057573e-02 -4.922293e-03
      vertex 1.370077e-03 1.073354e-02 -4.323729e-03
      vertex 2.082122e-03 1.026327e-02 -4.917430e-03
    endloop
  endfacet
  facet normal 1.453216e-01 8.518852e-01 -5.031631e-01
    outer loop
      vertex 2.082122e-03 1.026327e-02 -4.917430e-03
      vertex 2.106159e-03 1.052660e-02 -4.464653e-03
      vertex 2.863466e-03 1.040023e-02 -4.459874e-03
    endloop
  endfacet
  facet normal 1.485452e-01 8.603764e-01 -4.875312e-01
    outer loop
      vertex 2.133601e-03 1.085385e-02 -3.878765e-03
      vertex 2.106159e-03 1.052660e-02 -4.464653e-03
      vertex 1.370077e-03 1.073354e-02 -4.323729e-03
    endloop
  endfacet
  facet normal 1.483089e-01 8.674352e-01 -4.749322e-01
    outer loop
      vertex 2.843950e-03 1.097620e-02 -3.433475e-03
      vertex 3.417860e-03 1.050400e-02 -4.116713e-03
      vertex 2.133601e-03 1.085385e-02 -3.878765e-03
    endloop
  endfacet
  facet normal 6.061242e-02 8.332781e-01 -5.495213e-01
    outer loop
      vertex -6.975232e-03 8.887756e-03 -8.864047e-03
      vertex -6.794867e-03 9.186382e-03 -8.391325e-03
      vertex -5.912218e-03 8.907301e-03 -8.717159e-03
    endloop
  endfacet
  facet normal 6.228225e-02 8.351011e-01 -5.465593e-01
    outer loop
      vertex -5.912218e-03 8.907301e-03 -8.717159e-03
      vertex -6.794867e-03 9.186382e-03 -8.391325e-03
      vertex -5.973940e-03 9.500570e-03 -7.817722e-03
    endloop
  endfacet
  facet normal 7.537339e-02 8.347576e-01 -5.454344e-01
    outer loop
      vertex -4.837172e-03 9.541639e-03 -7.597779e-03
      vertex -5.912218e-03 8.907301e-03 -8.717159e-03
      vertex -5.973940e-03 9.500570e-03 -7.817722e-03
    endloop
  endfacet
  facet normal 8.553380e-02 8.343862e-01 -5.445032e-01
    outer loop
      vertex -4.716303e-03 8.953197e-03 -8.492179e-03
      vertex -3.958139e-03 9.255087e-03 -7.910471e-03
      vertex -2.850762e-03 9.073373e-03 -8.014973e-03
    endloop
  endfacet
  facet normal 8.461032e-02 8.416166e-01 -5.334066e-01
    outer loop
      vertex -4.837172e-03 9.541639e-03 -7.597779e-03
      vertex -3.781458e-03 9.597605e-03 -7.342016e-03
      vertex -3.958139e-03 9.255087e-03 -7.910471e-03
    endloop
  endfacet
  facet normal 8.760978e-02 8.409666e-01 -5.339472e-01
    outer loop
      vertex -3.781458e-03 9.597605e-03 -7.342016e-03
      vertex -2.850762e-03 9.073373e-03 -8.014973e-03
      vertex -3.958139e-03 9.255087e-03 -7.910471e-03
    endloop
  endfacet
  facet normal 9.924976e-02 8.497452e-01 -5.177669e-01
    outer loop
      vertex -2.957461e-03 9.654620e-03 -7.104090e-03
      vertex -2.139191e-03 9.722323e-03 -6.836125e-03
      vertex -1.775442e-03 9.165911e-03 -7.679568e-03
    endloop
  endfacet
  facet normal 1.041915e-01 8.547070e-01 -5.085471e-01
    outer loop
      vertex -2.139191e-03 9.722323e-03 -6.836125e-03
      vertex -1.305259e-03 9.803070e-03 -6.529559e-03
      vertex -1.440446e-03 9.571049e-03 -6.947210e-03
    endloop
  endfacet
  facet normal 1.079991e-01 8.597945e-01 -4.990888e-01
    outer loop
      vertex -1.305259e-03 9.803070e-03 -6.529559e-03
      vertex -5.308455e-04 9.889140e-03 -6.213706e-03
      vertex -9.025630e-05 9.356663e-03 -7.035680e-03
    endloop
  endfacet
  facet normal 1.111722e-01 8.643511e-01 -4.904467e-01
    outer loop
      vertex -5.308455e-04 9.889140e-03 -6.213706e-03
      vertex 3.083974e-04 9.994921e-03 -5.837045e-03
      vertex 5.681189e-04 9.446939e-03 -6.743921e-03
    endloop
  endfacet
  facet normal 1.064529e-01 8.633985e-01 -4.931640e-01
    outer loop
      vertex 5.681189e-04 9.446939e-03 -6.743921e-03
      vertex 9.558012e-04 9.761498e-03 -6.109529e-03
      vertex 1.702451e-03 9.620527e-03 -6.195162e-03
    endloop
  endfacet
  facet normal 1.082069e-01 8.813661e-01 -4.598750e-01
    outer loop
      vertex 1.080096e-03 1.010382e-02 -5.458781e-03
      vertex 2.082122e-03 1.026327e-02 -4.917430e-03
      vertex 2.580465e-03 1.002745e-02 -5.252127e-03
    endloop
  endfacet
  facet normal 1.094604e-01 8.751732e-01 -4.712645e-01
    outer loop
      vertex 1.080096e-03 1.010382e-02 -5.458781e-03
      vertex 2.580465e-03 1.002745e-02 -5.252127e-03
      vertex 2.431791e-03 9.742264e-03 -5.816268e-03
    endloop
  endfacet
  facet normal 1.060765e-01 8.758779e-01 -4.707289e-01
    outer loop
      vertex 2.431791e-03 9.742264e-03 -5.816268e-03
      vertex 2.580465e-03 1.002745e-02 -5.252127e-03
      vertex 3.453332e-03 9.935147e-03 -5.227174e-03
    endloop
  endfacet
  facet normal 1.119567e-01 8.831447e-01 -4.555449e-01
    outer loop
      vertex 2.082122e-03 1.026327e-02 -4.917430e-03
      vertex 2.863466e-03 1.040023e-02 -4.459874e-03
      vertex 2.580465e-03 1.002745e-02 -5.252127e-03
    endloop
  endfacet
  facet normal 1.081278e-01 8.896317e-01 -4.436933e-01
    outer loop
      vertex 2.863466e-03 1.040023e-02 -4.459874e-03
      vertex 3.417860e-03 1.050400e-02 -4.116713e-03
      vertex 4.030598e-03 1.005187e-02 -4.873939e-03
    endloop
  endfacet
  facet normal 1.050265e-01 8.962844e-01 -4.308639e-01
    outer loop
      vertex 3.417860e-03 1.050400e-02 -4.116713e-03
      vertex 4.367317e-03 1.069979e-02 -3.477991e-03
      vertex 4.822419e-03 1.022516e-02 -4.354380e-03
    endloop
  endfacet
  facet normal 5.328080e-02 8.640613e-01 -5.005590e-01
    outer loop
      vertex -6.975232e-03 8.887756e-03 -8.864047e-03
      vertex -5.912218e-03 8.907301e-03 -8.717159e-03
      vertex -6.210760e-03 8.359694e-03 -9.694213e-03
    endloop
  endfacet
  facet normal 6.026517e-02 8.656862e-01 -4.969462e-01
    outer loop
      vertex -5.912218e-03 8.907301e-03 -8.717159e-03
      vertex -4.716303e-03 8.953197e-03 -8.492179e-03
      vertex -5.288577e-03 8.387774e-03 -9.546553e-03
    endloop
  endfacet
  facet normal 6.695182e-02 8.737361e-01 -4.817703e-01
    outer loop
      vertex -4.716303e-03 8.953197e-03 -8.492179e-03
      vertex -2.850762e-03 9.073373e-03 -8.014973e-03
      vertex -3.307007e-03 8.787056e-03 -8.597640e-03
    endloop
  endfacet
  facet normal 6.727118e-02 8.689565e-01 -4.902950e-01
    outer loop
      vertex -3.449071e-03 8.487479e-03 -9.148076e-03
      vertex -3.307007e-03 8.787056e-03 -8.597640e-03
      vertex -2.198753e-03 8.589666e-03 -8.795418e-03
    endloop
  endfacet
  facet normal 7.273718e-02 8.769014e-01 -4.751349e-01
    outer loop
      vertex -2.850762e-03 9.073373e-03 -8.014973e-03
      vertex -1.775442e-03 9.165911e-03 -7.679568e-03
      vertex -1.183741e-03 8.690760e-03 -8.465918e-03
    endloop
  endfacet
  facet normal 7.631979e-02 8.809777e-01 -4.669621e-01
    outer loop
      vertex -1.775442e-03 9.165911e-03 -7.679568e-03
      vertex -9.013191e-04 9.258365e-03 -7.362278e-03
      vertex -4.983460e-04 8.768934e-03 -8.219783e-03
    endloop
  endfacet
  facet normal 7.181273e-02 8.804052e-01 -4.687533e-01
    outer loop
      vertex -4.983460e-04 8.768934e-03 -8.219783e-03
      vertex -9.013191e-04 9.258365e-03 -7.362278e-03
      vertex 3.489310e-04 8.879529e-03 -7.882263e-03
    endloop
  endfacet
  facet normal 7.599264e-02 8.869066e-01 -4.556554e-01
    outer loop
      vertex -9.013191e-04 9.258365e-03 -7.362278e-03
      vertex -9.025630e-05 9.356663e-03 -7.035680e-03
      vertex 3.748573e-04 9.171560e-03 -7.318401e-03
    endloop
  endfacet
  facet normal 7.598792e-02 8.839759e-01 -4.613160e-01
    outer loop
      vertex 3.489310e-04 8.879529e-03 -7.882263e-03
      vertex -9.013191e-04 9.258365e-03 -7.362278e-03
      vertex 3.748573e-04 9.171560e-03 -7.318401e-03
    endloop
  endfacet
  facet normal 7.290091e-02 8.842388e-01 -4.613102e-01
    outer loop
      vertex 3.489310e-04 8.879529e-03 -7.882263e-03
      vertex 3.748573e-04 9.171560e-03 -7.318401e-03
      vertex 1.494015e-03 9.053720e-03 -7.367415e-03
    endloop
  endfacet
  facet normal 7.862127e-02 8.883919e-01 -4.523035e-01
    outer loop
      vertex -9.025630e-05 9.356663e-03 -7.035680e-03
      vertex 5.681189e-04 9.446939e-03 -6.743921e-03
      vertex 3.748573e-04 9.171560e-03 -7.318401e-03
    endloop
  endfacet
  facet normal 7.386136e-02 8.892479e-01 -4.514229e-01
    outer loop
      vertex 1.494015e-03 9.053720e-03 -7.367415e-03
      vertex 3.748573e-04 9.171560e-03 -7.318401e-03
      vertex 1.180761e-03 9.288874e-03 -6.955447e-03
    endloop
  endfacet
  facet normal 7.755326e-02 8.932293e-01 -4.428623e-01
    outer loop
      vertex 5.681189e-04 9.446939e-03 -6.743921e-03
      vertex 1.702451e-03 9.620527e-03 -6.195162e-03
      vertex 1.180761e-03 9.288874e-03 -6.955447e-03
    endloop
  endfacet
  facet normal 6.737026e-02 8.934911e-01 -4.439988e-01
    outer loop
      vertex 1.494015e-03 9.053720e-03 -7.367415e-03
      vertex 1.702451e-03 9.620527e-03 -6.195162e-03
      vertex 2.977436e-03 9.310966e-03 -6.624655e-03
    endloop
  endfacet
  facet normal 7.343913e-02 8.996390e-01 -4.304141e-01
    outer loop
      vertex 2.977436e-03 9.310966e-03 -6.624655e-03
      vertex 1.702451e-03 9.620527e-03 -6.195162e-03
      vertex 2.431791e-03 9.742264e-03 -5.816268e-03
    endloop
  endfacet
  facet normal 6.632323e-02 8.982406e-01 -4.344711e-01
    outer loop
      vertex 2.977436e-03 9.310966e-03 -6.624655e-03
      vertex 2.431791e-03 9.742264e-03 -5.816268e-03
      vertex 3.697194e-03 9.455877e-03 -6.215187e-03
    endloop
  endfacet
  facet normal 7.197026e-02 9.042577e-01 -4.208780e-01
    outer loop
      vertex 2.431791e-03 9.742264e-03 -5.816268e-03
      vertex 3.453332e-03 9.935147e-03 -5.227174e-03
      vertex 3.697194e-03 9.455877e-03 -6.215187e-03
    endloop
  endfacet
  facet normal 6.682817e-02 9.097184e-01 -4.098127e-01
    outer loop
      vertex 3.453332e-03 9.935147e-03 -5.227174e-03
      vertex 4.030598e-03 1.005187e-02 -4.873939e-03
      vertex 4.639445e-03 9.655478e-03 -5.654576e-03
    endloop
  endfacet
  facet normal 6.182091e-02 9.147276e-01 -3.993139e-01
    outer loop
      vertex 5.461206e-03 9.847628e-03 -5.120317e-03
      vertex 4.030598e-03 1.005187e-02 -4.873939e-03
      vertex 4.822419e-03 1.022516e-02 -4.354380e-03
    endloop
  endfacet
  facet normal 5.301065e-02 9.125233e-01 -4.055751e-01
    outer loop
      vertex 5.461206e-03 9.847628e-03 -5.120317e-03
      vertex 4.822419e-03 1.022516e-02 -4.354380e-03
      vertex 6.465924e-03 1.010432e-02 -4.411454e-03
    endloop
  endfacet
  facet normal 5.426048e-02 9.206074e-01 -3.867013e-01
    outer loop
      vertex 6.465924e-03 1.010432e-02 -4.411454e-03
      vertex 4.822419e-03 1.022516e-02 -4.354380e-03
      vertex 5.603946e-03 1.040974e-02 -3.805294e-03
    endloop
  endfacet
  facet normal 4.945706e-02 9.243551e-01 -3.783143e-01
    outer loop
      vertex 6.355921e-03 1.060021e-02 -3.241612e-03
      vertex 7.049829e-03 1.026195e-02 -3.977381e-03
      vertex 5.603946e-03 1.040974e-02 -3.805294e-03
    endloop
  endfacet
  facet normal 4.023080e-02 9.217058e-01 -3.857977e-01
    outer loop
      vertex 7.049829e-03 1.026195e-02 -3.977381e-03
      vertex 6.355921e-03 1.060021e-02 -3.241612e-03
      vertex 7.826739e-03 1.048547e-02 -3.362345e-03
    endloop
  endfacet
  facet normal 4.127628e-02 8.892868e-01 -4.554835e-01
    outer loop
      vertex -6.922646e-03 8.347502e-03 -9.786239e-03
      vertex -5.670982e-03 7.890794e-03 -1.056449e-02
      vertex -7.162100e-03 7.855045e-03 -1.076941e-02
    endloop
  endfacet
  facet normal 4.523911e-02 8.908954e-01 -4.519501e-01
    outer loop
      vertex -6.210760e-03 8.359694e-03 -9.694213e-03
      vertex -5.288577e-03 8.387774e-03 -9.546553e-03
      vertex -5.670982e-03 7.890794e-03 -1.056449e-02
    endloop
  endfacet
  facet normal 4.436282e-02 8.910645e-01 -4.517035e-01
    outer loop
      vertex -4.518927e-03 8.150470e-03 -9.939087e-03
      vertex -5.670982e-03 7.890794e-03 -1.056449e-02
      vertex -5.288577e-03 8.387774e-03 -9.546553e-03
    endloop
  endfacet
  facet normal 4.315432e-02 8.920438e-01 -4.498839e-01
    outer loop
      vertex -5.670982e-03 7.890794e-03 -1.056449e-02
      vertex -4.518927e-03 8.150470e-03 -9.939087e-03
      vertex -4.623180e-03 7.931893e-03 -1.038249e-02
    endloop
  endfacet
  facet normal 4.486311e-02 8.918139e-01 -4.501724e-01
    outer loop
      vertex -4.623180e-03 7.931893e-03 -1.038249e-02
      vertex -4.518927e-03 8.150470e-03 -9.939087e-03
      vertex -3.787473e-03 7.978757e-03 -1.020636e-02
    endloop
  endfacet
  facet normal 4.715567e-02 8.930699e-01 -4.474399e-01
    outer loop
      vertex -5.288577e-03 8.387774e-03 -9.546553e-03
      vertex -4.377574e-03 8.429836e-03 -9.366587e-03
      vertex -4.518927e-03 8.150470e-03 -9.939087e-03
    endloop
  endfacet
  facet normal 4.999948e-02 8.926628e-01 -4.479433e-01
    outer loop
      vertex -3.449071e-03 8.487479e-03 -9.148076e-03
      vertex -4.518927e-03 8.150470e-03 -9.939087e-03
      vertex -4.377574e-03 8.429836e-03 -9.366587e-03
    endloop
  endfacet
  facet normal 4.732565e-02 8.942728e-01 -4.450129e-01
    outer loop
      vertex -3.787473e-03 7.978757e-03 -1.020636e-02
      vertex -4.518927e-03 8.150470e-03 -9.939087e-03
      vertex -3.449071e-03 8.487479e-03 -9.148076e-03
    endloop
  endfacet
  facet normal 4.555279e-02 8.945746e-01 -4.445911e-01
    outer loop
      vertex -2.106954e-03 8.113288e-03 -9.763484e-03
      vertex -3.787473e-03 7.978757e-03 -1.020636e-02
      vertex -3.449071e-03 8.487479e-03 -9.148076e-03
    endloop
  endfacet
  facet normal 4.991206e-02 8.979957e-01 -4.371642e-01
    outer loop
      vertex -3.449071e-03 8.487479e-03 -9.148076e-03
      vertex -2.198753e-03 8.589666e-03 -8.795418e-03
      vertex -2.106954e-03 8.113288e-03 -9.763484e-03
    endloop
  endfacet
  facet normal 4.526775e-02 8.980212e-01 -4.376172e-01
    outer loop
      vertex -2.106954e-03 8.113288e-03 -9.763484e-03
      vertex -2.198753e-03 8.589666e-03 -8.795418e-03
      vertex -6.786578e-04 8.264812e-03 -9.304802e-03
    endloop
  endfacet
  facet normal 4.923175e-02 9.022168e-01 -4.284636e-01
    outer loop
      vertex -6.786578e-04 8.264812e-03 -9.304802e-03
      vertex -2.198753e-03 8.589666e-03 -8.795418e-03
      vertex -1.183741e-03 8.690760e-03 -8.465918e-03
    endloop
  endfacet
  facet normal 4.243045e-02 9.033630e-01 -4.267727e-01
    outer loop
      vertex 6.536455e-04 8.441736e-03 -8.797840e-03
      vertex -6.786578e-04 8.264812e-03 -9.304802e-03
      vertex -4.983460e-04 8.768934e-03 -8.219783e-03
    endloop
  endfacet
  facet normal 4.802271e-02 9.072547e-01 -4.178309e-01
    outer loop
      vertex -4.983460e-04 8.768934e-03 -8.219783e-03
      vertex 3.489310e-04 8.879529e-03 -7.882263e-03
      vertex 6.536455e-04 8.441736e-03 -8.797840e-03
    endloop
  endfacet
  facet normal 4.021046e-02 9.065822e-01 -4.201093e-01
    outer loop
      vertex 6.536455e-04 8.441736e-03 -8.797840e-03
      vertex 3.489310e-04 8.879529e-03 -7.882263e-03
      vertex 1.897156e-03 8.637007e-03 -8.257431e-03
    endloop
  endfacet
  facet normal 3.559629e-02 9.111683e-01 -4.104939e-01
    outer loop
      vertex 1.897156e-03 8.637007e-03 -8.257431e-03
      vertex 1.494015e-03 9.053720e-03 -7.367415e-03
      vertex 2.866690e-03 8.810152e-03 -7.789029e-03
    endloop
  endfacet
  facet normal 3.578263e-02 9.113792e-01 -4.100091e-01
    outer loop
      vertex 2.866690e-03 8.810152e-03 -7.789029e-03
      vertex 1.494015e-03 9.053720e-03 -7.367415e-03
      vertex 3.685887e-03 8.971205e-03 -7.359543e-03
    endloop
  endfacet
  facet normal 3.603262e-02 9.198762e-01 -3.905502e-01
    outer loop
      vertex 1.494015e-03 9.053720e-03 -7.367415e-03
      vertex 2.977436e-03 9.310966e-03 -6.624655e-03
      vertex 3.685887e-03 8.971205e-03 -7.359543e-03
    endloop
  endfacet
  facet normal 2.797267e-02 9.173303e-01 -3.971432e-01
    outer loop
      vertex 3.685887e-03 8.971205e-03 -7.359543e-03
      vertex 2.977436e-03 9.310966e-03 -6.624655e-03
      vertex 4.620255e-03 9.172435e-03 -6.828925e-03
    endloop
  endfacet
  facet normal 3.057865e-02 9.241482e-01 -3.808085e-01
    outer loop
      vertex 2.977436e-03 9.310966e-03 -6.624655e-03
      vertex 3.697194e-03 9.455877e-03 -6.215187e-03
      vertex 4.620255e-03 9.172435e-03 -6.828925e-03
    endloop
  endfacet
  facet normal 2.327044e-02 9.204765e-01 -3.901044e-01
    outer loop
      vertex 5.242059e-03 9.315188e-03 -6.454997e-03
      vertex 4.620255e-03 9.172435e-03 -6.828925e-03
      vertex 3.697194e-03 9.455877e-03 -6.215187e-03
    endloop
  endfacet
  facet normal 2.631835e-02 9.269478e-01 -3.742662e-01
    outer loop
      vertex 3.697194e-03 9.455877e-03 -6.215187e-03
      vertex 4.639445e-03 9.655478e-03 -5.654576e-03
      vertex 5.242059e-03 9.315188e-03 -6.454997e-03
    endloop
  endfacet
  facet normal 1.642904e-02 9.245550e-01 -3.806943e-01
    outer loop
      vertex 5.242059e-03 9.315188e-03 -6.454997e-03
      vertex 4.639445e-03 9.655478e-03 -5.654576e-03
      vertex 6.196645e-03 9.555353e-03 -5.830537e-03
    endloop
  endfacet
  facet normal 1.876927e-02 9.312831e-01 -3.638124e-01
    outer loop
      vertex 6.196645e-03 9.555353e-03 -5.830537e-03
      vertex 4.639445e-03 9.655478e-03 -5.654576e-03
      vertex 5.461206e-03 9.847628e-03 -5.120317e-03
    endloop
  endfacet
  facet normal 1.226315e-02 9.344909e-01 -3.557758e-01
    outer loop
      vertex 5.461206e-03 9.847628e-03 -5.120317e-03
      vertex 6.465924e-03 1.010432e-02 -4.411454e-03
      vertex 6.931116e-03 9.749908e-03 -5.326324e-03
    endloop
  endfacet
  facet normal 2.365587e-04 9.325169e-01 -3.611264e-01
    outer loop
      vertex 6.931116e-03 9.749908e-03 -5.326324e-03
      vertex 6.465924e-03 1.010432e-02 -4.411454e-03
      vertex 7.823031e-03 1.000804e-02 -4.659182e-03
    endloop
  endfacet
  facet normal 3.507825e-03 9.384132e-01 -3.454972e-01
    outer loop
      vertex 6.465924e-03 1.010432e-02 -4.411454e-03
      vertex 7.049829e-03 1.026195e-02 -3.977381e-03
      vertex 7.823031e-03 1.000804e-02 -4.659182e-03
    endloop
  endfacet
  facet normal -5.589882e-03 9.350200e-01 -3.545509e-01
    outer loop
      vertex 7.823031e-03 1.000804e-02 -4.659182e-03
      vertex 7.049829e-03 1.026195e-02 -3.977381e-03
      vertex 8.537580e-03 1.022388e-02 -4.101232e-03
    endloop
  endfacet
  facet normal -3.975305e-03 9.414490e-01 -3.371320e-01
    outer loop
      vertex 7.049829e-03 1.026195e-02 -3.977381e-03
      vertex 7.826739e-03 1.048547e-02 -3.362345e-03
      vertex 8.537580e-03 1.022388e-02 -4.101232e-03
    endloop
  endfacet
  facet normal -1.385907e-02 9.383061e-01 -3.455279e-01
    outer loop
      vertex 8.537580e-03 1.022388e-02 -4.101232e-03
      vertex 7.826739e-03 1.048547e-02 -3.362345e-03
      vertex 9.077054e-03 1.039824e-02 -3.649377e-03
    endloop
  endfacet
  facet normal -1.024787e-02 9.434486e-01 -3.313603e-01
    outer loop
      vertex 9.077054e-03 1.039824e-02 -3.649377e-03
      vertex 7.826739e-03 1.048547e-02 -3.362345e-03
      vertex 8.838163e-03 1.080798e-02 -2.475373e-03
    endloop
  endfacet
  facet normal 3.356240e-02 9.142705e-01 -4.037116e-01
    outer loop
      vertex -7.162100e-03 7.855045e-03 -1.076941e-02
      vertex -5.670982e-03 7.890794e-03 -1.056449e-02
      vertex -6.370371e-03 7.443616e-03 -1.163534e-02
    endloop
  endfacet
  facet normal 3.058049e-02 9.154994e-01 -4.011554e-01
    outer loop
      vertex -5.191881e-03 7.477187e-03 -1.146355e-02
      vertex -4.623180e-03 7.931893e-03 -1.038249e-02
      vertex -4.103667e-03 7.529700e-03 -1.126075e-02
    endloop
  endfacet
  facet normal 2.901833e-02 9.152042e-01 -4.019443e-01
    outer loop
      vertex -4.103667e-03 7.529700e-03 -1.126075e-02
      vertex -4.623180e-03 7.931893e-03 -1.038249e-02
      vertex -3.033361e-03 7.601977e-03 -1.101891e-02
    endloop
  endfacet
  facet normal 3.196895e-02 9.177418e-01 -3.958889e-01
    outer loop
      vertex -3.033361e-03 7.601977e-03 -1.101891e-02
      vertex -4.623180e-03 7.931893e-03 -1.038249e-02
      vertex -3.787473e-03 7.978757e-03 -1.020636e-02
    endloop
  endfacet
  facet normal 2.667059e-02 9.161061e-01 -4.000478e-01
    outer loop
      vertex -3.787473e-03 7.978757e-03 -1.020636e-02
      vertex -1.821554e-03 7.708595e-03 -1.069397e-02
      vertex -3.033361e-03 7.601977e-03 -1.101891e-02
    endloop
  endfacet
  facet normal 2.941941e-02 9.198934e-01 -3.910635e-01
    outer loop
      vertex -1.821554e-03 7.708595e-03 -1.069397e-02
      vertex -3.787473e-03 7.978757e-03 -1.020636e-02
      vertex -2.106954e-03 8.113288e-03 -9.763484e-03
    endloop
  endfacet
  facet normal 2.422571e-02 9.194487e-01 -3.924631e-01
    outer loop
      vertex -1.821554e-03 7.708595e-03 -1.069397e-02
      vertex -2.106954e-03 8.113288e-03 -9.763484e-03
      vertex -7.823803e-04 8.031741e-03 -9.872766e-03
    endloop
  endfacet
  facet normal 2.520094e-02 9.232161e-01 -3.834539e-01
    outer loop
      vertex -2.106954e-03 8.113288e-03 -9.763484e-03
      vertex -6.786578e-04 8.264812e-03 -9.304802e-03
      vertex -7.823803e-04 8.031741e-03 -9.872766e-03
    endloop
  endfacet
  facet normal 1.858939e-02 9.210930e-01 -3.888985e-01
    outer loop
      vertex -8.128195e-04 7.817401e-03 -1.038188e-02
      vertex -7.823803e-04 8.031741e-03 -9.872766e-03
      vertex 5.290499e-04 7.991262e-03 -9.905952e-03
    endloop
  endfacet
  facet normal 2.116328e-02 9.253383e-01 -3.785514e-01
    outer loop
      vertex 6.536455e-04 8.441736e-03 -8.797840e-03
      vertex 5.290499e-04 7.991262e-03 -9.905952e-03
      vertex -6.786578e-04 8.264812e-03 -9.304802e-03
    endloop
  endfacet
  facet normal 1.107705e-02 9.258862e-01 -3.776401e-01
    outer loop
      vertex 1.403189e-03 8.123515e-03 -9.556059e-03
      vertex 5.290499e-04 7.991262e-03 -9.905952e-03
      vertex 6.536455e-04 8.441736e-03 -8.797840e-03
    endloop
  endfacet
  facet normal 9.341611e-03 9.253039e-01 -3.791113e-01
    outer loop
      vertex 1.403189e-03 8.123515e-03 -9.556059e-03
      vertex 6.536455e-04 8.441736e-03 -8.797840e-03
      vertex 2.400690e-03 8.293946e-03 -9.115505e-03
    endloop
  endfacet
  facet normal 7.529044e-03 9.327734e-01 -3.603846e-01
    outer loop
      vertex 1.897156e-03 8.637007e-03 -8.257431e-03
      vertex 2.866690e-03 8.810152e-03 -7.789029e-03
      vertex 3.113855e-03 8.424641e-03 -8.781673e-03
    endloop
  endfacet
  facet normal -4.099099e-03 9.318159e-01 -3.629081e-01
    outer loop
      vertex 3.113855e-03 8.424641e-03 -8.781673e-03
      vertex 2.866690e-03 8.810152e-03 -7.789029e-03
      vertex 3.846992e-03 8.575020e-03 -8.403835e-03
    endloop
  endfacet
  facet normal 1.991832e-03 9.350756e-01 -3.544428e-01
    outer loop
      vertex 2.866690e-03 8.810152e-03 -7.789029e-03
      vertex 3.685887e-03 8.971205e-03 -7.359543e-03
      vertex 3.846992e-03 8.575020e-03 -8.403835e-03
    endloop
  endfacet
  facet normal -1.016742e-02 9.344060e-01 -3.560646e-01
    outer loop
      vertex 3.846992e-03 8.575020e-03 -8.403835e-03
      vertex 3.685887e-03 8.971205e-03 -7.359543e-03
      vertex 4.980079e-03 8.822556e-03 -7.786590e-03
    endloop
  endfacet
  facet normal -6.102119e-03 9.385182e-01 -3.451759e-01
    outer loop
      vertex 3.685887e-03 8.971205e-03 -7.359543e-03
      vertex 4.620255e-03 9.172435e-03 -6.828925e-03
      vertex 4.980079e-03 8.822556e-03 -7.786590e-03
    endloop
  endfacet
  facet normal -1.818550e-02 9.368998e-01 -3.491247e-01
    outer loop
      vertex 4.980079e-03 8.822556e-03 -7.786590e-03
      vertex 4.620255e-03 9.172435e-03 -6.828925e-03
      vertex 5.837913e-03 9.030241e-03 -7.273938e-03
    endloop
  endfacet
  facet normal -2.168030e-02 9.437894e-01 -3.298357e-01
    outer loop
      vertex 5.242059e-03 9.315188e-03 -6.454997e-03
      vertex 6.196645e-03 9.555353e-03 -5.830537e-03
      vertex 6.717617e-03 9.260096e-03 -6.709629e-03
    endloop
  endfacet
  facet normal -3.354395e-02 9.412586e-01 -3.360164e-01
    outer loop
      vertex 6.717617e-03 9.260096e-03 -6.709629e-03
      vertex 6.196645e-03 9.555353e-03 -5.830537e-03
      vertex 7.582861e-03 9.503345e-03 -6.114606e-03
    endloop
  endfacet
  facet normal -3.029117e-02 9.465563e-01 -3.211131e-01
    outer loop
      vertex 6.196645e-03 9.555353e-03 -5.830537e-03
      vertex 6.931116e-03 9.749908e-03 -5.326324e-03
      vertex 7.582861e-03 9.503345e-03 -6.114606e-03
    endloop
  endfacet
  facet normal -4.163230e-02 9.432524e-01 -3.294565e-01
    outer loop
      vertex 7.582861e-03 9.503345e-03 -6.114606e-03
      vertex 6.931116e-03 9.749908e-03 -5.326324e-03
      vertex 8.412606e-03 9.752897e-03 -5.504977e-03
    endloop
  endfacet
  facet normal -3.976497e-02 9.486290e-01 -3.138817e-01
    outer loop
      vertex 6.931116e-03 9.749908e-03 -5.326324e-03
      vertex 7.823031e-03 1.000804e-02 -4.659182e-03
      vertex 8.412606e-03 9.752897e-03 -5.504977e-03
    endloop
  endfacet
  facet normal -5.136800e-02 9.456600e-01 -3.210741e-01
    outer loop
      vertex 8.412606e-03 9.752897e-03 -5.504977e-03
      vertex 7.823031e-03 1.000804e-02 -4.659182e-03
      vertex 9.239029e-03 1.001753e-02 -4.857773e-03
    endloop
  endfacet
  facet normal -4.914773e-02 9.510885e-01 -3.049838e-01
    outer loop
      vertex 7.823031e-03 1.000804e-02 -4.659182e-03
      vertex 8.537580e-03 1.022388e-02 -4.101232e-03
      vertex 9.239029e-03 1.001753e-02 -4.857773e-03
    endloop
  endfacet
  facet normal -6.007566e-02 9.474770e-01 -3.141308e-01
    outer loop
      vertex 9.239029e-03 1.001753e-02 -4.857773e-03
      vertex 8.537580e-03 1.022388e-02 -4.101232e-03
      vertex 1.004694e-02 1.029218e-02 -4.183890e-03
    endloop
  endfacet
  facet normal -5.938355e-02 9.530689e-01 -2.968725e-01
    outer loop
      vertex 8.537580e-03 1.022388e-02 -4.101232e-03
      vertex 9.077054e-03 1.039824e-02 -3.649377e-03
      vertex 1.004694e-02 1.029218e-02 -4.183890e-03
    endloop
  endfacet
  facet normal 2.317503e-02 9.352283e-01 -3.532859e-01
    outer loop
      vertex -6.370371e-03 7.443616e-03 -1.163534e-02
      vertex -4.977227e-03 7.099348e-03 -1.245531e-02
      vertex -6.371857e-03 7.057404e-03 -1.265783e-02
    endloop
  endfacet
  facet normal 2.454226e-02 9.359535e-01 -3.512674e-01
    outer loop
      vertex -6.370371e-03 7.443616e-03 -1.163534e-02
      vertex -5.191881e-03 7.477187e-03 -1.146355e-02
      vertex -4.977227e-03 7.099348e-03 -1.245531e-02
    endloop
  endfacet
  facet normal 2.045651e-02 9.357487e-01 -3.520737e-01
    outer loop
      vertex -5.191881e-03 7.477187e-03 -1.146355e-02
      vertex -4.103667e-03 7.529700e-03 -1.126075e-02
      vertex -4.977227e-03 7.099348e-03 -1.245531e-02
    endloop
  endfacet
  facet normal 1.559360e-02 9.370042e-01 -3.489698e-01
    outer loop
      vertex -4.977227e-03 7.099348e-03 -1.245531e-02
      vertex -4.103667e-03 7.529700e-03 -1.126075e-02
      vertex -3.384078e-03 7.188982e-03 -1.214344e-02
    endloop
  endfacet
  facet normal 1.516922e-02 9.376130e-01 -3.473497e-01
    outer loop
      vertex -4.103667e-03 7.529700e-03 -1.126075e-02
      vertex -3.033361e-03 7.601977e-03 -1.101891e-02
      vertex -3.134180e-03 7.376227e-03 -1.163269e-02
    endloop
  endfacet
  facet normal 1.392522e-02 9.365836e-01 -3.501676e-01
    outer loop
      vertex -4.103667e-03 7.529700e-03 -1.126075e-02
      vertex -3.134180e-03 7.376227e-03 -1.163269e-02
      vertex -3.384078e-03 7.188982e-03 -1.214344e-02
    endloop
  endfacet
  facet normal 9.477842e-03 9.373459e-01 -3.482711e-01
    outer loop
      vertex -3.384078e-03 7.188982e-03 -1.214344e-02
      vertex -3.134180e-03 7.376227e-03 -1.163269e-02
      vertex -2.170146e-03 7.284737e-03 -1.185269e-02
    endloop
  endfacet
  facet normal 1.031126e-02 9.380853e-01 -3.462508e-01
    outer loop
      vertex -3.033361e-03 7.601977e-03 -1.101891e-02
      vertex -1.821554e-03 7.708595e-03 -1.069397e-02
      vertex -2.170146e-03 7.284737e-03 -1.185269e-02
    endloop
  endfacet
  facet normal 1.889325e-03 9.389548e-01 -3.440352e-01
    outer loop
      vertex -2.170146e-03 7.284737e-03 -1.185269e-02
      vertex -1.821554e-03 7.708595e-03 -1.069397e-02
      vertex -1.116521e-03 7.393116e-03 -1.155111e-02
    endloop
  endfacet
  facet normal -1.268508e-03 9.381144e-01 -3.463233e-01
    outer loop
      vertex -1.116521e-03 7.393116e-03 -1.155111e-02
      vertex -1.821554e-03 7.708595e-03 -1.069397e-02
      vertex -1.947117e-04 7.501826e-03 -1.126002e-02
    endloop
  endfacet
  facet normal -7.758478e-03 9.392980e-01 -3.430146e-01
    outer loop
      vertex -1.947117e-04 7.501826e-03 -1.126002e-02
      vertex -8.128195e-04 7.817401e-03 -1.038188e-02
      vertex 8.262660e-04 7.642849e-03 -1.089694e-02
    endloop
  endfacet
  facet normal -4.150294e-03 9.429937e-01 -3.327847e-01
    outer loop
      vertex -8.128195e-04 7.817401e-03 -1.038188e-02
      vertex 5.290499e-04 7.991262e-03 -9.905952e-03
      vertex 8.262660e-04 7.642849e-03 -1.089694e-02
    endloop
  endfacet
  facet normal -1.061171e-02 9.438373e-01 -3.302402e-01
    outer loop
      vertex 1.481831e-03 7.744575e-03 -1.064161e-02
      vertex 5.290499e-04 7.991262e-03 -9.905952e-03
      vertex 1.403189e-03 8.123515e-03 -9.556059e-03
    endloop
  endfacet
  facet normal -2.217624e-02 9.433967e-01 -3.309242e-01
    outer loop
      vertex 1.481831e-03 7.744575e-03 -1.064161e-02
      vertex 1.403189e-03 8.123515e-03 -9.556059e-03
      vertex 2.688156e-03 7.951909e-03 -1.013138e-02
    endloop
  endfacet
  facet normal -1.863002e-02 9.459536e-01 -3.237665e-01
    outer loop
      vertex 1.403189e-03 8.123515e-03 -9.556059e-03
      vertex 2.400690e-03 8.293946e-03 -9.115505e-03
      vertex 2.688156e-03 7.951909e-03 -1.013138e-02
    endloop
  endfacet
  facet normal -3.057346e-02 9.446329e-01 -3.267015e-01
    outer loop
      vertex 2.688156e-03 7.951909e-03 -1.013138e-02
      vertex 2.400690e-03 8.293946e-03 -9.115505e-03
      vertex 3.627439e-03 8.134616e-03 -9.690999e-03
    endloop
  endfacet
  facet normal -2.546787e-02 9.481528e-01 -3.167927e-01
    outer loop
      vertex 2.400690e-03 8.293946e-03 -9.115505e-03
      vertex 3.113855e-03 8.424641e-03 -8.781673e-03
      vertex 3.627439e-03 8.134616e-03 -9.690999e-03
    endloop
  endfacet
  facet normal -3.796316e-02 9.456226e-01 -3.230429e-01
    outer loop
      vertex 3.627439e-03 8.134616e-03 -9.690999e-03
      vertex 3.113855e-03 8.424641e-03 -8.781673e-03
      vertex 4.600399e-03 8.342914e-03 -9.195602e-03
    endloop
  endfacet
  facet normal -3.443354e-02 9.497278e-01 -3.111776e-01
    outer loop
      vertex 3.113855e-03 8.424641e-03 -8.781673e-03
      vertex 3.846992e-03 8.575020e-03 -8.403835e-03
      vertex 4.600399e-03 8.342914e-03 -9.195602e-03
    endloop
  endfacet
  facet normal -4.208758e-02 9.472456e-01 -3.177331e-01
    outer loop
      vertex 4.600399e-03 8.342914e-03 -9.195602e-03
      vertex 3.846992e-03 8.575020e-03 -8.403835e-03
      vertex 4.805964e-03 8.578341e-03 -8.520960e-03
    endloop
  endfacet
  facet normal -4.765039e-02 9.475175e-01 -3.161330e-01
    outer loop
      vertex 4.600399e-03 8.342914e-03 -9.195602e-03
      vertex 4.805964e-03 8.578341e-03 -8.520960e-03
      vertex 5.559463e-03 8.567709e-03 -8.666402e-03
    endloop
  endfacet
  facet normal -4.073910e-02 9.509705e-01 -3.065867e-01
    outer loop
      vertex 3.846992e-03 8.575020e-03 -8.403835e-03
      vertex 4.980079e-03 8.822556e-03 -7.786590e-03
      vertex 4.805964e-03 8.578341e-03 -8.520960e-03
    endloop
  endfacet
  facet normal -4.554577e-02 9.511048e-01 -3.054917e-01
    outer loop
      vertex 4.805964e-03 8.578341e-03 -8.520960e-03
      vertex 4.980079e-03 8.822556e-03 -7.786590e-03
      vertex 5.559463e-03 8.567709e-03 -8.666402e-03
    endloop
  endfacet
  facet normal -5.597258e-02 9.485568e-01 -3.116200e-01
    outer loop
      vertex 5.559463e-03 8.567709e-03 -8.666402e-03
      vertex 4.980079e-03 8.822556e-03 -7.786590e-03
      vertex 6.446355e-03 8.793300e-03 -8.139016e-03
    endloop
  endfacet
  facet normal -5.262297e-02 9.530953e-01 -2.980607e-01
    outer loop
      vertex 4.980079e-03 8.822556e-03 -7.786590e-03
      vertex 5.837913e-03 9.030241e-03 -7.273938e-03
      vertex 6.446355e-03 8.793300e-03 -8.139016e-03
    endloop
  endfacet
  facet normal -6.521457e-02 9.497914e-01 -3.060119e-01
    outer loop
      vertex 6.446355e-03 8.793300e-03 -8.139016e-03
      vertex 5.837913e-03 9.030241e-03 -7.273938e-03
      vertex 6.843871e-03 8.902369e-03 -7.885203e-03
    endloop
  endfacet
  facet normal -5.893543e-02 9.532436e-01 -2.964005e-01
    outer loop
      vertex 5.837913e-03 9.030241e-03 -7.273938e-03
      vertex 6.717617e-03 9.260096e-03 -6.709629e-03
      vertex 6.843871e-03 8.902369e-03 -7.885203e-03
    endloop
  endfacet
  facet normal -7.295671e-02 9.558459e-01 -2.846682e-01
    outer loop
      vertex 6.717617e-03 9.260096e-03 -6.709629e-03
      vertex 7.582861e-03 9.503345e-03 -6.114606e-03
      vertex 8.247665e-03 9.306011e-03 -6.947587e-03
    endloop
  endfacet
  facet normal -8.598766e-02 9.518893e-01 -2.941309e-01
    outer loop
      vertex 8.247665e-03 9.306011e-03 -6.947587e-03
      vertex 7.582861e-03 9.503345e-03 -6.114606e-03
      vertex 9.288996e-03 9.638375e-03 -6.176392e-03
    endloop
  endfacet
  facet normal -8.575126e-02 9.575390e-01 -2.752559e-01
    outer loop
      vertex 7.582861e-03 9.503345e-03 -6.114606e-03
      vertex 8.412606e-03 9.752897e-03 -5.504977e-03
      vertex 9.288996e-03 9.638375e-03 -6.176392e-03
    endloop
  endfacet
  facet normal -9.570504e-02 9.529951e-01 -2.874734e-01
    outer loop
      vertex 9.288996e-03 9.638375e-03 -6.176392e-03
      vertex 8.412606e-03 9.752897e-03 -5.504977e-03
      vertex 9.953812e-03 9.861664e-03 -5.657503e-03
    endloop
  endfacet
  facet normal -9.443097e-02 9.579093e-01 -2.710951e-01
    outer loop
      vertex 8.412606e-03 9.752897e-03 -5.504977e-03
      vertex 9.239029e-03 1.001753e-02 -4.857773e-03
      vertex 9.953812e-03 9.861664e-03 -5.657503e-03
    endloop
  endfacet
  facet normal -1.063613e-01 9.538079e-01 -2.809588e-01
    outer loop
      vertex 9.953812e-03 9.861664e-03 -5.657503e-03
      vertex 9.239029e-03 1.001753e-02 -4.857773e-03
      vertex 1.078503e-02 1.015799e-02 -4.966181e-03
    endloop
  endfacet
  facet normal -1.056229e-01 9.586953e-01 -2.640967e-01
    outer loop
      vertex 9.239029e-03 1.001753e-02 -4.857773e-03
      vertex 1.004694e-02 1.029218e-02 -4.183890e-03
      vertex 1.078503e-02 1.015799e-02 -4.966181e-03
    endloop
  endfacet
  facet normal 1.511748e-02 9.533310e-01 -3.015484e-01
    outer loop
      vertex -6.371857e-03 7.057404e-03 -1.265783e-02
      vertex -4.977227e-03 7.099348e-03 -1.245531e-02
      vertex -5.477246e-03 6.756928e-03 -1.356292e-02
    endloop
  endfacet
  facet normal 8.390270e-03 9.542776e-01 -2.988041e-01
    outer loop
      vertex -5.477246e-03 6.756928e-03 -1.356292e-02
      vertex -4.977227e-03 7.099348e-03 -1.245531e-02
      vertex -4.153683e-03 6.814160e-03 -1.334297e-02
    endloop
  endfacet
  facet normal 5.348845e-03 9.534912e-01 -3.013732e-01
    outer loop
      vertex -4.153683e-03 6.814160e-03 -1.334297e-02
      vertex -4.977227e-03 7.099348e-03 -1.245531e-02
      vertex -3.384078e-03 7.188982e-03 -1.214344e-02
    endloop
  endfacet
  facet normal -4.424369e-03 9.551496e-01 -2.960908e-01
    outer loop
      vertex -3.384078e-03 7.188982e-03 -1.214344e-02
      vertex -2.170146e-03 7.284737e-03 -1.185269e-02
      vertex -2.079057e-03 6.964438e-03 -1.288729e-02
    endloop
  endfacet
  facet normal -1.411921e-02 9.556666e-01 -2.941122e-01
    outer loop
      vertex -2.170146e-03 7.284737e-03 -1.185269e-02
      vertex -1.116521e-03 7.393116e-03 -1.155111e-02
      vertex -1.015924e-03 7.073362e-03 -1.259493e-02
    endloop
  endfacet
  facet normal -2.264546e-02 9.579510e-01 -2.860370e-01
    outer loop
      vertex -1.116521e-03 7.393116e-03 -1.155111e-02
      vertex -1.947117e-04 7.501826e-03 -1.126002e-02
      vertex 3.698193e-04 7.249264e-03 -1.215055e-02
    endloop
  endfacet
  facet normal -3.137566e-02 9.583141e-01 -2.839889e-01
    outer loop
      vertex -1.947117e-04 7.501826e-03 -1.126002e-02
      vertex 8.262660e-04 7.642849e-03 -1.089694e-02
      vertex 1.289559e-03 7.383866e-03 -1.182206e-02
    endloop
  endfacet
  facet normal -4.470945e-02 9.559780e-01 -2.900124e-01
    outer loop
      vertex 1.289559e-03 7.383866e-03 -1.182206e-02
      vertex 8.262660e-04 7.642849e-03 -1.089694e-02
      vertex 2.324862e-03 7.556801e-03 -1.141161e-02
    endloop
  endfacet
  facet normal -5.133244e-02 9.558615e-01 -2.892988e-01
    outer loop
      vertex 2.324862e-03 7.556801e-03 -1.141161e-02
      vertex 1.481831e-03 7.744575e-03 -1.064161e-02
      vertex 3.155741e-03 7.708754e-03 -1.105698e-02
    endloop
  endfacet
  facet normal -4.805265e-02 9.598337e-01 -2.764241e-01
    outer loop
      vertex 1.481831e-03 7.744575e-03 -1.064161e-02
      vertex 2.688156e-03 7.951909e-03 -1.013138e-02
      vertex 3.155741e-03 7.708754e-03 -1.105698e-02
    endloop
  endfacet
  facet normal -6.259806e-02 9.570620e-01 -2.830439e-01
    outer loop
      vertex 3.155741e-03 7.708754e-03 -1.105698e-02
      vertex 2.688156e-03 7.951909e-03 -1.013138e-02
      vertex 4.126957e-03 7.906357e-03 -1.060361e-02
    endloop
  endfacet
  facet normal -5.903675e-02 9.603402e-01 -2.725094e-01
    outer loop
      vertex 2.688156e-03 7.951909e-03 -1.013138e-02
      vertex 3.627439e-03 8.134616e-03 -9.690999e-03
      vertex 4.126957e-03 7.906357e-03 -1.060361e-02
    endloop
  endfacet
  facet normal -7.272779e-02 9.574513e-01 -2.792807e-01
    outer loop
      vertex 4.126957e-03 7.906357e-03 -1.060361e-02
      vertex 3.627439e-03 8.134616e-03 -9.690999e-03
      vertex 5.132183e-03 8.131395e-03 -1.009389e-02
    endloop
  endfacet
  facet normal -8.353646e-02 9.578120e-01 -2.749871e-01
    outer loop
      vertex 5.132183e-03 8.131395e-03 -1.009389e-02
      vertex 4.600399e-03 8.342914e-03 -9.195602e-03
      vertex 6.122260e-03 8.373991e-03 -9.549672e-03
    endloop
  endfacet
  facet normal -8.066109e-02 9.616108e-01 -2.622947e-01
    outer loop
      vertex 4.600399e-03 8.342914e-03 -9.195602e-03
      vertex 5.559463e-03 8.567709e-03 -8.666402e-03
      vertex 6.122260e-03 8.373991e-03 -9.549672e-03
    endloop
  endfacet
  facet normal -9.449561e-02 9.581154e-01 -2.703431e-01
    outer loop
      vertex 6.122260e-03 8.373991e-03 -9.549672e-03
      vertex 5.559463e-03 8.567709e-03 -8.666402e-03
      vertex 7.037053e-03 8.617158e-03 -9.007627e-03
    endloop
  endfacet
  facet normal -9.163147e-02 9.619548e-01 -2.573843e-01
    outer loop
      vertex 5.559463e-03 8.567709e-03 -8.666402e-03
      vertex 6.446355e-03 8.793300e-03 -8.139016e-03
      vertex 7.037053e-03 8.617158e-03 -9.007627e-03
    endloop
  endfacet
  facet normal -1.053818e-01 9.582027e-01 -2.659743e-01
    outer loop
      vertex 7.037053e-03 8.617158e-03 -9.007627e-03
      vertex 6.446355e-03 8.793300e-03 -8.139016e-03
      vertex 7.973377e-03 8.885542e-03 -8.411725e-03
    endloop
  endfacet
  facet normal -1.031252e-01 9.622223e-01 -2.519790e-01
    outer loop
      vertex 6.446355e-03 8.793300e-03 -8.139016e-03
      vertex 6.843871e-03 8.902369e-03 -7.885203e-03
      vertex 7.973377e-03 8.885542e-03 -8.411725e-03
    endloop
  endfacet
  facet normal -1.041805e-01 9.615188e-01 -2.542205e-01
    outer loop
      vertex 6.843871e-03 8.902369e-03 -7.885203e-03
      vertex 7.606036e-03 9.116686e-03 -7.386949e-03
      vertex 7.973377e-03 8.885542e-03 -8.411725e-03
    endloop
  endfacet
  facet normal -1.187086e-01 9.586160e-01 -2.587734e-01
    outer loop
      vertex 7.973377e-03 8.885542e-03 -8.411725e-03
      vertex 7.606036e-03 9.116686e-03 -7.386949e-03
      vertex 8.892372e-03 9.168729e-03 -7.784246e-03
    endloop
  endfacet
  facet normal -1.285350e-01 9.580284e-01 -2.562426e-01
    outer loop
      vertex 8.892372e-03 9.168729e-03 -7.784246e-03
      vertex 8.247665e-03 9.306011e-03 -6.947587e-03
      vertex 9.771873e-03 9.458474e-03 -7.142129e-03
    endloop
  endfacet
  facet normal -1.416968e-01 9.580014e-01 -2.493095e-01
    outer loop
      vertex 9.771873e-03 9.458474e-03 -7.142129e-03
      vertex 9.288996e-03 9.638375e-03 -6.176392e-03
      vertex 1.064627e-02 9.765050e-03 -6.461044e-03
    endloop
  endfacet
  facet normal -1.391759e-01 9.618373e-01 -2.355822e-01
    outer loop
      vertex 9.288996e-03 9.638375e-03 -6.176392e-03
      vertex 9.953812e-03 9.861664e-03 -5.657503e-03
      vertex 1.064627e-02 9.765050e-03 -6.461044e-03
    endloop
  endfacet
  facet normal -1.515216e-01 9.613485e-01 -2.298920e-01
    outer loop
      vertex 9.953812e-03 9.861664e-03 -5.657503e-03
      vertex 1.078503e-02 1.015799e-02 -4.966181e-03
      vertex 1.149970e-02 1.008264e-02 -5.752346e-03
    endloop
  endfacet
  facet normal -1.640417e-01 9.566068e-01 -2.408191e-01
    outer loop
      vertex 1.149970e-02 1.008264e-02 -5.752346e-03
      vertex 1.078503e-02 1.015799e-02 -4.966181e-03
      vertex 1.212390e-02 1.032891e-02 -5.199272e-03
    endloop
  endfacet
  facet normal -1.620490e-01 9.604178e-01 -2.265785e-01
    outer loop
      vertex 1.078503e-02 1.015799e-02 -4.966181e-03
      vertex 1.163147e-02 1.047794e-02 -4.215392e-03
      vertex 1.212390e-02 1.032891e-02 -5.199272e-03
    endloop
  endfacet
  facet normal 9.094391e-03 9.691564e-01 -2.462788e-01
    outer loop
      vertex -5.955712e-03 6.596611e-03 -1.420599e-02
      vertex -5.175282e-03 6.500890e-03 -1.455385e-02
      vertex -6.545668e-03 6.471180e-03 -1.472137e-02
    endloop
  endfacet
  facet normal 8.522378e-03 9.687602e-01 -2.478529e-01
    outer loop
      vertex -6.315196e-03 6.735679e-03 -1.367479e-02
      vertex -5.477246e-03 6.756928e-03 -1.356292e-02
      vertex -5.955712e-03 6.596611e-03 -1.420599e-02
    endloop
  endfacet
  facet normal 8.388785e-03 9.687852e-01 -2.477597e-01
    outer loop
      vertex -5.955712e-03 6.596611e-03 -1.420599e-02
      vertex -5.477246e-03 6.756928e-03 -1.356292e-02
      vertex -5.175282e-03 6.500890e-03 -1.455385e-02
    endloop
  endfacet
  facet normal -2.172025e-03 9.680403e-01 -2.507854e-01
    outer loop
      vertex -5.175282e-03 6.500890e-03 -1.455385e-02
      vertex -5.477246e-03 6.756928e-03 -1.356292e-02
      vertex -4.054630e-03 6.551595e-03 -1.436783e-02
    endloop
  endfacet
  facet normal -1.034097e-02 9.694111e-01 -2.452247e-01
    outer loop
      vertex -4.153683e-03 6.814160e-03 -1.334297e-02
      vertex -3.179440e-03 6.873445e-03 -1.314970e-02
      vertex -2.941219e-03 6.624582e-03 -1.414354e-02
    endloop
  endfacet
  facet normal -2.445567e-02 9.683628e-01 -2.483455e-01
    outer loop
      vertex -2.941219e-03 6.624582e-03 -1.414354e-02
      vertex -3.179440e-03 6.873445e-03 -1.314970e-02
      vertex -1.801494e-03 6.722827e-03 -1.387269e-02
    endloop
  endfacet
  facet normal -2.200686e-02 9.695445e-01 -2.439245e-01
    outer loop
      vertex -3.179440e-03 6.873445e-03 -1.314970e-02
      vertex -2.079057e-03 6.964438e-03 -1.288729e-02
      vertex -1.801494e-03 6.722827e-03 -1.387269e-02
    endloop
  endfacet
  facet normal -3.278895e-02 9.697111e-01 -2.420441e-01
    outer loop
      vertex -2.079057e-03 6.964438e-03 -1.288729e-02
      vertex -1.015924e-03 7.073362e-03 -1.259493e-02
      vertex -7.009598e-04 6.840354e-03 -1.357111e-02
    endloop
  endfacet
  facet normal -4.674010e-02 9.681013e-01 -2.461612e-01
    outer loop
      vertex -7.009598e-04 6.840354e-03 -1.357111e-02
      vertex -1.015924e-03 7.073362e-03 -1.259493e-02
      vertex 3.873825e-04 6.978806e-03 -1.323325e-02
    endloop
  endfacet
  facet normal -5.650653e-02 9.693756e-01 -2.389936e-01
    outer loop
      vertex 3.698193e-04 7.249264e-03 -1.215055e-02
      vertex 1.289559e-03 7.383866e-03 -1.182206e-02
      vertex 1.492297e-03 7.142628e-03 -1.284847e-02
    endloop
  endfacet
  facet normal -7.053216e-02 9.678573e-01 -2.414071e-01
    outer loop
      vertex 1.492297e-03 7.142628e-03 -1.284847e-02
      vertex 1.289559e-03 7.383866e-03 -1.182206e-02
      vertex 2.513375e-03 7.315422e-03 -1.245403e-02
    endloop
  endfacet
  facet normal -6.804116e-02 9.691906e-01 -2.367277e-01
    outer loop
      vertex 1.289559e-03 7.383866e-03 -1.182206e-02
      vertex 2.324862e-03 7.556801e-03 -1.141161e-02
      vertex 2.513375e-03 7.315422e-03 -1.245403e-02
    endloop
  endfacet
  facet normal -8.260992e-02 9.675060e-01 -2.389722e-01
    outer loop
      vertex 2.513375e-03 7.315422e-03 -1.245403e-02
      vertex 2.324862e-03 7.556801e-03 -1.141161e-02
      vertex 3.611655e-03 7.524594e-03 -1.198683e-02
    endloop
  endfacet
  facet normal -1.063170e-01 9.661552e-01 -2.350339e-01
    outer loop
      vertex 4.613676e-03 7.736855e-03 -1.152055e-02
      vertex 4.126957e-03 7.906357e-03 -1.060361e-02
      vertex 5.649993e-03 7.978361e-03 -1.099657e-02
    endloop
  endfacet
  facet normal -1.165285e-01 9.685691e-01 -2.197612e-01
    outer loop
      vertex 5.132183e-03 8.131395e-03 -1.009389e-02
      vertex 6.122260e-03 8.373991e-03 -9.549672e-03
      vertex 6.669928e-03 8.238464e-03 -1.043739e-02
    endloop
  endfacet
  facet normal -1.422651e-01 9.668752e-01 -2.119267e-01
    outer loop
      vertex 7.037053e-03 8.617158e-03 -9.007627e-03
      vertex 7.973377e-03 8.885542e-03 -8.411725e-03
      vertex 8.574492e-03 8.786057e-03 -9.269129e-03
    endloop
  endfacet
  facet normal -1.571952e-01 9.623228e-01 -2.218658e-01
    outer loop
      vertex 8.574492e-03 8.786057e-03 -9.269129e-03
      vertex 7.973377e-03 8.885542e-03 -8.411725e-03
      vertex 9.518699e-03 9.088682e-03 -8.625505e-03
    endloop
  endfacet
  facet normal -1.752707e-01 9.610915e-01 -2.135025e-01
    outer loop
      vertex 9.518699e-03 9.088682e-03 -8.625505e-03
      vertex 9.849318e-03 9.346738e-03 -7.735271e-03
      vertex 1.058963e-02 9.459291e-03 -7.836355e-03
    endloop
  endfacet
  facet normal -1.689582e-01 9.643392e-01 -2.037231e-01
    outer loop
      vertex 8.892372e-03 9.168729e-03 -7.784246e-03
      vertex 9.771873e-03 9.458474e-03 -7.142129e-03
      vertex 9.849318e-03 9.346738e-03 -7.735271e-03
    endloop
  endfacet
  facet normal -1.829650e-01 9.594577e-01 -2.143938e-01
    outer loop
      vertex 1.058963e-02 9.459291e-03 -7.836355e-03
      vertex 9.771873e-03 9.458474e-03 -7.142129e-03
      vertex 1.131827e-02 9.724957e-03 -7.269268e-03
    endloop
  endfacet
  facet normal -1.984186e-01 9.611704e-01 -1.917853e-01
    outer loop
      vertex 1.064627e-02 9.765050e-03 -6.461044e-03
      vertex 1.149970e-02 1.008264e-02 -5.752346e-03
      vertex 1.235968e-02 1.013185e-02 -6.395449e-03
    endloop
  endfacet
  facet normal -2.098236e-01 9.590533e-01 -1.902389e-01
    outer loop
      vertex 1.149970e-02 1.008264e-02 -5.752346e-03
      vertex 1.212390e-02 1.032891e-02 -5.199272e-03
      vertex 1.308234e-02 1.042835e-02 -5.755065e-03
    endloop
  endfacet
  facet normal 4.780424e-05 9.809155e-01 -1.944344e-01
    outer loop
      vertex -5.175282e-03 6.500890e-03 -1.455385e-02
      vertex -5.020091e-03 6.303629e-03 -1.554899e-02
      vertex -5.996210e-03 6.278480e-03 -1.567610e-02
    endloop
  endfacet
  facet normal -1.348820e-02 9.804216e-01 -1.964474e-01
    outer loop
      vertex -5.020091e-03 6.303629e-03 -1.554899e-02
      vertex -5.175282e-03 6.500890e-03 -1.455385e-02
      vertex -3.861471e-03 6.358029e-03 -1.535704e-02
    endloop
  endfacet
  facet normal -1.212809e-02 9.808668e-01 -1.943018e-01
    outer loop
      vertex -5.175282e-03 6.500890e-03 -1.455385e-02
      vertex -4.054630e-03 6.551595e-03 -1.436783e-02
      vertex -3.861471e-03 6.358029e-03 -1.535704e-02
    endloop
  endfacet
  facet normal -2.704708e-02 9.800204e-01 -1.970494e-01
    outer loop
      vertex -3.861471e-03 6.358029e-03 -1.535704e-02
      vertex -4.054630e-03 6.551595e-03 -1.436783e-02
      vertex -2.710757e-03 6.436288e-03 -1.512577e-02
    endloop
  endfacet
  facet normal -2.522227e-02 9.806938e-01 -1.939163e-01
    outer loop
      vertex -4.054630e-03 6.551595e-03 -1.436783e-02
      vertex -2.941219e-03 6.624582e-03 -1.414354e-02
      vertex -2.710757e-03 6.436288e-03 -1.512577e-02
    endloop
  endfacet
  facet normal -4.081162e-02 9.794848e-01 -1.973423e-01
    outer loop
      vertex -2.710757e-03 6.436288e-03 -1.512577e-02
      vertex -2.941219e-03 6.624582e-03 -1.414354e-02
      vertex -1.533485e-03 6.541569e-03 -1.484669e-02
    endloop
  endfacet
  facet normal -3.862829e-02 9.804220e-01 -1.930818e-01
    outer loop
      vertex -2.941219e-03 6.624582e-03 -1.414354e-02
      vertex -1.801494e-03 6.722827e-03 -1.387269e-02
      vertex -1.533485e-03 6.541569e-03 -1.484669e-02
    endloop
  endfacet
  facet normal -5.204809e-02 9.800175e-01 -1.919809e-01
    outer loop
      vertex -1.801494e-03 6.722827e-03 -1.387269e-02
      vertex -7.009598e-04 6.840354e-03 -1.357111e-02
      vertex -3.972788e-04 6.667441e-03 -1.453611e-02
    endloop
  endfacet
  facet normal -6.815792e-02 9.780908e-01 -1.967053e-01
    outer loop
      vertex -3.972788e-04 6.667441e-03 -1.453611e-02
      vertex -7.009598e-04 6.840354e-03 -1.357111e-02
      vertex 7.258274e-04 6.815647e-03 -1.418834e-02
    endloop
  endfacet
  facet normal -8.216373e-02 9.771469e-01 -1.960436e-01
    outer loop
      vertex 7.258274e-04 6.815647e-03 -1.418834e-02
      vertex 3.873825e-04 6.978806e-03 -1.323325e-02
      vertex 1.865550e-03 6.990918e-03 -1.379240e-02
    endloop
  endfacet
  facet normal -9.617974e-02 9.760935e-01 -1.949124e-01
    outer loop
      vertex 1.865550e-03 6.990918e-03 -1.379240e-02
      vertex 1.492297e-03 7.142628e-03 -1.284847e-02
      vertex 2.918230e-03 7.175654e-03 -1.338671e-02
    endloop
  endfacet
  facet normal -9.324386e-02 9.779203e-01 -1.870224e-01
    outer loop
      vertex 1.492297e-03 7.142628e-03 -1.284847e-02
      vertex 2.513375e-03 7.315422e-03 -1.245403e-02
      vertex 2.918230e-03 7.175654e-03 -1.338671e-02
    endloop
  endfacet
  facet normal -1.101861e-01 9.748116e-01 -1.939108e-01
    outer loop
      vertex 2.918230e-03 7.175654e-03 -1.338671e-02
      vertex 2.513375e-03 7.315422e-03 -1.245403e-02
      vertex 4.049568e-03 7.399052e-03 -1.290652e-02
    endloop
  endfacet
  facet normal -1.075475e-01 9.769186e-01 -1.845633e-01
    outer loop
      vertex 2.513375e-03 7.315422e-03 -1.245403e-02
      vertex 3.611655e-03 7.524594e-03 -1.198683e-02
      vertex 4.049568e-03 7.399052e-03 -1.290652e-02
    endloop
  endfacet
  facet normal -1.385335e-01 9.718351e-01 -1.906437e-01
    outer loop
      vertex 5.080853e-03 7.625520e-03 -1.242758e-02
      vertex 4.613676e-03 7.736855e-03 -1.152055e-02
      vertex 6.146680e-03 7.882984e-03 -1.188962e-02
    endloop
  endfacet
  facet normal -1.361448e-01 9.742422e-01 -1.797685e-01
    outer loop
      vertex 4.613676e-03 7.736855e-03 -1.152055e-02
      vertex 5.649993e-03 7.978361e-03 -1.099657e-02
      vertex 6.146680e-03 7.882984e-03 -1.188962e-02
    endloop
  endfacet
  facet normal -1.530726e-01 9.700251e-01 -1.887329e-01
    outer loop
      vertex 6.146680e-03 7.882984e-03 -1.188962e-02
      vertex 5.649993e-03 7.978361e-03 -1.099657e-02
      vertex 7.194923e-03 8.160051e-03 -1.131576e-02
    endloop
  endfacet
  facet normal -1.509558e-01 9.725570e-01 -1.770460e-01
    outer loop
      vertex 5.649993e-03 7.978361e-03 -1.099657e-02
      vertex 6.669928e-03 8.238464e-03 -1.043739e-02
      vertex 7.194923e-03 8.160051e-03 -1.131576e-02
    endloop
  endfacet
  facet normal -1.673936e-01 9.680947e-01 -1.864724e-01
    outer loop
      vertex 7.194923e-03 8.160051e-03 -1.131576e-02
      vertex 6.669928e-03 8.238464e-03 -1.043739e-02
      vertex 8.161951e-03 8.437243e-03 -1.074478e-02
    endloop
  endfacet
  facet normal -1.813892e-01 9.659506e-01 -1.844925e-01
    outer loop
      vertex 8.161951e-03 8.437243e-03 -1.074478e-02
      vertex 7.611550e-03 8.498914e-03 -9.880739e-03
      vertex 9.150065e-03 8.742554e-03 -1.011775e-02
    endloop
  endfacet
  facet normal -1.958277e-01 9.635605e-01 -1.822160e-01
    outer loop
      vertex 9.150065e-03 8.742554e-03 -1.011775e-02
      vertex 8.574492e-03 8.786057e-03 -9.269129e-03
      vertex 1.011808e-02 9.063997e-03 -9.458270e-03
    endloop
  endfacet
  facet normal -2.100998e-01 9.610225e-01 -1.797046e-01
    outer loop
      vertex 1.011808e-02 9.063997e-03 -9.458270e-03
      vertex 9.518699e-03 9.088682e-03 -8.625505e-03
      vertex 1.104280e-02 9.392226e-03 -8.784107e-03
    endloop
  endfacet
  facet normal -2.093537e-01 9.632538e-01 -1.682650e-01
    outer loop
      vertex 9.518699e-03 9.088682e-03 -8.625505e-03
      vertex 1.058963e-02 9.459291e-03 -7.836355e-03
      vertex 1.104280e-02 9.392226e-03 -8.784107e-03
    endloop
  endfacet
  facet normal -2.381491e-01 9.554305e-01 -1.744634e-01
    outer loop
      vertex 1.196067e-02 9.738942e-03 -8.069581e-03
      vertex 1.131827e-02 9.724957e-03 -7.269268e-03
      vertex 1.265955e-02 1.001915e-02 -7.489050e-03
    endloop
  endfacet
  facet normal -2.368647e-01 9.576628e-01 -1.636371e-01
    outer loop
      vertex 1.131827e-02 9.724957e-03 -7.269268e-03
      vertex 1.235968e-02 1.013185e-02 -6.395449e-03
      vertex 1.265955e-02 1.001915e-02 -7.489050e-03
    endloop
  endfacet
  facet normal -2.537606e-01 9.526100e-01 -1.677493e-01
    outer loop
      vertex 1.265955e-02 1.001915e-02 -7.489050e-03
      vertex 1.235968e-02 1.013185e-02 -6.395449e-03
      vertex 1.376434e-02 1.048410e-02 -6.519983e-03
    endloop
  endfacet
  facet normal -2.532634e-01 9.546983e-01 -1.562333e-01
    outer loop
      vertex 1.235968e-02 1.013185e-02 -6.395449e-03
      vertex 1.308234e-02 1.042835e-02 -5.755065e-03
      vertex 1.376434e-02 1.048410e-02 -6.519983e-03
    endloop
  endfacet
  facet normal -8.219583e-03 9.900738e-01 -1.403079e-01
    outer loop
      vertex -5.996210e-03 6.278480e-03 -1.567610e-02
      vertex -4.851448e-03 6.150391e-03 -1.664702e-02
      vertex -5.861746e-03 6.123375e-03 -1.677847e-02
    endloop
  endfacet
  facet normal -7.368684e-03 9.902195e-01 -1.393238e-01
    outer loop
      vertex -5.996210e-03 6.278480e-03 -1.567610e-02
      vertex -5.020091e-03 6.303629e-03 -1.554899e-02
      vertex -4.851448e-03 6.150391e-03 -1.664702e-02
    endloop
  endfacet
  facet normal -2.472496e-02 9.895723e-01 -1.418992e-01
    outer loop
      vertex -4.851448e-03 6.150391e-03 -1.664702e-02
      vertex -5.020091e-03 6.303629e-03 -1.554899e-02
      vertex -3.652386e-03 6.208795e-03 -1.644865e-02
    endloop
  endfacet
  facet normal -2.331881e-02 9.899056e-01 -1.397967e-01
    outer loop
      vertex -5.020091e-03 6.303629e-03 -1.554899e-02
      vertex -3.861471e-03 6.358029e-03 -1.535704e-02
      vertex -3.652386e-03 6.208795e-03 -1.644865e-02
    endloop
  endfacet
  facet normal -3.915377e-02 9.893801e-01 -1.399786e-01
    outer loop
      vertex -3.861471e-03 6.358029e-03 -1.535704e-02
      vertex -2.710757e-03 6.436288e-03 -1.512577e-02
      vertex -2.461956e-03 6.292763e-03 -1.620981e-02
    endloop
  endfacet
  facet normal -5.755307e-02 9.879018e-01 -1.440057e-01
    outer loop
      vertex -2.461956e-03 6.292763e-03 -1.620981e-02
      vertex -2.710757e-03 6.436288e-03 -1.512577e-02
      vertex -1.244735e-03 6.405661e-03 -1.592178e-02
    endloop
  endfacet
  facet normal -5.526554e-02 9.886333e-01 -1.398209e-01
    outer loop
      vertex -2.710757e-03 6.436288e-03 -1.512577e-02
      vertex -1.533485e-03 6.541569e-03 -1.484669e-02
      vertex -1.244735e-03 6.405661e-03 -1.592178e-02
    endloop
  endfacet
  facet normal -7.392245e-02 9.867264e-01 -1.445907e-01
    outer loop
      vertex -1.244735e-03 6.405661e-03 -1.592178e-02
      vertex -1.533485e-03 6.541569e-03 -1.484669e-02
      vertex -7.059807e-05 6.540570e-03 -1.560141e-02
    endloop
  endfacet
  facet normal -9.004230e-02 9.853319e-01 -1.449602e-01
    outer loop
      vertex -7.059807e-05 6.540570e-03 -1.560141e-02
      vertex -3.972788e-04 6.667441e-03 -1.453611e-02
      vertex 1.089450e-03 6.699335e-03 -1.524281e-02
    endloop
  endfacet
  facet normal -8.717205e-02 9.864664e-01 -1.388706e-01
    outer loop
      vertex -3.972788e-04 6.667441e-03 -1.453611e-02
      vertex 7.258274e-04 6.815647e-03 -1.418834e-02
      vertex 1.089450e-03 6.699335e-03 -1.524281e-02
    endloop
  endfacet
  facet normal -1.065051e-01 9.836493e-01 -1.452267e-01
    outer loop
      vertex 1.089450e-03 6.699335e-03 -1.524281e-02
      vertex 7.258274e-04 6.815647e-03 -1.418834e-02
      vertex 2.266140e-03 6.886998e-03 -1.483468e-02
    endloop
  endfacet
  facet normal -1.228235e-01 9.817652e-01 -1.450913e-01
    outer loop
      vertex 2.266140e-03 6.886998e-03 -1.483468e-02
      vertex 1.865550e-03 6.990918e-03 -1.379240e-02
      vertex 3.352358e-03 7.084661e-03 -1.441670e-02
    endloop
  endfacet
  facet normal -1.330831e-01 9.807726e-01 -1.427378e-01
    outer loop
      vertex 3.352358e-03 7.084661e-03 -1.441670e-02
      vertex 2.918230e-03 7.175654e-03 -1.338671e-02
      vertex 4.049568e-03 7.399052e-03 -1.290652e-02
    endloop
  endfacet
  facet normal -1.554294e-01 9.772182e-01 -1.445210e-01
    outer loop
      vertex 4.717914e-03 7.368794e-03 -1.382991e-02
      vertex 4.049568e-03 7.399052e-03 -1.290652e-02
      vertex 5.581007e-03 7.565286e-03 -1.342952e-02
    endloop
  endfacet
  facet normal -1.686104e-01 9.766215e-01 -1.333454e-01
    outer loop
      vertex 5.080853e-03 7.625520e-03 -1.242758e-02
      vertex 6.146680e-03 7.882984e-03 -1.188962e-02
      vertex 6.678043e-03 7.840010e-03 -1.287624e-02
    endloop
  endfacet
  facet normal -1.852257e-01 9.738134e-01 -1.318289e-01
    outer loop
      vertex 6.146680e-03 7.882984e-03 -1.188962e-02
      vertex 7.194923e-03 8.160051e-03 -1.131576e-02
      vertex 7.756187e-03 8.135420e-03 -1.228631e-02
    endloop
  endfacet
  facet normal -2.037348e-01 9.686146e-01 -1.424007e-01
    outer loop
      vertex 7.756187e-03 8.135420e-03 -1.228631e-02
      vertex 7.194923e-03 8.160051e-03 -1.131576e-02
      vertex 8.750018e-03 8.430711e-03 -1.169962e-02
    endloop
  endfacet
  facet normal -2.192653e-01 9.653289e-01 -1.416434e-01
    outer loop
      vertex 8.750018e-03 8.430711e-03 -1.169962e-02
      vertex 8.161951e-03 8.437243e-03 -1.074478e-02
      vertex 8.886555e-03 8.565783e-03 -1.099044e-02
    endloop
  endfacet
  facet normal -2.192636e-01 9.653292e-01 -1.416438e-01
    outer loop
      vertex 8.750018e-03 8.430711e-03 -1.169962e-02
      vertex 8.886555e-03 8.565783e-03 -1.099044e-02
      vertex 9.764648e-03 8.755657e-03 -1.105569e-02
    endloop
  endfacet
  facet normal -2.159843e-01 9.675990e-01 -1.307780e-01
    outer loop
      vertex 8.161951e-03 8.437243e-03 -1.074478e-02
      vertex 9.150065e-03 8.742554e-03 -1.011775e-02
      vertex 8.886555e-03 8.565783e-03 -1.099044e-02
    endloop
  endfacet
  facet normal -2.351411e-01 9.617325e-01 -1.406387e-01
    outer loop
      vertex 9.764648e-03 8.755657e-03 -1.105569e-02
      vertex 9.150065e-03 8.742554e-03 -1.011775e-02
      vertex 1.075769e-02 9.097433e-03 -1.037884e-02
    endloop
  endfacet
  facet normal -2.658680e-01 9.540591e-01 -1.381501e-01
    outer loop
      vertex 1.170545e-02 9.446108e-03 -9.687259e-03
      vertex 1.104280e-02 9.392226e-03 -8.784107e-03
      vertex 1.205793e-02 9.584121e-03 -9.412494e-03
    endloop
  endfacet
  facet normal -2.658689e-01 9.540586e-01 -1.381517e-01
    outer loop
      vertex 1.205793e-02 9.584121e-03 -9.412494e-03
      vertex 1.104280e-02 9.392226e-03 -8.784107e-03
      vertex 1.264540e-02 9.814143e-03 -8.954553e-03
    endloop
  endfacet
  facet normal -2.805111e-01 9.520850e-01 -1.218509e-01
    outer loop
      vertex 1.196067e-02 9.738942e-03 -8.069581e-03
      vertex 1.265955e-02 1.001915e-02 -7.489050e-03
      vertex 1.356080e-02 1.019462e-02 -8.192774e-03
    endloop
  endfacet
  facet normal -2.885312e-01 9.481745e-01 -1.330971e-01
    outer loop
      vertex 1.265955e-02 1.001915e-02 -7.489050e-03
      vertex 1.384290e-02 1.040825e-02 -7.282395e-03
      vertex 1.356080e-02 1.019462e-02 -8.192774e-03
    endloop
  endfacet
  facet normal -1.576773e-02 9.963756e-01 -8.358893e-02
    outer loop
      vertex -5.861746e-03 6.123375e-03 -1.677847e-02
      vertex -4.851448e-03 6.150391e-03 -1.664702e-02
      vertex -4.696589e-03 6.066947e-03 -1.767088e-02
    endloop
  endfacet
  facet normal -5.517745e-02 9.947884e-01 -8.574136e-02
    outer loop
      vertex -3.461156e-03 6.129013e-03 -1.746665e-02
      vertex -2.461956e-03 6.292763e-03 -1.620981e-02
      vertex -2.235026e-03 6.218206e-03 -1.722087e-02
    endloop
  endfacet
  facet normal -9.004467e-02 9.920643e-01 -8.775200e-02
    outer loop
      vertex -1.244735e-03 6.405661e-03 -1.592178e-02
      vertex -7.059807e-05 6.540570e-03 -1.560141e-02
      vertex -2.268031e-04 6.427559e-03 -1.671874e-02
    endloop
  endfacet
  facet normal -1.087987e-01 9.902948e-01 -8.648201e-02
    outer loop
      vertex -7.059807e-05 6.540570e-03 -1.560141e-02
      vertex 1.089450e-03 6.699335e-03 -1.524281e-02
      vertex 1.419455e-03 6.649673e-03 -1.622664e-02
    endloop
  endfacet
  facet normal -1.275537e-01 9.880471e-01 -8.656240e-02
    outer loop
      vertex 1.089450e-03 6.699335e-03 -1.524281e-02
      vertex 2.266140e-03 6.886998e-03 -1.483468e-02
      vertex 2.629287e-03 6.848670e-03 -1.580727e-02
    endloop
  endfacet
  facet normal -1.484942e-01 9.844129e-01 -9.423794e-02
    outer loop
      vertex 2.629287e-03 6.848670e-03 -1.580727e-02
      vertex 2.266140e-03 6.886998e-03 -1.483468e-02
      vertex 3.745547e-03 7.058154e-03 -1.537794e-02
    endloop
  endfacet
  facet normal -1.459075e-01 9.854779e-01 -8.685822e-02
    outer loop
      vertex 2.266140e-03 6.886998e-03 -1.483468e-02
      vertex 3.352358e-03 7.084661e-03 -1.441670e-02
      vertex 3.745547e-03 7.058154e-03 -1.537794e-02
    endloop
  endfacet
  facet normal -1.668052e-01 9.813741e-01 -9.529319e-02
    outer loop
      vertex 3.745547e-03 7.058154e-03 -1.537794e-02
      vertex 3.352358e-03 7.084661e-03 -1.441670e-02
      vertex 4.943281e-03 7.311015e-03 -1.487042e-02
    endloop
  endfacet
  facet normal -1.655017e-01 9.820593e-01 -9.038053e-02
    outer loop
      vertex 3.352358e-03 7.084661e-03 -1.441670e-02
      vertex 4.717914e-03 7.368794e-03 -1.382991e-02
      vertex 4.943281e-03 7.311015e-03 -1.487042e-02
    endloop
  endfacet
  facet normal -1.827466e-01 9.793321e-01 -8.667306e-02
    outer loop
      vertex 4.717914e-03 7.368794e-03 -1.382991e-02
      vertex 5.581007e-03 7.565286e-03 -1.342952e-02
      vertex 6.033234e-03 7.566897e-03 -1.436482e-02
    endloop
  endfacet
  facet normal -2.008585e-01 9.758143e-01 -8.626903e-02
    outer loop
      vertex 5.581007e-03 7.565286e-03 -1.342952e-02
      vertex 6.678043e-03 7.840010e-03 -1.287624e-02
      vertex 7.158123e-03 7.857393e-03 -1.379738e-02
    endloop
  endfacet
  facet normal -2.192465e-01 9.718737e-01 -8.597907e-02
    outer loop
      vertex 6.678043e-03 7.840010e-03 -1.287624e-02
      vertex 7.756187e-03 8.135420e-03 -1.228631e-02
      vertex 8.262920e-03 8.169560e-03 -1.319257e-02
    endloop
  endfacet
  facet normal -2.557116e-01 9.618240e-01 -9.749937e-02
    outer loop
      vertex 9.280607e-03 8.481381e-03 -1.259134e-02
      vertex 8.750018e-03 8.430711e-03 -1.169962e-02
      vertex 1.031880e-02 8.824259e-03 -1.193175e-02
    endloop
  endfacet
  facet normal -2.719143e-01 9.585529e-01 -8.508186e-02
    outer loop
      vertex 9.764648e-03 8.755657e-03 -1.105569e-02
      vertex 1.075769e-02 9.097433e-03 -1.037884e-02
      vertex 1.133404e-02 9.184598e-03 -1.123879e-02
    endloop
  endfacet
  facet normal -2.889631e-01 9.535803e-01 -8.476451e-02
    outer loop
      vertex 1.075769e-02 9.097433e-03 -1.037884e-02
      vertex 1.170545e-02 9.446108e-03 -9.687259e-03
      vertex 1.230219e-02 9.551931e-03 -1.053107e-02
    endloop
  endfacet
  facet normal -3.034062e-01 9.488467e-01 -8.737606e-02
    outer loop
      vertex 1.170545e-02 9.446108e-03 -9.687259e-03
      vertex 1.205793e-02 9.584121e-03 -9.412494e-03
      vertex 1.290186e-02 9.794110e-03 -1.006260e-02
    endloop
  endfacet
  facet normal -3.223242e-01 9.415890e-01 -9.755671e-02
    outer loop
      vertex 1.326165e-02 9.939418e-03 -9.781511e-03
      vertex 1.264540e-02 9.814143e-03 -8.954553e-03
      vertex 1.419542e-02 1.033979e-02 -9.002391e-03
    endloop
  endfacet
  facet normal -1.716210e-01 9.610488e-01 -2.166364e-01
    outer loop
      vertex 1.163147e-02 1.047794e-02 -4.215392e-03
      vertex 1.234156e-02 1.070328e-02 -3.778249e-03
      vertex 1.286051e-02 1.069710e-02 -4.216782e-03
    endloop
  endfacet
  facet normal -2.270019e-02 9.993213e-01 -2.901117e-02
    outer loop
      vertex -4.773029e-03 6.032460e-03 -1.875040e-02
      vertex -5.877604e-03 6.003306e-03 -1.889035e-02
      vertex -5.977873e-03 6.031593e-03 -1.783752e-02
    endloop
  endfacet
  facet normal -3.902463e-02 9.988131e-01 -2.914504e-02
    outer loop
      vertex -3.858072e-03 6.072279e-03 -1.861089e-02
      vertex -4.773029e-03 6.032460e-03 -1.875040e-02
      vertex -4.696589e-03 6.066947e-03 -1.767088e-02
    endloop
  endfacet
  facet normal -7.401369e-02 9.967964e-01 -3.031379e-02
    outer loop
      vertex -2.235026e-03 6.218206e-03 -1.722087e-02
      vertex -1.686746e-03 6.229617e-03 -1.818433e-02
      vertex -2.858997e-03 6.135129e-03 -1.842919e-02
    endloop
  endfacet
  facet normal -9.008535e-02 9.953087e-01 -3.528879e-02
    outer loop
      vertex -9.819188e-04 6.338074e-03 -1.692461e-02
      vertex -1.149963e-03 6.282712e-03 -1.805710e-02
      vertex -1.686746e-03 6.229617e-03 -1.818433e-02
    endloop
  endfacet
  facet normal -1.089019e-01 9.935240e-01 -3.240944e-02
    outer loop
      vertex -2.268031e-04 6.427559e-03 -1.671874e-02
      vertex -1.149963e-03 6.282712e-03 -1.805710e-02
      vertex -9.819188e-04 6.338074e-03 -1.692461e-02
    endloop
  endfacet
  facet normal -1.117049e-01 9.930384e-01 -3.737228e-02
    outer loop
      vertex -2.268031e-04 6.427559e-03 -1.671874e-02
      vertex 4.472587e-04 6.468906e-03 -1.763485e-02
      vertex -4.374925e-04 6.360258e-03 -1.787730e-02
    endloop
  endfacet
  facet normal -1.082469e-01 9.935145e-01 -3.480642e-02
    outer loop
      vertex 4.472587e-04 6.468906e-03 -1.763485e-02
      vertex -2.268031e-04 6.427559e-03 -1.671874e-02
      vertex 2.262663e-04 6.481250e-03 -1.659522e-02
    endloop
  endfacet
  facet normal -1.260919e-01 9.912684e-01 -3.857307e-02
    outer loop
      vertex 9.739418e-04 6.542031e-03 -1.747733e-02
      vertex 4.472587e-04 6.468906e-03 -1.763485e-02
      vertex 2.262663e-04 6.481250e-03 -1.659522e-02
    endloop
  endfacet
  facet normal -1.403595e-01 9.894760e-01 -3.516254e-02
    outer loop
      vertex 1.419455e-03 6.649673e-03 -1.622664e-02
      vertex 2.106572e-03 6.715649e-03 -1.711287e-02
      vertex 9.739418e-04 6.542031e-03 -1.747733e-02
    endloop
  endfacet
  facet normal -1.742551e-01 9.838523e-01 -4.086206e-02
    outer loop
      vertex 3.908474e-03 7.042357e-03 -1.645307e-02
      vertex 3.226573e-03 6.910680e-03 -1.671556e-02
      vertex 3.745547e-03 7.058154e-03 -1.537794e-02
    endloop
  endfacet
  facet normal -1.858048e-01 9.816636e-01 -4.258016e-02
    outer loop
      vertex 4.584862e-03 7.182325e-03 -1.617770e-02
      vertex 3.908474e-03 7.042357e-03 -1.645307e-02
      vertex 3.745547e-03 7.058154e-03 -1.537794e-02
    endloop
  endfacet
  facet normal -2.400321e-01 9.697988e-01 -4.329997e-02
    outer loop
      vertex 7.158123e-03 7.857393e-03 -1.379738e-02
      vertex 7.647592e-03 7.936789e-03 -1.473250e-02
      vertex 6.766086e-03 7.698450e-03 -1.518403e-02
    endloop
  endfacet
  facet normal -2.549663e-01 9.659439e-01 -4.409671e-02
    outer loop
      vertex 8.514016e-03 8.187009e-03 -1.426104e-02
      vertex 7.647592e-03 7.936789e-03 -1.473250e-02
      vertex 8.003388e-03 8.068644e-03 -1.390141e-02
    endloop
  endfacet
  facet normal -2.476878e-01 9.676754e-01 -4.748744e-02
    outer loop
      vertex 7.158123e-03 7.857393e-03 -1.379738e-02
      vertex 8.003388e-03 8.068644e-03 -1.390141e-02
      vertex 7.647592e-03 7.936789e-03 -1.473250e-02
    endloop
  endfacet
  facet normal -2.690954e-01 9.619400e-01 -4.752988e-02
    outer loop
      vertex 9.534484e-03 8.501657e-03 -1.367049e-02
      vertex 8.514016e-03 8.187009e-03 -1.426104e-02
      vertex 8.262920e-03 8.169560e-03 -1.319257e-02
    endloop
  endfacet
  facet normal -2.847035e-01 9.573530e-01 -4.918497e-02
    outer loop
      vertex 1.020119e-02 8.721031e-03 -1.325969e-02
      vertex 9.534484e-03 8.501657e-03 -1.367049e-02
      vertex 1.020246e-02 8.757667e-03 -1.255395e-02
    endloop
  endfacet
  facet normal -2.961838e-01 9.539876e-01 -4.672044e-02
    outer loop
      vertex 1.085762e-02 8.947246e-03 -1.283631e-02
      vertex 1.020246e-02 8.757667e-03 -1.255395e-02
      vertex 1.031880e-02 8.824259e-03 -1.193175e-02
    endloop
  endfacet
  facet normal -3.064310e-01 9.503988e-01 -5.331233e-02
    outer loop
      vertex 1.150371e-02 9.180004e-03 -1.240054e-02
      vertex 1.085762e-02 8.947246e-03 -1.283631e-02
      vertex 1.031880e-02 8.824259e-03 -1.193175e-02
    endloop
  endfacet
  facet normal -3.201098e-01 9.460341e-01 -5.049078e-02
    outer loop
      vertex 1.133404e-02 9.184598e-03 -1.123879e-02
      vertex 1.198047e-02 9.359259e-03 -1.206456e-02
      vertex 1.150371e-02 9.180004e-03 -1.240054e-02
    endloop
  endfacet
  facet normal -3.297403e-01 9.427848e-01 -4.927631e-02
    outer loop
      vertex 1.260831e-02 9.602731e-03 -1.160758e-02
      vertex 1.198047e-02 9.359259e-03 -1.206456e-02
      vertex 1.230219e-02 9.551931e-03 -1.053107e-02
    endloop
  endfacet
  facet normal -3.399515e-01 9.389843e-01 -5.235932e-02
    outer loop
      vertex 1.337931e-02 9.914587e-03 -1.102078e-02
      vertex 1.260831e-02 9.602731e-03 -1.160758e-02
      vertex 1.230219e-02 9.551931e-03 -1.053107e-02
    endloop
  endfacet
  facet normal -3.559649e-01 9.330239e-01 -5.249169e-02
    outer loop
      vertex 1.326165e-02 9.939418e-03 -9.781511e-03
      vertex 1.413179e-02 1.023583e-02 -1.041364e-02
      vertex 1.337931e-02 9.914587e-03 -1.102078e-02
    endloop
  endfacet
  facet normal -3.601555e-01 9.310118e-01 -5.920376e-02
    outer loop
      vertex 1.457689e-02 1.043161e-02 -1.004249e-02
      vertex 1.413179e-02 1.023583e-02 -1.041364e-02
      vertex 1.326165e-02 9.939418e-03 -9.781511e-03
    endloop
  endfacet
  facet normal -3.813959e-01 9.225631e-01 -5.843406e-02
    outer loop
      vertex 1.518155e-02 1.069731e-02 -9.794180e-03
      vertex 1.457689e-02 1.043161e-02 -1.004249e-02
      vertex 1.419542e-02 1.033979e-02 -9.002391e-03
    endloop
  endfacet
  facet normal 4.711615e-02 8.053569e-01 -5.909149e-01
    outer loop
      vertex -7.790230e-03 9.741526e-03 -7.678031e-03
      vertex -6.844920e-03 1.007427e-02 -7.149160e-03
      vertex -7.115161e-03 9.482915e-03 -7.976665e-03
    endloop
  endfacet
  facet normal 1.456797e-01 8.766971e-01 -4.584534e-01
    outer loop
      vertex 3.831076e-03 1.116399e-02 -2.760706e-03
      vertex 4.367317e-03 1.069979e-02 -3.477991e-03
      vertex 2.843950e-03 1.097620e-02 -3.433475e-03
    endloop
  endfacet
  facet normal 9.189990e-02 8.997495e-01 -4.266208e-01
    outer loop
      vertex 6.355921e-03 1.060021e-02 -3.241612e-03
      vertex 5.603946e-03 1.040974e-02 -3.805294e-03
      vertex 4.931639e-03 1.082361e-02 -3.077264e-03
    endloop
  endfacet
  facet normal 4.162512e-02 9.266802e-01 -3.735388e-01
    outer loop
      vertex 6.355921e-03 1.060021e-02 -3.241612e-03
      vertex 7.114212e-03 1.090049e-02 -2.412165e-03
      vertex 7.826739e-03 1.048547e-02 -3.362345e-03
    endloop
  endfacet
  facet normal -1.496170e-02 9.430921e-01 -3.321950e-01
    outer loop
      vertex 8.838163e-03 1.080798e-02 -2.475373e-03
      vertex 9.610026e-03 1.077511e-02 -2.603474e-03
      vertex 9.077054e-03 1.039824e-02 -3.649377e-03
    endloop
  endfacet
  facet normal -7.881740e-02 9.515722e-01 -2.971499e-01
    outer loop
      vertex 1.087026e-02 1.058896e-02 -3.451867e-03
      vertex 1.004694e-02 1.029218e-02 -4.183890e-03
      vertex 1.022062e-02 1.075301e-02 -2.754209e-03
    endloop
  endfacet
  facet normal -1.710696e-01 9.578672e-01 -2.307070e-01
    outer loop
      vertex 1.163147e-02 1.047794e-02 -4.215392e-03
      vertex 1.286051e-02 1.069710e-02 -4.216782e-03
      vertex 1.212390e-02 1.032891e-02 -5.199272e-03
    endloop
  endfacet
  facet normal -2.103676e-01 9.587362e-01 -1.912337e-01
    outer loop
      vertex 1.212390e-02 1.032891e-02 -5.199272e-03
      vertex 1.332533e-02 1.069298e-02 -4.695683e-03
      vertex 1.308234e-02 1.042835e-02 -5.755065e-03
    endloop
  endfacet
  facet normal 1.168922e-03 9.803626e-01 -1.972000e-01
    outer loop
      vertex -5.996210e-03 6.278480e-03 -1.567610e-02
      vertex -7.126162e-03 6.358536e-03 -1.528481e-02
      vertex -6.545668e-03 6.471180e-03 -1.472137e-02
    endloop
  endfacet
  facet normal -1.444660e-03 9.902207e-01 -1.395021e-01
    outer loop
      vertex -7.058027e-03 6.222096e-03 -1.606533e-02
      vertex -5.996210e-03 6.278480e-03 -1.567610e-02
      vertex -5.861746e-03 6.123375e-03 -1.677847e-02
    endloop
  endfacet
  facet normal -3.086940e-01 9.428326e-01 -1.255977e-01
    outer loop
      vertex 1.376434e-02 1.048410e-02 -6.519983e-03
      vertex 1.475559e-02 1.069345e-02 -7.384724e-03
      vertex 1.384290e-02 1.040825e-02 -7.282395e-03
    endloop
  endfacet
  facet normal -3.086939e-01 9.428329e-01 -1.255958e-01
    outer loop
      vertex 1.384290e-02 1.040825e-02 -7.282395e-03
      vertex 1.475559e-02 1.069345e-02 -7.384724e-03
      vertex 1.356080e-02 1.019462e-02 -8.192774e-03
    endloop
  endfacet
  facet normal -8.621300e-03 9.963095e-01 -8.539925e-02
    outer loop
      vertex -6.943124e-03 6.062317e-03 -1.738164e-02
      vertex -5.861746e-03 6.123375e-03 -1.677847e-02
      vertex -5.977873e-03 6.031593e-03 -1.783752e-02
    endloop
  endfacet
  facet normal -2.363796e-02 9.992629e-01 -3.024892e-02
    outer loop
      vertex -4.696589e-03 6.066947e-03 -1.767088e-02
      vertex -4.773029e-03 6.032460e-03 -1.875040e-02
      vertex -5.977873e-03 6.031593e-03 -1.783752e-02
    endloop
  endfacet
  facet normal -4.452926e-02 9.984274e-01 -3.405752e-02
    outer loop
      vertex -3.858072e-03 6.072279e-03 -1.861089e-02
      vertex -4.696589e-03 6.066947e-03 -1.767088e-02
      vertex -3.461156e-03 6.129013e-03 -1.746665e-02
    endloop
  endfacet
  facet normal -8.639577e-02 9.955596e-01 -3.737477e-02
    outer loop
      vertex -1.686746e-03 6.229617e-03 -1.818433e-02
      vertex -2.235026e-03 6.218206e-03 -1.722087e-02
      vertex -9.819188e-04 6.338074e-03 -1.692461e-02
    endloop
  endfacet
  facet normal -1.681457e-01 9.848090e-01 -4.333788e-02
    outer loop
      vertex 3.226573e-03 6.910680e-03 -1.671556e-02
      vertex 2.629287e-03 6.848670e-03 -1.580727e-02
      vertex 3.745547e-03 7.058154e-03 -1.537794e-02
    endloop
  endfacet
  facet normal -1.880538e-01 9.811262e-01 -4.502388e-02
    outer loop
      vertex 4.584862e-03 7.182325e-03 -1.617770e-02
      vertex 3.745547e-03 7.058154e-03 -1.537794e-02
      vertex 4.943281e-03 7.311015e-03 -1.487042e-02
    endloop
  endfacet
  facet normal -2.082456e-01 9.770160e-01 -4.553605e-02
    outer loop
      vertex 5.321807e-03 7.345559e-03 -1.586033e-02
      vertex 4.943281e-03 7.311015e-03 -1.487042e-02
      vertex 6.033234e-03 7.566897e-03 -1.436482e-02
    endloop
  endfacet
  facet normal -2.476472e-01 9.677048e-01 -4.709861e-02
    outer loop
      vertex 8.003388e-03 8.068644e-03 -1.390141e-02
      vertex 7.158123e-03 7.857393e-03 -1.379738e-02
      vertex 8.262920e-03 8.169560e-03 -1.319257e-02
    endloop
  endfacet
  facet normal -2.682481e-01 9.622970e-01 -4.502724e-02
    outer loop
      vertex 9.534484e-03 8.501657e-03 -1.367049e-02
      vertex 8.262920e-03 8.169560e-03 -1.319257e-02
      vertex 9.280607e-03 8.481381e-03 -1.259134e-02
    endloop
  endfacet
  facet normal -2.849118e-01 9.572912e-01 -4.918174e-02
    outer loop
      vertex 1.020246e-02 8.757667e-03 -1.255395e-02
      vertex 9.280607e-03 8.481381e-03 -1.259134e-02
      vertex 1.031880e-02 8.824259e-03 -1.193175e-02
    endloop
  endfacet
  facet normal -3.046813e-01 9.512310e-01 -4.825811e-02
    outer loop
      vertex 1.150371e-02 9.180004e-03 -1.240054e-02
      vertex 1.031880e-02 8.824259e-03 -1.193175e-02
      vertex 1.133404e-02 9.184598e-03 -1.123879e-02
    endloop
  endfacet
  facet normal -3.211914e-01 9.456170e-01 -5.142571e-02
    outer loop
      vertex 1.198047e-02 9.359259e-03 -1.206456e-02
      vertex 1.133404e-02 9.184598e-03 -1.123879e-02
      vertex 1.230219e-02 9.551931e-03 -1.053107e-02
    endloop
  endfacet
  facet normal -3.394414e-01 9.392410e-01 -5.104720e-02
    outer loop
      vertex 1.337931e-02 9.914587e-03 -1.102078e-02
      vertex 1.230219e-02 9.551931e-03 -1.053107e-02
      vertex 1.290186e-02 9.794110e-03 -1.006260e-02
    endloop
  endfacet
  facet normal -3.586159e-01 9.321862e-01 -4.922963e-02
    outer loop
      vertex 1.457689e-02 1.043161e-02 -1.004249e-02
      vertex 1.326165e-02 9.939418e-03 -9.781511e-03
      vertex 1.419542e-02 1.033979e-02 -9.002391e-03
    endloop
  endfacet
  facet normal 9.257329e-02 9.013848e-01 -4.230079e-01
    outer loop
      vertex 4.931639e-03 1.082361e-02 -3.077264e-03
      vertex 5.184142e-03 1.103981e-02 -2.561300e-03
      vertex 6.355921e-03 1.060021e-02 -3.241612e-03
    endloop
  endfacet
  facet normal 1.840247e-01 8.300562e-01 -5.264423e-01
    outer loop
      vertex 8.364862e-04 1.130903e-02 -3.614499e-03
      vertex 1.265233e-03 1.144951e-02 -3.243126e-03
      vertex 2.133601e-03 1.085385e-02 -3.878765e-03
    endloop
  endfacet
  facet normal -1.849860e-02 9.998254e-01 -2.630137e-03
    outer loop
      vertex 1.667740e-02 1.071273e-02 -1.344918e-02
      vertex 1.623093e-02 1.070742e-02 -1.232649e-02
      vertex 1.688328e-02 1.072168e-02 -1.149411e-02
    endloop
  endfacet
  facet normal 1.431722e-01 9.896041e-01 1.362122e-02
    outer loop
      vertex -5.000890e-04 1.166245e-02 -2.185859e-03
      vertex -1.213242e-03 1.178688e-02 -3.730228e-03
      vertex -1.498957e-03 1.181499e-02 -2.769506e-03
    endloop
  endfacet
  facet normal 1.137934e-01 9.934297e-01 1.218994e-02
    outer loop
      vertex 2.192821e-03 1.132701e-02 -2.090272e-03
      vertex 2.120753e-03 1.134732e-02 -3.073272e-03
      vertex 1.484548e-03 1.140884e-02 -2.147256e-03
    endloop
  endfacet
  facet normal 1.214939e-01 9.925132e-01 1.252274e-02
    outer loop
      vertex 1.484548e-03 1.140884e-02 -2.147256e-03
      vertex 1.265233e-03 1.144951e-02 -3.243126e-03
      vertex 6.476690e-04 1.151277e-02 -2.265476e-03
    endloop
  endfacet
  facet normal 1.739165e-01 9.846385e-01 1.549581e-02
    outer loop
      vertex -3.716921e-03 1.213127e-02 -6.033300e-04
      vertex -4.245472e-03 1.223864e-02 -1.493660e-03
      vertex -5.022706e-03 1.236554e-02 -8.341453e-04
    endloop
  endfacet
  facet normal -2.326292e-05 1.000000e+00 1.030405e-05
    outer loop
      vertex -2.240670e-02 9.804278e-03 -1.137662e-02
      vertex -2.236964e-02 9.804289e-03 -1.231104e-02
      vertex -2.370108e-02 9.804258e-03 -1.235525e-02
    endloop
  endfacet
  facet normal -6.682614e-02 9.977519e-01 -5.050551e-03
    outer loop
      vertex -2.231516e-03 6.102115e-03 -3.024539e-02
      vertex -2.113795e-03 6.116322e-03 -2.899631e-02
      vertex -1.089371e-03 6.177607e-03 -3.044388e-02
    endloop
  endfacet
  facet normal -8.469651e-02 9.963626e-01 -9.383389e-03
    outer loop
      vertex -1.089371e-03 6.177607e-03 -3.044388e-02
      vertex -1.400979e-03 6.169703e-03 -2.847047e-02
      vertex -2.544262e-04 6.255244e-03 -2.973647e-02
    endloop
  endfacet
  facet normal -8.698560e-02 9.961464e-01 -1.122070e-02
    outer loop
      vertex -3.133972e-04 6.285313e-03 -2.621408e-02
      vertex -5.668385e-04 6.240168e-03 -2.825720e-02
      vertex -1.253766e-03 6.189784e-03 -2.740490e-02
    endloop
  endfacet
  facet normal -1.753764e-01 9.842884e-01 -2.048008e-02
    outer loop
      vertex 4.381642e-03 6.878714e-03 -2.881958e-02
      vertex 4.373198e-03 6.908911e-03 -2.729595e-02
      vertex 5.339446e-03 7.061263e-03 -2.824804e-02
    endloop
  endfacet
  facet normal -1.937587e-01 9.807828e-01 -2.285973e-02
    outer loop
      vertex 5.339446e-03 7.061263e-03 -2.824804e-02
      vertex 5.551575e-03 7.138875e-03 -2.671613e-02
      vertex 6.431181e-03 7.284408e-03 -2.792767e-02
    endloop
  endfacet
  facet normal -3.101801e-01 9.493944e-01 -4.938297e-02
    outer loop
      vertex 1.352913e-02 9.312325e-03 -2.498354e-02
      vertex 1.367101e-02 9.300260e-03 -2.610663e-02
      vertex 1.299206e-02 9.125248e-03 -2.520672e-02
    endloop
  endfacet
  facet normal -3.781146e-01 9.247475e-01 -4.326009e-02
    outer loop
      vertex 1.554146e-02 1.069745e-02 -1.319504e-02
      vertex 1.448889e-02 1.030563e-02 -1.237067e-02
      vertex 1.468288e-02 1.042825e-02 -1.144513e-02
    endloop
  endfacet
  facet normal -2.238331e-01 9.743953e-01 -2.127372e-02
    outer loop
      vertex 6.228198e-03 7.562886e-03 -1.544279e-02
      vertex 5.826375e-03 7.438166e-03 -1.692751e-02
      vertex 5.321807e-03 7.345559e-03 -1.586033e-02
    endloop
  endfacet
  facet normal -1.879956e-03 9.999939e-01 2.954367e-03
    outer loop
      vertex -5.617898e-03 5.998929e-03 -2.503047e-02
      vertex -6.828750e-03 5.998375e-03 -2.561359e-02
      vertex -6.436160e-03 5.995518e-03 -2.439650e-02
    endloop
  endfacet
  facet normal -2.370859e-02 9.997104e-01 -4.129145e-03
    outer loop
      vertex -4.632308e-03 6.023575e-03 -2.338201e-02
      vertex -5.020649e-03 6.011018e-03 -2.419244e-02
      vertex -5.648293e-03 6.000701e-03 -2.308647e-02
    endloop
  endfacet
  facet normal -2.510421e-01 9.676637e-01 -2.459396e-02
    outer loop
      vertex 7.090036e-03 7.746745e-03 -1.659055e-02
      vertex 6.766086e-03 7.698450e-03 -1.518403e-02
      vertex 7.755351e-03 7.924329e-03 -1.639457e-02
    endloop
  endfacet
  facet normal -3.551188e-01 9.339112e-01 -4.123685e-02
    outer loop
      vertex 1.549074e-02 1.043574e-02 -1.792722e-02
      vertex 1.539267e-02 1.045137e-02 -1.672872e-02
      vertex 1.619476e-02 1.069879e-02 -1.803249e-02
    endloop
  endfacet
  facet normal -3.325813e-01 9.426252e-01 -2.910887e-02
    outer loop
      vertex 1.168546e-02 9.206356e-03 -1.362380e-02
      vertex 1.150371e-02 9.180004e-03 -1.240054e-02
      vertex 1.237315e-02 9.466605e-03 -1.305338e-02
    endloop
  endfacet
  facet normal -3.439078e-01 9.383619e-01 -3.470357e-02
    outer loop
      vertex 1.237315e-02 9.466605e-03 -1.305338e-02
      vertex 1.198047e-02 9.359259e-03 -1.206456e-02
      vertex 1.312793e-02 9.749784e-03 -1.287618e-02
    endloop
  endfacet
  facet normal 3.167934e-01 9.480836e-01 2.791849e-02
    outer loop
      vertex -2.408902e-02 8.878409e-03 -2.706586e-02
      vertex -2.382623e-02 8.842712e-03 -2.883560e-02
      vertex -2.466210e-02 9.088966e-03 -2.771344e-02
    endloop
  endfacet
  facet normal 6.143690e-02 9.980993e-01 4.830729e-03
    outer loop
      vertex -8.549316e-03 6.081084e-03 -3.494446e-02
      vertex -9.004382e-03 6.119016e-03 -3.699415e-02
      vertex -9.339985e-03 6.130613e-03 -3.512212e-02
    endloop
  endfacet
  facet normal -2.437659e-02 9.996980e-01 -3.121000e-03
    outer loop
      vertex 1.692856e-02 1.073976e-02 -5.295074e-03
      vertex 1.667828e-02 1.072725e-02 -7.349888e-03
      vertex 1.606548e-02 1.071615e-02 -6.118413e-03
    endloop
  endfacet
  facet normal -2.430856e-02 9.997028e-01 -1.838480e-03
    outer loop
      vertex 1.576612e-02 1.071253e-02 -5.023781e-03
      vertex 1.583310e-02 1.071720e-02 -3.369405e-03
      vertex 1.673021e-02 1.073795e-02 -3.948380e-03
    endloop
  endfacet
  facet normal -2.473037e-02 9.996911e-01 -2.492482e-03
    outer loop
      vertex 1.673021e-02 1.073795e-02 -3.948380e-03
      vertex 1.583310e-02 1.071720e-02 -3.369405e-03
      vertex 1.641125e-02 1.073421e-02 -2.285823e-03
    endloop
  endfacet
  facet normal -1.590271e-02 9.998735e-01 -2.239941e-04
    outer loop
      vertex 1.583310e-02 1.071720e-02 -3.369405e-03
      vertex 1.479655e-02 1.070076e-02 -3.191421e-03
      vertex 1.529424e-02 1.070890e-02 -2.195635e-03
    endloop
  endfacet
  facet normal -1.478042e-02 9.998784e-01 -4.979866e-03
    outer loop
      vertex 1.667828e-02 1.072725e-02 -7.349888e-03
      vertex 1.583227e-02 1.070658e-02 -8.987576e-03
      vertex 1.505151e-02 1.069663e-02 -8.668571e-03
    endloop
  endfacet
  facet normal 4.555586e-03 9.999896e-01 -2.111241e-04
    outer loop
      vertex 1.268977e-02 1.069766e-02 -1.196851e-03
      vertex 1.226024e-02 1.069997e-02 4.888492e-04
      vertex 1.339070e-02 1.069460e-02 -5.811550e-04
    endloop
  endfacet
  facet normal 1.256040e-01 9.919969e-01 1.287608e-02
    outer loop
      vertex 6.988893e-05 1.156254e-02 -5.397263e-04
      vertex -3.608200e-05 1.156142e-02 5.804064e-04
      vertex 8.359290e-04 1.146918e-02 -8.196945e-04
    endloop
  endfacet
  facet normal 1.328557e-01 9.910426e-01 1.356118e-02
    outer loop
      vertex -3.523802e-04 1.162668e-02 -1.090049e-03
      vertex -3.608200e-05 1.156142e-02 5.804064e-04
      vertex 6.988893e-05 1.156254e-02 -5.397263e-04
    endloop
  endfacet
  facet normal 1.843931e-01 9.826531e-01 1.980273e-02
    outer loop
      vertex -6.089861e-03 1.257959e-02 -1.518628e-03
      vertex -6.117637e-03 1.255924e-02 -2.504460e-04
      vertex -5.022706e-03 1.236554e-02 -8.341453e-04
    endloop
  endfacet
  facet normal 2.054636e-01 9.784263e-01 2.160116e-02
    outer loop
      vertex -8.122490e-03 1.300522e-02 -1.920434e-03
      vertex -7.268600e-03 1.279286e-02 -4.233149e-04
      vertex -6.971483e-03 1.276463e-02 -1.970736e-03
    endloop
  endfacet
  facet normal 2.066287e-01 9.781961e-01 2.090396e-02
    outer loop
      vertex -8.560465e-03 1.306062e-02 -1.834878e-04
      vertex -7.268600e-03 1.279286e-02 -4.233149e-04
      vertex -8.122490e-03 1.300522e-02 -1.920434e-03
    endloop
  endfacet
  facet normal 2.150097e-01 9.763392e-01 2.307645e-02
    outer loop
      vertex -9.040403e-03 1.320422e-02 -1.787346e-03
      vertex -8.560465e-03 1.306062e-02 -1.834878e-04
      vertex -8.122490e-03 1.300522e-02 -1.920434e-03
    endloop
  endfacet
  facet normal 2.188959e-01 9.754549e-01 2.392236e-02
    outer loop
      vertex -8.560465e-03 1.306062e-02 -1.834878e-04
      vertex -9.722305e-03 1.334939e-02 -1.327139e-03
      vertex -9.596684e-03 1.326437e-02 9.902415e-04
    endloop
  endfacet
  facet normal 2.287790e-01 9.731726e-01 2.439691e-02
    outer loop
      vertex -1.024377e-02 1.342134e-02 6.929840e-04
      vertex -9.722305e-03 1.334939e-02 -1.327139e-03
      vertex -1.043019e-02 1.351061e-02 -1.119888e-03
    endloop
  endfacet
  facet normal 2.534098e-01 9.669862e-01 2.685446e-02
    outer loop
      vertex -1.283221e-02 1.415394e-02 -2.477044e-03
      vertex -1.284675e-02 1.411146e-02 -8.103684e-04
      vertex -1.217482e-02 1.396498e-02 -1.876345e-03
    endloop
  endfacet
  facet normal 2.694424e-01 9.626137e-01 2.785209e-02
    outer loop
      vertex -1.461079e-02 1.460213e-02 -1.047548e-03
      vertex -1.382753e-02 1.435487e-02 -7.915263e-05
      vertex -1.385058e-02 1.440694e-02 -1.655935e-03
    endloop
  endfacet
  facet normal 2.829894e-01 9.586979e-01 2.855545e-02
    outer loop
      vertex -1.614687e-02 1.509752e-02 -2.499323e-03
      vertex -1.646367e-02 1.514837e-02 -1.066863e-03
      vertex -1.485398e-02 1.471624e-02 -2.511364e-03
    endloop
  endfacet
  facet normal -1.286896e-02 9.999161e-01 -1.487356e-03
    outer loop
      vertex 1.642933e-02 1.070513e-02 -1.580493e-02
      vertex 1.619476e-02 1.069879e-02 -1.803249e-02
      vertex 1.597446e-02 1.069822e-02 -1.650986e-02
    endloop
  endfacet
  facet normal -2.670018e-02 9.996376e-01 -3.442143e-03
    outer loop
      vertex 1.708240e-02 1.073096e-02 -9.603151e-03
      vertex 1.677785e-02 1.072579e-02 -8.741884e-03
      vertex 1.723428e-02 1.073998e-02 -8.160920e-03
    endloop
  endfacet
  facet normal 2.935521e-01 9.554614e-01 3.034234e-02
    outer loop
      vertex -1.695735e-02 1.539056e-02 -3.885717e-03
      vertex -1.714829e-02 1.539131e-02 -2.061955e-03
      vertex -1.614687e-02 1.509752e-02 -2.499323e-03
    endloop
  endfacet
  facet normal 1.692796e-01 9.854038e-01 1.799495e-02
    outer loop
      vertex -4.098653e-03 1.225245e-02 -3.659696e-03
      vertex -4.082222e-03 1.223005e-02 -2.587856e-03
      vertex -3.144317e-03 1.209554e-02 -4.044643e-03
    endloop
  endfacet
  facet normal 1.592274e-01 9.870894e-01 1.735175e-02
    outer loop
      vertex -3.266249e-03 1.207963e-02 -1.972400e-03
      vertex -2.573147e-03 1.195374e-02 -1.171065e-03
      vertex -2.223729e-03 1.192158e-02 -2.547956e-03
    endloop
  endfacet
  facet normal 1.504607e-01 9.884759e-01 1.664109e-02
    outer loop
      vertex -2.288129e-03 1.195440e-02 -3.914881e-03
      vertex -2.223729e-03 1.192158e-02 -2.547956e-03
      vertex -1.498957e-03 1.181499e-02 -2.769506e-03
    endloop
  endfacet
  facet normal -1.342271e-02 9.999083e-01 -1.813125e-03
    outer loop
      vertex 1.642933e-02 1.070513e-02 -1.580493e-02
      vertex 1.573622e-02 1.069773e-02 -1.475400e-02
      vertex 1.667740e-02 1.071273e-02 -1.344918e-02
    endloop
  endfacet
  facet normal -1.273175e-02 9.999180e-01 -1.374336e-03
    outer loop
      vertex 1.536570e-02 1.069731e-02 -1.166741e-02
      vertex 1.623093e-02 1.070742e-02 -1.232649e-02
      vertex 1.554146e-02 1.069745e-02 -1.319504e-02
    endloop
  endfacet
  facet normal 2.591406e-02 9.996611e-01 2.486731e-03
    outer loop
      vertex 1.120539e-02 1.071653e-02 4.455058e-05
      vertex 1.084618e-02 1.073057e-02 -1.858181e-03
      vertex 1.026246e-02 1.074179e-02 -2.837436e-04
    endloop
  endfacet
  facet normal 6.828600e-02 9.976235e-01 9.189356e-03
    outer loop
      vertex 6.799479e-03 1.090564e-02 -4.322864e-04
      vertex 6.995877e-03 1.089981e-02 -1.259539e-03
      vertex 5.911538e-03 1.096777e-02 -5.791206e-04
    endloop
  endfacet
  facet normal 1.073211e-01 9.941563e-01 1.163509e-02
    outer loop
      vertex 2.980161e-03 1.122382e-02 -5.356445e-04
      vertex 2.192821e-03 1.132701e-02 -2.090272e-03
      vertex 1.916433e-03 1.134402e-02 -9.943636e-04
    endloop
  endfacet
  facet normal 1.169791e-01 9.930617e-01 1.201077e-02
    outer loop
      vertex 1.916433e-03 1.134402e-02 -9.943636e-04
      vertex 1.484548e-03 1.140884e-02 -2.147256e-03
      vertex 8.359290e-04 1.146918e-02 -8.196945e-04
    endloop
  endfacet
  facet normal 1.284341e-01 9.916306e-01 1.317071e-02
    outer loop
      vertex 8.359290e-04 1.146918e-02 -8.196945e-04
      vertex 6.476690e-04 1.151277e-02 -2.265476e-03
      vertex -3.523802e-04 1.162668e-02 -1.090049e-03
    endloop
  endfacet
  facet normal 1.508103e-01 9.884461e-01 1.518404e-02
    outer loop
      vertex -2.223729e-03 1.192158e-02 -2.547956e-03
      vertex -2.573147e-03 1.195374e-02 -1.171065e-03
      vertex -1.573343e-03 1.180332e-02 -1.309339e-03
    endloop
  endfacet
  facet normal 2.941128e-01 9.552722e-01 3.086641e-02
    outer loop
      vertex -1.646367e-02 1.514837e-02 -1.066863e-03
      vertex -1.714829e-02 1.539131e-02 -2.061955e-03
      vertex -1.736361e-02 1.539128e-02 -9.401426e-06
    endloop
  endfacet
  facet normal -7.032655e-01 7.070900e-01 -7.376580e-02
    outer loop
      vertex -2.829062e-02 8.843561e-03 -1.746167e-02
      vertex -2.739653e-02 9.804214e-03 -1.677727e-02
      vertex -2.731963e-02 9.804225e-03 -1.751034e-02
    endloop
  endfacet
  facet normal -7.032657e-01 7.070899e-01 -7.376504e-02
    outer loop
      vertex -2.814675e-02 8.697944e-03 -2.022917e-02
      vertex -2.755510e-02 9.130274e-03 -2.172571e-02
      vertex -2.857825e-02 8.141779e-03 -2.144655e-02
    endloop
  endfacet
  facet normal -7.032651e-01 7.070903e-01 -7.376599e-02
    outer loop
      vertex -2.888678e-02 8.016295e-03 -1.970789e-02
      vertex -2.962649e-02 7.264194e-03 -1.986509e-02
      vertex -2.925383e-02 7.867397e-03 -1.763586e-02
    endloop
  endfacet
  facet normal -7.032645e-01 7.070910e-01 -7.376596e-02
    outer loop
      vertex -2.755510e-02 9.130274e-03 -2.172571e-02
      vertex -2.694528e-02 9.726082e-03 -2.182833e-02
      vertex -2.722404e-02 9.309696e-03 -2.316203e-02
    endloop
  endfacet
  facet normal -7.032639e-01 7.070915e-01 -7.376623e-02
    outer loop
      vertex -2.722404e-02 9.309696e-03 -2.316203e-02
      vertex -2.694528e-02 9.726082e-03 -2.182833e-02
      vertex -2.668040e-02 9.713346e-03 -2.447573e-02
    endloop
  endfacet
  facet normal -7.032696e-01 7.070854e-01 -7.377023e-02
    outer loop
      vertex -2.798612e-02 9.804136e-03 -1.115709e-02
      vertex -2.785794e-02 9.804156e-03 -1.237887e-02
      vertex -2.841083e-02 9.371940e-03 -1.125086e-02
    endloop
  endfacet
  facet normal -7.033664e-01 7.069973e-01 -7.369238e-02
    outer loop
      vertex -2.939175e-02 7.264100e-03 -2.210231e-02
      vertex -2.857825e-02 8.141779e-03 -2.144655e-02
      vertex -2.911799e-02 7.431600e-03 -2.310825e-02
    endloop
  endfacet
  facet normal -7.032651e-01 7.070903e-01 -7.376695e-02
    outer loop
      vertex -2.880472e-02 7.641110e-03 -2.408660e-02
      vertex -2.911799e-02 7.431600e-03 -2.310825e-02
      vertex -2.816522e-02 8.332840e-03 -2.355282e-02
    endloop
  endfacet
  facet normal -2.335270e-05 1.000000e+00 1.233039e-05
    outer loop
      vertex -2.471147e-02 9.804206e-03 -9.900816e-03
      vertex -2.340446e-02 9.804243e-03 -1.044185e-02
      vertex -2.397653e-02 9.804237e-03 -1.106124e-02
    endloop
  endfacet
  facet normal -2.395389e-05 1.000000e+00 1.106128e-05
    outer loop
      vertex -2.659136e-02 9.804169e-03 -1.062201e-02
      vertex -2.515746e-02 9.804211e-03 -1.131036e-02
      vertex -2.601617e-02 9.804193e-03 -1.153183e-02
    endloop
  endfacet
  facet normal -2.563633e-05 1.000000e+00 1.104907e-05
    outer loop
      vertex -2.681245e-02 9.804189e-03 -1.303412e-02
      vertex -2.691494e-02 9.804176e-03 -1.214986e-02
      vertex -2.601617e-02 9.804193e-03 -1.153183e-02
    endloop
  endfacet
  facet normal -4.649099e-03 9.999891e-01 5.087321e-04
    outer loop
      vertex -5.471350e-03 5.996197e-03 -3.678475e-02
      vertex -4.746137e-03 5.998921e-03 -3.551208e-02
      vertex -4.426594e-03 6.001063e-03 -3.680224e-02
    endloop
  endfacet
  facet normal -4.779094e-02 9.988541e-01 -2.542108e-03
    outer loop
      vertex -3.036891e-03 6.034821e-03 -3.653852e-02
      vertex -2.881195e-03 6.045620e-03 -3.522223e-02
      vertex -1.750444e-03 6.098981e-03 -3.551326e-02
    endloop
  endfacet
  facet normal -5.770953e-02 9.983269e-01 -3.594785e-03
    outer loop
      vertex -3.264637e-03 6.073277e-03 -2.507137e-02
      vertex -2.973504e-03 6.094464e-03 -2.386109e-02
      vertex -2.306671e-03 6.127089e-03 -2.550596e-02
    endloop
  endfacet
  facet normal -5.291545e-02 9.985873e-01 -4.833218e-03
    outer loop
      vertex -3.612510e-03 6.062382e-03 -2.349363e-02
      vertex -3.215599e-03 6.089853e-03 -2.216325e-02
      vertex -2.973504e-03 6.094464e-03 -2.386109e-02
    endloop
  endfacet
  facet normal -7.478028e-02 9.971616e-01 -8.752280e-03
    outer loop
      vertex -1.269524e-03 6.213078e-03 -2.457047e-02
      vertex -1.311108e-03 6.196260e-03 -2.613128e-02
      vertex -2.306671e-03 6.127089e-03 -2.550596e-02
    endloop
  endfacet
  facet normal -8.964868e-02 9.959319e-01 -9.100518e-03
    outer loop
      vertex -1.253766e-03 6.189784e-03 -2.740490e-02
      vertex -1.311108e-03 6.196260e-03 -2.613128e-02
      vertex -3.133972e-04 6.285313e-03 -2.621408e-02
    endloop
  endfacet
  facet normal -7.937574e-02 9.968049e-01 -8.909804e-03
    outer loop
      vertex -4.487939e-06 6.232003e-03 -3.432369e-02
      vertex -5.231259e-04 6.174984e-03 -3.608235e-02
      vertex -9.038711e-04 6.162448e-03 -3.409286e-02
    endloop
  endfacet
  facet normal -9.435814e-02 9.954760e-01 -1.114070e-02
    outer loop
      vertex -2.269479e-04 6.316502e-03 -2.415934e-02
      vertex -3.133972e-04 6.285313e-03 -2.621408e-02
      vertex -1.269524e-03 6.213078e-03 -2.457047e-02
    endloop
  endfacet
  facet normal -9.908961e-02 9.950333e-01 -9.482657e-03
    outer loop
      vertex -9.879056e-04 6.251043e-03 -2.311039e-02
      vertex -9.748151e-04 6.264972e-03 -2.178564e-02
      vertex -3.520476e-04 6.316520e-03 -2.288426e-02
    endloop
  endfacet
  facet normal -1.137266e-01 9.934524e-01 -1.089020e-02
    outer loop
      vertex 1.349726e-03 6.344313e-03 -3.591314e-02
      vertex 1.777903e-03 6.408617e-03 -3.451852e-02
      vertex 2.506987e-03 6.479652e-03 -3.565220e-02
    endloop
  endfacet
  facet normal -1.078658e-01 9.940784e-01 -1.315403e-02
    outer loop
      vertex 1.443552e-03 6.402216e-03 -3.212402e-02
      vertex 1.194649e-03 6.359532e-03 -3.330872e-02
      vertex 6.385038e-04 6.315843e-03 -3.204990e-02
    endloop
  endfacet
  facet normal -1.005089e-01 9.948871e-01 -9.875703e-03
    outer loop
      vertex 6.385038e-04 6.315843e-03 -3.204990e-02
      vertex 1.194649e-03 6.359532e-03 -3.330872e-02
      vertex 4.045374e-04 6.280039e-03 -3.327564e-02
    endloop
  endfacet
  facet normal -1.323983e-01 9.911048e-01 -1.349161e-02
    outer loop
      vertex 2.506987e-03 6.479652e-03 -3.565220e-02
      vertex 2.742923e-03 6.526808e-03 -3.450342e-02
      vertex 3.947789e-03 6.674095e-03 -3.550742e-02
    endloop
  endfacet
  facet normal -1.433512e-01 9.895292e-01 -1.680489e-02
    outer loop
      vertex 1.975902e-03 6.562333e-03 -2.576958e-02
      vertex 2.729709e-03 6.681373e-03 -2.519032e-02
      vertex 2.882066e-03 6.674060e-03 -2.692061e-02
    endloop
  endfacet
  facet normal -1.360123e-01 9.905687e-01 -1.656507e-02
    outer loop
      vertex 2.182493e-03 6.619669e-03 -2.403723e-02
      vertex 1.975902e-03 6.562333e-03 -2.576958e-02
      vertex 1.202369e-03 6.484612e-03 -2.406591e-02
    endloop
  endfacet
  facet normal -1.565048e-01 9.874202e-01 -2.253110e-02
    outer loop
      vertex 4.960415e-03 6.867339e-03 -3.376926e-02
      vertex 4.411056e-03 6.765616e-03 -3.441131e-02
      vertex 3.754521e-03 6.688383e-03 -3.323562e-02
    endloop
  endfacet
  facet normal -1.503808e-01 9.884857e-01 -1.678170e-02
    outer loop
      vertex 2.182493e-03 6.619669e-03 -2.403723e-02
      vertex 1.976860e-03 6.616167e-03 -2.240084e-02
      vertex 2.865245e-03 6.732689e-03 -2.349820e-02
    endloop
  endfacet
  facet normal -1.884393e-01 9.817284e-01 -2.645768e-02
    outer loop
      vertex 6.983964e-03 7.278408e-03 -3.218018e-02
      vertex 7.098081e-03 7.258164e-03 -3.374408e-02
      vertex 6.153724e-03 7.072643e-03 -3.390197e-02
    endloop
  endfacet
  facet normal -1.801674e-01 9.834330e-01 -1.998316e-02
    outer loop
      vertex 4.690783e-03 7.064983e-03 -2.285133e-02
      vertex 5.157496e-03 7.114109e-03 -2.464160e-02
      vertex 3.859772e-03 6.906514e-03 -2.315773e-02
    endloop
  endfacet
  facet normal -1.856797e-01 9.823371e-01 -2.317105e-02
    outer loop
      vertex 4.580094e-03 6.976441e-03 -2.585102e-02
      vertex 4.350765e-03 6.969385e-03 -2.431246e-02
      vertex 5.157496e-03 7.114109e-03 -2.464160e-02
    endloop
  endfacet
  facet normal -1.703517e-01 9.851881e-01 -1.961246e-02
    outer loop
      vertex 2.929688e-03 6.765915e-03 -2.223143e-02
      vertex 2.630137e-03 6.741070e-03 -2.087760e-02
      vertex 4.024604e-03 6.965369e-03 -2.172263e-02
    endloop
  endfacet
  facet normal -1.731453e-01 9.847594e-01 -1.642280e-02
    outer loop
      vertex 3.622874e-03 6.940230e-03 -1.920928e-02
      vertex 3.909989e-03 6.969244e-03 -2.049659e-02
      vertex 2.905218e-03 6.809861e-03 -1.946036e-02
    endloop
  endfacet
  facet normal -2.004192e-01 9.793501e-01 -2.656289e-02
    outer loop
      vertex 6.377758e-03 7.192225e-03 -3.091419e-02
      vertex 6.106993e-03 7.186893e-03 -2.906781e-02
      vertex 7.209834e-03 7.383168e-03 -3.015238e-02
    endloop
  endfacet
  facet normal -1.939691e-01 9.807182e-01 -2.382791e-02
    outer loop
      vertex 5.311769e-03 7.198939e-03 -2.239302e-02
      vertex 5.642689e-03 7.223098e-03 -2.409251e-02
      vertex 4.690783e-03 7.064983e-03 -2.285133e-02
    endloop
  endfacet
  facet normal -1.874345e-01 9.820605e-01 -2.062613e-02
    outer loop
      vertex 4.024604e-03 6.965369e-03 -2.172263e-02
      vertex 3.909989e-03 6.969244e-03 -2.049659e-02
      vertex 4.917990e-03 7.147721e-03 -2.115881e-02
    endloop
  endfacet
  facet normal -2.210449e-01 9.746973e-01 -3.323019e-02
    outer loop
      vertex 8.302547e-03 7.702943e-03 -2.779858e-02
      vertex 8.231697e-03 7.647053e-03 -2.896664e-02
      vertex 7.196009e-03 7.453065e-03 -2.776729e-02
    endloop
  endfacet
  facet normal -2.046761e-01 9.785879e-01 -2.175929e-02
    outer loop
      vertex 5.600384e-03 7.350301e-03 -1.855499e-02
      vertex 4.805481e-03 7.152051e-03 -1.999377e-02
      vertex 4.600093e-03 7.132784e-03 -1.892832e-02
    endloop
  endfacet
  facet normal -2.267336e-01 9.736342e-01 -2.506762e-02
    outer loop
      vertex 6.191345e-03 7.422346e-03 -2.093801e-02
      vertex 6.370753e-03 7.507042e-03 -1.927112e-02
      vertex 7.144489e-03 7.659865e-03 -2.033377e-02
    endloop
  endfacet
  facet normal -2.432296e-01 9.693128e-01 -3.566704e-02
    outer loop
      vertex 9.915249e-03 8.047645e-03 -2.930687e-02
      vertex 1.037993e-02 8.108369e-03 -3.082547e-02
      vertex 9.141807e-03 7.826077e-03 -3.005388e-02
    endloop
  endfacet
  facet normal -2.451002e-01 9.687877e-01 -3.709879e-02
    outer loop
      vertex 9.526304e-03 7.996824e-03 -2.802155e-02
      vertex 8.287095e-03 7.744629e-03 -2.642024e-02
      vertex 9.795904e-03 8.120584e-03 -2.657089e-02
    endloop
  endfacet
  facet normal -2.572012e-01 9.657221e-01 -3.504826e-02
    outer loop
      vertex 8.836310e-03 7.979718e-03 -2.363265e-02
      vertex 8.959346e-03 8.044250e-03 -2.275742e-02
      vertex 9.689510e-03 8.188238e-03 -2.414828e-02
    endloop
  endfacet
  facet normal -2.765331e-01 9.601268e-01 -4.106011e-02
    outer loop
      vertex 1.083569e-02 8.556870e-03 -2.308027e-02
      vertex 1.052972e-02 8.402008e-03 -2.464078e-02
      vertex 1.005057e-02 8.321254e-03 -2.330215e-02
    endloop
  endfacet
  facet normal -2.531217e-01 9.669987e-01 -2.903461e-02
    outer loop
      vertex 8.315360e-03 8.035386e-03 -1.773246e-02
      vertex 7.963914e-03 7.912956e-03 -1.874611e-02
      vertex 7.449169e-03 7.809953e-03 -1.768913e-02
    endloop
  endfacet
  facet normal -2.772658e-01 9.598153e-01 -4.333876e-02
    outer loop
      vertex 1.089207e-02 8.387302e-03 -2.744699e-02
      vertex 1.053263e-02 8.331101e-03 -2.639205e-02
      vertex 1.191030e-02 8.708426e-03 -2.684939e-02
    endloop
  endfacet
  facet normal -2.722282e-01 9.612189e-01 -4.415868e-02
    outer loop
      vertex 1.128113e-02 8.578169e-03 -2.562836e-02
      vertex 1.053263e-02 8.331101e-03 -2.639205e-02
      vertex 9.692621e-03 8.153083e-03 -2.508861e-02
    endloop
  endfacet
  facet normal -2.787536e-01 9.594895e-01 -4.094188e-02
    outer loop
      vertex 1.116747e-02 8.600696e-03 -2.432662e-02
      vertex 1.128113e-02 8.578169e-03 -2.562836e-02
      vertex 1.052972e-02 8.402008e-03 -2.464078e-02
    endloop
  endfacet
  facet normal -2.876790e-01 9.568197e-01 -4.167495e-02
    outer loop
      vertex 1.202261e-02 8.822244e-03 -2.514300e-02
      vertex 1.128113e-02 8.578169e-03 -2.562836e-02
      vertex 1.116747e-02 8.600696e-03 -2.432662e-02
    endloop
  endfacet
  facet normal -3.033488e-01 9.517471e-01 -4.644383e-02
    outer loop
      vertex 1.245588e-02 9.085480e-03 -2.250695e-02
      vertex 1.227766e-02 8.955740e-03 -2.400156e-02
      vertex 1.165861e-02 8.816837e-03 -2.280470e-02
    endloop
  endfacet
  facet normal -2.878411e-01 9.567131e-01 -4.298230e-02
    outer loop
      vertex 1.165861e-02 8.816837e-03 -2.280470e-02
      vertex 1.116747e-02 8.600696e-03 -2.432662e-02
      vertex 1.083569e-02 8.556870e-03 -2.308027e-02
    endloop
  endfacet
  facet normal -2.765102e-01 9.604421e-01 -3.306086e-02
    outer loop
      vertex 9.193877e-03 8.214738e-03 -1.966776e-02
      vertex 9.056362e-03 8.226910e-03 -1.816403e-02
      vertex 9.683990e-03 8.402637e-03 -1.830829e-02
    endloop
  endfacet
  facet normal -2.655409e-01 9.636852e-01 -2.826391e-02
    outer loop
      vertex 8.475927e-03 8.109236e-03 -1.672302e-02
      vertex 9.056362e-03 8.226910e-03 -1.816403e-02
      vertex 8.315360e-03 8.035386e-03 -1.773246e-02
    endloop
  endfacet
  facet normal -2.938913e-01 9.548096e-01 -4.434478e-02
    outer loop
      vertex 1.191030e-02 8.708426e-03 -2.684939e-02
      vertex 1.202261e-02 8.822244e-03 -2.514300e-02
      vertex 1.284437e-02 9.002925e-03 -2.669884e-02
    endloop
  endfacet
  facet normal -3.098804e-01 9.494519e-01 -5.015223e-02
    outer loop
      vertex 1.299206e-02 9.125248e-03 -2.520672e-02
      vertex 1.227766e-02 8.955740e-03 -2.400156e-02
      vertex 1.352913e-02 9.312325e-03 -2.498354e-02
    endloop
  endfacet
  facet normal -3.113746e-01 9.491268e-01 -4.694793e-02
    outer loop
      vertex 1.281622e-02 9.237164e-03 -2.183033e-02
      vertex 1.313981e-02 9.257309e-03 -2.356921e-02
      vertex 1.245588e-02 9.085480e-03 -2.250695e-02
    endloop
  endfacet
  facet normal -2.845291e-01 9.580820e-01 -3.349840e-02
    outer loop
      vertex 9.683990e-03 8.402637e-03 -1.830829e-02
      vertex 1.011788e-02 8.570274e-03 -1.719908e-02
      vertex 1.056547e-02 8.637883e-03 -1.906717e-02
    endloop
  endfacet
  facet normal -3.350101e-01 9.408586e-01 -5.053062e-02
    outer loop
      vertex 1.367044e-02 9.524153e-03 -2.189686e-02
      vertex 1.341748e-02 9.522633e-03 -2.024806e-02
      vertex 1.420099e-02 9.740536e-03 -2.138532e-02
    endloop
  endfacet
  facet normal -3.253662e-01 9.445918e-01 -4.339474e-02
    outer loop
      vertex 1.245768e-02 9.222678e-03 -1.963025e-02
      vertex 1.216333e-02 9.181496e-03 -1.831976e-02
      vertex 1.358828e-02 9.640684e-03 -1.900839e-02
    endloop
  endfacet
  facet normal -3.214809e-01 9.456821e-01 -4.832678e-02
    outer loop
      vertex 1.367044e-02 9.524153e-03 -2.189686e-02
      vertex 1.397362e-02 9.567945e-03 -2.305670e-02
      vertex 1.281622e-02 9.237164e-03 -2.183033e-02
    endloop
  endfacet
  facet normal -3.268689e-01 9.441840e-01 -4.090660e-02
    outer loop
      vertex 1.216333e-02 9.181496e-03 -1.831976e-02
      vertex 1.216866e-02 9.255924e-03 -1.664443e-02
      vertex 1.297639e-02 9.496264e-03 -1.755124e-02
    endloop
  endfacet
  facet normal -3.176663e-01 9.475824e-01 -3.428757e-02
    outer loop
      vertex 1.150037e-02 9.068715e-03 -1.562660e-02
      vertex 1.216866e-02 9.255924e-03 -1.664443e-02
      vertex 1.112256e-02 8.900118e-03 -1.678572e-02
    endloop
  endfacet
  facet normal -3.298520e-01 9.430126e-01 -4.387425e-02
    outer loop
      vertex 1.297639e-02 9.496264e-03 -1.755124e-02
      vertex 1.216866e-02 9.255924e-03 -1.664443e-02
      vertex 1.309401e-02 9.586014e-03 -1.650653e-02
    endloop
  endfacet
  facet normal -3.215705e-01 9.461581e-01 -3.711297e-02
    outer loop
      vertex 1.208988e-02 9.286770e-03 -1.517546e-02
      vertex 1.216866e-02 9.255924e-03 -1.664443e-02
      vertex 1.150037e-02 9.068715e-03 -1.562660e-02
    endloop
  endfacet
  facet normal -3.565620e-01 9.330024e-01 -4.868348e-02
    outer loop
      vertex 1.405597e-02 9.926069e-03 -1.682813e-02
      vertex 1.344460e-02 9.759438e-03 -1.554380e-02
      vertex 1.463229e-02 1.020701e-02 -1.566496e-02
    endloop
  endfacet
  facet normal -2.249417e-01 9.737256e-01 -3.549228e-02
    outer loop
      vertex 8.812819e-03 7.620883e-03 -3.373007e-02
      vertex 8.367533e-03 7.567734e-03 -3.236610e-02
      vertex 9.483086e-03 7.798763e-03 -3.309795e-02
    endloop
  endfacet
  facet normal -2.136070e-01 9.763840e-01 -3.234847e-02
    outer loop
      vertex 8.122717e-03 7.449993e-03 -3.433116e-02
      vertex 7.626703e-03 7.388887e-03 -3.290018e-02
      vertex 8.812819e-03 7.620883e-03 -3.373007e-02
    endloop
  endfacet
  facet normal -2.092973e-01 9.771556e-01 -3.689888e-02
    outer loop
      vertex 7.626703e-03 7.388887e-03 -3.290018e-02
      vertex 6.983964e-03 7.278408e-03 -3.218018e-02
      vertex 8.367533e-03 7.567734e-03 -3.236610e-02
    endloop
  endfacet
  facet normal -1.027679e-01 9.946468e-01 -1.079233e-02
    outer loop
      vertex 1.168958e-03 6.302068e-03 -3.834766e-02
      vertex 8.944607e-04 6.286945e-03 -3.712762e-02
      vertex 1.990415e-03 6.390391e-03 -3.802980e-02
    endloop
  endfacet
  facet normal -8.947243e-02 9.959589e-01 -7.784724e-03
    outer loop
      vertex 2.247889e-04 6.222024e-03 -3.773669e-02
      vertex 8.944607e-04 6.286945e-03 -3.712762e-02
      vertex 1.168958e-03 6.302068e-03 -3.834766e-02
    endloop
  endfacet
  facet normal -3.657593e-02 9.993279e-01 -2.429784e-03
    outer loop
      vertex -3.250515e-03 6.019850e-03 -3.948316e-02
      vertex -3.187766e-03 6.025988e-03 -3.790315e-02
      vertex -2.438594e-03 6.052533e-03 -3.826324e-02
    endloop
  endfacet
  facet normal -3.768793e-01 9.255051e-01 -3.744776e-02
    outer loop
      vertex 1.468288e-02 1.042825e-02 -1.144513e-02
      vertex 1.342324e-02 9.909702e-03 -1.158357e-02
      vertex 1.337931e-02 9.914587e-03 -1.102078e-02
    endloop
  endfacet
  facet normal -3.699605e-01 9.276265e-01 -5.136370e-02
    outer loop
      vertex 1.573622e-02 1.069773e-02 -1.475400e-02
      vertex 1.539267e-02 1.045137e-02 -1.672872e-02
      vertex 1.463229e-02 1.020701e-02 -1.566496e-02
    endloop
  endfacet
  facet normal -4.286897e-02 9.990727e-01 -4.007051e-03
    outer loop
      vertex -3.858072e-03 6.072279e-03 -1.861089e-02
      vertex -3.819183e-03 6.068485e-03 -1.997294e-02
      vertex -4.773029e-03 6.032460e-03 -1.875040e-02
    endloop
  endfacet
  facet normal -1.190498e-01 9.928330e-01 -1.047708e-02
    outer loop
      vertex 4.472587e-04 6.468906e-03 -1.763485e-02
      vertex 5.718789e-04 6.468310e-03 -1.910737e-02
      vertex -4.374925e-04 6.360258e-03 -1.787730e-02
    endloop
  endfacet
  facet normal -1.752546e-01 9.844325e-01 -1.335745e-02
    outer loop
      vertex 2.712135e-03 6.799467e-03 -1.816227e-02
      vertex 3.226573e-03 6.910680e-03 -1.671556e-02
      vertex 3.788175e-03 6.994720e-03 -1.789036e-02
    endloop
  endfacet
  facet normal -2.255563e-01 9.739910e-01 -2.158483e-02
    outer loop
      vertex 6.549775e-03 7.606462e-03 -1.689268e-02
      vertex 6.782166e-03 7.634205e-03 -1.806927e-02
      vertex 5.826375e-03 7.438166e-03 -1.692751e-02
    endloop
  endfacet
  facet normal -2.642548e-01 9.641011e-01 -2.604862e-02
    outer loop
      vertex 8.514016e-03 8.187009e-03 -1.426104e-02
      vertex 8.659901e-03 8.189515e-03 -1.564824e-02
      vertex 7.647592e-03 7.936789e-03 -1.473250e-02
    endloop
  endfacet
  facet normal -3.099907e-01 9.503517e-01 -2.715348e-02
    outer loop
      vertex 1.085762e-02 8.947246e-03 -1.283631e-02
      vertex 1.138946e-02 9.073513e-03 -1.448864e-02
      vertex 1.020119e-02 8.721031e-03 -1.325969e-02
    endloop
  endfacet
  facet normal -3.511641e-01 9.356396e-01 -3.552856e-02
    outer loop
      vertex 1.351109e-02 9.899933e-03 -1.270914e-02
      vertex 1.361358e-02 9.888535e-03 -1.402230e-02
      vertex 1.312793e-02 9.749784e-03 -1.287618e-02
    endloop
  endfacet
  facet normal -3.743664e-01 9.268552e-01 -2.809395e-02
    outer loop
      vertex 1.468288e-02 1.042825e-02 -1.144513e-02
      vertex 1.337931e-02 9.914587e-03 -1.102078e-02
      vertex 1.472124e-02 1.045750e-02 -1.099110e-02
    endloop
  endfacet
  facet normal -2.732870e-02 9.996233e-01 -2.540339e-03
    outer loop
      vertex -4.606380e-03 6.028763e-03 -2.161947e-02
      vertex -4.632308e-03 6.023575e-03 -2.338201e-02
      vertex -5.276570e-03 6.010432e-03 -2.162271e-02
    endloop
  endfacet
  facet normal -3.292765e-02 9.994570e-01 -1.208265e-03
    outer loop
      vertex -4.478735e-03 6.038418e-03 -2.021611e-02
      vertex -5.276570e-03 6.010432e-03 -2.162271e-02
      vertex -5.173286e-03 6.015913e-03 -1.990421e-02
    endloop
  endfacet
  facet normal -5.501132e-02 9.984677e-01 -5.995300e-03
    outer loop
      vertex -1.313538e-03 6.117246e-03 -3.663288e-02
      vertex -1.441310e-03 6.102744e-03 -3.787567e-02
      vertex -2.089126e-03 6.073287e-03 -3.683732e-02
    endloop
  endfacet
  facet normal -1.106912e-01 9.937920e-01 -1.117340e-02
    outer loop
      vertex -3.520476e-04 6.316520e-03 -2.288426e-02
      vertex 4.110385e-05 6.375747e-03 -2.151127e-02
      vertex 2.955414e-04 6.391115e-03 -2.266503e-02
    endloop
  endfacet
  facet normal -1.602729e-01 9.869441e-01 -1.593678e-02
    outer loop
      vertex 2.213446e-03 6.699655e-03 -1.932831e-02
      vertex 2.712135e-03 6.799467e-03 -1.816227e-02
      vertex 2.905218e-03 6.809861e-03 -1.946036e-02
    endloop
  endfacet
  facet normal -1.726747e-01 9.848181e-01 -1.779849e-02
    outer loop
      vertex 2.905218e-03 6.809861e-03 -1.946036e-02
      vertex 2.712135e-03 6.799467e-03 -1.816227e-02
      vertex 3.622874e-03 6.940230e-03 -1.920928e-02
    endloop
  endfacet
  facet normal -2.551819e-01 9.662948e-01 -3.400838e-02
    outer loop
      vertex 1.029938e-02 8.174829e-03 -2.857547e-02
      vertex 1.097126e-02 8.307053e-03 -2.985999e-02
      vertex 9.915249e-03 8.047645e-03 -2.930687e-02
    endloop
  endfacet
  facet normal -2.656308e-01 9.632600e-01 -3.962825e-02
    outer loop
      vertex 9.692621e-03 8.153083e-03 -2.508861e-02
      vertex 1.053263e-02 8.331101e-03 -2.639205e-02
      vertex 9.795904e-03 8.120584e-03 -2.657089e-02
    endloop
  endfacet
  facet normal -3.131186e-01 9.489383e-01 -3.837896e-02
    outer loop
      vertex 1.112256e-02 8.900118e-03 -1.678572e-02
      vertex 1.216333e-02 9.181496e-03 -1.831976e-02
      vertex 1.133254e-02 8.916023e-03 -1.810556e-02
    endloop
  endfacet
  facet normal -3.025946e-01 9.525491e-01 -3.296459e-02
    outer loop
      vertex 1.051509e-02 8.742046e-03 -1.578727e-02
      vertex 9.930358e-03 8.595823e-03 -1.464508e-02
      vertex 1.076625e-02 8.840879e-03 -1.523685e-02
    endloop
  endfacet
  facet normal -3.535363e-01 9.350037e-01 -2.793019e-02
    outer loop
      vertex 1.405597e-02 9.926069e-03 -1.682813e-02
      vertex 1.438442e-02 1.002237e-02 -1.776179e-02
      vertex 1.297639e-02 9.496264e-03 -1.755124e-02
    endloop
  endfacet
  facet normal -3.602576e-01 9.320760e-01 -3.806231e-02
    outer loop
      vertex 1.472632e-02 1.019142e-02 -1.667492e-02
      vertex 1.549074e-02 1.043574e-02 -1.792722e-02
      vertex 1.405597e-02 9.926069e-03 -1.682813e-02
    endloop
  endfacet
  facet normal -3.457189e-01 9.373543e-01 -4.295725e-02
    outer loop
      vertex 1.344460e-02 9.759438e-03 -1.554380e-02
      vertex 1.405597e-02 9.926069e-03 -1.682813e-02
      vertex 1.309401e-02 9.586014e-03 -1.650653e-02
    endloop
  endfacet
  facet normal -3.700151e-01 9.276407e-01 -5.071059e-02
    outer loop
      vertex 1.492109e-02 1.037317e-02 -1.469733e-02
      vertex 1.404520e-02 1.002418e-02 -1.469035e-02
      vertex 1.361358e-02 9.888535e-03 -1.402230e-02
    endloop
  endfacet
  facet normal -3.233396e-01 9.448198e-01 -5.260254e-02
    outer loop
      vertex 1.352913e-02 9.312325e-03 -2.498354e-02
      vertex 1.398738e-02 9.503010e-03 -2.437530e-02
      vertex 1.459639e-02 9.643148e-03 -2.560171e-02
    endloop
  endfacet
  facet normal -3.715897e-01 9.276573e-01 -3.705347e-02
    outer loop
      vertex 1.361358e-02 9.888535e-03 -1.402230e-02
      vertex 1.351109e-02 9.899933e-03 -1.270914e-02
      vertex 1.475056e-02 1.036620e-02 -1.346575e-02
    endloop
  endfacet
  facet normal -1.739732e-02 9.998464e-01 -2.142902e-03
    outer loop
      vertex -5.968290e-03 6.000141e-03 -2.080860e-02
      vertex -5.173286e-03 6.015913e-03 -1.990421e-02
      vertex -5.276570e-03 6.010432e-03 -2.162271e-02
    endloop
  endfacet
  facet normal -6.678051e-02 9.977546e-01 -5.107046e-03
    outer loop
      vertex -3.201827e-03 6.097754e-03 -2.095277e-02
      vertex -3.003264e-03 6.118147e-03 -1.956518e-02
      vertex -2.300258e-03 6.158841e-03 -2.080752e-02
    endloop
  endfacet
  facet normal -1.048010e-01 9.944652e-01 -7.465231e-03
    outer loop
      vertex -1.334344e-03 6.242671e-03 -2.050183e-02
      vertex -1.096601e-03 6.278237e-03 -1.910145e-02
      vertex -3.543743e-05 6.384397e-03 -1.985686e-02
    endloop
  endfacet
  facet normal -2.925374e-01 9.558617e-01 -2.739185e-02
    outer loop
      vertex 9.279348e-03 8.372451e-03 -1.548725e-02
      vertex 9.930358e-03 8.595823e-03 -1.464508e-02
      vertex 1.051509e-02 8.742046e-03 -1.578727e-02
    endloop
  endfacet
  facet normal -3.269305e-01 9.444658e-01 -3.317767e-02
    outer loop
      vertex 1.168546e-02 9.206356e-03 -1.362380e-02
      vertex 1.234777e-02 9.404032e-03 -1.452290e-02
      vertex 1.138946e-02 9.073513e-03 -1.448864e-02
    endloop
  endfacet
  facet normal 3.176883e-01 9.477621e-01 2.865563e-02
    outer loop
      vertex -2.459699e-02 9.103926e-03 -2.893004e-02
      vertex -2.466210e-02 9.088966e-03 -2.771344e-02
      vertex -2.382623e-02 8.842712e-03 -2.883560e-02
    endloop
  endfacet
  facet normal 3.233292e-01 9.458987e-01 2.709008e-02
    outer loop
      vertex -2.451569e-02 8.961266e-03 -2.503881e-02
      vertex -2.511073e-02 9.181707e-03 -2.563398e-02
      vertex -2.553234e-02 9.275537e-03 -2.387810e-02
    endloop
  endfacet
  facet normal 3.294964e-01 9.437114e-01 2.899810e-02
    outer loop
      vertex -2.529309e-02 9.290105e-03 -2.708947e-02
      vertex -2.511073e-02 9.181707e-03 -2.563398e-02
      vertex -2.466210e-02 9.088966e-03 -2.771344e-02
    endloop
  endfacet
  facet normal 2.970644e-01 9.545067e-01 2.587767e-02
    outer loop
      vertex -2.313929e-02 8.508288e-03 -2.459273e-02
      vertex -2.343214e-02 8.645410e-03 -2.628874e-02
      vertex -2.369300e-02 8.671616e-03 -2.426079e-02
    endloop
  endfacet
  facet normal 2.728157e-01 9.617924e-01 2.295569e-02
    outer loop
      vertex -2.209281e-02 8.271917e-03 -2.746202e-02
      vertex -2.139083e-02 8.061613e-03 -2.699332e-02
      vertex -2.138510e-02 8.098873e-03 -2.862253e-02
    endloop
  endfacet
  facet normal 2.722734e-01 9.619434e-01 2.306702e-02
    outer loop
      vertex -2.116841e-02 8.072962e-03 -3.001603e-02
      vertex -2.145938e-02 8.180678e-03 -3.107357e-02
      vertex -2.205547e-02 8.305052e-03 -2.922427e-02
    endloop
  endfacet
  facet normal 2.856566e-01 9.580298e-01 2.406589e-02
    outer loop
      vertex -2.277570e-02 8.498184e-03 -2.836364e-02
      vertex -2.209281e-02 8.271917e-03 -2.746202e-02
      vertex -2.205547e-02 8.305052e-03 -2.922427e-02
    endloop
  endfacet
  facet normal 2.484963e-01 9.683534e-01 2.326515e-02
    outer loop
      vertex -2.078222e-02 7.933184e-03 -2.851558e-02
      vertex -2.022573e-02 7.751362e-03 -2.689162e-02
      vertex -1.980635e-02 7.681364e-03 -2.845756e-02
    endloop
  endfacet
  facet normal 2.689051e-01 9.628991e-01 2.270190e-02
    outer loop
      vertex -2.128938e-02 7.968841e-03 -2.426829e-02
      vertex -2.138180e-02 8.024298e-03 -2.552579e-02
      vertex -2.218941e-02 8.227805e-03 -2.459130e-02
    endloop
  endfacet
  facet normal 2.578102e-01 9.659224e-01 2.297367e-02
    outer loop
      vertex -2.139083e-02 8.061613e-03 -2.699332e-02
      vertex -2.138180e-02 8.024298e-03 -2.552579e-02
      vertex -2.066905e-02 7.846794e-03 -2.606114e-02
    endloop
  endfacet
  facet normal 2.317320e-01 9.725404e-01 2.157638e-02
    outer loop
      vertex -1.940183e-02 7.691977e-03 -3.361015e-02
      vertex -1.899525e-02 7.557552e-03 -3.191780e-02
      vertex -1.832796e-02 7.437636e-03 -3.367939e-02
    endloop
  endfacet
  facet normal 2.333572e-01 9.721233e-01 2.281932e-02
    outer loop
      vertex -2.022573e-02 7.751362e-03 -2.689162e-02
      vertex -1.981338e-02 7.615827e-03 -2.533457e-02
      vertex -1.934070e-02 7.512232e-03 -2.575506e-02
    endloop
  endfacet
  facet normal 2.266840e-01 9.737582e-01 2.023203e-02
    outer loop
      vertex -1.899651e-02 7.392864e-03 -2.375579e-02
      vertex -1.981338e-02 7.615827e-03 -2.533457e-02
      vertex -1.983821e-02 7.591178e-03 -2.387000e-02
    endloop
  endfacet
  facet normal 2.147932e-01 9.764667e-01 1.940776e-02
    outer loop
      vertex -1.832796e-02 7.437636e-03 -3.367939e-02
      vertex -1.805201e-02 7.338667e-03 -3.175398e-02
      vertex -1.751302e-02 7.259254e-03 -3.372369e-02
    endloop
  endfacet
  facet normal 2.230237e-01 9.746443e-01 1.813448e-02
    outer loop
      vertex -1.805201e-02 7.338667e-03 -3.175398e-02
      vertex -1.832796e-02 7.437636e-03 -3.367939e-02
      vertex -1.899525e-02 7.557552e-03 -3.191780e-02
    endloop
  endfacet
  facet normal 2.104630e-01 9.773515e-01 2.212088e-02
    outer loop
      vertex -1.814681e-02 7.206982e-03 -2.362730e-02
      vertex -1.934070e-02 7.512232e-03 -2.575506e-02
      vertex -1.899651e-02 7.392864e-03 -2.375579e-02
    endloop
  endfacet
  facet normal 2.062200e-01 9.783547e-01 1.718644e-02
    outer loop
      vertex -1.770039e-02 7.140610e-03 -2.504149e-02
      vertex -1.768831e-02 7.166554e-03 -2.666335e-02
      vertex -1.853751e-02 7.327886e-03 -2.565779e-02
    endloop
  endfacet
  facet normal 1.872582e-01 9.821622e-01 1.708363e-02
    outer loop
      vertex -1.641795e-02 7.080973e-03 -3.633750e-02
      vertex -1.614524e-02 7.015336e-03 -3.555316e-02
      vertex -1.565927e-02 6.945165e-03 -3.684578e-02
    endloop
  endfacet
  facet normal 1.973034e-01 9.801826e-01 1.770146e-02
    outer loop
      vertex -1.751330e-02 7.192757e-03 -3.009762e-02
      vertex -1.725508e-02 7.110083e-03 -2.839784e-02
      vertex -1.686319e-02 7.047748e-03 -2.931430e-02
    endloop
  endfacet
  facet normal 1.947024e-01 9.807126e-01 1.713836e-02
    outer loop
      vertex -1.768831e-02 7.166554e-03 -2.666335e-02
      vertex -1.770039e-02 7.140610e-03 -2.504149e-02
      vertex -1.701120e-02 7.031213e-03 -2.661104e-02
    endloop
  endfacet
  facet normal 1.845168e-01 9.826939e-01 1.631610e-02
    outer loop
      vertex -1.701120e-02 7.031213e-03 -2.661104e-02
      vertex -1.684585e-02 6.967004e-03 -2.461379e-02
      vertex -1.646612e-02 6.928075e-03 -2.656346e-02
    endloop
  endfacet
  facet normal 1.648645e-01 9.862199e-01 1.378478e-02
    outer loop
      vertex -1.448477e-02 6.716439e-03 -3.505512e-02
      vertex -1.446120e-02 6.732591e-03 -3.649264e-02
      vertex -1.521441e-02 6.844235e-03 -3.547192e-02
    endloop
  endfacet
  facet normal 1.645175e-01 9.862689e-01 1.440732e-02
    outer loop
      vertex -1.448477e-02 6.716439e-03 -3.505512e-02
      vertex -1.521441e-02 6.844235e-03 -3.547192e-02
      vertex -1.527931e-02 6.837686e-03 -3.428246e-02
    endloop
  endfacet
  facet normal 1.606980e-01 9.869023e-01 1.414366e-02
    outer loop
      vertex -1.549157e-02 6.793536e-03 -2.889579e-02
      vertex -1.553507e-02 6.772258e-03 -2.691678e-02
      vertex -1.493333e-02 6.695322e-03 -2.838531e-02
    endloop
  endfacet
  facet normal 1.368675e-01 9.905369e-01 1.019712e-02
    outer loop
      vertex -1.312305e-02 6.538980e-03 -3.702772e-02
      vertex -1.372750e-02 6.607385e-03 -3.555942e-02
      vertex -1.272982e-02 6.468075e-03 -3.541801e-02
    endloop
  endfacet
  facet normal 1.513847e-01 9.883815e-01 1.358803e-02
    outer loop
      vertex -1.372750e-02 6.607385e-03 -3.555942e-02
      vertex -1.446120e-02 6.732591e-03 -3.649264e-02
      vertex -1.448477e-02 6.716439e-03 -3.505512e-02
    endloop
  endfacet
  facet normal 1.506517e-01 9.885084e-01 1.245999e-02
    outer loop
      vertex -1.370727e-02 6.589215e-03 -3.436254e-02
      vertex -1.372750e-02 6.607385e-03 -3.555942e-02
      vertex -1.448477e-02 6.716439e-03 -3.505512e-02
    endloop
  endfacet
  facet normal 1.440200e-01 9.894902e-01 1.293677e-02
    outer loop
      vertex -1.379134e-02 6.537576e-03 -2.926346e-02
      vertex -1.445037e-02 6.640641e-03 -2.980990e-02
      vertex -1.409833e-02 6.563077e-03 -2.779636e-02
    endloop
  endfacet
  facet normal 1.497602e-01 9.886247e-01 1.389206e-02
    outer loop
      vertex -1.472543e-02 6.597720e-03 -2.342373e-02
      vertex -1.449157e-02 6.584145e-03 -2.497869e-02
      vertex -1.535445e-02 6.694160e-03 -2.350579e-02
    endloop
  endfacet
  facet normal 1.353427e-01 9.907297e-01 1.170539e-02
    outer loop
      vertex -1.369323e-02 6.460141e-03 -2.371389e-02
      vertex -1.449157e-02 6.584145e-03 -2.497869e-02
      vertex -1.472543e-02 6.597720e-03 -2.342373e-02
    endloop
  endfacet
  facet normal 1.346857e-01 9.908272e-01 1.100844e-02
    outer loop
      vertex -1.266605e-02 6.439426e-03 -3.361977e-02
      vertex -1.272982e-02 6.468075e-03 -3.541801e-02
      vertex -1.370727e-02 6.589215e-03 -3.436254e-02
    endloop
  endfacet
  facet normal 1.288450e-01 9.915739e-01 1.342591e-02
    outer loop
      vertex -1.363375e-02 6.533187e-03 -3.071644e-02
      vertex -1.307889e-02 6.454549e-03 -3.023342e-02
      vertex -1.246306e-02 6.397706e-03 -3.194518e-02
    endloop
  endfacet
  facet normal 1.168599e-01 9.931139e-01 8.279900e-03
    outer loop
      vertex -1.334487e-02 6.435326e-03 -2.542184e-02
      vertex -1.250968e-02 6.332365e-03 -2.486002e-02
      vertex -1.265516e-02 6.360006e-03 -2.612217e-02
    endloop
  endfacet
  facet normal 9.983579e-02 9.949651e-01 8.792950e-03
    outer loop
      vertex -1.135053e-02 6.322770e-03 -3.711745e-02
      vertex -1.152528e-02 6.321236e-03 -3.495977e-02
      vertex -1.074761e-02 6.246685e-03 -3.535364e-02
    endloop
  endfacet
  facet normal 9.472350e-02 9.954749e-01 7.566537e-03
    outer loop
      vertex -1.073614e-02 6.233199e-03 -3.372293e-02
      vertex -1.074761e-02 6.246685e-03 -3.535364e-02
      vertex -1.140078e-02 6.295231e-03 -3.356365e-02
    endloop
  endfacet
  facet normal 1.080251e-01 9.941139e-01 8.249012e-03
    outer loop
      vertex -1.220280e-02 6.290682e-03 -2.385541e-02
      vertex -1.250968e-02 6.332365e-03 -2.486002e-02
      vertex -1.311812e-02 6.386864e-03 -2.345998e-02
    endloop
  endfacet
  facet normal 1.053615e-01 9.943873e-01 9.633160e-03
    outer loop
      vertex -1.265516e-02 6.360006e-03 -2.612217e-02
      vertex -1.250968e-02 6.332365e-03 -2.486002e-02
      vertex -1.196523e-02 6.286847e-03 -2.611627e-02
    endloop
  endfacet
  facet normal 9.389962e-02 9.955563e-01 7.110765e-03
    outer loop
      vertex -1.196523e-02 6.286847e-03 -2.611627e-02
      vertex -1.118413e-02 6.202211e-03 -2.458135e-02
      vertex -1.130026e-02 6.227012e-03 -2.651997e-02
    endloop
  endfacet
  facet normal 8.079192e-02 9.967191e-01 4.870973e-03
    outer loop
      vertex -9.565269e-03 6.139118e-03 -3.389234e-02
      vertex -1.012569e-02 6.191023e-03 -3.521786e-02
      vertex -1.073614e-02 6.233199e-03 -3.372293e-02
    endloop
  endfacet
  facet normal 8.942157e-02 9.959847e-01 4.264475e-03
    outer loop
      vertex -1.017286e-02 6.169727e-03 -3.166379e-02
      vertex -1.073850e-02 6.225840e-03 -3.290828e-02
      vertex -1.136048e-02 6.277030e-03 -3.182178e-02
    endloop
  endfacet
  facet normal 7.133959e-02 9.974175e-01 8.305615e-03
    outer loop
      vertex -1.038384e-02 6.174225e-03 -2.994385e-02
      vertex -9.838859e-03 6.131456e-03 -2.948885e-02
      vertex -9.179404e-03 6.099869e-03 -3.135978e-02
    endloop
  endfacet
  facet normal 6.969650e-02 9.975456e-01 6.715044e-03
    outer loop
      vertex -1.050350e-02 6.157836e-03 -2.609732e-02
      vertex -1.029028e-02 6.130014e-03 -2.417738e-02
      vertex -9.898445e-03 6.114475e-03 -2.593586e-02
    endloop
  endfacet
  facet normal 6.149704e-02 9.980979e-01 4.328941e-03
    outer loop
      vertex -9.565269e-03 6.139118e-03 -3.389234e-02
      vertex -8.540336e-03 6.073459e-03 -3.331396e-02
      vertex -8.549316e-03 6.081084e-03 -3.494446e-02
    endloop
  endfacet
  facet normal 5.698676e-02 9.983659e-01 4.255940e-03
    outer loop
      vertex -8.980536e-03 6.070085e-03 -2.753977e-02
      vertex -9.115162e-03 6.086156e-03 -2.950717e-02
      vertex -9.725360e-03 6.112761e-03 -2.757762e-02
    endloop
  endfacet
  facet normal 5.991682e-02 9.981931e-01 4.530172e-03
    outer loop
      vertex -9.404676e-03 6.076259e-03 -2.404576e-02
      vertex -9.898445e-03 6.114475e-03 -2.593586e-02
      vertex -1.029028e-02 6.130014e-03 -2.417738e-02
    endloop
  endfacet
  facet normal 4.510961e-02 9.989753e-01 3.682677e-03
    outer loop
      vertex -8.423831e-03 6.034256e-03 -2.466635e-02
      vertex -9.182034e-03 6.073243e-03 -2.595481e-02
      vertex -9.404676e-03 6.076259e-03 -2.404576e-02
    endloop
  endfacet
  facet normal 2.993713e-02 9.995390e-01 5.055371e-03
    outer loop
      vertex -7.585990e-03 6.031595e-03 -3.331215e-02
      vertex -7.012709e-03 6.013485e-03 -3.312630e-02
      vertex -6.473747e-03 6.005622e-03 -3.476328e-02
    endloop
  endfacet
  facet normal 4.381948e-02 9.990362e-01 2.556097e-03
    outer loop
      vertex -7.585990e-03 6.031595e-03 -3.331215e-02
      vertex -7.947495e-03 6.052466e-03 -3.527219e-02
      vertex -8.540336e-03 6.073459e-03 -3.331396e-02
    endloop
  endfacet
  facet normal 3.075168e-02 9.995238e-01 2.545812e-03
    outer loop
      vertex -7.380550e-03 6.010292e-03 -2.750875e-02
      vertex -8.064783e-03 6.033225e-03 -2.824753e-02
      vertex -8.329477e-03 6.036585e-03 -2.636930e-02
    endloop
  endfacet
  facet normal 1.905936e-02 9.998173e-01 1.472625e-03
    outer loop
      vertex -6.315231e-03 6.000259e-03 -3.317406e-02
      vertex -6.473747e-03 6.005622e-03 -3.476328e-02
      vertex -7.012709e-03 6.013485e-03 -3.312630e-02
    endloop
  endfacet
  facet normal 6.022467e-03 9.999814e-01 -9.819929e-04
    outer loop
      vertex -5.559088e-03 5.995876e-03 -3.300008e-02
      vertex -6.315231e-03 6.000259e-03 -3.317406e-02
      vertex -6.396948e-03 6.001775e-03 -3.213207e-02
    endloop
  endfacet
  facet normal -1.532802e-03 9.999983e-01 1.015265e-03
    outer loop
      vertex -7.156026e-03 5.997557e-03 -2.005620e-02
      vertex -5.968290e-03 6.000141e-03 -2.080860e-02
      vertex -7.224349e-03 5.998884e-03 -2.146690e-02
    endloop
  endfacet
  facet normal 1.580723e-02 9.998737e-01 1.644883e-03
    outer loop
      vertex -6.777089e-03 6.003257e-03 -2.903146e-02
      vertex -7.294839e-03 6.011606e-03 -2.913098e-02
      vertex -7.380550e-03 6.010292e-03 -2.750875e-02
    endloop
  endfacet
  facet normal -2.419309e-02 9.997018e-01 -3.313471e-03
    outer loop
      vertex 1.606548e-02 1.071615e-02 -6.118413e-03
      vertex 1.576612e-02 1.071253e-02 -5.023781e-03
      vertex 1.692856e-02 1.073976e-02 -5.295074e-03
    endloop
  endfacet
  facet normal -1.490293e-02 9.998886e-01 -7.722357e-04
    outer loop
      vertex 1.576612e-02 1.071253e-02 -5.023781e-03
      vertex 1.606548e-02 1.071615e-02 -6.118413e-03
      vertex 1.492537e-02 1.069913e-02 -6.147735e-03
    endloop
  endfacet
  facet normal -5.318027e-03 9.999846e-01 -1.561668e-03
    outer loop
      vertex 1.449053e-02 1.070017e-02 -7.577139e-04
      vertex 1.431146e-02 1.069727e-02 -2.006798e-03
      vertex 1.339070e-02 1.069460e-02 -5.811550e-04
    endloop
  endfacet
  facet normal -1.221982e-02 9.999251e-01 -7.021811e-04
    outer loop
      vertex 1.590794e-02 1.070442e-02 -1.098083e-02
      vertex 1.623093e-02 1.070742e-02 -1.232649e-02
      vertex 1.536570e-02 1.069731e-02 -1.166741e-02
    endloop
  endfacet
  facet normal 1.621500e-01 9.865989e-01 1.816798e-02
    outer loop
      vertex -3.716921e-03 1.213127e-02 -6.033300e-04
      vertex -3.342780e-03 1.205178e-02 3.742814e-04
      vertex -2.573147e-03 1.195374e-02 -1.171065e-03
    endloop
  endfacet
  facet normal 1.848613e-01 9.825462e-01 2.071648e-02
    outer loop
      vertex -6.117637e-03 1.255924e-02 -2.504460e-04
      vertex -5.710695e-03 1.246199e-02 7.306062e-04
      vertex -5.022706e-03 1.236554e-02 -8.341453e-04
    endloop
  endfacet
  facet normal 2.362413e-01 9.713692e-01 2.513764e-02
    outer loop
      vertex -1.115617e-02 1.370371e-02 -1.759062e-03
      vertex -1.105964e-02 1.362763e-02 2.737587e-04
      vertex -1.043019e-02 1.351061e-02 -1.119888e-03
    endloop
  endfacet
  facet normal 2.418402e-01 9.699986e-01 2.482045e-02
    outer loop
      vertex -1.105964e-02 1.362763e-02 2.737587e-04
      vertex -1.115617e-02 1.370371e-02 -1.759062e-03
      vertex -1.194572e-02 1.385573e-02 -6.865136e-06
    endloop
  endfacet
  facet normal 2.516802e-01 9.674692e-01 2.569787e-02
    outer loop
      vertex -1.194572e-02 1.385573e-02 -6.865136e-06
      vertex -1.217482e-02 1.396498e-02 -1.876345e-03
      vertex -1.284675e-02 1.411146e-02 -8.103684e-04
    endloop
  endfacet
  facet normal 2.775143e-01 9.602910e-01 2.875764e-02
    outer loop
      vertex -1.461079e-02 1.460213e-02 -1.047548e-03
      vertex -1.485398e-02 1.471624e-02 -2.511364e-03
      vertex -1.567596e-02 1.488426e-02 -1.896437e-04
    endloop
  endfacet
  facet normal -2.794873e-02 9.996034e-01 -3.463766e-03
    outer loop
      vertex 1.723428e-02 1.073998e-02 -8.160920e-03
      vertex 1.667828e-02 1.072725e-02 -7.349888e-03
      vertex 1.740809e-02 1.075056e-02 -6.510370e-03
    endloop
  endfacet
  facet normal 1.684981e-01 9.855470e-01 1.747862e-02
    outer loop
      vertex -3.266249e-03 1.207963e-02 -1.972400e-03
      vertex -3.144317e-03 1.209554e-02 -4.044643e-03
      vertex -4.082222e-03 1.223005e-02 -2.587856e-03
    endloop
  endfacet
  facet normal 1.590023e-01 9.871330e-01 1.693205e-02
    outer loop
      vertex -3.144317e-03 1.209554e-02 -4.044643e-03
      vertex -3.266249e-03 1.207963e-02 -1.972400e-03
      vertex -2.223729e-03 1.192158e-02 -2.547956e-03
    endloop
  endfacet
  facet normal -1.165727e-02 9.999314e-01 -1.146532e-03
    outer loop
      vertex 1.518155e-02 1.069731e-02 -9.794180e-03
      vertex 1.590794e-02 1.070442e-02 -1.098083e-02
      vertex 1.536570e-02 1.069731e-02 -1.166741e-02
    endloop
  endfacet
  facet normal -1.823527e-02 9.998332e-01 -1.026575e-03
    outer loop
      vertex 1.590794e-02 1.070442e-02 -1.098083e-02
      vertex 1.640863e-02 1.071440e-02 -1.014987e-02
      vertex 1.688328e-02 1.072168e-02 -1.149411e-02
    endloop
  endfacet
  facet normal -1.953772e-02 9.998047e-01 -2.962389e-03
    outer loop
      vertex 1.583227e-02 1.070658e-02 -8.987576e-03
      vertex 1.677785e-02 1.072579e-02 -8.741884e-03
      vertex 1.640863e-02 1.071440e-02 -1.014987e-02
    endloop
  endfacet
  facet normal 2.938388e-01 9.553498e-01 3.107378e-02
    outer loop
      vertex -1.714829e-02 1.539131e-02 -2.061955e-03
      vertex -1.646367e-02 1.514837e-02 -1.066863e-03
      vertex -1.614687e-02 1.509752e-02 -2.499323e-03
    endloop
  endfacet
  facet normal 5.143893e-02 9.986503e-01 7.188277e-03
    outer loop
      vertex 8.510920e-03 1.081225e-02 -7.260045e-04
      vertex 8.838163e-03 1.080798e-02 -2.475373e-03
      vertex 7.840438e-03 1.085286e-02 -1.569570e-03
    endloop
  endfacet
  facet normal -7.032657e-01 7.070898e-01 -7.376562e-02
    outer loop
      vertex -2.816522e-02 8.332840e-03 -2.355282e-02
      vertex -2.857825e-02 8.141779e-03 -2.144655e-02
      vertex -2.755510e-02 9.130274e-03 -2.172571e-02
    endloop
  endfacet
  facet normal -7.033007e-01 7.070543e-01 -7.377231e-02
    outer loop
      vertex -2.670570e-02 9.262436e-03 -2.855680e-02
      vertex -2.686502e-02 9.223147e-03 -2.741441e-02
      vertex -2.619119e-02 9.689753e-03 -2.936628e-02
    endloop
  endfacet
  facet normal -7.032757e-01 7.070808e-01 -7.375734e-02
    outer loop
      vertex -2.649633e-02 9.704494e-03 -2.631545e-02
      vertex -2.619119e-02 9.689753e-03 -2.936628e-02
      vertex -2.686502e-02 9.223147e-03 -2.741441e-02
    endloop
  endfacet
  facet normal -7.032646e-01 7.070907e-01 -7.376720e-02
    outer loop
      vertex -2.773336e-02 9.221631e-03 -1.915047e-02
      vertex -2.716583e-02 9.804244e-03 -1.897648e-02
      vertex -2.712560e-02 9.751627e-03 -1.986431e-02
    endloop
  endfacet
  facet normal -7.032644e-01 7.070911e-01 -7.376537e-02
    outer loop
      vertex -2.996490e-02 7.264150e-03 -1.663913e-02
      vertex -2.926343e-02 8.052094e-03 -1.577389e-02
      vertex -2.925383e-02 7.867397e-03 -1.763586e-02
    endloop
  endfacet
  facet normal -7.032732e-01 7.070680e-01 -7.390266e-02
    outer loop
      vertex -2.948210e-02 7.264212e-03 -2.124149e-02
      vertex -2.857825e-02 8.141779e-03 -2.144655e-02
      vertex -2.939175e-02 7.264100e-03 -2.210231e-02
    endloop
  endfacet
  facet normal -2.359948e-05 1.000000e+00 1.255832e-05
    outer loop
      vertex -2.340446e-02 9.804243e-03 -1.044185e-02
      vertex -2.240670e-02 9.804278e-03 -1.137662e-02
      vertex -2.397653e-02 9.804237e-03 -1.106124e-02
    endloop
  endfacet
  facet normal -2.491860e-05 1.000000e+00 1.000532e-05
    outer loop
      vertex -2.691494e-02 9.804176e-03 -1.214986e-02
      vertex -2.737970e-02 9.804152e-03 -1.092445e-02
      vertex -2.601617e-02 9.804193e-03 -1.153183e-02
    endloop
  endfacet
  facet normal -2.578130e-05 1.000000e+00 9.700891e-06
    outer loop
      vertex -2.443742e-02 9.804245e-03 -1.293585e-02
      vertex -2.515746e-02 9.804211e-03 -1.131036e-02
      vertex -2.370108e-02 9.804258e-03 -1.235525e-02
    endloop
  endfacet
  facet normal -2.491352e-05 1.000000e+00 1.091041e-05
    outer loop
      vertex -2.370108e-02 9.804258e-03 -1.235525e-02
      vertex -2.515746e-02 9.804211e-03 -1.131036e-02
      vertex -2.397653e-02 9.804237e-03 -1.106124e-02
    endloop
  endfacet
  facet normal -8.976591e-03 9.999596e-01 4.188437e-04
    outer loop
      vertex -6.032253e-03 5.995493e-03 -2.810377e-02
      vertex -5.490093e-03 5.999796e-03 -2.675735e-02
      vertex -5.061544e-03 6.004186e-03 -2.805301e-02
    endloop
  endfacet
  facet normal -6.150277e-03 9.999809e-01 5.461422e-04
    outer loop
      vertex -6.454741e-03 5.995905e-03 -2.338664e-02
      vertex -6.227836e-03 5.996551e-03 -2.201442e-02
      vertex -5.648293e-03 6.000701e-03 -2.308647e-02
    endloop
  endfacet
  facet normal -1.900289e-02 9.998148e-01 -3.046677e-03
    outer loop
      vertex -4.426594e-03 6.001063e-03 -3.680224e-02
      vertex -4.746137e-03 5.998921e-03 -3.551208e-02
      vertex -3.644544e-03 6.014941e-03 -3.712584e-02
    endloop
  endfacet
  facet normal -1.151881e-02 9.999330e-01 -1.159498e-03
    outer loop
      vertex -5.477823e-03 5.996140e-03 -3.165514e-02
      vertex -4.749679e-03 6.005688e-03 -3.065455e-02
      vertex -4.492166e-03 6.007244e-03 -3.187054e-02
    endloop
  endfacet
  facet normal -1.864558e-02 9.998223e-01 -2.779712e-03
    outer loop
      vertex -4.485361e-03 6.018924e-03 -2.661682e-02
      vertex -5.061544e-03 6.004186e-03 -2.805301e-02
      vertex -5.490093e-03 5.999796e-03 -2.675735e-02
    endloop
  endfacet
  facet normal -2.942768e-02 9.995612e-01 -3.386242e-03
    outer loop
      vertex -3.644544e-03 6.014941e-03 -3.712584e-02
      vertex -4.097693e-03 6.009493e-03 -3.479607e-02
      vertex -3.036891e-03 6.034821e-03 -3.653852e-02
    endloop
  endfacet
  facet normal -5.187042e-02 9.986406e-01 -5.146096e-03
    outer loop
      vertex -3.612510e-03 6.062382e-03 -2.349363e-02
      vertex -3.937091e-03 6.055255e-03 -2.160500e-02
      vertex -3.215599e-03 6.089853e-03 -2.216325e-02
    endloop
  endfacet
  facet normal -5.552832e-02 9.984422e-01 -5.463545e-03
    outer loop
      vertex -2.694981e-03 6.070460e-03 -3.131971e-02
      vertex -2.231516e-03 6.102115e-03 -3.024539e-02
      vertex -1.824148e-03 6.115787e-03 -3.188716e-02
    endloop
  endfacet
  facet normal -1.061072e-01 9.942662e-01 -1.326704e-02
    outer loop
      vertex 1.349726e-03 6.344313e-03 -3.591314e-02
      vertex 9.468526e-04 6.316159e-03 -3.480097e-02
      vertex 1.777903e-03 6.408617e-03 -3.451852e-02
    endloop
  endfacet
  facet normal -1.007860e-01 9.948210e-01 -1.316464e-02
    outer loop
      vertex 9.175531e-04 6.379880e-03 -2.929050e-02
      vertex 7.656915e-04 6.342723e-03 -3.093575e-02
      vertex -2.544262e-04 6.255244e-03 -2.973647e-02
    endloop
  endfacet
  facet normal -1.338503e-01 9.908840e-01 -1.526651e-02
    outer loop
      vertex 2.742923e-03 6.526808e-03 -3.450342e-02
      vertex 3.313560e-03 6.612875e-03 -3.392030e-02
      vertex 3.947789e-03 6.674095e-03 -3.550742e-02
    endloop
  endfacet
  facet normal -1.468160e-01 9.889509e-01 -2.052232e-02
    outer loop
      vertex 3.947789e-03 6.674095e-03 -3.550742e-02
      vertex 3.313560e-03 6.612875e-03 -3.392030e-02
      vertex 4.411056e-03 6.765616e-03 -3.441131e-02
    endloop
  endfacet
  facet normal -1.592680e-01 9.869819e-01 -2.236924e-02
    outer loop
      vertex 4.381642e-03 6.878714e-03 -2.881958e-02
      vertex 4.141664e-03 6.801905e-03 -3.049993e-02
      vertex 3.198814e-03 6.691816e-03 -2.864423e-02
    endloop
  endfacet
  facet normal -1.574694e-01 9.873591e-01 -1.803887e-02
    outer loop
      vertex 2.882066e-03 6.674060e-03 -2.692061e-02
      vertex 2.729709e-03 6.681373e-03 -2.519032e-02
      vertex 3.738030e-03 6.821752e-03 -2.630878e-02
    endloop
  endfacet
  facet normal -1.712903e-01 9.851129e-01 -1.456967e-02
    outer loop
      vertex 2.630137e-03 6.741070e-03 -2.087760e-02
      vertex 2.905218e-03 6.809861e-03 -1.946036e-02
      vertex 3.909989e-03 6.969244e-03 -2.049659e-02
    endloop
  endfacet
  facet normal -1.881910e-01 9.818900e-01 -2.182360e-02
    outer loop
      vertex 3.909989e-03 6.969244e-03 -2.049659e-02
      vertex 4.805481e-03 7.152051e-03 -1.999377e-02
      vertex 4.917990e-03 7.147721e-03 -2.115881e-02
    endloop
  endfacet
  facet normal -2.259799e-01 9.736888e-01 -2.938015e-02
    outer loop
      vertex 6.731567e-03 7.467322e-03 -2.365305e-02
      vertex 7.523666e-03 7.651096e-03 -2.365508e-02
      vertex 7.117919e-03 7.512591e-03 -2.512446e-02
    endloop
  endfacet
  facet normal -2.194956e-01 9.753507e-01 -2.264271e-02
    outer loop
      vertex 5.525729e-03 7.277132e-03 -2.098309e-02
      vertex 5.600384e-03 7.350301e-03 -1.855499e-02
      vertex 6.370753e-03 7.507042e-03 -1.927112e-02
    endloop
  endfacet
  facet normal -2.770032e-01 9.600638e-01 -3.932986e-02
    outer loop
      vertex 1.005057e-02 8.321254e-03 -2.330215e-02
      vertex 9.531257e-03 8.235715e-03 -2.173260e-02
      vertex 1.083569e-02 8.556870e-03 -2.308027e-02
    endloop
  endfacet
  facet normal -2.856197e-01 9.572834e-01 -4.505416e-02
    outer loop
      vertex 1.202261e-02 8.822244e-03 -2.514300e-02
      vertex 1.191030e-02 8.708426e-03 -2.684939e-02
      vertex 1.128113e-02 8.578169e-03 -2.562836e-02
    endloop
  endfacet
  facet normal -2.973166e-01 9.535985e-01 -4.746218e-02
    outer loop
      vertex 1.160909e-02 8.892675e-03 -2.078721e-02
      vertex 1.127652e-02 8.758800e-03 -2.139371e-02
      vertex 1.037572e-02 8.534424e-03 -2.025891e-02
    endloop
  endfacet
  facet normal -3.215205e-01 9.456311e-01 -4.905475e-02
    outer loop
      vertex 1.281622e-02 9.237164e-03 -2.183033e-02
      vertex 1.241195e-02 9.152430e-03 -2.081404e-02
      vertex 1.367044e-02 9.524153e-03 -2.189686e-02
    endloop
  endfacet
  facet normal -3.281080e-01 9.432194e-01 -5.179016e-02
    outer loop
      vertex 1.297306e-02 9.345487e-03 -2.065877e-02
      vertex 1.245768e-02 9.222678e-03 -1.963025e-02
      vertex 1.341748e-02 9.522633e-03 -2.024806e-02
    endloop
  endfacet
  facet normal -3.140819e-01 9.483689e-01 -4.414682e-02
    outer loop
      vertex 1.241195e-02 9.152430e-03 -2.081404e-02
      vertex 1.245768e-02 9.222678e-03 -1.963025e-02
      vertex 1.297306e-02 9.345487e-03 -2.065877e-02
    endloop
  endfacet
  facet normal -1.270277e-01 9.918051e-01 -1.365736e-02
    outer loop
      vertex 3.316251e-03 6.575451e-03 -3.618242e-02
      vertex 2.816527e-03 6.490918e-03 -3.767331e-02
      vertex 2.623742e-03 6.481618e-03 -3.655556e-02
    endloop
  endfacet
  facet normal -1.154973e-01 9.932372e-01 -1.184513e-02
    outer loop
      vertex 2.623742e-03 6.481618e-03 -3.655556e-02
      vertex 1.990415e-03 6.390391e-03 -3.802980e-02
      vertex 1.820845e-03 6.386020e-03 -3.674292e-02
    endloop
  endfacet
  facet normal -1.021936e-01 9.947134e-01 -1.008711e-02
    outer loop
      vertex 1.820845e-03 6.386020e-03 -3.674292e-02
      vertex 1.990415e-03 6.390391e-03 -3.802980e-02
      vertex 8.944607e-04 6.286945e-03 -3.712762e-02
    endloop
  endfacet
  facet normal -4.850804e-02 9.988123e-01 -4.581196e-03
    outer loop
      vertex -1.441310e-03 6.102744e-03 -3.787567e-02
      vertex -1.404248e-03 6.098830e-03 -3.912142e-02
      vertex -2.438594e-03 6.052533e-03 -3.826324e-02
    endloop
  endfacet
  facet normal -2.216430e-02 9.997498e-01 -3.003771e-03
    outer loop
      vertex -3.187766e-03 6.025988e-03 -3.790315e-02
      vertex -3.250515e-03 6.019850e-03 -3.948316e-02
      vertex -4.258376e-03 6.001422e-03 -3.817971e-02
    endloop
  endfacet
  facet normal -8.960980e-03 9.999594e-01 -9.187068e-04
    outer loop
      vertex -4.258376e-03 6.001422e-03 -3.817971e-02
      vertex -4.145624e-03 6.001124e-03 -3.960386e-02
      vertex -4.945994e-03 5.995743e-03 -3.765363e-02
    endloop
  endfacet
  facet normal -3.902290e-01 9.200799e-01 -3.426819e-02
    outer loop
      vertex 1.457689e-02 1.043161e-02 -1.004249e-02
      vertex 1.518155e-02 1.069731e-02 -9.794180e-03
      vertex 1.472124e-02 1.045750e-02 -1.099110e-02
    endloop
  endfacet
  facet normal -1.132131e-03 9.999980e-01 1.647759e-03
    outer loop
      vertex -7.156026e-03 5.997557e-03 -2.005620e-02
      vertex -6.251273e-03 5.997895e-03 -1.963974e-02
      vertex -5.968290e-03 6.000141e-03 -2.080860e-02
    endloop
  endfacet
  facet normal -1.726584e-02 9.998484e-01 -2.258513e-03
    outer loop
      vertex -5.173286e-03 6.015913e-03 -1.990421e-02
      vertex -5.968290e-03 6.000141e-03 -2.080860e-02
      vertex -6.251273e-03 5.997895e-03 -1.963974e-02
    endloop
  endfacet
  facet normal -2.255978e-01 9.739993e-01 -2.076287e-02
    outer loop
      vertex 6.228198e-03 7.562886e-03 -1.544279e-02
      vertex 6.549775e-03 7.606462e-03 -1.689268e-02
      vertex 5.826375e-03 7.438166e-03 -1.692751e-02
    endloop
  endfacet
  facet normal -2.765776e-01 9.606023e-01 -2.735087e-02
    outer loop
      vertex 9.279348e-03 8.372451e-03 -1.548725e-02
      vertex 8.659901e-03 8.189515e-03 -1.564824e-02
      vertex 8.514016e-03 8.187009e-03 -1.426104e-02
    endloop
  endfacet
  facet normal -2.992300e-01 9.537788e-01 -2.770288e-02
    outer loop
      vertex 1.020119e-02 8.721031e-03 -1.325969e-02
      vertex 1.076625e-02 8.840879e-03 -1.523685e-02
      vertex 9.930358e-03 8.595823e-03 -1.464508e-02
    endloop
  endfacet
  facet normal 1.543628e-03 9.999931e-01 3.392455e-03
    outer loop
      vertex -5.738545e-03 5.999660e-03 -3.844768e-02
      vertex -4.945994e-03 5.995743e-03 -3.765363e-02
      vertex -4.145624e-03 6.001124e-03 -3.960386e-02
    endloop
  endfacet
  facet normal -6.868731e-02 9.976190e-01 -6.190492e-03
    outer loop
      vertex -3.003264e-03 6.118147e-03 -1.956518e-02
      vertex -2.858997e-03 6.135129e-03 -1.842919e-02
      vertex -2.300258e-03 6.158841e-03 -2.080752e-02
    endloop
  endfacet
  facet normal -1.064706e-01 9.942897e-01 -7.205486e-03
    outer loop
      vertex -9.748151e-04 6.264972e-03 -2.178564e-02
      vertex -5.087054e-04 6.321980e-03 -2.080649e-02
      vertex 4.110385e-05 6.375747e-03 -2.151127e-02
    endloop
  endfacet
  facet normal -1.215935e-01 9.925001e-01 -1.259360e-02
    outer loop
      vertex -3.543743e-05 6.384397e-03 -1.985686e-02
      vertex -4.374925e-04 6.360258e-03 -1.787730e-02
      vertex 5.718789e-04 6.468310e-03 -1.910737e-02
    endloop
  endfacet
  facet normal -1.339735e-01 9.909154e-01 -1.173929e-02
    outer loop
      vertex 1.171613e-03 6.555441e-03 -1.859707e-02
      vertex 5.718789e-04 6.468310e-03 -1.910737e-02
      vertex 4.472587e-04 6.468906e-03 -1.763485e-02
    endloop
  endfacet
  facet normal -1.717308e-01 9.849311e-01 -2.047575e-02
    outer loop
      vertex 4.960415e-03 6.867339e-03 -3.376926e-02
      vertex 5.386305e-03 6.961473e-03 -3.281318e-02
      vertex 6.153724e-03 7.072643e-03 -3.390197e-02
    endloop
  endfacet
  facet normal -1.657169e-01 9.860290e-01 -1.687172e-02
    outer loop
      vertex 3.226573e-03 6.910680e-03 -1.671556e-02
      vertex 2.712135e-03 6.799467e-03 -1.816227e-02
      vertex 2.106572e-03 6.715649e-03 -1.711287e-02
    endloop
  endfacet
  facet normal -3.282275e-01 9.430564e-01 -5.395648e-02
    outer loop
      vertex 1.398738e-02 9.503010e-03 -2.437530e-02
      vertex 1.470698e-02 9.797436e-03 -2.360677e-02
      vertex 1.493894e-02 9.812734e-03 -2.475047e-02
    endloop
  endfacet
  facet normal -2.759271e-01 9.607039e-01 -3.020516e-02
    outer loop
      vertex 9.056362e-03 8.226910e-03 -1.816403e-02
      vertex 9.179059e-03 8.302790e-03 -1.687144e-02
      vertex 9.683990e-03 8.402637e-03 -1.830829e-02
    endloop
  endfacet
  facet normal -3.440073e-01 9.377819e-01 -4.716014e-02
    outer loop
      vertex 1.420099e-02 9.740536e-03 -2.138532e-02
      vertex 1.407466e-02 9.755480e-03 -2.016664e-02
      vertex 1.489668e-02 1.001213e-02 -2.105936e-02
    endloop
  endfacet
  facet normal -3.150125e-01 9.485298e-01 -3.253155e-02
    outer loop
      vertex 1.076625e-02 8.840879e-03 -1.523685e-02
      vertex 1.020119e-02 8.721031e-03 -1.325969e-02
      vertex 1.138946e-02 9.073513e-03 -1.448864e-02
    endloop
  endfacet
  facet normal -3.285618e-01 9.438516e-01 -3.451436e-02
    outer loop
      vertex 1.237315e-02 9.466605e-03 -1.305338e-02
      vertex 1.234777e-02 9.404032e-03 -1.452290e-02
      vertex 1.168546e-02 9.206356e-03 -1.362380e-02
    endloop
  endfacet
  facet normal -3.718453e-01 9.275351e-01 -3.754743e-02
    outer loop
      vertex 1.475056e-02 1.036620e-02 -1.346575e-02
      vertex 1.351109e-02 9.899933e-03 -1.270914e-02
      vertex 1.448889e-02 1.030563e-02 -1.237067e-02
    endloop
  endfacet
  facet normal -1.456573e-01 9.892571e-01 -1.242575e-02
    outer loop
      vertex 1.729150e-03 6.643685e-03 -1.810719e-02
      vertex 2.213446e-03 6.699655e-03 -1.932831e-02
      vertex 1.171613e-03 6.555441e-03 -1.859707e-02
    endloop
  endfacet
  facet normal 3.216069e-01 9.464288e-01 2.900828e-02
    outer loop
      vertex -2.451569e-02 8.961266e-03 -2.503881e-02
      vertex -2.408902e-02 8.878409e-03 -2.706586e-02
      vertex -2.511073e-02 9.181707e-03 -2.563398e-02
    endloop
  endfacet
  facet normal 3.070076e-01 9.513591e-01 2.573381e-02
    outer loop
      vertex -2.408902e-02 8.878409e-03 -2.706586e-02
      vertex -2.451569e-02 8.961266e-03 -2.503881e-02
      vertex -2.343214e-02 8.645410e-03 -2.628874e-02
    endloop
  endfacet
  facet normal 2.735907e-01 9.615299e-01 2.466405e-02
    outer loop
      vertex -2.138510e-02 8.098873e-03 -2.862253e-02
      vertex -2.116841e-02 8.072962e-03 -3.001603e-02
      vertex -2.205547e-02 8.305052e-03 -2.922427e-02
    endloop
  endfacet
  facet normal 2.680845e-01 9.631086e-01 2.350543e-02
    outer loop
      vertex -2.135628e-02 8.192860e-03 -3.274860e-02
      vertex -2.145938e-02 8.180678e-03 -3.107357e-02
      vertex -2.068047e-02 8.005295e-03 -3.277110e-02
    endloop
  endfacet
  facet normal 2.823048e-01 9.590152e-01 2.437021e-02
    outer loop
      vertex -2.208921e-02 8.228748e-03 -2.580484e-02
      vertex -2.209281e-02 8.271917e-03 -2.746202e-02
      vertex -2.280075e-02 8.454277e-03 -2.643734e-02
    endloop
  endfacet
  facet normal 2.584103e-01 9.657504e-01 2.345650e-02
    outer loop
      vertex -2.116841e-02 8.072962e-03 -3.001603e-02
      vertex -2.078222e-02 7.933184e-03 -2.851558e-02
      vertex -2.032634e-02 7.845858e-03 -2.994252e-02
    endloop
  endfacet
  facet normal 2.555355e-01 9.665266e-01 2.297576e-02
    outer loop
      vertex -2.068047e-02 8.005295e-03 -3.277110e-02
      vertex -2.031416e-02 7.876050e-03 -3.140820e-02
      vertex -1.993404e-02 7.810922e-03 -3.289608e-02
    endloop
  endfacet
  facet normal 2.315373e-01 9.726084e-01 2.057625e-02
    outer loop
      vertex -1.941336e-02 7.617347e-03 -2.997148e-02
      vertex -1.914516e-02 7.526858e-03 -2.871221e-02
      vertex -1.879921e-02 7.473456e-03 -3.008084e-02
    endloop
  endfacet
  facet normal 2.347411e-01 9.718554e-01 1.983979e-02
    outer loop
      vertex -1.980635e-02 7.681364e-03 -2.845756e-02
      vertex -1.914516e-02 7.526858e-03 -2.871221e-02
      vertex -1.941336e-02 7.617347e-03 -2.997148e-02
    endloop
  endfacet
  facet normal 2.463038e-01 9.689756e-01 2.051009e-02
    outer loop
      vertex -1.946370e-02 7.658300e-03 -3.133397e-02
      vertex -1.993404e-02 7.810922e-03 -3.289608e-02
      vertex -2.031416e-02 7.876050e-03 -3.140820e-02
    endloop
  endfacet
  facet normal 2.378294e-01 9.710283e-01 2.326222e-02
    outer loop
      vertex -1.993404e-02 7.810922e-03 -3.289608e-02
      vertex -1.946370e-02 7.658300e-03 -3.133397e-02
      vertex -1.899525e-02 7.557552e-03 -3.191780e-02
    endloop
  endfacet
  facet normal 2.059054e-01 9.784360e-01 1.630976e-02
    outer loop
      vertex -1.725508e-02 7.110083e-03 -2.839784e-02
      vertex -1.751330e-02 7.192757e-03 -3.009762e-02
      vertex -1.812184e-02 7.315479e-03 -2.977726e-02
    endloop
  endfacet
  facet normal 1.881413e-01 9.820224e-01 1.532834e-02
    outer loop
      vertex -1.587186e-02 6.949021e-03 -3.466013e-02
      vertex -1.614524e-02 7.015336e-03 -3.555316e-02
      vertex -1.667049e-02 7.098027e-03 -3.440389e-02
    endloop
  endfacet
  facet normal 1.983265e-01 9.799292e-01 2.013393e-02
    outer loop
      vertex -1.730502e-02 7.240980e-03 -3.511116e-02
      vertex -1.667049e-02 7.098027e-03 -3.440389e-02
      vertex -1.614524e-02 7.015336e-03 -3.555316e-02
    endloop
  endfacet
  facet normal 1.792194e-01 9.836412e-01 1.817975e-02
    outer loop
      vertex -1.614524e-02 7.015336e-03 -3.555316e-02
      vertex -1.587186e-02 6.949021e-03 -3.466013e-02
      vertex -1.521441e-02 6.844235e-03 -3.547192e-02
    endloop
  endfacet
  facet normal 1.754000e-01 9.843831e-01 1.499073e-02
    outer loop
      vertex -1.587186e-02 6.949021e-03 -3.466013e-02
      vertex -1.527931e-02 6.837686e-03 -3.428246e-02
      vertex -1.521441e-02 6.844235e-03 -3.547192e-02
    endloop
  endfacet
  facet normal 1.500536e-01 9.886063e-01 1.189685e-02
    outer loop
      vertex -1.449157e-02 6.584145e-03 -2.497869e-02
      vertex -1.466707e-02 6.629925e-03 -2.656940e-02
      vertex -1.531017e-02 6.711868e-03 -2.526744e-02
    endloop
  endfacet
  facet normal 1.124162e-01 9.936050e-01 1.056449e-02
    outer loop
      vertex -1.222893e-02 6.397746e-03 -3.466809e-02
      vertex -1.209015e-02 6.369209e-03 -3.346085e-02
      vertex -1.152528e-02 6.321236e-03 -3.495977e-02
    endloop
  endfacet
  facet normal 1.221611e-01 9.924439e-01 1.147840e-02
    outer loop
      vertex -1.272982e-02 6.468075e-03 -3.541801e-02
      vertex -1.266605e-02 6.439426e-03 -3.361977e-02
      vertex -1.222893e-02 6.397746e-03 -3.466809e-02
    endloop
  endfacet
  facet normal 1.365112e-01 9.905567e-01 1.273007e-02
    outer loop
      vertex -1.372750e-02 6.607385e-03 -3.555942e-02
      vertex -1.370727e-02 6.589215e-03 -3.436254e-02
      vertex -1.272982e-02 6.468075e-03 -3.541801e-02
    endloop
  endfacet
  facet normal 1.049844e-01 9.944472e-01 7.280936e-03
    outer loop
      vertex -1.239629e-02 6.370871e-03 -3.011951e-02
      vertex -1.259229e-02 6.383335e-03 -2.899582e-02
      vertex -1.136804e-02 6.256688e-03 -2.935072e-02
    endloop
  endfacet
  facet normal 7.581081e-02 9.970977e-01 6.991786e-03
    outer loop
      vertex -1.012569e-02 6.191023e-03 -3.521786e-02
      vertex -9.565269e-03 6.139118e-03 -3.389234e-02
      vertex -9.339985e-03 6.130613e-03 -3.512212e-02
    endloop
  endfacet
  facet normal 7.312396e-02 9.973039e-01 6.157653e-03
    outer loop
      vertex -1.038384e-02 6.174225e-03 -2.994385e-02
      vertex -1.057843e-02 6.174007e-03 -2.759776e-02
      vertex -9.838859e-03 6.131456e-03 -2.948885e-02
    endloop
  endfacet
  facet normal 7.790480e-02 9.969440e-01 5.794739e-03
    outer loop
      vertex -1.029028e-02 6.130014e-03 -2.417738e-02
      vertex -1.050350e-02 6.157836e-03 -2.609732e-02
      vertex -1.118413e-02 6.202211e-03 -2.458135e-02
    endloop
  endfacet
  facet normal 6.154003e-02 9.980950e-01 4.370606e-03
    outer loop
      vertex -9.339985e-03 6.130613e-03 -3.512212e-02
      vertex -9.565269e-03 6.139118e-03 -3.389234e-02
      vertex -8.549316e-03 6.081084e-03 -3.494446e-02
    endloop
  endfacet
  facet normal 3.893656e-02 9.992357e-01 3.458814e-03
    outer loop
      vertex -7.585990e-03 6.031595e-03 -3.331215e-02
      vertex -7.334189e-03 6.028383e-03 -3.521865e-02
      vertex -7.947495e-03 6.052466e-03 -3.527219e-02
    endloop
  endfacet
  facet normal 3.082259e-02 9.995220e-01 2.402704e-03
    outer loop
      vertex -7.959771e-03 6.033295e-03 -2.962361e-02
      vertex -8.064783e-03 6.033225e-03 -2.824753e-02
      vertex -7.294839e-03 6.011606e-03 -2.913098e-02
    endloop
  endfacet
  facet normal 2.940821e-02 9.995643e-01 2.528315e-03
    outer loop
      vertex -7.627822e-03 6.008668e-03 -2.380917e-02
      vertex -7.511134e-03 6.010018e-03 -2.570031e-02
      vertex -8.423831e-03 6.034256e-03 -2.466635e-02
    endloop
  endfacet
  facet normal 1.684916e-02 9.998567e-01 1.656543e-03
    outer loop
      vertex -7.511134e-03 6.010018e-03 -2.570031e-02
      vertex -7.011825e-03 5.998787e-03 -2.399986e-02
      vertex -6.828750e-03 5.998375e-03 -2.561359e-02
    endloop
  endfacet
  facet normal 1.657609e-02 9.998611e-01 1.736755e-03
    outer loop
      vertex -7.511134e-03 6.010018e-03 -2.570031e-02
      vertex -7.627822e-03 6.008668e-03 -2.380917e-02
      vertex -7.011825e-03 5.998787e-03 -2.399986e-02
    endloop
  endfacet
  facet normal 3.451584e-01 9.380434e-01 3.066232e-02
    outer loop
      vertex -2.619119e-02 9.689753e-03 -2.936628e-02
      vertex -2.575122e-02 9.475168e-03 -2.775416e-02
      vertex -2.562856e-02 9.466973e-03 -2.888425e-02
    endloop
  endfacet
  facet normal 5.505692e-03 9.999841e-01 1.205108e-03
    outer loop
      vertex -5.477823e-03 5.996140e-03 -3.165514e-02
      vertex -6.396948e-03 6.001775e-03 -3.213207e-02
      vertex -6.181693e-03 5.998770e-03 -3.062196e-02
    endloop
  endfacet
  facet normal 2.573910e-04 9.999988e-01 1.543203e-03
    outer loop
      vertex -6.828750e-03 5.998375e-03 -2.561359e-02
      vertex -5.490093e-03 5.999796e-03 -2.675735e-02
      vertex -6.853024e-03 6.000565e-03 -2.702812e-02
    endloop
  endfacet
  facet normal 3.328275e-01 9.426839e-01 2.393576e-02
    outer loop
      vertex -2.562856e-02 9.466973e-03 -2.888425e-02
      vertex -2.459699e-02 9.103926e-03 -2.893004e-02
      vertex -2.519322e-02 9.329449e-03 -2.952137e-02
    endloop
  endfacet
  facet normal 2.801099e-01 9.596624e-01 2.422057e-02
    outer loop
      vertex -2.221459e-02 8.420599e-03 -3.184570e-02
      vertex -2.145938e-02 8.180678e-03 -3.107357e-02
      vertex -2.135628e-02 8.192860e-03 -3.274860e-02
    endloop
  endfacet
  facet normal 5.484255e-03 9.999849e-01 -2.824968e-04
    outer loop
      vertex -6.454741e-03 5.995905e-03 -2.338664e-02
      vertex -6.436160e-03 5.995518e-03 -2.439650e-02
      vertex -7.011825e-03 5.998787e-03 -2.399986e-02
    endloop
  endfacet
  facet normal -2.148021e-02 9.997679e-01 -1.679089e-03
    outer loop
      vertex 1.667828e-02 1.072725e-02 -7.349888e-03
      vertex 1.581065e-02 1.070853e-02 -7.395463e-03
      vertex 1.606548e-02 1.071615e-02 -6.118413e-03
    endloop
  endfacet
  facet normal -2.276827e-02 9.997398e-01 -1.414513e-03
    outer loop
      vertex 1.529424e-02 1.070890e-02 -2.195635e-03
      vertex 1.555375e-02 1.071653e-02 -9.798175e-04
      vertex 1.641125e-02 1.073421e-02 -2.285823e-03
    endloop
  endfacet
  facet normal -4.886016e-03 9.999876e-01 9.464373e-04
    outer loop
      vertex 1.359731e-02 1.069497e-02 -3.265192e-03
      vertex 1.431146e-02 1.069727e-02 -2.006798e-03
      vertex 1.479655e-02 1.070076e-02 -3.191421e-03
    endloop
  endfacet
  facet normal 3.319229e-04 9.999979e-01 -2.014783e-03
    outer loop
      vertex 1.431146e-02 1.069727e-02 -2.006798e-03
      vertex 1.359731e-02 1.069497e-02 -3.265192e-03
      vertex 1.299280e-02 1.069688e-02 -2.416213e-03
    endloop
  endfacet
  facet normal -1.484549e-02 9.998853e-01 -3.003724e-03
    outer loop
      vertex 1.606548e-02 1.071615e-02 -6.118413e-03
      vertex 1.581065e-02 1.070853e-02 -7.395463e-03
      vertex 1.492537e-02 1.069913e-02 -6.147735e-03
    endloop
  endfacet
  facet normal -1.623601e-02 9.998658e-01 -2.165767e-03
    outer loop
      vertex 1.583310e-02 1.071720e-02 -3.369405e-03
      vertex 1.576612e-02 1.071253e-02 -5.023781e-03
      vertex 1.479655e-02 1.070076e-02 -3.191421e-03
    endloop
  endfacet
  facet normal -1.222882e-02 9.999231e-01 -2.060585e-03
    outer loop
      vertex 1.479655e-02 1.070076e-02 -3.191421e-03
      vertex 1.431146e-02 1.069727e-02 -2.006798e-03
      vertex 1.529424e-02 1.070890e-02 -2.195635e-03
    endloop
  endfacet
  facet normal -1.264566e-02 9.999200e-01 -2.656399e-04
    outer loop
      vertex 1.455174e-02 1.069726e-02 -4.690249e-03
      vertex 1.479655e-02 1.070076e-02 -3.191421e-03
      vertex 1.576612e-02 1.071253e-02 -5.023781e-03
    endloop
  endfacet
  facet normal -1.482183e-02 9.998854e-01 -3.083959e-03
    outer loop
      vertex 1.590794e-02 1.070442e-02 -1.098083e-02
      vertex 1.518155e-02 1.069731e-02 -9.794180e-03
      vertex 1.640863e-02 1.071440e-02 -1.014987e-02
    endloop
  endfacet
  facet normal -2.175894e-02 9.997566e-01 3.631853e-03
    outer loop
      vertex 1.505151e-02 1.069663e-02 -8.668571e-03
      vertex 1.581065e-02 1.070853e-02 -7.395463e-03
      vertex 1.667828e-02 1.072725e-02 -7.349888e-03
    endloop
  endfacet
  facet normal 1.738571e-03 9.999940e-01 2.995897e-03
    outer loop
      vertex 1.339070e-02 1.069460e-02 -5.811550e-04
      vertex 1.431146e-02 1.069727e-02 -2.006798e-03
      vertex 1.268977e-02 1.069766e-02 -1.196851e-03
    endloop
  endfacet
  facet normal 1.556627e-02 9.998788e-01 2.964693e-04
    outer loop
      vertex 1.120539e-02 1.071653e-02 4.455058e-05
      vertex 1.226024e-02 1.069997e-02 4.888492e-04
      vertex 1.174021e-02 1.070849e-02 -9.419702e-04
    endloop
  endfacet
  facet normal 1.103905e-02 9.999369e-01 2.103698e-03
    outer loop
      vertex 1.268977e-02 1.069766e-02 -1.196851e-03
      vertex 1.299280e-02 1.069688e-02 -2.416213e-03
      vertex 1.182399e-02 1.070955e-02 -2.305053e-03
    endloop
  endfacet
  facet normal 2.247913e-02 9.997450e-01 2.156568e-03
    outer loop
      vertex 1.174021e-02 1.070849e-02 -9.419702e-04
      vertex 1.182399e-02 1.070955e-02 -2.305053e-03
      vertex 1.084618e-02 1.073057e-02 -1.858181e-03
    endloop
  endfacet
  facet normal 2.123538e-02 9.997688e-01 3.370782e-03
    outer loop
      vertex 1.084618e-02 1.073057e-02 -1.858181e-03
      vertex 1.120539e-02 1.071653e-02 4.455058e-05
      vertex 1.174021e-02 1.070849e-02 -9.419702e-04
    endloop
  endfacet
  facet normal 6.852652e-02 9.976193e-01 7.733099e-03
    outer loop
      vertex 5.911538e-03 1.096777e-02 -5.791206e-04
      vertex 6.354182e-03 1.092694e-02 7.659414e-04
      vertex 6.799479e-03 1.090564e-02 -4.322864e-04
    endloop
  endfacet
  facet normal 7.792008e-02 9.969190e-01 9.002540e-03
    outer loop
      vertex 5.369262e-03 1.099743e-02 8.294404e-04
      vertex 5.911538e-03 1.096777e-02 -5.791206e-04
      vertex 4.895447e-03 1.104454e-02 -2.858007e-04
    endloop
  endfacet
  facet normal 8.715209e-02 9.961511e-01 9.354495e-03
    outer loop
      vertex 4.895447e-03 1.104454e-02 -2.858007e-04
      vertex 3.964214e-03 1.112878e-02 -5.808101e-04
      vertex 4.103540e-03 1.110425e-02 7.331544e-04
    endloop
  endfacet
  facet normal 9.650561e-02 9.952974e-01 8.346754e-03
    outer loop
      vertex 4.103540e-03 1.110425e-02 7.331544e-04
      vertex 3.964214e-03 1.112878e-02 -5.808101e-04
      vertex 2.980161e-03 1.122382e-02 -5.356445e-04
    endloop
  endfacet
  facet normal 1.068935e-01 9.941902e-01 1.263555e-02
    outer loop
      vertex 2.980161e-03 1.122382e-02 -5.356445e-04
      vertex 1.916433e-03 1.134402e-02 -9.943636e-04
      vertex 2.179079e-03 1.129818e-02 3.905187e-04
    endloop
  endfacet
  facet normal 1.123004e-01 9.936067e-01 1.159082e-02
    outer loop
      vertex 2.179079e-03 1.129818e-02 3.905187e-04
      vertex 1.916433e-03 1.134402e-02 -9.943636e-04
      vertex 1.338034e-03 1.139378e-02 3.439959e-04
    endloop
  endfacet
  facet normal 1.172545e-01 9.930066e-01 1.375418e-02
    outer loop
      vertex 1.338034e-03 1.139378e-02 3.439959e-04
      vertex 1.916433e-03 1.134402e-02 -9.943636e-04
      vertex 8.359290e-04 1.146918e-02 -8.196945e-04
    endloop
  endfacet
  facet normal 1.273805e-01 9.916935e-01 1.783823e-02
    outer loop
      vertex -3.523802e-04 1.162668e-02 -1.090049e-03
      vertex 6.988893e-05 1.156254e-02 -5.397263e-04
      vertex 8.359290e-04 1.146918e-02 -8.196945e-04
    endloop
  endfacet
  facet normal 1.355700e-01 9.906820e-01 1.303314e-02
    outer loop
      vertex -3.608200e-05 1.156142e-02 5.804064e-04
      vertex -3.523802e-04 1.162668e-02 -1.090049e-03
      vertex -1.187459e-03 1.172476e-02 1.416234e-04
    endloop
  endfacet
  facet normal 1.402964e-01 9.899755e-01 1.629392e-02
    outer loop
      vertex -3.523802e-04 1.162668e-02 -1.090049e-03
      vertex -1.573343e-03 1.180332e-02 -1.309339e-03
      vertex -1.187459e-03 1.172476e-02 1.416234e-04
    endloop
  endfacet
  facet normal 1.453334e-01 9.892703e-01 1.491614e-02
    outer loop
      vertex -1.187459e-03 1.172476e-02 1.416234e-04
      vertex -1.573343e-03 1.180332e-02 -1.309339e-03
      vertex -1.915017e-03 1.183877e-02 -3.308967e-04
    endloop
  endfacet
  facet normal 1.609994e-01 9.868284e-01 1.577810e-02
    outer loop
      vertex -3.266249e-03 1.207963e-02 -1.972400e-03
      vertex -3.716921e-03 1.213127e-02 -6.033300e-04
      vertex -2.573147e-03 1.195374e-02 -1.171065e-03
    endloop
  endfacet
  facet normal 1.690500e-01 9.854342e-01 1.848080e-02
    outer loop
      vertex -3.716921e-03 1.213127e-02 -6.033300e-04
      vertex -3.266249e-03 1.207963e-02 -1.972400e-03
      vertex -4.245472e-03 1.223864e-02 -1.493660e-03
    endloop
  endfacet
  facet normal 1.856054e-01 9.824622e-01 1.785292e-02
    outer loop
      vertex -5.022706e-03 1.236554e-02 -8.341453e-04
      vertex -5.087471e-03 1.239592e-02 -1.832410e-03
      vertex -6.089861e-03 1.257959e-02 -1.518628e-03
    endloop
  endfacet
  facet normal 1.959907e-01 9.804013e-01 2.002062e-02
    outer loop
      vertex -6.117637e-03 1.255924e-02 -2.504460e-04
      vertex -6.089861e-03 1.257959e-02 -1.518628e-03
      vertex -7.268600e-03 1.279286e-02 -4.233149e-04
    endloop
  endfacet
  facet normal 1.956936e-01 9.804674e-01 1.968801e-02
    outer loop
      vertex -6.089861e-03 1.257959e-02 -1.518628e-03
      vertex -6.971483e-03 1.276463e-02 -1.970736e-03
      vertex -7.268600e-03 1.279286e-02 -4.233149e-04
    endloop
  endfacet
  facet normal 2.216818e-01 9.748940e-01 2.095047e-02
    outer loop
      vertex -9.040403e-03 1.320422e-02 -1.787346e-03
      vertex -9.722305e-03 1.334939e-02 -1.327139e-03
      vertex -8.560465e-03 1.306062e-02 -1.834878e-04
    endloop
  endfacet
  facet normal 2.289655e-01 9.731114e-01 2.508159e-02
    outer loop
      vertex -1.055421e-02 1.358710e-02 -2.955590e-03
      vertex -1.043019e-02 1.351061e-02 -1.119888e-03
      vertex -9.722305e-03 1.334939e-02 -1.327139e-03
    endloop
  endfacet
  facet normal 2.367932e-01 9.712517e-01 2.447527e-02
    outer loop
      vertex -1.043019e-02 1.351061e-02 -1.119888e-03
      vertex -1.055421e-02 1.358710e-02 -2.955590e-03
      vertex -1.115617e-02 1.370371e-02 -1.759062e-03
    endloop
  endfacet
  facet normal 2.454889e-01 9.690358e-01 2.654814e-02
    outer loop
      vertex -1.217482e-02 1.396498e-02 -1.876345e-03
      vertex -1.194572e-02 1.385573e-02 -6.865136e-06
      vertex -1.115617e-02 1.370371e-02 -1.759062e-03
    endloop
  endfacet
  facet normal 2.508298e-01 9.676626e-01 2.671308e-02
    outer loop
      vertex -1.284675e-02 1.411146e-02 -8.103684e-04
      vertex -1.289492e-02 1.409416e-02 2.689089e-04
      vertex -1.194572e-02 1.385573e-02 -6.865136e-06
    endloop
  endfacet
  facet normal 2.691203e-01 9.626956e-01 2.813351e-02
    outer loop
      vertex -1.461079e-02 1.460213e-02 -1.047548e-03
      vertex -1.475423e-02 1.460824e-02 1.155714e-04
      vertex -1.382753e-02 1.435487e-02 -7.915263e-05
    endloop
  endfacet
  facet normal 2.710149e-01 9.621082e-01 2.997908e-02
    outer loop
      vertex -1.385058e-02 1.440694e-02 -1.655935e-03
      vertex -1.485398e-02 1.471624e-02 -2.511364e-03
      vertex -1.461079e-02 1.460213e-02 -1.047548e-03
    endloop
  endfacet
  facet normal -2.250797e-02 9.997434e-01 -2.535728e-03
    outer loop
      vertex 1.640863e-02 1.071440e-02 -1.014987e-02
      vertex 1.708240e-02 1.073096e-02 -9.603151e-03
      vertex 1.688328e-02 1.072168e-02 -1.149411e-02
    endloop
  endfacet
  facet normal -2.726727e-02 9.996237e-01 -2.996273e-03
    outer loop
      vertex 1.667828e-02 1.072725e-02 -7.349888e-03
      vertex 1.723428e-02 1.073998e-02 -8.160920e-03
      vertex 1.677785e-02 1.072579e-02 -8.741884e-03
    endloop
  endfacet
  facet normal -3.719655e-02 9.992991e-01 -4.220600e-03
    outer loop
      vertex 1.774389e-02 1.077508e-02 -3.321488e-03
      vertex 1.698208e-02 1.075482e-02 -1.404464e-03
      vertex 1.790251e-02 1.078735e-02 -1.815189e-03
    endloop
  endfacet
  facet normal 2.020358e-01 9.791794e-01 1.973037e-02
    outer loop
      vertex -6.534993e-03 1.270354e-02 -3.261755e-03
      vertex -7.189477e-03 1.285941e-02 -4.295347e-03
      vertex -7.370493e-03 1.288002e-02 -3.464831e-03
    endloop
  endfacet
  facet normal 2.015433e-01 9.792368e-01 2.180636e-02
    outer loop
      vertex -7.370493e-03 1.288002e-02 -3.464831e-03
      vertex -6.971483e-03 1.276463e-02 -1.970736e-03
      vertex -6.534993e-03 1.270354e-02 -3.261755e-03
    endloop
  endfacet
  facet normal 1.919835e-01 9.812116e-01 1.913631e-02
    outer loop
      vertex -5.492004e-03 1.251933e-02 -4.279731e-03
      vertex -6.318268e-03 1.268150e-02 -4.305770e-03
      vertex -6.534993e-03 1.270354e-02 -3.261755e-03
    endloop
  endfacet
  facet normal 1.754312e-01 9.843357e-01 1.752406e-02
    outer loop
      vertex -4.098653e-03 1.225245e-02 -3.659696e-03
      vertex -4.631763e-03 1.235742e-02 -4.219180e-03
      vertex -4.876545e-03 1.237683e-02 -2.858809e-03
    endloop
  endfacet
  facet normal 1.757947e-01 9.842655e-01 1.782183e-02
    outer loop
      vertex -4.082222e-03 1.223005e-02 -2.587856e-03
      vertex -4.876545e-03 1.237683e-02 -2.858809e-03
      vertex -5.087471e-03 1.239592e-02 -1.832410e-03
    endloop
  endfacet
  facet normal 1.751755e-01 9.843767e-01 1.777545e-02
    outer loop
      vertex -4.631763e-03 1.235742e-02 -4.219180e-03
      vertex -4.098653e-03 1.225245e-02 -3.659696e-03
      vertex -3.807343e-03 1.220915e-02 -4.132821e-03
    endloop
  endfacet
  facet normal 1.672362e-01 9.858344e-01 1.275374e-02
    outer loop
      vertex -3.144317e-03 1.209554e-02 -4.044643e-03
      vertex -3.807343e-03 1.220915e-02 -4.132821e-03
      vertex -4.098653e-03 1.225245e-02 -3.659696e-03
    endloop
  endfacet
  facet normal 1.512738e-01 9.883613e-01 1.606696e-02
    outer loop
      vertex -1.498957e-03 1.181499e-02 -2.769506e-03
      vertex -1.213242e-03 1.178688e-02 -3.730228e-03
      vertex -2.288129e-03 1.195440e-02 -3.914881e-03
    endloop
  endfacet
  facet normal 1.501362e-01 9.885431e-01 1.554725e-02
    outer loop
      vertex -2.223729e-03 1.192158e-02 -2.547956e-03
      vertex -1.573343e-03 1.180332e-02 -1.309339e-03
      vertex -1.498957e-03 1.181499e-02 -2.769506e-03
    endloop
  endfacet
  facet normal 1.304087e-01 9.913607e-01 1.405200e-02
    outer loop
      vertex 6.308734e-04 1.153047e-02 -3.370907e-03
      vertex -4.092246e-04 1.167023e-02 -3.578000e-03
      vertex -5.000890e-04 1.166245e-02 -2.185859e-03
    endloop
  endfacet
  facet normal 8.971883e-02 9.959020e-01 1.138756e-02
    outer loop
      vertex 4.338313e-03 1.110506e-02 -1.603703e-03
      vertex 5.184142e-03 1.103981e-02 -2.561300e-03
      vertex 3.831076e-03 1.116399e-02 -2.760706e-03
    endloop
  endfacet
  facet normal 7.555380e-02 9.971018e-01 8.923835e-03
    outer loop
      vertex 5.184142e-03 1.103981e-02 -2.561300e-03
      vertex 5.495963e-03 1.100870e-02 -1.724977e-03
      vertex 6.311289e-03 1.095342e-02 -2.451710e-03
    endloop
  endfacet
  facet normal 5.790436e-02 9.983008e-01 6.530373e-03
    outer loop
      vertex 7.840438e-03 1.085286e-02 -1.569570e-03
      vertex 7.114212e-03 1.090049e-02 -2.412165e-03
      vertex 6.995877e-03 1.089981e-02 -1.259539e-03
    endloop
  endfacet
  facet normal 5.748227e-02 9.983227e-01 6.895414e-03
    outer loop
      vertex 7.114212e-03 1.090049e-02 -2.412165e-03
      vertex 7.840438e-03 1.085286e-02 -1.569570e-03
      vertex 7.972216e-03 1.085112e-02 -2.416539e-03
    endloop
  endfacet
  facet normal -1.379546e-02 9.999036e-01 -1.544206e-03
    outer loop
      vertex 1.667740e-02 1.071273e-02 -1.344918e-02
      vertex 1.573622e-02 1.069773e-02 -1.475400e-02
      vertex 1.554146e-02 1.069745e-02 -1.319504e-02
    endloop
  endfacet
  facet normal -2.287138e-02 9.997362e-01 -2.087644e-03
    outer loop
      vertex 1.640863e-02 1.071440e-02 -1.014987e-02
      vertex 1.677785e-02 1.072579e-02 -8.741884e-03
      vertex 1.708240e-02 1.073096e-02 -9.603151e-03
    endloop
  endfacet
  facet normal -2.898932e-02 9.995764e-01 -2.558412e-03
    outer loop
      vertex 1.740809e-02 1.075056e-02 -6.510370e-03
      vertex 1.667828e-02 1.072725e-02 -7.349888e-03
      vertex 1.692856e-02 1.073976e-02 -5.295074e-03
    endloop
  endfacet
  facet normal -1.967004e-02 9.998035e-01 -2.453012e-03
    outer loop
      vertex 1.583227e-02 1.070658e-02 -8.987576e-03
      vertex 1.667828e-02 1.072725e-02 -7.349888e-03
      vertex 1.677785e-02 1.072579e-02 -8.741884e-03
    endloop
  endfacet
  facet normal 5.879714e-02 9.982459e-01 6.932230e-03
    outer loop
      vertex 7.576036e-03 1.085321e-02 5.310255e-04
      vertex 6.995877e-03 1.089981e-02 -1.259539e-03
      vertex 6.799479e-03 1.090564e-02 -4.322864e-04
    endloop
  endfacet
  facet normal 8.731599e-02 9.961415e-01 8.834362e-03
    outer loop
      vertex 4.338313e-03 1.110506e-02 -1.603703e-03
      vertex 3.964214e-03 1.112878e-02 -5.808101e-04
      vertex 4.895447e-03 1.104454e-02 -2.858007e-04
    endloop
  endfacet
  facet normal 9.408694e-02 9.954996e-01 1.132557e-02
    outer loop
      vertex 3.459356e-03 1.118927e-02 -1.703405e-03
      vertex 3.964214e-03 1.112878e-02 -5.808101e-04
      vertex 4.338313e-03 1.110506e-02 -1.603703e-03
    endloop
  endfacet
  facet normal 1.040924e-01 9.944788e-01 1.329170e-02
    outer loop
      vertex 2.192821e-03 1.132701e-02 -2.090272e-03
      vertex 2.980161e-03 1.122382e-02 -5.356445e-04
      vertex 3.459356e-03 1.118927e-02 -1.703405e-03
    endloop
  endfacet
  facet normal 1.408253e-01 9.899448e-01 1.332448e-02
    outer loop
      vertex -3.523802e-04 1.162668e-02 -1.090049e-03
      vertex -5.000890e-04 1.166245e-02 -2.185859e-03
      vertex -1.573343e-03 1.180332e-02 -1.309339e-03
    endloop
  endfacet
  facet normal 1.948757e-01 9.805959e-01 2.133562e-02
    outer loop
      vertex -6.971483e-03 1.276463e-02 -1.970736e-03
      vertex -6.089861e-03 1.257959e-02 -1.518628e-03
      vertex -5.776942e-03 1.254308e-02 -2.698775e-03
    endloop
  endfacet
  facet normal 2.947380e-01 9.550605e-01 3.144715e-02
    outer loop
      vertex -1.736361e-02 1.539128e-02 -9.401426e-06
      vertex -1.666193e-02 1.517316e-02 3.853176e-05
      vertex -1.646367e-02 1.514837e-02 -1.066863e-03
    endloop
  endfacet
  facet normal 4.313641e-02 9.990533e-01 5.634194e-03
    outer loop
      vertex 8.510920e-03 1.081225e-02 -7.260045e-04
      vertex 9.609628e-03 1.076919e-02 -1.502476e-03
      vertex 8.838163e-03 1.080798e-02 -2.475373e-03
    endloop
  endfacet
  facet normal 5.013834e-02 9.987257e-01 5.751965e-03
    outer loop
      vertex 7.840438e-03 1.085286e-02 -1.569570e-03
      vertex 8.838163e-03 1.080798e-02 -2.475373e-03
      vertex 7.972216e-03 1.085112e-02 -2.416539e-03
    endloop
  endfacet
  facet normal 1.763873e-01 9.841469e-01 1.850224e-02
    outer loop
      vertex -4.245472e-03 1.223864e-02 -1.493660e-03
      vertex -5.087471e-03 1.239592e-02 -1.832410e-03
      vertex -5.022706e-03 1.236554e-02 -8.341453e-04
    endloop
  endfacet
  facet normal -7.032653e-01 7.070902e-01 -7.376625e-02
    outer loop
      vertex -2.834405e-02 8.985004e-03 -1.559649e-02
      vertex -2.824240e-02 9.187464e-03 -1.462489e-02
      vertex -2.755034e-02 9.804194e-03 -1.531114e-02
    endloop
  endfacet
  facet normal -7.032655e-01 7.070900e-01 -7.376549e-02
    outer loop
      vertex -2.731963e-02 9.804225e-03 -1.751034e-02
      vertex -2.773336e-02 9.221631e-03 -1.915047e-02
      vertex -2.829062e-02 8.843561e-03 -1.746167e-02
    endloop
  endfacet
  facet normal -7.032656e-01 7.070899e-01 -7.376565e-02
    outer loop
      vertex -2.829062e-02 8.843561e-03 -1.746167e-02
      vertex -2.834405e-02 8.985004e-03 -1.559649e-02
      vertex -2.739653e-02 9.804214e-03 -1.677727e-02
    endloop
  endfacet
  facet normal -7.032647e-01 7.070907e-01 -7.376682e-02
    outer loop
      vertex -2.668040e-02 9.713346e-03 -2.447573e-02
      vertex -2.743274e-02 8.967960e-03 -2.444810e-02
      vertex -2.722404e-02 9.309696e-03 -2.316203e-02
    endloop
  endfacet
  facet normal -7.032646e-01 7.070909e-01 -7.376564e-02
    outer loop
      vertex -2.755510e-02 9.130274e-03 -2.172571e-02
      vertex -2.712560e-02 9.751627e-03 -1.986431e-02
      vertex -2.705303e-02 9.731263e-03 -2.075142e-02
    endloop
  endfacet
  facet normal -7.032647e-01 7.070907e-01 -7.376640e-02
    outer loop
      vertex -2.668040e-02 9.713346e-03 -2.447573e-02
      vertex -2.713932e-02 9.126478e-03 -2.572596e-02
      vertex -2.743274e-02 8.967960e-03 -2.444810e-02
    endloop
  endfacet
  facet normal -7.032650e-01 7.070904e-01 -7.376658e-02
    outer loop
      vertex -2.926343e-02 8.052094e-03 -1.577389e-02
      vertex -2.916520e-02 8.361746e-03 -1.374224e-02
      vertex -2.824240e-02 9.187464e-03 -1.462489e-02
    endloop
  endfacet
  facet normal -7.032648e-01 7.070906e-01 -7.376617e-02
    outer loop
      vertex -2.770414e-02 9.804175e-03 -1.384500e-02
      vertex -2.824240e-02 9.187464e-03 -1.462489e-02
      vertex -2.916520e-02 8.361746e-03 -1.374224e-02
    endloop
  endfacet
  facet normal -7.032650e-01 7.070902e-01 -7.376791e-02
    outer loop
      vertex -2.773336e-02 9.221631e-03 -1.915047e-02
      vertex -2.712560e-02 9.751627e-03 -1.986431e-02
      vertex -2.814675e-02 8.697944e-03 -2.022917e-02
    endloop
  endfacet
  facet normal -7.032657e-01 7.070899e-01 -7.376507e-02
    outer loop
      vertex -2.755510e-02 9.130274e-03 -2.172571e-02
      vertex -2.814675e-02 8.697944e-03 -2.022917e-02
      vertex -2.712560e-02 9.751627e-03 -1.986431e-02
    endloop
  endfacet
  facet normal -7.032649e-01 7.070906e-01 -7.376607e-02
    outer loop
      vertex -2.982697e-02 7.615738e-03 -1.458402e-02
      vertex -2.979727e-02 7.796123e-03 -1.313808e-02
      vertex -2.916520e-02 8.361746e-03 -1.374224e-02
    endloop
  endfacet
  facet normal -7.032649e-01 7.070906e-01 -7.376592e-02
    outer loop
      vertex -2.925383e-02 7.867397e-03 -1.763586e-02
      vertex -2.829062e-02 8.843561e-03 -1.746167e-02
      vertex -2.888678e-02 8.016295e-03 -1.970789e-02
    endloop
  endfacet
  facet normal -7.032639e-01 7.070916e-01 -7.376618e-02
    outer loop
      vertex -2.996490e-02 7.264150e-03 -1.663913e-02
      vertex -2.982697e-02 7.615738e-03 -1.458402e-02
      vertex -2.926343e-02 8.052094e-03 -1.577389e-02
    endloop
  endfacet
  facet normal -7.032645e-01 7.070909e-01 -7.376628e-02
    outer loop
      vertex -2.948210e-02 7.264212e-03 -2.124149e-02
      vertex -2.888678e-02 8.016295e-03 -1.970789e-02
      vertex -2.857825e-02 8.141779e-03 -2.144655e-02
    endloop
  endfacet
  facet normal -7.032649e-01 7.070906e-01 -7.376584e-02
    outer loop
      vertex -2.773336e-02 9.221631e-03 -1.915047e-02
      vertex -2.731963e-02 9.804225e-03 -1.751034e-02
      vertex -2.716583e-02 9.804244e-03 -1.897648e-02
    endloop
  endfacet
  facet normal -7.032657e-01 7.070898e-01 -7.376576e-02
    outer loop
      vertex -2.962649e-02 7.264194e-03 -1.986509e-02
      vertex -2.979344e-02 7.264172e-03 -1.827361e-02
      vertex -2.925383e-02 7.867397e-03 -1.763586e-02
    endloop
  endfacet
  facet normal -7.032653e-01 7.070903e-01 -7.376441e-02
    outer loop
      vertex -2.780688e-02 8.492222e-03 -2.544133e-02
      vertex -2.845372e-02 7.891089e-03 -2.503681e-02
      vertex -2.743274e-02 8.967960e-03 -2.444810e-02
    endloop
  endfacet
  facet normal -7.032646e-01 7.070908e-01 -7.376642e-02
    outer loop
      vertex -2.845372e-02 7.891089e-03 -2.503681e-02
      vertex -2.816522e-02 8.332840e-03 -2.355282e-02
      vertex -2.743274e-02 8.967960e-03 -2.444810e-02
    endloop
  endfacet
  facet normal -7.032649e-01 7.070906e-01 -7.376593e-02
    outer loop
      vertex -2.785794e-02 9.804156e-03 -1.237887e-02
      vertex -2.867814e-02 8.967565e-03 -1.257857e-02
      vertex -2.841083e-02 9.371940e-03 -1.125086e-02
    endloop
  endfacet
  facet normal -2.444434e-05 1.000000e+00 1.114756e-05
    outer loop
      vertex -2.444584e-02 9.804257e-03 -1.406647e-02
      vertex -2.443742e-02 9.804245e-03 -1.293585e-02
      vertex -2.368771e-02 9.804268e-03 -1.334510e-02
    endloop
  endfacet
  facet normal -2.396150e-05 1.000000e+00 9.310972e-06
    outer loop
      vertex -2.368771e-02 9.804268e-03 -1.334510e-02
      vertex -2.370108e-02 9.804258e-03 -1.235525e-02
      vertex -2.304233e-02 9.804278e-03 -1.281092e-02
    endloop
  endfacet
  facet normal -2.438278e-05 1.000000e+00 9.841966e-06
    outer loop
      vertex -2.295287e-02 9.804242e-03 -9.226151e-03
      vertex -2.340446e-02 9.804243e-03 -1.044185e-02
      vertex -2.471147e-02 9.804206e-03 -9.900816e-03
    endloop
  endfacet
  facet normal -2.391773e-05 1.000000e+00 1.092106e-05
    outer loop
      vertex -2.515746e-02 9.804211e-03 -1.131036e-02
      vertex -2.540982e-02 9.804224e-03 -1.308560e-02
      vertex -2.601617e-02 9.804193e-03 -1.153183e-02
    endloop
  endfacet
  facet normal -2.399528e-05 1.000000e+00 1.097507e-05
    outer loop
      vertex -2.471147e-02 9.804206e-03 -9.900816e-03
      vertex -2.515746e-02 9.804211e-03 -1.131036e-02
      vertex -2.659136e-02 9.804169e-03 -1.062201e-02
    endloop
  endfacet
  facet normal -2.499381e-05 1.000000e+00 1.129101e-05
    outer loop
      vertex -2.397653e-02 9.804237e-03 -1.106124e-02
      vertex -2.515746e-02 9.804211e-03 -1.131036e-02
      vertex -2.471147e-02 9.804206e-03 -9.900816e-03
    endloop
  endfacet
  facet normal -2.506761e-05 1.000000e+00 1.009636e-05
    outer loop
      vertex -2.175486e-02 9.804286e-03 -1.059673e-02
      vertex -2.340446e-02 9.804243e-03 -1.044185e-02
      vertex -2.295287e-02 9.804242e-03 -9.226151e-03
    endloop
  endfacet
  facet normal -1.855154e-02 9.998272e-01 -1.201395e-03
    outer loop
      vertex -5.020649e-03 6.011018e-03 -2.419244e-02
      vertex -5.617898e-03 5.998929e-03 -2.503047e-02
      vertex -5.648293e-03 6.000701e-03 -2.308647e-02
    endloop
  endfacet
  facet normal -5.575293e-03 9.999840e-01 -9.986444e-04
    outer loop
      vertex -6.454741e-03 5.995905e-03 -2.338664e-02
      vertex -5.648293e-03 6.000701e-03 -2.308647e-02
      vertex -5.617898e-03 5.998929e-03 -2.503047e-02
    endloop
  endfacet
  facet normal -4.714038e-03 9.999832e-01 -3.372742e-03
    outer loop
      vertex -4.426594e-03 6.001063e-03 -3.680224e-02
      vertex -4.945994e-03 5.995743e-03 -3.765363e-02
      vertex -5.471350e-03 5.996197e-03 -3.678475e-02
    endloop
  endfacet
  facet normal -1.151167e-02 9.999331e-01 -1.126816e-03
    outer loop
      vertex -4.492166e-03 6.007244e-03 -3.187054e-02
      vertex -4.450699e-03 6.006159e-03 -3.325725e-02
      vertex -5.477823e-03 5.996140e-03 -3.165514e-02
    endloop
  endfacet
  facet normal -2.411648e-02 9.997034e-01 -3.383032e-03
    outer loop
      vertex -4.850015e-03 6.004610e-03 -2.943552e-02
      vertex -5.061544e-03 6.004186e-03 -2.805301e-02
      vertex -4.091218e-03 6.025192e-03 -2.876272e-02
    endloop
  endfacet
  facet normal -4.317725e-02 9.990326e-01 -8.342307e-03
    outer loop
      vertex -1.750444e-03 6.098981e-03 -3.551326e-02
      vertex -2.089126e-03 6.073287e-03 -3.683732e-02
      vertex -3.036891e-03 6.034821e-03 -3.653852e-02
    endloop
  endfacet
  facet normal -1.554434e-02 9.998789e-01 -6.851398e-04
    outer loop
      vertex -4.097693e-03 6.009493e-03 -3.479607e-02
      vertex -3.644544e-03 6.014941e-03 -3.712584e-02
      vertex -4.746137e-03 5.998921e-03 -3.551208e-02
    endloop
  endfacet
  facet normal -2.951002e-02 9.995644e-01 4.985371e-04
    outer loop
      vertex -4.097693e-03 6.009493e-03 -3.479607e-02
      vertex -3.592861e-03 6.024039e-03 -3.407889e-02
      vertex -2.881195e-03 6.045620e-03 -3.522223e-02
    endloop
  endfacet
  facet normal -3.126019e-02 9.995011e-01 -4.502742e-03
    outer loop
      vertex -2.881195e-03 6.045620e-03 -3.522223e-02
      vertex -3.036891e-03 6.034821e-03 -3.653852e-02
      vertex -4.097693e-03 6.009493e-03 -3.479607e-02
    endloop
  endfacet
  facet normal -3.960561e-02 9.992066e-01 -4.190227e-03
    outer loop
      vertex -2.617734e-03 6.068947e-03 -3.258698e-02
      vertex -3.592861e-03 6.024039e-03 -3.407889e-02
      vertex -3.734956e-03 6.024463e-03 -3.263485e-02
    endloop
  endfacet
  facet normal -3.967645e-02 9.992094e-01 -2.539341e-03
    outer loop
      vertex -2.617734e-03 6.068947e-03 -3.258698e-02
      vertex -3.734956e-03 6.024463e-03 -3.263485e-02
      vertex -3.614842e-03 6.033403e-03 -3.099351e-02
    endloop
  endfacet
  facet normal -5.764638e-02 9.983311e-01 -3.455082e-03
    outer loop
      vertex -3.427754e-03 6.060101e-03 -2.615713e-02
      vertex -3.264637e-03 6.073277e-03 -2.507137e-02
      vertex -2.306671e-03 6.127089e-03 -2.550596e-02
    endloop
  endfacet
  facet normal -3.828580e-02 9.992640e-01 -2.378093e-03
    outer loop
      vertex -3.612510e-03 6.062382e-03 -2.349363e-02
      vertex -4.632308e-03 6.023575e-03 -2.338201e-02
      vertex -4.606380e-03 6.028763e-03 -2.161947e-02
    endloop
  endfacet
  facet normal -3.948626e-02 9.992156e-01 -3.015570e-03
    outer loop
      vertex -3.937091e-03 6.055255e-03 -2.160500e-02
      vertex -3.612510e-03 6.062382e-03 -2.349363e-02
      vertex -4.606380e-03 6.028763e-03 -2.161947e-02
    endloop
  endfacet
  facet normal -5.246851e-02 9.986050e-01 -5.921287e-03
    outer loop
      vertex -3.201827e-03 6.097754e-03 -2.095277e-02
      vertex -3.215599e-03 6.089853e-03 -2.216325e-02
      vertex -3.937091e-03 6.055255e-03 -2.160500e-02
    endloop
  endfacet
  facet normal -6.461380e-02 9.978918e-01 -6.077836e-03
    outer loop
      vertex -9.038711e-04 6.162448e-03 -3.409286e-02
      vertex -5.231259e-04 6.174984e-03 -3.608235e-02
      vertex -1.750444e-03 6.098981e-03 -3.551326e-02
    endloop
  endfacet
  facet normal -5.520626e-02 9.984611e-01 -5.254312e-03
    outer loop
      vertex -1.313538e-03 6.117246e-03 -3.663288e-02
      vertex -2.089126e-03 6.073287e-03 -3.683732e-02
      vertex -1.750444e-03 6.098981e-03 -3.551326e-02
    endloop
  endfacet
  facet normal -5.057090e-02 9.987068e-01 -5.230770e-03
    outer loop
      vertex -2.842854e-03 6.051042e-03 -3.410490e-02
      vertex -1.836373e-03 6.103649e-03 -3.379129e-02
      vertex -1.750444e-03 6.098981e-03 -3.551326e-02
    endloop
  endfacet
  facet normal -6.965953e-02 9.975370e-01 -8.208723e-03
    outer loop
      vertex -2.521169e-03 6.101452e-03 -2.738394e-02
      vertex -1.311108e-03 6.196260e-03 -2.613128e-02
      vertex -1.253766e-03 6.189784e-03 -2.740490e-02
    endloop
  endfacet
  facet normal -7.263628e-02 9.973443e-01 -5.318621e-03
    outer loop
      vertex -1.311108e-03 6.196260e-03 -2.613128e-02
      vertex -2.521169e-03 6.101452e-03 -2.738394e-02
      vertex -2.306671e-03 6.127089e-03 -2.550596e-02
    endloop
  endfacet
  facet normal -9.602382e-02 9.953329e-01 -9.587440e-03
    outer loop
      vertex 9.468526e-04 6.316159e-03 -3.480097e-02
      vertex 1.349726e-03 6.344313e-03 -3.591314e-02
      vertex 3.225805e-04 6.243367e-03 -3.610552e-02
    endloop
  endfacet
  facet normal -7.916634e-02 9.968286e-01 -8.086791e-03
    outer loop
      vertex -9.038711e-04 6.162448e-03 -3.409286e-02
      vertex -8.274049e-04 6.181381e-03 -3.250766e-02
      vertex -4.487939e-06 6.232003e-03 -3.432369e-02
    endloop
  endfacet
  facet normal -6.955067e-02 9.975540e-01 -6.987041e-03
    outer loop
      vertex -1.089371e-03 6.177607e-03 -3.044388e-02
      vertex -2.113795e-03 6.116322e-03 -2.899631e-02
      vertex -1.400979e-03 6.169703e-03 -2.847047e-02
    endloop
  endfacet
  facet normal -8.233706e-02 9.965783e-01 -7.231991e-03
    outer loop
      vertex -2.544262e-04 6.255244e-03 -2.973647e-02
      vertex -1.400979e-03 6.169703e-03 -2.847047e-02
      vertex -5.668385e-04 6.240168e-03 -2.825720e-02
    endloop
  endfacet
  facet normal -8.232581e-02 9.965550e-01 -1.003341e-02
    outer loop
      vertex -9.879056e-04 6.251043e-03 -2.311039e-02
      vertex -1.269524e-03 6.213078e-03 -2.457047e-02
      vertex -2.047632e-03 6.159061e-03 -2.355113e-02
    endloop
  endfacet
  facet normal -9.977070e-02 9.948700e-01 -1.671545e-02
    outer loop
      vertex 1.912539e-04 6.310171e-03 -2.861564e-02
      vertex -5.668385e-04 6.240168e-03 -2.825720e-02
      vertex 6.787835e-04 6.369265e-03 -2.800844e-02
    endloop
  endfacet
  facet normal -8.686160e-02 9.961740e-01 -9.615481e-03
    outer loop
      vertex -9.748151e-04 6.264972e-03 -2.178564e-02
      vertex -9.879056e-04 6.251043e-03 -2.311039e-02
      vertex -2.300258e-03 6.158841e-03 -2.080752e-02
    endloop
  endfacet
  facet normal -8.446773e-02 9.964060e-01 -6.346383e-03
    outer loop
      vertex -2.300258e-03 6.158841e-03 -2.080752e-02
      vertex -1.334344e-03 6.242671e-03 -2.050183e-02
      vertex -9.748151e-04 6.264972e-03 -2.178564e-02
    endloop
  endfacet
  facet normal -8.023102e-02 9.967593e-01 -5.813418e-03
    outer loop
      vertex -2.300258e-03 6.158841e-03 -2.080752e-02
      vertex -9.879056e-04 6.251043e-03 -2.311039e-02
      vertex -2.451019e-03 6.137501e-03 -2.238578e-02
    endloop
  endfacet
  facet normal -9.947786e-02 9.949836e-01 -1.057465e-02
    outer loop
      vertex -9.748151e-04 6.264972e-03 -2.178564e-02
      vertex -1.334344e-03 6.242671e-03 -2.050183e-02
      vertex -5.087054e-04 6.321980e-03 -2.080649e-02
    endloop
  endfacet
  facet normal -1.213526e-01 9.925214e-01 -1.322222e-02
    outer loop
      vertex 1.777903e-03 6.408617e-03 -3.451852e-02
      vertex 2.229907e-03 6.480348e-03 -3.328255e-02
      vertex 2.742923e-03 6.526808e-03 -3.450342e-02
    endloop
  endfacet
  facet normal -1.068179e-01 9.942160e-01 -1.115944e-02
    outer loop
      vertex 9.468526e-04 6.316159e-03 -3.480097e-02
      vertex 1.194649e-03 6.359532e-03 -3.330872e-02
      vertex 1.777903e-03 6.408617e-03 -3.451852e-02
    endloop
  endfacet
  facet normal -9.684967e-02 9.952147e-01 -1.295466e-02
    outer loop
      vertex 6.385038e-04 6.315843e-03 -3.204990e-02
      vertex -1.457073e-04 6.249111e-03 -3.131361e-02
      vertex 7.656915e-04 6.342723e-03 -3.093575e-02
    endloop
  endfacet
  facet normal -1.124952e-01 9.935475e-01 -1.442973e-02
    outer loop
      vertex 1.681344e-03 6.456141e-03 -3.026496e-02
      vertex 1.443552e-03 6.402216e-03 -3.212402e-02
      vertex 7.656915e-04 6.342723e-03 -3.093575e-02
    endloop
  endfacet
  facet normal -1.289442e-01 9.915500e-01 -1.421329e-02
    outer loop
      vertex 1.975902e-03 6.562333e-03 -2.576958e-02
      vertex 1.087947e-03 6.439075e-03 -2.631276e-02
      vertex 8.473966e-04 6.425994e-03 -2.504300e-02
    endloop
  endfacet
  facet normal -1.103975e-01 9.938341e-01 -1.030364e-02
    outer loop
      vertex -3.543743e-05 6.384397e-03 -1.985686e-02
      vertex 4.110385e-05 6.375747e-03 -2.151127e-02
      vertex -5.087054e-04 6.321980e-03 -2.080649e-02
    endloop
  endfacet
  facet normal -1.315645e-01 9.910692e-01 -2.174097e-02
    outer loop
      vertex 3.947789e-03 6.674095e-03 -3.550742e-02
      vertex 3.316251e-03 6.575451e-03 -3.618242e-02
      vertex 2.506987e-03 6.479652e-03 -3.565220e-02
    endloop
  endfacet
  facet normal -1.302565e-01 9.913620e-01 -1.531989e-02
    outer loop
      vertex 3.037152e-03 6.595984e-03 -3.266315e-02
      vertex 3.313560e-03 6.612875e-03 -3.392030e-02
      vertex 2.229907e-03 6.480348e-03 -3.328255e-02
    endloop
  endfacet
  facet normal -1.417382e-01 9.897429e-01 -1.786610e-02
    outer loop
      vertex 3.313560e-03 6.612875e-03 -3.392030e-02
      vertex 3.037152e-03 6.595984e-03 -3.266315e-02
      vertex 3.754521e-03 6.688383e-03 -3.323562e-02
    endloop
  endfacet
  facet normal -1.315487e-01 9.911542e-01 -1.755870e-02
    outer loop
      vertex 2.742923e-03 6.526808e-03 -3.450342e-02
      vertex 2.229907e-03 6.480348e-03 -3.328255e-02
      vertex 3.313560e-03 6.612875e-03 -3.392030e-02
    endloop
  endfacet
  facet normal -1.278866e-01 9.916548e-01 -1.630220e-02
    outer loop
      vertex 2.101625e-03 6.488867e-03 -3.157123e-02
      vertex 1.681344e-03 6.456141e-03 -3.026496e-02
      vertex 2.492656e-03 6.560627e-03 -3.027363e-02
    endloop
  endfacet
  facet normal -1.193110e-01 9.927582e-01 -1.400046e-02
    outer loop
      vertex 1.738435e-03 6.491661e-03 -2.835971e-02
      vertex 9.175531e-04 6.379880e-03 -2.929050e-02
      vertex 6.787835e-04 6.369265e-03 -2.800844e-02
    endloop
  endfacet
  facet normal -1.372128e-01 9.904365e-01 -1.443021e-02
    outer loop
      vertex 1.976860e-03 6.616167e-03 -2.240084e-02
      vertex 1.202369e-03 6.484612e-03 -2.406591e-02
      vertex 9.650804e-04 6.481217e-03 -2.204256e-02
    endloop
  endfacet
  facet normal -1.210462e-01 9.925554e-01 -1.347345e-02
    outer loop
      vertex 2.955414e-04 6.391115e-03 -2.266503e-02
      vertex 4.110385e-05 6.375747e-03 -2.151127e-02
      vertex 9.650804e-04 6.481217e-03 -2.204256e-02
    endloop
  endfacet
  facet normal -1.241905e-01 9.921982e-01 -1.093322e-02
    outer loop
      vertex 4.110385e-05 6.375747e-03 -2.151127e-02
      vertex -3.543743e-05 6.384397e-03 -1.985686e-02
      vertex 8.863057e-04 6.497005e-03 -2.010760e-02
    endloop
  endfacet
  facet normal -1.207876e-01 9.925930e-01 -1.301634e-02
    outer loop
      vertex 4.110385e-05 6.375747e-03 -2.151127e-02
      vertex 8.863057e-04 6.497005e-03 -2.010760e-02
      vertex 9.650804e-04 6.481217e-03 -2.204256e-02
    endloop
  endfacet
  facet normal -1.369879e-01 9.904769e-01 -1.377978e-02
    outer loop
      vertex 9.650804e-04 6.481217e-03 -2.204256e-02
      vertex 1.706434e-03 6.606978e-03 -2.037295e-02
      vertex 1.976860e-03 6.616167e-03 -2.240084e-02
    endloop
  endfacet
  facet normal -1.372334e-01 9.904444e-01 -1.366834e-02
    outer loop
      vertex 9.650804e-04 6.481217e-03 -2.204256e-02
      vertex 8.863057e-04 6.497005e-03 -2.010760e-02
      vertex 1.706434e-03 6.606978e-03 -2.037295e-02
    endloop
  endfacet
  facet normal -1.624173e-01 9.864977e-01 -2.104445e-02
    outer loop
      vertex 5.685073e-03 6.964193e-03 -3.493526e-02
      vertex 4.654584e-03 6.778203e-03 -3.570075e-02
      vertex 4.411056e-03 6.765616e-03 -3.441131e-02
    endloop
  endfacet
  facet normal -1.507350e-01 9.883951e-01 -1.881956e-02
    outer loop
      vertex 3.947789e-03 6.674095e-03 -3.550742e-02
      vertex 4.411056e-03 6.765616e-03 -3.441131e-02
      vertex 4.654584e-03 6.778203e-03 -3.570075e-02
    endloop
  endfacet
  facet normal -1.545799e-01 9.878154e-01 -1.804876e-02
    outer loop
      vertex 3.754521e-03 6.688383e-03 -3.323562e-02
      vertex 4.191067e-03 6.775331e-03 -3.221578e-02
      vertex 4.960415e-03 6.867339e-03 -3.376926e-02
    endloop
  endfacet
  facet normal -1.380620e-01 9.903516e-01 -1.194545e-02
    outer loop
      vertex 2.148199e-03 6.558924e-03 -2.751915e-02
      vertex 3.198814e-03 6.691816e-03 -2.864423e-02
      vertex 1.738435e-03 6.491661e-03 -2.835971e-02
    endloop
  endfacet
  facet normal -1.422662e-01 9.896999e-01 -1.594832e-02
    outer loop
      vertex 2.882066e-03 6.674060e-03 -2.692061e-02
      vertex 3.198814e-03 6.691816e-03 -2.864423e-02
      vertex 2.148199e-03 6.558924e-03 -2.751915e-02
    endloop
  endfacet
  facet normal -1.533725e-01 9.879717e-01 -1.971709e-02
    outer loop
      vertex 4.191067e-03 6.775331e-03 -3.221578e-02
      vertex 3.389014e-03 6.677452e-03 -3.088132e-02
      vertex 4.141664e-03 6.801905e-03 -3.049993e-02
    endloop
  endfacet
  facet normal -1.655136e-01 9.859166e-01 -2.395025e-02
    outer loop
      vertex 5.435187e-03 6.999862e-03 -3.157069e-02
      vertex 5.386305e-03 6.961473e-03 -3.281318e-02
      vertex 4.191067e-03 6.775331e-03 -3.221578e-02
    endloop
  endfacet
  facet normal -1.516708e-01 9.882727e-01 -1.769131e-02
    outer loop
      vertex 3.543044e-03 6.762349e-03 -2.765527e-02
      vertex 3.198814e-03 6.691816e-03 -2.864423e-02
      vertex 2.882066e-03 6.674060e-03 -2.692061e-02
    endloop
  endfacet
  facet normal -1.663635e-01 9.859110e-01 -1.739578e-02
    outer loop
      vertex 2.865245e-03 6.732689e-03 -2.349820e-02
      vertex 2.929688e-03 6.765915e-03 -2.223143e-02
      vertex 3.859772e-03 6.906514e-03 -2.315773e-02
    endloop
  endfacet
  facet normal -1.494298e-01 9.886083e-01 -1.801198e-02
    outer loop
      vertex 2.865245e-03 6.732689e-03 -2.349820e-02
      vertex 2.729709e-03 6.681373e-03 -2.519032e-02
      vertex 2.182493e-03 6.619669e-03 -2.403723e-02
    endloop
  endfacet
  facet normal -1.525270e-01 9.881760e-01 -1.561369e-02
    outer loop
      vertex 2.630137e-03 6.741070e-03 -2.087760e-02
      vertex 2.929688e-03 6.765915e-03 -2.223143e-02
      vertex 1.976860e-03 6.616167e-03 -2.240084e-02
    endloop
  endfacet
  facet normal -1.797507e-01 9.834359e-01 -2.331349e-02
    outer loop
      vertex 5.386305e-03 6.961473e-03 -3.281318e-02
      vertex 5.435187e-03 6.999862e-03 -3.157069e-02
      vertex 6.260092e-03 7.137773e-03 -3.211332e-02
    endloop
  endfacet
  facet normal -1.782717e-01 9.836581e-01 -2.521601e-02
    outer loop
      vertex 5.386305e-03 6.961473e-03 -3.281318e-02
      vertex 6.260092e-03 7.137773e-03 -3.211332e-02
      vertex 6.153724e-03 7.072643e-03 -3.390197e-02
    endloop
  endfacet
  facet normal -1.928172e-01 9.809349e-01 -2.425185e-02
    outer loop
      vertex 6.153724e-03 7.072643e-03 -3.390197e-02
      vertex 6.260092e-03 7.137773e-03 -3.211332e-02
      vertex 6.983964e-03 7.278408e-03 -3.218018e-02
    endloop
  endfacet
  facet normal -1.652287e-01 9.860431e-01 -2.045861e-02
    outer loop
      vertex 4.381642e-03 6.878714e-03 -2.881958e-02
      vertex 3.543044e-03 6.762349e-03 -2.765527e-02
      vertex 4.373198e-03 6.908911e-03 -2.729595e-02
    endloop
  endfacet
  facet normal -1.753475e-01 9.842942e-01 -2.044982e-02
    outer loop
      vertex 4.850944e-03 7.002060e-03 -2.690894e-02
      vertex 5.339446e-03 7.061263e-03 -2.824804e-02
      vertex 4.373198e-03 6.908911e-03 -2.729595e-02
    endloop
  endfacet
  facet normal -1.978012e-01 9.798483e-01 -2.778431e-02
    outer loop
      vertex 5.551575e-03 7.138875e-03 -2.671613e-02
      vertex 6.365613e-03 7.341360e-03 -2.537053e-02
      vertex 6.329727e-03 7.295251e-03 -2.674115e-02
    endloop
  endfacet
  facet normal -1.697634e-01 9.852630e-01 -2.090791e-02
    outer loop
      vertex 4.024604e-03 6.965369e-03 -2.172263e-02
      vertex 3.859772e-03 6.906514e-03 -2.315773e-02
      vertex 2.929688e-03 6.765915e-03 -2.223143e-02
    endloop
  endfacet
  facet normal -1.853258e-01 9.823923e-01 -2.365770e-02
    outer loop
      vertex 4.850944e-03 7.002060e-03 -2.690894e-02
      vertex 4.580094e-03 6.976441e-03 -2.585102e-02
      vertex 5.551575e-03 7.138875e-03 -2.671613e-02
    endloop
  endfacet
  facet normal -1.851990e-01 9.824048e-01 -2.412720e-02
    outer loop
      vertex 5.551575e-03 7.138875e-03 -2.671613e-02
      vertex 5.339446e-03 7.061263e-03 -2.824804e-02
      vertex 4.850944e-03 7.002060e-03 -2.690894e-02
    endloop
  endfacet
  facet normal -1.998330e-01 9.794865e-01 -2.594208e-02
    outer loop
      vertex 6.106993e-03 7.186893e-03 -2.906781e-02
      vertex 6.945373e-03 7.358839e-03 -2.903379e-02
      vertex 7.209834e-03 7.383168e-03 -3.015238e-02
    endloop
  endfacet
  facet normal -1.977520e-01 9.799108e-01 -2.586368e-02
    outer loop
      vertex 6.329727e-03 7.295251e-03 -2.674115e-02
      vertex 6.431181e-03 7.284408e-03 -2.792767e-02
      vertex 5.551575e-03 7.138875e-03 -2.671613e-02
    endloop
  endfacet
  facet normal -2.085178e-01 9.777073e-01 -2.467147e-02
    outer loop
      vertex 6.731567e-03 7.467322e-03 -2.365305e-02
      vertex 7.117919e-03 7.512591e-03 -2.512446e-02
      vertex 6.158207e-03 7.342124e-03 -2.376863e-02
    endloop
  endfacet
  facet normal -1.936429e-01 9.807889e-01 -2.356871e-02
    outer loop
      vertex 5.157496e-03 7.114109e-03 -2.464160e-02
      vertex 4.690783e-03 7.064983e-03 -2.285133e-02
      vertex 5.642689e-03 7.223098e-03 -2.409251e-02
    endloop
  endfacet
  facet normal -1.919246e-01 9.810466e-01 -2.669408e-02
    outer loop
      vertex 5.311769e-03 7.198939e-03 -2.239302e-02
      vertex 4.690783e-03 7.064983e-03 -2.285133e-02
      vertex 4.024604e-03 6.965369e-03 -2.172263e-02
    endloop
  endfacet
  facet normal -1.881653e-01 9.819628e-01 -1.851547e-02
    outer loop
      vertex 4.600093e-03 7.132784e-03 -1.892832e-02
      vertex 4.805481e-03 7.152051e-03 -1.999377e-02
      vertex 3.622874e-03 6.940230e-03 -1.920928e-02
    endloop
  endfacet
  facet normal -2.114734e-01 9.769747e-01 -2.827570e-02
    outer loop
      vertex 7.196009e-03 7.453065e-03 -2.776729e-02
      vertex 6.329727e-03 7.295251e-03 -2.674115e-02
      vertex 7.176312e-03 7.486466e-03 -2.646592e-02
    endloop
  endfacet
  facet normal -2.189907e-01 9.752153e-01 -3.159459e-02
    outer loop
      vertex 8.110363e-03 7.576601e-03 -3.030024e-02
      vertex 7.573686e-03 7.506024e-03 -2.875884e-02
      vertex 8.231697e-03 7.647053e-03 -2.896664e-02
    endloop
  endfacet
  facet normal -2.314382e-01 9.722296e-01 -3.472649e-02
    outer loop
      vertex 8.287095e-03 7.744629e-03 -2.642024e-02
      vertex 7.117919e-03 7.512591e-03 -2.512446e-02
      vertex 8.581564e-03 7.872543e-03 -2.480156e-02
    endloop
  endfacet
  facet normal -2.259848e-01 9.737233e-01 -2.817321e-02
    outer loop
      vertex 6.943529e-03 7.574646e-03 -2.164394e-02
      vertex 7.523666e-03 7.651096e-03 -2.365508e-02
      vertex 6.731567e-03 7.467322e-03 -2.365305e-02
    endloop
  endfacet
  facet normal -2.114397e-01 9.770608e-01 -2.540388e-02
    outer loop
      vertex 6.191345e-03 7.422346e-03 -2.093801e-02
      vertex 6.272721e-03 7.410853e-03 -2.205735e-02
      vertex 5.525729e-03 7.277132e-03 -2.098309e-02
    endloop
  endfacet
  facet normal -2.020287e-01 9.791026e-01 -2.329281e-02
    outer loop
      vertex 5.600384e-03 7.350301e-03 -1.855499e-02
      vertex 5.525729e-03 7.277132e-03 -2.098309e-02
      vertex 4.805481e-03 7.152051e-03 -1.999377e-02
    endloop
  endfacet
  facet normal -2.243871e-01 9.740703e-01 -2.894046e-02
    outer loop
      vertex 7.144489e-03 7.659865e-03 -2.033377e-02
      vertex 6.943529e-03 7.574646e-03 -2.164394e-02
      vertex 6.191345e-03 7.422346e-03 -2.093801e-02
    endloop
  endfacet
  facet normal -2.113348e-01 9.770436e-01 -2.689824e-02
    outer loop
      vertex 6.370753e-03 7.507042e-03 -1.927112e-02
      vertex 6.191345e-03 7.422346e-03 -2.093801e-02
      vertex 5.525729e-03 7.277132e-03 -2.098309e-02
    endloop
  endfacet
  facet normal -2.582615e-01 9.653683e-01 -3.694584e-02
    outer loop
      vertex 8.836310e-03 7.979718e-03 -2.363265e-02
      vertex 9.689510e-03 8.188238e-03 -2.414828e-02
      vertex 9.692621e-03 8.153083e-03 -2.508861e-02
    endloop
  endfacet
  facet normal -2.341053e-01 9.718278e-01 -2.730398e-02
    outer loop
      vertex 6.943529e-03 7.574646e-03 -2.164394e-02
      vertex 7.144489e-03 7.659865e-03 -2.033377e-02
      vertex 7.672620e-03 7.750686e-03 -2.162942e-02
    endloop
  endfacet
  facet normal -2.231052e-01 9.744279e-01 -2.672767e-02
    outer loop
      vertex 6.782166e-03 7.634205e-03 -1.806927e-02
      vertex 6.370753e-03 7.507042e-03 -1.927112e-02
      vertex 5.600384e-03 7.350301e-03 -1.855499e-02
    endloop
  endfacet
  facet normal -2.422124e-01 9.699402e-01 -2.343517e-02
    outer loop
      vertex 7.449169e-03 7.809953e-03 -1.768913e-02
      vertex 7.963914e-03 7.912956e-03 -1.874611e-02
      vertex 6.782166e-03 7.634205e-03 -1.806927e-02
    endloop
  endfacet
  facet normal -2.575059e-01 9.658887e-01 -2.738047e-02
    outer loop
      vertex 7.963914e-03 7.912956e-03 -1.874611e-02
      vertex 8.315360e-03 8.035386e-03 -1.773246e-02
      vertex 9.193877e-03 8.214738e-03 -1.966776e-02
    endloop
  endfacet
  facet normal -2.687386e-01 9.626560e-01 -3.275709e-02
    outer loop
      vertex 1.052972e-02 8.402008e-03 -2.464078e-02
      vertex 1.128113e-02 8.578169e-03 -2.562836e-02
      vertex 9.692621e-03 8.153083e-03 -2.508861e-02
    endloop
  endfacet
  facet normal -2.854746e-01 9.576452e-01 -3.768285e-02
    outer loop
      vertex 1.056547e-02 8.637883e-03 -1.906717e-02
      vertex 1.037572e-02 8.534424e-03 -2.025891e-02
      vertex 9.832150e-03 8.408401e-03 -1.934367e-02
    endloop
  endfacet
  facet normal -2.755803e-01 9.607658e-01 -3.137686e-02
    outer loop
      vertex 9.832150e-03 8.408401e-03 -1.934367e-02
      vertex 1.037572e-02 8.534424e-03 -2.025891e-02
      vertex 9.193877e-03 8.214738e-03 -1.966776e-02
    endloop
  endfacet
  facet normal -2.934584e-01 9.550948e-01 -4.093974e-02
    outer loop
      vertex 1.116747e-02 8.600696e-03 -2.432662e-02
      vertex 1.165861e-02 8.816837e-03 -2.280470e-02
      vertex 1.227766e-02 8.955740e-03 -2.400156e-02
    endloop
  endfacet
  facet normal -2.743717e-01 9.610256e-01 -3.391246e-02
    outer loop
      vertex 9.683990e-03 8.402637e-03 -1.830829e-02
      vertex 9.832150e-03 8.408401e-03 -1.934367e-02
      vertex 9.193877e-03 8.214738e-03 -1.966776e-02
    endloop
  endfacet
  facet normal -2.676906e-01 9.629642e-01 -3.227473e-02
    outer loop
      vertex 9.056362e-03 8.226910e-03 -1.816403e-02
      vertex 9.193877e-03 8.214738e-03 -1.966776e-02
      vertex 8.315360e-03 8.035386e-03 -1.773246e-02
    endloop
  endfacet
  facet normal -2.919003e-01 9.553175e-01 -4.650426e-02
    outer loop
      vertex 1.116747e-02 8.600696e-03 -2.432662e-02
      vertex 1.227766e-02 8.955740e-03 -2.400156e-02
      vertex 1.202261e-02 8.822244e-03 -2.514300e-02
    endloop
  endfacet
  facet normal -3.078191e-01 9.502618e-01 -4.743301e-02
    outer loop
      vertex 1.299206e-02 9.125248e-03 -2.520672e-02
      vertex 1.367101e-02 9.300260e-03 -2.610663e-02
      vertex 1.284437e-02 9.002925e-03 -2.669884e-02
    endloop
  endfacet
  facet normal -3.008608e-01 9.524441e-01 -4.830067e-02
    outer loop
      vertex 1.299206e-02 9.125248e-03 -2.520672e-02
      vertex 1.284437e-02 9.002925e-03 -2.669884e-02
      vertex 1.202261e-02 8.822244e-03 -2.514300e-02
    endloop
  endfacet
  facet normal -3.150114e-01 9.482190e-01 -4.060131e-02
    outer loop
      vertex 1.297306e-02 9.345487e-03 -2.065877e-02
      vertex 1.367044e-02 9.524153e-03 -2.189686e-02
      vertex 1.241195e-02 9.152430e-03 -2.081404e-02
    endloop
  endfacet
  facet normal -3.298166e-01 9.427342e-01 -4.973210e-02
    outer loop
      vertex 1.341748e-02 9.522633e-03 -2.024806e-02
      vertex 1.367044e-02 9.524153e-03 -2.189686e-02
      vertex 1.297306e-02 9.345487e-03 -2.065877e-02
    endloop
  endfacet
  facet normal -3.167587e-01 9.476157e-01 -4.109122e-02
    outer loop
      vertex 1.216866e-02 9.255924e-03 -1.664443e-02
      vertex 1.216333e-02 9.181496e-03 -1.831976e-02
      vertex 1.112256e-02 8.900118e-03 -1.678572e-02
    endloop
  endfacet
  facet normal -3.135178e-01 9.489060e-01 -3.583227e-02
    outer loop
      vertex 1.150037e-02 9.068715e-03 -1.562660e-02
      vertex 1.112256e-02 8.900118e-03 -1.678572e-02
      vertex 1.076625e-02 8.840879e-03 -1.523685e-02
    endloop
  endfacet
  facet normal -3.023079e-01 9.526351e-01 -3.311082e-02
    outer loop
      vertex 1.076625e-02 8.840879e-03 -1.523685e-02
      vertex 1.112256e-02 8.900118e-03 -1.678572e-02
      vertex 1.051509e-02 8.742046e-03 -1.578727e-02
    endloop
  endfacet
  facet normal -3.581853e-01 9.324291e-01 -4.774071e-02
    outer loop
      vertex 1.405597e-02 9.926069e-03 -1.682813e-02
      vertex 1.463229e-02 1.020701e-02 -1.566496e-02
      vertex 1.472632e-02 1.019142e-02 -1.667492e-02
    endloop
  endfacet
  facet normal -3.663962e-01 9.291964e-01 -4.845528e-02
    outer loop
      vertex 1.539267e-02 1.045137e-02 -1.672872e-02
      vertex 1.472632e-02 1.019142e-02 -1.667492e-02
      vertex 1.463229e-02 1.020701e-02 -1.566496e-02
    endloop
  endfacet
  facet normal -3.516566e-01 9.353866e-01 -3.727649e-02
    outer loop
      vertex 1.361358e-02 9.888535e-03 -1.402230e-02
      vertex 1.404520e-02 1.002418e-02 -1.469035e-02
      vertex 1.306051e-02 9.674541e-03 -1.417464e-02
    endloop
  endfacet
  facet normal -3.547479e-01 9.331372e-01 -5.838557e-02
    outer loop
      vertex 1.536609e-02 1.023282e-02 -2.038430e-02
      vertex 1.489668e-02 1.001213e-02 -2.105936e-02
      vertex 1.407466e-02 9.755480e-03 -2.016664e-02
    endloop
  endfacet
  facet normal -3.377792e-01 9.395615e-01 -5.594050e-02
    outer loop
      vertex 1.470698e-02 9.797436e-03 -2.360677e-02
      vertex 1.524835e-02 9.975538e-03 -2.388429e-02
      vertex 1.493894e-02 9.812734e-03 -2.475047e-02
    endloop
  endfacet
  facet normal -3.287564e-01 9.427811e-01 -5.552536e-02
    outer loop
      vertex 1.398738e-02 9.503010e-03 -2.437530e-02
      vertex 1.493894e-02 9.812734e-03 -2.475047e-02
      vertex 1.459639e-02 9.643148e-03 -2.560171e-02
    endloop
  endfacet
  facet normal -2.971748e-01 9.535576e-01 -4.914286e-02
    outer loop
      vertex 1.290675e-02 8.917328e-03 -2.883996e-02
      vertex 1.258391e-02 8.868828e-03 -2.782880e-02
      vertex 1.337587e-02 9.103872e-03 -2.805716e-02
    endloop
  endfacet
  facet normal -2.869194e-01 9.568635e-01 -4.571002e-02
    outer loop
      vertex 1.258391e-02 8.868828e-03 -2.782880e-02
      vertex 1.290675e-02 8.917328e-03 -2.883996e-02
      vertex 1.192020e-02 8.650767e-03 -2.822742e-02
    endloop
  endfacet
  facet normal -2.844441e-01 9.578020e-01 -4.131490e-02
    outer loop
      vertex 1.192020e-02 8.650767e-03 -2.822742e-02
      vertex 1.290675e-02 8.917328e-03 -2.883996e-02
      vertex 1.146417e-02 8.491245e-03 -2.878599e-02
    endloop
  endfacet
  facet normal -2.802213e-01 9.589095e-01 -4.436900e-02
    outer loop
      vertex 1.146417e-02 8.491245e-03 -2.878599e-02
      vertex 1.240748e-02 8.729083e-03 -2.960346e-02
      vertex 1.187867e-02 8.540155e-03 -3.034680e-02
    endloop
  endfacet
  facet normal -2.800544e-01 9.589186e-01 -4.521765e-02
    outer loop
      vertex 1.089207e-02 8.387302e-03 -2.744699e-02
      vertex 1.192020e-02 8.650767e-03 -2.822742e-02
      vertex 1.146417e-02 8.491245e-03 -2.878599e-02
    endloop
  endfacet
  facet normal -2.371836e-01 9.707578e-01 -3.705721e-02
    outer loop
      vertex 9.483086e-03 7.798763e-03 -3.309795e-02
      vertex 9.313449e-03 7.797307e-03 -3.205033e-02
      vertex 1.012569e-02 7.980806e-03 -3.244207e-02
    endloop
  endfacet
  facet normal -1.028807e-01 9.946581e-01 -8.418282e-03
    outer loop
      vertex 1.349726e-03 6.344313e-03 -3.591314e-02
      vertex 1.820845e-03 6.386020e-03 -3.674292e-02
      vertex 8.944607e-04 6.286945e-03 -3.712762e-02
    endloop
  endfacet
  facet normal -9.010606e-02 9.958935e-01 -8.772454e-03
    outer loop
      vertex 3.410132e-04 6.224651e-03 -3.863226e-02
      vertex 2.247889e-04 6.222024e-03 -3.773669e-02
      vertex 1.168958e-03 6.302068e-03 -3.834766e-02
    endloop
  endfacet
  facet normal -7.521795e-02 9.971340e-01 -8.121977e-03
    outer loop
      vertex 2.247889e-04 6.222024e-03 -3.773669e-02
      vertex -5.340764e-04 6.155337e-03 -3.889597e-02
      vertex -6.432761e-04 6.154119e-03 -3.803413e-02
    endloop
  endfacet
  facet normal -7.684761e-02 9.970179e-01 -7.048528e-03
    outer loop
      vertex -5.340764e-04 6.155337e-03 -3.889597e-02
      vertex 2.247889e-04 6.222024e-03 -3.773669e-02
      vertex 3.410132e-04 6.224651e-03 -3.863226e-02
    endloop
  endfacet
  facet normal -6.560792e-02 9.978216e-01 -6.903375e-03
    outer loop
      vertex -6.432761e-04 6.154119e-03 -3.803413e-02
      vertex -5.340764e-04 6.155337e-03 -3.889597e-02
      vertex -1.441310e-03 6.102744e-03 -3.787567e-02
    endloop
  endfacet
  facet normal -6.350362e-02 9.979690e-01 -5.024676e-03
    outer loop
      vertex -1.441310e-03 6.102744e-03 -3.787567e-02
      vertex -5.340764e-04 6.155337e-03 -3.889597e-02
      vertex -1.404248e-03 6.098830e-03 -3.912142e-02
    endloop
  endfacet
  facet normal -4.921425e-02 9.987735e-01 -5.434469e-03
    outer loop
      vertex -1.404248e-03 6.098830e-03 -3.912142e-02
      vertex -2.309482e-03 6.053154e-03 -3.931819e-02
      vertex -2.438594e-03 6.052533e-03 -3.826324e-02
    endloop
  endfacet
  facet normal -3.472819e-02 9.993901e-01 -3.661210e-03
    outer loop
      vertex -3.250515e-03 6.019850e-03 -3.948316e-02
      vertex -2.438594e-03 6.052533e-03 -3.826324e-02
      vertex -2.309482e-03 6.053154e-03 -3.931819e-02
    endloop
  endfacet
  facet normal -2.310301e-02 9.997329e-01 6.316585e-04
    outer loop
      vertex -3.644544e-03 6.014941e-03 -3.712584e-02
      vertex -3.187766e-03 6.025988e-03 -3.790315e-02
      vertex -4.258376e-03 6.001422e-03 -3.817971e-02
    endloop
  endfacet
  facet normal -3.784764e-01 9.245900e-01 -4.346184e-02
    outer loop
      vertex 1.536570e-02 1.069731e-02 -1.166741e-02
      vertex 1.554146e-02 1.069745e-02 -1.319504e-02
      vertex 1.468288e-02 1.042825e-02 -1.144513e-02
    endloop
  endfacet
  facet normal -3.761869e-01 9.255096e-01 -4.376511e-02
    outer loop
      vertex 1.468288e-02 1.042825e-02 -1.144513e-02
      vertex 1.448889e-02 1.030563e-02 -1.237067e-02
      vertex 1.342324e-02 9.909702e-03 -1.158357e-02
    endloop
  endfacet
  facet normal -3.739446e-01 9.260764e-01 -5.047718e-02
    outer loop
      vertex 1.539267e-02 1.045137e-02 -1.672872e-02
      vertex 1.573622e-02 1.069773e-02 -1.475400e-02
      vertex 1.597446e-02 1.069822e-02 -1.650986e-02
    endloop
  endfacet
  facet normal -3.723731e-01 9.268402e-01 -4.801643e-02
    outer loop
      vertex 1.463229e-02 1.020701e-02 -1.566496e-02
      vertex 1.492109e-02 1.037317e-02 -1.469733e-02
      vertex 1.573622e-02 1.069773e-02 -1.475400e-02
    endloop
  endfacet
  facet normal -5.453454e-03 9.999750e-01 -4.501945e-03
    outer loop
      vertex -5.877604e-03 6.003306e-03 -1.889035e-02
      vertex -6.251273e-03 5.997895e-03 -1.963974e-02
      vertex -6.736956e-03 5.999598e-03 -1.867318e-02
    endloop
  endfacet
  facet normal -1.646876e-02 9.998639e-01 9.914501e-04
    outer loop
      vertex -6.251273e-03 5.997895e-03 -1.963974e-02
      vertex -5.877604e-03 6.003306e-03 -1.889035e-02
      vertex -5.173286e-03 6.015913e-03 -1.990421e-02
    endloop
  endfacet
  facet normal -2.731959e-02 9.996171e-01 -4.392402e-03
    outer loop
      vertex -5.276570e-03 6.010432e-03 -2.162271e-02
      vertex -4.478735e-03 6.038418e-03 -2.021611e-02
      vertex -4.606380e-03 6.028763e-03 -2.161947e-02
    endloop
  endfacet
  facet normal -5.754696e-02 9.983221e-01 -6.436703e-03
    outer loop
      vertex -3.819183e-03 6.068485e-03 -1.997294e-02
      vertex -3.003264e-03 6.118147e-03 -1.956518e-02
      vertex -3.201827e-03 6.097754e-03 -2.095277e-02
    endloop
  endfacet
  facet normal -8.423619e-02 9.964206e-01 -7.081984e-03
    outer loop
      vertex -1.693486e-03 6.223197e-03 -1.896999e-02
      vertex -1.334344e-03 6.242671e-03 -2.050183e-02
      vertex -2.300258e-03 6.158841e-03 -2.080752e-02
    endloop
  endfacet
  facet normal -7.879067e-02 9.968632e-01 -7.470545e-03
    outer loop
      vertex -2.858997e-03 6.135129e-03 -1.842919e-02
      vertex -1.686746e-03 6.229617e-03 -1.818433e-02
      vertex -1.693486e-03 6.223197e-03 -1.896999e-02
    endloop
  endfacet
  facet normal -9.671581e-02 9.952852e-01 -7.303854e-03
    outer loop
      vertex -1.149963e-03 6.282712e-03 -1.805710e-02
      vertex -1.693486e-03 6.223197e-03 -1.896999e-02
      vertex -1.686746e-03 6.229617e-03 -1.818433e-02
    endloop
  endfacet
  facet normal -1.057859e-01 9.943419e-01 -9.665737e-03
    outer loop
      vertex -4.374925e-04 6.360258e-03 -1.787730e-02
      vertex -1.096601e-03 6.278237e-03 -1.910145e-02
      vertex -1.149963e-03 6.282712e-03 -1.805710e-02
    endloop
  endfacet
  facet normal -1.445822e-01 9.893983e-01 -1.367479e-02
    outer loop
      vertex 1.171613e-03 6.555441e-03 -1.859707e-02
      vertex 9.739418e-04 6.542031e-03 -1.747733e-02
      vertex 1.729150e-03 6.643685e-03 -1.810719e-02
    endloop
  endfacet
  facet normal -1.464696e-01 9.890860e-01 -1.598823e-02
    outer loop
      vertex 2.106572e-03 6.715649e-03 -1.711287e-02
      vertex 1.729150e-03 6.643685e-03 -1.810719e-02
      vertex 9.739418e-04 6.542031e-03 -1.747733e-02
    endloop
  endfacet
  facet normal -1.941976e-01 9.808278e-01 -1.625469e-02
    outer loop
      vertex 3.788175e-03 6.994720e-03 -1.789036e-02
      vertex 3.908474e-03 7.042357e-03 -1.645307e-02
      vertex 4.752519e-03 7.189126e-03 -1.768082e-02
    endloop
  endfacet
  facet normal -2.101197e-01 9.773910e-01 -2.359074e-02
    outer loop
      vertex 5.826375e-03 7.438166e-03 -1.692751e-02
      vertex 5.600384e-03 7.350301e-03 -1.855499e-02
      vertex 4.752519e-03 7.189126e-03 -1.768082e-02
    endloop
  endfacet
  facet normal -2.102472e-01 9.775396e-01 -1.457732e-02
    outer loop
      vertex 4.584862e-03 7.182325e-03 -1.617770e-02
      vertex 5.321807e-03 7.345559e-03 -1.586033e-02
      vertex 5.826375e-03 7.438166e-03 -1.692751e-02
    endloop
  endfacet
  facet normal -2.497236e-01 9.680332e-01 -2.344755e-02
    outer loop
      vertex 7.755351e-03 7.924329e-03 -1.639457e-02
      vertex 6.766086e-03 7.698450e-03 -1.518403e-02
      vertex 7.647592e-03 7.936789e-03 -1.473250e-02
    endloop
  endfacet
  facet normal -2.703371e-01 9.624250e-01 -2.561254e-02
    outer loop
      vertex 8.475927e-03 8.109236e-03 -1.672302e-02
      vertex 8.659901e-03 8.189515e-03 -1.564824e-02
      vertex 9.179059e-03 8.302790e-03 -1.687144e-02
    endloop
  endfacet
  facet normal -2.647823e-01 9.639391e-01 -2.667647e-02
    outer loop
      vertex 8.475927e-03 8.109236e-03 -1.672302e-02
      vertex 7.647592e-03 7.936789e-03 -1.473250e-02
      vertex 8.659901e-03 8.189515e-03 -1.564824e-02
    endloop
  endfacet
  facet normal -2.828091e-01 9.589187e-01 -2.222319e-02
    outer loop
      vertex 9.534484e-03 8.501657e-03 -1.367049e-02
      vertex 9.930358e-03 8.595823e-03 -1.464508e-02
      vertex 8.514016e-03 8.187009e-03 -1.426104e-02
    endloop
  endfacet
  facet normal -3.331755e-01 9.423873e-01 -3.000454e-02
    outer loop
      vertex 1.198047e-02 9.359259e-03 -1.206456e-02
      vertex 1.237315e-02 9.466605e-03 -1.305338e-02
      vertex 1.150371e-02 9.180004e-03 -1.240054e-02
    endloop
  endfacet
  facet normal -3.513658e-01 9.355633e-01 -3.554377e-02
    outer loop
      vertex 1.337931e-02 9.914587e-03 -1.102078e-02
      vertex 1.342324e-02 9.909702e-03 -1.158357e-02
      vertex 1.260831e-02 9.602731e-03 -1.160758e-02
    endloop
  endfacet
  facet normal -3.513685e-01 9.355650e-01 -3.547273e-02
    outer loop
      vertex 1.312793e-02 9.749784e-03 -1.287618e-02
      vertex 1.260831e-02 9.602731e-03 -1.160758e-02
      vertex 1.342324e-02 9.909702e-03 -1.158357e-02
    endloop
  endfacet
  facet normal -3.744166e-01 9.268854e-01 -2.637508e-02
    outer loop
      vertex 1.413179e-02 1.023583e-02 -1.041364e-02
      vertex 1.472124e-02 1.045750e-02 -1.099110e-02
      vertex 1.337931e-02 9.914587e-03 -1.102078e-02
    endloop
  endfacet
  facet normal -3.795769e-01 9.245883e-01 -3.252424e-02
    outer loop
      vertex 1.457689e-02 1.043161e-02 -1.004249e-02
      vertex 1.472124e-02 1.045750e-02 -1.099110e-02
      vertex 1.413179e-02 1.023583e-02 -1.041364e-02
    endloop
  endfacet
  facet normal -6.622313e-03 9.999472e-01 -7.858211e-03
    outer loop
      vertex -4.145624e-03 6.001124e-03 -3.960386e-02
      vertex -4.993131e-03 5.994864e-03 -3.968615e-02
      vertex -5.738545e-03 5.999660e-03 -3.844768e-02
    endloop
  endfacet
  facet normal -2.276018e-02 9.997406e-01 -8.664537e-04
    outer loop
      vertex -5.648293e-03 6.000701e-03 -2.308647e-02
      vertex -5.276570e-03 6.010432e-03 -2.162271e-02
      vertex -4.632308e-03 6.023575e-03 -2.338201e-02
    endloop
  endfacet
  facet normal -8.889515e-03 9.999601e-01 -8.252898e-04
    outer loop
      vertex -4.945994e-03 5.995743e-03 -3.765363e-02
      vertex -4.426594e-03 6.001063e-03 -3.680224e-02
      vertex -4.258376e-03 6.001422e-03 -3.817971e-02
    endloop
  endfacet
  facet normal -1.857325e-02 9.998255e-01 -2.007915e-03
    outer loop
      vertex -4.258376e-03 6.001422e-03 -3.817971e-02
      vertex -4.426594e-03 6.001063e-03 -3.680224e-02
      vertex -3.644544e-03 6.014941e-03 -3.712584e-02
    endloop
  endfacet
  facet normal -4.189782e-02 9.991128e-01 -4.273713e-03
    outer loop
      vertex -3.036891e-03 6.034821e-03 -3.653852e-02
      vertex -2.089126e-03 6.073287e-03 -3.683732e-02
      vertex -2.438594e-03 6.052533e-03 -3.826324e-02
    endloop
  endfacet
  facet normal -2.961174e-02 9.995564e-01 -3.195642e-03
    outer loop
      vertex -3.644544e-03 6.014941e-03 -3.712584e-02
      vertex -3.036891e-03 6.034821e-03 -3.653852e-02
      vertex -3.187766e-03 6.025988e-03 -3.790315e-02
    endloop
  endfacet
  facet normal -6.387456e-02 9.979412e-01 -5.787188e-03
    outer loop
      vertex -3.215599e-03 6.089853e-03 -2.216325e-02
      vertex -3.201827e-03 6.097754e-03 -2.095277e-02
      vertex -2.451019e-03 6.137501e-03 -2.238578e-02
    endloop
  endfacet
  facet normal -4.588295e-02 9.989464e-01 9.310458e-04
    outer loop
      vertex -3.819183e-03 6.068485e-03 -1.997294e-02
      vertex -3.201827e-03 6.097754e-03 -2.095277e-02
      vertex -4.478735e-03 6.038418e-03 -2.021611e-02
    endloop
  endfacet
  facet normal -4.933623e-02 9.987792e-01 -2.445832e-03
    outer loop
      vertex -2.089126e-03 6.073287e-03 -3.683732e-02
      vertex -1.441310e-03 6.102744e-03 -3.787567e-02
      vertex -2.438594e-03 6.052533e-03 -3.826324e-02
    endloop
  endfacet
  facet normal -6.791610e-02 9.976783e-01 -5.050707e-03
    outer loop
      vertex -2.973504e-03 6.094464e-03 -2.386109e-02
      vertex -2.451019e-03 6.137501e-03 -2.238578e-02
      vertex -2.047632e-03 6.159061e-03 -2.355113e-02
    endloop
  endfacet
  facet normal -8.958416e-02 9.959498e-01 -7.660910e-03
    outer loop
      vertex 2.247889e-04 6.222024e-03 -3.773669e-02
      vertex 3.225805e-04 6.243367e-03 -3.610552e-02
      vertex 8.944607e-04 6.286945e-03 -3.712762e-02
    endloop
  endfacet
  facet normal -8.081663e-02 9.966953e-01 -8.196296e-03
    outer loop
      vertex -5.231259e-04 6.174984e-03 -3.608235e-02
      vertex 3.225805e-04 6.243367e-03 -3.610552e-02
      vertex 2.247889e-04 6.222024e-03 -3.773669e-02
    endloop
  endfacet
  facet normal -9.386135e-02 9.955414e-01 -9.349802e-03
    outer loop
      vertex -1.334344e-03 6.242671e-03 -2.050183e-02
      vertex -1.693486e-03 6.223197e-03 -1.896999e-02
      vertex -1.096601e-03 6.278237e-03 -1.910145e-02
    endloop
  endfacet
  facet normal -1.240862e-01 9.922154e-01 -1.054188e-02
    outer loop
      vertex 8.863057e-04 6.497005e-03 -2.010760e-02
      vertex -3.543743e-05 6.384397e-03 -1.985686e-02
      vertex 5.718789e-04 6.468310e-03 -1.910737e-02
    endloop
  endfacet
  facet normal -1.326863e-01 9.910691e-01 -1.327827e-02
    outer loop
      vertex 1.171613e-03 6.555441e-03 -1.859707e-02
      vertex 8.863057e-04 6.497005e-03 -2.010760e-02
      vertex 5.718789e-04 6.468310e-03 -1.910737e-02
    endloop
  endfacet
  facet normal -1.368546e-01 9.905127e-01 -1.246943e-02
    outer loop
      vertex 1.171613e-03 6.555441e-03 -1.859707e-02
      vertex 1.706434e-03 6.606978e-03 -2.037295e-02
      vertex 8.863057e-04 6.497005e-03 -2.010760e-02
    endloop
  endfacet
  facet normal -1.787463e-01 9.836454e-01 -2.216869e-02
    outer loop
      vertex 5.685073e-03 6.964193e-03 -3.493526e-02
      vertex 6.153724e-03 7.072643e-03 -3.390197e-02
      vertex 6.741608e-03 7.160277e-03 -3.475370e-02
    endloop
  endfacet
  facet normal -1.512750e-01 9.883888e-01 -1.426503e-02
    outer loop
      vertex 1.706434e-03 6.606978e-03 -2.037295e-02
      vertex 2.213446e-03 6.699655e-03 -1.932831e-02
      vertex 2.630137e-03 6.741070e-03 -2.087760e-02
    endloop
  endfacet
  facet normal -1.604250e-01 9.869056e-01 -1.676560e-02
    outer loop
      vertex 2.630137e-03 6.741070e-03 -2.087760e-02
      vertex 2.213446e-03 6.699655e-03 -1.932831e-02
      vertex 2.905218e-03 6.809861e-03 -1.946036e-02
    endloop
  endfacet
  facet normal -1.574408e-01 9.873789e-01 -1.718519e-02
    outer loop
      vertex 2.213446e-03 6.699655e-03 -1.932831e-02
      vertex 1.729150e-03 6.643685e-03 -1.810719e-02
      vertex 2.712135e-03 6.799467e-03 -1.816227e-02
    endloop
  endfacet
  facet normal -1.988510e-01 9.796525e-01 -2.719054e-02
    outer loop
      vertex 7.626703e-03 7.388887e-03 -3.290018e-02
      vertex 7.098081e-03 7.258164e-03 -3.374408e-02
      vertex 6.983964e-03 7.278408e-03 -3.218018e-02
    endloop
  endfacet
  facet normal -2.078215e-01 9.778515e-01 -2.483347e-02
    outer loop
      vertex 6.983964e-03 7.278408e-03 -3.218018e-02
      vertex 7.699740e-03 7.450262e-03 -3.140323e-02
      vertex 8.367533e-03 7.567734e-03 -3.236610e-02
    endloop
  endfacet
  facet normal -2.246517e-01 9.738095e-01 -3.502373e-02
    outer loop
      vertex 9.313449e-03 7.797307e-03 -3.205033e-02
      vertex 9.483086e-03 7.798763e-03 -3.309795e-02
      vertex 8.367533e-03 7.567734e-03 -3.236610e-02
    endloop
  endfacet
  facet normal -2.178316e-01 9.754594e-01 -3.206779e-02
    outer loop
      vertex 8.703100e-03 7.679199e-03 -3.125493e-02
      vertex 8.367533e-03 7.567734e-03 -3.236610e-02
      vertex 7.699740e-03 7.450262e-03 -3.140323e-02
    endloop
  endfacet
  facet normal -2.265188e-01 9.735674e-01 -2.925451e-02
    outer loop
      vertex 8.367533e-03 7.567734e-03 -3.236610e-02
      vertex 8.703100e-03 7.679199e-03 -3.125493e-02
      vertex 9.313449e-03 7.797307e-03 -3.205033e-02
    endloop
  endfacet
  facet normal -2.056504e-01 9.784399e-01 -1.906250e-02
    outer loop
      vertex 4.752519e-03 7.189126e-03 -1.768082e-02
      vertex 5.600384e-03 7.350301e-03 -1.855499e-02
      vertex 4.600093e-03 7.132784e-03 -1.892832e-02
    endloop
  endfacet
  facet normal -2.494887e-01 9.676615e-01 -3.723616e-02
    outer loop
      vertex 9.915249e-03 8.047645e-03 -2.930687e-02
      vertex 9.526304e-03 7.996824e-03 -2.802155e-02
      vertex 1.029938e-02 8.174829e-03 -2.857547e-02
    endloop
  endfacet
  facet normal -2.524103e-01 9.668426e-01 -3.878562e-02
    outer loop
      vertex 9.692621e-03 8.153083e-03 -2.508861e-02
      vertex 9.795904e-03 8.120584e-03 -2.657089e-02
      vertex 9.102609e-03 7.970215e-03 -2.580740e-02
    endloop
  endfacet
  facet normal -2.402253e-01 9.703529e-01 -2.658909e-02
    outer loop
      vertex 7.254880e-03 7.720325e-03 -1.912466e-02
      vertex 7.847207e-03 7.826810e-03 -2.059009e-02
      vertex 7.144489e-03 7.659865e-03 -2.033377e-02
    endloop
  endfacet
  facet normal -2.252453e-01 9.740690e-01 -2.131107e-02
    outer loop
      vertex 5.600384e-03 7.350301e-03 -1.855499e-02
      vertex 5.826375e-03 7.438166e-03 -1.692751e-02
      vertex 6.782166e-03 7.634205e-03 -1.806927e-02
    endloop
  endfacet
  facet normal -2.529850e-01 9.671311e-01 -2.561274e-02
    outer loop
      vertex 7.449169e-03 7.809953e-03 -1.768913e-02
      vertex 7.755351e-03 7.924329e-03 -1.639457e-02
      vertex 8.315360e-03 8.035386e-03 -1.773246e-02
    endloop
  endfacet
  facet normal -2.505790e-01 9.677406e-01 -2.623564e-02
    outer loop
      vertex 7.755351e-03 7.924329e-03 -1.639457e-02
      vertex 7.449169e-03 7.809953e-03 -1.768913e-02
      vertex 7.090036e-03 7.746745e-03 -1.659055e-02
    endloop
  endfacet
  facet normal -2.889461e-01 9.564195e-01 -4.209270e-02
    outer loop
      vertex 1.192020e-02 8.650767e-03 -2.822742e-02
      vertex 1.191030e-02 8.708426e-03 -2.684939e-02
      vertex 1.258391e-02 8.868828e-03 -2.782880e-02
    endloop
  endfacet
  facet normal -2.587409e-01 9.656482e-01 -2.401429e-02
    outer loop
      vertex 7.647592e-03 7.936789e-03 -1.473250e-02
      vertex 8.475927e-03 8.109236e-03 -1.672302e-02
      vertex 7.755351e-03 7.924329e-03 -1.639457e-02
    endloop
  endfacet
  facet normal -2.608746e-01 9.649341e-01 -2.909753e-02
    outer loop
      vertex 7.755351e-03 7.924329e-03 -1.639457e-02
      vertex 8.475927e-03 8.109236e-03 -1.672302e-02
      vertex 8.315360e-03 8.035386e-03 -1.773246e-02
    endloop
  endfacet
  facet normal -3.321435e-01 9.419106e-01 -4.985079e-02
    outer loop
      vertex 1.398738e-02 9.503010e-03 -2.437530e-02
      vertex 1.397362e-02 9.567945e-03 -2.305670e-02
      vertex 1.470698e-02 9.797436e-03 -2.360677e-02
    endloop
  endfacet
  facet normal -2.938528e-01 9.552617e-01 -3.354922e-02
    outer loop
      vertex 9.279348e-03 8.372451e-03 -1.548725e-02
      vertex 1.051509e-02 8.742046e-03 -1.578727e-02
      vertex 1.011788e-02 8.570274e-03 -1.719908e-02
    endloop
  endfacet
  facet normal -2.983335e-01 9.537837e-01 -3.596839e-02
    outer loop
      vertex 1.112256e-02 8.900118e-03 -1.678572e-02
      vertex 1.133254e-02 8.916023e-03 -1.810556e-02
      vertex 1.011788e-02 8.570274e-03 -1.719908e-02
    endloop
  endfacet
  facet normal -3.128889e-01 9.491631e-01 -3.449727e-02
    outer loop
      vertex 1.138946e-02 9.073513e-03 -1.448864e-02
      vertex 1.150037e-02 9.068715e-03 -1.562660e-02
      vertex 1.076625e-02 8.840879e-03 -1.523685e-02
    endloop
  endfacet
  facet normal -3.270744e-01 9.441345e-01 -4.040140e-02
    outer loop
      vertex 1.234777e-02 9.404032e-03 -1.452290e-02
      vertex 1.208988e-02 9.286770e-03 -1.517546e-02
      vertex 1.138946e-02 9.073513e-03 -1.448864e-02
    endloop
  endfacet
  facet normal -3.378164e-01 9.405419e-01 -3.551078e-02
    outer loop
      vertex 1.208988e-02 9.286770e-03 -1.517546e-02
      vertex 1.234777e-02 9.404032e-03 -1.452290e-02
      vertex 1.344460e-02 9.759438e-03 -1.554380e-02
    endloop
  endfacet
  facet normal -3.227272e-01 9.458282e-01 -3.544209e-02
    outer loop
      vertex 1.138946e-02 9.073513e-03 -1.448864e-02
      vertex 1.208988e-02 9.286770e-03 -1.517546e-02
      vertex 1.150037e-02 9.068715e-03 -1.562660e-02
    endloop
  endfacet
  facet normal -3.660548e-01 9.296416e-01 -4.207601e-02
    outer loop
      vertex 1.549074e-02 1.043574e-02 -1.792722e-02
      vertex 1.472632e-02 1.019142e-02 -1.667492e-02
      vertex 1.539267e-02 1.045137e-02 -1.672872e-02
    endloop
  endfacet
  facet normal -3.453533e-01 9.375476e-01 -4.165940e-02
    outer loop
      vertex 1.297639e-02 9.496264e-03 -1.755124e-02
      vertex 1.309401e-02 9.586014e-03 -1.650653e-02
      vertex 1.405597e-02 9.926069e-03 -1.682813e-02
    endloop
  endfacet
  facet normal -3.723506e-01 9.269340e-01 -4.635061e-02
    outer loop
      vertex 1.554146e-02 1.069745e-02 -1.319504e-02
      vertex 1.573622e-02 1.069773e-02 -1.475400e-02
      vertex 1.475056e-02 1.036620e-02 -1.346575e-02
    endloop
  endfacet
  facet normal -3.723005e-01 9.269563e-01 -4.630649e-02
    outer loop
      vertex 1.573622e-02 1.069773e-02 -1.475400e-02
      vertex 1.492109e-02 1.037317e-02 -1.469733e-02
      vertex 1.475056e-02 1.036620e-02 -1.346575e-02
    endloop
  endfacet
  facet normal -3.678349e-01 9.287685e-01 -4.567790e-02
    outer loop
      vertex 1.475056e-02 1.036620e-02 -1.346575e-02
      vertex 1.492109e-02 1.037317e-02 -1.469733e-02
      vertex 1.361358e-02 9.888535e-03 -1.402230e-02
    endloop
  endfacet
  facet normal -3.700364e-01 9.277311e-01 -4.886683e-02
    outer loop
      vertex 1.492109e-02 1.037317e-02 -1.469733e-02
      vertex 1.463229e-02 1.020701e-02 -1.566496e-02
      vertex 1.404520e-02 1.002418e-02 -1.469035e-02
    endloop
  endfacet
  facet normal -3.435047e-01 9.384397e-01 -3.654508e-02
    outer loop
      vertex 1.306051e-02 9.674541e-03 -1.417464e-02
      vertex 1.237315e-02 9.466605e-03 -1.305338e-02
      vertex 1.312793e-02 9.749784e-03 -1.287618e-02
    endloop
  endfacet
  facet normal -3.490331e-01 9.356158e-01 -5.290590e-02
    outer loop
      vertex 1.489668e-02 1.001213e-02 -2.105936e-02
      vertex 1.576502e-02 1.027654e-02 -2.211205e-02
      vertex 1.472942e-02 9.868921e-03 -2.248851e-02
    endloop
  endfacet
  facet normal -3.236478e-01 9.447288e-01 -5.234184e-02
    outer loop
      vertex 1.313981e-02 9.257309e-03 -2.356921e-02
      vertex 1.398738e-02 9.503010e-03 -2.437530e-02
      vertex 1.352913e-02 9.312325e-03 -2.498354e-02
    endloop
  endfacet
  facet normal -2.693658e-01 9.621483e-01 -4.138461e-02
    outer loop
      vertex 1.146417e-02 8.491245e-03 -2.878599e-02
      vertex 1.187867e-02 8.540155e-03 -3.034680e-02
      vertex 1.097126e-02 8.307053e-03 -2.985999e-02
    endloop
  endfacet
  facet normal -1.989466e-01 9.796348e-01 -2.712796e-02
    outer loop
      vertex 8.122717e-03 7.449993e-03 -3.433116e-02
      vertex 7.098081e-03 7.258164e-03 -3.374408e-02
      vertex 7.626703e-03 7.388887e-03 -3.290018e-02
    endloop
  endfacet
  facet normal -1.978622e-01 9.799073e-01 -2.514634e-02
    outer loop
      vertex 7.098081e-03 7.258164e-03 -3.374408e-02
      vertex 8.122717e-03 7.449993e-03 -3.433116e-02
      vertex 6.741608e-03 7.160277e-03 -3.475370e-02
    endloop
  endfacet
  facet normal -3.748308e-01 9.263006e-01 -3.832912e-02
    outer loop
      vertex 1.554146e-02 1.069745e-02 -1.319504e-02
      vertex 1.475056e-02 1.036620e-02 -1.346575e-02
      vertex 1.448889e-02 1.030563e-02 -1.237067e-02
    endloop
  endfacet
  facet normal -3.719896e-01 9.274958e-01 -3.708340e-02
    outer loop
      vertex 1.448889e-02 1.030563e-02 -1.237067e-02
      vertex 1.351109e-02 9.899933e-03 -1.270914e-02
      vertex 1.342324e-02 9.909702e-03 -1.158357e-02
    endloop
  endfacet
  facet normal -1.010908e-01 9.947641e-01 -1.500295e-02
    outer loop
      vertex -3.543743e-05 6.384397e-03 -1.985686e-02
      vertex -5.087054e-04 6.321980e-03 -2.080649e-02
      vertex -1.334344e-03 6.242671e-03 -2.050183e-02
    endloop
  endfacet
  facet normal -2.689198e-01 9.622634e-01 -4.160903e-02
    outer loop
      vertex 1.097126e-02 8.307053e-03 -2.985999e-02
      vertex 1.029938e-02 8.174829e-03 -2.857547e-02
      vertex 1.146417e-02 8.491245e-03 -2.878599e-02
    endloop
  endfacet
  facet normal 3.439050e-01 9.384526e-01 3.218918e-02
    outer loop
      vertex -2.649633e-02 9.704494e-03 -2.631545e-02
      vertex -2.595453e-02 9.473917e-03 -2.538169e-02
      vertex -2.529309e-02 9.290105e-03 -2.708947e-02
    endloop
  endfacet
  facet normal 3.408356e-01 9.397429e-01 2.672687e-02
    outer loop
      vertex -2.529309e-02 9.290105e-03 -2.708947e-02
      vertex -2.575122e-02 9.475168e-03 -2.775416e-02
      vertex -2.649633e-02 9.704494e-03 -2.631545e-02
    endloop
  endfacet
  facet normal 3.346283e-01 9.419275e-01 2.822224e-02
    outer loop
      vertex -2.511073e-02 9.181707e-03 -2.563398e-02
      vertex -2.529309e-02 9.290105e-03 -2.708947e-02
      vertex -2.595453e-02 9.473917e-03 -2.538169e-02
    endloop
  endfacet
  facet normal 3.179156e-01 9.477417e-01 2.674447e-02
    outer loop
      vertex -2.382623e-02 8.842712e-03 -2.883560e-02
      vertex -2.410622e-02 8.981779e-03 -3.043542e-02
      vertex -2.459699e-02 9.103926e-03 -2.893004e-02
    endloop
  endfacet
  facet normal 3.269658e-01 9.445392e-01 3.064344e-02
    outer loop
      vertex -2.553234e-02 9.275537e-03 -2.387810e-02
      vertex -2.483606e-02 9.032539e-03 -2.381733e-02
      vertex -2.451569e-02 8.961266e-03 -2.503881e-02
    endloop
  endfacet
  facet normal 3.145940e-01 9.488380e-01 2.714769e-02
    outer loop
      vertex -2.421373e-02 8.819595e-03 -2.358646e-02
      vertex -2.451569e-02 8.961266e-03 -2.503881e-02
      vertex -2.483606e-02 9.032539e-03 -2.381733e-02
    endloop
  endfacet
  facet normal 2.920687e-01 9.561157e-01 2.320942e-02
    outer loop
      vertex -2.205547e-02 8.305052e-03 -2.922427e-02
      vertex -2.229288e-02 8.412199e-03 -3.065062e-02
      vertex -2.328328e-02 8.686676e-03 -2.949442e-02
    endloop
  endfacet
  facet normal 2.949897e-01 9.551572e-01 2.560884e-02
    outer loop
      vertex -2.280075e-02 8.454277e-03 -2.643734e-02
      vertex -2.277570e-02 8.498184e-03 -2.836364e-02
      vertex -2.338220e-02 8.667982e-03 -2.771037e-02
    endloop
  endfacet
  facet normal 3.112770e-01 9.499352e-01 2.701249e-02
    outer loop
      vertex -2.341138e-02 8.789873e-03 -3.169370e-02
      vertex -2.410622e-02 8.981779e-03 -3.043542e-02
      vertex -2.327075e-02 8.719454e-03 -3.083783e-02
    endloop
  endfacet
  facet normal 3.073086e-01 9.512423e-01 2.644634e-02
    outer loop
      vertex -2.382623e-02 8.842712e-03 -2.883560e-02
      vertex -2.408902e-02 8.878409e-03 -2.706586e-02
      vertex -2.338220e-02 8.667982e-03 -2.771037e-02
    endloop
  endfacet
  facet normal 3.075975e-01 9.510800e-01 2.882102e-02
    outer loop
      vertex -2.451569e-02 8.961266e-03 -2.503881e-02
      vertex -2.421373e-02 8.819595e-03 -2.358646e-02
      vertex -2.369300e-02 8.671616e-03 -2.426079e-02
    endloop
  endfacet
  facet normal 3.068458e-01 9.514072e-01 2.588498e-02
    outer loop
      vertex -2.338220e-02 8.667982e-03 -2.771037e-02
      vertex -2.408902e-02 8.878409e-03 -2.706586e-02
      vertex -2.343214e-02 8.645410e-03 -2.628874e-02
    endloop
  endfacet
  facet normal 3.087875e-01 9.507353e-01 2.743438e-02
    outer loop
      vertex -2.369300e-02 8.671616e-03 -2.426079e-02
      vertex -2.343214e-02 8.645410e-03 -2.628874e-02
      vertex -2.451569e-02 8.961266e-03 -2.503881e-02
    endloop
  endfacet
  facet normal 2.957301e-01 9.549845e-01 2.341682e-02
    outer loop
      vertex -2.283944e-02 8.381491e-03 -2.320847e-02
      vertex -2.313929e-02 8.508288e-03 -2.459273e-02
      vertex -2.369300e-02 8.671616e-03 -2.426079e-02
    endloop
  endfacet
  facet normal 2.951402e-01 9.551127e-01 2.553263e-02
    outer loop
      vertex -2.343214e-02 8.645410e-03 -2.628874e-02
      vertex -2.280075e-02 8.454277e-03 -2.643734e-02
      vertex -2.338220e-02 8.667982e-03 -2.771037e-02
    endloop
  endfacet
  facet normal 2.952848e-01 9.550492e-01 2.622880e-02
    outer loop
      vertex -2.280075e-02 8.454277e-03 -2.643734e-02
      vertex -2.343214e-02 8.645410e-03 -2.628874e-02
      vertex -2.313929e-02 8.508288e-03 -2.459273e-02
    endloop
  endfacet
  facet normal 2.838722e-01 9.585219e-01 2.554091e-02
    outer loop
      vertex -2.209281e-02 8.271917e-03 -2.746202e-02
      vertex -2.277570e-02 8.498184e-03 -2.836364e-02
      vertex -2.280075e-02 8.454277e-03 -2.643734e-02
    endloop
  endfacet
  facet normal 2.830802e-01 9.587989e-01 2.387912e-02
    outer loop
      vertex -2.218941e-02 8.227805e-03 -2.459130e-02
      vertex -2.280075e-02 8.454277e-03 -2.643734e-02
      vertex -2.313929e-02 8.508288e-03 -2.459273e-02
    endloop
  endfacet
  facet normal 2.787214e-01 9.600640e-01 2.431949e-02
    outer loop
      vertex -2.212449e-02 8.175100e-03 -2.325471e-02
      vertex -2.218941e-02 8.227805e-03 -2.459130e-02
      vertex -2.283944e-02 8.381491e-03 -2.320847e-02
    endloop
  endfacet
  facet normal 2.825477e-01 9.589511e-01 2.407416e-02
    outer loop
      vertex -2.218941e-02 8.227805e-03 -2.459130e-02
      vertex -2.208921e-02 8.228748e-03 -2.580484e-02
      vertex -2.280075e-02 8.454277e-03 -2.643734e-02
    endloop
  endfacet
  facet normal 2.718726e-01 9.620221e-01 2.447114e-02
    outer loop
      vertex -2.209281e-02 8.271917e-03 -2.746202e-02
      vertex -2.208921e-02 8.228748e-03 -2.580484e-02
      vertex -2.139083e-02 8.061613e-03 -2.699332e-02
    endloop
  endfacet
  facet normal 2.691988e-01 9.628105e-01 2.297501e-02
    outer loop
      vertex -2.218941e-02 8.227805e-03 -2.459130e-02
      vertex -2.138180e-02 8.024298e-03 -2.552579e-02
      vertex -2.208921e-02 8.228748e-03 -2.580484e-02
    endloop
  endfacet
  facet normal 2.486846e-01 9.683741e-01 2.018873e-02
    outer loop
      vertex -2.032634e-02 7.845858e-03 -2.994252e-02
      vertex -2.078222e-02 7.933184e-03 -2.851558e-02
      vertex -1.980635e-02 7.681364e-03 -2.845756e-02
    endloop
  endfacet
  facet normal 2.611951e-01 9.650197e-01 2.267166e-02
    outer loop
      vertex -2.078222e-02 7.933184e-03 -2.851558e-02
      vertex -2.116841e-02 8.072962e-03 -3.001603e-02
      vertex -2.138510e-02 8.098873e-03 -2.862253e-02
    endloop
  endfacet
  facet normal 2.611409e-01 9.650269e-01 2.298860e-02
    outer loop
      vertex -2.138510e-02 8.098873e-03 -2.862253e-02
      vertex -2.139083e-02 8.061613e-03 -2.699332e-02
      vertex -2.078222e-02 7.933184e-03 -2.851558e-02
    endloop
  endfacet
  facet normal 2.644640e-01 9.640862e-01 2.442656e-02
    outer loop
      vertex -2.111020e-02 8.158462e-03 -3.416379e-02
      vertex -2.068047e-02 8.005295e-03 -3.277110e-02
      vertex -2.019845e-02 7.913365e-03 -3.436152e-02
    endloop
  endfacet
  facet normal 2.680771e-01 9.631179e-01 2.320520e-02
    outer loop
      vertex -2.111020e-02 8.158462e-03 -3.416379e-02
      vertex -2.135628e-02 8.192860e-03 -3.274860e-02
      vertex -2.068047e-02 8.005295e-03 -3.277110e-02
    endloop
  endfacet
  facet normal 2.639518e-01 9.641964e-01 2.558606e-02
    outer loop
      vertex -2.145938e-02 8.180678e-03 -3.107357e-02
      vertex -2.116841e-02 8.072962e-03 -3.001603e-02
      vertex -2.031416e-02 7.876050e-03 -3.140820e-02
    endloop
  endfacet
  facet normal 2.585338e-01 9.657507e-01 2.204167e-02
    outer loop
      vertex -2.032634e-02 7.845858e-03 -2.994252e-02
      vertex -2.031416e-02 7.876050e-03 -3.140820e-02
      vertex -2.116841e-02 8.072962e-03 -3.001603e-02
    endloop
  endfacet
  facet normal 2.474350e-01 9.686298e-01 2.306900e-02
    outer loop
      vertex -1.940183e-02 7.691977e-03 -3.361015e-02
      vertex -2.019845e-02 7.913365e-03 -3.436152e-02
      vertex -1.993404e-02 7.810922e-03 -3.289608e-02
    endloop
  endfacet
  facet normal 2.681430e-01 9.630560e-01 2.495128e-02
    outer loop
      vertex -2.128938e-02 7.968841e-03 -2.426829e-02
      vertex -2.218941e-02 8.227805e-03 -2.459130e-02
      vertex -2.212449e-02 8.175100e-03 -2.325471e-02
    endloop
  endfacet
  facet normal 2.551883e-01 9.665642e-01 2.515169e-02
    outer loop
      vertex -2.066905e-02 7.846794e-03 -2.606114e-02
      vertex -2.022573e-02 7.751362e-03 -2.689162e-02
      vertex -2.139083e-02 8.061613e-03 -2.699332e-02
    endloop
  endfacet
  facet normal 2.569871e-01 9.661690e-01 2.179610e-02
    outer loop
      vertex -2.063514e-02 7.798491e-03 -2.431983e-02
      vertex -2.066905e-02 7.846794e-03 -2.606114e-02
      vertex -2.138180e-02 8.024298e-03 -2.552579e-02
    endloop
  endfacet
  facet normal 2.346572e-01 9.718804e-01 1.960670e-02
    outer loop
      vertex -1.980635e-02 7.681364e-03 -2.845756e-02
      vertex -1.913293e-02 7.491693e-03 -2.711539e-02
      vertex -1.914516e-02 7.526858e-03 -2.871221e-02
    endloop
  endfacet
  facet normal 2.349101e-01 9.718220e-01 1.947153e-02
    outer loop
      vertex -1.980635e-02 7.681364e-03 -2.845756e-02
      vertex -2.022573e-02 7.751362e-03 -2.689162e-02
      vertex -1.913293e-02 7.491693e-03 -2.711539e-02
    endloop
  endfacet
  facet normal 2.434049e-01 9.696711e-01 2.218117e-02
    outer loop
      vertex -2.032634e-02 7.845858e-03 -2.994252e-02
      vertex -1.980635e-02 7.681364e-03 -2.845756e-02
      vertex -1.941336e-02 7.617347e-03 -2.997148e-02
    endloop
  endfacet
  facet normal 2.461734e-01 9.689760e-01 2.200542e-02
    outer loop
      vertex -2.031416e-02 7.876050e-03 -3.140820e-02
      vertex -2.032634e-02 7.845858e-03 -2.994252e-02
      vertex -1.946370e-02 7.658300e-03 -3.133397e-02
    endloop
  endfacet
  facet normal 2.433549e-01 9.697278e-01 2.015674e-02
    outer loop
      vertex -1.941336e-02 7.617347e-03 -2.997148e-02
      vertex -1.946370e-02 7.658300e-03 -3.133397e-02
      vertex -2.032634e-02 7.845858e-03 -2.994252e-02
    endloop
  endfacet
  facet normal 2.313762e-01 9.727439e-01 1.531012e-02
    outer loop
      vertex -1.832796e-02 7.437636e-03 -3.367939e-02
      vertex -1.888340e-02 7.578211e-03 -3.421679e-02
      vertex -1.940183e-02 7.691977e-03 -3.361015e-02
    endloop
  endfacet
  facet normal 2.315541e-01 9.726022e-01 2.067915e-02
    outer loop
      vertex -1.946370e-02 7.658300e-03 -3.133397e-02
      vertex -1.941336e-02 7.617347e-03 -2.997148e-02
      vertex -1.879921e-02 7.473456e-03 -3.008084e-02
    endloop
  endfacet
  facet normal 2.429448e-01 9.697867e-01 2.216992e-02
    outer loop
      vertex -2.063514e-02 7.798491e-03 -2.431983e-02
      vertex -1.981338e-02 7.615827e-03 -2.533457e-02
      vertex -2.066905e-02 7.846794e-03 -2.606114e-02
    endloop
  endfacet
  facet normal 2.352478e-01 9.717029e-01 2.125871e-02
    outer loop
      vertex -1.934070e-02 7.512232e-03 -2.575506e-02
      vertex -1.913293e-02 7.491693e-03 -2.711539e-02
      vertex -2.022573e-02 7.751362e-03 -2.689162e-02
    endloop
  endfacet
  facet normal 2.154675e-01 9.763758e-01 1.625206e-02
    outer loop
      vertex -1.826899e-02 7.457596e-03 -3.534469e-02
      vertex -1.730502e-02 7.240980e-03 -3.511116e-02
      vertex -1.756901e-02 7.316455e-03 -3.614552e-02
    endloop
  endfacet
  facet normal 2.031027e-01 9.789892e-01 1.815322e-02
    outer loop
      vertex -1.812184e-02 7.315479e-03 -2.977726e-02
      vertex -1.813691e-02 7.275315e-03 -2.744267e-02
      vertex -1.725508e-02 7.110083e-03 -2.839784e-02
    endloop
  endfacet
  facet normal 2.229447e-01 9.746309e-01 1.975692e-02
    outer loop
      vertex -1.914516e-02 7.526858e-03 -2.871221e-02
      vertex -1.913293e-02 7.491693e-03 -2.711539e-02
      vertex -1.849051e-02 7.369069e-03 -2.831555e-02
    endloop
  endfacet
  facet normal 2.225606e-01 9.746955e-01 2.086916e-02
    outer loop
      vertex -1.899525e-02 7.557552e-03 -3.191780e-02
      vertex -1.879921e-02 7.473456e-03 -3.008084e-02
      vertex -1.805201e-02 7.338667e-03 -3.175398e-02
    endloop
  endfacet
  facet normal 2.189262e-01 9.755529e-01 1.917704e-02
    outer loop
      vertex -1.879921e-02 7.473456e-03 -3.008084e-02
      vertex -1.812184e-02 7.315479e-03 -2.977726e-02
      vertex -1.805201e-02 7.338667e-03 -3.175398e-02
    endloop
  endfacet
  facet normal 2.085734e-01 9.778355e-01 1.830242e-02
    outer loop
      vertex -1.805201e-02 7.338667e-03 -3.175398e-02
      vertex -1.751330e-02 7.192757e-03 -3.009762e-02
      vertex -1.730441e-02 7.186941e-03 -3.216745e-02
    endloop
  endfacet
  facet normal 2.071498e-01 9.781287e-01 1.879126e-02
    outer loop
      vertex -1.751330e-02 7.192757e-03 -3.009762e-02
      vertex -1.805201e-02 7.338667e-03 -3.175398e-02
      vertex -1.812184e-02 7.315479e-03 -2.977726e-02
    endloop
  endfacet
  facet normal 2.186209e-01 9.755980e-01 2.033314e-02
    outer loop
      vertex -1.853751e-02 7.327886e-03 -2.565779e-02
      vertex -1.813691e-02 7.275315e-03 -2.744267e-02
      vertex -1.913293e-02 7.491693e-03 -2.711539e-02
    endloop
  endfacet
  facet normal 2.214614e-01 9.749820e-01 1.910356e-02
    outer loop
      vertex -1.913293e-02 7.491693e-03 -2.711539e-02
      vertex -1.934070e-02 7.512232e-03 -2.575506e-02
      vertex -1.853751e-02 7.327886e-03 -2.565779e-02
    endloop
  endfacet
  facet normal 2.066544e-01 9.782562e-01 1.756907e-02
    outer loop
      vertex -1.813691e-02 7.275315e-03 -2.744267e-02
      vertex -1.853751e-02 7.327886e-03 -2.565779e-02
      vertex -1.768831e-02 7.166554e-03 -2.666335e-02
    endloop
  endfacet
  facet normal 1.864885e-01 9.823286e-01 1.589021e-02
    outer loop
      vertex -1.623082e-02 7.068551e-03 -3.776577e-02
      vertex -1.641795e-02 7.080973e-03 -3.633750e-02
      vertex -1.565927e-02 6.945165e-03 -3.684578e-02
    endloop
  endfacet
  facet normal 1.863836e-01 9.823290e-01 1.705590e-02
    outer loop
      vertex -1.593529e-02 6.940440e-03 -3.336189e-02
      vertex -1.667049e-02 7.098027e-03 -3.440389e-02
      vertex -1.668621e-02 7.084999e-03 -3.348177e-02
    endloop
  endfacet
  facet normal 1.882515e-01 9.819956e-01 1.568752e-02
    outer loop
      vertex -1.667049e-02 7.098027e-03 -3.440389e-02
      vertex -1.593529e-02 6.940440e-03 -3.336189e-02
      vertex -1.587186e-02 6.949021e-03 -3.466013e-02
    endloop
  endfacet
  facet normal 1.948605e-01 9.807706e-01 1.087711e-02
    outer loop
      vertex -1.623082e-02 7.068551e-03 -3.776577e-02
      vertex -1.692530e-02 7.202967e-03 -3.744446e-02
      vertex -1.756901e-02 7.316455e-03 -3.614552e-02
    endloop
  endfacet
  facet normal 2.032946e-01 9.789499e-01 1.812151e-02
    outer loop
      vertex -1.641795e-02 7.080973e-03 -3.633750e-02
      vertex -1.623082e-02 7.068551e-03 -3.776577e-02
      vertex -1.756901e-02 7.316455e-03 -3.614552e-02
    endloop
  endfacet
  facet normal 2.013544e-01 9.793662e-01 1.726920e-02
    outer loop
      vertex -1.668621e-02 7.084999e-03 -3.348177e-02
      vertex -1.667049e-02 7.098027e-03 -3.440389e-02
      vertex -1.751302e-02 7.259254e-03 -3.372369e-02
    endloop
  endfacet
  facet normal 1.960552e-01 9.804946e-01 1.388543e-02
    outer loop
      vertex -1.614524e-02 7.015336e-03 -3.555316e-02
      vertex -1.641795e-02 7.080973e-03 -3.633750e-02
      vertex -1.730502e-02 7.240980e-03 -3.511116e-02
    endloop
  endfacet
  facet normal 2.040982e-01 9.787638e-01 1.911131e-02
    outer loop
      vertex -1.813691e-02 7.275315e-03 -2.744267e-02
      vertex -1.768831e-02 7.166554e-03 -2.666335e-02
      vertex -1.725508e-02 7.110083e-03 -2.839784e-02
    endloop
  endfacet
  facet normal 1.844171e-01 9.826930e-01 1.745591e-02
    outer loop
      vertex -1.646612e-02 6.928075e-03 -2.656346e-02
      vertex -1.624819e-02 6.910963e-03 -2.790253e-02
      vertex -1.701120e-02 7.031213e-03 -2.661104e-02
    endloop
  endfacet
  facet normal 1.940553e-01 9.808378e-01 1.731356e-02
    outer loop
      vertex -1.814681e-02 7.206982e-03 -2.362730e-02
      vertex -1.697072e-02 6.967449e-03 -2.323944e-02
      vertex -1.684585e-02 6.967004e-03 -2.461379e-02
    endloop
  endfacet
  facet normal 1.920586e-01 9.812752e-01 1.457393e-02
    outer loop
      vertex -1.770039e-02 7.140610e-03 -2.504149e-02
      vertex -1.814681e-02 7.206982e-03 -2.362730e-02
      vertex -1.684585e-02 6.967004e-03 -2.461379e-02
    endloop
  endfacet
  facet normal 1.655970e-01 9.860893e-01 1.433953e-02
    outer loop
      vertex -1.446120e-02 6.732591e-03 -3.649264e-02
      vertex -1.493517e-02 6.823695e-03 -3.728415e-02
      vertex -1.521441e-02 6.844235e-03 -3.547192e-02
    endloop
  endfacet
  facet normal 1.648228e-01 9.862132e-01 1.473003e-02
    outer loop
      vertex -1.527931e-02 6.837686e-03 -3.428246e-02
      vertex -1.464094e-02 6.722052e-03 -3.368351e-02
      vertex -1.448477e-02 6.716439e-03 -3.505512e-02
    endloop
  endfacet
  facet normal 1.648501e-01 9.862091e-01 1.470018e-02
    outer loop
      vertex -1.464094e-02 6.722052e-03 -3.368351e-02
      vertex -1.527931e-02 6.837686e-03 -3.428246e-02
      vertex -1.533256e-02 6.823580e-03 -3.273889e-02
    endloop
  endfacet
  facet normal 1.753490e-01 9.843909e-01 1.507300e-02
    outer loop
      vertex -1.587186e-02 6.949021e-03 -3.466013e-02
      vertex -1.593529e-02 6.940440e-03 -3.336189e-02
      vertex -1.527931e-02 6.837686e-03 -3.428246e-02
    endloop
  endfacet
  facet normal 1.753102e-01 9.843983e-01 1.504454e-02
    outer loop
      vertex -1.533256e-02 6.823580e-03 -3.273889e-02
      vertex -1.527931e-02 6.837686e-03 -3.428246e-02
      vertex -1.593529e-02 6.940440e-03 -3.336189e-02
    endloop
  endfacet
  facet normal 1.706433e-01 9.852159e-01 1.518197e-02
    outer loop
      vertex -1.553507e-02 6.772258e-03 -2.691678e-02
      vertex -1.624819e-02 6.910963e-03 -2.790253e-02
      vertex -1.646612e-02 6.928075e-03 -2.656346e-02
    endloop
  endfacet
  facet normal 1.610476e-01 9.868756e-01 1.184445e-02
    outer loop
      vertex -1.533256e-02 6.823580e-03 -3.273889e-02
      vertex -1.439857e-02 6.663664e-03 -3.211413e-02
      vertex -1.464094e-02 6.722052e-03 -3.368351e-02
    endloop
  endfacet
  facet normal 1.755563e-01 9.843453e-01 1.563164e-02
    outer loop
      vertex -1.684585e-02 6.967004e-03 -2.461379e-02
      vertex -1.697072e-02 6.967449e-03 -2.323944e-02
      vertex -1.610204e-02 6.822963e-03 -2.389699e-02
    endloop
  endfacet
  facet normal 1.711931e-01 9.850962e-01 1.668366e-02
    outer loop
      vertex -1.609197e-02 6.847780e-03 -2.566162e-02
      vertex -1.553507e-02 6.772258e-03 -2.691678e-02
      vertex -1.646612e-02 6.928075e-03 -2.656346e-02
    endloop
  endfacet
  facet normal 1.762890e-01 9.842265e-01 1.484738e-02
    outer loop
      vertex -1.610204e-02 6.822963e-03 -2.389699e-02
      vertex -1.609197e-02 6.847780e-03 -2.566162e-02
      vertex -1.684585e-02 6.967004e-03 -2.461379e-02
    endloop
  endfacet
  facet normal 1.640046e-01 9.863484e-01 1.480714e-02
    outer loop
      vertex -1.610204e-02 6.822963e-03 -2.389699e-02
      vertex -1.531017e-02 6.711868e-03 -2.526744e-02
      vertex -1.609197e-02 6.847780e-03 -2.566162e-02
    endloop
  endfacet
  facet normal 1.419896e-01 9.897912e-01 1.234051e-02
    outer loop
      vertex -1.312305e-02 6.538980e-03 -3.702772e-02
      vertex -1.360533e-02 6.613770e-03 -3.747724e-02
      vertex -1.372750e-02 6.607385e-03 -3.555942e-02
    endloop
  endfacet
  facet normal 1.501390e-01 9.885788e-01 1.304851e-02
    outer loop
      vertex -1.448477e-02 6.716439e-03 -3.505512e-02
      vertex -1.464094e-02 6.722052e-03 -3.368351e-02
      vertex -1.370727e-02 6.589215e-03 -3.436254e-02
    endloop
  endfacet
  facet normal 1.494383e-01 9.886975e-01 1.206180e-02
    outer loop
      vertex -1.464094e-02 6.722052e-03 -3.368351e-02
      vertex -1.370544e-02 6.578332e-03 -3.349319e-02
      vertex -1.370727e-02 6.589215e-03 -3.436254e-02
    endloop
  endfacet
  facet normal 1.490975e-01 9.887268e-01 1.375887e-02
    outer loop
      vertex -1.464094e-02 6.722052e-03 -3.368351e-02
      vertex -1.439857e-02 6.663664e-03 -3.211413e-02
      vertex -1.370544e-02 6.578332e-03 -3.349319e-02
    endloop
  endfacet
  facet normal 1.480038e-01 9.889113e-01 1.221797e-02
    outer loop
      vertex -1.409833e-02 6.563077e-03 -2.779636e-02
      vertex -1.445037e-02 6.640641e-03 -2.980990e-02
      vertex -1.493333e-02 6.695322e-03 -2.838531e-02
    endloop
  endfacet
  facet normal 1.579388e-01 9.873568e-01 1.348695e-02
    outer loop
      vertex -1.439857e-02 6.663664e-03 -3.211413e-02
      vertex -1.533437e-02 6.792953e-03 -3.062043e-02
      vertex -1.435338e-02 6.642653e-03 -3.110520e-02
    endloop
  endfacet
  facet normal 1.360185e-01 9.906050e-01 1.416825e-02
    outer loop
      vertex -1.431654e-02 6.531062e-03 -2.268862e-02
      vertex -1.369323e-02 6.460141e-03 -2.371389e-02
      vertex -1.472543e-02 6.597720e-03 -2.342373e-02
    endloop
  endfacet
  facet normal 1.166851e-01 9.930812e-01 1.320012e-02
    outer loop
      vertex -1.248006e-02 6.451925e-03 -3.684937e-02
      vertex -1.203994e-02 6.389050e-03 -3.600968e-02
      vertex -1.135053e-02 6.322770e-03 -3.711745e-02
    endloop
  endfacet
  facet normal 1.119095e-01 9.936747e-01 9.323919e-03
    outer loop
      vertex -1.152528e-02 6.321236e-03 -3.495977e-02
      vertex -1.203994e-02 6.389050e-03 -3.600968e-02
      vertex -1.222893e-02 6.397746e-03 -3.466809e-02
    endloop
  endfacet
  facet normal 1.230172e-01 9.923447e-01 1.089728e-02
    outer loop
      vertex -1.222893e-02 6.397746e-03 -3.466809e-02
      vertex -1.203994e-02 6.389050e-03 -3.600968e-02
      vertex -1.272982e-02 6.468075e-03 -3.541801e-02
    endloop
  endfacet
  facet normal 1.339044e-01 9.909201e-01 1.212244e-02
    outer loop
      vertex -1.370727e-02 6.589215e-03 -3.436254e-02
      vertex -1.370544e-02 6.578332e-03 -3.349319e-02
      vertex -1.266605e-02 6.439426e-03 -3.361977e-02
    endloop
  endfacet
  facet normal 1.339954e-01 9.908981e-01 1.289423e-02
    outer loop
      vertex -1.266605e-02 6.439426e-03 -3.361977e-02
      vertex -1.370544e-02 6.578332e-03 -3.349319e-02
      vertex -1.338773e-02 6.521225e-03 -3.240615e-02
    endloop
  endfacet
  facet normal 1.295112e-01 9.914927e-01 1.300188e-02
    outer loop
      vertex -1.409833e-02 6.563077e-03 -2.779636e-02
      vertex -1.401357e-02 6.533030e-03 -2.634938e-02
      vertex -1.317983e-02 6.427444e-03 -2.660255e-02
    endloop
  endfacet
  facet normal 1.181939e-01 9.929360e-01 1.041128e-02
    outer loop
      vertex -1.266605e-02 6.439426e-03 -3.361977e-02
      vertex -1.246306e-02 6.397706e-03 -3.194518e-02
      vertex -1.209015e-02 6.369209e-03 -3.346085e-02
    endloop
  endfacet
  facet normal 1.202793e-01 9.926947e-01 9.492564e-03
    outer loop
      vertex -1.312393e-02 6.358916e-03 -2.062208e-02
      vertex -1.364385e-02 6.436892e-03 -2.218852e-02
      vertex -1.396523e-02 6.461782e-03 -2.071928e-02
    endloop
  endfacet
  facet normal 1.306943e-01 9.913630e-01 1.087905e-02
    outer loop
      vertex -1.431654e-02 6.531062e-03 -2.268862e-02
      vertex -1.364385e-02 6.436892e-03 -2.218852e-02
      vertex -1.369323e-02 6.460141e-03 -2.371389e-02
    endloop
  endfacet
  facet normal 1.290407e-01 9.915735e-01 1.141875e-02
    outer loop
      vertex -1.317983e-02 6.427444e-03 -2.660255e-02
      vertex -1.401357e-02 6.533030e-03 -2.634938e-02
      vertex -1.334487e-02 6.435326e-03 -2.542184e-02
    endloop
  endfacet
  facet normal 1.335707e-01 9.909560e-01 1.284610e-02
    outer loop
      vertex -1.369323e-02 6.460141e-03 -2.371389e-02
      vertex -1.334487e-02 6.435326e-03 -2.542184e-02
      vertex -1.449157e-02 6.584145e-03 -2.497869e-02
    endloop
  endfacet
  facet normal 1.218514e-01 9.924935e-01 1.043340e-02
    outer loop
      vertex -1.311812e-02 6.386864e-03 -2.345998e-02
      vertex -1.334487e-02 6.435326e-03 -2.542184e-02
      vertex -1.369323e-02 6.460141e-03 -2.371389e-02
    endloop
  endfacet
  facet normal 1.185219e-01 9.929017e-01 9.939558e-03
    outer loop
      vertex -1.334487e-02 6.435326e-03 -2.542184e-02
      vertex -1.265516e-02 6.360006e-03 -2.612217e-02
      vertex -1.317983e-02 6.427444e-03 -2.660255e-02
    endloop
  endfacet
  facet normal 1.148805e-01 9.933155e-01 1.125938e-02
    outer loop
      vertex -1.311812e-02 6.386864e-03 -2.345998e-02
      vertex -1.250968e-02 6.332365e-03 -2.486002e-02
      vertex -1.334487e-02 6.435326e-03 -2.542184e-02
    endloop
  endfacet
  facet normal 8.767579e-02 9.961260e-01 6.771581e-03
    outer loop
      vertex -1.012569e-02 6.191023e-03 -3.521786e-02
      vertex -1.026514e-02 6.213165e-03 -3.666962e-02
      vertex -1.074761e-02 6.246685e-03 -3.535364e-02
    endloop
  endfacet
  facet normal 9.638626e-02 9.952939e-01 9.986264e-03
    outer loop
      vertex -1.135053e-02 6.322770e-03 -3.711745e-02
      vertex -1.074761e-02 6.246685e-03 -3.535364e-02
      vertex -1.026514e-02 6.213165e-03 -3.666962e-02
    endloop
  endfacet
  facet normal 1.111380e-01 9.937576e-01 9.707472e-03
    outer loop
      vertex -1.152528e-02 6.321236e-03 -3.495977e-02
      vertex -1.135053e-02 6.322770e-03 -3.711745e-02
      vertex -1.203994e-02 6.389050e-03 -3.600968e-02
    endloop
  endfacet
  facet normal 1.078589e-01 9.941349e-01 7.892499e-03
    outer loop
      vertex -1.209015e-02 6.369209e-03 -3.346085e-02
      vertex -1.136048e-02 6.277030e-03 -3.182178e-02
      vertex -1.140078e-02 6.295231e-03 -3.356365e-02
    endloop
  endfacet
  facet normal 1.080328e-01 9.940902e-01 1.066085e-02
    outer loop
      vertex -1.246306e-02 6.397706e-03 -3.194518e-02
      vertex -1.239629e-02 6.370871e-03 -3.011951e-02
      vertex -1.166745e-02 6.290981e-03 -3.005589e-02
    endloop
  endfacet
  facet normal 1.088377e-01 9.940219e-01 8.654732e-03
    outer loop
      vertex -1.196523e-02 6.286847e-03 -2.611627e-02
      vertex -1.203848e-02 6.310058e-03 -2.786101e-02
      vertex -1.265108e-02 6.374052e-03 -2.750706e-02
    endloop
  endfacet
  facet normal 1.008234e-01 9.948514e-01 1.026225e-02
    outer loop
      vertex -1.266197e-02 6.326208e-03 -2.248308e-02
      vertex -1.241328e-02 6.292376e-03 -2.164652e-02
      vertex -1.178539e-02 6.241626e-03 -2.289548e-02
    endloop
  endfacet
  facet normal 1.091003e-01 9.939724e-01 1.077213e-02
    outer loop
      vertex -1.311812e-02 6.386864e-03 -2.345998e-02
      vertex -1.266197e-02 6.326208e-03 -2.248308e-02
      vertex -1.220280e-02 6.290682e-03 -2.385541e-02
    endloop
  endfacet
  facet normal 9.956427e-02 9.950025e-01 7.554836e-03
    outer loop
      vertex -1.220280e-02 6.290682e-03 -2.385541e-02
      vertex -1.266197e-02 6.326208e-03 -2.248308e-02
      vertex -1.178539e-02 6.241626e-03 -2.289548e-02
    endloop
  endfacet
  facet normal 9.516401e-02 9.953865e-01 1.223046e-02
    outer loop
      vertex -1.250968e-02 6.332365e-03 -2.486002e-02
      vertex -1.220280e-02 6.290682e-03 -2.385541e-02
      vertex -1.118413e-02 6.202211e-03 -2.458135e-02
    endloop
  endfacet
  facet normal 9.244083e-02 9.956608e-01 1.068595e-02
    outer loop
      vertex -1.220280e-02 6.290682e-03 -2.385541e-02
      vertex -1.178539e-02 6.241626e-03 -2.289548e-02
      vertex -1.130895e-02 6.205690e-03 -2.366874e-02
    endloop
  endfacet
  facet normal 9.281237e-02 9.956438e-01 8.899150e-03
    outer loop
      vertex -1.118413e-02 6.202211e-03 -2.458135e-02
      vertex -1.220280e-02 6.290682e-03 -2.385541e-02
      vertex -1.130895e-02 6.205690e-03 -2.366874e-02
    endloop
  endfacet
  facet normal 7.799999e-02 9.969401e-01 5.138143e-03
    outer loop
      vertex -9.417756e-03 6.122471e-03 -3.290164e-02
      vertex -9.565269e-03 6.139118e-03 -3.389234e-02
      vertex -1.073850e-02 6.225840e-03 -3.290828e-02
    endloop
  endfacet
  facet normal 8.141737e-02 9.966373e-01 9.239150e-03
    outer loop
      vertex -1.073614e-02 6.233199e-03 -3.372293e-02
      vertex -1.073850e-02 6.225840e-03 -3.290828e-02
      vertex -9.565269e-03 6.139118e-03 -3.389234e-02
    endloop
  endfacet
  facet normal 7.797566e-02 9.969099e-01 9.508537e-03
    outer loop
      vertex -1.073850e-02 6.225840e-03 -3.290828e-02
      vertex -1.017286e-02 6.169727e-03 -3.166379e-02
      vertex -9.417756e-03 6.122471e-03 -3.290164e-02
    endloop
  endfacet
  facet normal 8.594244e-02 9.962779e-01 6.653350e-03
    outer loop
      vertex -1.114360e-02 6.182442e-03 -2.232338e-02
      vertex -1.130895e-02 6.205690e-03 -2.366874e-02
      vertex -1.178539e-02 6.241626e-03 -2.289548e-02
    endloop
  endfacet
  facet normal 8.237786e-02 9.965705e-01 7.813959e-03
    outer loop
      vertex -1.130026e-02 6.227012e-03 -2.651997e-02
      vertex -1.118413e-02 6.202211e-03 -2.458135e-02
      vertex -1.050350e-02 6.157836e-03 -2.609732e-02
    endloop
  endfacet
  facet normal 7.788296e-02 9.969331e-01 7.655242e-03
    outer loop
      vertex -1.130895e-02 6.205690e-03 -2.366874e-02
      vertex -1.114360e-02 6.182442e-03 -2.232338e-02
      vertex -1.029028e-02 6.130014e-03 -2.417738e-02
    endloop
  endfacet
  facet normal 5.947866e-02 9.981982e-01 7.917076e-03
    outer loop
      vertex -9.565269e-03 6.139118e-03 -3.389234e-02
      vertex -9.417756e-03 6.122471e-03 -3.290164e-02
      vertex -8.540336e-03 6.073459e-03 -3.331396e-02
    endloop
  endfacet
  facet normal 5.706129e-02 9.983537e-01 5.813877e-03
    outer loop
      vertex -9.417756e-03 6.122471e-03 -3.290164e-02
      vertex -9.179404e-03 6.099869e-03 -3.135978e-02
      vertex -8.571094e-03 6.071118e-03 -3.239315e-02
    endloop
  endfacet
  facet normal 5.759110e-02 9.983276e-01 5.028945e-03
    outer loop
      vertex -9.182034e-03 6.073243e-03 -2.595481e-02
      vertex -9.725360e-03 6.112761e-03 -2.757762e-02
      vertex -9.898445e-03 6.114475e-03 -2.593586e-02
    endloop
  endfacet
  facet normal 4.475249e-02 9.989913e-01 3.698921e-03
    outer loop
      vertex -8.329477e-03 6.036585e-03 -2.636930e-02
      vertex -8.980536e-03 6.070085e-03 -2.753977e-02
      vertex -9.182034e-03 6.073243e-03 -2.595481e-02
    endloop
  endfacet
  facet normal 5.968972e-02 9.981986e-01 6.060360e-03
    outer loop
      vertex -1.029028e-02 6.130014e-03 -2.417738e-02
      vertex -1.023559e-02 6.116491e-03 -2.248858e-02
      vertex -9.404676e-03 6.076259e-03 -2.404576e-02
    endloop
  endfacet
  facet normal 5.759399e-02 9.983269e-01 5.139690e-03
    outer loop
      vertex -9.898445e-03 6.114475e-03 -2.593586e-02
      vertex -9.404676e-03 6.076259e-03 -2.404576e-02
      vertex -9.182034e-03 6.073243e-03 -2.595481e-02
    endloop
  endfacet
  facet normal 2.535644e-02 9.996764e-01 2.054886e-03
    outer loop
      vertex -6.473747e-03 6.005622e-03 -3.476328e-02
      vertex -7.077902e-03 6.024516e-03 -3.650005e-02
      vertex -7.334189e-03 6.028383e-03 -3.521865e-02
    endloop
  endfacet
  facet normal 3.882382e-02 9.992348e-01 4.749784e-03
    outer loop
      vertex -7.334189e-03 6.028383e-03 -3.521865e-02
      vertex -7.077902e-03 6.024516e-03 -3.650005e-02
      vertex -7.947495e-03 6.052466e-03 -3.527219e-02
    endloop
  endfacet
  facet normal 4.150635e-02 9.991161e-01 6.652312e-03
    outer loop
      vertex -8.379734e-03 6.080621e-03 -3.680382e-02
      vertex -7.947495e-03 6.052466e-03 -3.527219e-02
      vertex -7.077902e-03 6.024516e-03 -3.650005e-02
    endloop
  endfacet
  facet normal 3.052311e-02 9.995313e-01 2.355288e-03
    outer loop
      vertex -7.511134e-03 6.010018e-03 -2.570031e-02
      vertex -7.380550e-03 6.010292e-03 -2.750875e-02
      vertex -8.329477e-03 6.036585e-03 -2.636930e-02
    endloop
  endfacet
  facet normal 3.058625e-02 9.995275e-01 3.051914e-03
    outer loop
      vertex -7.585990e-03 6.031595e-03 -3.331215e-02
      vertex -7.603988e-03 6.026594e-03 -3.149388e-02
      vertex -7.012709e-03 6.013485e-03 -3.312630e-02
    endloop
  endfacet
  facet normal 3.810303e-02 9.992696e-01 2.913064e-03
    outer loop
      vertex -8.312309e-03 6.025065e-03 -2.297258e-02
      vertex -8.423831e-03 6.034256e-03 -2.466635e-02
      vertex -8.905994e-03 6.048409e-03 -2.321454e-02
    endloop
  endfacet
  facet normal 4.635632e-02 9.989089e-01 5.657588e-03
    outer loop
      vertex -8.905994e-03 6.048409e-03 -2.321454e-02
      vertex -8.423831e-03 6.034256e-03 -2.466635e-02
      vertex -9.404676e-03 6.076259e-03 -2.404576e-02
    endloop
  endfacet
  facet normal 2.389327e-02 9.997145e-01 -4.560760e-05
    outer loop
      vertex -8.312309e-03 6.025065e-03 -2.297258e-02
      vertex -7.362202e-03 6.002383e-03 -2.241432e-02
      vertex -7.627822e-03 6.008668e-03 -2.380917e-02
    endloop
  endfacet
  facet normal 2.829772e-02 9.995932e-01 3.560426e-03
    outer loop
      vertex -8.423831e-03 6.034256e-03 -2.466635e-02
      vertex -8.312309e-03 6.025065e-03 -2.297258e-02
      vertex -7.627822e-03 6.008668e-03 -2.380917e-02
    endloop
  endfacet
  facet normal 2.185770e-02 9.997557e-01 3.272828e-03
    outer loop
      vertex -7.077902e-03 6.024516e-03 -3.650005e-02
      vertex -6.473747e-03 6.005622e-03 -3.476328e-02
      vertex -5.990030e-03 5.999665e-03 -3.617422e-02
    endloop
  endfacet
  facet normal 1.646262e-02 9.998635e-01 1.370071e-03
    outer loop
      vertex -7.362202e-03 6.002383e-03 -2.241432e-02
      vertex -7.011825e-03 5.998787e-03 -2.399986e-02
      vertex -7.627822e-03 6.008668e-03 -2.380917e-02
    endloop
  endfacet
  facet normal 2.134203e-02 9.997710e-01 1.572488e-03
    outer loop
      vertex -6.658695e-03 6.018451e-03 -3.913850e-02
      vertex -5.772497e-03 6.000470e-03 -3.973424e-02
      vertex -6.578712e-03 6.017715e-03 -3.975654e-02
    endloop
  endfacet
  facet normal 7.165284e-03 9.999742e-01 4.402240e-04
    outer loop
      vertex -5.738545e-03 5.999660e-03 -3.844768e-02
      vertex -4.993131e-03 5.994864e-03 -3.968615e-02
      vertex -5.772497e-03 6.000470e-03 -3.973424e-02
    endloop
  endfacet
  facet normal 3.551072e-04 9.999987e-01 -1.583260e-03
    outer loop
      vertex -6.736956e-03 5.999598e-03 -1.867318e-02
      vertex -6.251273e-03 5.997895e-03 -1.963974e-02
      vertex -7.156026e-03 5.997557e-03 -2.005620e-02
    endloop
  endfacet
  facet normal 2.753704e-01 9.610518e-01 2.346368e-02
    outer loop
      vertex -2.111020e-02 8.158462e-03 -3.416379e-02
      vertex -2.150893e-02 8.281601e-03 -3.452786e-02
      vertex -2.189513e-02 8.358030e-03 -3.312589e-02
    endloop
  endfacet
  facet normal 1.311014e-01 9.913054e-01 1.122493e-02
    outer loop
      vertex -1.312305e-02 6.538980e-03 -3.702772e-02
      vertex -1.248006e-02 6.451925e-03 -3.684937e-02
      vertex -1.260827e-02 6.487845e-03 -3.852422e-02
    endloop
  endfacet
  facet normal 1.579496e-02 9.998738e-01 1.708726e-03
    outer loop
      vertex -7.165147e-03 6.012508e-03 -3.085801e-02
      vertex -7.294839e-03 6.011606e-03 -2.913098e-02
      vertex -6.777089e-03 6.003257e-03 -2.903146e-02
    endloop
  endfacet
  facet normal 1.716959e-02 9.998516e-01 1.391106e-03
    outer loop
      vertex -6.853024e-03 6.000565e-03 -2.702812e-02
      vertex -7.380550e-03 6.010292e-03 -2.750875e-02
      vertex -7.511134e-03 6.010018e-03 -2.570031e-02
    endloop
  endfacet
  facet normal 1.896083e-02 9.998202e-01 3.291532e-05
    outer loop
      vertex -6.396948e-03 6.001775e-03 -3.213207e-02
      vertex -6.315231e-03 6.000259e-03 -3.317406e-02
      vertex -7.012709e-03 6.013485e-03 -3.312630e-02
    endloop
  endfacet
  facet normal 6.169284e-03 9.999806e-01 -9.048416e-04
    outer loop
      vertex -7.362202e-03 6.002383e-03 -2.241432e-02
      vertex -6.454741e-03 5.995905e-03 -2.338664e-02
      vertex -7.011825e-03 5.998787e-03 -2.399986e-02
    endloop
  endfacet
  facet normal 5.969830e-03 9.999821e-01 4.222666e-04
    outer loop
      vertex -7.011825e-03 5.998787e-03 -2.399986e-02
      vertex -6.436160e-03 5.995518e-03 -2.439650e-02
      vertex -6.828750e-03 5.998375e-03 -2.561359e-02
    endloop
  endfacet
  facet normal 3.468969e-01 9.374170e-01 3.019744e-02
    outer loop
      vertex -2.668040e-02 9.713346e-03 -2.447573e-02
      vertex -2.595453e-02 9.473917e-03 -2.538169e-02
      vertex -2.649633e-02 9.704494e-03 -2.631545e-02
    endloop
  endfacet
  facet normal 3.476218e-01 9.371270e-01 3.085487e-02
    outer loop
      vertex -2.595453e-02 9.473917e-03 -2.538169e-02
      vertex -2.668040e-02 9.713346e-03 -2.447573e-02
      vertex -2.616969e-02 9.512316e-03 -2.412387e-02
    endloop
  endfacet
  facet normal 1.396875e-02 9.999024e-01 -1.394583e-06
    outer loop
      vertex -6.181693e-03 5.998770e-03 -3.062196e-02
      vertex -6.396948e-03 6.001775e-03 -3.213207e-02
      vertex -7.165147e-03 6.012508e-03 -3.085801e-02
    endloop
  endfacet
  facet normal 3.183782e-01 9.130018e-01 -2.550745e-01
    outer loop
      vertex -2.360941e-02 9.329439e-03 -1.463611e-02
      vertex -2.489621e-02 9.444459e-03 -1.583056e-02
      vertex -2.432361e-02 9.596521e-03 -1.457158e-02
    endloop
  endfacet
  facet normal -2.250176e-01 9.738299e-01 -3.197466e-02
    outer loop
      vertex 8.302547e-03 7.702943e-03 -2.779858e-02
      vertex 7.176312e-03 7.486466e-03 -2.646592e-02
      vertex 8.287095e-03 7.744629e-03 -2.642024e-02
    endloop
  endfacet
  facet normal -2.930531e-01 9.554075e-01 -3.628192e-02
    outer loop
      vertex 1.037572e-02 8.534424e-03 -2.025891e-02
      vertex 1.056547e-02 8.637883e-03 -1.906717e-02
      vertex 1.160909e-02 8.892675e-03 -2.078721e-02
    endloop
  endfacet
  facet normal -3.410194e-01 9.384964e-01 -5.413243e-02
    outer loop
      vertex 1.489668e-02 1.001213e-02 -2.105936e-02
      vertex 1.472942e-02 9.868921e-03 -2.248851e-02
      vertex 1.420099e-02 9.740536e-03 -2.138532e-02
    endloop
  endfacet
  facet normal 6.434274e-03 9.999791e-01 -5.844754e-04
    outer loop
      vertex -5.477823e-03 5.996140e-03 -3.165514e-02
      vertex -5.559088e-03 5.995876e-03 -3.300008e-02
      vertex -6.396948e-03 6.001775e-03 -3.213207e-02
    endloop
  endfacet
  facet normal -1.749508e-01 9.843542e-01 -2.095397e-02
    outer loop
      vertex 4.850944e-03 7.002060e-03 -2.690894e-02
      vertex 4.373198e-03 6.908911e-03 -2.729595e-02
      vertex 4.580094e-03 6.976441e-03 -2.585102e-02
    endloop
  endfacet
  facet normal -1.520742e-01 9.882018e-01 -1.818279e-02
    outer loop
      vertex 2.865245e-03 6.732689e-03 -2.349820e-02
      vertex 1.976860e-03 6.616167e-03 -2.240084e-02
      vertex 2.929688e-03 6.765915e-03 -2.223143e-02
    endloop
  endfacet
  facet normal -1.582701e-01 9.872770e-01 -1.532328e-02
    outer loop
      vertex 3.198814e-03 6.691816e-03 -2.864423e-02
      vertex 3.543044e-03 6.762349e-03 -2.765527e-02
      vertex 4.381642e-03 6.878714e-03 -2.881958e-02
    endloop
  endfacet
  facet normal -3.548783e-01 9.332018e-01 -5.653069e-02
    outer loop
      vertex 1.358828e-02 9.640684e-03 -1.900839e-02
      vertex 1.297639e-02 9.496264e-03 -1.755124e-02
      vertex 1.383539e-02 9.766135e-03 -1.848875e-02
    endloop
  endfacet
  facet normal 2.017699e-02 9.997962e-01 -7.205810e-04
    outer loop
      vertex -6.396948e-03 6.001775e-03 -3.213207e-02
      vertex -7.012709e-03 6.013485e-03 -3.312630e-02
      vertex -7.603988e-03 6.026594e-03 -3.149388e-02
    endloop
  endfacet
  facet normal -3.397058e-02 9.994137e-01 -4.265792e-03
    outer loop
      vertex 1.774389e-02 1.077508e-02 -3.321488e-03
      vertex 1.673021e-02 1.073795e-02 -3.948380e-03
      vertex 1.641125e-02 1.073421e-02 -2.285823e-03
    endloop
  endfacet
  facet normal -1.143406e-01 9.933706e-01 -1.188075e-02
    outer loop
      vertex 7.656915e-04 6.342723e-03 -3.093575e-02
      vertex 9.175531e-04 6.379880e-03 -2.929050e-02
      vertex 1.681344e-03 6.456141e-03 -3.026496e-02
    endloop
  endfacet
  facet normal -1.279378e-01 9.915228e-01 -2.268302e-02
    outer loop
      vertex 1.681344e-03 6.456141e-03 -3.026496e-02
      vertex 9.175531e-04 6.379880e-03 -2.929050e-02
      vertex 2.492656e-03 6.560627e-03 -3.027363e-02
    endloop
  endfacet
  facet normal -1.589581e-01 9.870944e-01 -1.941422e-02
    outer loop
      vertex 3.584152e-03 6.827167e-03 -2.477356e-02
      vertex 3.738030e-03 6.821752e-03 -2.630878e-02
      vertex 2.729709e-03 6.681373e-03 -2.519032e-02
    endloop
  endfacet
  facet normal -1.702238e-01 9.851847e-01 -2.085423e-02
    outer loop
      vertex 4.350765e-03 6.969385e-03 -2.431246e-02
      vertex 4.580094e-03 6.976441e-03 -2.585102e-02
      vertex 3.584152e-03 6.827167e-03 -2.477356e-02
    endloop
  endfacet
  facet normal -2.475870e-01 9.683886e-01 -3.040036e-02
    outer loop
      vertex 7.672620e-03 7.750686e-03 -2.162942e-02
      vertex 8.523354e-03 8.000629e-03 -2.059613e-02
      vertex 8.959346e-03 8.044250e-03 -2.275742e-02
    endloop
  endfacet
  facet normal -2.853208e-01 9.577127e-01 -3.712639e-02
    outer loop
      vertex 1.054101e-02 8.532331e-03 -2.158320e-02
      vertex 1.037572e-02 8.534424e-03 -2.025891e-02
      vertex 1.127652e-02 8.758800e-03 -2.139371e-02
    endloop
  endfacet
  facet normal -3.088024e-01 9.502518e-01 -4.077490e-02
    outer loop
      vertex 1.160909e-02 8.892675e-03 -2.078721e-02
      vertex 1.158588e-02 8.940899e-03 -1.948756e-02
      vertex 1.241195e-02 9.152430e-03 -2.081404e-02
    endloop
  endfacet
  facet normal -3.043362e-01 9.515860e-01 -4.316877e-02
    outer loop
      vertex 1.160909e-02 8.892675e-03 -2.078721e-02
      vertex 1.245588e-02 9.085480e-03 -2.250695e-02
      vertex 1.127652e-02 8.758800e-03 -2.139371e-02
    endloop
  endfacet
  facet normal -3.571163e-01 9.322030e-01 -5.886918e-02
    outer loop
      vertex 1.608404e-02 1.058998e-02 -1.908389e-02
      vertex 1.536609e-02 1.023282e-02 -2.038430e-02
      vertex 1.507871e-02 1.020310e-02 -1.911156e-02
    endloop
  endfacet
  facet normal 1.590233e-01 9.871448e-01 1.602162e-02
    outer loop
      vertex -1.549157e-02 6.793536e-03 -2.889579e-02
      vertex -1.493333e-02 6.695322e-03 -2.838531e-02
      vertex -1.445037e-02 6.640641e-03 -2.980990e-02
    endloop
  endfacet
  facet normal 8.535758e-02 9.963193e-01 7.864904e-03
    outer loop
      vertex -1.038384e-02 6.174225e-03 -2.994385e-02
      vertex -1.017286e-02 6.169727e-03 -3.166379e-02
      vertex -1.098591e-02 6.230509e-03 -3.053964e-02
    endloop
  endfacet
  facet normal 6.262488e-02 9.980188e-01 6.043719e-03
    outer loop
      vertex -9.838859e-03 6.131456e-03 -2.948885e-02
      vertex -9.725360e-03 6.112761e-03 -2.757762e-02
      vertex -9.115162e-03 6.086156e-03 -2.950717e-02
    endloop
  endfacet
  facet normal 5.183179e-02 9.986452e-01 4.610969e-03
    outer loop
      vertex -9.115162e-03 6.086156e-03 -2.950717e-02
      vertex -8.980536e-03 6.070085e-03 -2.753977e-02
      vertex -8.612080e-03 6.060093e-03 -2.951758e-02
    endloop
  endfacet
  facet normal -1.290151e-02 9.999043e-01 -4.987037e-03
    outer loop
      vertex 1.449053e-02 1.070017e-02 -7.577139e-04
      vertex 1.377888e-02 1.069571e-02 1.894051e-04
      vertex 1.550628e-02 1.071934e-02 4.592395e-04
    endloop
  endfacet
  facet normal -1.289922e-02 9.999157e-01 -1.467825e-03
    outer loop
      vertex 1.642933e-02 1.070513e-02 -1.580493e-02
      vertex 1.597446e-02 1.069822e-02 -1.650986e-02
      vertex 1.573622e-02 1.069773e-02 -1.475400e-02
    endloop
  endfacet
  facet normal -7.032653e-01 7.070902e-01 -7.376567e-02
    outer loop
      vertex -2.926343e-02 8.052094e-03 -1.577389e-02
      vertex -2.834405e-02 8.985004e-03 -1.559649e-02
      vertex -2.829062e-02 8.843561e-03 -1.746167e-02
    endloop
  endfacet
  facet normal -3.681070e-02 9.993106e-01 -4.823144e-03
    outer loop
      vertex -4.485361e-03 6.018924e-03 -2.661682e-02
      vertex -4.800490e-03 6.014242e-03 -2.518180e-02
      vertex -3.427754e-03 6.060101e-03 -2.615713e-02
    endloop
  endfacet
  facet normal -2.331617e-02 9.997248e-01 -2.587481e-03
    outer loop
      vertex -4.450699e-03 6.006159e-03 -3.325725e-02
      vertex -3.734956e-03 6.024463e-03 -3.263485e-02
      vertex -3.592861e-03 6.024039e-03 -3.407889e-02
    endloop
  endfacet
  facet normal -2.830483e-02 9.995915e-01 -3.966513e-03
    outer loop
      vertex -3.582563e-03 6.039240e-03 -2.975289e-02
      vertex -3.614842e-03 6.033403e-03 -3.099351e-02
      vertex -4.850015e-03 6.004610e-03 -2.943552e-02
    endloop
  endfacet
  facet normal -6.712440e-02 9.977170e-01 -7.423683e-03
    outer loop
      vertex -2.047632e-03 6.159061e-03 -2.355113e-02
      vertex -2.306671e-03 6.127089e-03 -2.550596e-02
      vertex -2.973504e-03 6.094464e-03 -2.386109e-02
    endloop
  endfacet
  facet normal -1.057364e-01 9.943372e-01 -1.064469e-02
    outer loop
      vertex -3.133972e-04 6.285313e-03 -2.621408e-02
      vertex -2.269479e-04 6.316502e-03 -2.415934e-02
      vertex 4.233369e-04 6.366654e-03 -2.593398e-02
    endloop
  endfacet
  facet normal -9.582308e-02 9.953709e-01 -7.399297e-03
    outer loop
      vertex -1.269524e-03 6.213078e-03 -2.457047e-02
      vertex -9.879056e-04 6.251043e-03 -2.311039e-02
      vertex -2.269479e-04 6.316502e-03 -2.415934e-02
    endloop
  endfacet
  facet normal -1.012213e-01 9.948193e-01 -9.425497e-03
    outer loop
      vertex -5.668385e-04 6.240168e-03 -2.825720e-02
      vertex -3.133972e-04 6.285313e-03 -2.621408e-02
      vertex 6.787835e-04 6.369265e-03 -2.800844e-02
    endloop
  endfacet
  facet normal -1.077341e-01 9.941111e-01 -1.168551e-02
    outer loop
      vertex 7.656915e-04 6.342723e-03 -3.093575e-02
      vertex 1.443552e-03 6.402216e-03 -3.212402e-02
      vertex 6.385038e-04 6.315843e-03 -3.204990e-02
    endloop
  endfacet
  facet normal -1.218261e-01 9.924712e-01 -1.262232e-02
    outer loop
      vertex 9.650804e-04 6.481217e-03 -2.204256e-02
      vertex 1.202369e-03 6.484612e-03 -2.406591e-02
      vertex 2.955414e-04 6.391115e-03 -2.266503e-02
    endloop
  endfacet
  facet normal -1.162282e-01 9.931822e-01 -8.951214e-03
    outer loop
      vertex -2.269479e-04 6.316502e-03 -2.415934e-02
      vertex 2.955414e-04 6.391115e-03 -2.266503e-02
      vertex 1.202369e-03 6.484612e-03 -2.406591e-02
    endloop
  endfacet
  facet normal -1.187331e-01 9.928509e-01 -1.222495e-02
    outer loop
      vertex 6.787835e-04 6.369265e-03 -2.800844e-02
      vertex 1.087947e-03 6.439075e-03 -2.631276e-02
      vertex 1.738435e-03 6.491661e-03 -2.835971e-02
    endloop
  endfacet
  facet normal -1.307003e-01 9.913125e-01 -1.473226e-02
    outer loop
      vertex 2.229907e-03 6.480348e-03 -3.328255e-02
      vertex 2.101625e-03 6.488867e-03 -3.157123e-02
      vertex 3.037152e-03 6.595984e-03 -3.266315e-02
    endloop
  endfacet
  facet normal -1.312959e-01 9.912259e-01 -1.525107e-02
    outer loop
      vertex 2.492656e-03 6.560627e-03 -3.027363e-02
      vertex 3.037152e-03 6.595984e-03 -3.266315e-02
      vertex 2.101625e-03 6.488867e-03 -3.157123e-02
    endloop
  endfacet
  facet normal -1.443064e-01 9.894111e-01 -1.553764e-02
    outer loop
      vertex 1.975902e-03 6.562333e-03 -2.576958e-02
      vertex 2.182493e-03 6.619669e-03 -2.403723e-02
      vertex 2.729709e-03 6.681373e-03 -2.519032e-02
    endloop
  endfacet
  facet normal -1.281392e-01 9.916718e-01 -1.294006e-02
    outer loop
      vertex 8.473966e-04 6.425994e-03 -2.504300e-02
      vertex 1.202369e-03 6.484612e-03 -2.406591e-02
      vertex 1.975902e-03 6.562333e-03 -2.576958e-02
    endloop
  endfacet
  facet normal -1.422731e-01 9.896991e-01 -1.593964e-02
    outer loop
      vertex 2.148199e-03 6.558924e-03 -2.751915e-02
      vertex 1.975902e-03 6.562333e-03 -2.576958e-02
      vertex 2.882066e-03 6.674060e-03 -2.692061e-02
    endloop
  endfacet
  facet normal -1.408416e-01 9.898784e-01 -1.744617e-02
    outer loop
      vertex 3.389014e-03 6.677452e-03 -3.088132e-02
      vertex 3.037152e-03 6.595984e-03 -3.266315e-02
      vertex 2.492656e-03 6.560627e-03 -3.027363e-02
    endloop
  endfacet
  facet normal -1.674724e-01 9.856721e-01 -2.008744e-02
    outer loop
      vertex 4.191067e-03 6.775331e-03 -3.221578e-02
      vertex 4.141664e-03 6.801905e-03 -3.049993e-02
      vertex 5.435187e-03 6.999862e-03 -3.157069e-02
    endloop
  endfacet
  facet normal -1.600587e-01 9.869592e-01 -1.711061e-02
    outer loop
      vertex 2.729709e-03 6.681373e-03 -2.519032e-02
      vertex 2.865245e-03 6.732689e-03 -2.349820e-02
      vertex 3.584152e-03 6.827167e-03 -2.477356e-02
    endloop
  endfacet
  facet normal -1.802973e-01 9.834164e-01 -1.962227e-02
    outer loop
      vertex 4.690783e-03 7.064983e-03 -2.285133e-02
      vertex 3.859772e-03 6.906514e-03 -2.315773e-02
      vertex 4.024604e-03 6.965369e-03 -2.172263e-02
    endloop
  endfacet
  facet normal -2.001136e-01 9.794191e-01 -2.632076e-02
    outer loop
      vertex 5.551575e-03 7.138875e-03 -2.671613e-02
      vertex 5.157496e-03 7.114109e-03 -2.464160e-02
      vertex 6.365613e-03 7.341360e-03 -2.537053e-02
    endloop
  endfacet
  facet normal -1.867606e-01 9.820629e-01 -2.594090e-02
    outer loop
      vertex 4.350765e-03 6.969385e-03 -2.431246e-02
      vertex 3.859772e-03 6.906514e-03 -2.315773e-02
      vertex 5.157496e-03 7.114109e-03 -2.464160e-02
    endloop
  endfacet
  facet normal -1.987362e-01 9.796393e-01 -2.847366e-02
    outer loop
      vertex 6.983964e-03 7.278408e-03 -3.218018e-02
      vertex 6.377758e-03 7.192225e-03 -3.091419e-02
      vertex 7.209834e-03 7.383168e-03 -3.015238e-02
    endloop
  endfacet
  facet normal -1.871839e-01 9.820165e-01 -2.461428e-02
    outer loop
      vertex 6.106993e-03 7.186893e-03 -2.906781e-02
      vertex 6.377758e-03 7.192225e-03 -3.091419e-02
      vertex 5.466610e-03 7.043892e-03 -2.990312e-02
    endloop
  endfacet
  facet normal -2.148926e-01 9.761196e-01 -3.180678e-02
    outer loop
      vertex 7.699740e-03 7.450262e-03 -3.140323e-02
      vertex 7.209834e-03 7.383168e-03 -3.015238e-02
      vertex 8.110363e-03 7.576601e-03 -3.030024e-02
    endloop
  endfacet
  facet normal -2.088855e-01 9.775734e-01 -2.677710e-02
    outer loop
      vertex 5.642689e-03 7.223098e-03 -2.409251e-02
      vertex 5.311769e-03 7.198939e-03 -2.239302e-02
      vertex 6.158207e-03 7.342124e-03 -2.376863e-02
    endloop
  endfacet
  facet normal -2.218903e-01 9.747212e-01 -2.613961e-02
    outer loop
      vertex 6.943529e-03 7.574646e-03 -2.164394e-02
      vertex 6.272721e-03 7.410853e-03 -2.205735e-02
      vertex 6.191345e-03 7.422346e-03 -2.093801e-02
    endloop
  endfacet
  facet normal -2.582860e-01 9.652218e-01 -4.043779e-02
    outer loop
      vertex 1.037993e-02 8.108369e-03 -3.082547e-02
      vertex 9.915249e-03 8.047645e-03 -2.930687e-02
      vertex 1.097126e-02 8.307053e-03 -2.985999e-02
    endloop
  endfacet
  facet normal -2.789497e-01 9.594505e-01 -4.051916e-02
    outer loop
      vertex 1.052972e-02 8.402008e-03 -2.464078e-02
      vertex 1.083569e-02 8.556870e-03 -2.308027e-02
      vertex 1.116747e-02 8.600696e-03 -2.432662e-02
    endloop
  endfacet
  facet normal -2.622096e-01 9.644450e-01 -3.304511e-02
    outer loop
      vertex 9.193877e-03 8.214738e-03 -1.966776e-02
      vertex 9.531257e-03 8.235715e-03 -2.173260e-02
      vertex 8.523354e-03 8.000629e-03 -2.059613e-02
    endloop
  endfacet
  facet normal -2.669661e-01 9.629775e-01 -3.746377e-02
    outer loop
      vertex 9.689510e-03 8.188238e-03 -2.414828e-02
      vertex 1.005057e-02 8.321254e-03 -2.330215e-02
      vertex 1.052972e-02 8.402008e-03 -2.464078e-02
    endloop
  endfacet
  facet normal -2.627279e-01 9.642869e-01 -3.353749e-02
    outer loop
      vertex 8.959346e-03 8.044250e-03 -2.275742e-02
      vertex 8.523354e-03 8.000629e-03 -2.059613e-02
      vertex 9.531257e-03 8.235715e-03 -2.173260e-02
    endloop
  endfacet
  facet normal -2.851488e-01 9.577367e-01 -3.782242e-02
    outer loop
      vertex 1.127652e-02 8.758800e-03 -2.139371e-02
      vertex 1.165861e-02 8.816837e-03 -2.280470e-02
      vertex 1.054101e-02 8.532331e-03 -2.158320e-02
    endloop
  endfacet
  facet normal -3.137871e-01 9.484657e-01 -4.416395e-02
    outer loop
      vertex 1.241195e-02 9.152430e-03 -2.081404e-02
      vertex 1.158588e-02 8.940899e-03 -1.948756e-02
      vertex 1.245768e-02 9.222678e-03 -1.963025e-02
    endloop
  endfacet
  facet normal -3.221113e-01 9.454335e-01 -4.898871e-02
    outer loop
      vertex 1.313981e-02 9.257309e-03 -2.356921e-02
      vertex 1.281622e-02 9.237164e-03 -2.183033e-02
      vertex 1.397362e-02 9.567945e-03 -2.305670e-02
    endloop
  endfacet
  facet normal -3.093947e-01 9.498418e-01 -4.555750e-02
    outer loop
      vertex 1.227766e-02 8.955740e-03 -2.400156e-02
      vertex 1.245588e-02 9.085480e-03 -2.250695e-02
      vertex 1.313981e-02 9.257309e-03 -2.356921e-02
    endloop
  endfacet
  facet normal -3.244187e-01 9.448293e-01 -4.527699e-02
    outer loop
      vertex 1.341748e-02 9.522633e-03 -2.024806e-02
      vertex 1.245768e-02 9.222678e-03 -1.963025e-02
      vertex 1.358828e-02 9.640684e-03 -1.900839e-02
    endloop
  endfacet
  facet normal -3.133002e-01 9.487879e-01 -4.055278e-02
    outer loop
      vertex 1.245768e-02 9.222678e-03 -1.963025e-02
      vertex 1.158588e-02 8.940899e-03 -1.948756e-02
      vertex 1.216333e-02 9.181496e-03 -1.831976e-02
    endloop
  endfacet
  facet normal -2.411601e-03 9.999971e-01 1.699839e-04
    outer loop
      vertex -5.605043e-03 5.996019e-03 -3.449362e-02
      vertex -5.559088e-03 5.995876e-03 -3.300008e-02
      vertex -4.955063e-03 5.997542e-03 -3.423195e-02
    endloop
  endfacet
  facet normal -8.823722e-03 9.999579e-01 -2.504136e-03
    outer loop
      vertex -5.061544e-03 6.004186e-03 -2.805301e-02
      vertex -5.693949e-03 5.995530e-03 -2.928117e-02
      vertex -6.032253e-03 5.995493e-03 -2.810377e-02
    endloop
  endfacet
  facet normal -1.101094e-02 9.999384e-01 -1.377766e-03
    outer loop
      vertex -5.693949e-03 5.995530e-03 -2.928117e-02
      vertex -5.061544e-03 6.004186e-03 -2.805301e-02
      vertex -4.850015e-03 6.004610e-03 -2.943552e-02
    endloop
  endfacet
  facet normal 1.761777e-01 9.842563e-01 1.417871e-02
    outer loop
      vertex -1.593529e-02 6.940440e-03 -3.336189e-02
      vertex -1.637022e-02 6.995362e-03 -3.177015e-02
      vertex -1.533256e-02 6.823580e-03 -3.273889e-02
    endloop
  endfacet
  facet normal 1.717363e-01 9.850382e-01 1.436627e-02
    outer loop
      vertex -1.553507e-02 6.772258e-03 -2.691678e-02
      vertex -1.549157e-02 6.793536e-03 -2.889579e-02
      vertex -1.624819e-02 6.910963e-03 -2.790253e-02
    endloop
  endfacet
  facet normal 1.569077e-01 9.875334e-01 1.255750e-02
    outer loop
      vertex -1.466707e-02 6.629925e-03 -2.656940e-02
      vertex -1.493333e-02 6.695322e-03 -2.838531e-02
      vertex -1.553507e-02 6.772258e-03 -2.691678e-02
    endloop
  endfacet
  facet normal 1.245512e-01 9.921178e-01 1.375661e-02
    outer loop
      vertex -1.379134e-02 6.537576e-03 -2.926346e-02
      vertex -1.335254e-02 6.464633e-03 -2.797572e-02
      vertex -1.259229e-02 6.383335e-03 -2.899582e-02
    endloop
  endfacet
  facet normal 1.199934e-01 9.927223e-01 1.020331e-02
    outer loop
      vertex -1.239629e-02 6.370871e-03 -3.011951e-02
      vertex -1.246306e-02 6.397706e-03 -3.194518e-02
      vertex -1.307889e-02 6.454549e-03 -3.023342e-02
    endloop
  endfacet
  facet normal 1.064098e-01 9.942466e-01 1.226987e-02
    outer loop
      vertex -1.259229e-02 6.383335e-03 -2.899582e-02
      vertex -1.203848e-02 6.310058e-03 -2.786101e-02
      vertex -1.136804e-02 6.256688e-03 -2.935072e-02
    endloop
  endfacet
  facet normal 9.439388e-02 9.954983e-01 8.543958e-03
    outer loop
      vertex -1.098591e-02 6.230509e-03 -3.053964e-02
      vertex -1.136048e-02 6.277030e-03 -3.182178e-02
      vertex -1.166745e-02 6.290981e-03 -3.005589e-02
    endloop
  endfacet
  facet normal 9.723758e-02 9.952282e-01 8.104193e-03
    outer loop
      vertex -1.130026e-02 6.227012e-03 -2.651997e-02
      vertex -1.127661e-02 6.235521e-03 -2.784883e-02
      vertex -1.203848e-02 6.310058e-03 -2.786101e-02
    endloop
  endfacet
  facet normal 8.494779e-02 9.963541e-01 7.892617e-03
    outer loop
      vertex -1.057843e-02 6.174007e-03 -2.759776e-02
      vertex -1.127661e-02 6.235521e-03 -2.784883e-02
      vertex -1.130026e-02 6.227012e-03 -2.651997e-02
    endloop
  endfacet
  facet normal 7.144025e-02 9.974190e-01 7.181858e-03
    outer loop
      vertex -9.725360e-03 6.112761e-03 -2.757762e-02
      vertex -1.057843e-02 6.174007e-03 -2.759776e-02
      vertex -1.050350e-02 6.157836e-03 -2.609732e-02
    endloop
  endfacet
  facet normal 5.693618e-02 9.983640e-01 5.249103e-03
    outer loop
      vertex -9.182034e-03 6.073243e-03 -2.595481e-02
      vertex -8.980536e-03 6.070085e-03 -2.753977e-02
      vertex -9.725360e-03 6.112761e-03 -2.757762e-02
    endloop
  endfacet
  facet normal 4.304437e-02 9.990681e-01 3.173968e-03
    outer loop
      vertex -8.571094e-03 6.071118e-03 -3.239315e-02
      vertex -7.603988e-03 6.026594e-03 -3.149388e-02
      vertex -7.585990e-03 6.031595e-03 -3.331215e-02
    endloop
  endfacet
  facet normal 4.175527e-02 9.991183e-01 4.363656e-03
    outer loop
      vertex -7.959771e-03 6.033295e-03 -2.962361e-02
      vertex -7.603988e-03 6.026594e-03 -3.149388e-02
      vertex -8.612080e-03 6.060093e-03 -2.951758e-02
    endloop
  endfacet
  facet normal 2.921893e-02 9.995711e-01 1.977233e-03
    outer loop
      vertex -7.165147e-03 6.012508e-03 -3.085801e-02
      vertex -7.603988e-03 6.026594e-03 -3.149388e-02
      vertex -7.959771e-03 6.033295e-03 -2.962361e-02
    endloop
  endfacet
  facet normal 3.086559e-02 9.995206e-01 2.440212e-03
    outer loop
      vertex -8.064783e-03 6.033225e-03 -2.824753e-02
      vertex -7.380550e-03 6.010292e-03 -2.750875e-02
      vertex -7.294839e-03 6.011606e-03 -2.913098e-02
    endloop
  endfacet
  facet normal 2.493872e-03 9.999905e-01 -3.561603e-03
    outer loop
      vertex -4.746137e-03 5.998921e-03 -3.551208e-02
      vertex -5.471350e-03 5.996197e-03 -3.678475e-02
      vertex -5.990030e-03 5.999665e-03 -3.617422e-02
    endloop
  endfacet
  facet normal -4.080996e-02 9.991660e-01 -1.362566e-03
    outer loop
      vertex -4.091218e-03 6.025192e-03 -2.876272e-02
      vertex -3.440732e-03 6.053836e-03 -2.724065e-02
      vertex -2.836886e-03 6.076549e-03 -2.867081e-02
    endloop
  endfacet
  facet normal -1.027836e-01 9.946726e-01 -7.873813e-03
    outer loop
      vertex -2.544262e-04 6.255244e-03 -2.973647e-02
      vertex 1.912539e-04 6.310171e-03 -2.861564e-02
      vertex 9.175531e-04 6.379880e-03 -2.929050e-02
    endloop
  endfacet
  facet normal -1.287067e-01 9.915751e-01 -1.460728e-02
    outer loop
      vertex 1.975902e-03 6.562333e-03 -2.576958e-02
      vertex 2.148199e-03 6.558924e-03 -2.751915e-02
      vertex 1.087947e-03 6.439075e-03 -2.631276e-02
    endloop
  endfacet
  facet normal -1.156288e-01 9.932076e-01 -1.298869e-02
    outer loop
      vertex 1.087947e-03 6.439075e-03 -2.631276e-02
      vertex 6.787835e-04 6.369265e-03 -2.800844e-02
      vertex 4.233369e-04 6.366654e-03 -2.593398e-02
    endloop
  endfacet
  facet normal -1.691436e-01 9.853496e-01 -2.183201e-02
    outer loop
      vertex 4.580094e-03 6.976441e-03 -2.585102e-02
      vertex 4.373198e-03 6.908911e-03 -2.729595e-02
      vertex 3.738030e-03 6.821752e-03 -2.630878e-02
    endloop
  endfacet
  facet normal -2.209471e-01 9.748732e-01 -2.836515e-02
    outer loop
      vertex 7.196009e-03 7.453065e-03 -2.776729e-02
      vertex 7.176312e-03 7.486466e-03 -2.646592e-02
      vertex 8.302547e-03 7.702943e-03 -2.779858e-02
    endloop
  endfacet
  facet normal -2.768293e-01 9.602640e-01 -3.547634e-02
    outer loop
      vertex 9.531257e-03 8.235715e-03 -2.173260e-02
      vertex 9.193877e-03 8.214738e-03 -1.966776e-02
      vertex 1.054101e-02 8.532331e-03 -2.158320e-02
    endloop
  endfacet
  facet normal -2.777701e-01 9.599657e-01 -3.618749e-02
    outer loop
      vertex 1.054101e-02 8.532331e-03 -2.158320e-02
      vertex 9.193877e-03 8.214738e-03 -1.966776e-02
      vertex 1.037572e-02 8.534424e-03 -2.025891e-02
    endloop
  endfacet
  facet normal -2.998131e-01 9.531285e-01 -4.072107e-02
    outer loop
      vertex 1.160909e-02 8.892675e-03 -2.078721e-02
      vertex 1.056547e-02 8.637883e-03 -1.906717e-02
      vertex 1.158588e-02 8.940899e-03 -1.948756e-02
    endloop
  endfacet
  facet normal 6.308700e-04 9.999950e-01 -3.113087e-03
    outer loop
      vertex -6.227836e-03 5.996551e-03 -2.201442e-02
      vertex -7.224349e-03 5.998884e-03 -2.146690e-02
      vertex -5.968290e-03 6.000141e-03 -2.080860e-02
    endloop
  endfacet
  facet normal 1.929344e-01 9.810693e-01 1.671501e-02
    outer loop
      vertex -1.751330e-02 7.192757e-03 -3.009762e-02
      vertex -1.634230e-02 6.968713e-03 -3.046395e-02
      vertex -1.730441e-02 7.186941e-03 -3.216745e-02
    endloop
  endfacet
  facet normal -2.624852e-02 9.996515e-01 -2.823565e-03
    outer loop
      vertex 1.555375e-02 1.071653e-02 -9.798175e-04
      vertex 1.550628e-02 1.071934e-02 4.592395e-04
      vertex 1.660905e-02 1.074811e-02 3.924654e-04
    endloop
  endfacet
  facet normal -1.590135e-02 9.998705e-01 -2.482638e-03
    outer loop
      vertex 1.449053e-02 1.070017e-02 -7.577139e-04
      vertex 1.550628e-02 1.071934e-02 4.592395e-04
      vertex 1.555375e-02 1.071653e-02 -9.798175e-04
    endloop
  endfacet
  facet normal -7.032648e-01 7.070905e-01 -7.376812e-02
    outer loop
      vertex -2.773336e-02 9.221631e-03 -1.915047e-02
      vertex -2.814675e-02 8.697944e-03 -2.022917e-02
      vertex -2.888678e-02 8.016295e-03 -1.970789e-02
    endloop
  endfacet
  facet normal -7.032648e-01 7.070905e-01 -7.376678e-02
    outer loop
      vertex -2.722404e-02 9.309696e-03 -2.316203e-02
      vertex -2.743274e-02 8.967960e-03 -2.444810e-02
      vertex -2.816522e-02 8.332840e-03 -2.355282e-02
    endloop
  endfacet
  facet normal -3.250902e-02 9.994707e-01 1.238832e-03
    outer loop
      vertex -4.800490e-03 6.014242e-03 -2.518180e-02
      vertex -4.144608e-03 6.035018e-03 -2.473234e-02
      vertex -3.427754e-03 6.060101e-03 -2.615713e-02
    endloop
  endfacet
  facet normal -3.555602e-02 9.993612e-01 -3.611604e-03
    outer loop
      vertex -4.091218e-03 6.025192e-03 -2.876272e-02
      vertex -4.485361e-03 6.018924e-03 -2.661682e-02
      vertex -3.440732e-03 6.053836e-03 -2.724065e-02
    endloop
  endfacet
  facet normal -1.890556e-02 9.998208e-01 -9.489979e-04
    outer loop
      vertex -5.617898e-03 5.998929e-03 -2.503047e-02
      vertex -5.020649e-03 6.011018e-03 -2.419244e-02
      vertex -4.800490e-03 6.014242e-03 -2.518180e-02
    endloop
  endfacet
  facet normal -2.425462e-02 9.997047e-01 -1.507691e-03
    outer loop
      vertex -3.734956e-03 6.024463e-03 -3.263485e-02
      vertex -4.450699e-03 6.006159e-03 -3.325725e-02
      vertex -4.492166e-03 6.007244e-03 -3.187054e-02
    endloop
  endfacet
  facet normal -4.943255e-02 9.987446e-01 -8.102176e-03
    outer loop
      vertex -2.231516e-03 6.102115e-03 -3.024539e-02
      vertex -2.694981e-03 6.070460e-03 -3.131971e-02
      vertex -3.582563e-03 6.039240e-03 -2.975289e-02
    endloop
  endfacet
  facet normal -6.967482e-02 9.975276e-01 -9.172479e-03
    outer loop
      vertex -1.400979e-03 6.169703e-03 -2.847047e-02
      vertex -2.521169e-03 6.101452e-03 -2.738394e-02
      vertex -1.253766e-03 6.189784e-03 -2.740490e-02
    endloop
  endfacet
  facet normal -1.156597e-01 9.931336e-01 -1.756153e-02
    outer loop
      vertex 1.202369e-03 6.484612e-03 -2.406591e-02
      vertex 8.473966e-04 6.425994e-03 -2.504300e-02
      vertex -2.269479e-04 6.316502e-03 -2.415934e-02
    endloop
  endfacet
  facet normal -1.360613e-01 9.905872e-01 -1.497776e-02
    outer loop
      vertex 1.976860e-03 6.616167e-03 -2.240084e-02
      vertex 2.182493e-03 6.619669e-03 -2.403723e-02
      vertex 1.202369e-03 6.484612e-03 -2.406591e-02
    endloop
  endfacet
  facet normal -1.698508e-01 9.852565e-01 -2.049953e-02
    outer loop
      vertex 3.738030e-03 6.821752e-03 -2.630878e-02
      vertex 3.584152e-03 6.827167e-03 -2.477356e-02
      vertex 4.580094e-03 6.976441e-03 -2.585102e-02
    endloop
  endfacet
  facet normal -1.654208e-01 9.860161e-01 -2.020306e-02
    outer loop
      vertex 3.859772e-03 6.906514e-03 -2.315773e-02
      vertex 3.584152e-03 6.827167e-03 -2.477356e-02
      vertex 2.865245e-03 6.732689e-03 -2.349820e-02
    endloop
  endfacet
  facet normal -1.673728e-01 9.856915e-01 -1.996353e-02
    outer loop
      vertex 4.141664e-03 6.801905e-03 -3.049993e-02
      vertex 4.669319e-03 6.898566e-03 -3.015113e-02
      vertex 5.435187e-03 6.999862e-03 -3.157069e-02
    endloop
  endfacet
  facet normal -1.848712e-01 9.825061e-01 -2.245828e-02
    outer loop
      vertex 5.435187e-03 6.999862e-03 -3.157069e-02
      vertex 5.466610e-03 7.043892e-03 -2.990312e-02
      vertex 6.377758e-03 7.192225e-03 -3.091419e-02
    endloop
  endfacet
  facet normal -1.712129e-01 9.850476e-01 -1.916752e-02
    outer loop
      vertex 3.584152e-03 6.827167e-03 -2.477356e-02
      vertex 3.859772e-03 6.906514e-03 -2.315773e-02
      vertex 4.350765e-03 6.969385e-03 -2.431246e-02
    endloop
  endfacet
  facet normal -2.098872e-01 9.773561e-01 -2.687796e-02
    outer loop
      vertex 7.196009e-03 7.453065e-03 -2.776729e-02
      vertex 6.431181e-03 7.284408e-03 -2.792767e-02
      vertex 6.329727e-03 7.295251e-03 -2.674115e-02
    endloop
  endfacet
  facet normal -2.330455e-01 9.720832e-01 -2.727772e-02
    outer loop
      vertex 7.523666e-03 7.651096e-03 -2.365508e-02
      vertex 8.581564e-03 7.872543e-03 -2.480156e-02
      vertex 7.117919e-03 7.512591e-03 -2.512446e-02
    endloop
  endfacet
  facet normal -2.069796e-01 9.780282e-01 -2.490644e-02
    outer loop
      vertex 6.272721e-03 7.410853e-03 -2.205735e-02
      vertex 6.731567e-03 7.467322e-03 -2.365305e-02
      vertex 5.311769e-03 7.198939e-03 -2.239302e-02
    endloop
  endfacet
  facet normal -2.884417e-01 9.566151e-01 -4.109642e-02
    outer loop
      vertex 1.083569e-02 8.556870e-03 -2.308027e-02
      vertex 1.054101e-02 8.532331e-03 -2.158320e-02
      vertex 1.165861e-02 8.816837e-03 -2.280470e-02
    endloop
  endfacet
  facet normal -3.044523e-01 9.515427e-01 -4.330447e-02
    outer loop
      vertex 1.245588e-02 9.085480e-03 -2.250695e-02
      vertex 1.165861e-02 8.816837e-03 -2.280470e-02
      vertex 1.127652e-02 8.758800e-03 -2.139371e-02
    endloop
  endfacet
  facet normal -4.965708e-03 9.999701e-01 -5.928631e-03
    outer loop
      vertex -5.477823e-03 5.996140e-03 -3.165514e-02
      vertex -6.181693e-03 5.998770e-03 -3.062196e-02
      vertex -4.749679e-03 6.005688e-03 -3.065455e-02
    endloop
  endfacet
  facet normal -2.657262e-01 9.632503e-01 -3.922389e-02
    outer loop
      vertex 9.795904e-03 8.120584e-03 -2.657089e-02
      vertex 1.053263e-02 8.331101e-03 -2.639205e-02
      vertex 1.089207e-02 8.387302e-03 -2.744699e-02
    endloop
  endfacet
  facet normal 1.863869e-01 9.823287e-01 1.703483e-02
    outer loop
      vertex -1.668621e-02 7.084999e-03 -3.348177e-02
      vertex -1.637022e-02 6.995362e-03 -3.177015e-02
      vertex -1.593529e-02 6.940440e-03 -3.336189e-02
    endloop
  endfacet
  facet normal 1.466958e-01 9.890810e-01 1.411056e-02
    outer loop
      vertex -1.493333e-02 6.695322e-03 -2.838531e-02
      vertex -1.466707e-02 6.629925e-03 -2.656940e-02
      vertex -1.409833e-02 6.563077e-03 -2.779636e-02
    endloop
  endfacet
  facet normal 1.428624e-01 9.896405e-01 1.420984e-02
    outer loop
      vertex -1.363375e-02 6.533187e-03 -3.071644e-02
      vertex -1.439857e-02 6.663664e-03 -3.211413e-02
      vertex -1.435338e-02 6.642653e-03 -3.110520e-02
    endloop
  endfacet
  facet normal 1.267926e-01 9.918633e-01 1.143860e-02
    outer loop
      vertex -1.338773e-02 6.521225e-03 -3.240615e-02
      vertex -1.363375e-02 6.533187e-03 -3.071644e-02
      vertex -1.246306e-02 6.397706e-03 -3.194518e-02
    endloop
  endfacet
  facet normal 1.333823e-01 9.910071e-01 1.068446e-02
    outer loop
      vertex -1.335254e-02 6.464633e-03 -2.797572e-02
      vertex -1.379134e-02 6.537576e-03 -2.926346e-02
      vertex -1.409833e-02 6.563077e-03 -2.779636e-02
    endloop
  endfacet
  facet normal 1.208539e-01 9.926098e-01 1.096192e-02
    outer loop
      vertex -1.265108e-02 6.374052e-03 -2.750706e-02
      vertex -1.259229e-02 6.383335e-03 -2.899582e-02
      vertex -1.335254e-02 6.464633e-03 -2.797572e-02
    endloop
  endfacet
  facet normal 1.099114e-01 9.938855e-01 1.053772e-02
    outer loop
      vertex -1.265108e-02 6.374052e-03 -2.750706e-02
      vertex -1.203848e-02 6.310058e-03 -2.786101e-02
      vertex -1.259229e-02 6.383335e-03 -2.899582e-02
    endloop
  endfacet
  facet normal 9.723753e-02 9.952282e-01 8.106706e-03
    outer loop
      vertex -1.127661e-02 6.235521e-03 -2.784883e-02
      vertex -1.136804e-02 6.256688e-03 -2.935072e-02
      vertex -1.203848e-02 6.310058e-03 -2.786101e-02
    endloop
  endfacet
  facet normal 8.862820e-02 9.960121e-01 1.024700e-02
    outer loop
      vertex -1.098591e-02 6.230509e-03 -3.053964e-02
      vertex -1.017286e-02 6.169727e-03 -3.166379e-02
      vertex -1.136048e-02 6.277030e-03 -3.182178e-02
    endloop
  endfacet
  facet normal 6.838357e-02 9.976424e-01 5.779307e-03
    outer loop
      vertex -9.179404e-03 6.099869e-03 -3.135978e-02
      vertex -1.017286e-02 6.169727e-03 -3.166379e-02
      vertex -1.038384e-02 6.174225e-03 -2.994385e-02
    endloop
  endfacet
  facet normal 4.706074e-02 9.988670e-01 7.074187e-03
    outer loop
      vertex -9.179404e-03 6.099869e-03 -3.135978e-02
      vertex -8.612080e-03 6.060093e-03 -2.951758e-02
      vertex -7.603988e-03 6.026594e-03 -3.149388e-02
    endloop
  endfacet
  facet normal 2.363911e-02 9.997036e-01 5.831062e-03
    outer loop
      vertex -7.603988e-03 6.026594e-03 -3.149388e-02
      vertex -7.165147e-03 6.012508e-03 -3.085801e-02
      vertex -6.396948e-03 6.001775e-03 -3.213207e-02
    endloop
  endfacet
  facet normal -2.392861e-02 9.997113e-01 -2.179299e-03
    outer loop
      vertex 1.576612e-02 1.071253e-02 -5.023781e-03
      vertex 1.673021e-02 1.073795e-02 -3.948380e-03
      vertex 1.692856e-02 1.073976e-02 -5.295074e-03
    endloop
  endfacet
  facet normal -3.980147e-02 9.991973e-01 -4.530345e-03
    outer loop
      vertex 1.698208e-02 1.075482e-02 -1.404464e-03
      vertex 1.660905e-02 1.074811e-02 3.924654e-04
      vertex 1.805022e-02 1.080187e-02 -4.124322e-04
    endloop
  endfacet
  facet normal -7.032648e-01 7.070908e-01 -7.376535e-02
    outer loop
      vertex -2.816522e-02 8.332840e-03 -2.355282e-02
      vertex -2.911799e-02 7.431600e-03 -2.310825e-02
      vertex -2.857825e-02 8.141779e-03 -2.144655e-02
    endloop
  endfacet
  facet normal -3.658644e-02 9.993162e-01 -5.339596e-03
    outer loop
      vertex -4.485361e-03 6.018924e-03 -2.661682e-02
      vertex -3.427754e-03 6.060101e-03 -2.615713e-02
      vertex -3.440732e-03 6.053836e-03 -2.724065e-02
    endloop
  endfacet
  facet normal -2.565496e-02 9.996622e-01 -4.153466e-03
    outer loop
      vertex -3.614842e-03 6.033403e-03 -3.099351e-02
      vertex -4.492166e-03 6.007244e-03 -3.187054e-02
      vertex -4.749679e-03 6.005688e-03 -3.065455e-02
    endloop
  endfacet
  facet normal -4.153412e-02 9.991305e-01 -3.620141e-03
    outer loop
      vertex -3.614842e-03 6.033403e-03 -3.099351e-02
      vertex -3.582563e-03 6.039240e-03 -2.975289e-02
      vertex -2.694981e-03 6.070460e-03 -3.131971e-02
    endloop
  endfacet
  facet normal -5.541941e-02 9.984365e-01 -7.299999e-03
    outer loop
      vertex -2.306671e-03 6.127089e-03 -2.550596e-02
      vertex -2.521169e-03 6.101452e-03 -2.738394e-02
      vertex -3.427754e-03 6.060101e-03 -2.615713e-02
    endloop
  endfacet
  facet normal -5.251067e-02 9.986071e-01 -5.144754e-03
    outer loop
      vertex -3.440732e-03 6.053836e-03 -2.724065e-02
      vertex -3.427754e-03 6.060101e-03 -2.615713e-02
      vertex -2.521169e-03 6.101452e-03 -2.738394e-02
    endloop
  endfacet
  facet normal -6.740714e-02 9.976900e-01 -8.417270e-03
    outer loop
      vertex -1.089371e-03 6.177607e-03 -3.044388e-02
      vertex -1.824148e-03 6.115787e-03 -3.188716e-02
      vertex -2.231516e-03 6.102115e-03 -3.024539e-02
    endloop
  endfacet
  facet normal -8.443421e-02 9.963819e-01 -9.695089e-03
    outer loop
      vertex -2.544262e-04 6.255244e-03 -2.973647e-02
      vertex -1.457073e-04 6.249111e-03 -3.131361e-02
      vertex -1.089371e-03 6.177607e-03 -3.044388e-02
    endloop
  endfacet
  facet normal -9.781384e-02 9.951481e-01 -1.061261e-02
    outer loop
      vertex 7.656915e-04 6.342723e-03 -3.093575e-02
      vertex -1.457073e-04 6.249111e-03 -3.131361e-02
      vertex -2.544262e-04 6.255244e-03 -2.973647e-02
    endloop
  endfacet
  facet normal -1.148018e-01 9.933217e-01 -1.151582e-02
    outer loop
      vertex 8.473966e-04 6.425994e-03 -2.504300e-02
      vertex 1.087947e-03 6.439075e-03 -2.631276e-02
      vertex 4.233369e-04 6.366654e-03 -2.593398e-02
    endloop
  endfacet
  facet normal -1.118939e-01 9.936362e-01 -1.292079e-02
    outer loop
      vertex 8.473966e-04 6.425994e-03 -2.504300e-02
      vertex 4.233369e-04 6.366654e-03 -2.593398e-02
      vertex -2.269479e-04 6.316502e-03 -2.415934e-02
    endloop
  endfacet
  facet normal -1.214425e-01 9.925248e-01 -1.209254e-02
    outer loop
      vertex 9.175531e-04 6.379880e-03 -2.929050e-02
      vertex 1.738435e-03 6.491661e-03 -2.835971e-02
      vertex 2.492656e-03 6.560627e-03 -3.027363e-02
    endloop
  endfacet
  facet normal -1.394480e-01 9.900417e-01 -1.927746e-02
    outer loop
      vertex 3.198814e-03 6.691816e-03 -2.864423e-02
      vertex 2.492656e-03 6.560627e-03 -3.027363e-02
      vertex 1.738435e-03 6.491661e-03 -2.835971e-02
    endloop
  endfacet
  facet normal -1.381567e-01 9.902114e-01 -1.985074e-02
    outer loop
      vertex 2.492656e-03 6.560627e-03 -3.027363e-02
      vertex 3.198814e-03 6.691816e-03 -2.864423e-02
      vertex 3.142470e-03 6.660674e-03 -2.980555e-02
    endloop
  endfacet
  facet normal -1.529135e-01 9.880554e-01 -1.907696e-02
    outer loop
      vertex 3.142470e-03 6.660674e-03 -2.980555e-02
      vertex 3.198814e-03 6.691816e-03 -2.864423e-02
      vertex 4.141664e-03 6.801905e-03 -3.049993e-02
    endloop
  endfacet
  facet normal -1.724718e-01 9.847556e-01 -2.257986e-02
    outer loop
      vertex 5.466610e-03 7.043892e-03 -2.990312e-02
      vertex 4.669319e-03 6.898566e-03 -3.015113e-02
      vertex 4.381642e-03 6.878714e-03 -2.881958e-02
    endloop
  endfacet
  facet normal -1.735243e-01 9.845452e-01 -2.366583e-02
    outer loop
      vertex 5.339446e-03 7.061263e-03 -2.824804e-02
      vertex 5.466610e-03 7.043892e-03 -2.990312e-02
      vertex 4.381642e-03 6.878714e-03 -2.881958e-02
    endloop
  endfacet
  facet normal -1.968342e-01 9.802196e-01 -2.063585e-02
    outer loop
      vertex 5.157496e-03 7.114109e-03 -2.464160e-02
      vertex 5.642689e-03 7.223098e-03 -2.409251e-02
      vertex 6.365613e-03 7.341360e-03 -2.537053e-02
    endloop
  endfacet
  facet normal -1.851388e-01 9.824328e-01 -2.344016e-02
    outer loop
      vertex 4.580094e-03 6.976441e-03 -2.585102e-02
      vertex 5.157496e-03 7.114109e-03 -2.464160e-02
      vertex 5.551575e-03 7.138875e-03 -2.671613e-02
    endloop
  endfacet
  facet normal -1.918974e-01 9.809764e-01 -2.933732e-02
    outer loop
      vertex 6.431181e-03 7.284408e-03 -2.792767e-02
      vertex 6.106993e-03 7.186893e-03 -2.906781e-02
      vertex 5.339446e-03 7.061263e-03 -2.824804e-02
    endloop
  endfacet
  facet normal -1.870984e-01 9.820310e-01 -2.468238e-02
    outer loop
      vertex 6.106993e-03 7.186893e-03 -2.906781e-02
      vertex 5.466610e-03 7.043892e-03 -2.990312e-02
      vertex 5.339446e-03 7.061263e-03 -2.824804e-02
    endloop
  endfacet
  facet normal -2.139251e-01 9.762668e-01 -3.375210e-02
    outer loop
      vertex 7.573686e-03 7.506024e-03 -2.875884e-02
      vertex 6.945373e-03 7.358839e-03 -2.903379e-02
      vertex 6.431181e-03 7.284408e-03 -2.792767e-02
    endloop
  endfacet
  facet normal -1.997877e-01 9.794681e-01 -2.696479e-02
    outer loop
      vertex 6.431181e-03 7.284408e-03 -2.792767e-02
      vertex 6.945373e-03 7.358839e-03 -2.903379e-02
      vertex 6.106993e-03 7.186893e-03 -2.906781e-02
    endloop
  endfacet
  facet normal -2.131100e-01 9.766252e-01 -2.805805e-02
    outer loop
      vertex 6.365613e-03 7.341360e-03 -2.537053e-02
      vertex 6.158207e-03 7.342124e-03 -2.376863e-02
      vertex 7.117919e-03 7.512591e-03 -2.512446e-02
    endloop
  endfacet
  facet normal -2.084735e-01 9.776425e-01 -2.745823e-02
    outer loop
      vertex 6.158207e-03 7.342124e-03 -2.376863e-02
      vertex 6.365613e-03 7.341360e-03 -2.537053e-02
      vertex 5.642689e-03 7.223098e-03 -2.409251e-02
    endloop
  endfacet
  facet normal -2.153865e-01 9.760586e-01 -3.030108e-02
    outer loop
      vertex 6.945373e-03 7.358839e-03 -2.903379e-02
      vertex 7.573686e-03 7.506024e-03 -2.875884e-02
      vertex 8.110363e-03 7.576601e-03 -3.030024e-02
    endloop
  endfacet
  facet normal -2.189010e-01 9.752452e-01 -3.129023e-02
    outer loop
      vertex 8.231697e-03 7.647053e-03 -2.896664e-02
      vertex 7.573686e-03 7.506024e-03 -2.875884e-02
      vertex 7.196009e-03 7.453065e-03 -2.776729e-02
    endloop
  endfacet
  facet normal -2.389019e-01 9.705153e-01 -3.203007e-02
    outer loop
      vertex 8.302547e-03 7.702943e-03 -2.779858e-02
      vertex 8.287095e-03 7.744629e-03 -2.642024e-02
      vertex 9.526304e-03 7.996824e-03 -2.802155e-02
    endloop
  endfacet
  facet normal -2.508611e-01 9.673512e-01 -3.605965e-02
    outer loop
      vertex 8.959346e-03 8.044250e-03 -2.275742e-02
      vertex 8.836310e-03 7.979718e-03 -2.363265e-02
      vertex 8.155706e-03 7.825581e-03 -2.303275e-02
    endloop
  endfacet
  facet normal -2.371999e-01 9.709556e-01 -3.132896e-02
    outer loop
      vertex 7.523666e-03 7.651096e-03 -2.365508e-02
      vertex 8.155706e-03 7.825581e-03 -2.303275e-02
      vertex 8.581564e-03 7.872543e-03 -2.480156e-02
    endloop
  endfacet
  facet normal -2.494641e-01 9.677741e-01 -3.436615e-02
    outer loop
      vertex 8.581564e-03 7.872543e-03 -2.480156e-02
      vertex 8.155706e-03 7.825581e-03 -2.303275e-02
      vertex 8.836310e-03 7.979718e-03 -2.363265e-02
    endloop
  endfacet
  facet normal -2.763619e-01 9.602758e-01 -3.865864e-02
    outer loop
      vertex 1.054101e-02 8.532331e-03 -2.158320e-02
      vertex 1.083569e-02 8.556870e-03 -2.308027e-02
      vertex 9.531257e-03 8.235715e-03 -2.173260e-02
    endloop
  endfacet
  facet normal -3.114082e-01 9.491168e-01 -4.692780e-02
    outer loop
      vertex 1.281622e-02 9.237164e-03 -2.183033e-02
      vertex 1.245588e-02 9.085480e-03 -2.250695e-02
      vertex 1.160909e-02 8.892675e-03 -2.078721e-02
    endloop
  endfacet
  facet normal -3.571160e-01 9.322031e-01 -5.886935e-02
    outer loop
      vertex 1.590623e-02 1.041523e-02 -2.077251e-02
      vertex 1.536609e-02 1.023282e-02 -2.038430e-02
      vertex 1.608404e-02 1.058998e-02 -1.908389e-02
    endloop
  endfacet
  facet normal -3.547383e-01 9.331456e-01 -5.831024e-02
    outer loop
      vertex 1.536609e-02 1.023282e-02 -2.038430e-02
      vertex 1.407466e-02 9.755480e-03 -2.016664e-02
      vertex 1.507871e-02 1.020310e-02 -1.911156e-02
    endloop
  endfacet
  facet normal -3.571157e-01 9.322032e-01 -5.886923e-02
    outer loop
      vertex 1.507871e-02 1.020310e-02 -1.911156e-02
      vertex 1.383539e-02 9.766135e-03 -1.848875e-02
      vertex 1.438442e-02 1.002237e-02 -1.776179e-02
    endloop
  endfacet
  facet normal -9.193132e-03 9.999577e-01 3.597713e-04
    outer loop
      vertex -5.559088e-03 5.995876e-03 -3.300008e-02
      vertex -5.477823e-03 5.996140e-03 -3.165514e-02
      vertex -4.450699e-03 6.006159e-03 -3.325725e-02
    endloop
  endfacet
  facet normal -3.285961e-01 9.433676e-01 -4.563108e-02
    outer loop
      vertex 1.420099e-02 9.740536e-03 -2.138532e-02
      vertex 1.341748e-02 9.522633e-03 -2.024806e-02
      vertex 1.407466e-02 9.755480e-03 -2.016664e-02
    endloop
  endfacet
  facet normal 2.140595e-01 9.766514e-01 1.818372e-02
    outer loop
      vertex -1.849051e-02 7.369069e-03 -2.831555e-02
      vertex -1.813691e-02 7.275315e-03 -2.744267e-02
      vertex -1.812184e-02 7.315479e-03 -2.977726e-02
    endloop
  endfacet
  facet normal 1.828187e-01 9.830283e-01 1.525169e-02
    outer loop
      vertex -1.608435e-02 6.903534e-03 -2.935496e-02
      vertex -1.634230e-02 6.968713e-03 -3.046395e-02
      vertex -1.686319e-02 7.047748e-03 -2.931430e-02
    endloop
  endfacet
  facet normal 1.826251e-01 9.831185e-01 1.122503e-02
    outer loop
      vertex -1.686319e-02 7.047748e-03 -2.931430e-02
      vertex -1.725508e-02 7.110083e-03 -2.839784e-02
      vertex -1.608435e-02 6.903534e-03 -2.935496e-02
    endloop
  endfacet
  facet normal 1.593740e-01 9.871131e-01 1.440718e-02
    outer loop
      vertex -1.533256e-02 6.823580e-03 -3.273889e-02
      vertex -1.533437e-02 6.792953e-03 -3.062043e-02
      vertex -1.439857e-02 6.663664e-03 -3.211413e-02
    endloop
  endfacet
  facet normal 1.572963e-01 9.874522e-01 1.400311e-02
    outer loop
      vertex -1.533437e-02 6.792953e-03 -3.062043e-02
      vertex -1.549157e-02 6.793536e-03 -2.889579e-02
      vertex -1.445037e-02 6.640641e-03 -2.980990e-02
    endloop
  endfacet
  facet normal 1.307612e-01 9.913508e-01 1.118842e-02
    outer loop
      vertex -1.307889e-02 6.454549e-03 -3.023342e-02
      vertex -1.363375e-02 6.533187e-03 -3.071644e-02
      vertex -1.379134e-02 6.537576e-03 -2.926346e-02
    endloop
  endfacet
  facet normal 1.200394e-01 9.927195e-01 9.925998e-03
    outer loop
      vertex -1.307889e-02 6.454549e-03 -3.023342e-02
      vertex -1.259229e-02 6.383335e-03 -2.899582e-02
      vertex -1.239629e-02 6.370871e-03 -3.011951e-02
    endloop
  endfacet
  facet normal 1.087722e-01 9.940644e-01 2.157952e-03
    outer loop
      vertex -1.136804e-02 6.256688e-03 -2.935072e-02
      vertex -1.166745e-02 6.290981e-03 -3.005589e-02
      vertex -1.239629e-02 6.370871e-03 -3.011951e-02
    endloop
  endfacet
  facet normal 8.459004e-02 9.963762e-01 8.892833e-03
    outer loop
      vertex -1.057843e-02 6.174007e-03 -2.759776e-02
      vertex -1.136804e-02 6.256688e-03 -2.935072e-02
      vertex -1.127661e-02 6.235521e-03 -2.784883e-02
    endloop
  endfacet
  facet normal 6.260432e-02 9.980248e-01 5.216397e-03
    outer loop
      vertex -9.838859e-03 6.131456e-03 -2.948885e-02
      vertex -9.115162e-03 6.086156e-03 -2.950717e-02
      vertex -9.179404e-03 6.099869e-03 -3.135978e-02
    endloop
  endfacet
  facet normal 3.051801e-02 9.995303e-01 2.814182e-03
    outer loop
      vertex -7.294839e-03 6.011606e-03 -2.913098e-02
      vertex -7.165147e-03 6.012508e-03 -3.085801e-02
      vertex -7.959771e-03 6.033295e-03 -2.962361e-02
    endloop
  endfacet
  facet normal 1.663836e-02 9.998596e-01 1.974332e-03
    outer loop
      vertex -6.853024e-03 6.000565e-03 -2.702812e-02
      vertex -6.777089e-03 6.003257e-03 -2.903146e-02
      vertex -7.380550e-03 6.010292e-03 -2.750875e-02
    endloop
  endfacet
  facet normal 8.355042e-03 9.999637e-01 1.660502e-03
    outer loop
      vertex -6.032253e-03 5.995493e-03 -2.810377e-02
      vertex -6.777089e-03 6.003257e-03 -2.903146e-02
      vertex -6.853024e-03 6.000565e-03 -2.702812e-02
    endloop
  endfacet
  facet normal -2.738274e-02 9.996231e-01 -1.950688e-03
    outer loop
      vertex 1.660905e-02 1.074811e-02 3.924654e-04
      vertex 1.698208e-02 1.075482e-02 -1.404464e-03
      vertex 1.555375e-02 1.071653e-02 -9.798175e-04
    endloop
  endfacet
  facet normal -2.830347e-02 9.995866e-01 -5.050911e-03
    outer loop
      vertex 1.698208e-02 1.075482e-02 -1.404464e-03
      vertex 1.641125e-02 1.073421e-02 -2.285823e-03
      vertex 1.555375e-02 1.071653e-02 -9.798175e-04
    endloop
  endfacet
  facet normal -1.252490e-02 9.999151e-01 -3.602001e-03
    outer loop
      vertex 1.555375e-02 1.071653e-02 -9.798175e-04
      vertex 1.529424e-02 1.070890e-02 -2.195635e-03
      vertex 1.431146e-02 1.069727e-02 -2.006798e-03
    endloop
  endfacet
  facet normal -3.431432e-02 9.994042e-01 -3.709409e-03
    outer loop
      vertex 1.673021e-02 1.073795e-02 -3.948380e-03
      vertex 1.774389e-02 1.077508e-02 -3.321488e-03
      vertex 1.692856e-02 1.073976e-02 -5.295074e-03
    endloop
  endfacet
  facet normal -3.813499e-02 9.992526e-01 -6.327305e-03
    outer loop
      vertex 1.805022e-02 1.080187e-02 -4.124322e-04
      vertex 1.790251e-02 1.078735e-02 -1.815189e-03
      vertex 1.698208e-02 1.075482e-02 -1.404464e-03
    endloop
  endfacet
  facet normal -7.032649e-01 7.070906e-01 -7.376532e-02
    outer loop
      vertex -2.925383e-02 7.867397e-03 -1.763586e-02
      vertex -2.926343e-02 8.052094e-03 -1.577389e-02
      vertex -2.829062e-02 8.843561e-03 -1.746167e-02
    endloop
  endfacet
  facet normal -1.890881e-02 9.998208e-01 -8.975106e-04
    outer loop
      vertex -4.485361e-03 6.018924e-03 -2.661682e-02
      vertex -5.490093e-03 5.999796e-03 -2.675735e-02
      vertex -5.617898e-03 5.998929e-03 -2.503047e-02
    endloop
  endfacet
  facet normal -6.749013e-04 9.999997e-01 4.520492e-04
    outer loop
      vertex -5.617898e-03 5.998929e-03 -2.503047e-02
      vertex -5.490093e-03 5.999796e-03 -2.675735e-02
      vertex -6.828750e-03 5.998375e-03 -2.561359e-02
    endloop
  endfacet
  facet normal -1.011322e-02 9.999424e-01 -3.606452e-03
    outer loop
      vertex -4.450699e-03 6.006159e-03 -3.325725e-02
      vertex -4.955063e-03 5.997542e-03 -3.423195e-02
      vertex -5.559088e-03 5.995876e-03 -3.300008e-02
    endloop
  endfacet
  facet normal -1.473580e-02 9.998907e-01 -1.214017e-03
    outer loop
      vertex -4.955063e-03 5.997542e-03 -3.423195e-02
      vertex -4.450699e-03 6.006159e-03 -3.325725e-02
      vertex -4.097693e-03 6.009493e-03 -3.479607e-02
    endloop
  endfacet
  facet normal -2.851055e-02 9.995918e-01 -1.826303e-03
    outer loop
      vertex -4.632308e-03 6.023575e-03 -2.338201e-02
      vertex -4.144608e-03 6.035018e-03 -2.473234e-02
      vertex -5.020649e-03 6.011018e-03 -2.419244e-02
    endloop
  endfacet
  facet normal -2.941021e-02 9.995620e-01 -3.287395e-03
    outer loop
      vertex -4.144608e-03 6.035018e-03 -2.473234e-02
      vertex -4.800490e-03 6.014242e-03 -2.518180e-02
      vertex -5.020649e-03 6.011018e-03 -2.419244e-02
    endloop
  endfacet
  facet normal -1.889409e-02 9.998211e-01 -8.869959e-04
    outer loop
      vertex -4.800490e-03 6.014242e-03 -2.518180e-02
      vertex -4.485361e-03 6.018924e-03 -2.661682e-02
      vertex -5.617898e-03 5.998929e-03 -2.503047e-02
    endloop
  endfacet
  facet normal -2.253440e-02 9.997453e-01 -1.218769e-03
    outer loop
      vertex -4.485361e-03 6.018924e-03 -2.661682e-02
      vertex -4.091218e-03 6.025192e-03 -2.876272e-02
      vertex -5.061544e-03 6.004186e-03 -2.805301e-02
    endloop
  endfacet
  facet normal -2.404636e-02 9.997052e-01 -3.350269e-03
    outer loop
      vertex -4.097693e-03 6.009493e-03 -3.479607e-02
      vertex -4.450699e-03 6.006159e-03 -3.325725e-02
      vertex -3.592861e-03 6.024039e-03 -3.407889e-02
    endloop
  endfacet
  facet normal -2.628616e-02 9.996483e-01 -3.521643e-03
    outer loop
      vertex -3.614842e-03 6.033403e-03 -3.099351e-02
      vertex -3.734956e-03 6.024463e-03 -3.263485e-02
      vertex -4.492166e-03 6.007244e-03 -3.187054e-02
    endloop
  endfacet
  facet normal -2.475985e-02 9.996928e-01 -1.154188e-03
    outer loop
      vertex -3.614842e-03 6.033403e-03 -3.099351e-02
      vertex -4.749679e-03 6.005688e-03 -3.065455e-02
      vertex -4.850015e-03 6.004610e-03 -2.943552e-02
    endloop
  endfacet
  facet normal -2.726889e-02 9.996281e-01 1.746232e-04
    outer loop
      vertex -4.850015e-03 6.004610e-03 -2.943552e-02
      vertex -4.091218e-03 6.025192e-03 -2.876272e-02
      vertex -3.582563e-03 6.039240e-03 -2.975289e-02
    endloop
  endfacet
  facet normal -3.620100e-02 9.993239e-01 -6.419051e-03
    outer loop
      vertex -2.617734e-03 6.068947e-03 -3.258698e-02
      vertex -2.842854e-03 6.051042e-03 -3.410490e-02
      vertex -3.592861e-03 6.024039e-03 -3.407889e-02
    endloop
  endfacet
  facet normal -4.157204e-02 9.991286e-01 -3.727301e-03
    outer loop
      vertex -2.694981e-03 6.070460e-03 -3.131971e-02
      vertex -2.617734e-03 6.068947e-03 -3.258698e-02
      vertex -3.614842e-03 6.033403e-03 -3.099351e-02
    endloop
  endfacet
  facet normal -6.869275e-02 9.976045e-01 -8.155153e-03
    outer loop
      vertex -2.113795e-03 6.116322e-03 -2.899631e-02
      vertex -2.521169e-03 6.101452e-03 -2.738394e-02
      vertex -1.400979e-03 6.169703e-03 -2.847047e-02
    endloop
  endfacet
  facet normal -5.728332e-02 9.983441e-01 -5.265675e-03
    outer loop
      vertex -2.521169e-03 6.101452e-03 -2.738394e-02
      vertex -2.113795e-03 6.116322e-03 -2.899631e-02
      vertex -2.836886e-03 6.076549e-03 -2.867081e-02
    endloop
  endfacet
  facet normal -5.287483e-02 9.985898e-01 -4.762371e-03
    outer loop
      vertex -3.264637e-03 6.073277e-03 -2.507137e-02
      vertex -3.612510e-03 6.062382e-03 -2.349363e-02
      vertex -2.973504e-03 6.094464e-03 -2.386109e-02
    endloop
  endfacet
  facet normal -3.862458e-02 9.992388e-01 -5.482179e-03
    outer loop
      vertex -4.144608e-03 6.035018e-03 -2.473234e-02
      vertex -4.632308e-03 6.023575e-03 -2.338201e-02
      vertex -3.612510e-03 6.062382e-03 -2.349363e-02
    endloop
  endfacet
  facet normal -4.456177e-02 9.990023e-01 -2.926597e-03
    outer loop
      vertex -4.144608e-03 6.035018e-03 -2.473234e-02
      vertex -3.612510e-03 6.062382e-03 -2.349363e-02
      vertex -3.264637e-03 6.073277e-03 -2.507137e-02
    endloop
  endfacet
  facet normal -5.270440e-02 9.985897e-01 -6.393805e-03
    outer loop
      vertex -2.521169e-03 6.101452e-03 -2.738394e-02
      vertex -2.836886e-03 6.076549e-03 -2.867081e-02
      vertex -3.440732e-03 6.053836e-03 -2.724065e-02
    endloop
  endfacet
  facet normal -5.088075e-02 9.986958e-01 -4.234508e-03
    outer loop
      vertex -1.836373e-03 6.103649e-03 -3.379129e-02
      vertex -2.842854e-03 6.051042e-03 -3.410490e-02
      vertex -2.617734e-03 6.068947e-03 -3.258698e-02
    endloop
  endfacet
  facet normal -5.492896e-02 9.984799e-01 -4.540708e-03
    outer loop
      vertex -1.824148e-03 6.115787e-03 -3.188716e-02
      vertex -2.617734e-03 6.068947e-03 -3.258698e-02
      vertex -2.694981e-03 6.070460e-03 -3.131971e-02
    endloop
  endfacet
  facet normal -4.718664e-02 9.988842e-01 -1.923234e-03
    outer loop
      vertex -3.582563e-03 6.039240e-03 -2.975289e-02
      vertex -2.836886e-03 6.076549e-03 -2.867081e-02
      vertex -2.231516e-03 6.102115e-03 -3.024539e-02
    endloop
  endfacet
  facet normal -4.042663e-02 9.991608e-01 -6.591185e-03
    outer loop
      vertex -3.582563e-03 6.039240e-03 -2.975289e-02
      vertex -4.091218e-03 6.025192e-03 -2.876272e-02
      vertex -2.836886e-03 6.076549e-03 -2.867081e-02
    endloop
  endfacet
  facet normal -5.362735e-02 9.985429e-01 -6.020915e-03
    outer loop
      vertex -1.824148e-03 6.115787e-03 -3.188716e-02
      vertex -1.836373e-03 6.103649e-03 -3.379129e-02
      vertex -2.617734e-03 6.068947e-03 -3.258698e-02
    endloop
  endfacet
  facet normal -6.574495e-02 9.977981e-01 -8.745784e-03
    outer loop
      vertex -8.274049e-04 6.181381e-03 -3.250766e-02
      vertex -9.038711e-04 6.162448e-03 -3.409286e-02
      vertex -1.836373e-03 6.103649e-03 -3.379129e-02
    endloop
  endfacet
  facet normal -6.933060e-02 9.975762e-01 -5.913941e-03
    outer loop
      vertex -1.836373e-03 6.103649e-03 -3.379129e-02
      vertex -1.824148e-03 6.115787e-03 -3.188716e-02
      vertex -8.274049e-04 6.181381e-03 -3.250766e-02
    endloop
  endfacet
  facet normal -7.004472e-02 9.975188e-01 -7.067139e-03
    outer loop
      vertex -1.089371e-03 6.177607e-03 -3.044388e-02
      vertex -8.274049e-04 6.181381e-03 -3.250766e-02
      vertex -1.824148e-03 6.115787e-03 -3.188716e-02
    endloop
  endfacet
  facet normal -5.758050e-02 9.983233e-01 -5.928420e-03
    outer loop
      vertex -2.231516e-03 6.102115e-03 -3.024539e-02
      vertex -2.836886e-03 6.076549e-03 -2.867081e-02
      vertex -2.113795e-03 6.116322e-03 -2.899631e-02
    endloop
  endfacet
  facet normal -8.229135e-02 9.965808e-01 -7.411599e-03
    outer loop
      vertex -1.253766e-03 6.189784e-03 -2.740490e-02
      vertex -5.668385e-04 6.240168e-03 -2.825720e-02
      vertex -1.400979e-03 6.169703e-03 -2.847047e-02
    endloop
  endfacet
  facet normal -7.717732e-02 9.969988e-01 -6.079798e-03
    outer loop
      vertex -2.306671e-03 6.127089e-03 -2.550596e-02
      vertex -2.047632e-03 6.159061e-03 -2.355113e-02
      vertex -1.269524e-03 6.213078e-03 -2.457047e-02
    endloop
  endfacet
  facet normal -8.705576e-02 9.961350e-01 -1.168114e-02
    outer loop
      vertex 4.045374e-04 6.280039e-03 -3.327564e-02
      vertex -4.487939e-06 6.232003e-03 -3.432369e-02
      vertex -8.274049e-04 6.181381e-03 -3.250766e-02
    endloop
  endfacet
  facet normal -8.360645e-02 9.964601e-01 -8.790535e-03
    outer loop
      vertex -1.457073e-04 6.249111e-03 -3.131361e-02
      vertex -8.274049e-04 6.181381e-03 -3.250766e-02
      vertex -1.089371e-03 6.177607e-03 -3.044388e-02
    endloop
  endfacet
  facet normal -8.483228e-02 9.963624e-01 -8.085159e-03
    outer loop
      vertex -1.457073e-04 6.249111e-03 -3.131361e-02
      vertex 4.045374e-04 6.280039e-03 -3.327564e-02
      vertex -8.274049e-04 6.181381e-03 -3.250766e-02
    endloop
  endfacet
  facet normal -9.900333e-02 9.950396e-01 -9.727064e-03
    outer loop
      vertex -3.520476e-04 6.316520e-03 -2.288426e-02
      vertex -2.269479e-04 6.316502e-03 -2.415934e-02
      vertex -9.879056e-04 6.251043e-03 -2.311039e-02
    endloop
  endfacet
  facet normal -1.053313e-01 9.943681e-01 -1.171921e-02
    outer loop
      vertex 4.233369e-04 6.366654e-03 -2.593398e-02
      vertex 6.787835e-04 6.369265e-03 -2.800844e-02
      vertex -3.133972e-04 6.285313e-03 -2.621408e-02
    endloop
  endfacet
  facet normal -8.958704e-02 9.959440e-01 -8.344669e-03
    outer loop
      vertex -1.311108e-03 6.196260e-03 -2.613128e-02
      vertex -1.269524e-03 6.213078e-03 -2.457047e-02
      vertex -3.133972e-04 6.285313e-03 -2.621408e-02
    endloop
  endfacet
  facet normal -9.498140e-02 9.954189e-01 -1.094632e-02
    outer loop
      vertex 6.385038e-04 6.315843e-03 -3.204990e-02
      vertex 4.045374e-04 6.280039e-03 -3.327564e-02
      vertex -1.457073e-04 6.249111e-03 -3.131361e-02
    endloop
  endfacet
  facet normal -9.676974e-02 9.952536e-01 -1.029358e-02
    outer loop
      vertex 1.912539e-04 6.310171e-03 -2.861564e-02
      vertex -2.544262e-04 6.255244e-03 -2.973647e-02
      vertex -5.668385e-04 6.240168e-03 -2.825720e-02
    endloop
  endfacet
  facet normal -1.156202e-01 9.932270e-01 -1.149418e-02
    outer loop
      vertex 2.229907e-03 6.480348e-03 -3.328255e-02
      vertex 1.194649e-03 6.359532e-03 -3.330872e-02
      vertex 1.443552e-03 6.402216e-03 -3.212402e-02
    endloop
  endfacet
  facet normal -1.061496e-01 9.942832e-01 -1.153666e-02
    outer loop
      vertex 1.912539e-04 6.310171e-03 -2.861564e-02
      vertex 6.787835e-04 6.369265e-03 -2.800844e-02
      vertex 9.175531e-04 6.379880e-03 -2.929050e-02
    endloop
  endfacet
  facet normal -1.107885e-01 9.937844e-01 -1.088330e-02
    outer loop
      vertex 2.955414e-04 6.391115e-03 -2.266503e-02
      vertex -2.269479e-04 6.316502e-03 -2.415934e-02
      vertex -3.520476e-04 6.316520e-03 -2.288426e-02
    endloop
  endfacet
  facet normal -1.190741e-01 9.927885e-01 -1.386810e-02
    outer loop
      vertex 2.101625e-03 6.488867e-03 -3.157123e-02
      vertex 2.229907e-03 6.480348e-03 -3.328255e-02
      vertex 1.443552e-03 6.402216e-03 -3.212402e-02
    endloop
  endfacet
  facet normal -1.193547e-01 9.927595e-01 -1.352947e-02
    outer loop
      vertex 1.443552e-03 6.402216e-03 -3.212402e-02
      vertex 1.681344e-03 6.456141e-03 -3.026496e-02
      vertex 2.101625e-03 6.488867e-03 -3.157123e-02
    endloop
  endfacet
  facet normal -1.553467e-01 9.876352e-01 -2.107516e-02
    outer loop
      vertex 2.882066e-03 6.674060e-03 -2.692061e-02
      vertex 3.738030e-03 6.821752e-03 -2.630878e-02
      vertex 3.543044e-03 6.762349e-03 -2.765527e-02
    endloop
  endfacet
  facet normal -1.451293e-01 9.891634e-01 -2.220911e-02
    outer loop
      vertex 4.191067e-03 6.775331e-03 -3.221578e-02
      vertex 3.754521e-03 6.688383e-03 -3.323562e-02
      vertex 3.037152e-03 6.595984e-03 -3.266315e-02
    endloop
  endfacet
  facet normal -1.533617e-01 9.879730e-01 -1.973872e-02
    outer loop
      vertex 4.141664e-03 6.801905e-03 -3.049993e-02
      vertex 3.389014e-03 6.677452e-03 -3.088132e-02
      vertex 3.142470e-03 6.660674e-03 -2.980555e-02
    endloop
  endfacet
  facet normal -1.474643e-01 9.889364e-01 -1.609531e-02
    outer loop
      vertex 3.037152e-03 6.595984e-03 -3.266315e-02
      vertex 3.389014e-03 6.677452e-03 -3.088132e-02
      vertex 4.191067e-03 6.775331e-03 -3.221578e-02
    endloop
  endfacet
  facet normal -1.403661e-01 9.899583e-01 -1.672942e-02
    outer loop
      vertex 3.142470e-03 6.660674e-03 -2.980555e-02
      vertex 3.389014e-03 6.677452e-03 -3.088132e-02
      vertex 2.492656e-03 6.560627e-03 -3.027363e-02
    endloop
  endfacet
  facet normal -1.656292e-01 9.859950e-01 -1.951379e-02
    outer loop
      vertex 3.543044e-03 6.762349e-03 -2.765527e-02
      vertex 3.738030e-03 6.821752e-03 -2.630878e-02
      vertex 4.373198e-03 6.908911e-03 -2.729595e-02
    endloop
  endfacet
  facet normal -1.665243e-01 9.858077e-01 -2.127924e-02
    outer loop
      vertex 4.381642e-03 6.878714e-03 -2.881958e-02
      vertex 4.669319e-03 6.898566e-03 -3.015113e-02
      vertex 4.141664e-03 6.801905e-03 -3.049993e-02
    endloop
  endfacet
  facet normal -1.724191e-01 9.847609e-01 -2.275245e-02
    outer loop
      vertex 5.435187e-03 6.999862e-03 -3.157069e-02
      vertex 4.669319e-03 6.898566e-03 -3.015113e-02
      vertex 5.466610e-03 7.043892e-03 -2.990312e-02
    endloop
  endfacet
  facet normal -1.819495e-01 9.829431e-01 -2.678124e-02
    outer loop
      vertex 6.377758e-03 7.192225e-03 -3.091419e-02
      vertex 6.260092e-03 7.137773e-03 -3.211332e-02
      vertex 5.435187e-03 6.999862e-03 -3.157069e-02
    endloop
  endfacet
  facet normal -1.929315e-01 9.808780e-01 -2.560984e-02
    outer loop
      vertex 6.983964e-03 7.278408e-03 -3.218018e-02
      vertex 6.260092e-03 7.137773e-03 -3.211332e-02
      vertex 6.377758e-03 7.192225e-03 -3.091419e-02
    endloop
  endfacet
  facet normal -2.048071e-01 9.784094e-01 -2.773389e-02
    outer loop
      vertex 7.699740e-03 7.450262e-03 -3.140323e-02
      vertex 6.983964e-03 7.278408e-03 -3.218018e-02
      vertex 7.209834e-03 7.383168e-03 -3.015238e-02
    endloop
  endfacet
  facet normal -2.180551e-01 9.754581e-01 -3.055367e-02
    outer loop
      vertex 7.699740e-03 7.450262e-03 -3.140323e-02
      vertex 8.110363e-03 7.576601e-03 -3.030024e-02
      vertex 8.703100e-03 7.679199e-03 -3.125493e-02
    endloop
  endfacet
  facet normal -2.145443e-01 9.762689e-01 -2.949019e-02
    outer loop
      vertex 7.209834e-03 7.383168e-03 -3.015238e-02
      vertex 6.945373e-03 7.358839e-03 -2.903379e-02
      vertex 8.110363e-03 7.576601e-03 -3.030024e-02
    endloop
  endfacet
  facet normal -2.130353e-01 9.766348e-01 -2.829299e-02
    outer loop
      vertex 7.117919e-03 7.512591e-03 -2.512446e-02
      vertex 7.176312e-03 7.486466e-03 -2.646592e-02
      vertex 6.365613e-03 7.341360e-03 -2.537053e-02
    endloop
  endfacet
  facet normal -2.016501e-01 9.791708e-01 -2.370286e-02
    outer loop
      vertex 5.311769e-03 7.198939e-03 -2.239302e-02
      vertex 4.917990e-03 7.147721e-03 -2.115881e-02
      vertex 5.525729e-03 7.277132e-03 -2.098309e-02
    endloop
  endfacet
  facet normal -2.077232e-01 9.779239e-01 -2.271211e-02
    outer loop
      vertex 5.311769e-03 7.198939e-03 -2.239302e-02
      vertex 5.525729e-03 7.277132e-03 -2.098309e-02
      vertex 6.272721e-03 7.410853e-03 -2.205735e-02
    endloop
  endfacet
  facet normal -1.882395e-01 9.819333e-01 -1.930952e-02
    outer loop
      vertex 4.917990e-03 7.147721e-03 -2.115881e-02
      vertex 5.311769e-03 7.198939e-03 -2.239302e-02
      vertex 4.024604e-03 6.965369e-03 -2.172263e-02
    endloop
  endfacet
  facet normal -2.117753e-01 9.769364e-01 -2.732049e-02
    outer loop
      vertex 6.329727e-03 7.295251e-03 -2.674115e-02
      vertex 6.365613e-03 7.341360e-03 -2.537053e-02
      vertex 7.176312e-03 7.486466e-03 -2.646592e-02
    endloop
  endfacet
  facet normal -2.097218e-01 9.773692e-01 -2.768048e-02
    outer loop
      vertex 7.196009e-03 7.453065e-03 -2.776729e-02
      vertex 7.573686e-03 7.506024e-03 -2.875884e-02
      vertex 6.431181e-03 7.284408e-03 -2.792767e-02
    endloop
  endfacet
  facet normal -2.267626e-01 9.732773e-01 -3.619427e-02
    outer loop
      vertex 9.141807e-03 7.826077e-03 -3.005388e-02
      vertex 8.703100e-03 7.679199e-03 -3.125493e-02
      vertex 8.110363e-03 7.576601e-03 -3.030024e-02
    endloop
  endfacet
  facet normal -2.280569e-01 9.731649e-01 -3.066140e-02
    outer loop
      vertex 8.110363e-03 7.576601e-03 -3.030024e-02
      vertex 8.231697e-03 7.647053e-03 -2.896664e-02
      vertex 9.141807e-03 7.826077e-03 -3.005388e-02
    endloop
  endfacet
  facet normal -2.338240e-01 9.717043e-01 -3.342258e-02
    outer loop
      vertex 9.694960e-03 7.921477e-03 -3.115015e-02
      vertex 8.703100e-03 7.679199e-03 -3.125493e-02
      vertex 9.141807e-03 7.826077e-03 -3.005388e-02
    endloop
  endfacet
  facet normal -2.302272e-01 9.725916e-01 -3.257247e-02
    outer loop
      vertex 8.231697e-03 7.647053e-03 -2.896664e-02
      vertex 8.302547e-03 7.702943e-03 -2.779858e-02
      vertex 9.141807e-03 7.826077e-03 -3.005388e-02
    endloop
  endfacet
  facet normal -2.340217e-01 9.717508e-01 -3.056654e-02
    outer loop
      vertex 7.672620e-03 7.750686e-03 -2.162942e-02
      vertex 7.523666e-03 7.651096e-03 -2.365508e-02
      vertex 6.943529e-03 7.574646e-03 -2.164394e-02
    endloop
  endfacet
  facet normal -2.382448e-01 9.707353e-01 -3.020608e-02
    outer loop
      vertex 7.672620e-03 7.750686e-03 -2.162942e-02
      vertex 8.155706e-03 7.825581e-03 -2.303275e-02
      vertex 7.523666e-03 7.651096e-03 -2.365508e-02
    endloop
  endfacet
  facet normal -2.202945e-01 9.750069e-01 -2.884209e-02
    outer loop
      vertex 6.731567e-03 7.467322e-03 -2.365305e-02
      vertex 6.272721e-03 7.410853e-03 -2.205735e-02
      vertex 6.943529e-03 7.574646e-03 -2.164394e-02
    endloop
  endfacet
  facet normal -2.081890e-01 9.777341e-01 -2.633179e-02
    outer loop
      vertex 6.731567e-03 7.467322e-03 -2.365305e-02
      vertex 6.158207e-03 7.342124e-03 -2.376863e-02
      vertex 5.311769e-03 7.198939e-03 -2.239302e-02
    endloop
  endfacet
  facet normal -2.455083e-01 9.685857e-01 -3.958962e-02
    outer loop
      vertex 1.037993e-02 8.108369e-03 -3.082547e-02
      vertex 9.694960e-03 7.921477e-03 -3.115015e-02
      vertex 9.141807e-03 7.826077e-03 -3.005388e-02
    endloop
  endfacet
  facet normal -2.395835e-01 9.702012e-01 -3.618472e-02
    outer loop
      vertex 9.141807e-03 7.826077e-03 -3.005388e-02
      vertex 8.302547e-03 7.702943e-03 -2.779858e-02
      vertex 9.526304e-03 7.996824e-03 -2.802155e-02
    endloop
  endfacet
  facet normal -2.435066e-01 9.692544e-01 -3.536296e-02
    outer loop
      vertex 9.141807e-03 7.826077e-03 -3.005388e-02
      vertex 9.526304e-03 7.996824e-03 -2.802155e-02
      vertex 9.915249e-03 8.047645e-03 -2.930687e-02
    endloop
  endfacet
  facet normal -2.512535e-01 9.672931e-01 -3.486795e-02
    outer loop
      vertex 8.155706e-03 7.825581e-03 -2.303275e-02
      vertex 7.672620e-03 7.750686e-03 -2.162942e-02
      vertex 8.959346e-03 8.044250e-03 -2.275742e-02
    endloop
  endfacet
  facet normal -2.640262e-01 9.637333e-01 -3.883710e-02
    outer loop
      vertex 9.689510e-03 8.188238e-03 -2.414828e-02
      vertex 8.959346e-03 8.044250e-03 -2.275742e-02
      vertex 1.005057e-02 8.321254e-03 -2.330215e-02
    endloop
  endfacet
  facet normal -2.491168e-01 9.680375e-01 -2.905587e-02
    outer loop
      vertex 7.672620e-03 7.750686e-03 -2.162942e-02
      vertex 7.847207e-03 7.826810e-03 -2.059009e-02
      vertex 8.523354e-03 8.000629e-03 -2.059613e-02
    endloop
  endfacet
  facet normal -2.415354e-01 9.699136e-01 -3.046682e-02
    outer loop
      vertex 7.847207e-03 7.826810e-03 -2.059009e-02
      vertex 7.672620e-03 7.750686e-03 -2.162942e-02
      vertex 7.144489e-03 7.659865e-03 -2.033377e-02
    endloop
  endfacet
  facet normal -2.528179e-01 9.669317e-01 -3.355802e-02
    outer loop
      vertex 8.836310e-03 7.979718e-03 -2.363265e-02
      vertex 9.692621e-03 8.153083e-03 -2.508861e-02
      vertex 8.581564e-03 7.872543e-03 -2.480156e-02
    endloop
  endfacet
  facet normal -2.537617e-01 9.665358e-01 -3.759829e-02
    outer loop
      vertex 8.581564e-03 7.872543e-03 -2.480156e-02
      vertex 9.692621e-03 8.153083e-03 -2.508861e-02
      vertex 9.102609e-03 7.970215e-03 -2.580740e-02
    endloop
  endfacet
  facet normal -2.666562e-01 9.630855e-01 -3.688827e-02
    outer loop
      vertex 9.692621e-03 8.153083e-03 -2.508861e-02
      vertex 9.689510e-03 8.188238e-03 -2.414828e-02
      vertex 1.052972e-02 8.402008e-03 -2.464078e-02
    endloop
  endfacet
  facet normal -3.088518e-01 9.501084e-01 -4.364201e-02
    outer loop
      vertex 1.160909e-02 8.892675e-03 -2.078721e-02
      vertex 1.241195e-02 9.152430e-03 -2.081404e-02
      vertex 1.281622e-02 9.237164e-03 -2.183033e-02
    endloop
  endfacet
  facet normal -2.986659e-01 9.536174e-01 -3.758433e-02
    outer loop
      vertex 1.133254e-02 8.916023e-03 -1.810556e-02
      vertex 1.158588e-02 8.940899e-03 -1.948756e-02
      vertex 1.056547e-02 8.637883e-03 -1.906717e-02
    endloop
  endfacet
  facet normal -3.347423e-01 9.409372e-01 -5.084157e-02
    outer loop
      vertex 1.420099e-02 9.740536e-03 -2.138532e-02
      vertex 1.472942e-02 9.868921e-03 -2.248851e-02
      vertex 1.367044e-02 9.524153e-03 -2.189686e-02
    endloop
  endfacet
  facet normal -3.287324e-01 9.433721e-01 -4.454389e-02
    outer loop
      vertex 1.358828e-02 9.640684e-03 -1.900839e-02
      vertex 1.407466e-02 9.755480e-03 -2.016664e-02
      vertex 1.341748e-02 9.522633e-03 -2.024806e-02
    endloop
  endfacet
  facet normal -3.353761e-01 9.406398e-01 -5.214928e-02
    outer loop
      vertex 1.397362e-02 9.567945e-03 -2.305670e-02
      vertex 1.367044e-02 9.524153e-03 -2.189686e-02
      vertex 1.472942e-02 9.868921e-03 -2.248851e-02
    endloop
  endfacet
  facet normal -3.135666e-01 9.487062e-01 -4.040420e-02
    outer loop
      vertex 1.216333e-02 9.181496e-03 -1.831976e-02
      vertex 1.158588e-02 8.940899e-03 -1.948756e-02
      vertex 1.133254e-02 8.916023e-03 -1.810556e-02
    endloop
  endfacet
  facet normal -3.571171e-01 9.322026e-01 -5.886955e-02
    outer loop
      vertex 1.549074e-02 1.043574e-02 -1.792722e-02
      vertex 1.619476e-02 1.069879e-02 -1.803249e-02
      vertex 1.608404e-02 1.058998e-02 -1.908389e-02
    endloop
  endfacet
  facet normal -3.571163e-01 9.322030e-01 -5.886910e-02
    outer loop
      vertex 1.608404e-02 1.058998e-02 -1.908389e-02
      vertex 1.507871e-02 1.020310e-02 -1.911156e-02
      vertex 1.549074e-02 1.043574e-02 -1.792722e-02
    endloop
  endfacet
  facet normal -3.571158e-01 9.322031e-01 -5.886930e-02
    outer loop
      vertex 1.549074e-02 1.043574e-02 -1.792722e-02
      vertex 1.507871e-02 1.020310e-02 -1.911156e-02
      vertex 1.438442e-02 1.002237e-02 -1.776179e-02
    endloop
  endfacet
  facet normal -3.561306e-01 9.326793e-01 -5.727445e-02
    outer loop
      vertex 1.590623e-02 1.041523e-02 -2.077251e-02
      vertex 1.489668e-02 1.001213e-02 -2.105936e-02
      vertex 1.536609e-02 1.023282e-02 -2.038430e-02
    endloop
  endfacet
  facet normal -3.556463e-01 9.327514e-01 -5.908033e-02
    outer loop
      vertex 1.489668e-02 1.001213e-02 -2.105936e-02
      vertex 1.590623e-02 1.041523e-02 -2.077251e-02
      vertex 1.576502e-02 1.027654e-02 -2.211205e-02
    endloop
  endfacet
  facet normal -3.562067e-01 9.326843e-01 -5.671715e-02
    outer loop
      vertex 1.507871e-02 1.020310e-02 -1.911156e-02
      vertex 1.407466e-02 9.755480e-03 -2.016664e-02
      vertex 1.383539e-02 9.766135e-03 -1.848875e-02
    endloop
  endfacet
  facet normal -3.571163e-01 9.322030e-01 -5.886872e-02
    outer loop
      vertex 1.383539e-02 9.766135e-03 -1.848875e-02
      vertex 1.297639e-02 9.496264e-03 -1.755124e-02
      vertex 1.438442e-02 1.002237e-02 -1.776179e-02
    endloop
  endfacet
  facet normal -4.530548e-03 9.999896e-01 -4.667715e-04
    outer loop
      vertex -6.454741e-03 5.995905e-03 -2.338664e-02
      vertex -5.617898e-03 5.998929e-03 -2.503047e-02
      vertex -6.436160e-03 5.995518e-03 -2.439650e-02
    endloop
  endfacet
  facet normal -2.445985e-01 9.691209e-01 -3.124336e-02
    outer loop
      vertex 8.287095e-03 7.744629e-03 -2.642024e-02
      vertex 9.102609e-03 7.970215e-03 -2.580740e-02
      vertex 9.795904e-03 8.120584e-03 -2.657089e-02
    endloop
  endfacet
  facet normal -3.251639e-01 9.446834e-01 -4.291493e-02
    outer loop
      vertex 1.216333e-02 9.181496e-03 -1.831976e-02
      vertex 1.297639e-02 9.496264e-03 -1.755124e-02
      vertex 1.358828e-02 9.640684e-03 -1.900839e-02
    endloop
  endfacet
  facet normal -3.548779e-01 9.332020e-01 -5.653095e-02
    outer loop
      vertex 1.407466e-02 9.755480e-03 -2.016664e-02
      vertex 1.358828e-02 9.640684e-03 -1.900839e-02
      vertex 1.383539e-02 9.766135e-03 -1.848875e-02
    endloop
  endfacet
  facet normal -2.686806e-01 9.623948e-01 -4.008824e-02
    outer loop
      vertex 1.029938e-02 8.174829e-03 -2.857547e-02
      vertex 1.089207e-02 8.387302e-03 -2.744699e-02
      vertex 1.146417e-02 8.491245e-03 -2.878599e-02
    endloop
  endfacet
  facet normal 2.236646e-01 9.744903e-01 1.851285e-02
    outer loop
      vertex -1.849051e-02 7.369069e-03 -2.831555e-02
      vertex -1.879921e-02 7.473456e-03 -3.008084e-02
      vertex -1.914516e-02 7.526858e-03 -2.871221e-02
    endloop
  endfacet
  facet normal 1.854099e-01 9.824953e-01 1.806087e-02
    outer loop
      vertex -1.725508e-02 7.110083e-03 -2.839784e-02
      vertex -1.701120e-02 7.031213e-03 -2.661104e-02
      vertex -1.624819e-02 6.910963e-03 -2.790253e-02
    endloop
  endfacet
  facet normal 1.863934e-01 9.823449e-01 1.600121e-02
    outer loop
      vertex -1.624819e-02 6.910963e-03 -2.790253e-02
      vertex -1.608435e-02 6.903534e-03 -2.935496e-02
      vertex -1.725508e-02 7.110083e-03 -2.839784e-02
    endloop
  endfacet
  facet normal 1.716882e-01 9.850471e-01 1.432863e-02
    outer loop
      vertex -1.608435e-02 6.903534e-03 -2.935496e-02
      vertex -1.624819e-02 6.910963e-03 -2.790253e-02
      vertex -1.549157e-02 6.793536e-03 -2.889579e-02
    endloop
  endfacet
  facet normal 1.741043e-01 9.846047e-01 1.553606e-02
    outer loop
      vertex -1.634230e-02 6.968713e-03 -3.046395e-02
      vertex -1.549157e-02 6.793536e-03 -2.889579e-02
      vertex -1.533437e-02 6.792953e-03 -3.062043e-02
    endloop
  endfacet
  facet normal 1.683437e-01 9.855497e-01 1.876679e-02
    outer loop
      vertex -1.549157e-02 6.793536e-03 -2.889579e-02
      vertex -1.634230e-02 6.968713e-03 -3.046395e-02
      vertex -1.608435e-02 6.903534e-03 -2.935496e-02
    endloop
  endfacet
  facet normal 1.763596e-01 9.842208e-01 1.437985e-02
    outer loop
      vertex -1.533437e-02 6.792953e-03 -3.062043e-02
      vertex -1.533256e-02 6.823580e-03 -3.273889e-02
      vertex -1.637022e-02 6.995362e-03 -3.177015e-02
    endloop
  endfacet
  facet normal 1.742266e-01 9.845696e-01 1.636301e-02
    outer loop
      vertex -1.637022e-02 6.995362e-03 -3.177015e-02
      vertex -1.634230e-02 6.968713e-03 -3.046395e-02
      vertex -1.533437e-02 6.792953e-03 -3.062043e-02
    endloop
  endfacet
  facet normal 1.578757e-01 9.873687e-01 1.335553e-02
    outer loop
      vertex -1.533437e-02 6.792953e-03 -3.062043e-02
      vertex -1.445037e-02 6.640641e-03 -2.980990e-02
      vertex -1.435338e-02 6.642653e-03 -3.110520e-02
    endloop
  endfacet
  facet normal 1.438703e-01 9.895200e-01 1.231016e-02
    outer loop
      vertex -1.435338e-02 6.642653e-03 -3.110520e-02
      vertex -1.445037e-02 6.640641e-03 -2.980990e-02
      vertex -1.363375e-02 6.533187e-03 -3.071644e-02
    endloop
  endfacet
  facet normal 1.426374e-01 9.896999e-01 1.219567e-02
    outer loop
      vertex -1.466707e-02 6.629925e-03 -2.656940e-02
      vertex -1.401357e-02 6.533030e-03 -2.634938e-02
      vertex -1.409833e-02 6.563077e-03 -2.779636e-02
    endloop
  endfacet
  facet normal 1.434510e-01 9.895601e-01 1.388026e-02
    outer loop
      vertex -1.363375e-02 6.533187e-03 -3.071644e-02
      vertex -1.338773e-02 6.521225e-03 -3.240615e-02
      vertex -1.439857e-02 6.663664e-03 -3.211413e-02
    endloop
  endfacet
  facet normal 1.424602e-01 9.897463e-01 1.035977e-02
    outer loop
      vertex -1.338773e-02 6.521225e-03 -3.240615e-02
      vertex -1.370544e-02 6.578332e-03 -3.349319e-02
      vertex -1.439857e-02 6.663664e-03 -3.211413e-02
    endloop
  endfacet
  facet normal 1.442475e-01 9.894607e-01 1.265689e-02
    outer loop
      vertex -1.445037e-02 6.640641e-03 -2.980990e-02
      vertex -1.379134e-02 6.537576e-03 -2.926346e-02
      vertex -1.363375e-02 6.533187e-03 -3.071644e-02
    endloop
  endfacet
  facet normal 1.259175e-01 9.920118e-01 7.574075e-03
    outer loop
      vertex -1.259229e-02 6.383335e-03 -2.899582e-02
      vertex -1.307889e-02 6.454549e-03 -3.023342e-02
      vertex -1.379134e-02 6.537576e-03 -2.926346e-02
    endloop
  endfacet
  facet normal 1.332404e-01 9.910325e-01 1.008039e-02
    outer loop
      vertex -1.409833e-02 6.563077e-03 -2.779636e-02
      vertex -1.317983e-02 6.427444e-03 -2.660255e-02
      vertex -1.335254e-02 6.464633e-03 -2.797572e-02
    endloop
  endfacet
  facet normal 1.203359e-01 9.926637e-01 1.174767e-02
    outer loop
      vertex -1.335254e-02 6.464633e-03 -2.797572e-02
      vertex -1.317983e-02 6.427444e-03 -2.660255e-02
      vertex -1.265108e-02 6.374052e-03 -2.750706e-02
    endloop
  endfacet
  facet normal 1.180899e-01 9.929483e-01 1.041796e-02
    outer loop
      vertex -1.265516e-02 6.360006e-03 -2.612217e-02
      vertex -1.265108e-02 6.374052e-03 -2.750706e-02
      vertex -1.317983e-02 6.427444e-03 -2.660255e-02
    endloop
  endfacet
  facet normal 1.278898e-01 9.917457e-01 9.206332e-03
    outer loop
      vertex -1.246306e-02 6.397706e-03 -3.194518e-02
      vertex -1.266605e-02 6.439426e-03 -3.361977e-02
      vertex -1.338773e-02 6.521225e-03 -3.240615e-02
    endloop
  endfacet
  facet normal 1.079254e-01 9.941279e-01 7.862468e-03
    outer loop
      vertex -1.136048e-02 6.277030e-03 -3.182178e-02
      vertex -1.209015e-02 6.369209e-03 -3.346085e-02
      vertex -1.246306e-02 6.397706e-03 -3.194518e-02
    endloop
  endfacet
  facet normal 1.075920e-01 9.941359e-01 1.084905e-02
    outer loop
      vertex -1.166745e-02 6.290981e-03 -3.005589e-02
      vertex -1.136048e-02 6.277030e-03 -3.182178e-02
      vertex -1.246306e-02 6.397706e-03 -3.194518e-02
    endloop
  endfacet
  facet normal 1.053543e-01 9.943804e-01 1.039502e-02
    outer loop
      vertex -1.196523e-02 6.286847e-03 -2.611627e-02
      vertex -1.265108e-02 6.374052e-03 -2.750706e-02
      vertex -1.265516e-02 6.360006e-03 -2.612217e-02
    endloop
  endfacet
  facet normal 9.427976e-02 9.955105e-01 8.381648e-03
    outer loop
      vertex -1.166745e-02 6.290981e-03 -3.005589e-02
      vertex -1.136804e-02 6.256688e-03 -2.935072e-02
      vertex -1.098591e-02 6.230509e-03 -3.053964e-02
    endloop
  endfacet
  facet normal 9.518368e-02 9.954168e-01 9.246496e-03
    outer loop
      vertex -1.130026e-02 6.227012e-03 -2.651997e-02
      vertex -1.203848e-02 6.310058e-03 -2.786101e-02
      vertex -1.196523e-02 6.286847e-03 -2.611627e-02
    endloop
  endfacet
  facet normal 9.619831e-02 9.953286e-01 8.174759e-03
    outer loop
      vertex -1.140078e-02 6.295231e-03 -3.356365e-02
      vertex -1.136048e-02 6.277030e-03 -3.182178e-02
      vertex -1.073850e-02 6.225840e-03 -3.290828e-02
    endloop
  endfacet
  facet normal 9.512631e-02 9.954221e-01 9.267941e-03
    outer loop
      vertex -1.140078e-02 6.295231e-03 -3.356365e-02
      vertex -1.073850e-02 6.225840e-03 -3.290828e-02
      vertex -1.073614e-02 6.233199e-03 -3.372293e-02
    endloop
  endfacet
  facet normal 8.791090e-02 9.961010e-01 7.383994e-03
    outer loop
      vertex -1.057843e-02 6.174007e-03 -2.759776e-02
      vertex -1.038384e-02 6.174225e-03 -2.994385e-02
      vertex -1.136804e-02 6.256688e-03 -2.935072e-02
    endloop
  endfacet
  facet normal 8.712369e-02 9.961790e-01 6.066919e-03
    outer loop
      vertex -1.038384e-02 6.174225e-03 -2.994385e-02
      vertex -1.098591e-02 6.230509e-03 -3.053964e-02
      vertex -1.136804e-02 6.256688e-03 -2.935072e-02
    endloop
  endfacet
  facet normal 8.302120e-02 9.965260e-01 6.593864e-03
    outer loop
      vertex -1.050350e-02 6.157836e-03 -2.609732e-02
      vertex -1.057843e-02 6.174007e-03 -2.759776e-02
      vertex -1.130026e-02 6.227012e-03 -2.651997e-02
    endloop
  endfacet
  facet normal 6.980233e-02 9.975408e-01 6.317154e-03
    outer loop
      vertex -9.898445e-03 6.114475e-03 -2.593586e-02
      vertex -9.725360e-03 6.112761e-03 -2.757762e-02
      vertex -1.050350e-02 6.157836e-03 -2.609732e-02
    endloop
  endfacet
  facet normal 6.893600e-02 9.976132e-01 3.967348e-03
    outer loop
      vertex -9.179404e-03 6.099869e-03 -3.135978e-02
      vertex -9.417756e-03 6.122471e-03 -3.290164e-02
      vertex -1.017286e-02 6.169727e-03 -3.166379e-02
    endloop
  endfacet
  facet normal 7.148023e-02 9.974268e-01 5.512052e-03
    outer loop
      vertex -9.725360e-03 6.112761e-03 -2.757762e-02
      vertex -9.838859e-03 6.131456e-03 -2.948885e-02
      vertex -1.057843e-02 6.174007e-03 -2.759776e-02
    endloop
  endfacet
  facet normal 5.786560e-02 9.983144e-01 4.470686e-03
    outer loop
      vertex -9.417756e-03 6.122471e-03 -3.290164e-02
      vertex -8.571094e-03 6.071118e-03 -3.239315e-02
      vertex -8.540336e-03 6.073459e-03 -3.331396e-02
    endloop
  endfacet
  facet normal 5.185182e-02 9.986391e-01 5.593806e-03
    outer loop
      vertex -9.179404e-03 6.099869e-03 -3.135978e-02
      vertex -9.115162e-03 6.086156e-03 -2.950717e-02
      vertex -8.612080e-03 6.060093e-03 -2.951758e-02
    endloop
  endfacet
  facet normal 4.642153e-02 9.989218e-01 -4.651828e-04
    outer loop
      vertex -7.603988e-03 6.026594e-03 -3.149388e-02
      vertex -8.571094e-03 6.071118e-03 -3.239315e-02
      vertex -9.179404e-03 6.099869e-03 -3.135978e-02
    endloop
  endfacet
  facet normal 4.242108e-02 9.990957e-01 2.855524e-03
    outer loop
      vertex -8.612080e-03 6.060093e-03 -2.951758e-02
      vertex -8.980536e-03 6.070085e-03 -2.753977e-02
      vertex -8.064783e-03 6.033225e-03 -2.824753e-02
    endloop
  endfacet
  facet normal 4.381652e-02 9.990316e-01 4.003229e-03
    outer loop
      vertex -8.540336e-03 6.073459e-03 -3.331396e-02
      vertex -8.571094e-03 6.071118e-03 -3.239315e-02
      vertex -7.585990e-03 6.031595e-03 -3.331215e-02
    endloop
  endfacet
  facet normal 4.157033e-02 9.991304e-01 3.222866e-03
    outer loop
      vertex -8.064783e-03 6.033225e-03 -2.824753e-02
      vertex -7.959771e-03 6.033295e-03 -2.962361e-02
      vertex -8.612080e-03 6.060093e-03 -2.951758e-02
    endloop
  endfacet
  facet normal 4.357709e-02 9.990406e-01 4.354136e-03
    outer loop
      vertex -8.329477e-03 6.036585e-03 -2.636930e-02
      vertex -8.064783e-03 6.033225e-03 -2.824753e-02
      vertex -8.980536e-03 6.070085e-03 -2.753977e-02
    endloop
  endfacet
  facet normal 5.815671e-03 9.999831e-01 -8.316780e-05
    outer loop
      vertex -6.315231e-03 6.000259e-03 -3.317406e-02
      vertex -5.559088e-03 5.995876e-03 -3.300008e-02
      vertex -5.605043e-03 5.996019e-03 -3.449362e-02
    endloop
  endfacet
  facet normal 1.303132e-03 9.999922e-01 -3.720570e-03
    outer loop
      vertex -5.490093e-03 5.999796e-03 -2.675735e-02
      vertex -6.032253e-03 5.995493e-03 -2.810377e-02
      vertex -6.853024e-03 6.000565e-03 -2.702812e-02
    endloop
  endfacet
  facet normal 1.343811e-02 9.999073e-01 2.209616e-03
    outer loop
      vertex -7.165147e-03 6.012508e-03 -3.085801e-02
      vertex -6.777089e-03 6.003257e-03 -2.903146e-02
      vertex -6.181693e-03 5.998770e-03 -3.062196e-02
    endloop
  endfacet
  facet normal 1.689989e-02 9.998564e-01 1.257397e-03
    outer loop
      vertex -6.828750e-03 5.998375e-03 -2.561359e-02
      vertex -6.853024e-03 6.000565e-03 -2.702812e-02
      vertex -7.511134e-03 6.010018e-03 -2.570031e-02
    endloop
  endfacet
  facet normal 7.095852e-03 9.999748e-01 -1.647806e-04
    outer loop
      vertex -5.693949e-03 5.995530e-03 -2.928117e-02
      vertex -6.181693e-03 5.998770e-03 -3.062196e-02
      vertex -6.777089e-03 6.003257e-03 -2.903146e-02
    endloop
  endfacet
endsolid Tibial Insert_simpl05_lat_contact 
