t,Results.Contact.F_lateral_calculated,Results.Contact.F_medial_calculated,Results.Contact.F_sum_calculated,Results.Contact.F_lateral_measured,Results.Contact.F_medial_measured,Results.Contact.F_sum_measured
 2.083333333333334e+000, 0.000000000000000e+000, 8.880931249989568e+001, 8.880931249989568e+001, 1.663569629544776e+002, 2.260344418951081e+002, 3.923914048495857e+002
 2.091666666666667e+000, 0.000000000000000e+000, 1.519130976286392e+002, 1.519130976286392e+002, 1.845381293779573e+002, 2.587319269254314e+002, 4.432700563033887e+002
 2.100000000000000e+000, 0.000000000000000e+000, 2.295021845289500e+002, 2.295021845289500e+002, 2.050004575155325e+002, 2.878213737540248e+002, 4.928218312695574e+002
