t,Results.Contact.F_lateral_calculated,Results.Contact.F_medial_calculated,Results.Contact.F_sum_calculated,Results.Contact.F_lateral_measured,Results.Contact.F_medial_measured,Results.Contact.F_sum_measured
 5.978333333333333e+000, 4.091588280533404e+002, 4.132780810993384e+002, 8.224369091526787e+002, 9.761814027089541e+001, 7.912739762036689e+001, 1.767455378912623e+002
 5.986506666666666e+000, 3.740063057573180e+002, 3.867100354829282e+002, 7.607163412402463e+002, 9.416290682866844e+001, 7.850358729270604e+001, 1.726664941213745e+002
 5.994679999999999e+000, 3.659259908728087e+002, 3.817789558894019e+002, 7.477049467622105e+002, 9.491210211930661e+001, 7.911599914742780e+001, 1.740281012667344e+002
 6.002853333333333e+000, 3.525656110860703e+002, 3.733574838520099e+002, 7.259230949380801e+002, 9.827682558602348e+001, 8.074937543544564e+001, 1.790262010214691e+002
 6.011026666666666e+000, 3.488719742302323e+002, 3.682318045896773e+002, 7.171037788199096e+002, 1.009580715278354e+002, 8.167827795441063e+001, 1.826363494822460e+002
 6.019200000000000e+000, 3.452266543701422e+002, 3.618989503281094e+002, 7.071256046982516e+002, 1.019907132763029e+002, 8.097157095462016e+001, 1.829622842309231e+002
 6.027373333333332e+000, 3.403561944873987e+002, 3.534161349532312e+002, 6.937723294406299e+002, 1.021495613194000e+002, 8.143457000286723e+001, 1.835841313222672e+002
